<?xml version="1.0" encoding="UTF-8"?>
<gpx version="1.1" creator="GPS Track Editor" xmlns="http://www.topografix.com/GPX/1/1" xmlns:xsi="http://www.w3.org/2001/XMLSchema-instance" xmlns:gte="http://www.gpstrackeditor.com/xmlschemas/General/1" xmlns:gpxtpx="http://www.garmin.com/xmlschemas/TrackPointExtension/v1" xmlns:gpxx="http://www.garmin.com/xmlschemas/GpxExtensions/v3" targetNamespace="http://www.topografix.com/GPX/1/1" elementFormDefault="qualified" xsi:schemaLocation="http://www.topografix.com/GPX/1/1 http://www.topografix.com/GPX/1/1/gpx.xsd">
<metadata>
	<name>GPS_2020-01-20_042245</name>
</metadata>
<trk>
	<name>083-강진군 강진읍 목리 구목리교 서쪽~강진군 도암면 향촌리 도암농협 앞</name>
	<trkseg>
		<trkpt lat="34.633609" lon="126.781738">
			<ele>0.00</ele>
			<time>2020-01-20T04:22:45.69Z</time>
		</trkpt>
		<trkpt lat="34.633365" lon="126.781629">
			<ele>0.00</ele>
			<time>2020-01-20T04:22:47.42Z</time>
		</trkpt>
		<trkpt lat="34.633057" lon="126.781478">
			<ele>0.00</ele>
			<time>2020-01-20T04:22:49.63Z</time>
		</trkpt>
		<trkpt lat="34.632766" lon="126.781306">
			<ele>0.00</ele>
			<time>2020-01-20T04:22:51.79Z</time>
		</trkpt>
		<trkpt lat="34.632384" lon="126.781077">
			<ele>0.00</ele>
			<time>2020-01-20T04:22:54.63Z</time>
		</trkpt>
		<trkpt lat="34.631958" lon="126.780870">
			<ele>0.00</ele>
			<time>2020-01-20T04:22:57.69Z</time>
		</trkpt>
		<trkpt lat="34.631559" lon="126.780642">
			<ele>0.00</ele>
			<time>2020-01-20T04:23:00.63Z</time>
		</trkpt>
		<trkpt lat="34.631282" lon="126.780470">
			<ele>0.00</ele>
			<time>2020-01-20T04:23:02.70Z</time>
		</trkpt>
		<trkpt lat="34.631021" lon="126.780346">
			<ele>0.00</ele>
			<time>2020-01-20T04:23:04.57Z</time>
		</trkpt>
		<trkpt lat="34.630533" lon="126.780192">
			<ele>0.00</ele>
			<time>2020-01-20T04:23:07.93Z</time>
		</trkpt>
		<trkpt lat="34.630131" lon="126.780102">
			<ele>0.00</ele>
			<time>2020-01-20T04:23:10.66Z</time>
		</trkpt>
		<trkpt lat="34.629339" lon="126.780105">
			<ele>0.00</ele>
			<time>2020-01-20T04:23:15.94Z</time>
		</trkpt>
		<trkpt lat="34.628788" lon="126.780118">
			<ele>0.00</ele>
			<time>2020-01-20T04:23:19.61Z</time>
		</trkpt>
		<trkpt lat="34.628036" lon="126.780118">
			<ele>0.00</ele>
			<time>2020-01-20T04:23:24.62Z</time>
		</trkpt>
		<trkpt lat="34.627353" lon="126.780104">
			<ele>0.00</ele>
			<time>2020-01-20T04:23:29.18Z</time>
		</trkpt>
		<trkpt lat="34.626578" lon="126.779970">
			<ele>0.00</ele>
			<time>2020-01-20T04:23:34.40Z</time>
		</trkpt>
		<trkpt lat="34.626473" lon="126.779890">
			<ele>0.00</ele>
			<time>2020-01-20T04:23:35.22Z</time>
		</trkpt>
		<trkpt lat="34.626043" lon="126.779842">
			<ele>0.00</ele>
			<time>2020-01-20T04:23:38.10Z</time>
		</trkpt>
		<trkpt lat="34.625822" lon="126.779791">
			<ele>0.00</ele>
			<time>2020-01-20T04:23:39.60Z</time>
		</trkpt>
		<trkpt lat="34.625470" lon="126.779684">
			<ele>0.00</ele>
			<time>2020-01-20T04:23:42.02Z</time>
		</trkpt>
		<trkpt lat="34.625305" lon="126.779653">
			<ele>0.00</ele>
			<time>2020-01-20T04:23:43.13Z</time>
		</trkpt>
		<trkpt lat="34.624885" lon="126.779603">
			<ele>0.00</ele>
			<time>2020-01-20T04:23:45.95Z</time>
		</trkpt>
		<trkpt lat="34.624742" lon="126.779679">
			<ele>0.00</ele>
			<time>2020-01-20T04:23:46.99Z</time>
		</trkpt>
		<trkpt lat="34.624596" lon="126.779755">
			<ele>0.00</ele>
			<time>2020-01-20T04:23:48.04Z</time>
		</trkpt>
		<trkpt lat="34.624593" lon="126.779751">
			<ele>0.00</ele>
			<time>2020-01-20T04:23:48.10Z</time>
		</trkpt>
		<trkpt lat="34.624475" lon="126.779705">
			<ele>0.00</ele>
			<time>2020-01-20T04:23:48.94Z</time>
		</trkpt>
		<trkpt lat="34.624353" lon="126.779661">
			<ele>0.00</ele>
			<time>2020-01-20T04:23:49.78Z</time>
		</trkpt>
		<trkpt lat="34.624220" lon="126.779647">
			<ele>0.00</ele>
			<time>2020-01-20T04:23:50.67Z</time>
		</trkpt>
		<trkpt lat="34.624106" lon="126.779654">
			<ele>0.00</ele>
			<time>2020-01-20T04:23:51.43Z</time>
		</trkpt>
		<trkpt lat="34.624004" lon="126.779684">
			<ele>0.00</ele>
			<time>2020-01-20T04:23:52.13Z</time>
		</trkpt>
		<trkpt lat="34.623926" lon="126.779644">
			<ele>0.00</ele>
			<time>2020-01-20T04:23:52.70Z</time>
		</trkpt>
		<trkpt lat="34.623804" lon="126.779530">
			<ele>0.00</ele>
			<time>2020-01-20T04:23:53.72Z</time>
		</trkpt>
		<trkpt lat="34.623672" lon="126.779413">
			<ele>0.00</ele>
			<time>2020-01-20T04:23:54.81Z</time>
		</trkpt>
		<trkpt lat="34.623540" lon="126.779363">
			<ele>0.00</ele>
			<time>2020-01-20T04:23:55.73Z</time>
		</trkpt>
		<trkpt lat="34.623380" lon="126.779350">
			<ele>0.00</ele>
			<time>2020-01-20T04:23:56.80Z</time>
		</trkpt>
		<trkpt lat="34.623265" lon="126.779339">
			<ele>0.00</ele>
			<time>2020-01-20T04:23:57.57Z</time>
		</trkpt>
		<trkpt lat="34.623091" lon="126.779312">
			<ele>0.00</ele>
			<time>2020-01-20T04:23:58.74Z</time>
		</trkpt>
		<trkpt lat="34.622994" lon="126.779221">
			<ele>0.00</ele>
			<time>2020-01-20T04:23:59.55Z</time>
		</trkpt>
		<trkpt lat="34.622875" lon="126.779080">
			<ele>0.00</ele>
			<time>2020-01-20T04:24:00.66Z</time>
		</trkpt>
		<trkpt lat="34.622801" lon="126.778946">
			<ele>0.00</ele>
			<time>2020-01-20T04:24:01.55Z</time>
		</trkpt>
		<trkpt lat="34.622707" lon="126.778868">
			<ele>0.00</ele>
			<time>2020-01-20T04:24:02.31Z</time>
		</trkpt>
		<trkpt lat="34.622564" lon="126.778759">
			<ele>0.00</ele>
			<time>2020-01-20T04:24:03.43Z</time>
		</trkpt>
		<trkpt lat="34.622415" lon="126.778643">
			<ele>0.00</ele>
			<time>2020-01-20T04:24:04.62Z</time>
		</trkpt>
		<trkpt lat="34.622330" lon="126.778588">
			<ele>0.00</ele>
			<time>2020-01-20T04:24:05.25Z</time>
		</trkpt>
		<trkpt lat="34.622302" lon="126.778714">
			<ele>0.00</ele>
			<time>2020-01-20T04:24:05.97Z</time>
		</trkpt>
		<trkpt lat="34.622218" lon="126.778885">
			<ele>0.00</ele>
			<time>2020-01-20T04:24:07.06Z</time>
		</trkpt>
		<trkpt lat="34.622142" lon="126.778899">
			<ele>0.00</ele>
			<time>2020-01-20T04:24:07.57Z</time>
		</trkpt>
		<trkpt lat="34.622024" lon="126.778882">
			<ele>0.00</ele>
			<time>2020-01-20T04:24:08.37Z</time>
		</trkpt>
		<trkpt lat="34.621928" lon="126.778803">
			<ele>0.00</ele>
			<time>2020-01-20T04:24:09.14Z</time>
		</trkpt>
		<trkpt lat="34.621863" lon="126.778626">
			<ele>0.00</ele>
			<time>2020-01-20T04:24:10.20Z</time>
		</trkpt>
		<trkpt lat="34.621801" lon="126.778408">
			<ele>0.00</ele>
			<time>2020-01-20T04:24:11.47Z</time>
		</trkpt>
		<trkpt lat="34.621708" lon="126.778251">
			<ele>0.00</ele>
			<time>2020-01-20T04:24:12.53Z</time>
		</trkpt>
		<trkpt lat="34.621599" lon="126.778122">
			<ele>0.00</ele>
			<time>2020-01-20T04:24:13.54Z</time>
		</trkpt>
		<trkpt lat="34.621543" lon="126.778044">
			<ele>0.00</ele>
			<time>2020-01-20T04:24:14.11Z</time>
		</trkpt>
		<trkpt lat="34.621544" lon="126.778014">
			<ele>0.00</ele>
			<time>2020-01-20T04:24:14.28Z</time>
		</trkpt>
		<trkpt lat="34.621538" lon="126.777927">
			<ele>0.00</ele>
			<time>2020-01-20T04:24:14.76Z</time>
		</trkpt>
		<trkpt lat="34.621479" lon="126.777763">
			<ele>0.00</ele>
			<time>2020-01-20T04:24:15.74Z</time>
		</trkpt>
		<trkpt lat="34.621431" lon="126.777635">
			<ele>0.00</ele>
			<time>2020-01-20T04:24:16.51Z</time>
		</trkpt>
		<trkpt lat="34.621351" lon="126.777349">
			<ele>0.00</ele>
			<time>2020-01-20T04:24:18.17Z</time>
		</trkpt>
		<trkpt lat="34.621257" lon="126.777137">
			<ele>0.00</ele>
			<time>2020-01-20T04:24:19.49Z</time>
		</trkpt>
		<trkpt lat="34.621069" lon="126.776880">
			<ele>0.00</ele>
			<time>2020-01-20T04:24:21.37Z</time>
		</trkpt>
		<trkpt lat="34.620896" lon="126.776710">
			<ele>0.00</ele>
			<time>2020-01-20T04:24:22.86Z</time>
		</trkpt>
		<trkpt lat="34.620715" lon="126.776574">
			<ele>0.00</ele>
			<time>2020-01-20T04:24:24.28Z</time>
		</trkpt>
		<trkpt lat="34.620535" lon="126.776499">
			<ele>0.00</ele>
			<time>2020-01-20T04:24:25.55Z</time>
		</trkpt>
		<trkpt lat="34.620409" lon="126.776482">
			<ele>0.00</ele>
			<time>2020-01-20T04:24:26.39Z</time>
		</trkpt>
		<trkpt lat="34.620321" lon="126.776490">
			<ele>0.00</ele>
			<time>2020-01-20T04:24:26.98Z</time>
		</trkpt>
		<trkpt lat="34.620316" lon="126.776417">
			<ele>0.00</ele>
			<time>2020-01-20T04:24:27.38Z</time>
		</trkpt>
		<trkpt lat="34.620204" lon="126.776421">
			<ele>0.00</ele>
			<time>2020-01-20T04:24:28.13Z</time>
		</trkpt>
		<trkpt lat="34.620179" lon="126.776372">
			<ele>0.00</ele>
			<time>2020-01-20T04:24:28.45Z</time>
		</trkpt>
		<trkpt lat="34.620093" lon="126.775992">
			<ele>0.00</ele>
			<time>2020-01-20T04:24:30.61Z</time>
		</trkpt>
		<trkpt lat="34.620059" lon="126.775904">
			<ele>0.00</ele>
			<time>2020-01-20T04:24:31.14Z</time>
		</trkpt>
		<trkpt lat="34.620017" lon="126.775862">
			<ele>0.00</ele>
			<time>2020-01-20T04:24:31.50Z</time>
		</trkpt>
		<trkpt lat="34.619941" lon="126.775855">
			<ele>0.00</ele>
			<time>2020-01-20T04:24:32.02Z</time>
		</trkpt>
		<trkpt lat="34.619852" lon="126.775855">
			<ele>0.00</ele>
			<time>2020-01-20T04:24:32.61Z</time>
		</trkpt>
		<trkpt lat="34.619819" lon="126.775844">
			<ele>0.00</ele>
			<time>2020-01-20T04:24:32.84Z</time>
		</trkpt>
		<trkpt lat="34.619711" lon="126.775731">
			<ele>0.00</ele>
			<time>2020-01-20T04:24:33.79Z</time>
		</trkpt>
		<trkpt lat="34.619640" lon="126.775657">
			<ele>0.00</ele>
			<time>2020-01-20T04:24:34.41Z</time>
		</trkpt>
		<trkpt lat="34.619558" lon="126.775604">
			<ele>0.00</ele>
			<time>2020-01-20T04:24:35.03Z</time>
		</trkpt>
		<trkpt lat="34.619445" lon="126.775531">
			<ele>0.00</ele>
			<time>2020-01-20T04:24:35.88Z</time>
		</trkpt>
		<trkpt lat="34.619355" lon="126.775485">
			<ele>0.00</ele>
			<time>2020-01-20T04:24:36.53Z</time>
		</trkpt>
		<trkpt lat="34.619211" lon="126.775336">
			<ele>0.00</ele>
			<time>2020-01-20T04:24:37.79Z</time>
		</trkpt>
		<trkpt lat="34.619138" lon="126.775250">
			<ele>0.00</ele>
			<time>2020-01-20T04:24:38.47Z</time>
		</trkpt>
		<trkpt lat="34.619076" lon="126.775099">
			<ele>0.00</ele>
			<time>2020-01-20T04:24:39.39Z</time>
		</trkpt>
		<trkpt lat="34.619036" lon="126.774921">
			<ele>0.00</ele>
			<time>2020-01-20T04:24:40.40Z</time>
		</trkpt>
		<trkpt lat="34.619012" lon="126.774864">
			<ele>0.00</ele>
			<time>2020-01-20T04:24:40.76Z</time>
		</trkpt>
		<trkpt lat="34.618950" lon="126.774766">
			<ele>0.00</ele>
			<time>2020-01-20T04:24:41.44Z</time>
		</trkpt>
		<trkpt lat="34.618805" lon="126.774589">
			<ele>0.00</ele>
			<time>2020-01-20T04:24:42.80Z</time>
		</trkpt>
		<trkpt lat="34.618739" lon="126.774525">
			<ele>0.00</ele>
			<time>2020-01-20T04:24:43.37Z</time>
		</trkpt>
		<trkpt lat="34.618571" lon="126.774457">
			<ele>0.00</ele>
			<time>2020-01-20T04:24:44.55Z</time>
		</trkpt>
		<trkpt lat="34.618478" lon="126.774426">
			<ele>0.00</ele>
			<time>2020-01-20T04:24:45.20Z</time>
		</trkpt>
		<trkpt lat="34.618298" lon="126.774392">
			<ele>0.00</ele>
			<time>2020-01-20T04:24:46.40Z</time>
		</trkpt>
		<trkpt lat="34.618134" lon="126.774335">
			<ele>0.00</ele>
			<time>2020-01-20T04:24:47.55Z</time>
		</trkpt>
		<trkpt lat="34.618009" lon="126.774221">
			<ele>0.00</ele>
			<time>2020-01-20T04:24:48.58Z</time>
		</trkpt>
		<trkpt lat="34.617956" lon="126.774119">
			<ele>0.00</ele>
			<time>2020-01-20T04:24:49.25Z</time>
		</trkpt>
		<trkpt lat="34.617929" lon="126.774052">
			<ele>0.00</ele>
			<time>2020-01-20T04:24:49.66Z</time>
		</trkpt>
		<trkpt lat="34.617962" lon="126.773879">
			<ele>0.00</ele>
			<time>2020-01-20T04:24:50.63Z</time>
		</trkpt>
		<trkpt lat="34.617971" lon="126.773683">
			<ele>0.00</ele>
			<time>2020-01-20T04:24:51.71Z</time>
		</trkpt>
		<trkpt lat="34.618000" lon="126.773392">
			<ele>0.00</ele>
			<time>2020-01-20T04:24:53.32Z</time>
		</trkpt>
		<trkpt lat="34.618044" lon="126.773042">
			<ele>0.00</ele>
			<time>2020-01-20T04:24:55.26Z</time>
		</trkpt>
		<trkpt lat="34.617980" lon="126.772973">
			<ele>0.00</ele>
			<time>2020-01-20T04:24:55.83Z</time>
		</trkpt>
		<trkpt lat="34.617827" lon="126.772805">
			<ele>0.00</ele>
			<time>2020-01-20T04:24:57.21Z</time>
		</trkpt>
		<trkpt lat="34.617750" lon="126.772741">
			<ele>0.00</ele>
			<time>2020-01-20T04:24:57.83Z</time>
		</trkpt>
		<trkpt lat="34.617718" lon="126.772636">
			<ele>0.00</ele>
			<time>2020-01-20T04:24:58.44Z</time>
		</trkpt>
		<trkpt lat="34.617720" lon="126.772530">
			<ele>0.00</ele>
			<time>2020-01-20T04:24:59.03Z</time>
		</trkpt>
		<trkpt lat="34.617720" lon="126.772508">
			<ele>0.00</ele>
			<time>2020-01-20T04:24:59.15Z</time>
		</trkpt>
		<trkpt lat="34.617660" lon="126.772516">
			<ele>0.00</ele>
			<time>2020-01-20T04:24:59.55Z</time>
		</trkpt>
		<trkpt lat="34.617596" lon="126.772402">
			<ele>0.00</ele>
			<time>2020-01-20T04:25:00.30Z</time>
		</trkpt>
		<trkpt lat="34.617533" lon="126.772242">
			<ele>0.00</ele>
			<time>2020-01-20T04:25:01.28Z</time>
		</trkpt>
		<trkpt lat="34.617502" lon="126.772147">
			<ele>0.00</ele>
			<time>2020-01-20T04:25:01.84Z</time>
		</trkpt>
		<trkpt lat="34.617676" lon="126.771747">
			<ele>0.00</ele>
			<time>2020-01-20T04:25:04.32Z</time>
		</trkpt>
		<trkpt lat="34.617791" lon="126.771593">
			<ele>0.00</ele>
			<time>2020-01-20T04:25:05.46Z</time>
		</trkpt>
		<trkpt lat="34.617945" lon="126.771367">
			<ele>0.00</ele>
			<time>2020-01-20T04:25:07.07Z</time>
		</trkpt>
		<trkpt lat="34.617883" lon="126.771117">
			<ele>0.00</ele>
			<time>2020-01-20T04:25:08.50Z</time>
		</trkpt>
		<trkpt lat="34.617858" lon="126.770870">
			<ele>0.00</ele>
			<time>2020-01-20T04:25:09.87Z</time>
		</trkpt>
		<trkpt lat="34.617780" lon="126.770616">
			<ele>0.00</ele>
			<time>2020-01-20T04:25:11.36Z</time>
		</trkpt>
		<trkpt lat="34.617749" lon="126.770552">
			<ele>0.00</ele>
			<time>2020-01-20T04:25:11.76Z</time>
		</trkpt>
		<trkpt lat="34.617729" lon="126.770452">
			<ele>0.00</ele>
			<time>2020-01-20T04:25:12.33Z</time>
		</trkpt>
		<trkpt lat="34.617716" lon="126.770344">
			<ele>0.00</ele>
			<time>2020-01-20T04:25:12.93Z</time>
		</trkpt>
		<trkpt lat="34.617791" lon="126.770156">
			<ele>0.00</ele>
			<time>2020-01-20T04:25:14.07Z</time>
		</trkpt>
		<trkpt lat="34.617944" lon="126.769801">
			<ele>0.00</ele>
			<time>2020-01-20T04:25:16.27Z</time>
		</trkpt>
		<trkpt lat="34.618035" lon="126.769643">
			<ele>0.00</ele>
			<time>2020-01-20T04:25:17.33Z</time>
		</trkpt>
		<trkpt lat="34.618091" lon="126.769496">
			<ele>0.00</ele>
			<time>2020-01-20T04:25:18.21Z</time>
		</trkpt>
		<trkpt lat="34.618154" lon="126.769306">
			<ele>0.00</ele>
			<time>2020-01-20T04:25:19.34Z</time>
		</trkpt>
		<trkpt lat="34.618197" lon="126.769163">
			<ele>0.00</ele>
			<time>2020-01-20T04:25:20.17Z</time>
		</trkpt>
		<trkpt lat="34.618378" lon="126.768951">
			<ele>0.00</ele>
			<time>2020-01-20T04:25:21.85Z</time>
		</trkpt>
		<trkpt lat="34.618495" lon="126.768747">
			<ele>0.00</ele>
			<time>2020-01-20T04:25:23.22Z</time>
		</trkpt>
		<trkpt lat="34.618587" lon="126.768602">
			<ele>0.00</ele>
			<time>2020-01-20T04:25:24.22Z</time>
		</trkpt>
		<trkpt lat="34.618749" lon="126.768237">
			<ele>0.00</ele>
			<time>2020-01-20T04:25:26.49Z</time>
		</trkpt>
		<trkpt lat="34.618880" lon="126.767932">
			<ele>0.00</ele>
			<time>2020-01-20T04:25:28.39Z</time>
		</trkpt>
		<trkpt lat="34.619015" lon="126.767669">
			<ele>0.00</ele>
			<time>2020-01-20T04:25:30.08Z</time>
		</trkpt>
		<trkpt lat="34.619217" lon="126.767337">
			<ele>0.00</ele>
			<time>2020-01-20T04:25:32.35Z</time>
		</trkpt>
		<trkpt lat="34.619433" lon="126.767031">
			<ele>0.00</ele>
			<time>2020-01-20T04:25:34.56Z</time>
		</trkpt>
		<trkpt lat="34.619656" lon="126.766722">
			<ele>0.00</ele>
			<time>2020-01-20T04:25:36.81Z</time>
		</trkpt>
		<trkpt lat="34.619783" lon="126.766553">
			<ele>0.00</ele>
			<time>2020-01-20T04:25:38.07Z</time>
		</trkpt>
		<trkpt lat="34.619910" lon="126.766329">
			<ele>0.00</ele>
			<time>2020-01-20T04:25:39.56Z</time>
		</trkpt>
		<trkpt lat="34.619930" lon="126.766155">
			<ele>0.00</ele>
			<time>2020-01-20T04:25:40.53Z</time>
		</trkpt>
		<trkpt lat="34.619942" lon="126.766033">
			<ele>0.00</ele>
			<time>2020-01-20T04:25:41.20Z</time>
		</trkpt>
		<trkpt lat="34.619794" lon="126.766224">
			<ele>0.00</ele>
			<time>2020-01-20T04:25:42.64Z</time>
		</trkpt>
		<trkpt lat="34.619646" lon="126.766398">
			<ele>0.00</ele>
			<time>2020-01-20T04:25:44.01Z</time>
		</trkpt>
		<trkpt lat="34.619428" lon="126.766667">
			<ele>0.00</ele>
			<time>2020-01-20T04:25:46.08Z</time>
		</trkpt>
		<trkpt lat="34.619242" lon="126.766896">
			<ele>0.00</ele>
			<time>2020-01-20T04:25:47.85Z</time>
		</trkpt>
		<trkpt lat="34.619068" lon="126.767109">
			<ele>0.00</ele>
			<time>2020-01-20T04:25:49.49Z</time>
		</trkpt>
		<trkpt lat="34.618873" lon="126.767345">
			<ele>0.00</ele>
			<time>2020-01-20T04:25:51.33Z</time>
		</trkpt>
		<trkpt lat="34.618724" lon="126.767521">
			<ele>0.00</ele>
			<time>2020-01-20T04:25:52.71Z</time>
		</trkpt>
		<trkpt lat="34.618579" lon="126.767714">
			<ele>0.00</ele>
			<time>2020-01-20T04:25:54.14Z</time>
		</trkpt>
		<trkpt lat="34.618416" lon="126.767918">
			<ele>0.00</ele>
			<time>2020-01-20T04:25:55.71Z</time>
		</trkpt>
		<trkpt lat="34.618269" lon="126.768079">
			<ele>0.00</ele>
			<time>2020-01-20T04:25:57.03Z</time>
		</trkpt>
		<trkpt lat="34.618075" lon="126.768299">
			<ele>0.00</ele>
			<time>2020-01-20T04:25:58.79Z</time>
		</trkpt>
		<trkpt lat="34.617924" lon="126.768479">
			<ele>0.00</ele>
			<time>2020-01-20T04:26:00.20Z</time>
		</trkpt>
		<trkpt lat="34.617749" lon="126.768701">
			<ele>0.00</ele>
			<time>2020-01-20T04:26:01.89Z</time>
		</trkpt>
		<trkpt lat="34.617531" lon="126.768958">
			<ele>0.00</ele>
			<time>2020-01-20T04:26:03.92Z</time>
		</trkpt>
		<trkpt lat="34.617345" lon="126.769175">
			<ele>0.00</ele>
			<time>2020-01-20T04:26:05.63Z</time>
		</trkpt>
		<trkpt lat="34.617218" lon="126.769312">
			<ele>0.00</ele>
			<time>2020-01-20T04:26:06.77Z</time>
		</trkpt>
		<trkpt lat="34.617118" lon="126.769418">
			<ele>0.00</ele>
			<time>2020-01-20T04:26:07.65Z</time>
		</trkpt>
		<trkpt lat="34.616994" lon="126.769514">
			<ele>0.00</ele>
			<time>2020-01-20T04:26:08.63Z</time>
		</trkpt>
		<trkpt lat="34.616809" lon="126.769636">
			<ele>0.00</ele>
			<time>2020-01-20T04:26:10.04Z</time>
		</trkpt>
		<trkpt lat="34.616622" lon="126.769738">
			<ele>0.00</ele>
			<time>2020-01-20T04:26:11.40Z</time>
		</trkpt>
		<trkpt lat="34.616423" lon="126.769810">
			<ele>0.00</ele>
			<time>2020-01-20T04:26:12.79Z</time>
		</trkpt>
		<trkpt lat="34.616236" lon="126.769872">
			<ele>0.00</ele>
			<time>2020-01-20T04:26:14.08Z</time>
		</trkpt>
		<trkpt lat="34.616075" lon="126.769914">
			<ele>0.00</ele>
			<time>2020-01-20T04:26:15.18Z</time>
		</trkpt>
		<trkpt lat="34.615800" lon="126.769961">
			<ele>0.00</ele>
			<time>2020-01-20T04:26:17.03Z</time>
		</trkpt>
		<trkpt lat="34.615601" lon="126.769995">
			<ele>0.00</ele>
			<time>2020-01-20T04:26:18.37Z</time>
		</trkpt>
		<trkpt lat="34.615326" lon="126.770035">
			<ele>0.00</ele>
			<time>2020-01-20T04:26:20.21Z</time>
		</trkpt>
		<trkpt lat="34.615088" lon="126.770069">
			<ele>0.00</ele>
			<time>2020-01-20T04:26:21.81Z</time>
		</trkpt>
		<trkpt lat="34.614815" lon="126.770101">
			<ele>0.00</ele>
			<time>2020-01-20T04:26:23.64Z</time>
		</trkpt>
		<trkpt lat="34.614621" lon="126.770107">
			<ele>0.00</ele>
			<time>2020-01-20T04:26:24.93Z</time>
		</trkpt>
		<trkpt lat="34.614377" lon="126.770139">
			<ele>0.00</ele>
			<time>2020-01-20T04:26:26.57Z</time>
		</trkpt>
		<trkpt lat="34.614045" lon="126.770166">
			<ele>0.00</ele>
			<time>2020-01-20T04:26:28.79Z</time>
		</trkpt>
		<trkpt lat="34.613705" lon="126.770189">
			<ele>0.00</ele>
			<time>2020-01-20T04:26:31.06Z</time>
		</trkpt>
		<trkpt lat="34.613398" lon="126.770230">
			<ele>0.00</ele>
			<time>2020-01-20T04:26:33.12Z</time>
		</trkpt>
		<trkpt lat="34.613172" lon="126.770255">
			<ele>0.00</ele>
			<time>2020-01-20T04:26:34.63Z</time>
		</trkpt>
		<trkpt lat="34.612815" lon="126.770280">
			<ele>0.00</ele>
			<time>2020-01-20T04:26:37.02Z</time>
		</trkpt>
		<trkpt lat="34.612420" lon="126.770327">
			<ele>0.00</ele>
			<time>2020-01-20T04:26:39.66Z</time>
		</trkpt>
		<trkpt lat="34.611979" lon="126.770369">
			<ele>0.00</ele>
			<time>2020-01-20T04:26:42.61Z</time>
		</trkpt>
		<trkpt lat="34.611740" lon="126.770399">
			<ele>0.00</ele>
			<time>2020-01-20T04:26:44.21Z</time>
		</trkpt>
		<trkpt lat="34.611493" lon="126.770435">
			<ele>0.00</ele>
			<time>2020-01-20T04:26:45.87Z</time>
		</trkpt>
		<trkpt lat="34.611280" lon="126.770463">
			<ele>0.00</ele>
			<time>2020-01-20T04:26:47.30Z</time>
		</trkpt>
		<trkpt lat="34.610787" lon="126.770507">
			<ele>0.00</ele>
			<time>2020-01-20T04:26:50.60Z</time>
		</trkpt>
		<trkpt lat="34.610540" lon="126.770537">
			<ele>0.00</ele>
			<time>2020-01-20T04:26:52.24Z</time>
		</trkpt>
		<trkpt lat="34.610351" lon="126.770558">
			<ele>0.00</ele>
			<time>2020-01-20T04:26:53.51Z</time>
		</trkpt>
		<trkpt lat="34.610117" lon="126.770583">
			<ele>0.00</ele>
			<time>2020-01-20T04:26:55.08Z</time>
		</trkpt>
		<trkpt lat="34.609880" lon="126.770607">
			<ele>0.00</ele>
			<time>2020-01-20T04:26:56.66Z</time>
		</trkpt>
		<trkpt lat="34.609614" lon="126.770634">
			<ele>0.00</ele>
			<time>2020-01-20T04:26:58.45Z</time>
		</trkpt>
		<trkpt lat="34.609360" lon="126.770670">
			<ele>0.00</ele>
			<time>2020-01-20T04:27:00.15Z</time>
		</trkpt>
		<trkpt lat="34.609121" lon="126.770685">
			<ele>0.00</ele>
			<time>2020-01-20T04:27:01.75Z</time>
		</trkpt>
		<trkpt lat="34.608659" lon="126.770738">
			<ele>0.00</ele>
			<time>2020-01-20T04:27:04.84Z</time>
		</trkpt>
		<trkpt lat="34.608309" lon="126.770782">
			<ele>0.00</ele>
			<time>2020-01-20T04:27:07.18Z</time>
		</trkpt>
		<trkpt lat="34.607967" lon="126.770835">
			<ele>0.00</ele>
			<time>2020-01-20T04:27:09.48Z</time>
		</trkpt>
		<trkpt lat="34.607626" lon="126.770880">
			<ele>0.00</ele>
			<time>2020-01-20T04:27:11.77Z</time>
		</trkpt>
		<trkpt lat="34.607424" lon="126.770907">
			<ele>0.00</ele>
			<time>2020-01-20T04:27:13.12Z</time>
		</trkpt>
		<trkpt lat="34.607117" lon="126.770909">
			<ele>0.00</ele>
			<time>2020-01-20T04:27:15.17Z</time>
		</trkpt>
		<trkpt lat="34.606837" lon="126.770939">
			<ele>0.00</ele>
			<time>2020-01-20T04:27:17.04Z</time>
		</trkpt>
		<trkpt lat="34.606591" lon="126.770966">
			<ele>0.00</ele>
			<time>2020-01-20T04:27:18.69Z</time>
		</trkpt>
		<trkpt lat="34.606471" lon="126.770985">
			<ele>0.00</ele>
			<time>2020-01-20T04:27:19.50Z</time>
		</trkpt>
		<trkpt lat="34.606325" lon="126.771012">
			<ele>0.00</ele>
			<time>2020-01-20T04:27:20.48Z</time>
		</trkpt>
		<trkpt lat="34.606066" lon="126.771036">
			<ele>0.00</ele>
			<time>2020-01-20T04:27:22.21Z</time>
		</trkpt>
		<trkpt lat="34.605761" lon="126.771091">
			<ele>0.00</ele>
			<time>2020-01-20T04:27:24.27Z</time>
		</trkpt>
		<trkpt lat="34.605382" lon="126.771131">
			<ele>0.00</ele>
			<time>2020-01-20T04:27:26.81Z</time>
		</trkpt>
		<trkpt lat="34.605134" lon="126.771148">
			<ele>0.00</ele>
			<time>2020-01-20T04:27:28.46Z</time>
		</trkpt>
		<trkpt lat="34.604788" lon="126.771190">
			<ele>0.00</ele>
			<time>2020-01-20T04:27:30.78Z</time>
		</trkpt>
		<trkpt lat="34.604463" lon="126.771228">
			<ele>0.00</ele>
			<time>2020-01-20T04:27:32.96Z</time>
		</trkpt>
		<trkpt lat="34.604220" lon="126.771250">
			<ele>0.00</ele>
			<time>2020-01-20T04:27:34.58Z</time>
		</trkpt>
		<trkpt lat="34.603917" lon="126.771279">
			<ele>0.00</ele>
			<time>2020-01-20T04:27:36.61Z</time>
		</trkpt>
		<trkpt lat="34.603605" lon="126.771307">
			<ele>0.00</ele>
			<time>2020-01-20T04:27:38.69Z</time>
		</trkpt>
		<trkpt lat="34.603402" lon="126.771322">
			<ele>0.00</ele>
			<time>2020-01-20T04:27:40.05Z</time>
		</trkpt>
		<trkpt lat="34.602979" lon="126.771362">
			<ele>0.00</ele>
			<time>2020-01-20T04:27:42.88Z</time>
		</trkpt>
		<trkpt lat="34.602589" lon="126.771379">
			<ele>0.00</ele>
			<time>2020-01-20T04:27:45.48Z</time>
		</trkpt>
		<trkpt lat="34.602215" lon="126.771383">
			<ele>0.00</ele>
			<time>2020-01-20T04:27:47.98Z</time>
		</trkpt>
		<trkpt lat="34.601860" lon="126.771368">
			<ele>0.00</ele>
			<time>2020-01-20T04:27:50.34Z</time>
		</trkpt>
		<trkpt lat="34.601399" lon="126.771336">
			<ele>0.00</ele>
			<time>2020-01-20T04:27:53.42Z</time>
		</trkpt>
		<trkpt lat="34.600978" lon="126.771315">
			<ele>0.00</ele>
			<time>2020-01-20T04:27:56.23Z</time>
		</trkpt>
		<trkpt lat="34.600653" lon="126.771296">
			<ele>0.00</ele>
			<time>2020-01-20T04:27:58.40Z</time>
		</trkpt>
		<trkpt lat="34.600325" lon="126.771275">
			<ele>0.00</ele>
			<time>2020-01-20T04:28:00.59Z</time>
		</trkpt>
		<trkpt lat="34.600002" lon="126.771269">
			<ele>0.00</ele>
			<time>2020-01-20T04:28:02.74Z</time>
		</trkpt>
		<trkpt lat="34.599763" lon="126.771267">
			<ele>0.00</ele>
			<time>2020-01-20T04:28:04.33Z</time>
		</trkpt>
		<trkpt lat="34.599508" lon="126.771271">
			<ele>0.00</ele>
			<time>2020-01-20T04:28:06.04Z</time>
		</trkpt>
		<trkpt lat="34.599072" lon="126.771262">
			<ele>0.00</ele>
			<time>2020-01-20T04:28:08.94Z</time>
		</trkpt>
		<trkpt lat="34.598669" lon="126.771245">
			<ele>0.00</ele>
			<time>2020-01-20T04:28:11.63Z</time>
		</trkpt>
		<trkpt lat="34.598267" lon="126.771235">
			<ele>0.00</ele>
			<time>2020-01-20T04:28:14.31Z</time>
		</trkpt>
		<trkpt lat="34.597945" lon="126.771222">
			<ele>0.00</ele>
			<time>2020-01-20T04:28:16.46Z</time>
		</trkpt>
		<trkpt lat="34.597603" lon="126.771220">
			<ele>0.00</ele>
			<time>2020-01-20T04:28:18.74Z</time>
		</trkpt>
		<trkpt lat="34.597212" lon="126.771222">
			<ele>0.00</ele>
			<time>2020-01-20T04:28:21.35Z</time>
		</trkpt>
		<trkpt lat="34.596952" lon="126.771217">
			<ele>0.00</ele>
			<time>2020-01-20T04:28:23.08Z</time>
		</trkpt>
		<trkpt lat="34.596733" lon="126.771196">
			<ele>0.00</ele>
			<time>2020-01-20T04:28:24.54Z</time>
		</trkpt>
		<trkpt lat="34.596630" lon="126.771160">
			<ele>0.00</ele>
			<time>2020-01-20T04:28:25.26Z</time>
		</trkpt>
		<trkpt lat="34.596487" lon="126.771103">
			<ele>0.00</ele>
			<time>2020-01-20T04:28:26.26Z</time>
		</trkpt>
		<trkpt lat="34.596377" lon="126.771054">
			<ele>0.00</ele>
			<time>2020-01-20T04:28:27.04Z</time>
		</trkpt>
		<trkpt lat="34.596299" lon="126.771026">
			<ele>0.00</ele>
			<time>2020-01-20T04:28:27.59Z</time>
		</trkpt>
		<trkpt lat="34.596199" lon="126.770980">
			<ele>0.00</ele>
			<time>2020-01-20T04:28:28.30Z</time>
		</trkpt>
		<trkpt lat="34.596012" lon="126.770867">
			<ele>0.00</ele>
			<time>2020-01-20T04:28:29.69Z</time>
		</trkpt>
		<trkpt lat="34.595632" lon="126.770659">
			<ele>0.00</ele>
			<time>2020-01-20T04:28:32.47Z</time>
		</trkpt>
		<trkpt lat="34.595345" lon="126.770499">
			<ele>0.00</ele>
			<time>2020-01-20T04:28:34.58Z</time>
		</trkpt>
		<trkpt lat="34.594727" lon="126.770162">
			<ele>0.00</ele>
			<time>2020-01-20T04:28:39.09Z</time>
		</trkpt>
		<trkpt lat="34.594422" lon="126.769991">
			<ele>0.00</ele>
			<time>2020-01-20T04:28:41.33Z</time>
		</trkpt>
		<trkpt lat="34.593750" lon="126.769608">
			<ele>0.00</ele>
			<time>2020-01-20T04:28:46.28Z</time>
		</trkpt>
		<trkpt lat="34.593564" lon="126.769491">
			<ele>0.00</ele>
			<time>2020-01-20T04:28:47.67Z</time>
		</trkpt>
		<trkpt lat="34.593382" lon="126.769381">
			<ele>0.00</ele>
			<time>2020-01-20T04:28:49.03Z</time>
		</trkpt>
		<trkpt lat="34.593274" lon="126.769315">
			<ele>0.00</ele>
			<time>2020-01-20T04:28:49.83Z</time>
		</trkpt>
		<trkpt lat="34.593170" lon="126.769247">
			<ele>0.00</ele>
			<time>2020-01-20T04:28:50.62Z</time>
		</trkpt>
		<trkpt lat="34.593103" lon="126.769222">
			<ele>0.00</ele>
			<time>2020-01-20T04:28:51.09Z</time>
		</trkpt>
		<trkpt lat="34.593011" lon="126.769220">
			<ele>0.00</ele>
			<time>2020-01-20T04:28:51.70Z</time>
		</trkpt>
		<trkpt lat="34.592922" lon="126.769220">
			<ele>0.00</ele>
			<time>2020-01-20T04:28:52.29Z</time>
		</trkpt>
		<trkpt lat="34.592804" lon="126.769216">
			<ele>0.00</ele>
			<time>2020-01-20T04:28:53.08Z</time>
		</trkpt>
		<trkpt lat="34.592664" lon="126.769214">
			<ele>0.00</ele>
			<time>2020-01-20T04:28:54.01Z</time>
		</trkpt>
		<trkpt lat="34.592592" lon="126.769207">
			<ele>0.00</ele>
			<time>2020-01-20T04:28:54.50Z</time>
		</trkpt>
		<trkpt lat="34.592488" lon="126.769145">
			<ele>0.00</ele>
			<time>2020-01-20T04:28:55.27Z</time>
		</trkpt>
		<trkpt lat="34.592420" lon="126.769096">
			<ele>0.00</ele>
			<time>2020-01-20T04:28:55.80Z</time>
		</trkpt>
		<trkpt lat="34.592360" lon="126.769054">
			<ele>0.00</ele>
			<time>2020-01-20T04:28:56.26Z</time>
		</trkpt>
		<trkpt lat="34.592342" lon="126.769045">
			<ele>0.00</ele>
			<time>2020-01-20T04:28:56.39Z</time>
		</trkpt>
		<trkpt lat="34.592334" lon="126.769043">
			<ele>0.00</ele>
			<time>2020-01-20T04:28:56.45Z</time>
		</trkpt>
		<trkpt lat="34.592314" lon="126.769088">
			<ele>0.00</ele>
			<time>2020-01-20T04:28:56.73Z</time>
		</trkpt>
		<trkpt lat="34.592311" lon="126.769112">
			<ele>0.00</ele>
			<time>2020-01-20T04:28:56.86Z</time>
		</trkpt>
		<trkpt lat="34.592299" lon="126.769158">
			<ele>0.00</ele>
			<time>2020-01-20T04:28:57.13Z</time>
		</trkpt>
		<trkpt lat="34.592285" lon="126.769218">
			<ele>0.00</ele>
			<time>2020-01-20T04:28:57.48Z</time>
		</trkpt>
		<trkpt lat="34.592270" lon="126.769276">
			<ele>0.00</ele>
			<time>2020-01-20T04:28:57.81Z</time>
		</trkpt>
		<trkpt lat="34.592249" lon="126.769378">
			<ele>0.00</ele>
			<time>2020-01-20T04:28:58.38Z</time>
		</trkpt>
		<trkpt lat="34.592254" lon="126.769405">
			<ele>0.00</ele>
			<time>2020-01-20T04:28:58.54Z</time>
		</trkpt>
		<trkpt lat="34.592235" lon="126.769486">
			<ele>0.00</ele>
			<time>2020-01-20T04:28:59Z</time>
		</trkpt>
		<trkpt lat="34.592198" lon="126.769625">
			<ele>0.00</ele>
			<time>2020-01-20T04:28:59.80Z</time>
		</trkpt>
		<trkpt lat="34.592161" lon="126.769766">
			<ele>0.00</ele>
			<time>2020-01-20T04:29:00.61Z</time>
		</trkpt>
		<trkpt lat="34.592134" lon="126.769891">
			<ele>0.00</ele>
			<time>2020-01-20T04:29:01.32Z</time>
		</trkpt>
		<trkpt lat="34.592113" lon="126.769942">
			<ele>0.00</ele>
			<time>2020-01-20T04:29:01.63Z</time>
		</trkpt>
		<trkpt lat="34.592101" lon="126.770021">
			<ele>0.00</ele>
			<time>2020-01-20T04:29:02.08Z</time>
		</trkpt>
		<trkpt lat="34.592095" lon="126.770043">
			<ele>0.00</ele>
			<time>2020-01-20T04:29:02.20Z</time>
		</trkpt>
		<trkpt lat="34.592057" lon="126.770038">
			<ele>0.00</ele>
			<time>2020-01-20T04:29:02.46Z</time>
		</trkpt>
		<trkpt lat="34.592008" lon="126.770041">
			<ele>0.00</ele>
			<time>2020-01-20T04:29:02.79Z</time>
		</trkpt>
		<trkpt lat="34.591968" lon="126.770021">
			<ele>0.00</ele>
			<time>2020-01-20T04:29:03.07Z</time>
		</trkpt>
		<trkpt lat="34.591954" lon="126.770001">
			<ele>0.00</ele>
			<time>2020-01-20T04:29:03.22Z</time>
		</trkpt>
		<trkpt lat="34.591944" lon="126.769967">
			<ele>0.00</ele>
			<time>2020-01-20T04:29:03.41Z</time>
		</trkpt>
		<trkpt lat="34.591930" lon="126.769927">
			<ele>0.00</ele>
			<time>2020-01-20T04:29:03.66Z</time>
		</trkpt>
		<trkpt lat="34.591905" lon="126.769901">
			<ele>0.00</ele>
			<time>2020-01-20T04:29:03.87Z</time>
		</trkpt>
		<trkpt lat="34.591857" lon="126.769901">
			<ele>0.00</ele>
			<time>2020-01-20T04:29:04.19Z</time>
		</trkpt>
		<trkpt lat="34.591794" lon="126.769938">
			<ele>0.00</ele>
			<time>2020-01-20T04:29:04.66Z</time>
		</trkpt>
		<trkpt lat="34.591722" lon="126.769966">
			<ele>0.00</ele>
			<time>2020-01-20T04:29:05.16Z</time>
		</trkpt>
		<trkpt lat="34.591635" lon="126.769963">
			<ele>0.00</ele>
			<time>2020-01-20T04:29:05.74Z</time>
		</trkpt>
		<trkpt lat="34.591557" lon="126.769940">
			<ele>0.00</ele>
			<time>2020-01-20T04:29:06.28Z</time>
		</trkpt>
		<trkpt lat="34.591500" lon="126.769917">
			<ele>0.00</ele>
			<time>2020-01-20T04:29:06.68Z</time>
		</trkpt>
		<trkpt lat="34.591456" lon="126.769866">
			<ele>0.00</ele>
			<time>2020-01-20T04:29:07.08Z</time>
		</trkpt>
		<trkpt lat="34.591439" lon="126.769799">
			<ele>0.00</ele>
			<time>2020-01-20T04:29:07.47Z</time>
		</trkpt>
		<trkpt lat="34.591433" lon="126.769769">
			<ele>0.00</ele>
			<time>2020-01-20T04:29:07.64Z</time>
		</trkpt>
		<trkpt lat="34.591325" lon="126.769728">
			<ele>0.00</ele>
			<time>2020-01-20T04:29:08.39Z</time>
		</trkpt>
		<trkpt lat="34.591174" lon="126.769654">
			<ele>0.00</ele>
			<time>2020-01-20T04:29:09.48Z</time>
		</trkpt>
		<trkpt lat="34.591005" lon="126.769587">
			<ele>0.00</ele>
			<time>2020-01-20T04:29:10.67Z</time>
		</trkpt>
		<trkpt lat="34.590885" lon="126.769538">
			<ele>0.00</ele>
			<time>2020-01-20T04:29:11.51Z</time>
		</trkpt>
		<trkpt lat="34.590811" lon="126.769502">
			<ele>0.00</ele>
			<time>2020-01-20T04:29:12.04Z</time>
		</trkpt>
		<trkpt lat="34.590781" lon="126.769497">
			<ele>0.00</ele>
			<time>2020-01-20T04:29:12.24Z</time>
		</trkpt>
		<trkpt lat="34.590781" lon="126.769497">
			<ele>0.00</ele>
			<time>2020-01-20T04:29:12.30Z</time>
		</trkpt>
		<trkpt lat="34.590714" lon="126.769624">
			<ele>0.00</ele>
			<time>2020-01-20T04:29:13.13Z</time>
		</trkpt>
		<trkpt lat="34.590663" lon="126.769825">
			<ele>0.00</ele>
			<time>2020-01-20T04:29:14.28Z</time>
		</trkpt>
		<trkpt lat="34.590600" lon="126.770074">
			<ele>0.00</ele>
			<time>2020-01-20T04:29:15.71Z</time>
		</trkpt>
		<trkpt lat="34.590566" lon="126.770226">
			<ele>0.00</ele>
			<time>2020-01-20T04:29:16.58Z</time>
		</trkpt>
		<trkpt lat="34.590528" lon="126.770254">
			<ele>0.00</ele>
			<time>2020-01-20T04:29:16.88Z</time>
		</trkpt>
		<trkpt lat="34.590431" lon="126.770221">
			<ele>0.00</ele>
			<time>2020-01-20T04:29:17.54Z</time>
		</trkpt>
		<trkpt lat="34.590298" lon="126.770143">
			<ele>0.00</ele>
			<time>2020-01-20T04:29:18.53Z</time>
		</trkpt>
		<trkpt lat="34.590148" lon="126.770068">
			<ele>0.00</ele>
			<time>2020-01-20T04:29:19.61Z</time>
		</trkpt>
		<trkpt lat="34.589954" lon="126.769989">
			<ele>0.00</ele>
			<time>2020-01-20T04:29:20.97Z</time>
		</trkpt>
		<trkpt lat="34.589882" lon="126.769955">
			<ele>0.00</ele>
			<time>2020-01-20T04:29:21.49Z</time>
		</trkpt>
		<trkpt lat="34.589779" lon="126.769952">
			<ele>0.00</ele>
			<time>2020-01-20T04:29:22.18Z</time>
		</trkpt>
		<trkpt lat="34.589687" lon="126.769948">
			<ele>0.00</ele>
			<time>2020-01-20T04:29:22.80Z</time>
		</trkpt>
		<trkpt lat="34.589590" lon="126.769941">
			<ele>0.00</ele>
			<time>2020-01-20T04:29:23.44Z</time>
		</trkpt>
		<trkpt lat="34.589480" lon="126.769874">
			<ele>0.00</ele>
			<time>2020-01-20T04:29:24.26Z</time>
		</trkpt>
		<trkpt lat="34.589383" lon="126.769823">
			<ele>0.00</ele>
			<time>2020-01-20T04:29:24.97Z</time>
		</trkpt>
		<trkpt lat="34.589286" lon="126.769776">
			<ele>0.00</ele>
			<time>2020-01-20T04:29:25.66Z</time>
		</trkpt>
		<trkpt lat="34.589195" lon="126.769728">
			<ele>0.00</ele>
			<time>2020-01-20T04:29:26.32Z</time>
		</trkpt>
		<trkpt lat="34.589140" lon="126.769698">
			<ele>0.00</ele>
			<time>2020-01-20T04:29:26.72Z</time>
		</trkpt>
		<trkpt lat="34.589085" lon="126.769676">
			<ele>0.00</ele>
			<time>2020-01-20T04:29:27.11Z</time>
		</trkpt>
		<trkpt lat="34.589025" lon="126.769656">
			<ele>0.00</ele>
			<time>2020-01-20T04:29:27.53Z</time>
		</trkpt>
		<trkpt lat="34.588972" lon="126.769492">
			<ele>0.00</ele>
			<time>2020-01-20T04:29:28.49Z</time>
		</trkpt>
		<trkpt lat="34.589007" lon="126.769462">
			<ele>0.00</ele>
			<time>2020-01-20T04:29:28.78Z</time>
		</trkpt>
		<trkpt lat="34.589047" lon="126.769402">
			<ele>0.00</ele>
			<time>2020-01-20T04:29:29.20Z</time>
		</trkpt>
		<trkpt lat="34.589098" lon="126.769251">
			<ele>0.00</ele>
			<time>2020-01-20T04:29:30.09Z</time>
		</trkpt>
		<trkpt lat="34.589179" lon="126.769059">
			<ele>0.00</ele>
			<time>2020-01-20T04:29:31.28Z</time>
		</trkpt>
		<trkpt lat="34.589225" lon="126.768931">
			<ele>0.00</ele>
			<time>2020-01-20T04:29:32.05Z</time>
		</trkpt>
		<trkpt lat="34.589227" lon="126.768779">
			<ele>0.00</ele>
			<time>2020-01-20T04:29:32.88Z</time>
		</trkpt>
		<trkpt lat="34.589209" lon="126.768606">
			<ele>0.00</ele>
			<time>2020-01-20T04:29:33.84Z</time>
		</trkpt>
		<trkpt lat="34.589151" lon="126.768481">
			<ele>0.00</ele>
			<time>2020-01-20T04:29:34.62Z</time>
		</trkpt>
		<trkpt lat="34.589025" lon="126.768290">
			<ele>0.00</ele>
			<time>2020-01-20T04:29:35.97Z</time>
		</trkpt>
		<trkpt lat="34.588929" lon="126.768164">
			<ele>0.00</ele>
			<time>2020-01-20T04:29:36.91Z</time>
		</trkpt>
		<trkpt lat="34.588750" lon="126.768052">
			<ele>0.00</ele>
			<time>2020-01-20T04:29:38.26Z</time>
		</trkpt>
		<trkpt lat="34.588634" lon="126.767980">
			<ele>0.00</ele>
			<time>2020-01-20T04:29:39.12Z</time>
		</trkpt>
		<trkpt lat="34.588536" lon="126.767931">
			<ele>0.00</ele>
			<time>2020-01-20T04:29:39.83Z</time>
		</trkpt>
		<trkpt lat="34.588479" lon="126.767884">
			<ele>0.00</ele>
			<time>2020-01-20T04:29:40.29Z</time>
		</trkpt>
		<trkpt lat="34.588400" lon="126.767798">
			<ele>0.00</ele>
			<time>2020-01-20T04:29:41Z</time>
		</trkpt>
		<trkpt lat="34.588222" lon="126.767652">
			<ele>0.00</ele>
			<time>2020-01-20T04:29:42.43Z</time>
		</trkpt>
		<trkpt lat="34.587923" lon="126.767446">
			<ele>0.00</ele>
			<time>2020-01-20T04:29:44.72Z</time>
		</trkpt>
		<trkpt lat="34.587648" lon="126.767262">
			<ele>0.00</ele>
			<time>2020-01-20T04:29:46.81Z</time>
		</trkpt>
		<trkpt lat="34.587471" lon="126.767124">
			<ele>0.00</ele>
			<time>2020-01-20T04:29:48.21Z</time>
		</trkpt>
		<trkpt lat="34.587304" lon="126.767003">
			<ele>0.00</ele>
			<time>2020-01-20T04:29:49.51Z</time>
		</trkpt>
		<trkpt lat="34.587210" lon="126.766940">
			<ele>0.00</ele>
			<time>2020-01-20T04:29:50.23Z</time>
		</trkpt>
		<trkpt lat="34.587096" lon="126.766831">
			<ele>0.00</ele>
			<time>2020-01-20T04:29:51.19Z</time>
		</trkpt>
		<trkpt lat="34.586909" lon="126.766673">
			<ele>0.00</ele>
			<time>2020-01-20T04:29:52.71Z</time>
		</trkpt>
		<trkpt lat="34.586708" lon="126.766539">
			<ele>0.00</ele>
			<time>2020-01-20T04:29:54.24Z</time>
		</trkpt>
		<trkpt lat="34.586569" lon="126.766434">
			<ele>0.00</ele>
			<time>2020-01-20T04:29:55.33Z</time>
		</trkpt>
		<trkpt lat="34.586412" lon="126.766339">
			<ele>0.00</ele>
			<time>2020-01-20T04:29:56.50Z</time>
		</trkpt>
		<trkpt lat="34.586196" lon="126.766195">
			<ele>0.00</ele>
			<time>2020-01-20T04:29:58.14Z</time>
		</trkpt>
		<trkpt lat="34.586107" lon="126.766106">
			<ele>0.00</ele>
			<time>2020-01-20T04:29:58.91Z</time>
		</trkpt>
		<trkpt lat="34.585970" lon="126.765948">
			<ele>0.00</ele>
			<time>2020-01-20T04:30:00.17Z</time>
		</trkpt>
		<trkpt lat="34.585875" lon="126.765802">
			<ele>0.00</ele>
			<time>2020-01-20T04:30:01.19Z</time>
		</trkpt>
		<trkpt lat="34.585821" lon="126.765725">
			<ele>0.00</ele>
			<time>2020-01-20T04:30:01.75Z</time>
		</trkpt>
		<trkpt lat="34.585790" lon="126.765634">
			<ele>0.00</ele>
			<time>2020-01-20T04:30:02.29Z</time>
		</trkpt>
		<trkpt lat="34.585760" lon="126.765561">
			<ele>0.00</ele>
			<time>2020-01-20T04:30:02.74Z</time>
		</trkpt>
		<trkpt lat="34.585743" lon="126.765499">
			<ele>0.00</ele>
			<time>2020-01-20T04:30:03.10Z</time>
		</trkpt>
		<trkpt lat="34.585737" lon="126.765475">
			<ele>0.00</ele>
			<time>2020-01-20T04:30:03.24Z</time>
		</trkpt>
		<trkpt lat="34.585733" lon="126.765450">
			<ele>0.00</ele>
			<time>2020-01-20T04:30:03.37Z</time>
		</trkpt>
		<trkpt lat="34.585733" lon="126.765450">
			<ele>0.00</ele>
			<time>2020-01-20T04:30:03.43Z</time>
		</trkpt>
		<trkpt lat="34.585725" lon="126.765423">
			<ele>0.00</ele>
			<time>2020-01-20T04:30:03.59Z</time>
		</trkpt>
		<trkpt lat="34.585745" lon="126.765329">
			<ele>0.00</ele>
			<time>2020-01-20T04:30:04.13Z</time>
		</trkpt>
		<trkpt lat="34.585749" lon="126.765268">
			<ele>0.00</ele>
			<time>2020-01-20T04:30:04.46Z</time>
		</trkpt>
		<trkpt lat="34.585754" lon="126.765226">
			<ele>0.00</ele>
			<time>2020-01-20T04:30:04.69Z</time>
		</trkpt>
		<trkpt lat="34.585758" lon="126.765127">
			<ele>0.00</ele>
			<time>2020-01-20T04:30:05.23Z</time>
		</trkpt>
		<trkpt lat="34.585754" lon="126.764999">
			<ele>0.00</ele>
			<time>2020-01-20T04:30:05.94Z</time>
		</trkpt>
		<trkpt lat="34.585749" lon="126.764914">
			<ele>0.00</ele>
			<time>2020-01-20T04:30:06.40Z</time>
		</trkpt>
		<trkpt lat="34.585739" lon="126.764815">
			<ele>0.00</ele>
			<time>2020-01-20T04:30:06.95Z</time>
		</trkpt>
		<trkpt lat="34.585724" lon="126.764729">
			<ele>0.00</ele>
			<time>2020-01-20T04:30:07.44Z</time>
		</trkpt>
		<trkpt lat="34.585707" lon="126.764628">
			<ele>0.00</ele>
			<time>2020-01-20T04:30:08Z</time>
		</trkpt>
		<trkpt lat="34.585688" lon="126.764555">
			<ele>0.00</ele>
			<time>2020-01-20T04:30:08.42Z</time>
		</trkpt>
		<trkpt lat="34.585640" lon="126.764379">
			<ele>0.00</ele>
			<time>2020-01-20T04:30:09.44Z</time>
		</trkpt>
		<trkpt lat="34.585605" lon="126.764248">
			<ele>0.00</ele>
			<time>2020-01-20T04:30:10.20Z</time>
		</trkpt>
		<trkpt lat="34.585567" lon="126.764124">
			<ele>0.00</ele>
			<time>2020-01-20T04:30:10.92Z</time>
		</trkpt>
		<trkpt lat="34.585547" lon="126.764051">
			<ele>0.00</ele>
			<time>2020-01-20T04:30:11.34Z</time>
		</trkpt>
		<trkpt lat="34.585496" lon="126.763875">
			<ele>0.00</ele>
			<time>2020-01-20T04:30:12.37Z</time>
		</trkpt>
		<trkpt lat="34.585430" lon="126.763693">
			<ele>0.00</ele>
			<time>2020-01-20T04:30:13.46Z</time>
		</trkpt>
		<trkpt lat="34.585399" lon="126.763617">
			<ele>0.00</ele>
			<time>2020-01-20T04:30:13.92Z</time>
		</trkpt>
		<trkpt lat="34.585341" lon="126.763525">
			<ele>0.00</ele>
			<time>2020-01-20T04:30:14.56Z</time>
		</trkpt>
		<trkpt lat="34.585299" lon="126.763467">
			<ele>0.00</ele>
			<time>2020-01-20T04:30:14.98Z</time>
		</trkpt>
		<trkpt lat="34.585237" lon="126.763411">
			<ele>0.00</ele>
			<time>2020-01-20T04:30:15.50Z</time>
		</trkpt>
		<trkpt lat="34.585169" lon="126.763371">
			<ele>0.00</ele>
			<time>2020-01-20T04:30:16.01Z</time>
		</trkpt>
		<trkpt lat="34.585043" lon="126.763300">
			<ele>0.00</ele>
			<time>2020-01-20T04:30:16.93Z</time>
		</trkpt>
		<trkpt lat="34.584941" lon="126.763246">
			<ele>0.00</ele>
			<time>2020-01-20T04:30:17.67Z</time>
		</trkpt>
		<trkpt lat="34.584759" lon="126.763157">
			<ele>0.00</ele>
			<time>2020-01-20T04:30:18.98Z</time>
		</trkpt>
		<trkpt lat="34.584508" lon="126.763009">
			<ele>0.00</ele>
			<time>2020-01-20T04:30:20.84Z</time>
		</trkpt>
		<trkpt lat="34.584281" lon="126.762890">
			<ele>0.00</ele>
			<time>2020-01-20T04:30:22.49Z</time>
		</trkpt>
		<trkpt lat="34.584182" lon="126.762846">
			<ele>0.00</ele>
			<time>2020-01-20T04:30:23.19Z</time>
		</trkpt>
		<trkpt lat="34.584144" lon="126.762821">
			<ele>0.00</ele>
			<time>2020-01-20T04:30:23.48Z</time>
		</trkpt>
		<trkpt lat="34.584109" lon="126.762790">
			<ele>0.00</ele>
			<time>2020-01-20T04:30:23.77Z</time>
		</trkpt>
		<trkpt lat="34.584150" lon="126.762683">
			<ele>0.00</ele>
			<time>2020-01-20T04:30:24.41Z</time>
		</trkpt>
		<trkpt lat="34.584150" lon="126.762685">
			<ele>0.00</ele>
			<time>2020-01-20T04:30:24.47Z</time>
		</trkpt>
		<trkpt lat="34.584217" lon="126.762541">
			<ele>0.00</ele>
			<time>2020-01-20T04:30:25.39Z</time>
		</trkpt>
		<trkpt lat="34.584236" lon="126.762470">
			<ele>0.00</ele>
			<time>2020-01-20T04:30:25.80Z</time>
		</trkpt>
		<trkpt lat="34.584236" lon="126.762413">
			<ele>0.00</ele>
			<time>2020-01-20T04:30:26.11Z</time>
		</trkpt>
		<trkpt lat="34.584230" lon="126.762371">
			<ele>0.00</ele>
			<time>2020-01-20T04:30:26.34Z</time>
		</trkpt>
		<trkpt lat="34.584196" lon="126.762321">
			<ele>0.00</ele>
			<time>2020-01-20T04:30:26.70Z</time>
		</trkpt>
		<trkpt lat="34.584121" lon="126.762250">
			<ele>0.00</ele>
			<time>2020-01-20T04:30:27.34Z</time>
		</trkpt>
		<trkpt lat="34.584068" lon="126.762208">
			<ele>0.00</ele>
			<time>2020-01-20T04:30:27.75Z</time>
		</trkpt>
		<trkpt lat="34.584007" lon="126.762169">
			<ele>0.00</ele>
			<time>2020-01-20T04:30:28.21Z</time>
		</trkpt>
		<trkpt lat="34.583972" lon="126.762109">
			<ele>0.00</ele>
			<time>2020-01-20T04:30:28.62Z</time>
		</trkpt>
		<trkpt lat="34.583924" lon="126.762020">
			<ele>0.00</ele>
			<time>2020-01-20T04:30:29.20Z</time>
		</trkpt>
		<trkpt lat="34.583898" lon="126.761921">
			<ele>0.00</ele>
			<time>2020-01-20T04:30:29.77Z</time>
		</trkpt>
		<trkpt lat="34.583872" lon="126.761718">
			<ele>0.00</ele>
			<time>2020-01-20T04:30:30.90Z</time>
		</trkpt>
		<trkpt lat="34.583866" lon="126.761615">
			<ele>0.00</ele>
			<time>2020-01-20T04:30:31.47Z</time>
		</trkpt>
		<trkpt lat="34.583862" lon="126.761453">
			<ele>0.00</ele>
			<time>2020-01-20T04:30:32.36Z</time>
		</trkpt>
		<trkpt lat="34.583817" lon="126.761324">
			<ele>0.00</ele>
			<time>2020-01-20T04:30:33.13Z</time>
		</trkpt>
		<trkpt lat="34.583743" lon="126.761207">
			<ele>0.00</ele>
			<time>2020-01-20T04:30:33.93Z</time>
		</trkpt>
		<trkpt lat="34.583709" lon="126.761094">
			<ele>0.00</ele>
			<time>2020-01-20T04:30:34.59Z</time>
		</trkpt>
		<trkpt lat="34.583719" lon="126.760949">
			<ele>0.00</ele>
			<time>2020-01-20T04:30:35.39Z</time>
		</trkpt>
		<trkpt lat="34.583713" lon="126.760821">
			<ele>0.00</ele>
			<time>2020-01-20T04:30:36.10Z</time>
		</trkpt>
		<trkpt lat="34.583641" lon="126.760682">
			<ele>0.00</ele>
			<time>2020-01-20T04:30:37Z</time>
		</trkpt>
		<trkpt lat="34.583608" lon="126.760625">
			<ele>0.00</ele>
			<time>2020-01-20T04:30:37.38Z</time>
		</trkpt>
		<trkpt lat="34.583578" lon="126.760555">
			<ele>0.00</ele>
			<time>2020-01-20T04:30:37.81Z</time>
		</trkpt>
		<trkpt lat="34.583553" lon="126.760475">
			<ele>0.00</ele>
			<time>2020-01-20T04:30:38.28Z</time>
		</trkpt>
		<trkpt lat="34.583542" lon="126.760388">
			<ele>0.00</ele>
			<time>2020-01-20T04:30:38.76Z</time>
		</trkpt>
		<trkpt lat="34.583544" lon="126.760297">
			<ele>0.00</ele>
			<time>2020-01-20T04:30:39.27Z</time>
		</trkpt>
		<trkpt lat="34.583548" lon="126.760218">
			<ele>0.00</ele>
			<time>2020-01-20T04:30:39.70Z</time>
		</trkpt>
		<trkpt lat="34.583534" lon="126.760065">
			<ele>0.00</ele>
			<time>2020-01-20T04:30:40.55Z</time>
		</trkpt>
		<trkpt lat="34.583517" lon="126.759846">
			<ele>0.00</ele>
			<time>2020-01-20T04:30:41.75Z</time>
		</trkpt>
		<trkpt lat="34.583496" lon="126.759680">
			<ele>0.00</ele>
			<time>2020-01-20T04:30:42.67Z</time>
		</trkpt>
		<trkpt lat="34.583484" lon="126.759534">
			<ele>0.00</ele>
			<time>2020-01-20T04:30:43.48Z</time>
		</trkpt>
		<trkpt lat="34.583490" lon="126.759434">
			<ele>0.00</ele>
			<time>2020-01-20T04:30:44.03Z</time>
		</trkpt>
		<trkpt lat="34.583521" lon="126.759330">
			<ele>0.00</ele>
			<time>2020-01-20T04:30:44.64Z</time>
		</trkpt>
		<trkpt lat="34.583548" lon="126.759205">
			<ele>0.00</ele>
			<time>2020-01-20T04:30:45.35Z</time>
		</trkpt>
		<trkpt lat="34.583553" lon="126.759040">
			<ele>0.00</ele>
			<time>2020-01-20T04:30:46.26Z</time>
		</trkpt>
		<trkpt lat="34.583557" lon="126.758917">
			<ele>0.00</ele>
			<time>2020-01-20T04:30:46.93Z</time>
		</trkpt>
		<trkpt lat="34.583548" lon="126.758736">
			<ele>0.00</ele>
			<time>2020-01-20T04:30:47.92Z</time>
		</trkpt>
		<trkpt lat="34.583536" lon="126.758601">
			<ele>0.00</ele>
			<time>2020-01-20T04:30:48.67Z</time>
		</trkpt>
		<trkpt lat="34.583536" lon="126.758545">
			<ele>0.00</ele>
			<time>2020-01-20T04:30:48.98Z</time>
		</trkpt>
		<trkpt lat="34.583570" lon="126.758471">
			<ele>0.00</ele>
			<time>2020-01-20T04:30:49.44Z</time>
		</trkpt>
		<trkpt lat="34.583572" lon="126.758471">
			<ele>0.00</ele>
			<time>2020-01-20T04:30:49.50Z</time>
		</trkpt>
		<trkpt lat="34.583639" lon="126.758366">
			<ele>0.00</ele>
			<time>2020-01-20T04:30:50.23Z</time>
		</trkpt>
		<trkpt lat="34.583729" lon="126.758241">
			<ele>0.00</ele>
			<time>2020-01-20T04:30:51.14Z</time>
		</trkpt>
		<trkpt lat="34.583788" lon="126.758103">
			<ele>0.00</ele>
			<time>2020-01-20T04:30:52Z</time>
		</trkpt>
		<trkpt lat="34.583859" lon="126.757919">
			<ele>0.00</ele>
			<time>2020-01-20T04:30:53.11Z</time>
		</trkpt>
		<trkpt lat="34.583907" lon="126.757766">
			<ele>0.00</ele>
			<time>2020-01-20T04:30:54.01Z</time>
		</trkpt>
		<trkpt lat="34.583943" lon="126.757618">
			<ele>0.00</ele>
			<time>2020-01-20T04:30:54.86Z</time>
		</trkpt>
		<trkpt lat="34.583924" lon="126.757560">
			<ele>0.00</ele>
			<time>2020-01-20T04:30:55.20Z</time>
		</trkpt>
		<trkpt lat="34.583853" lon="126.757496">
			<ele>0.00</ele>
			<time>2020-01-20T04:30:55.79Z</time>
		</trkpt>
		<trkpt lat="34.583794" lon="126.757440">
			<ele>0.00</ele>
			<time>2020-01-20T04:30:56.29Z</time>
		</trkpt>
		<trkpt lat="34.583748" lon="126.757346">
			<ele>0.00</ele>
			<time>2020-01-20T04:30:56.89Z</time>
		</trkpt>
		<trkpt lat="34.583733" lon="126.757214">
			<ele>0.00</ele>
			<time>2020-01-20T04:30:57.63Z</time>
		</trkpt>
		<trkpt lat="34.583712" lon="126.757083">
			<ele>0.00</ele>
			<time>2020-01-20T04:30:58.36Z</time>
		</trkpt>
		<trkpt lat="34.583679" lon="126.756971">
			<ele>0.00</ele>
			<time>2020-01-20T04:30:59.01Z</time>
		</trkpt>
		<trkpt lat="34.583632" lon="126.756917">
			<ele>0.00</ele>
			<time>2020-01-20T04:30:59.44Z</time>
		</trkpt>
		<trkpt lat="34.583504" lon="126.756873">
			<ele>0.00</ele>
			<time>2020-01-20T04:31:00.32Z</time>
		</trkpt>
		<trkpt lat="34.583387" lon="126.756835">
			<ele>0.00</ele>
			<time>2020-01-20T04:31:01.13Z</time>
		</trkpt>
		<trkpt lat="34.583286" lon="126.756797">
			<ele>0.00</ele>
			<time>2020-01-20T04:31:01.84Z</time>
		</trkpt>
		<trkpt lat="34.583169" lon="126.756713">
			<ele>0.00</ele>
			<time>2020-01-20T04:31:02.75Z</time>
		</trkpt>
		<trkpt lat="34.583083" lon="126.756624">
			<ele>0.00</ele>
			<time>2020-01-20T04:31:03.50Z</time>
		</trkpt>
		<trkpt lat="34.582988" lon="126.756514">
			<ele>0.00</ele>
			<time>2020-01-20T04:31:04.37Z</time>
		</trkpt>
		<trkpt lat="34.582911" lon="126.756411">
			<ele>0.00</ele>
			<time>2020-01-20T04:31:05.14Z</time>
		</trkpt>
		<trkpt lat="34.582848" lon="126.756278">
			<ele>0.00</ele>
			<time>2020-01-20T04:31:05.98Z</time>
		</trkpt>
		<trkpt lat="34.582798" lon="126.756185">
			<ele>0.00</ele>
			<time>2020-01-20T04:31:06.59Z</time>
		</trkpt>
		<trkpt lat="34.582750" lon="126.756050">
			<ele>0.00</ele>
			<time>2020-01-20T04:31:07.40Z</time>
		</trkpt>
		<trkpt lat="34.582706" lon="126.755971">
			<ele>0.00</ele>
			<time>2020-01-20T04:31:07.92Z</time>
		</trkpt>
		<trkpt lat="34.582628" lon="126.755873">
			<ele>0.00</ele>
			<time>2020-01-20T04:31:08.67Z</time>
		</trkpt>
		<trkpt lat="34.582557" lon="126.755794">
			<ele>0.00</ele>
			<time>2020-01-20T04:31:09.31Z</time>
		</trkpt>
		<trkpt lat="34.582510" lon="126.755647">
			<ele>0.00</ele>
			<time>2020-01-20T04:31:10.18Z</time>
		</trkpt>
		<trkpt lat="34.582466" lon="126.755520">
			<ele>0.00</ele>
			<time>2020-01-20T04:31:10.93Z</time>
		</trkpt>
		<trkpt lat="34.582395" lon="126.755365">
			<ele>0.00</ele>
			<time>2020-01-20T04:31:11.91Z</time>
		</trkpt>
		<trkpt lat="34.582359" lon="126.755291">
			<ele>0.00</ele>
			<time>2020-01-20T04:31:12.38Z</time>
		</trkpt>
		<trkpt lat="34.582311" lon="126.755169">
			<ele>0.00</ele>
			<time>2020-01-20T04:31:13.12Z</time>
		</trkpt>
		<trkpt lat="34.582280" lon="126.755057">
			<ele>0.00</ele>
			<time>2020-01-20T04:31:13.77Z</time>
		</trkpt>
		<trkpt lat="34.582263" lon="126.754943">
			<ele>0.00</ele>
			<time>2020-01-20T04:31:14.40Z</time>
		</trkpt>
		<trkpt lat="34.582259" lon="126.754757">
			<ele>0.00</ele>
			<time>2020-01-20T04:31:15.42Z</time>
		</trkpt>
		<trkpt lat="34.582259" lon="126.754755">
			<ele>0.00</ele>
			<time>2020-01-20T04:31:15.48Z</time>
		</trkpt>
		<trkpt lat="34.582261" lon="126.754617">
			<ele>0.00</ele>
			<time>2020-01-20T04:31:16.24Z</time>
		</trkpt>
		<trkpt lat="34.582282" lon="126.754515">
			<ele>0.00</ele>
			<time>2020-01-20T04:31:16.82Z</time>
		</trkpt>
		<trkpt lat="34.582303" lon="126.754426">
			<ele>0.00</ele>
			<time>2020-01-20T04:31:17.33Z</time>
		</trkpt>
		<trkpt lat="34.582332" lon="126.754286">
			<ele>0.00</ele>
			<time>2020-01-20T04:31:18.12Z</time>
		</trkpt>
		<trkpt lat="34.582332" lon="126.754192">
			<ele>0.00</ele>
			<time>2020-01-20T04:31:18.64Z</time>
		</trkpt>
		<trkpt lat="34.582311" lon="126.754108">
			<ele>0.00</ele>
			<time>2020-01-20T04:31:19.12Z</time>
		</trkpt>
		<trkpt lat="34.582280" lon="126.754018">
			<ele>0.00</ele>
			<time>2020-01-20T04:31:19.65Z</time>
		</trkpt>
		<trkpt lat="34.582229" lon="126.753978">
			<ele>0.00</ele>
			<time>2020-01-20T04:31:20.05Z</time>
		</trkpt>
		<trkpt lat="34.582151" lon="126.753908">
			<ele>0.00</ele>
			<time>2020-01-20T04:31:20.70Z</time>
		</trkpt>
		<trkpt lat="34.582151" lon="126.753909">
			<ele>0.00</ele>
			<time>2020-01-20T04:31:20.76Z</time>
		</trkpt>
		<trkpt lat="34.582236" lon="126.753827">
			<ele>0.00</ele>
			<time>2020-01-20T04:31:21.48Z</time>
		</trkpt>
		<trkpt lat="34.582377" lon="126.753715">
			<ele>0.00</ele>
			<time>2020-01-20T04:31:22.61Z</time>
		</trkpt>
		<trkpt lat="34.582520" lon="126.753607">
			<ele>0.00</ele>
			<time>2020-01-20T04:31:23.73Z</time>
		</trkpt>
		<trkpt lat="34.582683" lon="126.753499">
			<ele>0.00</ele>
			<time>2020-01-20T04:31:24.97Z</time>
		</trkpt>
		<trkpt lat="34.582851" lon="126.753407">
			<ele>0.00</ele>
			<time>2020-01-20T04:31:26.20Z</time>
		</trkpt>
		<trkpt lat="34.583074" lon="126.753297">
			<ele>0.00</ele>
			<time>2020-01-20T04:31:27.80Z</time>
		</trkpt>
		<trkpt lat="34.583281" lon="126.753190">
			<ele>0.00</ele>
			<time>2020-01-20T04:31:29.31Z</time>
		</trkpt>
		<trkpt lat="34.583405" lon="126.753119">
			<ele>0.00</ele>
			<time>2020-01-20T04:31:30.22Z</time>
		</trkpt>
		<trkpt lat="34.583585" lon="126.753027">
			<ele>0.00</ele>
			<time>2020-01-20T04:31:31.51Z</time>
		</trkpt>
		<trkpt lat="34.583810" lon="126.752948">
			<ele>0.00</ele>
			<time>2020-01-20T04:31:33.08Z</time>
		</trkpt>
		<trkpt lat="34.583959" lon="126.752879">
			<ele>0.00</ele>
			<time>2020-01-20T04:31:34.14Z</time>
		</trkpt>
		<trkpt lat="34.584044" lon="126.752823">
			<ele>0.00</ele>
			<time>2020-01-20T04:31:34.78Z</time>
		</trkpt>
		<trkpt lat="34.584093" lon="126.752768">
			<ele>0.00</ele>
			<time>2020-01-20T04:31:35.23Z</time>
		</trkpt>
		<trkpt lat="34.584159" lon="126.752662">
			<ele>0.00</ele>
			<time>2020-01-20T04:31:35.96Z</time>
		</trkpt>
		<trkpt lat="34.584204" lon="126.752551">
			<ele>0.00</ele>
			<time>2020-01-20T04:31:36.64Z</time>
		</trkpt>
		<trkpt lat="34.584268" lon="126.752369">
			<ele>0.00</ele>
			<time>2020-01-20T04:31:37.73Z</time>
		</trkpt>
		<trkpt lat="34.584328" lon="126.752177">
			<ele>0.00</ele>
			<time>2020-01-20T04:31:38.85Z</time>
		</trkpt>
		<trkpt lat="34.584397" lon="126.752000">
			<ele>0.00</ele>
			<time>2020-01-20T04:31:39.92Z</time>
		</trkpt>
		<trkpt lat="34.584474" lon="126.751808">
			<ele>0.00</ele>
			<time>2020-01-20T04:31:41.10Z</time>
		</trkpt>
		<trkpt lat="34.584516" lon="126.751689">
			<ele>0.00</ele>
			<time>2020-01-20T04:31:41.81Z</time>
		</trkpt>
		<trkpt lat="34.584556" lon="126.751564">
			<ele>0.00</ele>
			<time>2020-01-20T04:31:42.55Z</time>
		</trkpt>
		<trkpt lat="34.584576" lon="126.751470">
			<ele>0.00</ele>
			<time>2020-01-20T04:31:43.08Z</time>
		</trkpt>
		<trkpt lat="34.584602" lon="126.751267">
			<ele>0.00</ele>
			<time>2020-01-20T04:31:44.21Z</time>
		</trkpt>
		<trkpt lat="34.584631" lon="126.751028">
			<ele>0.00</ele>
			<time>2020-01-20T04:31:45.53Z</time>
		</trkpt>
		<trkpt lat="34.584652" lon="126.750808">
			<ele>0.00</ele>
			<time>2020-01-20T04:31:46.75Z</time>
		</trkpt>
		<trkpt lat="34.584698" lon="126.750509">
			<ele>0.00</ele>
			<time>2020-01-20T04:31:48.42Z</time>
		</trkpt>
		<trkpt lat="34.584746" lon="126.750260">
			<ele>0.00</ele>
			<time>2020-01-20T04:31:49.82Z</time>
		</trkpt>
		<trkpt lat="34.584764" lon="126.750185">
			<ele>0.00</ele>
			<time>2020-01-20T04:31:50.25Z</time>
		</trkpt>
		<trkpt lat="34.584790" lon="126.750120">
			<ele>0.00</ele>
			<time>2020-01-20T04:31:50.64Z</time>
		</trkpt>
		<trkpt lat="34.584826" lon="126.750041">
			<ele>0.00</ele>
			<time>2020-01-20T04:31:51.14Z</time>
		</trkpt>
		<trkpt lat="34.584877" lon="126.749976">
			<ele>0.00</ele>
			<time>2020-01-20T04:31:51.64Z</time>
		</trkpt>
		<trkpt lat="34.584969" lon="126.749890">
			<ele>0.00</ele>
			<time>2020-01-20T04:31:52.41Z</time>
		</trkpt>
		<trkpt lat="34.585043" lon="126.749813">
			<ele>0.00</ele>
			<time>2020-01-20T04:31:53.06Z</time>
		</trkpt>
		<trkpt lat="34.585100" lon="126.749757">
			<ele>0.00</ele>
			<time>2020-01-20T04:31:53.55Z</time>
		</trkpt>
		<trkpt lat="34.585173" lon="126.749707">
			<ele>0.00</ele>
			<time>2020-01-20T04:31:54.10Z</time>
		</trkpt>
		<trkpt lat="34.585188" lon="126.749696">
			<ele>0.00</ele>
			<time>2020-01-20T04:31:54.22Z</time>
		</trkpt>
		<trkpt lat="34.585157" lon="126.749642">
			<ele>0.00</ele>
			<time>2020-01-20T04:31:54.58Z</time>
		</trkpt>
		<trkpt lat="34.585160" lon="126.749641">
			<ele>0.00</ele>
			<time>2020-01-20T04:31:54.64Z</time>
		</trkpt>
		<trkpt lat="34.585305" lon="126.749476">
			<ele>0.00</ele>
			<time>2020-01-20T04:31:55.97Z</time>
		</trkpt>
		<trkpt lat="34.585368" lon="126.749393">
			<ele>0.00</ele>
			<time>2020-01-20T04:31:56.59Z</time>
		</trkpt>
		<trkpt lat="34.585404" lon="126.749388">
			<ele>0.00</ele>
			<time>2020-01-20T04:31:56.83Z</time>
		</trkpt>
		<trkpt lat="34.585479" lon="126.749393">
			<ele>0.00</ele>
			<time>2020-01-20T04:31:57.33Z</time>
		</trkpt>
		<trkpt lat="34.585566" lon="126.749385">
			<ele>0.00</ele>
			<time>2020-01-20T04:31:57.92Z</time>
		</trkpt>
		<trkpt lat="34.585619" lon="126.749350">
			<ele>0.00</ele>
			<time>2020-01-20T04:31:58.32Z</time>
		</trkpt>
		<trkpt lat="34.585668" lon="126.749392">
			<ele>0.00</ele>
			<time>2020-01-20T04:31:58.72Z</time>
		</trkpt>
		<trkpt lat="34.585679" lon="126.749405">
			<ele>0.00</ele>
			<time>2020-01-20T04:31:58.82Z</time>
		</trkpt>
		<trkpt lat="34.585719" lon="126.749355">
			<ele>0.00</ele>
			<time>2020-01-20T04:31:59.21Z</time>
		</trkpt>
		<trkpt lat="34.585719" lon="126.749355">
			<ele>0.00</ele>
			<time>2020-01-20T04:31:59.27Z</time>
		</trkpt>
		<trkpt lat="34.585815" lon="126.749262">
			<ele>0.00</ele>
			<time>2020-01-20T04:32:00.09Z</time>
		</trkpt>
		<trkpt lat="34.585839" lon="126.749205">
			<ele>0.00</ele>
			<time>2020-01-20T04:32:00.43Z</time>
		</trkpt>
		<trkpt lat="34.585857" lon="126.749074">
			<ele>0.00</ele>
			<time>2020-01-20T04:32:01.16Z</time>
		</trkpt>
		<trkpt lat="34.585871" lon="126.748970">
			<ele>0.00</ele>
			<time>2020-01-20T04:32:01.74Z</time>
		</trkpt>
		<trkpt lat="34.585895" lon="126.748839">
			<ele>0.00</ele>
			<time>2020-01-20T04:32:02.48Z</time>
		</trkpt>
		<trkpt lat="34.585916" lon="126.748731">
			<ele>0.00</ele>
			<time>2020-01-20T04:32:03.09Z</time>
		</trkpt>
		<trkpt lat="34.585957" lon="126.748583">
			<ele>0.00</ele>
			<time>2020-01-20T04:32:03.94Z</time>
		</trkpt>
		<trkpt lat="34.586007" lon="126.748444">
			<ele>0.00</ele>
			<time>2020-01-20T04:32:04.78Z</time>
		</trkpt>
		<trkpt lat="34.586044" lon="126.748355">
			<ele>0.00</ele>
			<time>2020-01-20T04:32:05.33Z</time>
		</trkpt>
		<trkpt lat="34.586073" lon="126.748317">
			<ele>0.00</ele>
			<time>2020-01-20T04:32:05.61Z</time>
		</trkpt>
		<trkpt lat="34.586163" lon="126.748197">
			<ele>0.00</ele>
			<time>2020-01-20T04:32:06.50Z</time>
		</trkpt>
		<trkpt lat="34.586245" lon="126.748145">
			<ele>0.00</ele>
			<time>2020-01-20T04:32:07.11Z</time>
		</trkpt>
		<trkpt lat="34.586303" lon="126.748084">
			<ele>0.00</ele>
			<time>2020-01-20T04:32:07.63Z</time>
		</trkpt>
		<trkpt lat="34.586340" lon="126.747993">
			<ele>0.00</ele>
			<time>2020-01-20T04:32:08.19Z</time>
		</trkpt>
		<trkpt lat="34.586365" lon="126.747901">
			<ele>0.00</ele>
			<time>2020-01-20T04:32:08.72Z</time>
		</trkpt>
		<trkpt lat="34.586441" lon="126.747801">
			<ele>0.00</ele>
			<time>2020-01-20T04:32:09.47Z</time>
		</trkpt>
		<trkpt lat="34.586515" lon="126.747768">
			<ele>0.00</ele>
			<time>2020-01-20T04:32:09.99Z</time>
		</trkpt>
		<trkpt lat="34.586593" lon="126.747801">
			<ele>0.00</ele>
			<time>2020-01-20T04:32:10.54Z</time>
		</trkpt>
		<trkpt lat="34.586649" lon="126.747822">
			<ele>0.00</ele>
			<time>2020-01-20T04:32:10.93Z</time>
		</trkpt>
		<trkpt lat="34.586759" lon="126.747815">
			<ele>0.00</ele>
			<time>2020-01-20T04:32:11.66Z</time>
		</trkpt>
		<trkpt lat="34.586883" lon="126.747747">
			<ele>0.00</ele>
			<time>2020-01-20T04:32:12.57Z</time>
		</trkpt>
		<trkpt lat="34.586980" lon="126.747683">
			<ele>0.00</ele>
			<time>2020-01-20T04:32:13.30Z</time>
		</trkpt>
		<trkpt lat="34.587086" lon="126.747655">
			<ele>0.00</ele>
			<time>2020-01-20T04:32:14.03Z</time>
		</trkpt>
		<trkpt lat="34.587140" lon="126.747568">
			<ele>0.00</ele>
			<time>2020-01-20T04:32:14.63Z</time>
		</trkpt>
		<trkpt lat="34.586956" lon="126.747488">
			<ele>0.00</ele>
			<time>2020-01-20T04:32:15.93Z</time>
		</trkpt>
		<trkpt lat="34.586912" lon="126.747390">
			<ele>0.00</ele>
			<time>2020-01-20T04:32:16.55Z</time>
		</trkpt>
		<trkpt lat="34.586817" lon="126.747347">
			<ele>0.00</ele>
			<time>2020-01-20T04:32:17.22Z</time>
		</trkpt>
		<trkpt lat="34.586703" lon="126.747263">
			<ele>0.00</ele>
			<time>2020-01-20T04:32:18.12Z</time>
		</trkpt>
		<trkpt lat="34.586641" lon="126.747199">
			<ele>0.00</ele>
			<time>2020-01-20T04:32:18.66Z</time>
		</trkpt>
		<trkpt lat="34.586596" lon="126.747152">
			<ele>0.00</ele>
			<time>2020-01-20T04:32:19.05Z</time>
		</trkpt>
		<trkpt lat="34.586507" lon="126.747107">
			<ele>0.00</ele>
			<time>2020-01-20T04:32:19.69Z</time>
		</trkpt>
		<trkpt lat="34.586466" lon="126.747049">
			<ele>0.00</ele>
			<time>2020-01-20T04:32:20.12Z</time>
		</trkpt>
		<trkpt lat="34.586437" lon="126.746936">
			<ele>0.00</ele>
			<time>2020-01-20T04:32:20.77Z</time>
		</trkpt>
		<trkpt lat="34.586415" lon="126.746880">
			<ele>0.00</ele>
			<time>2020-01-20T04:32:21.11Z</time>
		</trkpt>
		<trkpt lat="34.586338" lon="126.746816">
			<ele>0.00</ele>
			<time>2020-01-20T04:32:21.72Z</time>
		</trkpt>
		<trkpt lat="34.586230" lon="126.746792">
			<ele>0.00</ele>
			<time>2020-01-20T04:32:22.46Z</time>
		</trkpt>
		<trkpt lat="34.586144" lon="126.746758">
			<ele>0.00</ele>
			<time>2020-01-20T04:32:23.06Z</time>
		</trkpt>
		<trkpt lat="34.586070" lon="126.746702">
			<ele>0.00</ele>
			<time>2020-01-20T04:32:23.64Z</time>
		</trkpt>
		<trkpt lat="34.586024" lon="126.746604">
			<ele>0.00</ele>
			<time>2020-01-20T04:32:24.26Z</time>
		</trkpt>
		<trkpt lat="34.585939" lon="126.746531">
			<ele>0.00</ele>
			<time>2020-01-20T04:32:24.95Z</time>
		</trkpt>
		<trkpt lat="34.585839" lon="126.746487">
			<ele>0.00</ele>
			<time>2020-01-20T04:32:25.66Z</time>
		</trkpt>
		<trkpt lat="34.585731" lon="126.746529">
			<ele>0.00</ele>
			<time>2020-01-20T04:32:26.42Z</time>
		</trkpt>
		<trkpt lat="34.585645" lon="126.746553">
			<ele>0.00</ele>
			<time>2020-01-20T04:32:27.01Z</time>
		</trkpt>
		<trkpt lat="34.585595" lon="126.746641">
			<ele>0.00</ele>
			<time>2020-01-20T04:32:27.59Z</time>
		</trkpt>
		<trkpt lat="34.585533" lon="126.746600">
			<ele>0.00</ele>
			<time>2020-01-20T04:32:28.06Z</time>
		</trkpt>
		<trkpt lat="34.585440" lon="126.746522">
			<ele>0.00</ele>
			<time>2020-01-20T04:32:28.81Z</time>
		</trkpt>
		<trkpt lat="34.585342" lon="126.746551">
			<ele>0.00</ele>
			<time>2020-01-20T04:32:29.49Z</time>
		</trkpt>
		<trkpt lat="34.585194" lon="126.746558">
			<ele>0.00</ele>
			<time>2020-01-20T04:32:30.48Z</time>
		</trkpt>
		<trkpt lat="34.585134" lon="126.746565">
			<ele>0.00</ele>
			<time>2020-01-20T04:32:30.88Z</time>
		</trkpt>
		<trkpt lat="34.585092" lon="126.746602">
			<ele>0.00</ele>
			<time>2020-01-20T04:32:31.22Z</time>
		</trkpt>
		<trkpt lat="34.585062" lon="126.746626">
			<ele>0.00</ele>
			<time>2020-01-20T04:32:31.47Z</time>
		</trkpt>
		<trkpt lat="34.584974" lon="126.746587">
			<ele>0.00</ele>
			<time>2020-01-20T04:32:32.09Z</time>
		</trkpt>
		<trkpt lat="34.584894" lon="126.746675">
			<ele>0.00</ele>
			<time>2020-01-20T04:32:32.81Z</time>
		</trkpt>
		<trkpt lat="34.584875" lon="126.746780">
			<ele>0.00</ele>
			<time>2020-01-20T04:32:33.40Z</time>
		</trkpt>
		<trkpt lat="34.584745" lon="126.746951">
			<ele>0.00</ele>
			<time>2020-01-20T04:32:34.68Z</time>
		</trkpt>
		<trkpt lat="34.584706" lon="126.746919">
			<ele>0.00</ele>
			<time>2020-01-20T04:32:34.99Z</time>
		</trkpt>
		<trkpt lat="34.584669" lon="126.746868">
			<ele>0.00</ele>
			<time>2020-01-20T04:32:35.37Z</time>
		</trkpt>
		<trkpt lat="34.584593" lon="126.746790">
			<ele>0.00</ele>
			<time>2020-01-20T04:32:36.03Z</time>
		</trkpt>
		<trkpt lat="34.584504" lon="126.746751">
			<ele>0.00</ele>
			<time>2020-01-20T04:32:36.66Z</time>
		</trkpt>
		<trkpt lat="34.584477" lon="126.746740">
			<ele>0.00</ele>
			<time>2020-01-20T04:32:36.85Z</time>
		</trkpt>
		<trkpt lat="34.584398" lon="126.746618">
			<ele>0.00</ele>
			<time>2020-01-20T04:32:37.70Z</time>
		</trkpt>
		<trkpt lat="34.584385" lon="126.746601">
			<ele>0.00</ele>
			<time>2020-01-20T04:32:37.83Z</time>
		</trkpt>
		<trkpt lat="34.584340" lon="126.746548">
			<ele>0.00</ele>
			<time>2020-01-20T04:32:38.25Z</time>
		</trkpt>
		<trkpt lat="34.584301" lon="126.746503">
			<ele>0.00</ele>
			<time>2020-01-20T04:32:38.61Z</time>
		</trkpt>
		<trkpt lat="34.584284" lon="126.746485">
			<ele>0.00</ele>
			<time>2020-01-20T04:32:38.76Z</time>
		</trkpt>
		<trkpt lat="34.584263" lon="126.746469">
			<ele>0.00</ele>
			<time>2020-01-20T04:32:38.92Z</time>
		</trkpt>
		<trkpt lat="34.584216" lon="126.746433">
			<ele>0.00</ele>
			<time>2020-01-20T04:32:39.29Z</time>
		</trkpt>
		<trkpt lat="34.584212" lon="126.746413">
			<ele>0.00</ele>
			<time>2020-01-20T04:32:39.41Z</time>
		</trkpt>
		<trkpt lat="34.584212" lon="126.746413">
			<ele>0.00</ele>
			<time>2020-01-20T04:32:39.47Z</time>
		</trkpt>
		<trkpt lat="34.584201" lon="126.746395">
			<ele>0.00</ele>
			<time>2020-01-20T04:32:39.59Z</time>
		</trkpt>
		<trkpt lat="34.584157" lon="126.746324">
			<ele>0.00</ele>
			<time>2020-01-20T04:32:40.07Z</time>
		</trkpt>
		<trkpt lat="34.584028" lon="126.746158">
			<ele>0.00</ele>
			<time>2020-01-20T04:32:41.33Z</time>
		</trkpt>
		<trkpt lat="34.583946" lon="126.746123">
			<ele>0.00</ele>
			<time>2020-01-20T04:32:41.91Z</time>
		</trkpt>
		<trkpt lat="34.583866" lon="126.746189">
			<ele>0.00</ele>
			<time>2020-01-20T04:32:42.55Z</time>
		</trkpt>
		<trkpt lat="34.583784" lon="126.746130">
			<ele>0.00</ele>
			<time>2020-01-20T04:32:43.19Z</time>
		</trkpt>
		<trkpt lat="34.583696" lon="126.746116">
			<ele>0.00</ele>
			<time>2020-01-20T04:32:43.78Z</time>
		</trkpt>
		<trkpt lat="34.583500" lon="126.746152">
			<ele>0.00</ele>
			<time>2020-01-20T04:32:45.10Z</time>
		</trkpt>
		<trkpt lat="34.583411" lon="126.746155">
			<ele>0.00</ele>
			<time>2020-01-20T04:32:45.69Z</time>
		</trkpt>
		<trkpt lat="34.583314" lon="126.746169">
			<ele>0.00</ele>
			<time>2020-01-20T04:32:46.35Z</time>
		</trkpt>
		<trkpt lat="34.583221" lon="126.746223">
			<ele>0.00</ele>
			<time>2020-01-20T04:32:47.03Z</time>
		</trkpt>
		<trkpt lat="34.583038" lon="126.746287">
			<ele>0.00</ele>
			<time>2020-01-20T04:32:48.30Z</time>
		</trkpt>
		<trkpt lat="34.582954" lon="126.746352">
			<ele>0.00</ele>
			<time>2020-01-20T04:32:48.97Z</time>
		</trkpt>
		<trkpt lat="34.582863" lon="126.746388">
			<ele>0.00</ele>
			<time>2020-01-20T04:32:49.61Z</time>
		</trkpt>
		<trkpt lat="34.582578" lon="126.746284">
			<ele>0.00</ele>
			<time>2020-01-20T04:32:51.59Z</time>
		</trkpt>
		<trkpt lat="34.582482" lon="126.746226">
			<ele>0.00</ele>
			<time>2020-01-20T04:32:52.31Z</time>
		</trkpt>
		<trkpt lat="34.582205" lon="126.746118">
			<ele>0.00</ele>
			<time>2020-01-20T04:32:54.24Z</time>
		</trkpt>
		<trkpt lat="34.582129" lon="126.746051">
			<ele>0.00</ele>
			<time>2020-01-20T04:32:54.87Z</time>
		</trkpt>
		<trkpt lat="34.582036" lon="126.746047">
			<ele>0.00</ele>
			<time>2020-01-20T04:32:55.49Z</time>
		</trkpt>
		<trkpt lat="34.581939" lon="126.746024">
			<ele>0.00</ele>
			<time>2020-01-20T04:32:56.15Z</time>
		</trkpt>
		<trkpt lat="34.581849" lon="126.745986">
			<ele>0.00</ele>
			<time>2020-01-20T04:32:56.78Z</time>
		</trkpt>
		<trkpt lat="34.581778" lon="126.745918">
			<ele>0.00</ele>
			<time>2020-01-20T04:32:57.39Z</time>
		</trkpt>
		<trkpt lat="34.581711" lon="126.745831">
			<ele>0.00</ele>
			<time>2020-01-20T04:32:58.04Z</time>
		</trkpt>
		<trkpt lat="34.581632" lon="126.745766">
			<ele>0.00</ele>
			<time>2020-01-20T04:32:58.67Z</time>
		</trkpt>
		<trkpt lat="34.581514" lon="126.745696">
			<ele>0.00</ele>
			<time>2020-01-20T04:32:59.55Z</time>
		</trkpt>
		<trkpt lat="34.581377" lon="126.745604">
			<ele>0.00</ele>
			<time>2020-01-20T04:33:00.60Z</time>
		</trkpt>
		<trkpt lat="34.581315" lon="126.745531">
			<ele>0.00</ele>
			<time>2020-01-20T04:33:01.17Z</time>
		</trkpt>
		<trkpt lat="34.581233" lon="126.745493">
			<ele>0.00</ele>
			<time>2020-01-20T04:33:01.75Z</time>
		</trkpt>
		<trkpt lat="34.581121" lon="126.745508">
			<ele>0.00</ele>
			<time>2020-01-20T04:33:02.50Z</time>
		</trkpt>
		<trkpt lat="34.581044" lon="126.745548">
			<ele>0.00</ele>
			<time>2020-01-20T04:33:03.06Z</time>
		</trkpt>
		<trkpt lat="34.580945" lon="126.745584">
			<ele>0.00</ele>
			<time>2020-01-20T04:33:03.76Z</time>
		</trkpt>
		<trkpt lat="34.580835" lon="126.745580">
			<ele>0.00</ele>
			<time>2020-01-20T04:33:04.49Z</time>
		</trkpt>
		<trkpt lat="34.580734" lon="126.745554">
			<ele>0.00</ele>
			<time>2020-01-20T04:33:05.17Z</time>
		</trkpt>
		<trkpt lat="34.580644" lon="126.745594">
			<ele>0.00</ele>
			<time>2020-01-20T04:33:05.81Z</time>
		</trkpt>
		<trkpt lat="34.580550" lon="126.745598">
			<ele>0.00</ele>
			<time>2020-01-20T04:33:06.44Z</time>
		</trkpt>
		<trkpt lat="34.580412" lon="126.745771">
			<ele>0.00</ele>
			<time>2020-01-20T04:33:07.76Z</time>
		</trkpt>
		<trkpt lat="34.580422" lon="126.745665">
			<ele>0.00</ele>
			<time>2020-01-20T04:33:08.35Z</time>
		</trkpt>
		<trkpt lat="34.580512" lon="126.745453">
			<ele>0.00</ele>
			<time>2020-01-20T04:33:09.66Z</time>
		</trkpt>
		<trkpt lat="34.580577" lon="126.745381">
			<ele>0.00</ele>
			<time>2020-01-20T04:33:10.25Z</time>
		</trkpt>
		<trkpt lat="34.580638" lon="126.745289">
			<ele>0.00</ele>
			<time>2020-01-20T04:33:10.90Z</time>
		</trkpt>
		<trkpt lat="34.580618" lon="126.745174">
			<ele>0.00</ele>
			<time>2020-01-20T04:33:11.54Z</time>
		</trkpt>
		<trkpt lat="34.580539" lon="126.745125">
			<ele>0.00</ele>
			<time>2020-01-20T04:33:12.13Z</time>
		</trkpt>
		<trkpt lat="34.580456" lon="126.745188">
			<ele>0.00</ele>
			<time>2020-01-20T04:33:12.79Z</time>
		</trkpt>
		<trkpt lat="34.580370" lon="126.745197">
			<ele>0.00</ele>
			<time>2020-01-20T04:33:13.36Z</time>
		</trkpt>
		<trkpt lat="34.580268" lon="126.745229">
			<ele>0.00</ele>
			<time>2020-01-20T04:33:14.07Z</time>
		</trkpt>
		<trkpt lat="34.580175" lon="126.745205">
			<ele>0.00</ele>
			<time>2020-01-20T04:33:14.70Z</time>
		</trkpt>
		<trkpt lat="34.580092" lon="126.745251">
			<ele>0.00</ele>
			<time>2020-01-20T04:33:15.30Z</time>
		</trkpt>
		<trkpt lat="34.580076" lon="126.745365">
			<ele>0.00</ele>
			<time>2020-01-20T04:33:15.94Z</time>
		</trkpt>
		<trkpt lat="34.579998" lon="126.745422">
			<ele>0.00</ele>
			<time>2020-01-20T04:33:16.55Z</time>
		</trkpt>
		<trkpt lat="34.579816" lon="126.745449">
			<ele>0.00</ele>
			<time>2020-01-20T04:33:17.77Z</time>
		</trkpt>
		<trkpt lat="34.579621" lon="126.745405">
			<ele>0.00</ele>
			<time>2020-01-20T04:33:19.09Z</time>
		</trkpt>
		<trkpt lat="34.579530" lon="126.745439">
			<ele>0.00</ele>
			<time>2020-01-20T04:33:19.73Z</time>
		</trkpt>
		<trkpt lat="34.579486" lon="126.745536">
			<ele>0.00</ele>
			<time>2020-01-20T04:33:20.33Z</time>
		</trkpt>
		<trkpt lat="34.579457" lon="126.745634">
			<ele>0.00</ele>
			<time>2020-01-20T04:33:20.91Z</time>
		</trkpt>
		<trkpt lat="34.579463" lon="126.745754">
			<ele>0.00</ele>
			<time>2020-01-20T04:33:21.57Z</time>
		</trkpt>
		<trkpt lat="34.579423" lon="126.745870">
			<ele>0.00</ele>
			<time>2020-01-20T04:33:22.26Z</time>
		</trkpt>
		<trkpt lat="34.579423" lon="126.745985">
			<ele>0.00</ele>
			<time>2020-01-20T04:33:22.89Z</time>
		</trkpt>
		<trkpt lat="34.579451" lon="126.746095">
			<ele>0.00</ele>
			<time>2020-01-20T04:33:23.52Z</time>
		</trkpt>
		<trkpt lat="34.579452" lon="126.746217">
			<ele>0.00</ele>
			<time>2020-01-20T04:33:24.19Z</time>
		</trkpt>
		<trkpt lat="34.579477" lon="126.746326">
			<ele>0.00</ele>
			<time>2020-01-20T04:33:24.81Z</time>
		</trkpt>
		<trkpt lat="34.579465" lon="126.746444">
			<ele>0.00</ele>
			<time>2020-01-20T04:33:25.46Z</time>
		</trkpt>
		<trkpt lat="34.579429" lon="126.746556">
			<ele>0.00</ele>
			<time>2020-01-20T04:33:26.12Z</time>
		</trkpt>
		<trkpt lat="34.579405" lon="126.746653">
			<ele>0.00</ele>
			<time>2020-01-20T04:33:26.68Z</time>
		</trkpt>
		<trkpt lat="34.579387" lon="126.746768">
			<ele>0.00</ele>
			<time>2020-01-20T04:33:27.32Z</time>
		</trkpt>
		<trkpt lat="34.579298" lon="126.746758">
			<ele>0.00</ele>
			<time>2020-01-20T04:33:27.92Z</time>
		</trkpt>
		<trkpt lat="34.579115" lon="126.746855">
			<ele>0.00</ele>
			<time>2020-01-20T04:33:29.25Z</time>
		</trkpt>
		<trkpt lat="34.579057" lon="126.746924">
			<ele>0.00</ele>
			<time>2020-01-20T04:33:29.79Z</time>
		</trkpt>
		<trkpt lat="34.578974" lon="126.747028">
			<ele>0.00</ele>
			<time>2020-01-20T04:33:30.59Z</time>
		</trkpt>
		<trkpt lat="34.578896" lon="126.747107">
			<ele>0.00</ele>
			<time>2020-01-20T04:33:31.26Z</time>
		</trkpt>
		<trkpt lat="34.578781" lon="126.747265">
			<ele>0.00</ele>
			<time>2020-01-20T04:33:32.42Z</time>
		</trkpt>
		<trkpt lat="34.578674" lon="126.747262">
			<ele>0.00</ele>
			<time>2020-01-20T04:33:33.14Z</time>
		</trkpt>
		<trkpt lat="34.578615" lon="126.747165">
			<ele>0.00</ele>
			<time>2020-01-20T04:33:33.80Z</time>
		</trkpt>
		<trkpt lat="34.578570" lon="126.747060">
			<ele>0.00</ele>
			<time>2020-01-20T04:33:34.44Z</time>
		</trkpt>
		<trkpt lat="34.578528" lon="126.746890">
			<ele>0.00</ele>
			<time>2020-01-20T04:33:35.42Z</time>
		</trkpt>
		<trkpt lat="34.578516" lon="126.746819">
			<ele>0.00</ele>
			<time>2020-01-20T04:33:35.82Z</time>
		</trkpt>
		<trkpt lat="34.578539" lon="126.746702">
			<ele>0.00</ele>
			<time>2020-01-20T04:33:36.47Z</time>
		</trkpt>
		<trkpt lat="34.578726" lon="126.746441">
			<ele>0.00</ele>
			<time>2020-01-20T04:33:38.38Z</time>
		</trkpt>
		<trkpt lat="34.578708" lon="126.746323">
			<ele>0.00</ele>
			<time>2020-01-20T04:33:39.04Z</time>
		</trkpt>
		<trkpt lat="34.578642" lon="126.746246">
			<ele>0.00</ele>
			<time>2020-01-20T04:33:39.65Z</time>
		</trkpt>
		<trkpt lat="34.578453" lon="126.745716">
			<ele>0.00</ele>
			<time>2020-01-20T04:33:42.82Z</time>
		</trkpt>
		<trkpt lat="34.578364" lon="126.745663">
			<ele>0.00</ele>
			<time>2020-01-20T04:33:43.48Z</time>
		</trkpt>
		<trkpt lat="34.578272" lon="126.745578">
			<ele>0.00</ele>
			<time>2020-01-20T04:33:44.25Z</time>
		</trkpt>
		<trkpt lat="34.578140" lon="126.745483">
			<ele>0.00</ele>
			<time>2020-01-20T04:33:45.27Z</time>
		</trkpt>
		<trkpt lat="34.578040" lon="126.745430">
			<ele>0.00</ele>
			<time>2020-01-20T04:33:46Z</time>
		</trkpt>
		<trkpt lat="34.578016" lon="126.745302">
			<ele>0.00</ele>
			<time>2020-01-20T04:33:46.72Z</time>
		</trkpt>
		<trkpt lat="34.578002" lon="126.745259">
			<ele>0.00</ele>
			<time>2020-01-20T04:33:46.97Z</time>
		</trkpt>
		<trkpt lat="34.578093" lon="126.745165">
			<ele>0.00</ele>
			<time>2020-01-20T04:33:47.77Z</time>
		</trkpt>
		<trkpt lat="34.578132" lon="126.745058">
			<ele>0.00</ele>
			<time>2020-01-20T04:33:48.41Z</time>
		</trkpt>
		<trkpt lat="34.578321" lon="126.744776">
			<ele>0.00</ele>
			<time>2020-01-20T04:33:50.41Z</time>
		</trkpt>
		<trkpt lat="34.578344" lon="126.744695">
			<ele>0.00</ele>
			<time>2020-01-20T04:33:50.88Z</time>
		</trkpt>
		<trkpt lat="34.578332" lon="126.744559">
			<ele>0.00</ele>
			<time>2020-01-20T04:33:51.63Z</time>
		</trkpt>
		<trkpt lat="34.578326" lon="126.744383">
			<ele>0.00</ele>
			<time>2020-01-20T04:33:52.60Z</time>
		</trkpt>
		<trkpt lat="34.578325" lon="126.744382">
			<ele>0.00</ele>
			<time>2020-01-20T04:33:52.66Z</time>
		</trkpt>
		<trkpt lat="34.578333" lon="126.744296">
			<ele>0.00</ele>
			<time>2020-01-20T04:33:53.13Z</time>
		</trkpt>
		<trkpt lat="34.578357" lon="126.744181">
			<ele>0.00</ele>
			<time>2020-01-20T04:33:53.78Z</time>
		</trkpt>
		<trkpt lat="34.578346" lon="126.744069">
			<ele>0.00</ele>
			<time>2020-01-20T04:33:54.40Z</time>
		</trkpt>
		<trkpt lat="34.578308" lon="126.743949">
			<ele>0.00</ele>
			<time>2020-01-20T04:33:55.10Z</time>
		</trkpt>
		<trkpt lat="34.578274" lon="126.743840">
			<ele>0.00</ele>
			<time>2020-01-20T04:33:55.75Z</time>
		</trkpt>
		<trkpt lat="34.578247" lon="126.743743">
			<ele>0.00</ele>
			<time>2020-01-20T04:33:56.31Z</time>
		</trkpt>
		<trkpt lat="34.578228" lon="126.743674">
			<ele>0.00</ele>
			<time>2020-01-20T04:33:56.71Z</time>
		</trkpt>
		<trkpt lat="34.578211" lon="126.743604">
			<ele>0.00</ele>
			<time>2020-01-20T04:33:57.11Z</time>
		</trkpt>
		<trkpt lat="34.578199" lon="126.743506">
			<ele>0.00</ele>
			<time>2020-01-20T04:33:57.65Z</time>
		</trkpt>
		<trkpt lat="34.578179" lon="126.743396">
			<ele>0.00</ele>
			<time>2020-01-20T04:33:58.27Z</time>
		</trkpt>
		<trkpt lat="34.578136" lon="126.743318">
			<ele>0.00</ele>
			<time>2020-01-20T04:33:58.79Z</time>
		</trkpt>
		<trkpt lat="34.578075" lon="126.743232">
			<ele>0.00</ele>
			<time>2020-01-20T04:33:59.41Z</time>
		</trkpt>
		<trkpt lat="34.578031" lon="126.743155">
			<ele>0.00</ele>
			<time>2020-01-20T04:33:59.93Z</time>
		</trkpt>
		<trkpt lat="34.578005" lon="126.743118">
			<ele>0.00</ele>
			<time>2020-01-20T04:34:00.19Z</time>
		</trkpt>
		<trkpt lat="34.577944" lon="126.743079">
			<ele>0.00</ele>
			<time>2020-01-20T04:34:00.65Z</time>
		</trkpt>
		<trkpt lat="34.577835" lon="126.742998">
			<ele>0.00</ele>
			<time>2020-01-20T04:34:01.50Z</time>
		</trkpt>
		<trkpt lat="34.577798" lon="126.743006">
			<ele>0.00</ele>
			<time>2020-01-20T04:34:01.76Z</time>
		</trkpt>
		<trkpt lat="34.577750" lon="126.743010">
			<ele>0.00</ele>
			<time>2020-01-20T04:34:02.08Z</time>
		</trkpt>
		<trkpt lat="34.577706" lon="126.743019">
			<ele>0.00</ele>
			<time>2020-01-20T04:34:02.37Z</time>
		</trkpt>
		<trkpt lat="34.577625" lon="126.743065">
			<ele>0.00</ele>
			<time>2020-01-20T04:34:02.97Z</time>
		</trkpt>
		<trkpt lat="34.577589" lon="126.743091">
			<ele>0.00</ele>
			<time>2020-01-20T04:34:03.25Z</time>
		</trkpt>
		<trkpt lat="34.577493" lon="126.743098">
			<ele>0.00</ele>
			<time>2020-01-20T04:34:03.89Z</time>
		</trkpt>
		<trkpt lat="34.577371" lon="126.743079">
			<ele>0.00</ele>
			<time>2020-01-20T04:34:04.71Z</time>
		</trkpt>
		<trkpt lat="34.577239" lon="126.743036">
			<ele>0.00</ele>
			<time>2020-01-20T04:34:05.62Z</time>
		</trkpt>
		<trkpt lat="34.577206" lon="126.743024">
			<ele>0.00</ele>
			<time>2020-01-20T04:34:05.85Z</time>
		</trkpt>
		<trkpt lat="34.577111" lon="126.742964">
			<ele>0.00</ele>
			<time>2020-01-20T04:34:06.56Z</time>
		</trkpt>
		<trkpt lat="34.577085" lon="126.742951">
			<ele>0.00</ele>
			<time>2020-01-20T04:34:06.75Z</time>
		</trkpt>
		<trkpt lat="34.577065" lon="126.742915">
			<ele>0.00</ele>
			<time>2020-01-20T04:34:06.99Z</time>
		</trkpt>
		<trkpt lat="34.577025" lon="126.742856">
			<ele>0.00</ele>
			<time>2020-01-20T04:34:07.41Z</time>
		</trkpt>
		<trkpt lat="34.577006" lon="126.742822">
			<ele>0.00</ele>
			<time>2020-01-20T04:34:07.64Z</time>
		</trkpt>
		<trkpt lat="34.576981" lon="126.742792">
			<ele>0.00</ele>
			<time>2020-01-20T04:34:07.87Z</time>
		</trkpt>
		<trkpt lat="34.576969" lon="126.742743">
			<ele>0.00</ele>
			<time>2020-01-20T04:34:08.15Z</time>
		</trkpt>
		<trkpt lat="34.576969" lon="126.742724">
			<ele>0.00</ele>
			<time>2020-01-20T04:34:08.25Z</time>
		</trkpt>
		<trkpt lat="34.577002" lon="126.742646">
			<ele>0.00</ele>
			<time>2020-01-20T04:34:08.73Z</time>
		</trkpt>
		<trkpt lat="34.577002" lon="126.742610">
			<ele>0.00</ele>
			<time>2020-01-20T04:34:08.94Z</time>
		</trkpt>
		<trkpt lat="34.576967" lon="126.742607">
			<ele>0.00</ele>
			<time>2020-01-20T04:34:09.17Z</time>
		</trkpt>
		<trkpt lat="34.576894" lon="126.742596">
			<ele>0.00</ele>
			<time>2020-01-20T04:34:09.66Z</time>
		</trkpt>
		<trkpt lat="34.576839" lon="126.742602">
			<ele>0.00</ele>
			<time>2020-01-20T04:34:10.03Z</time>
		</trkpt>
		<trkpt lat="34.576786" lon="126.742562">
			<ele>0.00</ele>
			<time>2020-01-20T04:34:10.45Z</time>
		</trkpt>
		<trkpt lat="34.576719" lon="126.742488">
			<ele>0.00</ele>
			<time>2020-01-20T04:34:11.05Z</time>
		</trkpt>
		<trkpt lat="34.576633" lon="126.742380">
			<ele>0.00</ele>
			<time>2020-01-20T04:34:11.87Z</time>
		</trkpt>
		<trkpt lat="34.576569" lon="126.742288">
			<ele>0.00</ele>
			<time>2020-01-20T04:34:12.54Z</time>
		</trkpt>
		<trkpt lat="34.576488" lon="126.742271">
			<ele>0.00</ele>
			<time>2020-01-20T04:34:13.08Z</time>
		</trkpt>
		<trkpt lat="34.576329" lon="126.742223">
			<ele>0.00</ele>
			<time>2020-01-20T04:34:14.18Z</time>
		</trkpt>
		<trkpt lat="34.576237" lon="126.742176">
			<ele>0.00</ele>
			<time>2020-01-20T04:34:14.84Z</time>
		</trkpt>
		<trkpt lat="34.576144" lon="126.742080">
			<ele>0.00</ele>
			<time>2020-01-20T04:34:15.66Z</time>
		</trkpt>
		<trkpt lat="34.576063" lon="126.741899">
			<ele>0.00</ele>
			<time>2020-01-20T04:34:16.79Z</time>
		</trkpt>
		<trkpt lat="34.576020" lon="126.741767">
			<ele>0.00</ele>
			<time>2020-01-20T04:34:17.56Z</time>
		</trkpt>
		<trkpt lat="34.575996" lon="126.741652">
			<ele>0.00</ele>
			<time>2020-01-20T04:34:18.22Z</time>
		</trkpt>
		<trkpt lat="34.575996" lon="126.741581">
			<ele>0.00</ele>
			<time>2020-01-20T04:34:18.61Z</time>
		</trkpt>
		<trkpt lat="34.576020" lon="126.741504">
			<ele>0.00</ele>
			<time>2020-01-20T04:34:19.06Z</time>
		</trkpt>
		<trkpt lat="34.576045" lon="126.741439">
			<ele>0.00</ele>
			<time>2020-01-20T04:34:19.46Z</time>
		</trkpt>
		<trkpt lat="34.576058" lon="126.741385">
			<ele>0.00</ele>
			<time>2020-01-20T04:34:19.76Z</time>
		</trkpt>
		<trkpt lat="34.576062" lon="126.741326">
			<ele>0.00</ele>
			<time>2020-01-20T04:34:20.09Z</time>
		</trkpt>
		<trkpt lat="34.576037" lon="126.741263">
			<ele>0.00</ele>
			<time>2020-01-20T04:34:20.47Z</time>
		</trkpt>
		<trkpt lat="34.576006" lon="126.741197">
			<ele>0.00</ele>
			<time>2020-01-20T04:34:20.88Z</time>
		</trkpt>
		<trkpt lat="34.575992" lon="126.741148">
			<ele>0.00</ele>
			<time>2020-01-20T04:34:21.17Z</time>
		</trkpt>
		<trkpt lat="34.575992" lon="126.741089">
			<ele>0.00</ele>
			<time>2020-01-20T04:34:21.50Z</time>
		</trkpt>
		<trkpt lat="34.576003" lon="126.741002">
			<ele>0.00</ele>
			<time>2020-01-20T04:34:21.98Z</time>
		</trkpt>
		<trkpt lat="34.576028" lon="126.740923">
			<ele>0.00</ele>
			<time>2020-01-20T04:34:22.44Z</time>
		</trkpt>
		<trkpt lat="34.576035" lon="126.740867">
			<ele>0.00</ele>
			<time>2020-01-20T04:34:22.75Z</time>
		</trkpt>
		<trkpt lat="34.576012" lon="126.740792">
			<ele>0.00</ele>
			<time>2020-01-20T04:34:23.19Z</time>
		</trkpt>
		<trkpt lat="34.575964" lon="126.740717">
			<ele>0.00</ele>
			<time>2020-01-20T04:34:23.71Z</time>
		</trkpt>
		<trkpt lat="34.575887" lon="126.740598">
			<ele>0.00</ele>
			<time>2020-01-20T04:34:24.54Z</time>
		</trkpt>
		<trkpt lat="34.575812" lon="126.740499">
			<ele>0.00</ele>
			<time>2020-01-20T04:34:25.28Z</time>
		</trkpt>
		<trkpt lat="34.575680" lon="126.740587">
			<ele>0.00</ele>
			<time>2020-01-20T04:34:26.29Z</time>
		</trkpt>
		<trkpt lat="34.575485" lon="126.740760">
			<ele>0.00</ele>
			<time>2020-01-20T04:34:27.90Z</time>
		</trkpt>
		<trkpt lat="34.575319" lon="126.740922">
			<ele>0.00</ele>
			<time>2020-01-20T04:34:29.32Z</time>
		</trkpt>
		<trkpt lat="34.575178" lon="126.741055">
			<ele>0.00</ele>
			<time>2020-01-20T04:34:30.51Z</time>
		</trkpt>
		<trkpt lat="34.575095" lon="126.740938">
			<ele>0.00</ele>
			<time>2020-01-20T04:34:31.35Z</time>
		</trkpt>
		<trkpt lat="34.575074" lon="126.740897">
			<ele>0.00</ele>
			<time>2020-01-20T04:34:31.62Z</time>
		</trkpt>
		<trkpt lat="34.574864" lon="126.741073">
			<ele>0.00</ele>
			<time>2020-01-20T04:34:33.32Z</time>
		</trkpt>
		<trkpt lat="34.574390" lon="126.741484">
			<ele>0.00</ele>
			<time>2020-01-20T04:34:37.20Z</time>
		</trkpt>
		<trkpt lat="34.574274" lon="126.741586">
			<ele>0.00</ele>
			<time>2020-01-20T04:34:38.15Z</time>
		</trkpt>
		<trkpt lat="34.574174" lon="126.741440">
			<ele>0.00</ele>
			<time>2020-01-20T04:34:39.19Z</time>
		</trkpt>
		<trkpt lat="34.574058" lon="126.741253">
			<ele>0.00</ele>
			<time>2020-01-20T04:34:40.48Z</time>
		</trkpt>
		<trkpt lat="34.573932" lon="126.741038">
			<ele>0.00</ele>
			<time>2020-01-20T04:34:41.93Z</time>
		</trkpt>
		<trkpt lat="34.573823" lon="126.740865">
			<ele>0.00</ele>
			<time>2020-01-20T04:34:43.13Z</time>
		</trkpt>
		<trkpt lat="34.573677" lon="126.740641">
			<ele>0.00</ele>
			<time>2020-01-20T04:34:44.69Z</time>
		</trkpt>
		<trkpt lat="34.573523" lon="126.740401">
			<ele>0.00</ele>
			<time>2020-01-20T04:34:46.37Z</time>
		</trkpt>
		<trkpt lat="34.573365" lon="126.740136">
			<ele>0.00</ele>
			<time>2020-01-20T04:34:48.16Z</time>
		</trkpt>
		<trkpt lat="34.573244" lon="126.739952">
			<ele>0.00</ele>
			<time>2020-01-20T04:34:49.45Z</time>
		</trkpt>
		<trkpt lat="34.573174" lon="126.739856">
			<ele>0.00</ele>
			<time>2020-01-20T04:34:50.16Z</time>
		</trkpt>
		<trkpt lat="34.573032" lon="126.739925">
			<ele>0.00</ele>
			<time>2020-01-20T04:34:51.17Z</time>
		</trkpt>
		<trkpt lat="34.572933" lon="126.739989">
			<ele>0.00</ele>
			<time>2020-01-20T04:34:51.92Z</time>
		</trkpt>
		<trkpt lat="34.572857" lon="126.740021">
			<ele>0.00</ele>
			<time>2020-01-20T04:34:52.46Z</time>
		</trkpt>
		<trkpt lat="34.572797" lon="126.740053">
			<ele>0.00</ele>
			<time>2020-01-20T04:34:52.90Z</time>
		</trkpt>
		<trkpt lat="34.572710" lon="126.740128">
			<ele>0.00</ele>
			<time>2020-01-20T04:34:53.60Z</time>
		</trkpt>
		<trkpt lat="34.572647" lon="126.740183">
			<ele>0.00</ele>
			<time>2020-01-20T04:34:54.13Z</time>
		</trkpt>
		<trkpt lat="34.572577" lon="126.740241">
			<ele>0.00</ele>
			<time>2020-01-20T04:34:54.69Z</time>
		</trkpt>
		<trkpt lat="34.572450" lon="126.740334">
			<ele>0.00</ele>
			<time>2020-01-20T04:34:55.67Z</time>
		</trkpt>
		<trkpt lat="34.572318" lon="126.740412">
			<ele>0.00</ele>
			<time>2020-01-20T04:34:56.66Z</time>
		</trkpt>
		<trkpt lat="34.572236" lon="126.740472">
			<ele>0.00</ele>
			<time>2020-01-20T04:34:57.29Z</time>
		</trkpt>
		<trkpt lat="34.572168" lon="126.740506">
			<ele>0.00</ele>
			<time>2020-01-20T04:34:57.78Z</time>
		</trkpt>
		<trkpt lat="34.572116" lon="126.740511">
			<ele>0.00</ele>
			<time>2020-01-20T04:34:58.13Z</time>
		</trkpt>
		<trkpt lat="34.572065" lon="126.740471">
			<ele>0.00</ele>
			<time>2020-01-20T04:34:58.54Z</time>
		</trkpt>
		<trkpt lat="34.572010" lon="126.740394">
			<ele>0.00</ele>
			<time>2020-01-20T04:34:59.10Z</time>
		</trkpt>
		<trkpt lat="34.571963" lon="126.740310">
			<ele>0.00</ele>
			<time>2020-01-20T04:34:59.66Z</time>
		</trkpt>
		<trkpt lat="34.571921" lon="126.740231">
			<ele>0.00</ele>
			<time>2020-01-20T04:35:00.17Z</time>
		</trkpt>
		<trkpt lat="34.571903" lon="126.740151">
			<ele>0.00</ele>
			<time>2020-01-20T04:35:00.63Z</time>
		</trkpt>
		<trkpt lat="34.571875" lon="126.740121">
			<ele>0.00</ele>
			<time>2020-01-20T04:35:00.88Z</time>
		</trkpt>
		<trkpt lat="34.571807" lon="126.740081">
			<ele>0.00</ele>
			<time>2020-01-20T04:35:01.38Z</time>
		</trkpt>
		<trkpt lat="34.571803" lon="126.740080">
			<ele>0.00</ele>
			<time>2020-01-20T04:35:01.44Z</time>
		</trkpt>
		<trkpt lat="34.571745" lon="126.740082">
			<ele>0.00</ele>
			<time>2020-01-20T04:35:01.82Z</time>
		</trkpt>
		<trkpt lat="34.571695" lon="126.740076">
			<ele>0.00</ele>
			<time>2020-01-20T04:35:02.17Z</time>
		</trkpt>
		<trkpt lat="34.571599" lon="126.740004">
			<ele>0.00</ele>
			<time>2020-01-20T04:35:02.91Z</time>
		</trkpt>
		<trkpt lat="34.571520" lon="126.739943">
			<ele>0.00</ele>
			<time>2020-01-20T04:35:03.54Z</time>
		</trkpt>
		<trkpt lat="34.571449" lon="126.739911">
			<ele>0.00</ele>
			<time>2020-01-20T04:35:04.04Z</time>
		</trkpt>
		<trkpt lat="34.571362" lon="126.739875">
			<ele>0.00</ele>
			<time>2020-01-20T04:35:04.65Z</time>
		</trkpt>
		<trkpt lat="34.571283" lon="126.739811">
			<ele>0.00</ele>
			<time>2020-01-20T04:35:05.29Z</time>
		</trkpt>
		<trkpt lat="34.571186" lon="126.739737">
			<ele>0.00</ele>
			<time>2020-01-20T04:35:06.05Z</time>
		</trkpt>
		<trkpt lat="34.571225" lon="126.739766">
			<ele>0.00</ele>
			<time>2020-01-20T04:35:06.36Z</time>
		</trkpt>
		<trkpt lat="34.571120" lon="126.739677">
			<ele>0.00</ele>
			<time>2020-01-20T04:35:07.21Z</time>
		</trkpt>
		<trkpt lat="34.571045" lon="126.739606">
			<ele>0.00</ele>
			<time>2020-01-20T04:35:07.84Z</time>
		</trkpt>
		<trkpt lat="34.571010" lon="126.739574">
			<ele>0.00</ele>
			<time>2020-01-20T04:35:08.14Z</time>
		</trkpt>
		<trkpt lat="34.570987" lon="126.739538">
			<ele>0.00</ele>
			<time>2020-01-20T04:35:08.39Z</time>
		</trkpt>
		<trkpt lat="34.570971" lon="126.739474">
			<ele>0.00</ele>
			<time>2020-01-20T04:35:08.75Z</time>
		</trkpt>
		<trkpt lat="34.570960" lon="126.739359">
			<ele>0.00</ele>
			<time>2020-01-20T04:35:09.39Z</time>
		</trkpt>
		<trkpt lat="34.570947" lon="126.739260">
			<ele>0.00</ele>
			<time>2020-01-20T04:35:09.94Z</time>
		</trkpt>
		<trkpt lat="34.570932" lon="126.739184">
			<ele>0.00</ele>
			<time>2020-01-20T04:35:10.37Z</time>
		</trkpt>
		<trkpt lat="34.570924" lon="126.739142">
			<ele>0.00</ele>
			<time>2020-01-20T04:35:10.61Z</time>
		</trkpt>
		<trkpt lat="34.570907" lon="126.739064">
			<ele>0.00</ele>
			<time>2020-01-20T04:35:11.05Z</time>
		</trkpt>
		<trkpt lat="34.570900" lon="126.739009">
			<ele>0.00</ele>
			<time>2020-01-20T04:35:11.35Z</time>
		</trkpt>
		<trkpt lat="34.570909" lon="126.738964">
			<ele>0.00</ele>
			<time>2020-01-20T04:35:11.61Z</time>
		</trkpt>
		<trkpt lat="34.570914" lon="126.738894">
			<ele>0.00</ele>
			<time>2020-01-20T04:35:11.99Z</time>
		</trkpt>
		<trkpt lat="34.570924" lon="126.738824">
			<ele>0.00</ele>
			<time>2020-01-20T04:35:12.39Z</time>
		</trkpt>
		<trkpt lat="34.570931" lon="126.738774">
			<ele>0.00</ele>
			<time>2020-01-20T04:35:12.66Z</time>
		</trkpt>
		<trkpt lat="34.570940" lon="126.738675">
			<ele>0.00</ele>
			<time>2020-01-20T04:35:13.21Z</time>
		</trkpt>
		<trkpt lat="34.570923" lon="126.738642">
			<ele>0.00</ele>
			<time>2020-01-20T04:35:13.42Z</time>
		</trkpt>
		<trkpt lat="34.570887" lon="126.738596">
			<ele>0.00</ele>
			<time>2020-01-20T04:35:13.77Z</time>
		</trkpt>
		<trkpt lat="34.570850" lon="126.738565">
			<ele>0.00</ele>
			<time>2020-01-20T04:35:14.07Z</time>
		</trkpt>
		<trkpt lat="34.570813" lon="126.738534">
			<ele>0.00</ele>
			<time>2020-01-20T04:35:14.37Z</time>
		</trkpt>
		<trkpt lat="34.570774" lon="126.738494">
			<ele>0.00</ele>
			<time>2020-01-20T04:35:14.70Z</time>
		</trkpt>
		<trkpt lat="34.570726" lon="126.738445">
			<ele>0.00</ele>
			<time>2020-01-20T04:35:15.12Z</time>
		</trkpt>
		<trkpt lat="34.570691" lon="126.738393">
			<ele>0.00</ele>
			<time>2020-01-20T04:35:15.49Z</time>
		</trkpt>
		<trkpt lat="34.570662" lon="126.738325">
			<ele>0.00</ele>
			<time>2020-01-20T04:35:15.91Z</time>
		</trkpt>
		<trkpt lat="34.570628" lon="126.738243">
			<ele>0.00</ele>
			<time>2020-01-20T04:35:16.42Z</time>
		</trkpt>
		<trkpt lat="34.570596" lon="126.738136">
			<ele>0.00</ele>
			<time>2020-01-20T04:35:17.05Z</time>
		</trkpt>
		<trkpt lat="34.570561" lon="126.738018">
			<ele>0.00</ele>
			<time>2020-01-20T04:35:17.73Z</time>
		</trkpt>
		<trkpt lat="34.570537" lon="126.737917">
			<ele>0.00</ele>
			<time>2020-01-20T04:35:18.31Z</time>
		</trkpt>
		<trkpt lat="34.570510" lon="126.737806">
			<ele>0.00</ele>
			<time>2020-01-20T04:35:18.94Z</time>
		</trkpt>
		<trkpt lat="34.570488" lon="126.737727">
			<ele>0.00</ele>
			<time>2020-01-20T04:35:19.40Z</time>
		</trkpt>
		<trkpt lat="34.570467" lon="126.737632">
			<ele>0.00</ele>
			<time>2020-01-20T04:35:19.94Z</time>
		</trkpt>
		<trkpt lat="34.570445" lon="126.737537">
			<ele>0.00</ele>
			<time>2020-01-20T04:35:20.48Z</time>
		</trkpt>
		<trkpt lat="34.570427" lon="126.737477">
			<ele>0.00</ele>
			<time>2020-01-20T04:35:20.84Z</time>
		</trkpt>
		<trkpt lat="34.570401" lon="126.737383">
			<ele>0.00</ele>
			<time>2020-01-20T04:35:21.38Z</time>
		</trkpt>
		<trkpt lat="34.570389" lon="126.737314">
			<ele>0.00</ele>
			<time>2020-01-20T04:35:21.77Z</time>
		</trkpt>
		<trkpt lat="34.570373" lon="126.737250">
			<ele>0.00</ele>
			<time>2020-01-20T04:35:22.13Z</time>
		</trkpt>
		<trkpt lat="34.570359" lon="126.737196">
			<ele>0.00</ele>
			<time>2020-01-20T04:35:22.45Z</time>
		</trkpt>
		<trkpt lat="34.570344" lon="126.737132">
			<ele>0.00</ele>
			<time>2020-01-20T04:35:22.81Z</time>
		</trkpt>
		<trkpt lat="34.570329" lon="126.737070">
			<ele>0.00</ele>
			<time>2020-01-20T04:35:23.17Z</time>
		</trkpt>
		<trkpt lat="34.570313" lon="126.737022">
			<ele>0.00</ele>
			<time>2020-01-20T04:35:23.45Z</time>
		</trkpt>
		<trkpt lat="34.570294" lon="126.736945">
			<ele>0.00</ele>
			<time>2020-01-20T04:35:23.89Z</time>
		</trkpt>
		<trkpt lat="34.570277" lon="126.736877">
			<ele>0.00</ele>
			<time>2020-01-20T04:35:24.28Z</time>
		</trkpt>
		<trkpt lat="34.570260" lon="126.736845">
			<ele>0.00</ele>
			<time>2020-01-20T04:35:24.49Z</time>
		</trkpt>
		<trkpt lat="34.570216" lon="126.736789">
			<ele>0.00</ele>
			<time>2020-01-20T04:35:24.91Z</time>
		</trkpt>
		<trkpt lat="34.570173" lon="126.736743">
			<ele>0.00</ele>
			<time>2020-01-20T04:35:25.30Z</time>
		</trkpt>
		<trkpt lat="34.570145" lon="126.736718">
			<ele>0.00</ele>
			<time>2020-01-20T04:35:25.53Z</time>
		</trkpt>
		<trkpt lat="34.570132" lon="126.736702">
			<ele>0.00</ele>
			<time>2020-01-20T04:35:25.65Z</time>
		</trkpt>
		<trkpt lat="34.570135" lon="126.736667">
			<ele>0.00</ele>
			<time>2020-01-20T04:35:25.85Z</time>
		</trkpt>
		<trkpt lat="34.570165" lon="126.736618">
			<ele>0.00</ele>
			<time>2020-01-20T04:35:26.18Z</time>
		</trkpt>
		<trkpt lat="34.570216" lon="126.736566">
			<ele>0.00</ele>
			<time>2020-01-20T04:35:26.63Z</time>
		</trkpt>
		<trkpt lat="34.570241" lon="126.736533">
			<ele>0.00</ele>
			<time>2020-01-20T04:35:26.87Z</time>
		</trkpt>
		<trkpt lat="34.570279" lon="126.736463">
			<ele>0.00</ele>
			<time>2020-01-20T04:35:27.33Z</time>
		</trkpt>
		<trkpt lat="34.570315" lon="126.736412">
			<ele>0.00</ele>
			<time>2020-01-20T04:35:27.70Z</time>
		</trkpt>
		<trkpt lat="34.570342" lon="126.736373">
			<ele>0.00</ele>
			<time>2020-01-20T04:35:27.98Z</time>
		</trkpt>
		<trkpt lat="34.570362" lon="126.736340">
			<ele>0.00</ele>
			<time>2020-01-20T04:35:28.21Z</time>
		</trkpt>
		<trkpt lat="34.570371" lon="126.736307">
			<ele>0.00</ele>
			<time>2020-01-20T04:35:28.40Z</time>
		</trkpt>
		<trkpt lat="34.570369" lon="126.736312">
			<ele>0.00</ele>
			<time>2020-01-20T04:35:28.46Z</time>
		</trkpt>
		<trkpt lat="34.570356" lon="126.736279">
			<ele>0.00</ele>
			<time>2020-01-20T04:35:28.65Z</time>
		</trkpt>
		<trkpt lat="34.570343" lon="126.736248">
			<ele>0.00</ele>
			<time>2020-01-20T04:35:28.85Z</time>
		</trkpt>
		<trkpt lat="34.570313" lon="126.736212">
			<ele>0.00</ele>
			<time>2020-01-20T04:35:29.13Z</time>
		</trkpt>
		<trkpt lat="34.570247" lon="126.736188">
			<ele>0.00</ele>
			<time>2020-01-20T04:35:29.59Z</time>
		</trkpt>
		<trkpt lat="34.570162" lon="126.736154">
			<ele>0.00</ele>
			<time>2020-01-20T04:35:30.18Z</time>
		</trkpt>
		<trkpt lat="34.570134" lon="126.736143">
			<ele>0.00</ele>
			<time>2020-01-20T04:35:30.38Z</time>
		</trkpt>
		<trkpt lat="34.570087" lon="126.736147">
			<ele>0.00</ele>
			<time>2020-01-20T04:35:30.70Z</time>
		</trkpt>
		<trkpt lat="34.570048" lon="126.736145">
			<ele>0.00</ele>
			<time>2020-01-20T04:35:30.95Z</time>
		</trkpt>
		<trkpt lat="34.570014" lon="126.736125">
			<ele>0.00</ele>
			<time>2020-01-20T04:35:31.21Z</time>
		</trkpt>
		<trkpt lat="34.569973" lon="126.736086">
			<ele>0.00</ele>
			<time>2020-01-20T04:35:31.55Z</time>
		</trkpt>
		<trkpt lat="34.569905" lon="126.736033">
			<ele>0.00</ele>
			<time>2020-01-20T04:35:32.09Z</time>
		</trkpt>
		<trkpt lat="34.569828" lon="126.735947">
			<ele>0.00</ele>
			<time>2020-01-20T04:35:32.79Z</time>
		</trkpt>
		<trkpt lat="34.569771" lon="126.735932">
			<ele>0.00</ele>
			<time>2020-01-20T04:35:33.18Z</time>
		</trkpt>
		<trkpt lat="34.569720" lon="126.735910">
			<ele>0.00</ele>
			<time>2020-01-20T04:35:33.54Z</time>
		</trkpt>
		<trkpt lat="34.569654" lon="126.735866">
			<ele>0.00</ele>
			<time>2020-01-20T04:35:34.04Z</time>
		</trkpt>
		<trkpt lat="34.569600" lon="126.735864">
			<ele>0.00</ele>
			<time>2020-01-20T04:35:34.40Z</time>
		</trkpt>
		<trkpt lat="34.569556" lon="126.735866">
			<ele>0.00</ele>
			<time>2020-01-20T04:35:34.70Z</time>
		</trkpt>
		<trkpt lat="34.569510" lon="126.735899">
			<ele>0.00</ele>
			<time>2020-01-20T04:35:35.05Z</time>
		</trkpt>
		<trkpt lat="34.569476" lon="126.735924">
			<ele>0.00</ele>
			<time>2020-01-20T04:35:35.31Z</time>
		</trkpt>
		<trkpt lat="34.569407" lon="126.735936">
			<ele>0.00</ele>
			<time>2020-01-20T04:35:35.78Z</time>
		</trkpt>
		<trkpt lat="34.569335" lon="126.735940">
			<ele>0.00</ele>
			<time>2020-01-20T04:35:36.26Z</time>
		</trkpt>
		<trkpt lat="34.569301" lon="126.735940">
			<ele>0.00</ele>
			<time>2020-01-20T04:35:36.49Z</time>
		</trkpt>
		<trkpt lat="34.569257" lon="126.735928">
			<ele>0.00</ele>
			<time>2020-01-20T04:35:36.79Z</time>
		</trkpt>
		<trkpt lat="34.569205" lon="126.735901">
			<ele>0.00</ele>
			<time>2020-01-20T04:35:37.17Z</time>
		</trkpt>
		<trkpt lat="34.569139" lon="126.735887">
			<ele>0.00</ele>
			<time>2020-01-20T04:35:37.61Z</time>
		</trkpt>
		<trkpt lat="34.569093" lon="126.735877">
			<ele>0.00</ele>
			<time>2020-01-20T04:35:37.92Z</time>
		</trkpt>
		<trkpt lat="34.569041" lon="126.735854">
			<ele>0.00</ele>
			<time>2020-01-20T04:35:38.29Z</time>
		</trkpt>
		<trkpt lat="34.569010" lon="126.735835">
			<ele>0.00</ele>
			<time>2020-01-20T04:35:38.52Z</time>
		</trkpt>
		<trkpt lat="34.568993" lon="126.735805">
			<ele>0.00</ele>
			<time>2020-01-20T04:35:38.72Z</time>
		</trkpt>
		<trkpt lat="34.568963" lon="126.735743">
			<ele>0.00</ele>
			<time>2020-01-20T04:35:39.12Z</time>
		</trkpt>
		<trkpt lat="34.568959" lon="126.735688">
			<ele>0.00</ele>
			<time>2020-01-20T04:35:39.42Z</time>
		</trkpt>
		<trkpt lat="34.568960" lon="126.735612">
			<ele>0.00</ele>
			<time>2020-01-20T04:35:39.84Z</time>
		</trkpt>
		<trkpt lat="34.568962" lon="126.735568">
			<ele>0.00</ele>
			<time>2020-01-20T04:35:40.08Z</time>
		</trkpt>
		<trkpt lat="34.568967" lon="126.735536">
			<ele>0.00</ele>
			<time>2020-01-20T04:35:40.26Z</time>
		</trkpt>
		<trkpt lat="34.568972" lon="126.735507">
			<ele>0.00</ele>
			<time>2020-01-20T04:35:40.42Z</time>
		</trkpt>
		<trkpt lat="34.568959" lon="126.735489">
			<ele>0.00</ele>
			<time>2020-01-20T04:35:40.55Z</time>
		</trkpt>
		<trkpt lat="34.568937" lon="126.735466">
			<ele>0.00</ele>
			<time>2020-01-20T04:35:40.74Z</time>
		</trkpt>
		<trkpt lat="34.568913" lon="126.735436">
			<ele>0.00</ele>
			<time>2020-01-20T04:35:40.97Z</time>
		</trkpt>
		<trkpt lat="34.568891" lon="126.735405">
			<ele>0.00</ele>
			<time>2020-01-20T04:35:41.20Z</time>
		</trkpt>
		<trkpt lat="34.568876" lon="126.735391">
			<ele>0.00</ele>
			<time>2020-01-20T04:35:41.33Z</time>
		</trkpt>
		<trkpt lat="34.568864" lon="126.735341">
			<ele>0.00</ele>
			<time>2020-01-20T04:35:41.61Z</time>
		</trkpt>
		<trkpt lat="34.568844" lon="126.735270">
			<ele>0.00</ele>
			<time>2020-01-20T04:35:42.02Z</time>
		</trkpt>
		<trkpt lat="34.568820" lon="126.735156">
			<ele>0.00</ele>
			<time>2020-01-20T04:35:42.67Z</time>
		</trkpt>
		<trkpt lat="34.568845" lon="126.735045">
			<ele>0.00</ele>
			<time>2020-01-20T04:35:43.30Z</time>
		</trkpt>
		<trkpt lat="34.568859" lon="126.734925">
			<ele>0.00</ele>
			<time>2020-01-20T04:35:43.97Z</time>
		</trkpt>
		<trkpt lat="34.568825" lon="126.734824">
			<ele>0.00</ele>
			<time>2020-01-20T04:35:44.56Z</time>
		</trkpt>
		<trkpt lat="34.568784" lon="126.734759">
			<ele>0.00</ele>
			<time>2020-01-20T04:35:45.01Z</time>
		</trkpt>
		<trkpt lat="34.568752" lon="126.734705">
			<ele>0.00</ele>
			<time>2020-01-20T04:35:45.38Z</time>
		</trkpt>
		<trkpt lat="34.568700" lon="126.734636">
			<ele>0.00</ele>
			<time>2020-01-20T04:35:45.89Z</time>
		</trkpt>
		<trkpt lat="34.568674" lon="126.734573">
			<ele>0.00</ele>
			<time>2020-01-20T04:35:46.28Z</time>
		</trkpt>
		<trkpt lat="34.568646" lon="126.734509">
			<ele>0.00</ele>
			<time>2020-01-20T04:35:46.68Z</time>
		</trkpt>
		<trkpt lat="34.568638" lon="126.734432">
			<ele>0.00</ele>
			<time>2020-01-20T04:35:47.10Z</time>
		</trkpt>
		<trkpt lat="34.568629" lon="126.734340">
			<ele>0.00</ele>
			<time>2020-01-20T04:35:47.61Z</time>
		</trkpt>
		<trkpt lat="34.568626" lon="126.734288">
			<ele>0.00</ele>
			<time>2020-01-20T04:35:47.90Z</time>
		</trkpt>
		<trkpt lat="34.568648" lon="126.734239">
			<ele>0.00</ele>
			<time>2020-01-20T04:35:48.20Z</time>
		</trkpt>
		<trkpt lat="34.568671" lon="126.734193">
			<ele>0.00</ele>
			<time>2020-01-20T04:35:48.50Z</time>
		</trkpt>
		<trkpt lat="34.568653" lon="126.734137">
			<ele>0.00</ele>
			<time>2020-01-20T04:35:48.83Z</time>
		</trkpt>
		<trkpt lat="34.568635" lon="126.734088">
			<ele>0.00</ele>
			<time>2020-01-20T04:35:49.13Z</time>
		</trkpt>
		<trkpt lat="34.568644" lon="126.733987">
			<ele>0.00</ele>
			<time>2020-01-20T04:35:49.69Z</time>
		</trkpt>
		<trkpt lat="34.568675" lon="126.733849">
			<ele>0.00</ele>
			<time>2020-01-20T04:35:50.47Z</time>
		</trkpt>
		<trkpt lat="34.568695" lon="126.733731">
			<ele>0.00</ele>
			<time>2020-01-20T04:35:51.13Z</time>
		</trkpt>
		<trkpt lat="34.568709" lon="126.733647">
			<ele>0.00</ele>
			<time>2020-01-20T04:35:51.60Z</time>
		</trkpt>
		<trkpt lat="34.568707" lon="126.733540">
			<ele>0.00</ele>
			<time>2020-01-20T04:35:52.19Z</time>
		</trkpt>
		<trkpt lat="34.568757" lon="126.733439">
			<ele>0.00</ele>
			<time>2020-01-20T04:35:52.84Z</time>
		</trkpt>
		<trkpt lat="34.568911" lon="126.733267">
			<ele>0.00</ele>
			<time>2020-01-20T04:35:54.23Z</time>
		</trkpt>
		<trkpt lat="34.569003" lon="126.733216">
			<ele>0.00</ele>
			<time>2020-01-20T04:35:54.91Z</time>
		</trkpt>
		<trkpt lat="34.569061" lon="126.733157">
			<ele>0.00</ele>
			<time>2020-01-20T04:35:55.41Z</time>
		</trkpt>
		<trkpt lat="34.569127" lon="126.733048">
			<ele>0.00</ele>
			<time>2020-01-20T04:35:56.15Z</time>
		</trkpt>
		<trkpt lat="34.569161" lon="126.732927">
			<ele>0.00</ele>
			<time>2020-01-20T04:35:56.85Z</time>
		</trkpt>
		<trkpt lat="34.569193" lon="126.732838">
			<ele>0.00</ele>
			<time>2020-01-20T04:35:57.39Z</time>
		</trkpt>
		<trkpt lat="34.569166" lon="126.732749">
			<ele>0.00</ele>
			<time>2020-01-20T04:35:57.91Z</time>
		</trkpt>
		<trkpt lat="34.569161" lon="126.732732">
			<ele>0.00</ele>
			<time>2020-01-20T04:35:58.01Z</time>
		</trkpt>
		<trkpt lat="34.569104" lon="126.732694">
			<ele>0.00</ele>
			<time>2020-01-20T04:35:58.44Z</time>
		</trkpt>
		<trkpt lat="34.569059" lon="126.732659">
			<ele>0.00</ele>
			<time>2020-01-20T04:35:58.80Z</time>
		</trkpt>
		<trkpt lat="34.569010" lon="126.732601">
			<ele>0.00</ele>
			<time>2020-01-20T04:35:59.25Z</time>
		</trkpt>
		<trkpt lat="34.568943" lon="126.732500">
			<ele>0.00</ele>
			<time>2020-01-20T04:35:59.96Z</time>
		</trkpt>
		<trkpt lat="34.568893" lon="126.732444">
			<ele>0.00</ele>
			<time>2020-01-20T04:36:00.42Z</time>
		</trkpt>
		<trkpt lat="34.568850" lon="126.732408">
			<ele>0.00</ele>
			<time>2020-01-20T04:36:00.77Z</time>
		</trkpt>
		<trkpt lat="34.568781" lon="126.732363">
			<ele>0.00</ele>
			<time>2020-01-20T04:36:01.29Z</time>
		</trkpt>
		<trkpt lat="34.568746" lon="126.732323">
			<ele>0.00</ele>
			<time>2020-01-20T04:36:01.61Z</time>
		</trkpt>
		<trkpt lat="34.568707" lon="126.732277">
			<ele>0.00</ele>
			<time>2020-01-20T04:36:01.97Z</time>
		</trkpt>
		<trkpt lat="34.568659" lon="126.732190">
			<ele>0.00</ele>
			<time>2020-01-20T04:36:02.55Z</time>
		</trkpt>
		<trkpt lat="34.568566" lon="126.732133">
			<ele>0.00</ele>
			<time>2020-01-20T04:36:03.25Z</time>
		</trkpt>
		<trkpt lat="34.568491" lon="126.732157">
			<ele>0.00</ele>
			<time>2020-01-20T04:36:03.76Z</time>
		</trkpt>
		<trkpt lat="34.568374" lon="126.732176">
			<ele>0.00</ele>
			<time>2020-01-20T04:36:04.55Z</time>
		</trkpt>
		<trkpt lat="34.568326" lon="126.732161">
			<ele>0.00</ele>
			<time>2020-01-20T04:36:04.87Z</time>
		</trkpt>
		<trkpt lat="34.568285" lon="126.732148">
			<ele>0.00</ele>
			<time>2020-01-20T04:36:05.16Z</time>
		</trkpt>
		<trkpt lat="34.568326" lon="126.732055">
			<ele>0.00</ele>
			<time>2020-01-20T04:36:05.74Z</time>
		</trkpt>
		<trkpt lat="34.568407" lon="126.732003">
			<ele>0.00</ele>
			<time>2020-01-20T04:36:06.35Z</time>
		</trkpt>
		<trkpt lat="34.568467" lon="126.731909">
			<ele>0.00</ele>
			<time>2020-01-20T04:36:07Z</time>
		</trkpt>
		<trkpt lat="34.568548" lon="126.731821">
			<ele>0.00</ele>
			<time>2020-01-20T04:36:07.73Z</time>
		</trkpt>
		<trkpt lat="34.568599" lon="126.731721">
			<ele>0.00</ele>
			<time>2020-01-20T04:36:08.38Z</time>
		</trkpt>
		<trkpt lat="34.568630" lon="126.731619">
			<ele>0.00</ele>
			<time>2020-01-20T04:36:08.97Z</time>
		</trkpt>
		<trkpt lat="34.568674" lon="126.731520">
			<ele>0.00</ele>
			<time>2020-01-20T04:36:09.59Z</time>
		</trkpt>
		<trkpt lat="34.568709" lon="126.731414">
			<ele>0.00</ele>
			<time>2020-01-20T04:36:10.22Z</time>
		</trkpt>
		<trkpt lat="34.568668" lon="126.731365">
			<ele>0.00</ele>
			<time>2020-01-20T04:36:10.60Z</time>
		</trkpt>
		<trkpt lat="34.568590" lon="126.731286">
			<ele>0.00</ele>
			<time>2020-01-20T04:36:11.28Z</time>
		</trkpt>
		<trkpt lat="34.568557" lon="126.731254">
			<ele>0.00</ele>
			<time>2020-01-20T04:36:11.56Z</time>
		</trkpt>
		<trkpt lat="34.568540" lon="126.731135">
			<ele>0.00</ele>
			<time>2020-01-20T04:36:12.23Z</time>
		</trkpt>
		<trkpt lat="34.568485" lon="126.731021">
			<ele>0.00</ele>
			<time>2020-01-20T04:36:12.95Z</time>
		</trkpt>
		<trkpt lat="34.568417" lon="126.730954">
			<ele>0.00</ele>
			<time>2020-01-20T04:36:13.53Z</time>
		</trkpt>
		<trkpt lat="34.568332" lon="126.730876">
			<ele>0.00</ele>
			<time>2020-01-20T04:36:14.25Z</time>
		</trkpt>
		<trkpt lat="34.568250" lon="126.730822">
			<ele>0.00</ele>
			<time>2020-01-20T04:36:14.87Z</time>
		</trkpt>
		<trkpt lat="34.568161" lon="126.730788">
			<ele>0.00</ele>
			<time>2020-01-20T04:36:15.48Z</time>
		</trkpt>
		<trkpt lat="34.568109" lon="126.730698">
			<ele>0.00</ele>
			<time>2020-01-20T04:36:16.09Z</time>
		</trkpt>
		<trkpt lat="34.568042" lon="126.730608">
			<ele>0.00</ele>
			<time>2020-01-20T04:36:16.76Z</time>
		</trkpt>
		<trkpt lat="34.568036" lon="126.730486">
			<ele>0.00</ele>
			<time>2020-01-20T04:36:17.43Z</time>
		</trkpt>
		<trkpt lat="34.568015" lon="126.730374">
			<ele>0.00</ele>
			<time>2020-01-20T04:36:18.06Z</time>
		</trkpt>
		<trkpt lat="34.567931" lon="126.730338">
			<ele>0.00</ele>
			<time>2020-01-20T04:36:18.65Z</time>
		</trkpt>
		<trkpt lat="34.567818" lon="126.730315">
			<ele>0.00</ele>
			<time>2020-01-20T04:36:19.42Z</time>
		</trkpt>
		<trkpt lat="34.567726" lon="126.730268">
			<ele>0.00</ele>
			<time>2020-01-20T04:36:20.08Z</time>
		</trkpt>
		<trkpt lat="34.567678" lon="126.730173">
			<ele>0.00</ele>
			<time>2020-01-20T04:36:20.69Z</time>
		</trkpt>
		<trkpt lat="34.567503" lon="126.730064">
			<ele>0.00</ele>
			<time>2020-01-20T04:36:22Z</time>
		</trkpt>
		<trkpt lat="34.567480" lon="126.729955">
			<ele>0.00</ele>
			<time>2020-01-20T04:36:22.62Z</time>
		</trkpt>
		<trkpt lat="34.567464" lon="126.729704">
			<ele>0.00</ele>
			<time>2020-01-20T04:36:24Z</time>
		</trkpt>
		<trkpt lat="34.567519" lon="126.729487">
			<ele>0.00</ele>
			<time>2020-01-20T04:36:25.25Z</time>
		</trkpt>
		<trkpt lat="34.567523" lon="126.729356">
			<ele>0.00</ele>
			<time>2020-01-20T04:36:25.97Z</time>
		</trkpt>
		<trkpt lat="34.567526" lon="126.729259">
			<ele>0.00</ele>
			<time>2020-01-20T04:36:26.50Z</time>
		</trkpt>
		<trkpt lat="34.567459" lon="126.729077">
			<ele>0.00</ele>
			<time>2020-01-20T04:36:27.59Z</time>
		</trkpt>
		<trkpt lat="34.567436" lon="126.729007">
			<ele>0.00</ele>
			<time>2020-01-20T04:36:28.01Z</time>
		</trkpt>
		<trkpt lat="34.567413" lon="126.728913">
			<ele>0.00</ele>
			<time>2020-01-20T04:36:28.55Z</time>
		</trkpt>
		<trkpt lat="34.567330" lon="126.728829">
			<ele>0.00</ele>
			<time>2020-01-20T04:36:29.27Z</time>
		</trkpt>
		<trkpt lat="34.567280" lon="126.728751">
			<ele>0.00</ele>
			<time>2020-01-20T04:36:29.81Z</time>
		</trkpt>
		<trkpt lat="34.567206" lon="126.728712">
			<ele>0.00</ele>
			<time>2020-01-20T04:36:30.35Z</time>
		</trkpt>
		<trkpt lat="34.567105" lon="126.728659">
			<ele>0.00</ele>
			<time>2020-01-20T04:36:31.08Z</time>
		</trkpt>
		<trkpt lat="34.567052" lon="126.728689">
			<ele>0.00</ele>
			<time>2020-01-20T04:36:31.47Z</time>
		</trkpt>
		<trkpt lat="34.567011" lon="126.728701">
			<ele>0.00</ele>
			<time>2020-01-20T04:36:31.75Z</time>
		</trkpt>
		<trkpt lat="34.566878" lon="126.728709">
			<ele>0.00</ele>
			<time>2020-01-20T04:36:32.64Z</time>
		</trkpt>
		<trkpt lat="34.566818" lon="126.728715">
			<ele>0.00</ele>
			<time>2020-01-20T04:36:33.04Z</time>
		</trkpt>
		<trkpt lat="34.566740" lon="126.728756">
			<ele>0.00</ele>
			<time>2020-01-20T04:36:33.61Z</time>
		</trkpt>
		<trkpt lat="34.566687" lon="126.728835">
			<ele>0.00</ele>
			<time>2020-01-20T04:36:34.17Z</time>
		</trkpt>
		<trkpt lat="34.566671" lon="126.728888">
			<ele>0.00</ele>
			<time>2020-01-20T04:36:34.48Z</time>
		</trkpt>
		<trkpt lat="34.566650" lon="126.728957">
			<ele>0.00</ele>
			<time>2020-01-20T04:36:34.88Z</time>
		</trkpt>
		<trkpt lat="34.566567" lon="126.729035">
			<ele>0.00</ele>
			<time>2020-01-20T04:36:35.58Z</time>
		</trkpt>
		<trkpt lat="34.566494" lon="126.728996">
			<ele>0.00</ele>
			<time>2020-01-20T04:36:36.12Z</time>
		</trkpt>
		<trkpt lat="34.566407" lon="126.728938">
			<ele>0.00</ele>
			<time>2020-01-20T04:36:36.78Z</time>
		</trkpt>
		<trkpt lat="34.566317" lon="126.728879">
			<ele>0.00</ele>
			<time>2020-01-20T04:36:37.46Z</time>
		</trkpt>
		<trkpt lat="34.566226" lon="126.728810">
			<ele>0.00</ele>
			<time>2020-01-20T04:36:38.18Z</time>
		</trkpt>
		<trkpt lat="34.566186" lon="126.728743">
			<ele>0.00</ele>
			<time>2020-01-20T04:36:38.63Z</time>
		</trkpt>
		<trkpt lat="34.566173" lon="126.728676">
			<ele>0.00</ele>
			<time>2020-01-20T04:36:39.01Z</time>
		</trkpt>
		<trkpt lat="34.566150" lon="126.728619">
			<ele>0.00</ele>
			<time>2020-01-20T04:36:39.36Z</time>
		</trkpt>
		<trkpt lat="34.566113" lon="126.728505">
			<ele>0.00</ele>
			<time>2020-01-20T04:36:40.03Z</time>
		</trkpt>
		<trkpt lat="34.566069" lon="126.728413">
			<ele>0.00</ele>
			<time>2020-01-20T04:36:40.61Z</time>
		</trkpt>
		<trkpt lat="34.565991" lon="126.728354">
			<ele>0.00</ele>
			<time>2020-01-20T04:36:41.23Z</time>
		</trkpt>
		<trkpt lat="34.565925" lon="126.728309">
			<ele>0.00</ele>
			<time>2020-01-20T04:36:41.73Z</time>
		</trkpt>
		<trkpt lat="34.565830" lon="126.728259">
			<ele>0.00</ele>
			<time>2020-01-20T04:36:42.42Z</time>
		</trkpt>
		<trkpt lat="34.565757" lon="126.728237">
			<ele>0.00</ele>
			<time>2020-01-20T04:36:42.93Z</time>
		</trkpt>
		<trkpt lat="34.565692" lon="126.728229">
			<ele>0.00</ele>
			<time>2020-01-20T04:36:43.36Z</time>
		</trkpt>
		<trkpt lat="34.565637" lon="126.728120">
			<ele>0.00</ele>
			<time>2020-01-20T04:36:44.06Z</time>
		</trkpt>
		<trkpt lat="34.565600" lon="126.728047">
			<ele>0.00</ele>
			<time>2020-01-20T04:36:44.53Z</time>
		</trkpt>
		<trkpt lat="34.565506" lon="126.727989">
			<ele>0.00</ele>
			<time>2020-01-20T04:36:45.23Z</time>
		</trkpt>
		<trkpt lat="34.565448" lon="126.727895">
			<ele>0.00</ele>
			<time>2020-01-20T04:36:45.88Z</time>
		</trkpt>
		<trkpt lat="34.565399" lon="126.727805">
			<ele>0.00</ele>
			<time>2020-01-20T04:36:46.47Z</time>
		</trkpt>
		<trkpt lat="34.565337" lon="126.727761">
			<ele>0.00</ele>
			<time>2020-01-20T04:36:46.95Z</time>
		</trkpt>
		<trkpt lat="34.565227" lon="126.727694">
			<ele>0.00</ele>
			<time>2020-01-20T04:36:47.77Z</time>
		</trkpt>
		<trkpt lat="34.565117" lon="126.727688">
			<ele>0.00</ele>
			<time>2020-01-20T04:36:48.50Z</time>
		</trkpt>
		<trkpt lat="34.565063" lon="126.727655">
			<ele>0.00</ele>
			<time>2020-01-20T04:36:48.91Z</time>
		</trkpt>
		<trkpt lat="34.564960" lon="126.727585">
			<ele>0.00</ele>
			<time>2020-01-20T04:36:49.70Z</time>
		</trkpt>
		<trkpt lat="34.564863" lon="126.727562">
			<ele>0.00</ele>
			<time>2020-01-20T04:36:50.35Z</time>
		</trkpt>
		<trkpt lat="34.564757" lon="126.727524">
			<ele>0.00</ele>
			<time>2020-01-20T04:36:51.09Z</time>
		</trkpt>
		<trkpt lat="34.564689" lon="126.727449">
			<ele>0.00</ele>
			<time>2020-01-20T04:36:51.70Z</time>
		</trkpt>
		<trkpt lat="34.564611" lon="126.727366">
			<ele>0.00</ele>
			<time>2020-01-20T04:36:52.40Z</time>
		</trkpt>
		<trkpt lat="34.564538" lon="126.727265">
			<ele>0.00</ele>
			<time>2020-01-20T04:36:53.13Z</time>
		</trkpt>
		<trkpt lat="34.564495" lon="126.727187">
			<ele>0.00</ele>
			<time>2020-01-20T04:36:53.64Z</time>
		</trkpt>
		<trkpt lat="34.564413" lon="126.727150">
			<ele>0.00</ele>
			<time>2020-01-20T04:36:54.23Z</time>
		</trkpt>
		<trkpt lat="34.564322" lon="126.727117">
			<ele>0.00</ele>
			<time>2020-01-20T04:36:54.86Z</time>
		</trkpt>
		<trkpt lat="34.564252" lon="126.727095">
			<ele>0.00</ele>
			<time>2020-01-20T04:36:55.35Z</time>
		</trkpt>
		<trkpt lat="34.564183" lon="126.727079">
			<ele>0.00</ele>
			<time>2020-01-20T04:36:55.81Z</time>
		</trkpt>
		<trkpt lat="34.564119" lon="126.727079">
			<ele>0.00</ele>
			<time>2020-01-20T04:36:56.24Z</time>
		</trkpt>
		<trkpt lat="34.564044" lon="126.727047">
			<ele>0.00</ele>
			<time>2020-01-20T04:36:56.77Z</time>
		</trkpt>
		<trkpt lat="34.563920" lon="126.726984">
			<ele>0.00</ele>
			<time>2020-01-20T04:36:57.66Z</time>
		</trkpt>
		<trkpt lat="34.563858" lon="126.726959">
			<ele>0.00</ele>
			<time>2020-01-20T04:36:58.10Z</time>
		</trkpt>
		<trkpt lat="34.563786" lon="126.726899">
			<ele>0.00</ele>
			<time>2020-01-20T04:36:58.68Z</time>
		</trkpt>
		<trkpt lat="34.563726" lon="126.726814">
			<ele>0.00</ele>
			<time>2020-01-20T04:36:59.30Z</time>
		</trkpt>
		<trkpt lat="34.563660" lon="126.726711">
			<ele>0.00</ele>
			<time>2020-01-20T04:37:00.01Z</time>
		</trkpt>
		<trkpt lat="34.563565" lon="126.726593">
			<ele>0.00</ele>
			<time>2020-01-20T04:37:00.92Z</time>
		</trkpt>
		<trkpt lat="34.563523" lon="126.726513">
			<ele>0.00</ele>
			<time>2020-01-20T04:37:01.44Z</time>
		</trkpt>
		<trkpt lat="34.563467" lon="126.726414">
			<ele>0.00</ele>
			<time>2020-01-20T04:37:02.10Z</time>
		</trkpt>
		<trkpt lat="34.563398" lon="126.726281">
			<ele>0.00</ele>
			<time>2020-01-20T04:37:02.96Z</time>
		</trkpt>
		<trkpt lat="34.563367" lon="126.726213">
			<ele>0.00</ele>
			<time>2020-01-20T04:37:03.39Z</time>
		</trkpt>
		<trkpt lat="34.563350" lon="126.726130">
			<ele>0.00</ele>
			<time>2020-01-20T04:37:03.86Z</time>
		</trkpt>
		<trkpt lat="34.563356" lon="126.726007">
			<ele>0.00</ele>
			<time>2020-01-20T04:37:04.54Z</time>
		</trkpt>
		<trkpt lat="34.563352" lon="126.725951">
			<ele>0.00</ele>
			<time>2020-01-20T04:37:04.84Z</time>
		</trkpt>
		<trkpt lat="34.563321" lon="126.725859">
			<ele>0.00</ele>
			<time>2020-01-20T04:37:05.39Z</time>
		</trkpt>
		<trkpt lat="34.563289" lon="126.725778">
			<ele>0.00</ele>
			<time>2020-01-20T04:37:05.88Z</time>
		</trkpt>
		<trkpt lat="34.563223" lon="126.725713">
			<ele>0.00</ele>
			<time>2020-01-20T04:37:06.45Z</time>
		</trkpt>
		<trkpt lat="34.563141" lon="126.725683">
			<ele>0.00</ele>
			<time>2020-01-20T04:37:07.02Z</time>
		</trkpt>
		<trkpt lat="34.563079" lon="126.725673">
			<ele>0.00</ele>
			<time>2020-01-20T04:37:07.44Z</time>
		</trkpt>
		<trkpt lat="34.563037" lon="126.725673">
			<ele>0.00</ele>
			<time>2020-01-20T04:37:07.72Z</time>
		</trkpt>
		<trkpt lat="34.562962" lon="126.725628">
			<ele>0.00</ele>
			<time>2020-01-20T04:37:08.27Z</time>
		</trkpt>
		<trkpt lat="34.562842" lon="126.725555">
			<ele>0.00</ele>
			<time>2020-01-20T04:37:09.17Z</time>
		</trkpt>
		<trkpt lat="34.562749" lon="126.725497">
			<ele>0.00</ele>
			<time>2020-01-20T04:37:09.87Z</time>
		</trkpt>
		<trkpt lat="34.562668" lon="126.725432">
			<ele>0.00</ele>
			<time>2020-01-20T04:37:10.51Z</time>
		</trkpt>
		<trkpt lat="34.562604" lon="126.725354">
			<ele>0.00</ele>
			<time>2020-01-20T04:37:11.12Z</time>
		</trkpt>
		<trkpt lat="34.562543" lon="126.725309">
			<ele>0.00</ele>
			<time>2020-01-20T04:37:11.59Z</time>
		</trkpt>
		<trkpt lat="34.562461" lon="126.725262">
			<ele>0.00</ele>
			<time>2020-01-20T04:37:12.20Z</time>
		</trkpt>
		<trkpt lat="34.562428" lon="126.725229">
			<ele>0.00</ele>
			<time>2020-01-20T04:37:12.48Z</time>
		</trkpt>
		<trkpt lat="34.562390" lon="126.725189">
			<ele>0.00</ele>
			<time>2020-01-20T04:37:12.82Z</time>
		</trkpt>
		<trkpt lat="34.562318" lon="126.725149">
			<ele>0.00</ele>
			<time>2020-01-20T04:37:13.35Z</time>
		</trkpt>
		<trkpt lat="34.562250" lon="126.725111">
			<ele>0.00</ele>
			<time>2020-01-20T04:37:13.84Z</time>
		</trkpt>
		<trkpt lat="34.562166" lon="126.725067">
			<ele>0.00</ele>
			<time>2020-01-20T04:37:14.46Z</time>
		</trkpt>
		<trkpt lat="34.562069" lon="126.725042">
			<ele>0.00</ele>
			<time>2020-01-20T04:37:15.12Z</time>
		</trkpt>
		<trkpt lat="34.561968" lon="126.725003">
			<ele>0.00</ele>
			<time>2020-01-20T04:37:15.82Z</time>
		</trkpt>
		<trkpt lat="34.561917" lon="126.724953">
			<ele>0.00</ele>
			<time>2020-01-20T04:37:16.26Z</time>
		</trkpt>
		<trkpt lat="34.561897" lon="126.724870">
			<ele>0.00</ele>
			<time>2020-01-20T04:37:16.73Z</time>
		</trkpt>
		<trkpt lat="34.561887" lon="126.724719">
			<ele>0.00</ele>
			<time>2020-01-20T04:37:17.57Z</time>
		</trkpt>
		<trkpt lat="34.561910" lon="126.724653">
			<ele>0.00</ele>
			<time>2020-01-20T04:37:17.96Z</time>
		</trkpt>
		<trkpt lat="34.561910" lon="126.724655">
			<ele>0.00</ele>
			<time>2020-01-20T04:37:18.02Z</time>
		</trkpt>
		<trkpt lat="34.561884" lon="126.724585">
			<ele>0.00</ele>
			<time>2020-01-20T04:37:18.44Z</time>
		</trkpt>
		<trkpt lat="34.561862" lon="126.724532">
			<ele>0.00</ele>
			<time>2020-01-20T04:37:18.76Z</time>
		</trkpt>
		<trkpt lat="34.561850" lon="126.724470">
			<ele>0.00</ele>
			<time>2020-01-20T04:37:19.11Z</time>
		</trkpt>
		<trkpt lat="34.561837" lon="126.724429">
			<ele>0.00</ele>
			<time>2020-01-20T04:37:19.35Z</time>
		</trkpt>
		<trkpt lat="34.561803" lon="126.724365">
			<ele>0.00</ele>
			<time>2020-01-20T04:37:19.77Z</time>
		</trkpt>
		<trkpt lat="34.561745" lon="126.724301">
			<ele>0.00</ele>
			<time>2020-01-20T04:37:20.29Z</time>
		</trkpt>
		<trkpt lat="34.561691" lon="126.724272">
			<ele>0.00</ele>
			<time>2020-01-20T04:37:20.69Z</time>
		</trkpt>
		<trkpt lat="34.561629" lon="126.724239">
			<ele>0.00</ele>
			<time>2020-01-20T04:37:21.14Z</time>
		</trkpt>
		<trkpt lat="34.561581" lon="126.724184">
			<ele>0.00</ele>
			<time>2020-01-20T04:37:21.58Z</time>
		</trkpt>
		<trkpt lat="34.561558" lon="126.724098">
			<ele>0.00</ele>
			<time>2020-01-20T04:37:22.08Z</time>
		</trkpt>
		<trkpt lat="34.561543" lon="126.724022">
			<ele>0.00</ele>
			<time>2020-01-20T04:37:22.51Z</time>
		</trkpt>
		<trkpt lat="34.561566" lon="126.723882">
			<ele>0.00</ele>
			<time>2020-01-20T04:37:23.28Z</time>
		</trkpt>
		<trkpt lat="34.561590" lon="126.723837">
			<ele>0.00</ele>
			<time>2020-01-20T04:37:23.58Z</time>
		</trkpt>
		<trkpt lat="34.561579" lon="126.723804">
			<ele>0.00</ele>
			<time>2020-01-20T04:37:23.77Z</time>
		</trkpt>
		<trkpt lat="34.561544" lon="126.723722">
			<ele>0.00</ele>
			<time>2020-01-20T04:37:24.28Z</time>
		</trkpt>
		<trkpt lat="34.561520" lon="126.723663">
			<ele>0.00</ele>
			<time>2020-01-20T04:37:24.64Z</time>
		</trkpt>
		<trkpt lat="34.561515" lon="126.723637">
			<ele>0.00</ele>
			<time>2020-01-20T04:37:24.79Z</time>
		</trkpt>
		<trkpt lat="34.561572" lon="126.723572">
			<ele>0.00</ele>
			<time>2020-01-20T04:37:25.31Z</time>
		</trkpt>
		<trkpt lat="34.561601" lon="126.723532">
			<ele>0.00</ele>
			<time>2020-01-20T04:37:25.60Z</time>
		</trkpt>
		<trkpt lat="34.561616" lon="126.723479">
			<ele>0.00</ele>
			<time>2020-01-20T04:37:25.91Z</time>
		</trkpt>
		<trkpt lat="34.561626" lon="126.723354">
			<ele>0.00</ele>
			<time>2020-01-20T04:37:26.60Z</time>
		</trkpt>
		<trkpt lat="34.561657" lon="126.723252">
			<ele>0.00</ele>
			<time>2020-01-20T04:37:27.20Z</time>
		</trkpt>
		<trkpt lat="34.561752" lon="126.723135">
			<ele>0.00</ele>
			<time>2020-01-20T04:37:28.10Z</time>
		</trkpt>
		<trkpt lat="34.561878" lon="126.722995">
			<ele>0.00</ele>
			<time>2020-01-20T04:37:29.24Z</time>
		</trkpt>
		<trkpt lat="34.562060" lon="126.722804">
			<ele>0.00</ele>
			<time>2020-01-20T04:37:30.84Z</time>
		</trkpt>
		<trkpt lat="34.562212" lon="126.722621">
			<ele>0.00</ele>
			<time>2020-01-20T04:37:32.27Z</time>
		</trkpt>
		<trkpt lat="34.562248" lon="126.722551">
			<ele>0.00</ele>
			<time>2020-01-20T04:37:32.73Z</time>
		</trkpt>
		<trkpt lat="34.562321" lon="126.722499">
			<ele>0.00</ele>
			<time>2020-01-20T04:37:33.29Z</time>
		</trkpt>
		<trkpt lat="34.562399" lon="126.722424">
			<ele>0.00</ele>
			<time>2020-01-20T04:37:33.95Z</time>
		</trkpt>
		<trkpt lat="34.562455" lon="126.722347">
			<ele>0.00</ele>
			<time>2020-01-20T04:37:34.52Z</time>
		</trkpt>
		<trkpt lat="34.562508" lon="126.722295">
			<ele>0.00</ele>
			<time>2020-01-20T04:37:34.97Z</time>
		</trkpt>
		<trkpt lat="34.562545" lon="126.722203">
			<ele>0.00</ele>
			<time>2020-01-20T04:37:35.53Z</time>
		</trkpt>
		<trkpt lat="34.562563" lon="126.722172">
			<ele>0.00</ele>
			<time>2020-01-20T04:37:35.74Z</time>
		</trkpt>
		<trkpt lat="34.562585" lon="126.722134">
			<ele>0.00</ele>
			<time>2020-01-20T04:37:36Z</time>
		</trkpt>
		<trkpt lat="34.562613" lon="126.722079">
			<ele>0.00</ele>
			<time>2020-01-20T04:37:36.35Z</time>
		</trkpt>
		<trkpt lat="34.562640" lon="126.722048">
			<ele>0.00</ele>
			<time>2020-01-20T04:37:36.60Z</time>
		</trkpt>
		<trkpt lat="34.562655" lon="126.722046">
			<ele>0.00</ele>
			<time>2020-01-20T04:37:36.70Z</time>
		</trkpt>
		<trkpt lat="34.562695" lon="126.722145">
			<ele>0.00</ele>
			<time>2020-01-20T04:37:37.31Z</time>
		</trkpt>
		<trkpt lat="34.562789" lon="126.722126">
			<ele>0.00</ele>
			<time>2020-01-20T04:37:37.94Z</time>
		</trkpt>
		<trkpt lat="34.562851" lon="126.722104">
			<ele>0.00</ele>
			<time>2020-01-20T04:37:38.37Z</time>
		</trkpt>
		<trkpt lat="34.562946" lon="126.722062">
			<ele>0.00</ele>
			<time>2020-01-20T04:37:39.05Z</time>
		</trkpt>
		<trkpt lat="34.562955" lon="126.722057">
			<ele>0.00</ele>
			<time>2020-01-20T04:37:39.11Z</time>
		</trkpt>
		<trkpt lat="34.562952" lon="126.721972">
			<ele>0.00</ele>
			<time>2020-01-20T04:37:39.58Z</time>
		</trkpt>
		<trkpt lat="34.562939" lon="126.721828">
			<ele>0.00</ele>
			<time>2020-01-20T04:37:40.38Z</time>
		</trkpt>
		<trkpt lat="34.562937" lon="126.721745">
			<ele>0.00</ele>
			<time>2020-01-20T04:37:40.83Z</time>
		</trkpt>
		<trkpt lat="34.562950" lon="126.721733">
			<ele>0.00</ele>
			<time>2020-01-20T04:37:40.94Z</time>
		</trkpt>
		<trkpt lat="34.562971" lon="126.721733">
			<ele>0.00</ele>
			<time>2020-01-20T04:37:41.08Z</time>
		</trkpt>
		<trkpt lat="34.563003" lon="126.721745">
			<ele>0.00</ele>
			<time>2020-01-20T04:37:41.30Z</time>
		</trkpt>
		<trkpt lat="34.563020" lon="126.721754">
			<ele>0.00</ele>
			<time>2020-01-20T04:37:41.42Z</time>
		</trkpt>
		<trkpt lat="34.563026" lon="126.721697">
			<ele>0.00</ele>
			<time>2020-01-20T04:37:41.74Z</time>
		</trkpt>
		<trkpt lat="34.563030" lon="126.721646">
			<ele>0.00</ele>
			<time>2020-01-20T04:37:42.02Z</time>
		</trkpt>
		<trkpt lat="34.563025" lon="126.721572">
			<ele>0.00</ele>
			<time>2020-01-20T04:37:42.42Z</time>
		</trkpt>
		<trkpt lat="34.563025" lon="126.721528">
			<ele>0.00</ele>
			<time>2020-01-20T04:37:42.67Z</time>
		</trkpt>
		<trkpt lat="34.563025" lon="126.721490">
			<ele>0.00</ele>
			<time>2020-01-20T04:37:42.88Z</time>
		</trkpt>
		<trkpt lat="34.563026" lon="126.721419">
			<ele>0.00</ele>
			<time>2020-01-20T04:37:43.26Z</time>
		</trkpt>
		<trkpt lat="34.563100" lon="126.721340">
			<ele>0.00</ele>
			<time>2020-01-20T04:37:43.92Z</time>
		</trkpt>
		<trkpt lat="34.563116" lon="126.721278">
			<ele>0.00</ele>
			<time>2020-01-20T04:37:44.28Z</time>
		</trkpt>
		<trkpt lat="34.563125" lon="126.721214">
			<ele>0.00</ele>
			<time>2020-01-20T04:37:44.63Z</time>
		</trkpt>
		<trkpt lat="34.563111" lon="126.721164">
			<ele>0.00</ele>
			<time>2020-01-20T04:37:44.92Z</time>
		</trkpt>
		<trkpt lat="34.563102" lon="126.721127">
			<ele>0.00</ele>
			<time>2020-01-20T04:37:45.13Z</time>
		</trkpt>
		<trkpt lat="34.563084" lon="126.721091">
			<ele>0.00</ele>
			<time>2020-01-20T04:37:45.36Z</time>
		</trkpt>
		<trkpt lat="34.563049" lon="126.721031">
			<ele>0.00</ele>
			<time>2020-01-20T04:37:45.77Z</time>
		</trkpt>
		<trkpt lat="34.563080" lon="126.720909">
			<ele>0.00</ele>
			<time>2020-01-20T04:37:46.47Z</time>
		</trkpt>
		<trkpt lat="34.563115" lon="126.720737">
			<ele>0.00</ele>
			<time>2020-01-20T04:37:47.44Z</time>
		</trkpt>
		<trkpt lat="34.563146" lon="126.720584">
			<ele>0.00</ele>
			<time>2020-01-20T04:37:48.31Z</time>
		</trkpt>
		<trkpt lat="34.563151" lon="126.720469">
			<ele>0.00</ele>
			<time>2020-01-20T04:37:48.94Z</time>
		</trkpt>
		<trkpt lat="34.563131" lon="126.720357">
			<ele>0.00</ele>
			<time>2020-01-20T04:37:49.57Z</time>
		</trkpt>
		<trkpt lat="34.563085" lon="126.720298">
			<ele>0.00</ele>
			<time>2020-01-20T04:37:50.02Z</time>
		</trkpt>
		<trkpt lat="34.563060" lon="126.720273">
			<ele>0.00</ele>
			<time>2020-01-20T04:37:50.23Z</time>
		</trkpt>
		<trkpt lat="34.563001" lon="126.720248">
			<ele>0.00</ele>
			<time>2020-01-20T04:37:50.65Z</time>
		</trkpt>
		<trkpt lat="34.562858" lon="126.720270">
			<ele>0.00</ele>
			<time>2020-01-20T04:37:51.61Z</time>
		</trkpt>
		<trkpt lat="34.562747" lon="126.720288">
			<ele>0.00</ele>
			<time>2020-01-20T04:37:52.36Z</time>
		</trkpt>
		<trkpt lat="34.562599" lon="126.720309">
			<ele>0.00</ele>
			<time>2020-01-20T04:37:53.35Z</time>
		</trkpt>
		<trkpt lat="34.562517" lon="126.720317">
			<ele>0.00</ele>
			<time>2020-01-20T04:37:53.90Z</time>
		</trkpt>
		<trkpt lat="34.562467" lon="126.720317">
			<ele>0.00</ele>
			<time>2020-01-20T04:37:54.23Z</time>
		</trkpt>
		<trkpt lat="34.562398" lon="126.720299">
			<ele>0.00</ele>
			<time>2020-01-20T04:37:54.70Z</time>
		</trkpt>
		<trkpt lat="34.562197" lon="126.720244">
			<ele>0.00</ele>
			<time>2020-01-20T04:37:56.08Z</time>
		</trkpt>
		<trkpt lat="34.562144" lon="126.720225">
			<ele>0.00</ele>
			<time>2020-01-20T04:37:56.45Z</time>
		</trkpt>
		<trkpt lat="34.562010" lon="126.720170">
			<ele>0.00</ele>
			<time>2020-01-20T04:37:57.39Z</time>
		</trkpt>
		<trkpt lat="34.561960" lon="126.720153">
			<ele>0.00</ele>
			<time>2020-01-20T04:37:57.74Z</time>
		</trkpt>
		<trkpt lat="34.561947" lon="126.720152">
			<ele>0.00</ele>
			<time>2020-01-20T04:37:57.82Z</time>
		</trkpt>
		<trkpt lat="34.561912" lon="126.720242">
			<ele>0.00</ele>
			<time>2020-01-20T04:37:58.37Z</time>
		</trkpt>
		<trkpt lat="34.561894" lon="126.720362">
			<ele>0.00</ele>
			<time>2020-01-20T04:37:59.04Z</time>
		</trkpt>
		<trkpt lat="34.561842" lon="126.720451">
			<ele>0.00</ele>
			<time>2020-01-20T04:37:59.64Z</time>
		</trkpt>
		<trkpt lat="34.561759" lon="126.720486">
			<ele>0.00</ele>
			<time>2020-01-20T04:38:00.23Z</time>
		</trkpt>
		<trkpt lat="34.561713" lon="126.720456">
			<ele>0.00</ele>
			<time>2020-01-20T04:38:00.57Z</time>
		</trkpt>
		<trkpt lat="34.561678" lon="126.720417">
			<ele>0.00</ele>
			<time>2020-01-20T04:38:00.89Z</time>
		</trkpt>
		<trkpt lat="34.561608" lon="126.720486">
			<ele>0.00</ele>
			<time>2020-01-20T04:38:01.49Z</time>
		</trkpt>
		<trkpt lat="34.561566" lon="126.720596">
			<ele>0.00</ele>
			<time>2020-01-20T04:38:02.16Z</time>
		</trkpt>
		<trkpt lat="34.561474" lon="126.720639">
			<ele>0.00</ele>
			<time>2020-01-20T04:38:02.81Z</time>
		</trkpt>
		<trkpt lat="34.561392" lon="126.720607">
			<ele>0.00</ele>
			<time>2020-01-20T04:38:03.38Z</time>
		</trkpt>
		<trkpt lat="34.561312" lon="126.720548">
			<ele>0.00</ele>
			<time>2020-01-20T04:38:04.01Z</time>
		</trkpt>
		<trkpt lat="34.561266" lon="126.720563">
			<ele>0.00</ele>
			<time>2020-01-20T04:38:04.33Z</time>
		</trkpt>
		<trkpt lat="34.561226" lon="126.720589">
			<ele>0.00</ele>
			<time>2020-01-20T04:38:04.63Z</time>
		</trkpt>
		<trkpt lat="34.561347" lon="126.720757">
			<ele>0.00</ele>
			<time>2020-01-20T04:38:05.86Z</time>
		</trkpt>
		<trkpt lat="34.561467" lon="126.720844">
			<ele>0.00</ele>
			<time>2020-01-20T04:38:06.78Z</time>
		</trkpt>
		<trkpt lat="34.561552" lon="126.720911">
			<ele>0.00</ele>
			<time>2020-01-20T04:38:07.46Z</time>
		</trkpt>
		<trkpt lat="34.561588" lon="126.720949">
			<ele>0.00</ele>
			<time>2020-01-20T04:38:07.78Z</time>
		</trkpt>
		<trkpt lat="34.561582" lon="126.721011">
			<ele>0.00</ele>
			<time>2020-01-20T04:38:08.12Z</time>
		</trkpt>
		<trkpt lat="34.561575" lon="126.721035">
			<ele>0.00</ele>
			<time>2020-01-20T04:38:08.26Z</time>
		</trkpt>
		<trkpt lat="34.561538" lon="126.721048">
			<ele>0.00</ele>
			<time>2020-01-20T04:38:08.51Z</time>
		</trkpt>
		<trkpt lat="34.561509" lon="126.721041">
			<ele>0.00</ele>
			<time>2020-01-20T04:38:08.71Z</time>
		</trkpt>
		<trkpt lat="34.561479" lon="126.721034">
			<ele>0.00</ele>
			<time>2020-01-20T04:38:08.92Z</time>
		</trkpt>
		<trkpt lat="34.561407" lon="126.720980">
			<ele>0.00</ele>
			<time>2020-01-20T04:38:09.48Z</time>
		</trkpt>
		<trkpt lat="34.561355" lon="126.720924">
			<ele>0.00</ele>
			<time>2020-01-20T04:38:09.95Z</time>
		</trkpt>
		<trkpt lat="34.561308" lon="126.720897">
			<ele>0.00</ele>
			<time>2020-01-20T04:38:10.29Z</time>
		</trkpt>
		<trkpt lat="34.561228" lon="126.720892">
			<ele>0.00</ele>
			<time>2020-01-20T04:38:10.83Z</time>
		</trkpt>
		<trkpt lat="34.561146" lon="126.720858">
			<ele>0.00</ele>
			<time>2020-01-20T04:38:11.40Z</time>
		</trkpt>
		<trkpt lat="34.561047" lon="126.720862">
			<ele>0.00</ele>
			<time>2020-01-20T04:38:12.06Z</time>
		</trkpt>
		<trkpt lat="34.560977" lon="126.720945">
			<ele>0.00</ele>
			<time>2020-01-20T04:38:12.72Z</time>
		</trkpt>
		<trkpt lat="34.560955" lon="126.720995">
			<ele>0.00</ele>
			<time>2020-01-20T04:38:13.02Z</time>
		</trkpt>
		<trkpt lat="34.560954" lon="126.720997">
			<ele>0.00</ele>
			<time>2020-01-20T04:38:13.08Z</time>
		</trkpt>
		<trkpt lat="34.560935" lon="126.721057">
			<ele>0.00</ele>
			<time>2020-01-20T04:38:13.44Z</time>
		</trkpt>
		<trkpt lat="34.560930" lon="126.721159">
			<ele>0.00</ele>
			<time>2020-01-20T04:38:14Z</time>
		</trkpt>
		<trkpt lat="34.560915" lon="126.721257">
			<ele>0.00</ele>
			<time>2020-01-20T04:38:14.55Z</time>
		</trkpt>
		<trkpt lat="34.560909" lon="126.721336">
			<ele>0.00</ele>
			<time>2020-01-20T04:38:14.99Z</time>
		</trkpt>
		<trkpt lat="34.560909" lon="126.721411">
			<ele>0.00</ele>
			<time>2020-01-20T04:38:15.39Z</time>
		</trkpt>
		<trkpt lat="34.560911" lon="126.721457">
			<ele>0.00</ele>
			<time>2020-01-20T04:38:15.65Z</time>
		</trkpt>
		<trkpt lat="34.560906" lon="126.721531">
			<ele>0.00</ele>
			<time>2020-01-20T04:38:16.06Z</time>
		</trkpt>
		<trkpt lat="34.560923" lon="126.721584">
			<ele>0.00</ele>
			<time>2020-01-20T04:38:16.37Z</time>
		</trkpt>
		<trkpt lat="34.560973" lon="126.721616">
			<ele>0.00</ele>
			<time>2020-01-20T04:38:16.74Z</time>
		</trkpt>
		<trkpt lat="34.560989" lon="126.721672">
			<ele>0.00</ele>
			<time>2020-01-20T04:38:17.07Z</time>
		</trkpt>
		<trkpt lat="34.561004" lon="126.721725">
			<ele>0.00</ele>
			<time>2020-01-20T04:38:17.38Z</time>
		</trkpt>
		<trkpt lat="34.561017" lon="126.721810">
			<ele>0.00</ele>
			<time>2020-01-20T04:38:17.85Z</time>
		</trkpt>
		<trkpt lat="34.561010" lon="126.721833">
			<ele>0.00</ele>
			<time>2020-01-20T04:38:17.99Z</time>
		</trkpt>
		<trkpt lat="34.560961" lon="126.721883">
			<ele>0.00</ele>
			<time>2020-01-20T04:38:18.41Z</time>
		</trkpt>
		<trkpt lat="34.560903" lon="126.721924">
			<ele>0.00</ele>
			<time>2020-01-20T04:38:18.86Z</time>
		</trkpt>
		<trkpt lat="34.560864" lon="126.721936">
			<ele>0.00</ele>
			<time>2020-01-20T04:38:19.13Z</time>
		</trkpt>
		<trkpt lat="34.560814" lon="126.721932">
			<ele>0.00</ele>
			<time>2020-01-20T04:38:19.46Z</time>
		</trkpt>
		<trkpt lat="34.560770" lon="126.721925">
			<ele>0.00</ele>
			<time>2020-01-20T04:38:19.76Z</time>
		</trkpt>
		<trkpt lat="34.560724" lon="126.721970">
			<ele>0.00</ele>
			<time>2020-01-20T04:38:20.15Z</time>
		</trkpt>
		<trkpt lat="34.560678" lon="126.722012">
			<ele>0.00</ele>
			<time>2020-01-20T04:38:20.53Z</time>
		</trkpt>
		<trkpt lat="34.560611" lon="126.722074">
			<ele>0.00</ele>
			<time>2020-01-20T04:38:21.10Z</time>
		</trkpt>
		<trkpt lat="34.560535" lon="126.722106">
			<ele>0.00</ele>
			<time>2020-01-20T04:38:21.64Z</time>
		</trkpt>
		<trkpt lat="34.560429" lon="126.722127">
			<ele>0.00</ele>
			<time>2020-01-20T04:38:22.35Z</time>
		</trkpt>
		<trkpt lat="34.560300" lon="126.722150">
			<ele>0.00</ele>
			<time>2020-01-20T04:38:23.21Z</time>
		</trkpt>
		<trkpt lat="34.560241" lon="126.722154">
			<ele>0.00</ele>
			<time>2020-01-20T04:38:23.61Z</time>
		</trkpt>
		<trkpt lat="34.560194" lon="126.722145">
			<ele>0.00</ele>
			<time>2020-01-20T04:38:23.93Z</time>
		</trkpt>
		<trkpt lat="34.560152" lon="126.722120">
			<ele>0.00</ele>
			<time>2020-01-20T04:38:24.24Z</time>
		</trkpt>
		<trkpt lat="34.560147" lon="126.722120">
			<ele>0.00</ele>
			<time>2020-01-20T04:38:24.30Z</time>
		</trkpt>
		<trkpt lat="34.560107" lon="126.722113">
			<ele>0.00</ele>
			<time>2020-01-20T04:38:24.58Z</time>
		</trkpt>
		<trkpt lat="34.560050" lon="126.722118">
			<ele>0.00</ele>
			<time>2020-01-20T04:38:24.96Z</time>
		</trkpt>
		<trkpt lat="34.559980" lon="126.722155">
			<ele>0.00</ele>
			<time>2020-01-20T04:38:25.46Z</time>
		</trkpt>
		<trkpt lat="34.559894" lon="126.722178">
			<ele>0.00</ele>
			<time>2020-01-20T04:38:26.05Z</time>
		</trkpt>
		<trkpt lat="34.559783" lon="126.722198">
			<ele>0.00</ele>
			<time>2020-01-20T04:38:26.80Z</time>
		</trkpt>
		<trkpt lat="34.559706" lon="126.722185">
			<ele>0.00</ele>
			<time>2020-01-20T04:38:27.32Z</time>
		</trkpt>
		<trkpt lat="34.559642" lon="126.722152">
			<ele>0.00</ele>
			<time>2020-01-20T04:38:27.78Z</time>
		</trkpt>
		<trkpt lat="34.559605" lon="126.722127">
			<ele>0.00</ele>
			<time>2020-01-20T04:38:28.06Z</time>
		</trkpt>
		<trkpt lat="34.559536" lon="126.722143">
			<ele>0.00</ele>
			<time>2020-01-20T04:38:28.53Z</time>
		</trkpt>
		<trkpt lat="34.559433" lon="126.722152">
			<ele>0.00</ele>
			<time>2020-01-20T04:38:29.22Z</time>
		</trkpt>
		<trkpt lat="34.559348" lon="126.722145">
			<ele>0.00</ele>
			<time>2020-01-20T04:38:29.79Z</time>
		</trkpt>
		<trkpt lat="34.559215" lon="126.722146">
			<ele>0.00</ele>
			<time>2020-01-20T04:38:30.67Z</time>
		</trkpt>
		<trkpt lat="34.559156" lon="126.722162">
			<ele>0.00</ele>
			<time>2020-01-20T04:38:31.08Z</time>
		</trkpt>
		<trkpt lat="34.559120" lon="126.722162">
			<ele>0.00</ele>
			<time>2020-01-20T04:38:31.31Z</time>
		</trkpt>
		<trkpt lat="34.559080" lon="126.722150">
			<ele>0.00</ele>
			<time>2020-01-20T04:38:31.59Z</time>
		</trkpt>
		<trkpt lat="34.559027" lon="126.722118">
			<ele>0.00</ele>
			<time>2020-01-20T04:38:31.99Z</time>
		</trkpt>
		<trkpt lat="34.558988" lon="126.722072">
			<ele>0.00</ele>
			<time>2020-01-20T04:38:32.35Z</time>
		</trkpt>
		<trkpt lat="34.558911" lon="126.721996">
			<ele>0.00</ele>
			<time>2020-01-20T04:38:33.01Z</time>
		</trkpt>
		<trkpt lat="34.558877" lon="126.721962">
			<ele>0.00</ele>
			<time>2020-01-20T04:38:33.30Z</time>
		</trkpt>
		<trkpt lat="34.558804" lon="126.721939">
			<ele>0.00</ele>
			<time>2020-01-20T04:38:33.81Z</time>
		</trkpt>
		<trkpt lat="34.558763" lon="126.721920">
			<ele>0.00</ele>
			<time>2020-01-20T04:38:34.10Z</time>
		</trkpt>
		<trkpt lat="34.558696" lon="126.721870">
			<ele>0.00</ele>
			<time>2020-01-20T04:38:34.62Z</time>
		</trkpt>
		<trkpt lat="34.558657" lon="126.721862">
			<ele>0.00</ele>
			<time>2020-01-20T04:38:34.89Z</time>
		</trkpt>
		<trkpt lat="34.558565" lon="126.721826">
			<ele>0.00</ele>
			<time>2020-01-20T04:38:35.53Z</time>
		</trkpt>
		<trkpt lat="34.558495" lon="126.721787">
			<ele>0.00</ele>
			<time>2020-01-20T04:38:36.04Z</time>
		</trkpt>
		<trkpt lat="34.558430" lon="126.721724">
			<ele>0.00</ele>
			<time>2020-01-20T04:38:36.60Z</time>
		</trkpt>
		<trkpt lat="34.558355" lon="126.721695">
			<ele>0.00</ele>
			<time>2020-01-20T04:38:37.12Z</time>
		</trkpt>
		<trkpt lat="34.558262" lon="126.721628">
			<ele>0.00</ele>
			<time>2020-01-20T04:38:37.85Z</time>
		</trkpt>
		<trkpt lat="34.558194" lon="126.721541">
			<ele>0.00</ele>
			<time>2020-01-20T04:38:38.50Z</time>
		</trkpt>
		<trkpt lat="34.558139" lon="126.721449">
			<ele>0.00</ele>
			<time>2020-01-20T04:38:39.13Z</time>
		</trkpt>
		<trkpt lat="34.558027" lon="126.721349">
			<ele>0.00</ele>
			<time>2020-01-20T04:38:40.06Z</time>
		</trkpt>
		<trkpt lat="34.557929" lon="126.721257">
			<ele>0.00</ele>
			<time>2020-01-20T04:38:40.88Z</time>
		</trkpt>
		<trkpt lat="34.557846" lon="126.721172">
			<ele>0.00</ele>
			<time>2020-01-20T04:38:41.60Z</time>
		</trkpt>
		<trkpt lat="34.557775" lon="126.721101">
			<ele>0.00</ele>
			<time>2020-01-20T04:38:42.22Z</time>
		</trkpt>
		<trkpt lat="34.557731" lon="126.721023">
			<ele>0.00</ele>
			<time>2020-01-20T04:38:42.74Z</time>
		</trkpt>
		<trkpt lat="34.557685" lon="126.720980">
			<ele>0.00</ele>
			<time>2020-01-20T04:38:43.12Z</time>
		</trkpt>
		<trkpt lat="34.557601" lon="126.720913">
			<ele>0.00</ele>
			<time>2020-01-20T04:38:43.79Z</time>
		</trkpt>
		<trkpt lat="34.557526" lon="126.720868">
			<ele>0.00</ele>
			<time>2020-01-20T04:38:44.35Z</time>
		</trkpt>
		<trkpt lat="34.557482" lon="126.720842">
			<ele>0.00</ele>
			<time>2020-01-20T04:38:44.68Z</time>
		</trkpt>
		<trkpt lat="34.557405" lon="126.720787">
			<ele>0.00</ele>
			<time>2020-01-20T04:38:45.27Z</time>
		</trkpt>
		<trkpt lat="34.557313" lon="126.720777">
			<ele>0.00</ele>
			<time>2020-01-20T04:38:45.89Z</time>
		</trkpt>
		<trkpt lat="34.557207" lon="126.720731">
			<ele>0.00</ele>
			<time>2020-01-20T04:38:46.64Z</time>
		</trkpt>
		<trkpt lat="34.557159" lon="126.720692">
			<ele>0.00</ele>
			<time>2020-01-20T04:38:47.03Z</time>
		</trkpt>
		<trkpt lat="34.557127" lon="126.720670">
			<ele>0.00</ele>
			<time>2020-01-20T04:38:47.27Z</time>
		</trkpt>
		<trkpt lat="34.557121" lon="126.720603">
			<ele>0.00</ele>
			<time>2020-01-20T04:38:47.64Z</time>
		</trkpt>
		<trkpt lat="34.557106" lon="126.720562">
			<ele>0.00</ele>
			<time>2020-01-20T04:38:47.89Z</time>
		</trkpt>
		<trkpt lat="34.557077" lon="126.720509">
			<ele>0.00</ele>
			<time>2020-01-20T04:38:48.24Z</time>
		</trkpt>
		<trkpt lat="34.557021" lon="126.720454">
			<ele>0.00</ele>
			<time>2020-01-20T04:38:48.71Z</time>
		</trkpt>
		<trkpt lat="34.556969" lon="126.720419">
			<ele>0.00</ele>
			<time>2020-01-20T04:38:49.11Z</time>
		</trkpt>
		<trkpt lat="34.556782" lon="126.720330">
			<ele>0.00</ele>
			<time>2020-01-20T04:38:50.45Z</time>
		</trkpt>
		<trkpt lat="34.556683" lon="126.720277">
			<ele>0.00</ele>
			<time>2020-01-20T04:38:51.17Z</time>
		</trkpt>
		<trkpt lat="34.556585" lon="126.720238">
			<ele>0.00</ele>
			<time>2020-01-20T04:38:51.86Z</time>
		</trkpt>
		<trkpt lat="34.556469" lon="126.720162">
			<ele>0.00</ele>
			<time>2020-01-20T04:38:52.73Z</time>
		</trkpt>
		<trkpt lat="34.556356" lon="126.720102">
			<ele>0.00</ele>
			<time>2020-01-20T04:38:53.56Z</time>
		</trkpt>
		<trkpt lat="34.556230" lon="126.719994">
			<ele>0.00</ele>
			<time>2020-01-20T04:38:54.59Z</time>
		</trkpt>
		<trkpt lat="34.556134" lon="126.719910">
			<ele>0.00</ele>
			<time>2020-01-20T04:38:55.38Z</time>
		</trkpt>
		<trkpt lat="34.556110" lon="126.719864">
			<ele>0.00</ele>
			<time>2020-01-20T04:38:55.68Z</time>
		</trkpt>
		<trkpt lat="34.556097" lon="126.719770">
			<ele>0.00</ele>
			<time>2020-01-20T04:38:56.20Z</time>
		</trkpt>
		<trkpt lat="34.556000" lon="126.719663">
			<ele>0.00</ele>
			<time>2020-01-20T04:38:57.07Z</time>
		</trkpt>
		<trkpt lat="34.555948" lon="126.719610">
			<ele>0.00</ele>
			<time>2020-01-20T04:38:57.53Z</time>
		</trkpt>
		<trkpt lat="34.555847" lon="126.719543">
			<ele>0.00</ele>
			<time>2020-01-20T04:38:58.29Z</time>
		</trkpt>
		<trkpt lat="34.555713" lon="126.719466">
			<ele>0.00</ele>
			<time>2020-01-20T04:38:59.28Z</time>
		</trkpt>
		<trkpt lat="34.555647" lon="126.719462">
			<ele>0.00</ele>
			<time>2020-01-20T04:38:59.72Z</time>
		</trkpt>
		<trkpt lat="34.555590" lon="126.719469">
			<ele>0.00</ele>
			<time>2020-01-20T04:39:00.10Z</time>
		</trkpt>
		<trkpt lat="34.555534" lon="126.719475">
			<ele>0.00</ele>
			<time>2020-01-20T04:39:00.48Z</time>
		</trkpt>
		<trkpt lat="34.555496" lon="126.719463">
			<ele>0.00</ele>
			<time>2020-01-20T04:39:00.74Z</time>
		</trkpt>
		<trkpt lat="34.555447" lon="126.719422">
			<ele>0.00</ele>
			<time>2020-01-20T04:39:01.14Z</time>
		</trkpt>
		<trkpt lat="34.555391" lon="126.719408">
			<ele>0.00</ele>
			<time>2020-01-20T04:39:01.52Z</time>
		</trkpt>
		<trkpt lat="34.555343" lon="126.719407">
			<ele>0.00</ele>
			<time>2020-01-20T04:39:01.84Z</time>
		</trkpt>
		<trkpt lat="34.555300" lon="126.719414">
			<ele>0.00</ele>
			<time>2020-01-20T04:39:02.13Z</time>
		</trkpt>
		<trkpt lat="34.555155" lon="126.719435">
			<ele>0.00</ele>
			<time>2020-01-20T04:39:03.10Z</time>
		</trkpt>
		<trkpt lat="34.555055" lon="126.719479">
			<ele>0.00</ele>
			<time>2020-01-20T04:39:03.81Z</time>
		</trkpt>
		<trkpt lat="34.554960" lon="126.719538">
			<ele>0.00</ele>
			<time>2020-01-20T04:39:04.52Z</time>
		</trkpt>
		<trkpt lat="34.554843" lon="126.719624">
			<ele>0.00</ele>
			<time>2020-01-20T04:39:05.43Z</time>
		</trkpt>
		<trkpt lat="34.554736" lon="126.719686">
			<ele>0.00</ele>
			<time>2020-01-20T04:39:06.23Z</time>
		</trkpt>
		<trkpt lat="34.554647" lon="126.719695">
			<ele>0.00</ele>
			<time>2020-01-20T04:39:06.82Z</time>
		</trkpt>
		<trkpt lat="34.554481" lon="126.719651">
			<ele>0.00</ele>
			<time>2020-01-20T04:39:07.95Z</time>
		</trkpt>
		<trkpt lat="34.554387" lon="126.719642">
			<ele>0.00</ele>
			<time>2020-01-20T04:39:08.58Z</time>
		</trkpt>
		<trkpt lat="34.554295" lon="126.719617">
			<ele>0.00</ele>
			<time>2020-01-20T04:39:09.21Z</time>
		</trkpt>
		<trkpt lat="34.554190" lon="126.719592">
			<ele>0.00</ele>
			<time>2020-01-20T04:39:09.93Z</time>
		</trkpt>
		<trkpt lat="34.554083" lon="126.719521">
			<ele>0.00</ele>
			<time>2020-01-20T04:39:10.74Z</time>
		</trkpt>
		<trkpt lat="34.554032" lon="126.719510">
			<ele>0.00</ele>
			<time>2020-01-20T04:39:11.08Z</time>
		</trkpt>
		<trkpt lat="34.553995" lon="126.719517">
			<ele>0.00</ele>
			<time>2020-01-20T04:39:11.33Z</time>
		</trkpt>
		<trkpt lat="34.553946" lon="126.719574">
			<ele>0.00</ele>
			<time>2020-01-20T04:39:11.79Z</time>
		</trkpt>
		<trkpt lat="34.553927" lon="126.719603">
			<ele>0.00</ele>
			<time>2020-01-20T04:39:11.99Z</time>
		</trkpt>
		<trkpt lat="34.553852" lon="126.719615">
			<ele>0.00</ele>
			<time>2020-01-20T04:39:12.50Z</time>
		</trkpt>
		<trkpt lat="34.553771" lon="126.719636">
			<ele>0.00</ele>
			<time>2020-01-20T04:39:13.05Z</time>
		</trkpt>
		<trkpt lat="34.553718" lon="126.719670">
			<ele>0.00</ele>
			<time>2020-01-20T04:39:13.45Z</time>
		</trkpt>
		<trkpt lat="34.553665" lon="126.719716">
			<ele>0.00</ele>
			<time>2020-01-20T04:39:13.88Z</time>
		</trkpt>
		<trkpt lat="34.553611" lon="126.719777">
			<ele>0.00</ele>
			<time>2020-01-20T04:39:14.38Z</time>
		</trkpt>
		<trkpt lat="34.553576" lon="126.719763">
			<ele>0.00</ele>
			<time>2020-01-20T04:39:14.62Z</time>
		</trkpt>
		<trkpt lat="34.553551" lon="126.719745">
			<ele>0.00</ele>
			<time>2020-01-20T04:39:14.81Z</time>
		</trkpt>
		<trkpt lat="34.553552" lon="126.719748">
			<ele>0.00</ele>
			<time>2020-01-20T04:39:14.87Z</time>
		</trkpt>
		<trkpt lat="34.553413" lon="126.719993">
			<ele>0.00</ele>
			<time>2020-01-20T04:39:16.51Z</time>
		</trkpt>
		<trkpt lat="34.553302" lon="126.720169">
			<ele>0.00</ele>
			<time>2020-01-20T04:39:17.72Z</time>
		</trkpt>
		<trkpt lat="34.553119" lon="126.720365">
			<ele>0.00</ele>
			<time>2020-01-20T04:39:19.35Z</time>
		</trkpt>
		<trkpt lat="34.552936" lon="126.720523">
			<ele>0.00</ele>
			<time>2020-01-20T04:39:20.85Z</time>
		</trkpt>
		<trkpt lat="34.552719" lon="126.720749">
			<ele>0.00</ele>
			<time>2020-01-20T04:39:22.75Z</time>
		</trkpt>
		<trkpt lat="34.552533" lon="126.720957">
			<ele>0.00</ele>
			<time>2020-01-20T04:39:24.44Z</time>
		</trkpt>
		<trkpt lat="34.552369" lon="126.721183">
			<ele>0.00</ele>
			<time>2020-01-20T04:39:26.09Z</time>
		</trkpt>
		<trkpt lat="34.552341" lon="126.721229">
			<ele>0.00</ele>
			<time>2020-01-20T04:39:26.41Z</time>
		</trkpt>
		<trkpt lat="34.552274" lon="126.721160">
			<ele>0.00</ele>
			<time>2020-01-20T04:39:26.99Z</time>
		</trkpt>
		<trkpt lat="34.552274" lon="126.721163">
			<ele>0.00</ele>
			<time>2020-01-20T04:39:27.05Z</time>
		</trkpt>
		<trkpt lat="34.552118" lon="126.721008">
			<ele>0.00</ele>
			<time>2020-01-20T04:39:28.39Z</time>
		</trkpt>
		<trkpt lat="34.552047" lon="126.720850">
			<ele>0.00</ele>
			<time>2020-01-20T04:39:29.38Z</time>
		</trkpt>
		<trkpt lat="34.551986" lon="126.720646">
			<ele>0.00</ele>
			<time>2020-01-20T04:39:30.57Z</time>
		</trkpt>
		<trkpt lat="34.551955" lon="126.720522">
			<ele>0.00</ele>
			<time>2020-01-20T04:39:31.28Z</time>
		</trkpt>
		<trkpt lat="34.551907" lon="126.720372">
			<ele>0.00</ele>
			<time>2020-01-20T04:39:32.17Z</time>
		</trkpt>
		<trkpt lat="34.551837" lon="126.720155">
			<ele>0.00</ele>
			<time>2020-01-20T04:39:33.45Z</time>
		</trkpt>
		<trkpt lat="34.551767" lon="126.719896">
			<ele>0.00</ele>
			<time>2020-01-20T04:39:34.94Z</time>
		</trkpt>
		<trkpt lat="34.551733" lon="126.719797">
			<ele>0.00</ele>
			<time>2020-01-20T04:39:35.53Z</time>
		</trkpt>
		<trkpt lat="34.551676" lon="126.719568">
			<ele>0.00</ele>
			<time>2020-01-20T04:39:36.85Z</time>
		</trkpt>
		<trkpt lat="34.551657" lon="126.719533">
			<ele>0.00</ele>
			<time>2020-01-20T04:39:37.07Z</time>
		</trkpt>
		<trkpt lat="34.551576" lon="126.719558">
			<ele>0.00</ele>
			<time>2020-01-20T04:39:37.63Z</time>
		</trkpt>
		<trkpt lat="34.551390" lon="126.719625">
			<ele>0.00</ele>
			<time>2020-01-20T04:39:38.93Z</time>
		</trkpt>
		<trkpt lat="34.551285" lon="126.719671">
			<ele>0.00</ele>
			<time>2020-01-20T04:39:39.67Z</time>
		</trkpt>
		<trkpt lat="34.551153" lon="126.719716">
			<ele>0.00</ele>
			<time>2020-01-20T04:39:40.59Z</time>
		</trkpt>
		<trkpt lat="34.551040" lon="126.719753">
			<ele>0.00</ele>
			<time>2020-01-20T04:39:41.37Z</time>
		</trkpt>
		<trkpt lat="34.550874" lon="126.719805">
			<ele>0.00</ele>
			<time>2020-01-20T04:39:42.51Z</time>
		</trkpt>
		<trkpt lat="34.550728" lon="126.719869">
			<ele>0.00</ele>
			<time>2020-01-20T04:39:43.54Z</time>
		</trkpt>
		<trkpt lat="34.550598" lon="126.719931">
			<ele>0.00</ele>
			<time>2020-01-20T04:39:44.48Z</time>
		</trkpt>
		<trkpt lat="34.550469" lon="126.719993">
			<ele>0.00</ele>
			<time>2020-01-20T04:39:45.40Z</time>
		</trkpt>
		<trkpt lat="34.550337" lon="126.720066">
			<ele>0.00</ele>
			<time>2020-01-20T04:39:46.37Z</time>
		</trkpt>
		<trkpt lat="34.550207" lon="126.720139">
			<ele>0.00</ele>
			<time>2020-01-20T04:39:47.32Z</time>
		</trkpt>
		<trkpt lat="34.550125" lon="126.720201">
			<ele>0.00</ele>
			<time>2020-01-20T04:39:47.97Z</time>
		</trkpt>
		<trkpt lat="34.550067" lon="126.720243">
			<ele>0.00</ele>
			<time>2020-01-20T04:39:48.41Z</time>
		</trkpt>
		<trkpt lat="34.549977" lon="126.720288">
			<ele>0.00</ele>
			<time>2020-01-20T04:39:49.06Z</time>
		</trkpt>
		<trkpt lat="34.549909" lon="126.720304">
			<ele>0.00</ele>
			<time>2020-01-20T04:39:49.53Z</time>
		</trkpt>
		<trkpt lat="34.549756" lon="126.720226">
			<ele>0.00</ele>
			<time>2020-01-20T04:39:50.63Z</time>
		</trkpt>
		<trkpt lat="34.549640" lon="126.720162">
			<ele>0.00</ele>
			<time>2020-01-20T04:39:51.48Z</time>
		</trkpt>
		<trkpt lat="34.549497" lon="126.720099">
			<ele>0.00</ele>
			<time>2020-01-20T04:39:52.50Z</time>
		</trkpt>
		<trkpt lat="34.549383" lon="126.720054">
			<ele>0.00</ele>
			<time>2020-01-20T04:39:53.30Z</time>
		</trkpt>
		<trkpt lat="34.549303" lon="126.720009">
			<ele>0.00</ele>
			<time>2020-01-20T04:39:53.88Z</time>
		</trkpt>
		<trkpt lat="34.549164" lon="126.719947">
			<ele>0.00</ele>
			<time>2020-01-20T04:39:54.87Z</time>
		</trkpt>
		<trkpt lat="34.548992" lon="126.719898">
			<ele>0.00</ele>
			<time>2020-01-20T04:39:56.05Z</time>
		</trkpt>
		<trkpt lat="34.548990" lon="126.719896">
			<ele>0.00</ele>
			<time>2020-01-20T04:39:56.11Z</time>
		</trkpt>
		<trkpt lat="34.548913" lon="126.719879">
			<ele>0.00</ele>
			<time>2020-01-20T04:39:56.63Z</time>
		</trkpt>
		<trkpt lat="34.548745" lon="126.719856">
			<ele>0.00</ele>
			<time>2020-01-20T04:39:57.76Z</time>
		</trkpt>
		<trkpt lat="34.548578" lon="126.719855">
			<ele>0.00</ele>
			<time>2020-01-20T04:39:58.88Z</time>
		</trkpt>
		<trkpt lat="34.548445" lon="126.719858">
			<ele>0.00</ele>
			<time>2020-01-20T04:39:59.76Z</time>
		</trkpt>
		<trkpt lat="34.548318" lon="126.719893">
			<ele>0.00</ele>
			<time>2020-01-20T04:40:00.63Z</time>
		</trkpt>
		<trkpt lat="34.548210" lon="126.719945">
			<ele>0.00</ele>
			<time>2020-01-20T04:40:01.40Z</time>
		</trkpt>
		<trkpt lat="34.548165" lon="126.719998">
			<ele>0.00</ele>
			<time>2020-01-20T04:40:01.82Z</time>
		</trkpt>
		<trkpt lat="34.548115" lon="126.720067">
			<ele>0.00</ele>
			<time>2020-01-20T04:40:02.33Z</time>
		</trkpt>
		<trkpt lat="34.548013" lon="126.720190">
			<ele>0.00</ele>
			<time>2020-01-20T04:40:03.28Z</time>
		</trkpt>
		<trkpt lat="34.547902" lon="126.720297">
			<ele>0.00</ele>
			<time>2020-01-20T04:40:04.23Z</time>
		</trkpt>
		<trkpt lat="34.547800" lon="126.720401">
			<ele>0.00</ele>
			<time>2020-01-20T04:40:05.12Z</time>
		</trkpt>
		<trkpt lat="34.547702" lon="126.720498">
			<ele>0.00</ele>
			<time>2020-01-20T04:40:05.96Z</time>
		</trkpt>
		<trkpt lat="34.547592" lon="126.720605">
			<ele>0.00</ele>
			<time>2020-01-20T04:40:06.90Z</time>
		</trkpt>
		<trkpt lat="34.547612" lon="126.720771">
			<ele>0.00</ele>
			<time>2020-01-20T04:40:07.82Z</time>
		</trkpt>
		<trkpt lat="34.547653" lon="126.721102">
			<ele>0.00</ele>
			<time>2020-01-20T04:40:09.66Z</time>
		</trkpt>
		<trkpt lat="34.547676" lon="126.721309">
			<ele>0.00</ele>
			<time>2020-01-20T04:40:10.80Z</time>
		</trkpt>
		<trkpt lat="34.547729" lon="126.721734">
			<ele>0.00</ele>
			<time>2020-01-20T04:40:13.16Z</time>
		</trkpt>
		<trkpt lat="34.547786" lon="126.722102">
			<ele>0.00</ele>
			<time>2020-01-20T04:40:15.22Z</time>
		</trkpt>
		<trkpt lat="34.547839" lon="126.722517">
			<ele>0.00</ele>
			<time>2020-01-20T04:40:17.53Z</time>
		</trkpt>
		<trkpt lat="34.547882" lon="126.722807">
			<ele>0.00</ele>
			<time>2020-01-20T04:40:19.15Z</time>
		</trkpt>
		<trkpt lat="34.547928" lon="126.723232">
			<ele>0.00</ele>
			<time>2020-01-20T04:40:21.50Z</time>
		</trkpt>
		<trkpt lat="34.547962" lon="126.723479">
			<ele>0.00</ele>
			<time>2020-01-20T04:40:22.88Z</time>
		</trkpt>
		<trkpt lat="34.547997" lon="126.723820">
			<ele>0.00</ele>
			<time>2020-01-20T04:40:24.76Z</time>
		</trkpt>
		<trkpt lat="34.548028" lon="126.724046">
			<ele>0.00</ele>
			<time>2020-01-20T04:40:26.02Z</time>
		</trkpt>
		<trkpt lat="34.548048" lon="126.724173">
			<ele>0.00</ele>
			<time>2020-01-20T04:40:26.73Z</time>
		</trkpt>
		<trkpt lat="34.548044" lon="126.724290">
			<ele>0.00</ele>
			<time>2020-01-20T04:40:27.37Z</time>
		</trkpt>
		<trkpt lat="34.548023" lon="126.724563">
			<ele>0.00</ele>
			<time>2020-01-20T04:40:28.88Z</time>
		</trkpt>
		<trkpt lat="34.548001" lon="126.724798">
			<ele>0.00</ele>
			<time>2020-01-20T04:40:30.17Z</time>
		</trkpt>
		<trkpt lat="34.547981" lon="126.725025">
			<ele>0.00</ele>
			<time>2020-01-20T04:40:31.43Z</time>
		</trkpt>
		<trkpt lat="34.547944" lon="126.725178">
			<ele>0.00</ele>
			<time>2020-01-20T04:40:32.31Z</time>
		</trkpt>
		<trkpt lat="34.547880" lon="126.725355">
			<ele>0.00</ele>
			<time>2020-01-20T04:40:33.37Z</time>
		</trkpt>
		<trkpt lat="34.547825" lon="126.725550">
			<ele>0.00</ele>
			<time>2020-01-20T04:40:34.50Z</time>
		</trkpt>
		<trkpt lat="34.547739" lon="126.725735">
			<ele>0.00</ele>
			<time>2020-01-20T04:40:35.66Z</time>
		</trkpt>
		<trkpt lat="34.547685" lon="126.725877">
			<ele>0.00</ele>
			<time>2020-01-20T04:40:36.53Z</time>
		</trkpt>
		<trkpt lat="34.547651" lon="126.725958">
			<ele>0.00</ele>
			<time>2020-01-20T04:40:37.02Z</time>
		</trkpt>
		<trkpt lat="34.547604" lon="126.725979">
			<ele>0.00</ele>
			<time>2020-01-20T04:40:37.36Z</time>
		</trkpt>
		<trkpt lat="34.547597" lon="126.726119">
			<ele>0.00</ele>
			<time>2020-01-20T04:40:38.13Z</time>
		</trkpt>
		<trkpt lat="34.547550" lon="126.726205">
			<ele>0.00</ele>
			<time>2020-01-20T04:40:38.69Z</time>
		</trkpt>
		<trkpt lat="34.547515" lon="126.726258">
			<ele>0.00</ele>
			<time>2020-01-20T04:40:39.06Z</time>
		</trkpt>
		<trkpt lat="34.547447" lon="126.726334">
			<ele>0.00</ele>
			<time>2020-01-20T04:40:39.68Z</time>
		</trkpt>
		<trkpt lat="34.547349" lon="126.726429">
			<ele>0.00</ele>
			<time>2020-01-20T04:40:40.52Z</time>
		</trkpt>
		<trkpt lat="34.547331" lon="126.726497">
			<ele>0.00</ele>
			<time>2020-01-20T04:40:40.91Z</time>
		</trkpt>
		<trkpt lat="34.547339" lon="126.726630">
			<ele>0.00</ele>
			<time>2020-01-20T04:40:41.64Z</time>
		</trkpt>
		<trkpt lat="34.547351" lon="126.726732">
			<ele>0.00</ele>
			<time>2020-01-20T04:40:42.21Z</time>
		</trkpt>
		<trkpt lat="34.547353" lon="126.726798">
			<ele>18.00</ele>
			<time>2020-01-20T04:40:42.57Z</time>
		</trkpt>
		<trkpt lat="34.547393" lon="126.726937">
			<ele>18.00</ele>
			<time>2020-01-20T04:40:43.38Z</time>
		</trkpt>
		<trkpt lat="34.547418" lon="126.727072">
			<ele>18.00</ele>
			<time>2020-01-20T04:40:44.14Z</time>
		</trkpt>
		<trkpt lat="34.547434" lon="126.727189">
			<ele>18.00</ele>
			<time>2020-01-20T04:40:44.79Z</time>
		</trkpt>
		<trkpt lat="34.547466" lon="126.727335">
			<ele>18.00</ele>
			<time>2020-01-20T04:40:45.62Z</time>
		</trkpt>
		<trkpt lat="34.547510" lon="126.727573">
			<ele>18.00</ele>
			<time>2020-01-20T04:40:46.96Z</time>
		</trkpt>
		<trkpt lat="34.547529" lon="126.727688">
			<ele>18.00</ele>
			<time>2020-01-20T04:40:47.60Z</time>
		</trkpt>
		<trkpt lat="34.547530" lon="126.727819">
			<ele>18.00</ele>
			<time>2020-01-20T04:40:48.32Z</time>
		</trkpt>
		<trkpt lat="34.547531" lon="126.728029">
			<ele>18.00</ele>
			<time>2020-01-20T04:40:49.47Z</time>
		</trkpt>
		<extensions>
			<gte:name>#457</gte:name>
			<gte:color>#00ffff</gte:color>
		</extensions>
	</trkseg>
</trk>
</gpx>