<?xml version="1.0" encoding="UTF-8"?>
<gpx version="1.1" creator="GPS Track Editor" xmlns="http://www.topografix.com/GPX/1/1" xmlns:xsi="http://www.w3.org/2001/XMLSchema-instance" xmlns:gte="http://www.gpstrackeditor.com/xmlschemas/General/1" xmlns:gpxtpx="http://www.garmin.com/xmlschemas/TrackPointExtension/v1" xmlns:gpxx="http://www.garmin.com/xmlschemas/GpxExtensions/v3" targetNamespace="http://www.topografix.com/GPX/1/1" elementFormDefault="qualified" xsi:schemaLocation="http://www.topografix.com/GPX/1/1 http://www.topografix.com/GPX/1/1/gpx.xsd">
<metadata>
	<name>GPS_2020-01-17_081612</name>
</metadata>
<trk>
	<name>034-고성군 하이면 덕호리 하이면사무소~사천시 대방동 삼천포대교 사거리</name>
	<trkseg>
		<trkpt lat="34.928456" lon="128.122716">
			<ele>0.00</ele>
			<time>2020-01-17T08:16:12.21Z</time>
		</trkpt>
		<trkpt lat="34.928472" lon="128.122690">
			<ele>0.00</ele>
			<time>2020-01-17T08:16:12.39Z</time>
		</trkpt>
		<trkpt lat="34.928494" lon="128.122675">
			<ele>0.00</ele>
			<time>2020-01-17T08:16:12.56Z</time>
		</trkpt>
		<trkpt lat="34.928517" lon="128.122658">
			<ele>0.00</ele>
			<time>2020-01-17T08:16:12.73Z</time>
		</trkpt>
		<trkpt lat="34.928514" lon="128.122568">
			<ele>0.00</ele>
			<time>2020-01-17T08:16:13.22Z</time>
		</trkpt>
		<trkpt lat="34.928484" lon="128.122555">
			<ele>0.00</ele>
			<time>2020-01-17T08:16:13.43Z</time>
		</trkpt>
		<trkpt lat="34.928461" lon="128.122522">
			<ele>0.00</ele>
			<time>2020-01-17T08:16:13.67Z</time>
		</trkpt>
		<trkpt lat="34.928459" lon="128.122458">
			<ele>0.00</ele>
			<time>2020-01-17T08:16:14.02Z</time>
		</trkpt>
		<trkpt lat="34.928462" lon="128.122364">
			<ele>0.00</ele>
			<time>2020-01-17T08:16:14.54Z</time>
		</trkpt>
		<trkpt lat="34.928469" lon="128.122287">
			<ele>0.00</ele>
			<time>2020-01-17T08:16:14.96Z</time>
		</trkpt>
		<trkpt lat="34.928478" lon="128.122194">
			<ele>0.00</ele>
			<time>2020-01-17T08:16:15.47Z</time>
		</trkpt>
		<trkpt lat="34.928482" lon="128.122107">
			<ele>0.00</ele>
			<time>2020-01-17T08:16:15.95Z</time>
		</trkpt>
		<trkpt lat="34.928488" lon="128.122021">
			<ele>0.00</ele>
			<time>2020-01-17T08:16:16.42Z</time>
		</trkpt>
		<trkpt lat="34.928498" lon="128.121955">
			<ele>0.00</ele>
			<time>2020-01-17T08:16:16.79Z</time>
		</trkpt>
		<trkpt lat="34.928509" lon="128.121861">
			<ele>0.00</ele>
			<time>2020-01-17T08:16:17.31Z</time>
		</trkpt>
		<trkpt lat="34.928518" lon="128.121772">
			<ele>0.00</ele>
			<time>2020-01-17T08:16:17.79Z</time>
		</trkpt>
		<trkpt lat="34.928530" lon="128.121689">
			<ele>0.00</ele>
			<time>2020-01-17T08:16:18.26Z</time>
		</trkpt>
		<trkpt lat="34.928544" lon="128.121626">
			<ele>0.00</ele>
			<time>2020-01-17T08:16:18.61Z</time>
		</trkpt>
		<trkpt lat="34.928559" lon="128.121561">
			<ele>0.00</ele>
			<time>2020-01-17T08:16:18.98Z</time>
		</trkpt>
		<trkpt lat="34.928567" lon="128.121451">
			<ele>0.00</ele>
			<time>2020-01-17T08:16:19.59Z</time>
		</trkpt>
		<trkpt lat="34.928573" lon="128.121363">
			<ele>0.00</ele>
			<time>2020-01-17T08:16:20.07Z</time>
		</trkpt>
		<trkpt lat="34.928579" lon="128.121271">
			<ele>0.00</ele>
			<time>2020-01-17T08:16:20.57Z</time>
		</trkpt>
		<trkpt lat="34.928588" lon="128.121188">
			<ele>0.00</ele>
			<time>2020-01-17T08:16:21.03Z</time>
		</trkpt>
		<trkpt lat="34.928598" lon="128.121094">
			<ele>0.00</ele>
			<time>2020-01-17T08:16:21.55Z</time>
		</trkpt>
		<trkpt lat="34.928605" lon="128.120986">
			<ele>0.00</ele>
			<time>2020-01-17T08:16:22.14Z</time>
		</trkpt>
		<trkpt lat="34.928613" lon="128.120903">
			<ele>0.00</ele>
			<time>2020-01-17T08:16:22.60Z</time>
		</trkpt>
		<trkpt lat="34.928620" lon="128.120815">
			<ele>0.00</ele>
			<time>2020-01-17T08:16:23.08Z</time>
		</trkpt>
		<trkpt lat="34.928624" lon="128.120740">
			<ele>0.00</ele>
			<time>2020-01-17T08:16:23.49Z</time>
		</trkpt>
		<trkpt lat="34.928630" lon="128.120656">
			<ele>0.00</ele>
			<time>2020-01-17T08:16:23.96Z</time>
		</trkpt>
		<trkpt lat="34.928639" lon="128.120556">
			<ele>0.00</ele>
			<time>2020-01-17T08:16:24.50Z</time>
		</trkpt>
		<trkpt lat="34.928657" lon="128.120439">
			<ele>0.00</ele>
			<time>2020-01-17T08:16:25.15Z</time>
		</trkpt>
		<trkpt lat="34.928668" lon="128.120362">
			<ele>0.00</ele>
			<time>2020-01-17T08:16:25.58Z</time>
		</trkpt>
		<trkpt lat="34.928678" lon="128.120267">
			<ele>0.00</ele>
			<time>2020-01-17T08:16:26.10Z</time>
		</trkpt>
		<trkpt lat="34.928690" lon="128.120160">
			<ele>0.00</ele>
			<time>2020-01-17T08:16:26.69Z</time>
		</trkpt>
		<trkpt lat="34.928698" lon="128.120070">
			<ele>0.00</ele>
			<time>2020-01-17T08:16:27.19Z</time>
		</trkpt>
		<trkpt lat="34.928709" lon="128.119986">
			<ele>0.00</ele>
			<time>2020-01-17T08:16:27.65Z</time>
		</trkpt>
		<trkpt lat="34.928717" lon="128.119917">
			<ele>0.00</ele>
			<time>2020-01-17T08:16:28.03Z</time>
		</trkpt>
		<trkpt lat="34.928725" lon="128.119798">
			<ele>0.00</ele>
			<time>2020-01-17T08:16:28.69Z</time>
		</trkpt>
		<trkpt lat="34.928738" lon="128.119709">
			<ele>0.00</ele>
			<time>2020-01-17T08:16:29.18Z</time>
		</trkpt>
		<trkpt lat="34.928753" lon="128.119624">
			<ele>0.00</ele>
			<time>2020-01-17T08:16:29.66Z</time>
		</trkpt>
		<trkpt lat="34.928757" lon="128.119510">
			<ele>0.00</ele>
			<time>2020-01-17T08:16:30.28Z</time>
		</trkpt>
		<trkpt lat="34.928772" lon="128.119421">
			<ele>0.00</ele>
			<time>2020-01-17T08:16:30.78Z</time>
		</trkpt>
		<trkpt lat="34.928779" lon="128.119357">
			<ele>0.00</ele>
			<time>2020-01-17T08:16:31.13Z</time>
		</trkpt>
		<trkpt lat="34.928790" lon="128.119276">
			<ele>0.00</ele>
			<time>2020-01-17T08:16:31.58Z</time>
		</trkpt>
		<trkpt lat="34.928799" lon="128.119191">
			<ele>0.00</ele>
			<time>2020-01-17T08:16:32.04Z</time>
		</trkpt>
		<trkpt lat="34.928809" lon="128.119101">
			<ele>0.00</ele>
			<time>2020-01-17T08:16:32.54Z</time>
		</trkpt>
		<trkpt lat="34.928823" lon="128.119012">
			<ele>0.00</ele>
			<time>2020-01-17T08:16:33.04Z</time>
		</trkpt>
		<trkpt lat="34.928839" lon="128.118923">
			<ele>0.00</ele>
			<time>2020-01-17T08:16:33.54Z</time>
		</trkpt>
		<trkpt lat="34.928861" lon="128.118811">
			<ele>0.00</ele>
			<time>2020-01-17T08:16:34.16Z</time>
		</trkpt>
		<trkpt lat="34.928868" lon="128.118741">
			<ele>0.00</ele>
			<time>2020-01-17T08:16:34.55Z</time>
		</trkpt>
		<trkpt lat="34.928887" lon="128.118662">
			<ele>0.00</ele>
			<time>2020-01-17T08:16:35Z</time>
		</trkpt>
		<trkpt lat="34.928895" lon="128.118596">
			<ele>0.00</ele>
			<time>2020-01-17T08:16:35.37Z</time>
		</trkpt>
		<trkpt lat="34.928906" lon="128.118521">
			<ele>0.00</ele>
			<time>2020-01-17T08:16:35.79Z</time>
		</trkpt>
		<trkpt lat="34.928912" lon="128.118463">
			<ele>0.00</ele>
			<time>2020-01-17T08:16:36.10Z</time>
		</trkpt>
		<trkpt lat="34.928930" lon="128.118353">
			<ele>0.00</ele>
			<time>2020-01-17T08:16:36.71Z</time>
		</trkpt>
		<trkpt lat="34.928938" lon="128.118243">
			<ele>0.00</ele>
			<time>2020-01-17T08:16:37.32Z</time>
		</trkpt>
		<trkpt lat="34.928956" lon="128.118110">
			<ele>0.00</ele>
			<time>2020-01-17T08:16:38.06Z</time>
		</trkpt>
		<trkpt lat="34.928967" lon="128.118015">
			<ele>0.00</ele>
			<time>2020-01-17T08:16:38.58Z</time>
		</trkpt>
		<trkpt lat="34.928977" lon="128.117953">
			<ele>0.00</ele>
			<time>2020-01-17T08:16:38.92Z</time>
		</trkpt>
		<trkpt lat="34.929024" lon="128.117923">
			<ele>0.00</ele>
			<time>2020-01-17T08:16:39.28Z</time>
		</trkpt>
		<trkpt lat="34.929038" lon="128.117834">
			<ele>0.00</ele>
			<time>2020-01-17T08:16:39.77Z</time>
		</trkpt>
		<trkpt lat="34.929039" lon="128.117760">
			<ele>0.00</ele>
			<time>2020-01-17T08:16:40.18Z</time>
		</trkpt>
		<trkpt lat="34.929029" lon="128.117668">
			<ele>0.00</ele>
			<time>2020-01-17T08:16:40.68Z</time>
		</trkpt>
		<trkpt lat="34.929036" lon="128.117573">
			<ele>0.00</ele>
			<time>2020-01-17T08:16:41.21Z</time>
		</trkpt>
		<trkpt lat="34.929046" lon="128.117498">
			<ele>0.00</ele>
			<time>2020-01-17T08:16:41.62Z</time>
		</trkpt>
		<trkpt lat="34.929050" lon="128.117427">
			<ele>0.00</ele>
			<time>2020-01-17T08:16:42.01Z</time>
		</trkpt>
		<trkpt lat="34.929059" lon="128.117343">
			<ele>0.00</ele>
			<time>2020-01-17T08:16:42.48Z</time>
		</trkpt>
		<trkpt lat="34.929067" lon="128.117246">
			<ele>0.00</ele>
			<time>2020-01-17T08:16:43.01Z</time>
		</trkpt>
		<trkpt lat="34.929071" lon="128.117183">
			<ele>0.00</ele>
			<time>2020-01-17T08:16:43.35Z</time>
		</trkpt>
		<trkpt lat="34.929084" lon="128.117097">
			<ele>0.00</ele>
			<time>2020-01-17T08:16:43.83Z</time>
		</trkpt>
		<trkpt lat="34.929088" lon="128.117020">
			<ele>0.00</ele>
			<time>2020-01-17T08:16:44.25Z</time>
		</trkpt>
		<trkpt lat="34.929093" lon="128.116947">
			<ele>0.00</ele>
			<time>2020-01-17T08:16:44.65Z</time>
		</trkpt>
		<trkpt lat="34.929094" lon="128.116883">
			<ele>0.00</ele>
			<time>2020-01-17T08:16:45Z</time>
		</trkpt>
		<trkpt lat="34.929089" lon="128.116808">
			<ele>0.00</ele>
			<time>2020-01-17T08:16:45.41Z</time>
		</trkpt>
		<trkpt lat="34.929087" lon="128.116742">
			<ele>0.00</ele>
			<time>2020-01-17T08:16:45.77Z</time>
		</trkpt>
		<trkpt lat="34.929080" lon="128.116625">
			<ele>0.00</ele>
			<time>2020-01-17T08:16:46.41Z</time>
		</trkpt>
		<trkpt lat="34.929073" lon="128.116542">
			<ele>0.00</ele>
			<time>2020-01-17T08:16:46.87Z</time>
		</trkpt>
		<trkpt lat="34.929069" lon="128.116456">
			<ele>0.00</ele>
			<time>2020-01-17T08:16:47.34Z</time>
		</trkpt>
		<trkpt lat="34.929068" lon="128.116385">
			<ele>0.00</ele>
			<time>2020-01-17T08:16:47.73Z</time>
		</trkpt>
		<trkpt lat="34.929072" lon="128.116310">
			<ele>0.00</ele>
			<time>2020-01-17T08:16:48.14Z</time>
		</trkpt>
		<trkpt lat="34.929079" lon="128.116218">
			<ele>0.00</ele>
			<time>2020-01-17T08:16:48.65Z</time>
		</trkpt>
		<trkpt lat="34.929089" lon="128.116127">
			<ele>0.00</ele>
			<time>2020-01-17T08:16:49.15Z</time>
		</trkpt>
		<trkpt lat="34.929097" lon="128.116050">
			<ele>0.00</ele>
			<time>2020-01-17T08:16:49.57Z</time>
		</trkpt>
		<trkpt lat="34.929103" lon="128.115967">
			<ele>0.00</ele>
			<time>2020-01-17T08:16:50.03Z</time>
		</trkpt>
		<trkpt lat="34.929116" lon="128.115866">
			<ele>0.00</ele>
			<time>2020-01-17T08:16:50.59Z</time>
		</trkpt>
		<trkpt lat="34.929127" lon="128.115782">
			<ele>0.00</ele>
			<time>2020-01-17T08:16:51.05Z</time>
		</trkpt>
		<trkpt lat="34.929134" lon="128.115684">
			<ele>0.00</ele>
			<time>2020-01-17T08:16:51.59Z</time>
		</trkpt>
		<trkpt lat="34.929144" lon="128.115580">
			<ele>0.00</ele>
			<time>2020-01-17T08:16:52.16Z</time>
		</trkpt>
		<trkpt lat="34.929156" lon="128.115474">
			<ele>0.00</ele>
			<time>2020-01-17T08:16:52.74Z</time>
		</trkpt>
		<trkpt lat="34.929162" lon="128.115393">
			<ele>0.00</ele>
			<time>2020-01-17T08:16:53.19Z</time>
		</trkpt>
		<trkpt lat="34.929169" lon="128.115306">
			<ele>0.00</ele>
			<time>2020-01-17T08:16:53.67Z</time>
		</trkpt>
		<trkpt lat="34.929175" lon="128.115226">
			<ele>0.00</ele>
			<time>2020-01-17T08:16:54.11Z</time>
		</trkpt>
		<trkpt lat="34.929176" lon="128.115139">
			<ele>0.00</ele>
			<time>2020-01-17T08:16:54.58Z</time>
		</trkpt>
		<trkpt lat="34.929181" lon="128.115048">
			<ele>0.00</ele>
			<time>2020-01-17T08:16:55.08Z</time>
		</trkpt>
		<trkpt lat="34.929190" lon="128.114968">
			<ele>0.00</ele>
			<time>2020-01-17T08:16:55.52Z</time>
		</trkpt>
		<trkpt lat="34.929200" lon="128.114903">
			<ele>0.00</ele>
			<time>2020-01-17T08:16:55.89Z</time>
		</trkpt>
		<trkpt lat="34.929210" lon="128.114837">
			<ele>0.00</ele>
			<time>2020-01-17T08:16:56.25Z</time>
		</trkpt>
		<trkpt lat="34.929219" lon="128.114763">
			<ele>0.00</ele>
			<time>2020-01-17T08:16:56.66Z</time>
		</trkpt>
		<trkpt lat="34.929224" lon="128.114695">
			<ele>0.00</ele>
			<time>2020-01-17T08:16:57.03Z</time>
		</trkpt>
		<trkpt lat="34.929230" lon="128.114605">
			<ele>0.00</ele>
			<time>2020-01-17T08:16:57.53Z</time>
		</trkpt>
		<trkpt lat="34.929239" lon="128.114535">
			<ele>0.00</ele>
			<time>2020-01-17T08:16:57.92Z</time>
		</trkpt>
		<trkpt lat="34.929250" lon="128.114435">
			<ele>0.00</ele>
			<time>2020-01-17T08:16:58.47Z</time>
		</trkpt>
		<trkpt lat="34.929267" lon="128.114371">
			<ele>0.00</ele>
			<time>2020-01-17T08:16:58.84Z</time>
		</trkpt>
		<trkpt lat="34.929287" lon="128.114294">
			<ele>0.00</ele>
			<time>2020-01-17T08:16:59.28Z</time>
		</trkpt>
		<trkpt lat="34.929313" lon="128.114241">
			<ele>0.00</ele>
			<time>2020-01-17T08:16:59.61Z</time>
		</trkpt>
		<trkpt lat="34.929348" lon="128.114147">
			<ele>0.00</ele>
			<time>2020-01-17T08:17:00.18Z</time>
		</trkpt>
		<trkpt lat="34.929397" lon="128.114057">
			<ele>0.00</ele>
			<time>2020-01-17T08:17:00.77Z</time>
		</trkpt>
		<trkpt lat="34.929439" lon="128.113972">
			<ele>0.00</ele>
			<time>2020-01-17T08:17:01.31Z</time>
		</trkpt>
		<trkpt lat="34.929466" lon="128.113907">
			<ele>0.00</ele>
			<time>2020-01-17T08:17:01.71Z</time>
		</trkpt>
		<trkpt lat="34.929524" lon="128.113807">
			<ele>0.00</ele>
			<time>2020-01-17T08:17:02.38Z</time>
		</trkpt>
		<trkpt lat="34.929568" lon="128.113738">
			<ele>0.00</ele>
			<time>2020-01-17T08:17:02.85Z</time>
		</trkpt>
		<trkpt lat="34.929609" lon="128.113657">
			<ele>0.00</ele>
			<time>2020-01-17T08:17:03.38Z</time>
		</trkpt>
		<trkpt lat="34.929649" lon="128.113576">
			<ele>0.00</ele>
			<time>2020-01-17T08:17:03.89Z</time>
		</trkpt>
		<trkpt lat="34.929687" lon="128.113494">
			<ele>0.00</ele>
			<time>2020-01-17T08:17:04.41Z</time>
		</trkpt>
		<trkpt lat="34.929712" lon="128.113440">
			<ele>0.00</ele>
			<time>2020-01-17T08:17:04.75Z</time>
		</trkpt>
		<trkpt lat="34.929749" lon="128.113357">
			<ele>0.00</ele>
			<time>2020-01-17T08:17:05.26Z</time>
		</trkpt>
		<trkpt lat="34.929794" lon="128.113284">
			<ele>0.00</ele>
			<time>2020-01-17T08:17:05.76Z</time>
		</trkpt>
		<trkpt lat="34.929825" lon="128.113215">
			<ele>0.00</ele>
			<time>2020-01-17T08:17:06.19Z</time>
		</trkpt>
		<trkpt lat="34.929849" lon="128.113132">
			<ele>0.00</ele>
			<time>2020-01-17T08:17:06.67Z</time>
		</trkpt>
		<trkpt lat="34.929864" lon="128.113069">
			<ele>0.00</ele>
			<time>2020-01-17T08:17:07.03Z</time>
		</trkpt>
		<trkpt lat="34.929876" lon="128.112999">
			<ele>0.00</ele>
			<time>2020-01-17T08:17:07.42Z</time>
		</trkpt>
		<trkpt lat="34.929892" lon="128.112920">
			<ele>0.00</ele>
			<time>2020-01-17T08:17:07.87Z</time>
		</trkpt>
		<trkpt lat="34.929915" lon="128.112839">
			<ele>0.00</ele>
			<time>2020-01-17T08:17:08.34Z</time>
		</trkpt>
		<trkpt lat="34.929942" lon="128.112734">
			<ele>0.00</ele>
			<time>2020-01-17T08:17:08.94Z</time>
		</trkpt>
		<trkpt lat="34.929960" lon="128.112672">
			<ele>0.00</ele>
			<time>2020-01-17T08:17:09.30Z</time>
		</trkpt>
		<trkpt lat="34.929966" lon="128.112628">
			<ele>0.00</ele>
			<time>2020-01-17T08:17:09.54Z</time>
		</trkpt>
		<trkpt lat="34.929978" lon="128.112549">
			<ele>0.00</ele>
			<time>2020-01-17T08:17:09.98Z</time>
		</trkpt>
		<trkpt lat="34.929991" lon="128.112483">
			<ele>0.00</ele>
			<time>2020-01-17T08:17:10.35Z</time>
		</trkpt>
		<trkpt lat="34.930016" lon="128.112365">
			<ele>0.00</ele>
			<time>2020-01-17T08:17:11.01Z</time>
		</trkpt>
		<trkpt lat="34.930037" lon="128.112273">
			<ele>0.00</ele>
			<time>2020-01-17T08:17:11.54Z</time>
		</trkpt>
		<trkpt lat="34.930051" lon="128.112186">
			<ele>0.00</ele>
			<time>2020-01-17T08:17:12.02Z</time>
		</trkpt>
		<trkpt lat="34.930067" lon="128.112096">
			<ele>0.00</ele>
			<time>2020-01-17T08:17:12.53Z</time>
		</trkpt>
		<trkpt lat="34.930080" lon="128.112001">
			<ele>0.00</ele>
			<time>2020-01-17T08:17:13.05Z</time>
		</trkpt>
		<trkpt lat="34.930090" lon="128.111921">
			<ele>0.00</ele>
			<time>2020-01-17T08:17:13.50Z</time>
		</trkpt>
		<trkpt lat="34.930082" lon="128.111821">
			<ele>0.00</ele>
			<time>2020-01-17T08:17:14.04Z</time>
		</trkpt>
		<trkpt lat="34.930079" lon="128.111752">
			<ele>0.00</ele>
			<time>2020-01-17T08:17:14.42Z</time>
		</trkpt>
		<trkpt lat="34.930075" lon="128.111675">
			<ele>0.00</ele>
			<time>2020-01-17T08:17:14.84Z</time>
		</trkpt>
		<trkpt lat="34.930063" lon="128.111592">
			<ele>0.00</ele>
			<time>2020-01-17T08:17:15.30Z</time>
		</trkpt>
		<trkpt lat="34.930051" lon="128.111504">
			<ele>0.00</ele>
			<time>2020-01-17T08:17:15.79Z</time>
		</trkpt>
		<trkpt lat="34.930034" lon="128.111420">
			<ele>0.00</ele>
			<time>2020-01-17T08:17:16.26Z</time>
		</trkpt>
		<trkpt lat="34.930019" lon="128.111344">
			<ele>0.00</ele>
			<time>2020-01-17T08:17:16.69Z</time>
		</trkpt>
		<trkpt lat="34.929997" lon="128.111252">
			<ele>0.00</ele>
			<time>2020-01-17T08:17:17.22Z</time>
		</trkpt>
		<trkpt lat="34.929977" lon="128.111152">
			<ele>0.00</ele>
			<time>2020-01-17T08:17:17.78Z</time>
		</trkpt>
		<trkpt lat="34.929960" lon="128.111081">
			<ele>0.00</ele>
			<time>2020-01-17T08:17:18.18Z</time>
		</trkpt>
		<trkpt lat="34.929941" lon="128.111005">
			<ele>0.00</ele>
			<time>2020-01-17T08:17:18.62Z</time>
		</trkpt>
		<trkpt lat="34.929919" lon="128.110917">
			<ele>0.00</ele>
			<time>2020-01-17T08:17:19.12Z</time>
		</trkpt>
		<trkpt lat="34.929900" lon="128.110830">
			<ele>0.00</ele>
			<time>2020-01-17T08:17:19.61Z</time>
		</trkpt>
		<trkpt lat="34.929879" lon="128.110754">
			<ele>0.00</ele>
			<time>2020-01-17T08:17:20.05Z</time>
		</trkpt>
		<trkpt lat="34.929859" lon="128.110656">
			<ele>0.00</ele>
			<time>2020-01-17T08:17:20.60Z</time>
		</trkpt>
		<trkpt lat="34.929838" lon="128.110580">
			<ele>0.00</ele>
			<time>2020-01-17T08:17:21.04Z</time>
		</trkpt>
		<trkpt lat="34.929810" lon="128.110477">
			<ele>0.00</ele>
			<time>2020-01-17T08:17:21.63Z</time>
		</trkpt>
		<trkpt lat="34.929788" lon="128.110364">
			<ele>0.00</ele>
			<time>2020-01-17T08:17:22.27Z</time>
		</trkpt>
		<trkpt lat="34.929768" lon="128.110284">
			<ele>0.00</ele>
			<time>2020-01-17T08:17:22.72Z</time>
		</trkpt>
		<trkpt lat="34.929746" lon="128.110198">
			<ele>0.00</ele>
			<time>2020-01-17T08:17:23.21Z</time>
		</trkpt>
		<trkpt lat="34.929725" lon="128.110111">
			<ele>0.00</ele>
			<time>2020-01-17T08:17:23.71Z</time>
		</trkpt>
		<trkpt lat="34.929704" lon="128.110013">
			<ele>0.00</ele>
			<time>2020-01-17T08:17:24.26Z</time>
		</trkpt>
		<trkpt lat="34.929687" lon="128.109927">
			<ele>0.00</ele>
			<time>2020-01-17T08:17:24.75Z</time>
		</trkpt>
		<trkpt lat="34.929663" lon="128.109849">
			<ele>0.00</ele>
			<time>2020-01-17T08:17:25.21Z</time>
		</trkpt>
		<trkpt lat="34.929640" lon="128.109778">
			<ele>0.00</ele>
			<time>2020-01-17T08:17:25.62Z</time>
		</trkpt>
		<trkpt lat="34.929619" lon="128.109701">
			<ele>0.00</ele>
			<time>2020-01-17T08:17:26.07Z</time>
		</trkpt>
		<trkpt lat="34.929603" lon="128.109637">
			<ele>0.00</ele>
			<time>2020-01-17T08:17:26.43Z</time>
		</trkpt>
		<trkpt lat="34.929588" lon="128.109557">
			<ele>0.00</ele>
			<time>2020-01-17T08:17:26.88Z</time>
		</trkpt>
		<trkpt lat="34.929583" lon="128.109488">
			<ele>0.00</ele>
			<time>2020-01-17T08:17:27.26Z</time>
		</trkpt>
		<trkpt lat="34.929599" lon="128.109450">
			<ele>0.00</ele>
			<time>2020-01-17T08:17:27.49Z</time>
		</trkpt>
		<trkpt lat="34.929632" lon="128.109405">
			<ele>0.00</ele>
			<time>2020-01-17T08:17:27.82Z</time>
		</trkpt>
		<trkpt lat="34.929616" lon="128.109333">
			<ele>0.00</ele>
			<time>2020-01-17T08:17:28.23Z</time>
		</trkpt>
		<trkpt lat="34.929608" lon="128.109256">
			<ele>0.00</ele>
			<time>2020-01-17T08:17:28.66Z</time>
		</trkpt>
		<trkpt lat="34.929569" lon="128.109237">
			<ele>0.00</ele>
			<time>2020-01-17T08:17:28.94Z</time>
		</trkpt>
		<trkpt lat="34.929550" lon="128.109179">
			<ele>0.00</ele>
			<time>2020-01-17T08:17:29.28Z</time>
		</trkpt>
		<trkpt lat="34.929550" lon="128.109177">
			<ele>0.00</ele>
			<time>2020-01-17T08:17:29.34Z</time>
		</trkpt>
		<trkpt lat="34.929540" lon="128.109083">
			<ele>0.00</ele>
			<time>2020-01-17T08:17:29.86Z</time>
		</trkpt>
		<trkpt lat="34.929543" lon="128.108989">
			<ele>0.00</ele>
			<time>2020-01-17T08:17:30.37Z</time>
		</trkpt>
		<trkpt lat="34.929550" lon="128.108893">
			<ele>0.00</ele>
			<time>2020-01-17T08:17:30.90Z</time>
		</trkpt>
		<trkpt lat="34.929559" lon="128.108795">
			<ele>0.00</ele>
			<time>2020-01-17T08:17:31.44Z</time>
		</trkpt>
		<trkpt lat="34.929567" lon="128.108707">
			<ele>0.00</ele>
			<time>2020-01-17T08:17:31.92Z</time>
		</trkpt>
		<trkpt lat="34.929579" lon="128.108620">
			<ele>0.00</ele>
			<time>2020-01-17T08:17:32.40Z</time>
		</trkpt>
		<trkpt lat="34.929588" lon="128.108518">
			<ele>0.00</ele>
			<time>2020-01-17T08:17:32.97Z</time>
		</trkpt>
		<trkpt lat="34.929606" lon="128.108418">
			<ele>0.00</ele>
			<time>2020-01-17T08:17:33.52Z</time>
		</trkpt>
		<trkpt lat="34.929618" lon="128.108316">
			<ele>0.00</ele>
			<time>2020-01-17T08:17:34.08Z</time>
		</trkpt>
		<trkpt lat="34.929625" lon="128.108242">
			<ele>0.00</ele>
			<time>2020-01-17T08:17:34.49Z</time>
		</trkpt>
		<trkpt lat="34.929636" lon="128.108100">
			<ele>0.00</ele>
			<time>2020-01-17T08:17:35.27Z</time>
		</trkpt>
		<trkpt lat="34.929639" lon="128.108003">
			<ele>0.00</ele>
			<time>2020-01-17T08:17:35.80Z</time>
		</trkpt>
		<trkpt lat="34.929641" lon="128.107895">
			<ele>0.00</ele>
			<time>2020-01-17T08:17:36.39Z</time>
		</trkpt>
		<trkpt lat="34.929654" lon="128.107805">
			<ele>0.00</ele>
			<time>2020-01-17T08:17:36.89Z</time>
		</trkpt>
		<trkpt lat="34.929676" lon="128.107703">
			<ele>0.00</ele>
			<time>2020-01-17T08:17:37.47Z</time>
		</trkpt>
		<trkpt lat="34.929693" lon="128.107609">
			<ele>0.00</ele>
			<time>2020-01-17T08:17:38Z</time>
		</trkpt>
		<trkpt lat="34.929725" lon="128.107516">
			<ele>0.00</ele>
			<time>2020-01-17T08:17:38.55Z</time>
		</trkpt>
		<trkpt lat="34.929770" lon="128.107420">
			<ele>0.00</ele>
			<time>2020-01-17T08:17:39.15Z</time>
		</trkpt>
		<trkpt lat="34.929804" lon="128.107350">
			<ele>0.00</ele>
			<time>2020-01-17T08:17:39.60Z</time>
		</trkpt>
		<trkpt lat="34.929847" lon="128.107282">
			<ele>0.00</ele>
			<time>2020-01-17T08:17:40.07Z</time>
		</trkpt>
		<trkpt lat="34.929895" lon="128.107225">
			<ele>0.00</ele>
			<time>2020-01-17T08:17:40.51Z</time>
		</trkpt>
		<trkpt lat="34.929950" lon="128.107164">
			<ele>0.00</ele>
			<time>2020-01-17T08:17:41.01Z</time>
		</trkpt>
		<trkpt lat="34.930005" lon="128.107108">
			<ele>0.00</ele>
			<time>2020-01-17T08:17:41.49Z</time>
		</trkpt>
		<trkpt lat="34.930075" lon="128.107042">
			<ele>0.00</ele>
			<time>2020-01-17T08:17:42.07Z</time>
		</trkpt>
		<trkpt lat="34.930136" lon="128.106982">
			<ele>0.00</ele>
			<time>2020-01-17T08:17:42.60Z</time>
		</trkpt>
		<trkpt lat="34.930205" lon="128.106923">
			<ele>0.00</ele>
			<time>2020-01-17T08:17:43.16Z</time>
		</trkpt>
		<trkpt lat="34.930257" lon="128.106879">
			<ele>0.00</ele>
			<time>2020-01-17T08:17:43.58Z</time>
		</trkpt>
		<trkpt lat="34.930309" lon="128.106849">
			<ele>0.00</ele>
			<time>2020-01-17T08:17:43.97Z</time>
		</trkpt>
		<trkpt lat="34.930365" lon="128.106807">
			<ele>0.00</ele>
			<time>2020-01-17T08:17:44.40Z</time>
		</trkpt>
		<trkpt lat="34.930431" lon="128.106747">
			<ele>0.00</ele>
			<time>2020-01-17T08:17:44.95Z</time>
		</trkpt>
		<trkpt lat="34.930494" lon="128.106665">
			<ele>0.00</ele>
			<time>2020-01-17T08:17:45.56Z</time>
		</trkpt>
		<trkpt lat="34.930552" lon="128.106597">
			<ele>0.00</ele>
			<time>2020-01-17T08:17:46.11Z</time>
		</trkpt>
		<trkpt lat="34.930606" lon="128.106535">
			<ele>0.00</ele>
			<time>2020-01-17T08:17:46.60Z</time>
		</trkpt>
		<trkpt lat="34.930645" lon="128.106454">
			<ele>0.00</ele>
			<time>2020-01-17T08:17:47.11Z</time>
		</trkpt>
		<trkpt lat="34.930683" lon="128.106350">
			<ele>0.00</ele>
			<time>2020-01-17T08:17:47.73Z</time>
		</trkpt>
		<trkpt lat="34.930723" lon="128.106266">
			<ele>0.00</ele>
			<time>2020-01-17T08:17:48.26Z</time>
		</trkpt>
		<trkpt lat="34.930759" lon="128.106175">
			<ele>0.00</ele>
			<time>2020-01-17T08:17:48.81Z</time>
		</trkpt>
		<trkpt lat="34.930796" lon="128.106077">
			<ele>0.00</ele>
			<time>2020-01-17T08:17:49.41Z</time>
		</trkpt>
		<trkpt lat="34.930843" lon="128.105990">
			<ele>0.00</ele>
			<time>2020-01-17T08:17:49.97Z</time>
		</trkpt>
		<trkpt lat="34.930876" lon="128.105914">
			<ele>0.00</ele>
			<time>2020-01-17T08:17:50.45Z</time>
		</trkpt>
		<trkpt lat="34.930908" lon="128.105838">
			<ele>0.00</ele>
			<time>2020-01-17T08:17:50.91Z</time>
		</trkpt>
		<trkpt lat="34.930935" lon="128.105771">
			<ele>0.00</ele>
			<time>2020-01-17T08:17:51.32Z</time>
		</trkpt>
		<trkpt lat="34.930970" lon="128.105686">
			<ele>0.00</ele>
			<time>2020-01-17T08:17:51.84Z</time>
		</trkpt>
		<trkpt lat="34.931007" lon="128.105594">
			<ele>0.00</ele>
			<time>2020-01-17T08:17:52.40Z</time>
		</trkpt>
		<trkpt lat="34.931033" lon="128.105504">
			<ele>0.00</ele>
			<time>2020-01-17T08:17:52.92Z</time>
		</trkpt>
		<trkpt lat="34.931058" lon="128.105410">
			<ele>0.00</ele>
			<time>2020-01-17T08:17:53.46Z</time>
		</trkpt>
		<trkpt lat="34.931083" lon="128.105309">
			<ele>0.00</ele>
			<time>2020-01-17T08:17:54.04Z</time>
		</trkpt>
		<trkpt lat="34.931095" lon="128.105239">
			<ele>0.00</ele>
			<time>2020-01-17T08:17:54.43Z</time>
		</trkpt>
		<trkpt lat="34.931112" lon="128.105143">
			<ele>0.00</ele>
			<time>2020-01-17T08:17:54.96Z</time>
		</trkpt>
		<trkpt lat="34.931107" lon="128.105041">
			<ele>0.00</ele>
			<time>2020-01-17T08:17:55.52Z</time>
		</trkpt>
		<trkpt lat="34.931111" lon="128.104939">
			<ele>0.00</ele>
			<time>2020-01-17T08:17:56.08Z</time>
		</trkpt>
		<trkpt lat="34.931122" lon="128.104843">
			<ele>0.00</ele>
			<time>2020-01-17T08:17:56.61Z</time>
		</trkpt>
		<trkpt lat="34.931123" lon="128.104767">
			<ele>0.00</ele>
			<time>2020-01-17T08:17:57.03Z</time>
		</trkpt>
		<trkpt lat="34.931156" lon="128.104720">
			<ele>0.00</ele>
			<time>2020-01-17T08:17:57.36Z</time>
		</trkpt>
		<trkpt lat="34.931206" lon="128.104687">
			<ele>0.00</ele>
			<time>2020-01-17T08:17:57.74Z</time>
		</trkpt>
		<trkpt lat="34.931209" lon="128.104525">
			<ele>0.00</ele>
			<time>2020-01-17T08:17:58.62Z</time>
		</trkpt>
		<trkpt lat="34.931229" lon="128.104400">
			<ele>0.00</ele>
			<time>2020-01-17T08:17:59.32Z</time>
		</trkpt>
		<trkpt lat="34.931190" lon="128.104323">
			<ele>0.00</ele>
			<time>2020-01-17T08:17:59.81Z</time>
		</trkpt>
		<trkpt lat="34.931161" lon="128.104236">
			<ele>0.00</ele>
			<time>2020-01-17T08:18:00.33Z</time>
		</trkpt>
		<trkpt lat="34.931133" lon="128.104137">
			<ele>0.00</ele>
			<time>2020-01-17T08:18:00.90Z</time>
		</trkpt>
		<trkpt lat="34.931093" lon="128.104037">
			<ele>0.00</ele>
			<time>2020-01-17T08:18:01.51Z</time>
		</trkpt>
		<trkpt lat="34.931059" lon="128.103915">
			<ele>0.00</ele>
			<time>2020-01-17T08:18:02.22Z</time>
		</trkpt>
		<trkpt lat="34.931027" lon="128.103821">
			<ele>0.00</ele>
			<time>2020-01-17T08:18:02.77Z</time>
		</trkpt>
		<trkpt lat="34.930999" lon="128.103721">
			<ele>0.00</ele>
			<time>2020-01-17T08:18:03.35Z</time>
		</trkpt>
		<trkpt lat="34.930964" lon="128.103608">
			<ele>0.00</ele>
			<time>2020-01-17T08:18:04.01Z</time>
		</trkpt>
		<trkpt lat="34.930938" lon="128.103516">
			<ele>0.00</ele>
			<time>2020-01-17T08:18:04.54Z</time>
		</trkpt>
		<trkpt lat="34.930913" lon="128.103433">
			<ele>0.00</ele>
			<time>2020-01-17T08:18:05.02Z</time>
		</trkpt>
		<trkpt lat="34.930906" lon="128.103366">
			<ele>0.00</ele>
			<time>2020-01-17T08:18:05.39Z</time>
		</trkpt>
		<trkpt lat="34.930899" lon="128.103255">
			<ele>0.00</ele>
			<time>2020-01-17T08:18:06Z</time>
		</trkpt>
		<trkpt lat="34.930899" lon="128.103173">
			<ele>0.00</ele>
			<time>2020-01-17T08:18:06.45Z</time>
		</trkpt>
		<trkpt lat="34.930889" lon="128.103094">
			<ele>0.00</ele>
			<time>2020-01-17T08:18:06.89Z</time>
		</trkpt>
		<trkpt lat="34.930890" lon="128.103001">
			<ele>0.00</ele>
			<time>2020-01-17T08:18:07.39Z</time>
		</trkpt>
		<trkpt lat="34.930894" lon="128.102911">
			<ele>0.00</ele>
			<time>2020-01-17T08:18:07.89Z</time>
		</trkpt>
		<trkpt lat="34.930891" lon="128.102811">
			<ele>0.00</ele>
			<time>2020-01-17T08:18:08.43Z</time>
		</trkpt>
		<trkpt lat="34.930890" lon="128.102738">
			<ele>0.00</ele>
			<time>2020-01-17T08:18:08.83Z</time>
		</trkpt>
		<trkpt lat="34.930894" lon="128.102638">
			<ele>0.00</ele>
			<time>2020-01-17T08:18:09.38Z</time>
		</trkpt>
		<trkpt lat="34.930895" lon="128.102551">
			<ele>0.00</ele>
			<time>2020-01-17T08:18:09.86Z</time>
		</trkpt>
		<trkpt lat="34.930885" lon="128.102450">
			<ele>0.00</ele>
			<time>2020-01-17T08:18:10.41Z</time>
		</trkpt>
		<trkpt lat="34.930877" lon="128.102335">
			<ele>0.00</ele>
			<time>2020-01-17T08:18:11.04Z</time>
		</trkpt>
		<trkpt lat="34.930868" lon="128.102235">
			<ele>0.00</ele>
			<time>2020-01-17T08:18:11.59Z</time>
		</trkpt>
		<trkpt lat="34.930861" lon="128.102138">
			<ele>0.00</ele>
			<time>2020-01-17T08:18:12.12Z</time>
		</trkpt>
		<trkpt lat="34.930850" lon="128.102048">
			<ele>0.00</ele>
			<time>2020-01-17T08:18:12.62Z</time>
		</trkpt>
		<trkpt lat="34.930821" lon="128.101947">
			<ele>0.00</ele>
			<time>2020-01-17T08:18:13.21Z</time>
		</trkpt>
		<trkpt lat="34.930797" lon="128.101862">
			<ele>0.00</ele>
			<time>2020-01-17T08:18:13.70Z</time>
		</trkpt>
		<trkpt lat="34.930774" lon="128.101750">
			<ele>0.00</ele>
			<time>2020-01-17T08:18:14.33Z</time>
		</trkpt>
		<trkpt lat="34.930747" lon="128.101608">
			<ele>0.00</ele>
			<time>2020-01-17T08:18:15.12Z</time>
		</trkpt>
		<trkpt lat="34.930726" lon="128.101509">
			<ele>0.00</ele>
			<time>2020-01-17T08:18:15.68Z</time>
		</trkpt>
		<trkpt lat="34.930701" lon="128.101403">
			<ele>0.00</ele>
			<time>2020-01-17T08:18:16.29Z</time>
		</trkpt>
		<trkpt lat="34.930675" lon="128.101291">
			<ele>0.00</ele>
			<time>2020-01-17T08:18:16.92Z</time>
		</trkpt>
		<trkpt lat="34.930655" lon="128.101182">
			<ele>0.00</ele>
			<time>2020-01-17T08:18:17.54Z</time>
		</trkpt>
		<trkpt lat="34.930632" lon="128.101069">
			<ele>0.00</ele>
			<time>2020-01-17T08:18:18.17Z</time>
		</trkpt>
		<trkpt lat="34.930604" lon="128.100953">
			<ele>0.00</ele>
			<time>2020-01-17T08:18:18.83Z</time>
		</trkpt>
		<trkpt lat="34.930586" lon="128.100877">
			<ele>0.00</ele>
			<time>2020-01-17T08:18:19.26Z</time>
		</trkpt>
		<trkpt lat="34.930570" lon="128.100799">
			<ele>0.00</ele>
			<time>2020-01-17T08:18:19.70Z</time>
		</trkpt>
		<trkpt lat="34.930559" lon="128.100738">
			<ele>0.00</ele>
			<time>2020-01-17T08:18:20.04Z</time>
		</trkpt>
		<trkpt lat="34.930550" lon="128.100666">
			<ele>0.00</ele>
			<time>2020-01-17T08:18:20.44Z</time>
		</trkpt>
		<trkpt lat="34.930537" lon="128.100594">
			<ele>0.00</ele>
			<time>2020-01-17T08:18:20.85Z</time>
		</trkpt>
		<trkpt lat="34.930522" lon="128.100535">
			<ele>0.00</ele>
			<time>2020-01-17T08:18:21.18Z</time>
		</trkpt>
		<trkpt lat="34.930495" lon="128.100460">
			<ele>0.00</ele>
			<time>2020-01-17T08:18:21.63Z</time>
		</trkpt>
		<trkpt lat="34.930435" lon="128.100473">
			<ele>0.00</ele>
			<time>2020-01-17T08:18:22.04Z</time>
		</trkpt>
		<trkpt lat="34.930379" lon="128.100497">
			<ele>0.00</ele>
			<time>2020-01-17T08:18:22.44Z</time>
		</trkpt>
		<trkpt lat="34.930322" lon="128.100517">
			<ele>0.00</ele>
			<time>2020-01-17T08:18:22.83Z</time>
		</trkpt>
		<trkpt lat="34.930292" lon="128.100515">
			<ele>0.00</ele>
			<time>2020-01-17T08:18:23.03Z</time>
		</trkpt>
		<trkpt lat="34.930275" lon="128.100457">
			<ele>0.00</ele>
			<time>2020-01-17T08:18:23.37Z</time>
		</trkpt>
		<trkpt lat="34.930258" lon="128.100375">
			<ele>0.00</ele>
			<time>2020-01-17T08:18:23.83Z</time>
		</trkpt>
		<trkpt lat="34.930240" lon="128.100265">
			<ele>0.00</ele>
			<time>2020-01-17T08:18:24.45Z</time>
		</trkpt>
		<trkpt lat="34.930225" lon="128.100147">
			<ele>0.00</ele>
			<time>2020-01-17T08:18:25.10Z</time>
		</trkpt>
		<trkpt lat="34.930219" lon="128.100043">
			<ele>0.00</ele>
			<time>2020-01-17T08:18:25.67Z</time>
		</trkpt>
		<trkpt lat="34.930223" lon="128.099965">
			<ele>0.00</ele>
			<time>2020-01-17T08:18:26.09Z</time>
		</trkpt>
		<trkpt lat="34.930228" lon="128.099875">
			<ele>0.00</ele>
			<time>2020-01-17T08:18:26.59Z</time>
		</trkpt>
		<trkpt lat="34.930237" lon="128.099772">
			<ele>0.00</ele>
			<time>2020-01-17T08:18:27.16Z</time>
		</trkpt>
		<trkpt lat="34.930250" lon="128.099671">
			<ele>0.00</ele>
			<time>2020-01-17T08:18:27.71Z</time>
		</trkpt>
		<trkpt lat="34.930269" lon="128.099574">
			<ele>0.00</ele>
			<time>2020-01-17T08:18:28.26Z</time>
		</trkpt>
		<trkpt lat="34.930288" lon="128.099486">
			<ele>0.00</ele>
			<time>2020-01-17T08:18:28.76Z</time>
		</trkpt>
		<trkpt lat="34.930316" lon="128.099371">
			<ele>0.00</ele>
			<time>2020-01-17T08:18:29.41Z</time>
		</trkpt>
		<trkpt lat="34.930350" lon="128.099247">
			<ele>0.00</ele>
			<time>2020-01-17T08:18:30.12Z</time>
		</trkpt>
		<trkpt lat="34.930393" lon="128.099114">
			<ele>0.00</ele>
			<time>2020-01-17T08:18:30.91Z</time>
		</trkpt>
		<trkpt lat="34.930418" lon="128.099013">
			<ele>0.00</ele>
			<time>2020-01-17T08:18:31.49Z</time>
		</trkpt>
		<trkpt lat="34.930444" lon="128.098918">
			<ele>0.00</ele>
			<time>2020-01-17T08:18:32.03Z</time>
		</trkpt>
		<trkpt lat="34.930462" lon="128.098847">
			<ele>0.00</ele>
			<time>2020-01-17T08:18:32.44Z</time>
		</trkpt>
		<trkpt lat="34.930486" lon="128.098759">
			<ele>0.00</ele>
			<time>2020-01-17T08:18:32.95Z</time>
		</trkpt>
		<trkpt lat="34.930510" lon="128.098682">
			<ele>0.00</ele>
			<time>2020-01-17T08:18:33.40Z</time>
		</trkpt>
		<trkpt lat="34.930534" lon="128.098596">
			<ele>0.00</ele>
			<time>2020-01-17T08:18:33.89Z</time>
		</trkpt>
		<trkpt lat="34.930550" lon="128.098515">
			<ele>0.00</ele>
			<time>2020-01-17T08:18:34.35Z</time>
		</trkpt>
		<trkpt lat="34.930568" lon="128.098432">
			<ele>0.00</ele>
			<time>2020-01-17T08:18:34.82Z</time>
		</trkpt>
		<trkpt lat="34.930584" lon="128.098331">
			<ele>0.00</ele>
			<time>2020-01-17T08:18:35.38Z</time>
		</trkpt>
		<trkpt lat="34.930505" lon="128.098390">
			<ele>0.00</ele>
			<time>2020-01-17T08:18:35.99Z</time>
		</trkpt>
		<trkpt lat="34.930415" lon="128.098455">
			<ele>0.00</ele>
			<time>2020-01-17T08:18:36.69Z</time>
		</trkpt>
		<trkpt lat="34.930317" lon="128.098516">
			<ele>0.00</ele>
			<time>2020-01-17T08:18:37.42Z</time>
		</trkpt>
		<trkpt lat="34.930245" lon="128.098558">
			<ele>0.00</ele>
			<time>2020-01-17T08:18:37.96Z</time>
		</trkpt>
		<trkpt lat="34.930163" lon="128.098602">
			<ele>0.00</ele>
			<time>2020-01-17T08:18:38.55Z</time>
		</trkpt>
		<trkpt lat="34.930077" lon="128.098640">
			<ele>0.00</ele>
			<time>2020-01-17T08:18:39.16Z</time>
		</trkpt>
		<trkpt lat="34.930002" lon="128.098687">
			<ele>0.00</ele>
			<time>2020-01-17T08:18:39.72Z</time>
		</trkpt>
		<trkpt lat="34.929930" lon="128.098716">
			<ele>0.00</ele>
			<time>2020-01-17T08:18:40.23Z</time>
		</trkpt>
		<trkpt lat="34.929847" lon="128.098741">
			<ele>0.00</ele>
			<time>2020-01-17T08:18:40.80Z</time>
		</trkpt>
		<trkpt lat="34.929758" lon="128.098766">
			<ele>0.00</ele>
			<time>2020-01-17T08:18:41.41Z</time>
		</trkpt>
		<trkpt lat="34.929700" lon="128.098767">
			<ele>0.00</ele>
			<time>2020-01-17T08:18:41.79Z</time>
		</trkpt>
		<trkpt lat="34.929616" lon="128.098775">
			<ele>0.00</ele>
			<time>2020-01-17T08:18:42.36Z</time>
		</trkpt>
		<trkpt lat="34.929531" lon="128.098769">
			<ele>0.00</ele>
			<time>2020-01-17T08:18:42.92Z</time>
		</trkpt>
		<trkpt lat="34.929459" lon="128.098761">
			<ele>0.00</ele>
			<time>2020-01-17T08:18:43.41Z</time>
		</trkpt>
		<trkpt lat="34.929397" lon="128.098758">
			<ele>0.00</ele>
			<time>2020-01-17T08:18:43.82Z</time>
		</trkpt>
		<trkpt lat="34.929395" lon="128.098758">
			<ele>0.00</ele>
			<time>2020-01-17T08:18:43.88Z</time>
		</trkpt>
		<trkpt lat="34.929332" lon="128.098758">
			<ele>0.00</ele>
			<time>2020-01-17T08:18:44.30Z</time>
		</trkpt>
		<trkpt lat="34.929260" lon="128.098771">
			<ele>0.00</ele>
			<time>2020-01-17T08:18:44.79Z</time>
		</trkpt>
		<trkpt lat="34.929186" lon="128.098785">
			<ele>0.00</ele>
			<time>2020-01-17T08:18:45.29Z</time>
		</trkpt>
		<trkpt lat="34.929100" lon="128.098809">
			<ele>0.00</ele>
			<time>2020-01-17T08:18:45.88Z</time>
		</trkpt>
		<trkpt lat="34.929018" lon="128.098849">
			<ele>0.00</ele>
			<time>2020-01-17T08:18:46.47Z</time>
		</trkpt>
		<trkpt lat="34.928942" lon="128.098882">
			<ele>0.00</ele>
			<time>2020-01-17T08:18:47Z</time>
		</trkpt>
		<trkpt lat="34.928864" lon="128.098899">
			<ele>0.00</ele>
			<time>2020-01-17T08:18:47.53Z</time>
		</trkpt>
		<trkpt lat="34.928785" lon="128.098905">
			<ele>0.00</ele>
			<time>2020-01-17T08:18:48.06Z</time>
		</trkpt>
		<trkpt lat="34.928700" lon="128.098918">
			<ele>0.00</ele>
			<time>2020-01-17T08:18:48.63Z</time>
		</trkpt>
		<trkpt lat="34.928598" lon="128.098917">
			<ele>0.00</ele>
			<time>2020-01-17T08:18:49.31Z</time>
		</trkpt>
		<trkpt lat="34.928513" lon="128.098912">
			<ele>0.00</ele>
			<time>2020-01-17T08:18:49.87Z</time>
		</trkpt>
		<trkpt lat="34.928413" lon="128.098904">
			<ele>0.00</ele>
			<time>2020-01-17T08:18:50.55Z</time>
		</trkpt>
		<trkpt lat="34.928314" lon="128.098908">
			<ele>0.00</ele>
			<time>2020-01-17T08:18:51.20Z</time>
		</trkpt>
		<trkpt lat="34.928229" lon="128.098908">
			<ele>0.00</ele>
			<time>2020-01-17T08:18:51.77Z</time>
		</trkpt>
		<trkpt lat="34.928125" lon="128.098911">
			<ele>0.00</ele>
			<time>2020-01-17T08:18:52.47Z</time>
		</trkpt>
		<trkpt lat="34.928051" lon="128.098910">
			<ele>0.00</ele>
			<time>2020-01-17T08:18:52.96Z</time>
		</trkpt>
		<trkpt lat="34.927960" lon="128.098907">
			<ele>0.00</ele>
			<time>2020-01-17T08:18:53.56Z</time>
		</trkpt>
		<trkpt lat="34.927850" lon="128.098902">
			<ele>0.00</ele>
			<time>2020-01-17T08:18:54.30Z</time>
		</trkpt>
		<trkpt lat="34.927765" lon="128.098898">
			<ele>0.00</ele>
			<time>2020-01-17T08:18:54.86Z</time>
		</trkpt>
		<trkpt lat="34.927670" lon="128.098884">
			<ele>0.00</ele>
			<time>2020-01-17T08:18:55.50Z</time>
		</trkpt>
		<trkpt lat="34.927580" lon="128.098861">
			<ele>0.00</ele>
			<time>2020-01-17T08:18:56.12Z</time>
		</trkpt>
		<trkpt lat="34.927506" lon="128.098828">
			<ele>0.00</ele>
			<time>2020-01-17T08:18:56.65Z</time>
		</trkpt>
		<trkpt lat="34.927421" lon="128.098776">
			<ele>0.00</ele>
			<time>2020-01-17T08:18:57.28Z</time>
		</trkpt>
		<trkpt lat="34.927346" lon="128.098712">
			<ele>0.00</ele>
			<time>2020-01-17T08:18:57.89Z</time>
		</trkpt>
		<trkpt lat="34.927279" lon="128.098634">
			<ele>0.00</ele>
			<time>2020-01-17T08:18:58.51Z</time>
		</trkpt>
		<trkpt lat="34.927194" lon="128.098533">
			<ele>0.00</ele>
			<time>2020-01-17T08:18:59.30Z</time>
		</trkpt>
		<trkpt lat="34.927132" lon="128.098476">
			<ele>0.00</ele>
			<time>2020-01-17T08:18:59.81Z</time>
		</trkpt>
		<trkpt lat="34.927084" lon="128.098409">
			<ele>0.00</ele>
			<time>2020-01-17T08:19:00.30Z</time>
		</trkpt>
		<trkpt lat="34.927034" lon="128.098345">
			<ele>0.00</ele>
			<time>2020-01-17T08:19:00.78Z</time>
		</trkpt>
		<trkpt lat="34.926978" lon="128.098291">
			<ele>0.00</ele>
			<time>2020-01-17T08:19:01.26Z</time>
		</trkpt>
		<trkpt lat="34.926948" lon="128.098239">
			<ele>0.00</ele>
			<time>2020-01-17T08:19:01.61Z</time>
		</trkpt>
		<trkpt lat="34.926907" lon="128.098162">
			<ele>0.00</ele>
			<time>2020-01-17T08:19:02.11Z</time>
		</trkpt>
		<trkpt lat="34.926872" lon="128.098081">
			<ele>0.00</ele>
			<time>2020-01-17T08:19:02.61Z</time>
		</trkpt>
		<trkpt lat="34.926849" lon="128.097990">
			<ele>0.00</ele>
			<time>2020-01-17T08:19:03.13Z</time>
		</trkpt>
		<trkpt lat="34.926829" lon="128.097935">
			<ele>0.00</ele>
			<time>2020-01-17T08:19:03.46Z</time>
		</trkpt>
		<trkpt lat="34.926836" lon="128.097839">
			<ele>0.00</ele>
			<time>2020-01-17T08:19:03.98Z</time>
		</trkpt>
		<trkpt lat="34.926849" lon="128.097766">
			<ele>0.00</ele>
			<time>2020-01-17T08:19:04.39Z</time>
		</trkpt>
		<trkpt lat="34.926859" lon="128.097695">
			<ele>0.00</ele>
			<time>2020-01-17T08:19:04.78Z</time>
		</trkpt>
		<trkpt lat="34.926883" lon="128.097635">
			<ele>0.00</ele>
			<time>2020-01-17T08:19:05.15Z</time>
		</trkpt>
		<trkpt lat="34.926871" lon="128.097584">
			<ele>0.00</ele>
			<time>2020-01-17T08:19:05.44Z</time>
		</trkpt>
		<trkpt lat="34.926884" lon="128.097481">
			<ele>0.00</ele>
			<time>2020-01-17T08:19:06.01Z</time>
		</trkpt>
		<trkpt lat="34.926888" lon="128.097393">
			<ele>0.00</ele>
			<time>2020-01-17T08:19:06.49Z</time>
		</trkpt>
		<trkpt lat="34.926896" lon="128.097309">
			<ele>0.00</ele>
			<time>2020-01-17T08:19:06.95Z</time>
		</trkpt>
		<trkpt lat="34.926911" lon="128.097238">
			<ele>0.00</ele>
			<time>2020-01-17T08:19:07.35Z</time>
		</trkpt>
		<trkpt lat="34.926907" lon="128.097151">
			<ele>0.00</ele>
			<time>2020-01-17T08:19:07.83Z</time>
		</trkpt>
		<trkpt lat="34.926901" lon="128.097075">
			<ele>0.00</ele>
			<time>2020-01-17T08:19:08.24Z</time>
		</trkpt>
		<trkpt lat="34.926901" lon="128.097000">
			<ele>0.00</ele>
			<time>2020-01-17T08:19:08.66Z</time>
		</trkpt>
		<trkpt lat="34.926903" lon="128.096929">
			<ele>0.00</ele>
			<time>2020-01-17T08:19:09.04Z</time>
		</trkpt>
		<trkpt lat="34.926907" lon="128.096861">
			<ele>0.00</ele>
			<time>2020-01-17T08:19:09.42Z</time>
		</trkpt>
		<trkpt lat="34.926904" lon="128.096795">
			<ele>0.00</ele>
			<time>2020-01-17T08:19:09.78Z</time>
		</trkpt>
		<trkpt lat="34.926904" lon="128.096718">
			<ele>0.00</ele>
			<time>2020-01-17T08:19:10.20Z</time>
		</trkpt>
		<trkpt lat="34.926903" lon="128.096664">
			<ele>0.00</ele>
			<time>2020-01-17T08:19:10.49Z</time>
		</trkpt>
		<trkpt lat="34.926904" lon="128.096613">
			<ele>0.00</ele>
			<time>2020-01-17T08:19:10.77Z</time>
		</trkpt>
		<trkpt lat="34.926906" lon="128.096555">
			<ele>0.00</ele>
			<time>2020-01-17T08:19:11.09Z</time>
		</trkpt>
		<trkpt lat="34.926909" lon="128.096500">
			<ele>0.00</ele>
			<time>2020-01-17T08:19:11.39Z</time>
		</trkpt>
		<trkpt lat="34.926910" lon="128.096444">
			<ele>0.00</ele>
			<time>2020-01-17T08:19:11.70Z</time>
		</trkpt>
		<trkpt lat="34.926901" lon="128.096376">
			<ele>0.00</ele>
			<time>2020-01-17T08:19:12.07Z</time>
		</trkpt>
		<trkpt lat="34.926887" lon="128.096316">
			<ele>0.00</ele>
			<time>2020-01-17T08:19:12.41Z</time>
		</trkpt>
		<trkpt lat="34.926878" lon="128.096247">
			<ele>0.00</ele>
			<time>2020-01-17T08:19:12.79Z</time>
		</trkpt>
		<trkpt lat="34.926863" lon="128.096194">
			<ele>0.00</ele>
			<time>2020-01-17T08:19:13.10Z</time>
		</trkpt>
		<trkpt lat="34.926854" lon="128.096147">
			<ele>0.00</ele>
			<time>2020-01-17T08:19:13.37Z</time>
		</trkpt>
		<trkpt lat="34.926848" lon="128.096125">
			<ele>0.00</ele>
			<time>2020-01-17T08:19:13.49Z</time>
		</trkpt>
		<trkpt lat="34.926828" lon="128.096109">
			<ele>0.00</ele>
			<time>2020-01-17T08:19:13.65Z</time>
		</trkpt>
		<trkpt lat="34.926805" lon="128.096075">
			<ele>0.00</ele>
			<time>2020-01-17T08:19:13.89Z</time>
		</trkpt>
		<trkpt lat="34.926801" lon="128.096033">
			<ele>0.00</ele>
			<time>2020-01-17T08:19:14.12Z</time>
		</trkpt>
		<trkpt lat="34.926809" lon="128.095988">
			<ele>0.00</ele>
			<time>2020-01-17T08:19:14.38Z</time>
		</trkpt>
		<trkpt lat="34.926792" lon="128.095930">
			<ele>0.00</ele>
			<time>2020-01-17T08:19:14.71Z</time>
		</trkpt>
		<trkpt lat="34.926773" lon="128.095872">
			<ele>0.00</ele>
			<time>2020-01-17T08:19:15.05Z</time>
		</trkpt>
		<trkpt lat="34.926747" lon="128.095792">
			<ele>0.00</ele>
			<time>2020-01-17T08:19:15.52Z</time>
		</trkpt>
		<trkpt lat="34.926728" lon="128.095724">
			<ele>0.00</ele>
			<time>2020-01-17T08:19:15.92Z</time>
		</trkpt>
		<trkpt lat="34.926707" lon="128.095664">
			<ele>0.00</ele>
			<time>2020-01-17T08:19:16.27Z</time>
		</trkpt>
		<trkpt lat="34.926674" lon="128.095598">
			<ele>0.00</ele>
			<time>2020-01-17T08:19:16.70Z</time>
		</trkpt>
		<trkpt lat="34.926647" lon="128.095558">
			<ele>0.00</ele>
			<time>2020-01-17T08:19:16.98Z</time>
		</trkpt>
		<trkpt lat="34.926623" lon="128.095504">
			<ele>0.00</ele>
			<time>2020-01-17T08:19:17.31Z</time>
		</trkpt>
		<trkpt lat="34.926594" lon="128.095469">
			<ele>0.00</ele>
			<time>2020-01-17T08:19:17.58Z</time>
		</trkpt>
		<trkpt lat="34.926562" lon="128.095420">
			<ele>0.00</ele>
			<time>2020-01-17T08:19:17.93Z</time>
		</trkpt>
		<trkpt lat="34.926516" lon="128.095356">
			<ele>0.00</ele>
			<time>2020-01-17T08:19:18.39Z</time>
		</trkpt>
		<trkpt lat="34.926470" lon="128.095301">
			<ele>0.00</ele>
			<time>2020-01-17T08:19:18.82Z</time>
		</trkpt>
		<trkpt lat="34.926428" lon="128.095270">
			<ele>0.00</ele>
			<time>2020-01-17T08:19:19.15Z</time>
		</trkpt>
		<trkpt lat="34.926374" lon="128.095255">
			<ele>0.00</ele>
			<time>2020-01-17T08:19:19.51Z</time>
		</trkpt>
		<trkpt lat="34.926311" lon="128.095246">
			<ele>0.00</ele>
			<time>2020-01-17T08:19:19.94Z</time>
		</trkpt>
		<trkpt lat="34.926253" lon="128.095232">
			<ele>0.00</ele>
			<time>2020-01-17T08:19:20.34Z</time>
		</trkpt>
		<trkpt lat="34.926212" lon="128.095222">
			<ele>0.00</ele>
			<time>2020-01-17T08:19:20.62Z</time>
		</trkpt>
		<trkpt lat="34.926192" lon="128.095192">
			<ele>0.00</ele>
			<time>2020-01-17T08:19:20.83Z</time>
		</trkpt>
		<trkpt lat="34.926152" lon="128.095181">
			<ele>0.00</ele>
			<time>2020-01-17T08:19:21.10Z</time>
		</trkpt>
		<trkpt lat="34.926087" lon="128.095180">
			<ele>0.00</ele>
			<time>2020-01-17T08:19:21.54Z</time>
		</trkpt>
		<trkpt lat="34.926040" lon="128.095170">
			<ele>0.00</ele>
			<time>2020-01-17T08:19:21.85Z</time>
		</trkpt>
		<trkpt lat="34.925997" lon="128.095141">
			<ele>0.00</ele>
			<time>2020-01-17T08:19:22.18Z</time>
		</trkpt>
		<trkpt lat="34.925956" lon="128.095106">
			<ele>0.00</ele>
			<time>2020-01-17T08:19:22.52Z</time>
		</trkpt>
		<trkpt lat="34.925898" lon="128.095054">
			<ele>0.00</ele>
			<time>2020-01-17T08:19:22.99Z</time>
		</trkpt>
		<trkpt lat="34.925856" lon="128.095015">
			<ele>0.00</ele>
			<time>2020-01-17T08:19:23.35Z</time>
		</trkpt>
		<trkpt lat="34.925822" lon="128.094985">
			<ele>0.00</ele>
			<time>2020-01-17T08:19:23.62Z</time>
		</trkpt>
		<trkpt lat="34.925776" lon="128.095000">
			<ele>0.00</ele>
			<time>2020-01-17T08:19:23.94Z</time>
		</trkpt>
		<trkpt lat="34.925728" lon="128.095008">
			<ele>0.00</ele>
			<time>2020-01-17T08:19:24.27Z</time>
		</trkpt>
		<trkpt lat="34.925681" lon="128.095000">
			<ele>0.00</ele>
			<time>2020-01-17T08:19:24.58Z</time>
		</trkpt>
		<trkpt lat="34.925640" lon="128.094974">
			<ele>0.00</ele>
			<time>2020-01-17T08:19:24.89Z</time>
		</trkpt>
		<trkpt lat="34.925605" lon="128.094934">
			<ele>0.00</ele>
			<time>2020-01-17T08:19:25.21Z</time>
		</trkpt>
		<trkpt lat="34.925580" lon="128.094880">
			<ele>0.00</ele>
			<time>2020-01-17T08:19:25.55Z</time>
		</trkpt>
		<trkpt lat="34.925574" lon="128.094810">
			<ele>0.00</ele>
			<time>2020-01-17T08:19:25.93Z</time>
		</trkpt>
		<trkpt lat="34.925583" lon="128.094774">
			<ele>0.00</ele>
			<time>2020-01-17T08:19:26.14Z</time>
		</trkpt>
		<trkpt lat="34.925614" lon="128.094741">
			<ele>0.00</ele>
			<time>2020-01-17T08:19:26.42Z</time>
		</trkpt>
		<trkpt lat="34.925620" lon="128.094702">
			<ele>0.00</ele>
			<time>2020-01-17T08:19:26.63Z</time>
		</trkpt>
		<trkpt lat="34.925599" lon="128.094656">
			<ele>0.00</ele>
			<time>2020-01-17T08:19:26.92Z</time>
		</trkpt>
		<trkpt lat="34.925565" lon="128.094602">
			<ele>0.00</ele>
			<time>2020-01-17T08:19:27.29Z</time>
		</trkpt>
		<trkpt lat="34.925512" lon="128.094564">
			<ele>0.00</ele>
			<time>2020-01-17T08:19:27.70Z</time>
		</trkpt>
		<trkpt lat="34.925456" lon="128.094539">
			<ele>0.00</ele>
			<time>2020-01-17T08:19:28.10Z</time>
		</trkpt>
		<trkpt lat="34.925407" lon="128.094550">
			<ele>0.00</ele>
			<time>2020-01-17T08:19:28.43Z</time>
		</trkpt>
		<trkpt lat="34.925367" lon="128.094546">
			<ele>0.00</ele>
			<time>2020-01-17T08:19:28.70Z</time>
		</trkpt>
		<trkpt lat="34.925325" lon="128.094494">
			<ele>0.00</ele>
			<time>2020-01-17T08:19:29.09Z</time>
		</trkpt>
		<trkpt lat="34.925287" lon="128.094438">
			<ele>0.00</ele>
			<time>2020-01-17T08:19:29.49Z</time>
		</trkpt>
		<trkpt lat="34.925249" lon="128.094385">
			<ele>0.00</ele>
			<time>2020-01-17T08:19:29.88Z</time>
		</trkpt>
		<trkpt lat="34.925198" lon="128.094326">
			<ele>0.00</ele>
			<time>2020-01-17T08:19:30.34Z</time>
		</trkpt>
		<trkpt lat="34.925157" lon="128.094276">
			<ele>0.00</ele>
			<time>2020-01-17T08:19:30.73Z</time>
		</trkpt>
		<trkpt lat="34.925125" lon="128.094242">
			<ele>0.00</ele>
			<time>2020-01-17T08:19:31.02Z</time>
		</trkpt>
		<trkpt lat="34.925086" lon="128.094196">
			<ele>0.00</ele>
			<time>2020-01-17T08:19:31.38Z</time>
		</trkpt>
		<trkpt lat="34.925043" lon="128.094154">
			<ele>0.00</ele>
			<time>2020-01-17T08:19:31.74Z</time>
		</trkpt>
		<trkpt lat="34.925006" lon="128.094111">
			<ele>0.00</ele>
			<time>2020-01-17T08:19:32.09Z</time>
		</trkpt>
		<trkpt lat="34.924995" lon="128.094087">
			<ele>0.00</ele>
			<time>2020-01-17T08:19:32.24Z</time>
		</trkpt>
		<trkpt lat="34.925028" lon="128.094072">
			<ele>0.00</ele>
			<time>2020-01-17T08:19:32.47Z</time>
		</trkpt>
		<trkpt lat="34.925072" lon="128.094051">
			<ele>0.00</ele>
			<time>2020-01-17T08:19:32.78Z</time>
		</trkpt>
		<trkpt lat="34.925110" lon="128.094033">
			<ele>0.00</ele>
			<time>2020-01-17T08:19:33.05Z</time>
		</trkpt>
		<trkpt lat="34.925135" lon="128.093995">
			<ele>0.00</ele>
			<time>2020-01-17T08:19:33.32Z</time>
		</trkpt>
		<trkpt lat="34.925155" lon="128.093970">
			<ele>0.00</ele>
			<time>2020-01-17T08:19:33.51Z</time>
		</trkpt>
		<trkpt lat="34.925169" lon="128.093921">
			<ele>0.00</ele>
			<time>2020-01-17T08:19:33.79Z</time>
		</trkpt>
		<trkpt lat="34.925166" lon="128.093848">
			<ele>0.00</ele>
			<time>2020-01-17T08:19:34.19Z</time>
		</trkpt>
		<trkpt lat="34.925162" lon="128.093774">
			<ele>0.00</ele>
			<time>2020-01-17T08:19:34.60Z</time>
		</trkpt>
		<trkpt lat="34.925158" lon="128.093701">
			<ele>0.00</ele>
			<time>2020-01-17T08:19:35Z</time>
		</trkpt>
		<trkpt lat="34.925155" lon="128.093621">
			<ele>0.00</ele>
			<time>2020-01-17T08:19:35.44Z</time>
		</trkpt>
		<trkpt lat="34.925155" lon="128.093583">
			<ele>0.00</ele>
			<time>2020-01-17T08:19:35.65Z</time>
		</trkpt>
		<trkpt lat="34.925146" lon="128.093526">
			<ele>0.00</ele>
			<time>2020-01-17T08:19:35.96Z</time>
		</trkpt>
		<trkpt lat="34.925136" lon="128.093463">
			<ele>0.00</ele>
			<time>2020-01-17T08:19:36.31Z</time>
		</trkpt>
		<trkpt lat="34.925124" lon="128.093410">
			<ele>0.00</ele>
			<time>2020-01-17T08:19:36.61Z</time>
		</trkpt>
		<trkpt lat="34.925115" lon="128.093365">
			<ele>0.00</ele>
			<time>2020-01-17T08:19:36.87Z</time>
		</trkpt>
		<trkpt lat="34.925103" lon="128.093286">
			<ele>0.00</ele>
			<time>2020-01-17T08:19:37.31Z</time>
		</trkpt>
		<trkpt lat="34.925080" lon="128.093213">
			<ele>0.00</ele>
			<time>2020-01-17T08:19:37.73Z</time>
		</trkpt>
		<trkpt lat="34.925052" lon="128.093144">
			<ele>0.00</ele>
			<time>2020-01-17T08:19:38.16Z</time>
		</trkpt>
		<trkpt lat="34.925013" lon="128.093099">
			<ele>0.00</ele>
			<time>2020-01-17T08:19:38.51Z</time>
		</trkpt>
		<trkpt lat="34.924970" lon="128.093037">
			<ele>0.00</ele>
			<time>2020-01-17T08:19:38.95Z</time>
		</trkpt>
		<trkpt lat="34.924933" lon="128.092977">
			<ele>0.00</ele>
			<time>2020-01-17T08:19:39.36Z</time>
		</trkpt>
		<trkpt lat="34.924896" lon="128.092920">
			<ele>0.00</ele>
			<time>2020-01-17T08:19:39.77Z</time>
		</trkpt>
		<trkpt lat="34.924867" lon="128.092836">
			<ele>0.00</ele>
			<time>2020-01-17T08:19:40.26Z</time>
		</trkpt>
		<trkpt lat="34.924843" lon="128.092765">
			<ele>0.00</ele>
			<time>2020-01-17T08:19:40.68Z</time>
		</trkpt>
		<trkpt lat="34.924834" lon="128.092711">
			<ele>0.00</ele>
			<time>2020-01-17T08:19:40.98Z</time>
		</trkpt>
		<trkpt lat="34.924831" lon="128.092651">
			<ele>0.00</ele>
			<time>2020-01-17T08:19:41.31Z</time>
		</trkpt>
		<trkpt lat="34.924814" lon="128.092581">
			<ele>0.00</ele>
			<time>2020-01-17T08:19:41.71Z</time>
		</trkpt>
		<trkpt lat="34.924780" lon="128.092499">
			<ele>0.00</ele>
			<time>2020-01-17T08:19:42.21Z</time>
		</trkpt>
		<trkpt lat="34.924739" lon="128.092412">
			<ele>0.00</ele>
			<time>2020-01-17T08:19:42.76Z</time>
		</trkpt>
		<trkpt lat="34.924695" lon="128.092366">
			<ele>0.00</ele>
			<time>2020-01-17T08:19:43.15Z</time>
		</trkpt>
		<trkpt lat="34.924650" lon="128.092340">
			<ele>0.00</ele>
			<time>2020-01-17T08:19:43.48Z</time>
		</trkpt>
		<trkpt lat="34.924584" lon="128.092327">
			<ele>0.00</ele>
			<time>2020-01-17T08:19:43.92Z</time>
		</trkpt>
		<trkpt lat="34.924519" lon="128.092318">
			<ele>0.00</ele>
			<time>2020-01-17T08:19:44.36Z</time>
		</trkpt>
		<trkpt lat="34.924423" lon="128.092317">
			<ele>0.00</ele>
			<time>2020-01-17T08:19:45Z</time>
		</trkpt>
		<trkpt lat="34.924353" lon="128.092315">
			<ele>0.00</ele>
			<time>2020-01-17T08:19:45.47Z</time>
		</trkpt>
		<trkpt lat="34.924298" lon="128.092315">
			<ele>0.00</ele>
			<time>2020-01-17T08:19:45.84Z</time>
		</trkpt>
		<trkpt lat="34.924238" lon="128.092317">
			<ele>0.00</ele>
			<time>2020-01-17T08:19:46.23Z</time>
		</trkpt>
		<trkpt lat="34.924200" lon="128.092328">
			<ele>0.00</ele>
			<time>2020-01-17T08:19:46.50Z</time>
		</trkpt>
		<trkpt lat="34.924172" lon="128.092353">
			<ele>0.00</ele>
			<time>2020-01-17T08:19:46.73Z</time>
		</trkpt>
		<trkpt lat="34.924145" lon="128.092410">
			<ele>0.00</ele>
			<time>2020-01-17T08:19:47.09Z</time>
		</trkpt>
		<trkpt lat="34.924121" lon="128.092474">
			<ele>0.00</ele>
			<time>2020-01-17T08:19:47.47Z</time>
		</trkpt>
		<trkpt lat="34.924084" lon="128.092567">
			<ele>0.00</ele>
			<time>2020-01-17T08:19:48.04Z</time>
		</trkpt>
		<trkpt lat="34.924063" lon="128.092643">
			<ele>0.00</ele>
			<time>2020-01-17T08:19:48.47Z</time>
		</trkpt>
		<trkpt lat="34.924054" lon="128.092730">
			<ele>0.00</ele>
			<time>2020-01-17T08:19:48.96Z</time>
		</trkpt>
		<trkpt lat="34.924039" lon="128.092812">
			<ele>0.00</ele>
			<time>2020-01-17T08:19:49.41Z</time>
		</trkpt>
		<trkpt lat="34.924029" lon="128.092880">
			<ele>0.00</ele>
			<time>2020-01-17T08:19:49.79Z</time>
		</trkpt>
		<trkpt lat="34.924025" lon="128.092963">
			<ele>0.00</ele>
			<time>2020-01-17T08:19:50.24Z</time>
		</trkpt>
		<trkpt lat="34.923971" lon="128.093042">
			<ele>0.00</ele>
			<time>2020-01-17T08:19:50.81Z</time>
		</trkpt>
		<trkpt lat="34.923930" lon="128.093108">
			<ele>0.00</ele>
			<time>2020-01-17T08:19:51.26Z</time>
		</trkpt>
		<trkpt lat="34.923893" lon="128.093173">
			<ele>0.00</ele>
			<time>2020-01-17T08:19:51.69Z</time>
		</trkpt>
		<trkpt lat="34.923835" lon="128.093244">
			<ele>0.00</ele>
			<time>2020-01-17T08:19:52.24Z</time>
		</trkpt>
		<trkpt lat="34.923788" lon="128.093280">
			<ele>0.00</ele>
			<time>2020-01-17T08:19:52.61Z</time>
		</trkpt>
		<trkpt lat="34.923731" lon="128.093276">
			<ele>0.00</ele>
			<time>2020-01-17T08:19:52.99Z</time>
		</trkpt>
		<trkpt lat="34.923667" lon="128.093277">
			<ele>0.00</ele>
			<time>2020-01-17T08:19:53.42Z</time>
		</trkpt>
		<trkpt lat="34.923632" lon="128.093281">
			<ele>0.00</ele>
			<time>2020-01-17T08:19:53.65Z</time>
		</trkpt>
		<trkpt lat="34.923579" lon="128.093293">
			<ele>0.00</ele>
			<time>2020-01-17T08:19:54.01Z</time>
		</trkpt>
		<trkpt lat="34.923521" lon="128.093291">
			<ele>0.00</ele>
			<time>2020-01-17T08:19:54.39Z</time>
		</trkpt>
		<trkpt lat="34.923460" lon="128.093264">
			<ele>0.00</ele>
			<time>2020-01-17T08:19:54.83Z</time>
		</trkpt>
		<trkpt lat="34.923417" lon="128.093217">
			<ele>0.00</ele>
			<time>2020-01-17T08:19:55.21Z</time>
		</trkpt>
		<trkpt lat="34.923380" lon="128.093165">
			<ele>0.00</ele>
			<time>2020-01-17T08:19:55.59Z</time>
		</trkpt>
		<trkpt lat="34.923339" lon="128.093108">
			<ele>0.00</ele>
			<time>2020-01-17T08:19:56.01Z</time>
		</trkpt>
		<trkpt lat="34.923322" lon="128.093055">
			<ele>0.00</ele>
			<time>2020-01-17T08:19:56.32Z</time>
		</trkpt>
		<trkpt lat="34.923301" lon="128.092953">
			<ele>0.00</ele>
			<time>2020-01-17T08:19:56.89Z</time>
		</trkpt>
		<trkpt lat="34.923292" lon="128.092848">
			<ele>0.00</ele>
			<time>2020-01-17T08:19:57.47Z</time>
		</trkpt>
		<trkpt lat="34.923296" lon="128.092775">
			<ele>0.00</ele>
			<time>2020-01-17T08:19:57.87Z</time>
		</trkpt>
		<trkpt lat="34.923316" lon="128.092699">
			<ele>0.00</ele>
			<time>2020-01-17T08:19:58.30Z</time>
		</trkpt>
		<trkpt lat="34.923325" lon="128.092641">
			<ele>0.00</ele>
			<time>2020-01-17T08:19:58.63Z</time>
		</trkpt>
		<trkpt lat="34.923336" lon="128.092584">
			<ele>0.00</ele>
			<time>2020-01-17T08:19:58.95Z</time>
		</trkpt>
		<trkpt lat="34.923350" lon="128.092510">
			<ele>0.00</ele>
			<time>2020-01-17T08:19:59.36Z</time>
		</trkpt>
		<trkpt lat="34.923377" lon="128.092449">
			<ele>0.00</ele>
			<time>2020-01-17T08:19:59.74Z</time>
		</trkpt>
		<trkpt lat="34.923422" lon="128.092376">
			<ele>0.00</ele>
			<time>2020-01-17T08:20:00.24Z</time>
		</trkpt>
		<trkpt lat="34.923460" lon="128.092323">
			<ele>0.00</ele>
			<time>2020-01-17T08:20:00.63Z</time>
		</trkpt>
		<trkpt lat="34.923501" lon="128.092256">
			<ele>0.00</ele>
			<time>2020-01-17T08:20:01.08Z</time>
		</trkpt>
		<trkpt lat="34.923542" lon="128.092205">
			<ele>0.00</ele>
			<time>2020-01-17T08:20:01.47Z</time>
		</trkpt>
		<trkpt lat="34.923582" lon="128.092151">
			<ele>0.00</ele>
			<time>2020-01-17T08:20:01.87Z</time>
		</trkpt>
		<trkpt lat="34.923592" lon="128.092083">
			<ele>0.00</ele>
			<time>2020-01-17T08:20:02.25Z</time>
		</trkpt>
		<trkpt lat="34.923571" lon="128.092022">
			<ele>0.00</ele>
			<time>2020-01-17T08:20:02.61Z</time>
		</trkpt>
		<trkpt lat="34.923553" lon="128.091987">
			<ele>0.00</ele>
			<time>2020-01-17T08:20:02.83Z</time>
		</trkpt>
		<trkpt lat="34.923522" lon="128.091950">
			<ele>0.00</ele>
			<time>2020-01-17T08:20:03.12Z</time>
		</trkpt>
		<trkpt lat="34.923489" lon="128.091899">
			<ele>0.00</ele>
			<time>2020-01-17T08:20:03.48Z</time>
		</trkpt>
		<trkpt lat="34.923472" lon="128.091854">
			<ele>0.00</ele>
			<time>2020-01-17T08:20:03.75Z</time>
		</trkpt>
		<trkpt lat="34.923471" lon="128.091809">
			<ele>0.00</ele>
			<time>2020-01-17T08:20:04Z</time>
		</trkpt>
		<trkpt lat="34.923511" lon="128.091748">
			<ele>0.00</ele>
			<time>2020-01-17T08:20:04.42Z</time>
		</trkpt>
		<trkpt lat="34.923452" lon="128.091682">
			<ele>0.00</ele>
			<time>2020-01-17T08:20:04.96Z</time>
		</trkpt>
		<trkpt lat="34.923410" lon="128.091629">
			<ele>0.00</ele>
			<time>2020-01-17T08:20:05.36Z</time>
		</trkpt>
		<trkpt lat="34.923378" lon="128.091581">
			<ele>0.00</ele>
			<time>2020-01-17T08:20:05.70Z</time>
		</trkpt>
		<trkpt lat="34.923335" lon="128.091524">
			<ele>0.00</ele>
			<time>2020-01-17T08:20:06.12Z</time>
		</trkpt>
		<trkpt lat="34.923285" lon="128.091480">
			<ele>0.00</ele>
			<time>2020-01-17T08:20:06.53Z</time>
		</trkpt>
		<trkpt lat="34.923250" lon="128.091439">
			<ele>0.00</ele>
			<time>2020-01-17T08:20:06.86Z</time>
		</trkpt>
		<trkpt lat="34.923190" lon="128.091385">
			<ele>0.00</ele>
			<time>2020-01-17T08:20:07.36Z</time>
		</trkpt>
		<trkpt lat="34.923130" lon="128.091337">
			<ele>0.00</ele>
			<time>2020-01-17T08:20:07.83Z</time>
		</trkpt>
		<trkpt lat="34.923077" lon="128.091301">
			<ele>0.00</ele>
			<time>2020-01-17T08:20:08.24Z</time>
		</trkpt>
		<trkpt lat="34.923016" lon="128.091258">
			<ele>0.00</ele>
			<time>2020-01-17T08:20:08.71Z</time>
		</trkpt>
		<trkpt lat="34.922969" lon="128.091220">
			<ele>0.00</ele>
			<time>2020-01-17T08:20:09.08Z</time>
		</trkpt>
		<trkpt lat="34.922910" lon="128.091172">
			<ele>0.00</ele>
			<time>2020-01-17T08:20:09.56Z</time>
		</trkpt>
		<trkpt lat="34.922861" lon="128.091128">
			<ele>0.00</ele>
			<time>2020-01-17T08:20:09.96Z</time>
		</trkpt>
		<trkpt lat="34.922808" lon="128.091095">
			<ele>0.00</ele>
			<time>2020-01-17T08:20:10.36Z</time>
		</trkpt>
		<trkpt lat="34.922764" lon="128.091063">
			<ele>0.00</ele>
			<time>2020-01-17T08:20:10.70Z</time>
		</trkpt>
		<trkpt lat="34.922718" lon="128.091049">
			<ele>0.00</ele>
			<time>2020-01-17T08:20:11.02Z</time>
		</trkpt>
		<trkpt lat="34.922668" lon="128.091053">
			<ele>0.00</ele>
			<time>2020-01-17T08:20:11.35Z</time>
		</trkpt>
		<trkpt lat="34.922618" lon="128.091067">
			<ele>0.00</ele>
			<time>2020-01-17T08:20:11.69Z</time>
		</trkpt>
		<trkpt lat="34.922578" lon="128.091086">
			<ele>0.00</ele>
			<time>2020-01-17T08:20:11.98Z</time>
		</trkpt>
		<trkpt lat="34.922522" lon="128.091108">
			<ele>0.00</ele>
			<time>2020-01-17T08:20:12.37Z</time>
		</trkpt>
		<trkpt lat="34.922460" lon="128.091108">
			<ele>0.00</ele>
			<time>2020-01-17T08:20:12.79Z</time>
		</trkpt>
		<trkpt lat="34.922414" lon="128.091102">
			<ele>0.00</ele>
			<time>2020-01-17T08:20:13.09Z</time>
		</trkpt>
		<trkpt lat="34.922358" lon="128.091099">
			<ele>0.00</ele>
			<time>2020-01-17T08:20:13.47Z</time>
		</trkpt>
		<trkpt lat="34.922304" lon="128.091099">
			<ele>0.00</ele>
			<time>2020-01-17T08:20:13.83Z</time>
		</trkpt>
		<trkpt lat="34.922300" lon="128.091097">
			<ele>0.00</ele>
			<time>2020-01-17T08:20:13.89Z</time>
		</trkpt>
		<trkpt lat="34.922262" lon="128.091089">
			<ele>0.00</ele>
			<time>2020-01-17T08:20:14.15Z</time>
		</trkpt>
		<trkpt lat="34.922226" lon="128.091072">
			<ele>0.00</ele>
			<time>2020-01-17T08:20:14.41Z</time>
		</trkpt>
		<trkpt lat="34.922187" lon="128.091050">
			<ele>0.00</ele>
			<time>2020-01-17T08:20:14.70Z</time>
		</trkpt>
		<trkpt lat="34.922131" lon="128.091035">
			<ele>0.00</ele>
			<time>2020-01-17T08:20:15.08Z</time>
		</trkpt>
		<trkpt lat="34.922093" lon="128.091012">
			<ele>0.00</ele>
			<time>2020-01-17T08:20:15.36Z</time>
		</trkpt>
		<trkpt lat="34.922052" lon="128.091002">
			<ele>0.00</ele>
			<time>2020-01-17T08:20:15.64Z</time>
		</trkpt>
		<trkpt lat="34.922002" lon="128.091006">
			<ele>0.00</ele>
			<time>2020-01-17T08:20:15.97Z</time>
		</trkpt>
		<trkpt lat="34.921944" lon="128.091017">
			<ele>0.00</ele>
			<time>2020-01-17T08:20:16.36Z</time>
		</trkpt>
		<trkpt lat="34.921874" lon="128.091044">
			<ele>0.00</ele>
			<time>2020-01-17T08:20:16.85Z</time>
		</trkpt>
		<trkpt lat="34.921828" lon="128.091063">
			<ele>0.00</ele>
			<time>2020-01-17T08:20:17.18Z</time>
		</trkpt>
		<trkpt lat="34.921777" lon="128.091075">
			<ele>0.00</ele>
			<time>2020-01-17T08:20:17.52Z</time>
		</trkpt>
		<trkpt lat="34.921724" lon="128.091084">
			<ele>0.00</ele>
			<time>2020-01-17T08:20:17.88Z</time>
		</trkpt>
		<trkpt lat="34.921657" lon="128.091085">
			<ele>0.00</ele>
			<time>2020-01-17T08:20:18.33Z</time>
		</trkpt>
		<trkpt lat="34.921597" lon="128.091074">
			<ele>0.00</ele>
			<time>2020-01-17T08:20:18.73Z</time>
		</trkpt>
		<trkpt lat="34.921552" lon="128.091035">
			<ele>0.00</ele>
			<time>2020-01-17T08:20:19.10Z</time>
		</trkpt>
		<trkpt lat="34.921531" lon="128.090977">
			<ele>0.00</ele>
			<time>2020-01-17T08:20:19.44Z</time>
		</trkpt>
		<trkpt lat="34.921523" lon="128.090908">
			<ele>0.00</ele>
			<time>2020-01-17T08:20:19.82Z</time>
		</trkpt>
		<trkpt lat="34.921515" lon="128.090836">
			<ele>0.00</ele>
			<time>2020-01-17T08:20:20.23Z</time>
		</trkpt>
		<trkpt lat="34.921515" lon="128.090755">
			<ele>0.00</ele>
			<time>2020-01-17T08:20:20.67Z</time>
		</trkpt>
		<trkpt lat="34.921519" lon="128.090684">
			<ele>0.00</ele>
			<time>2020-01-17T08:20:21.05Z</time>
		</trkpt>
		<trkpt lat="34.921516" lon="128.090622">
			<ele>0.00</ele>
			<time>2020-01-17T08:20:21.39Z</time>
		</trkpt>
		<trkpt lat="34.921514" lon="128.090548">
			<ele>0.00</ele>
			<time>2020-01-17T08:20:21.80Z</time>
		</trkpt>
		<trkpt lat="34.921510" lon="128.090475">
			<ele>0.00</ele>
			<time>2020-01-17T08:20:22.20Z</time>
		</trkpt>
		<trkpt lat="34.921505" lon="128.090405">
			<ele>0.00</ele>
			<time>2020-01-17T08:20:22.58Z</time>
		</trkpt>
		<trkpt lat="34.921505" lon="128.090326">
			<ele>0.00</ele>
			<time>2020-01-17T08:20:23.02Z</time>
		</trkpt>
		<trkpt lat="34.921500" lon="128.090262">
			<ele>0.00</ele>
			<time>2020-01-17T08:20:23.37Z</time>
		</trkpt>
		<trkpt lat="34.921504" lon="128.090185">
			<ele>0.00</ele>
			<time>2020-01-17T08:20:23.78Z</time>
		</trkpt>
		<trkpt lat="34.921498" lon="128.090110">
			<ele>0.00</ele>
			<time>2020-01-17T08:20:24.20Z</time>
		</trkpt>
		<trkpt lat="34.921490" lon="128.090034">
			<ele>0.00</ele>
			<time>2020-01-17T08:20:24.62Z</time>
		</trkpt>
		<trkpt lat="34.921458" lon="128.089984">
			<ele>0.00</ele>
			<time>2020-01-17T08:20:24.96Z</time>
		</trkpt>
		<trkpt lat="34.921420" lon="128.089941">
			<ele>0.00</ele>
			<time>2020-01-17T08:20:25.31Z</time>
		</trkpt>
		<trkpt lat="34.921384" lon="128.089908">
			<ele>0.00</ele>
			<time>2020-01-17T08:20:25.61Z</time>
		</trkpt>
		<trkpt lat="34.921332" lon="128.089874">
			<ele>0.00</ele>
			<time>2020-01-17T08:20:26Z</time>
		</trkpt>
		<trkpt lat="34.921274" lon="128.089846">
			<ele>0.00</ele>
			<time>2020-01-17T08:20:26.42Z</time>
		</trkpt>
		<trkpt lat="34.921212" lon="128.089834">
			<ele>0.00</ele>
			<time>2020-01-17T08:20:26.84Z</time>
		</trkpt>
		<trkpt lat="34.921151" lon="128.089818">
			<ele>0.00</ele>
			<time>2020-01-17T08:20:27.25Z</time>
		</trkpt>
		<trkpt lat="34.921099" lon="128.089796">
			<ele>0.00</ele>
			<time>2020-01-17T08:20:27.62Z</time>
		</trkpt>
		<trkpt lat="34.921036" lon="128.089774">
			<ele>0.00</ele>
			<time>2020-01-17T08:20:28.06Z</time>
		</trkpt>
		<trkpt lat="34.920977" lon="128.089757">
			<ele>0.00</ele>
			<time>2020-01-17T08:20:28.46Z</time>
		</trkpt>
		<trkpt lat="34.920918" lon="128.089750">
			<ele>0.00</ele>
			<time>2020-01-17T08:20:28.86Z</time>
		</trkpt>
		<trkpt lat="34.920878" lon="128.089749">
			<ele>0.00</ele>
			<time>2020-01-17T08:20:29.13Z</time>
		</trkpt>
		<trkpt lat="34.920809" lon="128.089738">
			<ele>0.00</ele>
			<time>2020-01-17T08:20:29.58Z</time>
		</trkpt>
		<trkpt lat="34.920747" lon="128.089732">
			<ele>0.00</ele>
			<time>2020-01-17T08:20:30Z</time>
		</trkpt>
		<trkpt lat="34.920704" lon="128.089730">
			<ele>0.00</ele>
			<time>2020-01-17T08:20:30.29Z</time>
		</trkpt>
		<trkpt lat="34.920646" lon="128.089729">
			<ele>0.00</ele>
			<time>2020-01-17T08:20:30.68Z</time>
		</trkpt>
		<trkpt lat="34.920579" lon="128.089721">
			<ele>0.00</ele>
			<time>2020-01-17T08:20:31.12Z</time>
		</trkpt>
		<trkpt lat="34.920510" lon="128.089718">
			<ele>0.00</ele>
			<time>2020-01-17T08:20:31.59Z</time>
		</trkpt>
		<trkpt lat="34.920508" lon="128.089718">
			<ele>0.00</ele>
			<time>2020-01-17T08:20:31.65Z</time>
		</trkpt>
		<trkpt lat="34.920456" lon="128.089711">
			<ele>0.00</ele>
			<time>2020-01-17T08:20:32Z</time>
		</trkpt>
		<trkpt lat="34.920405" lon="128.089706">
			<ele>0.00</ele>
			<time>2020-01-17T08:20:32.34Z</time>
		</trkpt>
		<trkpt lat="34.920347" lon="128.089689">
			<ele>0.00</ele>
			<time>2020-01-17T08:20:32.74Z</time>
		</trkpt>
		<trkpt lat="34.920285" lon="128.089656">
			<ele>0.00</ele>
			<time>2020-01-17T08:20:33.19Z</time>
		</trkpt>
		<trkpt lat="34.920231" lon="128.089605">
			<ele>0.00</ele>
			<time>2020-01-17T08:20:33.65Z</time>
		</trkpt>
		<trkpt lat="34.920189" lon="128.089574">
			<ele>0.00</ele>
			<time>2020-01-17T08:20:33.97Z</time>
		</trkpt>
		<trkpt lat="34.920131" lon="128.089534">
			<ele>0.00</ele>
			<time>2020-01-17T08:20:34.41Z</time>
		</trkpt>
		<trkpt lat="34.920076" lon="128.089494">
			<ele>0.00</ele>
			<time>2020-01-17T08:20:34.84Z</time>
		</trkpt>
		<trkpt lat="34.920016" lon="128.089453">
			<ele>0.00</ele>
			<time>2020-01-17T08:20:35.30Z</time>
		</trkpt>
		<trkpt lat="34.919955" lon="128.089399">
			<ele>0.00</ele>
			<time>2020-01-17T08:20:35.80Z</time>
		</trkpt>
		<trkpt lat="34.919900" lon="128.089364">
			<ele>0.00</ele>
			<time>2020-01-17T08:20:36.22Z</time>
		</trkpt>
		<trkpt lat="34.919861" lon="128.089347">
			<ele>0.00</ele>
			<time>2020-01-17T08:20:36.49Z</time>
		</trkpt>
		<trkpt lat="34.919806" lon="128.089295">
			<ele>0.00</ele>
			<time>2020-01-17T08:20:36.95Z</time>
		</trkpt>
		<trkpt lat="34.919760" lon="128.089243">
			<ele>0.00</ele>
			<time>2020-01-17T08:20:37.38Z</time>
		</trkpt>
		<trkpt lat="34.919707" lon="128.089184">
			<ele>0.00</ele>
			<time>2020-01-17T08:20:37.85Z</time>
		</trkpt>
		<trkpt lat="34.919657" lon="128.089120">
			<ele>0.00</ele>
			<time>2020-01-17T08:20:38.34Z</time>
		</trkpt>
		<trkpt lat="34.919611" lon="128.089043">
			<ele>0.00</ele>
			<time>2020-01-17T08:20:38.86Z</time>
		</trkpt>
		<trkpt lat="34.919574" lon="128.088935">
			<ele>0.00</ele>
			<time>2020-01-17T08:20:39.49Z</time>
		</trkpt>
		<trkpt lat="34.919546" lon="128.088859">
			<ele>0.00</ele>
			<time>2020-01-17T08:20:39.95Z</time>
		</trkpt>
		<trkpt lat="34.919507" lon="128.088796">
			<ele>0.00</ele>
			<time>2020-01-17T08:20:40.38Z</time>
		</trkpt>
		<trkpt lat="34.919485" lon="128.088725">
			<ele>0.00</ele>
			<time>2020-01-17T08:20:40.80Z</time>
		</trkpt>
		<trkpt lat="34.919467" lon="128.088649">
			<ele>0.00</ele>
			<time>2020-01-17T08:20:41.23Z</time>
		</trkpt>
		<trkpt lat="34.919450" lon="128.088570">
			<ele>0.00</ele>
			<time>2020-01-17T08:20:41.68Z</time>
		</trkpt>
		<trkpt lat="34.919455" lon="128.088515">
			<ele>0.00</ele>
			<time>2020-01-17T08:20:41.98Z</time>
		</trkpt>
		<trkpt lat="34.919470" lon="128.088437">
			<ele>0.00</ele>
			<time>2020-01-17T08:20:42.42Z</time>
		</trkpt>
		<trkpt lat="34.919509" lon="128.088399">
			<ele>0.00</ele>
			<time>2020-01-17T08:20:42.75Z</time>
		</trkpt>
		<trkpt lat="34.919548" lon="128.088337">
			<ele>0.00</ele>
			<time>2020-01-17T08:20:43.18Z</time>
		</trkpt>
		<trkpt lat="34.919625" lon="128.088257">
			<ele>0.00</ele>
			<time>2020-01-17T08:20:43.85Z</time>
		</trkpt>
		<trkpt lat="34.919672" lon="128.088245">
			<ele>0.00</ele>
			<time>2020-01-17T08:20:44.17Z</time>
		</trkpt>
		<trkpt lat="34.919735" lon="128.088281">
			<ele>0.00</ele>
			<time>2020-01-17T08:20:44.64Z</time>
		</trkpt>
		<trkpt lat="34.919794" lon="128.088314">
			<ele>0.00</ele>
			<time>2020-01-17T08:20:45.07Z</time>
		</trkpt>
		<trkpt lat="34.919863" lon="128.088352">
			<ele>0.00</ele>
			<time>2020-01-17T08:20:45.57Z</time>
		</trkpt>
		<trkpt lat="34.919920" lon="128.088393">
			<ele>0.00</ele>
			<time>2020-01-17T08:20:46.01Z</time>
		</trkpt>
		<trkpt lat="34.919969" lon="128.088426">
			<ele>0.00</ele>
			<time>2020-01-17T08:20:46.38Z</time>
		</trkpt>
		<trkpt lat="34.920014" lon="128.088459">
			<ele>0.00</ele>
			<time>2020-01-17T08:20:46.74Z</time>
		</trkpt>
		<trkpt lat="34.920074" lon="128.088503">
			<ele>0.00</ele>
			<time>2020-01-17T08:20:47.20Z</time>
		</trkpt>
		<trkpt lat="34.920145" lon="128.088557">
			<ele>0.00</ele>
			<time>2020-01-17T08:20:47.76Z</time>
		</trkpt>
		<trkpt lat="34.920208" lon="128.088622">
			<ele>0.00</ele>
			<time>2020-01-17T08:20:48.31Z</time>
		</trkpt>
		<trkpt lat="34.920265" lon="128.088669">
			<ele>0.00</ele>
			<time>2020-01-17T08:20:48.77Z</time>
		</trkpt>
		<trkpt lat="34.920336" lon="128.088711">
			<ele>0.00</ele>
			<time>2020-01-17T08:20:49.29Z</time>
		</trkpt>
		<trkpt lat="34.920390" lon="128.088741">
			<ele>0.00</ele>
			<time>2020-01-17T08:20:49.69Z</time>
		</trkpt>
		<trkpt lat="34.920450" lon="128.088785">
			<ele>0.00</ele>
			<time>2020-01-17T08:20:50.16Z</time>
		</trkpt>
		<trkpt lat="34.920516" lon="128.088829">
			<ele>0.00</ele>
			<time>2020-01-17T08:20:50.66Z</time>
		</trkpt>
		<trkpt lat="34.920575" lon="128.088864">
			<ele>0.00</ele>
			<time>2020-01-17T08:20:51.09Z</time>
		</trkpt>
		<trkpt lat="34.920631" lon="128.088905">
			<ele>0.00</ele>
			<time>2020-01-17T08:20:51.53Z</time>
		</trkpt>
		<trkpt lat="34.920676" lon="128.088959">
			<ele>0.00</ele>
			<time>2020-01-17T08:20:51.95Z</time>
		</trkpt>
		<trkpt lat="34.920713" lon="128.089012">
			<ele>0.00</ele>
			<time>2020-01-17T08:20:52.33Z</time>
		</trkpt>
		<trkpt lat="34.920767" lon="128.089051">
			<ele>0.00</ele>
			<time>2020-01-17T08:20:52.75Z</time>
		</trkpt>
		<trkpt lat="34.920824" lon="128.089057">
			<ele>0.00</ele>
			<time>2020-01-17T08:20:53.13Z</time>
		</trkpt>
		<trkpt lat="34.920885" lon="128.089055">
			<ele>0.00</ele>
			<time>2020-01-17T08:20:53.54Z</time>
		</trkpt>
		<trkpt lat="34.920932" lon="128.089045">
			<ele>0.00</ele>
			<time>2020-01-17T08:20:53.85Z</time>
		</trkpt>
		<trkpt lat="34.920973" lon="128.089041">
			<ele>0.00</ele>
			<time>2020-01-17T08:20:54.13Z</time>
		</trkpt>
		<trkpt lat="34.921028" lon="128.089056">
			<ele>0.00</ele>
			<time>2020-01-17T08:20:54.51Z</time>
		</trkpt>
		<trkpt lat="34.921074" lon="128.089094">
			<ele>0.00</ele>
			<time>2020-01-17T08:20:54.88Z</time>
		</trkpt>
		<trkpt lat="34.921128" lon="128.089115">
			<ele>0.00</ele>
			<time>2020-01-17T08:20:55.25Z</time>
		</trkpt>
		<trkpt lat="34.921204" lon="128.089133">
			<ele>0.00</ele>
			<time>2020-01-17T08:20:55.77Z</time>
		</trkpt>
		<trkpt lat="34.921260" lon="128.089130">
			<ele>0.00</ele>
			<time>2020-01-17T08:20:56.15Z</time>
		</trkpt>
		<trkpt lat="34.921316" lon="128.089139">
			<ele>0.00</ele>
			<time>2020-01-17T08:20:56.52Z</time>
		</trkpt>
		<trkpt lat="34.921369" lon="128.089174">
			<ele>0.00</ele>
			<time>2020-01-17T08:20:56.92Z</time>
		</trkpt>
		<trkpt lat="34.921417" lon="128.089212">
			<ele>0.00</ele>
			<time>2020-01-17T08:20:57.30Z</time>
		</trkpt>
		<trkpt lat="34.921490" lon="128.089267">
			<ele>0.00</ele>
			<time>2020-01-17T08:20:57.87Z</time>
		</trkpt>
		<trkpt lat="34.921546" lon="128.089322">
			<ele>0.00</ele>
			<time>2020-01-17T08:20:58.35Z</time>
		</trkpt>
		<trkpt lat="34.921607" lon="128.089356">
			<ele>0.00</ele>
			<time>2020-01-17T08:20:58.80Z</time>
		</trkpt>
		<trkpt lat="34.921676" lon="128.089378">
			<ele>0.00</ele>
			<time>2020-01-17T08:20:59.27Z</time>
		</trkpt>
		<trkpt lat="34.921732" lon="128.089410">
			<ele>0.00</ele>
			<time>2020-01-17T08:20:59.69Z</time>
		</trkpt>
		<trkpt lat="34.921792" lon="128.089460">
			<ele>0.00</ele>
			<time>2020-01-17T08:21:00.17Z</time>
		</trkpt>
		<trkpt lat="34.921853" lon="128.089516">
			<ele>0.00</ele>
			<time>2020-01-17T08:21:00.68Z</time>
		</trkpt>
		<trkpt lat="34.921904" lon="128.089547">
			<ele>0.00</ele>
			<time>2020-01-17T08:21:01.06Z</time>
		</trkpt>
		<trkpt lat="34.921946" lon="128.089568">
			<ele>0.00</ele>
			<time>2020-01-17T08:21:01.37Z</time>
		</trkpt>
		<trkpt lat="34.922014" lon="128.089585">
			<ele>0.00</ele>
			<time>2020-01-17T08:21:01.82Z</time>
		</trkpt>
		<trkpt lat="34.922072" lon="128.089585">
			<ele>0.00</ele>
			<time>2020-01-17T08:21:02.21Z</time>
		</trkpt>
		<trkpt lat="34.922131" lon="128.089594">
			<ele>0.00</ele>
			<time>2020-01-17T08:21:02.61Z</time>
		</trkpt>
		<trkpt lat="34.922198" lon="128.089614">
			<ele>0.00</ele>
			<time>2020-01-17T08:21:03.07Z</time>
		</trkpt>
		<trkpt lat="34.922249" lon="128.089637">
			<ele>0.00</ele>
			<time>2020-01-17T08:21:03.43Z</time>
		</trkpt>
		<trkpt lat="34.922304" lon="128.089682">
			<ele>0.00</ele>
			<time>2020-01-17T08:21:03.87Z</time>
		</trkpt>
		<trkpt lat="34.922344" lon="128.089726">
			<ele>0.00</ele>
			<time>2020-01-17T08:21:04.23Z</time>
		</trkpt>
		<trkpt lat="34.922386" lon="128.089774">
			<ele>0.00</ele>
			<time>2020-01-17T08:21:04.62Z</time>
		</trkpt>
		<trkpt lat="34.922429" lon="128.089807">
			<ele>0.00</ele>
			<time>2020-01-17T08:21:04.96Z</time>
		</trkpt>
		<trkpt lat="34.922471" lon="128.089832">
			<ele>0.00</ele>
			<time>2020-01-17T08:21:05.26Z</time>
		</trkpt>
		<trkpt lat="34.922522" lon="128.089829">
			<ele>0.00</ele>
			<time>2020-01-17T08:21:05.60Z</time>
		</trkpt>
		<trkpt lat="34.922560" lon="128.089814">
			<ele>0.00</ele>
			<time>2020-01-17T08:21:05.87Z</time>
		</trkpt>
		<trkpt lat="34.922623" lon="128.089798">
			<ele>0.00</ele>
			<time>2020-01-17T08:21:06.30Z</time>
		</trkpt>
		<trkpt lat="34.922676" lon="128.089769">
			<ele>0.00</ele>
			<time>2020-01-17T08:21:06.69Z</time>
		</trkpt>
		<trkpt lat="34.922729" lon="128.089747">
			<ele>0.00</ele>
			<time>2020-01-17T08:21:07.06Z</time>
		</trkpt>
		<trkpt lat="34.922791" lon="128.089722">
			<ele>0.00</ele>
			<time>2020-01-17T08:21:07.50Z</time>
		</trkpt>
		<trkpt lat="34.922841" lon="128.089711">
			<ele>0.00</ele>
			<time>2020-01-17T08:21:07.83Z</time>
		</trkpt>
		<trkpt lat="34.922906" lon="128.089703">
			<ele>0.00</ele>
			<time>2020-01-17T08:21:08.27Z</time>
		</trkpt>
		<trkpt lat="34.922950" lon="128.089701">
			<ele>0.00</ele>
			<time>2020-01-17T08:21:08.57Z</time>
		</trkpt>
		<trkpt lat="34.923016" lon="128.089698">
			<ele>0.00</ele>
			<time>2020-01-17T08:21:09.01Z</time>
		</trkpt>
		<trkpt lat="34.923061" lon="128.089698">
			<ele>0.00</ele>
			<time>2020-01-17T08:21:09.31Z</time>
		</trkpt>
		<trkpt lat="34.923126" lon="128.089710">
			<ele>0.00</ele>
			<time>2020-01-17T08:21:09.74Z</time>
		</trkpt>
		<trkpt lat="34.923165" lon="128.089720">
			<ele>0.00</ele>
			<time>2020-01-17T08:21:10.01Z</time>
		</trkpt>
		<trkpt lat="34.923224" lon="128.089738">
			<ele>0.00</ele>
			<time>2020-01-17T08:21:10.41Z</time>
		</trkpt>
		<trkpt lat="34.923280" lon="128.089763">
			<ele>0.00</ele>
			<time>2020-01-17T08:21:10.81Z</time>
		</trkpt>
		<trkpt lat="34.923341" lon="128.089796">
			<ele>0.00</ele>
			<time>2020-01-17T08:21:11.26Z</time>
		</trkpt>
		<trkpt lat="34.923405" lon="128.089831">
			<ele>0.00</ele>
			<time>2020-01-17T08:21:11.73Z</time>
		</trkpt>
		<trkpt lat="34.923460" lon="128.089874">
			<ele>0.00</ele>
			<time>2020-01-17T08:21:12.16Z</time>
		</trkpt>
		<trkpt lat="34.923528" lon="128.089925">
			<ele>0.00</ele>
			<time>2020-01-17T08:21:12.69Z</time>
		</trkpt>
		<trkpt lat="34.923598" lon="128.089972">
			<ele>0.00</ele>
			<time>2020-01-17T08:21:13.22Z</time>
		</trkpt>
		<trkpt lat="34.923648" lon="128.090015">
			<ele>0.00</ele>
			<time>2020-01-17T08:21:13.63Z</time>
		</trkpt>
		<trkpt lat="34.923697" lon="128.090060">
			<ele>0.00</ele>
			<time>2020-01-17T08:21:14.04Z</time>
		</trkpt>
		<trkpt lat="34.923758" lon="128.090107">
			<ele>0.00</ele>
			<time>2020-01-17T08:21:14.52Z</time>
		</trkpt>
		<trkpt lat="34.923807" lon="128.090153">
			<ele>0.00</ele>
			<time>2020-01-17T08:21:14.93Z</time>
		</trkpt>
		<trkpt lat="34.923840" lon="128.090195">
			<ele>0.00</ele>
			<time>2020-01-17T08:21:15.25Z</time>
		</trkpt>
		<trkpt lat="34.923879" lon="128.090248">
			<ele>0.00</ele>
			<time>2020-01-17T08:21:15.64Z</time>
		</trkpt>
		<trkpt lat="34.923927" lon="128.090306">
			<ele>0.00</ele>
			<time>2020-01-17T08:21:16.09Z</time>
		</trkpt>
		<trkpt lat="34.923976" lon="128.090368">
			<ele>0.00</ele>
			<time>2020-01-17T08:21:16.56Z</time>
		</trkpt>
		<trkpt lat="34.924024" lon="128.090433">
			<ele>0.00</ele>
			<time>2020-01-17T08:21:17.04Z</time>
		</trkpt>
		<trkpt lat="34.924075" lon="128.090502">
			<ele>0.00</ele>
			<time>2020-01-17T08:21:17.55Z</time>
		</trkpt>
		<trkpt lat="34.924132" lon="128.090569">
			<ele>0.00</ele>
			<time>2020-01-17T08:21:18.08Z</time>
		</trkpt>
		<trkpt lat="34.924188" lon="128.090636">
			<ele>0.00</ele>
			<time>2020-01-17T08:21:18.60Z</time>
		</trkpt>
		<trkpt lat="34.924255" lon="128.090715">
			<ele>0.00</ele>
			<time>2020-01-17T08:21:19.22Z</time>
		</trkpt>
		<trkpt lat="34.924309" lon="128.090773">
			<ele>0.00</ele>
			<time>2020-01-17T08:21:19.70Z</time>
		</trkpt>
		<trkpt lat="34.924356" lon="128.090824">
			<ele>0.00</ele>
			<time>2020-01-17T08:21:20.12Z</time>
		</trkpt>
		<trkpt lat="34.924401" lon="128.090871">
			<ele>0.00</ele>
			<time>2020-01-17T08:21:20.51Z</time>
		</trkpt>
		<trkpt lat="34.924457" lon="128.090940">
			<ele>0.00</ele>
			<time>2020-01-17T08:21:21.04Z</time>
		</trkpt>
		<trkpt lat="34.924522" lon="128.091013">
			<ele>0.00</ele>
			<time>2020-01-17T08:21:21.63Z</time>
		</trkpt>
		<trkpt lat="34.924577" lon="128.091085">
			<ele>0.00</ele>
			<time>2020-01-17T08:21:22.17Z</time>
		</trkpt>
		<trkpt lat="34.924636" lon="128.091155">
			<ele>0.00</ele>
			<time>2020-01-17T08:21:22.72Z</time>
		</trkpt>
		<trkpt lat="34.924664" lon="128.091206">
			<ele>0.00</ele>
			<time>2020-01-17T08:21:23.06Z</time>
		</trkpt>
		<trkpt lat="34.924703" lon="128.091257">
			<ele>0.00</ele>
			<time>2020-01-17T08:21:23.44Z</time>
		</trkpt>
		<trkpt lat="34.924705" lon="128.091260">
			<ele>0.00</ele>
			<time>2020-01-17T08:21:23.50Z</time>
		</trkpt>
		<trkpt lat="34.924742" lon="128.091311">
			<ele>0.00</ele>
			<time>2020-01-17T08:21:23.87Z</time>
		</trkpt>
		<trkpt lat="34.924795" lon="128.091349">
			<ele>0.00</ele>
			<time>2020-01-17T08:21:24.28Z</time>
		</trkpt>
		<trkpt lat="34.924843" lon="128.091378">
			<ele>0.00</ele>
			<time>2020-01-17T08:21:24.64Z</time>
		</trkpt>
		<trkpt lat="34.924875" lon="128.091388">
			<ele>0.00</ele>
			<time>2020-01-17T08:21:24.86Z</time>
		</trkpt>
		<trkpt lat="34.924906" lon="128.091381">
			<ele>0.00</ele>
			<time>2020-01-17T08:21:25.07Z</time>
		</trkpt>
		<trkpt lat="34.924963" lon="128.091388">
			<ele>0.00</ele>
			<time>2020-01-17T08:21:25.45Z</time>
		</trkpt>
		<trkpt lat="34.925027" lon="128.091389">
			<ele>0.00</ele>
			<time>2020-01-17T08:21:25.88Z</time>
		</trkpt>
		<trkpt lat="34.925081" lon="128.091384">
			<ele>0.00</ele>
			<time>2020-01-17T08:21:26.24Z</time>
		</trkpt>
		<trkpt lat="34.925149" lon="128.091363">
			<ele>0.00</ele>
			<time>2020-01-17T08:21:26.70Z</time>
		</trkpt>
		<trkpt lat="34.925205" lon="128.091335">
			<ele>0.00</ele>
			<time>2020-01-17T08:21:27.11Z</time>
		</trkpt>
		<trkpt lat="34.925249" lon="128.091312">
			<ele>0.00</ele>
			<time>2020-01-17T08:21:27.43Z</time>
		</trkpt>
		<trkpt lat="34.925289" lon="128.091286">
			<ele>0.00</ele>
			<time>2020-01-17T08:21:27.73Z</time>
		</trkpt>
		<trkpt lat="34.925325" lon="128.091274">
			<ele>0.00</ele>
			<time>2020-01-17T08:21:27.98Z</time>
		</trkpt>
		<trkpt lat="34.925367" lon="128.091251">
			<ele>0.00</ele>
			<time>2020-01-17T08:21:28.29Z</time>
		</trkpt>
		<trkpt lat="34.925419" lon="128.091217">
			<ele>0.00</ele>
			<time>2020-01-17T08:21:28.68Z</time>
		</trkpt>
		<trkpt lat="34.925475" lon="128.091174">
			<ele>0.00</ele>
			<time>2020-01-17T08:21:29.12Z</time>
		</trkpt>
		<trkpt lat="34.925523" lon="128.091147">
			<ele>0.00</ele>
			<time>2020-01-17T08:21:29.47Z</time>
		</trkpt>
		<trkpt lat="34.925566" lon="128.091107">
			<ele>0.00</ele>
			<time>2020-01-17T08:21:29.83Z</time>
		</trkpt>
		<trkpt lat="34.925602" lon="128.091084">
			<ele>0.00</ele>
			<time>2020-01-17T08:21:30.10Z</time>
		</trkpt>
		<trkpt lat="34.925645" lon="128.091054">
			<ele>0.00</ele>
			<time>2020-01-17T08:21:30.44Z</time>
		</trkpt>
		<trkpt lat="34.925696" lon="128.091024">
			<ele>0.00</ele>
			<time>2020-01-17T08:21:30.82Z</time>
		</trkpt>
		<trkpt lat="34.925745" lon="128.090991">
			<ele>0.00</ele>
			<time>2020-01-17T08:21:31.19Z</time>
		</trkpt>
		<trkpt lat="34.925797" lon="128.090963">
			<ele>0.00</ele>
			<time>2020-01-17T08:21:31.57Z</time>
		</trkpt>
		<trkpt lat="34.925853" lon="128.090943">
			<ele>0.00</ele>
			<time>2020-01-17T08:21:31.96Z</time>
		</trkpt>
		<trkpt lat="34.925913" lon="128.090920">
			<ele>0.00</ele>
			<time>2020-01-17T08:21:32.37Z</time>
		</trkpt>
		<trkpt lat="34.925972" lon="128.090907">
			<ele>0.00</ele>
			<time>2020-01-17T08:21:32.77Z</time>
		</trkpt>
		<trkpt lat="34.926020" lon="128.090894">
			<ele>0.00</ele>
			<time>2020-01-17T08:21:33.10Z</time>
		</trkpt>
		<trkpt lat="34.926067" lon="128.090894">
			<ele>0.00</ele>
			<time>2020-01-17T08:21:33.41Z</time>
		</trkpt>
		<trkpt lat="34.926124" lon="128.090891">
			<ele>0.00</ele>
			<time>2020-01-17T08:21:33.80Z</time>
		</trkpt>
		<trkpt lat="34.926196" lon="128.090888">
			<ele>0.00</ele>
			<time>2020-01-17T08:21:34.28Z</time>
		</trkpt>
		<trkpt lat="34.926279" lon="128.090886">
			<ele>0.00</ele>
			<time>2020-01-17T08:21:34.83Z</time>
		</trkpt>
		<trkpt lat="34.926344" lon="128.090889">
			<ele>0.00</ele>
			<time>2020-01-17T08:21:35.26Z</time>
		</trkpt>
		<trkpt lat="34.926408" lon="128.090884">
			<ele>0.00</ele>
			<time>2020-01-17T08:21:35.69Z</time>
		</trkpt>
		<trkpt lat="34.926464" lon="128.090880">
			<ele>0.00</ele>
			<time>2020-01-17T08:21:36.06Z</time>
		</trkpt>
		<trkpt lat="34.926529" lon="128.090857">
			<ele>0.00</ele>
			<time>2020-01-17T08:21:36.51Z</time>
		</trkpt>
		<trkpt lat="34.926575" lon="128.090817">
			<ele>0.00</ele>
			<time>2020-01-17T08:21:36.89Z</time>
		</trkpt>
		<trkpt lat="34.926612" lon="128.090782">
			<ele>0.00</ele>
			<time>2020-01-17T08:21:37.20Z</time>
		</trkpt>
		<trkpt lat="34.926640" lon="128.090732">
			<ele>0.00</ele>
			<time>2020-01-17T08:21:37.54Z</time>
		</trkpt>
		<trkpt lat="34.926664" lon="128.090680">
			<ele>0.00</ele>
			<time>2020-01-17T08:21:37.86Z</time>
		</trkpt>
		<trkpt lat="34.926676" lon="128.090657">
			<ele>0.00</ele>
			<time>2020-01-17T08:21:38.01Z</time>
		</trkpt>
		<trkpt lat="34.926693" lon="128.090597">
			<ele>0.00</ele>
			<time>2020-01-17T08:21:38.35Z</time>
		</trkpt>
		<trkpt lat="34.926715" lon="128.090521">
			<ele>0.00</ele>
			<time>2020-01-17T08:21:38.80Z</time>
		</trkpt>
		<trkpt lat="34.926728" lon="128.090462">
			<ele>0.00</ele>
			<time>2020-01-17T08:21:39.13Z</time>
		</trkpt>
		<trkpt lat="34.926748" lon="128.090395">
			<ele>0.00</ele>
			<time>2020-01-17T08:21:39.52Z</time>
		</trkpt>
		<trkpt lat="34.926763" lon="128.090305">
			<ele>0.00</ele>
			<time>2020-01-17T08:21:40.02Z</time>
		</trkpt>
		<trkpt lat="34.926784" lon="128.090215">
			<ele>0.00</ele>
			<time>2020-01-17T08:21:40.53Z</time>
		</trkpt>
		<trkpt lat="34.926797" lon="128.090130">
			<ele>0.00</ele>
			<time>2020-01-17T08:21:41.01Z</time>
		</trkpt>
		<trkpt lat="34.926811" lon="128.090072">
			<ele>0.00</ele>
			<time>2020-01-17T08:21:41.34Z</time>
		</trkpt>
		<trkpt lat="34.926828" lon="128.089996">
			<ele>0.00</ele>
			<time>2020-01-17T08:21:41.77Z</time>
		</trkpt>
		<trkpt lat="34.926841" lon="128.089935">
			<ele>0.00</ele>
			<time>2020-01-17T08:21:42.11Z</time>
		</trkpt>
		<trkpt lat="34.926849" lon="128.089881">
			<ele>0.00</ele>
			<time>2020-01-17T08:21:42.41Z</time>
		</trkpt>
		<trkpt lat="34.926859" lon="128.089805">
			<ele>0.00</ele>
			<time>2020-01-17T08:21:42.83Z</time>
		</trkpt>
		<trkpt lat="34.926872" lon="128.089736">
			<ele>0.00</ele>
			<time>2020-01-17T08:21:43.22Z</time>
		</trkpt>
		<trkpt lat="34.926890" lon="128.089648">
			<ele>0.00</ele>
			<time>2020-01-17T08:21:43.71Z</time>
		</trkpt>
		<trkpt lat="34.926919" lon="128.089560">
			<ele>0.00</ele>
			<time>2020-01-17T08:21:44.23Z</time>
		</trkpt>
		<trkpt lat="34.926943" lon="128.089513">
			<ele>0.00</ele>
			<time>2020-01-17T08:21:44.54Z</time>
		</trkpt>
		<trkpt lat="34.926999" lon="128.089464">
			<ele>0.00</ele>
			<time>2020-01-17T08:21:45Z</time>
		</trkpt>
		<trkpt lat="34.927045" lon="128.089449">
			<ele>0.00</ele>
			<time>2020-01-17T08:21:45.31Z</time>
		</trkpt>
		<trkpt lat="34.927084" lon="128.089448">
			<ele>0.00</ele>
			<time>2020-01-17T08:21:45.57Z</time>
		</trkpt>
		<trkpt lat="34.927105" lon="128.089372">
			<ele>0.00</ele>
			<time>2020-01-17T08:21:46.01Z</time>
		</trkpt>
		<trkpt lat="34.927119" lon="128.089269">
			<ele>0.00</ele>
			<time>2020-01-17T08:21:46.58Z</time>
		</trkpt>
		<trkpt lat="34.927078" lon="128.089217">
			<ele>0.00</ele>
			<time>2020-01-17T08:21:46.98Z</time>
		</trkpt>
		<trkpt lat="34.927048" lon="128.089161">
			<ele>0.00</ele>
			<time>2020-01-17T08:21:47.34Z</time>
		</trkpt>
		<trkpt lat="34.927029" lon="128.089112">
			<ele>0.00</ele>
			<time>2020-01-17T08:21:47.63Z</time>
		</trkpt>
		<trkpt lat="34.927024" lon="128.089022">
			<ele>0.00</ele>
			<time>2020-01-17T08:21:48.13Z</time>
		</trkpt>
		<trkpt lat="34.927027" lon="128.088945">
			<ele>0.00</ele>
			<time>2020-01-17T08:21:48.55Z</time>
		</trkpt>
		<trkpt lat="34.927029" lon="128.088877">
			<ele>0.00</ele>
			<time>2020-01-17T08:21:48.92Z</time>
		</trkpt>
		<trkpt lat="34.927033" lon="128.088806">
			<ele>0.00</ele>
			<time>2020-01-17T08:21:49.32Z</time>
		</trkpt>
		<trkpt lat="34.927047" lon="128.088740">
			<ele>0.00</ele>
			<time>2020-01-17T08:21:49.69Z</time>
		</trkpt>
		<trkpt lat="34.927057" lon="128.088676">
			<ele>0.00</ele>
			<time>2020-01-17T08:21:50.04Z</time>
		</trkpt>
		<trkpt lat="34.927075" lon="128.088577">
			<ele>0.00</ele>
			<time>2020-01-17T08:21:50.59Z</time>
		</trkpt>
		<trkpt lat="34.927090" lon="128.088507">
			<ele>0.00</ele>
			<time>2020-01-17T08:21:50.99Z</time>
		</trkpt>
		<trkpt lat="34.927111" lon="128.088407">
			<ele>0.00</ele>
			<time>2020-01-17T08:21:51.55Z</time>
		</trkpt>
		<trkpt lat="34.927132" lon="128.088326">
			<ele>0.00</ele>
			<time>2020-01-17T08:21:52.02Z</time>
		</trkpt>
		<trkpt lat="34.927154" lon="128.088216">
			<ele>0.00</ele>
			<time>2020-01-17T08:21:52.64Z</time>
		</trkpt>
		<trkpt lat="34.927166" lon="128.088136">
			<ele>0.00</ele>
			<time>2020-01-17T08:21:53.08Z</time>
		</trkpt>
		<trkpt lat="34.927182" lon="128.088059">
			<ele>0.00</ele>
			<time>2020-01-17T08:21:53.52Z</time>
		</trkpt>
		<trkpt lat="34.927198" lon="128.087972">
			<ele>0.00</ele>
			<time>2020-01-17T08:21:54Z</time>
		</trkpt>
		<trkpt lat="34.927210" lon="128.087875">
			<ele>0.00</ele>
			<time>2020-01-17T08:21:54.54Z</time>
		</trkpt>
		<trkpt lat="34.927226" lon="128.087810">
			<ele>0.00</ele>
			<time>2020-01-17T08:21:54.91Z</time>
		</trkpt>
		<trkpt lat="34.927244" lon="128.087721">
			<ele>0.00</ele>
			<time>2020-01-17T08:21:55.41Z</time>
		</trkpt>
		<trkpt lat="34.927260" lon="128.087639">
			<ele>0.00</ele>
			<time>2020-01-17T08:21:55.87Z</time>
		</trkpt>
		<trkpt lat="34.927276" lon="128.087559">
			<ele>0.00</ele>
			<time>2020-01-17T08:21:56.33Z</time>
		</trkpt>
		<trkpt lat="34.927285" lon="128.087497">
			<ele>0.00</ele>
			<time>2020-01-17T08:21:56.67Z</time>
		</trkpt>
		<trkpt lat="34.927304" lon="128.087417">
			<ele>0.00</ele>
			<time>2020-01-17T08:21:57.12Z</time>
		</trkpt>
		<trkpt lat="34.927331" lon="128.087317">
			<ele>0.00</ele>
			<time>2020-01-17T08:21:57.70Z</time>
		</trkpt>
		<trkpt lat="34.927353" lon="128.087239">
			<ele>0.00</ele>
			<time>2020-01-17T08:21:58.15Z</time>
		</trkpt>
		<trkpt lat="34.927369" lon="128.087155">
			<ele>0.00</ele>
			<time>2020-01-17T08:21:58.62Z</time>
		</trkpt>
		<trkpt lat="34.927386" lon="128.087061">
			<ele>0.00</ele>
			<time>2020-01-17T08:21:59.15Z</time>
		</trkpt>
		<trkpt lat="34.927408" lon="128.086968">
			<ele>0.00</ele>
			<time>2020-01-17T08:21:59.67Z</time>
		</trkpt>
		<trkpt lat="34.927427" lon="128.086884">
			<ele>0.00</ele>
			<time>2020-01-17T08:22:00.15Z</time>
		</trkpt>
		<trkpt lat="34.927447" lon="128.086799">
			<ele>0.00</ele>
			<time>2020-01-17T08:22:00.63Z</time>
		</trkpt>
		<trkpt lat="34.927465" lon="128.086710">
			<ele>0.00</ele>
			<time>2020-01-17T08:22:01.13Z</time>
		</trkpt>
		<trkpt lat="34.927474" lon="128.086625">
			<ele>0.00</ele>
			<time>2020-01-17T08:22:01.61Z</time>
		</trkpt>
		<trkpt lat="34.927490" lon="128.086546">
			<ele>0.00</ele>
			<time>2020-01-17T08:22:02.05Z</time>
		</trkpt>
		<trkpt lat="34.927505" lon="128.086466">
			<ele>0.00</ele>
			<time>2020-01-17T08:22:02.50Z</time>
		</trkpt>
		<trkpt lat="34.927514" lon="128.086400">
			<ele>0.00</ele>
			<time>2020-01-17T08:22:02.86Z</time>
		</trkpt>
		<trkpt lat="34.927533" lon="128.086324">
			<ele>0.00</ele>
			<time>2020-01-17T08:22:03.30Z</time>
		</trkpt>
		<trkpt lat="34.927541" lon="128.086248">
			<ele>0.00</ele>
			<time>2020-01-17T08:22:03.72Z</time>
		</trkpt>
		<trkpt lat="34.927554" lon="128.086153">
			<ele>0.00</ele>
			<time>2020-01-17T08:22:04.24Z</time>
		</trkpt>
		<trkpt lat="34.927574" lon="128.086047">
			<ele>0.00</ele>
			<time>2020-01-17T08:22:04.84Z</time>
		</trkpt>
		<trkpt lat="34.927593" lon="128.085911">
			<ele>0.00</ele>
			<time>2020-01-17T08:22:05.59Z</time>
		</trkpt>
		<trkpt lat="34.927611" lon="128.085818">
			<ele>0.00</ele>
			<time>2020-01-17T08:22:06.11Z</time>
		</trkpt>
		<trkpt lat="34.927629" lon="128.085731">
			<ele>0.00</ele>
			<time>2020-01-17T08:22:06.61Z</time>
		</trkpt>
		<trkpt lat="34.927646" lon="128.085644">
			<ele>0.00</ele>
			<time>2020-01-17T08:22:07.10Z</time>
		</trkpt>
		<trkpt lat="34.927665" lon="128.085554">
			<ele>0.00</ele>
			<time>2020-01-17T08:22:07.60Z</time>
		</trkpt>
		<trkpt lat="34.927681" lon="128.085474">
			<ele>0.00</ele>
			<time>2020-01-17T08:22:08.05Z</time>
		</trkpt>
		<trkpt lat="34.927701" lon="128.085385">
			<ele>0.00</ele>
			<time>2020-01-17T08:22:08.55Z</time>
		</trkpt>
		<trkpt lat="34.927718" lon="128.085304">
			<ele>0.00</ele>
			<time>2020-01-17T08:22:09.01Z</time>
		</trkpt>
		<trkpt lat="34.927735" lon="128.085216">
			<ele>0.00</ele>
			<time>2020-01-17T08:22:09.50Z</time>
		</trkpt>
		<trkpt lat="34.927756" lon="128.085128">
			<ele>0.00</ele>
			<time>2020-01-17T08:22:10.01Z</time>
		</trkpt>
		<trkpt lat="34.927774" lon="128.085049">
			<ele>0.00</ele>
			<time>2020-01-17T08:22:10.46Z</time>
		</trkpt>
		<trkpt lat="34.927792" lon="128.084961">
			<ele>0.00</ele>
			<time>2020-01-17T08:22:10.95Z</time>
		</trkpt>
		<trkpt lat="34.927818" lon="128.084861">
			<ele>0.00</ele>
			<time>2020-01-17T08:22:11.53Z</time>
		</trkpt>
		<trkpt lat="34.927843" lon="128.084768">
			<ele>0.00</ele>
			<time>2020-01-17T08:22:12.06Z</time>
		</trkpt>
		<trkpt lat="34.927862" lon="128.084682">
			<ele>0.00</ele>
			<time>2020-01-17T08:22:12.55Z</time>
		</trkpt>
		<trkpt lat="34.927873" lon="128.084606">
			<ele>0.00</ele>
			<time>2020-01-17T08:22:12.97Z</time>
		</trkpt>
		<trkpt lat="34.927889" lon="128.084544">
			<ele>0.00</ele>
			<time>2020-01-17T08:22:13.33Z</time>
		</trkpt>
		<trkpt lat="34.927904" lon="128.084492">
			<ele>0.00</ele>
			<time>2020-01-17T08:22:13.62Z</time>
		</trkpt>
		<trkpt lat="34.927910" lon="128.084426">
			<ele>0.00</ele>
			<time>2020-01-17T08:22:13.98Z</time>
		</trkpt>
		<trkpt lat="34.927929" lon="128.084321">
			<ele>0.00</ele>
			<time>2020-01-17T08:22:14.58Z</time>
		</trkpt>
		<trkpt lat="34.927962" lon="128.084233">
			<ele>0.00</ele>
			<time>2020-01-17T08:22:15.10Z</time>
		</trkpt>
		<trkpt lat="34.928030" lon="128.084248">
			<ele>0.00</ele>
			<time>2020-01-17T08:22:15.57Z</time>
		</trkpt>
		<trkpt lat="34.928115" lon="128.084259">
			<ele>0.00</ele>
			<time>2020-01-17T08:22:16.14Z</time>
		</trkpt>
		<trkpt lat="34.928180" lon="128.084259">
			<ele>0.00</ele>
			<time>2020-01-17T08:22:16.57Z</time>
		</trkpt>
		<trkpt lat="34.928244" lon="128.084252">
			<ele>0.00</ele>
			<time>2020-01-17T08:22:17Z</time>
		</trkpt>
		<trkpt lat="34.928292" lon="128.084206">
			<ele>0.00</ele>
			<time>2020-01-17T08:22:17.40Z</time>
		</trkpt>
		<trkpt lat="34.928316" lon="128.084122">
			<ele>0.00</ele>
			<time>2020-01-17T08:22:17.89Z</time>
		</trkpt>
		<trkpt lat="34.928339" lon="128.083992">
			<ele>0.00</ele>
			<time>2020-01-17T08:22:18.62Z</time>
		</trkpt>
		<trkpt lat="34.928353" lon="128.083917">
			<ele>0.00</ele>
			<time>2020-01-17T08:22:19.04Z</time>
		</trkpt>
		<trkpt lat="34.928369" lon="128.083825">
			<ele>0.00</ele>
			<time>2020-01-17T08:22:19.55Z</time>
		</trkpt>
		<trkpt lat="34.928384" lon="128.083745">
			<ele>0.00</ele>
			<time>2020-01-17T08:22:20Z</time>
		</trkpt>
		<trkpt lat="34.928403" lon="128.083637">
			<ele>0.00</ele>
			<time>2020-01-17T08:22:20.60Z</time>
		</trkpt>
		<trkpt lat="34.928415" lon="128.083562">
			<ele>0.00</ele>
			<time>2020-01-17T08:22:21.03Z</time>
		</trkpt>
		<trkpt lat="34.928434" lon="128.083448">
			<ele>0.00</ele>
			<time>2020-01-17T08:22:21.66Z</time>
		</trkpt>
		<trkpt lat="34.928457" lon="128.083315">
			<ele>0.00</ele>
			<time>2020-01-17T08:22:22.40Z</time>
		</trkpt>
		<trkpt lat="34.928475" lon="128.083208">
			<ele>0.00</ele>
			<time>2020-01-17T08:22:23Z</time>
		</trkpt>
		<trkpt lat="34.928491" lon="128.083112">
			<ele>0.00</ele>
			<time>2020-01-17T08:22:23.53Z</time>
		</trkpt>
		<trkpt lat="34.928512" lon="128.082996">
			<ele>0.00</ele>
			<time>2020-01-17T08:22:24.18Z</time>
		</trkpt>
		<trkpt lat="34.928531" lon="128.082881">
			<ele>0.00</ele>
			<time>2020-01-17T08:22:24.82Z</time>
		</trkpt>
		<trkpt lat="34.928540" lon="128.082786">
			<ele>0.00</ele>
			<time>2020-01-17T08:22:25.35Z</time>
		</trkpt>
		<trkpt lat="34.928561" lon="128.082689">
			<ele>0.00</ele>
			<time>2020-01-17T08:22:25.90Z</time>
		</trkpt>
		<trkpt lat="34.928587" lon="128.082553">
			<ele>0.00</ele>
			<time>2020-01-17T08:22:26.66Z</time>
		</trkpt>
		<trkpt lat="34.928611" lon="128.082412">
			<ele>0.00</ele>
			<time>2020-01-17T08:22:27.45Z</time>
		</trkpt>
		<trkpt lat="34.928627" lon="128.082320">
			<ele>0.00</ele>
			<time>2020-01-17T08:22:27.96Z</time>
		</trkpt>
		<trkpt lat="34.928648" lon="128.082206">
			<ele>0.00</ele>
			<time>2020-01-17T08:22:28.60Z</time>
		</trkpt>
		<trkpt lat="34.928661" lon="128.082129">
			<ele>0.00</ele>
			<time>2020-01-17T08:22:29.03Z</time>
		</trkpt>
		<trkpt lat="34.928681" lon="128.082016">
			<ele>0.00</ele>
			<time>2020-01-17T08:22:29.66Z</time>
		</trkpt>
		<trkpt lat="34.928689" lon="128.081913">
			<ele>0.00</ele>
			<time>2020-01-17T08:22:30.23Z</time>
		</trkpt>
		<trkpt lat="34.928700" lon="128.081833">
			<ele>0.00</ele>
			<time>2020-01-17T08:22:30.67Z</time>
		</trkpt>
		<trkpt lat="34.928712" lon="128.081759">
			<ele>0.00</ele>
			<time>2020-01-17T08:22:31.08Z</time>
		</trkpt>
		<trkpt lat="34.928721" lon="128.081690">
			<ele>0.00</ele>
			<time>2020-01-17T08:22:31.46Z</time>
		</trkpt>
		<trkpt lat="34.928734" lon="128.081593">
			<ele>0.00</ele>
			<time>2020-01-17T08:22:32Z</time>
		</trkpt>
		<trkpt lat="34.928746" lon="128.081509">
			<ele>0.00</ele>
			<time>2020-01-17T08:22:32.47Z</time>
		</trkpt>
		<trkpt lat="34.928757" lon="128.081410">
			<ele>0.00</ele>
			<time>2020-01-17T08:22:33.02Z</time>
		</trkpt>
		<trkpt lat="34.928766" lon="128.081315">
			<ele>0.00</ele>
			<time>2020-01-17T08:22:33.54Z</time>
		</trkpt>
		<trkpt lat="34.928785" lon="128.081211">
			<ele>0.00</ele>
			<time>2020-01-17T08:22:34.12Z</time>
		</trkpt>
		<trkpt lat="34.928796" lon="128.081145">
			<ele>0.00</ele>
			<time>2020-01-17T08:22:34.49Z</time>
		</trkpt>
		<trkpt lat="34.928803" lon="128.081043">
			<ele>0.00</ele>
			<time>2020-01-17T08:22:35.04Z</time>
		</trkpt>
		<trkpt lat="34.928808" lon="128.080948">
			<ele>0.00</ele>
			<time>2020-01-17T08:22:35.57Z</time>
		</trkpt>
		<trkpt lat="34.928815" lon="128.080854">
			<ele>0.00</ele>
			<time>2020-01-17T08:22:36.08Z</time>
		</trkpt>
		<trkpt lat="34.928827" lon="128.080756">
			<ele>0.00</ele>
			<time>2020-01-17T08:22:36.62Z</time>
		</trkpt>
		<trkpt lat="34.928833" lon="128.080664">
			<ele>0.00</ele>
			<time>2020-01-17T08:22:37.13Z</time>
		</trkpt>
		<trkpt lat="34.928840" lon="128.080588">
			<ele>0.00</ele>
			<time>2020-01-17T08:22:37.54Z</time>
		</trkpt>
		<trkpt lat="34.928843" lon="128.080481">
			<ele>0.00</ele>
			<time>2020-01-17T08:22:38.13Z</time>
		</trkpt>
		<trkpt lat="34.928837" lon="128.080390">
			<ele>0.00</ele>
			<time>2020-01-17T08:22:38.63Z</time>
		</trkpt>
		<trkpt lat="34.928836" lon="128.080297">
			<ele>0.00</ele>
			<time>2020-01-17T08:22:39.14Z</time>
		</trkpt>
		<trkpt lat="34.928833" lon="128.080210">
			<ele>0.00</ele>
			<time>2020-01-17T08:22:39.62Z</time>
		</trkpt>
		<trkpt lat="34.928826" lon="128.080124">
			<ele>0.00</ele>
			<time>2020-01-17T08:22:40.09Z</time>
		</trkpt>
		<trkpt lat="34.928820" lon="128.080073">
			<ele>0.00</ele>
			<time>2020-01-17T08:22:40.37Z</time>
		</trkpt>
		<trkpt lat="34.928822" lon="128.079966">
			<ele>0.00</ele>
			<time>2020-01-17T08:22:40.96Z</time>
		</trkpt>
		<trkpt lat="34.928824" lon="128.079894">
			<ele>0.00</ele>
			<time>2020-01-17T08:22:41.35Z</time>
		</trkpt>
		<trkpt lat="34.928814" lon="128.079814">
			<ele>0.00</ele>
			<time>2020-01-17T08:22:41.79Z</time>
		</trkpt>
		<trkpt lat="34.928787" lon="128.079752">
			<ele>0.00</ele>
			<time>2020-01-17T08:22:42.17Z</time>
		</trkpt>
		<trkpt lat="34.928740" lon="128.079649">
			<ele>0.00</ele>
			<time>2020-01-17T08:22:42.82Z</time>
		</trkpt>
		<trkpt lat="34.928691" lon="128.079557">
			<ele>0.00</ele>
			<time>2020-01-17T08:22:43.42Z</time>
		</trkpt>
		<trkpt lat="34.928638" lon="128.079469">
			<ele>0.00</ele>
			<time>2020-01-17T08:22:44.01Z</time>
		</trkpt>
		<trkpt lat="34.928590" lon="128.079391">
			<ele>0.00</ele>
			<time>2020-01-17T08:22:44.55Z</time>
		</trkpt>
		<trkpt lat="34.928540" lon="128.079302">
			<ele>0.00</ele>
			<time>2020-01-17T08:22:45.14Z</time>
		</trkpt>
		<trkpt lat="34.928495" lon="128.079221">
			<ele>0.00</ele>
			<time>2020-01-17T08:22:45.67Z</time>
		</trkpt>
		<trkpt lat="34.928453" lon="128.079142">
			<ele>0.00</ele>
			<time>2020-01-17T08:22:46.19Z</time>
		</trkpt>
		<trkpt lat="34.928403" lon="128.079066">
			<ele>0.00</ele>
			<time>2020-01-17T08:22:46.72Z</time>
		</trkpt>
		<trkpt lat="34.928372" lon="128.079013">
			<ele>0.00</ele>
			<time>2020-01-17T08:22:47.07Z</time>
		</trkpt>
		<trkpt lat="34.928321" lon="128.078936">
			<ele>0.00</ele>
			<time>2020-01-17T08:22:47.62Z</time>
		</trkpt>
		<trkpt lat="34.928279" lon="128.078853">
			<ele>0.00</ele>
			<time>2020-01-17T08:22:48.15Z</time>
		</trkpt>
		<trkpt lat="34.928235" lon="128.078772">
			<ele>0.00</ele>
			<time>2020-01-17T08:22:48.68Z</time>
		</trkpt>
		<trkpt lat="34.928178" lon="128.078677">
			<ele>0.00</ele>
			<time>2020-01-17T08:22:49.32Z</time>
		</trkpt>
		<trkpt lat="34.928128" lon="128.078584">
			<ele>0.00</ele>
			<time>2020-01-17T08:22:49.93Z</time>
		</trkpt>
		<trkpt lat="34.928067" lon="128.078476">
			<ele>0.00</ele>
			<time>2020-01-17T08:22:50.65Z</time>
		</trkpt>
		<trkpt lat="34.928028" lon="128.078387">
			<ele>0.00</ele>
			<time>2020-01-17T08:22:51.20Z</time>
		</trkpt>
		<trkpt lat="34.927988" lon="128.078304">
			<ele>0.00</ele>
			<time>2020-01-17T08:22:51.73Z</time>
		</trkpt>
		<trkpt lat="34.927949" lon="128.078232">
			<ele>0.00</ele>
			<time>2020-01-17T08:22:52.20Z</time>
		</trkpt>
		<trkpt lat="34.927885" lon="128.078124">
			<ele>0.00</ele>
			<time>2020-01-17T08:22:52.93Z</time>
		</trkpt>
		<trkpt lat="34.927845" lon="128.078073">
			<ele>0.00</ele>
			<time>2020-01-17T08:22:53.31Z</time>
		</trkpt>
		<trkpt lat="34.927788" lon="128.077980">
			<ele>0.00</ele>
			<time>2020-01-17T08:22:53.95Z</time>
		</trkpt>
		<trkpt lat="34.927744" lon="128.077909">
			<ele>0.00</ele>
			<time>2020-01-17T08:22:54.43Z</time>
		</trkpt>
		<trkpt lat="34.927703" lon="128.077840">
			<ele>0.00</ele>
			<time>2020-01-17T08:22:54.90Z</time>
		</trkpt>
		<trkpt lat="34.927671" lon="128.077761">
			<ele>0.00</ele>
			<time>2020-01-17T08:22:55.38Z</time>
		</trkpt>
		<trkpt lat="34.927619" lon="128.077666">
			<ele>0.00</ele>
			<time>2020-01-17T08:22:56.01Z</time>
		</trkpt>
		<trkpt lat="34.927578" lon="128.077593">
			<ele>0.00</ele>
			<time>2020-01-17T08:22:56.49Z</time>
		</trkpt>
		<trkpt lat="34.927539" lon="128.077508">
			<ele>0.00</ele>
			<time>2020-01-17T08:22:57.02Z</time>
		</trkpt>
		<trkpt lat="34.927508" lon="128.077411">
			<ele>0.00</ele>
			<time>2020-01-17T08:22:57.59Z</time>
		</trkpt>
		<trkpt lat="34.927470" lon="128.077335">
			<ele>0.00</ele>
			<time>2020-01-17T08:22:58.08Z</time>
		</trkpt>
		<trkpt lat="34.927427" lon="128.077259">
			<ele>0.00</ele>
			<time>2020-01-17T08:22:58.58Z</time>
		</trkpt>
		<trkpt lat="34.927384" lon="128.077182">
			<ele>0.00</ele>
			<time>2020-01-17T08:22:59.09Z</time>
		</trkpt>
		<trkpt lat="34.927357" lon="128.077124">
			<ele>0.00</ele>
			<time>2020-01-17T08:22:59.46Z</time>
		</trkpt>
		<trkpt lat="34.927310" lon="128.077042">
			<ele>0.00</ele>
			<time>2020-01-17T08:23:00Z</time>
		</trkpt>
		<trkpt lat="34.927269" lon="128.076955">
			<ele>0.00</ele>
			<time>2020-01-17T08:23:00.55Z</time>
		</trkpt>
		<trkpt lat="34.927231" lon="128.076891">
			<ele>0.00</ele>
			<time>2020-01-17T08:23:00.98Z</time>
		</trkpt>
		<trkpt lat="34.927212" lon="128.076860">
			<ele>0.00</ele>
			<time>2020-01-17T08:23:01.20Z</time>
		</trkpt>
		<trkpt lat="34.927175" lon="128.076802">
			<ele>0.00</ele>
			<time>2020-01-17T08:23:01.60Z</time>
		</trkpt>
		<trkpt lat="34.927146" lon="128.076749">
			<ele>0.00</ele>
			<time>2020-01-17T08:23:01.94Z</time>
		</trkpt>
		<trkpt lat="34.927111" lon="128.076726">
			<ele>0.00</ele>
			<time>2020-01-17T08:23:02.21Z</time>
		</trkpt>
		<trkpt lat="34.927029" lon="128.076714">
			<ele>0.00</ele>
			<time>2020-01-17T08:23:02.76Z</time>
		</trkpt>
		<trkpt lat="34.926971" lon="128.076700">
			<ele>0.00</ele>
			<time>2020-01-17T08:23:03.15Z</time>
		</trkpt>
		<trkpt lat="34.926920" lon="128.076688">
			<ele>0.00</ele>
			<time>2020-01-17T08:23:03.50Z</time>
		</trkpt>
		<trkpt lat="34.926862" lon="128.076664">
			<ele>0.00</ele>
			<time>2020-01-17T08:23:03.91Z</time>
		</trkpt>
		<trkpt lat="34.926815" lon="128.076642">
			<ele>0.00</ele>
			<time>2020-01-17T08:23:04.24Z</time>
		</trkpt>
		<trkpt lat="34.926769" lon="128.076626">
			<ele>0.00</ele>
			<time>2020-01-17T08:23:04.57Z</time>
		</trkpt>
		<trkpt lat="34.926701" lon="128.076595">
			<ele>0.00</ele>
			<time>2020-01-17T08:23:05.05Z</time>
		</trkpt>
		<trkpt lat="34.926661" lon="128.076580">
			<ele>0.00</ele>
			<time>2020-01-17T08:23:05.32Z</time>
		</trkpt>
		<trkpt lat="34.926624" lon="128.076538">
			<ele>0.00</ele>
			<time>2020-01-17T08:23:05.66Z</time>
		</trkpt>
		<trkpt lat="34.926588" lon="128.076499">
			<ele>0.00</ele>
			<time>2020-01-17T08:23:05.98Z</time>
		</trkpt>
		<trkpt lat="34.926541" lon="128.076476">
			<ele>0.00</ele>
			<time>2020-01-17T08:23:06.32Z</time>
		</trkpt>
		<trkpt lat="34.926541" lon="128.076476">
			<ele>0.00</ele>
			<time>2020-01-17T08:23:06.38Z</time>
		</trkpt>
		<trkpt lat="34.926495" lon="128.076457">
			<ele>0.00</ele>
			<time>2020-01-17T08:23:06.70Z</time>
		</trkpt>
		<trkpt lat="34.926434" lon="128.076433">
			<ele>0.00</ele>
			<time>2020-01-17T08:23:07.13Z</time>
		</trkpt>
		<trkpt lat="34.926378" lon="128.076415">
			<ele>0.00</ele>
			<time>2020-01-17T08:23:07.51Z</time>
		</trkpt>
		<trkpt lat="34.926324" lon="128.076395">
			<ele>0.00</ele>
			<time>2020-01-17T08:23:07.89Z</time>
		</trkpt>
		<trkpt lat="34.926257" lon="128.076373">
			<ele>0.00</ele>
			<time>2020-01-17T08:23:08.35Z</time>
		</trkpt>
		<trkpt lat="34.926203" lon="128.076356">
			<ele>0.00</ele>
			<time>2020-01-17T08:23:08.72Z</time>
		</trkpt>
		<trkpt lat="34.926155" lon="128.076367">
			<ele>0.00</ele>
			<time>2020-01-17T08:23:09.05Z</time>
		</trkpt>
		<trkpt lat="34.926106" lon="128.076352">
			<ele>0.00</ele>
			<time>2020-01-17T08:23:09.39Z</time>
		</trkpt>
		<trkpt lat="34.926042" lon="128.076320">
			<ele>0.00</ele>
			<time>2020-01-17T08:23:09.85Z</time>
		</trkpt>
		<trkpt lat="34.925990" lon="128.076304">
			<ele>0.00</ele>
			<time>2020-01-17T08:23:10.21Z</time>
		</trkpt>
		<trkpt lat="34.925936" lon="128.076290">
			<ele>0.00</ele>
			<time>2020-01-17T08:23:10.57Z</time>
		</trkpt>
		<trkpt lat="34.925898" lon="128.076265">
			<ele>0.00</ele>
			<time>2020-01-17T08:23:10.86Z</time>
		</trkpt>
		<trkpt lat="34.925887" lon="128.076216">
			<ele>0.00</ele>
			<time>2020-01-17T08:23:11.14Z</time>
		</trkpt>
		<trkpt lat="34.925838" lon="128.076191">
			<ele>0.00</ele>
			<time>2020-01-17T08:23:11.50Z</time>
		</trkpt>
		<trkpt lat="34.925804" lon="128.076217">
			<ele>0.00</ele>
			<time>2020-01-17T08:23:11.76Z</time>
		</trkpt>
		<trkpt lat="34.925764" lon="128.076241">
			<ele>0.00</ele>
			<time>2020-01-17T08:23:12.06Z</time>
		</trkpt>
		<trkpt lat="34.925702" lon="128.076210">
			<ele>0.00</ele>
			<time>2020-01-17T08:23:12.51Z</time>
		</trkpt>
		<trkpt lat="34.925644" lon="128.076192">
			<ele>0.00</ele>
			<time>2020-01-17T08:23:12.91Z</time>
		</trkpt>
		<trkpt lat="34.925576" lon="128.076169">
			<ele>0.00</ele>
			<time>2020-01-17T08:23:13.38Z</time>
		</trkpt>
		<trkpt lat="34.925522" lon="128.076151">
			<ele>0.00</ele>
			<time>2020-01-17T08:23:13.75Z</time>
		</trkpt>
		<trkpt lat="34.925467" lon="128.076134">
			<ele>0.00</ele>
			<time>2020-01-17T08:23:14.13Z</time>
		</trkpt>
		<trkpt lat="34.925424" lon="128.076119">
			<ele>0.00</ele>
			<time>2020-01-17T08:23:14.43Z</time>
		</trkpt>
		<trkpt lat="34.925365" lon="128.076103">
			<ele>0.00</ele>
			<time>2020-01-17T08:23:14.83Z</time>
		</trkpt>
		<trkpt lat="34.925315" lon="128.076088">
			<ele>0.00</ele>
			<time>2020-01-17T08:23:15.18Z</time>
		</trkpt>
		<trkpt lat="34.925274" lon="128.076070">
			<ele>0.00</ele>
			<time>2020-01-17T08:23:15.47Z</time>
		</trkpt>
		<trkpt lat="34.925215" lon="128.076041">
			<ele>0.00</ele>
			<time>2020-01-17T08:23:15.89Z</time>
		</trkpt>
		<trkpt lat="34.925155" lon="128.076024">
			<ele>0.00</ele>
			<time>2020-01-17T08:23:16.30Z</time>
		</trkpt>
		<trkpt lat="34.925109" lon="128.076001">
			<ele>0.00</ele>
			<time>2020-01-17T08:23:16.63Z</time>
		</trkpt>
		<trkpt lat="34.925059" lon="128.075977">
			<ele>0.00</ele>
			<time>2020-01-17T08:23:16.99Z</time>
		</trkpt>
		<trkpt lat="34.925002" lon="128.075959">
			<ele>0.00</ele>
			<time>2020-01-17T08:23:17.38Z</time>
		</trkpt>
		<trkpt lat="34.924950" lon="128.075938">
			<ele>0.00</ele>
			<time>2020-01-17T08:23:17.75Z</time>
		</trkpt>
		<trkpt lat="34.924893" lon="128.075914">
			<ele>0.00</ele>
			<time>2020-01-17T08:23:18.15Z</time>
		</trkpt>
		<trkpt lat="34.924854" lon="128.075901">
			<ele>0.00</ele>
			<time>2020-01-17T08:23:18.42Z</time>
		</trkpt>
		<trkpt lat="34.924800" lon="128.075877">
			<ele>0.00</ele>
			<time>2020-01-17T08:23:18.80Z</time>
		</trkpt>
		<trkpt lat="34.924731" lon="128.075859">
			<ele>0.00</ele>
			<time>2020-01-17T08:23:19.27Z</time>
		</trkpt>
		<trkpt lat="34.924678" lon="128.075842">
			<ele>0.00</ele>
			<time>2020-01-17T08:23:19.64Z</time>
		</trkpt>
		<trkpt lat="34.924626" lon="128.075828">
			<ele>0.00</ele>
			<time>2020-01-17T08:23:19.99Z</time>
		</trkpt>
		<trkpt lat="34.924584" lon="128.075812">
			<ele>0.00</ele>
			<time>2020-01-17T08:23:20.29Z</time>
		</trkpt>
		<trkpt lat="34.924526" lon="128.075795">
			<ele>0.00</ele>
			<time>2020-01-17T08:23:20.68Z</time>
		</trkpt>
		<trkpt lat="34.924472" lon="128.075771">
			<ele>0.00</ele>
			<time>2020-01-17T08:23:21.07Z</time>
		</trkpt>
		<trkpt lat="34.924410" lon="128.075746">
			<ele>0.00</ele>
			<time>2020-01-17T08:23:21.51Z</time>
		</trkpt>
		<trkpt lat="34.924338" lon="128.075727">
			<ele>0.00</ele>
			<time>2020-01-17T08:23:21.99Z</time>
		</trkpt>
		<trkpt lat="34.924279" lon="128.075703">
			<ele>0.00</ele>
			<time>2020-01-17T08:23:22.41Z</time>
		</trkpt>
		<trkpt lat="34.924220" lon="128.075677">
			<ele>0.00</ele>
			<time>2020-01-17T08:23:22.83Z</time>
		</trkpt>
		<trkpt lat="34.924164" lon="128.075656">
			<ele>0.00</ele>
			<time>2020-01-17T08:23:23.22Z</time>
		</trkpt>
		<trkpt lat="34.924106" lon="128.075638">
			<ele>0.00</ele>
			<time>2020-01-17T08:23:23.61Z</time>
		</trkpt>
		<trkpt lat="34.924057" lon="128.075616">
			<ele>0.00</ele>
			<time>2020-01-17T08:23:23.96Z</time>
		</trkpt>
		<trkpt lat="34.924027" lon="128.075603">
			<ele>0.00</ele>
			<time>2020-01-17T08:23:24.17Z</time>
		</trkpt>
		<trkpt lat="34.923993" lon="128.075550">
			<ele>0.00</ele>
			<time>2020-01-17T08:23:24.54Z</time>
		</trkpt>
		<trkpt lat="34.923981" lon="128.075461">
			<ele>0.00</ele>
			<time>2020-01-17T08:23:25.04Z</time>
		</trkpt>
		<trkpt lat="34.923978" lon="128.075395">
			<ele>0.00</ele>
			<time>2020-01-17T08:23:25.40Z</time>
		</trkpt>
		<trkpt lat="34.923977" lon="128.075320">
			<ele>0.00</ele>
			<time>2020-01-17T08:23:25.81Z</time>
		</trkpt>
		<trkpt lat="34.923971" lon="128.075250">
			<ele>0.00</ele>
			<time>2020-01-17T08:23:26.20Z</time>
		</trkpt>
		<trkpt lat="34.923967" lon="128.075174">
			<ele>0.00</ele>
			<time>2020-01-17T08:23:26.61Z</time>
		</trkpt>
		<trkpt lat="34.923966" lon="128.075124">
			<ele>0.00</ele>
			<time>2020-01-17T08:23:26.88Z</time>
		</trkpt>
		<trkpt lat="34.923963" lon="128.075042">
			<ele>0.00</ele>
			<time>2020-01-17T08:23:27.33Z</time>
		</trkpt>
		<trkpt lat="34.923953" lon="128.075001">
			<ele>0.00</ele>
			<time>2020-01-17T08:23:27.56Z</time>
		</trkpt>
		<trkpt lat="34.923899" lon="128.074971">
			<ele>0.00</ele>
			<time>2020-01-17T08:23:27.96Z</time>
		</trkpt>
		<trkpt lat="34.923827" lon="128.074944">
			<ele>0.00</ele>
			<time>2020-01-17T08:23:28.46Z</time>
		</trkpt>
		<trkpt lat="34.923775" lon="128.074935">
			<ele>0.00</ele>
			<time>2020-01-17T08:23:28.81Z</time>
		</trkpt>
		<trkpt lat="34.923726" lon="128.074928">
			<ele>0.00</ele>
			<time>2020-01-17T08:23:29.14Z</time>
		</trkpt>
		<trkpt lat="34.923664" lon="128.074921">
			<ele>0.00</ele>
			<time>2020-01-17T08:23:29.56Z</time>
		</trkpt>
		<trkpt lat="34.923595" lon="128.074923">
			<ele>0.00</ele>
			<time>2020-01-17T08:23:30.02Z</time>
		</trkpt>
		<trkpt lat="34.923528" lon="128.074924">
			<ele>0.00</ele>
			<time>2020-01-17T08:23:30.47Z</time>
		</trkpt>
		<trkpt lat="34.923488" lon="128.074895">
			<ele>0.00</ele>
			<time>2020-01-17T08:23:30.78Z</time>
		</trkpt>
		<trkpt lat="34.923460" lon="128.074871">
			<ele>0.00</ele>
			<time>2020-01-17T08:23:31Z</time>
		</trkpt>
		<trkpt lat="34.923453" lon="128.074822">
			<ele>0.00</ele>
			<time>2020-01-17T08:23:31.27Z</time>
		</trkpt>
		<trkpt lat="34.923448" lon="128.074735">
			<ele>0.00</ele>
			<time>2020-01-17T08:23:31.75Z</time>
		</trkpt>
		<trkpt lat="34.923430" lon="128.074679">
			<ele>0.00</ele>
			<time>2020-01-17T08:23:32.08Z</time>
		</trkpt>
		<trkpt lat="34.923379" lon="128.074624">
			<ele>0.00</ele>
			<time>2020-01-17T08:23:32.53Z</time>
		</trkpt>
		<trkpt lat="34.923316" lon="128.074572">
			<ele>0.00</ele>
			<time>2020-01-17T08:23:33.04Z</time>
		</trkpt>
		<trkpt lat="34.923271" lon="128.074526">
			<ele>0.00</ele>
			<time>2020-01-17T08:23:33.43Z</time>
		</trkpt>
		<trkpt lat="34.923221" lon="128.074484">
			<ele>0.00</ele>
			<time>2020-01-17T08:23:33.83Z</time>
		</trkpt>
		<trkpt lat="34.923171" lon="128.074445">
			<ele>0.00</ele>
			<time>2020-01-17T08:23:34.23Z</time>
		</trkpt>
		<trkpt lat="34.923118" lon="128.074371">
			<ele>0.00</ele>
			<time>2020-01-17T08:23:34.77Z</time>
		</trkpt>
		<trkpt lat="34.923076" lon="128.074332">
			<ele>0.00</ele>
			<time>2020-01-17T08:23:35.12Z</time>
		</trkpt>
		<trkpt lat="34.923030" lon="128.074278">
			<ele>0.00</ele>
			<time>2020-01-17T08:23:35.54Z</time>
		</trkpt>
		<trkpt lat="34.922990" lon="128.074218">
			<ele>0.00</ele>
			<time>2020-01-17T08:23:35.97Z</time>
		</trkpt>
		<trkpt lat="34.922955" lon="128.074158">
			<ele>0.00</ele>
			<time>2020-01-17T08:23:36.37Z</time>
		</trkpt>
		<trkpt lat="34.922922" lon="128.074086">
			<ele>0.00</ele>
			<time>2020-01-17T08:23:36.82Z</time>
		</trkpt>
		<trkpt lat="34.922920" lon="128.074081">
			<ele>0.00</ele>
			<time>2020-01-17T08:23:36.88Z</time>
		</trkpt>
		<trkpt lat="34.922893" lon="128.074022">
			<ele>0.00</ele>
			<time>2020-01-17T08:23:37.25Z</time>
		</trkpt>
		<trkpt lat="34.922849" lon="128.073954">
			<ele>0.00</ele>
			<time>2020-01-17T08:23:37.73Z</time>
		</trkpt>
		<trkpt lat="34.922892" lon="128.073955">
			<ele>0.00</ele>
			<time>2020-01-17T08:23:38.01Z</time>
		</trkpt>
		<trkpt lat="34.922933" lon="128.073958">
			<ele>0.00</ele>
			<time>2020-01-17T08:23:38.29Z</time>
		</trkpt>
		<trkpt lat="34.922985" lon="128.073961">
			<ele>0.00</ele>
			<time>2020-01-17T08:23:38.63Z</time>
		</trkpt>
		<trkpt lat="34.923014" lon="128.074003">
			<ele>0.00</ele>
			<time>2020-01-17T08:23:38.94Z</time>
		</trkpt>
		<trkpt lat="34.923057" lon="128.074050">
			<ele>0.00</ele>
			<time>2020-01-17T08:23:39.32Z</time>
		</trkpt>
		<trkpt lat="34.923100" lon="128.074093">
			<ele>0.00</ele>
			<time>2020-01-17T08:23:39.69Z</time>
		</trkpt>
		<trkpt lat="34.923138" lon="128.074136">
			<ele>0.00</ele>
			<time>2020-01-17T08:23:40.03Z</time>
		</trkpt>
		<trkpt lat="34.923177" lon="128.074176">
			<ele>0.00</ele>
			<time>2020-01-17T08:23:40.38Z</time>
		</trkpt>
		<trkpt lat="34.923217" lon="128.074219">
			<ele>0.00</ele>
			<time>2020-01-17T08:23:40.73Z</time>
		</trkpt>
		<trkpt lat="34.923255" lon="128.074249">
			<ele>0.00</ele>
			<time>2020-01-17T08:23:41.03Z</time>
		</trkpt>
		<trkpt lat="34.923303" lon="128.074289">
			<ele>0.00</ele>
			<time>2020-01-17T08:23:41.42Z</time>
		</trkpt>
		<trkpt lat="34.923347" lon="128.074313">
			<ele>0.00</ele>
			<time>2020-01-17T08:23:41.74Z</time>
		</trkpt>
		<trkpt lat="34.923405" lon="128.074337">
			<ele>0.00</ele>
			<time>2020-01-17T08:23:42.15Z</time>
		</trkpt>
		<trkpt lat="34.923466" lon="128.074376">
			<ele>0.00</ele>
			<time>2020-01-17T08:23:42.61Z</time>
		</trkpt>
		<trkpt lat="34.923541" lon="128.074397">
			<ele>0.00</ele>
			<time>2020-01-17T08:23:43.12Z</time>
		</trkpt>
		<trkpt lat="34.923594" lon="128.074404">
			<ele>0.00</ele>
			<time>2020-01-17T08:23:43.48Z</time>
		</trkpt>
		<trkpt lat="34.923641" lon="128.074405">
			<ele>0.00</ele>
			<time>2020-01-17T08:23:43.79Z</time>
		</trkpt>
		<trkpt lat="34.923695" lon="128.074411">
			<ele>0.00</ele>
			<time>2020-01-17T08:23:44.15Z</time>
		</trkpt>
		<trkpt lat="34.923757" lon="128.074416">
			<ele>0.00</ele>
			<time>2020-01-17T08:23:44.56Z</time>
		</trkpt>
		<trkpt lat="34.923816" lon="128.074404">
			<ele>0.00</ele>
			<time>2020-01-17T08:23:44.97Z</time>
		</trkpt>
		<trkpt lat="34.923875" lon="128.074381">
			<ele>0.00</ele>
			<time>2020-01-17T08:23:45.38Z</time>
		</trkpt>
		<trkpt lat="34.923927" lon="128.074366">
			<ele>0.00</ele>
			<time>2020-01-17T08:23:45.73Z</time>
		</trkpt>
		<trkpt lat="34.923971" lon="128.074355">
			<ele>0.00</ele>
			<time>2020-01-17T08:23:46.03Z</time>
		</trkpt>
		<trkpt lat="34.924014" lon="128.074325">
			<ele>0.00</ele>
			<time>2020-01-17T08:23:46.37Z</time>
		</trkpt>
		<trkpt lat="34.924069" lon="128.074280">
			<ele>0.00</ele>
			<time>2020-01-17T08:23:46.80Z</time>
		</trkpt>
		<trkpt lat="34.924124" lon="128.074240">
			<ele>0.00</ele>
			<time>2020-01-17T08:23:47.23Z</time>
		</trkpt>
		<trkpt lat="34.924186" lon="128.074207">
			<ele>0.00</ele>
			<time>2020-01-17T08:23:47.68Z</time>
		</trkpt>
		<trkpt lat="34.924236" lon="128.074179">
			<ele>0.00</ele>
			<time>2020-01-17T08:23:48.05Z</time>
		</trkpt>
		<trkpt lat="34.924295" lon="128.074150">
			<ele>0.00</ele>
			<time>2020-01-17T08:23:48.48Z</time>
		</trkpt>
		<trkpt lat="34.924350" lon="128.074123">
			<ele>0.00</ele>
			<time>2020-01-17T08:23:48.87Z</time>
		</trkpt>
		<trkpt lat="34.924402" lon="128.074109">
			<ele>0.00</ele>
			<time>2020-01-17T08:23:49.23Z</time>
		</trkpt>
		<trkpt lat="34.924451" lon="128.074089">
			<ele>0.00</ele>
			<time>2020-01-17T08:23:49.57Z</time>
		</trkpt>
		<trkpt lat="34.924515" lon="128.074075">
			<ele>0.00</ele>
			<time>2020-01-17T08:23:50Z</time>
		</trkpt>
		<trkpt lat="34.924585" lon="128.074076">
			<ele>0.00</ele>
			<time>2020-01-17T08:23:50.47Z</time>
		</trkpt>
		<trkpt lat="34.924647" lon="128.074082">
			<ele>0.00</ele>
			<time>2020-01-17T08:23:50.89Z</time>
		</trkpt>
		<trkpt lat="34.924694" lon="128.074082">
			<ele>0.00</ele>
			<time>2020-01-17T08:23:51.20Z</time>
		</trkpt>
		<trkpt lat="34.924738" lon="128.074095">
			<ele>0.00</ele>
			<time>2020-01-17T08:23:51.50Z</time>
		</trkpt>
		<trkpt lat="34.924792" lon="128.074116">
			<ele>0.00</ele>
			<time>2020-01-17T08:23:51.88Z</time>
		</trkpt>
		<trkpt lat="34.924846" lon="128.074140">
			<ele>0.00</ele>
			<time>2020-01-17T08:23:52.26Z</time>
		</trkpt>
		<trkpt lat="34.924893" lon="128.074172">
			<ele>0.00</ele>
			<time>2020-01-17T08:23:52.62Z</time>
		</trkpt>
		<trkpt lat="34.924943" lon="128.074207">
			<ele>0.00</ele>
			<time>2020-01-17T08:23:53Z</time>
		</trkpt>
		<trkpt lat="34.924988" lon="128.074233">
			<ele>0.00</ele>
			<time>2020-01-17T08:23:53.33Z</time>
		</trkpt>
		<trkpt lat="34.925046" lon="128.074244">
			<ele>0.00</ele>
			<time>2020-01-17T08:23:53.73Z</time>
		</trkpt>
		<trkpt lat="34.925122" lon="128.074270">
			<ele>0.00</ele>
			<time>2020-01-17T08:23:54.26Z</time>
		</trkpt>
		<trkpt lat="34.925186" lon="128.074285">
			<ele>0.00</ele>
			<time>2020-01-17T08:23:54.69Z</time>
		</trkpt>
		<trkpt lat="34.925258" lon="128.074315">
			<ele>0.00</ele>
			<time>2020-01-17T08:23:55.20Z</time>
		</trkpt>
		<trkpt lat="34.925302" lon="128.074346">
			<ele>0.00</ele>
			<time>2020-01-17T08:23:55.53Z</time>
		</trkpt>
		<trkpt lat="34.925361" lon="128.074389">
			<ele>0.00</ele>
			<time>2020-01-17T08:23:55.99Z</time>
		</trkpt>
		<trkpt lat="34.925403" lon="128.074413">
			<ele>0.00</ele>
			<time>2020-01-17T08:23:56.30Z</time>
		</trkpt>
		<trkpt lat="34.925447" lon="128.074455">
			<ele>0.00</ele>
			<time>2020-01-17T08:23:56.68Z</time>
		</trkpt>
		<trkpt lat="34.925508" lon="128.074461">
			<ele>0.00</ele>
			<time>2020-01-17T08:23:57.08Z</time>
		</trkpt>
		<trkpt lat="34.925560" lon="128.074474">
			<ele>0.00</ele>
			<time>2020-01-17T08:23:57.44Z</time>
		</trkpt>
		<trkpt lat="34.925609" lon="128.074495">
			<ele>0.00</ele>
			<time>2020-01-17T08:23:57.78Z</time>
		</trkpt>
		<trkpt lat="34.925629" lon="128.074530">
			<ele>0.00</ele>
			<time>2020-01-17T08:23:58.01Z</time>
		</trkpt>
		<trkpt lat="34.925660" lon="128.074587">
			<ele>0.00</ele>
			<time>2020-01-17T08:23:58.39Z</time>
		</trkpt>
		<trkpt lat="34.925693" lon="128.074623">
			<ele>0.00</ele>
			<time>2020-01-17T08:23:58.69Z</time>
		</trkpt>
		<trkpt lat="34.925744" lon="128.074661">
			<ele>0.00</ele>
			<time>2020-01-17T08:23:59.08Z</time>
		</trkpt>
		<trkpt lat="34.925793" lon="128.074676">
			<ele>0.00</ele>
			<time>2020-01-17T08:23:59.42Z</time>
		</trkpt>
		<trkpt lat="34.925795" lon="128.074677">
			<ele>0.00</ele>
			<time>2020-01-17T08:23:59.48Z</time>
		</trkpt>
		<trkpt lat="34.925858" lon="128.074686">
			<ele>0.00</ele>
			<time>2020-01-17T08:23:59.90Z</time>
		</trkpt>
		<trkpt lat="34.925925" lon="128.074695">
			<ele>0.00</ele>
			<time>2020-01-17T08:24:00.35Z</time>
		</trkpt>
		<trkpt lat="34.925992" lon="128.074688">
			<ele>0.00</ele>
			<time>2020-01-17T08:24:00.80Z</time>
		</trkpt>
		<trkpt lat="34.926037" lon="128.074658">
			<ele>0.00</ele>
			<time>2020-01-17T08:24:01.14Z</time>
		</trkpt>
		<trkpt lat="34.926081" lon="128.074621">
			<ele>0.00</ele>
			<time>2020-01-17T08:24:01.49Z</time>
		</trkpt>
		<trkpt lat="34.926129" lon="128.074585">
			<ele>0.00</ele>
			<time>2020-01-17T08:24:01.87Z</time>
		</trkpt>
		<trkpt lat="34.926148" lon="128.074554">
			<ele>0.00</ele>
			<time>2020-01-17T08:24:02.08Z</time>
		</trkpt>
		<trkpt lat="34.926167" lon="128.074518">
			<ele>0.00</ele>
			<time>2020-01-17T08:24:02.32Z</time>
		</trkpt>
		<trkpt lat="34.926209" lon="128.074437">
			<ele>0.00</ele>
			<time>2020-01-17T08:24:02.84Z</time>
		</trkpt>
		<trkpt lat="34.926223" lon="128.074390">
			<ele>0.00</ele>
			<time>2020-01-17T08:24:03.12Z</time>
		</trkpt>
		<trkpt lat="34.926265" lon="128.074349">
			<ele>0.00</ele>
			<time>2020-01-17T08:24:03.47Z</time>
		</trkpt>
		<trkpt lat="34.926313" lon="128.074321">
			<ele>0.00</ele>
			<time>2020-01-17T08:24:03.83Z</time>
		</trkpt>
		<trkpt lat="34.926357" lon="128.074283">
			<ele>0.00</ele>
			<time>2020-01-17T08:24:04.18Z</time>
		</trkpt>
		<trkpt lat="34.926405" lon="128.074253">
			<ele>0.00</ele>
			<time>2020-01-17T08:24:04.55Z</time>
		</trkpt>
		<trkpt lat="34.926446" lon="128.074225">
			<ele>0.00</ele>
			<time>2020-01-17T08:24:04.86Z</time>
		</trkpt>
		<trkpt lat="34.926486" lon="128.074200">
			<ele>0.00</ele>
			<time>2020-01-17T08:24:05.16Z</time>
		</trkpt>
		<trkpt lat="34.926526" lon="128.074158">
			<ele>0.00</ele>
			<time>2020-01-17T08:24:05.51Z</time>
		</trkpt>
		<trkpt lat="34.926562" lon="128.074110">
			<ele>0.00</ele>
			<time>2020-01-17T08:24:05.87Z</time>
		</trkpt>
		<trkpt lat="34.926584" lon="128.074049">
			<ele>0.00</ele>
			<time>2020-01-17T08:24:06.23Z</time>
		</trkpt>
		<trkpt lat="34.926599" lon="128.073986">
			<ele>0.00</ele>
			<time>2020-01-17T08:24:06.59Z</time>
		</trkpt>
		<trkpt lat="34.926614" lon="128.073922">
			<ele>0.00</ele>
			<time>2020-01-17T08:24:06.95Z</time>
		</trkpt>
		<trkpt lat="34.926630" lon="128.073868">
			<ele>0.00</ele>
			<time>2020-01-17T08:24:07.27Z</time>
		</trkpt>
		<trkpt lat="34.926655" lon="128.073814">
			<ele>0.00</ele>
			<time>2020-01-17T08:24:07.61Z</time>
		</trkpt>
		<trkpt lat="34.926677" lon="128.073776">
			<ele>0.00</ele>
			<time>2020-01-17T08:24:07.86Z</time>
		</trkpt>
		<trkpt lat="34.926720" lon="128.073736">
			<ele>0.00</ele>
			<time>2020-01-17T08:24:08.22Z</time>
		</trkpt>
		<trkpt lat="34.926773" lon="128.073690">
			<ele>0.00</ele>
			<time>2020-01-17T08:24:08.66Z</time>
		</trkpt>
		<trkpt lat="34.926820" lon="128.073654">
			<ele>0.00</ele>
			<time>2020-01-17T08:24:09.03Z</time>
		</trkpt>
		<trkpt lat="34.926872" lon="128.073620">
			<ele>0.00</ele>
			<time>2020-01-17T08:24:09.42Z</time>
		</trkpt>
		<trkpt lat="34.926920" lon="128.073588">
			<ele>0.00</ele>
			<time>2020-01-17T08:24:09.79Z</time>
		</trkpt>
		<trkpt lat="34.926959" lon="128.073555">
			<ele>0.00</ele>
			<time>2020-01-17T08:24:10.10Z</time>
		</trkpt>
		<trkpt lat="34.927007" lon="128.073517">
			<ele>0.00</ele>
			<time>2020-01-17T08:24:10.48Z</time>
		</trkpt>
		<trkpt lat="34.927035" lon="128.073494">
			<ele>0.00</ele>
			<time>2020-01-17T08:24:10.71Z</time>
		</trkpt>
		<trkpt lat="34.927072" lon="128.073467">
			<ele>0.00</ele>
			<time>2020-01-17T08:24:11Z</time>
		</trkpt>
		<trkpt lat="34.927118" lon="128.073431">
			<ele>0.00</ele>
			<time>2020-01-17T08:24:11.36Z</time>
		</trkpt>
		<trkpt lat="34.927161" lon="128.073398">
			<ele>0.00</ele>
			<time>2020-01-17T08:24:11.70Z</time>
		</trkpt>
		<trkpt lat="34.927114" lon="128.073316">
			<ele>0.00</ele>
			<time>2020-01-17T08:24:12.25Z</time>
		</trkpt>
		<trkpt lat="34.927069" lon="128.073240">
			<ele>0.00</ele>
			<time>2020-01-17T08:24:12.76Z</time>
		</trkpt>
		<trkpt lat="34.927027" lon="128.073177">
			<ele>0.00</ele>
			<time>2020-01-17T08:24:13.21Z</time>
		</trkpt>
		<trkpt lat="34.926994" lon="128.073108">
			<ele>0.00</ele>
			<time>2020-01-17T08:24:13.64Z</time>
		</trkpt>
		<trkpt lat="34.926952" lon="128.073029">
			<ele>0.00</ele>
			<time>2020-01-17T08:24:14.16Z</time>
		</trkpt>
		<trkpt lat="34.926903" lon="128.072947">
			<ele>0.00</ele>
			<time>2020-01-17T08:24:14.71Z</time>
		</trkpt>
		<trkpt lat="34.926862" lon="128.072876">
			<ele>0.00</ele>
			<time>2020-01-17T08:24:15.19Z</time>
		</trkpt>
		<trkpt lat="34.926823" lon="128.072810">
			<ele>0.00</ele>
			<time>2020-01-17T08:24:15.63Z</time>
		</trkpt>
		<trkpt lat="34.926812" lon="128.072776">
			<ele>0.00</ele>
			<time>2020-01-17T08:24:15.83Z</time>
		</trkpt>
		<trkpt lat="34.926852" lon="128.072734">
			<ele>0.00</ele>
			<time>2020-01-17T08:24:16.19Z</time>
		</trkpt>
		<trkpt lat="34.926915" lon="128.072688">
			<ele>0.00</ele>
			<time>2020-01-17T08:24:16.67Z</time>
		</trkpt>
		<trkpt lat="34.926980" lon="128.072645">
			<ele>0.00</ele>
			<time>2020-01-17T08:24:17.17Z</time>
		</trkpt>
		<trkpt lat="34.927041" lon="128.072601">
			<ele>0.00</ele>
			<time>2020-01-17T08:24:17.64Z</time>
		</trkpt>
		<trkpt lat="34.927113" lon="128.072540">
			<ele>0.00</ele>
			<time>2020-01-17T08:24:18.22Z</time>
		</trkpt>
		<trkpt lat="34.927165" lon="128.072492">
			<ele>0.00</ele>
			<time>2020-01-17T08:24:18.66Z</time>
		</trkpt>
		<trkpt lat="34.927222" lon="128.072452">
			<ele>0.00</ele>
			<time>2020-01-17T08:24:19.10Z</time>
		</trkpt>
		<trkpt lat="34.927280" lon="128.072403">
			<ele>0.00</ele>
			<time>2020-01-17T08:24:19.57Z</time>
		</trkpt>
		<trkpt lat="34.927341" lon="128.072339">
			<ele>0.00</ele>
			<time>2020-01-17T08:24:20.11Z</time>
		</trkpt>
		<trkpt lat="34.927385" lon="128.072290">
			<ele>0.00</ele>
			<time>2020-01-17T08:24:20.50Z</time>
		</trkpt>
		<trkpt lat="34.927449" lon="128.072240">
			<ele>0.00</ele>
			<time>2020-01-17T08:24:21Z</time>
		</trkpt>
		<trkpt lat="34.927491" lon="128.072193">
			<ele>0.00</ele>
			<time>2020-01-17T08:24:21.38Z</time>
		</trkpt>
		<trkpt lat="34.927516" lon="128.072154">
			<ele>0.00</ele>
			<time>2020-01-17T08:24:21.66Z</time>
		</trkpt>
		<trkpt lat="34.927539" lon="128.072100">
			<ele>0.00</ele>
			<time>2020-01-17T08:24:21.99Z</time>
		</trkpt>
		<trkpt lat="34.927539" lon="128.072009">
			<ele>0.00</ele>
			<time>2020-01-17T08:24:22.49Z</time>
		</trkpt>
		<trkpt lat="34.927538" lon="128.071912">
			<ele>0.00</ele>
			<time>2020-01-17T08:24:23.02Z</time>
		</trkpt>
		<trkpt lat="34.927533" lon="128.071817">
			<ele>0.00</ele>
			<time>2020-01-17T08:24:23.54Z</time>
		</trkpt>
		<trkpt lat="34.927530" lon="128.071740">
			<ele>0.00</ele>
			<time>2020-01-17T08:24:23.96Z</time>
		</trkpt>
		<trkpt lat="34.927532" lon="128.071614">
			<ele>0.00</ele>
			<time>2020-01-17T08:24:24.65Z</time>
		</trkpt>
		<trkpt lat="34.927529" lon="128.071519">
			<ele>0.00</ele>
			<time>2020-01-17T08:24:25.17Z</time>
		</trkpt>
		<trkpt lat="34.927528" lon="128.071408">
			<ele>0.00</ele>
			<time>2020-01-17T08:24:25.78Z</time>
		</trkpt>
		<trkpt lat="34.927523" lon="128.071306">
			<ele>0.00</ele>
			<time>2020-01-17T08:24:26.33Z</time>
		</trkpt>
		<trkpt lat="34.927523" lon="128.071304">
			<ele>0.00</ele>
			<time>2020-01-17T08:24:26.39Z</time>
		</trkpt>
		<trkpt lat="34.927516" lon="128.071198">
			<ele>0.00</ele>
			<time>2020-01-17T08:24:26.98Z</time>
		</trkpt>
		<trkpt lat="34.927513" lon="128.071121">
			<ele>0.00</ele>
			<time>2020-01-17T08:24:27.40Z</time>
		</trkpt>
		<trkpt lat="34.927512" lon="128.071016">
			<ele>0.00</ele>
			<time>2020-01-17T08:24:27.97Z</time>
		</trkpt>
		<trkpt lat="34.927509" lon="128.070929">
			<ele>0.00</ele>
			<time>2020-01-17T08:24:28.45Z</time>
		</trkpt>
		<trkpt lat="34.927510" lon="128.070834">
			<ele>0.00</ele>
			<time>2020-01-17T08:24:28.97Z</time>
		</trkpt>
		<trkpt lat="34.927507" lon="128.070754">
			<ele>0.00</ele>
			<time>2020-01-17T08:24:29.41Z</time>
		</trkpt>
		<trkpt lat="34.927507" lon="128.070669">
			<ele>0.00</ele>
			<time>2020-01-17T08:24:29.87Z</time>
		</trkpt>
		<trkpt lat="34.927505" lon="128.070582">
			<ele>0.00</ele>
			<time>2020-01-17T08:24:30.35Z</time>
		</trkpt>
		<trkpt lat="34.927505" lon="128.070497">
			<ele>0.00</ele>
			<time>2020-01-17T08:24:30.81Z</time>
		</trkpt>
		<trkpt lat="34.927498" lon="128.070400">
			<ele>0.00</ele>
			<time>2020-01-17T08:24:31.35Z</time>
		</trkpt>
		<trkpt lat="34.927496" lon="128.070308">
			<ele>0.00</ele>
			<time>2020-01-17T08:24:31.85Z</time>
		</trkpt>
		<trkpt lat="34.927495" lon="128.070226">
			<ele>0.00</ele>
			<time>2020-01-17T08:24:32.30Z</time>
		</trkpt>
		<trkpt lat="34.927495" lon="128.070136">
			<ele>0.00</ele>
			<time>2020-01-17T08:24:32.79Z</time>
		</trkpt>
		<trkpt lat="34.927488" lon="128.070041">
			<ele>0.00</ele>
			<time>2020-01-17T08:24:33.31Z</time>
		</trkpt>
		<trkpt lat="34.927474" lon="128.069972">
			<ele>0.00</ele>
			<time>2020-01-17T08:24:33.70Z</time>
		</trkpt>
		<trkpt lat="34.927414" lon="128.069902">
			<ele>0.00</ele>
			<time>2020-01-17T08:24:34.25Z</time>
		</trkpt>
		<trkpt lat="34.927368" lon="128.069881">
			<ele>0.00</ele>
			<time>2020-01-17T08:24:34.58Z</time>
		</trkpt>
		<trkpt lat="34.927297" lon="128.069830">
			<ele>0.00</ele>
			<time>2020-01-17T08:24:35.13Z</time>
		</trkpt>
		<trkpt lat="34.927231" lon="128.069789">
			<ele>0.00</ele>
			<time>2020-01-17T08:24:35.62Z</time>
		</trkpt>
		<trkpt lat="34.927171" lon="128.069764">
			<ele>0.00</ele>
			<time>2020-01-17T08:24:36.04Z</time>
		</trkpt>
		<trkpt lat="34.927113" lon="128.069729">
			<ele>0.00</ele>
			<time>2020-01-17T08:24:36.48Z</time>
		</trkpt>
		<trkpt lat="34.927048" lon="128.069681">
			<ele>0.00</ele>
			<time>2020-01-17T08:24:36.98Z</time>
		</trkpt>
		<trkpt lat="34.926975" lon="128.069640">
			<ele>0.00</ele>
			<time>2020-01-17T08:24:37.52Z</time>
		</trkpt>
		<trkpt lat="34.926895" lon="128.069595">
			<ele>0.00</ele>
			<time>2020-01-17T08:24:38.11Z</time>
		</trkpt>
		<trkpt lat="34.926893" lon="128.069593">
			<ele>0.00</ele>
			<time>2020-01-17T08:24:38.17Z</time>
		</trkpt>
		<trkpt lat="34.926820" lon="128.069558">
			<ele>0.00</ele>
			<time>2020-01-17T08:24:38.69Z</time>
		</trkpt>
		<trkpt lat="34.926754" lon="128.069523">
			<ele>0.00</ele>
			<time>2020-01-17T08:24:39.17Z</time>
		</trkpt>
		<trkpt lat="34.926800" lon="128.069379">
			<ele>0.00</ele>
			<time>2020-01-17T08:24:40.02Z</time>
		</trkpt>
		<trkpt lat="34.926835" lon="128.069256">
			<ele>0.00</ele>
			<time>2020-01-17T08:24:40.73Z</time>
		</trkpt>
		<trkpt lat="34.926873" lon="128.069141">
			<ele>0.00</ele>
			<time>2020-01-17T08:24:41.41Z</time>
		</trkpt>
		<trkpt lat="34.926899" lon="128.069041">
			<ele>0.00</ele>
			<time>2020-01-17T08:24:41.98Z</time>
		</trkpt>
		<trkpt lat="34.926944" lon="128.068934">
			<ele>0.00</ele>
			<time>2020-01-17T08:24:42.64Z</time>
		</trkpt>
		<trkpt lat="34.926978" lon="128.068841">
			<ele>0.00</ele>
			<time>2020-01-17T08:24:43.19Z</time>
		</trkpt>
		<trkpt lat="34.927009" lon="128.068740">
			<ele>0.00</ele>
			<time>2020-01-17T08:24:43.79Z</time>
		</trkpt>
		<trkpt lat="34.927049" lon="128.068621">
			<ele>0.00</ele>
			<time>2020-01-17T08:24:44.49Z</time>
		</trkpt>
		<trkpt lat="34.927073" lon="128.068531">
			<ele>0.00</ele>
			<time>2020-01-17T08:24:45Z</time>
		</trkpt>
		<trkpt lat="34.927103" lon="128.068442">
			<ele>0.00</ele>
			<time>2020-01-17T08:24:45.53Z</time>
		</trkpt>
		<trkpt lat="34.927135" lon="128.068331">
			<ele>0.00</ele>
			<time>2020-01-17T08:24:46.17Z</time>
		</trkpt>
		<trkpt lat="34.927166" lon="128.068226">
			<ele>0.00</ele>
			<time>2020-01-17T08:24:46.79Z</time>
		</trkpt>
		<trkpt lat="34.927207" lon="128.068103">
			<ele>0.00</ele>
			<time>2020-01-17T08:24:47.51Z</time>
		</trkpt>
		<trkpt lat="34.927251" lon="128.067978">
			<ele>0.00</ele>
			<time>2020-01-17T08:24:48.25Z</time>
		</trkpt>
		<trkpt lat="34.927277" lon="128.067900">
			<ele>0.00</ele>
			<time>2020-01-17T08:24:48.72Z</time>
		</trkpt>
		<trkpt lat="34.927293" lon="128.067829">
			<ele>0.00</ele>
			<time>2020-01-17T08:24:49.12Z</time>
		</trkpt>
		<trkpt lat="34.927263" lon="128.067733">
			<ele>0.00</ele>
			<time>2020-01-17T08:24:49.68Z</time>
		</trkpt>
		<trkpt lat="34.927242" lon="128.067645">
			<ele>0.00</ele>
			<time>2020-01-17T08:24:50.18Z</time>
		</trkpt>
		<trkpt lat="34.927227" lon="128.067559">
			<ele>0.00</ele>
			<time>2020-01-17T08:24:50.66Z</time>
		</trkpt>
		<trkpt lat="34.927200" lon="128.067455">
			<ele>0.00</ele>
			<time>2020-01-17T08:24:51.26Z</time>
		</trkpt>
		<trkpt lat="34.927159" lon="128.067350">
			<ele>0.00</ele>
			<time>2020-01-17T08:24:51.89Z</time>
		</trkpt>
		<trkpt lat="34.927122" lon="128.067301">
			<ele>0.00</ele>
			<time>2020-01-17T08:24:52.25Z</time>
		</trkpt>
		<trkpt lat="34.927079" lon="128.067253">
			<ele>0.00</ele>
			<time>2020-01-17T08:24:52.64Z</time>
		</trkpt>
		<trkpt lat="34.927044" lon="128.067156">
			<ele>0.00</ele>
			<time>2020-01-17T08:24:53.22Z</time>
		</trkpt>
		<trkpt lat="34.927037" lon="128.067014">
			<ele>0.00</ele>
			<time>2020-01-17T08:24:54Z</time>
		</trkpt>
		<trkpt lat="34.927032" lon="128.066896">
			<ele>0.00</ele>
			<time>2020-01-17T08:24:54.65Z</time>
		</trkpt>
		<trkpt lat="34.927032" lon="128.066752">
			<ele>0.00</ele>
			<time>2020-01-17T08:24:55.43Z</time>
		</trkpt>
		<trkpt lat="34.927027" lon="128.066633">
			<ele>0.00</ele>
			<time>2020-01-17T08:24:56.08Z</time>
		</trkpt>
		<trkpt lat="34.927014" lon="128.066546">
			<ele>0.00</ele>
			<time>2020-01-17T08:24:56.57Z</time>
		</trkpt>
		<trkpt lat="34.926994" lon="128.066434">
			<ele>0.00</ele>
			<time>2020-01-17T08:24:57.19Z</time>
		</trkpt>
		<trkpt lat="34.926974" lon="128.066343">
			<ele>0.00</ele>
			<time>2020-01-17T08:24:57.71Z</time>
		</trkpt>
		<trkpt lat="34.926961" lon="128.066260">
			<ele>0.00</ele>
			<time>2020-01-17T08:24:58.17Z</time>
		</trkpt>
		<trkpt lat="34.926938" lon="128.066168">
			<ele>0.00</ele>
			<time>2020-01-17T08:24:58.70Z</time>
		</trkpt>
		<trkpt lat="34.926919" lon="128.066055">
			<ele>0.00</ele>
			<time>2020-01-17T08:24:59.33Z</time>
		</trkpt>
		<trkpt lat="34.926909" lon="128.065980">
			<ele>0.00</ele>
			<time>2020-01-17T08:24:59.74Z</time>
		</trkpt>
		<trkpt lat="34.926887" lon="128.065870">
			<ele>0.00</ele>
			<time>2020-01-17T08:25:00.36Z</time>
		</trkpt>
		<trkpt lat="34.926860" lon="128.065745">
			<ele>0.00</ele>
			<time>2020-01-17T08:25:01.07Z</time>
		</trkpt>
		<trkpt lat="34.926832" lon="128.065629">
			<ele>0.00</ele>
			<time>2020-01-17T08:25:01.73Z</time>
		</trkpt>
		<trkpt lat="34.926815" lon="128.065534">
			<ele>0.00</ele>
			<time>2020-01-17T08:25:02.26Z</time>
		</trkpt>
		<trkpt lat="34.926800" lon="128.065432">
			<ele>0.00</ele>
			<time>2020-01-17T08:25:02.83Z</time>
		</trkpt>
		<trkpt lat="34.926780" lon="128.065332">
			<ele>0.00</ele>
			<time>2020-01-17T08:25:03.39Z</time>
		</trkpt>
		<trkpt lat="34.926766" lon="128.065259">
			<ele>0.00</ele>
			<time>2020-01-17T08:25:03.80Z</time>
		</trkpt>
		<trkpt lat="34.926746" lon="128.065125">
			<ele>0.00</ele>
			<time>2020-01-17T08:25:04.54Z</time>
		</trkpt>
		<trkpt lat="34.926720" lon="128.065028">
			<ele>0.00</ele>
			<time>2020-01-17T08:25:05.10Z</time>
		</trkpt>
		<trkpt lat="34.926696" lon="128.064923">
			<ele>0.00</ele>
			<time>2020-01-17T08:25:05.70Z</time>
		</trkpt>
		<trkpt lat="34.926679" lon="128.064848">
			<ele>0.00</ele>
			<time>2020-01-17T08:25:06.12Z</time>
		</trkpt>
		<trkpt lat="34.926658" lon="128.064779">
			<ele>0.00</ele>
			<time>2020-01-17T08:25:06.53Z</time>
		</trkpt>
		<trkpt lat="34.926640" lon="128.064692">
			<ele>0.00</ele>
			<time>2020-01-17T08:25:07.02Z</time>
		</trkpt>
		<trkpt lat="34.926621" lon="128.064609">
			<ele>0.00</ele>
			<time>2020-01-17T08:25:07.49Z</time>
		</trkpt>
		<trkpt lat="34.926606" lon="128.064520">
			<ele>0.00</ele>
			<time>2020-01-17T08:25:07.98Z</time>
		</trkpt>
		<trkpt lat="34.926590" lon="128.064431">
			<ele>0.00</ele>
			<time>2020-01-17T08:25:08.48Z</time>
		</trkpt>
		<trkpt lat="34.926590" lon="128.064333">
			<ele>0.00</ele>
			<time>2020-01-17T08:25:09.02Z</time>
		</trkpt>
		<trkpt lat="34.926608" lon="128.064209">
			<ele>0.00</ele>
			<time>2020-01-17T08:25:09.71Z</time>
		</trkpt>
		<trkpt lat="34.926630" lon="128.064079">
			<ele>0.00</ele>
			<time>2020-01-17T08:25:10.43Z</time>
		</trkpt>
		<trkpt lat="34.926654" lon="128.063978">
			<ele>0.00</ele>
			<time>2020-01-17T08:25:11.01Z</time>
		</trkpt>
		<trkpt lat="34.926695" lon="128.063888">
			<ele>0.00</ele>
			<time>2020-01-17T08:25:11.57Z</time>
		</trkpt>
		<trkpt lat="34.926729" lon="128.063784">
			<ele>0.00</ele>
			<time>2020-01-17T08:25:12.18Z</time>
		</trkpt>
		<trkpt lat="34.926755" lon="128.063708">
			<ele>0.00</ele>
			<time>2020-01-17T08:25:12.63Z</time>
		</trkpt>
		<trkpt lat="34.926796" lon="128.063618">
			<ele>0.00</ele>
			<time>2020-01-17T08:25:13.19Z</time>
		</trkpt>
		<trkpt lat="34.926822" lon="128.063550">
			<ele>0.00</ele>
			<time>2020-01-17T08:25:13.60Z</time>
		</trkpt>
		<trkpt lat="34.926865" lon="128.063495">
			<ele>0.00</ele>
			<time>2020-01-17T08:25:14.02Z</time>
		</trkpt>
		<trkpt lat="34.926906" lon="128.063441">
			<ele>0.00</ele>
			<time>2020-01-17T08:25:14.42Z</time>
		</trkpt>
		<trkpt lat="34.926960" lon="128.063386">
			<ele>0.00</ele>
			<time>2020-01-17T08:25:14.89Z</time>
		</trkpt>
		<trkpt lat="34.927025" lon="128.063339">
			<ele>0.00</ele>
			<time>2020-01-17T08:25:15.39Z</time>
		</trkpt>
		<trkpt lat="34.927079" lon="128.063295">
			<ele>0.00</ele>
			<time>2020-01-17T08:25:15.83Z</time>
		</trkpt>
		<trkpt lat="34.927155" lon="128.063215">
			<ele>0.00</ele>
			<time>2020-01-17T08:25:16.50Z</time>
		</trkpt>
		<trkpt lat="34.927253" lon="128.063183">
			<ele>0.00</ele>
			<time>2020-01-17T08:25:17.18Z</time>
		</trkpt>
		<trkpt lat="34.927344" lon="128.063136">
			<ele>0.00</ele>
			<time>2020-01-17T08:25:17.83Z</time>
		</trkpt>
		<trkpt lat="34.927471" lon="128.063134">
			<ele>0.00</ele>
			<time>2020-01-17T08:25:18.68Z</time>
		</trkpt>
		<trkpt lat="34.927578" lon="128.063156">
			<ele>0.00</ele>
			<time>2020-01-17T08:25:19.40Z</time>
		</trkpt>
		<trkpt lat="34.927650" lon="128.063171">
			<ele>0.00</ele>
			<time>2020-01-17T08:25:19.89Z</time>
		</trkpt>
		<trkpt lat="34.927738" lon="128.063188">
			<ele>0.00</ele>
			<time>2020-01-17T08:25:20.48Z</time>
		</trkpt>
		<trkpt lat="34.927802" lon="128.063202">
			<ele>0.00</ele>
			<time>2020-01-17T08:25:20.92Z</time>
		</trkpt>
		<trkpt lat="34.927873" lon="128.063219">
			<ele>0.00</ele>
			<time>2020-01-17T08:25:21.40Z</time>
		</trkpt>
		<trkpt lat="34.927946" lon="128.063233">
			<ele>0.00</ele>
			<time>2020-01-17T08:25:21.89Z</time>
		</trkpt>
		<trkpt lat="34.928040" lon="128.063253">
			<ele>0.00</ele>
			<time>2020-01-17T08:25:22.53Z</time>
		</trkpt>
		<trkpt lat="34.928070" lon="128.063100">
			<ele>0.00</ele>
			<time>2020-01-17T08:25:23.39Z</time>
		</trkpt>
		<trkpt lat="34.928087" lon="128.062985">
			<ele>0.00</ele>
			<time>2020-01-17T08:25:24.02Z</time>
		</trkpt>
		<trkpt lat="34.928101" lon="128.062883">
			<ele>0.00</ele>
			<time>2020-01-17T08:25:24.59Z</time>
		</trkpt>
		<trkpt lat="34.928124" lon="128.062758">
			<ele>0.00</ele>
			<time>2020-01-17T08:25:25.29Z</time>
		</trkpt>
		<trkpt lat="34.928146" lon="128.062643">
			<ele>0.00</ele>
			<time>2020-01-17T08:25:25.93Z</time>
		</trkpt>
		<trkpt lat="34.928164" lon="128.062576">
			<ele>0.00</ele>
			<time>2020-01-17T08:25:26.32Z</time>
		</trkpt>
		<trkpt lat="34.928212" lon="128.062547">
			<ele>0.00</ele>
			<time>2020-01-17T08:25:26.68Z</time>
		</trkpt>
		<trkpt lat="34.928230" lon="128.062455">
			<ele>0.00</ele>
			<time>2020-01-17T08:25:27.19Z</time>
		</trkpt>
		<trkpt lat="34.928242" lon="128.062365">
			<ele>0.00</ele>
			<time>2020-01-17T08:25:27.69Z</time>
		</trkpt>
		<trkpt lat="34.928253" lon="128.062253">
			<ele>0.00</ele>
			<time>2020-01-17T08:25:28.31Z</time>
		</trkpt>
		<trkpt lat="34.928260" lon="128.062169">
			<ele>0.00</ele>
			<time>2020-01-17T08:25:28.77Z</time>
		</trkpt>
		<trkpt lat="34.928260" lon="128.062075">
			<ele>0.00</ele>
			<time>2020-01-17T08:25:29.28Z</time>
		</trkpt>
		<trkpt lat="34.928245" lon="128.062023">
			<ele>0.00</ele>
			<time>2020-01-17T08:25:29.58Z</time>
		</trkpt>
		<trkpt lat="34.928268" lon="128.061934">
			<ele>0.00</ele>
			<time>2020-01-17T08:25:30.09Z</time>
		</trkpt>
		<trkpt lat="34.928296" lon="128.061796">
			<ele>0.00</ele>
			<time>2020-01-17T08:25:30.87Z</time>
		</trkpt>
		<trkpt lat="34.928333" lon="128.061632">
			<ele>0.00</ele>
			<time>2020-01-17T08:25:31.79Z</time>
		</trkpt>
		<trkpt lat="34.928367" lon="128.061477">
			<ele>0.00</ele>
			<time>2020-01-17T08:25:32.67Z</time>
		</trkpt>
		<trkpt lat="34.928391" lon="128.061370">
			<ele>0.00</ele>
			<time>2020-01-17T08:25:33.28Z</time>
		</trkpt>
		<trkpt lat="34.928418" lon="128.061237">
			<ele>0.00</ele>
			<time>2020-01-17T08:25:34.03Z</time>
		</trkpt>
		<trkpt lat="34.928447" lon="128.061103">
			<ele>0.00</ele>
			<time>2020-01-17T08:25:34.79Z</time>
		</trkpt>
		<trkpt lat="34.928469" lon="128.060999">
			<ele>0.00</ele>
			<time>2020-01-17T08:25:35.37Z</time>
		</trkpt>
		<trkpt lat="34.928499" lon="128.060864">
			<ele>0.00</ele>
			<time>2020-01-17T08:25:36.14Z</time>
		</trkpt>
		<trkpt lat="34.928529" lon="128.060726">
			<ele>0.00</ele>
			<time>2020-01-17T08:25:36.92Z</time>
		</trkpt>
		<trkpt lat="34.928562" lon="128.060575">
			<ele>0.00</ele>
			<time>2020-01-17T08:25:37.77Z</time>
		</trkpt>
		<trkpt lat="34.928593" lon="128.060440">
			<ele>0.00</ele>
			<time>2020-01-17T08:25:38.54Z</time>
		</trkpt>
		<trkpt lat="34.928618" lon="128.060323">
			<ele>0.00</ele>
			<time>2020-01-17T08:25:39.20Z</time>
		</trkpt>
		<trkpt lat="34.928646" lon="128.060232">
			<ele>0.00</ele>
			<time>2020-01-17T08:25:39.73Z</time>
		</trkpt>
		<trkpt lat="34.928660" lon="128.060153">
			<ele>0.00</ele>
			<time>2020-01-17T08:25:40.17Z</time>
		</trkpt>
		<trkpt lat="34.928695" lon="128.060016">
			<ele>0.00</ele>
			<time>2020-01-17T08:25:40.96Z</time>
		</trkpt>
		<trkpt lat="34.928708" lon="128.059931">
			<ele>0.00</ele>
			<time>2020-01-17T08:25:41.43Z</time>
		</trkpt>
		<trkpt lat="34.928733" lon="128.059839">
			<ele>0.00</ele>
			<time>2020-01-17T08:25:41.96Z</time>
		</trkpt>
		<trkpt lat="34.928750" lon="128.059734">
			<ele>0.00</ele>
			<time>2020-01-17T08:25:42.55Z</time>
		</trkpt>
		<trkpt lat="34.928772" lon="128.059622">
			<ele>0.00</ele>
			<time>2020-01-17T08:25:43.17Z</time>
		</trkpt>
		<trkpt lat="34.928801" lon="128.059505">
			<ele>0.00</ele>
			<time>2020-01-17T08:25:43.84Z</time>
		</trkpt>
		<trkpt lat="34.928822" lon="128.059411">
			<ele>0.00</ele>
			<time>2020-01-17T08:25:44.37Z</time>
		</trkpt>
		<trkpt lat="34.928850" lon="128.059264">
			<ele>0.00</ele>
			<time>2020-01-17T08:25:45.20Z</time>
		</trkpt>
		<trkpt lat="34.928870" lon="128.059143">
			<ele>0.00</ele>
			<time>2020-01-17T08:25:45.88Z</time>
		</trkpt>
		<trkpt lat="34.928897" lon="128.059007">
			<ele>0.00</ele>
			<time>2020-01-17T08:25:46.64Z</time>
		</trkpt>
		<trkpt lat="34.928918" lon="128.058895">
			<ele>0.00</ele>
			<time>2020-01-17T08:25:47.27Z</time>
		</trkpt>
		<trkpt lat="34.928933" lon="128.058804">
			<ele>0.00</ele>
			<time>2020-01-17T08:25:47.78Z</time>
		</trkpt>
		<trkpt lat="34.928948" lon="128.058705">
			<ele>0.00</ele>
			<time>2020-01-17T08:25:48.33Z</time>
		</trkpt>
		<trkpt lat="34.928978" lon="128.058590">
			<ele>0.00</ele>
			<time>2020-01-17T08:25:48.98Z</time>
		</trkpt>
		<trkpt lat="34.929006" lon="128.058464">
			<ele>0.00</ele>
			<time>2020-01-17T08:25:49.70Z</time>
		</trkpt>
		<trkpt lat="34.929027" lon="128.058360">
			<ele>0.00</ele>
			<time>2020-01-17T08:25:50.28Z</time>
		</trkpt>
		<trkpt lat="34.929053" lon="128.058260">
			<ele>0.00</ele>
			<time>2020-01-17T08:25:50.86Z</time>
		</trkpt>
		<trkpt lat="34.929072" lon="128.058151">
			<ele>0.00</ele>
			<time>2020-01-17T08:25:51.47Z</time>
		</trkpt>
		<trkpt lat="34.929089" lon="128.058057">
			<ele>0.00</ele>
			<time>2020-01-17T08:25:51.99Z</time>
		</trkpt>
		<trkpt lat="34.929112" lon="128.057956">
			<ele>0.00</ele>
			<time>2020-01-17T08:25:52.57Z</time>
		</trkpt>
		<trkpt lat="34.929125" lon="128.057849">
			<ele>0.00</ele>
			<time>2020-01-17T08:25:53.15Z</time>
		</trkpt>
		<trkpt lat="34.929146" lon="128.057744">
			<ele>0.00</ele>
			<time>2020-01-17T08:25:53.75Z</time>
		</trkpt>
		<trkpt lat="34.929169" lon="128.057617">
			<ele>0.00</ele>
			<time>2020-01-17T08:25:54.46Z</time>
		</trkpt>
		<trkpt lat="34.929190" lon="128.057508">
			<ele>0.00</ele>
			<time>2020-01-17T08:25:55.07Z</time>
		</trkpt>
		<trkpt lat="34.929220" lon="128.057407">
			<ele>0.00</ele>
			<time>2020-01-17T08:25:55.66Z</time>
		</trkpt>
		<trkpt lat="34.929249" lon="128.057306">
			<ele>0.00</ele>
			<time>2020-01-17T08:25:56.24Z</time>
		</trkpt>
		<trkpt lat="34.929287" lon="128.057177">
			<ele>0.00</ele>
			<time>2020-01-17T08:25:56.99Z</time>
		</trkpt>
		<trkpt lat="34.929327" lon="128.057127">
			<ele>0.00</ele>
			<time>2020-01-17T08:25:57.37Z</time>
		</trkpt>
		<trkpt lat="34.929417" lon="128.057103">
			<ele>0.00</ele>
			<time>2020-01-17T08:25:57.98Z</time>
		</trkpt>
		<trkpt lat="34.929488" lon="128.057114">
			<ele>0.00</ele>
			<time>2020-01-17T08:25:58.46Z</time>
		</trkpt>
		<trkpt lat="34.929575" lon="128.057147">
			<ele>0.00</ele>
			<time>2020-01-17T08:25:59.07Z</time>
		</trkpt>
		<trkpt lat="34.929645" lon="128.057172">
			<ele>0.00</ele>
			<time>2020-01-17T08:25:59.56Z</time>
		</trkpt>
		<trkpt lat="34.929756" lon="128.057209">
			<ele>0.00</ele>
			<time>2020-01-17T08:26:00.32Z</time>
		</trkpt>
		<trkpt lat="34.929851" lon="128.057235">
			<ele>0.00</ele>
			<time>2020-01-17T08:26:00.98Z</time>
		</trkpt>
		<trkpt lat="34.929970" lon="128.057278">
			<ele>0.00</ele>
			<time>2020-01-17T08:26:01.80Z</time>
		</trkpt>
		<trkpt lat="34.930041" lon="128.057301">
			<ele>0.00</ele>
			<time>2020-01-17T08:26:02.29Z</time>
		</trkpt>
		<trkpt lat="34.930112" lon="128.057326">
			<ele>0.00</ele>
			<time>2020-01-17T08:26:02.78Z</time>
		</trkpt>
		<trkpt lat="34.930182" lon="128.057352">
			<ele>0.00</ele>
			<time>2020-01-17T08:26:03.27Z</time>
		</trkpt>
		<trkpt lat="34.930255" lon="128.057378">
			<ele>0.00</ele>
			<time>2020-01-17T08:26:03.78Z</time>
		</trkpt>
		<trkpt lat="34.930336" lon="128.057402">
			<ele>0.00</ele>
			<time>2020-01-17T08:26:04.34Z</time>
		</trkpt>
		<trkpt lat="34.930406" lon="128.057420">
			<ele>0.00</ele>
			<time>2020-01-17T08:26:04.81Z</time>
		</trkpt>
		<trkpt lat="34.930477" lon="128.057441">
			<ele>0.00</ele>
			<time>2020-01-17T08:26:05.30Z</time>
		</trkpt>
		<trkpt lat="34.930543" lon="128.057459">
			<ele>0.00</ele>
			<time>2020-01-17T08:26:05.75Z</time>
		</trkpt>
		<trkpt lat="34.930613" lon="128.057482">
			<ele>0.00</ele>
			<time>2020-01-17T08:26:06.23Z</time>
		</trkpt>
		<trkpt lat="34.930683" lon="128.057507">
			<ele>0.00</ele>
			<time>2020-01-17T08:26:06.72Z</time>
		</trkpt>
		<trkpt lat="34.930758" lon="128.057526">
			<ele>0.00</ele>
			<time>2020-01-17T08:26:07.23Z</time>
		</trkpt>
		<trkpt lat="34.930846" lon="128.057559">
			<ele>0.00</ele>
			<time>2020-01-17T08:26:07.84Z</time>
		</trkpt>
		<trkpt lat="34.930921" lon="128.057572">
			<ele>0.00</ele>
			<time>2020-01-17T08:26:08.35Z</time>
		</trkpt>
		<trkpt lat="34.931006" lon="128.057591">
			<ele>0.00</ele>
			<time>2020-01-17T08:26:08.93Z</time>
		</trkpt>
		<trkpt lat="34.931073" lon="128.057603">
			<ele>0.00</ele>
			<time>2020-01-17T08:26:09.38Z</time>
		</trkpt>
		<trkpt lat="34.931137" lon="128.057619">
			<ele>0.00</ele>
			<time>2020-01-17T08:26:09.81Z</time>
		</trkpt>
		<trkpt lat="34.931189" lon="128.057631">
			<ele>0.00</ele>
			<time>2020-01-17T08:26:10.16Z</time>
		</trkpt>
		<trkpt lat="34.931238" lon="128.057663">
			<ele>0.00</ele>
			<time>2020-01-17T08:26:10.53Z</time>
		</trkpt>
		<trkpt lat="34.931256" lon="128.057708">
			<ele>0.00</ele>
			<time>2020-01-17T08:26:10.81Z</time>
		</trkpt>
		<trkpt lat="34.931278" lon="128.057756">
			<ele>0.00</ele>
			<time>2020-01-17T08:26:11.11Z</time>
		</trkpt>
		<trkpt lat="34.931333" lon="128.057721">
			<ele>0.00</ele>
			<time>2020-01-17T08:26:11.52Z</time>
		</trkpt>
		<trkpt lat="34.931379" lon="128.057727">
			<ele>0.00</ele>
			<time>2020-01-17T08:26:11.83Z</time>
		</trkpt>
		<trkpt lat="34.931437" lon="128.057740">
			<ele>0.00</ele>
			<time>2020-01-17T08:26:12.23Z</time>
		</trkpt>
		<trkpt lat="34.931485" lon="128.057734">
			<ele>0.00</ele>
			<time>2020-01-17T08:26:12.55Z</time>
		</trkpt>
		<trkpt lat="34.931529" lon="128.057718">
			<ele>0.00</ele>
			<time>2020-01-17T08:26:12.85Z</time>
		</trkpt>
		<trkpt lat="34.931608" lon="128.057735">
			<ele>0.00</ele>
			<time>2020-01-17T08:26:13.39Z</time>
		</trkpt>
		<trkpt lat="34.931676" lon="128.057747">
			<ele>0.00</ele>
			<time>2020-01-17T08:26:13.85Z</time>
		</trkpt>
		<trkpt lat="34.931738" lon="128.057767">
			<ele>0.00</ele>
			<time>2020-01-17T08:26:14.27Z</time>
		</trkpt>
		<trkpt lat="34.931802" lon="128.057784">
			<ele>0.00</ele>
			<time>2020-01-17T08:26:14.71Z</time>
		</trkpt>
		<trkpt lat="34.931858" lon="128.057807">
			<ele>0.00</ele>
			<time>2020-01-17T08:26:15.10Z</time>
		</trkpt>
		<trkpt lat="34.931926" lon="128.057831">
			<ele>0.00</ele>
			<time>2020-01-17T08:26:15.58Z</time>
		</trkpt>
		<trkpt lat="34.932001" lon="128.057848">
			<ele>0.00</ele>
			<time>2020-01-17T08:26:16.08Z</time>
		</trkpt>
		<trkpt lat="34.932055" lon="128.057864">
			<ele>0.00</ele>
			<time>2020-01-17T08:26:16.46Z</time>
		</trkpt>
		<trkpt lat="34.932132" lon="128.057889">
			<ele>0.00</ele>
			<time>2020-01-17T08:26:16.99Z</time>
		</trkpt>
		<trkpt lat="34.932208" lon="128.057912">
			<ele>0.00</ele>
			<time>2020-01-17T08:26:17.51Z</time>
		</trkpt>
		<trkpt lat="34.932286" lon="128.057934">
			<ele>0.00</ele>
			<time>2020-01-17T08:26:18.04Z</time>
		</trkpt>
		<trkpt lat="34.932368" lon="128.057956">
			<ele>0.00</ele>
			<time>2020-01-17T08:26:18.60Z</time>
		</trkpt>
		<trkpt lat="34.932438" lon="128.057974">
			<ele>0.00</ele>
			<time>2020-01-17T08:26:19.08Z</time>
		</trkpt>
		<trkpt lat="34.932481" lon="128.057990">
			<ele>0.00</ele>
			<time>2020-01-17T08:26:19.38Z</time>
		</trkpt>
		<trkpt lat="34.932538" lon="128.058008">
			<ele>0.00</ele>
			<time>2020-01-17T08:26:19.77Z</time>
		</trkpt>
		<trkpt lat="34.932573" lon="128.058027">
			<ele>0.00</ele>
			<time>2020-01-17T08:26:20.03Z</time>
		</trkpt>
		<trkpt lat="34.932584" lon="128.058070">
			<ele>0.00</ele>
			<time>2020-01-17T08:26:20.27Z</time>
		</trkpt>
		<trkpt lat="34.932595" lon="128.058126">
			<ele>0.00</ele>
			<time>2020-01-17T08:26:20.59Z</time>
		</trkpt>
		<trkpt lat="34.932638" lon="128.058144">
			<ele>0.00</ele>
			<time>2020-01-17T08:26:20.89Z</time>
		</trkpt>
		<trkpt lat="34.932686" lon="128.058163">
			<ele>0.00</ele>
			<time>2020-01-17T08:26:21.23Z</time>
		</trkpt>
		<trkpt lat="34.932723" lon="128.058175">
			<ele>0.00</ele>
			<time>2020-01-17T08:26:21.48Z</time>
		</trkpt>
		<trkpt lat="34.932747" lon="128.058096">
			<ele>0.00</ele>
			<time>2020-01-17T08:26:21.94Z</time>
		</trkpt>
		<trkpt lat="34.932783" lon="128.058080">
			<ele>0.00</ele>
			<time>2020-01-17T08:26:22.20Z</time>
		</trkpt>
		<extensions>
			<gte:name>#154</gte:name>
			<gte:color>#cece00</gte:color>
		</extensions>
	</trkseg>
</trk>
</gpx>