<?xml version="1.0" encoding="UTF-8"?>
<gpx version="1.1" creator="GPS Track Editor" xmlns="http://www.topografix.com/GPX/1/1" xmlns:xsi="http://www.w3.org/2001/XMLSchema-instance" xmlns:gte="http://www.gpstrackeditor.com/xmlschemas/General/1" xmlns:gpxtpx="http://www.garmin.com/xmlschemas/TrackPointExtension/v1" xmlns:gpxx="http://www.garmin.com/xmlschemas/GpxExtensions/v3" targetNamespace="http://www.topografix.com/GPX/1/1" elementFormDefault="qualified" xsi:schemaLocation="http://www.topografix.com/GPX/1/1 http://www.topografix.com/GPX/1/1/gpx.xsd">
<metadata>
	<name>GPS_2020-01-17_010945</name>
</metadata>
<trk>
	<name>014-통영시 광도면 향리 향리사거리~통영시 용남면 장문리 충무도서관</name>
	<trkseg>
		<trkpt lat="34.958044" lon="128.412189">
			<ele>0.00</ele>
			<time>2020-01-17T01:09:45.25Z</time>
		</trkpt>
		<trkpt lat="34.958052" lon="128.412123">
			<ele>0.00</ele>
			<time>2020-01-17T01:09:45.61Z</time>
		</trkpt>
		<trkpt lat="34.958059" lon="128.412050">
			<ele>0.00</ele>
			<time>2020-01-17T01:09:46.02Z</time>
		</trkpt>
		<trkpt lat="34.958085" lon="128.411965">
			<ele>0.00</ele>
			<time>2020-01-17T01:09:46.51Z</time>
		</trkpt>
		<trkpt lat="34.958100" lon="128.411882">
			<ele>0.00</ele>
			<time>2020-01-17T01:09:46.97Z</time>
		</trkpt>
		<trkpt lat="34.958055" lon="128.411808">
			<ele>0.00</ele>
			<time>2020-01-17T01:09:47.48Z</time>
		</trkpt>
		<trkpt lat="34.958010" lon="128.411835">
			<ele>0.00</ele>
			<time>2020-01-17T01:09:47.81Z</time>
		</trkpt>
		<trkpt lat="34.957971" lon="128.411861">
			<ele>0.00</ele>
			<time>2020-01-17T01:09:48.11Z</time>
		</trkpt>
		<trkpt lat="34.957920" lon="128.411867">
			<ele>0.00</ele>
			<time>2020-01-17T01:09:48.45Z</time>
		</trkpt>
		<trkpt lat="34.957854" lon="128.411842">
			<ele>0.00</ele>
			<time>2020-01-17T01:09:48.92Z</time>
		</trkpt>
		<trkpt lat="34.957790" lon="128.411799">
			<ele>0.00</ele>
			<time>2020-01-17T01:09:49.40Z</time>
		</trkpt>
		<trkpt lat="34.957708" lon="128.411752">
			<ele>0.00</ele>
			<time>2020-01-17T01:09:50.01Z</time>
		</trkpt>
		<trkpt lat="34.957636" lon="128.411714">
			<ele>0.00</ele>
			<time>2020-01-17T01:09:50.53Z</time>
		</trkpt>
		<trkpt lat="34.957553" lon="128.411672">
			<ele>0.00</ele>
			<time>2020-01-17T01:09:51.13Z</time>
		</trkpt>
		<trkpt lat="34.957485" lon="128.411644">
			<ele>0.00</ele>
			<time>2020-01-17T01:09:51.61Z</time>
		</trkpt>
		<trkpt lat="34.957410" lon="128.411624">
			<ele>0.00</ele>
			<time>2020-01-17T01:09:52.12Z</time>
		</trkpt>
		<trkpt lat="34.957339" lon="128.411607">
			<ele>0.00</ele>
			<time>2020-01-17T01:09:52.60Z</time>
		</trkpt>
		<trkpt lat="34.957259" lon="128.411593">
			<ele>0.00</ele>
			<time>2020-01-17T01:09:53.14Z</time>
		</trkpt>
		<trkpt lat="34.957177" lon="128.411580">
			<ele>0.00</ele>
			<time>2020-01-17T01:09:53.69Z</time>
		</trkpt>
		<trkpt lat="34.957117" lon="128.411576">
			<ele>0.00</ele>
			<time>2020-01-17T01:09:54.09Z</time>
		</trkpt>
		<trkpt lat="34.957045" lon="128.411572">
			<ele>0.00</ele>
			<time>2020-01-17T01:09:54.57Z</time>
		</trkpt>
		<trkpt lat="34.956962" lon="128.411571">
			<ele>0.00</ele>
			<time>2020-01-17T01:09:55.12Z</time>
		</trkpt>
		<trkpt lat="34.956852" lon="128.411575">
			<ele>0.00</ele>
			<time>2020-01-17T01:09:55.86Z</time>
		</trkpt>
		<trkpt lat="34.956775" lon="128.411582">
			<ele>0.00</ele>
			<time>2020-01-17T01:09:56.37Z</time>
		</trkpt>
		<trkpt lat="34.956686" lon="128.411594">
			<ele>0.00</ele>
			<time>2020-01-17T01:09:56.97Z</time>
		</trkpt>
		<trkpt lat="34.956606" lon="128.411608">
			<ele>0.00</ele>
			<time>2020-01-17T01:09:57.51Z</time>
		</trkpt>
		<trkpt lat="34.956521" lon="128.411632">
			<ele>0.00</ele>
			<time>2020-01-17T01:09:58.09Z</time>
		</trkpt>
		<trkpt lat="34.956448" lon="128.411644">
			<ele>0.00</ele>
			<time>2020-01-17T01:09:58.58Z</time>
		</trkpt>
		<trkpt lat="34.956371" lon="128.411671">
			<ele>0.00</ele>
			<time>2020-01-17T01:09:59.11Z</time>
		</trkpt>
		<trkpt lat="34.956277" lon="128.411698">
			<ele>0.00</ele>
			<time>2020-01-17T01:09:59.76Z</time>
		</trkpt>
		<trkpt lat="34.956168" lon="128.411730">
			<ele>0.00</ele>
			<time>2020-01-17T01:10:00.50Z</time>
		</trkpt>
		<trkpt lat="34.956073" lon="128.411759">
			<ele>0.00</ele>
			<time>2020-01-17T01:10:01.16Z</time>
		</trkpt>
		<trkpt lat="34.955997" lon="128.411781">
			<ele>0.00</ele>
			<time>2020-01-17T01:10:01.68Z</time>
		</trkpt>
		<trkpt lat="34.955891" lon="128.411808">
			<ele>0.00</ele>
			<time>2020-01-17T01:10:02.40Z</time>
		</trkpt>
		<trkpt lat="34.955798" lon="128.411835">
			<ele>0.00</ele>
			<time>2020-01-17T01:10:03.04Z</time>
		</trkpt>
		<trkpt lat="34.955715" lon="128.411853">
			<ele>0.00</ele>
			<time>2020-01-17T01:10:03.60Z</time>
		</trkpt>
		<trkpt lat="34.955636" lon="128.411875">
			<ele>0.00</ele>
			<time>2020-01-17T01:10:04.14Z</time>
		</trkpt>
		<trkpt lat="34.955557" lon="128.411892">
			<ele>0.00</ele>
			<time>2020-01-17T01:10:04.67Z</time>
		</trkpt>
		<trkpt lat="34.955480" lon="128.411915">
			<ele>0.00</ele>
			<time>2020-01-17T01:10:05.20Z</time>
		</trkpt>
		<trkpt lat="34.955404" lon="128.411941">
			<ele>0.00</ele>
			<time>2020-01-17T01:10:05.73Z</time>
		</trkpt>
		<trkpt lat="34.955319" lon="128.411962">
			<ele>0.00</ele>
			<time>2020-01-17T01:10:06.31Z</time>
		</trkpt>
		<trkpt lat="34.955228" lon="128.411990">
			<ele>0.00</ele>
			<time>2020-01-17T01:10:06.94Z</time>
		</trkpt>
		<trkpt lat="34.955148" lon="128.412013">
			<ele>0.00</ele>
			<time>2020-01-17T01:10:07.48Z</time>
		</trkpt>
		<trkpt lat="34.955071" lon="128.412033">
			<ele>0.00</ele>
			<time>2020-01-17T01:10:08.01Z</time>
		</trkpt>
		<trkpt lat="34.955000" lon="128.412058">
			<ele>0.00</ele>
			<time>2020-01-17T01:10:08.50Z</time>
		</trkpt>
		<trkpt lat="34.954938" lon="128.412076">
			<ele>0.00</ele>
			<time>2020-01-17T01:10:08.92Z</time>
		</trkpt>
		<trkpt lat="34.954872" lon="128.412097">
			<ele>0.00</ele>
			<time>2020-01-17T01:10:09.38Z</time>
		</trkpt>
		<trkpt lat="34.954803" lon="128.412118">
			<ele>0.00</ele>
			<time>2020-01-17T01:10:09.85Z</time>
		</trkpt>
		<trkpt lat="34.954745" lon="128.412137">
			<ele>0.00</ele>
			<time>2020-01-17T01:10:10.25Z</time>
		</trkpt>
		<trkpt lat="34.954679" lon="128.412153">
			<ele>0.00</ele>
			<time>2020-01-17T01:10:10.71Z</time>
		</trkpt>
		<trkpt lat="34.954612" lon="128.412171">
			<ele>0.00</ele>
			<time>2020-01-17T01:10:11.16Z</time>
		</trkpt>
		<trkpt lat="34.954534" lon="128.412181">
			<ele>0.00</ele>
			<time>2020-01-17T01:10:11.69Z</time>
		</trkpt>
		<trkpt lat="34.954461" lon="128.412194">
			<ele>0.00</ele>
			<time>2020-01-17T01:10:12.17Z</time>
		</trkpt>
		<trkpt lat="34.954397" lon="128.412204">
			<ele>0.00</ele>
			<time>2020-01-17T01:10:12.60Z</time>
		</trkpt>
		<trkpt lat="34.954333" lon="128.412220">
			<ele>0.00</ele>
			<time>2020-01-17T01:10:13.04Z</time>
		</trkpt>
		<trkpt lat="34.954276" lon="128.412230">
			<ele>0.00</ele>
			<time>2020-01-17T01:10:13.42Z</time>
		</trkpt>
		<trkpt lat="34.954214" lon="128.412243">
			<ele>0.00</ele>
			<time>2020-01-17T01:10:13.84Z</time>
		</trkpt>
		<trkpt lat="34.954153" lon="128.412243">
			<ele>0.00</ele>
			<time>2020-01-17T01:10:14.25Z</time>
		</trkpt>
		<trkpt lat="34.954068" lon="128.412247">
			<ele>0.00</ele>
			<time>2020-01-17T01:10:14.82Z</time>
		</trkpt>
		<trkpt lat="34.954001" lon="128.412252">
			<ele>0.00</ele>
			<time>2020-01-17T01:10:15.27Z</time>
		</trkpt>
		<trkpt lat="34.953921" lon="128.412252">
			<ele>0.00</ele>
			<time>2020-01-17T01:10:15.80Z</time>
		</trkpt>
		<trkpt lat="34.953848" lon="128.412246">
			<ele>0.00</ele>
			<time>2020-01-17T01:10:16.28Z</time>
		</trkpt>
		<trkpt lat="34.953779" lon="128.412241">
			<ele>0.00</ele>
			<time>2020-01-17T01:10:16.75Z</time>
		</trkpt>
		<trkpt lat="34.953705" lon="128.412240">
			<ele>0.00</ele>
			<time>2020-01-17T01:10:17.24Z</time>
		</trkpt>
		<trkpt lat="34.953637" lon="128.412237">
			<ele>0.00</ele>
			<time>2020-01-17T01:10:17.69Z</time>
		</trkpt>
		<trkpt lat="34.953562" lon="128.412240">
			<ele>0.00</ele>
			<time>2020-01-17T01:10:18.19Z</time>
		</trkpt>
		<trkpt lat="34.953470" lon="128.412232">
			<ele>0.00</ele>
			<time>2020-01-17T01:10:18.81Z</time>
		</trkpt>
		<trkpt lat="34.953396" lon="128.412227">
			<ele>0.00</ele>
			<time>2020-01-17T01:10:19.30Z</time>
		</trkpt>
		<trkpt lat="34.953319" lon="128.412223">
			<ele>0.00</ele>
			<time>2020-01-17T01:10:19.82Z</time>
		</trkpt>
		<trkpt lat="34.953233" lon="128.412221">
			<ele>0.00</ele>
			<time>2020-01-17T01:10:20.39Z</time>
		</trkpt>
		<trkpt lat="34.953146" lon="128.412213">
			<ele>0.00</ele>
			<time>2020-01-17T01:10:20.97Z</time>
		</trkpt>
		<trkpt lat="34.953060" lon="128.412209">
			<ele>0.00</ele>
			<time>2020-01-17T01:10:21.55Z</time>
		</trkpt>
		<trkpt lat="34.952978" lon="128.412205">
			<ele>0.00</ele>
			<time>2020-01-17T01:10:22.09Z</time>
		</trkpt>
		<trkpt lat="34.952897" lon="128.412193">
			<ele>0.00</ele>
			<time>2020-01-17T01:10:22.63Z</time>
		</trkpt>
		<trkpt lat="34.952810" lon="128.412188">
			<ele>0.00</ele>
			<time>2020-01-17T01:10:23.22Z</time>
		</trkpt>
		<trkpt lat="34.952732" lon="128.412186">
			<ele>0.00</ele>
			<time>2020-01-17T01:10:23.74Z</time>
		</trkpt>
		<trkpt lat="34.952655" lon="128.412182">
			<ele>0.00</ele>
			<time>2020-01-17T01:10:24.25Z</time>
		</trkpt>
		<trkpt lat="34.952569" lon="128.412177">
			<ele>0.00</ele>
			<time>2020-01-17T01:10:24.83Z</time>
		</trkpt>
		<trkpt lat="34.952488" lon="128.412168">
			<ele>0.00</ele>
			<time>2020-01-17T01:10:25.37Z</time>
		</trkpt>
		<trkpt lat="34.952388" lon="128.412165">
			<ele>0.00</ele>
			<time>2020-01-17T01:10:26.04Z</time>
		</trkpt>
		<trkpt lat="34.952299" lon="128.412164">
			<ele>0.00</ele>
			<time>2020-01-17T01:10:26.63Z</time>
		</trkpt>
		<trkpt lat="34.952213" lon="128.412159">
			<ele>0.00</ele>
			<time>2020-01-17T01:10:27.20Z</time>
		</trkpt>
		<trkpt lat="34.952124" lon="128.412155">
			<ele>0.00</ele>
			<time>2020-01-17T01:10:27.80Z</time>
		</trkpt>
		<trkpt lat="34.952027" lon="128.412159">
			<ele>0.00</ele>
			<time>2020-01-17T01:10:28.44Z</time>
		</trkpt>
		<trkpt lat="34.951936" lon="128.412156">
			<ele>0.00</ele>
			<time>2020-01-17T01:10:29.05Z</time>
		</trkpt>
		<trkpt lat="34.951847" lon="128.412165">
			<ele>0.00</ele>
			<time>2020-01-17T01:10:29.64Z</time>
		</trkpt>
		<trkpt lat="34.951776" lon="128.412167">
			<ele>0.00</ele>
			<time>2020-01-17T01:10:30.12Z</time>
		</trkpt>
		<trkpt lat="34.951706" lon="128.412167">
			<ele>0.00</ele>
			<time>2020-01-17T01:10:30.58Z</time>
		</trkpt>
		<trkpt lat="34.951620" lon="128.412163">
			<ele>0.00</ele>
			<time>2020-01-17T01:10:31.16Z</time>
		</trkpt>
		<trkpt lat="34.951550" lon="128.412162">
			<ele>0.00</ele>
			<time>2020-01-17T01:10:31.63Z</time>
		</trkpt>
		<trkpt lat="34.951469" lon="128.412155">
			<ele>0.00</ele>
			<time>2020-01-17T01:10:32.17Z</time>
		</trkpt>
		<trkpt lat="34.951385" lon="128.412145">
			<ele>0.00</ele>
			<time>2020-01-17T01:10:32.73Z</time>
		</trkpt>
		<trkpt lat="34.951316" lon="128.412139">
			<ele>0.00</ele>
			<time>2020-01-17T01:10:33.19Z</time>
		</trkpt>
		<trkpt lat="34.951232" lon="128.412118">
			<ele>0.00</ele>
			<time>2020-01-17T01:10:33.76Z</time>
		</trkpt>
		<trkpt lat="34.951153" lon="128.412095">
			<ele>0.00</ele>
			<time>2020-01-17T01:10:34.31Z</time>
		</trkpt>
		<trkpt lat="34.951082" lon="128.412073">
			<ele>0.00</ele>
			<time>2020-01-17T01:10:34.79Z</time>
		</trkpt>
		<trkpt lat="34.950999" lon="128.412048">
			<ele>0.00</ele>
			<time>2020-01-17T01:10:35.36Z</time>
		</trkpt>
		<trkpt lat="34.950935" lon="128.412022">
			<ele>0.00</ele>
			<time>2020-01-17T01:10:35.81Z</time>
		</trkpt>
		<trkpt lat="34.950871" lon="128.411998">
			<ele>0.00</ele>
			<time>2020-01-17T01:10:36.26Z</time>
		</trkpt>
		<trkpt lat="34.950813" lon="128.411967">
			<ele>0.00</ele>
			<time>2020-01-17T01:10:36.68Z</time>
		</trkpt>
		<trkpt lat="34.950749" lon="128.411937">
			<ele>0.00</ele>
			<time>2020-01-17T01:10:37.14Z</time>
		</trkpt>
		<trkpt lat="34.950694" lon="128.411902">
			<ele>0.00</ele>
			<time>2020-01-17T01:10:37.55Z</time>
		</trkpt>
		<trkpt lat="34.950621" lon="128.411858">
			<ele>0.00</ele>
			<time>2020-01-17T01:10:38.09Z</time>
		</trkpt>
		<trkpt lat="34.950540" lon="128.411815">
			<ele>0.00</ele>
			<time>2020-01-17T01:10:38.68Z</time>
		</trkpt>
		<trkpt lat="34.950469" lon="128.411778">
			<ele>0.00</ele>
			<time>2020-01-17T01:10:39.20Z</time>
		</trkpt>
		<trkpt lat="34.950393" lon="128.411740">
			<ele>0.00</ele>
			<time>2020-01-17T01:10:39.75Z</time>
		</trkpt>
		<trkpt lat="34.950322" lon="128.411698">
			<ele>0.00</ele>
			<time>2020-01-17T01:10:40.27Z</time>
		</trkpt>
		<trkpt lat="34.950260" lon="128.411663">
			<ele>0.00</ele>
			<time>2020-01-17T01:10:40.72Z</time>
		</trkpt>
		<trkpt lat="34.950193" lon="128.411633">
			<ele>0.00</ele>
			<time>2020-01-17T01:10:41.20Z</time>
		</trkpt>
		<trkpt lat="34.950126" lon="128.411596">
			<ele>0.00</ele>
			<time>2020-01-17T01:10:41.69Z</time>
		</trkpt>
		<trkpt lat="34.950062" lon="128.411562">
			<ele>0.00</ele>
			<time>2020-01-17T01:10:42.16Z</time>
		</trkpt>
		<trkpt lat="34.949998" lon="128.411525">
			<ele>0.00</ele>
			<time>2020-01-17T01:10:42.63Z</time>
		</trkpt>
		<trkpt lat="34.949927" lon="128.411496">
			<ele>0.00</ele>
			<time>2020-01-17T01:10:43.13Z</time>
		</trkpt>
		<trkpt lat="34.949867" lon="128.411470">
			<ele>0.00</ele>
			<time>2020-01-17T01:10:43.55Z</time>
		</trkpt>
		<trkpt lat="34.949809" lon="128.411439">
			<ele>0.00</ele>
			<time>2020-01-17T01:10:43.97Z</time>
		</trkpt>
		<trkpt lat="34.949748" lon="128.411407">
			<ele>0.00</ele>
			<time>2020-01-17T01:10:44.42Z</time>
		</trkpt>
		<trkpt lat="34.949688" lon="128.411388">
			<ele>0.00</ele>
			<time>2020-01-17T01:10:44.83Z</time>
		</trkpt>
		<trkpt lat="34.949611" lon="128.411351">
			<ele>0.00</ele>
			<time>2020-01-17T01:10:45.38Z</time>
		</trkpt>
		<trkpt lat="34.949558" lon="128.411328">
			<ele>0.00</ele>
			<time>2020-01-17T01:10:45.76Z</time>
		</trkpt>
		<trkpt lat="34.949483" lon="128.411297">
			<ele>0.00</ele>
			<time>2020-01-17T01:10:46.29Z</time>
		</trkpt>
		<trkpt lat="34.949424" lon="128.411275">
			<ele>0.00</ele>
			<time>2020-01-17T01:10:46.70Z</time>
		</trkpt>
		<trkpt lat="34.949372" lon="128.411260">
			<ele>0.00</ele>
			<time>2020-01-17T01:10:47.05Z</time>
		</trkpt>
		<trkpt lat="34.949299" lon="128.411256">
			<ele>0.00</ele>
			<time>2020-01-17T01:10:47.54Z</time>
		</trkpt>
		<trkpt lat="34.949249" lon="128.411245">
			<ele>0.00</ele>
			<time>2020-01-17T01:10:47.88Z</time>
		</trkpt>
		<trkpt lat="34.949178" lon="128.411236">
			<ele>0.00</ele>
			<time>2020-01-17T01:10:48.35Z</time>
		</trkpt>
		<trkpt lat="34.949119" lon="128.411219">
			<ele>0.00</ele>
			<time>2020-01-17T01:10:48.76Z</time>
		</trkpt>
		<trkpt lat="34.949081" lon="128.411185">
			<ele>0.00</ele>
			<time>2020-01-17T01:10:49.07Z</time>
		</trkpt>
		<trkpt lat="34.949056" lon="128.411135">
			<ele>0.00</ele>
			<time>2020-01-17T01:10:49.39Z</time>
		</trkpt>
		<trkpt lat="34.949019" lon="128.411093">
			<ele>0.00</ele>
			<time>2020-01-17T01:10:49.73Z</time>
		</trkpt>
		<trkpt lat="34.948949" lon="128.411112">
			<ele>0.00</ele>
			<time>2020-01-17T01:10:50.21Z</time>
		</trkpt>
		<trkpt lat="34.948879" lon="128.411145">
			<ele>0.00</ele>
			<time>2020-01-17T01:10:50.71Z</time>
		</trkpt>
		<trkpt lat="34.948807" lon="128.411172">
			<ele>0.00</ele>
			<time>2020-01-17T01:10:51.21Z</time>
		</trkpt>
		<trkpt lat="34.948734" lon="128.411197">
			<ele>0.00</ele>
			<time>2020-01-17T01:10:51.72Z</time>
		</trkpt>
		<trkpt lat="34.948683" lon="128.411213">
			<ele>0.00</ele>
			<time>2020-01-17T01:10:52.06Z</time>
		</trkpt>
		<trkpt lat="34.948631" lon="128.411235">
			<ele>0.00</ele>
			<time>2020-01-17T01:10:52.43Z</time>
		</trkpt>
		<trkpt lat="34.948557" lon="128.411270">
			<ele>0.00</ele>
			<time>2020-01-17T01:10:52.97Z</time>
		</trkpt>
		<trkpt lat="34.948482" lon="128.411309">
			<ele>0.00</ele>
			<time>2020-01-17T01:10:53.51Z</time>
		</trkpt>
		<trkpt lat="34.948412" lon="128.411334">
			<ele>0.00</ele>
			<time>2020-01-17T01:10:53.99Z</time>
		</trkpt>
		<trkpt lat="34.948330" lon="128.411374">
			<ele>0.00</ele>
			<time>2020-01-17T01:10:54.58Z</time>
		</trkpt>
		<trkpt lat="34.948257" lon="128.411413">
			<ele>0.00</ele>
			<time>2020-01-17T01:10:55.11Z</time>
		</trkpt>
		<trkpt lat="34.948180" lon="128.411435">
			<ele>0.00</ele>
			<time>2020-01-17T01:10:55.64Z</time>
		</trkpt>
		<trkpt lat="34.948115" lon="128.411448">
			<ele>0.00</ele>
			<time>2020-01-17T01:10:56.08Z</time>
		</trkpt>
		<trkpt lat="34.948051" lon="128.411487">
			<ele>0.00</ele>
			<time>2020-01-17T01:10:56.56Z</time>
		</trkpt>
		<trkpt lat="34.947981" lon="128.411524">
			<ele>0.00</ele>
			<time>2020-01-17T01:10:57.06Z</time>
		</trkpt>
		<trkpt lat="34.947910" lon="128.411557">
			<ele>0.00</ele>
			<time>2020-01-17T01:10:57.57Z</time>
		</trkpt>
		<trkpt lat="34.947844" lon="128.411594">
			<ele>0.00</ele>
			<time>2020-01-17T01:10:58.06Z</time>
		</trkpt>
		<trkpt lat="34.947755" lon="128.411632">
			<ele>0.00</ele>
			<time>2020-01-17T01:10:58.68Z</time>
		</trkpt>
		<trkpt lat="34.947687" lon="128.411670">
			<ele>0.00</ele>
			<time>2020-01-17T01:10:59.18Z</time>
		</trkpt>
		<trkpt lat="34.947617" lon="128.411708">
			<ele>0.00</ele>
			<time>2020-01-17T01:10:59.69Z</time>
		</trkpt>
		<trkpt lat="34.947540" lon="128.411745">
			<ele>0.00</ele>
			<time>2020-01-17T01:11:00.25Z</time>
		</trkpt>
		<trkpt lat="34.947476" lon="128.411771">
			<ele>0.00</ele>
			<time>2020-01-17T01:11:00.69Z</time>
		</trkpt>
		<trkpt lat="34.947411" lon="128.411795">
			<ele>0.00</ele>
			<time>2020-01-17T01:11:01.15Z</time>
		</trkpt>
		<trkpt lat="34.947340" lon="128.411828">
			<ele>0.00</ele>
			<time>2020-01-17T01:11:01.65Z</time>
		</trkpt>
		<trkpt lat="34.947282" lon="128.411862">
			<ele>0.00</ele>
			<time>2020-01-17T01:11:02.08Z</time>
		</trkpt>
		<trkpt lat="34.947231" lon="128.411891">
			<ele>0.00</ele>
			<time>2020-01-17T01:11:02.46Z</time>
		</trkpt>
		<trkpt lat="34.947149" lon="128.411929">
			<ele>0.00</ele>
			<time>2020-01-17T01:11:03.04Z</time>
		</trkpt>
		<trkpt lat="34.947058" lon="128.411987">
			<ele>0.00</ele>
			<time>2020-01-17T01:11:03.73Z</time>
		</trkpt>
		<trkpt lat="34.946998" lon="128.412012">
			<ele>0.00</ele>
			<time>2020-01-17T01:11:04.15Z</time>
		</trkpt>
		<trkpt lat="34.946924" lon="128.412061">
			<ele>0.00</ele>
			<time>2020-01-17T01:11:04.71Z</time>
		</trkpt>
		<trkpt lat="34.946852" lon="128.412117">
			<ele>0.00</ele>
			<time>2020-01-17T01:11:05.28Z</time>
		</trkpt>
		<trkpt lat="34.946783" lon="128.412170">
			<ele>0.00</ele>
			<time>2020-01-17T01:11:05.82Z</time>
		</trkpt>
		<trkpt lat="34.946709" lon="128.412226">
			<ele>0.00</ele>
			<time>2020-01-17T01:11:06.40Z</time>
		</trkpt>
		<trkpt lat="34.946643" lon="128.412289">
			<ele>0.00</ele>
			<time>2020-01-17T01:11:06.96Z</time>
		</trkpt>
		<trkpt lat="34.946581" lon="128.412348">
			<ele>0.00</ele>
			<time>2020-01-17T01:11:07.49Z</time>
		</trkpt>
		<trkpt lat="34.946535" lon="128.412405">
			<ele>0.00</ele>
			<time>2020-01-17T01:11:07.92Z</time>
		</trkpt>
		<trkpt lat="34.946476" lon="128.412467">
			<ele>0.00</ele>
			<time>2020-01-17T01:11:08.44Z</time>
		</trkpt>
		<trkpt lat="34.946441" lon="128.412499">
			<ele>0.00</ele>
			<time>2020-01-17T01:11:08.73Z</time>
		</trkpt>
		<trkpt lat="34.946405" lon="128.412536">
			<ele>0.00</ele>
			<time>2020-01-17T01:11:09.05Z</time>
		</trkpt>
		<trkpt lat="34.946370" lon="128.412568">
			<ele>0.00</ele>
			<time>2020-01-17T01:11:09.34Z</time>
		</trkpt>
		<trkpt lat="34.946333" lon="128.412606">
			<ele>0.00</ele>
			<time>2020-01-17T01:11:09.66Z</time>
		</trkpt>
		<trkpt lat="34.946296" lon="128.412638">
			<ele>0.00</ele>
			<time>2020-01-17T01:11:09.96Z</time>
		</trkpt>
		<trkpt lat="34.946269" lon="128.412660">
			<ele>0.00</ele>
			<time>2020-01-17T01:11:10.18Z</time>
		</trkpt>
		<trkpt lat="34.946250" lon="128.412669">
			<ele>0.00</ele>
			<time>2020-01-17T01:11:10.32Z</time>
		</trkpt>
		<trkpt lat="34.946228" lon="128.412672">
			<ele>0.00</ele>
			<time>2020-01-17T01:11:10.46Z</time>
		</trkpt>
		<trkpt lat="34.946206" lon="128.412667">
			<ele>0.00</ele>
			<time>2020-01-17T01:11:10.61Z</time>
		</trkpt>
		<trkpt lat="34.946188" lon="128.412656">
			<ele>0.00</ele>
			<time>2020-01-17T01:11:10.75Z</time>
		</trkpt>
		<trkpt lat="34.946154" lon="128.412699">
			<ele>0.00</ele>
			<time>2020-01-17T01:11:11.07Z</time>
		</trkpt>
		<trkpt lat="34.946129" lon="128.412723">
			<ele>0.00</ele>
			<time>2020-01-17T01:11:11.28Z</time>
		</trkpt>
		<trkpt lat="34.946090" lon="128.412765">
			<ele>0.00</ele>
			<time>2020-01-17T01:11:11.63Z</time>
		</trkpt>
		<trkpt lat="34.946061" lon="128.412795">
			<ele>0.00</ele>
			<time>2020-01-17T01:11:11.88Z</time>
		</trkpt>
		<trkpt lat="34.946042" lon="128.412818">
			<ele>0.00</ele>
			<time>2020-01-17T01:11:12.06Z</time>
		</trkpt>
		<trkpt lat="34.946024" lon="128.412833">
			<ele>0.00</ele>
			<time>2020-01-17T01:11:12.21Z</time>
		</trkpt>
		<trkpt lat="34.945998" lon="128.412830">
			<ele>0.00</ele>
			<time>2020-01-17T01:11:12.38Z</time>
		</trkpt>
		<trkpt lat="34.945974" lon="128.412826">
			<ele>0.00</ele>
			<time>2020-01-17T01:11:12.54Z</time>
		</trkpt>
		<trkpt lat="34.945968" lon="128.412868">
			<ele>0.00</ele>
			<time>2020-01-17T01:11:12.78Z</time>
		</trkpt>
		<trkpt lat="34.945961" lon="128.412898">
			<ele>0.00</ele>
			<time>2020-01-17T01:11:12.95Z</time>
		</trkpt>
		<trkpt lat="34.945949" lon="128.412927">
			<ele>0.00</ele>
			<time>2020-01-17T01:11:13.12Z</time>
		</trkpt>
		<trkpt lat="34.945928" lon="128.412962">
			<ele>0.00</ele>
			<time>2020-01-17T01:11:13.36Z</time>
		</trkpt>
		<trkpt lat="34.945901" lon="128.412998">
			<ele>0.00</ele>
			<time>2020-01-17T01:11:13.63Z</time>
		</trkpt>
		<trkpt lat="34.945875" lon="128.413024">
			<ele>0.00</ele>
			<time>2020-01-17T01:11:13.86Z</time>
		</trkpt>
		<trkpt lat="34.945847" lon="128.413057">
			<ele>0.00</ele>
			<time>2020-01-17T01:11:14.11Z</time>
		</trkpt>
		<trkpt lat="34.945816" lon="128.413090">
			<ele>0.00</ele>
			<time>2020-01-17T01:11:14.39Z</time>
		</trkpt>
		<trkpt lat="34.945788" lon="128.413115">
			<ele>0.00</ele>
			<time>2020-01-17T01:11:14.62Z</time>
		</trkpt>
		<trkpt lat="34.945756" lon="128.413146">
			<ele>0.00</ele>
			<time>2020-01-17T01:11:14.89Z</time>
		</trkpt>
		<trkpt lat="34.945724" lon="128.413179">
			<ele>0.00</ele>
			<time>2020-01-17T01:11:15.17Z</time>
		</trkpt>
		<trkpt lat="34.945695" lon="128.413208">
			<ele>0.00</ele>
			<time>2020-01-17T01:11:15.42Z</time>
		</trkpt>
		<trkpt lat="34.945668" lon="128.413236">
			<ele>0.00</ele>
			<time>2020-01-17T01:11:15.66Z</time>
		</trkpt>
		<trkpt lat="34.945636" lon="128.413268">
			<ele>0.00</ele>
			<time>2020-01-17T01:11:15.93Z</time>
		</trkpt>
		<trkpt lat="34.945600" lon="128.413299">
			<ele>0.00</ele>
			<time>2020-01-17T01:11:16.23Z</time>
		</trkpt>
		<trkpt lat="34.945570" lon="128.413331">
			<ele>0.00</ele>
			<time>2020-01-17T01:11:16.49Z</time>
		</trkpt>
		<trkpt lat="34.945538" lon="128.413363">
			<ele>0.00</ele>
			<time>2020-01-17T01:11:16.77Z</time>
		</trkpt>
		<trkpt lat="34.945505" lon="128.413396">
			<ele>0.00</ele>
			<time>2020-01-17T01:11:17.05Z</time>
		</trkpt>
		<trkpt lat="34.945474" lon="128.413429">
			<ele>0.00</ele>
			<time>2020-01-17T01:11:17.33Z</time>
		</trkpt>
		<trkpt lat="34.945438" lon="128.413468">
			<ele>0.00</ele>
			<time>2020-01-17T01:11:17.65Z</time>
		</trkpt>
		<trkpt lat="34.945408" lon="128.413501">
			<ele>0.00</ele>
			<time>2020-01-17T01:11:17.92Z</time>
		</trkpt>
		<trkpt lat="34.945378" lon="128.413534">
			<ele>0.00</ele>
			<time>2020-01-17T01:11:18.18Z</time>
		</trkpt>
		<trkpt lat="34.945351" lon="128.413561">
			<ele>0.00</ele>
			<time>2020-01-17T01:11:18.42Z</time>
		</trkpt>
		<trkpt lat="34.945321" lon="128.413591">
			<ele>0.00</ele>
			<time>2020-01-17T01:11:18.68Z</time>
		</trkpt>
		<trkpt lat="34.945294" lon="128.413618">
			<ele>0.00</ele>
			<time>2020-01-17T01:11:18.91Z</time>
		</trkpt>
		<trkpt lat="34.945270" lon="128.413644">
			<ele>0.00</ele>
			<time>2020-01-17T01:11:19.12Z</time>
		</trkpt>
		<trkpt lat="34.945237" lon="128.413677">
			<ele>0.00</ele>
			<time>2020-01-17T01:11:19.41Z</time>
		</trkpt>
		<trkpt lat="34.945204" lon="128.413709">
			<ele>0.00</ele>
			<time>2020-01-17T01:11:19.69Z</time>
		</trkpt>
		<trkpt lat="34.945177" lon="128.413736">
			<ele>0.00</ele>
			<time>2020-01-17T01:11:19.92Z</time>
		</trkpt>
		<trkpt lat="34.945148" lon="128.413768">
			<ele>0.00</ele>
			<time>2020-01-17T01:11:20.18Z</time>
		</trkpt>
		<trkpt lat="34.945117" lon="128.413799">
			<ele>0.00</ele>
			<time>2020-01-17T01:11:20.45Z</time>
		</trkpt>
		<trkpt lat="34.945081" lon="128.413838">
			<ele>0.00</ele>
			<time>2020-01-17T01:11:20.77Z</time>
		</trkpt>
		<trkpt lat="34.945047" lon="128.413869">
			<ele>0.00</ele>
			<time>2020-01-17T01:11:21.05Z</time>
		</trkpt>
		<trkpt lat="34.945013" lon="128.413904">
			<ele>0.00</ele>
			<time>2020-01-17T01:11:21.35Z</time>
		</trkpt>
		<trkpt lat="34.944983" lon="128.413936">
			<ele>0.00</ele>
			<time>2020-01-17T01:11:21.61Z</time>
		</trkpt>
		<trkpt lat="34.944938" lon="128.413975">
			<ele>0.00</ele>
			<time>2020-01-17T01:11:21.98Z</time>
		</trkpt>
		<trkpt lat="34.944908" lon="128.414007">
			<ele>0.00</ele>
			<time>2020-01-17T01:11:22.25Z</time>
		</trkpt>
		<trkpt lat="34.944869" lon="128.414040">
			<ele>0.00</ele>
			<time>2020-01-17T01:11:22.56Z</time>
		</trkpt>
		<trkpt lat="34.944831" lon="128.414073">
			<ele>0.00</ele>
			<time>2020-01-17T01:11:22.87Z</time>
		</trkpt>
		<trkpt lat="34.944802" lon="128.414098">
			<ele>0.00</ele>
			<time>2020-01-17T01:11:23.11Z</time>
		</trkpt>
		<trkpt lat="34.944766" lon="128.414132">
			<ele>0.00</ele>
			<time>2020-01-17T01:11:23.42Z</time>
		</trkpt>
		<trkpt lat="34.944728" lon="128.414166">
			<ele>0.00</ele>
			<time>2020-01-17T01:11:23.73Z</time>
		</trkpt>
		<trkpt lat="34.944693" lon="128.414193">
			<ele>0.00</ele>
			<time>2020-01-17T01:11:24Z</time>
		</trkpt>
		<trkpt lat="34.944656" lon="128.414228">
			<ele>0.00</ele>
			<time>2020-01-17T01:11:24.32Z</time>
		</trkpt>
		<trkpt lat="34.944619" lon="128.414267">
			<ele>0.00</ele>
			<time>2020-01-17T01:11:24.64Z</time>
		</trkpt>
		<trkpt lat="34.944587" lon="128.414303">
			<ele>0.00</ele>
			<time>2020-01-17T01:11:24.94Z</time>
		</trkpt>
		<trkpt lat="34.944545" lon="128.414348">
			<ele>0.00</ele>
			<time>2020-01-17T01:11:25.31Z</time>
		</trkpt>
		<trkpt lat="34.944511" lon="128.414385">
			<ele>0.00</ele>
			<time>2020-01-17T01:11:25.61Z</time>
		</trkpt>
		<trkpt lat="34.944477" lon="128.414417">
			<ele>0.00</ele>
			<time>2020-01-17T01:11:25.90Z</time>
		</trkpt>
		<trkpt lat="34.944437" lon="128.414456">
			<ele>0.00</ele>
			<time>2020-01-17T01:11:26.24Z</time>
		</trkpt>
		<trkpt lat="34.944402" lon="128.414486">
			<ele>0.00</ele>
			<time>2020-01-17T01:11:26.53Z</time>
		</trkpt>
		<trkpt lat="34.944374" lon="128.414518">
			<ele>0.00</ele>
			<time>2020-01-17T01:11:26.78Z</time>
		</trkpt>
		<trkpt lat="34.944343" lon="128.414550">
			<ele>0.00</ele>
			<time>2020-01-17T01:11:27.05Z</time>
		</trkpt>
		<trkpt lat="34.944317" lon="128.414575">
			<ele>0.00</ele>
			<time>2020-01-17T01:11:27.27Z</time>
		</trkpt>
		<trkpt lat="34.944283" lon="128.414604">
			<ele>0.00</ele>
			<time>2020-01-17T01:11:27.55Z</time>
		</trkpt>
		<trkpt lat="34.944250" lon="128.414632">
			<ele>0.00</ele>
			<time>2020-01-17T01:11:27.82Z</time>
		</trkpt>
		<trkpt lat="34.944211" lon="128.414661">
			<ele>0.00</ele>
			<time>2020-01-17T01:11:28.12Z</time>
		</trkpt>
		<trkpt lat="34.944175" lon="128.414688">
			<ele>0.00</ele>
			<time>2020-01-17T01:11:28.40Z</time>
		</trkpt>
		<trkpt lat="34.944139" lon="128.414709">
			<ele>0.00</ele>
			<time>2020-01-17T01:11:28.67Z</time>
		</trkpt>
		<trkpt lat="34.944100" lon="128.414733">
			<ele>0.00</ele>
			<time>2020-01-17T01:11:28.96Z</time>
		</trkpt>
		<trkpt lat="34.944058" lon="128.414759">
			<ele>0.00</ele>
			<time>2020-01-17T01:11:29.28Z</time>
		</trkpt>
		<trkpt lat="34.944024" lon="128.414780">
			<ele>0.00</ele>
			<time>2020-01-17T01:11:29.53Z</time>
		</trkpt>
		<trkpt lat="34.943996" lon="128.414801">
			<ele>0.00</ele>
			<time>2020-01-17T01:11:29.75Z</time>
		</trkpt>
		<trkpt lat="34.943963" lon="128.414817">
			<ele>0.00</ele>
			<time>2020-01-17T01:11:29.99Z</time>
		</trkpt>
		<trkpt lat="34.943921" lon="128.414833">
			<ele>0.00</ele>
			<time>2020-01-17T01:11:30.28Z</time>
		</trkpt>
		<trkpt lat="34.943889" lon="128.414842">
			<ele>0.00</ele>
			<time>2020-01-17T01:11:30.50Z</time>
		</trkpt>
		<trkpt lat="34.943846" lon="128.414848">
			<ele>0.00</ele>
			<time>2020-01-17T01:11:30.79Z</time>
		</trkpt>
		<trkpt lat="34.943805" lon="128.414855">
			<ele>0.00</ele>
			<time>2020-01-17T01:11:31.06Z</time>
		</trkpt>
		<trkpt lat="34.943764" lon="128.414865">
			<ele>0.00</ele>
			<time>2020-01-17T01:11:31.34Z</time>
		</trkpt>
		<trkpt lat="34.943723" lon="128.414871">
			<ele>0.00</ele>
			<time>2020-01-17T01:11:31.62Z</time>
		</trkpt>
		<trkpt lat="34.943684" lon="128.414878">
			<ele>0.00</ele>
			<time>2020-01-17T01:11:31.88Z</time>
		</trkpt>
		<trkpt lat="34.943644" lon="128.414883">
			<ele>0.00</ele>
			<time>2020-01-17T01:11:32.15Z</time>
		</trkpt>
		<trkpt lat="34.943600" lon="128.414892">
			<ele>0.00</ele>
			<time>2020-01-17T01:11:32.44Z</time>
		</trkpt>
		<trkpt lat="34.943563" lon="128.414900">
			<ele>0.00</ele>
			<time>2020-01-17T01:11:32.69Z</time>
		</trkpt>
		<trkpt lat="34.943526" lon="128.414907">
			<ele>0.00</ele>
			<time>2020-01-17T01:11:32.94Z</time>
		</trkpt>
		<trkpt lat="34.943493" lon="128.414914">
			<ele>0.00</ele>
			<time>2020-01-17T01:11:33.16Z</time>
		</trkpt>
		<trkpt lat="34.943455" lon="128.414923">
			<ele>0.00</ele>
			<time>2020-01-17T01:11:33.42Z</time>
		</trkpt>
		<trkpt lat="34.943419" lon="128.414933">
			<ele>0.00</ele>
			<time>2020-01-17T01:11:33.67Z</time>
		</trkpt>
		<trkpt lat="34.943383" lon="128.414946">
			<ele>0.00</ele>
			<time>2020-01-17T01:11:33.92Z</time>
		</trkpt>
		<trkpt lat="34.943339" lon="128.414955">
			<ele>0.00</ele>
			<time>2020-01-17T01:11:34.22Z</time>
		</trkpt>
		<trkpt lat="34.943290" lon="128.414964">
			<ele>0.00</ele>
			<time>2020-01-17T01:11:34.55Z</time>
		</trkpt>
		<trkpt lat="34.943249" lon="128.414972">
			<ele>0.00</ele>
			<time>2020-01-17T01:11:34.82Z</time>
		</trkpt>
		<trkpt lat="34.943206" lon="128.414982">
			<ele>0.00</ele>
			<time>2020-01-17T01:11:35.11Z</time>
		</trkpt>
		<trkpt lat="34.943167" lon="128.414990">
			<ele>0.00</ele>
			<time>2020-01-17T01:11:35.38Z</time>
		</trkpt>
		<trkpt lat="34.943132" lon="128.415000">
			<ele>0.00</ele>
			<time>2020-01-17T01:11:35.62Z</time>
		</trkpt>
		<trkpt lat="34.943101" lon="128.415009">
			<ele>0.00</ele>
			<time>2020-01-17T01:11:35.83Z</time>
		</trkpt>
		<trkpt lat="34.943069" lon="128.415016">
			<ele>0.00</ele>
			<time>2020-01-17T01:11:36.05Z</time>
		</trkpt>
		<trkpt lat="34.943030" lon="128.415035">
			<ele>0.00</ele>
			<time>2020-01-17T01:11:36.33Z</time>
		</trkpt>
		<trkpt lat="34.942992" lon="128.415057">
			<ele>0.00</ele>
			<time>2020-01-17T01:11:36.61Z</time>
		</trkpt>
		<trkpt lat="34.942955" lon="128.415081">
			<ele>0.00</ele>
			<time>2020-01-17T01:11:36.89Z</time>
		</trkpt>
		<trkpt lat="34.942913" lon="128.415107">
			<ele>0.00</ele>
			<time>2020-01-17T01:11:37.20Z</time>
		</trkpt>
		<trkpt lat="34.942872" lon="128.415135">
			<ele>0.00</ele>
			<time>2020-01-17T01:11:37.52Z</time>
		</trkpt>
		<trkpt lat="34.942841" lon="128.415161">
			<ele>0.00</ele>
			<time>2020-01-17T01:11:37.77Z</time>
		</trkpt>
		<trkpt lat="34.942805" lon="128.415192">
			<ele>0.00</ele>
			<time>2020-01-17T01:11:38.06Z</time>
		</trkpt>
		<trkpt lat="34.942778" lon="128.415214">
			<ele>0.00</ele>
			<time>2020-01-17T01:11:38.28Z</time>
		</trkpt>
		<trkpt lat="34.942747" lon="128.415236">
			<ele>0.00</ele>
			<time>2020-01-17T01:11:38.51Z</time>
		</trkpt>
		<trkpt lat="34.942714" lon="128.415259">
			<ele>0.00</ele>
			<time>2020-01-17T01:11:38.77Z</time>
		</trkpt>
		<trkpt lat="34.942684" lon="128.415284">
			<ele>0.00</ele>
			<time>2020-01-17T01:11:39.01Z</time>
		</trkpt>
		<trkpt lat="34.942650" lon="128.415307">
			<ele>0.00</ele>
			<time>2020-01-17T01:11:39.27Z</time>
		</trkpt>
		<trkpt lat="34.942619" lon="128.415335">
			<ele>0.00</ele>
			<time>2020-01-17T01:11:39.53Z</time>
		</trkpt>
		<trkpt lat="34.942588" lon="128.415359">
			<ele>0.00</ele>
			<time>2020-01-17T01:11:39.77Z</time>
		</trkpt>
		<trkpt lat="34.942556" lon="128.415387">
			<ele>0.00</ele>
			<time>2020-01-17T01:11:40.04Z</time>
		</trkpt>
		<trkpt lat="34.942526" lon="128.415418">
			<ele>0.00</ele>
			<time>2020-01-17T01:11:40.30Z</time>
		</trkpt>
		<trkpt lat="34.942495" lon="128.415445">
			<ele>0.00</ele>
			<time>2020-01-17T01:11:40.55Z</time>
		</trkpt>
		<trkpt lat="34.942461" lon="128.415474">
			<ele>0.00</ele>
			<time>2020-01-17T01:11:40.83Z</time>
		</trkpt>
		<trkpt lat="34.942424" lon="128.415513">
			<ele>0.00</ele>
			<time>2020-01-17T01:11:41.15Z</time>
		</trkpt>
		<trkpt lat="34.942386" lon="128.415546">
			<ele>0.00</ele>
			<time>2020-01-17T01:11:41.46Z</time>
		</trkpt>
		<trkpt lat="34.942359" lon="128.415573">
			<ele>0.00</ele>
			<time>2020-01-17T01:11:41.70Z</time>
		</trkpt>
		<trkpt lat="34.942322" lon="128.415605">
			<ele>0.00</ele>
			<time>2020-01-17T01:11:42Z</time>
		</trkpt>
		<trkpt lat="34.942288" lon="128.415635">
			<ele>0.00</ele>
			<time>2020-01-17T01:11:42.28Z</time>
		</trkpt>
		<trkpt lat="34.942252" lon="128.415665">
			<ele>0.00</ele>
			<time>2020-01-17T01:11:42.57Z</time>
		</trkpt>
		<trkpt lat="34.942219" lon="128.415696">
			<ele>0.00</ele>
			<time>2020-01-17T01:11:42.85Z</time>
		</trkpt>
		<trkpt lat="34.942188" lon="128.415723">
			<ele>0.00</ele>
			<time>2020-01-17T01:11:43.10Z</time>
		</trkpt>
		<trkpt lat="34.942153" lon="128.415753">
			<ele>0.00</ele>
			<time>2020-01-17T01:11:43.39Z</time>
		</trkpt>
		<trkpt lat="34.942124" lon="128.415783">
			<ele>0.00</ele>
			<time>2020-01-17T01:11:43.64Z</time>
		</trkpt>
		<trkpt lat="34.942088" lon="128.415813">
			<ele>0.00</ele>
			<time>2020-01-17T01:11:43.93Z</time>
		</trkpt>
		<trkpt lat="34.942055" lon="128.415843">
			<ele>0.00</ele>
			<time>2020-01-17T01:11:44.21Z</time>
		</trkpt>
		<trkpt lat="34.942015" lon="128.415879">
			<ele>0.00</ele>
			<time>2020-01-17T01:11:44.54Z</time>
		</trkpt>
		<trkpt lat="34.941981" lon="128.415909">
			<ele>0.00</ele>
			<time>2020-01-17T01:11:44.81Z</time>
		</trkpt>
		<trkpt lat="34.941949" lon="128.415938">
			<ele>0.00</ele>
			<time>2020-01-17T01:11:45.09Z</time>
		</trkpt>
		<trkpt lat="34.941913" lon="128.415974">
			<ele>0.00</ele>
			<time>2020-01-17T01:11:45.39Z</time>
		</trkpt>
		<trkpt lat="34.941878" lon="128.416002">
			<ele>0.00</ele>
			<time>2020-01-17T01:11:45.67Z</time>
		</trkpt>
		<trkpt lat="34.941851" lon="128.416025">
			<ele>0.00</ele>
			<time>2020-01-17T01:11:45.89Z</time>
		</trkpt>
		<trkpt lat="34.941818" lon="128.416053">
			<ele>0.00</ele>
			<time>2020-01-17T01:11:46.16Z</time>
		</trkpt>
		<trkpt lat="34.941784" lon="128.416087">
			<ele>0.00</ele>
			<time>2020-01-17T01:11:46.45Z</time>
		</trkpt>
		<trkpt lat="34.941752" lon="128.416116">
			<ele>0.00</ele>
			<time>2020-01-17T01:11:46.72Z</time>
		</trkpt>
		<trkpt lat="34.941723" lon="128.416142">
			<ele>0.00</ele>
			<time>2020-01-17T01:11:46.96Z</time>
		</trkpt>
		<trkpt lat="34.941685" lon="128.416176">
			<ele>0.00</ele>
			<time>2020-01-17T01:11:47.28Z</time>
		</trkpt>
		<trkpt lat="34.941650" lon="128.416207">
			<ele>0.00</ele>
			<time>2020-01-17T01:11:47.56Z</time>
		</trkpt>
		<trkpt lat="34.941610" lon="128.416243">
			<ele>0.00</ele>
			<time>2020-01-17T01:11:47.89Z</time>
		</trkpt>
		<trkpt lat="34.941569" lon="128.416275">
			<ele>0.00</ele>
			<time>2020-01-17T01:11:48.22Z</time>
		</trkpt>
		<trkpt lat="34.941537" lon="128.416306">
			<ele>0.00</ele>
			<time>2020-01-17T01:11:48.49Z</time>
		</trkpt>
		<trkpt lat="34.941501" lon="128.416339">
			<ele>0.00</ele>
			<time>2020-01-17T01:11:48.79Z</time>
		</trkpt>
		<trkpt lat="34.941467" lon="128.416369">
			<ele>0.00</ele>
			<time>2020-01-17T01:11:49.07Z</time>
		</trkpt>
		<trkpt lat="34.941420" lon="128.416405">
			<ele>0.00</ele>
			<time>2020-01-17T01:11:49.44Z</time>
		</trkpt>
		<trkpt lat="34.941389" lon="128.416433">
			<ele>0.00</ele>
			<time>2020-01-17T01:11:49.70Z</time>
		</trkpt>
		<trkpt lat="34.941357" lon="128.416460">
			<ele>0.00</ele>
			<time>2020-01-17T01:11:49.96Z</time>
		</trkpt>
		<trkpt lat="34.941320" lon="128.416488">
			<ele>0.00</ele>
			<time>2020-01-17T01:11:50.25Z</time>
		</trkpt>
		<trkpt lat="34.941276" lon="128.416526">
			<ele>0.00</ele>
			<time>2020-01-17T01:11:50.60Z</time>
		</trkpt>
		<trkpt lat="34.941239" lon="128.416556">
			<ele>0.00</ele>
			<time>2020-01-17T01:11:50.90Z</time>
		</trkpt>
		<trkpt lat="34.941204" lon="128.416583">
			<ele>0.00</ele>
			<time>2020-01-17T01:11:51.18Z</time>
		</trkpt>
		<trkpt lat="34.941166" lon="128.416617">
			<ele>0.00</ele>
			<time>2020-01-17T01:11:51.49Z</time>
		</trkpt>
		<trkpt lat="34.941123" lon="128.416654">
			<ele>0.00</ele>
			<time>2020-01-17T01:11:51.84Z</time>
		</trkpt>
		<trkpt lat="34.941078" lon="128.416686">
			<ele>0.00</ele>
			<time>2020-01-17T01:11:52.19Z</time>
		</trkpt>
		<trkpt lat="34.941039" lon="128.416723">
			<ele>0.00</ele>
			<time>2020-01-17T01:11:52.52Z</time>
		</trkpt>
		<trkpt lat="34.941000" lon="128.416756">
			<ele>0.00</ele>
			<time>2020-01-17T01:11:52.84Z</time>
		</trkpt>
		<trkpt lat="34.940969" lon="128.416784">
			<ele>0.00</ele>
			<time>2020-01-17T01:11:53.09Z</time>
		</trkpt>
		<trkpt lat="34.940934" lon="128.416815">
			<ele>0.00</ele>
			<time>2020-01-17T01:11:53.38Z</time>
		</trkpt>
		<trkpt lat="34.940905" lon="128.416838">
			<ele>0.00</ele>
			<time>2020-01-17T01:11:53.61Z</time>
		</trkpt>
		<trkpt lat="34.940878" lon="128.416862">
			<ele>0.00</ele>
			<time>2020-01-17T01:11:53.84Z</time>
		</trkpt>
		<trkpt lat="34.940845" lon="128.416892">
			<ele>0.00</ele>
			<time>2020-01-17T01:11:54.11Z</time>
		</trkpt>
		<trkpt lat="34.940810" lon="128.416920">
			<ele>0.00</ele>
			<time>2020-01-17T01:11:54.39Z</time>
		</trkpt>
		<trkpt lat="34.940779" lon="128.416948">
			<ele>0.00</ele>
			<time>2020-01-17T01:11:54.64Z</time>
		</trkpt>
		<trkpt lat="34.940746" lon="128.416973">
			<ele>0.00</ele>
			<time>2020-01-17T01:11:54.90Z</time>
		</trkpt>
		<trkpt lat="34.940716" lon="128.416999">
			<ele>0.00</ele>
			<time>2020-01-17T01:11:55.15Z</time>
		</trkpt>
		<trkpt lat="34.940683" lon="128.417023">
			<ele>0.00</ele>
			<time>2020-01-17T01:11:55.40Z</time>
		</trkpt>
		<trkpt lat="34.940650" lon="128.417048">
			<ele>0.00</ele>
			<time>2020-01-17T01:11:55.66Z</time>
		</trkpt>
		<trkpt lat="34.940621" lon="128.417077">
			<ele>0.00</ele>
			<time>2020-01-17T01:11:55.92Z</time>
		</trkpt>
		<trkpt lat="34.940587" lon="128.417103">
			<ele>0.00</ele>
			<time>2020-01-17T01:11:56.18Z</time>
		</trkpt>
		<trkpt lat="34.940556" lon="128.417134">
			<ele>0.00</ele>
			<time>2020-01-17T01:11:56.45Z</time>
		</trkpt>
		<trkpt lat="34.940526" lon="128.417161">
			<ele>0.00</ele>
			<time>2020-01-17T01:11:56.70Z</time>
		</trkpt>
		<trkpt lat="34.940492" lon="128.417190">
			<ele>0.00</ele>
			<time>2020-01-17T01:11:56.97Z</time>
		</trkpt>
		<trkpt lat="34.940460" lon="128.417215">
			<ele>0.00</ele>
			<time>2020-01-17T01:11:57.23Z</time>
		</trkpt>
		<trkpt lat="34.940424" lon="128.417246">
			<ele>0.00</ele>
			<time>2020-01-17T01:11:57.52Z</time>
		</trkpt>
		<trkpt lat="34.940392" lon="128.417278">
			<ele>0.00</ele>
			<time>2020-01-17T01:11:57.80Z</time>
		</trkpt>
		<trkpt lat="34.940361" lon="128.417306">
			<ele>0.00</ele>
			<time>2020-01-17T01:11:58.05Z</time>
		</trkpt>
		<trkpt lat="34.940331" lon="128.417332">
			<ele>0.00</ele>
			<time>2020-01-17T01:11:58.30Z</time>
		</trkpt>
		<trkpt lat="34.940298" lon="128.417361">
			<ele>0.00</ele>
			<time>2020-01-17T01:11:58.57Z</time>
		</trkpt>
		<trkpt lat="34.940267" lon="128.417392">
			<ele>0.00</ele>
			<time>2020-01-17T01:11:58.84Z</time>
		</trkpt>
		<trkpt lat="34.940233" lon="128.417419">
			<ele>0.00</ele>
			<time>2020-01-17T01:11:59.11Z</time>
		</trkpt>
		<trkpt lat="34.940206" lon="128.417443">
			<ele>0.00</ele>
			<time>2020-01-17T01:11:59.33Z</time>
		</trkpt>
		<trkpt lat="34.940177" lon="128.417466">
			<ele>0.00</ele>
			<time>2020-01-17T01:11:59.56Z</time>
		</trkpt>
		<trkpt lat="34.940147" lon="128.417490">
			<ele>0.00</ele>
			<time>2020-01-17T01:11:59.80Z</time>
		</trkpt>
		<trkpt lat="34.940105" lon="128.417525">
			<ele>0.00</ele>
			<time>2020-01-17T01:12:00.14Z</time>
		</trkpt>
		<trkpt lat="34.940084" lon="128.417541">
			<ele>0.00</ele>
			<time>2020-01-17T01:12:00.30Z</time>
		</trkpt>
		<trkpt lat="34.940062" lon="128.417567">
			<ele>0.00</ele>
			<time>2020-01-17T01:12:00.51Z</time>
		</trkpt>
		<trkpt lat="34.940034" lon="128.417592">
			<ele>0.00</ele>
			<time>2020-01-17T01:12:00.74Z</time>
		</trkpt>
		<trkpt lat="34.940005" lon="128.417620">
			<ele>0.00</ele>
			<time>2020-01-17T01:12:00.98Z</time>
		</trkpt>
		<trkpt lat="34.939971" lon="128.417649">
			<ele>0.00</ele>
			<time>2020-01-17T01:12:01.26Z</time>
		</trkpt>
		<trkpt lat="34.939935" lon="128.417677">
			<ele>0.00</ele>
			<time>2020-01-17T01:12:01.55Z</time>
		</trkpt>
		<trkpt lat="34.939902" lon="128.417704">
			<ele>0.00</ele>
			<time>2020-01-17T01:12:01.81Z</time>
		</trkpt>
		<trkpt lat="34.939870" lon="128.417733">
			<ele>0.00</ele>
			<time>2020-01-17T01:12:02.08Z</time>
		</trkpt>
		<trkpt lat="34.939842" lon="128.417762">
			<ele>0.00</ele>
			<time>2020-01-17T01:12:02.33Z</time>
		</trkpt>
		<trkpt lat="34.939817" lon="128.417786">
			<ele>0.00</ele>
			<time>2020-01-17T01:12:02.54Z</time>
		</trkpt>
		<trkpt lat="34.939784" lon="128.417813">
			<ele>0.00</ele>
			<time>2020-01-17T01:12:02.80Z</time>
		</trkpt>
		<trkpt lat="34.939755" lon="128.417849">
			<ele>0.00</ele>
			<time>2020-01-17T01:12:03.08Z</time>
		</trkpt>
		<trkpt lat="34.939730" lon="128.417873">
			<ele>0.00</ele>
			<time>2020-01-17T01:12:03.29Z</time>
		</trkpt>
		<trkpt lat="34.939707" lon="128.417902">
			<ele>0.00</ele>
			<time>2020-01-17T01:12:03.51Z</time>
		</trkpt>
		<trkpt lat="34.939680" lon="128.417942">
			<ele>0.00</ele>
			<time>2020-01-17T01:12:03.79Z</time>
		</trkpt>
		<trkpt lat="34.939658" lon="128.417984">
			<ele>0.00</ele>
			<time>2020-01-17T01:12:04.06Z</time>
		</trkpt>
		<trkpt lat="34.939637" lon="128.418027">
			<ele>0.00</ele>
			<time>2020-01-17T01:12:04.33Z</time>
		</trkpt>
		<trkpt lat="34.939612" lon="128.418080">
			<ele>0.00</ele>
			<time>2020-01-17T01:12:04.67Z</time>
		</trkpt>
		<trkpt lat="34.939596" lon="128.418111">
			<ele>0.00</ele>
			<time>2020-01-17T01:12:04.87Z</time>
		</trkpt>
		<trkpt lat="34.939579" lon="128.418153">
			<ele>0.00</ele>
			<time>2020-01-17T01:12:05.13Z</time>
		</trkpt>
		<trkpt lat="34.939561" lon="128.418186">
			<ele>0.00</ele>
			<time>2020-01-17T01:12:05.35Z</time>
		</trkpt>
		<trkpt lat="34.939538" lon="128.418226">
			<ele>0.00</ele>
			<time>2020-01-17T01:12:05.61Z</time>
		</trkpt>
		<trkpt lat="34.939515" lon="128.418277">
			<ele>0.00</ele>
			<time>2020-01-17T01:12:05.93Z</time>
		</trkpt>
		<trkpt lat="34.939500" lon="128.418311">
			<ele>0.00</ele>
			<time>2020-01-17T01:12:06.14Z</time>
		</trkpt>
		<trkpt lat="34.939480" lon="128.418355">
			<ele>0.00</ele>
			<time>2020-01-17T01:12:06.42Z</time>
		</trkpt>
		<trkpt lat="34.939459" lon="128.418397">
			<ele>0.00</ele>
			<time>2020-01-17T01:12:06.68Z</time>
		</trkpt>
		<trkpt lat="34.939434" lon="128.418449">
			<ele>0.00</ele>
			<time>2020-01-17T01:12:07.01Z</time>
		</trkpt>
		<trkpt lat="34.939413" lon="128.418492">
			<ele>0.00</ele>
			<time>2020-01-17T01:12:07.29Z</time>
		</trkpt>
		<trkpt lat="34.939392" lon="128.418546">
			<ele>0.00</ele>
			<time>2020-01-17T01:12:07.62Z</time>
		</trkpt>
		<trkpt lat="34.939369" lon="128.418597">
			<ele>0.00</ele>
			<time>2020-01-17T01:12:07.93Z</time>
		</trkpt>
		<trkpt lat="34.939345" lon="128.418646">
			<ele>0.00</ele>
			<time>2020-01-17T01:12:08.24Z</time>
		</trkpt>
		<trkpt lat="34.939322" lon="128.418693">
			<ele>0.00</ele>
			<time>2020-01-17T01:12:08.54Z</time>
		</trkpt>
		<trkpt lat="34.939301" lon="128.418740">
			<ele>0.00</ele>
			<time>2020-01-17T01:12:08.83Z</time>
		</trkpt>
		<trkpt lat="34.939278" lon="128.418789">
			<ele>0.00</ele>
			<time>2020-01-17T01:12:09.14Z</time>
		</trkpt>
		<trkpt lat="34.939257" lon="128.418835">
			<ele>0.00</ele>
			<time>2020-01-17T01:12:09.43Z</time>
		</trkpt>
		<trkpt lat="34.939239" lon="128.418880">
			<ele>0.00</ele>
			<time>2020-01-17T01:12:09.71Z</time>
		</trkpt>
		<trkpt lat="34.939220" lon="128.418919">
			<ele>0.00</ele>
			<time>2020-01-17T01:12:09.95Z</time>
		</trkpt>
		<trkpt lat="34.939204" lon="128.418964">
			<ele>0.00</ele>
			<time>2020-01-17T01:12:10.22Z</time>
		</trkpt>
		<trkpt lat="34.939186" lon="128.419009">
			<ele>0.00</ele>
			<time>2020-01-17T01:12:10.49Z</time>
		</trkpt>
		<trkpt lat="34.939171" lon="128.419055">
			<ele>0.00</ele>
			<time>2020-01-17T01:12:10.76Z</time>
		</trkpt>
		<trkpt lat="34.939156" lon="128.419103">
			<ele>0.00</ele>
			<time>2020-01-17T01:12:11.04Z</time>
		</trkpt>
		<trkpt lat="34.939142" lon="128.419147">
			<ele>0.00</ele>
			<time>2020-01-17T01:12:11.30Z</time>
		</trkpt>
		<trkpt lat="34.939128" lon="128.419186">
			<ele>0.00</ele>
			<time>2020-01-17T01:12:11.54Z</time>
		</trkpt>
		<trkpt lat="34.939107" lon="128.419244">
			<ele>0.00</ele>
			<time>2020-01-17T01:12:11.88Z</time>
		</trkpt>
		<trkpt lat="34.939077" lon="128.419225">
			<ele>0.00</ele>
			<time>2020-01-17T01:12:12.11Z</time>
		</trkpt>
		<trkpt lat="34.939049" lon="128.419202">
			<ele>0.00</ele>
			<time>2020-01-17T01:12:12.33Z</time>
		</trkpt>
		<trkpt lat="34.939022" lon="128.419175">
			<ele>0.00</ele>
			<time>2020-01-17T01:12:12.57Z</time>
		</trkpt>
		<trkpt lat="34.938996" lon="128.419158">
			<ele>0.00</ele>
			<time>2020-01-17T01:12:12.77Z</time>
		</trkpt>
		<trkpt lat="34.938964" lon="128.419133">
			<ele>0.00</ele>
			<time>2020-01-17T01:12:13.02Z</time>
		</trkpt>
		<trkpt lat="34.938932" lon="128.419109">
			<ele>0.00</ele>
			<time>2020-01-17T01:12:13.27Z</time>
		</trkpt>
		<trkpt lat="34.938907" lon="128.419085">
			<ele>0.00</ele>
			<time>2020-01-17T01:12:13.48Z</time>
		</trkpt>
		<trkpt lat="34.938886" lon="128.419064">
			<ele>0.00</ele>
			<time>2020-01-17T01:12:13.66Z</time>
		</trkpt>
		<trkpt lat="34.938860" lon="128.419041">
			<ele>0.00</ele>
			<time>2020-01-17T01:12:13.87Z</time>
		</trkpt>
		<trkpt lat="34.938842" lon="128.419023">
			<ele>0.00</ele>
			<time>2020-01-17T01:12:14.03Z</time>
		</trkpt>
		<trkpt lat="34.938822" lon="128.418997">
			<ele>0.00</ele>
			<time>2020-01-17T01:12:14.22Z</time>
		</trkpt>
		<trkpt lat="34.938804" lon="128.418972">
			<ele>0.00</ele>
			<time>2020-01-17T01:12:14.40Z</time>
		</trkpt>
		<trkpt lat="34.938791" lon="128.418942">
			<ele>0.00</ele>
			<time>2020-01-17T01:12:14.59Z</time>
		</trkpt>
		<trkpt lat="34.938774" lon="128.418907">
			<ele>0.00</ele>
			<time>2020-01-17T01:12:14.82Z</time>
		</trkpt>
		<trkpt lat="34.938760" lon="128.418871">
			<ele>0.00</ele>
			<time>2020-01-17T01:12:15.03Z</time>
		</trkpt>
		<trkpt lat="34.938736" lon="128.418830">
			<ele>0.00</ele>
			<time>2020-01-17T01:12:15.31Z</time>
		</trkpt>
		<trkpt lat="34.938715" lon="128.418797">
			<ele>0.00</ele>
			<time>2020-01-17T01:12:15.53Z</time>
		</trkpt>
		<trkpt lat="34.938698" lon="128.418764">
			<ele>0.00</ele>
			<time>2020-01-17T01:12:15.75Z</time>
		</trkpt>
		<trkpt lat="34.938675" lon="128.418731">
			<ele>0.00</ele>
			<time>2020-01-17T01:12:15.98Z</time>
		</trkpt>
		<trkpt lat="34.938648" lon="128.418704">
			<ele>0.00</ele>
			<time>2020-01-17T01:12:16.21Z</time>
		</trkpt>
		<trkpt lat="34.938622" lon="128.418669">
			<ele>0.00</ele>
			<time>2020-01-17T01:12:16.48Z</time>
		</trkpt>
		<trkpt lat="34.938593" lon="128.418649">
			<ele>0.00</ele>
			<time>2020-01-17T01:12:16.70Z</time>
		</trkpt>
		<trkpt lat="34.938574" lon="128.418634">
			<ele>0.00</ele>
			<time>2020-01-17T01:12:16.85Z</time>
		</trkpt>
		<trkpt lat="34.938546" lon="128.418612">
			<ele>0.00</ele>
			<time>2020-01-17T01:12:17.07Z</time>
		</trkpt>
		<trkpt lat="34.938521" lon="128.418595">
			<ele>0.00</ele>
			<time>2020-01-17T01:12:17.26Z</time>
		</trkpt>
		<trkpt lat="34.938499" lon="128.418574">
			<ele>0.00</ele>
			<time>2020-01-17T01:12:17.44Z</time>
		</trkpt>
		<trkpt lat="34.938464" lon="128.418538">
			<ele>0.00</ele>
			<time>2020-01-17T01:12:17.75Z</time>
		</trkpt>
		<trkpt lat="34.938445" lon="128.418526">
			<ele>0.00</ele>
			<time>2020-01-17T01:12:17.90Z</time>
		</trkpt>
		<trkpt lat="34.938421" lon="128.418499">
			<ele>0.00</ele>
			<time>2020-01-17T01:12:18.11Z</time>
		</trkpt>
		<trkpt lat="34.938390" lon="128.418467">
			<ele>0.00</ele>
			<time>2020-01-17T01:12:18.38Z</time>
		</trkpt>
		<trkpt lat="34.938366" lon="128.418481">
			<ele>0.00</ele>
			<time>2020-01-17T01:12:18.56Z</time>
		</trkpt>
		<trkpt lat="34.938344" lon="128.418496">
			<ele>0.00</ele>
			<time>2020-01-17T01:12:18.73Z</time>
		</trkpt>
		<trkpt lat="34.938318" lon="128.418503">
			<ele>0.00</ele>
			<time>2020-01-17T01:12:18.91Z</time>
		</trkpt>
		<trkpt lat="34.938284" lon="128.418495">
			<ele>0.00</ele>
			<time>2020-01-17T01:12:19.14Z</time>
		</trkpt>
		<trkpt lat="34.938255" lon="128.418482">
			<ele>0.00</ele>
			<time>2020-01-17T01:12:19.34Z</time>
		</trkpt>
		<trkpt lat="34.938222" lon="128.418462">
			<ele>0.00</ele>
			<time>2020-01-17T01:12:19.59Z</time>
		</trkpt>
		<trkpt lat="34.938189" lon="128.418444">
			<ele>0.00</ele>
			<time>2020-01-17T01:12:19.83Z</time>
		</trkpt>
		<trkpt lat="34.938155" lon="128.418426">
			<ele>0.00</ele>
			<time>2020-01-17T01:12:20.08Z</time>
		</trkpt>
		<trkpt lat="34.938123" lon="128.418409">
			<ele>0.00</ele>
			<time>2020-01-17T01:12:20.31Z</time>
		</trkpt>
		<trkpt lat="34.938088" lon="128.418394">
			<ele>0.00</ele>
			<time>2020-01-17T01:12:20.56Z</time>
		</trkpt>
		<trkpt lat="34.938051" lon="128.418377">
			<ele>0.00</ele>
			<time>2020-01-17T01:12:20.82Z</time>
		</trkpt>
		<trkpt lat="34.938020" lon="128.418355">
			<ele>0.00</ele>
			<time>2020-01-17T01:12:21.06Z</time>
		</trkpt>
		<trkpt lat="34.937982" lon="128.418340">
			<ele>0.00</ele>
			<time>2020-01-17T01:12:21.33Z</time>
		</trkpt>
		<trkpt lat="34.937959" lon="128.418333">
			<ele>0.00</ele>
			<time>2020-01-17T01:12:21.49Z</time>
		</trkpt>
		<trkpt lat="34.937933" lon="128.418321">
			<ele>0.00</ele>
			<time>2020-01-17T01:12:21.67Z</time>
		</trkpt>
		<trkpt lat="34.937904" lon="128.418314">
			<ele>0.00</ele>
			<time>2020-01-17T01:12:21.86Z</time>
		</trkpt>
		<trkpt lat="34.937876" lon="128.418299">
			<ele>0.00</ele>
			<time>2020-01-17T01:12:22.07Z</time>
		</trkpt>
		<trkpt lat="34.937855" lon="128.418288">
			<ele>0.00</ele>
			<time>2020-01-17T01:12:22.22Z</time>
		</trkpt>
		<trkpt lat="34.937828" lon="128.418268">
			<ele>0.00</ele>
			<time>2020-01-17T01:12:22.43Z</time>
		</trkpt>
		<trkpt lat="34.937802" lon="128.418250">
			<ele>0.00</ele>
			<time>2020-01-17T01:12:22.63Z</time>
		</trkpt>
		<trkpt lat="34.937774" lon="128.418241">
			<ele>0.00</ele>
			<time>2020-01-17T01:12:22.83Z</time>
		</trkpt>
		<trkpt lat="34.937745" lon="128.418229">
			<ele>0.00</ele>
			<time>2020-01-17T01:12:23.03Z</time>
		</trkpt>
		<trkpt lat="34.937714" lon="128.418211">
			<ele>0.00</ele>
			<time>2020-01-17T01:12:23.26Z</time>
		</trkpt>
		<trkpt lat="34.937681" lon="128.418202">
			<ele>0.00</ele>
			<time>2020-01-17T01:12:23.49Z</time>
		</trkpt>
		<trkpt lat="34.937653" lon="128.418195">
			<ele>0.00</ele>
			<time>2020-01-17T01:12:23.67Z</time>
		</trkpt>
		<trkpt lat="34.937622" lon="128.418191">
			<ele>0.00</ele>
			<time>2020-01-17T01:12:23.88Z</time>
		</trkpt>
		<trkpt lat="34.937591" lon="128.418188">
			<ele>0.00</ele>
			<time>2020-01-17T01:12:24.09Z</time>
		</trkpt>
		<trkpt lat="34.937558" lon="128.418183">
			<ele>0.00</ele>
			<time>2020-01-17T01:12:24.31Z</time>
		</trkpt>
		<trkpt lat="34.937533" lon="128.418169">
			<ele>0.00</ele>
			<time>2020-01-17T01:12:24.50Z</time>
		</trkpt>
		<trkpt lat="34.937509" lon="128.418156">
			<ele>0.00</ele>
			<time>2020-01-17T01:12:24.67Z</time>
		</trkpt>
		<trkpt lat="34.937483" lon="128.418145">
			<ele>0.00</ele>
			<time>2020-01-17T01:12:24.85Z</time>
		</trkpt>
		<trkpt lat="34.937451" lon="128.418131">
			<ele>0.00</ele>
			<time>2020-01-17T01:12:25.08Z</time>
		</trkpt>
		<trkpt lat="34.937423" lon="128.418119">
			<ele>0.00</ele>
			<time>2020-01-17T01:12:25.28Z</time>
		</trkpt>
		<trkpt lat="34.937395" lon="128.418102">
			<ele>0.00</ele>
			<time>2020-01-17T01:12:25.49Z</time>
		</trkpt>
		<trkpt lat="34.937369" lon="128.418082">
			<ele>0.00</ele>
			<time>2020-01-17T01:12:25.69Z</time>
		</trkpt>
		<trkpt lat="34.937349" lon="128.418062">
			<ele>0.00</ele>
			<time>2020-01-17T01:12:25.86Z</time>
		</trkpt>
		<trkpt lat="34.937328" lon="128.418044">
			<ele>0.00</ele>
			<time>2020-01-17T01:12:26.04Z</time>
		</trkpt>
		<trkpt lat="34.937294" lon="128.418021">
			<ele>0.00</ele>
			<time>2020-01-17T01:12:26.29Z</time>
		</trkpt>
		<trkpt lat="34.937265" lon="128.418002">
			<ele>0.00</ele>
			<time>2020-01-17T01:12:26.52Z</time>
		</trkpt>
		<trkpt lat="34.937237" lon="128.417979">
			<ele>0.00</ele>
			<time>2020-01-17T01:12:26.74Z</time>
		</trkpt>
		<trkpt lat="34.937207" lon="128.417952">
			<ele>0.00</ele>
			<time>2020-01-17T01:12:26.99Z</time>
		</trkpt>
		<trkpt lat="34.937176" lon="128.417935">
			<ele>0.00</ele>
			<time>2020-01-17T01:12:27.22Z</time>
		</trkpt>
		<trkpt lat="34.937149" lon="128.417917">
			<ele>0.00</ele>
			<time>2020-01-17T01:12:27.42Z</time>
		</trkpt>
		<trkpt lat="34.937121" lon="128.417901">
			<ele>0.00</ele>
			<time>2020-01-17T01:12:27.63Z</time>
		</trkpt>
		<trkpt lat="34.937100" lon="128.417885">
			<ele>0.00</ele>
			<time>2020-01-17T01:12:27.79Z</time>
		</trkpt>
		<trkpt lat="34.937071" lon="128.417869">
			<ele>0.00</ele>
			<time>2020-01-17T01:12:28.01Z</time>
		</trkpt>
		<trkpt lat="34.937045" lon="128.417859">
			<ele>0.00</ele>
			<time>2020-01-17T01:12:28.18Z</time>
		</trkpt>
		<trkpt lat="34.937017" lon="128.417853">
			<ele>0.00</ele>
			<time>2020-01-17T01:12:28.38Z</time>
		</trkpt>
		<trkpt lat="34.936983" lon="128.417842">
			<ele>0.00</ele>
			<time>2020-01-17T01:12:28.61Z</time>
		</trkpt>
		<trkpt lat="34.936951" lon="128.417832">
			<ele>0.00</ele>
			<time>2020-01-17T01:12:28.83Z</time>
		</trkpt>
		<trkpt lat="34.936920" lon="128.417820">
			<ele>0.00</ele>
			<time>2020-01-17T01:12:29.04Z</time>
		</trkpt>
		<trkpt lat="34.936886" lon="128.417808">
			<ele>0.00</ele>
			<time>2020-01-17T01:12:29.28Z</time>
		</trkpt>
		<trkpt lat="34.936849" lon="128.417791">
			<ele>0.00</ele>
			<time>2020-01-17T01:12:29.54Z</time>
		</trkpt>
		<trkpt lat="34.936815" lon="128.417777">
			<ele>0.00</ele>
			<time>2020-01-17T01:12:29.78Z</time>
		</trkpt>
		<trkpt lat="34.936786" lon="128.417761">
			<ele>0.00</ele>
			<time>2020-01-17T01:12:29.99Z</time>
		</trkpt>
		<trkpt lat="34.936757" lon="128.417749">
			<ele>0.00</ele>
			<time>2020-01-17T01:12:30.20Z</time>
		</trkpt>
		<trkpt lat="34.936730" lon="128.417736">
			<ele>0.00</ele>
			<time>2020-01-17T01:12:30.40Z</time>
		</trkpt>
		<trkpt lat="34.936698" lon="128.417718">
			<ele>0.00</ele>
			<time>2020-01-17T01:12:30.63Z</time>
		</trkpt>
		<trkpt lat="34.936671" lon="128.417699">
			<ele>0.00</ele>
			<time>2020-01-17T01:12:30.84Z</time>
		</trkpt>
		<trkpt lat="34.936649" lon="128.417681">
			<ele>0.00</ele>
			<time>2020-01-17T01:12:31.01Z</time>
		</trkpt>
		<trkpt lat="34.936620" lon="128.417660">
			<ele>0.00</ele>
			<time>2020-01-17T01:12:31.24Z</time>
		</trkpt>
		<trkpt lat="34.936594" lon="128.417643">
			<ele>0.00</ele>
			<time>2020-01-17T01:12:31.44Z</time>
		</trkpt>
		<trkpt lat="34.936563" lon="128.417622">
			<ele>0.00</ele>
			<time>2020-01-17T01:12:31.67Z</time>
		</trkpt>
		<trkpt lat="34.936538" lon="128.417605">
			<ele>0.00</ele>
			<time>2020-01-17T01:12:31.86Z</time>
		</trkpt>
		<trkpt lat="34.936509" lon="128.417586">
			<ele>0.00</ele>
			<time>2020-01-17T01:12:32.09Z</time>
		</trkpt>
		<trkpt lat="34.936471" lon="128.417567">
			<ele>0.00</ele>
			<time>2020-01-17T01:12:32.36Z</time>
		</trkpt>
		<trkpt lat="34.936443" lon="128.417550">
			<ele>0.00</ele>
			<time>2020-01-17T01:12:32.56Z</time>
		</trkpt>
		<trkpt lat="34.936412" lon="128.417536">
			<ele>0.00</ele>
			<time>2020-01-17T01:12:32.79Z</time>
		</trkpt>
		<trkpt lat="34.936378" lon="128.417516">
			<ele>0.00</ele>
			<time>2020-01-17T01:12:33.03Z</time>
		</trkpt>
		<trkpt lat="34.936346" lon="128.417497">
			<ele>0.00</ele>
			<time>2020-01-17T01:12:33.27Z</time>
		</trkpt>
		<trkpt lat="34.936318" lon="128.417473">
			<ele>0.00</ele>
			<time>2020-01-17T01:12:33.50Z</time>
		</trkpt>
		<trkpt lat="34.936287" lon="128.417451">
			<ele>0.00</ele>
			<time>2020-01-17T01:12:33.74Z</time>
		</trkpt>
		<trkpt lat="34.936262" lon="128.417433">
			<ele>0.00</ele>
			<time>2020-01-17T01:12:33.93Z</time>
		</trkpt>
		<trkpt lat="34.936243" lon="128.417416">
			<ele>0.00</ele>
			<time>2020-01-17T01:12:34.09Z</time>
		</trkpt>
		<trkpt lat="34.936212" lon="128.417387">
			<ele>0.00</ele>
			<time>2020-01-17T01:12:34.35Z</time>
		</trkpt>
		<trkpt lat="34.936171" lon="128.417356">
			<ele>0.00</ele>
			<time>2020-01-17T01:12:34.67Z</time>
		</trkpt>
		<trkpt lat="34.936143" lon="128.417332">
			<ele>0.00</ele>
			<time>2020-01-17T01:12:34.90Z</time>
		</trkpt>
		<trkpt lat="34.936114" lon="128.417316">
			<ele>0.00</ele>
			<time>2020-01-17T01:12:35.11Z</time>
		</trkpt>
		<trkpt lat="34.936094" lon="128.417305">
			<ele>0.00</ele>
			<time>2020-01-17T01:12:35.26Z</time>
		</trkpt>
		<trkpt lat="34.936071" lon="128.417296">
			<ele>0.00</ele>
			<time>2020-01-17T01:12:35.42Z</time>
		</trkpt>
		<trkpt lat="34.936047" lon="128.417294">
			<ele>0.00</ele>
			<time>2020-01-17T01:12:35.58Z</time>
		</trkpt>
		<trkpt lat="34.936023" lon="128.417299">
			<ele>0.00</ele>
			<time>2020-01-17T01:12:35.75Z</time>
		</trkpt>
		<trkpt lat="34.936002" lon="128.417297">
			<ele>0.00</ele>
			<time>2020-01-17T01:12:35.88Z</time>
		</trkpt>
		<trkpt lat="34.935975" lon="128.417298">
			<ele>0.00</ele>
			<time>2020-01-17T01:12:36.07Z</time>
		</trkpt>
		<trkpt lat="34.935950" lon="128.417294">
			<ele>0.00</ele>
			<time>2020-01-17T01:12:36.23Z</time>
		</trkpt>
		<trkpt lat="34.935919" lon="128.417282">
			<ele>0.00</ele>
			<time>2020-01-17T01:12:36.45Z</time>
		</trkpt>
		<trkpt lat="34.935895" lon="128.417260">
			<ele>0.00</ele>
			<time>2020-01-17T01:12:36.65Z</time>
		</trkpt>
		<trkpt lat="34.935870" lon="128.417237">
			<ele>0.00</ele>
			<time>2020-01-17T01:12:36.86Z</time>
		</trkpt>
		<trkpt lat="34.935850" lon="128.417220">
			<ele>0.00</ele>
			<time>2020-01-17T01:12:37.02Z</time>
		</trkpt>
		<trkpt lat="34.935824" lon="128.417191">
			<ele>0.00</ele>
			<time>2020-01-17T01:12:37.25Z</time>
		</trkpt>
		<trkpt lat="34.935805" lon="128.417166">
			<ele>0.00</ele>
			<time>2020-01-17T01:12:37.44Z</time>
		</trkpt>
		<trkpt lat="34.935778" lon="128.417142">
			<ele>0.00</ele>
			<time>2020-01-17T01:12:37.67Z</time>
		</trkpt>
		<trkpt lat="34.935766" lon="128.417115">
			<ele>0.00</ele>
			<time>2020-01-17T01:12:37.83Z</time>
		</trkpt>
		<trkpt lat="34.935751" lon="128.417076">
			<ele>0.00</ele>
			<time>2020-01-17T01:12:38.07Z</time>
		</trkpt>
		<trkpt lat="34.935747" lon="128.417042">
			<ele>0.00</ele>
			<time>2020-01-17T01:12:38.26Z</time>
		</trkpt>
		<trkpt lat="34.935743" lon="128.417008">
			<ele>0.00</ele>
			<time>2020-01-17T01:12:38.45Z</time>
		</trkpt>
		<trkpt lat="34.935735" lon="128.416972">
			<ele>0.00</ele>
			<time>2020-01-17T01:12:38.65Z</time>
		</trkpt>
		<trkpt lat="34.935720" lon="128.416940">
			<ele>0.00</ele>
			<time>2020-01-17T01:12:38.85Z</time>
		</trkpt>
		<trkpt lat="34.935706" lon="128.416907">
			<ele>0.00</ele>
			<time>2020-01-17T01:12:39.05Z</time>
		</trkpt>
		<trkpt lat="34.935690" lon="128.416878">
			<ele>0.00</ele>
			<time>2020-01-17T01:12:39.24Z</time>
		</trkpt>
		<trkpt lat="34.935673" lon="128.416852">
			<ele>0.00</ele>
			<time>2020-01-17T01:12:39.43Z</time>
		</trkpt>
		<trkpt lat="34.935649" lon="128.416817">
			<ele>0.00</ele>
			<time>2020-01-17T01:12:39.68Z</time>
		</trkpt>
		<trkpt lat="34.935628" lon="128.416799">
			<ele>0.00</ele>
			<time>2020-01-17T01:12:39.85Z</time>
		</trkpt>
		<trkpt lat="34.935607" lon="128.416777">
			<ele>0.00</ele>
			<time>2020-01-17T01:12:40.03Z</time>
		</trkpt>
		<trkpt lat="34.935581" lon="128.416767">
			<ele>0.00</ele>
			<time>2020-01-17T01:12:40.21Z</time>
		</trkpt>
		<trkpt lat="34.935561" lon="128.416764">
			<ele>0.00</ele>
			<time>2020-01-17T01:12:40.35Z</time>
		</trkpt>
		<trkpt lat="34.935533" lon="128.416753">
			<ele>0.00</ele>
			<time>2020-01-17T01:12:40.54Z</time>
		</trkpt>
		<trkpt lat="34.935504" lon="128.416740">
			<ele>0.00</ele>
			<time>2020-01-17T01:12:40.75Z</time>
		</trkpt>
		<trkpt lat="34.935476" lon="128.416729">
			<ele>0.00</ele>
			<time>2020-01-17T01:12:40.94Z</time>
		</trkpt>
		<trkpt lat="34.935458" lon="128.416714">
			<ele>0.00</ele>
			<time>2020-01-17T01:12:41.09Z</time>
		</trkpt>
		<trkpt lat="34.935431" lon="128.416689">
			<ele>0.00</ele>
			<time>2020-01-17T01:12:41.32Z</time>
		</trkpt>
		<trkpt lat="34.935405" lon="128.416668">
			<ele>0.00</ele>
			<time>2020-01-17T01:12:41.52Z</time>
		</trkpt>
		<trkpt lat="34.935380" lon="128.416649">
			<ele>0.00</ele>
			<time>2020-01-17T01:12:41.72Z</time>
		</trkpt>
		<trkpt lat="34.935357" lon="128.416625">
			<ele>0.00</ele>
			<time>2020-01-17T01:12:41.92Z</time>
		</trkpt>
		<trkpt lat="34.935332" lon="128.416608">
			<ele>0.00</ele>
			<time>2020-01-17T01:12:42.11Z</time>
		</trkpt>
		<trkpt lat="34.935308" lon="128.416590">
			<ele>0.00</ele>
			<time>2020-01-17T01:12:42.30Z</time>
		</trkpt>
		<trkpt lat="34.935283" lon="128.416572">
			<ele>0.00</ele>
			<time>2020-01-17T01:12:42.49Z</time>
		</trkpt>
		<trkpt lat="34.935266" lon="128.416554">
			<ele>0.00</ele>
			<time>2020-01-17T01:12:42.65Z</time>
		</trkpt>
		<trkpt lat="34.935248" lon="128.416536">
			<ele>0.00</ele>
			<time>2020-01-17T01:12:42.80Z</time>
		</trkpt>
		<trkpt lat="34.935227" lon="128.416522">
			<ele>0.00</ele>
			<time>2020-01-17T01:12:42.96Z</time>
		</trkpt>
		<trkpt lat="34.935197" lon="128.416508">
			<ele>0.00</ele>
			<time>2020-01-17T01:12:43.18Z</time>
		</trkpt>
		<trkpt lat="34.935169" lon="128.416508">
			<ele>0.00</ele>
			<time>2020-01-17T01:12:43.36Z</time>
		</trkpt>
		<trkpt lat="34.935144" lon="128.416507">
			<ele>0.00</ele>
			<time>2020-01-17T01:12:43.52Z</time>
		</trkpt>
		<trkpt lat="34.935119" lon="128.416504">
			<ele>0.00</ele>
			<time>2020-01-17T01:12:43.69Z</time>
		</trkpt>
		<trkpt lat="34.935096" lon="128.416503">
			<ele>0.00</ele>
			<time>2020-01-17T01:12:43.85Z</time>
		</trkpt>
		<trkpt lat="34.935064" lon="128.416504">
			<ele>0.00</ele>
			<time>2020-01-17T01:12:44.06Z</time>
		</trkpt>
		<trkpt lat="34.935034" lon="128.416507">
			<ele>0.00</ele>
			<time>2020-01-17T01:12:44.26Z</time>
		</trkpt>
		<trkpt lat="34.935002" lon="128.416506">
			<ele>0.00</ele>
			<time>2020-01-17T01:12:44.47Z</time>
		</trkpt>
		<trkpt lat="34.934977" lon="128.416511">
			<ele>0.00</ele>
			<time>2020-01-17T01:12:44.64Z</time>
		</trkpt>
		<trkpt lat="34.934950" lon="128.416513">
			<ele>0.00</ele>
			<time>2020-01-17T01:12:44.83Z</time>
		</trkpt>
		<trkpt lat="34.934916" lon="128.416514">
			<ele>0.00</ele>
			<time>2020-01-17T01:12:45.05Z</time>
		</trkpt>
		<trkpt lat="34.934887" lon="128.416510">
			<ele>0.00</ele>
			<time>2020-01-17T01:12:45.25Z</time>
		</trkpt>
		<trkpt lat="34.934862" lon="128.416505">
			<ele>0.00</ele>
			<time>2020-01-17T01:12:45.41Z</time>
		</trkpt>
		<trkpt lat="34.934838" lon="128.416493">
			<ele>0.00</ele>
			<time>2020-01-17T01:12:45.59Z</time>
		</trkpt>
		<trkpt lat="34.934815" lon="128.416484">
			<ele>0.00</ele>
			<time>2020-01-17T01:12:45.75Z</time>
		</trkpt>
		<trkpt lat="34.934786" lon="128.416465">
			<ele>0.00</ele>
			<time>2020-01-17T01:12:45.97Z</time>
		</trkpt>
		<trkpt lat="34.934765" lon="128.416452">
			<ele>0.00</ele>
			<time>2020-01-17T01:12:46.13Z</time>
		</trkpt>
		<trkpt lat="34.934740" lon="128.416438">
			<ele>0.00</ele>
			<time>2020-01-17T01:12:46.31Z</time>
		</trkpt>
		<trkpt lat="34.934714" lon="128.416426">
			<ele>0.00</ele>
			<time>2020-01-17T01:12:46.49Z</time>
		</trkpt>
		<trkpt lat="34.934691" lon="128.416413">
			<ele>0.00</ele>
			<time>2020-01-17T01:12:46.66Z</time>
		</trkpt>
		<trkpt lat="34.934665" lon="128.416400">
			<ele>0.00</ele>
			<time>2020-01-17T01:12:46.85Z</time>
		</trkpt>
		<trkpt lat="34.934641" lon="128.416387">
			<ele>0.00</ele>
			<time>2020-01-17T01:12:47.02Z</time>
		</trkpt>
		<trkpt lat="34.934619" lon="128.416376">
			<ele>0.00</ele>
			<time>2020-01-17T01:12:47.18Z</time>
		</trkpt>
		<trkpt lat="34.934597" lon="128.416363">
			<ele>0.00</ele>
			<time>2020-01-17T01:12:47.35Z</time>
		</trkpt>
		<trkpt lat="34.934575" lon="128.416350">
			<ele>0.00</ele>
			<time>2020-01-17T01:12:47.51Z</time>
		</trkpt>
		<trkpt lat="34.934553" lon="128.416338">
			<ele>0.00</ele>
			<time>2020-01-17T01:12:47.67Z</time>
		</trkpt>
		<trkpt lat="34.934529" lon="128.416329">
			<ele>0.00</ele>
			<time>2020-01-17T01:12:47.84Z</time>
		</trkpt>
		<trkpt lat="34.934528" lon="128.416329">
			<ele>0.00</ele>
			<time>2020-01-17T01:12:47.90Z</time>
		</trkpt>
		<trkpt lat="34.934503" lon="128.416323">
			<ele>0.00</ele>
			<time>2020-01-17T01:12:48.07Z</time>
		</trkpt>
		<trkpt lat="34.934477" lon="128.416315">
			<ele>0.00</ele>
			<time>2020-01-17T01:12:48.25Z</time>
		</trkpt>
		<trkpt lat="34.934451" lon="128.416310">
			<ele>0.00</ele>
			<time>2020-01-17T01:12:48.42Z</time>
		</trkpt>
		<trkpt lat="34.934424" lon="128.416306">
			<ele>0.00</ele>
			<time>2020-01-17T01:12:48.61Z</time>
		</trkpt>
		<trkpt lat="34.934396" lon="128.416305">
			<ele>0.00</ele>
			<time>2020-01-17T01:12:48.79Z</time>
		</trkpt>
		<trkpt lat="34.934380" lon="128.416306">
			<ele>0.00</ele>
			<time>2020-01-17T01:12:48.90Z</time>
		</trkpt>
		<trkpt lat="34.934362" lon="128.416306">
			<ele>0.00</ele>
			<time>2020-01-17T01:12:49.02Z</time>
		</trkpt>
		<trkpt lat="34.934337" lon="128.416308">
			<ele>0.00</ele>
			<time>2020-01-17T01:12:49.19Z</time>
		</trkpt>
		<trkpt lat="34.934315" lon="128.416307">
			<ele>0.00</ele>
			<time>2020-01-17T01:12:49.33Z</time>
		</trkpt>
		<trkpt lat="34.934295" lon="128.416307">
			<ele>0.00</ele>
			<time>2020-01-17T01:12:49.47Z</time>
		</trkpt>
		<trkpt lat="34.934268" lon="128.416298">
			<ele>0.00</ele>
			<time>2020-01-17T01:12:49.65Z</time>
		</trkpt>
		<trkpt lat="34.934248" lon="128.416289">
			<ele>0.00</ele>
			<time>2020-01-17T01:12:49.79Z</time>
		</trkpt>
		<trkpt lat="34.934224" lon="128.416278">
			<ele>0.00</ele>
			<time>2020-01-17T01:12:49.97Z</time>
		</trkpt>
		<trkpt lat="34.934198" lon="128.416269">
			<ele>0.00</ele>
			<time>2020-01-17T01:12:50.14Z</time>
		</trkpt>
		<trkpt lat="34.934176" lon="128.416258">
			<ele>0.00</ele>
			<time>2020-01-17T01:12:50.30Z</time>
		</trkpt>
		<trkpt lat="34.934151" lon="128.416250">
			<ele>0.00</ele>
			<time>2020-01-17T01:12:50.47Z</time>
		</trkpt>
		<trkpt lat="34.934131" lon="128.416234">
			<ele>0.00</ele>
			<time>2020-01-17T01:12:50.63Z</time>
		</trkpt>
		<trkpt lat="34.934106" lon="128.416219">
			<ele>0.00</ele>
			<time>2020-01-17T01:12:50.82Z</time>
		</trkpt>
		<trkpt lat="34.934091" lon="128.416195">
			<ele>0.00</ele>
			<time>2020-01-17T01:12:50.98Z</time>
		</trkpt>
		<trkpt lat="34.934072" lon="128.416163">
			<ele>0.00</ele>
			<time>2020-01-17T01:12:51.20Z</time>
		</trkpt>
		<trkpt lat="34.934053" lon="128.416141">
			<ele>0.00</ele>
			<time>2020-01-17T01:12:51.38Z</time>
		</trkpt>
		<trkpt lat="34.934039" lon="128.416121">
			<ele>0.00</ele>
			<time>2020-01-17T01:12:51.52Z</time>
		</trkpt>
		<trkpt lat="34.934023" lon="128.416102">
			<ele>0.00</ele>
			<time>2020-01-17T01:12:51.67Z</time>
		</trkpt>
		<trkpt lat="34.934004" lon="128.416082">
			<ele>0.00</ele>
			<time>2020-01-17T01:12:51.83Z</time>
		</trkpt>
		<trkpt lat="34.933979" lon="128.416070">
			<ele>0.00</ele>
			<time>2020-01-17T01:12:52.02Z</time>
		</trkpt>
		<trkpt lat="34.933953" lon="128.416066">
			<ele>0.00</ele>
			<time>2020-01-17T01:12:52.19Z</time>
		</trkpt>
		<trkpt lat="34.933923" lon="128.416067">
			<ele>0.00</ele>
			<time>2020-01-17T01:12:52.39Z</time>
		</trkpt>
		<trkpt lat="34.933899" lon="128.416067">
			<ele>0.00</ele>
			<time>2020-01-17T01:12:52.55Z</time>
		</trkpt>
		<trkpt lat="34.933870" lon="128.416067">
			<ele>0.00</ele>
			<time>2020-01-17T01:12:52.74Z</time>
		</trkpt>
		<trkpt lat="34.933840" lon="128.416065">
			<ele>0.00</ele>
			<time>2020-01-17T01:12:52.94Z</time>
		</trkpt>
		<trkpt lat="34.933816" lon="128.416065">
			<ele>0.00</ele>
			<time>2020-01-17T01:12:53.11Z</time>
		</trkpt>
		<trkpt lat="34.933792" lon="128.416058">
			<ele>0.00</ele>
			<time>2020-01-17T01:12:53.27Z</time>
		</trkpt>
		<trkpt lat="34.933758" lon="128.416049">
			<ele>0.00</ele>
			<time>2020-01-17T01:12:53.50Z</time>
		</trkpt>
		<trkpt lat="34.933731" lon="128.416046">
			<ele>0.00</ele>
			<time>2020-01-17T01:12:53.68Z</time>
		</trkpt>
		<trkpt lat="34.933704" lon="128.416032">
			<ele>0.00</ele>
			<time>2020-01-17T01:12:53.88Z</time>
		</trkpt>
		<trkpt lat="34.933685" lon="128.416018">
			<ele>0.00</ele>
			<time>2020-01-17T01:12:54.02Z</time>
		</trkpt>
		<trkpt lat="34.933665" lon="128.416002">
			<ele>0.00</ele>
			<time>2020-01-17T01:12:54.18Z</time>
		</trkpt>
		<trkpt lat="34.933639" lon="128.415985">
			<ele>0.00</ele>
			<time>2020-01-17T01:12:54.38Z</time>
		</trkpt>
		<trkpt lat="34.933614" lon="128.415964">
			<ele>0.00</ele>
			<time>2020-01-17T01:12:54.58Z</time>
		</trkpt>
		<trkpt lat="34.933595" lon="128.415947">
			<ele>0.00</ele>
			<time>2020-01-17T01:12:54.74Z</time>
		</trkpt>
		<trkpt lat="34.933575" lon="128.415933">
			<ele>0.00</ele>
			<time>2020-01-17T01:12:54.89Z</time>
		</trkpt>
		<trkpt lat="34.933548" lon="128.415921">
			<ele>0.00</ele>
			<time>2020-01-17T01:12:55.08Z</time>
		</trkpt>
		<trkpt lat="34.933526" lon="128.415909">
			<ele>0.00</ele>
			<time>2020-01-17T01:12:55.24Z</time>
		</trkpt>
		<trkpt lat="34.933504" lon="128.415895">
			<ele>0.00</ele>
			<time>2020-01-17T01:12:55.41Z</time>
		</trkpt>
		<trkpt lat="34.933479" lon="128.415885">
			<ele>0.00</ele>
			<time>2020-01-17T01:12:55.59Z</time>
		</trkpt>
		<trkpt lat="34.933454" lon="128.415868">
			<ele>0.00</ele>
			<time>2020-01-17T01:12:55.78Z</time>
		</trkpt>
		<trkpt lat="34.933427" lon="128.415845">
			<ele>0.00</ele>
			<time>2020-01-17T01:12:56Z</time>
		</trkpt>
		<trkpt lat="34.933406" lon="128.415834">
			<ele>0.00</ele>
			<time>2020-01-17T01:12:56.15Z</time>
		</trkpt>
		<trkpt lat="34.933382" lon="128.415814">
			<ele>0.00</ele>
			<time>2020-01-17T01:12:56.34Z</time>
		</trkpt>
		<trkpt lat="34.933356" lon="128.415795">
			<ele>0.00</ele>
			<time>2020-01-17T01:12:56.54Z</time>
		</trkpt>
		<trkpt lat="34.933333" lon="128.415782">
			<ele>0.00</ele>
			<time>2020-01-17T01:12:56.71Z</time>
		</trkpt>
		<trkpt lat="34.933310" lon="128.415775">
			<ele>0.00</ele>
			<time>2020-01-17T01:12:56.87Z</time>
		</trkpt>
		<trkpt lat="34.933296" lon="128.415770">
			<ele>0.00</ele>
			<time>2020-01-17T01:12:56.97Z</time>
		</trkpt>
		<trkpt lat="34.933276" lon="128.415765">
			<ele>0.00</ele>
			<time>2020-01-17T01:12:57.10Z</time>
		</trkpt>
		<trkpt lat="34.933249" lon="128.415757">
			<ele>0.00</ele>
			<time>2020-01-17T01:12:57.29Z</time>
		</trkpt>
		<trkpt lat="34.933227" lon="128.415752">
			<ele>0.00</ele>
			<time>2020-01-17T01:12:57.44Z</time>
		</trkpt>
		<trkpt lat="34.933208" lon="128.415739">
			<ele>0.00</ele>
			<time>2020-01-17T01:12:57.59Z</time>
		</trkpt>
		<trkpt lat="34.933189" lon="128.415725">
			<ele>0.00</ele>
			<time>2020-01-17T01:12:57.73Z</time>
		</trkpt>
		<trkpt lat="34.933166" lon="128.415711">
			<ele>0.00</ele>
			<time>2020-01-17T01:12:57.90Z</time>
		</trkpt>
		<trkpt lat="34.933143" lon="128.415687">
			<ele>0.00</ele>
			<time>2020-01-17T01:12:58.11Z</time>
		</trkpt>
		<trkpt lat="34.933130" lon="128.415666">
			<ele>0.00</ele>
			<time>2020-01-17T01:12:58.25Z</time>
		</trkpt>
		<trkpt lat="34.933118" lon="128.415646">
			<ele>0.00</ele>
			<time>2020-01-17T01:12:58.39Z</time>
		</trkpt>
		<trkpt lat="34.933112" lon="128.415616">
			<ele>0.00</ele>
			<time>2020-01-17T01:12:58.55Z</time>
		</trkpt>
		<trkpt lat="34.933109" lon="128.415592">
			<ele>0.00</ele>
			<time>2020-01-17T01:12:58.69Z</time>
		</trkpt>
		<trkpt lat="34.933105" lon="128.415558">
			<ele>0.00</ele>
			<time>2020-01-17T01:12:58.87Z</time>
		</trkpt>
		<trkpt lat="34.933102" lon="128.415536">
			<ele>0.00</ele>
			<time>2020-01-17T01:12:59Z</time>
		</trkpt>
		<trkpt lat="34.933082" lon="128.415527">
			<ele>0.00</ele>
			<time>2020-01-17T01:12:59.14Z</time>
		</trkpt>
		<trkpt lat="34.933050" lon="128.415532">
			<ele>0.00</ele>
			<time>2020-01-17T01:12:59.35Z</time>
		</trkpt>
		<trkpt lat="34.933018" lon="128.415543">
			<ele>0.00</ele>
			<time>2020-01-17T01:12:59.57Z</time>
		</trkpt>
		<trkpt lat="34.932983" lon="128.415547">
			<ele>0.00</ele>
			<time>2020-01-17T01:12:59.81Z</time>
		</trkpt>
		<trkpt lat="34.932951" lon="128.415547">
			<ele>0.00</ele>
			<time>2020-01-17T01:13:00.02Z</time>
		</trkpt>
		<trkpt lat="34.932923" lon="128.415553">
			<ele>0.00</ele>
			<time>2020-01-17T01:13:00.21Z</time>
		</trkpt>
		<trkpt lat="34.932890" lon="128.415555">
			<ele>0.00</ele>
			<time>2020-01-17T01:13:00.43Z</time>
		</trkpt>
		<trkpt lat="34.932857" lon="128.415557">
			<ele>0.00</ele>
			<time>2020-01-17T01:13:00.65Z</time>
		</trkpt>
		<trkpt lat="34.932822" lon="128.415558">
			<ele>0.00</ele>
			<time>2020-01-17T01:13:00.89Z</time>
		</trkpt>
		<trkpt lat="34.932774" lon="128.415569">
			<ele>0.00</ele>
			<time>2020-01-17T01:13:01.21Z</time>
		</trkpt>
		<trkpt lat="34.932734" lon="128.415575">
			<ele>0.00</ele>
			<time>2020-01-17T01:13:01.48Z</time>
		</trkpt>
		<trkpt lat="34.932693" lon="128.415576">
			<ele>0.00</ele>
			<time>2020-01-17T01:13:01.75Z</time>
		</trkpt>
		<trkpt lat="34.932692" lon="128.415577">
			<ele>0.00</ele>
			<time>2020-01-17T01:13:01.81Z</time>
		</trkpt>
		<trkpt lat="34.932654" lon="128.415580">
			<ele>0.00</ele>
			<time>2020-01-17T01:13:02.07Z</time>
		</trkpt>
		<trkpt lat="34.932614" lon="128.415586">
			<ele>0.00</ele>
			<time>2020-01-17T01:13:02.33Z</time>
		</trkpt>
		<trkpt lat="34.932580" lon="128.415587">
			<ele>0.00</ele>
			<time>2020-01-17T01:13:02.56Z</time>
		</trkpt>
		<trkpt lat="34.932539" lon="128.415587">
			<ele>0.00</ele>
			<time>2020-01-17T01:13:02.83Z</time>
		</trkpt>
		<trkpt lat="34.932507" lon="128.415588">
			<ele>0.00</ele>
			<time>2020-01-17T01:13:03.05Z</time>
		</trkpt>
		<trkpt lat="34.932466" lon="128.415592">
			<ele>0.00</ele>
			<time>2020-01-17T01:13:03.32Z</time>
		</trkpt>
		<trkpt lat="34.932432" lon="128.415594">
			<ele>0.00</ele>
			<time>2020-01-17T01:13:03.55Z</time>
		</trkpt>
		<trkpt lat="34.932401" lon="128.415595">
			<ele>0.00</ele>
			<time>2020-01-17T01:13:03.75Z</time>
		</trkpt>
		<trkpt lat="34.932362" lon="128.415592">
			<ele>0.00</ele>
			<time>2020-01-17T01:13:04.01Z</time>
		</trkpt>
		<trkpt lat="34.932330" lon="128.415594">
			<ele>0.00</ele>
			<time>2020-01-17T01:13:04.23Z</time>
		</trkpt>
		<trkpt lat="34.932307" lon="128.415594">
			<ele>0.00</ele>
			<time>2020-01-17T01:13:04.38Z</time>
		</trkpt>
		<trkpt lat="34.932273" lon="128.415602">
			<ele>0.00</ele>
			<time>2020-01-17T01:13:04.61Z</time>
		</trkpt>
		<trkpt lat="34.932246" lon="128.415616">
			<ele>0.00</ele>
			<time>2020-01-17T01:13:04.80Z</time>
		</trkpt>
		<trkpt lat="34.932213" lon="128.415629">
			<ele>0.00</ele>
			<time>2020-01-17T01:13:05.04Z</time>
		</trkpt>
		<trkpt lat="34.932180" lon="128.415636">
			<ele>0.00</ele>
			<time>2020-01-17T01:13:05.27Z</time>
		</trkpt>
		<trkpt lat="34.932137" lon="128.415643">
			<ele>0.00</ele>
			<time>2020-01-17T01:13:05.55Z</time>
		</trkpt>
		<trkpt lat="34.932087" lon="128.415643">
			<ele>0.00</ele>
			<time>2020-01-17T01:13:05.89Z</time>
		</trkpt>
		<trkpt lat="34.932060" lon="128.415645">
			<ele>0.00</ele>
			<time>2020-01-17T01:13:06.07Z</time>
		</trkpt>
		<trkpt lat="34.932025" lon="128.415646">
			<ele>0.00</ele>
			<time>2020-01-17T01:13:06.30Z</time>
		</trkpt>
		<trkpt lat="34.932000" lon="128.415643">
			<ele>0.00</ele>
			<time>2020-01-17T01:13:06.47Z</time>
		</trkpt>
		<trkpt lat="34.931972" lon="128.415638">
			<ele>0.00</ele>
			<time>2020-01-17T01:13:06.65Z</time>
		</trkpt>
		<trkpt lat="34.931950" lon="128.415628">
			<ele>0.00</ele>
			<time>2020-01-17T01:13:06.81Z</time>
		</trkpt>
		<trkpt lat="34.931929" lon="128.415618">
			<ele>0.00</ele>
			<time>2020-01-17T01:13:06.96Z</time>
		</trkpt>
		<trkpt lat="34.931906" lon="128.415612">
			<ele>0.00</ele>
			<time>2020-01-17T01:13:07.12Z</time>
		</trkpt>
		<trkpt lat="34.931873" lon="128.415609">
			<ele>0.00</ele>
			<time>2020-01-17T01:13:07.34Z</time>
		</trkpt>
		<trkpt lat="34.931838" lon="128.415609">
			<ele>0.00</ele>
			<time>2020-01-17T01:13:07.57Z</time>
		</trkpt>
		<trkpt lat="34.931798" lon="128.415611">
			<ele>0.00</ele>
			<time>2020-01-17T01:13:07.84Z</time>
		</trkpt>
		<trkpt lat="34.931763" lon="128.415614">
			<ele>0.00</ele>
			<time>2020-01-17T01:13:08.08Z</time>
		</trkpt>
		<trkpt lat="34.931720" lon="128.415618">
			<ele>0.00</ele>
			<time>2020-01-17T01:13:08.36Z</time>
		</trkpt>
		<trkpt lat="34.931691" lon="128.415620">
			<ele>0.00</ele>
			<time>2020-01-17T01:13:08.56Z</time>
		</trkpt>
		<trkpt lat="34.931652" lon="128.415626">
			<ele>0.00</ele>
			<time>2020-01-17T01:13:08.82Z</time>
		</trkpt>
		<trkpt lat="34.931614" lon="128.415634">
			<ele>0.00</ele>
			<time>2020-01-17T01:13:09.07Z</time>
		</trkpt>
		<trkpt lat="34.931580" lon="128.415637">
			<ele>0.00</ele>
			<time>2020-01-17T01:13:09.30Z</time>
		</trkpt>
		<trkpt lat="34.931543" lon="128.415648">
			<ele>0.00</ele>
			<time>2020-01-17T01:13:09.55Z</time>
		</trkpt>
		<trkpt lat="34.931512" lon="128.415656">
			<ele>0.00</ele>
			<time>2020-01-17T01:13:09.77Z</time>
		</trkpt>
		<trkpt lat="34.931484" lon="128.415665">
			<ele>0.00</ele>
			<time>2020-01-17T01:13:09.96Z</time>
		</trkpt>
		<trkpt lat="34.931452" lon="128.415679">
			<ele>0.00</ele>
			<time>2020-01-17T01:13:10.19Z</time>
		</trkpt>
		<trkpt lat="34.931426" lon="128.415690">
			<ele>0.00</ele>
			<time>2020-01-17T01:13:10.37Z</time>
		</trkpt>
		<trkpt lat="34.931402" lon="128.415700">
			<ele>0.00</ele>
			<time>2020-01-17T01:13:10.54Z</time>
		</trkpt>
		<trkpt lat="34.931372" lon="128.415718">
			<ele>0.00</ele>
			<time>2020-01-17T01:13:10.76Z</time>
		</trkpt>
		<trkpt lat="34.931352" lon="128.415731">
			<ele>0.00</ele>
			<time>2020-01-17T01:13:10.91Z</time>
		</trkpt>
		<trkpt lat="34.931328" lon="128.415742">
			<ele>0.00</ele>
			<time>2020-01-17T01:13:11.08Z</time>
		</trkpt>
		<trkpt lat="34.931301" lon="128.415751">
			<ele>0.00</ele>
			<time>2020-01-17T01:13:11.27Z</time>
		</trkpt>
		<trkpt lat="34.931270" lon="128.415762">
			<ele>0.00</ele>
			<time>2020-01-17T01:13:11.48Z</time>
		</trkpt>
		<trkpt lat="34.931245" lon="128.415770">
			<ele>0.00</ele>
			<time>2020-01-17T01:13:11.66Z</time>
		</trkpt>
		<trkpt lat="34.931213" lon="128.415775">
			<ele>0.00</ele>
			<time>2020-01-17T01:13:11.87Z</time>
		</trkpt>
		<trkpt lat="34.931189" lon="128.415778">
			<ele>0.00</ele>
			<time>2020-01-17T01:13:12.03Z</time>
		</trkpt>
		<trkpt lat="34.931153" lon="128.415773">
			<ele>0.00</ele>
			<time>2020-01-17T01:13:12.27Z</time>
		</trkpt>
		<trkpt lat="34.931122" lon="128.415767">
			<ele>0.00</ele>
			<time>2020-01-17T01:13:12.48Z</time>
		</trkpt>
		<trkpt lat="34.931098" lon="128.415761">
			<ele>0.00</ele>
			<time>2020-01-17T01:13:12.65Z</time>
		</trkpt>
		<trkpt lat="34.931081" lon="128.415751">
			<ele>0.00</ele>
			<time>2020-01-17T01:13:12.77Z</time>
		</trkpt>
		<trkpt lat="34.931083" lon="128.415729">
			<ele>0.00</ele>
			<time>2020-01-17T01:13:12.89Z</time>
		</trkpt>
		<trkpt lat="34.931094" lon="128.415688">
			<ele>0.00</ele>
			<time>2020-01-17T01:13:13.13Z</time>
		</trkpt>
		<trkpt lat="34.931107" lon="128.415659">
			<ele>0.00</ele>
			<time>2020-01-17T01:13:13.31Z</time>
		</trkpt>
		<trkpt lat="34.931126" lon="128.415627">
			<ele>0.00</ele>
			<time>2020-01-17T01:13:13.53Z</time>
		</trkpt>
		<trkpt lat="34.931143" lon="128.415599">
			<ele>0.00</ele>
			<time>2020-01-17T01:13:13.72Z</time>
		</trkpt>
		<trkpt lat="34.931159" lon="128.415569">
			<ele>0.00</ele>
			<time>2020-01-17T01:13:13.92Z</time>
		</trkpt>
		<trkpt lat="34.931184" lon="128.415535">
			<ele>0.00</ele>
			<time>2020-01-17T01:13:14.16Z</time>
		</trkpt>
		<trkpt lat="34.931205" lon="128.415501">
			<ele>0.00</ele>
			<time>2020-01-17T01:13:14.40Z</time>
		</trkpt>
		<trkpt lat="34.931226" lon="128.415468">
			<ele>0.00</ele>
			<time>2020-01-17T01:13:14.62Z</time>
		</trkpt>
		<trkpt lat="34.931247" lon="128.415438">
			<ele>0.00</ele>
			<time>2020-01-17T01:13:14.84Z</time>
		</trkpt>
		<trkpt lat="34.931269" lon="128.415406">
			<ele>0.00</ele>
			<time>2020-01-17T01:13:15.07Z</time>
		</trkpt>
		<trkpt lat="34.931287" lon="128.415383">
			<ele>0.00</ele>
			<time>2020-01-17T01:13:15.24Z</time>
		</trkpt>
		<trkpt lat="34.931306" lon="128.415355">
			<ele>0.00</ele>
			<time>2020-01-17T01:13:15.44Z</time>
		</trkpt>
		<trkpt lat="34.931330" lon="128.415321">
			<ele>0.00</ele>
			<time>2020-01-17T01:13:15.68Z</time>
		</trkpt>
		<trkpt lat="34.931357" lon="128.415292">
			<ele>0.00</ele>
			<time>2020-01-17T01:13:15.93Z</time>
		</trkpt>
		<trkpt lat="34.931384" lon="128.415263">
			<ele>0.00</ele>
			<time>2020-01-17T01:13:16.17Z</time>
		</trkpt>
		<trkpt lat="34.931410" lon="128.415233">
			<ele>0.00</ele>
			<time>2020-01-17T01:13:16.40Z</time>
		</trkpt>
		<trkpt lat="34.931444" lon="128.415194">
			<ele>0.00</ele>
			<time>2020-01-17T01:13:16.71Z</time>
		</trkpt>
		<trkpt lat="34.931478" lon="128.415167">
			<ele>0.00</ele>
			<time>2020-01-17T01:13:16.99Z</time>
		</trkpt>
		<trkpt lat="34.931506" lon="128.415144">
			<ele>0.00</ele>
			<time>2020-01-17T01:13:17.21Z</time>
		</trkpt>
		<trkpt lat="34.931541" lon="128.415114">
			<ele>0.00</ele>
			<time>2020-01-17T01:13:17.50Z</time>
		</trkpt>
		<trkpt lat="34.931565" lon="128.415090">
			<ele>0.00</ele>
			<time>2020-01-17T01:13:17.70Z</time>
		</trkpt>
		<trkpt lat="34.931596" lon="128.415064">
			<ele>0.00</ele>
			<time>2020-01-17T01:13:17.96Z</time>
		</trkpt>
		<trkpt lat="34.931622" lon="128.415046">
			<ele>0.00</ele>
			<time>2020-01-17T01:13:18.15Z</time>
		</trkpt>
		<trkpt lat="34.931659" lon="128.415017">
			<ele>0.00</ele>
			<time>2020-01-17T01:13:18.45Z</time>
		</trkpt>
		<trkpt lat="34.931685" lon="128.414995">
			<ele>0.00</ele>
			<time>2020-01-17T01:13:18.66Z</time>
		</trkpt>
		<trkpt lat="34.931711" lon="128.414972">
			<ele>0.00</ele>
			<time>2020-01-17T01:13:18.87Z</time>
		</trkpt>
		<trkpt lat="34.931742" lon="128.414946">
			<ele>0.00</ele>
			<time>2020-01-17T01:13:19.12Z</time>
		</trkpt>
		<trkpt lat="34.931768" lon="128.414925">
			<ele>0.00</ele>
			<time>2020-01-17T01:13:19.33Z</time>
		</trkpt>
		<trkpt lat="34.931797" lon="128.414907">
			<ele>0.00</ele>
			<time>2020-01-17T01:13:19.55Z</time>
		</trkpt>
		<trkpt lat="34.931826" lon="128.414882">
			<ele>0.00</ele>
			<time>2020-01-17T01:13:19.79Z</time>
		</trkpt>
		<trkpt lat="34.931857" lon="128.414859">
			<ele>0.00</ele>
			<time>2020-01-17T01:13:20.03Z</time>
		</trkpt>
		<trkpt lat="34.931880" lon="128.414843">
			<ele>0.00</ele>
			<time>2020-01-17T01:13:20.20Z</time>
		</trkpt>
		<trkpt lat="34.931904" lon="128.414825">
			<ele>0.00</ele>
			<time>2020-01-17T01:13:20.39Z</time>
		</trkpt>
		<trkpt lat="34.931938" lon="128.414801">
			<ele>0.00</ele>
			<time>2020-01-17T01:13:20.65Z</time>
		</trkpt>
		<trkpt lat="34.931964" lon="128.414786">
			<ele>0.00</ele>
			<time>2020-01-17T01:13:20.84Z</time>
		</trkpt>
		<trkpt lat="34.931991" lon="128.414766">
			<ele>0.00</ele>
			<time>2020-01-17T01:13:21.05Z</time>
		</trkpt>
		<trkpt lat="34.932017" lon="128.414748">
			<ele>0.00</ele>
			<time>2020-01-17T01:13:21.25Z</time>
		</trkpt>
		<trkpt lat="34.932042" lon="128.414727">
			<ele>0.00</ele>
			<time>2020-01-17T01:13:21.46Z</time>
		</trkpt>
		<trkpt lat="34.932071" lon="128.414706">
			<ele>0.00</ele>
			<time>2020-01-17T01:13:21.68Z</time>
		</trkpt>
		<trkpt lat="34.932095" lon="128.414687">
			<ele>0.00</ele>
			<time>2020-01-17T01:13:21.87Z</time>
		</trkpt>
		<trkpt lat="34.932119" lon="128.414667">
			<ele>0.00</ele>
			<time>2020-01-17T01:13:22.07Z</time>
		</trkpt>
		<trkpt lat="34.932152" lon="128.414639">
			<ele>0.00</ele>
			<time>2020-01-17T01:13:22.33Z</time>
		</trkpt>
		<trkpt lat="34.932181" lon="128.414618">
			<ele>0.00</ele>
			<time>2020-01-17T01:13:22.56Z</time>
		</trkpt>
		<trkpt lat="34.932213" lon="128.414596">
			<ele>0.00</ele>
			<time>2020-01-17T01:13:22.80Z</time>
		</trkpt>
		<trkpt lat="34.932240" lon="128.414579">
			<ele>0.00</ele>
			<time>2020-01-17T01:13:23Z</time>
		</trkpt>
		<trkpt lat="34.932270" lon="128.414559">
			<ele>0.00</ele>
			<time>2020-01-17T01:13:23.23Z</time>
		</trkpt>
		<trkpt lat="34.932290" lon="128.414537">
			<ele>0.00</ele>
			<time>2020-01-17T01:13:23.41Z</time>
		</trkpt>
		<trkpt lat="34.932298" lon="128.414515">
			<ele>0.00</ele>
			<time>2020-01-17T01:13:23.55Z</time>
		</trkpt>
		<trkpt lat="34.932299" lon="128.414485">
			<ele>0.00</ele>
			<time>2020-01-17T01:13:23.71Z</time>
		</trkpt>
		<trkpt lat="34.932289" lon="128.414459">
			<ele>0.00</ele>
			<time>2020-01-17T01:13:23.87Z</time>
		</trkpt>
		<trkpt lat="34.932274" lon="128.414443">
			<ele>0.00</ele>
			<time>2020-01-17T01:13:24Z</time>
		</trkpt>
		<trkpt lat="34.932250" lon="128.414434">
			<ele>0.00</ele>
			<time>2020-01-17T01:13:24.17Z</time>
		</trkpt>
		<trkpt lat="34.932227" lon="128.414432">
			<ele>0.00</ele>
			<time>2020-01-17T01:13:24.32Z</time>
		</trkpt>
		<trkpt lat="34.932199" lon="128.414434">
			<ele>0.00</ele>
			<time>2020-01-17T01:13:24.51Z</time>
		</trkpt>
		<trkpt lat="34.932170" lon="128.414444">
			<ele>0.00</ele>
			<time>2020-01-17T01:13:24.71Z</time>
		</trkpt>
		<trkpt lat="34.932144" lon="128.414462">
			<ele>0.00</ele>
			<time>2020-01-17T01:13:24.90Z</time>
		</trkpt>
		<trkpt lat="34.932112" lon="128.414488">
			<ele>0.00</ele>
			<time>2020-01-17T01:13:25.16Z</time>
		</trkpt>
		<trkpt lat="34.932086" lon="128.414510">
			<ele>0.00</ele>
			<time>2020-01-17T01:13:25.37Z</time>
		</trkpt>
		<trkpt lat="34.932058" lon="128.414538">
			<ele>0.00</ele>
			<time>2020-01-17T01:13:25.62Z</time>
		</trkpt>
		<trkpt lat="34.932032" lon="128.414559">
			<ele>0.00</ele>
			<time>2020-01-17T01:13:25.82Z</time>
		</trkpt>
		<trkpt lat="34.932004" lon="128.414585">
			<ele>0.00</ele>
			<time>2020-01-17T01:13:26.06Z</time>
		</trkpt>
		<trkpt lat="34.931973" lon="128.414612">
			<ele>0.00</ele>
			<time>2020-01-17T01:13:26.31Z</time>
		</trkpt>
		<trkpt lat="34.931946" lon="128.414632">
			<ele>0.00</ele>
			<time>2020-01-17T01:13:26.52Z</time>
		</trkpt>
		<trkpt lat="34.931914" lon="128.414655">
			<ele>0.00</ele>
			<time>2020-01-17T01:13:26.77Z</time>
		</trkpt>
		<trkpt lat="34.931885" lon="128.414670">
			<ele>0.00</ele>
			<time>2020-01-17T01:13:26.98Z</time>
		</trkpt>
		<trkpt lat="34.931862" lon="128.414682">
			<ele>0.00</ele>
			<time>2020-01-17T01:13:27.14Z</time>
		</trkpt>
		<trkpt lat="34.931838" lon="128.414697">
			<ele>0.00</ele>
			<time>2020-01-17T01:13:27.33Z</time>
		</trkpt>
		<trkpt lat="34.931812" lon="128.414711">
			<ele>0.00</ele>
			<time>2020-01-17T01:13:27.51Z</time>
		</trkpt>
		<trkpt lat="34.931789" lon="128.414726">
			<ele>0.00</ele>
			<time>2020-01-17T01:13:27.69Z</time>
		</trkpt>
		<trkpt lat="34.931769" lon="128.414740">
			<ele>0.00</ele>
			<time>2020-01-17T01:13:27.84Z</time>
		</trkpt>
		<trkpt lat="34.931743" lon="128.414755">
			<ele>0.00</ele>
			<time>2020-01-17T01:13:28.03Z</time>
		</trkpt>
		<trkpt lat="34.931714" lon="128.414770">
			<ele>0.00</ele>
			<time>2020-01-17T01:13:28.24Z</time>
		</trkpt>
		<trkpt lat="34.931680" lon="128.414792">
			<ele>0.00</ele>
			<time>2020-01-17T01:13:28.50Z</time>
		</trkpt>
		<trkpt lat="34.931650" lon="128.414813">
			<ele>0.00</ele>
			<time>2020-01-17T01:13:28.73Z</time>
		</trkpt>
		<trkpt lat="34.931625" lon="128.414828">
			<ele>0.00</ele>
			<time>2020-01-17T01:13:28.91Z</time>
		</trkpt>
		<trkpt lat="34.931598" lon="128.414844">
			<ele>0.00</ele>
			<time>2020-01-17T01:13:29.12Z</time>
		</trkpt>
		<trkpt lat="34.931571" lon="128.414861">
			<ele>0.00</ele>
			<time>2020-01-17T01:13:29.32Z</time>
		</trkpt>
		<trkpt lat="34.931548" lon="128.414874">
			<ele>0.00</ele>
			<time>2020-01-17T01:13:29.49Z</time>
		</trkpt>
		<trkpt lat="34.931522" lon="128.414886">
			<ele>0.00</ele>
			<time>2020-01-17T01:13:29.67Z</time>
		</trkpt>
		<trkpt lat="34.931495" lon="128.414902">
			<ele>0.00</ele>
			<time>2020-01-17T01:13:29.88Z</time>
		</trkpt>
		<trkpt lat="34.931470" lon="128.414915">
			<ele>0.00</ele>
			<time>2020-01-17T01:13:30.05Z</time>
		</trkpt>
		<trkpt lat="34.931448" lon="128.414924">
			<ele>0.00</ele>
			<time>2020-01-17T01:13:30.21Z</time>
		</trkpt>
		<trkpt lat="34.931420" lon="128.414935">
			<ele>0.00</ele>
			<time>2020-01-17T01:13:30.41Z</time>
		</trkpt>
		<trkpt lat="34.931393" lon="128.414946">
			<ele>0.00</ele>
			<time>2020-01-17T01:13:30.59Z</time>
		</trkpt>
		<trkpt lat="34.931361" lon="128.414960">
			<ele>0.00</ele>
			<time>2020-01-17T01:13:30.82Z</time>
		</trkpt>
		<trkpt lat="34.931335" lon="128.414970">
			<ele>0.00</ele>
			<time>2020-01-17T01:13:31Z</time>
		</trkpt>
		<trkpt lat="34.931310" lon="128.414982">
			<ele>0.00</ele>
			<time>2020-01-17T01:13:31.18Z</time>
		</trkpt>
		<trkpt lat="34.931290" lon="128.414990">
			<ele>0.00</ele>
			<time>2020-01-17T01:13:31.32Z</time>
		</trkpt>
		<trkpt lat="34.931260" lon="128.415000">
			<ele>0.00</ele>
			<time>2020-01-17T01:13:31.53Z</time>
		</trkpt>
		<trkpt lat="34.931228" lon="128.415013">
			<ele>0.00</ele>
			<time>2020-01-17T01:13:31.76Z</time>
		</trkpt>
		<trkpt lat="34.931198" lon="128.415028">
			<ele>0.00</ele>
			<time>2020-01-17T01:13:31.97Z</time>
		</trkpt>
		<trkpt lat="34.931172" lon="128.415039">
			<ele>0.00</ele>
			<time>2020-01-17T01:13:32.15Z</time>
		</trkpt>
		<trkpt lat="34.931150" lon="128.415048">
			<ele>0.00</ele>
			<time>2020-01-17T01:13:32.31Z</time>
		</trkpt>
		<trkpt lat="34.931124" lon="128.415058">
			<ele>0.00</ele>
			<time>2020-01-17T01:13:32.49Z</time>
		</trkpt>
		<trkpt lat="34.931098" lon="128.415071">
			<ele>0.00</ele>
			<time>2020-01-17T01:13:32.68Z</time>
		</trkpt>
		<trkpt lat="34.931073" lon="128.415082">
			<ele>0.00</ele>
			<time>2020-01-17T01:13:32.85Z</time>
		</trkpt>
		<trkpt lat="34.931046" lon="128.415094">
			<ele>0.00</ele>
			<time>2020-01-17T01:13:33.05Z</time>
		</trkpt>
		<trkpt lat="34.931024" lon="128.415105">
			<ele>0.00</ele>
			<time>2020-01-17T01:13:33.20Z</time>
		</trkpt>
		<trkpt lat="34.931000" lon="128.415115">
			<ele>0.00</ele>
			<time>2020-01-17T01:13:33.37Z</time>
		</trkpt>
		<trkpt lat="34.930979" lon="128.415124">
			<ele>0.00</ele>
			<time>2020-01-17T01:13:33.52Z</time>
		</trkpt>
		<trkpt lat="34.930952" lon="128.415135">
			<ele>0.00</ele>
			<time>2020-01-17T01:13:33.71Z</time>
		</trkpt>
		<trkpt lat="34.930926" lon="128.415146">
			<ele>0.00</ele>
			<time>2020-01-17T01:13:33.90Z</time>
		</trkpt>
		<trkpt lat="34.930904" lon="128.415155">
			<ele>0.00</ele>
			<time>2020-01-17T01:13:34.05Z</time>
		</trkpt>
		<trkpt lat="34.930882" lon="128.415160">
			<ele>0.00</ele>
			<time>2020-01-17T01:13:34.20Z</time>
		</trkpt>
		<trkpt lat="34.930856" lon="128.415163">
			<ele>0.00</ele>
			<time>2020-01-17T01:13:34.37Z</time>
		</trkpt>
		<trkpt lat="34.930828" lon="128.415162">
			<ele>0.00</ele>
			<time>2020-01-17T01:13:34.56Z</time>
		</trkpt>
		<trkpt lat="34.930802" lon="128.415161">
			<ele>0.00</ele>
			<time>2020-01-17T01:13:34.73Z</time>
		</trkpt>
		<trkpt lat="34.930775" lon="128.415156">
			<ele>0.00</ele>
			<time>2020-01-17T01:13:34.92Z</time>
		</trkpt>
		<trkpt lat="34.930750" lon="128.415151">
			<ele>0.00</ele>
			<time>2020-01-17T01:13:35.08Z</time>
		</trkpt>
		<trkpt lat="34.930725" lon="128.415144">
			<ele>0.00</ele>
			<time>2020-01-17T01:13:35.26Z</time>
		</trkpt>
		<trkpt lat="34.930702" lon="128.415139">
			<ele>0.00</ele>
			<time>2020-01-17T01:13:35.41Z</time>
		</trkpt>
		<trkpt lat="34.930673" lon="128.415131">
			<ele>0.00</ele>
			<time>2020-01-17T01:13:35.61Z</time>
		</trkpt>
		<trkpt lat="34.930655" lon="128.415125">
			<ele>0.00</ele>
			<time>2020-01-17T01:13:35.73Z</time>
		</trkpt>
		<trkpt lat="34.930638" lon="128.415121">
			<ele>0.00</ele>
			<time>2020-01-17T01:13:35.85Z</time>
		</trkpt>
		<trkpt lat="34.930621" lon="128.415116">
			<ele>0.00</ele>
			<time>2020-01-17T01:13:35.97Z</time>
		</trkpt>
		<trkpt lat="34.930599" lon="128.415112">
			<ele>0.00</ele>
			<time>2020-01-17T01:13:36.11Z</time>
		</trkpt>
		<trkpt lat="34.930576" lon="128.415107">
			<ele>0.00</ele>
			<time>2020-01-17T01:13:36.27Z</time>
		</trkpt>
		<trkpt lat="34.930551" lon="128.415103">
			<ele>0.00</ele>
			<time>2020-01-17T01:13:36.44Z</time>
		</trkpt>
		<trkpt lat="34.930530" lon="128.415102">
			<ele>0.00</ele>
			<time>2020-01-17T01:13:36.58Z</time>
		</trkpt>
		<trkpt lat="34.930514" lon="128.415102">
			<ele>0.00</ele>
			<time>2020-01-17T01:13:36.69Z</time>
		</trkpt>
		<trkpt lat="34.930495" lon="128.415103">
			<ele>0.00</ele>
			<time>2020-01-17T01:13:36.81Z</time>
		</trkpt>
		<trkpt lat="34.930474" lon="128.415104">
			<ele>0.00</ele>
			<time>2020-01-17T01:13:36.95Z</time>
		</trkpt>
		<trkpt lat="34.930454" lon="128.415105">
			<ele>0.00</ele>
			<time>2020-01-17T01:13:37.09Z</time>
		</trkpt>
		<trkpt lat="34.930432" lon="128.415104">
			<ele>0.00</ele>
			<time>2020-01-17T01:13:37.23Z</time>
		</trkpt>
		<trkpt lat="34.930412" lon="128.415106">
			<ele>0.00</ele>
			<time>2020-01-17T01:13:37.37Z</time>
		</trkpt>
		<trkpt lat="34.930397" lon="128.415106">
			<ele>0.00</ele>
			<time>2020-01-17T01:13:37.46Z</time>
		</trkpt>
		<trkpt lat="34.930384" lon="128.415103">
			<ele>0.00</ele>
			<time>2020-01-17T01:13:37.55Z</time>
		</trkpt>
		<trkpt lat="34.930368" lon="128.415101">
			<ele>0.00</ele>
			<time>2020-01-17T01:13:37.66Z</time>
		</trkpt>
		<trkpt lat="34.930348" lon="128.415100">
			<ele>0.00</ele>
			<time>2020-01-17T01:13:37.79Z</time>
		</trkpt>
		<trkpt lat="34.930326" lon="128.415103">
			<ele>0.00</ele>
			<time>2020-01-17T01:13:37.94Z</time>
		</trkpt>
		<trkpt lat="34.930308" lon="128.415107">
			<ele>0.00</ele>
			<time>2020-01-17T01:13:38.07Z</time>
		</trkpt>
		<trkpt lat="34.930290" lon="128.415109">
			<ele>0.00</ele>
			<time>2020-01-17T01:13:38.18Z</time>
		</trkpt>
		<trkpt lat="34.930271" lon="128.415116">
			<ele>0.00</ele>
			<time>2020-01-17T01:13:38.32Z</time>
		</trkpt>
		<trkpt lat="34.930253" lon="128.415120">
			<ele>0.00</ele>
			<time>2020-01-17T01:13:38.44Z</time>
		</trkpt>
		<trkpt lat="34.930238" lon="128.415127">
			<ele>0.00</ele>
			<time>2020-01-17T01:13:38.55Z</time>
		</trkpt>
		<trkpt lat="34.930220" lon="128.415135">
			<ele>0.00</ele>
			<time>2020-01-17T01:13:38.68Z</time>
		</trkpt>
		<trkpt lat="34.930205" lon="128.415142">
			<ele>0.00</ele>
			<time>2020-01-17T01:13:38.78Z</time>
		</trkpt>
		<trkpt lat="34.930193" lon="128.415153">
			<ele>0.00</ele>
			<time>2020-01-17T01:13:38.88Z</time>
		</trkpt>
		<trkpt lat="34.930184" lon="128.415165">
			<ele>0.00</ele>
			<time>2020-01-17T01:13:38.97Z</time>
		</trkpt>
		<trkpt lat="34.930176" lon="128.415180">
			<ele>0.00</ele>
			<time>2020-01-17T01:13:39.07Z</time>
		</trkpt>
		<trkpt lat="34.930170" lon="128.415196">
			<ele>0.00</ele>
			<time>2020-01-17T01:13:39.16Z</time>
		</trkpt>
		<trkpt lat="34.930167" lon="128.415211">
			<ele>0.00</ele>
			<time>2020-01-17T01:13:39.25Z</time>
		</trkpt>
		<trkpt lat="34.930163" lon="128.415229">
			<ele>0.00</ele>
			<time>2020-01-17T01:13:39.35Z</time>
		</trkpt>
		<trkpt lat="34.930163" lon="128.415253">
			<ele>0.00</ele>
			<time>2020-01-17T01:13:39.48Z</time>
		</trkpt>
		<trkpt lat="34.930165" lon="128.415273">
			<ele>0.00</ele>
			<time>2020-01-17T01:13:39.59Z</time>
		</trkpt>
		<trkpt lat="34.930168" lon="128.415293">
			<ele>0.00</ele>
			<time>2020-01-17T01:13:39.70Z</time>
		</trkpt>
		<trkpt lat="34.930174" lon="128.415314">
			<ele>0.00</ele>
			<time>2020-01-17T01:13:39.82Z</time>
		</trkpt>
		<trkpt lat="34.930183" lon="128.415335">
			<ele>0.00</ele>
			<time>2020-01-17T01:13:39.95Z</time>
		</trkpt>
		<trkpt lat="34.930192" lon="128.415350">
			<ele>0.00</ele>
			<time>2020-01-17T01:13:40.05Z</time>
		</trkpt>
		<trkpt lat="34.930198" lon="128.415367">
			<ele>0.00</ele>
			<time>2020-01-17T01:13:40.16Z</time>
		</trkpt>
		<trkpt lat="34.930204" lon="128.415381">
			<ele>0.00</ele>
			<time>2020-01-17T01:13:40.24Z</time>
		</trkpt>
		<trkpt lat="34.930209" lon="128.415397">
			<ele>0.00</ele>
			<time>2020-01-17T01:13:40.33Z</time>
		</trkpt>
		<trkpt lat="34.930213" lon="128.415416">
			<ele>0.00</ele>
			<time>2020-01-17T01:13:40.44Z</time>
		</trkpt>
		<trkpt lat="34.930212" lon="128.415439">
			<ele>0.00</ele>
			<time>2020-01-17T01:13:40.57Z</time>
		</trkpt>
		<trkpt lat="34.930210" lon="128.415459">
			<ele>0.00</ele>
			<time>2020-01-17T01:13:40.68Z</time>
		</trkpt>
		<trkpt lat="34.930203" lon="128.415482">
			<ele>0.00</ele>
			<time>2020-01-17T01:13:40.81Z</time>
		</trkpt>
		<trkpt lat="34.930190" lon="128.415491">
			<ele>0.00</ele>
			<time>2020-01-17T01:13:40.91Z</time>
		</trkpt>
		<trkpt lat="34.930172" lon="128.415493">
			<ele>0.00</ele>
			<time>2020-01-17T01:13:41.03Z</time>
		</trkpt>
		<trkpt lat="34.930160" lon="128.415485">
			<ele>0.00</ele>
			<time>2020-01-17T01:13:41.13Z</time>
		</trkpt>
		<trkpt lat="34.930149" lon="128.415478">
			<ele>0.00</ele>
			<time>2020-01-17T01:13:41.21Z</time>
		</trkpt>
		<trkpt lat="34.930137" lon="128.415464">
			<ele>0.00</ele>
			<time>2020-01-17T01:13:41.32Z</time>
		</trkpt>
		<trkpt lat="34.930126" lon="128.415449">
			<ele>0.00</ele>
			<time>2020-01-17T01:13:41.42Z</time>
		</trkpt>
		<trkpt lat="34.930118" lon="128.415437">
			<ele>0.00</ele>
			<time>2020-01-17T01:13:41.51Z</time>
		</trkpt>
		<trkpt lat="34.930105" lon="128.415421">
			<ele>0.00</ele>
			<time>2020-01-17T01:13:41.63Z</time>
		</trkpt>
		<trkpt lat="34.930095" lon="128.415408">
			<ele>0.00</ele>
			<time>2020-01-17T01:13:41.73Z</time>
		</trkpt>
		<trkpt lat="34.930084" lon="128.415396">
			<ele>0.00</ele>
			<time>2020-01-17T01:13:41.82Z</time>
		</trkpt>
		<trkpt lat="34.930075" lon="128.415382">
			<ele>0.00</ele>
			<time>2020-01-17T01:13:41.93Z</time>
		</trkpt>
		<trkpt lat="34.930064" lon="128.415368">
			<ele>0.00</ele>
			<time>2020-01-17T01:13:42.03Z</time>
		</trkpt>
		<trkpt lat="34.930049" lon="128.415350">
			<ele>0.00</ele>
			<time>2020-01-17T01:13:42.17Z</time>
		</trkpt>
		<trkpt lat="34.930039" lon="128.415337">
			<ele>0.00</ele>
			<time>2020-01-17T01:13:42.27Z</time>
		</trkpt>
		<trkpt lat="34.930027" lon="128.415323">
			<ele>0.00</ele>
			<time>2020-01-17T01:13:42.38Z</time>
		</trkpt>
		<trkpt lat="34.930014" lon="128.415308">
			<ele>0.00</ele>
			<time>2020-01-17T01:13:42.50Z</time>
		</trkpt>
		<trkpt lat="34.930005" lon="128.415290">
			<ele>0.00</ele>
			<time>2020-01-17T01:13:42.61Z</time>
		</trkpt>
		<trkpt lat="34.929997" lon="128.415274">
			<ele>0.00</ele>
			<time>2020-01-17T01:13:42.71Z</time>
		</trkpt>
		<trkpt lat="34.929988" lon="128.415257">
			<ele>0.00</ele>
			<time>2020-01-17T01:13:42.82Z</time>
		</trkpt>
		<trkpt lat="34.929979" lon="128.415239">
			<ele>0.00</ele>
			<time>2020-01-17T01:13:42.94Z</time>
		</trkpt>
		<trkpt lat="34.929971" lon="128.415222">
			<ele>0.00</ele>
			<time>2020-01-17T01:13:43.05Z</time>
		</trkpt>
		<trkpt lat="34.929961" lon="128.415199">
			<ele>0.00</ele>
			<time>2020-01-17T01:13:43.19Z</time>
		</trkpt>
		<trkpt lat="34.929951" lon="128.415176">
			<ele>0.00</ele>
			<time>2020-01-17T01:13:43.33Z</time>
		</trkpt>
		<trkpt lat="34.929945" lon="128.415159">
			<ele>0.00</ele>
			<time>2020-01-17T01:13:43.43Z</time>
		</trkpt>
		<trkpt lat="34.929939" lon="128.415142">
			<ele>0.00</ele>
			<time>2020-01-17T01:13:43.54Z</time>
		</trkpt>
		<trkpt lat="34.929934" lon="128.415127">
			<ele>0.00</ele>
			<time>2020-01-17T01:13:43.62Z</time>
		</trkpt>
		<trkpt lat="34.929931" lon="128.415107">
			<ele>0.00</ele>
			<time>2020-01-17T01:13:43.74Z</time>
		</trkpt>
		<trkpt lat="34.929931" lon="128.415082">
			<ele>0.00</ele>
			<time>2020-01-17T01:13:43.87Z</time>
		</trkpt>
		<trkpt lat="34.929932" lon="128.415059">
			<ele>0.00</ele>
			<time>2020-01-17T01:13:44Z</time>
		</trkpt>
		<trkpt lat="34.929937" lon="128.415037">
			<ele>0.00</ele>
			<time>2020-01-17T01:13:44.13Z</time>
		</trkpt>
		<trkpt lat="34.929942" lon="128.415015">
			<ele>0.00</ele>
			<time>2020-01-17T01:13:44.25Z</time>
		</trkpt>
		<trkpt lat="34.929948" lon="128.414994">
			<ele>0.00</ele>
			<time>2020-01-17T01:13:44.37Z</time>
		</trkpt>
		<trkpt lat="34.929955" lon="128.414976">
			<ele>0.00</ele>
			<time>2020-01-17T01:13:44.48Z</time>
		</trkpt>
		<trkpt lat="34.929964" lon="128.414958">
			<ele>0.00</ele>
			<time>2020-01-17T01:13:44.60Z</time>
		</trkpt>
		<trkpt lat="34.929973" lon="128.414943">
			<ele>0.00</ele>
			<time>2020-01-17T01:13:44.70Z</time>
		</trkpt>
		<trkpt lat="34.929983" lon="128.414928">
			<ele>0.00</ele>
			<time>2020-01-17T01:13:44.80Z</time>
		</trkpt>
		<trkpt lat="34.929993" lon="128.414913">
			<ele>0.00</ele>
			<time>2020-01-17T01:13:44.91Z</time>
		</trkpt>
		<trkpt lat="34.930003" lon="128.414896">
			<ele>0.00</ele>
			<time>2020-01-17T01:13:45.02Z</time>
		</trkpt>
		<trkpt lat="34.930014" lon="128.414882">
			<ele>0.00</ele>
			<time>2020-01-17T01:13:45.13Z</time>
		</trkpt>
		<trkpt lat="34.930029" lon="128.414869">
			<ele>0.00</ele>
			<time>2020-01-17T01:13:45.25Z</time>
		</trkpt>
		<trkpt lat="34.930039" lon="128.414859">
			<ele>0.00</ele>
			<time>2020-01-17T01:13:45.34Z</time>
		</trkpt>
		<trkpt lat="34.930049" lon="128.414850">
			<ele>0.00</ele>
			<time>2020-01-17T01:13:45.42Z</time>
		</trkpt>
		<trkpt lat="34.930062" lon="128.414841">
			<ele>0.00</ele>
			<time>2020-01-17T01:13:45.52Z</time>
		</trkpt>
		<trkpt lat="34.930072" lon="128.414835">
			<ele>0.00</ele>
			<time>2020-01-17T01:13:45.59Z</time>
		</trkpt>
		<trkpt lat="34.930087" lon="128.414831">
			<ele>0.00</ele>
			<time>2020-01-17T01:13:45.70Z</time>
		</trkpt>
		<trkpt lat="34.930102" lon="128.414826">
			<ele>0.00</ele>
			<time>2020-01-17T01:13:45.80Z</time>
		</trkpt>
		<trkpt lat="34.930130" lon="128.414824">
			<ele>0.00</ele>
			<time>2020-01-17T01:13:45.98Z</time>
		</trkpt>
		<trkpt lat="34.930163" lon="128.414818">
			<ele>0.00</ele>
			<time>2020-01-17T01:13:46.21Z</time>
		</trkpt>
		<trkpt lat="34.930192" lon="128.414810">
			<ele>0.00</ele>
			<time>2020-01-17T01:13:46.41Z</time>
		</trkpt>
		<trkpt lat="34.930221" lon="128.414803">
			<ele>0.00</ele>
			<time>2020-01-17T01:13:46.61Z</time>
		</trkpt>
		<trkpt lat="34.930252" lon="128.414793">
			<ele>0.00</ele>
			<time>2020-01-17T01:13:46.82Z</time>
		</trkpt>
		<trkpt lat="34.930283" lon="128.414785">
			<ele>0.00</ele>
			<time>2020-01-17T01:13:47.03Z</time>
		</trkpt>
		<trkpt lat="34.930317" lon="128.414776">
			<ele>0.00</ele>
			<time>2020-01-17T01:13:47.26Z</time>
		</trkpt>
		<trkpt lat="34.930349" lon="128.414765">
			<ele>0.00</ele>
			<time>2020-01-17T01:13:47.48Z</time>
		</trkpt>
		<trkpt lat="34.930383" lon="128.414754">
			<ele>0.00</ele>
			<time>2020-01-17T01:13:47.71Z</time>
		</trkpt>
		<trkpt lat="34.930417" lon="128.414741">
			<ele>0.00</ele>
			<time>2020-01-17T01:13:47.96Z</time>
		</trkpt>
		<trkpt lat="34.930445" lon="128.414731">
			<ele>0.00</ele>
			<time>2020-01-17T01:13:48.15Z</time>
		</trkpt>
		<trkpt lat="34.930471" lon="128.414721">
			<ele>0.00</ele>
			<time>2020-01-17T01:13:48.33Z</time>
		</trkpt>
		<trkpt lat="34.930496" lon="128.414711">
			<ele>0.00</ele>
			<time>2020-01-17T01:13:48.51Z</time>
		</trkpt>
		<trkpt lat="34.930525" lon="128.414698">
			<ele>0.00</ele>
			<time>2020-01-17T01:13:48.71Z</time>
		</trkpt>
		<trkpt lat="34.930558" lon="128.414686">
			<ele>0.00</ele>
			<time>2020-01-17T01:13:48.94Z</time>
		</trkpt>
		<trkpt lat="34.930587" lon="128.414675">
			<ele>0.00</ele>
			<time>2020-01-17T01:13:49.15Z</time>
		</trkpt>
		<trkpt lat="34.930617" lon="128.414663">
			<ele>0.00</ele>
			<time>2020-01-17T01:13:49.35Z</time>
		</trkpt>
		<trkpt lat="34.930651" lon="128.414647">
			<ele>0.00</ele>
			<time>2020-01-17T01:13:49.60Z</time>
		</trkpt>
		<trkpt lat="34.930679" lon="128.414634">
			<ele>0.00</ele>
			<time>2020-01-17T01:13:49.80Z</time>
		</trkpt>
		<trkpt lat="34.930709" lon="128.414618">
			<ele>0.00</ele>
			<time>2020-01-17T01:13:50.02Z</time>
		</trkpt>
		<trkpt lat="34.930740" lon="128.414600">
			<ele>0.00</ele>
			<time>2020-01-17T01:13:50.24Z</time>
		</trkpt>
		<trkpt lat="34.930765" lon="128.414584">
			<ele>0.00</ele>
			<time>2020-01-17T01:13:50.43Z</time>
		</trkpt>
		<trkpt lat="34.930792" lon="128.414565">
			<ele>0.00</ele>
			<time>2020-01-17T01:13:50.64Z</time>
		</trkpt>
		<trkpt lat="34.930816" lon="128.414545">
			<ele>0.00</ele>
			<time>2020-01-17T01:13:50.83Z</time>
		</trkpt>
		<trkpt lat="34.930838" lon="128.414524">
			<ele>0.00</ele>
			<time>2020-01-17T01:13:51.02Z</time>
		</trkpt>
		<trkpt lat="34.930863" lon="128.414501">
			<ele>0.00</ele>
			<time>2020-01-17T01:13:51.23Z</time>
		</trkpt>
		<trkpt lat="34.930888" lon="128.414480">
			<ele>0.00</ele>
			<time>2020-01-17T01:13:51.43Z</time>
		</trkpt>
		<trkpt lat="34.930919" lon="128.414450">
			<ele>0.00</ele>
			<time>2020-01-17T01:13:51.69Z</time>
		</trkpt>
		<trkpt lat="34.930943" lon="128.414418">
			<ele>0.00</ele>
			<time>2020-01-17T01:13:51.93Z</time>
		</trkpt>
		<trkpt lat="34.930964" lon="128.414383">
			<ele>0.00</ele>
			<time>2020-01-17T01:13:52.17Z</time>
		</trkpt>
		<trkpt lat="34.930983" lon="128.414354">
			<ele>0.00</ele>
			<time>2020-01-17T01:13:52.37Z</time>
		</trkpt>
		<trkpt lat="34.930996" lon="128.414332">
			<ele>0.00</ele>
			<time>2020-01-17T01:13:52.52Z</time>
		</trkpt>
		<trkpt lat="34.931006" lon="128.414313">
			<ele>0.00</ele>
			<time>2020-01-17T01:13:52.64Z</time>
		</trkpt>
		<trkpt lat="34.931015" lon="128.414291">
			<ele>0.00</ele>
			<time>2020-01-17T01:13:52.78Z</time>
		</trkpt>
		<trkpt lat="34.931020" lon="128.414260">
			<ele>0.00</ele>
			<time>2020-01-17T01:13:52.95Z</time>
		</trkpt>
		<trkpt lat="34.931016" lon="128.414230">
			<ele>0.00</ele>
			<time>2020-01-17T01:13:53.12Z</time>
		</trkpt>
		<trkpt lat="34.931003" lon="128.414208">
			<ele>0.00</ele>
			<time>2020-01-17T01:13:53.27Z</time>
		</trkpt>
		<trkpt lat="34.930980" lon="128.414195">
			<ele>0.00</ele>
			<time>2020-01-17T01:13:53.44Z</time>
		</trkpt>
		<trkpt lat="34.930950" lon="128.414196">
			<ele>0.00</ele>
			<time>2020-01-17T01:13:53.64Z</time>
		</trkpt>
		<trkpt lat="34.930925" lon="128.414205">
			<ele>0.00</ele>
			<time>2020-01-17T01:13:53.81Z</time>
		</trkpt>
		<trkpt lat="34.930897" lon="128.414227">
			<ele>0.00</ele>
			<time>2020-01-17T01:13:54.03Z</time>
		</trkpt>
		<trkpt lat="34.930873" lon="128.414249">
			<ele>0.00</ele>
			<time>2020-01-17T01:13:54.23Z</time>
		</trkpt>
		<trkpt lat="34.930846" lon="128.414270">
			<ele>0.00</ele>
			<time>2020-01-17T01:13:54.45Z</time>
		</trkpt>
		<trkpt lat="34.930820" lon="128.414288">
			<ele>0.00</ele>
			<time>2020-01-17T01:13:54.64Z</time>
		</trkpt>
		<trkpt lat="34.930791" lon="128.414303">
			<ele>0.00</ele>
			<time>2020-01-17T01:13:54.86Z</time>
		</trkpt>
		<trkpt lat="34.930761" lon="128.414309">
			<ele>0.00</ele>
			<time>2020-01-17T01:13:55.05Z</time>
		</trkpt>
		<trkpt lat="34.930725" lon="128.414313">
			<ele>0.00</ele>
			<time>2020-01-17T01:13:55.30Z</time>
		</trkpt>
		<trkpt lat="34.930689" lon="128.414314">
			<ele>0.00</ele>
			<time>2020-01-17T01:13:55.54Z</time>
		</trkpt>
		<trkpt lat="34.930666" lon="128.414315">
			<ele>0.00</ele>
			<time>2020-01-17T01:13:55.69Z</time>
		</trkpt>
		<trkpt lat="34.930640" lon="128.414316">
			<ele>0.00</ele>
			<time>2020-01-17T01:13:55.87Z</time>
		</trkpt>
		<trkpt lat="34.930607" lon="128.414318">
			<ele>0.00</ele>
			<time>2020-01-17T01:13:56.09Z</time>
		</trkpt>
		<trkpt lat="34.930576" lon="128.414317">
			<ele>0.00</ele>
			<time>2020-01-17T01:13:56.29Z</time>
		</trkpt>
		<trkpt lat="34.930546" lon="128.414315">
			<ele>0.00</ele>
			<time>2020-01-17T01:13:56.49Z</time>
		</trkpt>
		<trkpt lat="34.930523" lon="128.414311">
			<ele>0.00</ele>
			<time>2020-01-17T01:13:56.65Z</time>
		</trkpt>
		<trkpt lat="34.930493" lon="128.414305">
			<ele>0.00</ele>
			<time>2020-01-17T01:13:56.85Z</time>
		</trkpt>
		<trkpt lat="34.930472" lon="128.414299">
			<ele>0.00</ele>
			<time>2020-01-17T01:13:56.99Z</time>
		</trkpt>
		<trkpt lat="34.930444" lon="128.414292">
			<ele>0.00</ele>
			<time>2020-01-17T01:13:57.19Z</time>
		</trkpt>
		<trkpt lat="34.930423" lon="128.414289">
			<ele>0.00</ele>
			<time>2020-01-17T01:13:57.33Z</time>
		</trkpt>
		<trkpt lat="34.930396" lon="128.414284">
			<ele>0.00</ele>
			<time>2020-01-17T01:13:57.51Z</time>
		</trkpt>
		<trkpt lat="34.930377" lon="128.414276">
			<ele>0.00</ele>
			<time>2020-01-17T01:13:57.64Z</time>
		</trkpt>
		<trkpt lat="34.930353" lon="128.414268">
			<ele>0.00</ele>
			<time>2020-01-17T01:13:57.81Z</time>
		</trkpt>
		<trkpt lat="34.930334" lon="128.414258">
			<ele>0.00</ele>
			<time>2020-01-17T01:13:57.94Z</time>
		</trkpt>
		<trkpt lat="34.930316" lon="128.414251">
			<ele>0.00</ele>
			<time>2020-01-17T01:13:58.07Z</time>
		</trkpt>
		<trkpt lat="34.930290" lon="128.414238">
			<ele>0.00</ele>
			<time>2020-01-17T01:13:58.25Z</time>
		</trkpt>
		<trkpt lat="34.930267" lon="128.414228">
			<ele>0.00</ele>
			<time>2020-01-17T01:13:58.42Z</time>
		</trkpt>
		<trkpt lat="34.930248" lon="128.414221">
			<ele>0.00</ele>
			<time>2020-01-17T01:13:58.55Z</time>
		</trkpt>
		<trkpt lat="34.930227" lon="128.414209">
			<ele>0.00</ele>
			<time>2020-01-17T01:13:58.71Z</time>
		</trkpt>
		<trkpt lat="34.930203" lon="128.414199">
			<ele>0.00</ele>
			<time>2020-01-17T01:13:58.88Z</time>
		</trkpt>
		<trkpt lat="34.930175" lon="128.414184">
			<ele>0.00</ele>
			<time>2020-01-17T01:13:59.08Z</time>
		</trkpt>
		<trkpt lat="34.930151" lon="128.414175">
			<ele>0.00</ele>
			<time>2020-01-17T01:13:59.25Z</time>
		</trkpt>
		<trkpt lat="34.930127" lon="128.414165">
			<ele>0.00</ele>
			<time>2020-01-17T01:13:59.42Z</time>
		</trkpt>
		<trkpt lat="34.930107" lon="128.414158">
			<ele>0.00</ele>
			<time>2020-01-17T01:13:59.56Z</time>
		</trkpt>
		<trkpt lat="34.930087" lon="128.414148">
			<ele>0.00</ele>
			<time>2020-01-17T01:13:59.70Z</time>
		</trkpt>
		<trkpt lat="34.930070" lon="128.414140">
			<ele>0.00</ele>
			<time>2020-01-17T01:13:59.82Z</time>
		</trkpt>
		<trkpt lat="34.930049" lon="128.414135">
			<ele>0.00</ele>
			<time>2020-01-17T01:13:59.96Z</time>
		</trkpt>
		<trkpt lat="34.930025" lon="128.414130">
			<ele>0.00</ele>
			<time>2020-01-17T01:14:00.13Z</time>
		</trkpt>
		<trkpt lat="34.930000" lon="128.414125">
			<ele>0.00</ele>
			<time>2020-01-17T01:14:00.30Z</time>
		</trkpt>
		<trkpt lat="34.929977" lon="128.414121">
			<ele>0.00</ele>
			<time>2020-01-17T01:14:00.45Z</time>
		</trkpt>
		<trkpt lat="34.929954" lon="128.414114">
			<ele>0.00</ele>
			<time>2020-01-17T01:14:00.61Z</time>
		</trkpt>
		<trkpt lat="34.929931" lon="128.414114">
			<ele>0.00</ele>
			<time>2020-01-17T01:14:00.76Z</time>
		</trkpt>
		<trkpt lat="34.929909" lon="128.414113">
			<ele>0.00</ele>
			<time>2020-01-17T01:14:00.91Z</time>
		</trkpt>
		<trkpt lat="34.929883" lon="128.414115">
			<ele>0.00</ele>
			<time>2020-01-17T01:14:01.08Z</time>
		</trkpt>
		<trkpt lat="34.929861" lon="128.414117">
			<ele>0.00</ele>
			<time>2020-01-17T01:14:01.23Z</time>
		</trkpt>
		<trkpt lat="34.929843" lon="128.414121">
			<ele>0.00</ele>
			<time>2020-01-17T01:14:01.35Z</time>
		</trkpt>
		<trkpt lat="34.929824" lon="128.414125">
			<ele>0.00</ele>
			<time>2020-01-17T01:14:01.48Z</time>
		</trkpt>
		<trkpt lat="34.929803" lon="128.414129">
			<ele>0.00</ele>
			<time>2020-01-17T01:14:01.62Z</time>
		</trkpt>
		<trkpt lat="34.929780" lon="128.414138">
			<ele>0.00</ele>
			<time>2020-01-17T01:14:01.78Z</time>
		</trkpt>
		<trkpt lat="34.929752" lon="128.414149">
			<ele>0.00</ele>
			<time>2020-01-17T01:14:01.97Z</time>
		</trkpt>
		<trkpt lat="34.929732" lon="128.414161">
			<ele>0.00</ele>
			<time>2020-01-17T01:14:02.12Z</time>
		</trkpt>
		<trkpt lat="34.929706" lon="128.414175">
			<ele>0.00</ele>
			<time>2020-01-17T01:14:02.31Z</time>
		</trkpt>
		<trkpt lat="34.929688" lon="128.414187">
			<ele>0.00</ele>
			<time>2020-01-17T01:14:02.45Z</time>
		</trkpt>
		<trkpt lat="34.929671" lon="128.414198">
			<ele>0.00</ele>
			<time>2020-01-17T01:14:02.58Z</time>
		</trkpt>
		<trkpt lat="34.929653" lon="128.414208">
			<ele>0.00</ele>
			<time>2020-01-17T01:14:02.72Z</time>
		</trkpt>
		<trkpt lat="34.929636" lon="128.414216">
			<ele>0.00</ele>
			<time>2020-01-17T01:14:02.83Z</time>
		</trkpt>
		<trkpt lat="34.929620" lon="128.414224">
			<ele>0.00</ele>
			<time>2020-01-17T01:14:02.95Z</time>
		</trkpt>
		<trkpt lat="34.929600" lon="128.414235">
			<ele>0.00</ele>
			<time>2020-01-17T01:14:03.10Z</time>
		</trkpt>
		<trkpt lat="34.929579" lon="128.414245">
			<ele>0.00</ele>
			<time>2020-01-17T01:14:03.25Z</time>
		</trkpt>
		<trkpt lat="34.929560" lon="128.414256">
			<ele>0.00</ele>
			<time>2020-01-17T01:14:03.39Z</time>
		</trkpt>
		<trkpt lat="34.929544" lon="128.414269">
			<ele>0.00</ele>
			<time>2020-01-17T01:14:03.52Z</time>
		</trkpt>
		<trkpt lat="34.929525" lon="128.414287">
			<ele>0.00</ele>
			<time>2020-01-17T01:14:03.68Z</time>
		</trkpt>
		<trkpt lat="34.929505" lon="128.414305">
			<ele>0.00</ele>
			<time>2020-01-17T01:14:03.84Z</time>
		</trkpt>
		<trkpt lat="34.929488" lon="128.414320">
			<ele>0.00</ele>
			<time>2020-01-17T01:14:03.98Z</time>
		</trkpt>
		<trkpt lat="34.929474" lon="128.414336">
			<ele>0.00</ele>
			<time>2020-01-17T01:14:04.11Z</time>
		</trkpt>
		<trkpt lat="34.929456" lon="128.414352">
			<ele>0.00</ele>
			<time>2020-01-17T01:14:04.26Z</time>
		</trkpt>
		<trkpt lat="34.929441" lon="128.414369">
			<ele>0.00</ele>
			<time>2020-01-17T01:14:04.39Z</time>
		</trkpt>
		<trkpt lat="34.929429" lon="128.414386">
			<ele>0.00</ele>
			<time>2020-01-17T01:14:04.52Z</time>
		</trkpt>
		<trkpt lat="34.929414" lon="128.414407">
			<ele>0.00</ele>
			<time>2020-01-17T01:14:04.67Z</time>
		</trkpt>
		<trkpt lat="34.929397" lon="128.414429">
			<ele>0.00</ele>
			<time>2020-01-17T01:14:04.84Z</time>
		</trkpt>
		<trkpt lat="34.929388" lon="128.414441">
			<ele>0.00</ele>
			<time>2020-01-17T01:14:04.92Z</time>
		</trkpt>
		<trkpt lat="34.929377" lon="128.414456">
			<ele>0.00</ele>
			<time>2020-01-17T01:14:05.03Z</time>
		</trkpt>
		<trkpt lat="34.929363" lon="128.414479">
			<ele>0.00</ele>
			<time>2020-01-17T01:14:05.19Z</time>
		</trkpt>
		<trkpt lat="34.929351" lon="128.414500">
			<ele>0.00</ele>
			<time>2020-01-17T01:14:05.33Z</time>
		</trkpt>
		<trkpt lat="34.929341" lon="128.414517">
			<ele>0.00</ele>
			<time>2020-01-17T01:14:05.44Z</time>
		</trkpt>
		<trkpt lat="34.929332" lon="128.414532">
			<ele>0.00</ele>
			<time>2020-01-17T01:14:05.55Z</time>
		</trkpt>
		<trkpt lat="34.929324" lon="128.414554">
			<ele>0.00</ele>
			<time>2020-01-17T01:14:05.68Z</time>
		</trkpt>
		<trkpt lat="34.929316" lon="128.414585">
			<ele>0.00</ele>
			<time>2020-01-17T01:14:05.85Z</time>
		</trkpt>
		<trkpt lat="34.929309" lon="128.414608">
			<ele>0.00</ele>
			<time>2020-01-17T01:14:05.99Z</time>
		</trkpt>
		<trkpt lat="34.929301" lon="128.414640">
			<ele>0.00</ele>
			<time>2020-01-17T01:14:06.17Z</time>
		</trkpt>
		<trkpt lat="34.929294" lon="128.414664">
			<ele>0.00</ele>
			<time>2020-01-17T01:14:06.31Z</time>
		</trkpt>
		<trkpt lat="34.929286" lon="128.414691">
			<ele>0.00</ele>
			<time>2020-01-17T01:14:06.46Z</time>
		</trkpt>
		<trkpt lat="34.929278" lon="128.414723">
			<ele>0.00</ele>
			<time>2020-01-17T01:14:06.65Z</time>
		</trkpt>
		<trkpt lat="34.929268" lon="128.414752">
			<ele>0.00</ele>
			<time>2020-01-17T01:14:06.82Z</time>
		</trkpt>
		<trkpt lat="34.929261" lon="128.414778">
			<ele>0.00</ele>
			<time>2020-01-17T01:14:06.97Z</time>
		</trkpt>
		<trkpt lat="34.929251" lon="128.414805">
			<ele>0.00</ele>
			<time>2020-01-17T01:14:07.13Z</time>
		</trkpt>
		<trkpt lat="34.929241" lon="128.414833">
			<ele>0.00</ele>
			<time>2020-01-17T01:14:07.30Z</time>
		</trkpt>
		<trkpt lat="34.929239" lon="128.414867">
			<ele>0.00</ele>
			<time>2020-01-17T01:14:07.49Z</time>
		</trkpt>
		<trkpt lat="34.929241" lon="128.414900">
			<ele>0.00</ele>
			<time>2020-01-17T01:14:07.67Z</time>
		</trkpt>
		<trkpt lat="34.929243" lon="128.414928">
			<ele>0.00</ele>
			<time>2020-01-17T01:14:07.82Z</time>
		</trkpt>
		<trkpt lat="34.929245" lon="128.414967">
			<ele>0.00</ele>
			<time>2020-01-17T01:14:08.04Z</time>
		</trkpt>
		<trkpt lat="34.929247" lon="128.414996">
			<ele>0.00</ele>
			<time>2020-01-17T01:14:08.19Z</time>
		</trkpt>
		<trkpt lat="34.929252" lon="128.415026">
			<ele>0.00</ele>
			<time>2020-01-17T01:14:08.36Z</time>
		</trkpt>
		<trkpt lat="34.929254" lon="128.415059">
			<ele>0.00</ele>
			<time>2020-01-17T01:14:08.54Z</time>
		</trkpt>
		<trkpt lat="34.929256" lon="128.415088">
			<ele>0.00</ele>
			<time>2020-01-17T01:14:08.70Z</time>
		</trkpt>
		<trkpt lat="34.929259" lon="128.415115">
			<ele>0.00</ele>
			<time>2020-01-17T01:14:08.85Z</time>
		</trkpt>
		<trkpt lat="34.929261" lon="128.415152">
			<ele>0.00</ele>
			<time>2020-01-17T01:14:09.05Z</time>
		</trkpt>
		<trkpt lat="34.929263" lon="128.415182">
			<ele>0.00</ele>
			<time>2020-01-17T01:14:09.22Z</time>
		</trkpt>
		<trkpt lat="34.929270" lon="128.415203">
			<ele>0.00</ele>
			<time>2020-01-17T01:14:09.34Z</time>
		</trkpt>
		<trkpt lat="34.929276" lon="128.415227">
			<ele>0.00</ele>
			<time>2020-01-17T01:14:09.48Z</time>
		</trkpt>
		<trkpt lat="34.929285" lon="128.415252">
			<ele>0.00</ele>
			<time>2020-01-17T01:14:09.63Z</time>
		</trkpt>
		<trkpt lat="34.929291" lon="128.415283">
			<ele>0.00</ele>
			<time>2020-01-17T01:14:09.80Z</time>
		</trkpt>
		<trkpt lat="34.929297" lon="128.415313">
			<ele>0.00</ele>
			<time>2020-01-17T01:14:09.97Z</time>
		</trkpt>
		<trkpt lat="34.929297" lon="128.415343">
			<ele>0.00</ele>
			<time>2020-01-17T01:14:10.13Z</time>
		</trkpt>
		<trkpt lat="34.929293" lon="128.415374">
			<ele>0.00</ele>
			<time>2020-01-17T01:14:10.31Z</time>
		</trkpt>
		<trkpt lat="34.929287" lon="128.415409">
			<ele>0.00</ele>
			<time>2020-01-17T01:14:10.50Z</time>
		</trkpt>
		<trkpt lat="34.929280" lon="128.415430">
			<ele>0.00</ele>
			<time>2020-01-17T01:14:10.62Z</time>
		</trkpt>
		<trkpt lat="34.929262" lon="128.415443">
			<ele>0.00</ele>
			<time>2020-01-17T01:14:10.77Z</time>
		</trkpt>
		<trkpt lat="34.929240" lon="128.415447">
			<ele>0.00</ele>
			<time>2020-01-17T01:14:10.91Z</time>
		</trkpt>
		<trkpt lat="34.929219" lon="128.415445">
			<ele>0.00</ele>
			<time>2020-01-17T01:14:11.05Z</time>
		</trkpt>
		<trkpt lat="34.929199" lon="128.415430">
			<ele>0.00</ele>
			<time>2020-01-17T01:14:11.21Z</time>
		</trkpt>
		<trkpt lat="34.929180" lon="128.415411">
			<ele>0.00</ele>
			<time>2020-01-17T01:14:11.37Z</time>
		</trkpt>
		<trkpt lat="34.929159" lon="128.415393">
			<ele>0.00</ele>
			<time>2020-01-17T01:14:11.54Z</time>
		</trkpt>
		<trkpt lat="34.929144" lon="128.415385">
			<ele>0.00</ele>
			<time>2020-01-17T01:14:11.65Z</time>
		</trkpt>
		<trkpt lat="34.929121" lon="128.415369">
			<ele>0.00</ele>
			<time>2020-01-17T01:14:11.83Z</time>
		</trkpt>
		<trkpt lat="34.929101" lon="128.415350">
			<ele>0.00</ele>
			<time>2020-01-17T01:14:12Z</time>
		</trkpt>
		<trkpt lat="34.929081" lon="128.415328">
			<ele>0.00</ele>
			<time>2020-01-17T01:14:12.18Z</time>
		</trkpt>
		<trkpt lat="34.929062" lon="128.415309">
			<ele>0.00</ele>
			<time>2020-01-17T01:14:12.34Z</time>
		</trkpt>
		<trkpt lat="34.929038" lon="128.415284">
			<ele>0.00</ele>
			<time>2020-01-17T01:14:12.55Z</time>
		</trkpt>
		<trkpt lat="34.929021" lon="128.415271">
			<ele>0.00</ele>
			<time>2020-01-17T01:14:12.69Z</time>
		</trkpt>
		<trkpt lat="34.928999" lon="128.415258">
			<ele>0.00</ele>
			<time>2020-01-17T01:14:12.85Z</time>
		</trkpt>
		<trkpt lat="34.928977" lon="128.415245">
			<ele>0.00</ele>
			<time>2020-01-17T01:14:13.01Z</time>
		</trkpt>
		<trkpt lat="34.928956" lon="128.415228">
			<ele>0.00</ele>
			<time>2020-01-17T01:14:13.18Z</time>
		</trkpt>
		<trkpt lat="34.928928" lon="128.415211">
			<ele>0.00</ele>
			<time>2020-01-17T01:14:13.39Z</time>
		</trkpt>
		<trkpt lat="34.928903" lon="128.415194">
			<ele>0.00</ele>
			<time>2020-01-17T01:14:13.58Z</time>
		</trkpt>
		<trkpt lat="34.928879" lon="128.415174">
			<ele>0.00</ele>
			<time>2020-01-17T01:14:13.77Z</time>
		</trkpt>
		<trkpt lat="34.928851" lon="128.415150">
			<ele>0.00</ele>
			<time>2020-01-17T01:14:14Z</time>
		</trkpt>
		<trkpt lat="34.928824" lon="128.415128">
			<ele>0.00</ele>
			<time>2020-01-17T01:14:14.22Z</time>
		</trkpt>
		<trkpt lat="34.928799" lon="128.415111">
			<ele>0.00</ele>
			<time>2020-01-17T01:14:14.41Z</time>
		</trkpt>
		<trkpt lat="34.928778" lon="128.415099">
			<ele>0.00</ele>
			<time>2020-01-17T01:14:14.56Z</time>
		</trkpt>
		<trkpt lat="34.928754" lon="128.415078">
			<ele>0.00</ele>
			<time>2020-01-17T01:14:14.76Z</time>
		</trkpt>
		<trkpt lat="34.928731" lon="128.415059">
			<ele>0.00</ele>
			<time>2020-01-17T01:14:14.94Z</time>
		</trkpt>
		<trkpt lat="34.928704" lon="128.415043">
			<ele>0.00</ele>
			<time>2020-01-17T01:14:15.14Z</time>
		</trkpt>
		<trkpt lat="34.928676" lon="128.415023">
			<ele>0.00</ele>
			<time>2020-01-17T01:14:15.36Z</time>
		</trkpt>
		<trkpt lat="34.928648" lon="128.415005">
			<ele>0.00</ele>
			<time>2020-01-17T01:14:15.58Z</time>
		</trkpt>
		<trkpt lat="34.928625" lon="128.414995">
			<ele>0.00</ele>
			<time>2020-01-17T01:14:15.74Z</time>
		</trkpt>
		<trkpt lat="34.928601" lon="128.414983">
			<ele>0.00</ele>
			<time>2020-01-17T01:14:15.91Z</time>
		</trkpt>
		<trkpt lat="34.928575" lon="128.414975">
			<ele>0.00</ele>
			<time>2020-01-17T01:14:16.09Z</time>
		</trkpt>
		<trkpt lat="34.928551" lon="128.414966">
			<ele>0.00</ele>
			<time>2020-01-17T01:14:16.25Z</time>
		</trkpt>
		<trkpt lat="34.928522" lon="128.414957">
			<ele>0.00</ele>
			<time>2020-01-17T01:14:16.45Z</time>
		</trkpt>
		<trkpt lat="34.928499" lon="128.414954">
			<ele>0.00</ele>
			<time>2020-01-17T01:14:16.61Z</time>
		</trkpt>
		<trkpt lat="34.928477" lon="128.414956">
			<ele>0.00</ele>
			<time>2020-01-17T01:14:16.76Z</time>
		</trkpt>
		<trkpt lat="34.928446" lon="128.414957">
			<ele>0.00</ele>
			<time>2020-01-17T01:14:16.96Z</time>
		</trkpt>
		<trkpt lat="34.928418" lon="128.414961">
			<ele>0.00</ele>
			<time>2020-01-17T01:14:17.15Z</time>
		</trkpt>
		<trkpt lat="34.928404" lon="128.414982">
			<ele>0.00</ele>
			<time>2020-01-17T01:14:17.30Z</time>
		</trkpt>
		<trkpt lat="34.928399" lon="128.415005">
			<ele>0.00</ele>
			<time>2020-01-17T01:14:17.43Z</time>
		</trkpt>
		<trkpt lat="34.928401" lon="128.415038">
			<ele>0.00</ele>
			<time>2020-01-17T01:14:17.61Z</time>
		</trkpt>
		<trkpt lat="34.928410" lon="128.415085">
			<ele>0.00</ele>
			<time>2020-01-17T01:14:17.87Z</time>
		</trkpt>
		<trkpt lat="34.928416" lon="128.415115">
			<ele>0.00</ele>
			<time>2020-01-17T01:14:18.04Z</time>
		</trkpt>
		<trkpt lat="34.928428" lon="128.415144">
			<ele>0.00</ele>
			<time>2020-01-17T01:14:18.22Z</time>
		</trkpt>
		<trkpt lat="34.928438" lon="128.415172">
			<ele>0.00</ele>
			<time>2020-01-17T01:14:18.39Z</time>
		</trkpt>
		<trkpt lat="34.928453" lon="128.415203">
			<ele>0.00</ele>
			<time>2020-01-17T01:14:18.58Z</time>
		</trkpt>
		<trkpt lat="34.928474" lon="128.415239">
			<ele>0.00</ele>
			<time>2020-01-17T01:14:18.82Z</time>
		</trkpt>
		<trkpt lat="34.928494" lon="128.415266">
			<ele>0.00</ele>
			<time>2020-01-17T01:14:19.02Z</time>
		</trkpt>
		<trkpt lat="34.928517" lon="128.415290">
			<ele>0.00</ele>
			<time>2020-01-17T01:14:19.22Z</time>
		</trkpt>
		<trkpt lat="34.928540" lon="128.415307">
			<ele>0.00</ele>
			<time>2020-01-17T01:14:19.40Z</time>
		</trkpt>
		<trkpt lat="34.928562" lon="128.415323">
			<ele>0.00</ele>
			<time>2020-01-17T01:14:19.58Z</time>
		</trkpt>
		<trkpt lat="34.928587" lon="128.415341">
			<ele>0.00</ele>
			<time>2020-01-17T01:14:19.77Z</time>
		</trkpt>
		<trkpt lat="34.928609" lon="128.415352">
			<ele>0.00</ele>
			<time>2020-01-17T01:14:19.93Z</time>
		</trkpt>
		<trkpt lat="34.928637" lon="128.415372">
			<ele>0.00</ele>
			<time>2020-01-17T01:14:20.14Z</time>
		</trkpt>
		<trkpt lat="34.928650" lon="128.415382">
			<ele>0.00</ele>
			<time>2020-01-17T01:14:20.25Z</time>
		</trkpt>
		<trkpt lat="34.928665" lon="128.415400">
			<ele>0.00</ele>
			<time>2020-01-17T01:14:20.39Z</time>
		</trkpt>
		<trkpt lat="34.928678" lon="128.415425">
			<ele>0.00</ele>
			<time>2020-01-17T01:14:20.55Z</time>
		</trkpt>
		<trkpt lat="34.928695" lon="128.415459">
			<ele>0.00</ele>
			<time>2020-01-17T01:14:20.77Z</time>
		</trkpt>
		<trkpt lat="34.928709" lon="128.415482">
			<ele>0.00</ele>
			<time>2020-01-17T01:14:20.92Z</time>
		</trkpt>
		<trkpt lat="34.928730" lon="128.415519">
			<ele>0.00</ele>
			<time>2020-01-17T01:14:21.17Z</time>
		</trkpt>
		<trkpt lat="34.928754" lon="128.415553">
			<ele>0.00</ele>
			<time>2020-01-17T01:14:21.42Z</time>
		</trkpt>
		<trkpt lat="34.928771" lon="128.415580">
			<ele>0.00</ele>
			<time>2020-01-17T01:14:21.60Z</time>
		</trkpt>
		<trkpt lat="34.928792" lon="128.415618">
			<ele>0.00</ele>
			<time>2020-01-17T01:14:21.85Z</time>
		</trkpt>
		<trkpt lat="34.928810" lon="128.415656">
			<ele>0.00</ele>
			<time>2020-01-17T01:14:22.09Z</time>
		</trkpt>
		<trkpt lat="34.928832" lon="128.415699">
			<ele>0.00</ele>
			<time>2020-01-17T01:14:22.37Z</time>
		</trkpt>
		<trkpt lat="34.928849" lon="128.415748">
			<ele>0.00</ele>
			<time>2020-01-17T01:14:22.66Z</time>
		</trkpt>
		<trkpt lat="34.928860" lon="128.415789">
			<ele>0.00</ele>
			<time>2020-01-17T01:14:22.89Z</time>
		</trkpt>
		<trkpt lat="34.928871" lon="128.415831">
			<ele>0.00</ele>
			<time>2020-01-17T01:14:23.13Z</time>
		</trkpt>
		<trkpt lat="34.928878" lon="128.415871">
			<ele>0.00</ele>
			<time>2020-01-17T01:14:23.36Z</time>
		</trkpt>
		<trkpt lat="34.928885" lon="128.415918">
			<ele>0.00</ele>
			<time>2020-01-17T01:14:23.62Z</time>
		</trkpt>
		<trkpt lat="34.928889" lon="128.415962">
			<ele>0.00</ele>
			<time>2020-01-17T01:14:23.86Z</time>
		</trkpt>
		<trkpt lat="34.928892" lon="128.416025">
			<ele>0.00</ele>
			<time>2020-01-17T01:14:24.21Z</time>
		</trkpt>
		<trkpt lat="34.928889" lon="128.416078">
			<ele>0.00</ele>
			<time>2020-01-17T01:14:24.50Z</time>
		</trkpt>
		<trkpt lat="34.928891" lon="128.416126">
			<ele>0.00</ele>
			<time>2020-01-17T01:14:24.76Z</time>
		</trkpt>
		<trkpt lat="34.928887" lon="128.416182">
			<ele>0.00</ele>
			<time>2020-01-17T01:14:25.07Z</time>
		</trkpt>
		<trkpt lat="34.928888" lon="128.416234">
			<ele>0.00</ele>
			<time>2020-01-17T01:14:25.35Z</time>
		</trkpt>
		<trkpt lat="34.928887" lon="128.416295">
			<ele>0.00</ele>
			<time>2020-01-17T01:14:25.69Z</time>
		</trkpt>
		<trkpt lat="34.928885" lon="128.416350">
			<ele>0.00</ele>
			<time>2020-01-17T01:14:25.98Z</time>
		</trkpt>
		<trkpt lat="34.928880" lon="128.416411">
			<ele>0.00</ele>
			<time>2020-01-17T01:14:26.32Z</time>
		</trkpt>
		<trkpt lat="34.928874" lon="128.416474">
			<ele>0.00</ele>
			<time>2020-01-17T01:14:26.67Z</time>
		</trkpt>
		<trkpt lat="34.928869" lon="128.416535">
			<ele>0.00</ele>
			<time>2020-01-17T01:14:27Z</time>
		</trkpt>
		<trkpt lat="34.928868" lon="128.416584">
			<ele>0.00</ele>
			<time>2020-01-17T01:14:27.27Z</time>
		</trkpt>
		<trkpt lat="34.928862" lon="128.416625">
			<ele>0.00</ele>
			<time>2020-01-17T01:14:27.50Z</time>
		</trkpt>
		<trkpt lat="34.928856" lon="128.416674">
			<ele>0.00</ele>
			<time>2020-01-17T01:14:27.77Z</time>
		</trkpt>
		<trkpt lat="34.928851" lon="128.416720">
			<ele>0.00</ele>
			<time>2020-01-17T01:14:28.02Z</time>
		</trkpt>
		<trkpt lat="34.928842" lon="128.416765">
			<ele>0.00</ele>
			<time>2020-01-17T01:14:28.28Z</time>
		</trkpt>
		<trkpt lat="34.928827" lon="128.416819">
			<ele>0.00</ele>
			<time>2020-01-17T01:14:28.59Z</time>
		</trkpt>
		<trkpt lat="34.928811" lon="128.416863">
			<ele>0.00</ele>
			<time>2020-01-17T01:14:28.85Z</time>
		</trkpt>
		<trkpt lat="34.928797" lon="128.416900">
			<ele>0.00</ele>
			<time>2020-01-17T01:14:29.07Z</time>
		</trkpt>
		<trkpt lat="34.928767" lon="128.416947">
			<ele>0.00</ele>
			<time>2020-01-17T01:14:29.40Z</time>
		</trkpt>
		<trkpt lat="34.928742" lon="128.416989">
			<ele>0.00</ele>
			<time>2020-01-17T01:14:29.68Z</time>
		</trkpt>
		<trkpt lat="34.928715" lon="128.417030">
			<ele>0.00</ele>
			<time>2020-01-17T01:14:29.97Z</time>
		</trkpt>
		<trkpt lat="34.928695" lon="128.417066">
			<ele>0.00</ele>
			<time>2020-01-17T01:14:30.21Z</time>
		</trkpt>
		<trkpt lat="34.928671" lon="128.417119">
			<ele>0.00</ele>
			<time>2020-01-17T01:14:30.54Z</time>
		</trkpt>
		<trkpt lat="34.928649" lon="128.417163">
			<ele>0.00</ele>
			<time>2020-01-17T01:14:30.82Z</time>
		</trkpt>
		<trkpt lat="34.928631" lon="128.417217">
			<ele>0.00</ele>
			<time>2020-01-17T01:14:31.14Z</time>
		</trkpt>
		<trkpt lat="34.928617" lon="128.417258">
			<ele>0.00</ele>
			<time>2020-01-17T01:14:31.38Z</time>
		</trkpt>
		<trkpt lat="34.928602" lon="128.417313">
			<ele>0.00</ele>
			<time>2020-01-17T01:14:31.70Z</time>
		</trkpt>
		<trkpt lat="34.928590" lon="128.417369">
			<ele>0.00</ele>
			<time>2020-01-17T01:14:32.02Z</time>
		</trkpt>
		<trkpt lat="34.928579" lon="128.417416">
			<ele>0.00</ele>
			<time>2020-01-17T01:14:32.28Z</time>
		</trkpt>
		<trkpt lat="34.928569" lon="128.417466">
			<ele>0.00</ele>
			<time>2020-01-17T01:14:32.56Z</time>
		</trkpt>
		<trkpt lat="34.928565" lon="128.417527">
			<ele>0.00</ele>
			<time>2020-01-17T01:14:32.90Z</time>
		</trkpt>
		<trkpt lat="34.928559" lon="128.417595">
			<ele>0.00</ele>
			<time>2020-01-17T01:14:33.27Z</time>
		</trkpt>
		<trkpt lat="34.928557" lon="128.417649">
			<ele>0.00</ele>
			<time>2020-01-17T01:14:33.57Z</time>
		</trkpt>
		<trkpt lat="34.928554" lon="128.417713">
			<ele>0.00</ele>
			<time>2020-01-17T01:14:33.92Z</time>
		</trkpt>
		<trkpt lat="34.928551" lon="128.417758">
			<ele>0.00</ele>
			<time>2020-01-17T01:14:34.16Z</time>
		</trkpt>
		<trkpt lat="34.928550" lon="128.417815">
			<ele>0.00</ele>
			<time>2020-01-17T01:14:34.48Z</time>
		</trkpt>
		<trkpt lat="34.928545" lon="128.417877">
			<ele>0.00</ele>
			<time>2020-01-17T01:14:34.82Z</time>
		</trkpt>
		<trkpt lat="34.928541" lon="128.417946">
			<ele>0.00</ele>
			<time>2020-01-17T01:14:35.19Z</time>
		</trkpt>
		<trkpt lat="34.928531" lon="128.418008">
			<ele>0.00</ele>
			<time>2020-01-17T01:14:35.54Z</time>
		</trkpt>
		<trkpt lat="34.928523" lon="128.418061">
			<ele>0.00</ele>
			<time>2020-01-17T01:14:35.84Z</time>
		</trkpt>
		<trkpt lat="34.928507" lon="128.418136">
			<ele>0.00</ele>
			<time>2020-01-17T01:14:36.26Z</time>
		</trkpt>
		<trkpt lat="34.928491" lon="128.418205">
			<ele>0.00</ele>
			<time>2020-01-17T01:14:36.65Z</time>
		</trkpt>
		<trkpt lat="34.928476" lon="128.418276">
			<ele>0.00</ele>
			<time>2020-01-17T01:14:37.05Z</time>
		</trkpt>
		<trkpt lat="34.928465" lon="128.418331">
			<ele>0.00</ele>
			<time>2020-01-17T01:14:37.36Z</time>
		</trkpt>
		<trkpt lat="34.928451" lon="128.418374">
			<ele>0.00</ele>
			<time>2020-01-17T01:14:37.61Z</time>
		</trkpt>
		<trkpt lat="34.928427" lon="128.418439">
			<ele>0.00</ele>
			<time>2020-01-17T01:14:38Z</time>
		</trkpt>
		<trkpt lat="34.928409" lon="128.418497">
			<ele>0.00</ele>
			<time>2020-01-17T01:14:38.34Z</time>
		</trkpt>
		<trkpt lat="34.928389" lon="128.418566">
			<ele>0.00</ele>
			<time>2020-01-17T01:14:38.74Z</time>
		</trkpt>
		<trkpt lat="34.928369" lon="128.418636">
			<ele>0.00</ele>
			<time>2020-01-17T01:14:39.14Z</time>
		</trkpt>
		<trkpt lat="34.928354" lon="128.418709">
			<ele>0.00</ele>
			<time>2020-01-17T01:14:39.56Z</time>
		</trkpt>
		<trkpt lat="34.928340" lon="128.418769">
			<ele>0.00</ele>
			<time>2020-01-17T01:14:39.90Z</time>
		</trkpt>
		<trkpt lat="34.928327" lon="128.418840">
			<ele>0.00</ele>
			<time>2020-01-17T01:14:40.29Z</time>
		</trkpt>
		<trkpt lat="34.928318" lon="128.418915">
			<ele>0.00</ele>
			<time>2020-01-17T01:14:40.71Z</time>
		</trkpt>
		<trkpt lat="34.928311" lon="128.418989">
			<ele>0.00</ele>
			<time>2020-01-17T01:14:41.12Z</time>
		</trkpt>
		<trkpt lat="34.928311" lon="128.419065">
			<ele>0.00</ele>
			<time>2020-01-17T01:14:41.53Z</time>
		</trkpt>
		<trkpt lat="34.928315" lon="128.419143">
			<ele>0.00</ele>
			<time>2020-01-17T01:14:41.96Z</time>
		</trkpt>
		<trkpt lat="34.928317" lon="128.419208">
			<ele>0.00</ele>
			<time>2020-01-17T01:14:42.32Z</time>
		</trkpt>
		<trkpt lat="34.928327" lon="128.419272">
			<ele>0.00</ele>
			<time>2020-01-17T01:14:42.67Z</time>
		</trkpt>
		<trkpt lat="34.928343" lon="128.419352">
			<ele>0.00</ele>
			<time>2020-01-17T01:14:43.12Z</time>
		</trkpt>
		<trkpt lat="34.928360" lon="128.419426">
			<ele>0.00</ele>
			<time>2020-01-17T01:14:43.54Z</time>
		</trkpt>
		<trkpt lat="34.928377" lon="128.419490">
			<ele>0.00</ele>
			<time>2020-01-17T01:14:43.91Z</time>
		</trkpt>
		<trkpt lat="34.928410" lon="128.419565">
			<ele>0.00</ele>
			<time>2020-01-17T01:14:44.37Z</time>
		</trkpt>
		<trkpt lat="34.928425" lon="128.419614">
			<ele>0.00</ele>
			<time>2020-01-17T01:14:44.66Z</time>
		</trkpt>
		<trkpt lat="34.928444" lon="128.419672">
			<ele>0.00</ele>
			<time>2020-01-17T01:14:45Z</time>
		</trkpt>
		<trkpt lat="34.928463" lon="128.419730">
			<ele>0.00</ele>
			<time>2020-01-17T01:14:45.34Z</time>
		</trkpt>
		<trkpt lat="34.928468" lon="128.419775">
			<ele>0.00</ele>
			<time>2020-01-17T01:14:45.59Z</time>
		</trkpt>
		<trkpt lat="34.928480" lon="128.419843">
			<ele>0.00</ele>
			<time>2020-01-17T01:14:45.97Z</time>
		</trkpt>
		<trkpt lat="34.928483" lon="128.419911">
			<ele>0.00</ele>
			<time>2020-01-17T01:14:46.34Z</time>
		</trkpt>
		<trkpt lat="34.928485" lon="128.419994">
			<ele>0.00</ele>
			<time>2020-01-17T01:14:46.80Z</time>
		</trkpt>
		<trkpt lat="34.928495" lon="128.420059">
			<ele>0.00</ele>
			<time>2020-01-17T01:14:47.16Z</time>
		</trkpt>
		<trkpt lat="34.928507" lon="128.420142">
			<ele>0.00</ele>
			<time>2020-01-17T01:14:47.62Z</time>
		</trkpt>
		<trkpt lat="34.928520" lon="128.420219">
			<ele>0.00</ele>
			<time>2020-01-17T01:14:48.05Z</time>
		</trkpt>
		<trkpt lat="34.928536" lon="128.420297">
			<ele>0.00</ele>
			<time>2020-01-17T01:14:48.49Z</time>
		</trkpt>
		<trkpt lat="34.928540" lon="128.420370">
			<ele>0.00</ele>
			<time>2020-01-17T01:14:48.89Z</time>
		</trkpt>
		<trkpt lat="34.928543" lon="128.420427">
			<ele>0.00</ele>
			<time>2020-01-17T01:14:49.20Z</time>
		</trkpt>
		<trkpt lat="34.928543" lon="128.420494">
			<ele>0.00</ele>
			<time>2020-01-17T01:14:49.57Z</time>
		</trkpt>
		<trkpt lat="34.928526" lon="128.420573">
			<ele>0.00</ele>
			<time>2020-01-17T01:14:50.01Z</time>
		</trkpt>
		<trkpt lat="34.928497" lon="128.420672">
			<ele>0.00</ele>
			<time>2020-01-17T01:14:50.59Z</time>
		</trkpt>
		<trkpt lat="34.928468" lon="128.420741">
			<ele>0.00</ele>
			<time>2020-01-17T01:14:51.01Z</time>
		</trkpt>
		<trkpt lat="34.928438" lon="128.420815">
			<ele>0.00</ele>
			<time>2020-01-17T01:14:51.46Z</time>
		</trkpt>
		<trkpt lat="34.928417" lon="128.420898">
			<ele>0.00</ele>
			<time>2020-01-17T01:14:51.94Z</time>
		</trkpt>
		<trkpt lat="34.928423" lon="128.420975">
			<ele>0.00</ele>
			<time>2020-01-17T01:14:52.36Z</time>
		</trkpt>
		<trkpt lat="34.928437" lon="128.421042">
			<ele>0.00</ele>
			<time>2020-01-17T01:14:52.74Z</time>
		</trkpt>
		<trkpt lat="34.928467" lon="128.421102">
			<ele>0.00</ele>
			<time>2020-01-17T01:14:53.12Z</time>
		</trkpt>
		<trkpt lat="34.928501" lon="128.421147">
			<ele>0.00</ele>
			<time>2020-01-17T01:14:53.46Z</time>
		</trkpt>
		<trkpt lat="34.928509" lon="128.421204">
			<ele>0.00</ele>
			<time>2020-01-17T01:14:53.77Z</time>
		</trkpt>
		<trkpt lat="34.928509" lon="128.421267">
			<ele>0.00</ele>
			<time>2020-01-17T01:14:54.12Z</time>
		</trkpt>
		<trkpt lat="34.928512" lon="128.421324">
			<ele>0.00</ele>
			<time>2020-01-17T01:14:54.43Z</time>
		</trkpt>
		<trkpt lat="34.928508" lon="128.421383">
			<ele>0.00</ele>
			<time>2020-01-17T01:14:54.75Z</time>
		</trkpt>
		<trkpt lat="34.928504" lon="128.421451">
			<ele>0.00</ele>
			<time>2020-01-17T01:14:55.13Z</time>
		</trkpt>
		<trkpt lat="34.928505" lon="128.421539">
			<ele>0.00</ele>
			<time>2020-01-17T01:14:55.61Z</time>
		</trkpt>
		<trkpt lat="34.928507" lon="128.421612">
			<ele>0.00</ele>
			<time>2020-01-17T01:14:56.01Z</time>
		</trkpt>
		<trkpt lat="34.928492" lon="128.421700">
			<ele>0.00</ele>
			<time>2020-01-17T01:14:56.50Z</time>
		</trkpt>
		<trkpt lat="34.928483" lon="128.421786">
			<ele>0.00</ele>
			<time>2020-01-17T01:14:56.97Z</time>
		</trkpt>
		<trkpt lat="34.928470" lon="128.421881">
			<ele>0.00</ele>
			<time>2020-01-17T01:14:57.50Z</time>
		</trkpt>
		<trkpt lat="34.928444" lon="128.422005">
			<ele>0.00</ele>
			<time>2020-01-17T01:14:58.20Z</time>
		</trkpt>
		<trkpt lat="34.928424" lon="128.422112">
			<ele>0.00</ele>
			<time>2020-01-17T01:14:58.80Z</time>
		</trkpt>
		<trkpt lat="34.928400" lon="128.422234">
			<ele>0.00</ele>
			<time>2020-01-17T01:14:59.48Z</time>
		</trkpt>
		<trkpt lat="34.928369" lon="128.422361">
			<ele>0.00</ele>
			<time>2020-01-17T01:15:00.21Z</time>
		</trkpt>
		<trkpt lat="34.928353" lon="128.422461">
			<ele>0.00</ele>
			<time>2020-01-17T01:15:00.76Z</time>
		</trkpt>
		<trkpt lat="34.928332" lon="128.422556">
			<ele>0.00</ele>
			<time>2020-01-17T01:15:01.30Z</time>
		</trkpt>
		<trkpt lat="34.928303" lon="128.422634">
			<ele>0.00</ele>
			<time>2020-01-17T01:15:01.77Z</time>
		</trkpt>
		<trkpt lat="34.928266" lon="128.422712">
			<ele>0.00</ele>
			<time>2020-01-17T01:15:02.26Z</time>
		</trkpt>
		<trkpt lat="34.928233" lon="128.422781">
			<ele>0.00</ele>
			<time>2020-01-17T01:15:02.70Z</time>
		</trkpt>
		<trkpt lat="34.928185" lon="128.422866">
			<ele>0.00</ele>
			<time>2020-01-17T01:15:03.26Z</time>
		</trkpt>
		<trkpt lat="34.928149" lon="128.422945">
			<ele>0.00</ele>
			<time>2020-01-17T01:15:03.76Z</time>
		</trkpt>
		<trkpt lat="34.928104" lon="128.423042">
			<ele>0.00</ele>
			<time>2020-01-17T01:15:04.37Z</time>
		</trkpt>
		<trkpt lat="34.928061" lon="128.423123">
			<ele>0.00</ele>
			<time>2020-01-17T01:15:04.89Z</time>
		</trkpt>
		<trkpt lat="34.928012" lon="128.423210">
			<ele>0.00</ele>
			<time>2020-01-17T01:15:05.47Z</time>
		</trkpt>
		<trkpt lat="34.927963" lon="128.423289">
			<ele>0.00</ele>
			<time>2020-01-17T01:15:06.02Z</time>
		</trkpt>
		<trkpt lat="34.927917" lon="128.423369">
			<ele>0.00</ele>
			<time>2020-01-17T01:15:06.55Z</time>
		</trkpt>
		<trkpt lat="34.927870" lon="128.423451">
			<ele>0.00</ele>
			<time>2020-01-17T01:15:07.09Z</time>
		</trkpt>
		<trkpt lat="34.927828" lon="128.423563">
			<ele>0.00</ele>
			<time>2020-01-17T01:15:07.77Z</time>
		</trkpt>
		<trkpt lat="34.927798" lon="128.423659">
			<ele>0.00</ele>
			<time>2020-01-17T01:15:08.33Z</time>
		</trkpt>
		<trkpt lat="34.927768" lon="128.423753">
			<ele>0.00</ele>
			<time>2020-01-17T01:15:08.88Z</time>
		</trkpt>
		<trkpt lat="34.927771" lon="128.423834">
			<ele>0.00</ele>
			<time>2020-01-17T01:15:09.32Z</time>
		</trkpt>
		<trkpt lat="34.927793" lon="128.423906">
			<ele>0.00</ele>
			<time>2020-01-17T01:15:09.74Z</time>
		</trkpt>
		<trkpt lat="34.927812" lon="128.423973">
			<ele>0.00</ele>
			<time>2020-01-17T01:15:10.13Z</time>
		</trkpt>
		<trkpt lat="34.927833" lon="128.424042">
			<ele>0.00</ele>
			<time>2020-01-17T01:15:10.53Z</time>
		</trkpt>
		<trkpt lat="34.927811" lon="128.424157">
			<ele>0.00</ele>
			<time>2020-01-17T01:15:11.18Z</time>
		</trkpt>
		<trkpt lat="34.927787" lon="128.424245">
			<ele>0.00</ele>
			<time>2020-01-17T01:15:11.69Z</time>
		</trkpt>
		<trkpt lat="34.927762" lon="128.424334">
			<ele>0.00</ele>
			<time>2020-01-17T01:15:12.20Z</time>
		</trkpt>
		<trkpt lat="34.927741" lon="128.424450">
			<ele>0.00</ele>
			<time>2020-01-17T01:15:12.85Z</time>
		</trkpt>
		<trkpt lat="34.927718" lon="128.424546">
			<ele>0.00</ele>
			<time>2020-01-17T01:15:13.39Z</time>
		</trkpt>
		<trkpt lat="34.927682" lon="128.424636">
			<ele>0.00</ele>
			<time>2020-01-17T01:15:13.94Z</time>
		</trkpt>
		<trkpt lat="34.927636" lon="128.424725">
			<ele>0.00</ele>
			<time>2020-01-17T01:15:14.52Z</time>
		</trkpt>
		<trkpt lat="34.927604" lon="128.424802">
			<ele>0.00</ele>
			<time>2020-01-17T01:15:14.99Z</time>
		</trkpt>
		<trkpt lat="34.927564" lon="128.424894">
			<ele>0.00</ele>
			<time>2020-01-17T01:15:15.56Z</time>
		</trkpt>
		<trkpt lat="34.927535" lon="128.424975">
			<ele>0.00</ele>
			<time>2020-01-17T01:15:16.04Z</time>
		</trkpt>
		<trkpt lat="34.927566" lon="128.425021">
			<ele>0.00</ele>
			<time>2020-01-17T01:15:16.37Z</time>
		</trkpt>
		<trkpt lat="34.927607" lon="128.425060">
			<ele>0.00</ele>
			<time>2020-01-17T01:15:16.71Z</time>
		</trkpt>
		<trkpt lat="34.927629" lon="128.425118">
			<ele>0.00</ele>
			<time>2020-01-17T01:15:17.06Z</time>
		</trkpt>
		<trkpt lat="34.927627" lon="128.425211">
			<ele>0.00</ele>
			<time>2020-01-17T01:15:17.57Z</time>
		</trkpt>
		<trkpt lat="34.927618" lon="128.425300">
			<ele>0.00</ele>
			<time>2020-01-17T01:15:18.06Z</time>
		</trkpt>
		<trkpt lat="34.927617" lon="128.425389">
			<ele>0.00</ele>
			<time>2020-01-17T01:15:18.55Z</time>
		</trkpt>
		<trkpt lat="34.927623" lon="128.425480">
			<ele>0.00</ele>
			<time>2020-01-17T01:15:19.05Z</time>
		</trkpt>
		<trkpt lat="34.927641" lon="128.425548">
			<ele>0.00</ele>
			<time>2020-01-17T01:15:19.44Z</time>
		</trkpt>
		<trkpt lat="34.927637" lon="128.425630">
			<ele>0.00</ele>
			<time>2020-01-17T01:15:19.89Z</time>
		</trkpt>
		<trkpt lat="34.927627" lon="128.425692">
			<ele>0.00</ele>
			<time>2020-01-17T01:15:20.23Z</time>
		</trkpt>
		<trkpt lat="34.927630" lon="128.425776">
			<ele>0.00</ele>
			<time>2020-01-17T01:15:20.69Z</time>
		</trkpt>
		<trkpt lat="34.927632" lon="128.425845">
			<ele>0.00</ele>
			<time>2020-01-17T01:15:21.07Z</time>
		</trkpt>
		<trkpt lat="34.927635" lon="128.425909">
			<ele>0.00</ele>
			<time>2020-01-17T01:15:21.42Z</time>
		</trkpt>
		<trkpt lat="34.927619" lon="128.425978">
			<ele>0.00</ele>
			<time>2020-01-17T01:15:21.81Z</time>
		</trkpt>
		<trkpt lat="34.927570" lon="128.426034">
			<ele>0.00</ele>
			<time>2020-01-17T01:15:22.26Z</time>
		</trkpt>
		<trkpt lat="34.927516" lon="128.426095">
			<ele>0.00</ele>
			<time>2020-01-17T01:15:22.75Z</time>
		</trkpt>
		<trkpt lat="34.927483" lon="128.426175">
			<ele>0.00</ele>
			<time>2020-01-17T01:15:23.24Z</time>
		</trkpt>
		<trkpt lat="34.927461" lon="128.426295">
			<ele>0.00</ele>
			<time>2020-01-17T01:15:23.91Z</time>
		</trkpt>
		<trkpt lat="34.927437" lon="128.426379">
			<ele>0.00</ele>
			<time>2020-01-17T01:15:24.40Z</time>
		</trkpt>
		<trkpt lat="34.927420" lon="128.426466">
			<ele>0.00</ele>
			<time>2020-01-17T01:15:24.89Z</time>
		</trkpt>
		<trkpt lat="34.927398" lon="128.426535">
			<ele>0.00</ele>
			<time>2020-01-17T01:15:25.29Z</time>
		</trkpt>
		<trkpt lat="34.927363" lon="128.426633">
			<ele>0.00</ele>
			<time>2020-01-17T01:15:25.88Z</time>
		</trkpt>
		<trkpt lat="34.927329" lon="128.426732">
			<ele>0.00</ele>
			<time>2020-01-17T01:15:26.46Z</time>
		</trkpt>
		<trkpt lat="34.927313" lon="128.426787">
			<ele>0.00</ele>
			<time>2020-01-17T01:15:26.78Z</time>
		</trkpt>
		<trkpt lat="34.927337" lon="128.426812">
			<ele>0.00</ele>
			<time>2020-01-17T01:15:26.99Z</time>
		</trkpt>
		<trkpt lat="34.927314" lon="128.426906">
			<ele>0.00</ele>
			<time>2020-01-17T01:15:27.53Z</time>
		</trkpt>
		<trkpt lat="34.927251" lon="128.426937">
			<ele>0.00</ele>
			<time>2020-01-17T01:15:27.98Z</time>
		</trkpt>
		<trkpt lat="34.927203" lon="128.426988">
			<ele>0.00</ele>
			<time>2020-01-17T01:15:28.41Z</time>
		</trkpt>
		<trkpt lat="34.927141" lon="128.427106">
			<ele>0.00</ele>
			<time>2020-01-17T01:15:29.17Z</time>
		</trkpt>
		<trkpt lat="34.927098" lon="128.427174">
			<ele>0.00</ele>
			<time>2020-01-17T01:15:29.64Z</time>
		</trkpt>
		<trkpt lat="34.927048" lon="128.427262">
			<ele>0.00</ele>
			<time>2020-01-17T01:15:30.22Z</time>
		</trkpt>
		<trkpt lat="34.927011" lon="128.427333">
			<ele>0.00</ele>
			<time>2020-01-17T01:15:30.69Z</time>
		</trkpt>
		<trkpt lat="34.926973" lon="128.427396">
			<ele>0.00</ele>
			<time>2020-01-17T01:15:31.11Z</time>
		</trkpt>
		<trkpt lat="34.926935" lon="128.427479">
			<ele>0.00</ele>
			<time>2020-01-17T01:15:31.63Z</time>
		</trkpt>
		<trkpt lat="34.926891" lon="128.427560">
			<ele>0.00</ele>
			<time>2020-01-17T01:15:32.16Z</time>
		</trkpt>
		<trkpt lat="34.926839" lon="128.427653">
			<ele>0.00</ele>
			<time>2020-01-17T01:15:32.78Z</time>
		</trkpt>
		<trkpt lat="34.926799" lon="128.427727">
			<ele>0.00</ele>
			<time>2020-01-17T01:15:33.27Z</time>
		</trkpt>
		<trkpt lat="34.926754" lon="128.427814">
			<ele>0.00</ele>
			<time>2020-01-17T01:15:33.83Z</time>
		</trkpt>
		<trkpt lat="34.926704" lon="128.427887">
			<ele>0.00</ele>
			<time>2020-01-17T01:15:34.35Z</time>
		</trkpt>
		<trkpt lat="34.926658" lon="128.427972">
			<ele>0.00</ele>
			<time>2020-01-17T01:15:34.90Z</time>
		</trkpt>
		<trkpt lat="34.926602" lon="128.428063">
			<ele>0.00</ele>
			<time>2020-01-17T01:15:35.53Z</time>
		</trkpt>
		<trkpt lat="34.926551" lon="128.428148">
			<ele>0.00</ele>
			<time>2020-01-17T01:15:36.10Z</time>
		</trkpt>
		<trkpt lat="34.926495" lon="128.428245">
			<ele>0.00</ele>
			<time>2020-01-17T01:15:36.75Z</time>
		</trkpt>
		<trkpt lat="34.926447" lon="128.428321">
			<ele>0.00</ele>
			<time>2020-01-17T01:15:37.27Z</time>
		</trkpt>
		<trkpt lat="34.926407" lon="128.428387">
			<ele>0.00</ele>
			<time>2020-01-17T01:15:37.72Z</time>
		</trkpt>
		<trkpt lat="34.926365" lon="128.428447">
			<ele>0.00</ele>
			<time>2020-01-17T01:15:38.15Z</time>
		</trkpt>
		<trkpt lat="34.926292" lon="128.428461">
			<ele>0.00</ele>
			<time>2020-01-17T01:15:38.64Z</time>
		</trkpt>
		<trkpt lat="34.926189" lon="128.428463">
			<ele>0.00</ele>
			<time>2020-01-17T01:15:39.33Z</time>
		</trkpt>
		<trkpt lat="34.926100" lon="128.428457">
			<ele>0.00</ele>
			<time>2020-01-17T01:15:39.92Z</time>
		</trkpt>
		<trkpt lat="34.925994" lon="128.428443">
			<ele>0.00</ele>
			<time>2020-01-17T01:15:40.64Z</time>
		</trkpt>
		<trkpt lat="34.925928" lon="128.428435">
			<ele>0.00</ele>
			<time>2020-01-17T01:15:41.08Z</time>
		</trkpt>
		<trkpt lat="34.925855" lon="128.428435">
			<ele>0.00</ele>
			<time>2020-01-17T01:15:41.57Z</time>
		</trkpt>
		<trkpt lat="34.925794" lon="128.428445">
			<ele>0.00</ele>
			<time>2020-01-17T01:15:41.98Z</time>
		</trkpt>
		<trkpt lat="34.925717" lon="128.428465">
			<ele>0.00</ele>
			<time>2020-01-17T01:15:42.50Z</time>
		</trkpt>
		<trkpt lat="34.925640" lon="128.428507">
			<ele>0.00</ele>
			<time>2020-01-17T01:15:43.06Z</time>
		</trkpt>
		<trkpt lat="34.925590" lon="128.428537">
			<ele>0.00</ele>
			<time>2020-01-17T01:15:43.43Z</time>
		</trkpt>
		<trkpt lat="34.925536" lon="128.428571">
			<ele>0.00</ele>
			<time>2020-01-17T01:15:43.84Z</time>
		</trkpt>
		<trkpt lat="34.925479" lon="128.428610">
			<ele>0.00</ele>
			<time>2020-01-17T01:15:44.28Z</time>
		</trkpt>
		<trkpt lat="34.925405" lon="128.428654">
			<ele>0.00</ele>
			<time>2020-01-17T01:15:44.82Z</time>
		</trkpt>
		<trkpt lat="34.925331" lon="128.428700">
			<ele>0.00</ele>
			<time>2020-01-17T01:15:45.38Z</time>
		</trkpt>
		<trkpt lat="34.925253" lon="128.428748">
			<ele>0.00</ele>
			<time>2020-01-17T01:15:45.96Z</time>
		</trkpt>
		<trkpt lat="34.925189" lon="128.428798">
			<ele>0.00</ele>
			<time>2020-01-17T01:15:46.47Z</time>
		</trkpt>
		<trkpt lat="34.925128" lon="128.428843">
			<ele>0.00</ele>
			<time>2020-01-17T01:15:46.94Z</time>
		</trkpt>
		<trkpt lat="34.925072" lon="128.428879">
			<ele>0.00</ele>
			<time>2020-01-17T01:15:47.36Z</time>
		</trkpt>
		<trkpt lat="34.925016" lon="128.428925">
			<ele>0.00</ele>
			<time>2020-01-17T01:15:47.82Z</time>
		</trkpt>
		<trkpt lat="34.924947" lon="128.428975">
			<ele>0.00</ele>
			<time>2020-01-17T01:15:48.35Z</time>
		</trkpt>
		<trkpt lat="34.924885" lon="128.429015">
			<ele>0.00</ele>
			<time>2020-01-17T01:15:48.82Z</time>
		</trkpt>
		<trkpt lat="34.924827" lon="128.429049">
			<ele>0.00</ele>
			<time>2020-01-17T01:15:49.25Z</time>
		</trkpt>
		<trkpt lat="34.924759" lon="128.429085">
			<ele>0.00</ele>
			<time>2020-01-17T01:15:49.74Z</time>
		</trkpt>
		<trkpt lat="34.924691" lon="128.429132">
			<ele>0.00</ele>
			<time>2020-01-17T01:15:50.26Z</time>
		</trkpt>
		<trkpt lat="34.924636" lon="128.429161">
			<ele>0.00</ele>
			<time>2020-01-17T01:15:50.66Z</time>
		</trkpt>
		<trkpt lat="34.924580" lon="128.429194">
			<ele>0.00</ele>
			<time>2020-01-17T01:15:51.07Z</time>
		</trkpt>
		<trkpt lat="34.924541" lon="128.429216">
			<ele>0.00</ele>
			<time>2020-01-17T01:15:51.37Z</time>
		</trkpt>
		<trkpt lat="34.924498" lon="128.429251">
			<ele>0.00</ele>
			<time>2020-01-17T01:15:51.71Z</time>
		</trkpt>
		<trkpt lat="34.924452" lon="128.429282">
			<ele>0.00</ele>
			<time>2020-01-17T01:15:52.06Z</time>
		</trkpt>
		<trkpt lat="34.924373" lon="128.429310">
			<ele>0.00</ele>
			<time>2020-01-17T01:15:52.61Z</time>
		</trkpt>
		<trkpt lat="34.924317" lon="128.429328">
			<ele>0.00</ele>
			<time>2020-01-17T01:15:52.99Z</time>
		</trkpt>
		<trkpt lat="34.924246" lon="128.429327">
			<ele>0.00</ele>
			<time>2020-01-17T01:15:53.47Z</time>
		</trkpt>
		<trkpt lat="34.924180" lon="128.429333">
			<ele>0.00</ele>
			<time>2020-01-17T01:15:53.91Z</time>
		</trkpt>
		<trkpt lat="34.924127" lon="128.429333">
			<ele>0.00</ele>
			<time>2020-01-17T01:15:54.26Z</time>
		</trkpt>
		<trkpt lat="34.924088" lon="128.429308">
			<ele>0.00</ele>
			<time>2020-01-17T01:15:54.55Z</time>
		</trkpt>
		<trkpt lat="34.924037" lon="128.429282">
			<ele>0.00</ele>
			<time>2020-01-17T01:15:54.92Z</time>
		</trkpt>
		<trkpt lat="34.923985" lon="128.429262">
			<ele>0.00</ele>
			<time>2020-01-17T01:15:55.28Z</time>
		</trkpt>
		<trkpt lat="34.923935" lon="128.429241">
			<ele>0.00</ele>
			<time>2020-01-17T01:15:55.64Z</time>
		</trkpt>
		<trkpt lat="34.923876" lon="128.429222">
			<ele>0.00</ele>
			<time>2020-01-17T01:15:56.05Z</time>
		</trkpt>
		<trkpt lat="34.923826" lon="128.429197">
			<ele>0.00</ele>
			<time>2020-01-17T01:15:56.41Z</time>
		</trkpt>
		<trkpt lat="34.923783" lon="128.429186">
			<ele>0.00</ele>
			<time>2020-01-17T01:15:56.70Z</time>
		</trkpt>
		<trkpt lat="34.923719" lon="128.429168">
			<ele>0.00</ele>
			<time>2020-01-17T01:15:57.14Z</time>
		</trkpt>
		<trkpt lat="34.923653" lon="128.429161">
			<ele>0.00</ele>
			<time>2020-01-17T01:15:57.58Z</time>
		</trkpt>
		<trkpt lat="34.923585" lon="128.429156">
			<ele>0.00</ele>
			<time>2020-01-17T01:15:58.03Z</time>
		</trkpt>
		<trkpt lat="34.923526" lon="128.429152">
			<ele>0.00</ele>
			<time>2020-01-17T01:15:58.42Z</time>
		</trkpt>
		<trkpt lat="34.923474" lon="128.429153">
			<ele>0.00</ele>
			<time>2020-01-17T01:15:58.77Z</time>
		</trkpt>
		<trkpt lat="34.923417" lon="128.429166">
			<ele>0.00</ele>
			<time>2020-01-17T01:15:59.16Z</time>
		</trkpt>
		<trkpt lat="34.923367" lon="128.429175">
			<ele>0.00</ele>
			<time>2020-01-17T01:15:59.49Z</time>
		</trkpt>
		<trkpt lat="34.923295" lon="128.429188">
			<ele>0.00</ele>
			<time>2020-01-17T01:15:59.98Z</time>
		</trkpt>
		<trkpt lat="34.923220" lon="128.429210">
			<ele>0.00</ele>
			<time>2020-01-17T01:16:00.49Z</time>
		</trkpt>
		<trkpt lat="34.923162" lon="128.429235">
			<ele>0.00</ele>
			<time>2020-01-17T01:16:00.91Z</time>
		</trkpt>
		<trkpt lat="34.923101" lon="128.429263">
			<ele>0.00</ele>
			<time>2020-01-17T01:16:01.34Z</time>
		</trkpt>
		<trkpt lat="34.923056" lon="128.429280">
			<ele>0.00</ele>
			<time>2020-01-17T01:16:01.65Z</time>
		</trkpt>
		<trkpt lat="34.922968" lon="128.429327">
			<ele>0.00</ele>
			<time>2020-01-17T01:16:02.29Z</time>
		</trkpt>
		<trkpt lat="34.922914" lon="128.429352">
			<ele>0.00</ele>
			<time>2020-01-17T01:16:02.68Z</time>
		</trkpt>
		<trkpt lat="34.922855" lon="128.429382">
			<ele>0.00</ele>
			<time>2020-01-17T01:16:03.11Z</time>
		</trkpt>
		<trkpt lat="34.922783" lon="128.429428">
			<ele>0.00</ele>
			<time>2020-01-17T01:16:03.65Z</time>
		</trkpt>
		<trkpt lat="34.922724" lon="128.429466">
			<ele>0.00</ele>
			<time>2020-01-17T01:16:04.09Z</time>
		</trkpt>
		<trkpt lat="34.922648" lon="128.429513">
			<ele>0.00</ele>
			<time>2020-01-17T01:16:04.66Z</time>
		</trkpt>
		<trkpt lat="34.922594" lon="128.429553">
			<ele>0.00</ele>
			<time>2020-01-17T01:16:05.08Z</time>
		</trkpt>
		<trkpt lat="34.922518" lon="128.429597">
			<ele>0.00</ele>
			<time>2020-01-17T01:16:05.64Z</time>
		</trkpt>
		<trkpt lat="34.922459" lon="128.429639">
			<ele>0.00</ele>
			<time>2020-01-17T01:16:06.10Z</time>
		</trkpt>
		<trkpt lat="34.922402" lon="128.429679">
			<ele>0.00</ele>
			<time>2020-01-17T01:16:06.54Z</time>
		</trkpt>
		<trkpt lat="34.922346" lon="128.429723">
			<ele>0.00</ele>
			<time>2020-01-17T01:16:06.98Z</time>
		</trkpt>
		<trkpt lat="34.922286" lon="128.429762">
			<ele>0.00</ele>
			<time>2020-01-17T01:16:07.43Z</time>
		</trkpt>
		<trkpt lat="34.922239" lon="128.429812">
			<ele>0.00</ele>
			<time>2020-01-17T01:16:07.85Z</time>
		</trkpt>
		<trkpt lat="34.922166" lon="128.429867">
			<ele>0.00</ele>
			<time>2020-01-17T01:16:08.42Z</time>
		</trkpt>
		<trkpt lat="34.922098" lon="128.429879">
			<ele>0.00</ele>
			<time>2020-01-17T01:16:08.88Z</time>
		</trkpt>
		<trkpt lat="34.922012" lon="128.429897">
			<ele>0.00</ele>
			<time>2020-01-17T01:16:09.46Z</time>
		</trkpt>
		<trkpt lat="34.921948" lon="128.429897">
			<ele>0.00</ele>
			<time>2020-01-17T01:16:09.89Z</time>
		</trkpt>
		<trkpt lat="34.921874" lon="128.429891">
			<ele>0.00</ele>
			<time>2020-01-17T01:16:10.38Z</time>
		</trkpt>
		<trkpt lat="34.921800" lon="128.429877">
			<ele>0.00</ele>
			<time>2020-01-17T01:16:10.88Z</time>
		</trkpt>
		<trkpt lat="34.921707" lon="128.429866">
			<ele>0.00</ele>
			<time>2020-01-17T01:16:11.50Z</time>
		</trkpt>
		<trkpt lat="34.921643" lon="128.429853">
			<ele>0.00</ele>
			<time>2020-01-17T01:16:11.94Z</time>
		</trkpt>
		<trkpt lat="34.921575" lon="128.429837">
			<ele>0.00</ele>
			<time>2020-01-17T01:16:12.40Z</time>
		</trkpt>
		<trkpt lat="34.921498" lon="128.429817">
			<ele>0.00</ele>
			<time>2020-01-17T01:16:12.92Z</time>
		</trkpt>
		<trkpt lat="34.921419" lon="128.429811">
			<ele>0.00</ele>
			<time>2020-01-17T01:16:13.45Z</time>
		</trkpt>
		<trkpt lat="34.921336" lon="128.429800">
			<ele>0.00</ele>
			<time>2020-01-17T01:16:14.01Z</time>
		</trkpt>
		<trkpt lat="34.921274" lon="128.429794">
			<ele>0.00</ele>
			<time>2020-01-17T01:16:14.42Z</time>
		</trkpt>
		<trkpt lat="34.921205" lon="128.429789">
			<ele>0.00</ele>
			<time>2020-01-17T01:16:14.88Z</time>
		</trkpt>
		<trkpt lat="34.921131" lon="128.429784">
			<ele>0.00</ele>
			<time>2020-01-17T01:16:15.38Z</time>
		</trkpt>
		<trkpt lat="34.921061" lon="128.429776">
			<ele>0.00</ele>
			<time>2020-01-17T01:16:15.85Z</time>
		</trkpt>
		<trkpt lat="34.920988" lon="128.429772">
			<ele>0.00</ele>
			<time>2020-01-17T01:16:16.34Z</time>
		</trkpt>
		<trkpt lat="34.920909" lon="128.429775">
			<ele>0.00</ele>
			<time>2020-01-17T01:16:16.86Z</time>
		</trkpt>
		<trkpt lat="34.920823" lon="128.429780">
			<ele>0.00</ele>
			<time>2020-01-17T01:16:17.43Z</time>
		</trkpt>
		<trkpt lat="34.920738" lon="128.429785">
			<ele>0.00</ele>
			<time>2020-01-17T01:16:18Z</time>
		</trkpt>
		<trkpt lat="34.920672" lon="128.429793">
			<ele>0.00</ele>
			<time>2020-01-17T01:16:18.45Z</time>
		</trkpt>
		<trkpt lat="34.920608" lon="128.429797">
			<ele>0.00</ele>
			<time>2020-01-17T01:16:18.87Z</time>
		</trkpt>
		<trkpt lat="34.920549" lon="128.429799">
			<ele>0.00</ele>
			<time>2020-01-17T01:16:19.26Z</time>
		</trkpt>
		<trkpt lat="34.920473" lon="128.429780">
			<ele>0.00</ele>
			<time>2020-01-17T01:16:19.78Z</time>
		</trkpt>
		<trkpt lat="34.920402" lon="128.429748">
			<ele>0.00</ele>
			<time>2020-01-17T01:16:20.29Z</time>
		</trkpt>
		<trkpt lat="34.920342" lon="128.429727">
			<ele>0.00</ele>
			<time>2020-01-17T01:16:20.70Z</time>
		</trkpt>
		<trkpt lat="34.920279" lon="128.429687">
			<ele>0.00</ele>
			<time>2020-01-17T01:16:21.18Z</time>
		</trkpt>
		<trkpt lat="34.920226" lon="128.429657">
			<ele>0.00</ele>
			<time>2020-01-17T01:16:21.57Z</time>
		</trkpt>
		<trkpt lat="34.920196" lon="128.429623">
			<ele>0.00</ele>
			<time>2020-01-17T01:16:21.84Z</time>
		</trkpt>
		<trkpt lat="34.920160" lon="128.429579">
			<ele>0.00</ele>
			<time>2020-01-17T01:16:22.18Z</time>
		</trkpt>
		<trkpt lat="34.920108" lon="128.429546">
			<ele>0.00</ele>
			<time>2020-01-17T01:16:22.57Z</time>
		</trkpt>
		<trkpt lat="34.920029" lon="128.429527">
			<ele>0.00</ele>
			<time>2020-01-17T01:16:23.11Z</time>
		</trkpt>
		<trkpt lat="34.919947" lon="128.429494">
			<ele>0.00</ele>
			<time>2020-01-17T01:16:23.68Z</time>
		</trkpt>
		<trkpt lat="34.919866" lon="128.429469">
			<ele>0.00</ele>
			<time>2020-01-17T01:16:24.24Z</time>
		</trkpt>
		<trkpt lat="34.919786" lon="128.429447">
			<ele>0.00</ele>
			<time>2020-01-17T01:16:24.79Z</time>
		</trkpt>
		<trkpt lat="34.919700" lon="128.429427">
			<ele>0.00</ele>
			<time>2020-01-17T01:16:25.37Z</time>
		</trkpt>
		<trkpt lat="34.919631" lon="128.429410">
			<ele>0.00</ele>
			<time>2020-01-17T01:16:25.84Z</time>
		</trkpt>
		<trkpt lat="34.919553" lon="128.429398">
			<ele>0.00</ele>
			<time>2020-01-17T01:16:26.36Z</time>
		</trkpt>
		<trkpt lat="34.919465" lon="128.429381">
			<ele>0.00</ele>
			<time>2020-01-17T01:16:26.96Z</time>
		</trkpt>
		<trkpt lat="34.919405" lon="128.429373">
			<ele>0.00</ele>
			<time>2020-01-17T01:16:27.36Z</time>
		</trkpt>
		<trkpt lat="34.919325" lon="128.429367">
			<ele>0.00</ele>
			<time>2020-01-17T01:16:27.89Z</time>
		</trkpt>
		<trkpt lat="34.919249" lon="128.429367">
			<ele>0.00</ele>
			<time>2020-01-17T01:16:28.40Z</time>
		</trkpt>
		<trkpt lat="34.919180" lon="128.429365">
			<ele>0.00</ele>
			<time>2020-01-17T01:16:28.86Z</time>
		</trkpt>
		<trkpt lat="34.919090" lon="128.429370">
			<ele>0.00</ele>
			<time>2020-01-17T01:16:29.46Z</time>
		</trkpt>
		<trkpt lat="34.919011" lon="128.429371">
			<ele>0.00</ele>
			<time>2020-01-17T01:16:29.99Z</time>
		</trkpt>
		<trkpt lat="34.918937" lon="128.429368">
			<ele>0.00</ele>
			<time>2020-01-17T01:16:30.48Z</time>
		</trkpt>
		<trkpt lat="34.918859" lon="128.429373">
			<ele>0.00</ele>
			<time>2020-01-17T01:16:31.01Z</time>
		</trkpt>
		<trkpt lat="34.918789" lon="128.429383">
			<ele>0.00</ele>
			<time>2020-01-17T01:16:31.47Z</time>
		</trkpt>
		<trkpt lat="34.918725" lon="128.429391">
			<ele>0.00</ele>
			<time>2020-01-17T01:16:31.90Z</time>
		</trkpt>
		<trkpt lat="34.918647" lon="128.429406">
			<ele>0.00</ele>
			<time>2020-01-17T01:16:32.43Z</time>
		</trkpt>
		<trkpt lat="34.918556" lon="128.429435">
			<ele>0.00</ele>
			<time>2020-01-17T01:16:33.06Z</time>
		</trkpt>
		<trkpt lat="34.918478" lon="128.429458">
			<ele>0.00</ele>
			<time>2020-01-17T01:16:33.59Z</time>
		</trkpt>
		<trkpt lat="34.918405" lon="128.429480">
			<ele>0.00</ele>
			<time>2020-01-17T01:16:34.09Z</time>
		</trkpt>
		<trkpt lat="34.918340" lon="128.429505">
			<ele>0.00</ele>
			<time>2020-01-17T01:16:34.54Z</time>
		</trkpt>
		<trkpt lat="34.918277" lon="128.429537">
			<ele>0.00</ele>
			<time>2020-01-17T01:16:35Z</time>
		</trkpt>
		<trkpt lat="34.918214" lon="128.429564">
			<ele>0.00</ele>
			<time>2020-01-17T01:16:35.45Z</time>
		</trkpt>
		<trkpt lat="34.918151" lon="128.429583">
			<ele>0.00</ele>
			<time>2020-01-17T01:16:35.88Z</time>
		</trkpt>
		<trkpt lat="34.918078" lon="128.429602">
			<ele>0.00</ele>
			<time>2020-01-17T01:16:36.37Z</time>
		</trkpt>
		<trkpt lat="34.918003" lon="128.429603">
			<ele>0.00</ele>
			<time>2020-01-17T01:16:36.88Z</time>
		</trkpt>
		<trkpt lat="34.917932" lon="128.429598">
			<ele>0.00</ele>
			<time>2020-01-17T01:16:37.35Z</time>
		</trkpt>
		<trkpt lat="34.917856" lon="128.429589">
			<ele>0.00</ele>
			<time>2020-01-17T01:16:37.86Z</time>
		</trkpt>
		<trkpt lat="34.917789" lon="128.429577">
			<ele>0.00</ele>
			<time>2020-01-17T01:16:38.31Z</time>
		</trkpt>
		<trkpt lat="34.917723" lon="128.429551">
			<ele>0.00</ele>
			<time>2020-01-17T01:16:38.77Z</time>
		</trkpt>
		<trkpt lat="34.917663" lon="128.429523">
			<ele>0.00</ele>
			<time>2020-01-17T01:16:39.20Z</time>
		</trkpt>
		<trkpt lat="34.917594" lon="128.429490">
			<ele>0.00</ele>
			<time>2020-01-17T01:16:39.69Z</time>
		</trkpt>
		<trkpt lat="34.917530" lon="128.429452">
			<ele>0.00</ele>
			<time>2020-01-17T01:16:40.17Z</time>
		</trkpt>
		<trkpt lat="34.917474" lon="128.429405">
			<ele>0.00</ele>
			<time>2020-01-17T01:16:40.62Z</time>
		</trkpt>
		<trkpt lat="34.917412" lon="128.429338">
			<ele>0.00</ele>
			<time>2020-01-17T01:16:41.18Z</time>
		</trkpt>
		<trkpt lat="34.917359" lon="128.429275">
			<ele>0.00</ele>
			<time>2020-01-17T01:16:41.67Z</time>
		</trkpt>
		<trkpt lat="34.917313" lon="128.429206">
			<ele>0.00</ele>
			<time>2020-01-17T01:16:42.16Z</time>
		</trkpt>
		<trkpt lat="34.917268" lon="128.429138">
			<ele>0.00</ele>
			<time>2020-01-17T01:16:42.63Z</time>
		</trkpt>
		<trkpt lat="34.917231" lon="128.429048">
			<ele>0.00</ele>
			<time>2020-01-17T01:16:43.18Z</time>
		</trkpt>
		<trkpt lat="34.917203" lon="128.428982">
			<ele>0.00</ele>
			<time>2020-01-17T01:16:43.59Z</time>
		</trkpt>
		<trkpt lat="34.917182" lon="128.428915">
			<ele>0.00</ele>
			<time>2020-01-17T01:16:43.98Z</time>
		</trkpt>
		<trkpt lat="34.917143" lon="128.428834">
			<ele>0.00</ele>
			<time>2020-01-17T01:16:44.49Z</time>
		</trkpt>
		<trkpt lat="34.917111" lon="128.428750">
			<ele>0.00</ele>
			<time>2020-01-17T01:16:45Z</time>
		</trkpt>
		<trkpt lat="34.917071" lon="128.428679">
			<ele>0.00</ele>
			<time>2020-01-17T01:16:45.47Z</time>
		</trkpt>
		<trkpt lat="34.917040" lon="128.428602">
			<ele>0.00</ele>
			<time>2020-01-17T01:16:45.94Z</time>
		</trkpt>
		<trkpt lat="34.917005" lon="128.428512">
			<ele>0.00</ele>
			<time>2020-01-17T01:16:46.48Z</time>
		</trkpt>
		<trkpt lat="34.916966" lon="128.428432">
			<ele>0.00</ele>
			<time>2020-01-17T01:16:46.99Z</time>
		</trkpt>
		<trkpt lat="34.916928" lon="128.428342">
			<ele>0.00</ele>
			<time>2020-01-17T01:16:47.55Z</time>
		</trkpt>
		<trkpt lat="34.916884" lon="128.428259">
			<ele>0.00</ele>
			<time>2020-01-17T01:16:48.09Z</time>
		</trkpt>
		<trkpt lat="34.916840" lon="128.428149">
			<ele>0.00</ele>
			<time>2020-01-17T01:16:48.75Z</time>
		</trkpt>
		<trkpt lat="34.916807" lon="128.428058">
			<ele>0.00</ele>
			<time>2020-01-17T01:16:49.30Z</time>
		</trkpt>
		<trkpt lat="34.916774" lon="128.427991">
			<ele>0.00</ele>
			<time>2020-01-17T01:16:49.73Z</time>
		</trkpt>
		<trkpt lat="34.916754" lon="128.427902">
			<ele>0.00</ele>
			<time>2020-01-17T01:16:50.23Z</time>
		</trkpt>
		<trkpt lat="34.916726" lon="128.427801">
			<ele>0.00</ele>
			<time>2020-01-17T01:16:50.81Z</time>
		</trkpt>
		<trkpt lat="34.916704" lon="128.427715">
			<ele>0.00</ele>
			<time>2020-01-17T01:16:51.31Z</time>
		</trkpt>
		<trkpt lat="34.916678" lon="128.427623">
			<ele>0.00</ele>
			<time>2020-01-17T01:16:51.84Z</time>
		</trkpt>
		<trkpt lat="34.916677" lon="128.427619">
			<ele>0.00</ele>
			<time>2020-01-17T01:16:51.90Z</time>
		</trkpt>
		<trkpt lat="34.916647" lon="128.427508">
			<ele>0.00</ele>
			<time>2020-01-17T01:16:52.54Z</time>
		</trkpt>
		<trkpt lat="34.916620" lon="128.427416">
			<ele>0.00</ele>
			<time>2020-01-17T01:16:53.07Z</time>
		</trkpt>
		<trkpt lat="34.916605" lon="128.427341">
			<ele>0.00</ele>
			<time>2020-01-17T01:16:53.49Z</time>
		</trkpt>
		<trkpt lat="34.916592" lon="128.427262">
			<ele>0.00</ele>
			<time>2020-01-17T01:16:53.94Z</time>
		</trkpt>
		<trkpt lat="34.916580" lon="128.427184">
			<ele>0.00</ele>
			<time>2020-01-17T01:16:54.37Z</time>
		</trkpt>
		<trkpt lat="34.916570" lon="128.427091">
			<ele>0.00</ele>
			<time>2020-01-17T01:16:54.88Z</time>
		</trkpt>
		<trkpt lat="34.916563" lon="128.427040">
			<ele>0.00</ele>
			<time>2020-01-17T01:16:55.17Z</time>
		</trkpt>
		<trkpt lat="34.916657" lon="128.427023">
			<ele>0.00</ele>
			<time>2020-01-17T01:16:55.80Z</time>
		</trkpt>
		<trkpt lat="34.916646" lon="128.426935">
			<ele>0.00</ele>
			<time>2020-01-17T01:16:56.28Z</time>
		</trkpt>
		<trkpt lat="34.916632" lon="128.426830">
			<ele>0.00</ele>
			<time>2020-01-17T01:16:56.87Z</time>
		</trkpt>
		<trkpt lat="34.916622" lon="128.426746">
			<ele>0.00</ele>
			<time>2020-01-17T01:16:57.33Z</time>
		</trkpt>
		<trkpt lat="34.916612" lon="128.426657">
			<ele>0.00</ele>
			<time>2020-01-17T01:16:57.82Z</time>
		</trkpt>
		<trkpt lat="34.916607" lon="128.426563">
			<ele>0.00</ele>
			<time>2020-01-17T01:16:58.34Z</time>
		</trkpt>
		<trkpt lat="34.916600" lon="128.426470">
			<ele>0.00</ele>
			<time>2020-01-17T01:16:58.84Z</time>
		</trkpt>
		<trkpt lat="34.916591" lon="128.426374">
			<ele>0.00</ele>
			<time>2020-01-17T01:16:59.37Z</time>
		</trkpt>
		<trkpt lat="34.916586" lon="128.426303">
			<ele>0.00</ele>
			<time>2020-01-17T01:16:59.77Z</time>
		</trkpt>
		<trkpt lat="34.916576" lon="128.426206">
			<ele>0.00</ele>
			<time>2020-01-17T01:17:00.30Z</time>
		</trkpt>
		<trkpt lat="34.916576" lon="128.426108">
			<ele>0.00</ele>
			<time>2020-01-17T01:17:00.83Z</time>
		</trkpt>
		<trkpt lat="34.916571" lon="128.426043">
			<ele>0.00</ele>
			<time>2020-01-17T01:17:01.19Z</time>
		</trkpt>
		<trkpt lat="34.916578" lon="128.426010">
			<ele>0.00</ele>
			<time>2020-01-17T01:17:01.38Z</time>
		</trkpt>
		<trkpt lat="34.916649" lon="128.426001">
			<ele>0.00</ele>
			<time>2020-01-17T01:17:01.85Z</time>
		</trkpt>
		<trkpt lat="34.916702" lon="128.426011">
			<ele>0.00</ele>
			<time>2020-01-17T01:17:02.21Z</time>
		</trkpt>
		<trkpt lat="34.916765" lon="128.426007">
			<ele>0.00</ele>
			<time>2020-01-17T01:17:02.64Z</time>
		</trkpt>
		<trkpt lat="34.916811" lon="128.425998">
			<ele>0.00</ele>
			<time>2020-01-17T01:17:02.94Z</time>
		</trkpt>
		<trkpt lat="34.916825" lon="128.425943">
			<ele>0.00</ele>
			<time>2020-01-17T01:17:03.26Z</time>
		</trkpt>
		<trkpt lat="34.916837" lon="128.425823">
			<ele>0.00</ele>
			<time>2020-01-17T01:17:03.92Z</time>
		</trkpt>
		<trkpt lat="34.916842" lon="128.425712">
			<ele>0.00</ele>
			<time>2020-01-17T01:17:04.53Z</time>
		</trkpt>
		<trkpt lat="34.916855" lon="128.425560">
			<ele>0.00</ele>
			<time>2020-01-17T01:17:05.36Z</time>
		</trkpt>
		<trkpt lat="34.916861" lon="128.425446">
			<ele>0.00</ele>
			<time>2020-01-17T01:17:05.99Z</time>
		</trkpt>
		<trkpt lat="34.916876" lon="128.425325">
			<ele>0.00</ele>
			<time>2020-01-17T01:17:06.66Z</time>
		</trkpt>
		<trkpt lat="34.916885" lon="128.425239">
			<ele>0.00</ele>
			<time>2020-01-17T01:17:07.13Z</time>
		</trkpt>
		<trkpt lat="34.916889" lon="128.425170">
			<ele>0.00</ele>
			<time>2020-01-17T01:17:07.50Z</time>
		</trkpt>
		<trkpt lat="34.916905" lon="128.425076">
			<ele>0.00</ele>
			<time>2020-01-17T01:17:08.03Z</time>
		</trkpt>
		<trkpt lat="34.916911" lon="128.424983">
			<ele>0.00</ele>
			<time>2020-01-17T01:17:08.54Z</time>
		</trkpt>
		<trkpt lat="34.916921" lon="128.424905">
			<ele>0.00</ele>
			<time>2020-01-17T01:17:08.97Z</time>
		</trkpt>
		<trkpt lat="34.916929" lon="128.424811">
			<ele>0.00</ele>
			<time>2020-01-17T01:17:09.49Z</time>
		</trkpt>
		<trkpt lat="34.916940" lon="128.424720">
			<ele>0.00</ele>
			<time>2020-01-17T01:17:09.99Z</time>
		</trkpt>
		<trkpt lat="34.916946" lon="128.424644">
			<ele>0.00</ele>
			<time>2020-01-17T01:17:10.41Z</time>
		</trkpt>
		<trkpt lat="34.916952" lon="128.424565">
			<ele>0.00</ele>
			<time>2020-01-17T01:17:10.84Z</time>
		</trkpt>
		<trkpt lat="34.916956" lon="128.424489">
			<ele>0.00</ele>
			<time>2020-01-17T01:17:11.26Z</time>
		</trkpt>
		<trkpt lat="34.916960" lon="128.424425">
			<ele>0.00</ele>
			<time>2020-01-17T01:17:11.61Z</time>
		</trkpt>
		<trkpt lat="34.916969" lon="128.424338">
			<ele>0.00</ele>
			<time>2020-01-17T01:17:12.09Z</time>
		</trkpt>
		<trkpt lat="34.916980" lon="128.424227">
			<ele>0.00</ele>
			<time>2020-01-17T01:17:12.70Z</time>
		</trkpt>
		<trkpt lat="34.916990" lon="128.424142">
			<ele>0.00</ele>
			<time>2020-01-17T01:17:13.17Z</time>
		</trkpt>
		<trkpt lat="34.917012" lon="128.424058">
			<ele>0.00</ele>
			<time>2020-01-17T01:17:13.66Z</time>
		</trkpt>
		<trkpt lat="34.917054" lon="128.423919">
			<ele>0.00</ele>
			<time>2020-01-17T01:17:14.46Z</time>
		</trkpt>
		<trkpt lat="34.917082" lon="128.423838">
			<ele>0.00</ele>
			<time>2020-01-17T01:17:14.94Z</time>
		</trkpt>
		<trkpt lat="34.917107" lon="128.423764">
			<ele>0.00</ele>
			<time>2020-01-17T01:17:15.38Z</time>
		</trkpt>
		<trkpt lat="34.917144" lon="128.423687">
			<ele>0.00</ele>
			<time>2020-01-17T01:17:15.87Z</time>
		</trkpt>
		<trkpt lat="34.917174" lon="128.423617">
			<ele>0.00</ele>
			<time>2020-01-17T01:17:16.30Z</time>
		</trkpt>
		<trkpt lat="34.917194" lon="128.423529">
			<ele>0.00</ele>
			<time>2020-01-17T01:17:16.80Z</time>
		</trkpt>
		<trkpt lat="34.917202" lon="128.423460">
			<ele>0.00</ele>
			<time>2020-01-17T01:17:17.18Z</time>
		</trkpt>
		<trkpt lat="34.917205" lon="128.423405">
			<ele>0.00</ele>
			<time>2020-01-17T01:17:17.48Z</time>
		</trkpt>
		<trkpt lat="34.917208" lon="128.423341">
			<ele>0.00</ele>
			<time>2020-01-17T01:17:17.84Z</time>
		</trkpt>
		<trkpt lat="34.917200" lon="128.423256">
			<ele>0.00</ele>
			<time>2020-01-17T01:17:18.30Z</time>
		</trkpt>
		<trkpt lat="34.917187" lon="128.423209">
			<ele>0.00</ele>
			<time>2020-01-17T01:17:18.57Z</time>
		</trkpt>
		<trkpt lat="34.917162" lon="128.423158">
			<ele>0.00</ele>
			<time>2020-01-17T01:17:18.90Z</time>
		</trkpt>
		<trkpt lat="34.917123" lon="128.423113">
			<ele>0.00</ele>
			<time>2020-01-17T01:17:19.26Z</time>
		</trkpt>
		<trkpt lat="34.917070" lon="128.423106">
			<ele>0.00</ele>
			<time>2020-01-17T01:17:19.61Z</time>
		</trkpt>
		<trkpt lat="34.917000" lon="128.423120">
			<ele>0.00</ele>
			<time>2020-01-17T01:17:20.09Z</time>
		</trkpt>
		<trkpt lat="34.916933" lon="128.423176">
			<ele>0.00</ele>
			<time>2020-01-17T01:17:20.62Z</time>
		</trkpt>
		<trkpt lat="34.916891" lon="128.423218">
			<ele>0.00</ele>
			<time>2020-01-17T01:17:20.99Z</time>
		</trkpt>
		<trkpt lat="34.916848" lon="128.423274">
			<ele>0.00</ele>
			<time>2020-01-17T01:17:21.41Z</time>
		</trkpt>
		<trkpt lat="34.916780" lon="128.423338">
			<ele>0.00</ele>
			<time>2020-01-17T01:17:21.98Z</time>
		</trkpt>
		<trkpt lat="34.916736" lon="128.423390">
			<ele>0.00</ele>
			<time>2020-01-17T01:17:22.39Z</time>
		</trkpt>
		<trkpt lat="34.916694" lon="128.423415">
			<ele>0.00</ele>
			<time>2020-01-17T01:17:22.70Z</time>
		</trkpt>
		<trkpt lat="34.916637" lon="128.423456">
			<ele>0.00</ele>
			<time>2020-01-17T01:17:23.14Z</time>
		</trkpt>
		<trkpt lat="34.916584" lon="128.423503">
			<ele>0.00</ele>
			<time>2020-01-17T01:17:23.58Z</time>
		</trkpt>
		<trkpt lat="34.916544" lon="128.423541">
			<ele>0.00</ele>
			<time>2020-01-17T01:17:23.92Z</time>
		</trkpt>
		<trkpt lat="34.916489" lon="128.423574">
			<ele>0.00</ele>
			<time>2020-01-17T01:17:24.32Z</time>
		</trkpt>
		<trkpt lat="34.916424" lon="128.423608">
			<ele>0.00</ele>
			<time>2020-01-17T01:17:24.79Z</time>
		</trkpt>
		<trkpt lat="34.916337" lon="128.423618">
			<ele>0.00</ele>
			<time>2020-01-17T01:17:25.38Z</time>
		</trkpt>
		<trkpt lat="34.916263" lon="128.423627">
			<ele>0.00</ele>
			<time>2020-01-17T01:17:25.87Z</time>
		</trkpt>
		<trkpt lat="34.916180" lon="128.423631">
			<ele>0.00</ele>
			<time>2020-01-17T01:17:26.43Z</time>
		</trkpt>
		<trkpt lat="34.916093" lon="128.423622">
			<ele>0.00</ele>
			<time>2020-01-17T01:17:27.01Z</time>
		</trkpt>
		<trkpt lat="34.916001" lon="128.423608">
			<ele>0.00</ele>
			<time>2020-01-17T01:17:27.63Z</time>
		</trkpt>
		<trkpt lat="34.915912" lon="128.423590">
			<ele>0.00</ele>
			<time>2020-01-17T01:17:28.23Z</time>
		</trkpt>
		<trkpt lat="34.915836" lon="128.423568">
			<ele>0.00</ele>
			<time>2020-01-17T01:17:28.75Z</time>
		</trkpt>
		<trkpt lat="34.915753" lon="128.423542">
			<ele>0.00</ele>
			<time>2020-01-17T01:17:29.32Z</time>
		</trkpt>
		<trkpt lat="34.915683" lon="128.423507">
			<ele>0.00</ele>
			<time>2020-01-17T01:17:29.83Z</time>
		</trkpt>
		<trkpt lat="34.915622" lon="128.423461">
			<ele>0.00</ele>
			<time>2020-01-17T01:17:30.30Z</time>
		</trkpt>
		<trkpt lat="34.915569" lon="128.423422">
			<ele>0.00</ele>
			<time>2020-01-17T01:17:30.71Z</time>
		</trkpt>
		<trkpt lat="34.915518" lon="128.423352">
			<ele>0.00</ele>
			<time>2020-01-17T01:17:31.22Z</time>
		</trkpt>
		<trkpt lat="34.915480" lon="128.423280">
			<ele>0.00</ele>
			<time>2020-01-17T01:17:31.70Z</time>
		</trkpt>
		<trkpt lat="34.915464" lon="128.423221">
			<ele>0.00</ele>
			<time>2020-01-17T01:17:32.04Z</time>
		</trkpt>
		<trkpt lat="34.915443" lon="128.423110">
			<ele>0.00</ele>
			<time>2020-01-17T01:17:32.66Z</time>
		</trkpt>
		<trkpt lat="34.915439" lon="128.422979">
			<ele>0.00</ele>
			<time>2020-01-17T01:17:33.38Z</time>
		</trkpt>
		<trkpt lat="34.915430" lon="128.422869">
			<ele>0.00</ele>
			<time>2020-01-17T01:17:33.98Z</time>
		</trkpt>
		<trkpt lat="34.915422" lon="128.422769">
			<ele>0.00</ele>
			<time>2020-01-17T01:17:34.53Z</time>
		</trkpt>
		<trkpt lat="34.915417" lon="128.422683">
			<ele>0.00</ele>
			<time>2020-01-17T01:17:35Z</time>
		</trkpt>
		<trkpt lat="34.915407" lon="128.422602">
			<ele>0.00</ele>
			<time>2020-01-17T01:17:35.45Z</time>
		</trkpt>
		<trkpt lat="34.915388" lon="128.422514">
			<ele>0.00</ele>
			<time>2020-01-17T01:17:35.95Z</time>
		</trkpt>
		<trkpt lat="34.915358" lon="128.422418">
			<ele>0.00</ele>
			<time>2020-01-17T01:17:36.51Z</time>
		</trkpt>
		<trkpt lat="34.915337" lon="128.422341">
			<ele>0.00</ele>
			<time>2020-01-17T01:17:36.95Z</time>
		</trkpt>
		<trkpt lat="34.915323" lon="128.422259">
			<ele>0.00</ele>
			<time>2020-01-17T01:17:37.41Z</time>
		</trkpt>
		<trkpt lat="34.915308" lon="128.422194">
			<ele>0.00</ele>
			<time>2020-01-17T01:17:37.78Z</time>
		</trkpt>
		<trkpt lat="34.915270" lon="128.422137">
			<ele>0.00</ele>
			<time>2020-01-17T01:17:38.18Z</time>
		</trkpt>
		<trkpt lat="34.915233" lon="128.422077">
			<ele>0.00</ele>
			<time>2020-01-17T01:17:38.59Z</time>
		</trkpt>
		<trkpt lat="34.915201" lon="128.422009">
			<ele>0.00</ele>
			<time>2020-01-17T01:17:39.02Z</time>
		</trkpt>
		<trkpt lat="34.915158" lon="128.421903">
			<ele>0.00</ele>
			<time>2020-01-17T01:17:39.66Z</time>
		</trkpt>
		<trkpt lat="34.915126" lon="128.421824">
			<ele>0.00</ele>
			<time>2020-01-17T01:17:40.15Z</time>
		</trkpt>
		<trkpt lat="34.915101" lon="128.421755">
			<ele>0.00</ele>
			<time>2020-01-17T01:17:40.56Z</time>
		</trkpt>
		<trkpt lat="34.915069" lon="128.421679">
			<ele>0.00</ele>
			<time>2020-01-17T01:17:41.03Z</time>
		</trkpt>
		<trkpt lat="34.915061" lon="128.421585">
			<ele>0.00</ele>
			<time>2020-01-17T01:17:41.54Z</time>
		</trkpt>
		<trkpt lat="34.915053" lon="128.421472">
			<ele>0.00</ele>
			<time>2020-01-17T01:17:42.16Z</time>
		</trkpt>
		<trkpt lat="34.915049" lon="128.421381">
			<ele>0.00</ele>
			<time>2020-01-17T01:17:42.66Z</time>
		</trkpt>
		<trkpt lat="34.915036" lon="128.421306">
			<ele>0.00</ele>
			<time>2020-01-17T01:17:43.08Z</time>
		</trkpt>
		<trkpt lat="34.915009" lon="128.421205">
			<ele>0.00</ele>
			<time>2020-01-17T01:17:43.66Z</time>
		</trkpt>
		<trkpt lat="34.914990" lon="128.421111">
			<ele>0.00</ele>
			<time>2020-01-17T01:17:44.19Z</time>
		</trkpt>
		<trkpt lat="34.914960" lon="128.421014">
			<ele>0.00</ele>
			<time>2020-01-17T01:17:44.76Z</time>
		</trkpt>
		<trkpt lat="34.914942" lon="128.420945">
			<ele>0.00</ele>
			<time>2020-01-17T01:17:45.15Z</time>
		</trkpt>
		<trkpt lat="34.914912" lon="128.420845">
			<ele>0.00</ele>
			<time>2020-01-17T01:17:45.74Z</time>
		</trkpt>
		<trkpt lat="34.914887" lon="128.420767">
			<ele>0.00</ele>
			<time>2020-01-17T01:17:46.19Z</time>
		</trkpt>
		<trkpt lat="34.914853" lon="128.420684">
			<ele>0.00</ele>
			<time>2020-01-17T01:17:46.70Z</time>
		</trkpt>
		<trkpt lat="34.914816" lon="128.420573">
			<ele>0.00</ele>
			<time>2020-01-17T01:17:47.35Z</time>
		</trkpt>
		<trkpt lat="34.914791" lon="128.420482">
			<ele>0.00</ele>
			<time>2020-01-17T01:17:47.88Z</time>
		</trkpt>
		<trkpt lat="34.914761" lon="128.420411">
			<ele>0.00</ele>
			<time>2020-01-17T01:17:48.31Z</time>
		</trkpt>
		<trkpt lat="34.914705" lon="128.420364">
			<ele>0.00</ele>
			<time>2020-01-17T01:17:48.77Z</time>
		</trkpt>
		<trkpt lat="34.914632" lon="128.420308">
			<ele>0.00</ele>
			<time>2020-01-17T01:17:49.34Z</time>
		</trkpt>
		<trkpt lat="34.914560" lon="128.420266">
			<ele>0.00</ele>
			<time>2020-01-17T01:17:49.88Z</time>
		</trkpt>
		<trkpt lat="34.914509" lon="128.420224">
			<ele>0.00</ele>
			<time>2020-01-17T01:17:50.29Z</time>
		</trkpt>
		<trkpt lat="34.914434" lon="128.420194">
			<ele>0.00</ele>
			<time>2020-01-17T01:17:50.81Z</time>
		</trkpt>
		<trkpt lat="34.914353" lon="128.420187">
			<ele>0.00</ele>
			<time>2020-01-17T01:17:51.36Z</time>
		</trkpt>
		<trkpt lat="34.914285" lon="128.420189">
			<ele>0.00</ele>
			<time>2020-01-17T01:17:51.81Z</time>
		</trkpt>
		<trkpt lat="34.914208" lon="128.420198">
			<ele>0.00</ele>
			<time>2020-01-17T01:17:52.33Z</time>
		</trkpt>
		<trkpt lat="34.914135" lon="128.420197">
			<ele>0.00</ele>
			<time>2020-01-17T01:17:52.81Z</time>
		</trkpt>
		<trkpt lat="34.914033" lon="128.420213">
			<ele>0.00</ele>
			<time>2020-01-17T01:17:53.49Z</time>
		</trkpt>
		<trkpt lat="34.913961" lon="128.420225">
			<ele>0.00</ele>
			<time>2020-01-17T01:17:53.98Z</time>
		</trkpt>
		<trkpt lat="34.913894" lon="128.420232">
			<ele>0.00</ele>
			<time>2020-01-17T01:17:54.43Z</time>
		</trkpt>
		<trkpt lat="34.913822" lon="128.420260">
			<ele>0.00</ele>
			<time>2020-01-17T01:17:54.93Z</time>
		</trkpt>
		<trkpt lat="34.913758" lon="128.420316">
			<ele>0.00</ele>
			<time>2020-01-17T01:17:55.46Z</time>
		</trkpt>
		<trkpt lat="34.913715" lon="128.420360">
			<ele>0.00</ele>
			<time>2020-01-17T01:17:55.83Z</time>
		</trkpt>
		<trkpt lat="34.913670" lon="128.420430">
			<ele>0.00</ele>
			<time>2020-01-17T01:17:56.32Z</time>
		</trkpt>
		<trkpt lat="34.913611" lon="128.420516">
			<ele>0.00</ele>
			<time>2020-01-17T01:17:56.93Z</time>
		</trkpt>
		<trkpt lat="34.913573" lon="128.420460">
			<ele>0.00</ele>
			<time>2020-01-17T01:17:57.33Z</time>
		</trkpt>
		<trkpt lat="34.913516" lon="128.420404">
			<ele>0.00</ele>
			<time>2020-01-17T01:17:57.81Z</time>
		</trkpt>
		<trkpt lat="34.913462" lon="128.420355">
			<ele>0.00</ele>
			<time>2020-01-17T01:17:58.26Z</time>
		</trkpt>
		<trkpt lat="34.913402" lon="128.420297">
			<ele>0.00</ele>
			<time>2020-01-17T01:17:58.77Z</time>
		</trkpt>
		<trkpt lat="34.913342" lon="128.420238">
			<ele>0.00</ele>
			<time>2020-01-17T01:17:59.29Z</time>
		</trkpt>
		<trkpt lat="34.913265" lon="128.420181">
			<ele>0.00</ele>
			<time>2020-01-17T01:17:59.89Z</time>
		</trkpt>
		<trkpt lat="34.913202" lon="128.420136">
			<ele>0.00</ele>
			<time>2020-01-17T01:18:00.37Z</time>
		</trkpt>
		<trkpt lat="34.913145" lon="128.420093">
			<ele>0.00</ele>
			<time>2020-01-17T01:18:00.82Z</time>
		</trkpt>
		<trkpt lat="34.913080" lon="128.420046">
			<ele>0.00</ele>
			<time>2020-01-17T01:18:01.33Z</time>
		</trkpt>
		<trkpt lat="34.913019" lon="128.419999">
			<ele>0.00</ele>
			<time>2020-01-17T01:18:01.80Z</time>
		</trkpt>
		<trkpt lat="34.912965" lon="128.419943">
			<ele>0.00</ele>
			<time>2020-01-17T01:18:02.28Z</time>
		</trkpt>
		<trkpt lat="34.912900" lon="128.419881">
			<ele>0.00</ele>
			<time>2020-01-17T01:18:02.83Z</time>
		</trkpt>
		<trkpt lat="34.912853" lon="128.419843">
			<ele>0.00</ele>
			<time>2020-01-17T01:18:03.20Z</time>
		</trkpt>
		<trkpt lat="34.912801" lon="128.419790">
			<ele>0.00</ele>
			<time>2020-01-17T01:18:03.65Z</time>
		</trkpt>
		<trkpt lat="34.912748" lon="128.419736">
			<ele>0.00</ele>
			<time>2020-01-17T01:18:04.12Z</time>
		</trkpt>
		<trkpt lat="34.912699" lon="128.419675">
			<ele>0.00</ele>
			<time>2020-01-17T01:18:04.58Z</time>
		</trkpt>
		<trkpt lat="34.912659" lon="128.419609">
			<ele>0.00</ele>
			<time>2020-01-17T01:18:05.03Z</time>
		</trkpt>
		<trkpt lat="34.912610" lon="128.419532">
			<ele>0.00</ele>
			<time>2020-01-17T01:18:05.57Z</time>
		</trkpt>
		<trkpt lat="34.912569" lon="128.419460">
			<ele>0.00</ele>
			<time>2020-01-17T01:18:06.04Z</time>
		</trkpt>
		<trkpt lat="34.912530" lon="128.419370">
			<ele>0.00</ele>
			<time>2020-01-17T01:18:06.60Z</time>
		</trkpt>
		<trkpt lat="34.912500" lon="128.419293">
			<ele>0.00</ele>
			<time>2020-01-17T01:18:07.06Z</time>
		</trkpt>
		<trkpt lat="34.912474" lon="128.419221">
			<ele>0.00</ele>
			<time>2020-01-17T01:18:07.49Z</time>
		</trkpt>
		<trkpt lat="34.912457" lon="128.419155">
			<ele>0.00</ele>
			<time>2020-01-17T01:18:07.87Z</time>
		</trkpt>
		<trkpt lat="34.912425" lon="128.419085">
			<ele>0.00</ele>
			<time>2020-01-17T01:18:08.31Z</time>
		</trkpt>
		<trkpt lat="34.912399" lon="128.419019">
			<ele>0.00</ele>
			<time>2020-01-17T01:18:08.71Z</time>
		</trkpt>
		<trkpt lat="34.912379" lon="128.418944">
			<ele>0.00</ele>
			<time>2020-01-17T01:18:09.14Z</time>
		</trkpt>
		<trkpt lat="34.912346" lon="128.418892">
			<ele>0.00</ele>
			<time>2020-01-17T01:18:09.50Z</time>
		</trkpt>
		<trkpt lat="34.912343" lon="128.418948">
			<ele>0.00</ele>
			<time>2020-01-17T01:18:09.81Z</time>
		</trkpt>
		<trkpt lat="34.912349" lon="128.419012">
			<ele>0.00</ele>
			<time>2020-01-17T01:18:10.16Z</time>
		</trkpt>
		<trkpt lat="34.912328" lon="128.419055">
			<ele>0.00</ele>
			<time>2020-01-17T01:18:10.43Z</time>
		</trkpt>
		<trkpt lat="34.912289" lon="128.419106">
			<ele>0.00</ele>
			<time>2020-01-17T01:18:10.81Z</time>
		</trkpt>
		<trkpt lat="34.912243" lon="128.419151">
			<ele>0.00</ele>
			<time>2020-01-17T01:18:11.21Z</time>
		</trkpt>
		<trkpt lat="34.912199" lon="128.419178">
			<ele>0.00</ele>
			<time>2020-01-17T01:18:11.54Z</time>
		</trkpt>
		<trkpt lat="34.912142" lon="128.419057">
			<ele>0.00</ele>
			<time>2020-01-17T01:18:12.31Z</time>
		</trkpt>
		<trkpt lat="34.912114" lon="128.418981">
			<ele>0.00</ele>
			<time>2020-01-17T01:18:12.76Z</time>
		</trkpt>
		<trkpt lat="34.912071" lon="128.418897">
			<ele>0.00</ele>
			<time>2020-01-17T01:18:13.30Z</time>
		</trkpt>
		<trkpt lat="34.912023" lon="128.418827">
			<ele>0.00</ele>
			<time>2020-01-17T01:18:13.80Z</time>
		</trkpt>
		<trkpt lat="34.911980" lon="128.418753">
			<ele>0.00</ele>
			<time>2020-01-17T01:18:14.30Z</time>
		</trkpt>
		<trkpt lat="34.911910" lon="128.418662">
			<ele>0.00</ele>
			<time>2020-01-17T01:18:14.98Z</time>
		</trkpt>
		<trkpt lat="34.911850" lon="128.418605">
			<ele>0.00</ele>
			<time>2020-01-17T01:18:15.48Z</time>
		</trkpt>
		<trkpt lat="34.911796" lon="128.418550">
			<ele>0.00</ele>
			<time>2020-01-17T01:18:15.95Z</time>
		</trkpt>
		<trkpt lat="34.911746" lon="128.418499">
			<ele>0.00</ele>
			<time>2020-01-17T01:18:16.39Z</time>
		</trkpt>
		<trkpt lat="34.911690" lon="128.418440">
			<ele>0.00</ele>
			<time>2020-01-17T01:18:16.88Z</time>
		</trkpt>
		<trkpt lat="34.911644" lon="128.418390">
			<ele>0.00</ele>
			<time>2020-01-17T01:18:17.29Z</time>
		</trkpt>
		<trkpt lat="34.911599" lon="128.418339">
			<ele>0.00</ele>
			<time>2020-01-17T01:18:17.70Z</time>
		</trkpt>
		<trkpt lat="34.911538" lon="128.418286">
			<ele>0.00</ele>
			<time>2020-01-17T01:18:18.20Z</time>
		</trkpt>
		<trkpt lat="34.911483" lon="128.418234">
			<ele>0.00</ele>
			<time>2020-01-17T01:18:18.66Z</time>
		</trkpt>
		<trkpt lat="34.911428" lon="128.418192">
			<ele>0.00</ele>
			<time>2020-01-17T01:18:19.10Z</time>
		</trkpt>
		<trkpt lat="34.911354" lon="128.418141">
			<ele>0.00</ele>
			<time>2020-01-17T01:18:19.66Z</time>
		</trkpt>
		<trkpt lat="34.911295" lon="128.418110">
			<ele>0.00</ele>
			<time>2020-01-17T01:18:20.09Z</time>
		</trkpt>
		<trkpt lat="34.911221" lon="128.418086">
			<ele>0.00</ele>
			<time>2020-01-17T01:18:20.60Z</time>
		</trkpt>
		<trkpt lat="34.911134" lon="128.418061">
			<ele>0.00</ele>
			<time>2020-01-17T01:18:21.20Z</time>
		</trkpt>
		<trkpt lat="34.911026" lon="128.418046">
			<ele>0.00</ele>
			<time>2020-01-17T01:18:21.92Z</time>
		</trkpt>
		<trkpt lat="34.910956" lon="128.418031">
			<ele>0.00</ele>
			<time>2020-01-17T01:18:22.40Z</time>
		</trkpt>
		<trkpt lat="34.910862" lon="128.418026">
			<ele>0.00</ele>
			<time>2020-01-17T01:18:23.02Z</time>
		</trkpt>
		<trkpt lat="34.910803" lon="128.418021">
			<ele>0.00</ele>
			<time>2020-01-17T01:18:23.42Z</time>
		</trkpt>
		<trkpt lat="34.910729" lon="128.418025">
			<ele>0.00</ele>
			<time>2020-01-17T01:18:23.91Z</time>
		</trkpt>
		<trkpt lat="34.910655" lon="128.418042">
			<ele>0.00</ele>
			<time>2020-01-17T01:18:24.41Z</time>
		</trkpt>
		<trkpt lat="34.910582" lon="128.418058">
			<ele>0.00</ele>
			<time>2020-01-17T01:18:24.91Z</time>
		</trkpt>
		<trkpt lat="34.910514" lon="128.418051">
			<ele>0.00</ele>
			<time>2020-01-17T01:18:25.36Z</time>
		</trkpt>
		<trkpt lat="34.910450" lon="128.418038">
			<ele>0.00</ele>
			<time>2020-01-17T01:18:25.80Z</time>
		</trkpt>
		<trkpt lat="34.910404" lon="128.418013">
			<ele>0.00</ele>
			<time>2020-01-17T01:18:26.13Z</time>
		</trkpt>
		<trkpt lat="34.910353" lon="128.417971">
			<ele>0.00</ele>
			<time>2020-01-17T01:18:26.54Z</time>
		</trkpt>
		<trkpt lat="34.910341" lon="128.417904">
			<ele>0.00</ele>
			<time>2020-01-17T01:18:26.92Z</time>
		</trkpt>
		<trkpt lat="34.910334" lon="128.417831">
			<ele>0.00</ele>
			<time>2020-01-17T01:18:27.32Z</time>
		</trkpt>
		<trkpt lat="34.910332" lon="128.417703">
			<ele>0.00</ele>
			<time>2020-01-17T01:18:28.02Z</time>
		</trkpt>
		<trkpt lat="34.910342" lon="128.417577">
			<ele>0.00</ele>
			<time>2020-01-17T01:18:28.71Z</time>
		</trkpt>
		<trkpt lat="34.910256" lon="128.417571">
			<ele>0.00</ele>
			<time>2020-01-17T01:18:29.28Z</time>
		</trkpt>
		<trkpt lat="34.910141" lon="128.417570">
			<ele>0.00</ele>
			<time>2020-01-17T01:18:30.05Z</time>
		</trkpt>
		<trkpt lat="34.910053" lon="128.417573">
			<ele>0.00</ele>
			<time>2020-01-17T01:18:30.64Z</time>
		</trkpt>
		<trkpt lat="34.909937" lon="128.417578">
			<ele>0.00</ele>
			<time>2020-01-17T01:18:31.41Z</time>
		</trkpt>
		<trkpt lat="34.909847" lon="128.417579">
			<ele>0.00</ele>
			<time>2020-01-17T01:18:32.01Z</time>
		</trkpt>
		<trkpt lat="34.909737" lon="128.417580">
			<ele>0.00</ele>
			<time>2020-01-17T01:18:32.74Z</time>
		</trkpt>
		<trkpt lat="34.909605" lon="128.417590">
			<ele>0.00</ele>
			<time>2020-01-17T01:18:33.62Z</time>
		</trkpt>
		<trkpt lat="34.909504" lon="128.417593">
			<ele>0.00</ele>
			<time>2020-01-17T01:18:34.30Z</time>
		</trkpt>
		<trkpt lat="34.909398" lon="128.417616">
			<ele>0.00</ele>
			<time>2020-01-17T01:18:35.02Z</time>
		</trkpt>
		<trkpt lat="34.909299" lon="128.417626">
			<ele>0.00</ele>
			<time>2020-01-17T01:18:35.68Z</time>
		</trkpt>
		<trkpt lat="34.909202" lon="128.417639">
			<ele>0.00</ele>
			<time>2020-01-17T01:18:36.33Z</time>
		</trkpt>
		<trkpt lat="34.909126" lon="128.417655">
			<ele>0.00</ele>
			<time>2020-01-17T01:18:36.85Z</time>
		</trkpt>
		<trkpt lat="34.909028" lon="128.417680">
			<ele>0.00</ele>
			<time>2020-01-17T01:18:37.51Z</time>
		</trkpt>
		<trkpt lat="34.908922" lon="128.417709">
			<ele>0.00</ele>
			<time>2020-01-17T01:18:38.23Z</time>
		</trkpt>
		<trkpt lat="34.908818" lon="128.417755">
			<ele>0.00</ele>
			<time>2020-01-17T01:18:38.97Z</time>
		</trkpt>
		<trkpt lat="34.908706" lon="128.417784">
			<ele>0.00</ele>
			<time>2020-01-17T01:18:39.74Z</time>
		</trkpt>
		<trkpt lat="34.908615" lon="128.417818">
			<ele>0.00</ele>
			<time>2020-01-17T01:18:40.37Z</time>
		</trkpt>
		<trkpt lat="34.908526" lon="128.417836">
			<ele>0.00</ele>
			<time>2020-01-17T01:18:40.97Z</time>
		</trkpt>
		<trkpt lat="34.908421" lon="128.417872">
			<ele>0.00</ele>
			<time>2020-01-17T01:18:41.70Z</time>
		</trkpt>
		<trkpt lat="34.908310" lon="128.417911">
			<ele>0.00</ele>
			<time>2020-01-17T01:18:42.47Z</time>
		</trkpt>
		<trkpt lat="34.908209" lon="128.417942">
			<ele>0.00</ele>
			<time>2020-01-17T01:18:43.16Z</time>
		</trkpt>
		<trkpt lat="34.908119" lon="128.417960">
			<ele>0.00</ele>
			<time>2020-01-17T01:18:43.77Z</time>
		</trkpt>
		<trkpt lat="34.908037" lon="128.417975">
			<ele>0.00</ele>
			<time>2020-01-17T01:18:44.32Z</time>
		</trkpt>
		<trkpt lat="34.907952" lon="128.417985">
			<ele>0.00</ele>
			<time>2020-01-17T01:18:44.89Z</time>
		</trkpt>
		<trkpt lat="34.907863" lon="128.417992">
			<ele>0.00</ele>
			<time>2020-01-17T01:18:45.48Z</time>
		</trkpt>
		<trkpt lat="34.907780" lon="128.417989">
			<ele>0.00</ele>
			<time>2020-01-17T01:18:46.04Z</time>
		</trkpt>
		<trkpt lat="34.907710" lon="128.417985">
			<ele>0.00</ele>
			<time>2020-01-17T01:18:46.51Z</time>
		</trkpt>
		<trkpt lat="34.907628" lon="128.417988">
			<ele>0.00</ele>
			<time>2020-01-17T01:18:47.05Z</time>
		</trkpt>
		<trkpt lat="34.907543" lon="128.417989">
			<ele>0.00</ele>
			<time>2020-01-17T01:18:47.62Z</time>
		</trkpt>
		<trkpt lat="34.907457" lon="128.417993">
			<ele>0.00</ele>
			<time>2020-01-17T01:18:48.20Z</time>
		</trkpt>
		<trkpt lat="34.907358" lon="128.418037">
			<ele>0.00</ele>
			<time>2020-01-17T01:18:48.90Z</time>
		</trkpt>
		<trkpt lat="34.907250" lon="128.418081">
			<ele>0.00</ele>
			<time>2020-01-17T01:18:49.66Z</time>
		</trkpt>
		<trkpt lat="34.907162" lon="128.418127">
			<ele>0.00</ele>
			<time>2020-01-17T01:18:50.30Z</time>
		</trkpt>
		<trkpt lat="34.907066" lon="128.418179">
			<ele>0.00</ele>
			<time>2020-01-17T01:18:50.99Z</time>
		</trkpt>
		<trkpt lat="34.906995" lon="128.418217">
			<ele>0.00</ele>
			<time>2020-01-17T01:18:51.51Z</time>
		</trkpt>
		<trkpt lat="34.906917" lon="128.418251">
			<ele>0.00</ele>
			<time>2020-01-17T01:18:52.06Z</time>
		</trkpt>
		<trkpt lat="34.906850" lon="128.418289">
			<ele>0.00</ele>
			<time>2020-01-17T01:18:52.55Z</time>
		</trkpt>
		<trkpt lat="34.906772" lon="128.418344">
			<ele>0.00</ele>
			<time>2020-01-17T01:18:53.16Z</time>
		</trkpt>
		<trkpt lat="34.906770" lon="128.418344">
			<ele>0.00</ele>
			<time>2020-01-17T01:18:53.22Z</time>
		</trkpt>
		<trkpt lat="34.906689" lon="128.418396">
			<ele>0.00</ele>
			<time>2020-01-17T01:18:53.83Z</time>
		</trkpt>
		<trkpt lat="34.906632" lon="128.418451">
			<ele>0.00</ele>
			<time>2020-01-17T01:18:54.31Z</time>
		</trkpt>
		<trkpt lat="34.906542" lon="128.418549">
			<ele>0.00</ele>
			<time>2020-01-17T01:18:55.12Z</time>
		</trkpt>
		<trkpt lat="34.906479" lon="128.418624">
			<ele>0.00</ele>
			<time>2020-01-17T01:18:55.71Z</time>
		</trkpt>
		<trkpt lat="34.906408" lon="128.418711">
			<ele>0.00</ele>
			<time>2020-01-17T01:18:56.38Z</time>
		</trkpt>
		<trkpt lat="34.906344" lon="128.418796">
			<ele>0.00</ele>
			<time>2020-01-17T01:18:57.01Z</time>
		</trkpt>
		<trkpt lat="34.906275" lon="128.418871">
			<ele>0.00</ele>
			<time>2020-01-17T01:18:57.62Z</time>
		</trkpt>
		<trkpt lat="34.906211" lon="128.418937">
			<ele>0.00</ele>
			<time>2020-01-17T01:18:58.18Z</time>
		</trkpt>
		<trkpt lat="34.906140" lon="128.419026">
			<ele>0.00</ele>
			<time>2020-01-17T01:18:58.86Z</time>
		</trkpt>
		<trkpt lat="34.906047" lon="128.419130">
			<ele>0.00</ele>
			<time>2020-01-17T01:18:59.70Z</time>
		</trkpt>
		<trkpt lat="34.905987" lon="128.419196">
			<ele>0.00</ele>
			<time>2020-01-17T01:19:00.24Z</time>
		</trkpt>
		<trkpt lat="34.905913" lon="128.419275">
			<ele>0.00</ele>
			<time>2020-01-17T01:19:00.90Z</time>
		</trkpt>
		<trkpt lat="34.905846" lon="128.419363">
			<ele>0.00</ele>
			<time>2020-01-17T01:19:01.55Z</time>
		</trkpt>
		<trkpt lat="34.905748" lon="128.419450">
			<ele>0.00</ele>
			<time>2020-01-17T01:19:02.36Z</time>
		</trkpt>
		<trkpt lat="34.905650" lon="128.419525">
			<ele>0.00</ele>
			<time>2020-01-17T01:19:03.13Z</time>
		</trkpt>
		<trkpt lat="34.905581" lon="128.419595">
			<ele>0.00</ele>
			<time>2020-01-17T01:19:03.73Z</time>
		</trkpt>
		<trkpt lat="34.905514" lon="128.419660">
			<ele>0.00</ele>
			<time>2020-01-17T01:19:04.30Z</time>
		</trkpt>
		<trkpt lat="34.905453" lon="128.419707">
			<ele>0.00</ele>
			<time>2020-01-17T01:19:04.78Z</time>
		</trkpt>
		<trkpt lat="34.905390" lon="128.419746">
			<ele>0.00</ele>
			<time>2020-01-17T01:19:05.25Z</time>
		</trkpt>
		<trkpt lat="34.905307" lon="128.419795">
			<ele>0.00</ele>
			<time>2020-01-17T01:19:05.87Z</time>
		</trkpt>
		<trkpt lat="34.905232" lon="128.419824">
			<ele>0.00</ele>
			<time>2020-01-17T01:19:06.39Z</time>
		</trkpt>
		<trkpt lat="34.905150" lon="128.419863">
			<ele>0.00</ele>
			<time>2020-01-17T01:19:06.98Z</time>
		</trkpt>
		<trkpt lat="34.905085" lon="128.419882">
			<ele>0.00</ele>
			<time>2020-01-17T01:19:07.43Z</time>
		</trkpt>
		<trkpt lat="34.904989" lon="128.419887">
			<ele>0.00</ele>
			<time>2020-01-17T01:19:08.06Z</time>
		</trkpt>
		<trkpt lat="34.904899" lon="128.419866">
			<ele>0.00</ele>
			<time>2020-01-17T01:19:08.68Z</time>
		</trkpt>
		<trkpt lat="34.904808" lon="128.419836">
			<ele>0.00</ele>
			<time>2020-01-17T01:19:09.31Z</time>
		</trkpt>
		<trkpt lat="34.904708" lon="128.419799">
			<ele>0.00</ele>
			<time>2020-01-17T01:19:10.01Z</time>
		</trkpt>
		<trkpt lat="34.904609" lon="128.419772">
			<ele>0.00</ele>
			<time>2020-01-17T01:19:10.68Z</time>
		</trkpt>
		<trkpt lat="34.904532" lon="128.419753">
			<ele>0.00</ele>
			<time>2020-01-17T01:19:11.20Z</time>
		</trkpt>
		<trkpt lat="34.904463" lon="128.419732">
			<ele>0.00</ele>
			<time>2020-01-17T01:19:11.67Z</time>
		</trkpt>
		<trkpt lat="34.904395" lon="128.419740">
			<ele>0.00</ele>
			<time>2020-01-17T01:19:12.13Z</time>
		</trkpt>
		<trkpt lat="34.904322" lon="128.419750">
			<ele>0.00</ele>
			<time>2020-01-17T01:19:12.62Z</time>
		</trkpt>
		<trkpt lat="34.904230" lon="128.419786">
			<ele>0.00</ele>
			<time>2020-01-17T01:19:13.27Z</time>
		</trkpt>
		<trkpt lat="34.904132" lon="128.419832">
			<ele>0.00</ele>
			<time>2020-01-17T01:19:13.97Z</time>
		</trkpt>
		<trkpt lat="34.904010" lon="128.419895">
			<ele>0.00</ele>
			<time>2020-01-17T01:19:14.85Z</time>
		</trkpt>
		<trkpt lat="34.903931" lon="128.419945">
			<ele>0.00</ele>
			<time>2020-01-17T01:19:15.44Z</time>
		</trkpt>
		<trkpt lat="34.903857" lon="128.420003">
			<ele>0.00</ele>
			<time>2020-01-17T01:19:16.03Z</time>
		</trkpt>
		<trkpt lat="34.903786" lon="128.420067">
			<ele>0.00</ele>
			<time>2020-01-17T01:19:16.62Z</time>
		</trkpt>
		<trkpt lat="34.903714" lon="128.420124">
			<ele>0.00</ele>
			<time>2020-01-17T01:19:17.19Z</time>
		</trkpt>
		<trkpt lat="34.903643" lon="128.420191">
			<ele>0.00</ele>
			<time>2020-01-17T01:19:17.79Z</time>
		</trkpt>
		<trkpt lat="34.903574" lon="128.420259">
			<ele>0.00</ele>
			<time>2020-01-17T01:19:18.38Z</time>
		</trkpt>
		<trkpt lat="34.903499" lon="128.420329">
			<ele>0.00</ele>
			<time>2020-01-17T01:19:19.01Z</time>
		</trkpt>
		<trkpt lat="34.903431" lon="128.420401">
			<ele>0.00</ele>
			<time>2020-01-17T01:19:19.61Z</time>
		</trkpt>
		<trkpt lat="34.903369" lon="128.420457">
			<ele>0.00</ele>
			<time>2020-01-17T01:19:20.13Z</time>
		</trkpt>
		<trkpt lat="34.903299" lon="128.420520">
			<ele>0.00</ele>
			<time>2020-01-17T01:19:20.71Z</time>
		</trkpt>
		<trkpt lat="34.903236" lon="128.420568">
			<ele>0.00</ele>
			<time>2020-01-17T01:19:21.20Z</time>
		</trkpt>
		<trkpt lat="34.903173" lon="128.420624">
			<ele>0.00</ele>
			<time>2020-01-17T01:19:21.72Z</time>
		</trkpt>
		<trkpt lat="34.903112" lon="128.420667">
			<ele>0.00</ele>
			<time>2020-01-17T01:19:22.19Z</time>
		</trkpt>
		<trkpt lat="34.903032" lon="128.420690">
			<ele>0.00</ele>
			<time>2020-01-17T01:19:22.74Z</time>
		</trkpt>
		<trkpt lat="34.902954" lon="128.420708">
			<ele>0.00</ele>
			<time>2020-01-17T01:19:23.26Z</time>
		</trkpt>
		<trkpt lat="34.902848" lon="128.420698">
			<ele>0.00</ele>
			<time>2020-01-17T01:19:23.98Z</time>
		</trkpt>
		<trkpt lat="34.902773" lon="128.420694">
			<ele>0.00</ele>
			<time>2020-01-17T01:19:24.48Z</time>
		</trkpt>
		<trkpt lat="34.902695" lon="128.420690">
			<ele>0.00</ele>
			<time>2020-01-17T01:19:25Z</time>
		</trkpt>
		<trkpt lat="34.902607" lon="128.420686">
			<ele>0.00</ele>
			<time>2020-01-17T01:19:25.59Z</time>
		</trkpt>
		<trkpt lat="34.902525" lon="128.420690">
			<ele>0.00</ele>
			<time>2020-01-17T01:19:26.13Z</time>
		</trkpt>
		<trkpt lat="34.902447" lon="128.420705">
			<ele>0.00</ele>
			<time>2020-01-17T01:19:26.66Z</time>
		</trkpt>
		<trkpt lat="34.902373" lon="128.420743">
			<ele>0.00</ele>
			<time>2020-01-17T01:19:27.19Z</time>
		</trkpt>
		<trkpt lat="34.902303" lon="128.420793">
			<ele>0.00</ele>
			<time>2020-01-17T01:19:27.73Z</time>
		</trkpt>
		<trkpt lat="34.902222" lon="128.420858">
			<ele>0.00</ele>
			<time>2020-01-17T01:19:28.38Z</time>
		</trkpt>
		<trkpt lat="34.902125" lon="128.420921">
			<ele>0.00</ele>
			<time>2020-01-17T01:19:29.11Z</time>
		</trkpt>
		<trkpt lat="34.902061" lon="128.420965">
			<ele>0.00</ele>
			<time>2020-01-17T01:19:29.60Z</time>
		</trkpt>
		<trkpt lat="34.901989" lon="128.421014">
			<ele>0.00</ele>
			<time>2020-01-17T01:19:30.15Z</time>
		</trkpt>
		<trkpt lat="34.901911" lon="128.421040">
			<ele>0.00</ele>
			<time>2020-01-17T01:19:30.69Z</time>
		</trkpt>
		<trkpt lat="34.901810" lon="128.421059">
			<ele>0.00</ele>
			<time>2020-01-17T01:19:31.37Z</time>
		</trkpt>
		<trkpt lat="34.901716" lon="128.421074">
			<ele>0.00</ele>
			<time>2020-01-17T01:19:32.01Z</time>
		</trkpt>
		<trkpt lat="34.901619" lon="128.421076">
			<ele>0.00</ele>
			<time>2020-01-17T01:19:32.65Z</time>
		</trkpt>
		<trkpt lat="34.901524" lon="128.421062">
			<ele>0.00</ele>
			<time>2020-01-17T01:19:33.29Z</time>
		</trkpt>
		<trkpt lat="34.901450" lon="128.421037">
			<ele>0.00</ele>
			<time>2020-01-17T01:19:33.80Z</time>
		</trkpt>
		<trkpt lat="34.901346" lon="128.421016">
			<ele>0.00</ele>
			<time>2020-01-17T01:19:34.50Z</time>
		</trkpt>
		<trkpt lat="34.901236" lon="128.420982">
			<ele>0.00</ele>
			<time>2020-01-17T01:19:35.26Z</time>
		</trkpt>
		<trkpt lat="34.901114" lon="128.420971">
			<ele>0.00</ele>
			<time>2020-01-17T01:19:36.07Z</time>
		</trkpt>
		<trkpt lat="34.901020" lon="128.420967">
			<ele>0.00</ele>
			<time>2020-01-17T01:19:36.70Z</time>
		</trkpt>
		<trkpt lat="34.900927" lon="128.420959">
			<ele>0.00</ele>
			<time>2020-01-17T01:19:37.33Z</time>
		</trkpt>
		<trkpt lat="34.900823" lon="128.420955">
			<ele>0.00</ele>
			<time>2020-01-17T01:19:38.01Z</time>
		</trkpt>
		<trkpt lat="34.900697" lon="128.420959">
			<ele>0.00</ele>
			<time>2020-01-17T01:19:38.86Z</time>
		</trkpt>
		<trkpt lat="34.900576" lon="128.420960">
			<ele>0.00</ele>
			<time>2020-01-17T01:19:39.66Z</time>
		</trkpt>
		<trkpt lat="34.900466" lon="128.420958">
			<ele>0.00</ele>
			<time>2020-01-17T01:19:40.40Z</time>
		</trkpt>
		<trkpt lat="34.900366" lon="128.420952">
			<ele>0.00</ele>
			<time>2020-01-17T01:19:41.06Z</time>
		</trkpt>
		<trkpt lat="34.900291" lon="128.420953">
			<ele>0.00</ele>
			<time>2020-01-17T01:19:41.56Z</time>
		</trkpt>
		<trkpt lat="34.900196" lon="128.420957">
			<ele>0.00</ele>
			<time>2020-01-17T01:19:42.20Z</time>
		</trkpt>
		<trkpt lat="34.900095" lon="128.420986">
			<ele>0.00</ele>
			<time>2020-01-17T01:19:42.89Z</time>
		</trkpt>
		<trkpt lat="34.900014" lon="128.421008">
			<ele>0.00</ele>
			<time>2020-01-17T01:19:43.44Z</time>
		</trkpt>
		<trkpt lat="34.899932" lon="128.421053">
			<ele>0.00</ele>
			<time>2020-01-17T01:19:44.05Z</time>
		</trkpt>
		<trkpt lat="34.899855" lon="128.421108">
			<ele>0.00</ele>
			<time>2020-01-17T01:19:44.64Z</time>
		</trkpt>
		<trkpt lat="34.899785" lon="128.421172">
			<ele>0.00</ele>
			<time>2020-01-17T01:19:45.22Z</time>
		</trkpt>
		<trkpt lat="34.899716" lon="128.421241">
			<ele>0.00</ele>
			<time>2020-01-17T01:19:45.82Z</time>
		</trkpt>
		<trkpt lat="34.899657" lon="128.421313">
			<ele>0.00</ele>
			<time>2020-01-17T01:19:46.37Z</time>
		</trkpt>
		<trkpt lat="34.899588" lon="128.421388">
			<ele>0.00</ele>
			<time>2020-01-17T01:19:46.99Z</time>
		</trkpt>
		<trkpt lat="34.899540" lon="128.421448">
			<ele>0.00</ele>
			<time>2020-01-17T01:19:47.45Z</time>
		</trkpt>
		<trkpt lat="34.899486" lon="128.421523">
			<ele>0.00</ele>
			<time>2020-01-17T01:19:47.99Z</time>
		</trkpt>
		<trkpt lat="34.899424" lon="128.421576">
			<ele>0.00</ele>
			<time>2020-01-17T01:19:48.50Z</time>
		</trkpt>
		<trkpt lat="34.899361" lon="128.421613">
			<ele>0.00</ele>
			<time>2020-01-17T01:19:48.97Z</time>
		</trkpt>
		<trkpt lat="34.899276" lon="128.421651">
			<ele>0.00</ele>
			<time>2020-01-17T01:19:49.57Z</time>
		</trkpt>
		<trkpt lat="34.899200" lon="128.421672">
			<ele>0.00</ele>
			<time>2020-01-17T01:19:50.09Z</time>
		</trkpt>
		<trkpt lat="34.899136" lon="128.421694">
			<ele>0.00</ele>
			<time>2020-01-17T01:19:50.53Z</time>
		</trkpt>
		<trkpt lat="34.899045" lon="128.421698">
			<ele>0.00</ele>
			<time>2020-01-17T01:19:51.14Z</time>
		</trkpt>
		<trkpt lat="34.898960" lon="128.421689">
			<ele>0.00</ele>
			<time>2020-01-17T01:19:51.70Z</time>
		</trkpt>
		<trkpt lat="34.898888" lon="128.421657">
			<ele>0.00</ele>
			<time>2020-01-17T01:19:52.22Z</time>
		</trkpt>
		<trkpt lat="34.898770" lon="128.421602">
			<ele>0.00</ele>
			<time>2020-01-17T01:19:53.06Z</time>
		</trkpt>
		<trkpt lat="34.898682" lon="128.421557">
			<ele>0.00</ele>
			<time>2020-01-17T01:19:53.70Z</time>
		</trkpt>
		<trkpt lat="34.898592" lon="128.421478">
			<ele>0.00</ele>
			<time>2020-01-17T01:19:54.43Z</time>
		</trkpt>
		<trkpt lat="34.898527" lon="128.421422">
			<ele>0.00</ele>
			<time>2020-01-17T01:19:54.97Z</time>
		</trkpt>
		<trkpt lat="34.898448" lon="128.421344">
			<ele>0.00</ele>
			<time>2020-01-17T01:19:55.65Z</time>
		</trkpt>
		<trkpt lat="34.898377" lon="128.421277">
			<ele>0.00</ele>
			<time>2020-01-17T01:19:56.24Z</time>
		</trkpt>
		<trkpt lat="34.898313" lon="128.421203">
			<ele>0.00</ele>
			<time>2020-01-17T01:19:56.83Z</time>
		</trkpt>
		<trkpt lat="34.898233" lon="128.421100">
			<ele>0.00</ele>
			<time>2020-01-17T01:19:57.61Z</time>
		</trkpt>
		<trkpt lat="34.898156" lon="128.420991">
			<ele>0.00</ele>
			<time>2020-01-17T01:19:58.39Z</time>
		</trkpt>
		<trkpt lat="34.898153" lon="128.420989">
			<ele>0.00</ele>
			<time>2020-01-17T01:19:58.45Z</time>
		</trkpt>
		<trkpt lat="34.898090" lon="128.420889">
			<ele>0.00</ele>
			<time>2020-01-17T01:19:59.14Z</time>
		</trkpt>
		<trkpt lat="34.898037" lon="128.420819">
			<ele>0.00</ele>
			<time>2020-01-17T01:19:59.66Z</time>
		</trkpt>
		<trkpt lat="34.897994" lon="128.420758">
			<ele>0.00</ele>
			<time>2020-01-17T01:20:00.10Z</time>
		</trkpt>
		<trkpt lat="34.897955" lon="128.420706">
			<ele>0.00</ele>
			<time>2020-01-17T01:20:00.49Z</time>
		</trkpt>
		<trkpt lat="34.897898" lon="128.420651">
			<ele>0.00</ele>
			<time>2020-01-17T01:20:00.97Z</time>
		</trkpt>
		<trkpt lat="34.897828" lon="128.420595">
			<ele>0.00</ele>
			<time>2020-01-17T01:20:01.53Z</time>
		</trkpt>
		<trkpt lat="34.897760" lon="128.420540">
			<ele>0.00</ele>
			<time>2020-01-17T01:20:02.07Z</time>
		</trkpt>
		<trkpt lat="34.897667" lon="128.420473">
			<ele>0.00</ele>
			<time>2020-01-17T01:20:02.79Z</time>
		</trkpt>
		<trkpt lat="34.897593" lon="128.420411">
			<ele>0.00</ele>
			<time>2020-01-17T01:20:03.39Z</time>
		</trkpt>
		<trkpt lat="34.897523" lon="128.420346">
			<ele>0.00</ele>
			<time>2020-01-17T01:20:03.98Z</time>
		</trkpt>
		<trkpt lat="34.897450" lon="128.420281">
			<ele>0.00</ele>
			<time>2020-01-17T01:20:04.58Z</time>
		</trkpt>
		<trkpt lat="34.897361" lon="128.420191">
			<ele>0.00</ele>
			<time>2020-01-17T01:20:05.35Z</time>
		</trkpt>
		<trkpt lat="34.897308" lon="128.420115">
			<ele>0.00</ele>
			<time>2020-01-17T01:20:05.90Z</time>
		</trkpt>
		<trkpt lat="34.897261" lon="128.420033">
			<ele>0.00</ele>
			<time>2020-01-17T01:20:06.44Z</time>
		</trkpt>
		<trkpt lat="34.897226" lon="128.419944">
			<ele>0.00</ele>
			<time>2020-01-17T01:20:06.99Z</time>
		</trkpt>
		<trkpt lat="34.897172" lon="128.419829">
			<ele>0.00</ele>
			<time>2020-01-17T01:20:07.71Z</time>
		</trkpt>
		<trkpt lat="34.897152" lon="128.419694">
			<ele>0.00</ele>
			<time>2020-01-17T01:20:08.46Z</time>
		</trkpt>
		<trkpt lat="34.897139" lon="128.419575">
			<ele>0.00</ele>
			<time>2020-01-17T01:20:09.12Z</time>
		</trkpt>
		<trkpt lat="34.897137" lon="128.419571">
			<ele>0.00</ele>
			<time>2020-01-17T01:20:09.18Z</time>
		</trkpt>
		<trkpt lat="34.897145" lon="128.419437">
			<ele>0.00</ele>
			<time>2020-01-17T01:20:09.91Z</time>
		</trkpt>
		<trkpt lat="34.897139" lon="128.419346">
			<ele>0.00</ele>
			<time>2020-01-17T01:20:10.41Z</time>
		</trkpt>
		<trkpt lat="34.897150" lon="128.419185">
			<ele>0.00</ele>
			<time>2020-01-17T01:20:11.29Z</time>
		</trkpt>
		<trkpt lat="34.897158" lon="128.419030">
			<ele>0.00</ele>
			<time>2020-01-17T01:20:12.14Z</time>
		</trkpt>
		<trkpt lat="34.897156" lon="128.418877">
			<ele>0.00</ele>
			<time>2020-01-17T01:20:12.97Z</time>
		</trkpt>
		<trkpt lat="34.897146" lon="128.418744">
			<ele>0.00</ele>
			<time>2020-01-17T01:20:13.71Z</time>
		</trkpt>
		<trkpt lat="34.897136" lon="128.418568">
			<ele>0.00</ele>
			<time>2020-01-17T01:20:14.67Z</time>
		</trkpt>
		<trkpt lat="34.897120" lon="128.418398">
			<ele>0.00</ele>
			<time>2020-01-17T01:20:15.61Z</time>
		</trkpt>
		<trkpt lat="34.897107" lon="128.418253">
			<ele>0.00</ele>
			<time>2020-01-17T01:20:16.41Z</time>
		</trkpt>
		<trkpt lat="34.897087" lon="128.418067">
			<ele>0.00</ele>
			<time>2020-01-17T01:20:17.43Z</time>
		</trkpt>
		<trkpt lat="34.897076" lon="128.417901">
			<ele>0.00</ele>
			<time>2020-01-17T01:20:18.34Z</time>
		</trkpt>
		<trkpt lat="34.897059" lon="128.417778">
			<ele>0.00</ele>
			<time>2020-01-17T01:20:19.02Z</time>
		</trkpt>
		<trkpt lat="34.897054" lon="128.417651">
			<ele>0.00</ele>
			<time>2020-01-17T01:20:19.72Z</time>
		</trkpt>
		<trkpt lat="34.897041" lon="128.417488">
			<ele>0.00</ele>
			<time>2020-01-17T01:20:20.62Z</time>
		</trkpt>
		<trkpt lat="34.897021" lon="128.417357">
			<ele>0.00</ele>
			<time>2020-01-17T01:20:21.34Z</time>
		</trkpt>
		<trkpt lat="34.896982" lon="128.417225">
			<ele>0.00</ele>
			<time>2020-01-17T01:20:22.11Z</time>
		</trkpt>
		<trkpt lat="34.896961" lon="128.417138">
			<ele>0.00</ele>
			<time>2020-01-17T01:20:22.60Z</time>
		</trkpt>
		<trkpt lat="34.896918" lon="128.416944">
			<ele>0.00</ele>
			<time>2020-01-17T01:20:23.70Z</time>
		</trkpt>
		<trkpt lat="34.896889" lon="128.416822">
			<ele>0.00</ele>
			<time>2020-01-17T01:20:24.40Z</time>
		</trkpt>
		<trkpt lat="34.896873" lon="128.416719">
			<ele>0.00</ele>
			<time>2020-01-17T01:20:24.97Z</time>
		</trkpt>
		<trkpt lat="34.896763" lon="128.416736">
			<ele>0.00</ele>
			<time>2020-01-17T01:20:25.71Z</time>
		</trkpt>
		<trkpt lat="34.896647" lon="128.416762">
			<ele>0.00</ele>
			<time>2020-01-17T01:20:26.50Z</time>
		</trkpt>
		<trkpt lat="34.896641" lon="128.416762">
			<ele>0.00</ele>
			<time>2020-01-17T01:20:26.56Z</time>
		</trkpt>
		<trkpt lat="34.896545" lon="128.416790">
			<ele>0.00</ele>
			<time>2020-01-17T01:20:27.22Z</time>
		</trkpt>
		<trkpt lat="34.896463" lon="128.416811">
			<ele>0.00</ele>
			<time>2020-01-17T01:20:27.78Z</time>
		</trkpt>
		<trkpt lat="34.896350" lon="128.416853">
			<ele>0.00</ele>
			<time>2020-01-17T01:20:28.57Z</time>
		</trkpt>
		<trkpt lat="34.896378" lon="128.416976">
			<ele>0.00</ele>
			<time>2020-01-17T01:20:29.27Z</time>
		</trkpt>
		<trkpt lat="34.896413" lon="128.417089">
			<ele>0.00</ele>
			<time>2020-01-17T01:20:29.93Z</time>
		</trkpt>
		<trkpt lat="34.896446" lon="128.417206">
			<ele>0.00</ele>
			<time>2020-01-17T01:20:30.60Z</time>
		</trkpt>
		<trkpt lat="34.896475" lon="128.417320">
			<ele>0.00</ele>
			<time>2020-01-17T01:20:31.26Z</time>
		</trkpt>
		<trkpt lat="34.896493" lon="128.417403">
			<ele>0.00</ele>
			<time>2020-01-17T01:20:31.72Z</time>
		</trkpt>
		<trkpt lat="34.896523" lon="128.417542">
			<ele>0.00</ele>
			<time>2020-01-17T01:20:32.51Z</time>
		</trkpt>
		<trkpt lat="34.896555" lon="128.417675">
			<ele>0.00</ele>
			<time>2020-01-17T01:20:33.27Z</time>
		</trkpt>
		<trkpt lat="34.896592" lon="128.417813">
			<ele>0.00</ele>
			<time>2020-01-17T01:20:34.07Z</time>
		</trkpt>
		<trkpt lat="34.896623" lon="128.417956">
			<ele>0.00</ele>
			<time>2020-01-17T01:20:34.88Z</time>
		</trkpt>
		<trkpt lat="34.896640" lon="128.418083">
			<ele>0.00</ele>
			<time>2020-01-17T01:20:35.58Z</time>
		</trkpt>
		<trkpt lat="34.896661" lon="128.418211">
			<ele>0.00</ele>
			<time>2020-01-17T01:20:36.29Z</time>
		</trkpt>
		<trkpt lat="34.896661" lon="128.418217">
			<ele>0.00</ele>
			<time>2020-01-17T01:20:36.35Z</time>
		</trkpt>
		<trkpt lat="34.896687" lon="128.418333">
			<ele>0.00</ele>
			<time>2020-01-17T01:20:37Z</time>
		</trkpt>
		<trkpt lat="34.896706" lon="128.418477">
			<ele>0.00</ele>
			<time>2020-01-17T01:20:37.80Z</time>
		</trkpt>
		<trkpt lat="34.896721" lon="128.418572">
			<ele>0.00</ele>
			<time>2020-01-17T01:20:38.33Z</time>
		</trkpt>
		<trkpt lat="34.896735" lon="128.418661">
			<ele>0.00</ele>
			<time>2020-01-17T01:20:38.83Z</time>
		</trkpt>
		<trkpt lat="34.896736" lon="128.418758">
			<ele>0.00</ele>
			<time>2020-01-17T01:20:39.36Z</time>
		</trkpt>
		<trkpt lat="34.896731" lon="128.418876">
			<ele>0.00</ele>
			<time>2020-01-17T01:20:40Z</time>
		</trkpt>
		<trkpt lat="34.896724" lon="128.418988">
			<ele>0.00</ele>
			<time>2020-01-17T01:20:40.62Z</time>
		</trkpt>
		<trkpt lat="34.896709" lon="128.419116">
			<ele>0.00</ele>
			<time>2020-01-17T01:20:41.33Z</time>
		</trkpt>
		<trkpt lat="34.896701" lon="128.419234">
			<ele>0.00</ele>
			<time>2020-01-17T01:20:41.98Z</time>
		</trkpt>
		<trkpt lat="34.896686" lon="128.419337">
			<ele>0.00</ele>
			<time>2020-01-17T01:20:42.54Z</time>
		</trkpt>
		<trkpt lat="34.896668" lon="128.419453">
			<ele>0.00</ele>
			<time>2020-01-17T01:20:43.19Z</time>
		</trkpt>
		<trkpt lat="34.896645" lon="128.419548">
			<ele>0.00</ele>
			<time>2020-01-17T01:20:43.73Z</time>
		</trkpt>
		<trkpt lat="34.896627" lon="128.419637">
			<ele>0.00</ele>
			<time>2020-01-17T01:20:44.23Z</time>
		</trkpt>
		<trkpt lat="34.896571" lon="128.419726">
			<ele>0.00</ele>
			<time>2020-01-17T01:20:44.85Z</time>
		</trkpt>
		<trkpt lat="34.896467" lon="128.419794">
			<ele>0.00</ele>
			<time>2020-01-17T01:20:45.63Z</time>
		</trkpt>
		<trkpt lat="34.896368" lon="128.419852">
			<ele>0.00</ele>
			<time>2020-01-17T01:20:46.36Z</time>
		</trkpt>
		<trkpt lat="34.896267" lon="128.419915">
			<ele>0.00</ele>
			<time>2020-01-17T01:20:47.12Z</time>
		</trkpt>
		<trkpt lat="34.896184" lon="128.419949">
			<ele>0.00</ele>
			<time>2020-01-17T01:20:47.70Z</time>
		</trkpt>
		<trkpt lat="34.896091" lon="128.419982">
			<ele>0.00</ele>
			<time>2020-01-17T01:20:48.35Z</time>
		</trkpt>
		<trkpt lat="34.895987" lon="128.419993">
			<ele>0.00</ele>
			<time>2020-01-17T01:20:49.05Z</time>
		</trkpt>
		<trkpt lat="34.895888" lon="128.419976">
			<ele>0.00</ele>
			<time>2020-01-17T01:20:49.71Z</time>
		</trkpt>
		<trkpt lat="34.895790" lon="128.419959">
			<ele>0.00</ele>
			<time>2020-01-17T01:20:50.37Z</time>
		</trkpt>
		<trkpt lat="34.895696" lon="128.419940">
			<ele>0.00</ele>
			<time>2020-01-17T01:20:51Z</time>
		</trkpt>
		<trkpt lat="34.895578" lon="128.419908">
			<ele>0.00</ele>
			<time>2020-01-17T01:20:51.81Z</time>
		</trkpt>
		<trkpt lat="34.895490" lon="128.419882">
			<ele>0.00</ele>
			<time>2020-01-17T01:20:52.42Z</time>
		</trkpt>
		<trkpt lat="34.895406" lon="128.419861">
			<ele>0.00</ele>
			<time>2020-01-17T01:20:52.98Z</time>
		</trkpt>
		<trkpt lat="34.895313" lon="128.419835">
			<ele>0.00</ele>
			<time>2020-01-17T01:20:53.63Z</time>
		</trkpt>
		<trkpt lat="34.895207" lon="128.419807">
			<ele>0.00</ele>
			<time>2020-01-17T01:20:54.35Z</time>
		</trkpt>
		<trkpt lat="34.895104" lon="128.419772">
			<ele>0.00</ele>
			<time>2020-01-17T01:20:55.06Z</time>
		</trkpt>
		<trkpt lat="34.895009" lon="128.419730">
			<ele>0.00</ele>
			<time>2020-01-17T01:20:55.73Z</time>
		</trkpt>
		<trkpt lat="34.894928" lon="128.419691">
			<ele>0.00</ele>
			<time>2020-01-17T01:20:56.31Z</time>
		</trkpt>
		<trkpt lat="34.894848" lon="128.419637">
			<ele>0.00</ele>
			<time>2020-01-17T01:20:56.92Z</time>
		</trkpt>
		<trkpt lat="34.894788" lon="128.419596">
			<ele>0.00</ele>
			<time>2020-01-17T01:20:57.38Z</time>
		</trkpt>
		<trkpt lat="34.894725" lon="128.419552">
			<ele>0.00</ele>
			<time>2020-01-17T01:20:57.86Z</time>
		</trkpt>
		<trkpt lat="34.894621" lon="128.419496">
			<ele>0.00</ele>
			<time>2020-01-17T01:20:58.62Z</time>
		</trkpt>
		<trkpt lat="34.894535" lon="128.419452">
			<ele>0.00</ele>
			<time>2020-01-17T01:20:59.24Z</time>
		</trkpt>
		<trkpt lat="34.894455" lon="128.419406">
			<ele>0.00</ele>
			<time>2020-01-17T01:20:59.83Z</time>
		</trkpt>
		<trkpt lat="34.894346" lon="128.419333">
			<ele>0.00</ele>
			<time>2020-01-17T01:21:00.67Z</time>
		</trkpt>
		<trkpt lat="34.894268" lon="128.419296">
			<ele>0.00</ele>
			<time>2020-01-17T01:21:01.22Z</time>
		</trkpt>
		<trkpt lat="34.894170" lon="128.419236">
			<ele>0.00</ele>
			<time>2020-01-17T01:21:01.95Z</time>
		</trkpt>
		<trkpt lat="34.894095" lon="128.419187">
			<ele>0.00</ele>
			<time>2020-01-17T01:21:02.52Z</time>
		</trkpt>
		<trkpt lat="34.894012" lon="128.419134">
			<ele>0.00</ele>
			<time>2020-01-17T01:21:03.14Z</time>
		</trkpt>
		<trkpt lat="34.893881" lon="128.419052">
			<ele>0.00</ele>
			<time>2020-01-17T01:21:04.13Z</time>
		</trkpt>
		<trkpt lat="34.893807" lon="128.419006">
			<ele>0.00</ele>
			<time>2020-01-17T01:21:04.68Z</time>
		</trkpt>
		<trkpt lat="34.893719" lon="128.418951">
			<ele>0.00</ele>
			<time>2020-01-17T01:21:05.34Z</time>
		</trkpt>
		<trkpt lat="34.893641" lon="128.418904">
			<ele>0.00</ele>
			<time>2020-01-17T01:21:05.92Z</time>
		</trkpt>
		<trkpt lat="34.893559" lon="128.418857">
			<ele>0.00</ele>
			<time>2020-01-17T01:21:06.52Z</time>
		</trkpt>
		<trkpt lat="34.893472" lon="128.418800">
			<ele>0.00</ele>
			<time>2020-01-17T01:21:07.18Z</time>
		</trkpt>
		<trkpt lat="34.893392" lon="128.418744">
			<ele>0.00</ele>
			<time>2020-01-17T01:21:07.80Z</time>
		</trkpt>
		<trkpt lat="34.893301" lon="128.418691">
			<ele>0.00</ele>
			<time>2020-01-17T01:21:08.47Z</time>
		</trkpt>
		<trkpt lat="34.893223" lon="128.418637">
			<ele>0.00</ele>
			<time>2020-01-17T01:21:09.07Z</time>
		</trkpt>
		<trkpt lat="34.893158" lon="128.418579">
			<ele>0.00</ele>
			<time>2020-01-17T01:21:09.61Z</time>
		</trkpt>
		<trkpt lat="34.893082" lon="128.418534">
			<ele>0.00</ele>
			<time>2020-01-17T01:21:10.17Z</time>
		</trkpt>
		<trkpt lat="34.892994" lon="128.418476">
			<ele>0.00</ele>
			<time>2020-01-17T01:21:10.83Z</time>
		</trkpt>
		<trkpt lat="34.892900" lon="128.418408">
			<ele>0.00</ele>
			<time>2020-01-17T01:21:11.56Z</time>
		</trkpt>
		<trkpt lat="34.892823" lon="128.418361">
			<ele>0.00</ele>
			<time>2020-01-17T01:21:12.14Z</time>
		</trkpt>
		<trkpt lat="34.892733" lon="128.418314">
			<ele>0.00</ele>
			<time>2020-01-17T01:21:12.79Z</time>
		</trkpt>
		<trkpt lat="34.892662" lon="128.418257">
			<ele>0.00</ele>
			<time>2020-01-17T01:21:13.35Z</time>
		</trkpt>
		<trkpt lat="34.892604" lon="128.418223">
			<ele>0.00</ele>
			<time>2020-01-17T01:21:13.78Z</time>
		</trkpt>
		<trkpt lat="34.892543" lon="128.418192">
			<ele>0.00</ele>
			<time>2020-01-17T01:21:14.23Z</time>
		</trkpt>
		<trkpt lat="34.892483" lon="128.418177">
			<ele>0.00</ele>
			<time>2020-01-17T01:21:14.64Z</time>
		</trkpt>
		<trkpt lat="34.892425" lon="128.418135">
			<ele>0.00</ele>
			<time>2020-01-17T01:21:15.09Z</time>
		</trkpt>
		<trkpt lat="34.892358" lon="128.418092">
			<ele>0.00</ele>
			<time>2020-01-17T01:21:15.59Z</time>
		</trkpt>
		<trkpt lat="34.892290" lon="128.418050">
			<ele>0.00</ele>
			<time>2020-01-17T01:21:16.10Z</time>
		</trkpt>
		<trkpt lat="34.892236" lon="128.418021">
			<ele>0.00</ele>
			<time>2020-01-17T01:21:16.49Z</time>
		</trkpt>
		<trkpt lat="34.892176" lon="128.417984">
			<ele>0.00</ele>
			<time>2020-01-17T01:21:16.94Z</time>
		</trkpt>
		<trkpt lat="34.892100" lon="128.417926">
			<ele>0.00</ele>
			<time>2020-01-17T01:21:17.54Z</time>
		</trkpt>
		<trkpt lat="34.892072" lon="128.417897">
			<ele>0.00</ele>
			<time>2020-01-17T01:21:17.78Z</time>
		</trkpt>
		<trkpt lat="34.891976" lon="128.418007">
			<ele>0.00</ele>
			<time>2020-01-17T01:21:18.66Z</time>
		</trkpt>
		<trkpt lat="34.891914" lon="128.418068">
			<ele>0.00</ele>
			<time>2020-01-17T01:21:19.19Z</time>
		</trkpt>
		<trkpt lat="34.891846" lon="128.418132">
			<ele>0.00</ele>
			<time>2020-01-17T01:21:19.76Z</time>
		</trkpt>
		<trkpt lat="34.891778" lon="128.418193">
			<ele>0.00</ele>
			<time>2020-01-17T01:21:20.33Z</time>
		</trkpt>
		<trkpt lat="34.891711" lon="128.418251">
			<ele>0.00</ele>
			<time>2020-01-17T01:21:20.87Z</time>
		</trkpt>
		<trkpt lat="34.891602" lon="128.418320">
			<ele>0.00</ele>
			<time>2020-01-17T01:21:21.70Z</time>
		</trkpt>
		<trkpt lat="34.891512" lon="128.418383">
			<ele>0.00</ele>
			<time>2020-01-17T01:21:22.39Z</time>
		</trkpt>
		<trkpt lat="34.891432" lon="128.418442">
			<ele>0.00</ele>
			<time>2020-01-17T01:21:23.01Z</time>
		</trkpt>
		<trkpt lat="34.891367" lon="128.418477">
			<ele>0.00</ele>
			<time>2020-01-17T01:21:23.49Z</time>
		</trkpt>
		<trkpt lat="34.891287" lon="128.418529">
			<ele>0.00</ele>
			<time>2020-01-17T01:21:24.08Z</time>
		</trkpt>
		<trkpt lat="34.891198" lon="128.418583">
			<ele>0.00</ele>
			<time>2020-01-17T01:21:24.75Z</time>
		</trkpt>
		<trkpt lat="34.891120" lon="128.418635">
			<ele>0.00</ele>
			<time>2020-01-17T01:21:25.34Z</time>
		</trkpt>
		<trkpt lat="34.891029" lon="128.418704">
			<ele>0.00</ele>
			<time>2020-01-17T01:21:26.06Z</time>
		</trkpt>
		<trkpt lat="34.890948" lon="128.418759">
			<ele>0.00</ele>
			<time>2020-01-17T01:21:26.68Z</time>
		</trkpt>
		<trkpt lat="34.890868" lon="128.418805">
			<ele>0.00</ele>
			<time>2020-01-17T01:21:27.26Z</time>
		</trkpt>
		<trkpt lat="34.890748" lon="128.418848">
			<ele>0.00</ele>
			<time>2020-01-17T01:21:28.10Z</time>
		</trkpt>
		<trkpt lat="34.890659" lon="128.418873">
			<ele>0.00</ele>
			<time>2020-01-17T01:21:28.71Z</time>
		</trkpt>
		<trkpt lat="34.890591" lon="128.418886">
			<ele>0.00</ele>
			<time>2020-01-17T01:21:29.16Z</time>
		</trkpt>
		<trkpt lat="34.890506" lon="128.418894">
			<ele>0.00</ele>
			<time>2020-01-17T01:21:29.74Z</time>
		</trkpt>
		<trkpt lat="34.890434" lon="128.418892">
			<ele>0.00</ele>
			<time>2020-01-17T01:21:30.22Z</time>
		</trkpt>
		<trkpt lat="34.890324" lon="128.418882">
			<ele>0.00</ele>
			<time>2020-01-17T01:21:30.95Z</time>
		</trkpt>
		<trkpt lat="34.890215" lon="128.418852">
			<ele>0.00</ele>
			<time>2020-01-17T01:21:31.69Z</time>
		</trkpt>
		<trkpt lat="34.890129" lon="128.418825">
			<ele>0.00</ele>
			<time>2020-01-17T01:21:32.29Z</time>
		</trkpt>
		<trkpt lat="34.890061" lon="128.418810">
			<ele>0.00</ele>
			<time>2020-01-17T01:21:32.74Z</time>
		</trkpt>
		<trkpt lat="34.889990" lon="128.418793">
			<ele>0.00</ele>
			<time>2020-01-17T01:21:33.23Z</time>
		</trkpt>
		<trkpt lat="34.889920" lon="128.418791">
			<ele>0.00</ele>
			<time>2020-01-17T01:21:33.70Z</time>
		</trkpt>
		<trkpt lat="34.889842" lon="128.418782">
			<ele>0.00</ele>
			<time>2020-01-17T01:21:34.22Z</time>
		</trkpt>
		<trkpt lat="34.889785" lon="128.418803">
			<ele>0.00</ele>
			<time>2020-01-17T01:21:34.62Z</time>
		</trkpt>
		<trkpt lat="34.889715" lon="128.418843">
			<ele>0.00</ele>
			<time>2020-01-17T01:21:35.13Z</time>
		</trkpt>
		<trkpt lat="34.889631" lon="128.418904">
			<ele>0.00</ele>
			<time>2020-01-17T01:21:35.78Z</time>
		</trkpt>
		<trkpt lat="34.889548" lon="128.418963">
			<ele>0.00</ele>
			<time>2020-01-17T01:21:36.42Z</time>
		</trkpt>
		<trkpt lat="34.889473" lon="128.419010">
			<ele>0.00</ele>
			<time>2020-01-17T01:21:36.98Z</time>
		</trkpt>
		<trkpt lat="34.889408" lon="128.419097">
			<ele>0.00</ele>
			<time>2020-01-17T01:21:37.63Z</time>
		</trkpt>
		<trkpt lat="34.889359" lon="128.419159">
			<ele>0.00</ele>
			<time>2020-01-17T01:21:38.10Z</time>
		</trkpt>
		<trkpt lat="34.889308" lon="128.419222">
			<ele>0.00</ele>
			<time>2020-01-17T01:21:38.59Z</time>
		</trkpt>
		<trkpt lat="34.889248" lon="128.419322">
			<ele>0.00</ele>
			<time>2020-01-17T01:21:39.26Z</time>
		</trkpt>
		<trkpt lat="34.889268" lon="128.419387">
			<ele>0.00</ele>
			<time>2020-01-17T01:21:39.64Z</time>
		</trkpt>
		<trkpt lat="34.889215" lon="128.419423">
			<ele>0.00</ele>
			<time>2020-01-17T01:21:40.04Z</time>
		</trkpt>
		<trkpt lat="34.889140" lon="128.419478">
			<ele>0.00</ele>
			<time>2020-01-17T01:21:40.63Z</time>
		</trkpt>
		<trkpt lat="34.889056" lon="128.419553">
			<ele>0.00</ele>
			<time>2020-01-17T01:21:41.33Z</time>
		</trkpt>
		<trkpt lat="34.888975" lon="128.419618">
			<ele>0.00</ele>
			<time>2020-01-17T01:21:41.97Z</time>
		</trkpt>
		<trkpt lat="34.888887" lon="128.419680">
			<ele>0.00</ele>
			<time>2020-01-17T01:21:42.65Z</time>
		</trkpt>
		<trkpt lat="34.888797" lon="128.419751">
			<ele>0.00</ele>
			<time>2020-01-17T01:21:43.36Z</time>
		</trkpt>
		<trkpt lat="34.888708" lon="128.419820">
			<ele>0.00</ele>
			<time>2020-01-17T01:21:44.07Z</time>
		</trkpt>
		<trkpt lat="34.888611" lon="128.419886">
			<ele>0.00</ele>
			<time>2020-01-17T01:21:44.81Z</time>
		</trkpt>
		<trkpt lat="34.888540" lon="128.419945">
			<ele>0.00</ele>
			<time>2020-01-17T01:21:45.38Z</time>
		</trkpt>
		<trkpt lat="34.888473" lon="128.420000">
			<ele>0.00</ele>
			<time>2020-01-17T01:21:45.92Z</time>
		</trkpt>
		<trkpt lat="34.888387" lon="128.420063">
			<ele>0.00</ele>
			<time>2020-01-17T01:21:46.58Z</time>
		</trkpt>
		<trkpt lat="34.888309" lon="128.420125">
			<ele>0.00</ele>
			<time>2020-01-17T01:21:47.21Z</time>
		</trkpt>
		<trkpt lat="34.888216" lon="128.420194">
			<ele>0.00</ele>
			<time>2020-01-17T01:21:47.94Z</time>
		</trkpt>
		<trkpt lat="34.888143" lon="128.420253">
			<ele>0.00</ele>
			<time>2020-01-17T01:21:48.52Z</time>
		</trkpt>
		<trkpt lat="34.888074" lon="128.420315">
			<ele>0.00</ele>
			<time>2020-01-17T01:21:49.09Z</time>
		</trkpt>
		<trkpt lat="34.887978" lon="128.420391">
			<ele>0.00</ele>
			<time>2020-01-17T01:21:49.85Z</time>
		</trkpt>
		<trkpt lat="34.887895" lon="128.420474">
			<ele>0.00</ele>
			<time>2020-01-17T01:21:50.57Z</time>
		</trkpt>
		<trkpt lat="34.887804" lon="128.420543">
			<ele>0.00</ele>
			<time>2020-01-17T01:21:51.28Z</time>
		</trkpt>
		<trkpt lat="34.887714" lon="128.420609">
			<ele>0.00</ele>
			<time>2020-01-17T01:21:51.98Z</time>
		</trkpt>
		<trkpt lat="34.887616" lon="128.420677">
			<ele>0.00</ele>
			<time>2020-01-17T01:21:52.73Z</time>
		</trkpt>
		<trkpt lat="34.887515" lon="128.420740">
			<ele>0.00</ele>
			<time>2020-01-17T01:21:53.49Z</time>
		</trkpt>
		<trkpt lat="34.887439" lon="128.420795">
			<ele>0.00</ele>
			<time>2020-01-17T01:21:54.08Z</time>
		</trkpt>
		<trkpt lat="34.887357" lon="128.420859">
			<ele>0.00</ele>
			<time>2020-01-17T01:21:54.73Z</time>
		</trkpt>
		<trkpt lat="34.887261" lon="128.420933">
			<ele>0.00</ele>
			<time>2020-01-17T01:21:55.49Z</time>
		</trkpt>
		<trkpt lat="34.887173" lon="128.421006">
			<ele>0.00</ele>
			<time>2020-01-17T01:21:56.19Z</time>
		</trkpt>
		<trkpt lat="34.887098" lon="128.421066">
			<ele>0.00</ele>
			<time>2020-01-17T01:21:56.80Z</time>
		</trkpt>
		<trkpt lat="34.887008" lon="128.421136">
			<ele>0.00</ele>
			<time>2020-01-17T01:21:57.50Z</time>
		</trkpt>
		<trkpt lat="34.886927" lon="128.421202">
			<ele>0.00</ele>
			<time>2020-01-17T01:21:58.16Z</time>
		</trkpt>
		<trkpt lat="34.886839" lon="128.421270">
			<ele>0.00</ele>
			<time>2020-01-17T01:21:58.85Z</time>
		</trkpt>
		<trkpt lat="34.886742" lon="128.421343">
			<ele>0.00</ele>
			<time>2020-01-17T01:21:59.61Z</time>
		</trkpt>
		<trkpt lat="34.886651" lon="128.421418">
			<ele>0.00</ele>
			<time>2020-01-17T01:22:00.35Z</time>
		</trkpt>
		<trkpt lat="34.886551" lon="128.421497">
			<ele>0.00</ele>
			<time>2020-01-17T01:22:01.13Z</time>
		</trkpt>
		<trkpt lat="34.886467" lon="128.421555">
			<ele>0.00</ele>
			<time>2020-01-17T01:22:01.78Z</time>
		</trkpt>
		<trkpt lat="34.886398" lon="128.421612">
			<ele>0.00</ele>
			<time>2020-01-17T01:22:02.33Z</time>
		</trkpt>
		<trkpt lat="34.886332" lon="128.421666">
			<ele>0.00</ele>
			<time>2020-01-17T01:22:02.87Z</time>
		</trkpt>
		<trkpt lat="34.886245" lon="128.421724">
			<ele>0.00</ele>
			<time>2020-01-17T01:22:03.53Z</time>
		</trkpt>
		<trkpt lat="34.886165" lon="128.421789">
			<ele>0.00</ele>
			<time>2020-01-17T01:22:04.17Z</time>
		</trkpt>
		<trkpt lat="34.886090" lon="128.421842">
			<ele>0.00</ele>
			<time>2020-01-17T01:22:04.74Z</time>
		</trkpt>
		<trkpt lat="34.885990" lon="128.421929">
			<ele>0.00</ele>
			<time>2020-01-17T01:22:05.56Z</time>
		</trkpt>
		<trkpt lat="34.885869" lon="128.422019">
			<ele>0.00</ele>
			<time>2020-01-17T01:22:06.51Z</time>
		</trkpt>
		<trkpt lat="34.885789" lon="128.422080">
			<ele>0.00</ele>
			<time>2020-01-17T01:22:07.14Z</time>
		</trkpt>
		<trkpt lat="34.885697" lon="128.422156">
			<ele>0.00</ele>
			<time>2020-01-17T01:22:07.88Z</time>
		</trkpt>
		<trkpt lat="34.885618" lon="128.422221">
			<ele>0.00</ele>
			<time>2020-01-17T01:22:08.52Z</time>
		</trkpt>
		<trkpt lat="34.885512" lon="128.422300">
			<ele>0.00</ele>
			<time>2020-01-17T01:22:09.34Z</time>
		</trkpt>
		<trkpt lat="34.885419" lon="128.422368">
			<ele>0.00</ele>
			<time>2020-01-17T01:22:10.06Z</time>
		</trkpt>
		<trkpt lat="34.885323" lon="128.422440">
			<ele>0.00</ele>
			<time>2020-01-17T01:22:10.82Z</time>
		</trkpt>
		<trkpt lat="34.885235" lon="128.422501">
			<ele>0.00</ele>
			<time>2020-01-17T01:22:11.49Z</time>
		</trkpt>
		<trkpt lat="34.885133" lon="128.422582">
			<ele>0.00</ele>
			<time>2020-01-17T01:22:12.31Z</time>
		</trkpt>
		<trkpt lat="34.885043" lon="128.422649">
			<ele>0.00</ele>
			<time>2020-01-17T01:22:13.01Z</time>
		</trkpt>
		<trkpt lat="34.884952" lon="128.422713">
			<ele>0.00</ele>
			<time>2020-01-17T01:22:13.71Z</time>
		</trkpt>
		<trkpt lat="34.884862" lon="128.422792">
			<ele>0.00</ele>
			<time>2020-01-17T01:22:14.45Z</time>
		</trkpt>
		<trkpt lat="34.884780" lon="128.422853">
			<ele>0.00</ele>
			<time>2020-01-17T01:22:15.09Z</time>
		</trkpt>
		<trkpt lat="34.884691" lon="128.422914">
			<ele>0.00</ele>
			<time>2020-01-17T01:22:15.77Z</time>
		</trkpt>
		<trkpt lat="34.884610" lon="128.422977">
			<ele>0.00</ele>
			<time>2020-01-17T01:22:16.41Z</time>
		</trkpt>
		<trkpt lat="34.884532" lon="128.423044">
			<ele>0.00</ele>
			<time>2020-01-17T01:22:17.05Z</time>
		</trkpt>
		<trkpt lat="34.884444" lon="128.423113">
			<ele>0.00</ele>
			<time>2020-01-17T01:22:17.74Z</time>
		</trkpt>
		<trkpt lat="34.884353" lon="128.423189">
			<ele>0.00</ele>
			<time>2020-01-17T01:22:18.48Z</time>
		</trkpt>
		<trkpt lat="34.884251" lon="128.423254">
			<ele>0.00</ele>
			<time>2020-01-17T01:22:19.24Z</time>
		</trkpt>
		<trkpt lat="34.884163" lon="128.423300">
			<ele>0.00</ele>
			<time>2020-01-17T01:22:19.88Z</time>
		</trkpt>
		<trkpt lat="34.884061" lon="128.423341">
			<ele>0.00</ele>
			<time>2020-01-17T01:22:20.60Z</time>
		</trkpt>
		<trkpt lat="34.883968" lon="128.423381">
			<ele>0.00</ele>
			<time>2020-01-17T01:22:21.26Z</time>
		</trkpt>
		<trkpt lat="34.883882" lon="128.423409">
			<ele>0.00</ele>
			<time>2020-01-17T01:22:21.85Z</time>
		</trkpt>
		<trkpt lat="34.883797" lon="128.423430">
			<ele>0.00</ele>
			<time>2020-01-17T01:22:22.43Z</time>
		</trkpt>
		<trkpt lat="34.883725" lon="128.423443">
			<ele>0.00</ele>
			<time>2020-01-17T01:22:22.92Z</time>
		</trkpt>
		<trkpt lat="34.883653" lon="128.423446">
			<ele>0.00</ele>
			<time>2020-01-17T01:22:23.39Z</time>
		</trkpt>
		<trkpt lat="34.883569" lon="128.423452">
			<ele>0.00</ele>
			<time>2020-01-17T01:22:23.95Z</time>
		</trkpt>
		<trkpt lat="34.883459" lon="128.423436">
			<ele>0.00</ele>
			<time>2020-01-17T01:22:24.69Z</time>
		</trkpt>
		<trkpt lat="34.883366" lon="128.423427">
			<ele>0.00</ele>
			<time>2020-01-17T01:22:25.31Z</time>
		</trkpt>
		<trkpt lat="34.883256" lon="128.423401">
			<ele>0.00</ele>
			<time>2020-01-17T01:22:26.07Z</time>
		</trkpt>
		<trkpt lat="34.883150" lon="128.423378">
			<ele>0.00</ele>
			<time>2020-01-17T01:22:26.78Z</time>
		</trkpt>
		<trkpt lat="34.883041" lon="128.423358">
			<ele>0.00</ele>
			<time>2020-01-17T01:22:27.51Z</time>
		</trkpt>
		<trkpt lat="34.882949" lon="128.423337">
			<ele>0.00</ele>
			<time>2020-01-17T01:22:28.14Z</time>
		</trkpt>
		<trkpt lat="34.882832" lon="128.423307">
			<ele>0.00</ele>
			<time>2020-01-17T01:22:28.94Z</time>
		</trkpt>
		<trkpt lat="34.882749" lon="128.423292">
			<ele>0.00</ele>
			<time>2020-01-17T01:22:29.50Z</time>
		</trkpt>
		<trkpt lat="34.882647" lon="128.423273">
			<ele>0.00</ele>
			<time>2020-01-17T01:22:30.18Z</time>
		</trkpt>
		<trkpt lat="34.882549" lon="128.423251">
			<ele>0.00</ele>
			<time>2020-01-17T01:22:30.85Z</time>
		</trkpt>
		<trkpt lat="34.882423" lon="128.423234">
			<ele>0.00</ele>
			<time>2020-01-17T01:22:31.69Z</time>
		</trkpt>
		<trkpt lat="34.882288" lon="128.423213">
			<ele>0.00</ele>
			<time>2020-01-17T01:22:32.60Z</time>
		</trkpt>
		<trkpt lat="34.882150" lon="128.423186">
			<ele>0.00</ele>
			<time>2020-01-17T01:22:33.53Z</time>
		</trkpt>
		<trkpt lat="34.882045" lon="128.423166">
			<ele>0.00</ele>
			<time>2020-01-17T01:22:34.24Z</time>
		</trkpt>
		<trkpt lat="34.881939" lon="128.423140">
			<ele>0.00</ele>
			<time>2020-01-17T01:22:34.96Z</time>
		</trkpt>
		<trkpt lat="34.881831" lon="128.423113">
			<ele>0.00</ele>
			<time>2020-01-17T01:22:35.70Z</time>
		</trkpt>
		<trkpt lat="34.881734" lon="128.423092">
			<ele>0.00</ele>
			<time>2020-01-17T01:22:36.35Z</time>
		</trkpt>
		<trkpt lat="34.881634" lon="128.423064">
			<ele>0.00</ele>
			<time>2020-01-17T01:22:37.04Z</time>
		</trkpt>
		<trkpt lat="34.881542" lon="128.423044">
			<ele>0.00</ele>
			<time>2020-01-17T01:22:37.66Z</time>
		</trkpt>
		<trkpt lat="34.881423" lon="128.423012">
			<ele>0.00</ele>
			<time>2020-01-17T01:22:38.47Z</time>
		</trkpt>
		<trkpt lat="34.881325" lon="128.422990">
			<ele>0.00</ele>
			<time>2020-01-17T01:22:39.14Z</time>
		</trkpt>
		<trkpt lat="34.881210" lon="128.422973">
			<ele>0.00</ele>
			<time>2020-01-17T01:22:39.91Z</time>
		</trkpt>
		<trkpt lat="34.881122" lon="128.422952">
			<ele>0.00</ele>
			<time>2020-01-17T01:22:40.51Z</time>
		</trkpt>
		<trkpt lat="34.881047" lon="128.422935">
			<ele>0.00</ele>
			<time>2020-01-17T01:22:41.02Z</time>
		</trkpt>
		<trkpt lat="34.880940" lon="128.422916">
			<ele>0.00</ele>
			<time>2020-01-17T01:22:41.73Z</time>
		</trkpt>
		<trkpt lat="34.880849" lon="128.422890">
			<ele>0.00</ele>
			<time>2020-01-17T01:22:42.36Z</time>
		</trkpt>
		<trkpt lat="34.880745" lon="128.422872">
			<ele>0.00</ele>
			<time>2020-01-17T01:22:43.06Z</time>
		</trkpt>
		<trkpt lat="34.880644" lon="128.422855">
			<ele>0.00</ele>
			<time>2020-01-17T01:22:43.74Z</time>
		</trkpt>
		<trkpt lat="34.880541" lon="128.422834">
			<ele>0.00</ele>
			<time>2020-01-17T01:22:44.44Z</time>
		</trkpt>
		<trkpt lat="34.880453" lon="128.422818">
			<ele>0.00</ele>
			<time>2020-01-17T01:22:45.03Z</time>
		</trkpt>
		<trkpt lat="34.880346" lon="128.422803">
			<ele>0.00</ele>
			<time>2020-01-17T01:22:45.75Z</time>
		</trkpt>
		<trkpt lat="34.880220" lon="128.422778">
			<ele>0.00</ele>
			<time>2020-01-17T01:22:46.60Z</time>
		</trkpt>
		<trkpt lat="34.880113" lon="128.422754">
			<ele>0.00</ele>
			<time>2020-01-17T01:22:47.32Z</time>
		</trkpt>
		<trkpt lat="34.880010" lon="128.422737">
			<ele>0.00</ele>
			<time>2020-01-17T01:22:48.01Z</time>
		</trkpt>
		<trkpt lat="34.879937" lon="128.422715">
			<ele>0.00</ele>
			<time>2020-01-17T01:22:48.52Z</time>
		</trkpt>
		<trkpt lat="34.879834" lon="128.422692">
			<ele>0.00</ele>
			<time>2020-01-17T01:22:49.22Z</time>
		</trkpt>
		<trkpt lat="34.879747" lon="128.422667">
			<ele>0.00</ele>
			<time>2020-01-17T01:22:49.81Z</time>
		</trkpt>
		<trkpt lat="34.879634" lon="128.422636">
			<ele>0.00</ele>
			<time>2020-01-17T01:22:50.58Z</time>
		</trkpt>
		<trkpt lat="34.879522" lon="128.422615">
			<ele>0.00</ele>
			<time>2020-01-17T01:22:51.34Z</time>
		</trkpt>
		<trkpt lat="34.879415" lon="128.422595">
			<ele>0.00</ele>
			<time>2020-01-17T01:22:52.06Z</time>
		</trkpt>
		<trkpt lat="34.879320" lon="128.422572">
			<ele>0.00</ele>
			<time>2020-01-17T01:22:52.70Z</time>
		</trkpt>
		<trkpt lat="34.879235" lon="128.422561">
			<ele>0.00</ele>
			<time>2020-01-17T01:22:53.27Z</time>
		</trkpt>
		<trkpt lat="34.879144" lon="128.422538">
			<ele>0.00</ele>
			<time>2020-01-17T01:22:53.90Z</time>
		</trkpt>
		<trkpt lat="34.879053" lon="128.422523">
			<ele>0.00</ele>
			<time>2020-01-17T01:22:54.51Z</time>
		</trkpt>
		<trkpt lat="34.878934" lon="128.422501">
			<ele>0.00</ele>
			<time>2020-01-17T01:22:55.31Z</time>
		</trkpt>
		<trkpt lat="34.878830" lon="128.422479">
			<ele>0.00</ele>
			<time>2020-01-17T01:22:56.01Z</time>
		</trkpt>
		<trkpt lat="34.878720" lon="128.422456">
			<ele>0.00</ele>
			<time>2020-01-17T01:22:56.76Z</time>
		</trkpt>
		<trkpt lat="34.878634" lon="128.422438">
			<ele>0.00</ele>
			<time>2020-01-17T01:22:57.34Z</time>
		</trkpt>
		<trkpt lat="34.878537" lon="128.422413">
			<ele>0.00</ele>
			<time>2020-01-17T01:22:58Z</time>
		</trkpt>
		<trkpt lat="34.878434" lon="128.422396">
			<ele>0.00</ele>
			<time>2020-01-17T01:22:58.69Z</time>
		</trkpt>
		<trkpt lat="34.878317" lon="128.422369">
			<ele>0.00</ele>
			<time>2020-01-17T01:22:59.49Z</time>
		</trkpt>
		<trkpt lat="34.878223" lon="128.422352">
			<ele>0.00</ele>
			<time>2020-01-17T01:23:00.12Z</time>
		</trkpt>
		<trkpt lat="34.878110" lon="128.422334">
			<ele>0.00</ele>
			<time>2020-01-17T01:23:00.88Z</time>
		</trkpt>
		<trkpt lat="34.878020" lon="128.422312">
			<ele>0.00</ele>
			<time>2020-01-17T01:23:01.49Z</time>
		</trkpt>
		<trkpt lat="34.877909" lon="128.422292">
			<ele>0.00</ele>
			<time>2020-01-17T01:23:02.24Z</time>
		</trkpt>
		<trkpt lat="34.877792" lon="128.422265">
			<ele>0.00</ele>
			<time>2020-01-17T01:23:03.03Z</time>
		</trkpt>
		<trkpt lat="34.877699" lon="128.422238">
			<ele>0.00</ele>
			<time>2020-01-17T01:23:03.67Z</time>
		</trkpt>
		<trkpt lat="34.877594" lon="128.422215">
			<ele>0.00</ele>
			<time>2020-01-17T01:23:04.38Z</time>
		</trkpt>
		<trkpt lat="34.877488" lon="128.422196">
			<ele>0.00</ele>
			<time>2020-01-17T01:23:05.09Z</time>
		</trkpt>
		<trkpt lat="34.877358" lon="128.422174">
			<ele>0.00</ele>
			<time>2020-01-17T01:23:05.98Z</time>
		</trkpt>
		<trkpt lat="34.877236" lon="128.422143">
			<ele>0.00</ele>
			<time>2020-01-17T01:23:06.80Z</time>
		</trkpt>
		<trkpt lat="34.877113" lon="128.422121">
			<ele>0.00</ele>
			<time>2020-01-17T01:23:07.63Z</time>
		</trkpt>
		<trkpt lat="34.877017" lon="128.422094">
			<ele>0.00</ele>
			<time>2020-01-17T01:23:08.29Z</time>
		</trkpt>
		<trkpt lat="34.876897" lon="128.422066">
			<ele>0.00</ele>
			<time>2020-01-17T01:23:09.10Z</time>
		</trkpt>
		<trkpt lat="34.876783" lon="128.422041">
			<ele>0.00</ele>
			<time>2020-01-17T01:23:09.87Z</time>
		</trkpt>
		<trkpt lat="34.876676" lon="128.422022">
			<ele>0.00</ele>
			<time>2020-01-17T01:23:10.59Z</time>
		</trkpt>
		<trkpt lat="34.876598" lon="128.422003">
			<ele>0.00</ele>
			<time>2020-01-17T01:23:11.13Z</time>
		</trkpt>
		<trkpt lat="34.876481" lon="128.421987">
			<ele>0.00</ele>
			<time>2020-01-17T01:23:11.91Z</time>
		</trkpt>
		<trkpt lat="34.876375" lon="128.421972">
			<ele>0.00</ele>
			<time>2020-01-17T01:23:12.62Z</time>
		</trkpt>
		<trkpt lat="34.876264" lon="128.421953">
			<ele>0.00</ele>
			<time>2020-01-17T01:23:13.37Z</time>
		</trkpt>
		<trkpt lat="34.876150" lon="128.421948">
			<ele>0.00</ele>
			<time>2020-01-17T01:23:14.13Z</time>
		</trkpt>
		<trkpt lat="34.876058" lon="128.421931">
			<ele>0.00</ele>
			<time>2020-01-17T01:23:14.75Z</time>
		</trkpt>
		<trkpt lat="34.875956" lon="128.421909">
			<ele>0.00</ele>
			<time>2020-01-17T01:23:15.44Z</time>
		</trkpt>
		<trkpt lat="34.875859" lon="128.421884">
			<ele>0.00</ele>
			<time>2020-01-17T01:23:16.10Z</time>
		</trkpt>
		<trkpt lat="34.875737" lon="128.421852">
			<ele>0.00</ele>
			<time>2020-01-17T01:23:16.93Z</time>
		</trkpt>
		<trkpt lat="34.875626" lon="128.421823">
			<ele>0.00</ele>
			<time>2020-01-17T01:23:17.69Z</time>
		</trkpt>
		<trkpt lat="34.875525" lon="128.421793">
			<ele>0.00</ele>
			<time>2020-01-17T01:23:18.38Z</time>
		</trkpt>
		<trkpt lat="34.875427" lon="128.421767">
			<ele>0.00</ele>
			<time>2020-01-17T01:23:19.05Z</time>
		</trkpt>
		<trkpt lat="34.875352" lon="128.421725">
			<ele>0.00</ele>
			<time>2020-01-17T01:23:19.60Z</time>
		</trkpt>
		<trkpt lat="34.875323" lon="128.421699">
			<ele>0.00</ele>
			<time>2020-01-17T01:23:19.84Z</time>
		</trkpt>
		<trkpt lat="34.875280" lon="128.421638">
			<ele>0.00</ele>
			<time>2020-01-17T01:23:20.28Z</time>
		</trkpt>
		<trkpt lat="34.875230" lon="128.421547">
			<ele>0.00</ele>
			<time>2020-01-17T01:23:20.88Z</time>
		</trkpt>
		<trkpt lat="34.875171" lon="128.421455">
			<ele>0.00</ele>
			<time>2020-01-17T01:23:21.52Z</time>
		</trkpt>
		<trkpt lat="34.875114" lon="128.421366">
			<ele>0.00</ele>
			<time>2020-01-17T01:23:22.14Z</time>
		</trkpt>
		<trkpt lat="34.875050" lon="128.421266">
			<ele>0.00</ele>
			<time>2020-01-17T01:23:22.83Z</time>
		</trkpt>
		<trkpt lat="34.874993" lon="128.421153">
			<ele>0.00</ele>
			<time>2020-01-17T01:23:23.56Z</time>
		</trkpt>
		<trkpt lat="34.874975" lon="128.421099">
			<ele>0.00</ele>
			<time>2020-01-17T01:23:23.87Z</time>
		</trkpt>
		<trkpt lat="34.874932" lon="128.421017">
			<ele>0.00</ele>
			<time>2020-01-17T01:23:24.41Z</time>
		</trkpt>
		<trkpt lat="34.874872" lon="128.420923">
			<ele>0.00</ele>
			<time>2020-01-17T01:23:25.06Z</time>
		</trkpt>
		<trkpt lat="34.874786" lon="128.420907">
			<ele>0.00</ele>
			<time>2020-01-17T01:23:25.64Z</time>
		</trkpt>
		<trkpt lat="34.874699" lon="128.420900">
			<ele>0.00</ele>
			<time>2020-01-17T01:23:26.22Z</time>
		</trkpt>
		<trkpt lat="34.874612" lon="128.420887">
			<ele>0.00</ele>
			<time>2020-01-17T01:23:26.80Z</time>
		</trkpt>
		<trkpt lat="34.874522" lon="128.420875">
			<ele>0.00</ele>
			<time>2020-01-17T01:23:27.41Z</time>
		</trkpt>
		<trkpt lat="34.874425" lon="128.420855">
			<ele>0.00</ele>
			<time>2020-01-17T01:23:28.06Z</time>
		</trkpt>
		<trkpt lat="34.874340" lon="128.420842">
			<ele>0.00</ele>
			<time>2020-01-17T01:23:28.63Z</time>
		</trkpt>
		<trkpt lat="34.874253" lon="128.420833">
			<ele>0.00</ele>
			<time>2020-01-17T01:23:29.22Z</time>
		</trkpt>
		<trkpt lat="34.874175" lon="128.420852">
			<ele>0.00</ele>
			<time>2020-01-17T01:23:29.75Z</time>
		</trkpt>
		<trkpt lat="34.874074" lon="128.420892">
			<ele>0.00</ele>
			<time>2020-01-17T01:23:30.46Z</time>
		</trkpt>
		<trkpt lat="34.873979" lon="128.420920">
			<ele>0.00</ele>
			<time>2020-01-17T01:23:31.11Z</time>
		</trkpt>
		<trkpt lat="34.873901" lon="128.420943">
			<ele>0.00</ele>
			<time>2020-01-17T01:23:31.64Z</time>
		</trkpt>
		<trkpt lat="34.873802" lon="128.420975">
			<ele>0.00</ele>
			<time>2020-01-17T01:23:32.32Z</time>
		</trkpt>
		<trkpt lat="34.873705" lon="128.420997">
			<ele>0.00</ele>
			<time>2020-01-17T01:23:32.98Z</time>
		</trkpt>
		<trkpt lat="34.873629" lon="128.421012">
			<ele>0.00</ele>
			<time>2020-01-17T01:23:33.50Z</time>
		</trkpt>
		<trkpt lat="34.873557" lon="128.421032">
			<ele>0.00</ele>
			<time>2020-01-17T01:23:33.99Z</time>
		</trkpt>
		<extensions>
			<gte:name>#129</gte:name>
			<gte:color>#0ba40b</gte:color>
		</extensions>
	</trkseg>
</trk>
</gpx>