<?xml version="1.0" encoding="UTF-8"?>
<gpx version="1.1" creator="GPS Track Editor" xmlns="http://www.topografix.com/GPX/1/1" xmlns:xsi="http://www.w3.org/2001/XMLSchema-instance" xmlns:gte="http://www.gpstrackeditor.com/xmlschemas/General/1" xmlns:gpxtpx="http://www.garmin.com/xmlschemas/TrackPointExtension/v1" xmlns:gpxx="http://www.garmin.com/xmlschemas/GpxExtensions/v3" targetNamespace="http://www.topografix.com/GPX/1/1" elementFormDefault="qualified" xsi:schemaLocation="http://www.topografix.com/GPX/1/1 http://www.topografix.com/GPX/1/1/gpx.xsd">
<metadata>
	<name>GPS_2020-01-20_023105</name>
</metadata>
<trk>
	<name>079-장흥군 용산면 덕암리 원등마을회관 앞~장흥군 회진면 회전리 회진시외버스터미널</name>
	<trkseg>
		<trkpt lat="34.631959" lon="126.952706">
			<ele>0.00</ele>
			<time>2020-01-20T02:31:05.06Z</time>
		</trkpt>
		<trkpt lat="34.631941" lon="126.952360">
			<ele>0.00</ele>
			<time>2020-01-20T02:31:06.96Z</time>
		</trkpt>
		<trkpt lat="34.631897" lon="126.952219">
			<ele>0.00</ele>
			<time>2020-01-20T02:31:07.79Z</time>
		</trkpt>
		<trkpt lat="34.631849" lon="126.952085">
			<ele>0.00</ele>
			<time>2020-01-20T02:31:08.59Z</time>
		</trkpt>
		<trkpt lat="34.631849" lon="126.952085">
			<ele>0.00</ele>
			<time>2020-01-20T02:31:08.65Z</time>
		</trkpt>
		<trkpt lat="34.631762" lon="126.951964">
			<ele>0.00</ele>
			<time>2020-01-20T02:31:09.53Z</time>
		</trkpt>
		<trkpt lat="34.631547" lon="126.951797">
			<ele>0.00</ele>
			<time>2020-01-20T02:31:11.23Z</time>
		</trkpt>
		<trkpt lat="34.630990" lon="126.951481">
			<ele>0.00</ele>
			<time>2020-01-20T02:31:15.33Z</time>
		</trkpt>
		<trkpt lat="34.630751" lon="126.951360">
			<ele>0.00</ele>
			<time>2020-01-20T02:31:17.05Z</time>
		</trkpt>
		<trkpt lat="34.630599" lon="126.951307">
			<ele>0.00</ele>
			<time>2020-01-20T02:31:18.11Z</time>
		</trkpt>
		<trkpt lat="34.630492" lon="126.951295">
			<ele>0.00</ele>
			<time>2020-01-20T02:31:18.82Z</time>
		</trkpt>
		<trkpt lat="34.630350" lon="126.951283">
			<ele>0.00</ele>
			<time>2020-01-20T02:31:19.77Z</time>
		</trkpt>
		<trkpt lat="34.630176" lon="126.951337">
			<ele>0.00</ele>
			<time>2020-01-20T02:31:20.97Z</time>
		</trkpt>
		<trkpt lat="34.630066" lon="126.951386">
			<ele>0.00</ele>
			<time>2020-01-20T02:31:21.75Z</time>
		</trkpt>
		<trkpt lat="34.629962" lon="126.951461">
			<ele>0.00</ele>
			<time>2020-01-20T02:31:22.56Z</time>
		</trkpt>
		<trkpt lat="34.629946" lon="126.951457">
			<ele>0.00</ele>
			<time>2020-01-20T02:31:22.67Z</time>
		</trkpt>
		<trkpt lat="34.629384" lon="126.951763">
			<ele>0.00</ele>
			<time>2020-01-20T02:31:26.77Z</time>
		</trkpt>
		<trkpt lat="34.629363" lon="126.951820">
			<ele>0.00</ele>
			<time>2020-01-20T02:31:27.12Z</time>
		</trkpt>
		<trkpt lat="34.629436" lon="126.952032">
			<ele>0.00</ele>
			<time>2020-01-20T02:31:28.38Z</time>
		</trkpt>
		<trkpt lat="34.629537" lon="126.952241">
			<ele>0.00</ele>
			<time>2020-01-20T02:31:29.71Z</time>
		</trkpt>
		<trkpt lat="34.629877" lon="126.953081">
			<ele>0.00</ele>
			<time>2020-01-20T02:31:34.84Z</time>
		</trkpt>
		<trkpt lat="34.630060" lon="126.953528">
			<ele>0.00</ele>
			<time>2020-01-20T02:31:37.58Z</time>
		</trkpt>
		<trkpt lat="34.630010" lon="126.953573">
			<ele>0.00</ele>
			<time>2020-01-20T02:31:38Z</time>
		</trkpt>
		<trkpt lat="34.629597" lon="126.953958">
			<ele>0.00</ele>
			<time>2020-01-20T02:31:41.47Z</time>
		</trkpt>
		<trkpt lat="34.628859" lon="126.954709">
			<ele>0.00</ele>
			<time>2020-01-20T02:31:47.89Z</time>
		</trkpt>
		<trkpt lat="34.628150" lon="126.955437">
			<ele>0.00</ele>
			<time>2020-01-20T02:31:54.07Z</time>
		</trkpt>
		<trkpt lat="34.627973" lon="126.955618">
			<ele>0.00</ele>
			<time>2020-01-20T02:31:55.62Z</time>
		</trkpt>
		<trkpt lat="34.627882" lon="126.955707">
			<ele>0.00</ele>
			<time>2020-01-20T02:31:56.40Z</time>
		</trkpt>
		<trkpt lat="34.627857" lon="126.955752">
			<ele>0.00</ele>
			<time>2020-01-20T02:31:56.69Z</time>
		</trkpt>
		<trkpt lat="34.627849" lon="126.955816">
			<ele>0.00</ele>
			<time>2020-01-20T02:31:57.05Z</time>
		</trkpt>
		<trkpt lat="34.627859" lon="126.955877">
			<ele>0.00</ele>
			<time>2020-01-20T02:31:57.39Z</time>
		</trkpt>
		<trkpt lat="34.627873" lon="126.955937">
			<ele>0.00</ele>
			<time>2020-01-20T02:31:57.73Z</time>
		</trkpt>
		<trkpt lat="34.627885" lon="126.956005">
			<ele>0.00</ele>
			<time>2020-01-20T02:31:58.11Z</time>
		</trkpt>
		<trkpt lat="34.627872" lon="126.956152">
			<ele>0.00</ele>
			<time>2020-01-20T02:31:58.93Z</time>
		</trkpt>
		<trkpt lat="34.627872" lon="126.956261">
			<ele>0.00</ele>
			<time>2020-01-20T02:31:59.52Z</time>
		</trkpt>
		<trkpt lat="34.627867" lon="126.956412">
			<ele>0.00</ele>
			<time>2020-01-20T02:32:00.35Z</time>
		</trkpt>
		<trkpt lat="34.627867" lon="126.956480">
			<ele>0.00</ele>
			<time>2020-01-20T02:32:00.72Z</time>
		</trkpt>
		<trkpt lat="34.627857" lon="126.956533">
			<ele>0.00</ele>
			<time>2020-01-20T02:32:01.02Z</time>
		</trkpt>
		<trkpt lat="34.627820" lon="126.956592">
			<ele>0.00</ele>
			<time>2020-01-20T02:32:01.43Z</time>
		</trkpt>
		<trkpt lat="34.627768" lon="126.956602">
			<ele>0.00</ele>
			<time>2020-01-20T02:32:01.78Z</time>
		</trkpt>
		<trkpt lat="34.627720" lon="126.956630">
			<ele>0.00</ele>
			<time>2020-01-20T02:32:02.14Z</time>
		</trkpt>
		<trkpt lat="34.627429" lon="126.956786">
			<ele>0.00</ele>
			<time>2020-01-20T02:32:04.25Z</time>
		</trkpt>
		<trkpt lat="34.627245" lon="126.956886">
			<ele>0.00</ele>
			<time>2020-01-20T02:32:05.60Z</time>
		</trkpt>
		<trkpt lat="34.627196" lon="126.956905">
			<ele>0.00</ele>
			<time>2020-01-20T02:32:05.94Z</time>
		</trkpt>
		<trkpt lat="34.627132" lon="126.956913">
			<ele>0.00</ele>
			<time>2020-01-20T02:32:06.37Z</time>
		</trkpt>
		<trkpt lat="34.627021" lon="126.956921">
			<ele>0.00</ele>
			<time>2020-01-20T02:32:07.11Z</time>
		</trkpt>
		<trkpt lat="34.626734" lon="126.956910">
			<ele>0.00</ele>
			<time>2020-01-20T02:32:09.03Z</time>
		</trkpt>
		<trkpt lat="34.626659" lon="126.956953">
			<ele>0.00</ele>
			<time>2020-01-20T02:32:09.58Z</time>
		</trkpt>
		<trkpt lat="34.626540" lon="126.957063">
			<ele>0.00</ele>
			<time>2020-01-20T02:32:10.58Z</time>
		</trkpt>
		<trkpt lat="34.625900" lon="126.957706">
			<ele>0.00</ele>
			<time>2020-01-20T02:32:16.12Z</time>
		</trkpt>
		<trkpt lat="34.625169" lon="126.958444">
			<ele>0.00</ele>
			<time>2020-01-20T02:32:22.45Z</time>
		</trkpt>
		<trkpt lat="34.624825" lon="126.958785">
			<ele>0.00</ele>
			<time>2020-01-20T02:32:25.41Z</time>
		</trkpt>
		<trkpt lat="34.624499" lon="126.959116">
			<ele>0.00</ele>
			<time>2020-01-20T02:32:28.24Z</time>
		</trkpt>
		<trkpt lat="34.624316" lon="126.959299">
			<ele>0.00</ele>
			<time>2020-01-20T02:32:29.82Z</time>
		</trkpt>
		<trkpt lat="34.623906" lon="126.959711">
			<ele>0.00</ele>
			<time>2020-01-20T02:32:33.37Z</time>
		</trkpt>
		<trkpt lat="34.623686" lon="126.959936">
			<ele>0.00</ele>
			<time>2020-01-20T02:32:35.28Z</time>
		</trkpt>
		<trkpt lat="34.623352" lon="126.959454">
			<ele>0.00</ele>
			<time>2020-01-20T02:32:38.74Z</time>
		</trkpt>
		<trkpt lat="34.623349" lon="126.959455">
			<ele>0.00</ele>
			<time>2020-01-20T02:32:38.80Z</time>
		</trkpt>
		<trkpt lat="34.623046" lon="126.959856">
			<ele>0.00</ele>
			<time>2020-01-20T02:32:41.79Z</time>
		</trkpt>
		<trkpt lat="34.622758" lon="126.960240">
			<ele>0.00</ele>
			<time>2020-01-20T02:32:44.64Z</time>
		</trkpt>
		<trkpt lat="34.622300" lon="126.960843">
			<ele>0.00</ele>
			<time>2020-01-20T02:32:49.14Z</time>
		</trkpt>
		<trkpt lat="34.621934" lon="126.961349">
			<ele>0.00</ele>
			<time>2020-01-20T02:32:52.84Z</time>
		</trkpt>
		<trkpt lat="34.621633" lon="126.961751">
			<ele>0.00</ele>
			<time>2020-01-20T02:32:55.82Z</time>
		</trkpt>
		<trkpt lat="34.621213" lon="126.962314">
			<ele>0.00</ele>
			<time>2020-01-20T02:32:59.99Z</time>
		</trkpt>
		<trkpt lat="34.620568" lon="126.963173">
			<ele>0.00</ele>
			<time>2020-01-20T02:33:06.37Z</time>
		</trkpt>
		<trkpt lat="34.620062" lon="126.963868">
			<ele>0.00</ele>
			<time>2020-01-20T02:33:11.46Z</time>
		</trkpt>
		<trkpt lat="34.619868" lon="126.964153">
			<ele>0.00</ele>
			<time>2020-01-20T02:33:13.49Z</time>
		</trkpt>
		<trkpt lat="34.619627" lon="126.964518">
			<ele>0.00</ele>
			<time>2020-01-20T02:33:16.06Z</time>
		</trkpt>
		<trkpt lat="34.619495" lon="126.964832">
			<ele>0.00</ele>
			<time>2020-01-20T02:33:17.99Z</time>
		</trkpt>
		<trkpt lat="34.619442" lon="126.964998">
			<ele>0.00</ele>
			<time>2020-01-20T02:33:18.97Z</time>
		</trkpt>
		<trkpt lat="34.619375" lon="126.965253">
			<ele>0.00</ele>
			<time>2020-01-20T02:33:20.43Z</time>
		</trkpt>
		<trkpt lat="34.619351" lon="126.965495">
			<ele>0.00</ele>
			<time>2020-01-20T02:33:21.77Z</time>
		</trkpt>
		<trkpt lat="34.619328" lon="126.965821">
			<ele>0.00</ele>
			<time>2020-01-20T02:33:23.57Z</time>
		</trkpt>
		<trkpt lat="34.619341" lon="126.966161">
			<ele>0.00</ele>
			<time>2020-01-20T02:33:25.44Z</time>
		</trkpt>
		<trkpt lat="34.619381" lon="126.966385">
			<ele>0.00</ele>
			<time>2020-01-20T02:33:26.69Z</time>
		</trkpt>
		<trkpt lat="34.619488" lon="126.966934">
			<ele>0.00</ele>
			<time>2020-01-20T02:33:29.79Z</time>
		</trkpt>
		<trkpt lat="34.619578" lon="126.967299">
			<ele>0.00</ele>
			<time>2020-01-20T02:33:31.88Z</time>
		</trkpt>
		<trkpt lat="34.619642" lon="126.967581">
			<ele>0.00</ele>
			<time>2020-01-20T02:33:33.48Z</time>
		</trkpt>
		<trkpt lat="34.619693" lon="126.967955">
			<ele>0.00</ele>
			<time>2020-01-20T02:33:35.56Z</time>
		</trkpt>
		<trkpt lat="34.619743" lon="126.968379">
			<ele>0.00</ele>
			<time>2020-01-20T02:33:37.92Z</time>
		</trkpt>
		<trkpt lat="34.619771" lon="126.968902">
			<ele>0.00</ele>
			<time>2020-01-20T02:33:40.79Z</time>
		</trkpt>
		<trkpt lat="34.619753" lon="126.969142">
			<ele>0.00</ele>
			<time>2020-01-20T02:33:42.11Z</time>
		</trkpt>
		<trkpt lat="34.619702" lon="126.969424">
			<ele>0.00</ele>
			<time>2020-01-20T02:33:43.69Z</time>
		</trkpt>
		<trkpt lat="34.619642" lon="126.969696">
			<ele>0.00</ele>
			<time>2020-01-20T02:33:45.24Z</time>
		</trkpt>
		<trkpt lat="34.619509" lon="126.970205">
			<ele>0.00</ele>
			<time>2020-01-20T02:33:48.17Z</time>
		</trkpt>
		<trkpt lat="34.619352" lon="126.970720">
			<ele>0.00</ele>
			<time>2020-01-20T02:33:51.18Z</time>
		</trkpt>
		<trkpt lat="34.619198" lon="126.971208">
			<ele>0.00</ele>
			<time>2020-01-20T02:33:54.05Z</time>
		</trkpt>
		<trkpt lat="34.619017" lon="126.971807">
			<ele>0.00</ele>
			<time>2020-01-20T02:33:57.55Z</time>
		</trkpt>
		<trkpt lat="34.618959" lon="126.972019">
			<ele>0.00</ele>
			<time>2020-01-20T02:33:58.78Z</time>
		</trkpt>
		<trkpt lat="34.618932" lon="126.972259">
			<ele>0.00</ele>
			<time>2020-01-20T02:34:00.10Z</time>
		</trkpt>
		<trkpt lat="34.618941" lon="126.972376">
			<ele>0.00</ele>
			<time>2020-01-20T02:34:00.75Z</time>
		</trkpt>
		<trkpt lat="34.619000" lon="126.972605">
			<ele>0.00</ele>
			<time>2020-01-20T02:34:02.07Z</time>
		</trkpt>
		<trkpt lat="34.619001" lon="126.972612">
			<ele>0.00</ele>
			<time>2020-01-20T02:34:02.13Z</time>
		</trkpt>
		<trkpt lat="34.619051" lon="126.972811">
			<ele>0.00</ele>
			<time>2020-01-20T02:34:03.27Z</time>
		</trkpt>
		<trkpt lat="34.619093" lon="126.973076">
			<ele>0.00</ele>
			<time>2020-01-20T02:34:04.75Z</time>
		</trkpt>
		<trkpt lat="34.619108" lon="126.973426">
			<ele>0.00</ele>
			<time>2020-01-20T02:34:06.68Z</time>
		</trkpt>
		<trkpt lat="34.619120" lon="126.973743">
			<ele>0.00</ele>
			<time>2020-01-20T02:34:08.42Z</time>
		</trkpt>
		<trkpt lat="34.619118" lon="126.974425">
			<ele>0.00</ele>
			<time>2020-01-20T02:34:12.16Z</time>
		</trkpt>
		<trkpt lat="34.619064" lon="126.975046">
			<ele>0.00</ele>
			<time>2020-01-20T02:34:15.58Z</time>
		</trkpt>
		<trkpt lat="34.618983" lon="126.975715">
			<ele>0.00</ele>
			<time>2020-01-20T02:34:19.29Z</time>
		</trkpt>
		<trkpt lat="34.618909" lon="126.976252">
			<ele>0.00</ele>
			<time>2020-01-20T02:34:22.28Z</time>
		</trkpt>
		<trkpt lat="34.618788" lon="126.977181">
			<ele>0.00</ele>
			<time>2020-01-20T02:34:27.44Z</time>
		</trkpt>
		<trkpt lat="34.618754" lon="126.977457">
			<ele>0.00</ele>
			<time>2020-01-20T02:34:28.97Z</time>
		</trkpt>
		<trkpt lat="34.618748" lon="126.977717">
			<ele>0.00</ele>
			<time>2020-01-20T02:34:30.40Z</time>
		</trkpt>
		<trkpt lat="34.618781" lon="126.978194">
			<ele>0.00</ele>
			<time>2020-01-20T02:34:33.03Z</time>
		</trkpt>
		<trkpt lat="34.618845" lon="126.978463">
			<ele>0.00</ele>
			<time>2020-01-20T02:34:34.56Z</time>
		</trkpt>
		<trkpt lat="34.618905" lon="126.978658">
			<ele>0.00</ele>
			<time>2020-01-20T02:34:35.70Z</time>
		</trkpt>
		<trkpt lat="34.619067" lon="126.979085">
			<ele>0.00</ele>
			<time>2020-01-20T02:34:38.28Z</time>
		</trkpt>
		<trkpt lat="34.619175" lon="126.979431">
			<ele>0.00</ele>
			<time>2020-01-20T02:34:40.31Z</time>
		</trkpt>
		<trkpt lat="34.619235" lon="126.979616">
			<ele>0.00</ele>
			<time>2020-01-20T02:34:41.40Z</time>
		</trkpt>
		<trkpt lat="34.619282" lon="126.979858">
			<ele>0.00</ele>
			<time>2020-01-20T02:34:42.77Z</time>
		</trkpt>
		<trkpt lat="34.619302" lon="126.980107">
			<ele>0.00</ele>
			<time>2020-01-20T02:34:44.14Z</time>
		</trkpt>
		<trkpt lat="34.619303" lon="126.980326">
			<ele>0.00</ele>
			<time>2020-01-20T02:34:45.34Z</time>
		</trkpt>
		<trkpt lat="34.619273" lon="126.980491">
			<ele>0.00</ele>
			<time>2020-01-20T02:34:46.27Z</time>
		</trkpt>
		<trkpt lat="34.619179" lon="126.980775">
			<ele>0.00</ele>
			<time>2020-01-20T02:34:47.95Z</time>
		</trkpt>
		<trkpt lat="34.619084" lon="126.980966">
			<ele>0.00</ele>
			<time>2020-01-20T02:34:49.17Z</time>
		</trkpt>
		<trkpt lat="34.618978" lon="126.981166">
			<ele>0.00</ele>
			<time>2020-01-20T02:34:50.48Z</time>
		</trkpt>
		<trkpt lat="34.618765" lon="126.981462">
			<ele>0.00</ele>
			<time>2020-01-20T02:34:52.63Z</time>
		</trkpt>
		<trkpt lat="34.618579" lon="126.981734">
			<ele>0.00</ele>
			<time>2020-01-20T02:34:54.57Z</time>
		</trkpt>
		<trkpt lat="34.618374" lon="126.982032">
			<ele>0.00</ele>
			<time>2020-01-20T02:34:56.71Z</time>
		</trkpt>
		<trkpt lat="34.618249" lon="126.982202">
			<ele>0.00</ele>
			<time>2020-01-20T02:34:57.96Z</time>
		</trkpt>
		<trkpt lat="34.618167" lon="126.982371">
			<ele>0.00</ele>
			<time>2020-01-20T02:34:59.03Z</time>
		</trkpt>
		<trkpt lat="34.618104" lon="126.982505">
			<ele>0.00</ele>
			<time>2020-01-20T02:34:59.88Z</time>
		</trkpt>
		<trkpt lat="34.617935" lon="126.982912">
			<ele>0.00</ele>
			<time>2020-01-20T02:35:02.38Z</time>
		</trkpt>
		<trkpt lat="34.617878" lon="126.983081">
			<ele>0.00</ele>
			<time>2020-01-20T02:35:03.38Z</time>
		</trkpt>
		<trkpt lat="34.617831" lon="126.983241">
			<ele>0.00</ele>
			<time>2020-01-20T02:35:04.31Z</time>
		</trkpt>
		<trkpt lat="34.617795" lon="126.983396">
			<ele>0.00</ele>
			<time>2020-01-20T02:35:05.20Z</time>
		</trkpt>
		<trkpt lat="34.617719" lon="126.983647">
			<ele>0.00</ele>
			<time>2020-01-20T02:35:06.67Z</time>
		</trkpt>
		<trkpt lat="34.617647" lon="126.983862">
			<ele>0.00</ele>
			<time>2020-01-20T02:35:07.94Z</time>
		</trkpt>
		<trkpt lat="34.617592" lon="126.983986">
			<ele>0.00</ele>
			<time>2020-01-20T02:35:08.71Z</time>
		</trkpt>
		<trkpt lat="34.617473" lon="126.984247">
			<ele>0.00</ele>
			<time>2020-01-20T02:35:10.35Z</time>
		</trkpt>
		<trkpt lat="34.617359" lon="126.984446">
			<ele>0.00</ele>
			<time>2020-01-20T02:35:11.68Z</time>
		</trkpt>
		<trkpt lat="34.617221" lon="126.984614">
			<ele>0.00</ele>
			<time>2020-01-20T02:35:12.99Z</time>
		</trkpt>
		<trkpt lat="34.617100" lon="126.984731">
			<ele>0.00</ele>
			<time>2020-01-20T02:35:14.01Z</time>
		</trkpt>
		<trkpt lat="34.616868" lon="126.984971">
			<ele>0.00</ele>
			<time>2020-01-20T02:35:16.04Z</time>
		</trkpt>
		<trkpt lat="34.616479" lon="126.985391">
			<ele>0.00</ele>
			<time>2020-01-20T02:35:19.51Z</time>
		</trkpt>
		<trkpt lat="34.616422" lon="126.985377">
			<ele>0.00</ele>
			<time>2020-01-20T02:35:19.90Z</time>
		</trkpt>
		<trkpt lat="34.616421" lon="126.985372">
			<ele>0.00</ele>
			<time>2020-01-20T02:35:19.96Z</time>
		</trkpt>
		<trkpt lat="34.616330" lon="126.985347">
			<ele>0.00</ele>
			<time>2020-01-20T02:35:20.58Z</time>
		</trkpt>
		<trkpt lat="34.616246" lon="126.985334">
			<ele>0.00</ele>
			<time>2020-01-20T02:35:21.14Z</time>
		</trkpt>
		<trkpt lat="34.616169" lon="126.985330">
			<ele>0.00</ele>
			<time>2020-01-20T02:35:21.65Z</time>
		</trkpt>
		<trkpt lat="34.616073" lon="126.985338">
			<ele>0.00</ele>
			<time>2020-01-20T02:35:22.30Z</time>
		</trkpt>
		<trkpt lat="34.616016" lon="126.985330">
			<ele>0.00</ele>
			<time>2020-01-20T02:35:22.68Z</time>
		</trkpt>
		<trkpt lat="34.615928" lon="126.985289">
			<ele>0.00</ele>
			<time>2020-01-20T02:35:23.31Z</time>
		</trkpt>
		<trkpt lat="34.615860" lon="126.985229">
			<ele>0.00</ele>
			<time>2020-01-20T02:35:23.87Z</time>
		</trkpt>
		<trkpt lat="34.615823" lon="126.985171">
			<ele>0.00</ele>
			<time>2020-01-20T02:35:24.27Z</time>
		</trkpt>
		<trkpt lat="34.615805" lon="126.985128">
			<ele>0.00</ele>
			<time>2020-01-20T02:35:24.54Z</time>
		</trkpt>
		<trkpt lat="34.615806" lon="126.985080">
			<ele>0.00</ele>
			<time>2020-01-20T02:35:24.80Z</time>
		</trkpt>
		<trkpt lat="34.615808" lon="126.985076">
			<ele>0.00</ele>
			<time>2020-01-20T02:35:24.86Z</time>
		</trkpt>
		<trkpt lat="34.615825" lon="126.985006">
			<ele>0.00</ele>
			<time>2020-01-20T02:35:25.26Z</time>
		</trkpt>
		<trkpt lat="34.615847" lon="126.984916">
			<ele>0.00</ele>
			<time>2020-01-20T02:35:25.78Z</time>
		</trkpt>
		<trkpt lat="34.615852" lon="126.984857">
			<ele>0.00</ele>
			<time>2020-01-20T02:35:26.10Z</time>
		</trkpt>
		<trkpt lat="34.615848" lon="126.984848">
			<ele>0.00</ele>
			<time>2020-01-20T02:35:26.16Z</time>
		</trkpt>
		<trkpt lat="34.615793" lon="126.984859">
			<ele>0.00</ele>
			<time>2020-01-20T02:35:26.54Z</time>
		</trkpt>
		<trkpt lat="34.615744" lon="126.984876">
			<ele>0.00</ele>
			<time>2020-01-20T02:35:26.88Z</time>
		</trkpt>
		<trkpt lat="34.615644" lon="126.984941">
			<ele>0.00</ele>
			<time>2020-01-20T02:35:27.63Z</time>
		</trkpt>
		<trkpt lat="34.615534" lon="126.985044">
			<ele>0.00</ele>
			<time>2020-01-20T02:35:28.56Z</time>
		</trkpt>
		<trkpt lat="34.615432" lon="126.985138">
			<ele>0.00</ele>
			<time>2020-01-20T02:35:29.41Z</time>
		</trkpt>
		<trkpt lat="34.615340" lon="126.985206">
			<ele>0.00</ele>
			<time>2020-01-20T02:35:30.13Z</time>
		</trkpt>
		<trkpt lat="34.615273" lon="126.985247">
			<ele>0.00</ele>
			<time>2020-01-20T02:35:30.63Z</time>
		</trkpt>
		<trkpt lat="34.615179" lon="126.985280">
			<ele>0.00</ele>
			<time>2020-01-20T02:35:31.28Z</time>
		</trkpt>
		<trkpt lat="34.614929" lon="126.985328">
			<ele>0.00</ele>
			<time>2020-01-20T02:35:32.97Z</time>
		</trkpt>
		<trkpt lat="34.614839" lon="126.985339">
			<ele>0.00</ele>
			<time>2020-01-20T02:35:33.57Z</time>
		</trkpt>
		<trkpt lat="34.614663" lon="126.985378">
			<ele>0.00</ele>
			<time>2020-01-20T02:35:34.76Z</time>
		</trkpt>
		<trkpt lat="34.614496" lon="126.985451">
			<ele>0.00</ele>
			<time>2020-01-20T02:35:35.95Z</time>
		</trkpt>
		<trkpt lat="34.614457" lon="126.985476">
			<ele>0.00</ele>
			<time>2020-01-20T02:35:36.24Z</time>
		</trkpt>
		<trkpt lat="34.614453" lon="126.985506">
			<ele>0.00</ele>
			<time>2020-01-20T02:35:36.41Z</time>
		</trkpt>
		<trkpt lat="34.614449" lon="126.985564">
			<ele>0.00</ele>
			<time>2020-01-20T02:35:36.73Z</time>
		</trkpt>
		<trkpt lat="34.614423" lon="126.985615">
			<ele>0.00</ele>
			<time>2020-01-20T02:35:37.06Z</time>
		</trkpt>
		<trkpt lat="34.614366" lon="126.985667">
			<ele>0.00</ele>
			<time>2020-01-20T02:35:37.53Z</time>
		</trkpt>
		<trkpt lat="34.614239" lon="126.985743">
			<ele>0.00</ele>
			<time>2020-01-20T02:35:38.47Z</time>
		</trkpt>
		<trkpt lat="34.614129" lon="126.985745">
			<ele>0.00</ele>
			<time>2020-01-20T02:35:39.21Z</time>
		</trkpt>
		<trkpt lat="34.614073" lon="126.985748">
			<ele>0.00</ele>
			<time>2020-01-20T02:35:39.58Z</time>
		</trkpt>
		<trkpt lat="34.613998" lon="126.985754">
			<ele>0.00</ele>
			<time>2020-01-20T02:35:40.09Z</time>
		</trkpt>
		<trkpt lat="34.613993" lon="126.985754">
			<ele>0.00</ele>
			<time>2020-01-20T02:35:40.15Z</time>
		</trkpt>
		<trkpt lat="34.613907" lon="126.985776">
			<ele>0.00</ele>
			<time>2020-01-20T02:35:40.73Z</time>
		</trkpt>
		<trkpt lat="34.613839" lon="126.985830">
			<ele>0.00</ele>
			<time>2020-01-20T02:35:41.27Z</time>
		</trkpt>
		<trkpt lat="34.613834" lon="126.985834">
			<ele>0.00</ele>
			<time>2020-01-20T02:35:41.33Z</time>
		</trkpt>
		<trkpt lat="34.613760" lon="126.985879">
			<ele>0.00</ele>
			<time>2020-01-20T02:35:41.89Z</time>
		</trkpt>
		<trkpt lat="34.613684" lon="126.985919">
			<ele>0.00</ele>
			<time>2020-01-20T02:35:42.44Z</time>
		</trkpt>
		<trkpt lat="34.613582" lon="126.985935">
			<ele>0.00</ele>
			<time>2020-01-20T02:35:43.13Z</time>
		</trkpt>
		<trkpt lat="34.613505" lon="126.985921">
			<ele>0.00</ele>
			<time>2020-01-20T02:35:43.64Z</time>
		</trkpt>
		<trkpt lat="34.613425" lon="126.985918">
			<ele>0.00</ele>
			<time>2020-01-20T02:35:44.17Z</time>
		</trkpt>
		<trkpt lat="34.613325" lon="126.985928">
			<ele>0.00</ele>
			<time>2020-01-20T02:35:44.84Z</time>
		</trkpt>
		<trkpt lat="34.613215" lon="126.985956">
			<ele>0.00</ele>
			<time>2020-01-20T02:35:45.60Z</time>
		</trkpt>
		<trkpt lat="34.613135" lon="126.985986">
			<ele>0.00</ele>
			<time>2020-01-20T02:35:46.15Z</time>
		</trkpt>
		<trkpt lat="34.613027" lon="126.986024">
			<ele>0.00</ele>
			<time>2020-01-20T02:35:46.90Z</time>
		</trkpt>
		<trkpt lat="34.612942" lon="126.986050">
			<ele>0.00</ele>
			<time>2020-01-20T02:35:47.48Z</time>
		</trkpt>
		<trkpt lat="34.612893" lon="126.986105">
			<ele>0.00</ele>
			<time>2020-01-20T02:35:47.93Z</time>
		</trkpt>
		<trkpt lat="34.612888" lon="126.986168">
			<ele>0.00</ele>
			<time>2020-01-20T02:35:48.28Z</time>
		</trkpt>
		<trkpt lat="34.612868" lon="126.986285">
			<ele>0.00</ele>
			<time>2020-01-20T02:35:48.93Z</time>
		</trkpt>
		<trkpt lat="34.612846" lon="126.986418">
			<ele>0.00</ele>
			<time>2020-01-20T02:35:49.68Z</time>
		</trkpt>
		<trkpt lat="34.612799" lon="126.986558">
			<ele>0.00</ele>
			<time>2020-01-20T02:35:50.51Z</time>
		</trkpt>
		<trkpt lat="34.612760" lon="126.986613">
			<ele>0.00</ele>
			<time>2020-01-20T02:35:50.91Z</time>
		</trkpt>
		<trkpt lat="34.612664" lon="126.986688">
			<ele>0.00</ele>
			<time>2020-01-20T02:35:51.67Z</time>
		</trkpt>
		<trkpt lat="34.612547" lon="126.986743">
			<ele>0.00</ele>
			<time>2020-01-20T02:35:52.50Z</time>
		</trkpt>
		<trkpt lat="34.612378" lon="126.986788">
			<ele>0.00</ele>
			<time>2020-01-20T02:35:53.66Z</time>
		</trkpt>
		<trkpt lat="34.612286" lon="126.986824">
			<ele>0.00</ele>
			<time>2020-01-20T02:35:54.30Z</time>
		</trkpt>
		<trkpt lat="34.612221" lon="126.986859">
			<ele>0.00</ele>
			<time>2020-01-20T02:35:54.77Z</time>
		</trkpt>
		<trkpt lat="34.612217" lon="126.986860">
			<ele>0.00</ele>
			<time>2020-01-20T02:35:54.83Z</time>
		</trkpt>
		<trkpt lat="34.612157" lon="126.986916">
			<ele>0.00</ele>
			<time>2020-01-20T02:35:55.34Z</time>
		</trkpt>
		<trkpt lat="34.611995" lon="126.987126">
			<ele>0.00</ele>
			<time>2020-01-20T02:35:56.91Z</time>
		</trkpt>
		<trkpt lat="34.611829" lon="126.987333">
			<ele>0.00</ele>
			<time>2020-01-20T02:35:58.50Z</time>
		</trkpt>
		<trkpt lat="34.611722" lon="126.987476">
			<ele>0.00</ele>
			<time>2020-01-20T02:35:59.56Z</time>
		</trkpt>
		<trkpt lat="34.611644" lon="126.987626">
			<ele>0.00</ele>
			<time>2020-01-20T02:36:00.53Z</time>
		</trkpt>
		<trkpt lat="34.611575" lon="126.987684">
			<ele>0.00</ele>
			<time>2020-01-20T02:36:01.09Z</time>
		</trkpt>
		<trkpt lat="34.611499" lon="126.987623">
			<ele>0.00</ele>
			<time>2020-01-20T02:36:01.70Z</time>
		</trkpt>
		<trkpt lat="34.611515" lon="126.987481">
			<ele>0.00</ele>
			<time>2020-01-20T02:36:02.48Z</time>
		</trkpt>
		<trkpt lat="34.611560" lon="126.987311">
			<ele>0.00</ele>
			<time>2020-01-20T02:36:03.47Z</time>
		</trkpt>
		<trkpt lat="34.611610" lon="126.987119">
			<ele>0.00</ele>
			<time>2020-01-20T02:36:04.57Z</time>
		</trkpt>
		<trkpt lat="34.611648" lon="126.987048">
			<ele>0.00</ele>
			<time>2020-01-20T02:36:05.04Z</time>
		</trkpt>
		<trkpt lat="34.611655" lon="126.986961">
			<ele>0.00</ele>
			<time>2020-01-20T02:36:05.52Z</time>
		</trkpt>
		<trkpt lat="34.611652" lon="126.986917">
			<ele>0.00</ele>
			<time>2020-01-20T02:36:05.76Z</time>
		</trkpt>
		<trkpt lat="34.611616" lon="126.986885">
			<ele>0.00</ele>
			<time>2020-01-20T02:36:06.05Z</time>
		</trkpt>
		<trkpt lat="34.611558" lon="126.986858">
			<ele>0.00</ele>
			<time>2020-01-20T02:36:06.46Z</time>
		</trkpt>
		<trkpt lat="34.611437" lon="126.986834">
			<ele>0.00</ele>
			<time>2020-01-20T02:36:07.28Z</time>
		</trkpt>
		<trkpt lat="34.611293" lon="126.986803">
			<ele>0.00</ele>
			<time>2020-01-20T02:36:08.26Z</time>
		</trkpt>
		<trkpt lat="34.611195" lon="126.986796">
			<ele>0.00</ele>
			<time>2020-01-20T02:36:08.92Z</time>
		</trkpt>
		<trkpt lat="34.611122" lon="126.986799">
			<ele>0.00</ele>
			<time>2020-01-20T02:36:09.40Z</time>
		</trkpt>
		<trkpt lat="34.611114" lon="126.986798">
			<ele>0.00</ele>
			<time>2020-01-20T02:36:09.46Z</time>
		</trkpt>
		<trkpt lat="34.611024" lon="126.986823">
			<ele>0.00</ele>
			<time>2020-01-20T02:36:10.08Z</time>
		</trkpt>
		<trkpt lat="34.611021" lon="126.986823">
			<ele>0.00</ele>
			<time>2020-01-20T02:36:10.14Z</time>
		</trkpt>
		<trkpt lat="34.610934" lon="126.986865">
			<ele>0.00</ele>
			<time>2020-01-20T02:36:10.76Z</time>
		</trkpt>
		<trkpt lat="34.610813" lon="126.986938">
			<ele>0.00</ele>
			<time>2020-01-20T02:36:11.66Z</time>
		</trkpt>
		<trkpt lat="34.610687" lon="126.987022">
			<ele>0.00</ele>
			<time>2020-01-20T02:36:12.62Z</time>
		</trkpt>
		<trkpt lat="34.610612" lon="126.987044">
			<ele>0.00</ele>
			<time>2020-01-20T02:36:13.13Z</time>
		</trkpt>
		<trkpt lat="34.610518" lon="126.987076">
			<ele>0.00</ele>
			<time>2020-01-20T02:36:13.78Z</time>
		</trkpt>
		<trkpt lat="34.610514" lon="126.987076">
			<ele>0.00</ele>
			<time>2020-01-20T02:36:13.84Z</time>
		</trkpt>
		<trkpt lat="34.610371" lon="126.987113">
			<ele>0.00</ele>
			<time>2020-01-20T02:36:14.81Z</time>
		</trkpt>
		<trkpt lat="34.610223" lon="126.987142">
			<ele>0.00</ele>
			<time>2020-01-20T02:36:15.81Z</time>
		</trkpt>
		<trkpt lat="34.610072" lon="126.987197">
			<ele>0.00</ele>
			<time>2020-01-20T02:36:16.86Z</time>
		</trkpt>
		<trkpt lat="34.609957" lon="126.987240">
			<ele>0.00</ele>
			<time>2020-01-20T02:36:17.66Z</time>
		</trkpt>
		<trkpt lat="34.609815" lon="126.987324">
			<ele>0.00</ele>
			<time>2020-01-20T02:36:18.71Z</time>
		</trkpt>
		<trkpt lat="34.609680" lon="126.987410">
			<ele>0.00</ele>
			<time>2020-01-20T02:36:19.73Z</time>
		</trkpt>
		<trkpt lat="34.609403" lon="126.987538">
			<ele>0.00</ele>
			<time>2020-01-20T02:36:21.71Z</time>
		</trkpt>
		<trkpt lat="34.609277" lon="126.987602">
			<ele>0.00</ele>
			<time>2020-01-20T02:36:22.62Z</time>
		</trkpt>
		<trkpt lat="34.609192" lon="126.987629">
			<ele>0.00</ele>
			<time>2020-01-20T02:36:23.20Z</time>
		</trkpt>
		<trkpt lat="34.609098" lon="126.987658">
			<ele>0.00</ele>
			<time>2020-01-20T02:36:23.85Z</time>
		</trkpt>
		<trkpt lat="34.608967" lon="126.987669">
			<ele>0.00</ele>
			<time>2020-01-20T02:36:24.73Z</time>
		</trkpt>
		<trkpt lat="34.608879" lon="126.987696">
			<ele>0.00</ele>
			<time>2020-01-20T02:36:25.33Z</time>
		</trkpt>
		<trkpt lat="34.608874" lon="126.987698">
			<ele>0.00</ele>
			<time>2020-01-20T02:36:25.39Z</time>
		</trkpt>
		<trkpt lat="34.608808" lon="126.987737">
			<ele>0.00</ele>
			<time>2020-01-20T02:36:25.88Z</time>
		</trkpt>
		<trkpt lat="34.608717" lon="126.987782">
			<ele>0.00</ele>
			<time>2020-01-20T02:36:26.53Z</time>
		</trkpt>
		<trkpt lat="34.608712" lon="126.987784">
			<ele>0.00</ele>
			<time>2020-01-20T02:36:26.59Z</time>
		</trkpt>
		<trkpt lat="34.608647" lon="126.987820">
			<ele>0.00</ele>
			<time>2020-01-20T02:36:27.07Z</time>
		</trkpt>
		<trkpt lat="34.608580" lon="126.987823">
			<ele>0.00</ele>
			<time>2020-01-20T02:36:27.51Z</time>
		</trkpt>
		<trkpt lat="34.608520" lon="126.987781">
			<ele>0.00</ele>
			<time>2020-01-20T02:36:27.98Z</time>
		</trkpt>
		<trkpt lat="34.608472" lon="126.987759">
			<ele>0.00</ele>
			<time>2020-01-20T02:36:28.32Z</time>
		</trkpt>
		<trkpt lat="34.608411" lon="126.987748">
			<ele>0.00</ele>
			<time>2020-01-20T02:36:28.73Z</time>
		</trkpt>
		<trkpt lat="34.608322" lon="126.987763">
			<ele>0.00</ele>
			<time>2020-01-20T02:36:29.33Z</time>
		</trkpt>
		<trkpt lat="34.608192" lon="126.987771">
			<ele>0.00</ele>
			<time>2020-01-20T02:36:30.20Z</time>
		</trkpt>
		<trkpt lat="34.607941" lon="126.987803">
			<ele>0.00</ele>
			<time>2020-01-20T02:36:31.88Z</time>
		</trkpt>
		<trkpt lat="34.607807" lon="126.987817">
			<ele>0.00</ele>
			<time>2020-01-20T02:36:32.78Z</time>
		</trkpt>
		<trkpt lat="34.607735" lon="126.987840">
			<ele>0.00</ele>
			<time>2020-01-20T02:36:33.27Z</time>
		</trkpt>
		<trkpt lat="34.607672" lon="126.987859">
			<ele>0.00</ele>
			<time>2020-01-20T02:36:33.71Z</time>
		</trkpt>
		<trkpt lat="34.607582" lon="126.987880">
			<ele>0.00</ele>
			<time>2020-01-20T02:36:34.31Z</time>
		</trkpt>
		<trkpt lat="34.607508" lon="126.987904">
			<ele>0.00</ele>
			<time>2020-01-20T02:36:34.83Z</time>
		</trkpt>
		<trkpt lat="34.607444" lon="126.987905">
			<ele>0.00</ele>
			<time>2020-01-20T02:36:35.25Z</time>
		</trkpt>
		<trkpt lat="34.607310" lon="126.987946">
			<ele>0.00</ele>
			<time>2020-01-20T02:36:36.18Z</time>
		</trkpt>
		<trkpt lat="34.607209" lon="126.987985">
			<ele>0.00</ele>
			<time>2020-01-20T02:36:36.88Z</time>
		</trkpt>
		<trkpt lat="34.607139" lon="126.988025">
			<ele>0.00</ele>
			<time>2020-01-20T02:36:37.40Z</time>
		</trkpt>
		<trkpt lat="34.607044" lon="126.988083">
			<ele>0.00</ele>
			<time>2020-01-20T02:36:38.11Z</time>
		</trkpt>
		<trkpt lat="34.606825" lon="126.988200">
			<ele>0.00</ele>
			<time>2020-01-20T02:36:39.70Z</time>
		</trkpt>
		<trkpt lat="34.606720" lon="126.988280">
			<ele>0.00</ele>
			<time>2020-01-20T02:36:40.53Z</time>
		</trkpt>
		<trkpt lat="34.606561" lon="126.988379">
			<ele>0.00</ele>
			<time>2020-01-20T02:36:41.72Z</time>
		</trkpt>
		<trkpt lat="34.606356" lon="126.988504">
			<ele>0.00</ele>
			<time>2020-01-20T02:36:43.25Z</time>
		</trkpt>
		<trkpt lat="34.606207" lon="126.988567">
			<ele>0.00</ele>
			<time>2020-01-20T02:36:44.30Z</time>
		</trkpt>
		<trkpt lat="34.606116" lon="126.988575">
			<ele>0.00</ele>
			<time>2020-01-20T02:36:44.91Z</time>
		</trkpt>
		<trkpt lat="34.606022" lon="126.988592">
			<ele>0.00</ele>
			<time>2020-01-20T02:36:45.54Z</time>
		</trkpt>
		<trkpt lat="34.605939" lon="126.988620">
			<ele>0.00</ele>
			<time>2020-01-20T02:36:46.11Z</time>
		</trkpt>
		<trkpt lat="34.605866" lon="126.988656">
			<ele>0.00</ele>
			<time>2020-01-20T02:36:46.64Z</time>
		</trkpt>
		<trkpt lat="34.605759" lon="126.988729">
			<ele>0.00</ele>
			<time>2020-01-20T02:36:47.46Z</time>
		</trkpt>
		<trkpt lat="34.605725" lon="126.988761">
			<ele>0.00</ele>
			<time>2020-01-20T02:36:47.75Z</time>
		</trkpt>
		<trkpt lat="34.605687" lon="126.988819">
			<ele>0.00</ele>
			<time>2020-01-20T02:36:48.15Z</time>
		</trkpt>
		<trkpt lat="34.605604" lon="126.988870">
			<ele>0.00</ele>
			<time>2020-01-20T02:36:48.77Z</time>
		</trkpt>
		<trkpt lat="34.605409" lon="126.988919">
			<ele>0.00</ele>
			<time>2020-01-20T02:36:50.10Z</time>
		</trkpt>
		<trkpt lat="34.605313" lon="126.988944">
			<ele>0.00</ele>
			<time>2020-01-20T02:36:50.75Z</time>
		</trkpt>
		<trkpt lat="34.605214" lon="126.989017">
			<ele>0.00</ele>
			<time>2020-01-20T02:36:51.52Z</time>
		</trkpt>
		<trkpt lat="34.605075" lon="126.989101">
			<ele>0.00</ele>
			<time>2020-01-20T02:36:52.56Z</time>
		</trkpt>
		<trkpt lat="34.604718" lon="126.989298">
			<ele>0.00</ele>
			<time>2020-01-20T02:36:55.18Z</time>
		</trkpt>
		<trkpt lat="34.604596" lon="126.989360">
			<ele>0.00</ele>
			<time>2020-01-20T02:36:56.06Z</time>
		</trkpt>
		<trkpt lat="34.604520" lon="126.989426">
			<ele>0.00</ele>
			<time>2020-01-20T02:36:56.68Z</time>
		</trkpt>
		<trkpt lat="34.604459" lon="126.989553">
			<ele>0.00</ele>
			<time>2020-01-20T02:36:57.49Z</time>
		</trkpt>
		<trkpt lat="34.604413" lon="126.989653">
			<ele>0.00</ele>
			<time>2020-01-20T02:36:58.12Z</time>
		</trkpt>
		<trkpt lat="34.604305" lon="126.989831">
			<ele>0.00</ele>
			<time>2020-01-20T02:36:59.33Z</time>
		</trkpt>
		<trkpt lat="34.604267" lon="126.989956">
			<ele>0.00</ele>
			<time>2020-01-20T02:37:00.06Z</time>
		</trkpt>
		<trkpt lat="34.604226" lon="126.990099">
			<ele>0.00</ele>
			<time>2020-01-20T02:37:00.89Z</time>
		</trkpt>
		<trkpt lat="34.604158" lon="126.990214">
			<ele>0.00</ele>
			<time>2020-01-20T02:37:01.67Z</time>
		</trkpt>
		<trkpt lat="34.604066" lon="126.990347">
			<ele>0.00</ele>
			<time>2020-01-20T02:37:02.62Z</time>
		</trkpt>
		<trkpt lat="34.603977" lon="126.990459">
			<ele>0.00</ele>
			<time>2020-01-20T02:37:03.48Z</time>
		</trkpt>
		<trkpt lat="34.603966" lon="126.990541">
			<ele>0.00</ele>
			<time>2020-01-20T02:37:03.93Z</time>
		</trkpt>
		<trkpt lat="34.603948" lon="126.990621">
			<ele>0.00</ele>
			<time>2020-01-20T02:37:04.39Z</time>
		</trkpt>
		<trkpt lat="34.603435" lon="126.990671">
			<ele>0.00</ele>
			<time>2020-01-20T02:37:07.82Z</time>
		</trkpt>
		<trkpt lat="34.602631" lon="126.990752">
			<ele>0.00</ele>
			<time>2020-01-20T02:37:13.20Z</time>
		</trkpt>
		<trkpt lat="34.602394" lon="126.990773">
			<ele>0.00</ele>
			<time>2020-01-20T02:37:14.78Z</time>
		</trkpt>
		<trkpt lat="34.601661" lon="126.990851">
			<ele>0.00</ele>
			<time>2020-01-20T02:37:19.69Z</time>
		</trkpt>
		<trkpt lat="34.601581" lon="126.990865">
			<ele>0.00</ele>
			<time>2020-01-20T02:37:20.23Z</time>
		</trkpt>
		<trkpt lat="34.601539" lon="126.990889">
			<ele>0.00</ele>
			<time>2020-01-20T02:37:20.54Z</time>
		</trkpt>
		<trkpt lat="34.601483" lon="126.990993">
			<ele>0.00</ele>
			<time>2020-01-20T02:37:21.22Z</time>
		</trkpt>
		<trkpt lat="34.601437" lon="126.991010">
			<ele>0.00</ele>
			<time>2020-01-20T02:37:21.54Z</time>
		</trkpt>
		<trkpt lat="34.601345" lon="126.991054">
			<ele>0.00</ele>
			<time>2020-01-20T02:37:22.20Z</time>
		</trkpt>
		<trkpt lat="34.601061" lon="126.991179">
			<ele>0.00</ele>
			<time>2020-01-20T02:37:24.21Z</time>
		</trkpt>
		<trkpt lat="34.600964" lon="126.991250">
			<ele>0.00</ele>
			<time>2020-01-20T02:37:24.96Z</time>
		</trkpt>
		<trkpt lat="34.600890" lon="126.991306">
			<ele>0.00</ele>
			<time>2020-01-20T02:37:25.55Z</time>
		</trkpt>
		<trkpt lat="34.600815" lon="126.991351">
			<ele>0.00</ele>
			<time>2020-01-20T02:37:26.11Z</time>
		</trkpt>
		<trkpt lat="34.600685" lon="126.991407">
			<ele>0.00</ele>
			<time>2020-01-20T02:37:27.03Z</time>
		</trkpt>
		<trkpt lat="34.600491" lon="126.991474">
			<ele>0.00</ele>
			<time>2020-01-20T02:37:28.37Z</time>
		</trkpt>
		<trkpt lat="34.600364" lon="126.991492">
			<ele>0.00</ele>
			<time>2020-01-20T02:37:29.22Z</time>
		</trkpt>
		<trkpt lat="34.600294" lon="126.991502">
			<ele>0.00</ele>
			<time>2020-01-20T02:37:29.69Z</time>
		</trkpt>
		<trkpt lat="34.600218" lon="126.991501">
			<ele>0.00</ele>
			<time>2020-01-20T02:37:30.19Z</time>
		</trkpt>
		<trkpt lat="34.600216" lon="126.991501">
			<ele>0.00</ele>
			<time>2020-01-20T02:37:30.25Z</time>
		</trkpt>
		<trkpt lat="34.600153" lon="126.991513">
			<ele>0.00</ele>
			<time>2020-01-20T02:37:30.68Z</time>
		</trkpt>
		<trkpt lat="34.600149" lon="126.991516">
			<ele>0.00</ele>
			<time>2020-01-20T02:37:30.74Z</time>
		</trkpt>
		<trkpt lat="34.600072" lon="126.991557">
			<ele>0.00</ele>
			<time>2020-01-20T02:37:31.30Z</time>
		</trkpt>
		<trkpt lat="34.600001" lon="126.991587">
			<ele>0.00</ele>
			<time>2020-01-20T02:37:31.80Z</time>
		</trkpt>
		<trkpt lat="34.599822" lon="126.991637">
			<ele>0.00</ele>
			<time>2020-01-20T02:37:33.03Z</time>
		</trkpt>
		<trkpt lat="34.599683" lon="126.991698">
			<ele>0.00</ele>
			<time>2020-01-20T02:37:34.02Z</time>
		</trkpt>
		<trkpt lat="34.599352" lon="126.991778">
			<ele>0.00</ele>
			<time>2020-01-20T02:37:36.26Z</time>
		</trkpt>
		<trkpt lat="34.599057" lon="126.991853">
			<ele>0.00</ele>
			<time>2020-01-20T02:37:38.27Z</time>
		</trkpt>
		<trkpt lat="34.598821" lon="126.991946">
			<ele>0.00</ele>
			<time>2020-01-20T02:37:39.93Z</time>
		</trkpt>
		<trkpt lat="34.598455" lon="126.992067">
			<ele>0.00</ele>
			<time>2020-01-20T02:37:42.46Z</time>
		</trkpt>
		<trkpt lat="34.598371" lon="126.992122">
			<ele>0.00</ele>
			<time>2020-01-20T02:37:43.09Z</time>
		</trkpt>
		<trkpt lat="34.598298" lon="126.992166">
			<ele>0.00</ele>
			<time>2020-01-20T02:37:43.63Z</time>
		</trkpt>
		<trkpt lat="34.598217" lon="126.992198">
			<ele>0.00</ele>
			<time>2020-01-20T02:37:44.20Z</time>
		</trkpt>
		<trkpt lat="34.598135" lon="126.992212">
			<ele>0.00</ele>
			<time>2020-01-20T02:37:44.75Z</time>
		</trkpt>
		<trkpt lat="34.598041" lon="126.992208">
			<ele>0.00</ele>
			<time>2020-01-20T02:37:45.38Z</time>
		</trkpt>
		<trkpt lat="34.597854" lon="126.992179">
			<ele>0.00</ele>
			<time>2020-01-20T02:37:46.64Z</time>
		</trkpt>
		<trkpt lat="34.597761" lon="126.992178">
			<ele>0.00</ele>
			<time>2020-01-20T02:37:47.26Z</time>
		</trkpt>
		<trkpt lat="34.597703" lon="126.992183">
			<ele>0.00</ele>
			<time>2020-01-20T02:37:47.64Z</time>
		</trkpt>
		<trkpt lat="34.597622" lon="126.992236">
			<ele>0.00</ele>
			<time>2020-01-20T02:37:48.26Z</time>
		</trkpt>
		<trkpt lat="34.597530" lon="126.992289">
			<ele>0.00</ele>
			<time>2020-01-20T02:37:48.94Z</time>
		</trkpt>
		<trkpt lat="34.597436" lon="126.992337">
			<ele>0.00</ele>
			<time>2020-01-20T02:37:49.62Z</time>
		</trkpt>
		<trkpt lat="34.597242" lon="126.992407">
			<ele>0.00</ele>
			<time>2020-01-20T02:37:50.97Z</time>
		</trkpt>
		<trkpt lat="34.597153" lon="126.992442">
			<ele>0.00</ele>
			<time>2020-01-20T02:37:51.59Z</time>
		</trkpt>
		<trkpt lat="34.597100" lon="126.992474">
			<ele>0.00</ele>
			<time>2020-01-20T02:37:51.99Z</time>
		</trkpt>
		<trkpt lat="34.597030" lon="126.992532">
			<ele>0.00</ele>
			<time>2020-01-20T02:37:52.55Z</time>
		</trkpt>
		<trkpt lat="34.596975" lon="126.992577">
			<ele>0.00</ele>
			<time>2020-01-20T02:37:52.99Z</time>
		</trkpt>
		<trkpt lat="34.596899" lon="126.992655">
			<ele>0.00</ele>
			<time>2020-01-20T02:37:53.65Z</time>
		</trkpt>
		<trkpt lat="34.596834" lon="126.992725">
			<ele>0.00</ele>
			<time>2020-01-20T02:37:54.24Z</time>
		</trkpt>
		<trkpt lat="34.596735" lon="126.992853">
			<ele>0.00</ele>
			<time>2020-01-20T02:37:55.20Z</time>
		</trkpt>
		<trkpt lat="34.596687" lon="126.992948">
			<ele>0.00</ele>
			<time>2020-01-20T02:37:55.81Z</time>
		</trkpt>
		<trkpt lat="34.596564" lon="126.993159">
			<ele>0.00</ele>
			<time>2020-01-20T02:37:57.23Z</time>
		</trkpt>
		<trkpt lat="34.596435" lon="126.993384">
			<ele>0.00</ele>
			<time>2020-01-20T02:37:58.74Z</time>
		</trkpt>
		<trkpt lat="34.596333" lon="126.993638">
			<ele>0.00</ele>
			<time>2020-01-20T02:38:00.28Z</time>
		</trkpt>
		<trkpt lat="34.596277" lon="126.993775">
			<ele>0.00</ele>
			<time>2020-01-20T02:38:01.12Z</time>
		</trkpt>
		<trkpt lat="34.596219" lon="126.993872">
			<ele>0.00</ele>
			<time>2020-01-20T02:38:01.78Z</time>
		</trkpt>
		<trkpt lat="34.596139" lon="126.993933">
			<ele>0.00</ele>
			<time>2020-01-20T02:38:02.41Z</time>
		</trkpt>
		<trkpt lat="34.596032" lon="126.994005">
			<ele>0.00</ele>
			<time>2020-01-20T02:38:03.23Z</time>
		</trkpt>
		<trkpt lat="34.595928" lon="126.994062">
			<ele>0.00</ele>
			<time>2020-01-20T02:38:03.99Z</time>
		</trkpt>
		<trkpt lat="34.595823" lon="126.994099">
			<ele>0.00</ele>
			<time>2020-01-20T02:38:04.71Z</time>
		</trkpt>
		<trkpt lat="34.595627" lon="126.994165">
			<ele>0.00</ele>
			<time>2020-01-20T02:38:06.08Z</time>
		</trkpt>
		<trkpt lat="34.595555" lon="126.994193">
			<ele>0.00</ele>
			<time>2020-01-20T02:38:06.58Z</time>
		</trkpt>
		<trkpt lat="34.595500" lon="126.994221">
			<ele>0.00</ele>
			<time>2020-01-20T02:38:06.97Z</time>
		</trkpt>
		<trkpt lat="34.595497" lon="126.994223">
			<ele>0.00</ele>
			<time>2020-01-20T02:38:07.03Z</time>
		</trkpt>
		<trkpt lat="34.595423" lon="126.994269">
			<ele>0.00</ele>
			<time>2020-01-20T02:38:07.59Z</time>
		</trkpt>
		<trkpt lat="34.595367" lon="126.994288">
			<ele>0.00</ele>
			<time>2020-01-20T02:38:07.97Z</time>
		</trkpt>
		<trkpt lat="34.595281" lon="126.994296">
			<ele>0.00</ele>
			<time>2020-01-20T02:38:08.55Z</time>
		</trkpt>
		<trkpt lat="34.595226" lon="126.994305">
			<ele>0.00</ele>
			<time>2020-01-20T02:38:08.92Z</time>
		</trkpt>
		<trkpt lat="34.595208" lon="126.994305">
			<ele>0.00</ele>
			<time>2020-01-20T02:38:09.04Z</time>
		</trkpt>
		<trkpt lat="34.595093" lon="126.994384">
			<ele>0.00</ele>
			<time>2020-01-20T02:38:09.92Z</time>
		</trkpt>
		<trkpt lat="34.595043" lon="126.994039">
			<ele>0.00</ele>
			<time>2020-01-20T02:38:11.85Z</time>
		</trkpt>
		<trkpt lat="34.594942" lon="126.993766">
			<ele>0.00</ele>
			<time>2020-01-20T02:38:13.49Z</time>
		</trkpt>
		<trkpt lat="34.594842" lon="126.993627">
			<ele>0.00</ele>
			<time>2020-01-20T02:38:14.50Z</time>
		</trkpt>
		<trkpt lat="34.594726" lon="126.993478">
			<ele>0.00</ele>
			<time>2020-01-20T02:38:15.62Z</time>
		</trkpt>
		<trkpt lat="34.594522" lon="126.993243">
			<ele>0.00</ele>
			<time>2020-01-20T02:38:17.50Z</time>
		</trkpt>
		<trkpt lat="34.594350" lon="126.993025">
			<ele>0.00</ele>
			<time>2020-01-20T02:38:19.16Z</time>
		</trkpt>
		<trkpt lat="34.594188" lon="126.992821">
			<ele>0.00</ele>
			<time>2020-01-20T02:38:20.71Z</time>
		</trkpt>
		<trkpt lat="34.594056" lon="126.992683">
			<ele>0.00</ele>
			<time>2020-01-20T02:38:21.88Z</time>
		</trkpt>
		<trkpt lat="34.593979" lon="126.992629">
			<ele>0.00</ele>
			<time>2020-01-20T02:38:22.47Z</time>
		</trkpt>
		<trkpt lat="34.593847" lon="126.992593">
			<ele>0.00</ele>
			<time>2020-01-20T02:38:23.37Z</time>
		</trkpt>
		<trkpt lat="34.593758" lon="126.992595">
			<ele>0.00</ele>
			<time>2020-01-20T02:38:23.96Z</time>
		</trkpt>
		<trkpt lat="34.593635" lon="126.992619">
			<ele>0.00</ele>
			<time>2020-01-20T02:38:24.79Z</time>
		</trkpt>
		<trkpt lat="34.593514" lon="126.992699">
			<ele>0.00</ele>
			<time>2020-01-20T02:38:25.71Z</time>
		</trkpt>
		<trkpt lat="34.593403" lon="126.992785">
			<ele>0.00</ele>
			<time>2020-01-20T02:38:26.59Z</time>
		</trkpt>
		<trkpt lat="34.593307" lon="126.992896">
			<ele>0.00</ele>
			<time>2020-01-20T02:38:27.47Z</time>
		</trkpt>
		<trkpt lat="34.593233" lon="126.992985">
			<ele>0.00</ele>
			<time>2020-01-20T02:38:28.16Z</time>
		</trkpt>
		<trkpt lat="34.593159" lon="126.993087">
			<ele>0.00</ele>
			<time>2020-01-20T02:38:28.92Z</time>
		</trkpt>
		<trkpt lat="34.593046" lon="126.993184">
			<ele>0.00</ele>
			<time>2020-01-20T02:38:29.83Z</time>
		</trkpt>
		<trkpt lat="34.592958" lon="126.993228">
			<ele>0.00</ele>
			<time>2020-01-20T02:38:30.47Z</time>
		</trkpt>
		<trkpt lat="34.592867" lon="126.993277">
			<ele>0.00</ele>
			<time>2020-01-20T02:38:31.13Z</time>
		</trkpt>
		<trkpt lat="34.592752" lon="126.993298">
			<ele>0.00</ele>
			<time>2020-01-20T02:38:31.91Z</time>
		</trkpt>
		<trkpt lat="34.592612" lon="126.993314">
			<ele>0.00</ele>
			<time>2020-01-20T02:38:32.85Z</time>
		</trkpt>
		<trkpt lat="34.592488" lon="126.993344">
			<ele>0.00</ele>
			<time>2020-01-20T02:38:33.69Z</time>
		</trkpt>
		<trkpt lat="34.592374" lon="126.993362">
			<ele>0.00</ele>
			<time>2020-01-20T02:38:34.45Z</time>
		</trkpt>
		<trkpt lat="34.592179" lon="126.993436">
			<ele>0.00</ele>
			<time>2020-01-20T02:38:35.82Z</time>
		</trkpt>
		<trkpt lat="34.592007" lon="126.993534">
			<ele>0.00</ele>
			<time>2020-01-20T02:38:37.08Z</time>
		</trkpt>
		<trkpt lat="34.591856" lon="126.993598">
			<ele>0.00</ele>
			<time>2020-01-20T02:38:38.15Z</time>
		</trkpt>
		<trkpt lat="34.591724" lon="126.993656">
			<ele>0.00</ele>
			<time>2020-01-20T02:38:39.09Z</time>
		</trkpt>
		<trkpt lat="34.591566" lon="126.993662">
			<ele>0.00</ele>
			<time>2020-01-20T02:38:40.14Z</time>
		</trkpt>
		<trkpt lat="34.591355" lon="126.993648">
			<ele>0.00</ele>
			<time>2020-01-20T02:38:41.55Z</time>
		</trkpt>
		<trkpt lat="34.591094" lon="126.993615">
			<ele>0.00</ele>
			<time>2020-01-20T02:38:43.30Z</time>
		</trkpt>
		<trkpt lat="34.590868" lon="126.993568">
			<ele>0.00</ele>
			<time>2020-01-20T02:38:44.83Z</time>
		</trkpt>
		<trkpt lat="34.590596" lon="126.993527">
			<ele>0.00</ele>
			<time>2020-01-20T02:38:46.66Z</time>
		</trkpt>
		<trkpt lat="34.590443" lon="126.993505">
			<ele>0.00</ele>
			<time>2020-01-20T02:38:47.69Z</time>
		</trkpt>
		<trkpt lat="34.590267" lon="126.993492">
			<ele>0.00</ele>
			<time>2020-01-20T02:38:48.85Z</time>
		</trkpt>
		<trkpt lat="34.590010" lon="126.993525">
			<ele>0.00</ele>
			<time>2020-01-20T02:38:50.58Z</time>
		</trkpt>
		<trkpt lat="34.589765" lon="126.993552">
			<ele>0.00</ele>
			<time>2020-01-20T02:38:52.22Z</time>
		</trkpt>
		<trkpt lat="34.589535" lon="126.993580">
			<ele>0.00</ele>
			<time>2020-01-20T02:38:53.76Z</time>
		</trkpt>
		<trkpt lat="34.589297" lon="126.993596">
			<ele>0.00</ele>
			<time>2020-01-20T02:38:55.35Z</time>
		</trkpt>
		<trkpt lat="34.589009" lon="126.993585">
			<ele>0.00</ele>
			<time>2020-01-20T02:38:57.27Z</time>
		</trkpt>
		<trkpt lat="34.588794" lon="126.993565">
			<ele>0.00</ele>
			<time>2020-01-20T02:38:58.71Z</time>
		</trkpt>
		<trkpt lat="34.588460" lon="126.993511">
			<ele>0.00</ele>
			<time>2020-01-20T02:39:00.95Z</time>
		</trkpt>
		<trkpt lat="34.588274" lon="126.993530">
			<ele>0.00</ele>
			<time>2020-01-20T02:39:02.20Z</time>
		</trkpt>
		<trkpt lat="34.588096" lon="126.993527">
			<ele>0.00</ele>
			<time>2020-01-20T02:39:03.39Z</time>
		</trkpt>
		<trkpt lat="34.587870" lon="126.993530">
			<ele>0.00</ele>
			<time>2020-01-20T02:39:04.90Z</time>
		</trkpt>
		<trkpt lat="34.587654" lon="126.993544">
			<ele>0.00</ele>
			<time>2020-01-20T02:39:06.33Z</time>
		</trkpt>
		<trkpt lat="34.587398" lon="126.993572">
			<ele>0.00</ele>
			<time>2020-01-20T02:39:08.04Z</time>
		</trkpt>
		<trkpt lat="34.587142" lon="126.993604">
			<ele>0.00</ele>
			<time>2020-01-20T02:39:09.76Z</time>
		</trkpt>
		<trkpt lat="34.586841" lon="126.993626">
			<ele>0.00</ele>
			<time>2020-01-20T02:39:11.78Z</time>
		</trkpt>
		<trkpt lat="34.586689" lon="126.993607">
			<ele>0.00</ele>
			<time>2020-01-20T02:39:12.79Z</time>
		</trkpt>
		<trkpt lat="34.586443" lon="126.993600">
			<ele>0.00</ele>
			<time>2020-01-20T02:39:14.43Z</time>
		</trkpt>
		<trkpt lat="34.586326" lon="126.993594">
			<ele>0.00</ele>
			<time>2020-01-20T02:39:15.21Z</time>
		</trkpt>
		<trkpt lat="34.586060" lon="126.993574">
			<ele>0.00</ele>
			<time>2020-01-20T02:39:16.99Z</time>
		</trkpt>
		<trkpt lat="34.585808" lon="126.993545">
			<ele>0.00</ele>
			<time>2020-01-20T02:39:18.68Z</time>
		</trkpt>
		<trkpt lat="34.585555" lon="126.993502">
			<ele>0.00</ele>
			<time>2020-01-20T02:39:20.38Z</time>
		</trkpt>
		<trkpt lat="34.585281" lon="126.993440">
			<ele>0.00</ele>
			<time>2020-01-20T02:39:22.24Z</time>
		</trkpt>
		<trkpt lat="34.585139" lon="126.993393">
			<ele>0.00</ele>
			<time>2020-01-20T02:39:23.22Z</time>
		</trkpt>
		<trkpt lat="34.584944" lon="126.993318">
			<ele>0.00</ele>
			<time>2020-01-20T02:39:24.58Z</time>
		</trkpt>
		<trkpt lat="34.584808" lon="126.993261">
			<ele>0.00</ele>
			<time>2020-01-20T02:39:25.54Z</time>
		</trkpt>
		<trkpt lat="34.584576" lon="126.993200">
			<ele>0.00</ele>
			<time>2020-01-20T02:39:27.12Z</time>
		</trkpt>
		<trkpt lat="34.584043" lon="126.992984">
			<ele>0.00</ele>
			<time>2020-01-20T02:39:30.87Z</time>
		</trkpt>
		<trkpt lat="34.583748" lon="126.992863">
			<ele>0.00</ele>
			<time>2020-01-20T02:39:32.95Z</time>
		</trkpt>
		<trkpt lat="34.583593" lon="126.992799">
			<ele>0.00</ele>
			<time>2020-01-20T02:39:34.04Z</time>
		</trkpt>
		<trkpt lat="34.583460" lon="126.992733">
			<ele>0.00</ele>
			<time>2020-01-20T02:39:35Z</time>
		</trkpt>
		<trkpt lat="34.583298" lon="126.992650">
			<ele>0.00</ele>
			<time>2020-01-20T02:39:36.17Z</time>
		</trkpt>
		<trkpt lat="34.583208" lon="126.992626">
			<ele>0.00</ele>
			<time>2020-01-20T02:39:36.78Z</time>
		</trkpt>
		<trkpt lat="34.583150" lon="126.992599">
			<ele>0.00</ele>
			<time>2020-01-20T02:39:37.20Z</time>
		</trkpt>
		<trkpt lat="34.582987" lon="126.992570">
			<ele>0.00</ele>
			<time>2020-01-20T02:39:38.30Z</time>
		</trkpt>
		<trkpt lat="34.582858" lon="126.992519">
			<ele>0.00</ele>
			<time>2020-01-20T02:39:39.20Z</time>
		</trkpt>
		<trkpt lat="34.582761" lon="126.992467">
			<ele>0.00</ele>
			<time>2020-01-20T02:39:39.91Z</time>
		</trkpt>
		<trkpt lat="34.582655" lon="126.992411">
			<ele>0.00</ele>
			<time>2020-01-20T02:39:40.68Z</time>
		</trkpt>
		<trkpt lat="34.582526" lon="126.992326">
			<ele>0.00</ele>
			<time>2020-01-20T02:39:41.66Z</time>
		</trkpt>
		<trkpt lat="34.582330" lon="126.992143">
			<ele>0.00</ele>
			<time>2020-01-20T02:39:43.30Z</time>
		</trkpt>
		<trkpt lat="34.582061" lon="126.991867">
			<ele>0.00</ele>
			<time>2020-01-20T02:39:45.65Z</time>
		</trkpt>
		<trkpt lat="34.581951" lon="126.991716">
			<ele>0.00</ele>
			<time>2020-01-20T02:39:46.76Z</time>
		</trkpt>
		<trkpt lat="34.581863" lon="126.991630">
			<ele>0.00</ele>
			<time>2020-01-20T02:39:47.51Z</time>
		</trkpt>
		<trkpt lat="34.581774" lon="126.991502">
			<ele>0.00</ele>
			<time>2020-01-20T02:39:48.43Z</time>
		</trkpt>
		<trkpt lat="34.581709" lon="126.991406">
			<ele>0.00</ele>
			<time>2020-01-20T02:39:49.11Z</time>
		</trkpt>
		<trkpt lat="34.581648" lon="126.991269">
			<ele>0.00</ele>
			<time>2020-01-20T02:39:49.97Z</time>
		</trkpt>
		<trkpt lat="34.581518" lon="126.990944">
			<ele>0.00</ele>
			<time>2020-01-20T02:39:51.95Z</time>
		</trkpt>
		<trkpt lat="34.581396" lon="126.990725">
			<ele>0.00</ele>
			<time>2020-01-20T02:39:53.40Z</time>
		</trkpt>
		<trkpt lat="34.581165" lon="126.990198">
			<ele>0.00</ele>
			<time>2020-01-20T02:39:56.68Z</time>
		</trkpt>
		<trkpt lat="34.581039" lon="126.989989">
			<ele>0.00</ele>
			<time>2020-01-20T02:39:58.10Z</time>
		</trkpt>
		<trkpt lat="34.580954" lon="126.989877">
			<ele>0.00</ele>
			<time>2020-01-20T02:39:58.94Z</time>
		</trkpt>
		<trkpt lat="34.580791" lon="126.989648">
			<ele>0.00</ele>
			<time>2020-01-20T02:40:00.60Z</time>
		</trkpt>
		<trkpt lat="34.580500" lon="126.989438">
			<ele>0.00</ele>
			<time>2020-01-20T02:40:02.85Z</time>
		</trkpt>
		<trkpt lat="34.580305" lon="126.989353">
			<ele>0.00</ele>
			<time>2020-01-20T02:40:04.24Z</time>
		</trkpt>
		<trkpt lat="34.580154" lon="126.989326">
			<ele>0.00</ele>
			<time>2020-01-20T02:40:05.25Z</time>
		</trkpt>
		<trkpt lat="34.579945" lon="126.989223">
			<ele>0.00</ele>
			<time>2020-01-20T02:40:06.76Z</time>
		</trkpt>
		<trkpt lat="34.579757" lon="126.989129">
			<ele>0.00</ele>
			<time>2020-01-20T02:40:08.11Z</time>
		</trkpt>
		<trkpt lat="34.579583" lon="126.989037">
			<ele>0.00</ele>
			<time>2020-01-20T02:40:09.37Z</time>
		</trkpt>
		<trkpt lat="34.579459" lon="126.988939">
			<ele>0.00</ele>
			<time>2020-01-20T02:40:10.37Z</time>
		</trkpt>
		<trkpt lat="34.579395" lon="126.988858">
			<ele>0.00</ele>
			<time>2020-01-20T02:40:10.98Z</time>
		</trkpt>
		<trkpt lat="34.579313" lon="126.988784">
			<ele>0.00</ele>
			<time>2020-01-20T02:40:11.66Z</time>
		</trkpt>
		<trkpt lat="34.579252" lon="126.988679">
			<ele>0.00</ele>
			<time>2020-01-20T02:40:12.37Z</time>
		</trkpt>
		<trkpt lat="34.579142" lon="126.988467">
			<ele>0.00</ele>
			<time>2020-01-20T02:40:13.74Z</time>
		</trkpt>
		<trkpt lat="34.578980" lon="126.988205">
			<ele>0.00</ele>
			<time>2020-01-20T02:40:15.54Z</time>
		</trkpt>
		<trkpt lat="34.578820" lon="126.987919">
			<ele>0.00</ele>
			<time>2020-01-20T02:40:17.43Z</time>
		</trkpt>
		<trkpt lat="34.578637" lon="126.987707">
			<ele>0.00</ele>
			<time>2020-01-20T02:40:19.13Z</time>
		</trkpt>
		<trkpt lat="34.578534" lon="126.987590">
			<ele>0.00</ele>
			<time>2020-01-20T02:40:20.07Z</time>
		</trkpt>
		<trkpt lat="34.578431" lon="126.987451">
			<ele>0.00</ele>
			<time>2020-01-20T02:40:21.09Z</time>
		</trkpt>
		<trkpt lat="34.578267" lon="126.987143">
			<ele>0.00</ele>
			<time>2020-01-20T02:40:23.10Z</time>
		</trkpt>
		<trkpt lat="34.578143" lon="126.986904">
			<ele>0.00</ele>
			<time>2020-01-20T02:40:24.65Z</time>
		</trkpt>
		<trkpt lat="34.578003" lon="126.986604">
			<ele>0.00</ele>
			<time>2020-01-20T02:40:26.54Z</time>
		</trkpt>
		<trkpt lat="34.577917" lon="126.986289">
			<ele>0.00</ele>
			<time>2020-01-20T02:40:28.37Z</time>
		</trkpt>
		<trkpt lat="34.577916" lon="126.986042">
			<ele>0.00</ele>
			<time>2020-01-20T02:40:29.73Z</time>
		</trkpt>
		<trkpt lat="34.577913" lon="126.985766">
			<ele>0.00</ele>
			<time>2020-01-20T02:40:31.24Z</time>
		</trkpt>
		<trkpt lat="34.577912" lon="126.985575">
			<ele>0.00</ele>
			<time>2020-01-20T02:40:32.29Z</time>
		</trkpt>
		<trkpt lat="34.577811" lon="126.985348">
			<ele>0.00</ele>
			<time>2020-01-20T02:40:33.70Z</time>
		</trkpt>
		<trkpt lat="34.577721" lon="126.985221">
			<ele>0.00</ele>
			<time>2020-01-20T02:40:34.62Z</time>
		</trkpt>
		<trkpt lat="34.577541" lon="126.985092">
			<ele>0.00</ele>
			<time>2020-01-20T02:40:36.02Z</time>
		</trkpt>
		<trkpt lat="34.577253" lon="126.984907">
			<ele>0.00</ele>
			<time>2020-01-20T02:40:38.19Z</time>
		</trkpt>
		<trkpt lat="34.576959" lon="126.984683">
			<ele>0.00</ele>
			<time>2020-01-20T02:40:40.50Z</time>
		</trkpt>
		<trkpt lat="34.576791" lon="126.984515">
			<ele>0.00</ele>
			<time>2020-01-20T02:40:41.95Z</time>
		</trkpt>
		<trkpt lat="34.576630" lon="126.984392">
			<ele>0.00</ele>
			<time>2020-01-20T02:40:43.22Z</time>
		</trkpt>
		<trkpt lat="34.576513" lon="126.984302">
			<ele>0.00</ele>
			<time>2020-01-20T02:40:44.15Z</time>
		</trkpt>
		<trkpt lat="34.576322" lon="126.984140">
			<ele>0.00</ele>
			<time>2020-01-20T02:40:45.70Z</time>
		</trkpt>
		<trkpt lat="34.576178" lon="126.984005">
			<ele>0.00</ele>
			<time>2020-01-20T02:40:46.91Z</time>
		</trkpt>
		<trkpt lat="34.576119" lon="126.983884">
			<ele>0.00</ele>
			<time>2020-01-20T02:40:47.68Z</time>
		</trkpt>
		<trkpt lat="34.576090" lon="126.983803">
			<ele>0.00</ele>
			<time>2020-01-20T02:40:48.16Z</time>
		</trkpt>
		<trkpt lat="34.576094" lon="126.983750">
			<ele>0.00</ele>
			<time>2020-01-20T02:40:48.46Z</time>
		</trkpt>
		<trkpt lat="34.576096" lon="126.983664">
			<ele>0.00</ele>
			<time>2020-01-20T02:40:48.93Z</time>
		</trkpt>
		<trkpt lat="34.576096" lon="126.983532">
			<ele>0.00</ele>
			<time>2020-01-20T02:40:49.65Z</time>
		</trkpt>
		<trkpt lat="34.576079" lon="126.983466">
			<ele>0.00</ele>
			<time>2020-01-20T02:40:50.03Z</time>
		</trkpt>
		<trkpt lat="34.576025" lon="126.983423">
			<ele>0.00</ele>
			<time>2020-01-20T02:40:50.47Z</time>
		</trkpt>
		<trkpt lat="34.575910" lon="126.983365">
			<ele>0.00</ele>
			<time>2020-01-20T02:40:51.29Z</time>
		</trkpt>
		<trkpt lat="34.575763" lon="126.983302">
			<ele>0.00</ele>
			<time>2020-01-20T02:40:52.33Z</time>
		</trkpt>
		<trkpt lat="34.575665" lon="126.983253">
			<ele>0.00</ele>
			<time>2020-01-20T02:40:53.04Z</time>
		</trkpt>
		<trkpt lat="34.575601" lon="126.983204">
			<ele>0.00</ele>
			<time>2020-01-20T02:40:53.54Z</time>
		</trkpt>
		<trkpt lat="34.575539" lon="126.983094">
			<ele>0.00</ele>
			<time>2020-01-20T02:40:54.27Z</time>
		</trkpt>
		<trkpt lat="34.575492" lon="126.982989">
			<ele>0.00</ele>
			<time>2020-01-20T02:40:54.93Z</time>
		</trkpt>
		<trkpt lat="34.575468" lon="126.982896">
			<ele>0.00</ele>
			<time>2020-01-20T02:40:55.47Z</time>
		</trkpt>
		<trkpt lat="34.575452" lon="126.982700">
			<ele>0.00</ele>
			<time>2020-01-20T02:40:56.55Z</time>
		</trkpt>
		<trkpt lat="34.575456" lon="126.982499">
			<ele>0.00</ele>
			<time>2020-01-20T02:40:57.65Z</time>
		</trkpt>
		<trkpt lat="34.575435" lon="126.982286">
			<ele>0.00</ele>
			<time>2020-01-20T02:40:58.83Z</time>
		</trkpt>
		<trkpt lat="34.575377" lon="126.981563">
			<ele>0.00</ele>
			<time>2020-01-20T02:41:02.81Z</time>
		</trkpt>
		<trkpt lat="34.575347" lon="126.980779">
			<ele>0.00</ele>
			<time>2020-01-20T02:41:07.12Z</time>
		</trkpt>
		<trkpt lat="34.575362" lon="126.980421">
			<ele>0.00</ele>
			<time>2020-01-20T02:41:09.09Z</time>
		</trkpt>
		<trkpt lat="34.575354" lon="126.980206">
			<ele>0.00</ele>
			<time>2020-01-20T02:41:10.27Z</time>
		</trkpt>
		<trkpt lat="34.575307" lon="126.980069">
			<ele>0.00</ele>
			<time>2020-01-20T02:41:11.09Z</time>
		</trkpt>
		<trkpt lat="34.575233" lon="126.979924">
			<ele>0.00</ele>
			<time>2020-01-20T02:41:12.02Z</time>
		</trkpt>
		<trkpt lat="34.575115" lon="126.979724">
			<ele>0.00</ele>
			<time>2020-01-20T02:41:13.37Z</time>
		</trkpt>
		<trkpt lat="34.574928" lon="126.979585">
			<ele>0.00</ele>
			<time>2020-01-20T02:41:14.83Z</time>
		</trkpt>
		<trkpt lat="34.574692" lon="126.979437">
			<ele>0.00</ele>
			<time>2020-01-20T02:41:16.61Z</time>
		</trkpt>
		<trkpt lat="34.574473" lon="126.979265">
			<ele>0.00</ele>
			<time>2020-01-20T02:41:18.34Z</time>
		</trkpt>
		<trkpt lat="34.574256" lon="126.979119">
			<ele>0.00</ele>
			<time>2020-01-20T02:41:20Z</time>
		</trkpt>
		<trkpt lat="34.574119" lon="126.978996">
			<ele>0.00</ele>
			<time>2020-01-20T02:41:21.14Z</time>
		</trkpt>
		<trkpt lat="34.574026" lon="126.978933">
			<ele>0.00</ele>
			<time>2020-01-20T02:41:21.84Z</time>
		</trkpt>
		<trkpt lat="34.574015" lon="126.978874">
			<ele>0.00</ele>
			<time>2020-01-20T02:41:22.18Z</time>
		</trkpt>
		<trkpt lat="34.573774" lon="126.978932">
			<ele>0.00</ele>
			<time>2020-01-20T02:41:23.82Z</time>
		</trkpt>
		<trkpt lat="34.573250" lon="126.979022">
			<ele>0.00</ele>
			<time>2020-01-20T02:41:27.34Z</time>
		</trkpt>
		<trkpt lat="34.572905" lon="126.979090">
			<ele>0.00</ele>
			<time>2020-01-20T02:41:29.67Z</time>
		</trkpt>
		<trkpt lat="34.572761" lon="126.979138">
			<ele>0.00</ele>
			<time>2020-01-20T02:41:30.67Z</time>
		</trkpt>
		<trkpt lat="34.572672" lon="126.979191">
			<ele>0.00</ele>
			<time>2020-01-20T02:41:31.33Z</time>
		</trkpt>
		<trkpt lat="34.572544" lon="126.979278">
			<ele>0.00</ele>
			<time>2020-01-20T02:41:32.31Z</time>
		</trkpt>
		<trkpt lat="34.572472" lon="126.979360">
			<ele>0.00</ele>
			<time>2020-01-20T02:41:32.97Z</time>
		</trkpt>
		<trkpt lat="34.572387" lon="126.979468">
			<ele>0.00</ele>
			<time>2020-01-20T02:41:33.78Z</time>
		</trkpt>
		<trkpt lat="34.572286" lon="126.979631">
			<ele>0.00</ele>
			<time>2020-01-20T02:41:34.90Z</time>
		</trkpt>
		<trkpt lat="34.572172" lon="126.979849">
			<ele>0.00</ele>
			<time>2020-01-20T02:41:36.32Z</time>
		</trkpt>
		<trkpt lat="34.572054" lon="126.980072">
			<ele>0.00</ele>
			<time>2020-01-20T02:41:37.78Z</time>
		</trkpt>
		<trkpt lat="34.571950" lon="126.980271">
			<ele>0.00</ele>
			<time>2020-01-20T02:41:39.08Z</time>
		</trkpt>
		<trkpt lat="34.571852" lon="126.980470">
			<ele>0.00</ele>
			<time>2020-01-20T02:41:40.34Z</time>
		</trkpt>
		<trkpt lat="34.571729" lon="126.980747">
			<ele>0.00</ele>
			<time>2020-01-20T02:41:42.07Z</time>
		</trkpt>
		<trkpt lat="34.571655" lon="126.980884">
			<ele>0.00</ele>
			<time>2020-01-20T02:41:42.97Z</time>
		</trkpt>
		<trkpt lat="34.571562" lon="126.981037">
			<ele>0.00</ele>
			<time>2020-01-20T02:41:44.02Z</time>
		</trkpt>
		<trkpt lat="34.571429" lon="126.981223">
			<ele>0.00</ele>
			<time>2020-01-20T02:41:45.37Z</time>
		</trkpt>
		<trkpt lat="34.571328" lon="126.981339">
			<ele>0.00</ele>
			<time>2020-01-20T02:41:46.29Z</time>
		</trkpt>
		<trkpt lat="34.571198" lon="126.981475">
			<ele>0.00</ele>
			<time>2020-01-20T02:41:47.44Z</time>
		</trkpt>
		<trkpt lat="34.570990" lon="126.981600">
			<ele>0.00</ele>
			<time>2020-01-20T02:41:48.99Z</time>
		</trkpt>
		<trkpt lat="34.570688" lon="126.981767">
			<ele>0.00</ele>
			<time>2020-01-20T02:41:51.20Z</time>
		</trkpt>
		<trkpt lat="34.570423" lon="126.981917">
			<ele>0.00</ele>
			<time>2020-01-20T02:41:53.14Z</time>
		</trkpt>
		<trkpt lat="34.570258" lon="126.982017">
			<ele>0.00</ele>
			<time>2020-01-20T02:41:54.37Z</time>
		</trkpt>
		<trkpt lat="34.570124" lon="126.982116">
			<ele>0.00</ele>
			<time>2020-01-20T02:41:55.43Z</time>
		</trkpt>
		<trkpt lat="34.570051" lon="126.982138">
			<ele>0.00</ele>
			<time>2020-01-20T02:41:55.92Z</time>
		</trkpt>
		<trkpt lat="34.569932" lon="126.982400">
			<ele>0.00</ele>
			<time>2020-01-20T02:41:57.57Z</time>
		</trkpt>
		<trkpt lat="34.569542" lon="126.983264">
			<ele>0.00</ele>
			<time>2020-01-20T02:42:02.97Z</time>
		</trkpt>
		<trkpt lat="34.569160" lon="126.984096">
			<ele>0.00</ele>
			<time>2020-01-20T02:42:08.21Z</time>
		</trkpt>
		<trkpt lat="34.568672" lon="126.985156">
			<ele>0.00</ele>
			<time>2020-01-20T02:42:14.87Z</time>
		</trkpt>
		<trkpt lat="34.568405" lon="126.985751">
			<ele>0.00</ele>
			<time>2020-01-20T02:42:18.59Z</time>
		</trkpt>
		<trkpt lat="34.568365" lon="126.985808">
			<ele>0.00</ele>
			<time>2020-01-20T02:42:19Z</time>
		</trkpt>
		<trkpt lat="34.568275" lon="126.985902">
			<ele>0.00</ele>
			<time>2020-01-20T02:42:19.80Z</time>
		</trkpt>
		<trkpt lat="34.568128" lon="126.985916">
			<ele>0.00</ele>
			<time>2020-01-20T02:42:20.78Z</time>
		</trkpt>
		<trkpt lat="34.567799" lon="126.985935">
			<ele>0.00</ele>
			<time>2020-01-20T02:42:22.98Z</time>
		</trkpt>
		<trkpt lat="34.567520" lon="126.985948">
			<ele>0.00</ele>
			<time>2020-01-20T02:42:24.83Z</time>
		</trkpt>
		<trkpt lat="34.567434" lon="126.985968">
			<ele>0.00</ele>
			<time>2020-01-20T02:42:25.42Z</time>
		</trkpt>
		<trkpt lat="34.567343" lon="126.986079">
			<ele>0.00</ele>
			<time>2020-01-20T02:42:26.28Z</time>
		</trkpt>
		<trkpt lat="34.567207" lon="126.986274">
			<ele>0.00</ele>
			<time>2020-01-20T02:42:27.68Z</time>
		</trkpt>
		<trkpt lat="34.567002" lon="126.986518">
			<ele>0.00</ele>
			<time>2020-01-20T02:42:29.60Z</time>
		</trkpt>
		<trkpt lat="34.566646" lon="126.986948">
			<ele>0.00</ele>
			<time>2020-01-20T02:42:32.95Z</time>
		</trkpt>
		<trkpt lat="34.566587" lon="126.987016">
			<ele>0.00</ele>
			<time>2020-01-20T02:42:33.49Z</time>
		</trkpt>
		<trkpt lat="34.566535" lon="126.987077">
			<ele>0.00</ele>
			<time>2020-01-20T02:42:33.97Z</time>
		</trkpt>
		<trkpt lat="34.566499" lon="126.987096">
			<ele>0.00</ele>
			<time>2020-01-20T02:42:34.23Z</time>
		</trkpt>
		<trkpt lat="34.566451" lon="126.987071">
			<ele>0.00</ele>
			<time>2020-01-20T02:42:34.58Z</time>
		</trkpt>
		<trkpt lat="34.566330" lon="126.987037">
			<ele>0.00</ele>
			<time>2020-01-20T02:42:35.41Z</time>
		</trkpt>
		<trkpt lat="34.565985" lon="126.986923">
			<ele>0.00</ele>
			<time>2020-01-20T02:42:37.79Z</time>
		</trkpt>
		<trkpt lat="34.565580" lon="126.986806">
			<ele>0.00</ele>
			<time>2020-01-20T02:42:40.57Z</time>
		</trkpt>
		<trkpt lat="34.565161" lon="126.986671">
			<ele>0.00</ele>
			<time>2020-01-20T02:42:43.46Z</time>
		</trkpt>
		<trkpt lat="34.565077" lon="126.986652">
			<ele>0.00</ele>
			<time>2020-01-20T02:42:44.02Z</time>
		</trkpt>
		<trkpt lat="34.565009" lon="126.986657">
			<ele>0.00</ele>
			<time>2020-01-20T02:42:44.48Z</time>
		</trkpt>
		<trkpt lat="34.564946" lon="126.986675">
			<ele>0.00</ele>
			<time>2020-01-20T02:42:44.91Z</time>
		</trkpt>
		<trkpt lat="34.564862" lon="126.986698">
			<ele>0.00</ele>
			<time>2020-01-20T02:42:45.48Z</time>
		</trkpt>
		<trkpt lat="34.564779" lon="126.986699">
			<ele>0.00</ele>
			<time>2020-01-20T02:42:46.04Z</time>
		</trkpt>
		<trkpt lat="34.564630" lon="126.986672">
			<ele>0.00</ele>
			<time>2020-01-20T02:42:47.04Z</time>
		</trkpt>
		<trkpt lat="34.564431" lon="126.986653">
			<ele>0.00</ele>
			<time>2020-01-20T02:42:48.37Z</time>
		</trkpt>
		<trkpt lat="34.564344" lon="126.986654">
			<ele>0.00</ele>
			<time>2020-01-20T02:42:48.96Z</time>
		</trkpt>
		<trkpt lat="34.564240" lon="126.986678">
			<ele>0.00</ele>
			<time>2020-01-20T02:42:49.66Z</time>
		</trkpt>
		<trkpt lat="34.564127" lon="126.986729">
			<ele>0.00</ele>
			<time>2020-01-20T02:42:50.47Z</time>
		</trkpt>
		<trkpt lat="34.564057" lon="126.986764">
			<ele>0.00</ele>
			<time>2020-01-20T02:42:50.96Z</time>
		</trkpt>
		<trkpt lat="34.563966" lon="126.986871">
			<ele>0.00</ele>
			<time>2020-01-20T02:42:51.81Z</time>
		</trkpt>
		<trkpt lat="34.563591" lon="126.987313">
			<ele>0.00</ele>
			<time>2020-01-20T02:42:55.30Z</time>
		</trkpt>
		<trkpt lat="34.563178" lon="126.987763">
			<ele>0.00</ele>
			<time>2020-01-20T02:42:58.99Z</time>
		</trkpt>
		<trkpt lat="34.562922" lon="126.988006">
			<ele>0.00</ele>
			<time>2020-01-20T02:43:01.16Z</time>
		</trkpt>
		<trkpt lat="34.562772" lon="126.988113">
			<ele>0.00</ele>
			<time>2020-01-20T02:43:02.32Z</time>
		</trkpt>
		<trkpt lat="34.562640" lon="126.988190">
			<ele>0.00</ele>
			<time>2020-01-20T02:43:03.30Z</time>
		</trkpt>
		<trkpt lat="34.562554" lon="126.988254">
			<ele>0.00</ele>
			<time>2020-01-20T02:43:03.97Z</time>
		</trkpt>
		<trkpt lat="34.562452" lon="126.988337">
			<ele>0.00</ele>
			<time>2020-01-20T02:43:04.79Z</time>
		</trkpt>
		<trkpt lat="34.562376" lon="126.988438">
			<ele>0.00</ele>
			<time>2020-01-20T02:43:05.54Z</time>
		</trkpt>
		<trkpt lat="34.562293" lon="126.988543">
			<ele>0.00</ele>
			<time>2020-01-20T02:43:06.34Z</time>
		</trkpt>
		<trkpt lat="34.562240" lon="126.988661">
			<ele>0.00</ele>
			<time>2020-01-20T02:43:07.08Z</time>
		</trkpt>
		<trkpt lat="34.562202" lon="126.988794">
			<ele>0.00</ele>
			<time>2020-01-20T02:43:07.85Z</time>
		</trkpt>
		<trkpt lat="34.562174" lon="126.988912">
			<ele>0.00</ele>
			<time>2020-01-20T02:43:08.53Z</time>
		</trkpt>
		<trkpt lat="34.562140" lon="126.989052">
			<ele>0.00</ele>
			<time>2020-01-20T02:43:09.33Z</time>
		</trkpt>
		<trkpt lat="34.562096" lon="126.989123">
			<ele>0.00</ele>
			<time>2020-01-20T02:43:09.81Z</time>
		</trkpt>
		<trkpt lat="34.562030" lon="126.989155">
			<ele>0.00</ele>
			<time>2020-01-20T02:43:10.29Z</time>
		</trkpt>
		<trkpt lat="34.561963" lon="126.989143">
			<ele>0.00</ele>
			<time>2020-01-20T02:43:10.74Z</time>
		</trkpt>
		<trkpt lat="34.561855" lon="126.989095">
			<ele>0.00</ele>
			<time>2020-01-20T02:43:11.51Z</time>
		</trkpt>
		<trkpt lat="34.561703" lon="126.989041">
			<ele>0.00</ele>
			<time>2020-01-20T02:43:12.56Z</time>
		</trkpt>
		<trkpt lat="34.561577" lon="126.988980">
			<ele>0.00</ele>
			<time>2020-01-20T02:43:13.46Z</time>
		</trkpt>
		<trkpt lat="34.561046" lon="126.988711">
			<ele>0.00</ele>
			<time>2020-01-20T02:43:17.30Z</time>
		</trkpt>
		<trkpt lat="34.560684" lon="126.988571">
			<ele>0.00</ele>
			<time>2020-01-20T02:43:19.84Z</time>
		</trkpt>
		<trkpt lat="34.560453" lon="126.988467">
			<ele>0.00</ele>
			<time>2020-01-20T02:43:21.47Z</time>
		</trkpt>
		<trkpt lat="34.559951" lon="126.988273">
			<ele>0.00</ele>
			<time>2020-01-20T02:43:24.99Z</time>
		</trkpt>
		<trkpt lat="34.559542" lon="126.988097">
			<ele>0.00</ele>
			<time>2020-01-20T02:43:27.88Z</time>
		</trkpt>
		<trkpt lat="34.559260" lon="126.987988">
			<ele>0.00</ele>
			<time>2020-01-20T02:43:29.86Z</time>
		</trkpt>
		<trkpt lat="34.559005" lon="126.987883">
			<ele>0.00</ele>
			<time>2020-01-20T02:43:31.65Z</time>
		</trkpt>
		<trkpt lat="34.558687" lon="126.987744">
			<ele>0.00</ele>
			<time>2020-01-20T02:43:33.90Z</time>
		</trkpt>
		<trkpt lat="34.558535" lon="126.987685">
			<ele>0.00</ele>
			<time>2020-01-20T02:43:34.96Z</time>
		</trkpt>
		<trkpt lat="34.558372" lon="126.987616">
			<ele>0.00</ele>
			<time>2020-01-20T02:43:36.12Z</time>
		</trkpt>
		<trkpt lat="34.558292" lon="126.987580">
			<ele>0.00</ele>
			<time>2020-01-20T02:43:36.69Z</time>
		</trkpt>
		<trkpt lat="34.558278" lon="126.987571">
			<ele>0.00</ele>
			<time>2020-01-20T02:43:36.79Z</time>
		</trkpt>
		<trkpt lat="34.557262" lon="126.987150">
			<ele>0.00</ele>
			<time>2020-01-20T02:43:43.95Z</time>
		</trkpt>
		<trkpt lat="34.556378" lon="126.986792">
			<ele>0.00</ele>
			<time>2020-01-20T02:43:50.16Z</time>
		</trkpt>
		<trkpt lat="34.555594" lon="126.986432">
			<ele>0.00</ele>
			<time>2020-01-20T02:43:55.75Z</time>
		</trkpt>
		<trkpt lat="34.555508" lon="126.986431">
			<ele>0.00</ele>
			<time>2020-01-20T02:43:56.32Z</time>
		</trkpt>
		<trkpt lat="34.555472" lon="126.986457">
			<ele>0.00</ele>
			<time>2020-01-20T02:43:56.60Z</time>
		</trkpt>
		<trkpt lat="34.555405" lon="126.986527">
			<ele>0.00</ele>
			<time>2020-01-20T02:43:57.19Z</time>
		</trkpt>
		<trkpt lat="34.555321" lon="126.986608">
			<ele>0.00</ele>
			<time>2020-01-20T02:43:57.91Z</time>
		</trkpt>
		<trkpt lat="34.555246" lon="126.986694">
			<ele>0.00</ele>
			<time>2020-01-20T02:43:58.59Z</time>
		</trkpt>
		<trkpt lat="34.555198" lon="126.986766">
			<ele>0.00</ele>
			<time>2020-01-20T02:43:59.10Z</time>
		</trkpt>
		<trkpt lat="34.555114" lon="126.986890">
			<ele>0.00</ele>
			<time>2020-01-20T02:43:59.98Z</time>
		</trkpt>
		<trkpt lat="34.555043" lon="126.987003">
			<ele>0.00</ele>
			<time>2020-01-20T02:44:00.76Z</time>
		</trkpt>
		<trkpt lat="34.554995" lon="126.987149">
			<ele>0.00</ele>
			<time>2020-01-20T02:44:01.63Z</time>
		</trkpt>
		<trkpt lat="34.554964" lon="126.987276">
			<ele>0.00</ele>
			<time>2020-01-20T02:44:02.35Z</time>
		</trkpt>
		<trkpt lat="34.554895" lon="126.987477">
			<ele>0.00</ele>
			<time>2020-01-20T02:44:03.55Z</time>
		</trkpt>
		<trkpt lat="34.554814" lon="126.987617">
			<ele>0.00</ele>
			<time>2020-01-20T02:44:04.49Z</time>
		</trkpt>
		<trkpt lat="34.554809" lon="126.987623">
			<ele>0.00</ele>
			<time>2020-01-20T02:44:04.55Z</time>
		</trkpt>
		<trkpt lat="34.554648" lon="126.987811">
			<ele>0.00</ele>
			<time>2020-01-20T02:44:06.04Z</time>
		</trkpt>
		<trkpt lat="34.554542" lon="126.987911">
			<ele>0.00</ele>
			<time>2020-01-20T02:44:06.93Z</time>
		</trkpt>
		<trkpt lat="34.554529" lon="126.987914">
			<ele>0.00</ele>
			<time>2020-01-20T02:44:07.02Z</time>
		</trkpt>
		<trkpt lat="34.554404" lon="126.988043">
			<ele>0.00</ele>
			<time>2020-01-20T02:44:08.11Z</time>
		</trkpt>
		<trkpt lat="34.554268" lon="126.988322">
			<ele>0.00</ele>
			<time>2020-01-20T02:44:09.89Z</time>
		</trkpt>
		<trkpt lat="34.554022" lon="126.988858">
			<ele>0.00</ele>
			<time>2020-01-20T02:44:13.26Z</time>
		</trkpt>
		<trkpt lat="34.553893" lon="126.989205">
			<ele>0.00</ele>
			<time>2020-01-20T02:44:15.35Z</time>
		</trkpt>
		<trkpt lat="34.553847" lon="126.989378">
			<ele>0.00</ele>
			<time>2020-01-20T02:44:16.35Z</time>
		</trkpt>
		<trkpt lat="34.553769" lon="126.989545">
			<ele>0.00</ele>
			<time>2020-01-20T02:44:17.40Z</time>
		</trkpt>
		<trkpt lat="34.553724" lon="126.989619">
			<ele>0.00</ele>
			<time>2020-01-20T02:44:17.91Z</time>
		</trkpt>
		<trkpt lat="34.553656" lon="126.989709">
			<ele>0.00</ele>
			<time>2020-01-20T02:44:18.58Z</time>
		</trkpt>
		<trkpt lat="34.553579" lon="126.989779">
			<ele>0.00</ele>
			<time>2020-01-20T02:44:19.22Z</time>
		</trkpt>
		<trkpt lat="34.553502" lon="126.989888">
			<ele>0.00</ele>
			<time>2020-01-20T02:44:20.01Z</time>
		</trkpt>
		<trkpt lat="34.553383" lon="126.989962">
			<ele>0.00</ele>
			<time>2020-01-20T02:44:20.90Z</time>
		</trkpt>
		<trkpt lat="34.553228" lon="126.990046">
			<ele>0.00</ele>
			<time>2020-01-20T02:44:22.03Z</time>
		</trkpt>
		<trkpt lat="34.552960" lon="126.990045">
			<ele>0.00</ele>
			<time>2020-01-20T02:44:23.82Z</time>
		</trkpt>
		<trkpt lat="34.552824" lon="126.990001">
			<ele>0.00</ele>
			<time>2020-01-20T02:44:24.76Z</time>
		</trkpt>
		<trkpt lat="34.552590" lon="126.989932">
			<ele>0.00</ele>
			<time>2020-01-20T02:44:26.36Z</time>
		</trkpt>
		<trkpt lat="34.552310" lon="126.989860">
			<ele>0.00</ele>
			<time>2020-01-20T02:44:28.27Z</time>
		</trkpt>
		<trkpt lat="34.552085" lon="126.989793">
			<ele>0.00</ele>
			<time>2020-01-20T02:44:29.82Z</time>
		</trkpt>
		<trkpt lat="34.551974" lon="126.989746">
			<ele>0.00</ele>
			<time>2020-01-20T02:44:30.60Z</time>
		</trkpt>
		<trkpt lat="34.551805" lon="126.989621">
			<ele>0.00</ele>
			<time>2020-01-20T02:44:31.92Z</time>
		</trkpt>
		<trkpt lat="34.551628" lon="126.989459">
			<ele>0.00</ele>
			<time>2020-01-20T02:44:33.40Z</time>
		</trkpt>
		<trkpt lat="34.551521" lon="126.989311">
			<ele>0.00</ele>
			<time>2020-01-20T02:44:34.48Z</time>
		</trkpt>
		<trkpt lat="34.551492" lon="126.989136">
			<ele>0.00</ele>
			<time>2020-01-20T02:44:35.46Z</time>
		</trkpt>
		<trkpt lat="34.551462" lon="126.988950">
			<ele>0.00</ele>
			<time>2020-01-20T02:44:36.50Z</time>
		</trkpt>
		<trkpt lat="34.551420" lon="126.988827">
			<ele>0.00</ele>
			<time>2020-01-20T02:44:37.23Z</time>
		</trkpt>
		<trkpt lat="34.551330" lon="126.988614">
			<ele>0.00</ele>
			<time>2020-01-20T02:44:38.55Z</time>
		</trkpt>
		<trkpt lat="34.551180" lon="126.988403">
			<ele>0.00</ele>
			<time>2020-01-20T02:44:40.07Z</time>
		</trkpt>
		<trkpt lat="34.550995" lon="126.988207">
			<ele>0.00</ele>
			<time>2020-01-20T02:44:41.71Z</time>
		</trkpt>
		<trkpt lat="34.550765" lon="126.988049">
			<ele>0.00</ele>
			<time>2020-01-20T02:44:43.48Z</time>
		</trkpt>
		<trkpt lat="34.550495" lon="126.987898">
			<ele>0.00</ele>
			<time>2020-01-20T02:44:45.46Z</time>
		</trkpt>
		<trkpt lat="34.550318" lon="126.987808">
			<ele>0.00</ele>
			<time>2020-01-20T02:44:46.74Z</time>
		</trkpt>
		<trkpt lat="34.550077" lon="126.987635">
			<ele>0.00</ele>
			<time>2020-01-20T02:44:48.60Z</time>
		</trkpt>
		<trkpt lat="34.549917" lon="126.987499">
			<ele>0.00</ele>
			<time>2020-01-20T02:44:49.91Z</time>
		</trkpt>
		<trkpt lat="34.549803" lon="126.987308">
			<ele>0.00</ele>
			<time>2020-01-20T02:44:51.20Z</time>
		</trkpt>
		<trkpt lat="34.549686" lon="126.987109">
			<ele>0.00</ele>
			<time>2020-01-20T02:44:52.54Z</time>
		</trkpt>
		<trkpt lat="34.549554" lon="126.986901">
			<ele>0.00</ele>
			<time>2020-01-20T02:44:53.98Z</time>
		</trkpt>
		<trkpt lat="34.549374" lon="126.986686">
			<ele>0.00</ele>
			<time>2020-01-20T02:44:55.67Z</time>
		</trkpt>
		<trkpt lat="34.549200" lon="126.986546">
			<ele>0.00</ele>
			<time>2020-01-20T02:44:57.06Z</time>
		</trkpt>
		<trkpt lat="34.549057" lon="126.986384">
			<ele>0.00</ele>
			<time>2020-01-20T02:44:58.37Z</time>
		</trkpt>
		<trkpt lat="34.548826" lon="126.986222">
			<ele>0.00</ele>
			<time>2020-01-20T02:45:00.14Z</time>
		</trkpt>
		<trkpt lat="34.548475" lon="126.986091">
			<ele>0.00</ele>
			<time>2020-01-20T02:45:02.59Z</time>
		</trkpt>
		<trkpt lat="34.548112" lon="126.985959">
			<ele>0.00</ele>
			<time>2020-01-20T02:45:05.11Z</time>
		</trkpt>
		<trkpt lat="34.547839" lon="126.985870">
			<ele>0.00</ele>
			<time>2020-01-20T02:45:07Z</time>
		</trkpt>
		<trkpt lat="34.547601" lon="126.985799">
			<ele>0.00</ele>
			<time>2020-01-20T02:45:08.63Z</time>
		</trkpt>
		<trkpt lat="34.547376" lon="126.985740">
			<ele>0.00</ele>
			<time>2020-01-20T02:45:10.17Z</time>
		</trkpt>
		<trkpt lat="34.547152" lon="126.985739">
			<ele>0.00</ele>
			<time>2020-01-20T02:45:11.66Z</time>
		</trkpt>
		<trkpt lat="34.546929" lon="126.985787">
			<ele>0.00</ele>
			<time>2020-01-20T02:45:13.17Z</time>
		</trkpt>
		<trkpt lat="34.546766" lon="126.985812">
			<ele>0.00</ele>
			<time>2020-01-20T02:45:14.27Z</time>
		</trkpt>
		<trkpt lat="34.546591" lon="126.985855">
			<ele>0.00</ele>
			<time>2020-01-20T02:45:15.46Z</time>
		</trkpt>
		<trkpt lat="34.546258" lon="126.985918">
			<ele>0.00</ele>
			<time>2020-01-20T02:45:17.71Z</time>
		</trkpt>
		<trkpt lat="34.546056" lon="126.985967">
			<ele>0.00</ele>
			<time>2020-01-20T02:45:19.08Z</time>
		</trkpt>
		<trkpt lat="34.545817" lon="126.986051">
			<ele>0.00</ele>
			<time>2020-01-20T02:45:20.73Z</time>
		</trkpt>
		<trkpt lat="34.545538" lon="126.986170">
			<ele>0.00</ele>
			<time>2020-01-20T02:45:22.71Z</time>
		</trkpt>
		<trkpt lat="34.545341" lon="126.986340">
			<ele>0.00</ele>
			<time>2020-01-20T02:45:24.32Z</time>
		</trkpt>
		<trkpt lat="34.545228" lon="126.986458">
			<ele>0.00</ele>
			<time>2020-01-20T02:45:25.31Z</time>
		</trkpt>
		<trkpt lat="34.545076" lon="126.986781">
			<ele>0.00</ele>
			<time>2020-01-20T02:45:27.36Z</time>
		</trkpt>
		<trkpt lat="34.544944" lon="126.987122">
			<ele>0.00</ele>
			<time>2020-01-20T02:45:29.42Z</time>
		</trkpt>
		<trkpt lat="34.544879" lon="126.987343">
			<ele>0.00</ele>
			<time>2020-01-20T02:45:30.71Z</time>
		</trkpt>
		<trkpt lat="34.544874" lon="126.987427">
			<ele>0.00</ele>
			<time>2020-01-20T02:45:31.18Z</time>
		</trkpt>
		<trkpt lat="34.544943" lon="126.987693">
			<ele>0.00</ele>
			<time>2020-01-20T02:45:32.71Z</time>
		</trkpt>
		<trkpt lat="34.544979" lon="126.987912">
			<ele>0.00</ele>
			<time>2020-01-20T02:45:33.93Z</time>
		</trkpt>
		<trkpt lat="34.545040" lon="126.988091">
			<ele>0.00</ele>
			<time>2020-01-20T02:45:35Z</time>
		</trkpt>
		<trkpt lat="34.545111" lon="126.988364">
			<ele>0.00</ele>
			<time>2020-01-20T02:45:36.57Z</time>
		</trkpt>
		<trkpt lat="34.545173" lon="126.988575">
			<ele>0.00</ele>
			<time>2020-01-20T02:45:37.80Z</time>
		</trkpt>
		<trkpt lat="34.545152" lon="126.988758">
			<ele>0.00</ele>
			<time>2020-01-20T02:45:38.81Z</time>
		</trkpt>
		<trkpt lat="34.545113" lon="126.988843">
			<ele>0.00</ele>
			<time>2020-01-20T02:45:39.35Z</time>
		</trkpt>
		<trkpt lat="34.545035" lon="126.988892">
			<ele>0.00</ele>
			<time>2020-01-20T02:45:39.93Z</time>
		</trkpt>
		<trkpt lat="34.544959" lon="126.988883">
			<ele>0.00</ele>
			<time>2020-01-20T02:45:40.44Z</time>
		</trkpt>
		<trkpt lat="34.544854" lon="126.988811">
			<ele>0.00</ele>
			<time>2020-01-20T02:45:41.25Z</time>
		</trkpt>
		<trkpt lat="34.544727" lon="126.988669">
			<ele>0.00</ele>
			<time>2020-01-20T02:45:42.40Z</time>
		</trkpt>
		<trkpt lat="34.544584" lon="126.988440">
			<ele>0.00</ele>
			<time>2020-01-20T02:45:43.98Z</time>
		</trkpt>
		<trkpt lat="34.544469" lon="126.988358">
			<ele>0.00</ele>
			<time>2020-01-20T02:45:44.87Z</time>
		</trkpt>
		<trkpt lat="34.544176" lon="126.988213">
			<ele>0.00</ele>
			<time>2020-01-20T02:45:46.97Z</time>
		</trkpt>
		<trkpt lat="34.543978" lon="126.988130">
			<ele>0.00</ele>
			<time>2020-01-20T02:45:48.37Z</time>
		</trkpt>
		<trkpt lat="34.543812" lon="126.988035">
			<ele>0.00</ele>
			<time>2020-01-20T02:45:49.59Z</time>
		</trkpt>
		<trkpt lat="34.543609" lon="126.987943">
			<ele>0.00</ele>
			<time>2020-01-20T02:45:51.04Z</time>
		</trkpt>
		<trkpt lat="34.543445" lon="126.987881">
			<ele>0.00</ele>
			<time>2020-01-20T02:45:52.18Z</time>
		</trkpt>
		<trkpt lat="34.543226" lon="126.987846">
			<ele>0.00</ele>
			<time>2020-01-20T02:45:53.66Z</time>
		</trkpt>
		<trkpt lat="34.542982" lon="126.987837">
			<ele>0.00</ele>
			<time>2020-01-20T02:45:55.29Z</time>
		</trkpt>
		<trkpt lat="34.542786" lon="126.987807">
			<ele>0.00</ele>
			<time>2020-01-20T02:45:56.60Z</time>
		</trkpt>
		<trkpt lat="34.542556" lon="126.987797">
			<ele>0.00</ele>
			<time>2020-01-20T02:45:58.14Z</time>
		</trkpt>
		<trkpt lat="34.542378" lon="126.987816">
			<ele>0.00</ele>
			<time>2020-01-20T02:45:59.33Z</time>
		</trkpt>
		<trkpt lat="34.542215" lon="126.987891">
			<ele>0.00</ele>
			<time>2020-01-20T02:46:00.48Z</time>
		</trkpt>
		<trkpt lat="34.542006" lon="126.987994">
			<ele>0.00</ele>
			<time>2020-01-20T02:46:01.99Z</time>
		</trkpt>
		<trkpt lat="34.541831" lon="126.988073">
			<ele>0.00</ele>
			<time>2020-01-20T02:46:03.24Z</time>
		</trkpt>
		<trkpt lat="34.541591" lon="126.988237">
			<ele>0.00</ele>
			<time>2020-01-20T02:46:05.07Z</time>
		</trkpt>
		<trkpt lat="34.541459" lon="126.988324">
			<ele>0.00</ele>
			<time>2020-01-20T02:46:06.07Z</time>
		</trkpt>
		<trkpt lat="34.541416" lon="126.988364">
			<ele>0.00</ele>
			<time>2020-01-20T02:46:06.43Z</time>
		</trkpt>
		<trkpt lat="34.541368" lon="126.988395">
			<ele>0.00</ele>
			<time>2020-01-20T02:46:06.79Z</time>
		</trkpt>
		<trkpt lat="34.541234" lon="126.988509">
			<ele>0.00</ele>
			<time>2020-01-20T02:46:07.89Z</time>
		</trkpt>
		<trkpt lat="34.541055" lon="126.988600">
			<ele>0.00</ele>
			<time>2020-01-20T02:46:09.18Z</time>
		</trkpt>
		<trkpt lat="34.540919" lon="126.988662">
			<ele>0.00</ele>
			<time>2020-01-20T02:46:10.15Z</time>
		</trkpt>
		<trkpt lat="34.540727" lon="126.988603">
			<ele>0.00</ele>
			<time>2020-01-20T02:46:11.47Z</time>
		</trkpt>
		<trkpt lat="34.540597" lon="126.988428">
			<ele>0.00</ele>
			<time>2020-01-20T02:46:12.77Z</time>
		</trkpt>
		<trkpt lat="34.540327" lon="126.987909">
			<ele>0.00</ele>
			<time>2020-01-20T02:46:16.14Z</time>
		</trkpt>
		<trkpt lat="34.540175" lon="126.987612">
			<ele>0.00</ele>
			<time>2020-01-20T02:46:18.06Z</time>
		</trkpt>
		<trkpt lat="34.540159" lon="126.987617">
			<ele>0.00</ele>
			<time>2020-01-20T02:46:18.16Z</time>
		</trkpt>
		<trkpt lat="34.540106" lon="126.987390">
			<ele>0.00</ele>
			<time>2020-01-20T02:46:19.46Z</time>
		</trkpt>
		<trkpt lat="34.540073" lon="126.987174">
			<ele>0.00</ele>
			<time>2020-01-20T02:46:20.67Z</time>
		</trkpt>
		<trkpt lat="34.540062" lon="126.986940">
			<ele>0.00</ele>
			<time>2020-01-20T02:46:21.95Z</time>
		</trkpt>
		<trkpt lat="34.540062" lon="126.986802">
			<ele>0.00</ele>
			<time>2020-01-20T02:46:22.71Z</time>
		</trkpt>
		<trkpt lat="34.540062" lon="126.986667">
			<ele>0.00</ele>
			<time>2020-01-20T02:46:23.46Z</time>
		</trkpt>
		<trkpt lat="34.540118" lon="126.986464">
			<ele>0.00</ele>
			<time>2020-01-20T02:46:24.63Z</time>
		</trkpt>
		<trkpt lat="34.540171" lon="126.986344">
			<ele>0.00</ele>
			<time>2020-01-20T02:46:25.38Z</time>
		</trkpt>
		<trkpt lat="34.540196" lon="126.986206">
			<ele>0.00</ele>
			<time>2020-01-20T02:46:26.15Z</time>
		</trkpt>
		<trkpt lat="34.540193" lon="126.986077">
			<ele>0.00</ele>
			<time>2020-01-20T02:46:26.86Z</time>
		</trkpt>
		<trkpt lat="34.540177" lon="126.985962">
			<ele>0.00</ele>
			<time>2020-01-20T02:46:27.50Z</time>
		</trkpt>
		<trkpt lat="34.540116" lon="126.985820">
			<ele>0.00</ele>
			<time>2020-01-20T02:46:28.38Z</time>
		</trkpt>
		<trkpt lat="34.540036" lon="126.985619">
			<ele>0.00</ele>
			<time>2020-01-20T02:46:29.61Z</time>
		</trkpt>
		<trkpt lat="34.539986" lon="126.985463">
			<ele>0.00</ele>
			<time>2020-01-20T02:46:30.53Z</time>
		</trkpt>
		<trkpt lat="34.539949" lon="126.985368">
			<ele>0.00</ele>
			<time>2020-01-20T02:46:31.10Z</time>
		</trkpt>
		<trkpt lat="34.539947" lon="126.985342">
			<ele>0.00</ele>
			<time>2020-01-20T02:46:31.25Z</time>
		</trkpt>
		<trkpt lat="34.539870" lon="126.985228">
			<ele>0.00</ele>
			<time>2020-01-20T02:46:32.06Z</time>
		</trkpt>
		<trkpt lat="34.539738" lon="126.985164">
			<ele>0.00</ele>
			<time>2020-01-20T02:46:33Z</time>
		</trkpt>
		<trkpt lat="34.539542" lon="126.985099">
			<ele>0.00</ele>
			<time>2020-01-20T02:46:34.36Z</time>
		</trkpt>
		<trkpt lat="34.539320" lon="126.985012">
			<ele>0.00</ele>
			<time>2020-01-20T02:46:35.91Z</time>
		</trkpt>
		<trkpt lat="34.538933" lon="126.984894">
			<ele>0.00</ele>
			<time>2020-01-20T02:46:38.57Z</time>
		</trkpt>
		<trkpt lat="34.538639" lon="126.984798">
			<ele>0.00</ele>
			<time>2020-01-20T02:46:40.60Z</time>
		</trkpt>
		<trkpt lat="34.538311" lon="126.984701">
			<ele>0.00</ele>
			<time>2020-01-20T02:46:42.85Z</time>
		</trkpt>
		<trkpt lat="34.537958" lon="126.984587">
			<ele>0.00</ele>
			<time>2020-01-20T02:46:45.29Z</time>
		</trkpt>
		<trkpt lat="34.537450" lon="126.984425">
			<ele>0.00</ele>
			<time>2020-01-20T02:46:48.79Z</time>
		</trkpt>
		<trkpt lat="34.536890" lon="126.984250">
			<ele>0.00</ele>
			<time>2020-01-20T02:46:52.64Z</time>
		</trkpt>
		<trkpt lat="34.536369" lon="126.984083">
			<ele>0.00</ele>
			<time>2020-01-20T02:46:56.24Z</time>
		</trkpt>
		<trkpt lat="34.535702" lon="126.983864">
			<ele>0.00</ele>
			<time>2020-01-20T02:47:00.84Z</time>
		</trkpt>
		<trkpt lat="34.535043" lon="126.983661">
			<ele>0.00</ele>
			<time>2020-01-20T02:47:05.38Z</time>
		</trkpt>
		<trkpt lat="34.534321" lon="126.983441">
			<ele>0.00</ele>
			<time>2020-01-20T02:47:10.34Z</time>
		</trkpt>
		<trkpt lat="34.533617" lon="126.983209">
			<ele>0.00</ele>
			<time>2020-01-20T02:47:15.20Z</time>
		</trkpt>
		<trkpt lat="34.532999" lon="126.983020">
			<ele>0.00</ele>
			<time>2020-01-20T02:47:19.45Z</time>
		</trkpt>
		<trkpt lat="34.532380" lon="126.982833">
			<ele>0.00</ele>
			<time>2020-01-20T02:47:23.70Z</time>
		</trkpt>
		<trkpt lat="34.531631" lon="126.982602">
			<ele>0.00</ele>
			<time>2020-01-20T02:47:28.86Z</time>
		</trkpt>
		<trkpt lat="34.530821" lon="126.982351">
			<ele>0.00</ele>
			<time>2020-01-20T02:47:34.43Z</time>
		</trkpt>
		<trkpt lat="34.529973" lon="126.982080">
			<ele>0.00</ele>
			<time>2020-01-20T02:47:40.27Z</time>
		</trkpt>
		<trkpt lat="34.529558" lon="126.981950">
			<ele>0.00</ele>
			<time>2020-01-20T02:47:43.13Z</time>
		</trkpt>
		<trkpt lat="34.528971" lon="126.981765">
			<ele>0.00</ele>
			<time>2020-01-20T02:47:47.17Z</time>
		</trkpt>
		<trkpt lat="34.528234" lon="126.981534">
			<ele>0.00</ele>
			<time>2020-01-20T02:47:52.25Z</time>
		</trkpt>
		<trkpt lat="34.527564" lon="126.981319">
			<ele>0.00</ele>
			<time>2020-01-20T02:47:56.87Z</time>
		</trkpt>
		<trkpt lat="34.526741" lon="126.981061">
			<ele>0.00</ele>
			<time>2020-01-20T02:48:02.54Z</time>
		</trkpt>
		<trkpt lat="34.526026" lon="126.980844">
			<ele>0.00</ele>
			<time>2020-01-20T02:48:07.45Z</time>
		</trkpt>
		<trkpt lat="34.525365" lon="126.980617">
			<ele>0.00</ele>
			<time>2020-01-20T02:48:12.03Z</time>
		</trkpt>
		<trkpt lat="34.524630" lon="126.980388">
			<ele>0.00</ele>
			<time>2020-01-20T02:48:17.09Z</time>
		</trkpt>
		<trkpt lat="34.523857" lon="126.980139">
			<ele>0.00</ele>
			<time>2020-01-20T02:48:22.42Z</time>
		</trkpt>
		<trkpt lat="34.522854" lon="126.979821">
			<ele>0.00</ele>
			<time>2020-01-20T02:48:29.33Z</time>
		</trkpt>
		<trkpt lat="34.522008" lon="126.979564">
			<ele>0.00</ele>
			<time>2020-01-20T02:48:35.15Z</time>
		</trkpt>
		<trkpt lat="34.521104" lon="126.979268">
			<ele>0.00</ele>
			<time>2020-01-20T02:48:41.38Z</time>
		</trkpt>
		<trkpt lat="34.520146" lon="126.978968">
			<ele>0.00</ele>
			<time>2020-01-20T02:48:47.98Z</time>
		</trkpt>
		<trkpt lat="34.519277" lon="126.978702">
			<ele>0.00</ele>
			<time>2020-01-20T02:48:53.96Z</time>
		</trkpt>
		<trkpt lat="34.518229" lon="126.978368">
			<ele>0.00</ele>
			<time>2020-01-20T02:49:01.18Z</time>
		</trkpt>
		<trkpt lat="34.517270" lon="126.978064">
			<ele>0.00</ele>
			<time>2020-01-20T02:49:07.79Z</time>
		</trkpt>
		<trkpt lat="34.516260" lon="126.977740">
			<ele>0.00</ele>
			<time>2020-01-20T02:49:14.75Z</time>
		</trkpt>
		<trkpt lat="34.515260" lon="126.977430">
			<ele>0.00</ele>
			<time>2020-01-20T02:49:21.64Z</time>
		</trkpt>
		<trkpt lat="34.514452" lon="126.977167">
			<ele>0.00</ele>
			<time>2020-01-20T02:49:27.21Z</time>
		</trkpt>
		<trkpt lat="34.514280" lon="126.977075">
			<ele>0.00</ele>
			<time>2020-01-20T02:49:28.46Z</time>
		</trkpt>
		<trkpt lat="34.514093" lon="126.976993">
			<ele>0.00</ele>
			<time>2020-01-20T02:49:29.79Z</time>
		</trkpt>
		<trkpt lat="34.513899" lon="126.976917">
			<ele>0.00</ele>
			<time>2020-01-20T02:49:31.15Z</time>
		</trkpt>
		<trkpt lat="34.513711" lon="126.976850">
			<ele>0.00</ele>
			<time>2020-01-20T02:49:32.46Z</time>
		</trkpt>
		<trkpt lat="34.513584" lon="126.976806">
			<ele>0.00</ele>
			<time>2020-01-20T02:49:33.34Z</time>
		</trkpt>
		<trkpt lat="34.513356" lon="126.976737">
			<ele>0.00</ele>
			<time>2020-01-20T02:49:34.91Z</time>
		</trkpt>
		<trkpt lat="34.513230" lon="126.976727">
			<ele>0.00</ele>
			<time>2020-01-20T02:49:35.74Z</time>
		</trkpt>
		<trkpt lat="34.513178" lon="126.976705">
			<ele>0.00</ele>
			<time>2020-01-20T02:49:36.11Z</time>
		</trkpt>
		<trkpt lat="34.513201" lon="126.976546">
			<ele>0.00</ele>
			<time>2020-01-20T02:49:37Z</time>
		</trkpt>
		<trkpt lat="34.513216" lon="126.976476">
			<ele>0.00</ele>
			<time>2020-01-20T02:49:37.39Z</time>
		</trkpt>
		<trkpt lat="34.513204" lon="126.976351">
			<ele>0.00</ele>
			<time>2020-01-20T02:49:38.08Z</time>
		</trkpt>
		<trkpt lat="34.513204" lon="126.976348">
			<ele>0.00</ele>
			<time>2020-01-20T02:49:38.14Z</time>
		</trkpt>
		<trkpt lat="34.513202" lon="126.976165">
			<ele>0.00</ele>
			<time>2020-01-20T02:49:39.15Z</time>
		</trkpt>
		<trkpt lat="34.513225" lon="126.976031">
			<ele>0.00</ele>
			<time>2020-01-20T02:49:39.90Z</time>
		</trkpt>
		<trkpt lat="34.513249" lon="126.975872">
			<ele>0.00</ele>
			<time>2020-01-20T02:49:40.79Z</time>
		</trkpt>
		<trkpt lat="34.513271" lon="126.975764">
			<ele>0.00</ele>
			<time>2020-01-20T02:49:41.40Z</time>
		</trkpt>
		<trkpt lat="34.513281" lon="126.975716">
			<ele>0.00</ele>
			<time>2020-01-20T02:49:41.67Z</time>
		</trkpt>
		<trkpt lat="34.513263" lon="126.975664">
			<ele>0.00</ele>
			<time>2020-01-20T02:49:41.98Z</time>
		</trkpt>
		<trkpt lat="34.513227" lon="126.975651">
			<ele>0.00</ele>
			<time>2020-01-20T02:49:42.23Z</time>
		</trkpt>
		<trkpt lat="34.513111" lon="126.975644">
			<ele>0.00</ele>
			<time>2020-01-20T02:49:43.01Z</time>
		</trkpt>
		<trkpt lat="34.513024" lon="126.975640">
			<ele>0.00</ele>
			<time>2020-01-20T02:49:43.59Z</time>
		</trkpt>
		<trkpt lat="34.512949" lon="126.975627">
			<ele>0.00</ele>
			<time>2020-01-20T02:49:44.09Z</time>
		</trkpt>
		<trkpt lat="34.512938" lon="126.975576">
			<ele>0.00</ele>
			<time>2020-01-20T02:49:44.38Z</time>
		</trkpt>
		<trkpt lat="34.512955" lon="126.975443">
			<ele>0.00</ele>
			<time>2020-01-20T02:49:45.12Z</time>
		</trkpt>
		<trkpt lat="34.512972" lon="126.975373">
			<ele>0.00</ele>
			<time>2020-01-20T02:49:45.52Z</time>
		</trkpt>
		<trkpt lat="34.513032" lon="126.975235">
			<ele>0.00</ele>
			<time>2020-01-20T02:49:46.38Z</time>
		</trkpt>
		<trkpt lat="34.513034" lon="126.975195">
			<ele>0.00</ele>
			<time>2020-01-20T02:49:46.60Z</time>
		</trkpt>
		<trkpt lat="34.512942" lon="126.975215">
			<ele>0.00</ele>
			<time>2020-01-20T02:49:47.23Z</time>
		</trkpt>
		<trkpt lat="34.512816" lon="126.975255">
			<ele>0.00</ele>
			<time>2020-01-20T02:49:48.09Z</time>
		</trkpt>
		<trkpt lat="34.512717" lon="126.975283">
			<ele>0.00</ele>
			<time>2020-01-20T02:49:48.77Z</time>
		</trkpt>
		<trkpt lat="34.512627" lon="126.975316">
			<ele>0.00</ele>
			<time>2020-01-20T02:49:49.40Z</time>
		</trkpt>
		<trkpt lat="34.512556" lon="126.975328">
			<ele>0.00</ele>
			<time>2020-01-20T02:49:49.88Z</time>
		</trkpt>
		<trkpt lat="34.512479" lon="126.975312">
			<ele>0.00</ele>
			<time>2020-01-20T02:49:50.40Z</time>
		</trkpt>
		<trkpt lat="34.512375" lon="126.975256">
			<ele>0.00</ele>
			<time>2020-01-20T02:49:51.16Z</time>
		</trkpt>
		<trkpt lat="34.512243" lon="126.975136">
			<ele>0.00</ele>
			<time>2020-01-20T02:49:52.26Z</time>
		</trkpt>
		<trkpt lat="34.512081" lon="126.974975">
			<ele>0.00</ele>
			<time>2020-01-20T02:49:53.66Z</time>
		</trkpt>
		<trkpt lat="34.512040" lon="126.974923">
			<ele>0.00</ele>
			<time>2020-01-20T02:49:54.05Z</time>
		</trkpt>
		<trkpt lat="34.512037" lon="126.974839">
			<ele>0.00</ele>
			<time>2020-01-20T02:49:54.51Z</time>
		</trkpt>
		<trkpt lat="34.512027" lon="126.974737">
			<ele>0.00</ele>
			<time>2020-01-20T02:49:55.07Z</time>
		</trkpt>
		<trkpt lat="34.512002" lon="126.974638">
			<ele>0.00</ele>
			<time>2020-01-20T02:49:55.64Z</time>
		</trkpt>
		<trkpt lat="34.511960" lon="126.974555">
			<ele>0.00</ele>
			<time>2020-01-20T02:49:56.18Z</time>
		</trkpt>
		<trkpt lat="34.511892" lon="126.974461">
			<ele>0.00</ele>
			<time>2020-01-20T02:49:56.87Z</time>
		</trkpt>
		<trkpt lat="34.511815" lon="126.974415">
			<ele>0.00</ele>
			<time>2020-01-20T02:49:57.44Z</time>
		</trkpt>
		<trkpt lat="34.511763" lon="126.974399">
			<ele>0.00</ele>
			<time>2020-01-20T02:49:57.79Z</time>
		</trkpt>
		<trkpt lat="34.511750" lon="126.974422">
			<ele>0.00</ele>
			<time>2020-01-20T02:49:57.95Z</time>
		</trkpt>
		<trkpt lat="34.511742" lon="126.974484">
			<ele>0.00</ele>
			<time>2020-01-20T02:49:58.30Z</time>
		</trkpt>
		<trkpt lat="34.511712" lon="126.974542">
			<ele>0.00</ele>
			<time>2020-01-20T02:49:58.67Z</time>
		</trkpt>
		<trkpt lat="34.511686" lon="126.974544">
			<ele>0.00</ele>
			<time>2020-01-20T02:49:58.85Z</time>
		</trkpt>
		<trkpt lat="34.511659" lon="126.974521">
			<ele>0.00</ele>
			<time>2020-01-20T02:49:59.06Z</time>
		</trkpt>
		<trkpt lat="34.511621" lon="126.974458">
			<ele>0.00</ele>
			<time>2020-01-20T02:49:59.49Z</time>
		</trkpt>
		<trkpt lat="34.511618" lon="126.974454">
			<ele>0.00</ele>
			<time>2020-01-20T02:49:59.55Z</time>
		</trkpt>
		<trkpt lat="34.511578" lon="126.974386">
			<ele>0.00</ele>
			<time>2020-01-20T02:50:00.01Z</time>
		</trkpt>
		<trkpt lat="34.511542" lon="126.974314">
			<ele>0.00</ele>
			<time>2020-01-20T02:50:00.47Z</time>
		</trkpt>
		<trkpt lat="34.511498" lon="126.974231">
			<ele>0.00</ele>
			<time>2020-01-20T02:50:01.02Z</time>
		</trkpt>
		<trkpt lat="34.511426" lon="126.974190">
			<ele>0.00</ele>
			<time>2020-01-20T02:50:01.55Z</time>
		</trkpt>
		<trkpt lat="34.511380" lon="126.974158">
			<ele>0.00</ele>
			<time>2020-01-20T02:50:01.90Z</time>
		</trkpt>
		<trkpt lat="34.511295" lon="126.974141">
			<ele>0.00</ele>
			<time>2020-01-20T02:50:02.47Z</time>
		</trkpt>
		<trkpt lat="34.511265" lon="126.974106">
			<ele>0.00</ele>
			<time>2020-01-20T02:50:02.75Z</time>
		</trkpt>
		<trkpt lat="34.511247" lon="126.974063">
			<ele>0.00</ele>
			<time>2020-01-20T02:50:03.02Z</time>
		</trkpt>
		<trkpt lat="34.511235" lon="126.974009">
			<ele>0.00</ele>
			<time>2020-01-20T02:50:03.32Z</time>
		</trkpt>
		<trkpt lat="34.511235" lon="126.973948">
			<ele>0.00</ele>
			<time>2020-01-20T02:50:03.66Z</time>
		</trkpt>
		<trkpt lat="34.511242" lon="126.973901">
			<ele>0.00</ele>
			<time>2020-01-20T02:50:03.92Z</time>
		</trkpt>
		<trkpt lat="34.511262" lon="126.973860">
			<ele>0.00</ele>
			<time>2020-01-20T02:50:04.18Z</time>
		</trkpt>
		<trkpt lat="34.511287" lon="126.973833">
			<ele>0.00</ele>
			<time>2020-01-20T02:50:04.40Z</time>
		</trkpt>
		<trkpt lat="34.511343" lon="126.973795">
			<ele>0.00</ele>
			<time>2020-01-20T02:50:04.83Z</time>
		</trkpt>
		<trkpt lat="34.511416" lon="126.973733">
			<ele>0.00</ele>
			<time>2020-01-20T02:50:05.43Z</time>
		</trkpt>
		<trkpt lat="34.511476" lon="126.973692">
			<ele>0.00</ele>
			<time>2020-01-20T02:50:05.88Z</time>
		</trkpt>
		<trkpt lat="34.511516" lon="126.973666">
			<ele>0.00</ele>
			<time>2020-01-20T02:50:06.19Z</time>
		</trkpt>
		<trkpt lat="34.511588" lon="126.973634">
			<ele>0.00</ele>
			<time>2020-01-20T02:50:06.70Z</time>
		</trkpt>
		<trkpt lat="34.511666" lon="126.973602">
			<ele>0.00</ele>
			<time>2020-01-20T02:50:07.25Z</time>
		</trkpt>
		<trkpt lat="34.511683" lon="126.973543">
			<ele>0.00</ele>
			<time>2020-01-20T02:50:07.59Z</time>
		</trkpt>
		<trkpt lat="34.511691" lon="126.973475">
			<ele>0.00</ele>
			<time>2020-01-20T02:50:07.97Z</time>
		</trkpt>
		<trkpt lat="34.511688" lon="126.973441">
			<ele>0.00</ele>
			<time>2020-01-20T02:50:08.16Z</time>
		</trkpt>
		<trkpt lat="34.511672" lon="126.973418">
			<ele>0.00</ele>
			<time>2020-01-20T02:50:08.32Z</time>
		</trkpt>
		<trkpt lat="34.511626" lon="126.973419">
			<ele>0.00</ele>
			<time>2020-01-20T02:50:08.63Z</time>
		</trkpt>
		<trkpt lat="34.511574" lon="126.973419">
			<ele>0.00</ele>
			<time>2020-01-20T02:50:08.98Z</time>
		</trkpt>
		<trkpt lat="34.511539" lon="126.973408">
			<ele>0.00</ele>
			<time>2020-01-20T02:50:09.21Z</time>
		</trkpt>
		<trkpt lat="34.511510" lon="126.973388">
			<ele>0.00</ele>
			<time>2020-01-20T02:50:09.44Z</time>
		</trkpt>
		<trkpt lat="34.511487" lon="126.973350">
			<ele>0.00</ele>
			<time>2020-01-20T02:50:09.70Z</time>
		</trkpt>
		<trkpt lat="34.511479" lon="126.973283">
			<ele>0.00</ele>
			<time>2020-01-20T02:50:10.07Z</time>
		</trkpt>
		<trkpt lat="34.511491" lon="126.973246">
			<ele>0.00</ele>
			<time>2020-01-20T02:50:10.29Z</time>
		</trkpt>
		<trkpt lat="34.511539" lon="126.973202">
			<ele>0.00</ele>
			<time>2020-01-20T02:50:10.69Z</time>
		</trkpt>
		<trkpt lat="34.511551" lon="126.973169">
			<ele>0.00</ele>
			<time>2020-01-20T02:50:10.89Z</time>
		</trkpt>
		<trkpt lat="34.511565" lon="126.973099">
			<ele>0.00</ele>
			<time>2020-01-20T02:50:11.29Z</time>
		</trkpt>
		<trkpt lat="34.511545" lon="126.973044">
			<ele>0.00</ele>
			<time>2020-01-20T02:50:11.62Z</time>
		</trkpt>
		<trkpt lat="34.511471" lon="126.973041">
			<ele>0.00</ele>
			<time>2020-01-20T02:50:12.11Z</time>
		</trkpt>
		<trkpt lat="34.511426" lon="126.973041">
			<ele>0.00</ele>
			<time>2020-01-20T02:50:12.41Z</time>
		</trkpt>
		<trkpt lat="34.511357" lon="126.973013">
			<ele>0.00</ele>
			<time>2020-01-20T02:50:12.90Z</time>
		</trkpt>
		<trkpt lat="34.511311" lon="126.972993">
			<ele>0.00</ele>
			<time>2020-01-20T02:50:13.22Z</time>
		</trkpt>
		<trkpt lat="34.511241" lon="126.972993">
			<ele>0.00</ele>
			<time>2020-01-20T02:50:13.69Z</time>
		</trkpt>
		<trkpt lat="34.511209" lon="126.972998">
			<ele>0.00</ele>
			<time>2020-01-20T02:50:13.91Z</time>
		</trkpt>
		<trkpt lat="34.511126" lon="126.973017">
			<ele>0.00</ele>
			<time>2020-01-20T02:50:14.47Z</time>
		</trkpt>
		<trkpt lat="34.511052" lon="126.973020">
			<ele>0.00</ele>
			<time>2020-01-20T02:50:14.96Z</time>
		</trkpt>
		<trkpt lat="34.510931" lon="126.973039">
			<ele>0.00</ele>
			<time>2020-01-20T02:50:15.78Z</time>
		</trkpt>
		<trkpt lat="34.510866" lon="126.972976">
			<ele>0.00</ele>
			<time>2020-01-20T02:50:16.33Z</time>
		</trkpt>
		<trkpt lat="34.510822" lon="126.972876">
			<ele>0.00</ele>
			<time>2020-01-20T02:50:16.95Z</time>
		</trkpt>
		<trkpt lat="34.510768" lon="126.972784">
			<ele>0.00</ele>
			<time>2020-01-20T02:50:17.57Z</time>
		</trkpt>
		<trkpt lat="34.510760" lon="126.972689">
			<ele>0.00</ele>
			<time>2020-01-20T02:50:18.10Z</time>
		</trkpt>
		<trkpt lat="34.510769" lon="126.972669">
			<ele>0.00</ele>
			<time>2020-01-20T02:50:18.22Z</time>
		</trkpt>
		<trkpt lat="34.510846" lon="126.972548">
			<ele>0.00</ele>
			<time>2020-01-20T02:50:19.06Z</time>
		</trkpt>
		<trkpt lat="34.510923" lon="126.972435">
			<ele>0.00</ele>
			<time>2020-01-20T02:50:19.87Z</time>
		</trkpt>
		<trkpt lat="34.510946" lon="126.972330">
			<ele>0.00</ele>
			<time>2020-01-20T02:50:20.47Z</time>
		</trkpt>
		<trkpt lat="34.510957" lon="126.972260">
			<ele>0.00</ele>
			<time>2020-01-20T02:50:20.86Z</time>
		</trkpt>
		<trkpt lat="34.510930" lon="126.972175">
			<ele>0.00</ele>
			<time>2020-01-20T02:50:21.36Z</time>
		</trkpt>
		<trkpt lat="34.510880" lon="126.972038">
			<ele>0.00</ele>
			<time>2020-01-20T02:50:22.18Z</time>
		</trkpt>
		<trkpt lat="34.510811" lon="126.971966">
			<ele>0.00</ele>
			<time>2020-01-20T02:50:22.79Z</time>
		</trkpt>
		<trkpt lat="34.510749" lon="126.971902">
			<ele>0.00</ele>
			<time>2020-01-20T02:50:23.33Z</time>
		</trkpt>
		<trkpt lat="34.510693" lon="126.971823">
			<ele>0.00</ele>
			<time>2020-01-20T02:50:23.91Z</time>
		</trkpt>
		<trkpt lat="34.510662" lon="126.971695">
			<ele>0.00</ele>
			<time>2020-01-20T02:50:24.64Z</time>
		</trkpt>
		<trkpt lat="34.510659" lon="126.971573">
			<ele>0.00</ele>
			<time>2020-01-20T02:50:25.31Z</time>
		</trkpt>
		<trkpt lat="34.510673" lon="126.971431">
			<ele>0.00</ele>
			<time>2020-01-20T02:50:26.09Z</time>
		</trkpt>
		<trkpt lat="34.510722" lon="126.971298">
			<ele>0.00</ele>
			<time>2020-01-20T02:50:26.89Z</time>
		</trkpt>
		<trkpt lat="34.510787" lon="126.971216">
			<ele>0.00</ele>
			<time>2020-01-20T02:50:27.52Z</time>
		</trkpt>
		<trkpt lat="34.510851" lon="126.971140">
			<ele>0.00</ele>
			<time>2020-01-20T02:50:28.12Z</time>
		</trkpt>
		<trkpt lat="34.510922" lon="126.971072">
			<ele>0.00</ele>
			<time>2020-01-20T02:50:28.72Z</time>
		</trkpt>
		<trkpt lat="34.510966" lon="126.971032">
			<ele>0.00</ele>
			<time>2020-01-20T02:50:29.09Z</time>
		</trkpt>
		<trkpt lat="34.511032" lon="126.970965">
			<ele>0.00</ele>
			<time>2020-01-20T02:50:29.66Z</time>
		</trkpt>
		<trkpt lat="34.511042" lon="126.970962">
			<ele>0.00</ele>
			<time>2020-01-20T02:50:29.73Z</time>
		</trkpt>
		<trkpt lat="34.511144" lon="126.971108">
			<ele>0.00</ele>
			<time>2020-01-20T02:50:30.78Z</time>
		</trkpt>
		<trkpt lat="34.511216" lon="126.971206">
			<ele>0.00</ele>
			<time>2020-01-20T02:50:31.50Z</time>
		</trkpt>
		<trkpt lat="34.511414" lon="126.971007">
			<ele>0.00</ele>
			<time>2020-01-20T02:50:33.22Z</time>
		</trkpt>
		<trkpt lat="34.511632" lon="126.970787">
			<ele>0.00</ele>
			<time>2020-01-20T02:50:35.11Z</time>
		</trkpt>
		<trkpt lat="34.511500" lon="126.970584">
			<ele>0.00</ele>
			<time>2020-01-20T02:50:36.53Z</time>
		</trkpt>
		<trkpt lat="34.511474" lon="126.970545">
			<ele>0.00</ele>
			<time>2020-01-20T02:50:36.80Z</time>
		</trkpt>
		<trkpt lat="34.511526" lon="126.970495">
			<ele>0.00</ele>
			<time>2020-01-20T02:50:37.25Z</time>
		</trkpt>
		<trkpt lat="34.511526" lon="126.970477">
			<ele>0.00</ele>
			<time>2020-01-20T02:50:37.35Z</time>
		</trkpt>
		<trkpt lat="34.511392" lon="126.970279">
			<ele>0.00</ele>
			<time>2020-01-20T02:50:38.75Z</time>
		</trkpt>
		<trkpt lat="34.511277" lon="126.970177">
			<ele>0.00</ele>
			<time>2020-01-20T02:50:39.70Z</time>
		</trkpt>
		<trkpt lat="34.511129" lon="126.970100">
			<ele>0.00</ele>
			<time>2020-01-20T02:50:40.77Z</time>
		</trkpt>
		<trkpt lat="34.510956" lon="126.969989">
			<ele>0.00</ele>
			<time>2020-01-20T02:50:42.08Z</time>
		</trkpt>
		<trkpt lat="34.510736" lon="126.969853">
			<ele>0.00</ele>
			<time>2020-01-20T02:50:43.73Z</time>
		</trkpt>
		<trkpt lat="34.510661" lon="126.969810">
			<ele>0.00</ele>
			<time>2020-01-20T02:50:44.28Z</time>
		</trkpt>
		<trkpt lat="34.510646" lon="126.969825">
			<ele>0.00</ele>
			<time>2020-01-20T02:50:44.41Z</time>
		</trkpt>
		<trkpt lat="34.510611" lon="126.969749">
			<ele>0.00</ele>
			<time>2020-01-20T02:50:44.89Z</time>
		</trkpt>
		<trkpt lat="34.510574" lon="126.969707">
			<ele>0.00</ele>
			<time>2020-01-20T02:50:45.23Z</time>
		</trkpt>
		<trkpt lat="34.510521" lon="126.969647">
			<ele>0.00</ele>
			<time>2020-01-20T02:50:45.71Z</time>
		</trkpt>
		<trkpt lat="34.510440" lon="126.969559">
			<ele>0.00</ele>
			<time>2020-01-20T02:50:46.44Z</time>
		</trkpt>
		<trkpt lat="34.510373" lon="126.969446">
			<ele>0.00</ele>
			<time>2020-01-20T02:50:47.20Z</time>
		</trkpt>
		<trkpt lat="34.510298" lon="126.969321">
			<ele>0.00</ele>
			<time>2020-01-20T02:50:48.05Z</time>
		</trkpt>
		<trkpt lat="34.510234" lon="126.969203">
			<ele>0.00</ele>
			<time>2020-01-20T02:50:48.83Z</time>
		</trkpt>
		<trkpt lat="34.510158" lon="126.969054">
			<ele>0.00</ele>
			<time>2020-01-20T02:50:49.79Z</time>
		</trkpt>
		<trkpt lat="34.510074" lon="126.968841">
			<ele>0.00</ele>
			<time>2020-01-20T02:50:51.08Z</time>
		</trkpt>
		<trkpt lat="34.510020" lon="126.968661">
			<ele>0.00</ele>
			<time>2020-01-20T02:50:52.14Z</time>
		</trkpt>
		<trkpt lat="34.509989" lon="126.968493">
			<ele>0.00</ele>
			<time>2020-01-20T02:50:53.08Z</time>
		</trkpt>
		<trkpt lat="34.509964" lon="126.968276">
			<ele>0.00</ele>
			<time>2020-01-20T02:50:54.29Z</time>
		</trkpt>
		<trkpt lat="34.509964" lon="126.968172">
			<ele>0.00</ele>
			<time>2020-01-20T02:50:54.86Z</time>
		</trkpt>
		<trkpt lat="34.509967" lon="126.968049">
			<ele>0.00</ele>
			<time>2020-01-20T02:50:55.53Z</time>
		</trkpt>
		<trkpt lat="34.509974" lon="126.967988">
			<ele>0.00</ele>
			<time>2020-01-20T02:50:55.87Z</time>
		</trkpt>
		<trkpt lat="34.509974" lon="126.967931">
			<ele>0.00</ele>
			<time>2020-01-20T02:50:56.18Z</time>
		</trkpt>
		<trkpt lat="34.509947" lon="126.967893">
			<ele>0.00</ele>
			<time>2020-01-20T02:50:56.46Z</time>
		</trkpt>
		<trkpt lat="34.509922" lon="126.967879">
			<ele>0.00</ele>
			<time>2020-01-20T02:50:56.64Z</time>
		</trkpt>
		<trkpt lat="34.509871" lon="126.967876">
			<ele>0.00</ele>
			<time>2020-01-20T02:50:56.98Z</time>
		</trkpt>
		<trkpt lat="34.509811" lon="126.967893">
			<ele>0.00</ele>
			<time>2020-01-20T02:50:57.39Z</time>
		</trkpt>
		<trkpt lat="34.509720" lon="126.967884">
			<ele>0.00</ele>
			<time>2020-01-20T02:50:58Z</time>
		</trkpt>
		<trkpt lat="34.509546" lon="126.967874">
			<ele>0.00</ele>
			<time>2020-01-20T02:50:59.16Z</time>
		</trkpt>
		<trkpt lat="34.509299" lon="126.967872">
			<ele>0.00</ele>
			<time>2020-01-20T02:51:00.81Z</time>
		</trkpt>
		<trkpt lat="34.509021" lon="126.967845">
			<ele>0.00</ele>
			<time>2020-01-20T02:51:02.67Z</time>
		</trkpt>
		<trkpt lat="34.508735" lon="126.967812">
			<ele>0.00</ele>
			<time>2020-01-20T02:51:04.58Z</time>
		</trkpt>
		<trkpt lat="34.508378" lon="126.967774">
			<ele>0.00</ele>
			<time>2020-01-20T02:51:06.97Z</time>
		</trkpt>
		<trkpt lat="34.508026" lon="126.967730">
			<ele>0.00</ele>
			<time>2020-01-20T02:51:09.33Z</time>
		</trkpt>
		<trkpt lat="34.507655" lon="126.967673">
			<ele>0.00</ele>
			<time>2020-01-20T02:51:11.83Z</time>
		</trkpt>
		<trkpt lat="34.507483" lon="126.967653">
			<ele>0.00</ele>
			<time>2020-01-20T02:51:12.98Z</time>
		</trkpt>
		<trkpt lat="34.507375" lon="126.967640">
			<ele>0.00</ele>
			<time>2020-01-20T02:51:13.70Z</time>
		</trkpt>
		<trkpt lat="34.507268" lon="126.967630">
			<ele>0.00</ele>
			<time>2020-01-20T02:51:14.41Z</time>
		</trkpt>
		<trkpt lat="34.507193" lon="126.967642">
			<ele>0.00</ele>
			<time>2020-01-20T02:51:14.92Z</time>
		</trkpt>
		<trkpt lat="34.507119" lon="126.967656">
			<ele>0.00</ele>
			<time>2020-01-20T02:51:15.42Z</time>
		</trkpt>
		<trkpt lat="34.507047" lon="126.967678">
			<ele>0.00</ele>
			<time>2020-01-20T02:51:15.91Z</time>
		</trkpt>
		<trkpt lat="34.506991" lon="126.967681">
			<ele>0.00</ele>
			<time>2020-01-20T02:51:16.29Z</time>
		</trkpt>
		<trkpt lat="34.506886" lon="126.967647">
			<ele>0.00</ele>
			<time>2020-01-20T02:51:17.01Z</time>
		</trkpt>
		<trkpt lat="34.506757" lon="126.967626">
			<ele>0.00</ele>
			<time>2020-01-20T02:51:17.88Z</time>
		</trkpt>
		<trkpt lat="34.506621" lon="126.967594">
			<ele>0.00</ele>
			<time>2020-01-20T02:51:18.80Z</time>
		</trkpt>
		<trkpt lat="34.506471" lon="126.967521">
			<ele>0.00</ele>
			<time>2020-01-20T02:51:19.88Z</time>
		</trkpt>
		<trkpt lat="34.506414" lon="126.967465">
			<ele>0.00</ele>
			<time>2020-01-20T02:51:20.37Z</time>
		</trkpt>
		<trkpt lat="34.506312" lon="126.967435">
			<ele>0.00</ele>
			<time>2020-01-20T02:51:21.07Z</time>
		</trkpt>
		<trkpt lat="34.506199" lon="126.967395">
			<ele>0.00</ele>
			<time>2020-01-20T02:51:21.85Z</time>
		</trkpt>
		<trkpt lat="34.506083" lon="126.967360">
			<ele>0.00</ele>
			<time>2020-01-20T02:51:22.65Z</time>
		</trkpt>
		<trkpt lat="34.506001" lon="126.967340">
			<ele>0.00</ele>
			<time>2020-01-20T02:51:23.21Z</time>
		</trkpt>
		<trkpt lat="34.505907" lon="126.967333">
			<ele>0.00</ele>
			<time>2020-01-20T02:51:23.84Z</time>
		</trkpt>
		<trkpt lat="34.505806" lon="126.967343">
			<ele>0.00</ele>
			<time>2020-01-20T02:51:24.51Z</time>
		</trkpt>
		<trkpt lat="34.505724" lon="126.967358">
			<ele>0.00</ele>
			<time>2020-01-20T02:51:25.07Z</time>
		</trkpt>
		<trkpt lat="34.505655" lon="126.967384">
			<ele>0.00</ele>
			<time>2020-01-20T02:51:25.55Z</time>
		</trkpt>
		<trkpt lat="34.505610" lon="126.967429">
			<ele>0.00</ele>
			<time>2020-01-20T02:51:25.93Z</time>
		</trkpt>
		<trkpt lat="34.505588" lon="126.967482">
			<ele>0.00</ele>
			<time>2020-01-20T02:51:26.26Z</time>
		</trkpt>
		<trkpt lat="34.505560" lon="126.967572">
			<ele>0.00</ele>
			<time>2020-01-20T02:51:26.79Z</time>
		</trkpt>
		<trkpt lat="34.505540" lon="126.967641">
			<ele>0.00</ele>
			<time>2020-01-20T02:51:27.19Z</time>
		</trkpt>
		<trkpt lat="34.505463" lon="126.967755">
			<ele>0.00</ele>
			<time>2020-01-20T02:51:28Z</time>
		</trkpt>
		<trkpt lat="34.505330" lon="126.967950">
			<ele>0.00</ele>
			<time>2020-01-20T02:51:29.40Z</time>
		</trkpt>
		<trkpt lat="34.505285" lon="126.967969">
			<ele>0.00</ele>
			<time>2020-01-20T02:51:29.71Z</time>
		</trkpt>
		<trkpt lat="34.505245" lon="126.967969">
			<ele>0.00</ele>
			<time>2020-01-20T02:51:29.97Z</time>
		</trkpt>
		<trkpt lat="34.505175" lon="126.967933">
			<ele>0.00</ele>
			<time>2020-01-20T02:51:30.48Z</time>
		</trkpt>
		<trkpt lat="34.504974" lon="126.967827">
			<ele>0.00</ele>
			<time>2020-01-20T02:51:31.95Z</time>
		</trkpt>
		<trkpt lat="34.504679" lon="126.967678">
			<ele>0.00</ele>
			<time>2020-01-20T02:51:34.08Z</time>
		</trkpt>
		<trkpt lat="34.504579" lon="126.967581">
			<ele>0.00</ele>
			<time>2020-01-20T02:51:34.93Z</time>
		</trkpt>
		<trkpt lat="34.504465" lon="126.967487">
			<ele>0.00</ele>
			<time>2020-01-20T02:51:35.85Z</time>
		</trkpt>
		<trkpt lat="34.504337" lon="126.967392">
			<ele>0.00</ele>
			<time>2020-01-20T02:51:36.85Z</time>
		</trkpt>
		<trkpt lat="34.503966" lon="126.967189">
			<ele>0.00</ele>
			<time>2020-01-20T02:51:39.56Z</time>
		</trkpt>
		<trkpt lat="34.503617" lon="126.967012">
			<ele>0.00</ele>
			<time>2020-01-20T02:51:42.08Z</time>
		</trkpt>
		<trkpt lat="34.503278" lon="126.966848">
			<ele>0.00</ele>
			<time>2020-01-20T02:51:44.51Z</time>
		</trkpt>
		<trkpt lat="34.502914" lon="126.966659">
			<ele>0.00</ele>
			<time>2020-01-20T02:51:47.15Z</time>
		</trkpt>
		<trkpt lat="34.502807" lon="126.966588">
			<ele>0.00</ele>
			<time>2020-01-20T02:51:47.97Z</time>
		</trkpt>
		<trkpt lat="34.502733" lon="126.966551">
			<ele>0.00</ele>
			<time>2020-01-20T02:51:48.50Z</time>
		</trkpt>
		<trkpt lat="34.502604" lon="126.966481">
			<ele>0.00</ele>
			<time>2020-01-20T02:51:49.44Z</time>
		</trkpt>
		<trkpt lat="34.502435" lon="126.966422">
			<ele>0.00</ele>
			<time>2020-01-20T02:51:50.62Z</time>
		</trkpt>
		<trkpt lat="34.502271" lon="126.966330">
			<ele>0.00</ele>
			<time>2020-01-20T02:51:51.82Z</time>
		</trkpt>
		<trkpt lat="34.501979" lon="126.966182">
			<ele>0.00</ele>
			<time>2020-01-20T02:51:53.93Z</time>
		</trkpt>
		<trkpt lat="34.501866" lon="126.966120">
			<ele>0.00</ele>
			<time>2020-01-20T02:51:54.76Z</time>
		</trkpt>
		<trkpt lat="34.501669" lon="126.966055">
			<ele>0.00</ele>
			<time>2020-01-20T02:51:56.12Z</time>
		</trkpt>
		<trkpt lat="34.501612" lon="126.966007">
			<ele>0.00</ele>
			<time>2020-01-20T02:51:56.58Z</time>
		</trkpt>
		<trkpt lat="34.501513" lon="126.965953">
			<ele>0.00</ele>
			<time>2020-01-20T02:51:57.30Z</time>
		</trkpt>
		<trkpt lat="34.501408" lon="126.965898">
			<ele>0.00</ele>
			<time>2020-01-20T02:51:58.07Z</time>
		</trkpt>
		<trkpt lat="34.501094" lon="126.965748">
			<ele>0.00</ele>
			<time>2020-01-20T02:52:00.31Z</time>
		</trkpt>
		<trkpt lat="34.500782" lon="126.965579">
			<ele>0.00</ele>
			<time>2020-01-20T02:52:02.59Z</time>
		</trkpt>
		<trkpt lat="34.500380" lon="126.965368">
			<ele>0.00</ele>
			<time>2020-01-20T02:52:05.52Z</time>
		</trkpt>
		<trkpt lat="34.499929" lon="126.965129">
			<ele>0.00</ele>
			<time>2020-01-20T02:52:08.80Z</time>
		</trkpt>
		<trkpt lat="34.499775" lon="126.965050">
			<ele>0.00</ele>
			<time>2020-01-20T02:52:09.91Z</time>
		</trkpt>
		<trkpt lat="34.499572" lon="126.964956">
			<ele>0.00</ele>
			<time>2020-01-20T02:52:11.36Z</time>
		</trkpt>
		<trkpt lat="34.499359" lon="126.964857">
			<ele>0.00</ele>
			<time>2020-01-20T02:52:12.88Z</time>
		</trkpt>
		<trkpt lat="34.499034" lon="126.964700">
			<ele>0.00</ele>
			<time>2020-01-20T02:52:15.21Z</time>
		</trkpt>
		<trkpt lat="34.498620" lon="126.964469">
			<ele>0.00</ele>
			<time>2020-01-20T02:52:18.25Z</time>
		</trkpt>
		<trkpt lat="34.498125" lon="126.964233">
			<ele>0.00</ele>
			<time>2020-01-20T02:52:21.80Z</time>
		</trkpt>
		<trkpt lat="34.497731" lon="126.964027">
			<ele>0.00</ele>
			<time>2020-01-20T02:52:24.65Z</time>
		</trkpt>
		<trkpt lat="34.497491" lon="126.963936">
			<ele>0.00</ele>
			<time>2020-01-20T02:52:26.33Z</time>
		</trkpt>
		<trkpt lat="34.497202" lon="126.963792">
			<ele>0.00</ele>
			<time>2020-01-20T02:52:28.41Z</time>
		</trkpt>
		<trkpt lat="34.497001" lon="126.963683">
			<ele>0.00</ele>
			<time>2020-01-20T02:52:29.88Z</time>
		</trkpt>
		<trkpt lat="34.496729" lon="126.963566">
			<ele>0.00</ele>
			<time>2020-01-20T02:52:31.81Z</time>
		</trkpt>
		<trkpt lat="34.496399" lon="126.963432">
			<ele>0.00</ele>
			<time>2020-01-20T02:52:34.13Z</time>
		</trkpt>
		<trkpt lat="34.496237" lon="126.963349">
			<ele>0.00</ele>
			<time>2020-01-20T02:52:35.30Z</time>
		</trkpt>
		<trkpt lat="34.495736" lon="126.963085">
			<ele>0.00</ele>
			<time>2020-01-20T02:52:38.94Z</time>
		</trkpt>
		<trkpt lat="34.495424" lon="126.962924">
			<ele>0.00</ele>
			<time>2020-01-20T02:52:41.20Z</time>
		</trkpt>
		<trkpt lat="34.495396" lon="126.962928">
			<ele>0.00</ele>
			<time>2020-01-20T02:52:41.38Z</time>
		</trkpt>
		<trkpt lat="34.495377" lon="126.962946">
			<ele>0.00</ele>
			<time>2020-01-20T02:52:41.55Z</time>
		</trkpt>
		<trkpt lat="34.495383" lon="126.962949">
			<ele>0.00</ele>
			<time>2020-01-20T02:52:41.61Z</time>
		</trkpt>
		<trkpt lat="34.495343" lon="126.963079">
			<ele>0.00</ele>
			<time>2020-01-20T02:52:42.37Z</time>
		</trkpt>
		<trkpt lat="34.495301" lon="126.963268">
			<ele>0.00</ele>
			<time>2020-01-20T02:52:43.44Z</time>
		</trkpt>
		<trkpt lat="34.495225" lon="126.963604">
			<ele>0.00</ele>
			<time>2020-01-20T02:52:45.36Z</time>
		</trkpt>
		<trkpt lat="34.495194" lon="126.963695">
			<ele>0.00</ele>
			<time>2020-01-20T02:52:45.90Z</time>
		</trkpt>
		<trkpt lat="34.495135" lon="126.963851">
			<ele>0.00</ele>
			<time>2020-01-20T02:52:46.84Z</time>
		</trkpt>
		<trkpt lat="34.495093" lon="126.963953">
			<ele>0.00</ele>
			<time>2020-01-20T02:52:47.47Z</time>
		</trkpt>
		<trkpt lat="34.495053" lon="126.964033">
			<ele>0.00</ele>
			<time>2020-01-20T02:52:47.98Z</time>
		</trkpt>
		<trkpt lat="34.494971" lon="126.964124">
			<ele>0.00</ele>
			<time>2020-01-20T02:52:48.72Z</time>
		</trkpt>
		<trkpt lat="34.494893" lon="126.964199">
			<ele>0.00</ele>
			<time>2020-01-20T02:52:49.39Z</time>
		</trkpt>
		<trkpt lat="34.494664" lon="126.964394">
			<ele>0.00</ele>
			<time>2020-01-20T02:52:51.25Z</time>
		</trkpt>
		<trkpt lat="34.494304" lon="126.964707">
			<ele>0.00</ele>
			<time>2020-01-20T02:52:54.20Z</time>
		</trkpt>
		<trkpt lat="34.494225" lon="126.964786">
			<ele>0.00</ele>
			<time>2020-01-20T02:52:54.89Z</time>
		</trkpt>
		<trkpt lat="34.494133" lon="126.964864">
			<ele>0.00</ele>
			<time>2020-01-20T02:52:55.63Z</time>
		</trkpt>
		<trkpt lat="34.494049" lon="126.964930">
			<ele>0.00</ele>
			<time>2020-01-20T02:52:56.30Z</time>
		</trkpt>
		<trkpt lat="34.493992" lon="126.964973">
			<ele>0.00</ele>
			<time>2020-01-20T02:52:56.75Z</time>
		</trkpt>
		<trkpt lat="34.493936" lon="126.964993">
			<ele>0.00</ele>
			<time>2020-01-20T02:52:57.14Z</time>
		</trkpt>
		<trkpt lat="34.493861" lon="126.965014">
			<ele>0.00</ele>
			<time>2020-01-20T02:52:57.65Z</time>
		</trkpt>
		<trkpt lat="34.493707" lon="126.965054">
			<ele>0.00</ele>
			<time>2020-01-20T02:52:58.70Z</time>
		</trkpt>
		<trkpt lat="34.493601" lon="126.965095">
			<ele>0.00</ele>
			<time>2020-01-20T02:52:59.44Z</time>
		</trkpt>
		<trkpt lat="34.493449" lon="126.965176">
			<ele>0.00</ele>
			<time>2020-01-20T02:53:00.55Z</time>
		</trkpt>
		<trkpt lat="34.493302" lon="126.965266">
			<ele>0.00</ele>
			<time>2020-01-20T02:53:01.65Z</time>
		</trkpt>
		<trkpt lat="34.493180" lon="126.965347">
			<ele>0.00</ele>
			<time>2020-01-20T02:53:02.58Z</time>
		</trkpt>
		<trkpt lat="34.493015" lon="126.965468">
			<ele>0.00</ele>
			<time>2020-01-20T02:53:03.86Z</time>
		</trkpt>
		<trkpt lat="34.492871" lon="126.965567">
			<ele>0.00</ele>
			<time>2020-01-20T02:53:04.97Z</time>
		</trkpt>
		<trkpt lat="34.492654" lon="126.965703">
			<ele>0.00</ele>
			<time>2020-01-20T02:53:06.59Z</time>
		</trkpt>
		<trkpt lat="34.492485" lon="126.965814">
			<ele>0.00</ele>
			<time>2020-01-20T02:53:07.88Z</time>
		</trkpt>
		<trkpt lat="34.492414" lon="126.965859">
			<ele>0.00</ele>
			<time>2020-01-20T02:53:08.41Z</time>
		</trkpt>
		<trkpt lat="34.492292" lon="126.965953">
			<ele>0.00</ele>
			<time>2020-01-20T02:53:09.37Z</time>
		</trkpt>
		<trkpt lat="34.492290" lon="126.965943">
			<ele>0.00</ele>
			<time>2020-01-20T02:53:09.43Z</time>
		</trkpt>
		<trkpt lat="34.492039" lon="126.966047">
			<ele>0.00</ele>
			<time>2020-01-20T02:53:11.20Z</time>
		</trkpt>
		<trkpt lat="34.491790" lon="126.966189">
			<ele>0.00</ele>
			<time>2020-01-20T02:53:13.04Z</time>
		</trkpt>
		<trkpt lat="34.491680" lon="126.966283">
			<ele>0.00</ele>
			<time>2020-01-20T02:53:13.94Z</time>
		</trkpt>
		<trkpt lat="34.491451" lon="126.966474">
			<ele>0.00</ele>
			<time>2020-01-20T02:53:15.78Z</time>
		</trkpt>
		<trkpt lat="34.491249" lon="126.966628">
			<ele>0.00</ele>
			<time>2020-01-20T02:53:17.37Z</time>
		</trkpt>
		<trkpt lat="34.491042" lon="126.966747">
			<ele>0.00</ele>
			<time>2020-01-20T02:53:18.90Z</time>
		</trkpt>
		<trkpt lat="34.490767" lon="126.966901">
			<ele>0.00</ele>
			<time>2020-01-20T02:53:20.92Z</time>
		</trkpt>
		<trkpt lat="34.490567" lon="126.967016">
			<ele>0.00</ele>
			<time>2020-01-20T02:53:22.40Z</time>
		</trkpt>
		<trkpt lat="34.490426" lon="126.967105">
			<ele>0.00</ele>
			<time>2020-01-20T02:53:23.46Z</time>
		</trkpt>
		<trkpt lat="34.490298" lon="126.967172">
			<ele>0.00</ele>
			<time>2020-01-20T02:53:24.39Z</time>
		</trkpt>
		<trkpt lat="34.490138" lon="126.967256">
			<ele>0.00</ele>
			<time>2020-01-20T02:53:25.55Z</time>
		</trkpt>
		<trkpt lat="34.490024" lon="126.967311">
			<ele>0.00</ele>
			<time>2020-01-20T02:53:26.37Z</time>
		</trkpt>
		<trkpt lat="34.489959" lon="126.967339">
			<ele>0.00</ele>
			<time>2020-01-20T02:53:26.83Z</time>
		</trkpt>
		<trkpt lat="34.489891" lon="126.967337">
			<ele>0.00</ele>
			<time>2020-01-20T02:53:27.28Z</time>
		</trkpt>
		<trkpt lat="34.489797" lon="126.967339">
			<ele>0.00</ele>
			<time>2020-01-20T02:53:27.91Z</time>
		</trkpt>
		<trkpt lat="34.489681" lon="126.967310">
			<ele>0.00</ele>
			<time>2020-01-20T02:53:28.70Z</time>
		</trkpt>
		<trkpt lat="34.489523" lon="126.967268">
			<ele>0.00</ele>
			<time>2020-01-20T02:53:29.78Z</time>
		</trkpt>
		<trkpt lat="34.489390" lon="126.967167">
			<ele>0.00</ele>
			<time>2020-01-20T02:53:30.82Z</time>
		</trkpt>
		<trkpt lat="34.489255" lon="126.967080">
			<ele>0.00</ele>
			<time>2020-01-20T02:53:31.84Z</time>
		</trkpt>
		<trkpt lat="34.489109" lon="126.967034">
			<ele>0.00</ele>
			<time>2020-01-20T02:53:32.85Z</time>
		</trkpt>
		<trkpt lat="34.488971" lon="126.967001">
			<ele>0.00</ele>
			<time>2020-01-20T02:53:33.78Z</time>
		</trkpt>
		<trkpt lat="34.488969" lon="126.967001">
			<ele>0.00</ele>
			<time>2020-01-20T02:53:33.84Z</time>
		</trkpt>
		<trkpt lat="34.488897" lon="126.966999">
			<ele>0.00</ele>
			<time>2020-01-20T02:53:34.33Z</time>
		</trkpt>
		<trkpt lat="34.488888" lon="126.966999">
			<ele>0.00</ele>
			<time>2020-01-20T02:53:34.39Z</time>
		</trkpt>
		<trkpt lat="34.488886" lon="126.966999">
			<ele>0.00</ele>
			<time>2020-01-20T02:53:34.45Z</time>
		</trkpt>
		<trkpt lat="34.488789" lon="126.967006">
			<ele>0.00</ele>
			<time>2020-01-20T02:53:35.10Z</time>
		</trkpt>
		<trkpt lat="34.488781" lon="126.967009">
			<ele>0.00</ele>
			<time>2020-01-20T02:53:35.16Z</time>
		</trkpt>
		<trkpt lat="34.488703" lon="126.967041">
			<ele>0.00</ele>
			<time>2020-01-20T02:53:35.70Z</time>
		</trkpt>
		<trkpt lat="34.488701" lon="126.967041">
			<ele>0.00</ele>
			<time>2020-01-20T02:53:35.76Z</time>
		</trkpt>
		<trkpt lat="34.488656" lon="126.967046">
			<ele>0.00</ele>
			<time>2020-01-20T02:53:36.07Z</time>
		</trkpt>
		<trkpt lat="34.488564" lon="126.967079">
			<ele>0.00</ele>
			<time>2020-01-20T02:53:36.71Z</time>
		</trkpt>
		<trkpt lat="34.488460" lon="126.967104">
			<ele>0.00</ele>
			<time>2020-01-20T02:53:37.41Z</time>
		</trkpt>
		<trkpt lat="34.488348" lon="126.967134">
			<ele>0.00</ele>
			<time>2020-01-20T02:53:38.18Z</time>
		</trkpt>
		<trkpt lat="34.488216" lon="126.967113">
			<ele>0.00</ele>
			<time>2020-01-20T02:53:39.06Z</time>
		</trkpt>
		<trkpt lat="34.488104" lon="126.967107">
			<ele>0.00</ele>
			<time>2020-01-20T02:53:39.81Z</time>
		</trkpt>
		<trkpt lat="34.488100" lon="126.967107">
			<ele>0.00</ele>
			<time>2020-01-20T02:53:39.87Z</time>
		</trkpt>
		<trkpt lat="34.487945" lon="126.967122">
			<ele>0.00</ele>
			<time>2020-01-20T02:53:40.90Z</time>
		</trkpt>
		<trkpt lat="34.487862" lon="126.967157">
			<ele>0.00</ele>
			<time>2020-01-20T02:53:41.49Z</time>
		</trkpt>
		<trkpt lat="34.487765" lon="126.967207">
			<ele>0.00</ele>
			<time>2020-01-20T02:53:42.20Z</time>
		</trkpt>
		<trkpt lat="34.487702" lon="126.967228">
			<ele>0.00</ele>
			<time>2020-01-20T02:53:42.63Z</time>
		</trkpt>
		<trkpt lat="34.487571" lon="126.967314">
			<ele>0.00</ele>
			<time>2020-01-20T02:53:43.63Z</time>
		</trkpt>
		<trkpt lat="34.487434" lon="126.967363">
			<ele>0.00</ele>
			<time>2020-01-20T02:53:44.57Z</time>
		</trkpt>
		<trkpt lat="34.487255" lon="126.967395">
			<ele>0.00</ele>
			<time>2020-01-20T02:53:45.78Z</time>
		</trkpt>
		<trkpt lat="34.487114" lon="126.967428">
			<ele>0.00</ele>
			<time>2020-01-20T02:53:46.74Z</time>
		</trkpt>
		<trkpt lat="34.487004" lon="126.967429">
			<ele>0.00</ele>
			<time>2020-01-20T02:53:47.47Z</time>
		</trkpt>
		<trkpt lat="34.486835" lon="126.967458">
			<ele>0.00</ele>
			<time>2020-01-20T02:53:48.61Z</time>
		</trkpt>
		<trkpt lat="34.486835" lon="126.967458">
			<ele>0.00</ele>
			<time>2020-01-20T02:53:48.67Z</time>
		</trkpt>
		<trkpt lat="34.486663" lon="126.967459">
			<ele>0.00</ele>
			<time>2020-01-20T02:53:49.82Z</time>
		</trkpt>
		<trkpt lat="34.486519" lon="126.967429">
			<ele>0.00</ele>
			<time>2020-01-20T02:53:50.79Z</time>
		</trkpt>
		<trkpt lat="34.486513" lon="126.967429">
			<ele>0.00</ele>
			<time>2020-01-20T02:53:50.85Z</time>
		</trkpt>
		<trkpt lat="34.486348" lon="126.967404">
			<ele>0.00</ele>
			<time>2020-01-20T02:53:51.96Z</time>
		</trkpt>
		<trkpt lat="34.486190" lon="126.967410">
			<ele>0.00</ele>
			<time>2020-01-20T02:53:53.01Z</time>
		</trkpt>
		<trkpt lat="34.486114" lon="126.967413">
			<ele>0.00</ele>
			<time>2020-01-20T02:53:53.52Z</time>
		</trkpt>
		<trkpt lat="34.486006" lon="126.967433">
			<ele>0.00</ele>
			<time>2020-01-20T02:53:54.25Z</time>
		</trkpt>
		<trkpt lat="34.485953" lon="126.967456">
			<ele>0.00</ele>
			<time>2020-01-20T02:53:54.62Z</time>
		</trkpt>
		<trkpt lat="34.485953" lon="126.967456">
			<ele>0.00</ele>
			<time>2020-01-20T02:53:54.68Z</time>
		</trkpt>
		<trkpt lat="34.485951" lon="126.967434">
			<ele>0.00</ele>
			<time>2020-01-20T02:53:54.80Z</time>
		</trkpt>
		<trkpt lat="34.485970" lon="126.967313">
			<ele>0.00</ele>
			<time>2020-01-20T02:53:55.48Z</time>
		</trkpt>
		<trkpt lat="34.485999" lon="126.967222">
			<ele>0.00</ele>
			<time>2020-01-20T02:53:56.02Z</time>
		</trkpt>
		<trkpt lat="34.486043" lon="126.967144">
			<ele>0.00</ele>
			<time>2020-01-20T02:53:56.54Z</time>
		</trkpt>
		<trkpt lat="34.486112" lon="126.967066">
			<ele>0.00</ele>
			<time>2020-01-20T02:53:57.17Z</time>
		</trkpt>
		<trkpt lat="34.486171" lon="126.967000">
			<ele>0.00</ele>
			<time>2020-01-20T02:53:57.70Z</time>
		</trkpt>
		<trkpt lat="34.486263" lon="126.966913">
			<ele>0.00</ele>
			<time>2020-01-20T02:53:58.48Z</time>
		</trkpt>
		<trkpt lat="34.486307" lon="126.966864">
			<ele>0.00</ele>
			<time>2020-01-20T02:53:58.88Z</time>
		</trkpt>
		<trkpt lat="34.486330" lon="126.966797">
			<ele>0.00</ele>
			<time>2020-01-20T02:53:59.28Z</time>
		</trkpt>
		<trkpt lat="34.486330" lon="126.966768">
			<ele>0.00</ele>
			<time>2020-01-20T02:53:59.44Z</time>
		</trkpt>
		<trkpt lat="34.486326" lon="126.966708">
			<ele>0.00</ele>
			<time>2020-01-20T02:53:59.77Z</time>
		</trkpt>
		<trkpt lat="34.486320" lon="126.966656">
			<ele>0.00</ele>
			<time>2020-01-20T02:54:00.05Z</time>
		</trkpt>
		<trkpt lat="34.486311" lon="126.966570">
			<ele>0.00</ele>
			<time>2020-01-20T02:54:00.53Z</time>
		</trkpt>
		<trkpt lat="34.486311" lon="126.966495">
			<ele>0.00</ele>
			<time>2020-01-20T02:54:00.95Z</time>
		</trkpt>
		<trkpt lat="34.486312" lon="126.966491">
			<ele>0.00</ele>
			<time>2020-01-20T02:54:01.01Z</time>
		</trkpt>
		<trkpt lat="34.486330" lon="126.966445">
			<ele>0.00</ele>
			<time>2020-01-20T02:54:01.28Z</time>
		</trkpt>
		<trkpt lat="34.486342" lon="126.966420">
			<ele>0.00</ele>
			<time>2020-01-20T02:54:01.44Z</time>
		</trkpt>
		<trkpt lat="34.486345" lon="126.966351">
			<ele>0.00</ele>
			<time>2020-01-20T02:54:01.82Z</time>
		</trkpt>
		<trkpt lat="34.486350" lon="126.966137">
			<ele>0.00</ele>
			<time>2020-01-20T02:54:03Z</time>
		</trkpt>
		<trkpt lat="34.486347" lon="126.966035">
			<ele>0.00</ele>
			<time>2020-01-20T02:54:03.56Z</time>
		</trkpt>
		<trkpt lat="34.486341" lon="126.966018">
			<ele>0.00</ele>
			<time>2020-01-20T02:54:03.66Z</time>
		</trkpt>
		<trkpt lat="34.486312" lon="126.966008">
			<ele>0.00</ele>
			<time>2020-01-20T02:54:03.86Z</time>
		</trkpt>
		<trkpt lat="34.486267" lon="126.966011">
			<ele>0.00</ele>
			<time>2020-01-20T02:54:04.16Z</time>
		</trkpt>
		<trkpt lat="34.486134" lon="126.966017">
			<ele>0.00</ele>
			<time>2020-01-20T02:54:05.05Z</time>
		</trkpt>
		<trkpt lat="34.486073" lon="126.966010">
			<ele>0.00</ele>
			<time>2020-01-20T02:54:05.46Z</time>
		</trkpt>
		<trkpt lat="34.486029" lon="126.966004">
			<ele>0.00</ele>
			<time>2020-01-20T02:54:05.75Z</time>
		</trkpt>
		<trkpt lat="34.485988" lon="126.965978">
			<ele>0.00</ele>
			<time>2020-01-20T02:54:06.06Z</time>
		</trkpt>
		<trkpt lat="34.485940" lon="126.965930">
			<ele>0.00</ele>
			<time>2020-01-20T02:54:06.48Z</time>
		</trkpt>
		<trkpt lat="34.485903" lon="126.965875">
			<ele>0.00</ele>
			<time>2020-01-20T02:54:06.87Z</time>
		</trkpt>
		<trkpt lat="34.485883" lon="126.965820">
			<ele>0.00</ele>
			<time>2020-01-20T02:54:07.20Z</time>
		</trkpt>
		<trkpt lat="34.485861" lon="126.965771">
			<ele>0.00</ele>
			<time>2020-01-20T02:54:07.50Z</time>
		</trkpt>
		<trkpt lat="34.485815" lon="126.965713">
			<ele>0.00</ele>
			<time>2020-01-20T02:54:07.95Z</time>
		</trkpt>
		<trkpt lat="34.485768" lon="126.965676">
			<ele>0.00</ele>
			<time>2020-01-20T02:54:08.32Z</time>
		</trkpt>
		<trkpt lat="34.485655" lon="126.965661">
			<ele>0.00</ele>
			<time>2020-01-20T02:54:09.08Z</time>
		</trkpt>
		<trkpt lat="34.485611" lon="126.965647">
			<ele>0.00</ele>
			<time>2020-01-20T02:54:09.38Z</time>
		</trkpt>
		<trkpt lat="34.485563" lon="126.965629">
			<ele>0.00</ele>
			<time>2020-01-20T02:54:09.72Z</time>
		</trkpt>
		<trkpt lat="34.485532" lon="126.965609">
			<ele>0.00</ele>
			<time>2020-01-20T02:54:09.95Z</time>
		</trkpt>
		<trkpt lat="34.485514" lon="126.965588">
			<ele>0.00</ele>
			<time>2020-01-20T02:54:10.12Z</time>
		</trkpt>
		<trkpt lat="34.485501" lon="126.965546">
			<ele>0.00</ele>
			<time>2020-01-20T02:54:10.36Z</time>
		</trkpt>
		<trkpt lat="34.485500" lon="126.965516">
			<ele>0.00</ele>
			<time>2020-01-20T02:54:10.52Z</time>
		</trkpt>
		<trkpt lat="34.485503" lon="126.965450">
			<ele>0.00</ele>
			<time>2020-01-20T02:54:10.89Z</time>
		</trkpt>
		<trkpt lat="34.485519" lon="126.965396">
			<ele>0.00</ele>
			<time>2020-01-20T02:54:11.20Z</time>
		</trkpt>
		<trkpt lat="34.485529" lon="126.965351">
			<ele>0.00</ele>
			<time>2020-01-20T02:54:11.46Z</time>
		</trkpt>
		<trkpt lat="34.485529" lon="126.965305">
			<ele>0.00</ele>
			<time>2020-01-20T02:54:11.72Z</time>
		</trkpt>
		<trkpt lat="34.485530" lon="126.965251">
			<ele>0.00</ele>
			<time>2020-01-20T02:54:12.01Z</time>
		</trkpt>
		<trkpt lat="34.485537" lon="126.965210">
			<ele>0.00</ele>
			<time>2020-01-20T02:54:12.24Z</time>
		</trkpt>
		<trkpt lat="34.485545" lon="126.965136">
			<ele>0.00</ele>
			<time>2020-01-20T02:54:12.65Z</time>
		</trkpt>
		<trkpt lat="34.485593" lon="126.964882">
			<ele>0.00</ele>
			<time>2020-01-20T02:54:14.08Z</time>
		</trkpt>
		<trkpt lat="34.485633" lon="126.964612">
			<ele>0.00</ele>
			<time>2020-01-20T02:54:15.59Z</time>
		</trkpt>
		<trkpt lat="34.485652" lon="126.964380">
			<ele>0.00</ele>
			<time>2020-01-20T02:54:16.87Z</time>
		</trkpt>
		<trkpt lat="34.485663" lon="126.964132">
			<ele>0.00</ele>
			<time>2020-01-20T02:54:18.24Z</time>
		</trkpt>
		<trkpt lat="34.485685" lon="126.963894">
			<ele>0.00</ele>
			<time>2020-01-20T02:54:19.55Z</time>
		</trkpt>
		<trkpt lat="34.485704" lon="126.963766">
			<ele>0.00</ele>
			<time>2020-01-20T02:54:20.27Z</time>
		</trkpt>
		<trkpt lat="34.485697" lon="126.963705">
			<ele>0.00</ele>
			<time>2020-01-20T02:54:20.61Z</time>
		</trkpt>
		<trkpt lat="34.485676" lon="126.963613">
			<ele>0.00</ele>
			<time>2020-01-20T02:54:21.13Z</time>
		</trkpt>
		<trkpt lat="34.485644" lon="126.963425">
			<ele>0.00</ele>
			<time>2020-01-20T02:54:22.19Z</time>
		</trkpt>
		<trkpt lat="34.485621" lon="126.963286">
			<ele>0.00</ele>
			<time>2020-01-20T02:54:22.97Z</time>
		</trkpt>
		<trkpt lat="34.485586" lon="126.963071">
			<ele>0.00</ele>
			<time>2020-01-20T02:54:24.17Z</time>
		</trkpt>
		<trkpt lat="34.485544" lon="126.962838">
			<ele>0.00</ele>
			<time>2020-01-20T02:54:25.48Z</time>
		</trkpt>
		<trkpt lat="34.485545" lon="126.962741">
			<ele>0.00</ele>
			<time>2020-01-20T02:54:26.01Z</time>
		</trkpt>
		<trkpt lat="34.485555" lon="126.962645">
			<ele>0.00</ele>
			<time>2020-01-20T02:54:26.55Z</time>
		</trkpt>
		<trkpt lat="34.485570" lon="126.962571">
			<ele>0.00</ele>
			<time>2020-01-20T02:54:26.97Z</time>
		</trkpt>
		<trkpt lat="34.485598" lon="126.962503">
			<ele>0.00</ele>
			<time>2020-01-20T02:54:27.38Z</time>
		</trkpt>
		<trkpt lat="34.485654" lon="126.962355">
			<ele>0.00</ele>
			<time>2020-01-20T02:54:28.28Z</time>
		</trkpt>
		<trkpt lat="34.485709" lon="126.962249">
			<ele>0.00</ele>
			<time>2020-01-20T02:54:28.97Z</time>
		</trkpt>
		<trkpt lat="34.485755" lon="126.962201">
			<ele>0.00</ele>
			<time>2020-01-20T02:54:29.37Z</time>
		</trkpt>
		<trkpt lat="34.485804" lon="126.962155">
			<ele>0.00</ele>
			<time>2020-01-20T02:54:29.78Z</time>
		</trkpt>
		<trkpt lat="34.485831" lon="126.962128">
			<ele>0.00</ele>
			<time>2020-01-20T02:54:30.02Z</time>
		</trkpt>
		<trkpt lat="34.485835" lon="126.962102">
			<ele>0.00</ele>
			<time>2020-01-20T02:54:30.16Z</time>
		</trkpt>
		<trkpt lat="34.485835" lon="126.962068">
			<ele>0.00</ele>
			<time>2020-01-20T02:54:30.35Z</time>
		</trkpt>
		<trkpt lat="34.485816" lon="126.962028">
			<ele>0.00</ele>
			<time>2020-01-20T02:54:30.60Z</time>
		</trkpt>
		<trkpt lat="34.485780" lon="126.961959">
			<ele>0.00</ele>
			<time>2020-01-20T02:54:31.05Z</time>
		</trkpt>
		<trkpt lat="34.485676" lon="126.961799">
			<ele>0.00</ele>
			<time>2020-01-20T02:54:32.17Z</time>
		</trkpt>
		<trkpt lat="34.485631" lon="126.961735">
			<ele>0.00</ele>
			<time>2020-01-20T02:54:32.63Z</time>
		</trkpt>
		<trkpt lat="34.485548" lon="126.961607">
			<ele>0.00</ele>
			<time>2020-01-20T02:54:33.53Z</time>
		</trkpt>
		<trkpt lat="34.485516" lon="126.961529">
			<ele>0.00</ele>
			<time>2020-01-20T02:54:34.01Z</time>
		</trkpt>
		<trkpt lat="34.485471" lon="126.961417">
			<ele>0.00</ele>
			<time>2020-01-20T02:54:34.69Z</time>
		</trkpt>
		<trkpt lat="34.485415" lon="126.961283">
			<ele>0.00</ele>
			<time>2020-01-20T02:54:35.52Z</time>
		</trkpt>
		<trkpt lat="34.485385" lon="126.961204">
			<ele>0.00</ele>
			<time>2020-01-20T02:54:35.99Z</time>
		</trkpt>
		<trkpt lat="34.485374" lon="126.961138">
			<ele>0.00</ele>
			<time>2020-01-20T02:54:36.37Z</time>
		</trkpt>
		<trkpt lat="34.485372" lon="126.961077">
			<ele>0.00</ele>
			<time>2020-01-20T02:54:36.70Z</time>
		</trkpt>
		<trkpt lat="34.485374" lon="126.960992">
			<ele>0.00</ele>
			<time>2020-01-20T02:54:37.17Z</time>
		</trkpt>
		<trkpt lat="34.485382" lon="126.960923">
			<ele>0.00</ele>
			<time>2020-01-20T02:54:37.55Z</time>
		</trkpt>
		<trkpt lat="34.485394" lon="126.960868">
			<ele>0.00</ele>
			<time>2020-01-20T02:54:37.86Z</time>
		</trkpt>
		<trkpt lat="34.485418" lon="126.960686">
			<ele>0.00</ele>
			<time>2020-01-20T02:54:38.88Z</time>
		</trkpt>
		<trkpt lat="34.485429" lon="126.960627">
			<ele>0.00</ele>
			<time>2020-01-20T02:54:39.21Z</time>
		</trkpt>
		<trkpt lat="34.485429" lon="126.960577">
			<ele>0.00</ele>
			<time>2020-01-20T02:54:39.48Z</time>
		</trkpt>
		<trkpt lat="34.485423" lon="126.960529">
			<ele>0.00</ele>
			<time>2020-01-20T02:54:39.75Z</time>
		</trkpt>
		<trkpt lat="34.485406" lon="126.960488">
			<ele>0.00</ele>
			<time>2020-01-20T02:54:40Z</time>
		</trkpt>
		<trkpt lat="34.485373" lon="126.960480">
			<ele>0.00</ele>
			<time>2020-01-20T02:54:40.22Z</time>
		</trkpt>
		<trkpt lat="34.485332" lon="126.960484">
			<ele>0.00</ele>
			<time>2020-01-20T02:54:40.50Z</time>
		</trkpt>
		<trkpt lat="34.485289" lon="126.960496">
			<ele>0.00</ele>
			<time>2020-01-20T02:54:40.80Z</time>
		</trkpt>
		<trkpt lat="34.485268" lon="126.960508">
			<ele>0.00</ele>
			<time>2020-01-20T02:54:40.95Z</time>
		</trkpt>
		<trkpt lat="34.485246" lon="126.960533">
			<ele>0.00</ele>
			<time>2020-01-20T02:54:41.15Z</time>
		</trkpt>
		<trkpt lat="34.485236" lon="126.960566">
			<ele>0.00</ele>
			<time>2020-01-20T02:54:41.34Z</time>
		</trkpt>
		<trkpt lat="34.485200" lon="126.960619">
			<ele>0.00</ele>
			<time>2020-01-20T02:54:41.72Z</time>
		</trkpt>
		<trkpt lat="34.485180" lon="126.960621">
			<ele>0.00</ele>
			<time>2020-01-20T02:54:41.85Z</time>
		</trkpt>
		<trkpt lat="34.485168" lon="126.960610">
			<ele>0.00</ele>
			<time>2020-01-20T02:54:41.95Z</time>
		</trkpt>
		<trkpt lat="34.485162" lon="126.960565">
			<ele>0.00</ele>
			<time>2020-01-20T02:54:42.20Z</time>
		</trkpt>
		<trkpt lat="34.485162" lon="126.960504">
			<ele>0.00</ele>
			<time>2020-01-20T02:54:42.54Z</time>
		</trkpt>
		<trkpt lat="34.485161" lon="126.960291">
			<ele>0.00</ele>
			<time>2020-01-20T02:54:43.70Z</time>
		</trkpt>
		<trkpt lat="34.485160" lon="126.960208">
			<ele>0.00</ele>
			<time>2020-01-20T02:54:44.16Z</time>
		</trkpt>
		<trkpt lat="34.485164" lon="126.960150">
			<ele>0.00</ele>
			<time>2020-01-20T02:54:44.48Z</time>
		</trkpt>
		<trkpt lat="34.485164" lon="126.960148">
			<ele>0.00</ele>
			<time>2020-01-20T02:54:44.54Z</time>
		</trkpt>
		<trkpt lat="34.485184" lon="126.960038">
			<ele>0.00</ele>
			<time>2020-01-20T02:54:45.16Z</time>
		</trkpt>
		<trkpt lat="34.485193" lon="126.959926">
			<ele>0.00</ele>
			<time>2020-01-20T02:54:45.78Z</time>
		</trkpt>
		<trkpt lat="34.485197" lon="126.959807">
			<ele>0.00</ele>
			<time>2020-01-20T02:54:46.44Z</time>
		</trkpt>
		<trkpt lat="34.485191" lon="126.959700">
			<ele>0.00</ele>
			<time>2020-01-20T02:54:47.03Z</time>
		</trkpt>
		<trkpt lat="34.485189" lon="126.959489">
			<ele>0.00</ele>
			<time>2020-01-20T02:54:48.18Z</time>
		</trkpt>
		<trkpt lat="34.485191" lon="126.959441">
			<ele>0.00</ele>
			<time>2020-01-20T02:54:48.45Z</time>
		</trkpt>
		<trkpt lat="34.485191" lon="126.959437">
			<ele>0.00</ele>
			<time>2020-01-20T02:54:48.51Z</time>
		</trkpt>
		<trkpt lat="34.485201" lon="126.959366">
			<ele>0.00</ele>
			<time>2020-01-20T02:54:48.90Z</time>
		</trkpt>
		<trkpt lat="34.485201" lon="126.959365">
			<ele>0.00</ele>
			<time>2020-01-20T02:54:48.96Z</time>
		</trkpt>
		<trkpt lat="34.485245" lon="126.959182">
			<ele>0.00</ele>
			<time>2020-01-20T02:54:50.01Z</time>
		</trkpt>
		<trkpt lat="34.485287" lon="126.958984">
			<ele>0.00</ele>
			<time>2020-01-20T02:54:51.14Z</time>
		</trkpt>
		<trkpt lat="34.485333" lon="126.958763">
			<ele>0.00</ele>
			<time>2020-01-20T02:54:52.38Z</time>
		</trkpt>
		<trkpt lat="34.485365" lon="126.958589">
			<ele>0.00</ele>
			<time>2020-01-20T02:54:53.36Z</time>
		</trkpt>
		<trkpt lat="34.485376" lon="126.958541">
			<ele>0.00</ele>
			<time>2020-01-20T02:54:53.64Z</time>
		</trkpt>
		<trkpt lat="34.485409" lon="126.958471">
			<ele>0.00</ele>
			<time>2020-01-20T02:54:54.09Z</time>
		</trkpt>
		<trkpt lat="34.485437" lon="126.958438">
			<ele>0.00</ele>
			<time>2020-01-20T02:54:54.35Z</time>
		</trkpt>
		<trkpt lat="34.485481" lon="126.958405">
			<ele>0.00</ele>
			<time>2020-01-20T02:54:54.69Z</time>
		</trkpt>
		<trkpt lat="34.485517" lon="126.958393">
			<ele>0.00</ele>
			<time>2020-01-20T02:54:54.94Z</time>
		</trkpt>
		<trkpt lat="34.485546" lon="126.958396">
			<ele>0.00</ele>
			<time>2020-01-20T02:54:55.13Z</time>
		</trkpt>
		<trkpt lat="34.485570" lon="126.958401">
			<ele>0.00</ele>
			<time>2020-01-20T02:54:55.29Z</time>
		</trkpt>
		<trkpt lat="34.485594" lon="126.958399">
			<ele>0.00</ele>
			<time>2020-01-20T02:54:55.45Z</time>
		</trkpt>
		<trkpt lat="34.485608" lon="126.958381">
			<ele>0.00</ele>
			<time>2020-01-20T02:54:55.59Z</time>
		</trkpt>
		<trkpt lat="34.485625" lon="126.958374">
			<ele>0.00</ele>
			<time>2020-01-20T02:54:55.71Z</time>
		</trkpt>
		<trkpt lat="34.485650" lon="126.958373">
			<ele>0.00</ele>
			<time>2020-01-20T02:54:55.88Z</time>
		</trkpt>
		<trkpt lat="34.485672" lon="126.958390">
			<ele>0.00</ele>
			<time>2020-01-20T02:54:56.06Z</time>
		</trkpt>
		<trkpt lat="34.485687" lon="126.958414">
			<ele>0.00</ele>
			<time>2020-01-20T02:54:56.22Z</time>
		</trkpt>
		<trkpt lat="34.485717" lon="126.958430">
			<ele>0.00</ele>
			<time>2020-01-20T02:54:56.44Z</time>
		</trkpt>
		<trkpt lat="34.485737" lon="126.958401">
			<ele>0.00</ele>
			<time>2020-01-20T02:54:56.65Z</time>
		</trkpt>
		<trkpt lat="34.485755" lon="126.958366">
			<ele>0.00</ele>
			<time>2020-01-20T02:54:56.87Z</time>
		</trkpt>
		<trkpt lat="34.485754" lon="126.958309">
			<ele>0.00</ele>
			<time>2020-01-20T02:54:57.19Z</time>
		</trkpt>
		<trkpt lat="34.485739" lon="126.958246">
			<ele>0.00</ele>
			<time>2020-01-20T02:54:57.55Z</time>
		</trkpt>
		<trkpt lat="34.485698" lon="126.958166">
			<ele>0.00</ele>
			<time>2020-01-20T02:54:58.06Z</time>
		</trkpt>
		<trkpt lat="34.485589" lon="126.957976">
			<ele>0.00</ele>
			<time>2020-01-20T02:54:59.34Z</time>
		</trkpt>
		<trkpt lat="34.485524" lon="126.957804">
			<ele>0.00</ele>
			<time>2020-01-20T02:55:00.38Z</time>
		</trkpt>
		<trkpt lat="34.485470" lon="126.957660">
			<ele>0.00</ele>
			<time>2020-01-20T02:55:01.24Z</time>
		</trkpt>
		<trkpt lat="34.485452" lon="126.957598">
			<ele>0.00</ele>
			<time>2020-01-20T02:55:01.61Z</time>
		</trkpt>
		<trkpt lat="34.485445" lon="126.957561">
			<ele>0.00</ele>
			<time>2020-01-20T02:55:01.81Z</time>
		</trkpt>
		<trkpt lat="34.485444" lon="126.957560">
			<ele>0.00</ele>
			<time>2020-01-20T02:55:01.87Z</time>
		</trkpt>
		<trkpt lat="34.485439" lon="126.957499">
			<ele>0.00</ele>
			<time>2020-01-20T02:55:02.21Z</time>
		</trkpt>
		<trkpt lat="34.485453" lon="126.957442">
			<ele>0.00</ele>
			<time>2020-01-20T02:55:02.54Z</time>
		</trkpt>
		<trkpt lat="34.485496" lon="126.957383">
			<ele>0.00</ele>
			<time>2020-01-20T02:55:02.97Z</time>
		</trkpt>
		<trkpt lat="34.485557" lon="126.957300">
			<ele>0.00</ele>
			<time>2020-01-20T02:55:03.58Z</time>
		</trkpt>
		<trkpt lat="34.485616" lon="126.957245">
			<ele>0.00</ele>
			<time>2020-01-20T02:55:04.08Z</time>
		</trkpt>
		<trkpt lat="34.485659" lon="126.957234">
			<ele>0.00</ele>
			<time>2020-01-20T02:55:04.37Z</time>
		</trkpt>
		<trkpt lat="34.485660" lon="126.957233">
			<ele>0.00</ele>
			<time>2020-01-20T02:55:04.43Z</time>
		</trkpt>
		<trkpt lat="34.485719" lon="126.957231">
			<ele>0.00</ele>
			<time>2020-01-20T02:55:04.82Z</time>
		</trkpt>
		<trkpt lat="34.485805" lon="126.957246">
			<ele>0.00</ele>
			<time>2020-01-20T02:55:05.40Z</time>
		</trkpt>
		<trkpt lat="34.485862" lon="126.957247">
			<ele>0.00</ele>
			<time>2020-01-20T02:55:05.78Z</time>
		</trkpt>
		<trkpt lat="34.485906" lon="126.957248">
			<ele>0.00</ele>
			<time>2020-01-20T02:55:06.08Z</time>
		</trkpt>
		<trkpt lat="34.485953" lon="126.957230">
			<ele>0.00</ele>
			<time>2020-01-20T02:55:06.41Z</time>
		</trkpt>
		<trkpt lat="34.485990" lon="126.957206">
			<ele>0.00</ele>
			<time>2020-01-20T02:55:06.69Z</time>
		</trkpt>
		<trkpt lat="34.486030" lon="126.957160">
			<ele>0.00</ele>
			<time>2020-01-20T02:55:07.05Z</time>
		</trkpt>
		<trkpt lat="34.486064" lon="126.957105">
			<ele>0.00</ele>
			<time>2020-01-20T02:55:07.43Z</time>
		</trkpt>
		<trkpt lat="34.486129" lon="126.957007">
			<ele>0.00</ele>
			<time>2020-01-20T02:55:08.12Z</time>
		</trkpt>
		<trkpt lat="34.486199" lon="126.956912">
			<ele>0.00</ele>
			<time>2020-01-20T02:55:08.82Z</time>
		</trkpt>
		<trkpt lat="34.486213" lon="126.956881">
			<ele>0.00</ele>
			<time>2020-01-20T02:55:09.02Z</time>
		</trkpt>
		<trkpt lat="34.486223" lon="126.956847">
			<ele>0.00</ele>
			<time>2020-01-20T02:55:09.21Z</time>
		</trkpt>
		<trkpt lat="34.486222" lon="126.956806">
			<ele>0.00</ele>
			<time>2020-01-20T02:55:09.44Z</time>
		</trkpt>
		<trkpt lat="34.486209" lon="126.956780">
			<ele>0.00</ele>
			<time>2020-01-20T02:55:09.61Z</time>
		</trkpt>
		<trkpt lat="34.486168" lon="126.956752">
			<ele>0.00</ele>
			<time>2020-01-20T02:55:09.92Z</time>
		</trkpt>
		<trkpt lat="34.486022" lon="126.956692">
			<ele>0.00</ele>
			<time>2020-01-20T02:55:10.95Z</time>
		</trkpt>
		<trkpt lat="34.485895" lon="126.956631">
			<ele>0.00</ele>
			<time>2020-01-20T02:55:11.86Z</time>
		</trkpt>
		<trkpt lat="34.485850" lon="126.956588">
			<ele>0.00</ele>
			<time>2020-01-20T02:55:12.24Z</time>
		</trkpt>
		<trkpt lat="34.485823" lon="126.956558">
			<ele>0.00</ele>
			<time>2020-01-20T02:55:12.48Z</time>
		</trkpt>
		<trkpt lat="34.485815" lon="126.956521">
			<ele>0.00</ele>
			<time>2020-01-20T02:55:12.70Z</time>
		</trkpt>
		<trkpt lat="34.485820" lon="126.956481">
			<ele>0.00</ele>
			<time>2020-01-20T02:55:12.92Z</time>
		</trkpt>
		<trkpt lat="34.485820" lon="126.956480">
			<ele>0.00</ele>
			<time>2020-01-20T02:55:12.98Z</time>
		</trkpt>
		<trkpt lat="34.485840" lon="126.956440">
			<ele>0.00</ele>
			<time>2020-01-20T02:55:13.23Z</time>
		</trkpt>
		<trkpt lat="34.485876" lon="126.956403">
			<ele>0.00</ele>
			<time>2020-01-20T02:55:13.55Z</time>
		</trkpt>
		<trkpt lat="34.485924" lon="126.956361">
			<ele>0.00</ele>
			<time>2020-01-20T02:55:13.94Z</time>
		</trkpt>
		<trkpt lat="34.485949" lon="126.956330">
			<ele>0.00</ele>
			<time>2020-01-20T02:55:14.18Z</time>
		</trkpt>
		<trkpt lat="34.485960" lon="126.956292">
			<ele>0.00</ele>
			<time>2020-01-20T02:55:14.41Z</time>
		</trkpt>
		<trkpt lat="34.485981" lon="126.956208">
			<ele>0.00</ele>
			<time>2020-01-20T02:55:14.89Z</time>
		</trkpt>
		<trkpt lat="34.485984" lon="126.956143">
			<ele>0.00</ele>
			<time>2020-01-20T02:55:15.24Z</time>
		</trkpt>
		<trkpt lat="34.485968" lon="126.956116">
			<ele>0.00</ele>
			<time>2020-01-20T02:55:15.43Z</time>
		</trkpt>
		<trkpt lat="34.485942" lon="126.956105">
			<ele>0.00</ele>
			<time>2020-01-20T02:55:15.61Z</time>
		</trkpt>
		<trkpt lat="34.485917" lon="126.956106">
			<ele>0.00</ele>
			<time>2020-01-20T02:55:15.78Z</time>
		</trkpt>
		<trkpt lat="34.485876" lon="126.956131">
			<ele>0.00</ele>
			<time>2020-01-20T02:55:16.08Z</time>
		</trkpt>
		<trkpt lat="34.485832" lon="126.956176">
			<ele>0.00</ele>
			<time>2020-01-20T02:55:16.47Z</time>
		</trkpt>
		<trkpt lat="34.485782" lon="126.956205">
			<ele>0.00</ele>
			<time>2020-01-20T02:55:16.84Z</time>
		</trkpt>
		<trkpt lat="34.485734" lon="126.956211">
			<ele>0.00</ele>
			<time>2020-01-20T02:55:17.16Z</time>
		</trkpt>
		<trkpt lat="34.485669" lon="126.956204">
			<ele>0.00</ele>
			<time>2020-01-20T02:55:17.60Z</time>
		</trkpt>
		<trkpt lat="34.485596" lon="126.956165">
			<ele>0.00</ele>
			<time>2020-01-20T02:55:18.13Z</time>
		</trkpt>
		<trkpt lat="34.485532" lon="126.956111">
			<ele>0.00</ele>
			<time>2020-01-20T02:55:18.65Z</time>
		</trkpt>
		<trkpt lat="34.485437" lon="126.956010">
			<ele>0.00</ele>
			<time>2020-01-20T02:55:19.49Z</time>
		</trkpt>
		<trkpt lat="34.485329" lon="126.955880">
			<ele>0.00</ele>
			<time>2020-01-20T02:55:20.50Z</time>
		</trkpt>
		<trkpt lat="34.485281" lon="126.955799">
			<ele>0.00</ele>
			<time>2020-01-20T02:55:21.05Z</time>
		</trkpt>
		<trkpt lat="34.485243" lon="126.955713">
			<ele>0.00</ele>
			<time>2020-01-20T02:55:21.59Z</time>
		</trkpt>
		<trkpt lat="34.485197" lon="126.955582">
			<ele>0.00</ele>
			<time>2020-01-20T02:55:22.37Z</time>
		</trkpt>
		<trkpt lat="34.485153" lon="126.955411">
			<ele>0.00</ele>
			<time>2020-01-20T02:55:23.35Z</time>
		</trkpt>
		<trkpt lat="34.485119" lon="126.955306">
			<ele>0.00</ele>
			<time>2020-01-20T02:55:23.97Z</time>
		</trkpt>
		<trkpt lat="34.485104" lon="126.955227">
			<ele>0.00</ele>
			<time>2020-01-20T02:55:24.42Z</time>
		</trkpt>
		<trkpt lat="34.485095" lon="126.955177">
			<ele>0.00</ele>
			<time>2020-01-20T02:55:24.70Z</time>
		</trkpt>
		<trkpt lat="34.485099" lon="126.955143">
			<ele>0.00</ele>
			<time>2020-01-20T02:55:24.89Z</time>
		</trkpt>
		<trkpt lat="34.485116" lon="126.955135">
			<ele>0.00</ele>
			<time>2020-01-20T02:55:25.01Z</time>
		</trkpt>
		<trkpt lat="34.485143" lon="126.955137">
			<ele>0.00</ele>
			<time>2020-01-20T02:55:25.19Z</time>
		</trkpt>
		<trkpt lat="34.485174" lon="126.955155">
			<ele>0.00</ele>
			<time>2020-01-20T02:55:25.42Z</time>
		</trkpt>
		<trkpt lat="34.485183" lon="126.955181">
			<ele>0.00</ele>
			<time>2020-01-20T02:55:25.58Z</time>
		</trkpt>
		<trkpt lat="34.485196" lon="126.955227">
			<ele>0.00</ele>
			<time>2020-01-20T02:55:25.84Z</time>
		</trkpt>
		<trkpt lat="34.485206" lon="126.955254">
			<ele>0.00</ele>
			<time>2020-01-20T02:55:26.01Z</time>
		</trkpt>
		<trkpt lat="34.485220" lon="126.955280">
			<ele>0.00</ele>
			<time>2020-01-20T02:55:26.18Z</time>
		</trkpt>
		<trkpt lat="34.485250" lon="126.955312">
			<ele>0.00</ele>
			<time>2020-01-20T02:55:26.44Z</time>
		</trkpt>
		<trkpt lat="34.485298" lon="126.955336">
			<ele>0.00</ele>
			<time>2020-01-20T02:55:26.79Z</time>
		</trkpt>
		<trkpt lat="34.485342" lon="126.955347">
			<ele>0.00</ele>
			<time>2020-01-20T02:55:27.09Z</time>
		</trkpt>
		<trkpt lat="34.485383" lon="126.955345">
			<ele>0.00</ele>
			<time>2020-01-20T02:55:27.36Z</time>
		</trkpt>
		<trkpt lat="34.485420" lon="126.955331">
			<ele>0.00</ele>
			<time>2020-01-20T02:55:27.62Z</time>
		</trkpt>
		<trkpt lat="34.485447" lon="126.955303">
			<ele>0.00</ele>
			<time>2020-01-20T02:55:27.85Z</time>
		</trkpt>
		<trkpt lat="34.485464" lon="126.955254">
			<ele>0.00</ele>
			<time>2020-01-20T02:55:28.15Z</time>
		</trkpt>
		<trkpt lat="34.485475" lon="126.955199">
			<ele>0.00</ele>
			<time>2020-01-20T02:55:28.46Z</time>
		</trkpt>
		<trkpt lat="34.485478" lon="126.955129">
			<ele>0.00</ele>
			<time>2020-01-20T02:55:28.85Z</time>
		</trkpt>
		<trkpt lat="34.485465" lon="126.955070">
			<ele>0.00</ele>
			<time>2020-01-20T02:55:29.18Z</time>
		</trkpt>
		<trkpt lat="34.485431" lon="126.954985">
			<ele>0.00</ele>
			<time>2020-01-20T02:55:29.70Z</time>
		</trkpt>
		<trkpt lat="34.485416" lon="126.954916">
			<ele>0.00</ele>
			<time>2020-01-20T02:55:30.09Z</time>
		</trkpt>
		<trkpt lat="34.485412" lon="126.954848">
			<ele>0.00</ele>
			<time>2020-01-20T02:55:30.47Z</time>
		</trkpt>
		<trkpt lat="34.485412" lon="126.954845">
			<ele>0.00</ele>
			<time>2020-01-20T02:55:30.53Z</time>
		</trkpt>
		<trkpt lat="34.485418" lon="126.954770">
			<ele>0.00</ele>
			<time>2020-01-20T02:55:30.94Z</time>
		</trkpt>
		<trkpt lat="34.485430" lon="126.954718">
			<ele>0.00</ele>
			<time>2020-01-20T02:55:31.24Z</time>
		</trkpt>
		<trkpt lat="34.485455" lon="126.954699">
			<ele>0.00</ele>
			<time>2020-01-20T02:55:31.44Z</time>
		</trkpt>
		<trkpt lat="34.485518" lon="126.954671">
			<ele>0.00</ele>
			<time>2020-01-20T02:55:31.88Z</time>
		</trkpt>
		<trkpt lat="34.485565" lon="126.954653">
			<ele>0.00</ele>
			<time>2020-01-20T02:55:32.21Z</time>
		</trkpt>
		<trkpt lat="34.485592" lon="126.954635">
			<ele>0.00</ele>
			<time>2020-01-20T02:55:32.42Z</time>
		</trkpt>
		<trkpt lat="34.485608" lon="126.954607">
			<ele>0.00</ele>
			<time>2020-01-20T02:55:32.60Z</time>
		</trkpt>
		<trkpt lat="34.485607" lon="126.954560">
			<ele>0.00</ele>
			<time>2020-01-20T02:55:32.86Z</time>
		</trkpt>
		<trkpt lat="34.485593" lon="126.954527">
			<ele>0.00</ele>
			<time>2020-01-20T02:55:33.06Z</time>
		</trkpt>
		<trkpt lat="34.485569" lon="126.954500">
			<ele>0.00</ele>
			<time>2020-01-20T02:55:33.28Z</time>
		</trkpt>
		<trkpt lat="34.485535" lon="126.954496">
			<ele>0.00</ele>
			<time>2020-01-20T02:55:33.51Z</time>
		</trkpt>
		<trkpt lat="34.485474" lon="126.954482">
			<ele>0.00</ele>
			<time>2020-01-20T02:55:33.92Z</time>
		</trkpt>
		<trkpt lat="34.485355" lon="126.954466">
			<ele>0.00</ele>
			<time>2020-01-20T02:55:34.72Z</time>
		</trkpt>
		<trkpt lat="34.485334" lon="126.954451">
			<ele>0.00</ele>
			<time>2020-01-20T02:55:34.89Z</time>
		</trkpt>
		<trkpt lat="34.485314" lon="126.954422">
			<ele>0.00</ele>
			<time>2020-01-20T02:55:35.10Z</time>
		</trkpt>
		<trkpt lat="34.485299" lon="126.954393">
			<ele>0.00</ele>
			<time>2020-01-20T02:55:35.28Z</time>
		</trkpt>
		<trkpt lat="34.485285" lon="126.954339">
			<ele>0.00</ele>
			<time>2020-01-20T02:55:35.59Z</time>
		</trkpt>
		<trkpt lat="34.485280" lon="126.954298">
			<ele>0.00</ele>
			<time>2020-01-20T02:55:35.82Z</time>
		</trkpt>
		<trkpt lat="34.485281" lon="126.954252">
			<ele>0.00</ele>
			<time>2020-01-20T02:55:36.07Z</time>
		</trkpt>
		<trkpt lat="34.485281" lon="126.954194">
			<ele>0.00</ele>
			<time>2020-01-20T02:55:36.39Z</time>
		</trkpt>
		<trkpt lat="34.485273" lon="126.954152">
			<ele>0.00</ele>
			<time>2020-01-20T02:55:36.63Z</time>
		</trkpt>
		<trkpt lat="34.485261" lon="126.954111">
			<ele>0.00</ele>
			<time>2020-01-20T02:55:36.86Z</time>
		</trkpt>
		<trkpt lat="34.485244" lon="126.954091">
			<ele>0.00</ele>
			<time>2020-01-20T02:55:37.02Z</time>
		</trkpt>
		<trkpt lat="34.485173" lon="126.954027">
			<ele>0.00</ele>
			<time>2020-01-20T02:55:37.61Z</time>
		</trkpt>
		<trkpt lat="34.485128" lon="126.953976">
			<ele>0.00</ele>
			<time>2020-01-20T02:55:38.02Z</time>
		</trkpt>
		<trkpt lat="34.485093" lon="126.953916">
			<ele>0.00</ele>
			<time>2020-01-20T02:55:38.42Z</time>
		</trkpt>
		<trkpt lat="34.485069" lon="126.953870">
			<ele>0.00</ele>
			<time>2020-01-20T02:55:38.73Z</time>
		</trkpt>
		<trkpt lat="34.485069" lon="126.953865">
			<ele>0.00</ele>
			<time>2020-01-20T02:55:38.79Z</time>
		</trkpt>
		<trkpt lat="34.485062" lon="126.953831">
			<ele>0.00</ele>
			<time>2020-01-20T02:55:38.98Z</time>
		</trkpt>
		<trkpt lat="34.485059" lon="126.953775">
			<ele>0.00</ele>
			<time>2020-01-20T02:55:39.29Z</time>
		</trkpt>
		<trkpt lat="34.485050" lon="126.953718">
			<ele>0.00</ele>
			<time>2020-01-20T02:55:39.61Z</time>
		</trkpt>
		<trkpt lat="34.485040" lon="126.953686">
			<ele>0.00</ele>
			<time>2020-01-20T02:55:39.80Z</time>
		</trkpt>
		<trkpt lat="34.485017" lon="126.953640">
			<ele>0.00</ele>
			<time>2020-01-20T02:55:40.09Z</time>
		</trkpt>
		<trkpt lat="34.484967" lon="126.953585">
			<ele>0.00</ele>
			<time>2020-01-20T02:55:40.54Z</time>
		</trkpt>
		<trkpt lat="34.484884" lon="126.953500">
			<ele>0.00</ele>
			<time>2020-01-20T02:55:41.27Z</time>
		</trkpt>
		<trkpt lat="34.484797" lon="126.953440">
			<ele>0.00</ele>
			<time>2020-01-20T02:55:41.93Z</time>
		</trkpt>
		<trkpt lat="34.484708" lon="126.953379">
			<ele>0.00</ele>
			<time>2020-01-20T02:55:42.62Z</time>
		</trkpt>
		<trkpt lat="34.484579" lon="126.953284">
			<ele>0.00</ele>
			<time>2020-01-20T02:55:43.62Z</time>
		</trkpt>
		<trkpt lat="34.484429" lon="126.953128">
			<ele>0.00</ele>
			<time>2020-01-20T02:55:44.94Z</time>
		</trkpt>
		<trkpt lat="34.484325" lon="126.953025">
			<ele>0.00</ele>
			<time>2020-01-20T02:55:45.83Z</time>
		</trkpt>
		<trkpt lat="34.484174" lon="126.952709">
			<ele>0.00</ele>
			<time>2020-01-20T02:55:47.84Z</time>
		</trkpt>
		<trkpt lat="34.484108" lon="126.952519">
			<ele>0.00</ele>
			<time>2020-01-20T02:55:48.97Z</time>
		</trkpt>
		<trkpt lat="34.484068" lon="126.952417">
			<ele>0.00</ele>
			<time>2020-01-20T02:55:49.59Z</time>
		</trkpt>
		<trkpt lat="34.484011" lon="126.952279">
			<ele>0.00</ele>
			<time>2020-01-20T02:55:50.44Z</time>
		</trkpt>
		<trkpt lat="34.483949" lon="126.952162">
			<ele>0.00</ele>
			<time>2020-01-20T02:55:51.21Z</time>
		</trkpt>
		<trkpt lat="34.483909" lon="126.952063">
			<ele>0.00</ele>
			<time>2020-01-20T02:55:51.81Z</time>
		</trkpt>
		<trkpt lat="34.483891" lon="126.951963">
			<ele>0.00</ele>
			<time>2020-01-20T02:55:52.38Z</time>
		</trkpt>
		<trkpt lat="34.483877" lon="126.951859">
			<ele>0.00</ele>
			<time>2020-01-20T02:55:52.96Z</time>
		</trkpt>
		<trkpt lat="34.483877" lon="126.951849">
			<ele>0.00</ele>
			<time>2020-01-20T02:55:53.02Z</time>
		</trkpt>
		<trkpt lat="34.483875" lon="126.951725">
			<ele>0.00</ele>
			<time>2020-01-20T02:55:53.70Z</time>
		</trkpt>
		<trkpt lat="34.483875" lon="126.951722">
			<ele>0.00</ele>
			<time>2020-01-20T02:55:53.76Z</time>
		</trkpt>
		<trkpt lat="34.483879" lon="126.951652">
			<ele>0.00</ele>
			<time>2020-01-20T02:55:54.14Z</time>
		</trkpt>
		<trkpt lat="34.483879" lon="126.951651">
			<ele>0.00</ele>
			<time>2020-01-20T02:55:54.20Z</time>
		</trkpt>
		<trkpt lat="34.483883" lon="126.951440">
			<ele>0.00</ele>
			<time>2020-01-20T02:55:55.36Z</time>
		</trkpt>
		<trkpt lat="34.483901" lon="126.951240">
			<ele>0.00</ele>
			<time>2020-01-20T02:55:56.47Z</time>
		</trkpt>
		<trkpt lat="34.483908" lon="126.951160">
			<ele>0.00</ele>
			<time>2020-01-20T02:55:56.91Z</time>
		</trkpt>
		<trkpt lat="34.483921" lon="126.951020">
			<ele>0.00</ele>
			<time>2020-01-20T02:55:57.68Z</time>
		</trkpt>
		<trkpt lat="34.483928" lon="126.950935">
			<ele>0.00</ele>
			<time>2020-01-20T02:55:58.16Z</time>
		</trkpt>
		<trkpt lat="34.483928" lon="126.950932">
			<ele>0.00</ele>
			<time>2020-01-20T02:55:58.22Z</time>
		</trkpt>
		<trkpt lat="34.483951" lon="126.950834">
			<ele>0.00</ele>
			<time>2020-01-20T02:55:58.78Z</time>
		</trkpt>
		<trkpt lat="34.483952" lon="126.950829">
			<ele>0.00</ele>
			<time>2020-01-20T02:55:58.84Z</time>
		</trkpt>
		<trkpt lat="34.483966" lon="126.950764">
			<ele>0.00</ele>
			<time>2020-01-20T02:55:59.21Z</time>
		</trkpt>
		<trkpt lat="34.483999" lon="126.950638">
			<ele>0.00</ele>
			<time>2020-01-20T02:55:59.93Z</time>
		</trkpt>
		<trkpt lat="34.484003" lon="126.950562">
			<ele>0.00</ele>
			<time>2020-01-20T02:56:00.35Z</time>
		</trkpt>
		<trkpt lat="34.484006" lon="126.950384">
			<ele>0.00</ele>
			<time>2020-01-20T02:56:01.33Z</time>
		</trkpt>
		<trkpt lat="34.484006" lon="126.950285">
			<ele>0.00</ele>
			<time>2020-01-20T02:56:01.87Z</time>
		</trkpt>
		<trkpt lat="34.484017" lon="126.950152">
			<ele>0.00</ele>
			<time>2020-01-20T02:56:02.61Z</time>
		</trkpt>
		<trkpt lat="34.484031" lon="126.950089">
			<ele>0.00</ele>
			<time>2020-01-20T02:56:02.97Z</time>
		</trkpt>
		<trkpt lat="34.484053" lon="126.950015">
			<ele>0.00</ele>
			<time>2020-01-20T02:56:03.40Z</time>
		</trkpt>
		<trkpt lat="34.484095" lon="126.949931">
			<ele>0.00</ele>
			<time>2020-01-20T02:56:03.94Z</time>
		</trkpt>
		<trkpt lat="34.484142" lon="126.949855">
			<ele>0.00</ele>
			<time>2020-01-20T02:56:04.46Z</time>
		</trkpt>
		<trkpt lat="34.484171" lon="126.949790">
			<ele>0.00</ele>
			<time>2020-01-20T02:56:04.87Z</time>
		</trkpt>
		<trkpt lat="34.484199" lon="126.949710">
			<ele>0.00</ele>
			<time>2020-01-20T02:56:05.35Z</time>
		</trkpt>
		<trkpt lat="34.484213" lon="126.949644">
			<ele>0.00</ele>
			<time>2020-01-20T02:56:05.72Z</time>
		</trkpt>
		<trkpt lat="34.484220" lon="126.949590">
			<ele>0.00</ele>
			<time>2020-01-20T02:56:06.02Z</time>
		</trkpt>
		<trkpt lat="34.484225" lon="126.949549">
			<ele>0.00</ele>
			<time>2020-01-20T02:56:06.25Z</time>
		</trkpt>
		<trkpt lat="34.484226" lon="126.949514">
			<ele>0.00</ele>
			<time>2020-01-20T02:56:06.44Z</time>
		</trkpt>
		<trkpt lat="34.484239" lon="126.949472">
			<ele>0.00</ele>
			<time>2020-01-20T02:56:06.69Z</time>
		</trkpt>
		<trkpt lat="34.484260" lon="126.949427">
			<ele>0.00</ele>
			<time>2020-01-20T02:56:06.97Z</time>
		</trkpt>
		<trkpt lat="34.484294" lon="126.949334">
			<ele>0.00</ele>
			<time>2020-01-20T02:56:07.53Z</time>
		</trkpt>
		<trkpt lat="34.484321" lon="126.949293">
			<ele>0.00</ele>
			<time>2020-01-20T02:56:07.82Z</time>
		</trkpt>
		<trkpt lat="34.484350" lon="126.949265">
			<ele>0.00</ele>
			<time>2020-01-20T02:56:08.07Z</time>
		</trkpt>
		<trkpt lat="34.484409" lon="126.949207">
			<ele>0.00</ele>
			<time>2020-01-20T02:56:08.58Z</time>
		</trkpt>
		<trkpt lat="34.484476" lon="126.949163">
			<ele>0.00</ele>
			<time>2020-01-20T02:56:09.08Z</time>
		</trkpt>
		<trkpt lat="34.484538" lon="126.949123">
			<ele>0.00</ele>
			<time>2020-01-20T02:56:09.55Z</time>
		</trkpt>
		<trkpt lat="34.484616" lon="126.949084">
			<ele>0.00</ele>
			<time>2020-01-20T02:56:10.11Z</time>
		</trkpt>
		<trkpt lat="34.484757" lon="126.949016">
			<ele>0.00</ele>
			<time>2020-01-20T02:56:11.12Z</time>
		</trkpt>
		<trkpt lat="34.484885" lon="126.948958">
			<ele>0.00</ele>
			<time>2020-01-20T02:56:12.03Z</time>
		</trkpt>
		<trkpt lat="34.484964" lon="126.948930">
			<ele>0.00</ele>
			<time>2020-01-20T02:56:12.58Z</time>
		</trkpt>
		<trkpt lat="34.485053" lon="126.948885">
			<ele>0.00</ele>
			<time>2020-01-20T02:56:13.23Z</time>
		</trkpt>
		<trkpt lat="34.485084" lon="126.948841">
			<ele>0.00</ele>
			<time>2020-01-20T02:56:13.54Z</time>
		</trkpt>
		<trkpt lat="34.485104" lon="126.948765">
			<ele>0.00</ele>
			<time>2020-01-20T02:56:13.98Z</time>
		</trkpt>
		<trkpt lat="34.485122" lon="126.948674">
			<ele>0.00</ele>
			<time>2020-01-20T02:56:14.50Z</time>
		</trkpt>
		<trkpt lat="34.485145" lon="126.948575">
			<ele>0.00</ele>
			<time>2020-01-20T02:56:15.06Z</time>
		</trkpt>
		<trkpt lat="34.485172" lon="126.948458">
			<ele>0.00</ele>
			<time>2020-01-20T02:56:15.73Z</time>
		</trkpt>
		<trkpt lat="34.485192" lon="126.948401">
			<ele>0.00</ele>
			<time>2020-01-20T02:56:16.07Z</time>
		</trkpt>
		<trkpt lat="34.485223" lon="126.948331">
			<ele>0.00</ele>
			<time>2020-01-20T02:56:16.51Z</time>
		</trkpt>
		<trkpt lat="34.485226" lon="126.948328">
			<ele>0.00</ele>
			<time>2020-01-20T02:56:16.57Z</time>
		</trkpt>
		<trkpt lat="34.485251" lon="126.948281">
			<ele>0.00</ele>
			<time>2020-01-20T02:56:16.87Z</time>
		</trkpt>
		<trkpt lat="34.485254" lon="126.948277">
			<ele>0.00</ele>
			<time>2020-01-20T02:56:16.93Z</time>
		</trkpt>
		<trkpt lat="34.485289" lon="126.948245">
			<ele>0.00</ele>
			<time>2020-01-20T02:56:17.23Z</time>
		</trkpt>
		<trkpt lat="34.485333" lon="126.948203">
			<ele>0.00</ele>
			<time>2020-01-20T02:56:17.60Z</time>
		</trkpt>
		<trkpt lat="34.485365" lon="126.948167">
			<ele>0.00</ele>
			<time>2020-01-20T02:56:17.89Z</time>
		</trkpt>
		<trkpt lat="34.485385" lon="126.948135">
			<ele>0.00</ele>
			<time>2020-01-20T02:56:18.11Z</time>
		</trkpt>
		<trkpt lat="34.485400" lon="126.948027">
			<ele>0.00</ele>
			<time>2020-01-20T02:56:18.71Z</time>
		</trkpt>
		<trkpt lat="34.485406" lon="126.947942">
			<ele>0.00</ele>
			<time>2020-01-20T02:56:19.18Z</time>
		</trkpt>
		<trkpt lat="34.485406" lon="126.947868">
			<ele>0.00</ele>
			<time>2020-01-20T02:56:19.59Z</time>
		</trkpt>
		<trkpt lat="34.485405" lon="126.947869">
			<ele>0.00</ele>
			<time>2020-01-20T02:56:19.65Z</time>
		</trkpt>
		<trkpt lat="34.485378" lon="126.947640">
			<ele>0.00</ele>
			<time>2020-01-20T02:56:20.92Z</time>
		</trkpt>
		<trkpt lat="34.485331" lon="126.947462">
			<ele>0.00</ele>
			<time>2020-01-20T02:56:21.95Z</time>
		</trkpt>
		<trkpt lat="34.485272" lon="126.947349">
			<ele>0.00</ele>
			<time>2020-01-20T02:56:22.68Z</time>
		</trkpt>
		<trkpt lat="34.485108" lon="126.947140">
			<ele>0.00</ele>
			<time>2020-01-20T02:56:24.27Z</time>
		</trkpt>
		<trkpt lat="34.484938" lon="126.946877">
			<ele>0.00</ele>
			<time>2020-01-20T02:56:26.10Z</time>
		</trkpt>
		<trkpt lat="34.484830" lon="126.946664">
			<ele>0.00</ele>
			<time>2020-01-20T02:56:27.48Z</time>
		</trkpt>
		<trkpt lat="34.484745" lon="126.946522">
			<ele>0.00</ele>
			<time>2020-01-20T02:56:28.44Z</time>
		</trkpt>
		<trkpt lat="34.484677" lon="126.946418">
			<ele>0.00</ele>
			<time>2020-01-20T02:56:29.18Z</time>
		</trkpt>
		<trkpt lat="34.484582" lon="126.946326">
			<ele>0.00</ele>
			<time>2020-01-20T02:56:29.99Z</time>
		</trkpt>
		<trkpt lat="34.484537" lon="126.946295">
			<ele>0.00</ele>
			<time>2020-01-20T02:56:30.33Z</time>
		</trkpt>
		<trkpt lat="34.484480" lon="126.946256">
			<ele>0.00</ele>
			<time>2020-01-20T02:56:30.77Z</time>
		</trkpt>
		<trkpt lat="34.484398" lon="126.946209">
			<ele>0.00</ele>
			<time>2020-01-20T02:56:31.37Z</time>
		</trkpt>
		<trkpt lat="34.484301" lon="126.946127">
			<ele>0.00</ele>
			<time>2020-01-20T02:56:32.16Z</time>
		</trkpt>
		<trkpt lat="34.484215" lon="126.945999">
			<ele>0.00</ele>
			<time>2020-01-20T02:56:33.07Z</time>
		</trkpt>
		<trkpt lat="34.484118" lon="126.945812">
			<ele>0.00</ele>
			<time>2020-01-20T02:56:34.28Z</time>
		</trkpt>
		<trkpt lat="34.484009" lon="126.945653">
			<ele>0.00</ele>
			<time>2020-01-20T02:56:35.42Z</time>
		</trkpt>
		<trkpt lat="34.483905" lon="126.945507">
			<ele>0.00</ele>
			<time>2020-01-20T02:56:36.47Z</time>
		</trkpt>
		<trkpt lat="34.483778" lon="126.945338">
			<ele>0.00</ele>
			<time>2020-01-20T02:56:37.74Z</time>
		</trkpt>
		<trkpt lat="34.483676" lon="126.945195">
			<ele>0.00</ele>
			<time>2020-01-20T02:56:38.77Z</time>
		</trkpt>
		<trkpt lat="34.483659" lon="126.945168">
			<ele>0.00</ele>
			<time>2020-01-20T02:56:38.96Z</time>
		</trkpt>
		<trkpt lat="34.483535" lon="126.945132">
			<ele>0.00</ele>
			<time>2020-01-20T02:56:39.80Z</time>
		</trkpt>
		<trkpt lat="34.483423" lon="126.945128">
			<ele>0.00</ele>
			<time>2020-01-20T02:56:40.55Z</time>
		</trkpt>
		<trkpt lat="34.483314" lon="126.945141">
			<ele>0.00</ele>
			<time>2020-01-20T02:56:41.28Z</time>
		</trkpt>
		<trkpt lat="34.483216" lon="126.945181">
			<ele>0.00</ele>
			<time>2020-01-20T02:56:41.97Z</time>
		</trkpt>
		<trkpt lat="34.483120" lon="126.945213">
			<ele>0.00</ele>
			<time>2020-01-20T02:56:42.64Z</time>
		</trkpt>
		<trkpt lat="34.483040" lon="126.945099">
			<ele>0.00</ele>
			<time>2020-01-20T02:56:43.47Z</time>
		</trkpt>
		<trkpt lat="34.482986" lon="126.945050">
			<ele>0.00</ele>
			<time>2020-01-20T02:56:43.91Z</time>
		</trkpt>
		<trkpt lat="34.482996" lon="126.944995">
			<ele>0.00</ele>
			<time>2020-01-20T02:56:44.22Z</time>
		</trkpt>
		<trkpt lat="34.483127" lon="126.944789">
			<ele>0.00</ele>
			<time>2020-01-20T02:56:45.65Z</time>
		</trkpt>
		<trkpt lat="34.483205" lon="126.944636">
			<ele>0.00</ele>
			<time>2020-01-20T02:56:46.64Z</time>
		</trkpt>
		<trkpt lat="34.483273" lon="126.944464">
			<ele>0.00</ele>
			<time>2020-01-20T02:56:47.69Z</time>
		</trkpt>
		<trkpt lat="34.483308" lon="126.944369">
			<ele>0.00</ele>
			<time>2020-01-20T02:56:48.26Z</time>
		</trkpt>
		<trkpt lat="34.483369" lon="126.944156">
			<ele>0.00</ele>
			<time>2020-01-20T02:56:49.50Z</time>
		</trkpt>
		<trkpt lat="34.483391" lon="126.943909">
			<ele>0.00</ele>
			<time>2020-01-20T02:56:50.87Z</time>
		</trkpt>
		<trkpt lat="34.483390" lon="126.943692">
			<ele>0.00</ele>
			<time>2020-01-20T02:56:52.06Z</time>
		</trkpt>
		<trkpt lat="34.483403" lon="126.943395">
			<ele>0.00</ele>
			<time>2020-01-20T02:56:53.69Z</time>
		</trkpt>
		<trkpt lat="34.483416" lon="126.943347">
			<ele>0.00</ele>
			<time>2020-01-20T02:56:53.97Z</time>
		</trkpt>
		<trkpt lat="34.483340" lon="126.943027">
			<ele>0.00</ele>
			<time>2020-01-20T02:56:55.80Z</time>
		</trkpt>
		<trkpt lat="34.483297" lon="126.942847">
			<ele>0.00</ele>
			<time>2020-01-20T02:56:56.83Z</time>
		</trkpt>
		<trkpt lat="34.483295" lon="126.942679">
			<ele>0.00</ele>
			<time>2020-01-20T02:56:57.76Z</time>
		</trkpt>
		<trkpt lat="34.483266" lon="126.942570">
			<ele>0.00</ele>
			<time>2020-01-20T02:56:58.38Z</time>
		</trkpt>
		<trkpt lat="34.483321" lon="126.942556">
			<ele>0.00</ele>
			<time>2020-01-20T02:56:58.75Z</time>
		</trkpt>
		<trkpt lat="34.483334" lon="126.942542">
			<ele>0.00</ele>
			<time>2020-01-20T02:56:58.87Z</time>
		</trkpt>
		<trkpt lat="34.483342" lon="126.942496">
			<ele>0.00</ele>
			<time>2020-01-20T02:56:59.13Z</time>
		</trkpt>
		<trkpt lat="34.483325" lon="126.942460">
			<ele>0.00</ele>
			<time>2020-01-20T02:56:59.36Z</time>
		</trkpt>
		<trkpt lat="34.483306" lon="126.942371">
			<ele>0.00</ele>
			<time>2020-01-20T02:56:59.86Z</time>
		</trkpt>
		<trkpt lat="34.483275" lon="126.942268">
			<ele>0.00</ele>
			<time>2020-01-20T02:57:00.47Z</time>
		</trkpt>
		<trkpt lat="34.483253" lon="126.942189">
			<ele>0.00</ele>
			<time>2020-01-20T02:57:00.92Z</time>
		</trkpt>
		<trkpt lat="34.483229" lon="126.942184">
			<ele>0.00</ele>
			<time>2020-01-20T02:57:01.09Z</time>
		</trkpt>
		<trkpt lat="34.483170" lon="126.942203">
			<ele>0.00</ele>
			<time>2020-01-20T02:57:01.50Z</time>
		</trkpt>
		<trkpt lat="34.483123" lon="126.942065">
			<ele>0.00</ele>
			<time>2020-01-20T02:57:02.32Z</time>
		</trkpt>
		<trkpt lat="34.483094" lon="126.941960">
			<ele>0.00</ele>
			<time>2020-01-20T02:57:02.93Z</time>
		</trkpt>
		<trkpt lat="34.483054" lon="126.941848">
			<ele>0.00</ele>
			<time>2020-01-20T02:57:03.60Z</time>
		</trkpt>
		<trkpt lat="34.483026" lon="126.941791">
			<ele>0.00</ele>
			<time>2020-01-20T02:57:03.96Z</time>
		</trkpt>
		<trkpt lat="34.483008" lon="126.941664">
			<ele>0.00</ele>
			<time>2020-01-20T02:57:04.67Z</time>
		</trkpt>
		<trkpt lat="34.482996" lon="126.941492">
			<ele>0.00</ele>
			<time>2020-01-20T02:57:05.62Z</time>
		</trkpt>
		<trkpt lat="34.482980" lon="126.941287">
			<ele>0.00</ele>
			<time>2020-01-20T02:57:06.75Z</time>
		</trkpt>
		<trkpt lat="34.482990" lon="126.941148">
			<ele>0.00</ele>
			<time>2020-01-20T02:57:07.52Z</time>
		</trkpt>
		<trkpt lat="34.483028" lon="126.941033">
			<ele>0.00</ele>
			<time>2020-01-20T02:57:08.20Z</time>
		</trkpt>
		<trkpt lat="34.483092" lon="126.940968">
			<ele>0.00</ele>
			<time>2020-01-20T02:57:08.76Z</time>
		</trkpt>
		<trkpt lat="34.483192" lon="126.940905">
			<ele>0.00</ele>
			<time>2020-01-20T02:57:09.51Z</time>
		</trkpt>
		<trkpt lat="34.483209" lon="126.940926">
			<ele>0.00</ele>
			<time>2020-01-20T02:57:09.67Z</time>
		</trkpt>
		<trkpt lat="34.483270" lon="126.940859">
			<ele>0.00</ele>
			<time>2020-01-20T02:57:10.21Z</time>
		</trkpt>
		<trkpt lat="34.483398" lon="126.940714">
			<ele>0.00</ele>
			<time>2020-01-20T02:57:11.38Z</time>
		</trkpt>
		<trkpt lat="34.483528" lon="126.940569">
			<ele>0.00</ele>
			<time>2020-01-20T02:57:12.56Z</time>
		</trkpt>
		<trkpt lat="34.483625" lon="126.940448">
			<ele>0.00</ele>
			<time>2020-01-20T02:57:13.49Z</time>
		</trkpt>
		<trkpt lat="34.483689" lon="126.940325">
			<ele>0.00</ele>
			<time>2020-01-20T02:57:14.29Z</time>
		</trkpt>
		<trkpt lat="34.483706" lon="126.940269">
			<ele>0.00</ele>
			<time>2020-01-20T02:57:14.61Z</time>
		</trkpt>
		<trkpt lat="34.483710" lon="126.940233">
			<ele>0.00</ele>
			<time>2020-01-20T02:57:14.81Z</time>
		</trkpt>
		<trkpt lat="34.483728" lon="126.940185">
			<ele>0.00</ele>
			<time>2020-01-20T02:57:15.10Z</time>
		</trkpt>
		<trkpt lat="34.483726" lon="126.940173">
			<ele>0.00</ele>
			<time>2020-01-20T02:57:15.17Z</time>
		</trkpt>
		<trkpt lat="34.483752" lon="126.940144">
			<ele>0.00</ele>
			<time>2020-01-20T02:57:15.40Z</time>
		</trkpt>
		<trkpt lat="34.483907" lon="126.940092">
			<ele>0.00</ele>
			<time>2020-01-20T02:57:16.48Z</time>
		</trkpt>
		<trkpt lat="34.484061" lon="126.940041">
			<ele>0.00</ele>
			<time>2020-01-20T02:57:17.54Z</time>
		</trkpt>
		<trkpt lat="34.484246" lon="126.939968">
			<ele>0.00</ele>
			<time>2020-01-20T02:57:18.84Z</time>
		</trkpt>
		<trkpt lat="34.484429" lon="126.939901">
			<ele>0.00</ele>
			<time>2020-01-20T02:57:20.11Z</time>
		</trkpt>
		<trkpt lat="34.484566" lon="126.939844">
			<ele>0.00</ele>
			<time>2020-01-20T02:57:21.08Z</time>
		</trkpt>
		<trkpt lat="34.484658" lon="126.939777">
			<ele>0.00</ele>
			<time>2020-01-20T02:57:21.79Z</time>
		</trkpt>
		<trkpt lat="34.484666" lon="126.939768">
			<ele>0.00</ele>
			<time>2020-01-20T02:57:21.87Z</time>
		</trkpt>
		<trkpt lat="34.484675" lon="126.939765">
			<ele>0.00</ele>
			<time>2020-01-20T02:57:21.93Z</time>
		</trkpt>
		<trkpt lat="34.484664" lon="126.939756">
			<ele>0.00</ele>
			<time>2020-01-20T02:57:22.02Z</time>
		</trkpt>
		<trkpt lat="34.484653" lon="126.939752">
			<ele>0.00</ele>
			<time>2020-01-20T02:57:22.09Z</time>
		</trkpt>
		<trkpt lat="34.484643" lon="126.939740">
			<ele>0.00</ele>
			<time>2020-01-20T02:57:22.19Z</time>
		</trkpt>
		<trkpt lat="34.484638" lon="126.939725">
			<ele>0.00</ele>
			<time>2020-01-20T02:57:22.27Z</time>
		</trkpt>
		<trkpt lat="34.484630" lon="126.939689">
			<ele>0.00</ele>
			<time>2020-01-20T02:57:22.48Z</time>
		</trkpt>
		<trkpt lat="34.484630" lon="126.939661">
			<ele>0.00</ele>
			<time>2020-01-20T02:57:22.63Z</time>
		</trkpt>
		<trkpt lat="34.484637" lon="126.939640">
			<ele>0.00</ele>
			<time>2020-01-20T02:57:22.76Z</time>
		</trkpt>
		<trkpt lat="34.484652" lon="126.939630">
			<ele>0.00</ele>
			<time>2020-01-20T02:57:22.87Z</time>
		</trkpt>
		<trkpt lat="34.484671" lon="126.939628">
			<ele>0.00</ele>
			<time>2020-01-20T02:57:23Z</time>
		</trkpt>
		<trkpt lat="34.484695" lon="126.939627">
			<ele>0.00</ele>
			<time>2020-01-20T02:57:23.15Z</time>
		</trkpt>
		<trkpt lat="34.484710" lon="126.939620">
			<ele>0.00</ele>
			<time>2020-01-20T02:57:23.27Z</time>
		</trkpt>
		<trkpt lat="34.484729" lon="126.939593">
			<ele>0.00</ele>
			<time>2020-01-20T02:57:23.46Z</time>
		</trkpt>
		<trkpt lat="34.484743" lon="126.939563">
			<ele>0.00</ele>
			<time>2020-01-20T02:57:23.65Z</time>
		</trkpt>
		<trkpt lat="34.484745" lon="126.939557">
			<ele>0.00</ele>
			<time>2020-01-20T02:57:23.71Z</time>
		</trkpt>
		<trkpt lat="34.484758" lon="126.939523">
			<ele>0.00</ele>
			<time>2020-01-20T02:57:23.92Z</time>
		</trkpt>
		<trkpt lat="34.484769" lon="126.939485">
			<ele>0.00</ele>
			<time>2020-01-20T02:57:24.14Z</time>
		</trkpt>
		<trkpt lat="34.484780" lon="126.939449">
			<ele>0.00</ele>
			<time>2020-01-20T02:57:24.35Z</time>
		</trkpt>
		<trkpt lat="34.484789" lon="126.939436">
			<ele>0.00</ele>
			<time>2020-01-20T02:57:24.44Z</time>
		</trkpt>
		<trkpt lat="34.484806" lon="126.939436">
			<ele>0.00</ele>
			<time>2020-01-20T02:57:24.56Z</time>
		</trkpt>
		<trkpt lat="34.484826" lon="126.939433">
			<ele>0.00</ele>
			<time>2020-01-20T02:57:24.69Z</time>
		</trkpt>
		<trkpt lat="34.484839" lon="126.939414">
			<ele>0.00</ele>
			<time>2020-01-20T02:57:24.83Z</time>
		</trkpt>
		<trkpt lat="34.484854" lon="126.939385">
			<ele>0.00</ele>
			<time>2020-01-20T02:57:25.02Z</time>
		</trkpt>
		<trkpt lat="34.484861" lon="126.939364">
			<ele>0.00</ele>
			<time>2020-01-20T02:57:25.14Z</time>
		</trkpt>
		<trkpt lat="34.484865" lon="126.939340">
			<ele>0.00</ele>
			<time>2020-01-20T02:57:25.28Z</time>
		</trkpt>
		<trkpt lat="34.484865" lon="126.939311">
			<ele>0.00</ele>
			<time>2020-01-20T02:57:25.43Z</time>
		</trkpt>
		<trkpt lat="34.484865" lon="126.939308">
			<ele>0.00</ele>
			<time>2020-01-20T02:57:25.49Z</time>
		</trkpt>
		<trkpt lat="34.484871" lon="126.939278">
			<ele>0.00</ele>
			<time>2020-01-20T02:57:25.66Z</time>
		</trkpt>
		<trkpt lat="34.484888" lon="126.939262">
			<ele>0.00</ele>
			<time>2020-01-20T02:57:25.80Z</time>
		</trkpt>
		<trkpt lat="34.484903" lon="126.939239">
			<ele>0.00</ele>
			<time>2020-01-20T02:57:25.97Z</time>
		</trkpt>
		<trkpt lat="34.484924" lon="126.939199">
			<ele>0.00</ele>
			<time>2020-01-20T02:57:26.23Z</time>
		</trkpt>
		<trkpt lat="34.484943" lon="126.939175">
			<ele>0.00</ele>
			<time>2020-01-20T02:57:26.41Z</time>
		</trkpt>
		<extensions>
			<gte:name>#452</gte:name>
			<gte:color>#fbaf00</gte:color>
		</extensions>
	</trkseg>
</trk>
</gpx>