<?xml version="1.0" encoding="UTF-8"?>
<gpx version="1.1" creator="GPS Track Editor" xmlns="http://www.topografix.com/GPX/1/1" xmlns:xsi="http://www.w3.org/2001/XMLSchema-instance" xmlns:gte="http://www.gpstrackeditor.com/xmlschemas/General/1" xmlns:gpxtpx="http://www.garmin.com/xmlschemas/TrackPointExtension/v1" xmlns:gpxx="http://www.garmin.com/xmlschemas/GpxExtensions/v3" targetNamespace="http://www.topografix.com/GPX/1/1" elementFormDefault="qualified" xsi:schemaLocation="http://www.topografix.com/GPX/1/1 http://www.topografix.com/GPX/1/1/gpx.xsd">
<metadata>
	<name>GPS_2020-01-17_025730</name>
</metadata>
<trk>
	<name>019-거제시 장목면 김영삼대통령 기록전시관~거제시 장승포시외버스정류장</name>
	<trkseg>
		<trkpt lat="34.931059" lon="128.715494">
			<ele>0.00</ele>
			<time>2020-01-17T02:57:30.92Z</time>
		</trkpt>
		<trkpt lat="34.931062" lon="128.715494">
			<ele>0.00</ele>
			<time>2020-01-17T02:57:30.98Z</time>
		</trkpt>
		<trkpt lat="34.931022" lon="128.715464">
			<ele>0.00</ele>
			<time>2020-01-17T02:57:31.29Z</time>
		</trkpt>
		<trkpt lat="34.930972" lon="128.715428">
			<ele>0.00</ele>
			<time>2020-01-17T02:57:31.68Z</time>
		</trkpt>
		<trkpt lat="34.930927" lon="128.715470">
			<ele>0.00</ele>
			<time>2020-01-17T02:57:32.06Z</time>
		</trkpt>
		<trkpt lat="34.930896" lon="128.715525">
			<ele>0.00</ele>
			<time>2020-01-17T02:57:32.43Z</time>
		</trkpt>
		<trkpt lat="34.930855" lon="128.715598">
			<ele>0.00</ele>
			<time>2020-01-17T02:57:32.90Z</time>
		</trkpt>
		<trkpt lat="34.930824" lon="128.715685">
			<ele>0.00</ele>
			<time>2020-01-17T02:57:33.42Z</time>
		</trkpt>
		<trkpt lat="34.930799" lon="128.715770">
			<ele>0.00</ele>
			<time>2020-01-17T02:57:33.92Z</time>
		</trkpt>
		<trkpt lat="34.930770" lon="128.715856">
			<ele>0.00</ele>
			<time>2020-01-17T02:57:34.43Z</time>
		</trkpt>
		<trkpt lat="34.930748" lon="128.715936">
			<ele>0.00</ele>
			<time>2020-01-17T02:57:34.89Z</time>
		</trkpt>
		<trkpt lat="34.930732" lon="128.716028">
			<ele>0.00</ele>
			<time>2020-01-17T02:57:35.40Z</time>
		</trkpt>
		<trkpt lat="34.930727" lon="128.716086">
			<ele>0.00</ele>
			<time>2020-01-17T02:57:35.72Z</time>
		</trkpt>
		<trkpt lat="34.930718" lon="128.716160">
			<ele>0.00</ele>
			<time>2020-01-17T02:57:36.13Z</time>
		</trkpt>
		<trkpt lat="34.930675" lon="128.716212">
			<ele>0.00</ele>
			<time>2020-01-17T02:57:36.53Z</time>
		</trkpt>
		<trkpt lat="34.930615" lon="128.716219">
			<ele>0.00</ele>
			<time>2020-01-17T02:57:36.93Z</time>
		</trkpt>
		<trkpt lat="34.930537" lon="128.716199">
			<ele>0.00</ele>
			<time>2020-01-17T02:57:37.46Z</time>
		</trkpt>
		<trkpt lat="34.930484" lon="128.716179">
			<ele>0.00</ele>
			<time>2020-01-17T02:57:37.83Z</time>
		</trkpt>
		<trkpt lat="34.930440" lon="128.716162">
			<ele>0.00</ele>
			<time>2020-01-17T02:57:38.14Z</time>
		</trkpt>
		<trkpt lat="34.930380" lon="128.716139">
			<ele>0.00</ele>
			<time>2020-01-17T02:57:38.56Z</time>
		</trkpt>
		<trkpt lat="34.930305" lon="128.716124">
			<ele>0.00</ele>
			<time>2020-01-17T02:57:39.07Z</time>
		</trkpt>
		<trkpt lat="34.930242" lon="128.716113">
			<ele>0.00</ele>
			<time>2020-01-17T02:57:39.49Z</time>
		</trkpt>
		<trkpt lat="34.930165" lon="128.716103">
			<ele>0.00</ele>
			<time>2020-01-17T02:57:40.01Z</time>
		</trkpt>
		<trkpt lat="34.930093" lon="128.716101">
			<ele>0.00</ele>
			<time>2020-01-17T02:57:40.49Z</time>
		</trkpt>
		<trkpt lat="34.930010" lon="128.716097">
			<ele>0.00</ele>
			<time>2020-01-17T02:57:41.04Z</time>
		</trkpt>
		<trkpt lat="34.929935" lon="128.716088">
			<ele>0.00</ele>
			<time>2020-01-17T02:57:41.54Z</time>
		</trkpt>
		<trkpt lat="34.929867" lon="128.716084">
			<ele>0.00</ele>
			<time>2020-01-17T02:57:42Z</time>
		</trkpt>
		<trkpt lat="34.929795" lon="128.716086">
			<ele>0.00</ele>
			<time>2020-01-17T02:57:42.48Z</time>
		</trkpt>
		<trkpt lat="34.929735" lon="128.716110">
			<ele>0.00</ele>
			<time>2020-01-17T02:57:42.90Z</time>
		</trkpt>
		<trkpt lat="34.929673" lon="128.716160">
			<ele>0.00</ele>
			<time>2020-01-17T02:57:43.39Z</time>
		</trkpt>
		<trkpt lat="34.929626" lon="128.716207">
			<ele>0.00</ele>
			<time>2020-01-17T02:57:43.80Z</time>
		</trkpt>
		<trkpt lat="34.929575" lon="128.716258">
			<ele>0.00</ele>
			<time>2020-01-17T02:57:44.24Z</time>
		</trkpt>
		<trkpt lat="34.929529" lon="128.716320">
			<ele>0.00</ele>
			<time>2020-01-17T02:57:44.69Z</time>
		</trkpt>
		<trkpt lat="34.929498" lon="128.716363">
			<ele>0.00</ele>
			<time>2020-01-17T02:57:45.01Z</time>
		</trkpt>
		<trkpt lat="34.929453" lon="128.716425">
			<ele>0.00</ele>
			<time>2020-01-17T02:57:45.47Z</time>
		</trkpt>
		<trkpt lat="34.929430" lon="128.716504">
			<ele>0.00</ele>
			<time>2020-01-17T02:57:45.92Z</time>
		</trkpt>
		<trkpt lat="34.929370" lon="128.716567">
			<ele>0.00</ele>
			<time>2020-01-17T02:57:46.45Z</time>
		</trkpt>
		<trkpt lat="34.929302" lon="128.716584">
			<ele>0.00</ele>
			<time>2020-01-17T02:57:46.91Z</time>
		</trkpt>
		<trkpt lat="34.929252" lon="128.716571">
			<ele>0.00</ele>
			<time>2020-01-17T02:57:47.25Z</time>
		</trkpt>
		<trkpt lat="34.929201" lon="128.716528">
			<ele>0.00</ele>
			<time>2020-01-17T02:57:47.67Z</time>
		</trkpt>
		<trkpt lat="34.929157" lon="128.716480">
			<ele>0.00</ele>
			<time>2020-01-17T02:57:48.06Z</time>
		</trkpt>
		<trkpt lat="34.929111" lon="128.716435">
			<ele>0.00</ele>
			<time>2020-01-17T02:57:48.45Z</time>
		</trkpt>
		<trkpt lat="34.929069" lon="128.716391">
			<ele>0.00</ele>
			<time>2020-01-17T02:57:48.83Z</time>
		</trkpt>
		<trkpt lat="34.929025" lon="128.716342">
			<ele>0.00</ele>
			<time>2020-01-17T02:57:49.22Z</time>
		</trkpt>
		<trkpt lat="34.928967" lon="128.716329">
			<ele>0.00</ele>
			<time>2020-01-17T02:57:49.62Z</time>
		</trkpt>
		<trkpt lat="34.928905" lon="128.716339">
			<ele>0.00</ele>
			<time>2020-01-17T02:57:50.03Z</time>
		</trkpt>
		<trkpt lat="34.928848" lon="128.716370">
			<ele>0.00</ele>
			<time>2020-01-17T02:57:50.44Z</time>
		</trkpt>
		<trkpt lat="34.928771" lon="128.716407">
			<ele>0.00</ele>
			<time>2020-01-17T02:57:51Z</time>
		</trkpt>
		<trkpt lat="34.928769" lon="128.716407">
			<ele>0.00</ele>
			<time>2020-01-17T02:57:51.06Z</time>
		</trkpt>
		<trkpt lat="34.928728" lon="128.716411">
			<ele>0.00</ele>
			<time>2020-01-17T02:57:51.34Z</time>
		</trkpt>
		<trkpt lat="34.928682" lon="128.716367">
			<ele>0.00</ele>
			<time>2020-01-17T02:57:51.73Z</time>
		</trkpt>
		<trkpt lat="34.928667" lon="128.716323">
			<ele>0.00</ele>
			<time>2020-01-17T02:57:51.99Z</time>
		</trkpt>
		<trkpt lat="34.928650" lon="128.716260">
			<ele>0.00</ele>
			<time>2020-01-17T02:57:52.35Z</time>
		</trkpt>
		<trkpt lat="34.928648" lon="128.716191">
			<ele>0.00</ele>
			<time>2020-01-17T02:57:52.73Z</time>
		</trkpt>
		<trkpt lat="34.928648" lon="128.716128">
			<ele>0.00</ele>
			<time>2020-01-17T02:57:53.07Z</time>
		</trkpt>
		<trkpt lat="34.928647" lon="128.716080">
			<ele>0.00</ele>
			<time>2020-01-17T02:57:53.33Z</time>
		</trkpt>
		<trkpt lat="34.928635" lon="128.716034">
			<ele>0.00</ele>
			<time>2020-01-17T02:57:53.60Z</time>
		</trkpt>
		<trkpt lat="34.928650" lon="128.716001">
			<ele>0.00</ele>
			<time>2020-01-17T02:57:53.81Z</time>
		</trkpt>
		<trkpt lat="34.928693" lon="128.715973">
			<ele>0.00</ele>
			<time>2020-01-17T02:57:54.13Z</time>
		</trkpt>
		<trkpt lat="34.928731" lon="128.715945">
			<ele>0.00</ele>
			<time>2020-01-17T02:57:54.42Z</time>
		</trkpt>
		<trkpt lat="34.928774" lon="128.715894">
			<ele>0.00</ele>
			<time>2020-01-17T02:57:54.83Z</time>
		</trkpt>
		<trkpt lat="34.928790" lon="128.715847">
			<ele>0.00</ele>
			<time>2020-01-17T02:57:55.11Z</time>
		</trkpt>
		<trkpt lat="34.928793" lon="128.715792">
			<ele>0.00</ele>
			<time>2020-01-17T02:57:55.41Z</time>
		</trkpt>
		<trkpt lat="34.928774" lon="128.715742">
			<ele>0.00</ele>
			<time>2020-01-17T02:57:55.71Z</time>
		</trkpt>
		<trkpt lat="34.928747" lon="128.715686">
			<ele>0.00</ele>
			<time>2020-01-17T02:57:56.06Z</time>
		</trkpt>
		<trkpt lat="34.928705" lon="128.715642">
			<ele>0.00</ele>
			<time>2020-01-17T02:57:56.43Z</time>
		</trkpt>
		<trkpt lat="34.928660" lon="128.715599">
			<ele>0.00</ele>
			<time>2020-01-17T02:57:56.82Z</time>
		</trkpt>
		<trkpt lat="34.928626" lon="128.715571">
			<ele>0.00</ele>
			<time>2020-01-17T02:57:57.08Z</time>
		</trkpt>
		<trkpt lat="34.928584" lon="128.715521">
			<ele>0.00</ele>
			<time>2020-01-17T02:57:57.47Z</time>
		</trkpt>
		<trkpt lat="34.928545" lon="128.715480">
			<ele>0.00</ele>
			<time>2020-01-17T02:57:57.82Z</time>
		</trkpt>
		<trkpt lat="34.928521" lon="128.715432">
			<ele>0.00</ele>
			<time>2020-01-17T02:57:58.13Z</time>
		</trkpt>
		<trkpt lat="34.928489" lon="128.715366">
			<ele>0.00</ele>
			<time>2020-01-17T02:57:58.55Z</time>
		</trkpt>
		<trkpt lat="34.928466" lon="128.715284">
			<ele>0.00</ele>
			<time>2020-01-17T02:57:59.02Z</time>
		</trkpt>
		<trkpt lat="34.928453" lon="128.715208">
			<ele>0.00</ele>
			<time>2020-01-17T02:57:59.45Z</time>
		</trkpt>
		<trkpt lat="34.928445" lon="128.715144">
			<ele>0.00</ele>
			<time>2020-01-17T02:57:59.80Z</time>
		</trkpt>
		<trkpt lat="34.928438" lon="128.715073">
			<ele>0.00</ele>
			<time>2020-01-17T02:58:00.19Z</time>
		</trkpt>
		<trkpt lat="34.928432" lon="128.714999">
			<ele>0.00</ele>
			<time>2020-01-17T02:58:00.60Z</time>
		</trkpt>
		<trkpt lat="34.928435" lon="128.714943">
			<ele>0.00</ele>
			<time>2020-01-17T02:58:00.91Z</time>
		</trkpt>
		<trkpt lat="34.928441" lon="128.714871">
			<ele>0.00</ele>
			<time>2020-01-17T02:58:01.30Z</time>
		</trkpt>
		<trkpt lat="34.928460" lon="128.714800">
			<ele>0.00</ele>
			<time>2020-01-17T02:58:01.71Z</time>
		</trkpt>
		<trkpt lat="34.928472" lon="128.714731">
			<ele>0.00</ele>
			<time>2020-01-17T02:58:02.09Z</time>
		</trkpt>
		<trkpt lat="34.928466" lon="128.714651">
			<ele>0.00</ele>
			<time>2020-01-17T02:58:02.53Z</time>
		</trkpt>
		<trkpt lat="34.928453" lon="128.714575">
			<ele>0.00</ele>
			<time>2020-01-17T02:58:02.95Z</time>
		</trkpt>
		<trkpt lat="34.928444" lon="128.714510">
			<ele>0.00</ele>
			<time>2020-01-17T02:58:03.32Z</time>
		</trkpt>
		<trkpt lat="34.928437" lon="128.714402">
			<ele>0.00</ele>
			<time>2020-01-17T02:58:03.91Z</time>
		</trkpt>
		<trkpt lat="34.928435" lon="128.714301">
			<ele>0.00</ele>
			<time>2020-01-17T02:58:04.46Z</time>
		</trkpt>
		<trkpt lat="34.928438" lon="128.714226">
			<ele>0.00</ele>
			<time>2020-01-17T02:58:04.87Z</time>
		</trkpt>
		<trkpt lat="34.928445" lon="128.714133">
			<ele>0.00</ele>
			<time>2020-01-17T02:58:05.38Z</time>
		</trkpt>
		<trkpt lat="34.928445" lon="128.714077">
			<ele>0.00</ele>
			<time>2020-01-17T02:58:05.69Z</time>
		</trkpt>
		<trkpt lat="34.928380" lon="128.714070">
			<ele>0.00</ele>
			<time>2020-01-17T02:58:06.12Z</time>
		</trkpt>
		<trkpt lat="34.928321" lon="128.714057">
			<ele>0.00</ele>
			<time>2020-01-17T02:58:06.51Z</time>
		</trkpt>
		<trkpt lat="34.928256" lon="128.714036">
			<ele>0.00</ele>
			<time>2020-01-17T02:58:06.96Z</time>
		</trkpt>
		<trkpt lat="34.928195" lon="128.714007">
			<ele>0.00</ele>
			<time>2020-01-17T02:58:07.41Z</time>
		</trkpt>
		<trkpt lat="34.928115" lon="128.713956">
			<ele>0.00</ele>
			<time>2020-01-17T02:58:08.01Z</time>
		</trkpt>
		<trkpt lat="34.928058" lon="128.713917">
			<ele>0.00</ele>
			<time>2020-01-17T02:58:08.44Z</time>
		</trkpt>
		<trkpt lat="34.928002" lon="128.713875">
			<ele>0.00</ele>
			<time>2020-01-17T02:58:08.88Z</time>
		</trkpt>
		<trkpt lat="34.927939" lon="128.713839">
			<ele>0.00</ele>
			<time>2020-01-17T02:58:09.34Z</time>
		</trkpt>
		<trkpt lat="34.927892" lon="128.713802">
			<ele>0.00</ele>
			<time>2020-01-17T02:58:09.71Z</time>
		</trkpt>
		<trkpt lat="34.927840" lon="128.713748">
			<ele>0.00</ele>
			<time>2020-01-17T02:58:10.17Z</time>
		</trkpt>
		<trkpt lat="34.927776" lon="128.713687">
			<ele>0.00</ele>
			<time>2020-01-17T02:58:10.71Z</time>
		</trkpt>
		<trkpt lat="34.927708" lon="128.713628">
			<ele>0.00</ele>
			<time>2020-01-17T02:58:11.27Z</time>
		</trkpt>
		<trkpt lat="34.927644" lon="128.713574">
			<ele>0.00</ele>
			<time>2020-01-17T02:58:11.79Z</time>
		</trkpt>
		<trkpt lat="34.927579" lon="128.713531">
			<ele>0.00</ele>
			<time>2020-01-17T02:58:12.28Z</time>
		</trkpt>
		<trkpt lat="34.927517" lon="128.713479">
			<ele>0.00</ele>
			<time>2020-01-17T02:58:12.78Z</time>
		</trkpt>
		<trkpt lat="34.927451" lon="128.713420">
			<ele>0.00</ele>
			<time>2020-01-17T02:58:13.33Z</time>
		</trkpt>
		<trkpt lat="34.927377" lon="128.713345">
			<ele>0.00</ele>
			<time>2020-01-17T02:58:13.97Z</time>
		</trkpt>
		<trkpt lat="34.927315" lon="128.713290">
			<ele>0.00</ele>
			<time>2020-01-17T02:58:14.48Z</time>
		</trkpt>
		<trkpt lat="34.927279" lon="128.713253">
			<ele>0.00</ele>
			<time>2020-01-17T02:58:14.80Z</time>
		</trkpt>
		<trkpt lat="34.927223" lon="128.713203">
			<ele>0.00</ele>
			<time>2020-01-17T02:58:15.26Z</time>
		</trkpt>
		<trkpt lat="34.927166" lon="128.713165">
			<ele>0.00</ele>
			<time>2020-01-17T02:58:15.69Z</time>
		</trkpt>
		<trkpt lat="34.927164" lon="128.713165">
			<ele>0.00</ele>
			<time>2020-01-17T02:58:15.75Z</time>
		</trkpt>
		<trkpt lat="34.927097" lon="128.713143">
			<ele>0.00</ele>
			<time>2020-01-17T02:58:16.21Z</time>
		</trkpt>
		<trkpt lat="34.927095" lon="128.713143">
			<ele>0.00</ele>
			<time>2020-01-17T02:58:16.27Z</time>
		</trkpt>
		<trkpt lat="34.927038" lon="128.713120">
			<ele>0.00</ele>
			<time>2020-01-17T02:58:16.67Z</time>
		</trkpt>
		<trkpt lat="34.926977" lon="128.713106">
			<ele>0.00</ele>
			<time>2020-01-17T02:58:17.08Z</time>
		</trkpt>
		<trkpt lat="34.926905" lon="128.713104">
			<ele>0.00</ele>
			<time>2020-01-17T02:58:17.56Z</time>
		</trkpt>
		<trkpt lat="34.926834" lon="128.713120">
			<ele>0.00</ele>
			<time>2020-01-17T02:58:18.04Z</time>
		</trkpt>
		<trkpt lat="34.926761" lon="128.713140">
			<ele>0.00</ele>
			<time>2020-01-17T02:58:18.54Z</time>
		</trkpt>
		<trkpt lat="34.926698" lon="128.713165">
			<ele>0.00</ele>
			<time>2020-01-17T02:58:18.98Z</time>
		</trkpt>
		<trkpt lat="34.926625" lon="128.713180">
			<ele>0.00</ele>
			<time>2020-01-17T02:58:19.48Z</time>
		</trkpt>
		<trkpt lat="34.926555" lon="128.713208">
			<ele>0.00</ele>
			<time>2020-01-17T02:58:19.97Z</time>
		</trkpt>
		<trkpt lat="34.926472" lon="128.713230">
			<ele>0.00</ele>
			<time>2020-01-17T02:58:20.54Z</time>
		</trkpt>
		<trkpt lat="34.926375" lon="128.713242">
			<ele>0.00</ele>
			<time>2020-01-17T02:58:21.19Z</time>
		</trkpt>
		<trkpt lat="34.926290" lon="128.713269">
			<ele>0.00</ele>
			<time>2020-01-17T02:58:21.77Z</time>
		</trkpt>
		<trkpt lat="34.926218" lon="128.713285">
			<ele>0.00</ele>
			<time>2020-01-17T02:58:22.26Z</time>
		</trkpt>
		<trkpt lat="34.926142" lon="128.713302">
			<ele>0.00</ele>
			<time>2020-01-17T02:58:22.77Z</time>
		</trkpt>
		<trkpt lat="34.926060" lon="128.713313">
			<ele>0.00</ele>
			<time>2020-01-17T02:58:23.32Z</time>
		</trkpt>
		<trkpt lat="34.925984" lon="128.713323">
			<ele>0.00</ele>
			<time>2020-01-17T02:58:23.83Z</time>
		</trkpt>
		<trkpt lat="34.925912" lon="128.713332">
			<ele>0.00</ele>
			<time>2020-01-17T02:58:24.32Z</time>
		</trkpt>
		<trkpt lat="34.925821" lon="128.713342">
			<ele>0.00</ele>
			<time>2020-01-17T02:58:24.92Z</time>
		</trkpt>
		<trkpt lat="34.925727" lon="128.713356">
			<ele>0.00</ele>
			<time>2020-01-17T02:58:25.56Z</time>
		</trkpt>
		<trkpt lat="34.925665" lon="128.713365">
			<ele>0.00</ele>
			<time>2020-01-17T02:58:25.97Z</time>
		</trkpt>
		<trkpt lat="34.925560" lon="128.713382">
			<ele>0.00</ele>
			<time>2020-01-17T02:58:26.68Z</time>
		</trkpt>
		<trkpt lat="34.925489" lon="128.713391">
			<ele>0.00</ele>
			<time>2020-01-17T02:58:27.15Z</time>
		</trkpt>
		<trkpt lat="34.925403" lon="128.713402">
			<ele>0.00</ele>
			<time>2020-01-17T02:58:27.73Z</time>
		</trkpt>
		<trkpt lat="34.925334" lon="128.713405">
			<ele>0.00</ele>
			<time>2020-01-17T02:58:28.19Z</time>
		</trkpt>
		<trkpt lat="34.925259" lon="128.713407">
			<ele>0.00</ele>
			<time>2020-01-17T02:58:28.69Z</time>
		</trkpt>
		<trkpt lat="34.925159" lon="128.713407">
			<ele>0.00</ele>
			<time>2020-01-17T02:58:29.35Z</time>
		</trkpt>
		<trkpt lat="34.925049" lon="128.713409">
			<ele>0.00</ele>
			<time>2020-01-17T02:58:30.09Z</time>
		</trkpt>
		<trkpt lat="34.924975" lon="128.713400">
			<ele>0.00</ele>
			<time>2020-01-17T02:58:30.59Z</time>
		</trkpt>
		<trkpt lat="34.924917" lon="128.713404">
			<ele>0.00</ele>
			<time>2020-01-17T02:58:30.97Z</time>
		</trkpt>
		<trkpt lat="34.924857" lon="128.713407">
			<ele>0.00</ele>
			<time>2020-01-17T02:58:31.37Z</time>
		</trkpt>
		<trkpt lat="34.924853" lon="128.713407">
			<ele>0.00</ele>
			<time>2020-01-17T02:58:31.43Z</time>
		</trkpt>
		<trkpt lat="34.924793" lon="128.713426">
			<ele>0.00</ele>
			<time>2020-01-17T02:58:31.85Z</time>
		</trkpt>
		<trkpt lat="34.924731" lon="128.713448">
			<ele>0.00</ele>
			<time>2020-01-17T02:58:32.28Z</time>
		</trkpt>
		<trkpt lat="34.924683" lon="128.713484">
			<ele>0.00</ele>
			<time>2020-01-17T02:58:32.66Z</time>
		</trkpt>
		<trkpt lat="34.924640" lon="128.713534">
			<ele>0.00</ele>
			<time>2020-01-17T02:58:33.05Z</time>
		</trkpt>
		<trkpt lat="34.924606" lon="128.713589">
			<ele>0.00</ele>
			<time>2020-01-17T02:58:33.43Z</time>
		</trkpt>
		<trkpt lat="34.924577" lon="128.713662">
			<ele>0.00</ele>
			<time>2020-01-17T02:58:33.87Z</time>
		</trkpt>
		<trkpt lat="34.924553" lon="128.713734">
			<ele>0.00</ele>
			<time>2020-01-17T02:58:34.29Z</time>
		</trkpt>
		<trkpt lat="34.924543" lon="128.713792">
			<ele>0.00</ele>
			<time>2020-01-17T02:58:34.62Z</time>
		</trkpt>
		<trkpt lat="34.924531" lon="128.713864">
			<ele>0.00</ele>
			<time>2020-01-17T02:58:35.02Z</time>
		</trkpt>
		<trkpt lat="34.924517" lon="128.713931">
			<ele>0.00</ele>
			<time>2020-01-17T02:58:35.40Z</time>
		</trkpt>
		<trkpt lat="34.924502" lon="128.714015">
			<ele>0.00</ele>
			<time>2020-01-17T02:58:35.87Z</time>
		</trkpt>
		<trkpt lat="34.924484" lon="128.714114">
			<ele>0.00</ele>
			<time>2020-01-17T02:58:36.42Z</time>
		</trkpt>
		<trkpt lat="34.924468" lon="128.714207">
			<ele>0.00</ele>
			<time>2020-01-17T02:58:36.94Z</time>
		</trkpt>
		<trkpt lat="34.924449" lon="128.714296">
			<ele>0.00</ele>
			<time>2020-01-17T02:58:37.44Z</time>
		</trkpt>
		<trkpt lat="34.924447" lon="128.714300">
			<ele>0.00</ele>
			<time>2020-01-17T02:58:37.50Z</time>
		</trkpt>
		<trkpt lat="34.924434" lon="128.714389">
			<ele>0.00</ele>
			<time>2020-01-17T02:58:38Z</time>
		</trkpt>
		<trkpt lat="34.924450" lon="128.714472">
			<ele>0.00</ele>
			<time>2020-01-17T02:58:38.46Z</time>
		</trkpt>
		<trkpt lat="34.924433" lon="128.714579">
			<ele>0.00</ele>
			<time>2020-01-17T02:58:39.06Z</time>
		</trkpt>
		<trkpt lat="34.924407" lon="128.714638">
			<ele>0.00</ele>
			<time>2020-01-17T02:58:39.43Z</time>
		</trkpt>
		<trkpt lat="34.924367" lon="128.714687">
			<ele>0.00</ele>
			<time>2020-01-17T02:58:39.81Z</time>
		</trkpt>
		<trkpt lat="34.924305" lon="128.714755">
			<ele>0.00</ele>
			<time>2020-01-17T02:58:40.37Z</time>
		</trkpt>
		<trkpt lat="34.924242" lon="128.714805">
			<ele>0.00</ele>
			<time>2020-01-17T02:58:40.86Z</time>
		</trkpt>
		<trkpt lat="34.924181" lon="128.714871">
			<ele>0.00</ele>
			<time>2020-01-17T02:58:41.41Z</time>
		</trkpt>
		<trkpt lat="34.924131" lon="128.714916">
			<ele>0.00</ele>
			<time>2020-01-17T02:58:41.82Z</time>
		</trkpt>
		<trkpt lat="34.924080" lon="128.714957">
			<ele>0.00</ele>
			<time>2020-01-17T02:58:42.23Z</time>
		</trkpt>
		<trkpt lat="34.924020" lon="128.714996">
			<ele>0.00</ele>
			<time>2020-01-17T02:58:42.68Z</time>
		</trkpt>
		<trkpt lat="34.923961" lon="128.715035">
			<ele>0.00</ele>
			<time>2020-01-17T02:58:43.13Z</time>
		</trkpt>
		<trkpt lat="34.923904" lon="128.715043">
			<ele>0.00</ele>
			<time>2020-01-17T02:58:43.51Z</time>
		</trkpt>
		<trkpt lat="34.923836" lon="128.715056">
			<ele>0.00</ele>
			<time>2020-01-17T02:58:43.97Z</time>
		</trkpt>
		<trkpt lat="34.923772" lon="128.715097">
			<ele>0.00</ele>
			<time>2020-01-17T02:58:44.46Z</time>
		</trkpt>
		<trkpt lat="34.923707" lon="128.715153">
			<ele>0.00</ele>
			<time>2020-01-17T02:58:44.98Z</time>
		</trkpt>
		<trkpt lat="34.923643" lon="128.715201">
			<ele>0.00</ele>
			<time>2020-01-17T02:58:45.48Z</time>
		</trkpt>
		<trkpt lat="34.923590" lon="128.715249">
			<ele>0.00</ele>
			<time>2020-01-17T02:58:45.92Z</time>
		</trkpt>
		<trkpt lat="34.923533" lon="128.715301">
			<ele>0.00</ele>
			<time>2020-01-17T02:58:46.40Z</time>
		</trkpt>
		<trkpt lat="34.923483" lon="128.715343">
			<ele>0.00</ele>
			<time>2020-01-17T02:58:46.81Z</time>
		</trkpt>
		<trkpt lat="34.923424" lon="128.715392">
			<ele>0.00</ele>
			<time>2020-01-17T02:58:47.28Z</time>
		</trkpt>
		<trkpt lat="34.923375" lon="128.715430">
			<ele>0.00</ele>
			<time>2020-01-17T02:58:47.67Z</time>
		</trkpt>
		<trkpt lat="34.923318" lon="128.715487">
			<ele>0.00</ele>
			<time>2020-01-17T02:58:48.16Z</time>
		</trkpt>
		<trkpt lat="34.923273" lon="128.715535">
			<ele>0.00</ele>
			<time>2020-01-17T02:58:48.55Z</time>
		</trkpt>
		<trkpt lat="34.923229" lon="128.715602">
			<ele>0.00</ele>
			<time>2020-01-17T02:58:49.02Z</time>
		</trkpt>
		<trkpt lat="34.923183" lon="128.715673">
			<ele>0.00</ele>
			<time>2020-01-17T02:58:49.52Z</time>
		</trkpt>
		<trkpt lat="34.923148" lon="128.715724">
			<ele>0.00</ele>
			<time>2020-01-17T02:58:49.88Z</time>
		</trkpt>
		<trkpt lat="34.923093" lon="128.715775">
			<ele>0.00</ele>
			<time>2020-01-17T02:58:50.34Z</time>
		</trkpt>
		<trkpt lat="34.923034" lon="128.715833">
			<ele>0.00</ele>
			<time>2020-01-17T02:58:50.85Z</time>
		</trkpt>
		<trkpt lat="34.922984" lon="128.715893">
			<ele>0.00</ele>
			<time>2020-01-17T02:58:51.31Z</time>
		</trkpt>
		<trkpt lat="34.922936" lon="128.715944">
			<ele>0.00</ele>
			<time>2020-01-17T02:58:51.74Z</time>
		</trkpt>
		<trkpt lat="34.922879" lon="128.715985">
			<ele>0.00</ele>
			<time>2020-01-17T02:58:52.18Z</time>
		</trkpt>
		<trkpt lat="34.922819" lon="128.716032">
			<ele>0.00</ele>
			<time>2020-01-17T02:58:52.66Z</time>
		</trkpt>
		<trkpt lat="34.922754" lon="128.716078">
			<ele>0.00</ele>
			<time>2020-01-17T02:58:53.16Z</time>
		</trkpt>
		<trkpt lat="34.922701" lon="128.716099">
			<ele>0.00</ele>
			<time>2020-01-17T02:58:53.53Z</time>
		</trkpt>
		<trkpt lat="34.922635" lon="128.716097">
			<ele>0.00</ele>
			<time>2020-01-17T02:58:53.97Z</time>
		</trkpt>
		<trkpt lat="34.922579" lon="128.716118">
			<ele>0.00</ele>
			<time>2020-01-17T02:58:54.36Z</time>
		</trkpt>
		<trkpt lat="34.922517" lon="128.716154">
			<ele>0.00</ele>
			<time>2020-01-17T02:58:54.82Z</time>
		</trkpt>
		<trkpt lat="34.922449" lon="128.716177">
			<ele>0.00</ele>
			<time>2020-01-17T02:58:55.29Z</time>
		</trkpt>
		<trkpt lat="34.922382" lon="128.716198">
			<ele>0.00</ele>
			<time>2020-01-17T02:58:55.75Z</time>
		</trkpt>
		<trkpt lat="34.922308" lon="128.716215">
			<ele>0.00</ele>
			<time>2020-01-17T02:58:56.25Z</time>
		</trkpt>
		<trkpt lat="34.922221" lon="128.716219">
			<ele>0.00</ele>
			<time>2020-01-17T02:58:56.83Z</time>
		</trkpt>
		<trkpt lat="34.922155" lon="128.716216">
			<ele>0.00</ele>
			<time>2020-01-17T02:58:57.27Z</time>
		</trkpt>
		<trkpt lat="34.922086" lon="128.716221">
			<ele>0.00</ele>
			<time>2020-01-17T02:58:57.73Z</time>
		</trkpt>
		<trkpt lat="34.922023" lon="128.716217">
			<ele>0.00</ele>
			<time>2020-01-17T02:58:58.16Z</time>
		</trkpt>
		<trkpt lat="34.921940" lon="128.716213">
			<ele>0.00</ele>
			<time>2020-01-17T02:58:58.71Z</time>
		</trkpt>
		<trkpt lat="34.921882" lon="128.716212">
			<ele>0.00</ele>
			<time>2020-01-17T02:58:59.10Z</time>
		</trkpt>
		<trkpt lat="34.921824" lon="128.716210">
			<ele>0.00</ele>
			<time>2020-01-17T02:58:59.48Z</time>
		</trkpt>
		<trkpt lat="34.921750" lon="128.716219">
			<ele>0.00</ele>
			<time>2020-01-17T02:58:59.98Z</time>
		</trkpt>
		<trkpt lat="34.921690" lon="128.716240">
			<ele>0.00</ele>
			<time>2020-01-17T02:59:00.40Z</time>
		</trkpt>
		<trkpt lat="34.921647" lon="128.716254">
			<ele>0.00</ele>
			<time>2020-01-17T02:59:00.69Z</time>
		</trkpt>
		<trkpt lat="34.921606" lon="128.716268">
			<ele>0.00</ele>
			<time>2020-01-17T02:59:00.97Z</time>
		</trkpt>
		<trkpt lat="34.921550" lon="128.716252">
			<ele>0.00</ele>
			<time>2020-01-17T02:59:01.36Z</time>
		</trkpt>
		<trkpt lat="34.921509" lon="128.716217">
			<ele>0.00</ele>
			<time>2020-01-17T02:59:01.69Z</time>
		</trkpt>
		<trkpt lat="34.921455" lon="128.716197">
			<ele>0.00</ele>
			<time>2020-01-17T02:59:02.07Z</time>
		</trkpt>
		<trkpt lat="34.921410" lon="128.716185">
			<ele>0.00</ele>
			<time>2020-01-17T02:59:02.37Z</time>
		</trkpt>
		<trkpt lat="34.921372" lon="128.716175">
			<ele>0.00</ele>
			<time>2020-01-17T02:59:02.63Z</time>
		</trkpt>
		<trkpt lat="34.921306" lon="128.716162">
			<ele>0.00</ele>
			<time>2020-01-17T02:59:03.08Z</time>
		</trkpt>
		<trkpt lat="34.921249" lon="128.716175">
			<ele>0.00</ele>
			<time>2020-01-17T02:59:03.47Z</time>
		</trkpt>
		<trkpt lat="34.921201" lon="128.716218">
			<ele>0.00</ele>
			<time>2020-01-17T02:59:03.87Z</time>
		</trkpt>
		<trkpt lat="34.921159" lon="128.716264">
			<ele>0.00</ele>
			<time>2020-01-17T02:59:04.24Z</time>
		</trkpt>
		<trkpt lat="34.921126" lon="128.716321">
			<ele>0.00</ele>
			<time>2020-01-17T02:59:04.62Z</time>
		</trkpt>
		<trkpt lat="34.921094" lon="128.716376">
			<ele>0.00</ele>
			<time>2020-01-17T02:59:04.99Z</time>
		</trkpt>
		<trkpt lat="34.921065" lon="128.716436">
			<ele>0.00</ele>
			<time>2020-01-17T02:59:05.37Z</time>
		</trkpt>
		<trkpt lat="34.921027" lon="128.716500">
			<ele>0.00</ele>
			<time>2020-01-17T02:59:05.80Z</time>
		</trkpt>
		<trkpt lat="34.921000" lon="128.716554">
			<ele>0.00</ele>
			<time>2020-01-17T02:59:06.15Z</time>
		</trkpt>
		<trkpt lat="34.920972" lon="128.716608">
			<ele>0.00</ele>
			<time>2020-01-17T02:59:06.50Z</time>
		</trkpt>
		<trkpt lat="34.920931" lon="128.716684">
			<ele>0.00</ele>
			<time>2020-01-17T02:59:07Z</time>
		</trkpt>
		<trkpt lat="34.920895" lon="128.716747">
			<ele>0.00</ele>
			<time>2020-01-17T02:59:07.42Z</time>
		</trkpt>
		<trkpt lat="34.920864" lon="128.716811">
			<ele>0.00</ele>
			<time>2020-01-17T02:59:07.82Z</time>
		</trkpt>
		<trkpt lat="34.920840" lon="128.716867">
			<ele>0.00</ele>
			<time>2020-01-17T02:59:08.17Z</time>
		</trkpt>
		<trkpt lat="34.920806" lon="128.716932">
			<ele>0.00</ele>
			<time>2020-01-17T02:59:08.59Z</time>
		</trkpt>
		<trkpt lat="34.920783" lon="128.716989">
			<ele>0.00</ele>
			<time>2020-01-17T02:59:08.93Z</time>
		</trkpt>
		<trkpt lat="34.920760" lon="128.717038">
			<ele>0.00</ele>
			<time>2020-01-17T02:59:09.25Z</time>
		</trkpt>
		<trkpt lat="34.920738" lon="128.717086">
			<ele>0.00</ele>
			<time>2020-01-17T02:59:09.55Z</time>
		</trkpt>
		<trkpt lat="34.920709" lon="128.717141">
			<ele>0.00</ele>
			<time>2020-01-17T02:59:09.90Z</time>
		</trkpt>
		<trkpt lat="34.920675" lon="128.717188">
			<ele>0.00</ele>
			<time>2020-01-17T02:59:10.24Z</time>
		</trkpt>
		<trkpt lat="34.920635" lon="128.717238">
			<ele>0.00</ele>
			<time>2020-01-17T02:59:10.63Z</time>
		</trkpt>
		<trkpt lat="34.920604" lon="128.717268">
			<ele>0.00</ele>
			<time>2020-01-17T02:59:10.89Z</time>
		</trkpt>
		<trkpt lat="34.920565" lon="128.717298">
			<ele>0.00</ele>
			<time>2020-01-17T02:59:11.20Z</time>
		</trkpt>
		<trkpt lat="34.920516" lon="128.717325">
			<ele>0.00</ele>
			<time>2020-01-17T02:59:11.56Z</time>
		</trkpt>
		<trkpt lat="34.920456" lon="128.717343">
			<ele>0.00</ele>
			<time>2020-01-17T02:59:11.97Z</time>
		</trkpt>
		<trkpt lat="34.920401" lon="128.717359">
			<ele>0.00</ele>
			<time>2020-01-17T02:59:12.34Z</time>
		</trkpt>
		<trkpt lat="34.920348" lon="128.717373">
			<ele>0.00</ele>
			<time>2020-01-17T02:59:12.71Z</time>
		</trkpt>
		<trkpt lat="34.920294" lon="128.717381">
			<ele>0.00</ele>
			<time>2020-01-17T02:59:13.07Z</time>
		</trkpt>
		<trkpt lat="34.920243" lon="128.717391">
			<ele>0.00</ele>
			<time>2020-01-17T02:59:13.42Z</time>
		</trkpt>
		<trkpt lat="34.920197" lon="128.717398">
			<ele>0.00</ele>
			<time>2020-01-17T02:59:13.72Z</time>
		</trkpt>
		<trkpt lat="34.920144" lon="128.717416">
			<ele>0.00</ele>
			<time>2020-01-17T02:59:14.09Z</time>
		</trkpt>
		<trkpt lat="34.920104" lon="128.717429">
			<ele>0.00</ele>
			<time>2020-01-17T02:59:14.37Z</time>
		</trkpt>
		<trkpt lat="34.920062" lon="128.717460">
			<ele>0.00</ele>
			<time>2020-01-17T02:59:14.69Z</time>
		</trkpt>
		<trkpt lat="34.920029" lon="128.717490">
			<ele>0.00</ele>
			<time>2020-01-17T02:59:14.97Z</time>
		</trkpt>
		<trkpt lat="34.920000" lon="128.717544">
			<ele>0.00</ele>
			<time>2020-01-17T02:59:15.32Z</time>
		</trkpt>
		<trkpt lat="34.919981" lon="128.717612">
			<ele>0.00</ele>
			<time>2020-01-17T02:59:15.71Z</time>
		</trkpt>
		<trkpt lat="34.919976" lon="128.717658">
			<ele>0.00</ele>
			<time>2020-01-17T02:59:15.96Z</time>
		</trkpt>
		<trkpt lat="34.919971" lon="128.717721">
			<ele>0.00</ele>
			<time>2020-01-17T02:59:16.31Z</time>
		</trkpt>
		<trkpt lat="34.919964" lon="128.717788">
			<ele>0.00</ele>
			<time>2020-01-17T02:59:16.68Z</time>
		</trkpt>
		<trkpt lat="34.919947" lon="128.717860">
			<ele>0.00</ele>
			<time>2020-01-17T02:59:17.09Z</time>
		</trkpt>
		<trkpt lat="34.919925" lon="128.717927">
			<ele>0.00</ele>
			<time>2020-01-17T02:59:17.49Z</time>
		</trkpt>
		<trkpt lat="34.919902" lon="128.717995">
			<ele>0.00</ele>
			<time>2020-01-17T02:59:17.89Z</time>
		</trkpt>
		<trkpt lat="34.919877" lon="128.718052">
			<ele>0.00</ele>
			<time>2020-01-17T02:59:18.24Z</time>
		</trkpt>
		<trkpt lat="34.919849" lon="128.718096">
			<ele>0.00</ele>
			<time>2020-01-17T02:59:18.54Z</time>
		</trkpt>
		<trkpt lat="34.919806" lon="128.718150">
			<ele>0.00</ele>
			<time>2020-01-17T02:59:18.96Z</time>
		</trkpt>
		<trkpt lat="34.919765" lon="128.718197">
			<ele>0.00</ele>
			<time>2020-01-17T02:59:19.33Z</time>
		</trkpt>
		<trkpt lat="34.919708" lon="128.718245">
			<ele>0.00</ele>
			<time>2020-01-17T02:59:19.79Z</time>
		</trkpt>
		<trkpt lat="34.919660" lon="128.718277">
			<ele>0.00</ele>
			<time>2020-01-17T02:59:20.16Z</time>
		</trkpt>
		<trkpt lat="34.919605" lon="128.718306">
			<ele>0.00</ele>
			<time>2020-01-17T02:59:20.56Z</time>
		</trkpt>
		<trkpt lat="34.919553" lon="128.718326">
			<ele>0.00</ele>
			<time>2020-01-17T02:59:20.92Z</time>
		</trkpt>
		<trkpt lat="34.919498" lon="128.718338">
			<ele>0.00</ele>
			<time>2020-01-17T02:59:21.29Z</time>
		</trkpt>
		<trkpt lat="34.919439" lon="128.718345">
			<ele>0.00</ele>
			<time>2020-01-17T02:59:21.69Z</time>
		</trkpt>
		<trkpt lat="34.919386" lon="128.718351">
			<ele>0.00</ele>
			<time>2020-01-17T02:59:22.05Z</time>
		</trkpt>
		<trkpt lat="34.919334" lon="128.718349">
			<ele>0.00</ele>
			<time>2020-01-17T02:59:22.39Z</time>
		</trkpt>
		<trkpt lat="34.919285" lon="128.718352">
			<ele>0.00</ele>
			<time>2020-01-17T02:59:22.72Z</time>
		</trkpt>
		<trkpt lat="34.919222" lon="128.718368">
			<ele>0.00</ele>
			<time>2020-01-17T02:59:23.15Z</time>
		</trkpt>
		<trkpt lat="34.919183" lon="128.718376">
			<ele>0.00</ele>
			<time>2020-01-17T02:59:23.41Z</time>
		</trkpt>
		<trkpt lat="34.919142" lon="128.718404">
			<ele>0.00</ele>
			<time>2020-01-17T02:59:23.73Z</time>
		</trkpt>
		<trkpt lat="34.919105" lon="128.718434">
			<ele>0.00</ele>
			<time>2020-01-17T02:59:24.02Z</time>
		</trkpt>
		<trkpt lat="34.919067" lon="128.718484">
			<ele>0.00</ele>
			<time>2020-01-17T02:59:24.40Z</time>
		</trkpt>
		<trkpt lat="34.919031" lon="128.718547">
			<ele>0.00</ele>
			<time>2020-01-17T02:59:24.81Z</time>
		</trkpt>
		<trkpt lat="34.918988" lon="128.718619">
			<ele>0.00</ele>
			<time>2020-01-17T02:59:25.30Z</time>
		</trkpt>
		<trkpt lat="34.918938" lon="128.718697">
			<ele>0.00</ele>
			<time>2020-01-17T02:59:25.84Z</time>
		</trkpt>
		<trkpt lat="34.918889" lon="128.718747">
			<ele>0.00</ele>
			<time>2020-01-17T02:59:26.27Z</time>
		</trkpt>
		<trkpt lat="34.918835" lon="128.718786">
			<ele>0.00</ele>
			<time>2020-01-17T02:59:26.68Z</time>
		</trkpt>
		<trkpt lat="34.918771" lon="128.718809">
			<ele>0.00</ele>
			<time>2020-01-17T02:59:27.13Z</time>
		</trkpt>
		<trkpt lat="34.918705" lon="128.718822">
			<ele>0.00</ele>
			<time>2020-01-17T02:59:27.58Z</time>
		</trkpt>
		<trkpt lat="34.918656" lon="128.718824">
			<ele>0.00</ele>
			<time>2020-01-17T02:59:27.90Z</time>
		</trkpt>
		<trkpt lat="34.918606" lon="128.718843">
			<ele>0.00</ele>
			<time>2020-01-17T02:59:28.25Z</time>
		</trkpt>
		<trkpt lat="34.918543" lon="128.718854">
			<ele>0.00</ele>
			<time>2020-01-17T02:59:28.67Z</time>
		</trkpt>
		<trkpt lat="34.918485" lon="128.718873">
			<ele>0.00</ele>
			<time>2020-01-17T02:59:29.07Z</time>
		</trkpt>
		<trkpt lat="34.918425" lon="128.718891">
			<ele>0.00</ele>
			<time>2020-01-17T02:59:29.49Z</time>
		</trkpt>
		<trkpt lat="34.918374" lon="128.718903">
			<ele>0.00</ele>
			<time>2020-01-17T02:59:29.84Z</time>
		</trkpt>
		<trkpt lat="34.918315" lon="128.718943">
			<ele>0.00</ele>
			<time>2020-01-17T02:59:30.29Z</time>
		</trkpt>
		<trkpt lat="34.918255" lon="128.718986">
			<ele>0.00</ele>
			<time>2020-01-17T02:59:30.75Z</time>
		</trkpt>
		<trkpt lat="34.918207" lon="128.719043">
			<ele>0.00</ele>
			<time>2020-01-17T02:59:31.19Z</time>
		</trkpt>
		<trkpt lat="34.918170" lon="128.719097">
			<ele>0.00</ele>
			<time>2020-01-17T02:59:31.58Z</time>
		</trkpt>
		<trkpt lat="34.918133" lon="128.719170">
			<ele>0.00</ele>
			<time>2020-01-17T02:59:32.05Z</time>
		</trkpt>
		<trkpt lat="34.918104" lon="128.719247">
			<ele>0.00</ele>
			<time>2020-01-17T02:59:32.51Z</time>
		</trkpt>
		<trkpt lat="34.918074" lon="128.719334">
			<ele>0.00</ele>
			<time>2020-01-17T02:59:33.03Z</time>
		</trkpt>
		<trkpt lat="34.918044" lon="128.719404">
			<ele>0.00</ele>
			<time>2020-01-17T02:59:33.46Z</time>
		</trkpt>
		<trkpt lat="34.918014" lon="128.719466">
			<ele>0.00</ele>
			<time>2020-01-17T02:59:33.85Z</time>
		</trkpt>
		<trkpt lat="34.917972" lon="128.719541">
			<ele>0.00</ele>
			<time>2020-01-17T02:59:34.35Z</time>
		</trkpt>
		<trkpt lat="34.917927" lon="128.719616">
			<ele>0.00</ele>
			<time>2020-01-17T02:59:34.86Z</time>
		</trkpt>
		<trkpt lat="34.917872" lon="128.719683">
			<ele>0.00</ele>
			<time>2020-01-17T02:59:35.38Z</time>
		</trkpt>
		<trkpt lat="34.917820" lon="128.719723">
			<ele>0.00</ele>
			<time>2020-01-17T02:59:35.78Z</time>
		</trkpt>
		<trkpt lat="34.917742" lon="128.719760">
			<ele>0.00</ele>
			<time>2020-01-17T02:59:36.34Z</time>
		</trkpt>
		<trkpt lat="34.917669" lon="128.719802">
			<ele>0.00</ele>
			<time>2020-01-17T02:59:36.88Z</time>
		</trkpt>
		<trkpt lat="34.917612" lon="128.719829">
			<ele>0.00</ele>
			<time>2020-01-17T02:59:37.29Z</time>
		</trkpt>
		<trkpt lat="34.917547" lon="128.719857">
			<ele>0.00</ele>
			<time>2020-01-17T02:59:37.75Z</time>
		</trkpt>
		<trkpt lat="34.917488" lon="128.719893">
			<ele>0.00</ele>
			<time>2020-01-17T02:59:38.19Z</time>
		</trkpt>
		<trkpt lat="34.917428" lon="128.719928">
			<ele>0.00</ele>
			<time>2020-01-17T02:59:38.63Z</time>
		</trkpt>
		<trkpt lat="34.917384" lon="128.719952">
			<ele>0.00</ele>
			<time>2020-01-17T02:59:38.95Z</time>
		</trkpt>
		<trkpt lat="34.917338" lon="128.719990">
			<ele>0.00</ele>
			<time>2020-01-17T02:59:39.33Z</time>
		</trkpt>
		<trkpt lat="34.917299" lon="128.720032">
			<ele>0.00</ele>
			<time>2020-01-17T02:59:39.67Z</time>
		</trkpt>
		<trkpt lat="34.917253" lon="128.720094">
			<ele>0.00</ele>
			<time>2020-01-17T02:59:40.13Z</time>
		</trkpt>
		<trkpt lat="34.917210" lon="128.720153">
			<ele>0.00</ele>
			<time>2020-01-17T02:59:40.56Z</time>
		</trkpt>
		<trkpt lat="34.917171" lon="128.720206">
			<ele>0.00</ele>
			<time>2020-01-17T02:59:40.95Z</time>
		</trkpt>
		<trkpt lat="34.917130" lon="128.720273">
			<ele>0.00</ele>
			<time>2020-01-17T02:59:41.41Z</time>
		</trkpt>
		<trkpt lat="34.917090" lon="128.720348">
			<ele>0.00</ele>
			<time>2020-01-17T02:59:41.89Z</time>
		</trkpt>
		<trkpt lat="34.917052" lon="128.720427">
			<ele>0.00</ele>
			<time>2020-01-17T02:59:42.40Z</time>
		</trkpt>
		<trkpt lat="34.917024" lon="128.720497">
			<ele>0.00</ele>
			<time>2020-01-17T02:59:42.82Z</time>
		</trkpt>
		<trkpt lat="34.916988" lon="128.720549">
			<ele>0.00</ele>
			<time>2020-01-17T02:59:43.19Z</time>
		</trkpt>
		<trkpt lat="34.916943" lon="128.720614">
			<ele>0.00</ele>
			<time>2020-01-17T02:59:43.66Z</time>
		</trkpt>
		<trkpt lat="34.916889" lon="128.720660">
			<ele>0.00</ele>
			<time>2020-01-17T02:59:44.10Z</time>
		</trkpt>
		<trkpt lat="34.916842" lon="128.720702">
			<ele>0.00</ele>
			<time>2020-01-17T02:59:44.48Z</time>
		</trkpt>
		<trkpt lat="34.916773" lon="128.720741">
			<ele>0.00</ele>
			<time>2020-01-17T02:59:44.99Z</time>
		</trkpt>
		<trkpt lat="34.916709" lon="128.720768">
			<ele>0.00</ele>
			<time>2020-01-17T02:59:45.44Z</time>
		</trkpt>
		<trkpt lat="34.916648" lon="128.720797">
			<ele>0.00</ele>
			<time>2020-01-17T02:59:45.88Z</time>
		</trkpt>
		<trkpt lat="34.916584" lon="128.720819">
			<ele>0.00</ele>
			<time>2020-01-17T02:59:46.32Z</time>
		</trkpt>
		<trkpt lat="34.916489" lon="128.720847">
			<ele>0.00</ele>
			<time>2020-01-17T02:59:46.97Z</time>
		</trkpt>
		<trkpt lat="34.916431" lon="128.720866">
			<ele>0.00</ele>
			<time>2020-01-17T02:59:47.38Z</time>
		</trkpt>
		<trkpt lat="34.916370" lon="128.720888">
			<ele>0.00</ele>
			<time>2020-01-17T02:59:47.80Z</time>
		</trkpt>
		<trkpt lat="34.916297" lon="128.720919">
			<ele>0.00</ele>
			<time>2020-01-17T02:59:48.32Z</time>
		</trkpt>
		<trkpt lat="34.916220" lon="128.720947">
			<ele>0.00</ele>
			<time>2020-01-17T02:59:48.85Z</time>
		</trkpt>
		<trkpt lat="34.916153" lon="128.721000">
			<ele>0.00</ele>
			<time>2020-01-17T02:59:49.38Z</time>
		</trkpt>
		<trkpt lat="34.916102" lon="128.721038">
			<ele>0.00</ele>
			<time>2020-01-17T02:59:49.78Z</time>
		</trkpt>
		<trkpt lat="34.916051" lon="128.721061">
			<ele>0.00</ele>
			<time>2020-01-17T02:59:50.14Z</time>
		</trkpt>
		<trkpt lat="34.915986" lon="128.721092">
			<ele>0.00</ele>
			<time>2020-01-17T02:59:50.61Z</time>
		</trkpt>
		<trkpt lat="34.915923" lon="128.721132">
			<ele>0.00</ele>
			<time>2020-01-17T02:59:51.08Z</time>
		</trkpt>
		<trkpt lat="34.915876" lon="128.721169">
			<ele>0.00</ele>
			<time>2020-01-17T02:59:51.46Z</time>
		</trkpt>
		<trkpt lat="34.915823" lon="128.721203">
			<ele>0.00</ele>
			<time>2020-01-17T02:59:51.86Z</time>
		</trkpt>
		<trkpt lat="34.915775" lon="128.721226">
			<ele>0.00</ele>
			<time>2020-01-17T02:59:52.20Z</time>
		</trkpt>
		<trkpt lat="34.915716" lon="128.721242">
			<ele>0.00</ele>
			<time>2020-01-17T02:59:52.60Z</time>
		</trkpt>
		<trkpt lat="34.915648" lon="128.721309">
			<ele>0.00</ele>
			<time>2020-01-17T02:59:53.18Z</time>
		</trkpt>
		<trkpt lat="34.915579" lon="128.721376">
			<ele>0.00</ele>
			<time>2020-01-17T02:59:53.77Z</time>
		</trkpt>
		<trkpt lat="34.915521" lon="128.721441">
			<ele>0.00</ele>
			<time>2020-01-17T02:59:54.30Z</time>
		</trkpt>
		<trkpt lat="34.915461" lon="128.721509">
			<ele>0.00</ele>
			<time>2020-01-17T02:59:54.84Z</time>
		</trkpt>
		<trkpt lat="34.915409" lon="128.721565">
			<ele>0.00</ele>
			<time>2020-01-17T02:59:55.31Z</time>
		</trkpt>
		<trkpt lat="34.915362" lon="128.721619">
			<ele>0.00</ele>
			<time>2020-01-17T02:59:55.74Z</time>
		</trkpt>
		<trkpt lat="34.915313" lon="128.721685">
			<ele>0.00</ele>
			<time>2020-01-17T02:59:56.22Z</time>
		</trkpt>
		<trkpt lat="34.915265" lon="128.721724">
			<ele>0.00</ele>
			<time>2020-01-17T02:59:56.61Z</time>
		</trkpt>
		<trkpt lat="34.915208" lon="128.721768">
			<ele>0.00</ele>
			<time>2020-01-17T02:59:57.06Z</time>
		</trkpt>
		<trkpt lat="34.915147" lon="128.721818">
			<ele>0.00</ele>
			<time>2020-01-17T02:59:57.55Z</time>
		</trkpt>
		<trkpt lat="34.915078" lon="128.721860">
			<ele>0.00</ele>
			<time>2020-01-17T02:59:58.06Z</time>
		</trkpt>
		<trkpt lat="34.915021" lon="128.721895">
			<ele>0.00</ele>
			<time>2020-01-17T02:59:58.49Z</time>
		</trkpt>
		<trkpt lat="34.914955" lon="128.721933">
			<ele>0.00</ele>
			<time>2020-01-17T02:59:58.97Z</time>
		</trkpt>
		<trkpt lat="34.914894" lon="128.721956">
			<ele>0.00</ele>
			<time>2020-01-17T02:59:59.40Z</time>
		</trkpt>
		<trkpt lat="34.914826" lon="128.721960">
			<ele>0.00</ele>
			<time>2020-01-17T02:59:59.85Z</time>
		</trkpt>
		<trkpt lat="34.914769" lon="128.721959">
			<ele>0.00</ele>
			<time>2020-01-17T03:00:00.24Z</time>
		</trkpt>
		<trkpt lat="34.914708" lon="128.721953">
			<ele>0.00</ele>
			<time>2020-01-17T03:00:00.65Z</time>
		</trkpt>
		<trkpt lat="34.914638" lon="128.721945">
			<ele>0.00</ele>
			<time>2020-01-17T03:00:01.11Z</time>
		</trkpt>
		<trkpt lat="34.914572" lon="128.721919">
			<ele>0.00</ele>
			<time>2020-01-17T03:00:01.57Z</time>
		</trkpt>
		<trkpt lat="34.914512" lon="128.721893">
			<ele>0.00</ele>
			<time>2020-01-17T03:00:01.99Z</time>
		</trkpt>
		<trkpt lat="34.914438" lon="128.721865">
			<ele>0.00</ele>
			<time>2020-01-17T03:00:02.52Z</time>
		</trkpt>
		<trkpt lat="34.914383" lon="128.721835">
			<ele>0.00</ele>
			<time>2020-01-17T03:00:02.91Z</time>
		</trkpt>
		<trkpt lat="34.914315" lon="128.721799">
			<ele>0.00</ele>
			<time>2020-01-17T03:00:03.41Z</time>
		</trkpt>
		<trkpt lat="34.914239" lon="128.721767">
			<ele>0.00</ele>
			<time>2020-01-17T03:00:03.95Z</time>
		</trkpt>
		<trkpt lat="34.914164" lon="128.721730">
			<ele>0.00</ele>
			<time>2020-01-17T03:00:04.49Z</time>
		</trkpt>
		<trkpt lat="34.914080" lon="128.721701">
			<ele>0.00</ele>
			<time>2020-01-17T03:00:05.07Z</time>
		</trkpt>
		<trkpt lat="34.914009" lon="128.721664">
			<ele>0.00</ele>
			<time>2020-01-17T03:00:05.58Z</time>
		</trkpt>
		<trkpt lat="34.913949" lon="128.721640">
			<ele>0.00</ele>
			<time>2020-01-17T03:00:06Z</time>
		</trkpt>
		<trkpt lat="34.913879" lon="128.721607">
			<ele>0.00</ele>
			<time>2020-01-17T03:00:06.50Z</time>
		</trkpt>
		<trkpt lat="34.913798" lon="128.721574">
			<ele>0.00</ele>
			<time>2020-01-17T03:00:07.07Z</time>
		</trkpt>
		<trkpt lat="34.913744" lon="128.721555">
			<ele>0.00</ele>
			<time>2020-01-17T03:00:07.45Z</time>
		</trkpt>
		<trkpt lat="34.913683" lon="128.721528">
			<ele>0.00</ele>
			<time>2020-01-17T03:00:07.88Z</time>
		</trkpt>
		<trkpt lat="34.913623" lon="128.721498">
			<ele>0.00</ele>
			<time>2020-01-17T03:00:08.32Z</time>
		</trkpt>
		<trkpt lat="34.913561" lon="128.721473">
			<ele>0.00</ele>
			<time>2020-01-17T03:00:08.75Z</time>
		</trkpt>
		<trkpt lat="34.913504" lon="128.721446">
			<ele>0.00</ele>
			<time>2020-01-17T03:00:09.16Z</time>
		</trkpt>
		<trkpt lat="34.913426" lon="128.721404">
			<ele>0.00</ele>
			<time>2020-01-17T03:00:09.72Z</time>
		</trkpt>
		<trkpt lat="34.913364" lon="128.721366">
			<ele>0.00</ele>
			<time>2020-01-17T03:00:10.19Z</time>
		</trkpt>
		<trkpt lat="34.913306" lon="128.721329">
			<ele>0.00</ele>
			<time>2020-01-17T03:00:10.62Z</time>
		</trkpt>
		<trkpt lat="34.913239" lon="128.721293">
			<ele>0.00</ele>
			<time>2020-01-17T03:00:11.11Z</time>
		</trkpt>
		<trkpt lat="34.913182" lon="128.721267">
			<ele>0.00</ele>
			<time>2020-01-17T03:00:11.51Z</time>
		</trkpt>
		<trkpt lat="34.913116" lon="128.721236">
			<ele>0.00</ele>
			<time>2020-01-17T03:00:11.99Z</time>
		</trkpt>
		<trkpt lat="34.913046" lon="128.721208">
			<ele>0.00</ele>
			<time>2020-01-17T03:00:12.48Z</time>
		</trkpt>
		<trkpt lat="34.912985" lon="128.721164">
			<ele>0.00</ele>
			<time>2020-01-17T03:00:12.96Z</time>
		</trkpt>
		<trkpt lat="34.912926" lon="128.721129">
			<ele>0.00</ele>
			<time>2020-01-17T03:00:13.39Z</time>
		</trkpt>
		<trkpt lat="34.912873" lon="128.721086">
			<ele>0.00</ele>
			<time>2020-01-17T03:00:13.81Z</time>
		</trkpt>
		<trkpt lat="34.912814" lon="128.721032">
			<ele>0.00</ele>
			<time>2020-01-17T03:00:14.30Z</time>
		</trkpt>
		<trkpt lat="34.912743" lon="128.720974">
			<ele>0.00</ele>
			<time>2020-01-17T03:00:14.87Z</time>
		</trkpt>
		<trkpt lat="34.912687" lon="128.720917">
			<ele>0.00</ele>
			<time>2020-01-17T03:00:15.36Z</time>
		</trkpt>
		<trkpt lat="34.912614" lon="128.720866">
			<ele>0.00</ele>
			<time>2020-01-17T03:00:15.92Z</time>
		</trkpt>
		<trkpt lat="34.912532" lon="128.720787">
			<ele>0.00</ele>
			<time>2020-01-17T03:00:16.62Z</time>
		</trkpt>
		<trkpt lat="34.912476" lon="128.720732">
			<ele>0.00</ele>
			<time>2020-01-17T03:00:17.10Z</time>
		</trkpt>
		<trkpt lat="34.912417" lon="128.720682">
			<ele>0.00</ele>
			<time>2020-01-17T03:00:17.58Z</time>
		</trkpt>
		<trkpt lat="34.912362" lon="128.720629">
			<ele>0.00</ele>
			<time>2020-01-17T03:00:18.04Z</time>
		</trkpt>
		<trkpt lat="34.912297" lon="128.720572">
			<ele>0.00</ele>
			<time>2020-01-17T03:00:18.58Z</time>
		</trkpt>
		<trkpt lat="34.912247" lon="128.720528">
			<ele>0.00</ele>
			<time>2020-01-17T03:00:18.99Z</time>
		</trkpt>
		<trkpt lat="34.912185" lon="128.720473">
			<ele>0.00</ele>
			<time>2020-01-17T03:00:19.50Z</time>
		</trkpt>
		<trkpt lat="34.912099" lon="128.720414">
			<ele>0.00</ele>
			<time>2020-01-17T03:00:20.16Z</time>
		</trkpt>
		<trkpt lat="34.912023" lon="128.720358">
			<ele>0.00</ele>
			<time>2020-01-17T03:00:20.75Z</time>
		</trkpt>
		<trkpt lat="34.911961" lon="128.720315">
			<ele>0.00</ele>
			<time>2020-01-17T03:00:21.23Z</time>
		</trkpt>
		<trkpt lat="34.911913" lon="128.720269">
			<ele>0.00</ele>
			<time>2020-01-17T03:00:21.63Z</time>
		</trkpt>
		<trkpt lat="34.911851" lon="128.720205">
			<ele>0.00</ele>
			<time>2020-01-17T03:00:22.18Z</time>
		</trkpt>
		<trkpt lat="34.911799" lon="128.720136">
			<ele>0.00</ele>
			<time>2020-01-17T03:00:22.69Z</time>
		</trkpt>
		<trkpt lat="34.911764" lon="128.720064">
			<ele>0.00</ele>
			<time>2020-01-17T03:00:23.15Z</time>
		</trkpt>
		<trkpt lat="34.911732" lon="128.720003">
			<ele>0.00</ele>
			<time>2020-01-17T03:00:23.54Z</time>
		</trkpt>
		<trkpt lat="34.911700" lon="128.719925">
			<ele>0.00</ele>
			<time>2020-01-17T03:00:24.02Z</time>
		</trkpt>
		<trkpt lat="34.911684" lon="128.719879">
			<ele>0.00</ele>
			<time>2020-01-17T03:00:24.29Z</time>
		</trkpt>
		<trkpt lat="34.911659" lon="128.719813">
			<ele>0.00</ele>
			<time>2020-01-17T03:00:24.69Z</time>
		</trkpt>
		<trkpt lat="34.911645" lon="128.719746">
			<ele>0.00</ele>
			<time>2020-01-17T03:00:25.07Z</time>
		</trkpt>
		<trkpt lat="34.911637" lon="128.719687">
			<ele>0.00</ele>
			<time>2020-01-17T03:00:25.39Z</time>
		</trkpt>
		<trkpt lat="34.911636" lon="128.719609">
			<ele>0.00</ele>
			<time>2020-01-17T03:00:25.82Z</time>
		</trkpt>
		<trkpt lat="34.911642" lon="128.719546">
			<ele>0.00</ele>
			<time>2020-01-17T03:00:26.17Z</time>
		</trkpt>
		<trkpt lat="34.911655" lon="128.719459">
			<ele>0.00</ele>
			<time>2020-01-17T03:00:26.65Z</time>
		</trkpt>
		<trkpt lat="34.911675" lon="128.719375">
			<ele>0.00</ele>
			<time>2020-01-17T03:00:27.13Z</time>
		</trkpt>
		<trkpt lat="34.911695" lon="128.719302">
			<ele>0.00</ele>
			<time>2020-01-17T03:00:27.55Z</time>
		</trkpt>
		<trkpt lat="34.911725" lon="128.719224">
			<ele>0.00</ele>
			<time>2020-01-17T03:00:28.02Z</time>
		</trkpt>
		<trkpt lat="34.911753" lon="128.719167">
			<ele>0.00</ele>
			<time>2020-01-17T03:00:28.38Z</time>
		</trkpt>
		<trkpt lat="34.911796" lon="128.719102">
			<ele>0.00</ele>
			<time>2020-01-17T03:00:28.84Z</time>
		</trkpt>
		<trkpt lat="34.911842" lon="128.719046">
			<ele>0.00</ele>
			<time>2020-01-17T03:00:29.27Z</time>
		</trkpt>
		<trkpt lat="34.911908" lon="128.718993">
			<ele>0.00</ele>
			<time>2020-01-17T03:00:29.80Z</time>
		</trkpt>
		<trkpt lat="34.911961" lon="128.718956">
			<ele>0.00</ele>
			<time>2020-01-17T03:00:30.21Z</time>
		</trkpt>
		<trkpt lat="34.912026" lon="128.718917">
			<ele>0.00</ele>
			<time>2020-01-17T03:00:30.69Z</time>
		</trkpt>
		<trkpt lat="34.912070" lon="128.718881">
			<ele>0.00</ele>
			<time>2020-01-17T03:00:31.04Z</time>
		</trkpt>
		<trkpt lat="34.912132" lon="128.718835">
			<ele>0.00</ele>
			<time>2020-01-17T03:00:31.53Z</time>
		</trkpt>
		<trkpt lat="34.912202" lon="128.718796">
			<ele>0.00</ele>
			<time>2020-01-17T03:00:32.04Z</time>
		</trkpt>
		<trkpt lat="34.912270" lon="128.718771">
			<ele>0.00</ele>
			<time>2020-01-17T03:00:32.52Z</time>
		</trkpt>
		<trkpt lat="34.912338" lon="128.718749">
			<ele>0.00</ele>
			<time>2020-01-17T03:00:32.98Z</time>
		</trkpt>
		<trkpt lat="34.912408" lon="128.718726">
			<ele>0.00</ele>
			<time>2020-01-17T03:00:33.47Z</time>
		</trkpt>
		<trkpt lat="34.912476" lon="128.718700">
			<ele>0.00</ele>
			<time>2020-01-17T03:00:33.94Z</time>
		</trkpt>
		<trkpt lat="34.912558" lon="128.718667">
			<ele>0.00</ele>
			<time>2020-01-17T03:00:34.52Z</time>
		</trkpt>
		<trkpt lat="34.912633" lon="128.718637">
			<ele>0.00</ele>
			<time>2020-01-17T03:00:35.04Z</time>
		</trkpt>
		<trkpt lat="34.912728" lon="128.718603">
			<ele>0.00</ele>
			<time>2020-01-17T03:00:35.70Z</time>
		</trkpt>
		<trkpt lat="34.912802" lon="128.718567">
			<ele>0.00</ele>
			<time>2020-01-17T03:00:36.23Z</time>
		</trkpt>
		<trkpt lat="34.912860" lon="128.718538">
			<ele>0.00</ele>
			<time>2020-01-17T03:00:36.65Z</time>
		</trkpt>
		<trkpt lat="34.912904" lon="128.718500">
			<ele>0.00</ele>
			<time>2020-01-17T03:00:37.01Z</time>
		</trkpt>
		<trkpt lat="34.912918" lon="128.718449">
			<ele>0.00</ele>
			<time>2020-01-17T03:00:37.30Z</time>
		</trkpt>
		<trkpt lat="34.912917" lon="128.718378">
			<ele>0.00</ele>
			<time>2020-01-17T03:00:37.70Z</time>
		</trkpt>
		<trkpt lat="34.912926" lon="128.718315">
			<ele>0.00</ele>
			<time>2020-01-17T03:00:38.05Z</time>
		</trkpt>
		<trkpt lat="34.912953" lon="128.718240">
			<ele>0.00</ele>
			<time>2020-01-17T03:00:38.49Z</time>
		</trkpt>
		<trkpt lat="34.913003" lon="128.718151">
			<ele>0.00</ele>
			<time>2020-01-17T03:00:39.08Z</time>
		</trkpt>
		<trkpt lat="34.913037" lon="128.718070">
			<ele>0.00</ele>
			<time>2020-01-17T03:00:39.58Z</time>
		</trkpt>
		<trkpt lat="34.913065" lon="128.717982">
			<ele>0.00</ele>
			<time>2020-01-17T03:00:40.10Z</time>
		</trkpt>
		<trkpt lat="34.913082" lon="128.717879">
			<ele>0.00</ele>
			<time>2020-01-17T03:00:40.67Z</time>
		</trkpt>
		<trkpt lat="34.913094" lon="128.717773">
			<ele>0.00</ele>
			<time>2020-01-17T03:00:41.25Z</time>
		</trkpt>
		<trkpt lat="34.913100" lon="128.717675">
			<ele>0.00</ele>
			<time>2020-01-17T03:00:41.79Z</time>
		</trkpt>
		<trkpt lat="34.913105" lon="128.717562">
			<ele>0.00</ele>
			<time>2020-01-17T03:00:42.41Z</time>
		</trkpt>
		<trkpt lat="34.913113" lon="128.717462">
			<ele>0.00</ele>
			<time>2020-01-17T03:00:42.96Z</time>
		</trkpt>
		<trkpt lat="34.913125" lon="128.717382">
			<ele>0.00</ele>
			<time>2020-01-17T03:00:43.40Z</time>
		</trkpt>
		<trkpt lat="34.913135" lon="128.717279">
			<ele>0.00</ele>
			<time>2020-01-17T03:00:43.97Z</time>
		</trkpt>
		<trkpt lat="34.913145" lon="128.717170">
			<ele>0.00</ele>
			<time>2020-01-17T03:00:44.57Z</time>
		</trkpt>
		<trkpt lat="34.913154" lon="128.717061">
			<ele>0.00</ele>
			<time>2020-01-17T03:00:45.17Z</time>
		</trkpt>
		<trkpt lat="34.913161" lon="128.716965">
			<ele>0.00</ele>
			<time>2020-01-17T03:00:45.70Z</time>
		</trkpt>
		<trkpt lat="34.913180" lon="128.716854">
			<ele>0.00</ele>
			<time>2020-01-17T03:00:46.32Z</time>
		</trkpt>
		<trkpt lat="34.913208" lon="128.716747">
			<ele>0.00</ele>
			<time>2020-01-17T03:00:46.93Z</time>
		</trkpt>
		<trkpt lat="34.913239" lon="128.716663">
			<ele>0.00</ele>
			<time>2020-01-17T03:00:47.43Z</time>
		</trkpt>
		<trkpt lat="34.913273" lon="128.716564">
			<ele>0.00</ele>
			<time>2020-01-17T03:00:48.02Z</time>
		</trkpt>
		<trkpt lat="34.913310" lon="128.716483">
			<ele>0.00</ele>
			<time>2020-01-17T03:00:48.53Z</time>
		</trkpt>
		<trkpt lat="34.913336" lon="128.716400">
			<ele>0.00</ele>
			<time>2020-01-17T03:00:49.01Z</time>
		</trkpt>
		<trkpt lat="34.913351" lon="128.716305">
			<ele>0.00</ele>
			<time>2020-01-17T03:00:49.54Z</time>
		</trkpt>
		<trkpt lat="34.913355" lon="128.716225">
			<ele>0.00</ele>
			<time>2020-01-17T03:00:49.98Z</time>
		</trkpt>
		<trkpt lat="34.913351" lon="128.716162">
			<ele>0.00</ele>
			<time>2020-01-17T03:00:50.32Z</time>
		</trkpt>
		<trkpt lat="34.913339" lon="128.716089">
			<ele>0.00</ele>
			<time>2020-01-17T03:00:50.73Z</time>
		</trkpt>
		<trkpt lat="34.913316" lon="128.716022">
			<ele>0.00</ele>
			<time>2020-01-17T03:00:51.13Z</time>
		</trkpt>
		<trkpt lat="34.913291" lon="128.715937">
			<ele>0.00</ele>
			<time>2020-01-17T03:00:51.62Z</time>
		</trkpt>
		<trkpt lat="34.913279" lon="128.715877">
			<ele>0.00</ele>
			<time>2020-01-17T03:00:51.96Z</time>
		</trkpt>
		<trkpt lat="34.913260" lon="128.715804">
			<ele>0.00</ele>
			<time>2020-01-17T03:00:52.38Z</time>
		</trkpt>
		<trkpt lat="34.913237" lon="128.715703">
			<ele>0.00</ele>
			<time>2020-01-17T03:00:52.95Z</time>
		</trkpt>
		<trkpt lat="34.913224" lon="128.715623">
			<ele>0.00</ele>
			<time>2020-01-17T03:00:53.40Z</time>
		</trkpt>
		<trkpt lat="34.913222" lon="128.715559">
			<ele>0.00</ele>
			<time>2020-01-17T03:00:53.75Z</time>
		</trkpt>
		<trkpt lat="34.913225" lon="128.715456">
			<ele>0.00</ele>
			<time>2020-01-17T03:00:54.31Z</time>
		</trkpt>
		<trkpt lat="34.913242" lon="128.715376">
			<ele>0.00</ele>
			<time>2020-01-17T03:00:54.76Z</time>
		</trkpt>
		<trkpt lat="34.913264" lon="128.715283">
			<ele>0.00</ele>
			<time>2020-01-17T03:00:55.29Z</time>
		</trkpt>
		<trkpt lat="34.913290" lon="128.715214">
			<ele>0.00</ele>
			<time>2020-01-17T03:00:55.71Z</time>
		</trkpt>
		<trkpt lat="34.913329" lon="128.715147">
			<ele>0.00</ele>
			<time>2020-01-17T03:00:56.16Z</time>
		</trkpt>
		<trkpt lat="34.913365" lon="128.715089">
			<ele>0.00</ele>
			<time>2020-01-17T03:00:56.55Z</time>
		</trkpt>
		<trkpt lat="34.913410" lon="128.715034">
			<ele>0.00</ele>
			<time>2020-01-17T03:00:56.98Z</time>
		</trkpt>
		<trkpt lat="34.913452" lon="128.714986">
			<ele>0.00</ele>
			<time>2020-01-17T03:00:57.36Z</time>
		</trkpt>
		<trkpt lat="34.913513" lon="128.714913">
			<ele>0.00</ele>
			<time>2020-01-17T03:00:57.93Z</time>
		</trkpt>
		<trkpt lat="34.913558" lon="128.714859">
			<ele>0.00</ele>
			<time>2020-01-17T03:00:58.36Z</time>
		</trkpt>
		<trkpt lat="34.913594" lon="128.714805">
			<ele>0.00</ele>
			<time>2020-01-17T03:00:58.74Z</time>
		</trkpt>
		<trkpt lat="34.913613" lon="128.714758">
			<ele>0.00</ele>
			<time>2020-01-17T03:00:59.02Z</time>
		</trkpt>
		<trkpt lat="34.913634" lon="128.714687">
			<ele>0.00</ele>
			<time>2020-01-17T03:00:59.43Z</time>
		</trkpt>
		<trkpt lat="34.913653" lon="128.714597">
			<ele>0.00</ele>
			<time>2020-01-17T03:00:59.94Z</time>
		</trkpt>
		<trkpt lat="34.913672" lon="128.714493">
			<ele>0.00</ele>
			<time>2020-01-17T03:01:00.53Z</time>
		</trkpt>
		<trkpt lat="34.913681" lon="128.714398">
			<ele>0.00</ele>
			<time>2020-01-17T03:01:01.05Z</time>
		</trkpt>
		<trkpt lat="34.913696" lon="128.714290">
			<ele>0.00</ele>
			<time>2020-01-17T03:01:01.65Z</time>
		</trkpt>
		<trkpt lat="34.913698" lon="128.714217">
			<ele>0.00</ele>
			<time>2020-01-17T03:01:02.04Z</time>
		</trkpt>
		<trkpt lat="34.913691" lon="128.714142">
			<ele>0.00</ele>
			<time>2020-01-17T03:01:02.46Z</time>
		</trkpt>
		<trkpt lat="34.913684" lon="128.714073">
			<ele>0.00</ele>
			<time>2020-01-17T03:01:02.84Z</time>
		</trkpt>
		<trkpt lat="34.913678" lon="128.713999">
			<ele>0.00</ele>
			<time>2020-01-17T03:01:03.25Z</time>
		</trkpt>
		<trkpt lat="34.913671" lon="128.713933">
			<ele>0.00</ele>
			<time>2020-01-17T03:01:03.61Z</time>
		</trkpt>
		<trkpt lat="34.913664" lon="128.713862">
			<ele>0.00</ele>
			<time>2020-01-17T03:01:04Z</time>
		</trkpt>
		<trkpt lat="34.913658" lon="128.713784">
			<ele>0.00</ele>
			<time>2020-01-17T03:01:04.43Z</time>
		</trkpt>
		<trkpt lat="34.913653" lon="128.713693">
			<ele>0.00</ele>
			<time>2020-01-17T03:01:04.92Z</time>
		</trkpt>
		<trkpt lat="34.913643" lon="128.713626">
			<ele>0.00</ele>
			<time>2020-01-17T03:01:05.30Z</time>
		</trkpt>
		<trkpt lat="34.913631" lon="128.713553">
			<ele>0.00</ele>
			<time>2020-01-17T03:01:05.71Z</time>
		</trkpt>
		<trkpt lat="34.913617" lon="128.713471">
			<ele>0.00</ele>
			<time>2020-01-17T03:01:06.16Z</time>
		</trkpt>
		<trkpt lat="34.913590" lon="128.713379">
			<ele>0.00</ele>
			<time>2020-01-17T03:01:06.70Z</time>
		</trkpt>
		<trkpt lat="34.913590" lon="128.713240">
			<ele>0.00</ele>
			<time>2020-01-17T03:01:07.46Z</time>
		</trkpt>
		<trkpt lat="34.913606" lon="128.713133">
			<ele>0.00</ele>
			<time>2020-01-17T03:01:08.05Z</time>
		</trkpt>
		<trkpt lat="34.913613" lon="128.713056">
			<ele>0.00</ele>
			<time>2020-01-17T03:01:08.47Z</time>
		</trkpt>
		<trkpt lat="34.913604" lon="128.712953">
			<ele>0.00</ele>
			<time>2020-01-17T03:01:09.04Z</time>
		</trkpt>
		<trkpt lat="34.913604" lon="128.712950">
			<ele>0.00</ele>
			<time>2020-01-17T03:01:09.10Z</time>
		</trkpt>
		<trkpt lat="34.913609" lon="128.712817">
			<ele>0.00</ele>
			<time>2020-01-17T03:01:09.83Z</time>
		</trkpt>
		<trkpt lat="34.913614" lon="128.712713">
			<ele>0.00</ele>
			<time>2020-01-17T03:01:10.40Z</time>
		</trkpt>
		<trkpt lat="34.913618" lon="128.712591">
			<ele>0.00</ele>
			<time>2020-01-17T03:01:11.06Z</time>
		</trkpt>
		<trkpt lat="34.913615" lon="128.712484">
			<ele>0.00</ele>
			<time>2020-01-17T03:01:11.65Z</time>
		</trkpt>
		<trkpt lat="34.913608" lon="128.712381">
			<ele>0.00</ele>
			<time>2020-01-17T03:01:12.21Z</time>
		</trkpt>
		<trkpt lat="34.913598" lon="128.712262">
			<ele>0.00</ele>
			<time>2020-01-17T03:01:12.87Z</time>
		</trkpt>
		<trkpt lat="34.913594" lon="128.712157">
			<ele>0.00</ele>
			<time>2020-01-17T03:01:13.45Z</time>
		</trkpt>
		<trkpt lat="34.913589" lon="128.712034">
			<ele>0.00</ele>
			<time>2020-01-17T03:01:14.12Z</time>
		</trkpt>
		<trkpt lat="34.913588" lon="128.711894">
			<ele>0.00</ele>
			<time>2020-01-17T03:01:14.88Z</time>
		</trkpt>
		<trkpt lat="34.913585" lon="128.711778">
			<ele>0.00</ele>
			<time>2020-01-17T03:01:15.52Z</time>
		</trkpt>
		<trkpt lat="34.913582" lon="128.711656">
			<ele>0.00</ele>
			<time>2020-01-17T03:01:16.18Z</time>
		</trkpt>
		<trkpt lat="34.913580" lon="128.711558">
			<ele>0.00</ele>
			<time>2020-01-17T03:01:16.72Z</time>
		</trkpt>
		<trkpt lat="34.913576" lon="128.711435">
			<ele>0.00</ele>
			<time>2020-01-17T03:01:17.39Z</time>
		</trkpt>
		<trkpt lat="34.913570" lon="128.711344">
			<ele>0.00</ele>
			<time>2020-01-17T03:01:17.89Z</time>
		</trkpt>
		<trkpt lat="34.913562" lon="128.711240">
			<ele>0.00</ele>
			<time>2020-01-17T03:01:18.46Z</time>
		</trkpt>
		<trkpt lat="34.913554" lon="128.711135">
			<ele>0.00</ele>
			<time>2020-01-17T03:01:19.04Z</time>
		</trkpt>
		<trkpt lat="34.913541" lon="128.711010">
			<ele>0.00</ele>
			<time>2020-01-17T03:01:19.73Z</time>
		</trkpt>
		<trkpt lat="34.913536" lon="128.710911">
			<ele>0.00</ele>
			<time>2020-01-17T03:01:20.27Z</time>
		</trkpt>
		<trkpt lat="34.913532" lon="128.710817">
			<ele>0.00</ele>
			<time>2020-01-17T03:01:20.79Z</time>
		</trkpt>
		<trkpt lat="34.913535" lon="128.710704">
			<ele>0.00</ele>
			<time>2020-01-17T03:01:21.40Z</time>
		</trkpt>
		<trkpt lat="34.913528" lon="128.710586">
			<ele>0.00</ele>
			<time>2020-01-17T03:01:22.05Z</time>
		</trkpt>
		<trkpt lat="34.913526" lon="128.710472">
			<ele>0.00</ele>
			<time>2020-01-17T03:01:22.68Z</time>
		</trkpt>
		<trkpt lat="34.913511" lon="128.710345">
			<ele>0.00</ele>
			<time>2020-01-17T03:01:23.38Z</time>
		</trkpt>
		<trkpt lat="34.913503" lon="128.710243">
			<ele>0.00</ele>
			<time>2020-01-17T03:01:23.93Z</time>
		</trkpt>
		<trkpt lat="34.913478" lon="128.710183">
			<ele>0.00</ele>
			<time>2020-01-17T03:01:24.30Z</time>
		</trkpt>
		<trkpt lat="34.913422" lon="128.710200">
			<ele>0.00</ele>
			<time>2020-01-17T03:01:24.69Z</time>
		</trkpt>
		<trkpt lat="34.913350" lon="128.710220">
			<ele>0.00</ele>
			<time>2020-01-17T03:01:25.18Z</time>
		</trkpt>
		<trkpt lat="34.913292" lon="128.710205">
			<ele>0.00</ele>
			<time>2020-01-17T03:01:25.58Z</time>
		</trkpt>
		<trkpt lat="34.913242" lon="128.710212">
			<ele>0.00</ele>
			<time>2020-01-17T03:01:25.91Z</time>
		</trkpt>
		<trkpt lat="34.913180" lon="128.710277">
			<ele>0.00</ele>
			<time>2020-01-17T03:01:26.45Z</time>
		</trkpt>
		<trkpt lat="34.913088" lon="128.710376">
			<ele>0.00</ele>
			<time>2020-01-17T03:01:27.27Z</time>
		</trkpt>
		<trkpt lat="34.913020" lon="128.710454">
			<ele>0.00</ele>
			<time>2020-01-17T03:01:27.89Z</time>
		</trkpt>
		<trkpt lat="34.912937" lon="128.710540">
			<ele>0.00</ele>
			<time>2020-01-17T03:01:28.62Z</time>
		</trkpt>
		<trkpt lat="34.912847" lon="128.710651">
			<ele>0.00</ele>
			<time>2020-01-17T03:01:29.47Z</time>
		</trkpt>
		<trkpt lat="34.912750" lon="128.710752">
			<ele>0.00</ele>
			<time>2020-01-17T03:01:30.32Z</time>
		</trkpt>
		<trkpt lat="34.912659" lon="128.710839">
			<ele>0.00</ele>
			<time>2020-01-17T03:01:31.09Z</time>
		</trkpt>
		<trkpt lat="34.912585" lon="128.710926">
			<ele>0.00</ele>
			<time>2020-01-17T03:01:31.78Z</time>
		</trkpt>
		<trkpt lat="34.912511" lon="128.711007">
			<ele>0.00</ele>
			<time>2020-01-17T03:01:32.44Z</time>
		</trkpt>
		<trkpt lat="34.912439" lon="128.711081">
			<ele>0.00</ele>
			<time>2020-01-17T03:01:33.07Z</time>
		</trkpt>
		<trkpt lat="34.912349" lon="128.711179">
			<ele>0.00</ele>
			<time>2020-01-17T03:01:33.87Z</time>
		</trkpt>
		<trkpt lat="34.912287" lon="128.711255">
			<ele>0.00</ele>
			<time>2020-01-17T03:01:34.46Z</time>
		</trkpt>
		<trkpt lat="34.912233" lon="128.711309">
			<ele>0.00</ele>
			<time>2020-01-17T03:01:34.93Z</time>
		</trkpt>
		<trkpt lat="34.912172" lon="128.711323">
			<ele>0.00</ele>
			<time>2020-01-17T03:01:35.34Z</time>
		</trkpt>
		<trkpt lat="34.912106" lon="128.711301">
			<ele>0.00</ele>
			<time>2020-01-17T03:01:35.80Z</time>
		</trkpt>
		<trkpt lat="34.912019" lon="128.711254">
			<ele>0.00</ele>
			<time>2020-01-17T03:01:36.43Z</time>
		</trkpt>
		<trkpt lat="34.911950" lon="128.711187">
			<ele>0.00</ele>
			<time>2020-01-17T03:01:37.02Z</time>
		</trkpt>
		<trkpt lat="34.911878" lon="128.711120">
			<ele>0.00</ele>
			<time>2020-01-17T03:01:37.62Z</time>
		</trkpt>
		<trkpt lat="34.911816" lon="128.711048">
			<ele>0.00</ele>
			<time>2020-01-17T03:01:38.19Z</time>
		</trkpt>
		<trkpt lat="34.911756" lon="128.710996">
			<ele>0.00</ele>
			<time>2020-01-17T03:01:38.69Z</time>
		</trkpt>
		<trkpt lat="34.911694" lon="128.710939">
			<ele>0.00</ele>
			<time>2020-01-17T03:01:39.20Z</time>
		</trkpt>
		<trkpt lat="34.911630" lon="128.710887">
			<ele>0.00</ele>
			<time>2020-01-17T03:01:39.72Z</time>
		</trkpt>
		<trkpt lat="34.911556" lon="128.710829">
			<ele>0.00</ele>
			<time>2020-01-17T03:01:40.30Z</time>
		</trkpt>
		<trkpt lat="34.911496" lon="128.710781">
			<ele>0.00</ele>
			<time>2020-01-17T03:01:40.78Z</time>
		</trkpt>
		<trkpt lat="34.911404" lon="128.710709">
			<ele>0.00</ele>
			<time>2020-01-17T03:01:41.51Z</time>
		</trkpt>
		<trkpt lat="34.911345" lon="128.710648">
			<ele>0.00</ele>
			<time>2020-01-17T03:01:42.03Z</time>
		</trkpt>
		<trkpt lat="34.911276" lon="128.710597">
			<ele>0.00</ele>
			<time>2020-01-17T03:01:42.56Z</time>
		</trkpt>
		<trkpt lat="34.911224" lon="128.710536">
			<ele>0.00</ele>
			<time>2020-01-17T03:01:43.04Z</time>
		</trkpt>
		<trkpt lat="34.911189" lon="128.710434">
			<ele>0.00</ele>
			<time>2020-01-17T03:01:43.65Z</time>
		</trkpt>
		<trkpt lat="34.911126" lon="128.710376">
			<ele>0.00</ele>
			<time>2020-01-17T03:01:44.17Z</time>
		</trkpt>
		<trkpt lat="34.911059" lon="128.710324">
			<ele>0.00</ele>
			<time>2020-01-17T03:01:44.70Z</time>
		</trkpt>
		<trkpt lat="34.911003" lon="128.710267">
			<ele>0.00</ele>
			<time>2020-01-17T03:01:45.19Z</time>
		</trkpt>
		<trkpt lat="34.910965" lon="128.710211">
			<ele>0.00</ele>
			<time>2020-01-17T03:01:45.59Z</time>
		</trkpt>
		<trkpt lat="34.910975" lon="128.710157">
			<ele>0.00</ele>
			<time>2020-01-17T03:01:45.89Z</time>
		</trkpt>
		<trkpt lat="34.911038" lon="128.710098">
			<ele>0.00</ele>
			<time>2020-01-17T03:01:46.42Z</time>
		</trkpt>
		<trkpt lat="34.911101" lon="128.710018">
			<ele>0.00</ele>
			<time>2020-01-17T03:01:47.02Z</time>
		</trkpt>
		<trkpt lat="34.911139" lon="128.709966">
			<ele>0.00</ele>
			<time>2020-01-17T03:01:47.41Z</time>
		</trkpt>
		<trkpt lat="34.911149" lon="128.709921">
			<ele>0.00</ele>
			<time>2020-01-17T03:01:47.67Z</time>
		</trkpt>
		<trkpt lat="34.911138" lon="128.709877">
			<ele>0.00</ele>
			<time>2020-01-17T03:01:47.92Z</time>
		</trkpt>
		<trkpt lat="34.911102" lon="128.709861">
			<ele>0.00</ele>
			<time>2020-01-17T03:01:48.17Z</time>
		</trkpt>
		<trkpt lat="34.911068" lon="128.709893">
			<ele>0.00</ele>
			<time>2020-01-17T03:01:48.46Z</time>
		</trkpt>
		<trkpt lat="34.911021" lon="128.709953">
			<ele>0.00</ele>
			<time>2020-01-17T03:01:48.91Z</time>
		</trkpt>
		<trkpt lat="34.910994" lon="128.709991">
			<ele>0.00</ele>
			<time>2020-01-17T03:01:49.18Z</time>
		</trkpt>
		<trkpt lat="34.910961" lon="128.710043">
			<ele>0.00</ele>
			<time>2020-01-17T03:01:49.54Z</time>
		</trkpt>
		<trkpt lat="34.910930" lon="128.710084">
			<ele>0.00</ele>
			<time>2020-01-17T03:01:49.85Z</time>
		</trkpt>
		<trkpt lat="34.910893" lon="128.710109">
			<ele>0.00</ele>
			<time>2020-01-17T03:01:50.13Z</time>
		</trkpt>
		<trkpt lat="34.910870" lon="128.710089">
			<ele>0.00</ele>
			<time>2020-01-17T03:01:50.32Z</time>
		</trkpt>
		<trkpt lat="34.910851" lon="128.710066">
			<ele>0.00</ele>
			<time>2020-01-17T03:01:50.50Z</time>
		</trkpt>
		<trkpt lat="34.910850" lon="128.710013">
			<ele>0.00</ele>
			<time>2020-01-17T03:01:50.79Z</time>
		</trkpt>
		<trkpt lat="34.910872" lon="128.709951">
			<ele>0.00</ele>
			<time>2020-01-17T03:01:51.16Z</time>
		</trkpt>
		<trkpt lat="34.910895" lon="128.709883">
			<ele>0.00</ele>
			<time>2020-01-17T03:01:51.56Z</time>
		</trkpt>
		<trkpt lat="34.910918" lon="128.709797">
			<ele>0.00</ele>
			<time>2020-01-17T03:01:52.06Z</time>
		</trkpt>
		<trkpt lat="34.910863" lon="128.709796">
			<ele>0.00</ele>
			<time>2020-01-17T03:01:52.42Z</time>
		</trkpt>
		<trkpt lat="34.910788" lon="128.709808">
			<ele>0.00</ele>
			<time>2020-01-17T03:01:52.93Z</time>
		</trkpt>
		<trkpt lat="34.910730" lon="128.709806">
			<ele>0.00</ele>
			<time>2020-01-17T03:01:53.31Z</time>
		</trkpt>
		<trkpt lat="34.910661" lon="128.709815">
			<ele>0.00</ele>
			<time>2020-01-17T03:01:53.78Z</time>
		</trkpt>
		<trkpt lat="34.910603" lon="128.709840">
			<ele>0.00</ele>
			<time>2020-01-17T03:01:54.19Z</time>
		</trkpt>
		<trkpt lat="34.910580" lon="128.709865">
			<ele>0.00</ele>
			<time>2020-01-17T03:01:54.40Z</time>
		</trkpt>
		<trkpt lat="34.910556" lon="128.709901">
			<ele>0.00</ele>
			<time>2020-01-17T03:01:54.65Z</time>
		</trkpt>
		<trkpt lat="34.910534" lon="128.709942">
			<ele>0.00</ele>
			<time>2020-01-17T03:01:54.92Z</time>
		</trkpt>
		<trkpt lat="34.910523" lon="128.710000">
			<ele>0.00</ele>
			<time>2020-01-17T03:01:55.24Z</time>
		</trkpt>
		<trkpt lat="34.910477" lon="128.710022">
			<ele>0.00</ele>
			<time>2020-01-17T03:01:55.57Z</time>
		</trkpt>
		<trkpt lat="34.910415" lon="128.710063">
			<ele>0.00</ele>
			<time>2020-01-17T03:01:56.04Z</time>
		</trkpt>
		<trkpt lat="34.910352" lon="128.710102">
			<ele>0.00</ele>
			<time>2020-01-17T03:01:56.51Z</time>
		</trkpt>
		<trkpt lat="34.910294" lon="128.710145">
			<ele>0.00</ele>
			<time>2020-01-17T03:01:56.96Z</time>
		</trkpt>
		<trkpt lat="34.910247" lon="128.710173">
			<ele>0.00</ele>
			<time>2020-01-17T03:01:57.31Z</time>
		</trkpt>
		<trkpt lat="34.910187" lon="128.710197">
			<ele>0.00</ele>
			<time>2020-01-17T03:01:57.73Z</time>
		</trkpt>
		<trkpt lat="34.910129" lon="128.710215">
			<ele>0.00</ele>
			<time>2020-01-17T03:01:58.13Z</time>
		</trkpt>
		<trkpt lat="34.910071" lon="128.710232">
			<ele>0.00</ele>
			<time>2020-01-17T03:01:58.53Z</time>
		</trkpt>
		<trkpt lat="34.910038" lon="128.710257">
			<ele>0.00</ele>
			<time>2020-01-17T03:01:58.79Z</time>
		</trkpt>
		<trkpt lat="34.910002" lon="128.710290">
			<ele>0.00</ele>
			<time>2020-01-17T03:01:59.09Z</time>
		</trkpt>
		<trkpt lat="34.909983" lon="128.710346">
			<ele>0.00</ele>
			<time>2020-01-17T03:01:59.42Z</time>
		</trkpt>
		<trkpt lat="34.909957" lon="128.710388">
			<ele>0.00</ele>
			<time>2020-01-17T03:01:59.71Z</time>
		</trkpt>
		<trkpt lat="34.909921" lon="128.710451">
			<ele>0.00</ele>
			<time>2020-01-17T03:02:00.13Z</time>
		</trkpt>
		<trkpt lat="34.909886" lon="128.710484">
			<ele>0.00</ele>
			<time>2020-01-17T03:02:00.42Z</time>
		</trkpt>
		<trkpt lat="34.909832" lon="128.710509">
			<ele>0.00</ele>
			<time>2020-01-17T03:02:00.81Z</time>
		</trkpt>
		<trkpt lat="34.909769" lon="128.710535">
			<ele>0.00</ele>
			<time>2020-01-17T03:02:01.25Z</time>
		</trkpt>
		<trkpt lat="34.909712" lon="128.710553">
			<ele>0.00</ele>
			<time>2020-01-17T03:02:01.64Z</time>
		</trkpt>
		<trkpt lat="34.909647" lon="128.710570">
			<ele>0.00</ele>
			<time>2020-01-17T03:02:02.08Z</time>
		</trkpt>
		<trkpt lat="34.909577" lon="128.710593">
			<ele>0.00</ele>
			<time>2020-01-17T03:02:02.57Z</time>
		</trkpt>
		<trkpt lat="34.909517" lon="128.710603">
			<ele>0.00</ele>
			<time>2020-01-17T03:02:02.97Z</time>
		</trkpt>
		<trkpt lat="34.909452" lon="128.710613">
			<ele>0.00</ele>
			<time>2020-01-17T03:02:03.41Z</time>
		</trkpt>
		<trkpt lat="34.909374" lon="128.710625">
			<ele>0.00</ele>
			<time>2020-01-17T03:02:03.94Z</time>
		</trkpt>
		<trkpt lat="34.909319" lon="128.710645">
			<ele>0.00</ele>
			<time>2020-01-17T03:02:04.32Z</time>
		</trkpt>
		<trkpt lat="34.909261" lon="128.710659">
			<ele>0.00</ele>
			<time>2020-01-17T03:02:04.71Z</time>
		</trkpt>
		<trkpt lat="34.909212" lon="128.710681">
			<ele>0.00</ele>
			<time>2020-01-17T03:02:05.05Z</time>
		</trkpt>
		<trkpt lat="34.909167" lon="128.710699">
			<ele>0.00</ele>
			<time>2020-01-17T03:02:05.37Z</time>
		</trkpt>
		<trkpt lat="34.909133" lon="128.710717">
			<ele>0.00</ele>
			<time>2020-01-17T03:02:05.62Z</time>
		</trkpt>
		<trkpt lat="34.909100" lon="128.710759">
			<ele>0.00</ele>
			<time>2020-01-17T03:02:05.94Z</time>
		</trkpt>
		<trkpt lat="34.909074" lon="128.710814">
			<ele>0.00</ele>
			<time>2020-01-17T03:02:06.28Z</time>
		</trkpt>
		<trkpt lat="34.909036" lon="128.710879">
			<ele>0.00</ele>
			<time>2020-01-17T03:02:06.72Z</time>
		</trkpt>
		<trkpt lat="34.909015" lon="128.710942">
			<ele>0.00</ele>
			<time>2020-01-17T03:02:07.09Z</time>
		</trkpt>
		<trkpt lat="34.908990" lon="128.711016">
			<ele>0.00</ele>
			<time>2020-01-17T03:02:07.53Z</time>
		</trkpt>
		<trkpt lat="34.908970" lon="128.711075">
			<ele>0.00</ele>
			<time>2020-01-17T03:02:07.88Z</time>
		</trkpt>
		<trkpt lat="34.908930" lon="128.711120">
			<ele>0.00</ele>
			<time>2020-01-17T03:02:08.24Z</time>
		</trkpt>
		<trkpt lat="34.908887" lon="128.711150">
			<ele>0.00</ele>
			<time>2020-01-17T03:02:08.57Z</time>
		</trkpt>
		<trkpt lat="34.908838" lon="128.711183">
			<ele>0.00</ele>
			<time>2020-01-17T03:02:08.94Z</time>
		</trkpt>
		<trkpt lat="34.908803" lon="128.711221">
			<ele>0.00</ele>
			<time>2020-01-17T03:02:09.26Z</time>
		</trkpt>
		<trkpt lat="34.908770" lon="128.711257">
			<ele>0.00</ele>
			<time>2020-01-17T03:02:09.56Z</time>
		</trkpt>
		<trkpt lat="34.908736" lon="128.711312">
			<ele>0.00</ele>
			<time>2020-01-17T03:02:09.93Z</time>
		</trkpt>
		<trkpt lat="34.908696" lon="128.711361">
			<ele>0.00</ele>
			<time>2020-01-17T03:02:10.31Z</time>
		</trkpt>
		<trkpt lat="34.908662" lon="128.711418">
			<ele>0.00</ele>
			<time>2020-01-17T03:02:10.69Z</time>
		</trkpt>
		<trkpt lat="34.908625" lon="128.711489">
			<ele>0.00</ele>
			<time>2020-01-17T03:02:11.15Z</time>
		</trkpt>
		<trkpt lat="34.908577" lon="128.711558">
			<ele>0.00</ele>
			<time>2020-01-17T03:02:11.65Z</time>
		</trkpt>
		<trkpt lat="34.908534" lon="128.711606">
			<ele>0.00</ele>
			<time>2020-01-17T03:02:12.04Z</time>
		</trkpt>
		<trkpt lat="34.908506" lon="128.711646">
			<ele>0.00</ele>
			<time>2020-01-17T03:02:12.32Z</time>
		</trkpt>
		<trkpt lat="34.908474" lon="128.711697">
			<ele>0.00</ele>
			<time>2020-01-17T03:02:12.67Z</time>
		</trkpt>
		<trkpt lat="34.908439" lon="128.711720">
			<ele>0.00</ele>
			<time>2020-01-17T03:02:12.94Z</time>
		</trkpt>
		<trkpt lat="34.908393" lon="128.711746">
			<ele>0.00</ele>
			<time>2020-01-17T03:02:13.28Z</time>
		</trkpt>
		<trkpt lat="34.908353" lon="128.711758">
			<ele>0.00</ele>
			<time>2020-01-17T03:02:13.55Z</time>
		</trkpt>
		<trkpt lat="34.908301" lon="128.711748">
			<ele>0.00</ele>
			<time>2020-01-17T03:02:13.91Z</time>
		</trkpt>
		<trkpt lat="34.908247" lon="128.711742">
			<ele>0.00</ele>
			<time>2020-01-17T03:02:14.27Z</time>
		</trkpt>
		<trkpt lat="34.908183" lon="128.711732">
			<ele>0.00</ele>
			<time>2020-01-17T03:02:14.69Z</time>
		</trkpt>
		<trkpt lat="34.908126" lon="128.711720">
			<ele>0.00</ele>
			<time>2020-01-17T03:02:15.08Z</time>
		</trkpt>
		<trkpt lat="34.908063" lon="128.711708">
			<ele>0.00</ele>
			<time>2020-01-17T03:02:15.50Z</time>
		</trkpt>
		<trkpt lat="34.907997" lon="128.711697">
			<ele>0.00</ele>
			<time>2020-01-17T03:02:15.95Z</time>
		</trkpt>
		<trkpt lat="34.907940" lon="128.711679">
			<ele>0.00</ele>
			<time>2020-01-17T03:02:16.34Z</time>
		</trkpt>
		<trkpt lat="34.907888" lon="128.711661">
			<ele>0.00</ele>
			<time>2020-01-17T03:02:16.70Z</time>
		</trkpt>
		<trkpt lat="34.907828" lon="128.711670">
			<ele>0.00</ele>
			<time>2020-01-17T03:02:17.11Z</time>
		</trkpt>
		<trkpt lat="34.907776" lon="128.711684">
			<ele>0.00</ele>
			<time>2020-01-17T03:02:17.46Z</time>
		</trkpt>
		<trkpt lat="34.907728" lon="128.711689">
			<ele>0.00</ele>
			<time>2020-01-17T03:02:17.78Z</time>
		</trkpt>
		<trkpt lat="34.907675" lon="128.711669">
			<ele>0.00</ele>
			<time>2020-01-17T03:02:18.16Z</time>
		</trkpt>
		<trkpt lat="34.907619" lon="128.711634">
			<ele>0.00</ele>
			<time>2020-01-17T03:02:18.57Z</time>
		</trkpt>
		<trkpt lat="34.907564" lon="128.711614">
			<ele>0.00</ele>
			<time>2020-01-17T03:02:18.95Z</time>
		</trkpt>
		<trkpt lat="34.907503" lon="128.711583">
			<ele>0.00</ele>
			<time>2020-01-17T03:02:19.39Z</time>
		</trkpt>
		<trkpt lat="34.907440" lon="128.711570">
			<ele>0.00</ele>
			<time>2020-01-17T03:02:19.82Z</time>
		</trkpt>
		<trkpt lat="34.907370" lon="128.711549">
			<ele>0.00</ele>
			<time>2020-01-17T03:02:20.31Z</time>
		</trkpt>
		<trkpt lat="34.907299" lon="128.711534">
			<ele>0.00</ele>
			<time>2020-01-17T03:02:20.78Z</time>
		</trkpt>
		<trkpt lat="34.907242" lon="128.711532">
			<ele>0.00</ele>
			<time>2020-01-17T03:02:21.16Z</time>
		</trkpt>
		<trkpt lat="34.907165" lon="128.711543">
			<ele>0.00</ele>
			<time>2020-01-17T03:02:21.68Z</time>
		</trkpt>
		<trkpt lat="34.907102" lon="128.711559">
			<ele>0.00</ele>
			<time>2020-01-17T03:02:22.11Z</time>
		</trkpt>
		<trkpt lat="34.907049" lon="128.711576">
			<ele>0.00</ele>
			<time>2020-01-17T03:02:22.47Z</time>
		</trkpt>
		<trkpt lat="34.906989" lon="128.711579">
			<ele>0.00</ele>
			<time>2020-01-17T03:02:22.87Z</time>
		</trkpt>
		<trkpt lat="34.906939" lon="128.711581">
			<ele>0.00</ele>
			<time>2020-01-17T03:02:23.21Z</time>
		</trkpt>
		<trkpt lat="34.906891" lon="128.711599">
			<ele>0.00</ele>
			<time>2020-01-17T03:02:23.54Z</time>
		</trkpt>
		<trkpt lat="34.906871" lon="128.711636">
			<ele>0.00</ele>
			<time>2020-01-17T03:02:23.78Z</time>
		</trkpt>
		<trkpt lat="34.906849" lon="128.711685">
			<ele>0.00</ele>
			<time>2020-01-17T03:02:24.09Z</time>
		</trkpt>
		<trkpt lat="34.906836" lon="128.711757">
			<ele>0.00</ele>
			<time>2020-01-17T03:02:24.49Z</time>
		</trkpt>
		<trkpt lat="34.906822" lon="128.711846">
			<ele>0.00</ele>
			<time>2020-01-17T03:02:24.99Z</time>
		</trkpt>
		<trkpt lat="34.906775" lon="128.711918">
			<ele>0.00</ele>
			<time>2020-01-17T03:02:25.49Z</time>
		</trkpt>
		<trkpt lat="34.906745" lon="128.711960">
			<ele>0.00</ele>
			<time>2020-01-17T03:02:25.80Z</time>
		</trkpt>
		<trkpt lat="34.906713" lon="128.711993">
			<ele>0.00</ele>
			<time>2020-01-17T03:02:26.07Z</time>
		</trkpt>
		<trkpt lat="34.906671" lon="128.711996">
			<ele>0.00</ele>
			<time>2020-01-17T03:02:26.36Z</time>
		</trkpt>
		<trkpt lat="34.906621" lon="128.711991">
			<ele>0.00</ele>
			<time>2020-01-17T03:02:26.69Z</time>
		</trkpt>
		<trkpt lat="34.906579" lon="128.711981">
			<ele>0.00</ele>
			<time>2020-01-17T03:02:26.98Z</time>
		</trkpt>
		<trkpt lat="34.906542" lon="128.711982">
			<ele>0.00</ele>
			<time>2020-01-17T03:02:27.22Z</time>
		</trkpt>
		<trkpt lat="34.906512" lon="128.711988">
			<ele>0.00</ele>
			<time>2020-01-17T03:02:27.42Z</time>
		</trkpt>
		<trkpt lat="34.906480" lon="128.712023">
			<ele>0.00</ele>
			<time>2020-01-17T03:02:27.71Z</time>
		</trkpt>
		<trkpt lat="34.906450" lon="128.712073">
			<ele>0.00</ele>
			<time>2020-01-17T03:02:28.05Z</time>
		</trkpt>
		<trkpt lat="34.906408" lon="128.712103">
			<ele>0.00</ele>
			<time>2020-01-17T03:02:28.38Z</time>
		</trkpt>
		<trkpt lat="34.906367" lon="128.712127">
			<ele>0.00</ele>
			<time>2020-01-17T03:02:28.68Z</time>
		</trkpt>
		<trkpt lat="34.906315" lon="128.712162">
			<ele>0.00</ele>
			<time>2020-01-17T03:02:29.08Z</time>
		</trkpt>
		<trkpt lat="34.906260" lon="128.712203">
			<ele>0.00</ele>
			<time>2020-01-17T03:02:29.51Z</time>
		</trkpt>
		<trkpt lat="34.906217" lon="128.712239">
			<ele>0.00</ele>
			<time>2020-01-17T03:02:29.85Z</time>
		</trkpt>
		<trkpt lat="34.906164" lon="128.712272">
			<ele>0.00</ele>
			<time>2020-01-17T03:02:30.25Z</time>
		</trkpt>
		<trkpt lat="34.906112" lon="128.712294">
			<ele>0.00</ele>
			<time>2020-01-17T03:02:30.61Z</time>
		</trkpt>
		<trkpt lat="34.906052" lon="128.712299">
			<ele>0.00</ele>
			<time>2020-01-17T03:02:31.02Z</time>
		</trkpt>
		<trkpt lat="34.905989" lon="128.712296">
			<ele>0.00</ele>
			<time>2020-01-17T03:02:31.44Z</time>
		</trkpt>
		<trkpt lat="34.905943" lon="128.712294">
			<ele>0.00</ele>
			<time>2020-01-17T03:02:31.75Z</time>
		</trkpt>
		<trkpt lat="34.905896" lon="128.712305">
			<ele>0.00</ele>
			<time>2020-01-17T03:02:32.07Z</time>
		</trkpt>
		<trkpt lat="34.905853" lon="128.712325">
			<ele>0.00</ele>
			<time>2020-01-17T03:02:32.37Z</time>
		</trkpt>
		<trkpt lat="34.905822" lon="128.712362">
			<ele>0.00</ele>
			<time>2020-01-17T03:02:32.66Z</time>
		</trkpt>
		<trkpt lat="34.905799" lon="128.712417">
			<ele>0.00</ele>
			<time>2020-01-17T03:02:33Z</time>
		</trkpt>
		<trkpt lat="34.905781" lon="128.712474">
			<ele>0.00</ele>
			<time>2020-01-17T03:02:33.33Z</time>
		</trkpt>
		<trkpt lat="34.905762" lon="128.712534">
			<ele>0.00</ele>
			<time>2020-01-17T03:02:33.68Z</time>
		</trkpt>
		<trkpt lat="34.905732" lon="128.712566">
			<ele>0.00</ele>
			<time>2020-01-17T03:02:33.95Z</time>
		</trkpt>
		<trkpt lat="34.905694" lon="128.712595">
			<ele>0.00</ele>
			<time>2020-01-17T03:02:34.25Z</time>
		</trkpt>
		<trkpt lat="34.905651" lon="128.712626">
			<ele>0.00</ele>
			<time>2020-01-17T03:02:34.58Z</time>
		</trkpt>
		<trkpt lat="34.905610" lon="128.712647">
			<ele>0.00</ele>
			<time>2020-01-17T03:02:34.88Z</time>
		</trkpt>
		<trkpt lat="34.905562" lon="128.712640">
			<ele>0.00</ele>
			<time>2020-01-17T03:02:35.20Z</time>
		</trkpt>
		<trkpt lat="34.905503" lon="128.712621">
			<ele>0.00</ele>
			<time>2020-01-17T03:02:35.61Z</time>
		</trkpt>
		<trkpt lat="34.905443" lon="128.712619">
			<ele>0.00</ele>
			<time>2020-01-17T03:02:36Z</time>
		</trkpt>
		<trkpt lat="34.905384" lon="128.712619">
			<ele>0.00</ele>
			<time>2020-01-17T03:02:36.40Z</time>
		</trkpt>
		<trkpt lat="34.905310" lon="128.712631">
			<ele>0.00</ele>
			<time>2020-01-17T03:02:36.90Z</time>
		</trkpt>
		<trkpt lat="34.905249" lon="128.712622">
			<ele>0.00</ele>
			<time>2020-01-17T03:02:37.31Z</time>
		</trkpt>
		<trkpt lat="34.905193" lon="128.712612">
			<ele>0.00</ele>
			<time>2020-01-17T03:02:37.68Z</time>
		</trkpt>
		<trkpt lat="34.905138" lon="128.712622">
			<ele>0.00</ele>
			<time>2020-01-17T03:02:38.06Z</time>
		</trkpt>
		<trkpt lat="34.905074" lon="128.712625">
			<ele>0.00</ele>
			<time>2020-01-17T03:02:38.48Z</time>
		</trkpt>
		<trkpt lat="34.904997" lon="128.712615">
			<ele>0.00</ele>
			<time>2020-01-17T03:02:39Z</time>
		</trkpt>
		<trkpt lat="34.904921" lon="128.712597">
			<ele>0.00</ele>
			<time>2020-01-17T03:02:39.51Z</time>
		</trkpt>
		<trkpt lat="34.904856" lon="128.712578">
			<ele>0.00</ele>
			<time>2020-01-17T03:02:39.96Z</time>
		</trkpt>
		<trkpt lat="34.904808" lon="128.712552">
			<ele>0.00</ele>
			<time>2020-01-17T03:02:40.31Z</time>
		</trkpt>
		<trkpt lat="34.904762" lon="128.712522">
			<ele>0.00</ele>
			<time>2020-01-17T03:02:40.66Z</time>
		</trkpt>
		<trkpt lat="34.904723" lon="128.712514">
			<ele>0.00</ele>
			<time>2020-01-17T03:02:40.92Z</time>
		</trkpt>
		<trkpt lat="34.904673" lon="128.712502">
			<ele>0.00</ele>
			<time>2020-01-17T03:02:41.27Z</time>
		</trkpt>
		<trkpt lat="34.904628" lon="128.712499">
			<ele>0.00</ele>
			<time>2020-01-17T03:02:41.56Z</time>
		</trkpt>
		<trkpt lat="34.904584" lon="128.712485">
			<ele>0.00</ele>
			<time>2020-01-17T03:02:41.86Z</time>
		</trkpt>
		<trkpt lat="34.904541" lon="128.712470">
			<ele>0.00</ele>
			<time>2020-01-17T03:02:42.16Z</time>
		</trkpt>
		<trkpt lat="34.904490" lon="128.712434">
			<ele>0.00</ele>
			<time>2020-01-17T03:02:42.56Z</time>
		</trkpt>
		<trkpt lat="34.904446" lon="128.712381">
			<ele>0.00</ele>
			<time>2020-01-17T03:02:42.97Z</time>
		</trkpt>
		<trkpt lat="34.904414" lon="128.712345">
			<ele>0.00</ele>
			<time>2020-01-17T03:02:43.26Z</time>
		</trkpt>
		<trkpt lat="34.904383" lon="128.712320">
			<ele>0.00</ele>
			<time>2020-01-17T03:02:43.50Z</time>
		</trkpt>
		<trkpt lat="34.904340" lon="128.712284">
			<ele>0.00</ele>
			<time>2020-01-17T03:02:43.86Z</time>
		</trkpt>
		<trkpt lat="34.904286" lon="128.712231">
			<ele>0.00</ele>
			<time>2020-01-17T03:02:44.32Z</time>
		</trkpt>
		<trkpt lat="34.904240" lon="128.712209">
			<ele>0.00</ele>
			<time>2020-01-17T03:02:44.65Z</time>
		</trkpt>
		<trkpt lat="34.904187" lon="128.712200">
			<ele>0.00</ele>
			<time>2020-01-17T03:02:45Z</time>
		</trkpt>
		<trkpt lat="34.904125" lon="128.712179">
			<ele>0.00</ele>
			<time>2020-01-17T03:02:45.43Z</time>
		</trkpt>
		<trkpt lat="34.904097" lon="128.712149">
			<ele>0.00</ele>
			<time>2020-01-17T03:02:45.68Z</time>
		</trkpt>
		<trkpt lat="34.904064" lon="128.712098">
			<ele>0.00</ele>
			<time>2020-01-17T03:02:46.04Z</time>
		</trkpt>
		<trkpt lat="34.904028" lon="128.712022">
			<ele>0.00</ele>
			<time>2020-01-17T03:02:46.51Z</time>
		</trkpt>
		<trkpt lat="34.904015" lon="128.711980">
			<ele>0.00</ele>
			<time>2020-01-17T03:02:46.76Z</time>
		</trkpt>
		<trkpt lat="34.904003" lon="128.711937">
			<ele>0.00</ele>
			<time>2020-01-17T03:02:47.01Z</time>
		</trkpt>
		<trkpt lat="34.904002" lon="128.711880">
			<ele>0.00</ele>
			<time>2020-01-17T03:02:47.32Z</time>
		</trkpt>
		<trkpt lat="34.903997" lon="128.711814">
			<ele>0.00</ele>
			<time>2020-01-17T03:02:47.68Z</time>
		</trkpt>
		<trkpt lat="34.903985" lon="128.711787">
			<ele>0.00</ele>
			<time>2020-01-17T03:02:47.85Z</time>
		</trkpt>
		<trkpt lat="34.903959" lon="128.711761">
			<ele>0.00</ele>
			<time>2020-01-17T03:02:48.07Z</time>
		</trkpt>
		<trkpt lat="34.903922" lon="128.711739">
			<ele>0.00</ele>
			<time>2020-01-17T03:02:48.35Z</time>
		</trkpt>
		<trkpt lat="34.903895" lon="128.711708">
			<ele>0.00</ele>
			<time>2020-01-17T03:02:48.60Z</time>
		</trkpt>
		<trkpt lat="34.903866" lon="128.711682">
			<ele>0.00</ele>
			<time>2020-01-17T03:02:48.84Z</time>
		</trkpt>
		<trkpt lat="34.903836" lon="128.711636">
			<ele>0.00</ele>
			<time>2020-01-17T03:02:49.16Z</time>
		</trkpt>
		<trkpt lat="34.903816" lon="128.711603">
			<ele>0.00</ele>
			<time>2020-01-17T03:02:49.38Z</time>
		</trkpt>
		<trkpt lat="34.903787" lon="128.711540">
			<ele>0.00</ele>
			<time>2020-01-17T03:02:49.78Z</time>
		</trkpt>
		<trkpt lat="34.903768" lon="128.711490">
			<ele>0.00</ele>
			<time>2020-01-17T03:02:50.08Z</time>
		</trkpt>
		<trkpt lat="34.903753" lon="128.711442">
			<ele>0.00</ele>
			<time>2020-01-17T03:02:50.36Z</time>
		</trkpt>
		<trkpt lat="34.903738" lon="128.711411">
			<ele>0.00</ele>
			<time>2020-01-17T03:02:50.56Z</time>
		</trkpt>
		<trkpt lat="34.903704" lon="128.711386">
			<ele>0.00</ele>
			<time>2020-01-17T03:02:50.83Z</time>
		</trkpt>
		<trkpt lat="34.903666" lon="128.711367">
			<ele>0.00</ele>
			<time>2020-01-17T03:02:51.10Z</time>
		</trkpt>
		<trkpt lat="34.903632" lon="128.711343">
			<ele>0.00</ele>
			<time>2020-01-17T03:02:51.36Z</time>
		</trkpt>
		<trkpt lat="34.903595" lon="128.711322">
			<ele>0.00</ele>
			<time>2020-01-17T03:02:51.63Z</time>
		</trkpt>
		<trkpt lat="34.903560" lon="128.711301">
			<ele>0.00</ele>
			<time>2020-01-17T03:02:51.89Z</time>
		</trkpt>
		<trkpt lat="34.903538" lon="128.711279">
			<ele>0.00</ele>
			<time>2020-01-17T03:02:52.08Z</time>
		</trkpt>
		<trkpt lat="34.903498" lon="128.711253">
			<ele>0.00</ele>
			<time>2020-01-17T03:02:52.38Z</time>
		</trkpt>
		<trkpt lat="34.903471" lon="128.711284">
			<ele>0.00</ele>
			<time>2020-01-17T03:02:52.63Z</time>
		</trkpt>
		<trkpt lat="34.903464" lon="128.711326">
			<ele>0.00</ele>
			<time>2020-01-17T03:02:52.86Z</time>
		</trkpt>
		<trkpt lat="34.903443" lon="128.711364">
			<ele>0.00</ele>
			<time>2020-01-17T03:02:53.11Z</time>
		</trkpt>
		<trkpt lat="34.903426" lon="128.711396">
			<ele>0.00</ele>
			<time>2020-01-17T03:02:53.32Z</time>
		</trkpt>
		<trkpt lat="34.903403" lon="128.711432">
			<ele>0.00</ele>
			<time>2020-01-17T03:02:53.57Z</time>
		</trkpt>
		<trkpt lat="34.903378" lon="128.711458">
			<ele>0.00</ele>
			<time>2020-01-17T03:02:53.79Z</time>
		</trkpt>
		<trkpt lat="34.903353" lon="128.711486">
			<ele>0.00</ele>
			<time>2020-01-17T03:02:54.01Z</time>
		</trkpt>
		<trkpt lat="34.903345" lon="128.711525">
			<ele>0.00</ele>
			<time>2020-01-17T03:02:54.23Z</time>
		</trkpt>
		<trkpt lat="34.903336" lon="128.711579">
			<ele>0.00</ele>
			<time>2020-01-17T03:02:54.54Z</time>
		</trkpt>
		<trkpt lat="34.903319" lon="128.711633">
			<ele>0.00</ele>
			<time>2020-01-17T03:02:54.85Z</time>
		</trkpt>
		<trkpt lat="34.903301" lon="128.711694">
			<ele>0.00</ele>
			<time>2020-01-17T03:02:55.21Z</time>
		</trkpt>
		<trkpt lat="34.903289" lon="128.711759">
			<ele>0.00</ele>
			<time>2020-01-17T03:02:55.57Z</time>
		</trkpt>
		<trkpt lat="34.903262" lon="128.711823">
			<ele>0.00</ele>
			<time>2020-01-17T03:02:55.97Z</time>
		</trkpt>
		<trkpt lat="34.903235" lon="128.711884">
			<ele>0.00</ele>
			<time>2020-01-17T03:02:56.34Z</time>
		</trkpt>
		<trkpt lat="34.903204" lon="128.711933">
			<ele>0.00</ele>
			<time>2020-01-17T03:02:56.68Z</time>
		</trkpt>
		<trkpt lat="34.903176" lon="128.711979">
			<ele>0.00</ele>
			<time>2020-01-17T03:02:56.99Z</time>
		</trkpt>
		<trkpt lat="34.903145" lon="128.712026">
			<ele>0.00</ele>
			<time>2020-01-17T03:02:57.33Z</time>
		</trkpt>
		<trkpt lat="34.903117" lon="128.712071">
			<ele>0.00</ele>
			<time>2020-01-17T03:02:57.64Z</time>
		</trkpt>
		<trkpt lat="34.903088" lon="128.712118">
			<ele>0.00</ele>
			<time>2020-01-17T03:02:57.95Z</time>
		</trkpt>
		<trkpt lat="34.903049" lon="128.712169">
			<ele>0.00</ele>
			<time>2020-01-17T03:02:58.34Z</time>
		</trkpt>
		<trkpt lat="34.903015" lon="128.712212">
			<ele>0.00</ele>
			<time>2020-01-17T03:02:58.66Z</time>
		</trkpt>
		<trkpt lat="34.902982" lon="128.712254">
			<ele>0.00</ele>
			<time>2020-01-17T03:02:58.98Z</time>
		</trkpt>
		<trkpt lat="34.902943" lon="128.712286">
			<ele>0.00</ele>
			<time>2020-01-17T03:02:59.30Z</time>
		</trkpt>
		<trkpt lat="34.902900" lon="128.712316">
			<ele>0.00</ele>
			<time>2020-01-17T03:02:59.62Z</time>
		</trkpt>
		<trkpt lat="34.902856" lon="128.712337">
			<ele>0.00</ele>
			<time>2020-01-17T03:02:59.94Z</time>
		</trkpt>
		<trkpt lat="34.902802" lon="128.712354">
			<ele>0.00</ele>
			<time>2020-01-17T03:03:00.31Z</time>
		</trkpt>
		<trkpt lat="34.902753" lon="128.712365">
			<ele>0.00</ele>
			<time>2020-01-17T03:03:00.65Z</time>
		</trkpt>
		<trkpt lat="34.902696" lon="128.712363">
			<ele>0.00</ele>
			<time>2020-01-17T03:03:01.03Z</time>
		</trkpt>
		<trkpt lat="34.902650" lon="128.712363">
			<ele>0.00</ele>
			<time>2020-01-17T03:03:01.33Z</time>
		</trkpt>
		<trkpt lat="34.902596" lon="128.712370">
			<ele>0.00</ele>
			<time>2020-01-17T03:03:01.69Z</time>
		</trkpt>
		<trkpt lat="34.902542" lon="128.712381">
			<ele>0.00</ele>
			<time>2020-01-17T03:03:02.06Z</time>
		</trkpt>
		<trkpt lat="34.902495" lon="128.712389">
			<ele>0.00</ele>
			<time>2020-01-17T03:03:02.38Z</time>
		</trkpt>
		<trkpt lat="34.902452" lon="128.712396">
			<ele>0.00</ele>
			<time>2020-01-17T03:03:02.66Z</time>
		</trkpt>
		<trkpt lat="34.902450" lon="128.712396">
			<ele>0.00</ele>
			<time>2020-01-17T03:03:02.72Z</time>
		</trkpt>
		<trkpt lat="34.902406" lon="128.712399">
			<ele>0.00</ele>
			<time>2020-01-17T03:03:03.02Z</time>
		</trkpt>
		<trkpt lat="34.902345" lon="128.712390">
			<ele>0.00</ele>
			<time>2020-01-17T03:03:03.42Z</time>
		</trkpt>
		<trkpt lat="34.902293" lon="128.712379">
			<ele>0.00</ele>
			<time>2020-01-17T03:03:03.78Z</time>
		</trkpt>
		<trkpt lat="34.902238" lon="128.712364">
			<ele>0.00</ele>
			<time>2020-01-17T03:03:04.16Z</time>
		</trkpt>
		<trkpt lat="34.902176" lon="128.712344">
			<ele>0.00</ele>
			<time>2020-01-17T03:03:04.58Z</time>
		</trkpt>
		<trkpt lat="34.902131" lon="128.712333">
			<ele>0.00</ele>
			<time>2020-01-17T03:03:04.88Z</time>
		</trkpt>
		<trkpt lat="34.902093" lon="128.712330">
			<ele>0.00</ele>
			<time>2020-01-17T03:03:05.14Z</time>
		</trkpt>
		<trkpt lat="34.902042" lon="128.712349">
			<ele>0.00</ele>
			<time>2020-01-17T03:03:05.50Z</time>
		</trkpt>
		<trkpt lat="34.902003" lon="128.712351">
			<ele>0.00</ele>
			<time>2020-01-17T03:03:05.75Z</time>
		</trkpt>
		<trkpt lat="34.901970" lon="128.712348">
			<ele>0.00</ele>
			<time>2020-01-17T03:03:05.98Z</time>
		</trkpt>
		<trkpt lat="34.901929" lon="128.712370">
			<ele>0.00</ele>
			<time>2020-01-17T03:03:06.28Z</time>
		</trkpt>
		<trkpt lat="34.901902" lon="128.712418">
			<ele>0.00</ele>
			<time>2020-01-17T03:03:06.59Z</time>
		</trkpt>
		<trkpt lat="34.901886" lon="128.712462">
			<ele>0.00</ele>
			<time>2020-01-17T03:03:06.85Z</time>
		</trkpt>
		<trkpt lat="34.901879" lon="128.712506">
			<ele>0.00</ele>
			<time>2020-01-17T03:03:07.10Z</time>
		</trkpt>
		<trkpt lat="34.901869" lon="128.712563">
			<ele>0.00</ele>
			<time>2020-01-17T03:03:07.42Z</time>
		</trkpt>
		<trkpt lat="34.901863" lon="128.712610">
			<ele>0.00</ele>
			<time>2020-01-17T03:03:07.68Z</time>
		</trkpt>
		<trkpt lat="34.901850" lon="128.712649">
			<ele>0.00</ele>
			<time>2020-01-17T03:03:07.91Z</time>
		</trkpt>
		<trkpt lat="34.901837" lon="128.712683">
			<ele>0.00</ele>
			<time>2020-01-17T03:03:08.11Z</time>
		</trkpt>
		<trkpt lat="34.901825" lon="128.712727">
			<ele>0.00</ele>
			<time>2020-01-17T03:03:08.37Z</time>
		</trkpt>
		<trkpt lat="34.901814" lon="128.712773">
			<ele>0.00</ele>
			<time>2020-01-17T03:03:08.63Z</time>
		</trkpt>
		<trkpt lat="34.901811" lon="128.712818">
			<ele>0.00</ele>
			<time>2020-01-17T03:03:08.88Z</time>
		</trkpt>
		<trkpt lat="34.901808" lon="128.712856">
			<ele>0.00</ele>
			<time>2020-01-17T03:03:09.09Z</time>
		</trkpt>
		<trkpt lat="34.901794" lon="128.712878">
			<ele>0.00</ele>
			<time>2020-01-17T03:03:09.24Z</time>
		</trkpt>
		<trkpt lat="34.901763" lon="128.712871">
			<ele>0.00</ele>
			<time>2020-01-17T03:03:09.45Z</time>
		</trkpt>
		<trkpt lat="34.901706" lon="128.712854">
			<ele>0.00</ele>
			<time>2020-01-17T03:03:09.84Z</time>
		</trkpt>
		<trkpt lat="34.901651" lon="128.712840">
			<ele>0.00</ele>
			<time>2020-01-17T03:03:10.21Z</time>
		</trkpt>
		<trkpt lat="34.901587" lon="128.712822">
			<ele>0.00</ele>
			<time>2020-01-17T03:03:10.65Z</time>
		</trkpt>
		<trkpt lat="34.901524" lon="128.712813">
			<ele>0.00</ele>
			<time>2020-01-17T03:03:11.07Z</time>
		</trkpt>
		<trkpt lat="34.901442" lon="128.712788">
			<ele>0.00</ele>
			<time>2020-01-17T03:03:11.63Z</time>
		</trkpt>
		<trkpt lat="34.901377" lon="128.712752">
			<ele>0.00</ele>
			<time>2020-01-17T03:03:12.11Z</time>
		</trkpt>
		<trkpt lat="34.901322" lon="128.712723">
			<ele>0.00</ele>
			<time>2020-01-17T03:03:12.51Z</time>
		</trkpt>
		<trkpt lat="34.901269" lon="128.712692">
			<ele>0.00</ele>
			<time>2020-01-17T03:03:12.90Z</time>
		</trkpt>
		<trkpt lat="34.901221" lon="128.712661">
			<ele>0.00</ele>
			<time>2020-01-17T03:03:13.26Z</time>
		</trkpt>
		<trkpt lat="34.901174" lon="128.712642">
			<ele>0.00</ele>
			<time>2020-01-17T03:03:13.59Z</time>
		</trkpt>
		<trkpt lat="34.901121" lon="128.712609">
			<ele>0.00</ele>
			<time>2020-01-17T03:03:13.99Z</time>
		</trkpt>
		<trkpt lat="34.901080" lon="128.712588">
			<ele>0.00</ele>
			<time>2020-01-17T03:03:14.28Z</time>
		</trkpt>
		<trkpt lat="34.901033" lon="128.712554">
			<ele>0.00</ele>
			<time>2020-01-17T03:03:14.65Z</time>
		</trkpt>
		<trkpt lat="34.900994" lon="128.712520">
			<ele>0.00</ele>
			<time>2020-01-17T03:03:14.97Z</time>
		</trkpt>
		<trkpt lat="34.900955" lon="128.712484">
			<ele>0.00</ele>
			<time>2020-01-17T03:03:15.30Z</time>
		</trkpt>
		<trkpt lat="34.900917" lon="128.712449">
			<ele>0.00</ele>
			<time>2020-01-17T03:03:15.61Z</time>
		</trkpt>
		<trkpt lat="34.900877" lon="128.712410">
			<ele>0.00</ele>
			<time>2020-01-17T03:03:15.96Z</time>
		</trkpt>
		<trkpt lat="34.900845" lon="128.712385">
			<ele>0.00</ele>
			<time>2020-01-17T03:03:16.21Z</time>
		</trkpt>
		<trkpt lat="34.900804" lon="128.712340">
			<ele>0.00</ele>
			<time>2020-01-17T03:03:16.58Z</time>
		</trkpt>
		<trkpt lat="34.900770" lon="128.712300">
			<ele>0.00</ele>
			<time>2020-01-17T03:03:16.89Z</time>
		</trkpt>
		<trkpt lat="34.900742" lon="128.712258">
			<ele>0.00</ele>
			<time>2020-01-17T03:03:17.19Z</time>
		</trkpt>
		<trkpt lat="34.900721" lon="128.712207">
			<ele>0.00</ele>
			<time>2020-01-17T03:03:17.50Z</time>
		</trkpt>
		<trkpt lat="34.900694" lon="128.712135">
			<ele>0.00</ele>
			<time>2020-01-17T03:03:17.93Z</time>
		</trkpt>
		<trkpt lat="34.900675" lon="128.712059">
			<ele>0.00</ele>
			<time>2020-01-17T03:03:18.37Z</time>
		</trkpt>
		<trkpt lat="34.900659" lon="128.711987">
			<ele>0.00</ele>
			<time>2020-01-17T03:03:18.78Z</time>
		</trkpt>
		<trkpt lat="34.900643" lon="128.711912">
			<ele>0.00</ele>
			<time>2020-01-17T03:03:19.20Z</time>
		</trkpt>
		<trkpt lat="34.900629" lon="128.711833">
			<ele>0.00</ele>
			<time>2020-01-17T03:03:19.64Z</time>
		</trkpt>
		<trkpt lat="34.900616" lon="128.711769">
			<ele>0.00</ele>
			<time>2020-01-17T03:03:20Z</time>
		</trkpt>
		<trkpt lat="34.900609" lon="128.711717">
			<ele>0.00</ele>
			<time>2020-01-17T03:03:20.29Z</time>
		</trkpt>
		<trkpt lat="34.900601" lon="128.711648">
			<ele>0.00</ele>
			<time>2020-01-17T03:03:20.67Z</time>
		</trkpt>
		<trkpt lat="34.900598" lon="128.711567">
			<ele>0.00</ele>
			<time>2020-01-17T03:03:21.11Z</time>
		</trkpt>
		<trkpt lat="34.900599" lon="128.711503">
			<ele>0.00</ele>
			<time>2020-01-17T03:03:21.47Z</time>
		</trkpt>
		<trkpt lat="34.900600" lon="128.711411">
			<ele>0.00</ele>
			<time>2020-01-17T03:03:21.97Z</time>
		</trkpt>
		<trkpt lat="34.900606" lon="128.711344">
			<ele>0.00</ele>
			<time>2020-01-17T03:03:22.34Z</time>
		</trkpt>
		<trkpt lat="34.900606" lon="128.711262">
			<ele>0.00</ele>
			<time>2020-01-17T03:03:22.78Z</time>
		</trkpt>
		<trkpt lat="34.900610" lon="128.711190">
			<ele>0.00</ele>
			<time>2020-01-17T03:03:23.18Z</time>
		</trkpt>
		<trkpt lat="34.900608" lon="128.711121">
			<ele>0.00</ele>
			<time>2020-01-17T03:03:23.56Z</time>
		</trkpt>
		<trkpt lat="34.900609" lon="128.711033">
			<ele>0.00</ele>
			<time>2020-01-17T03:03:24.04Z</time>
		</trkpt>
		<trkpt lat="34.900610" lon="128.710954">
			<ele>0.00</ele>
			<time>2020-01-17T03:03:24.47Z</time>
		</trkpt>
		<trkpt lat="34.900606" lon="128.710882">
			<ele>0.00</ele>
			<time>2020-01-17T03:03:24.86Z</time>
		</trkpt>
		<trkpt lat="34.900601" lon="128.710817">
			<ele>0.00</ele>
			<time>2020-01-17T03:03:25.22Z</time>
		</trkpt>
		<trkpt lat="34.900589" lon="128.710757">
			<ele>0.00</ele>
			<time>2020-01-17T03:03:25.56Z</time>
		</trkpt>
		<trkpt lat="34.900563" lon="128.710687">
			<ele>0.00</ele>
			<time>2020-01-17T03:03:25.98Z</time>
		</trkpt>
		<trkpt lat="34.900544" lon="128.710617">
			<ele>0.00</ele>
			<time>2020-01-17T03:03:26.38Z</time>
		</trkpt>
		<trkpt lat="34.900527" lon="128.710548">
			<ele>0.00</ele>
			<time>2020-01-17T03:03:26.78Z</time>
		</trkpt>
		<trkpt lat="34.900512" lon="128.710479">
			<ele>0.00</ele>
			<time>2020-01-17T03:03:27.17Z</time>
		</trkpt>
		<trkpt lat="34.900504" lon="128.710422">
			<ele>0.00</ele>
			<time>2020-01-17T03:03:27.49Z</time>
		</trkpt>
		<trkpt lat="34.900494" lon="128.710379">
			<ele>0.00</ele>
			<time>2020-01-17T03:03:27.73Z</time>
		</trkpt>
		<trkpt lat="34.900467" lon="128.710331">
			<ele>0.00</ele>
			<time>2020-01-17T03:03:28.04Z</time>
		</trkpt>
		<trkpt lat="34.900424" lon="128.710298">
			<ele>0.00</ele>
			<time>2020-01-17T03:03:28.38Z</time>
		</trkpt>
		<trkpt lat="34.900387" lon="128.710300">
			<ele>0.00</ele>
			<time>2020-01-17T03:03:28.63Z</time>
		</trkpt>
		<trkpt lat="34.900355" lon="128.710289">
			<ele>0.00</ele>
			<time>2020-01-17T03:03:28.85Z</time>
		</trkpt>
		<trkpt lat="34.900344" lon="128.710319">
			<ele>0.00</ele>
			<time>2020-01-17T03:03:29.03Z</time>
		</trkpt>
		<trkpt lat="34.900334" lon="128.710353">
			<ele>0.00</ele>
			<time>2020-01-17T03:03:29.22Z</time>
		</trkpt>
		<trkpt lat="34.900322" lon="128.710376">
			<ele>0.00</ele>
			<time>2020-01-17T03:03:29.38Z</time>
		</trkpt>
		<trkpt lat="34.900301" lon="128.710389">
			<ele>0.00</ele>
			<time>2020-01-17T03:03:29.53Z</time>
		</trkpt>
		<trkpt lat="34.900282" lon="128.710373">
			<ele>0.00</ele>
			<time>2020-01-17T03:03:29.69Z</time>
		</trkpt>
		<trkpt lat="34.900267" lon="128.710324">
			<ele>0.00</ele>
			<time>2020-01-17T03:03:29.97Z</time>
		</trkpt>
		<trkpt lat="34.900252" lon="128.710260">
			<ele>0.00</ele>
			<time>2020-01-17T03:03:30.34Z</time>
		</trkpt>
		<trkpt lat="34.900229" lon="128.710186">
			<ele>0.00</ele>
			<time>2020-01-17T03:03:30.77Z</time>
		</trkpt>
		<trkpt lat="34.900213" lon="128.710121">
			<ele>0.00</ele>
			<time>2020-01-17T03:03:31.14Z</time>
		</trkpt>
		<trkpt lat="34.900184" lon="128.710058">
			<ele>0.00</ele>
			<time>2020-01-17T03:03:31.54Z</time>
		</trkpt>
		<trkpt lat="34.900143" lon="128.710001">
			<ele>0.00</ele>
			<time>2020-01-17T03:03:31.95Z</time>
		</trkpt>
		<trkpt lat="34.900103" lon="128.709976">
			<ele>0.00</ele>
			<time>2020-01-17T03:03:32.25Z</time>
		</trkpt>
		<trkpt lat="34.900072" lon="128.709929">
			<ele>0.00</ele>
			<time>2020-01-17T03:03:32.58Z</time>
		</trkpt>
		<trkpt lat="34.900037" lon="128.709852">
			<ele>0.00</ele>
			<time>2020-01-17T03:03:33.06Z</time>
		</trkpt>
		<trkpt lat="34.900008" lon="128.709772">
			<ele>0.00</ele>
			<time>2020-01-17T03:03:33.54Z</time>
		</trkpt>
		<trkpt lat="34.899979" lon="128.709687">
			<ele>0.00</ele>
			<time>2020-01-17T03:03:34.04Z</time>
		</trkpt>
		<trkpt lat="34.899948" lon="128.709614">
			<ele>0.00</ele>
			<time>2020-01-17T03:03:34.49Z</time>
		</trkpt>
		<trkpt lat="34.899917" lon="128.709560">
			<ele>0.00</ele>
			<time>2020-01-17T03:03:34.85Z</time>
		</trkpt>
		<trkpt lat="34.899890" lon="128.709507">
			<ele>0.00</ele>
			<time>2020-01-17T03:03:35.19Z</time>
		</trkpt>
		<trkpt lat="34.899853" lon="128.709458">
			<ele>0.00</ele>
			<time>2020-01-17T03:03:35.56Z</time>
		</trkpt>
		<trkpt lat="34.899799" lon="128.709434">
			<ele>0.00</ele>
			<time>2020-01-17T03:03:35.94Z</time>
		</trkpt>
		<trkpt lat="34.899752" lon="128.709423">
			<ele>0.00</ele>
			<time>2020-01-17T03:03:36.26Z</time>
		</trkpt>
		<trkpt lat="34.899697" lon="128.709413">
			<ele>0.00</ele>
			<time>2020-01-17T03:03:36.63Z</time>
		</trkpt>
		<trkpt lat="34.899658" lon="128.709405">
			<ele>0.00</ele>
			<time>2020-01-17T03:03:36.89Z</time>
		</trkpt>
		<trkpt lat="34.899629" lon="128.709376">
			<ele>0.00</ele>
			<time>2020-01-17T03:03:37.14Z</time>
		</trkpt>
		<trkpt lat="34.899593" lon="128.709346">
			<ele>0.00</ele>
			<time>2020-01-17T03:03:37.43Z</time>
		</trkpt>
		<trkpt lat="34.899555" lon="128.709353">
			<ele>0.00</ele>
			<time>2020-01-17T03:03:37.69Z</time>
		</trkpt>
		<trkpt lat="34.899531" lon="128.709386">
			<ele>0.00</ele>
			<time>2020-01-17T03:03:37.93Z</time>
		</trkpt>
		<trkpt lat="34.899492" lon="128.709406">
			<ele>0.00</ele>
			<time>2020-01-17T03:03:38.21Z</time>
		</trkpt>
		<trkpt lat="34.899462" lon="128.709372">
			<ele>0.00</ele>
			<time>2020-01-17T03:03:38.49Z</time>
		</trkpt>
		<trkpt lat="34.899419" lon="128.709340">
			<ele>0.00</ele>
			<time>2020-01-17T03:03:38.82Z</time>
		</trkpt>
		<trkpt lat="34.899370" lon="128.709332">
			<ele>0.00</ele>
			<time>2020-01-17T03:03:39.15Z</time>
		</trkpt>
		<trkpt lat="34.899323" lon="128.709341">
			<ele>0.00</ele>
			<time>2020-01-17T03:03:39.47Z</time>
		</trkpt>
		<trkpt lat="34.899278" lon="128.709361">
			<ele>0.00</ele>
			<time>2020-01-17T03:03:39.79Z</time>
		</trkpt>
		<trkpt lat="34.899248" lon="128.709390">
			<ele>0.00</ele>
			<time>2020-01-17T03:03:40.04Z</time>
		</trkpt>
		<trkpt lat="34.899222" lon="128.709432">
			<ele>0.00</ele>
			<time>2020-01-17T03:03:40.33Z</time>
		</trkpt>
		<trkpt lat="34.899196" lon="128.709477">
			<ele>0.00</ele>
			<time>2020-01-17T03:03:40.63Z</time>
		</trkpt>
		<trkpt lat="34.899167" lon="128.709510">
			<ele>0.00</ele>
			<time>2020-01-17T03:03:40.89Z</time>
		</trkpt>
		<trkpt lat="34.899144" lon="128.709521">
			<ele>0.00</ele>
			<time>2020-01-17T03:03:41.07Z</time>
		</trkpt>
		<trkpt lat="34.899106" lon="128.709512">
			<ele>0.00</ele>
			<time>2020-01-17T03:03:41.32Z</time>
		</trkpt>
		<trkpt lat="34.899075" lon="128.709477">
			<ele>0.00</ele>
			<time>2020-01-17T03:03:41.60Z</time>
		</trkpt>
		<trkpt lat="34.899043" lon="128.709423">
			<ele>0.00</ele>
			<time>2020-01-17T03:03:41.97Z</time>
		</trkpt>
		<trkpt lat="34.898997" lon="128.709353">
			<ele>0.00</ele>
			<time>2020-01-17T03:03:42.46Z</time>
		</trkpt>
		<trkpt lat="34.898971" lon="128.709297">
			<ele>0.00</ele>
			<time>2020-01-17T03:03:42.81Z</time>
		</trkpt>
		<trkpt lat="34.898924" lon="128.709201">
			<ele>0.00</ele>
			<time>2020-01-17T03:03:43.42Z</time>
		</trkpt>
		<trkpt lat="34.898896" lon="128.709146">
			<ele>0.00</ele>
			<time>2020-01-17T03:03:43.77Z</time>
		</trkpt>
		<trkpt lat="34.898874" lon="128.709090">
			<ele>0.00</ele>
			<time>2020-01-17T03:03:44.11Z</time>
		</trkpt>
		<trkpt lat="34.898868" lon="128.709022">
			<ele>0.00</ele>
			<time>2020-01-17T03:03:44.48Z</time>
		</trkpt>
		<trkpt lat="34.898883" lon="128.708959">
			<ele>0.00</ele>
			<time>2020-01-17T03:03:44.85Z</time>
		</trkpt>
		<trkpt lat="34.898904" lon="128.708893">
			<ele>0.00</ele>
			<time>2020-01-17T03:03:45.23Z</time>
		</trkpt>
		<trkpt lat="34.898921" lon="128.708833">
			<ele>0.00</ele>
			<time>2020-01-17T03:03:45.58Z</time>
		</trkpt>
		<trkpt lat="34.898946" lon="128.708780">
			<ele>0.00</ele>
			<time>2020-01-17T03:03:45.92Z</time>
		</trkpt>
		<trkpt lat="34.898979" lon="128.708734">
			<ele>0.00</ele>
			<time>2020-01-17T03:03:46.25Z</time>
		</trkpt>
		<trkpt lat="34.899034" lon="128.708680">
			<ele>0.00</ele>
			<time>2020-01-17T03:03:46.72Z</time>
		</trkpt>
		<trkpt lat="34.899088" lon="128.708638">
			<ele>0.00</ele>
			<time>2020-01-17T03:03:47.15Z</time>
		</trkpt>
		<trkpt lat="34.899144" lon="128.708609">
			<ele>0.00</ele>
			<time>2020-01-17T03:03:47.55Z</time>
		</trkpt>
		<trkpt lat="34.899219" lon="128.708595">
			<ele>0.00</ele>
			<time>2020-01-17T03:03:48.06Z</time>
		</trkpt>
		<trkpt lat="34.899290" lon="128.708601">
			<ele>0.00</ele>
			<time>2020-01-17T03:03:48.53Z</time>
		</trkpt>
		<trkpt lat="34.899359" lon="128.708594">
			<ele>0.00</ele>
			<time>2020-01-17T03:03:48.99Z</time>
		</trkpt>
		<trkpt lat="34.899439" lon="128.708583">
			<ele>0.00</ele>
			<time>2020-01-17T03:03:49.53Z</time>
		</trkpt>
		<trkpt lat="34.899505" lon="128.708555">
			<ele>0.00</ele>
			<time>2020-01-17T03:03:50Z</time>
		</trkpt>
		<trkpt lat="34.899560" lon="128.708495">
			<ele>0.00</ele>
			<time>2020-01-17T03:03:50.49Z</time>
		</trkpt>
		<trkpt lat="34.899595" lon="128.708402">
			<ele>0.00</ele>
			<time>2020-01-17T03:03:51.05Z</time>
		</trkpt>
		<trkpt lat="34.899616" lon="128.708296">
			<ele>0.00</ele>
			<time>2020-01-17T03:03:51.64Z</time>
		</trkpt>
		<trkpt lat="34.899637" lon="128.708191">
			<ele>0.00</ele>
			<time>2020-01-17T03:03:52.23Z</time>
		</trkpt>
		<trkpt lat="34.899637" lon="128.708073">
			<ele>0.00</ele>
			<time>2020-01-17T03:03:52.88Z</time>
		</trkpt>
		<trkpt lat="34.899638" lon="128.707983">
			<ele>0.00</ele>
			<time>2020-01-17T03:03:53.37Z</time>
		</trkpt>
		<trkpt lat="34.899609" lon="128.707894">
			<ele>0.00</ele>
			<time>2020-01-17T03:03:53.89Z</time>
		</trkpt>
		<trkpt lat="34.899580" lon="128.707795">
			<ele>0.00</ele>
			<time>2020-01-17T03:03:54.47Z</time>
		</trkpt>
		<trkpt lat="34.899548" lon="128.707718">
			<ele>0.00</ele>
			<time>2020-01-17T03:03:54.94Z</time>
		</trkpt>
		<trkpt lat="34.899504" lon="128.707622">
			<ele>0.00</ele>
			<time>2020-01-17T03:03:55.55Z</time>
		</trkpt>
		<trkpt lat="34.899467" lon="128.707533">
			<ele>0.00</ele>
			<time>2020-01-17T03:03:56.09Z</time>
		</trkpt>
		<trkpt lat="34.899427" lon="128.707438">
			<ele>0.00</ele>
			<time>2020-01-17T03:03:56.68Z</time>
		</trkpt>
		<trkpt lat="34.899388" lon="128.707331">
			<ele>0.00</ele>
			<time>2020-01-17T03:03:57.31Z</time>
		</trkpt>
		<trkpt lat="34.899350" lon="128.707264">
			<ele>0.00</ele>
			<time>2020-01-17T03:03:57.76Z</time>
		</trkpt>
		<trkpt lat="34.899301" lon="128.707195">
			<ele>0.00</ele>
			<time>2020-01-17T03:03:58.26Z</time>
		</trkpt>
		<trkpt lat="34.899242" lon="128.707115">
			<ele>0.00</ele>
			<time>2020-01-17T03:03:58.84Z</time>
		</trkpt>
		<trkpt lat="34.899195" lon="128.707058">
			<ele>0.00</ele>
			<time>2020-01-17T03:03:59.28Z</time>
		</trkpt>
		<trkpt lat="34.899150" lon="128.706976">
			<ele>0.00</ele>
			<time>2020-01-17T03:03:59.83Z</time>
		</trkpt>
		<trkpt lat="34.899125" lon="128.706897">
			<ele>0.00</ele>
			<time>2020-01-17T03:04:00.29Z</time>
		</trkpt>
		<trkpt lat="34.899081" lon="128.706797">
			<ele>0.00</ele>
			<time>2020-01-17T03:04:00.91Z</time>
		</trkpt>
		<trkpt lat="34.899042" lon="128.706723">
			<ele>0.00</ele>
			<time>2020-01-17T03:04:01.39Z</time>
		</trkpt>
		<trkpt lat="34.899005" lon="128.706666">
			<ele>0.00</ele>
			<time>2020-01-17T03:04:01.79Z</time>
		</trkpt>
		<trkpt lat="34.898972" lon="128.706614">
			<ele>0.00</ele>
			<time>2020-01-17T03:04:02.15Z</time>
		</trkpt>
		<trkpt lat="34.898925" lon="128.706587">
			<ele>0.00</ele>
			<time>2020-01-17T03:04:02.49Z</time>
		</trkpt>
		<trkpt lat="34.898854" lon="128.706560">
			<ele>0.00</ele>
			<time>2020-01-17T03:04:02.99Z</time>
		</trkpt>
		<trkpt lat="34.898793" lon="128.706546">
			<ele>0.00</ele>
			<time>2020-01-17T03:04:03.40Z</time>
		</trkpt>
		<trkpt lat="34.898736" lon="128.706525">
			<ele>0.00</ele>
			<time>2020-01-17T03:04:03.80Z</time>
		</trkpt>
		<trkpt lat="34.898685" lon="128.706497">
			<ele>0.00</ele>
			<time>2020-01-17T03:04:04.18Z</time>
		</trkpt>
		<trkpt lat="34.898628" lon="128.706450">
			<ele>0.00</ele>
			<time>2020-01-17T03:04:04.64Z</time>
		</trkpt>
		<trkpt lat="34.898576" lon="128.706407">
			<ele>0.00</ele>
			<time>2020-01-17T03:04:05.05Z</time>
		</trkpt>
		<trkpt lat="34.898522" lon="128.706363">
			<ele>0.00</ele>
			<time>2020-01-17T03:04:05.49Z</time>
		</trkpt>
		<trkpt lat="34.898467" lon="128.706304">
			<ele>0.00</ele>
			<time>2020-01-17T03:04:05.97Z</time>
		</trkpt>
		<trkpt lat="34.898420" lon="128.706246">
			<ele>0.00</ele>
			<time>2020-01-17T03:04:06.42Z</time>
		</trkpt>
		<trkpt lat="34.898378" lon="128.706201">
			<ele>0.00</ele>
			<time>2020-01-17T03:04:06.79Z</time>
		</trkpt>
		<trkpt lat="34.898334" lon="128.706144">
			<ele>0.00</ele>
			<time>2020-01-17T03:04:07.22Z</time>
		</trkpt>
		<trkpt lat="34.898294" lon="128.706087">
			<ele>0.00</ele>
			<time>2020-01-17T03:04:07.63Z</time>
		</trkpt>
		<trkpt lat="34.898263" lon="128.706023">
			<ele>0.00</ele>
			<time>2020-01-17T03:04:08.03Z</time>
		</trkpt>
		<trkpt lat="34.898235" lon="128.705970">
			<ele>0.00</ele>
			<time>2020-01-17T03:04:08.38Z</time>
		</trkpt>
		<trkpt lat="34.898200" lon="128.705928">
			<ele>0.00</ele>
			<time>2020-01-17T03:04:08.71Z</time>
		</trkpt>
		<trkpt lat="34.898148" lon="128.705906">
			<ele>0.00</ele>
			<time>2020-01-17T03:04:09.07Z</time>
		</trkpt>
		<trkpt lat="34.898097" lon="128.705884">
			<ele>0.00</ele>
			<time>2020-01-17T03:04:09.44Z</time>
		</trkpt>
		<trkpt lat="34.898046" lon="128.705862">
			<ele>0.00</ele>
			<time>2020-01-17T03:04:09.80Z</time>
		</trkpt>
		<trkpt lat="34.898006" lon="128.705830">
			<ele>0.00</ele>
			<time>2020-01-17T03:04:10.11Z</time>
		</trkpt>
		<trkpt lat="34.897952" lon="128.705794">
			<ele>0.00</ele>
			<time>2020-01-17T03:04:10.52Z</time>
		</trkpt>
		<trkpt lat="34.897907" lon="128.705771">
			<ele>0.00</ele>
			<time>2020-01-17T03:04:10.85Z</time>
		</trkpt>
		<trkpt lat="34.897857" lon="128.705751">
			<ele>0.00</ele>
			<time>2020-01-17T03:04:11.20Z</time>
		</trkpt>
		<trkpt lat="34.897800" lon="128.705742">
			<ele>0.00</ele>
			<time>2020-01-17T03:04:11.58Z</time>
		</trkpt>
		<trkpt lat="34.897751" lon="128.705739">
			<ele>0.00</ele>
			<time>2020-01-17T03:04:11.91Z</time>
		</trkpt>
		<trkpt lat="34.897695" lon="128.705742">
			<ele>0.00</ele>
			<time>2020-01-17T03:04:12.28Z</time>
		</trkpt>
		<trkpt lat="34.897645" lon="128.705749">
			<ele>0.00</ele>
			<time>2020-01-17T03:04:12.62Z</time>
		</trkpt>
		<trkpt lat="34.897593" lon="128.705748">
			<ele>0.00</ele>
			<time>2020-01-17T03:04:12.97Z</time>
		</trkpt>
		<trkpt lat="34.897556" lon="128.705718">
			<ele>0.00</ele>
			<time>2020-01-17T03:04:13.26Z</time>
		</trkpt>
		<trkpt lat="34.897520" lon="128.705715">
			<ele>0.00</ele>
			<time>2020-01-17T03:04:13.50Z</time>
		</trkpt>
		<trkpt lat="34.897483" lon="128.705707">
			<ele>0.00</ele>
			<time>2020-01-17T03:04:13.76Z</time>
		</trkpt>
		<trkpt lat="34.897459" lon="128.705677">
			<ele>0.00</ele>
			<time>2020-01-17T03:04:13.99Z</time>
		</trkpt>
		<trkpt lat="34.897436" lon="128.705634">
			<ele>0.00</ele>
			<time>2020-01-17T03:04:14.26Z</time>
		</trkpt>
		<trkpt lat="34.897411" lon="128.705598">
			<ele>0.00</ele>
			<time>2020-01-17T03:04:14.52Z</time>
		</trkpt>
		<trkpt lat="34.897364" lon="128.705601">
			<ele>0.00</ele>
			<time>2020-01-17T03:04:14.84Z</time>
		</trkpt>
		<trkpt lat="34.897335" lon="128.705630">
			<ele>0.00</ele>
			<time>2020-01-17T03:04:15.09Z</time>
		</trkpt>
		<trkpt lat="34.897315" lon="128.705692">
			<ele>0.00</ele>
			<time>2020-01-17T03:04:15.45Z</time>
		</trkpt>
		<trkpt lat="34.897300" lon="128.705725">
			<ele>0.00</ele>
			<time>2020-01-17T03:04:15.66Z</time>
		</trkpt>
		<trkpt lat="34.897290" lon="128.705768">
			<ele>0.00</ele>
			<time>2020-01-17T03:04:15.90Z</time>
		</trkpt>
		<trkpt lat="34.897267" lon="128.705797">
			<ele>0.00</ele>
			<time>2020-01-17T03:04:16.12Z</time>
		</trkpt>
		<trkpt lat="34.897219" lon="128.705833">
			<ele>0.00</ele>
			<time>2020-01-17T03:04:16.50Z</time>
		</trkpt>
		<trkpt lat="34.897175" lon="128.705843">
			<ele>0.00</ele>
			<time>2020-01-17T03:04:16.80Z</time>
		</trkpt>
		<trkpt lat="34.897123" lon="128.705848">
			<ele>0.00</ele>
			<time>2020-01-17T03:04:17.15Z</time>
		</trkpt>
		<trkpt lat="34.897102" lon="128.705807">
			<ele>0.00</ele>
			<time>2020-01-17T03:04:17.41Z</time>
		</trkpt>
		<trkpt lat="34.897095" lon="128.705731">
			<ele>0.00</ele>
			<time>2020-01-17T03:04:17.83Z</time>
		</trkpt>
		<trkpt lat="34.897090" lon="128.705662">
			<ele>0.00</ele>
			<time>2020-01-17T03:04:18.21Z</time>
		</trkpt>
		<trkpt lat="34.897081" lon="128.705590">
			<ele>0.00</ele>
			<time>2020-01-17T03:04:18.61Z</time>
		</trkpt>
		<trkpt lat="34.897069" lon="128.705557">
			<ele>0.00</ele>
			<time>2020-01-17T03:04:18.81Z</time>
		</trkpt>
		<trkpt lat="34.897033" lon="128.705538">
			<ele>0.00</ele>
			<time>2020-01-17T03:04:19.07Z</time>
		</trkpt>
		<trkpt lat="34.896985" lon="128.705529">
			<ele>0.00</ele>
			<time>2020-01-17T03:04:19.39Z</time>
		</trkpt>
		<trkpt lat="34.896949" lon="128.705528">
			<ele>0.00</ele>
			<time>2020-01-17T03:04:19.63Z</time>
		</trkpt>
		<trkpt lat="34.896918" lon="128.705492">
			<ele>0.00</ele>
			<time>2020-01-17T03:04:19.92Z</time>
		</trkpt>
		<trkpt lat="34.896870" lon="128.705429">
			<ele>0.00</ele>
			<time>2020-01-17T03:04:20.39Z</time>
		</trkpt>
		<trkpt lat="34.896841" lon="128.705353">
			<ele>0.00</ele>
			<time>2020-01-17T03:04:20.84Z</time>
		</trkpt>
		<trkpt lat="34.896816" lon="128.705294">
			<ele>0.00</ele>
			<time>2020-01-17T03:04:21.21Z</time>
		</trkpt>
		<trkpt lat="34.896786" lon="128.705244">
			<ele>0.00</ele>
			<time>2020-01-17T03:04:21.55Z</time>
		</trkpt>
		<trkpt lat="34.896763" lon="128.705209">
			<ele>0.00</ele>
			<time>2020-01-17T03:04:21.79Z</time>
		</trkpt>
		<trkpt lat="34.896731" lon="128.705161">
			<ele>0.00</ele>
			<time>2020-01-17T03:04:22.13Z</time>
		</trkpt>
		<trkpt lat="34.896710" lon="128.705107">
			<ele>0.00</ele>
			<time>2020-01-17T03:04:22.46Z</time>
		</trkpt>
		<trkpt lat="34.896685" lon="128.705071">
			<ele>0.00</ele>
			<time>2020-01-17T03:04:22.72Z</time>
		</trkpt>
		<trkpt lat="34.896652" lon="128.705041">
			<ele>0.00</ele>
			<time>2020-01-17T03:04:22.99Z</time>
		</trkpt>
		<trkpt lat="34.896608" lon="128.704974">
			<ele>0.00</ele>
			<time>2020-01-17T03:04:23.46Z</time>
		</trkpt>
		<trkpt lat="34.896580" lon="128.704936">
			<ele>0.00</ele>
			<time>2020-01-17T03:04:23.74Z</time>
		</trkpt>
		<trkpt lat="34.896538" lon="128.704885">
			<ele>0.00</ele>
			<time>2020-01-17T03:04:24.13Z</time>
		</trkpt>
		<trkpt lat="34.896509" lon="128.704840">
			<ele>0.00</ele>
			<time>2020-01-17T03:04:24.45Z</time>
		</trkpt>
		<trkpt lat="34.896483" lon="128.704793">
			<ele>0.00</ele>
			<time>2020-01-17T03:04:24.76Z</time>
		</trkpt>
		<trkpt lat="34.896451" lon="128.704735">
			<ele>0.00</ele>
			<time>2020-01-17T03:04:25.14Z</time>
		</trkpt>
		<trkpt lat="34.896411" lon="128.704662">
			<ele>0.00</ele>
			<time>2020-01-17T03:04:25.62Z</time>
		</trkpt>
		<trkpt lat="34.896360" lon="128.704578">
			<ele>0.00</ele>
			<time>2020-01-17T03:04:26.19Z</time>
		</trkpt>
		<trkpt lat="34.896327" lon="128.704521">
			<ele>0.00</ele>
			<time>2020-01-17T03:04:26.57Z</time>
		</trkpt>
		<trkpt lat="34.896297" lon="128.704476">
			<ele>0.00</ele>
			<time>2020-01-17T03:04:26.89Z</time>
		</trkpt>
		<trkpt lat="34.896255" lon="128.704420">
			<ele>0.00</ele>
			<time>2020-01-17T03:04:27.30Z</time>
		</trkpt>
		<trkpt lat="34.896210" lon="128.704374">
			<ele>0.00</ele>
			<time>2020-01-17T03:04:27.70Z</time>
		</trkpt>
		<trkpt lat="34.896167" lon="128.704327">
			<ele>0.00</ele>
			<time>2020-01-17T03:04:28.08Z</time>
		</trkpt>
		<trkpt lat="34.896124" lon="128.704287">
			<ele>0.00</ele>
			<time>2020-01-17T03:04:28.44Z</time>
		</trkpt>
		<trkpt lat="34.896082" lon="128.704248">
			<ele>0.00</ele>
			<time>2020-01-17T03:04:28.80Z</time>
		</trkpt>
		<trkpt lat="34.896027" lon="128.704209">
			<ele>0.00</ele>
			<time>2020-01-17T03:04:29.22Z</time>
		</trkpt>
		<trkpt lat="34.895982" lon="128.704185">
			<ele>0.00</ele>
			<time>2020-01-17T03:04:29.55Z</time>
		</trkpt>
		<trkpt lat="34.895936" lon="128.704184">
			<ele>0.00</ele>
			<time>2020-01-17T03:04:29.85Z</time>
		</trkpt>
		<trkpt lat="34.895893" lon="128.704210">
			<ele>0.00</ele>
			<time>2020-01-17T03:04:30.17Z</time>
		</trkpt>
		<trkpt lat="34.895852" lon="128.704244">
			<ele>0.00</ele>
			<time>2020-01-17T03:04:30.50Z</time>
		</trkpt>
		<trkpt lat="34.895815" lon="128.704278">
			<ele>0.00</ele>
			<time>2020-01-17T03:04:30.81Z</time>
		</trkpt>
		<trkpt lat="34.895772" lon="128.704315">
			<ele>0.00</ele>
			<time>2020-01-17T03:04:31.16Z</time>
		</trkpt>
		<trkpt lat="34.895727" lon="128.704349">
			<ele>0.00</ele>
			<time>2020-01-17T03:04:31.51Z</time>
		</trkpt>
		<trkpt lat="34.895680" lon="128.704360">
			<ele>0.00</ele>
			<time>2020-01-17T03:04:31.83Z</time>
		</trkpt>
		<trkpt lat="34.895637" lon="128.704363">
			<ele>0.00</ele>
			<time>2020-01-17T03:04:32.12Z</time>
		</trkpt>
		<trkpt lat="34.895597" lon="128.704360">
			<ele>0.00</ele>
			<time>2020-01-17T03:04:32.39Z</time>
		</trkpt>
		<trkpt lat="34.895565" lon="128.704365">
			<ele>0.00</ele>
			<time>2020-01-17T03:04:32.60Z</time>
		</trkpt>
		<trkpt lat="34.895523" lon="128.704404">
			<ele>0.00</ele>
			<time>2020-01-17T03:04:32.95Z</time>
		</trkpt>
		<trkpt lat="34.895490" lon="128.704487">
			<ele>0.00</ele>
			<time>2020-01-17T03:04:33.46Z</time>
		</trkpt>
		<trkpt lat="34.895463" lon="128.704530">
			<ele>0.00</ele>
			<time>2020-01-17T03:04:33.75Z</time>
		</trkpt>
		<trkpt lat="34.895436" lon="128.704564">
			<ele>0.00</ele>
			<time>2020-01-17T03:04:34.01Z</time>
		</trkpt>
		<trkpt lat="34.895390" lon="128.704561">
			<ele>0.00</ele>
			<time>2020-01-17T03:04:34.32Z</time>
		</trkpt>
		<trkpt lat="34.895354" lon="128.704537">
			<ele>0.00</ele>
			<time>2020-01-17T03:04:34.59Z</time>
		</trkpt>
		<trkpt lat="34.895329" lon="128.704500">
			<ele>0.00</ele>
			<time>2020-01-17T03:04:34.85Z</time>
		</trkpt>
		<trkpt lat="34.895304" lon="128.704420">
			<ele>0.00</ele>
			<time>2020-01-17T03:04:35.32Z</time>
		</trkpt>
		<trkpt lat="34.895291" lon="128.704360">
			<ele>0.00</ele>
			<time>2020-01-17T03:04:35.66Z</time>
		</trkpt>
		<trkpt lat="34.895272" lon="128.704306">
			<ele>0.00</ele>
			<time>2020-01-17T03:04:35.98Z</time>
		</trkpt>
		<trkpt lat="34.895243" lon="128.704255">
			<ele>0.00</ele>
			<time>2020-01-17T03:04:36.32Z</time>
		</trkpt>
		<trkpt lat="34.895209" lon="128.704223">
			<ele>0.00</ele>
			<time>2020-01-17T03:04:36.61Z</time>
		</trkpt>
		<trkpt lat="34.895171" lon="128.704184">
			<ele>0.00</ele>
			<time>2020-01-17T03:04:36.94Z</time>
		</trkpt>
		<trkpt lat="34.895128" lon="128.704139">
			<ele>0.00</ele>
			<time>2020-01-17T03:04:37.32Z</time>
		</trkpt>
		<trkpt lat="34.895127" lon="128.704139">
			<ele>0.00</ele>
			<time>2020-01-17T03:04:37.38Z</time>
		</trkpt>
		<trkpt lat="34.895086" lon="128.704124">
			<ele>0.00</ele>
			<time>2020-01-17T03:04:37.66Z</time>
		</trkpt>
		<trkpt lat="34.895044" lon="128.704110">
			<ele>0.00</ele>
			<time>2020-01-17T03:04:37.95Z</time>
		</trkpt>
		<trkpt lat="34.894991" lon="128.704104">
			<ele>0.00</ele>
			<time>2020-01-17T03:04:38.31Z</time>
		</trkpt>
		<trkpt lat="34.894990" lon="128.704103">
			<ele>0.00</ele>
			<time>2020-01-17T03:04:38.37Z</time>
		</trkpt>
		<trkpt lat="34.894959" lon="128.704087">
			<ele>0.00</ele>
			<time>2020-01-17T03:04:38.59Z</time>
		</trkpt>
		<trkpt lat="34.894932" lon="128.704045">
			<ele>0.00</ele>
			<time>2020-01-17T03:04:38.88Z</time>
		</trkpt>
		<trkpt lat="34.894905" lon="128.703990">
			<ele>0.00</ele>
			<time>2020-01-17T03:04:39.23Z</time>
		</trkpt>
		<trkpt lat="34.894868" lon="128.703941">
			<ele>0.00</ele>
			<time>2020-01-17T03:04:39.59Z</time>
		</trkpt>
		<trkpt lat="34.894840" lon="128.703891">
			<ele>0.00</ele>
			<time>2020-01-17T03:04:39.93Z</time>
		</trkpt>
		<trkpt lat="34.894789" lon="128.703844">
			<ele>0.00</ele>
			<time>2020-01-17T03:04:40.35Z</time>
		</trkpt>
		<trkpt lat="34.894744" lon="128.703805">
			<ele>0.00</ele>
			<time>2020-01-17T03:04:40.72Z</time>
		</trkpt>
		<trkpt lat="34.894715" lon="128.703775">
			<ele>0.00</ele>
			<time>2020-01-17T03:04:40.98Z</time>
		</trkpt>
		<trkpt lat="34.894673" lon="128.703737">
			<ele>0.00</ele>
			<time>2020-01-17T03:04:41.32Z</time>
		</trkpt>
		<trkpt lat="34.894622" lon="128.703705">
			<ele>0.00</ele>
			<time>2020-01-17T03:04:41.70Z</time>
		</trkpt>
		<trkpt lat="34.894569" lon="128.703682">
			<ele>0.00</ele>
			<time>2020-01-17T03:04:42.08Z</time>
		</trkpt>
		<trkpt lat="34.894568" lon="128.703682">
			<ele>0.00</ele>
			<time>2020-01-17T03:04:42.14Z</time>
		</trkpt>
		<trkpt lat="34.894513" lon="128.703666">
			<ele>0.00</ele>
			<time>2020-01-17T03:04:42.52Z</time>
		</trkpt>
		<trkpt lat="34.894457" lon="128.703657">
			<ele>0.00</ele>
			<time>2020-01-17T03:04:42.89Z</time>
		</trkpt>
		<trkpt lat="34.894408" lon="128.703651">
			<ele>0.00</ele>
			<time>2020-01-17T03:04:43.22Z</time>
		</trkpt>
		<trkpt lat="34.894358" lon="128.703661">
			<ele>0.00</ele>
			<time>2020-01-17T03:04:43.56Z</time>
		</trkpt>
		<trkpt lat="34.894299" lon="128.703676">
			<ele>0.00</ele>
			<time>2020-01-17T03:04:43.96Z</time>
		</trkpt>
		<trkpt lat="34.894253" lon="128.703705">
			<ele>0.00</ele>
			<time>2020-01-17T03:04:44.30Z</time>
		</trkpt>
		<trkpt lat="34.894222" lon="128.703727">
			<ele>0.00</ele>
			<time>2020-01-17T03:04:44.54Z</time>
		</trkpt>
		<trkpt lat="34.894183" lon="128.703763">
			<ele>0.00</ele>
			<time>2020-01-17T03:04:44.87Z</time>
		</trkpt>
		<trkpt lat="34.894145" lon="128.703789">
			<ele>0.00</ele>
			<time>2020-01-17T03:04:45.16Z</time>
		</trkpt>
		<trkpt lat="34.894099" lon="128.703800">
			<ele>0.00</ele>
			<time>2020-01-17T03:04:45.47Z</time>
		</trkpt>
		<trkpt lat="34.894051" lon="128.703799">
			<ele>0.00</ele>
			<time>2020-01-17T03:04:45.79Z</time>
		</trkpt>
		<trkpt lat="34.894001" lon="128.703786">
			<ele>0.00</ele>
			<time>2020-01-17T03:04:46.13Z</time>
		</trkpt>
		<trkpt lat="34.893960" lon="128.703791">
			<ele>0.00</ele>
			<time>2020-01-17T03:04:46.41Z</time>
		</trkpt>
		<trkpt lat="34.893925" lon="128.703825">
			<ele>0.00</ele>
			<time>2020-01-17T03:04:46.71Z</time>
		</trkpt>
		<trkpt lat="34.893890" lon="128.703825">
			<ele>0.00</ele>
			<time>2020-01-17T03:04:46.94Z</time>
		</trkpt>
		<trkpt lat="34.893847" lon="128.703808">
			<ele>0.00</ele>
			<time>2020-01-17T03:04:47.24Z</time>
		</trkpt>
		<trkpt lat="34.893801" lon="128.703785">
			<ele>0.00</ele>
			<time>2020-01-17T03:04:47.57Z</time>
		</trkpt>
		<trkpt lat="34.893758" lon="128.703746">
			<ele>0.00</ele>
			<time>2020-01-17T03:04:47.93Z</time>
		</trkpt>
		<trkpt lat="34.893723" lon="128.703718">
			<ele>0.00</ele>
			<time>2020-01-17T03:04:48.21Z</time>
		</trkpt>
		<trkpt lat="34.893678" lon="128.703676">
			<ele>0.00</ele>
			<time>2020-01-17T03:04:48.59Z</time>
		</trkpt>
		<trkpt lat="34.893632" lon="128.703638">
			<ele>0.00</ele>
			<time>2020-01-17T03:04:48.95Z</time>
		</trkpt>
		<trkpt lat="34.893580" lon="128.703605">
			<ele>0.00</ele>
			<time>2020-01-17T03:04:49.35Z</time>
		</trkpt>
		<trkpt lat="34.893522" lon="128.703566">
			<ele>0.00</ele>
			<time>2020-01-17T03:04:49.79Z</time>
		</trkpt>
		<trkpt lat="34.893475" lon="128.703551">
			<ele>0.00</ele>
			<time>2020-01-17T03:04:50.11Z</time>
		</trkpt>
		<trkpt lat="34.893425" lon="128.703535">
			<ele>0.00</ele>
			<time>2020-01-17T03:04:50.46Z</time>
		</trkpt>
		<trkpt lat="34.893370" lon="128.703526">
			<ele>0.00</ele>
			<time>2020-01-17T03:04:50.83Z</time>
		</trkpt>
		<trkpt lat="34.893321" lon="128.703505">
			<ele>0.00</ele>
			<time>2020-01-17T03:04:51.17Z</time>
		</trkpt>
		<trkpt lat="34.893276" lon="128.703495">
			<ele>0.00</ele>
			<time>2020-01-17T03:04:51.48Z</time>
		</trkpt>
		<trkpt lat="34.893223" lon="128.703477">
			<ele>0.00</ele>
			<time>2020-01-17T03:04:51.85Z</time>
		</trkpt>
		<trkpt lat="34.893218" lon="128.703477">
			<ele>0.00</ele>
			<time>2020-01-17T03:04:51.91Z</time>
		</trkpt>
		<trkpt lat="34.893159" lon="128.703458">
			<ele>0.00</ele>
			<time>2020-01-17T03:04:52.31Z</time>
		</trkpt>
		<trkpt lat="34.893107" lon="128.703447">
			<ele>0.00</ele>
			<time>2020-01-17T03:04:52.67Z</time>
		</trkpt>
		<trkpt lat="34.893052" lon="128.703434">
			<ele>0.00</ele>
			<time>2020-01-17T03:04:53.04Z</time>
		</trkpt>
		<trkpt lat="34.892990" lon="128.703409">
			<ele>0.00</ele>
			<time>2020-01-17T03:04:53.48Z</time>
		</trkpt>
		<trkpt lat="34.892932" lon="128.703399">
			<ele>0.00</ele>
			<time>2020-01-17T03:04:53.86Z</time>
		</trkpt>
		<trkpt lat="34.892873" lon="128.703399">
			<ele>0.00</ele>
			<time>2020-01-17T03:04:54.26Z</time>
		</trkpt>
		<trkpt lat="34.892826" lon="128.703402">
			<ele>0.00</ele>
			<time>2020-01-17T03:04:54.57Z</time>
		</trkpt>
		<trkpt lat="34.892789" lon="128.703448">
			<ele>0.00</ele>
			<time>2020-01-17T03:04:54.92Z</time>
		</trkpt>
		<trkpt lat="34.892743" lon="128.703497">
			<ele>0.00</ele>
			<time>2020-01-17T03:04:55.33Z</time>
		</trkpt>
		<trkpt lat="34.892711" lon="128.703531">
			<ele>0.00</ele>
			<time>2020-01-17T03:04:55.62Z</time>
		</trkpt>
		<trkpt lat="34.892663" lon="128.703580">
			<ele>0.00</ele>
			<time>2020-01-17T03:04:56.03Z</time>
		</trkpt>
		<trkpt lat="34.892629" lon="128.703613">
			<ele>0.00</ele>
			<time>2020-01-17T03:04:56.32Z</time>
		</trkpt>
		<trkpt lat="34.892576" lon="128.703654">
			<ele>0.00</ele>
			<time>2020-01-17T03:04:56.74Z</time>
		</trkpt>
		<trkpt lat="34.892516" lon="128.703690">
			<ele>0.00</ele>
			<time>2020-01-17T03:04:57.19Z</time>
		</trkpt>
		<trkpt lat="34.892478" lon="128.703734">
			<ele>0.00</ele>
			<time>2020-01-17T03:04:57.53Z</time>
		</trkpt>
		<trkpt lat="34.892438" lon="128.703784">
			<ele>0.00</ele>
			<time>2020-01-17T03:04:57.92Z</time>
		</trkpt>
		<trkpt lat="34.892403" lon="128.703808">
			<ele>0.00</ele>
			<time>2020-01-17T03:04:58.18Z</time>
		</trkpt>
		<trkpt lat="34.892351" lon="128.703837">
			<ele>0.00</ele>
			<time>2020-01-17T03:04:58.56Z</time>
		</trkpt>
		<trkpt lat="34.892306" lon="128.703892">
			<ele>0.00</ele>
			<time>2020-01-17T03:04:58.99Z</time>
		</trkpt>
		<trkpt lat="34.892273" lon="128.703948">
			<ele>0.00</ele>
			<time>2020-01-17T03:04:59.37Z</time>
		</trkpt>
		<trkpt lat="34.892239" lon="128.703991">
			<ele>0.00</ele>
			<time>2020-01-17T03:04:59.70Z</time>
		</trkpt>
		<trkpt lat="34.892201" lon="128.704021">
			<ele>0.00</ele>
			<time>2020-01-17T03:04:59.99Z</time>
		</trkpt>
		<trkpt lat="34.892156" lon="128.704029">
			<ele>0.00</ele>
			<time>2020-01-17T03:05:00.30Z</time>
		</trkpt>
		<trkpt lat="34.892100" lon="128.704036">
			<ele>0.00</ele>
			<time>2020-01-17T03:05:00.67Z</time>
		</trkpt>
		<trkpt lat="34.892055" lon="128.704065">
			<ele>0.00</ele>
			<time>2020-01-17T03:05:01.01Z</time>
		</trkpt>
		<trkpt lat="34.892022" lon="128.704095">
			<ele>0.00</ele>
			<time>2020-01-17T03:05:01.29Z</time>
		</trkpt>
		<trkpt lat="34.891977" lon="128.704110">
			<ele>0.00</ele>
			<time>2020-01-17T03:05:01.60Z</time>
		</trkpt>
		<trkpt lat="34.891906" lon="128.704132">
			<ele>0.00</ele>
			<time>2020-01-17T03:05:02.09Z</time>
		</trkpt>
		<trkpt lat="34.891856" lon="128.704141">
			<ele>0.00</ele>
			<time>2020-01-17T03:05:02.43Z</time>
		</trkpt>
		<trkpt lat="34.891805" lon="128.704180">
			<ele>0.00</ele>
			<time>2020-01-17T03:05:02.82Z</time>
		</trkpt>
		<trkpt lat="34.891741" lon="128.704222">
			<ele>0.00</ele>
			<time>2020-01-17T03:05:03.31Z</time>
		</trkpt>
		<trkpt lat="34.891695" lon="128.704279">
			<ele>0.00</ele>
			<time>2020-01-17T03:05:03.75Z</time>
		</trkpt>
		<trkpt lat="34.891661" lon="128.704328">
			<ele>0.00</ele>
			<time>2020-01-17T03:05:04.10Z</time>
		</trkpt>
		<trkpt lat="34.891620" lon="128.704394">
			<ele>0.00</ele>
			<time>2020-01-17T03:05:04.55Z</time>
		</trkpt>
		<trkpt lat="34.891566" lon="128.704447">
			<ele>0.00</ele>
			<time>2020-01-17T03:05:05.01Z</time>
		</trkpt>
		<trkpt lat="34.891521" lon="128.704456">
			<ele>0.00</ele>
			<time>2020-01-17T03:05:05.31Z</time>
		</trkpt>
		<trkpt lat="34.891465" lon="128.704474">
			<ele>0.00</ele>
			<time>2020-01-17T03:05:05.70Z</time>
		</trkpt>
		<trkpt lat="34.891455" lon="128.704532">
			<ele>0.00</ele>
			<time>2020-01-17T03:05:06.02Z</time>
		</trkpt>
		<trkpt lat="34.891447" lon="128.704575">
			<ele>0.00</ele>
			<time>2020-01-17T03:05:06.27Z</time>
		</trkpt>
		<trkpt lat="34.891427" lon="128.704611">
			<ele>0.00</ele>
			<time>2020-01-17T03:05:06.50Z</time>
		</trkpt>
		<trkpt lat="34.891399" lon="128.704612">
			<ele>0.00</ele>
			<time>2020-01-17T03:05:06.69Z</time>
		</trkpt>
		<trkpt lat="34.891367" lon="128.704572">
			<ele>0.00</ele>
			<time>2020-01-17T03:05:07Z</time>
		</trkpt>
		<trkpt lat="34.891333" lon="128.704514">
			<ele>0.00</ele>
			<time>2020-01-17T03:05:07.38Z</time>
		</trkpt>
		<trkpt lat="34.891315" lon="128.704417">
			<ele>0.00</ele>
			<time>2020-01-17T03:05:07.93Z</time>
		</trkpt>
		<trkpt lat="34.891299" lon="128.704352">
			<ele>0.00</ele>
			<time>2020-01-17T03:05:08.30Z</time>
		</trkpt>
		<trkpt lat="34.891286" lon="128.704252">
			<ele>0.00</ele>
			<time>2020-01-17T03:05:08.86Z</time>
		</trkpt>
		<trkpt lat="34.891320" lon="128.704184">
			<ele>0.00</ele>
			<time>2020-01-17T03:05:09.29Z</time>
		</trkpt>
		<trkpt lat="34.891362" lon="128.704108">
			<ele>0.00</ele>
			<time>2020-01-17T03:05:09.79Z</time>
		</trkpt>
		<trkpt lat="34.891380" lon="128.704040">
			<ele>0.00</ele>
			<time>2020-01-17T03:05:10.18Z</time>
		</trkpt>
		<trkpt lat="34.891420" lon="128.703974">
			<ele>0.00</ele>
			<time>2020-01-17T03:05:10.63Z</time>
		</trkpt>
		<trkpt lat="34.891458" lon="128.703914">
			<ele>0.00</ele>
			<time>2020-01-17T03:05:11.05Z</time>
		</trkpt>
		<trkpt lat="34.891501" lon="128.703854">
			<ele>0.00</ele>
			<time>2020-01-17T03:05:11.48Z</time>
		</trkpt>
		<trkpt lat="34.891551" lon="128.703826">
			<ele>0.00</ele>
			<time>2020-01-17T03:05:11.85Z</time>
		</trkpt>
		<trkpt lat="34.891574" lon="128.703796">
			<ele>0.00</ele>
			<time>2020-01-17T03:05:12.08Z</time>
		</trkpt>
		<trkpt lat="34.891613" lon="128.703786">
			<ele>0.00</ele>
			<time>2020-01-17T03:05:12.34Z</time>
		</trkpt>
		<trkpt lat="34.891663" lon="128.703777">
			<ele>0.00</ele>
			<time>2020-01-17T03:05:12.67Z</time>
		</trkpt>
		<trkpt lat="34.891692" lon="128.703751">
			<ele>0.00</ele>
			<time>2020-01-17T03:05:12.92Z</time>
		</trkpt>
		<trkpt lat="34.891736" lon="128.703702">
			<ele>0.00</ele>
			<time>2020-01-17T03:05:13.31Z</time>
		</trkpt>
		<trkpt lat="34.891758" lon="128.703627">
			<ele>0.00</ele>
			<time>2020-01-17T03:05:13.75Z</time>
		</trkpt>
		<trkpt lat="34.891767" lon="128.703531">
			<ele>0.00</ele>
			<time>2020-01-17T03:05:14.28Z</time>
		</trkpt>
		<trkpt lat="34.891777" lon="128.703450">
			<ele>0.00</ele>
			<time>2020-01-17T03:05:14.72Z</time>
		</trkpt>
		<trkpt lat="34.891796" lon="128.703380">
			<ele>0.00</ele>
			<time>2020-01-17T03:05:15.13Z</time>
		</trkpt>
		<trkpt lat="34.891822" lon="128.703297">
			<ele>0.00</ele>
			<time>2020-01-17T03:05:15.61Z</time>
		</trkpt>
		<trkpt lat="34.891837" lon="128.703230">
			<ele>0.00</ele>
			<time>2020-01-17T03:05:15.99Z</time>
		</trkpt>
		<trkpt lat="34.891842" lon="128.703136">
			<ele>0.00</ele>
			<time>2020-01-17T03:05:16.51Z</time>
		</trkpt>
		<trkpt lat="34.891857" lon="128.703066">
			<ele>0.00</ele>
			<time>2020-01-17T03:05:16.91Z</time>
		</trkpt>
		<trkpt lat="34.891885" lon="128.702996">
			<ele>0.00</ele>
			<time>2020-01-17T03:05:17.33Z</time>
		</trkpt>
		<trkpt lat="34.891923" lon="128.702946">
			<ele>0.00</ele>
			<time>2020-01-17T03:05:17.71Z</time>
		</trkpt>
		<trkpt lat="34.891937" lon="128.702900">
			<ele>0.00</ele>
			<time>2020-01-17T03:05:17.97Z</time>
		</trkpt>
		<trkpt lat="34.891948" lon="128.702841">
			<ele>0.00</ele>
			<time>2020-01-17T03:05:18.31Z</time>
		</trkpt>
		<trkpt lat="34.891949" lon="128.702789">
			<ele>0.00</ele>
			<time>2020-01-17T03:05:18.59Z</time>
		</trkpt>
		<trkpt lat="34.891967" lon="128.702747">
			<ele>0.00</ele>
			<time>2020-01-17T03:05:18.85Z</time>
		</trkpt>
		<trkpt lat="34.891995" lon="128.702682">
			<ele>0.00</ele>
			<time>2020-01-17T03:05:19.25Z</time>
		</trkpt>
		<trkpt lat="34.892029" lon="128.702640">
			<ele>0.00</ele>
			<time>2020-01-17T03:05:19.57Z</time>
		</trkpt>
		<trkpt lat="34.892027" lon="128.702591">
			<ele>0.00</ele>
			<time>2020-01-17T03:05:19.84Z</time>
		</trkpt>
		<trkpt lat="34.892005" lon="128.702538">
			<ele>0.00</ele>
			<time>2020-01-17T03:05:20.17Z</time>
		</trkpt>
		<trkpt lat="34.891975" lon="128.702476">
			<ele>0.00</ele>
			<time>2020-01-17T03:05:20.56Z</time>
		</trkpt>
		<trkpt lat="34.891937" lon="128.702408">
			<ele>0.00</ele>
			<time>2020-01-17T03:05:21.01Z</time>
		</trkpt>
		<trkpt lat="34.891900" lon="128.702338">
			<ele>0.00</ele>
			<time>2020-01-17T03:05:21.47Z</time>
		</trkpt>
		<trkpt lat="34.891855" lon="128.702274">
			<ele>0.00</ele>
			<time>2020-01-17T03:05:21.92Z</time>
		</trkpt>
		<trkpt lat="34.891816" lon="128.702211">
			<ele>0.00</ele>
			<time>2020-01-17T03:05:22.36Z</time>
		</trkpt>
		<trkpt lat="34.891761" lon="128.702148">
			<ele>0.00</ele>
			<time>2020-01-17T03:05:22.86Z</time>
		</trkpt>
		<trkpt lat="34.891720" lon="128.702080">
			<ele>0.00</ele>
			<time>2020-01-17T03:05:23.32Z</time>
		</trkpt>
		<trkpt lat="34.891665" lon="128.702064">
			<ele>0.00</ele>
			<time>2020-01-17T03:05:23.70Z</time>
		</trkpt>
		<trkpt lat="34.891602" lon="128.702016">
			<ele>0.00</ele>
			<time>2020-01-17T03:05:24.19Z</time>
		</trkpt>
		<trkpt lat="34.891555" lon="128.701966">
			<ele>0.00</ele>
			<time>2020-01-17T03:05:24.61Z</time>
		</trkpt>
		<trkpt lat="34.891492" lon="128.701915">
			<ele>0.00</ele>
			<time>2020-01-17T03:05:25.11Z</time>
		</trkpt>
		<trkpt lat="34.891444" lon="128.701880">
			<ele>0.00</ele>
			<time>2020-01-17T03:05:25.49Z</time>
		</trkpt>
		<trkpt lat="34.891396" lon="128.701843">
			<ele>0.00</ele>
			<time>2020-01-17T03:05:25.86Z</time>
		</trkpt>
		<trkpt lat="34.891341" lon="128.701805">
			<ele>0.00</ele>
			<time>2020-01-17T03:05:26.29Z</time>
		</trkpt>
		<trkpt lat="34.891293" lon="128.701771">
			<ele>0.00</ele>
			<time>2020-01-17T03:05:26.66Z</time>
		</trkpt>
		<trkpt lat="34.891238" lon="128.701763">
			<ele>0.00</ele>
			<time>2020-01-17T03:05:27.03Z</time>
		</trkpt>
		<trkpt lat="34.891177" lon="128.701780">
			<ele>0.00</ele>
			<time>2020-01-17T03:05:27.44Z</time>
		</trkpt>
		<trkpt lat="34.891126" lon="128.701778">
			<ele>0.00</ele>
			<time>2020-01-17T03:05:27.78Z</time>
		</trkpt>
		<trkpt lat="34.891070" lon="128.701760">
			<ele>0.00</ele>
			<time>2020-01-17T03:05:28.17Z</time>
		</trkpt>
		<trkpt lat="34.891020" lon="128.701715">
			<ele>0.00</ele>
			<time>2020-01-17T03:05:28.58Z</time>
		</trkpt>
		<trkpt lat="34.890989" lon="128.701663">
			<ele>0.00</ele>
			<time>2020-01-17T03:05:28.94Z</time>
		</trkpt>
		<trkpt lat="34.890956" lon="128.701593">
			<ele>0.00</ele>
			<time>2020-01-17T03:05:29.37Z</time>
		</trkpt>
		<trkpt lat="34.890921" lon="128.701504">
			<ele>0.00</ele>
			<time>2020-01-17T03:05:29.92Z</time>
		</trkpt>
		<trkpt lat="34.890892" lon="128.701420">
			<ele>0.00</ele>
			<time>2020-01-17T03:05:30.41Z</time>
		</trkpt>
		<trkpt lat="34.890862" lon="128.701346">
			<ele>0.00</ele>
			<time>2020-01-17T03:05:30.87Z</time>
		</trkpt>
		<trkpt lat="34.890834" lon="128.701289">
			<ele>0.00</ele>
			<time>2020-01-17T03:05:31.23Z</time>
		</trkpt>
		<trkpt lat="34.890813" lon="128.701235">
			<ele>0.00</ele>
			<time>2020-01-17T03:05:31.56Z</time>
		</trkpt>
		<trkpt lat="34.890795" lon="128.701197">
			<ele>0.00</ele>
			<time>2020-01-17T03:05:31.80Z</time>
		</trkpt>
		<trkpt lat="34.890770" lon="128.701132">
			<ele>0.00</ele>
			<time>2020-01-17T03:05:32.19Z</time>
		</trkpt>
		<trkpt lat="34.890727" lon="128.701111">
			<ele>0.00</ele>
			<time>2020-01-17T03:05:32.50Z</time>
		</trkpt>
		<trkpt lat="34.890662" lon="128.701087">
			<ele>0.00</ele>
			<time>2020-01-17T03:05:32.95Z</time>
		</trkpt>
		<trkpt lat="34.890609" lon="128.701070">
			<ele>0.00</ele>
			<time>2020-01-17T03:05:33.32Z</time>
		</trkpt>
		<trkpt lat="34.890555" lon="128.701056">
			<ele>0.00</ele>
			<time>2020-01-17T03:05:33.69Z</time>
		</trkpt>
		<trkpt lat="34.890484" lon="128.701050">
			<ele>0.00</ele>
			<time>2020-01-17T03:05:34.16Z</time>
		</trkpt>
		<trkpt lat="34.890429" lon="128.701059">
			<ele>0.00</ele>
			<time>2020-01-17T03:05:34.53Z</time>
		</trkpt>
		<trkpt lat="34.890382" lon="128.701070">
			<ele>0.00</ele>
			<time>2020-01-17T03:05:34.85Z</time>
		</trkpt>
		<trkpt lat="34.890337" lon="128.701084">
			<ele>0.00</ele>
			<time>2020-01-17T03:05:35.16Z</time>
		</trkpt>
		<trkpt lat="34.890291" lon="128.701083">
			<ele>0.00</ele>
			<time>2020-01-17T03:05:35.47Z</time>
		</trkpt>
		<trkpt lat="34.890253" lon="128.701063">
			<ele>0.00</ele>
			<time>2020-01-17T03:05:35.74Z</time>
		</trkpt>
		<trkpt lat="34.890224" lon="128.701019">
			<ele>0.00</ele>
			<time>2020-01-17T03:05:36.05Z</time>
		</trkpt>
		<trkpt lat="34.890217" lon="128.700951">
			<ele>0.00</ele>
			<time>2020-01-17T03:05:36.43Z</time>
		</trkpt>
		<trkpt lat="34.890206" lon="128.700872">
			<ele>0.00</ele>
			<time>2020-01-17T03:05:36.87Z</time>
		</trkpt>
		<trkpt lat="34.890204" lon="128.700779">
			<ele>0.00</ele>
			<time>2020-01-17T03:05:37.37Z</time>
		</trkpt>
		<trkpt lat="34.890206" lon="128.700701">
			<ele>0.00</ele>
			<time>2020-01-17T03:05:37.80Z</time>
		</trkpt>
		<trkpt lat="34.890212" lon="128.700631">
			<ele>0.00</ele>
			<time>2020-01-17T03:05:38.18Z</time>
		</trkpt>
		<trkpt lat="34.890215" lon="128.700582">
			<ele>0.00</ele>
			<time>2020-01-17T03:05:38.45Z</time>
		</trkpt>
		<trkpt lat="34.890219" lon="128.700548">
			<ele>0.00</ele>
			<time>2020-01-17T03:05:38.65Z</time>
		</trkpt>
		<trkpt lat="34.890220" lon="128.700500">
			<ele>0.00</ele>
			<time>2020-01-17T03:05:38.90Z</time>
		</trkpt>
		<trkpt lat="34.890193" lon="128.700442">
			<ele>0.00</ele>
			<time>2020-01-17T03:05:39.27Z</time>
		</trkpt>
		<trkpt lat="34.890168" lon="128.700386">
			<ele>0.00</ele>
			<time>2020-01-17T03:05:39.62Z</time>
		</trkpt>
		<trkpt lat="34.890134" lon="128.700351">
			<ele>0.00</ele>
			<time>2020-01-17T03:05:39.92Z</time>
		</trkpt>
		<trkpt lat="34.890076" lon="128.700335">
			<ele>0.00</ele>
			<time>2020-01-17T03:05:40.31Z</time>
		</trkpt>
		<trkpt lat="34.889999" lon="128.700314">
			<ele>0.00</ele>
			<time>2020-01-17T03:05:40.84Z</time>
		</trkpt>
		<trkpt lat="34.889923" lon="128.700291">
			<ele>0.00</ele>
			<time>2020-01-17T03:05:41.36Z</time>
		</trkpt>
		<trkpt lat="34.889872" lon="128.700296">
			<ele>0.00</ele>
			<time>2020-01-17T03:05:41.70Z</time>
		</trkpt>
		<trkpt lat="34.889839" lon="128.700306">
			<ele>0.00</ele>
			<time>2020-01-17T03:05:41.93Z</time>
		</trkpt>
		<trkpt lat="34.889793" lon="128.700297">
			<ele>0.00</ele>
			<time>2020-01-17T03:05:42.24Z</time>
		</trkpt>
		<trkpt lat="34.889759" lon="128.700255">
			<ele>0.00</ele>
			<time>2020-01-17T03:05:42.56Z</time>
		</trkpt>
		<trkpt lat="34.889727" lon="128.700186">
			<ele>0.00</ele>
			<time>2020-01-17T03:05:43Z</time>
		</trkpt>
		<trkpt lat="34.889706" lon="128.700133">
			<ele>0.00</ele>
			<time>2020-01-17T03:05:43.32Z</time>
		</trkpt>
		<trkpt lat="34.889708" lon="128.700099">
			<ele>0.00</ele>
			<time>2020-01-17T03:05:43.50Z</time>
		</trkpt>
		<trkpt lat="34.889746" lon="128.700065">
			<ele>0.00</ele>
			<time>2020-01-17T03:05:43.82Z</time>
		</trkpt>
		<trkpt lat="34.889785" lon="128.700027">
			<ele>0.00</ele>
			<time>2020-01-17T03:05:44.15Z</time>
		</trkpt>
		<trkpt lat="34.889827" lon="128.699969">
			<ele>0.00</ele>
			<time>2020-01-17T03:05:44.58Z</time>
		</trkpt>
		<trkpt lat="34.889864" lon="128.699925">
			<ele>0.00</ele>
			<time>2020-01-17T03:05:44.92Z</time>
		</trkpt>
		<trkpt lat="34.889869" lon="128.699872">
			<ele>0.00</ele>
			<time>2020-01-17T03:05:45.22Z</time>
		</trkpt>
		<trkpt lat="34.889891" lon="128.699786">
			<ele>0.00</ele>
			<time>2020-01-17T03:05:45.70Z</time>
		</trkpt>
		<trkpt lat="34.889903" lon="128.699712">
			<ele>0.00</ele>
			<time>2020-01-17T03:05:46.12Z</time>
		</trkpt>
		<trkpt lat="34.889935" lon="128.699653">
			<ele>0.00</ele>
			<time>2020-01-17T03:05:46.51Z</time>
		</trkpt>
		<trkpt lat="34.889964" lon="128.699627">
			<ele>0.00</ele>
			<time>2020-01-17T03:05:46.75Z</time>
		</trkpt>
		<trkpt lat="34.890014" lon="128.699594">
			<ele>0.00</ele>
			<time>2020-01-17T03:05:47.13Z</time>
		</trkpt>
		<trkpt lat="34.890041" lon="128.699580">
			<ele>0.00</ele>
			<time>2020-01-17T03:05:47.32Z</time>
		</trkpt>
		<trkpt lat="34.890095" lon="128.699568">
			<ele>0.00</ele>
			<time>2020-01-17T03:05:47.69Z</time>
		</trkpt>
		<trkpt lat="34.890164" lon="128.699562">
			<ele>0.00</ele>
			<time>2020-01-17T03:05:48.15Z</time>
		</trkpt>
		<trkpt lat="34.890216" lon="128.699544">
			<ele>0.00</ele>
			<time>2020-01-17T03:05:48.51Z</time>
		</trkpt>
		<trkpt lat="34.890270" lon="128.699526">
			<ele>0.00</ele>
			<time>2020-01-17T03:05:48.88Z</time>
		</trkpt>
		<trkpt lat="34.890341" lon="128.699517">
			<ele>0.00</ele>
			<time>2020-01-17T03:05:49.35Z</time>
		</trkpt>
		<trkpt lat="34.890402" lon="128.699519">
			<ele>0.00</ele>
			<time>2020-01-17T03:05:49.76Z</time>
		</trkpt>
		<trkpt lat="34.890456" lon="128.699516">
			<ele>0.00</ele>
			<time>2020-01-17T03:05:50.13Z</time>
		</trkpt>
		<trkpt lat="34.890503" lon="128.699506">
			<ele>0.00</ele>
			<time>2020-01-17T03:05:50.44Z</time>
		</trkpt>
		<trkpt lat="34.890537" lon="128.699481">
			<ele>0.00</ele>
			<time>2020-01-17T03:05:50.71Z</time>
		</trkpt>
		<trkpt lat="34.890574" lon="128.699430">
			<ele>0.00</ele>
			<time>2020-01-17T03:05:51.08Z</time>
		</trkpt>
		<trkpt lat="34.890596" lon="128.699385">
			<ele>0.00</ele>
			<time>2020-01-17T03:05:51.37Z</time>
		</trkpt>
		<trkpt lat="34.890597" lon="128.699337">
			<ele>0.00</ele>
			<time>2020-01-17T03:05:51.63Z</time>
		</trkpt>
		<trkpt lat="34.890598" lon="128.699256">
			<ele>0.00</ele>
			<time>2020-01-17T03:05:52.07Z</time>
		</trkpt>
		<trkpt lat="34.890618" lon="128.699222">
			<ele>0.00</ele>
			<time>2020-01-17T03:05:52.30Z</time>
		</trkpt>
		<trkpt lat="34.890674" lon="128.699201">
			<ele>0.00</ele>
			<time>2020-01-17T03:05:52.70Z</time>
		</trkpt>
		<trkpt lat="34.890780" lon="128.699210">
			<ele>0.00</ele>
			<time>2020-01-17T03:05:53.40Z</time>
		</trkpt>
		<trkpt lat="34.890861" lon="128.699221">
			<ele>0.00</ele>
			<time>2020-01-17T03:05:53.95Z</time>
		</trkpt>
		<trkpt lat="34.890949" lon="128.699227">
			<ele>0.00</ele>
			<time>2020-01-17T03:05:54.54Z</time>
		</trkpt>
		<trkpt lat="34.891031" lon="128.699232">
			<ele>0.00</ele>
			<time>2020-01-17T03:05:55.08Z</time>
		</trkpt>
		<trkpt lat="34.891113" lon="128.699235">
			<ele>0.00</ele>
			<time>2020-01-17T03:05:55.62Z</time>
		</trkpt>
		<trkpt lat="34.891175" lon="128.699244">
			<ele>0.00</ele>
			<time>2020-01-17T03:05:56.05Z</time>
		</trkpt>
		<trkpt lat="34.891232" lon="128.699246">
			<ele>0.00</ele>
			<time>2020-01-17T03:05:56.43Z</time>
		</trkpt>
		<trkpt lat="34.891267" lon="128.699236">
			<ele>0.00</ele>
			<time>2020-01-17T03:05:56.66Z</time>
		</trkpt>
		<trkpt lat="34.891282" lon="128.699165">
			<ele>0.00</ele>
			<time>2020-01-17T03:05:57.06Z</time>
		</trkpt>
		<trkpt lat="34.891290" lon="128.699076">
			<ele>0.00</ele>
			<time>2020-01-17T03:05:57.55Z</time>
		</trkpt>
		<trkpt lat="34.891297" lon="128.698985">
			<ele>0.00</ele>
			<time>2020-01-17T03:05:58.05Z</time>
		</trkpt>
		<trkpt lat="34.891300" lon="128.698894">
			<ele>0.00</ele>
			<time>2020-01-17T03:05:58.55Z</time>
		</trkpt>
		<trkpt lat="34.891307" lon="128.698803">
			<ele>0.00</ele>
			<time>2020-01-17T03:05:59.05Z</time>
		</trkpt>
		<trkpt lat="34.891317" lon="128.698702">
			<ele>0.00</ele>
			<time>2020-01-17T03:05:59.61Z</time>
		</trkpt>
		<trkpt lat="34.891329" lon="128.698606">
			<ele>0.00</ele>
			<time>2020-01-17T03:06:00.14Z</time>
		</trkpt>
		<trkpt lat="34.891327" lon="128.698520">
			<ele>0.00</ele>
			<time>2020-01-17T03:06:00.61Z</time>
		</trkpt>
		<trkpt lat="34.891332" lon="128.698424">
			<ele>0.00</ele>
			<time>2020-01-17T03:06:01.13Z</time>
		</trkpt>
		<trkpt lat="34.891338" lon="128.698351">
			<ele>0.00</ele>
			<time>2020-01-17T03:06:01.53Z</time>
		</trkpt>
		<trkpt lat="34.891341" lon="128.698252">
			<ele>0.00</ele>
			<time>2020-01-17T03:06:02.08Z</time>
		</trkpt>
		<trkpt lat="34.891344" lon="128.698144">
			<ele>0.00</ele>
			<time>2020-01-17T03:06:02.67Z</time>
		</trkpt>
		<trkpt lat="34.891349" lon="128.698063">
			<ele>0.00</ele>
			<time>2020-01-17T03:06:03.11Z</time>
		</trkpt>
		<trkpt lat="34.891351" lon="128.697970">
			<ele>0.00</ele>
			<time>2020-01-17T03:06:03.62Z</time>
		</trkpt>
		<trkpt lat="34.891354" lon="128.697889">
			<ele>0.00</ele>
			<time>2020-01-17T03:06:04.06Z</time>
		</trkpt>
		<trkpt lat="34.891357" lon="128.697794">
			<ele>0.00</ele>
			<time>2020-01-17T03:06:04.58Z</time>
		</trkpt>
		<trkpt lat="34.891359" lon="128.697687">
			<ele>0.00</ele>
			<time>2020-01-17T03:06:05.17Z</time>
		</trkpt>
		<trkpt lat="34.891362" lon="128.697575">
			<ele>0.00</ele>
			<time>2020-01-17T03:06:05.78Z</time>
		</trkpt>
		<trkpt lat="34.891365" lon="128.697480">
			<ele>0.00</ele>
			<time>2020-01-17T03:06:06.30Z</time>
		</trkpt>
		<trkpt lat="34.891366" lon="128.697374">
			<ele>0.00</ele>
			<time>2020-01-17T03:06:06.88Z</time>
		</trkpt>
		<trkpt lat="34.891369" lon="128.697285">
			<ele>0.00</ele>
			<time>2020-01-17T03:06:07.37Z</time>
		</trkpt>
		<trkpt lat="34.891369" lon="128.697171">
			<ele>0.00</ele>
			<time>2020-01-17T03:06:07.99Z</time>
		</trkpt>
		<trkpt lat="34.891378" lon="128.697072">
			<ele>0.00</ele>
			<time>2020-01-17T03:06:08.54Z</time>
		</trkpt>
		<trkpt lat="34.891380" lon="128.696971">
			<ele>0.00</ele>
			<time>2020-01-17T03:06:09.09Z</time>
		</trkpt>
		<trkpt lat="34.891383" lon="128.696899">
			<ele>0.00</ele>
			<time>2020-01-17T03:06:09.48Z</time>
		</trkpt>
		<trkpt lat="34.891384" lon="128.696795">
			<ele>0.00</ele>
			<time>2020-01-17T03:06:10.05Z</time>
		</trkpt>
		<trkpt lat="34.891380" lon="128.696707">
			<ele>0.00</ele>
			<time>2020-01-17T03:06:10.53Z</time>
		</trkpt>
		<trkpt lat="34.891380" lon="128.696638">
			<ele>0.00</ele>
			<time>2020-01-17T03:06:10.91Z</time>
		</trkpt>
		<trkpt lat="34.891353" lon="128.696617">
			<ele>0.00</ele>
			<time>2020-01-17T03:06:11.13Z</time>
		</trkpt>
		<trkpt lat="34.891290" lon="128.696597">
			<ele>0.00</ele>
			<time>2020-01-17T03:06:11.56Z</time>
		</trkpt>
		<trkpt lat="34.891206" lon="128.696567">
			<ele>0.00</ele>
			<time>2020-01-17T03:06:12.14Z</time>
		</trkpt>
		<trkpt lat="34.891143" lon="128.696547">
			<ele>0.00</ele>
			<time>2020-01-17T03:06:12.58Z</time>
		</trkpt>
		<trkpt lat="34.891059" lon="128.696522">
			<ele>0.00</ele>
			<time>2020-01-17T03:06:13.15Z</time>
		</trkpt>
		<trkpt lat="34.890982" lon="128.696504">
			<ele>0.00</ele>
			<time>2020-01-17T03:06:13.68Z</time>
		</trkpt>
		<trkpt lat="34.890918" lon="128.696477">
			<ele>0.00</ele>
			<time>2020-01-17T03:06:14.12Z</time>
		</trkpt>
		<trkpt lat="34.890853" lon="128.696452">
			<ele>0.00</ele>
			<time>2020-01-17T03:06:14.58Z</time>
		</trkpt>
		<trkpt lat="34.890784" lon="128.696430">
			<ele>0.00</ele>
			<time>2020-01-17T03:06:15.06Z</time>
		</trkpt>
		<trkpt lat="34.890698" lon="128.696410">
			<ele>0.00</ele>
			<time>2020-01-17T03:06:15.64Z</time>
		</trkpt>
		<trkpt lat="34.890611" lon="128.696391">
			<ele>0.00</ele>
			<time>2020-01-17T03:06:16.23Z</time>
		</trkpt>
		<trkpt lat="34.890542" lon="128.696373">
			<ele>0.00</ele>
			<time>2020-01-17T03:06:16.70Z</time>
		</trkpt>
		<trkpt lat="34.890533" lon="128.696435">
			<ele>0.00</ele>
			<time>2020-01-17T03:06:17.05Z</time>
		</trkpt>
		<trkpt lat="34.890518" lon="128.696479">
			<ele>0.00</ele>
			<time>2020-01-17T03:06:17.31Z</time>
		</trkpt>
		<trkpt lat="34.890503" lon="128.696527">
			<ele>0.00</ele>
			<time>2020-01-17T03:06:17.59Z</time>
		</trkpt>
		<trkpt lat="34.890456" lon="128.696505">
			<ele>0.00</ele>
			<time>2020-01-17T03:06:17.92Z</time>
		</trkpt>
		<trkpt lat="34.890393" lon="128.696466">
			<ele>0.00</ele>
			<time>2020-01-17T03:06:18.39Z</time>
		</trkpt>
		<trkpt lat="34.890350" lon="128.696432">
			<ele>0.00</ele>
			<time>2020-01-17T03:06:18.73Z</time>
		</trkpt>
		<trkpt lat="34.890293" lon="128.696375">
			<ele>0.00</ele>
			<time>2020-01-17T03:06:19.22Z</time>
		</trkpt>
		<trkpt lat="34.890223" lon="128.696334">
			<ele>0.00</ele>
			<time>2020-01-17T03:06:19.74Z</time>
		</trkpt>
		<trkpt lat="34.890129" lon="128.696300">
			<ele>0.00</ele>
			<time>2020-01-17T03:06:20.40Z</time>
		</trkpt>
		<trkpt lat="34.890123" lon="128.696300">
			<ele>0.00</ele>
			<time>2020-01-17T03:06:20.46Z</time>
		</trkpt>
		<trkpt lat="34.890047" lon="128.696285">
			<ele>0.00</ele>
			<time>2020-01-17T03:06:20.97Z</time>
		</trkpt>
		<trkpt lat="34.889964" lon="128.696282">
			<ele>0.00</ele>
			<time>2020-01-17T03:06:21.53Z</time>
		</trkpt>
		<trkpt lat="34.889848" lon="128.696284">
			<ele>0.00</ele>
			<time>2020-01-17T03:06:22.30Z</time>
		</trkpt>
		<trkpt lat="34.889792" lon="128.696267">
			<ele>0.00</ele>
			<time>2020-01-17T03:06:22.68Z</time>
		</trkpt>
		<trkpt lat="34.889727" lon="128.696235">
			<ele>0.00</ele>
			<time>2020-01-17T03:06:23.15Z</time>
		</trkpt>
		<trkpt lat="34.889669" lon="128.696191">
			<ele>0.00</ele>
			<time>2020-01-17T03:06:23.60Z</time>
		</trkpt>
		<trkpt lat="34.889613" lon="128.696130">
			<ele>0.00</ele>
			<time>2020-01-17T03:06:24.11Z</time>
		</trkpt>
		<trkpt lat="34.889550" lon="128.696069">
			<ele>0.00</ele>
			<time>2020-01-17T03:06:24.64Z</time>
		</trkpt>
		<trkpt lat="34.889497" lon="128.696010">
			<ele>0.00</ele>
			<time>2020-01-17T03:06:25.12Z</time>
		</trkpt>
		<trkpt lat="34.889448" lon="128.695920">
			<ele>0.00</ele>
			<time>2020-01-17T03:06:25.71Z</time>
		</trkpt>
		<trkpt lat="34.889441" lon="128.695826">
			<ele>0.00</ele>
			<time>2020-01-17T03:06:26.23Z</time>
		</trkpt>
		<trkpt lat="34.889443" lon="128.695713">
			<ele>0.00</ele>
			<time>2020-01-17T03:06:26.84Z</time>
		</trkpt>
		<trkpt lat="34.889447" lon="128.695560">
			<ele>0.00</ele>
			<time>2020-01-17T03:06:27.68Z</time>
		</trkpt>
		<trkpt lat="34.889465" lon="128.695457">
			<ele>0.00</ele>
			<time>2020-01-17T03:06:28.26Z</time>
		</trkpt>
		<trkpt lat="34.889471" lon="128.695343">
			<ele>0.00</ele>
			<time>2020-01-17T03:06:28.88Z</time>
		</trkpt>
		<trkpt lat="34.889440" lon="128.695247">
			<ele>0.00</ele>
			<time>2020-01-17T03:06:29.44Z</time>
		</trkpt>
		<trkpt lat="34.889385" lon="128.695204">
			<ele>0.00</ele>
			<time>2020-01-17T03:06:29.89Z</time>
		</trkpt>
		<trkpt lat="34.889318" lon="128.695174">
			<ele>0.00</ele>
			<time>2020-01-17T03:06:30.36Z</time>
		</trkpt>
		<trkpt lat="34.889232" lon="128.695151">
			<ele>0.00</ele>
			<time>2020-01-17T03:06:30.95Z</time>
		</trkpt>
		<trkpt lat="34.889131" lon="128.695130">
			<ele>0.00</ele>
			<time>2020-01-17T03:06:31.63Z</time>
		</trkpt>
		<trkpt lat="34.889025" lon="128.695093">
			<ele>0.00</ele>
			<time>2020-01-17T03:06:32.37Z</time>
		</trkpt>
		<trkpt lat="34.888941" lon="128.695077">
			<ele>0.00</ele>
			<time>2020-01-17T03:06:32.93Z</time>
		</trkpt>
		<trkpt lat="34.888831" lon="128.695060">
			<ele>0.00</ele>
			<time>2020-01-17T03:06:33.67Z</time>
		</trkpt>
		<trkpt lat="34.888746" lon="128.695031">
			<ele>0.00</ele>
			<time>2020-01-17T03:06:34.26Z</time>
		</trkpt>
		<trkpt lat="34.888652" lon="128.695023">
			<ele>0.00</ele>
			<time>2020-01-17T03:06:34.89Z</time>
		</trkpt>
		<trkpt lat="34.888553" lon="128.695005">
			<ele>0.00</ele>
			<time>2020-01-17T03:06:35.55Z</time>
		</trkpt>
		<trkpt lat="34.888426" lon="128.694980">
			<ele>0.00</ele>
			<time>2020-01-17T03:06:36.41Z</time>
		</trkpt>
		<trkpt lat="34.888277" lon="128.694964">
			<ele>0.00</ele>
			<time>2020-01-17T03:06:37.41Z</time>
		</trkpt>
		<trkpt lat="34.888137" lon="128.694956">
			<ele>0.00</ele>
			<time>2020-01-17T03:06:38.35Z</time>
		</trkpt>
		<trkpt lat="34.888012" lon="128.694958">
			<ele>0.00</ele>
			<time>2020-01-17T03:06:39.18Z</time>
		</trkpt>
		<trkpt lat="34.887918" lon="128.694958">
			<ele>0.00</ele>
			<time>2020-01-17T03:06:39.80Z</time>
		</trkpt>
		<trkpt lat="34.887821" lon="128.694951">
			<ele>0.00</ele>
			<time>2020-01-17T03:06:40.45Z</time>
		</trkpt>
		<trkpt lat="34.887699" lon="128.694951">
			<ele>0.00</ele>
			<time>2020-01-17T03:06:41.26Z</time>
		</trkpt>
		<trkpt lat="34.887559" lon="128.694959">
			<ele>0.00</ele>
			<time>2020-01-17T03:06:42.20Z</time>
		</trkpt>
		<trkpt lat="34.887404" lon="128.694956">
			<ele>0.00</ele>
			<time>2020-01-17T03:06:43.23Z</time>
		</trkpt>
		<trkpt lat="34.887297" lon="128.694962">
			<ele>0.00</ele>
			<time>2020-01-17T03:06:43.95Z</time>
		</trkpt>
		<trkpt lat="34.887168" lon="128.694975">
			<ele>0.00</ele>
			<time>2020-01-17T03:06:44.81Z</time>
		</trkpt>
		<trkpt lat="34.887047" lon="128.694984">
			<ele>0.00</ele>
			<time>2020-01-17T03:06:45.61Z</time>
		</trkpt>
		<trkpt lat="34.886904" lon="128.695013">
			<ele>0.00</ele>
			<time>2020-01-17T03:06:46.59Z</time>
		</trkpt>
		<trkpt lat="34.886797" lon="128.695055">
			<ele>0.00</ele>
			<time>2020-01-17T03:06:47.33Z</time>
		</trkpt>
		<trkpt lat="34.886684" lon="128.695113">
			<ele>0.00</ele>
			<time>2020-01-17T03:06:48.15Z</time>
		</trkpt>
		<trkpt lat="34.886585" lon="128.695180">
			<ele>0.00</ele>
			<time>2020-01-17T03:06:48.91Z</time>
		</trkpt>
		<trkpt lat="34.886485" lon="128.695252">
			<ele>0.00</ele>
			<time>2020-01-17T03:06:49.68Z</time>
		</trkpt>
		<trkpt lat="34.886399" lon="128.695322">
			<ele>0.00</ele>
			<time>2020-01-17T03:06:50.37Z</time>
		</trkpt>
		<trkpt lat="34.886317" lon="128.695402">
			<ele>0.00</ele>
			<time>2020-01-17T03:06:51.07Z</time>
		</trkpt>
		<trkpt lat="34.886247" lon="128.695476">
			<ele>0.00</ele>
			<time>2020-01-17T03:06:51.69Z</time>
		</trkpt>
		<trkpt lat="34.886179" lon="128.695562">
			<ele>0.00</ele>
			<time>2020-01-17T03:06:52.34Z</time>
		</trkpt>
		<trkpt lat="34.886124" lon="128.695677">
			<ele>0.00</ele>
			<time>2020-01-17T03:06:53.07Z</time>
		</trkpt>
		<trkpt lat="34.886068" lon="128.695809">
			<ele>0.00</ele>
			<time>2020-01-17T03:06:53.88Z</time>
		</trkpt>
		<trkpt lat="34.886010" lon="128.695964">
			<ele>0.00</ele>
			<time>2020-01-17T03:06:54.81Z</time>
		</trkpt>
		<trkpt lat="34.885953" lon="128.696072">
			<ele>0.00</ele>
			<time>2020-01-17T03:06:55.51Z</time>
		</trkpt>
		<trkpt lat="34.885888" lon="128.696189">
			<ele>0.00</ele>
			<time>2020-01-17T03:06:56.29Z</time>
		</trkpt>
		<trkpt lat="34.885808" lon="128.696279">
			<ele>0.00</ele>
			<time>2020-01-17T03:06:57.01Z</time>
		</trkpt>
		<trkpt lat="34.885723" lon="128.696351">
			<ele>0.00</ele>
			<time>2020-01-17T03:06:57.70Z</time>
		</trkpt>
		<trkpt lat="34.885634" lon="128.696431">
			<ele>0.00</ele>
			<time>2020-01-17T03:06:58.44Z</time>
		</trkpt>
		<trkpt lat="34.885546" lon="128.696492">
			<ele>0.00</ele>
			<time>2020-01-17T03:06:59.11Z</time>
		</trkpt>
		<trkpt lat="34.885448" lon="128.696549">
			<ele>0.00</ele>
			<time>2020-01-17T03:06:59.84Z</time>
		</trkpt>
		<trkpt lat="34.885329" lon="128.696591">
			<ele>0.00</ele>
			<time>2020-01-17T03:07:00.67Z</time>
		</trkpt>
		<trkpt lat="34.885235" lon="128.696630">
			<ele>0.00</ele>
			<time>2020-01-17T03:07:01.33Z</time>
		</trkpt>
		<trkpt lat="34.885131" lon="128.696665">
			<ele>0.00</ele>
			<time>2020-01-17T03:07:02.05Z</time>
		</trkpt>
		<trkpt lat="34.884987" lon="128.696726">
			<ele>0.00</ele>
			<time>2020-01-17T03:07:03.06Z</time>
		</trkpt>
		<trkpt lat="34.884897" lon="128.696751">
			<ele>0.00</ele>
			<time>2020-01-17T03:07:03.68Z</time>
		</trkpt>
		<trkpt lat="34.884798" lon="128.696762">
			<ele>0.00</ele>
			<time>2020-01-17T03:07:04.34Z</time>
		</trkpt>
		<trkpt lat="34.884679" lon="128.696770">
			<ele>0.00</ele>
			<time>2020-01-17T03:07:05.14Z</time>
		</trkpt>
		<trkpt lat="34.884562" lon="128.696768">
			<ele>0.00</ele>
			<time>2020-01-17T03:07:05.92Z</time>
		</trkpt>
		<trkpt lat="34.884446" lon="128.696767">
			<ele>0.00</ele>
			<time>2020-01-17T03:07:06.69Z</time>
		</trkpt>
		<trkpt lat="34.884346" lon="128.696767">
			<ele>0.00</ele>
			<time>2020-01-17T03:07:07.35Z</time>
		</trkpt>
		<trkpt lat="34.884236" lon="128.696777">
			<ele>0.00</ele>
			<time>2020-01-17T03:07:08.09Z</time>
		</trkpt>
		<trkpt lat="34.884123" lon="128.696838">
			<ele>0.00</ele>
			<time>2020-01-17T03:07:08.92Z</time>
		</trkpt>
		<trkpt lat="34.884105" lon="128.696782">
			<ele>0.00</ele>
			<time>2020-01-17T03:07:09.25Z</time>
		</trkpt>
		<trkpt lat="34.884064" lon="128.696756">
			<ele>0.00</ele>
			<time>2020-01-17T03:07:09.56Z</time>
		</trkpt>
		<trkpt lat="34.883971" lon="128.696746">
			<ele>0.00</ele>
			<time>2020-01-17T03:07:10.18Z</time>
		</trkpt>
		<trkpt lat="34.883923" lon="128.696757">
			<ele>0.00</ele>
			<time>2020-01-17T03:07:10.50Z</time>
		</trkpt>
		<trkpt lat="34.883831" lon="128.696801">
			<ele>0.00</ele>
			<time>2020-01-17T03:07:11.16Z</time>
		</trkpt>
		<trkpt lat="34.883778" lon="128.696736">
			<ele>0.00</ele>
			<time>2020-01-17T03:07:11.66Z</time>
		</trkpt>
		<trkpt lat="34.883678" lon="128.696706">
			<ele>0.00</ele>
			<time>2020-01-17T03:07:12.35Z</time>
		</trkpt>
		<trkpt lat="34.883605" lon="128.696696">
			<ele>0.00</ele>
			<time>2020-01-17T03:07:12.84Z</time>
		</trkpt>
		<trkpt lat="34.883503" lon="128.696674">
			<ele>0.00</ele>
			<time>2020-01-17T03:07:13.53Z</time>
		</trkpt>
		<trkpt lat="34.883391" lon="128.696638">
			<ele>0.00</ele>
			<time>2020-01-17T03:07:14.30Z</time>
		</trkpt>
		<trkpt lat="34.883277" lon="128.696607">
			<ele>0.00</ele>
			<time>2020-01-17T03:07:15.08Z</time>
		</trkpt>
		<trkpt lat="34.883189" lon="128.696570">
			<ele>0.00</ele>
			<time>2020-01-17T03:07:15.70Z</time>
		</trkpt>
		<trkpt lat="34.883111" lon="128.696533">
			<ele>0.00</ele>
			<time>2020-01-17T03:07:16.25Z</time>
		</trkpt>
		<trkpt lat="34.883016" lon="128.696485">
			<ele>0.00</ele>
			<time>2020-01-17T03:07:16.94Z</time>
		</trkpt>
		<trkpt lat="34.882941" lon="128.696447">
			<ele>0.00</ele>
			<time>2020-01-17T03:07:17.48Z</time>
		</trkpt>
		<trkpt lat="34.882850" lon="128.696399">
			<ele>0.00</ele>
			<time>2020-01-17T03:07:18.14Z</time>
		</trkpt>
		<trkpt lat="34.882758" lon="128.696358">
			<ele>0.00</ele>
			<time>2020-01-17T03:07:18.80Z</time>
		</trkpt>
		<trkpt lat="34.882656" lon="128.696315">
			<ele>0.00</ele>
			<time>2020-01-17T03:07:19.52Z</time>
		</trkpt>
		<trkpt lat="34.882555" lon="128.696269">
			<ele>0.00</ele>
			<time>2020-01-17T03:07:20.24Z</time>
		</trkpt>
		<trkpt lat="34.882450" lon="128.696209">
			<ele>0.00</ele>
			<time>2020-01-17T03:07:21.01Z</time>
		</trkpt>
		<trkpt lat="34.882341" lon="128.696150">
			<ele>0.00</ele>
			<time>2020-01-17T03:07:21.81Z</time>
		</trkpt>
		<trkpt lat="34.882246" lon="128.696082">
			<ele>0.00</ele>
			<time>2020-01-17T03:07:22.54Z</time>
		</trkpt>
		<trkpt lat="34.882144" lon="128.696020">
			<ele>0.00</ele>
			<time>2020-01-17T03:07:23.30Z</time>
		</trkpt>
		<trkpt lat="34.882045" lon="128.695964">
			<ele>0.00</ele>
			<time>2020-01-17T03:07:24.03Z</time>
		</trkpt>
		<trkpt lat="34.881923" lon="128.695903">
			<ele>0.00</ele>
			<time>2020-01-17T03:07:24.90Z</time>
		</trkpt>
		<trkpt lat="34.881854" lon="128.695867">
			<ele>0.00</ele>
			<time>2020-01-17T03:07:25.40Z</time>
		</trkpt>
		<trkpt lat="34.881765" lon="128.695817">
			<ele>0.00</ele>
			<time>2020-01-17T03:07:26.06Z</time>
		</trkpt>
		<trkpt lat="34.881687" lon="128.695771">
			<ele>0.00</ele>
			<time>2020-01-17T03:07:26.64Z</time>
		</trkpt>
		<trkpt lat="34.881606" lon="128.695732">
			<ele>0.00</ele>
			<time>2020-01-17T03:07:27.22Z</time>
		</trkpt>
		<trkpt lat="34.881516" lon="128.695692">
			<ele>0.00</ele>
			<time>2020-01-17T03:07:27.86Z</time>
		</trkpt>
		<trkpt lat="34.881429" lon="128.695647">
			<ele>0.00</ele>
			<time>2020-01-17T03:07:28.49Z</time>
		</trkpt>
		<trkpt lat="34.881354" lon="128.695607">
			<ele>0.00</ele>
			<time>2020-01-17T03:07:29.03Z</time>
		</trkpt>
		<trkpt lat="34.881262" lon="128.695547">
			<ele>0.00</ele>
			<time>2020-01-17T03:07:29.73Z</time>
		</trkpt>
		<trkpt lat="34.881169" lon="128.695498">
			<ele>0.00</ele>
			<time>2020-01-17T03:07:30.40Z</time>
		</trkpt>
		<trkpt lat="34.881076" lon="128.695456">
			<ele>0.00</ele>
			<time>2020-01-17T03:07:31.07Z</time>
		</trkpt>
		<trkpt lat="34.880976" lon="128.695412">
			<ele>0.00</ele>
			<time>2020-01-17T03:07:31.77Z</time>
		</trkpt>
		<trkpt lat="34.880873" lon="128.695361">
			<ele>0.00</ele>
			<time>2020-01-17T03:07:32.52Z</time>
		</trkpt>
		<trkpt lat="34.880769" lon="128.695318">
			<ele>0.00</ele>
			<time>2020-01-17T03:07:33.25Z</time>
		</trkpt>
		<trkpt lat="34.880676" lon="128.695282">
			<ele>0.00</ele>
			<time>2020-01-17T03:07:33.90Z</time>
		</trkpt>
		<trkpt lat="34.880584" lon="128.695240">
			<ele>0.00</ele>
			<time>2020-01-17T03:07:34.55Z</time>
		</trkpt>
		<trkpt lat="34.880507" lon="128.695202">
			<ele>0.00</ele>
			<time>2020-01-17T03:07:35.11Z</time>
		</trkpt>
		<trkpt lat="34.880430" lon="128.695158">
			<ele>0.00</ele>
			<time>2020-01-17T03:07:35.68Z</time>
		</trkpt>
		<trkpt lat="34.880335" lon="128.695127">
			<ele>0.00</ele>
			<time>2020-01-17T03:07:36.33Z</time>
		</trkpt>
		<trkpt lat="34.880238" lon="128.695084">
			<ele>0.00</ele>
			<time>2020-01-17T03:07:37.01Z</time>
		</trkpt>
		<trkpt lat="34.880124" lon="128.695035">
			<ele>0.00</ele>
			<time>2020-01-17T03:07:37.82Z</time>
		</trkpt>
		<trkpt lat="34.880006" lon="128.694980">
			<ele>0.00</ele>
			<time>2020-01-17T03:07:38.66Z</time>
		</trkpt>
		<trkpt lat="34.879892" lon="128.694933">
			<ele>0.00</ele>
			<time>2020-01-17T03:07:39.47Z</time>
		</trkpt>
		<trkpt lat="34.879762" lon="128.694876">
			<ele>0.00</ele>
			<time>2020-01-17T03:07:40.39Z</time>
		</trkpt>
		<trkpt lat="34.879644" lon="128.694831">
			<ele>0.00</ele>
			<time>2020-01-17T03:07:41.21Z</time>
		</trkpt>
		<trkpt lat="34.879523" lon="128.694780">
			<ele>0.00</ele>
			<time>2020-01-17T03:07:42.07Z</time>
		</trkpt>
		<trkpt lat="34.879397" lon="128.694735">
			<ele>0.00</ele>
			<time>2020-01-17T03:07:42.94Z</time>
		</trkpt>
		<trkpt lat="34.879279" lon="128.694692">
			<ele>0.00</ele>
			<time>2020-01-17T03:07:43.76Z</time>
		</trkpt>
		<trkpt lat="34.879180" lon="128.694644">
			<ele>0.00</ele>
			<time>2020-01-17T03:07:44.47Z</time>
		</trkpt>
		<trkpt lat="34.879078" lon="128.694595">
			<ele>0.00</ele>
			<time>2020-01-17T03:07:45.21Z</time>
		</trkpt>
		<trkpt lat="34.878969" lon="128.694550">
			<ele>0.00</ele>
			<time>2020-01-17T03:07:45.97Z</time>
		</trkpt>
		<trkpt lat="34.878869" lon="128.694514">
			<ele>0.00</ele>
			<time>2020-01-17T03:07:46.67Z</time>
		</trkpt>
		<trkpt lat="34.878765" lon="128.694466">
			<ele>0.00</ele>
			<time>2020-01-17T03:07:47.40Z</time>
		</trkpt>
		<trkpt lat="34.878657" lon="128.694420">
			<ele>0.00</ele>
			<time>2020-01-17T03:07:48.17Z</time>
		</trkpt>
		<trkpt lat="34.878537" lon="128.694365">
			<ele>0.00</ele>
			<time>2020-01-17T03:07:49.02Z</time>
		</trkpt>
		<trkpt lat="34.878438" lon="128.694312">
			<ele>0.00</ele>
			<time>2020-01-17T03:07:49.75Z</time>
		</trkpt>
		<trkpt lat="34.878338" lon="128.694284">
			<ele>0.00</ele>
			<time>2020-01-17T03:07:50.43Z</time>
		</trkpt>
		<trkpt lat="34.878243" lon="128.694246">
			<ele>0.00</ele>
			<time>2020-01-17T03:07:51.10Z</time>
		</trkpt>
		<trkpt lat="34.878120" lon="128.694200">
			<ele>0.00</ele>
			<time>2020-01-17T03:07:51.96Z</time>
		</trkpt>
		<trkpt lat="34.878039" lon="128.694166">
			<ele>0.00</ele>
			<time>2020-01-17T03:07:52.52Z</time>
		</trkpt>
		<trkpt lat="34.877917" lon="128.694123">
			<ele>0.00</ele>
			<time>2020-01-17T03:07:53.38Z</time>
		</trkpt>
		<trkpt lat="34.877821" lon="128.694081">
			<ele>0.00</ele>
			<time>2020-01-17T03:07:54.06Z</time>
		</trkpt>
		<trkpt lat="34.877729" lon="128.694035">
			<ele>0.00</ele>
			<time>2020-01-17T03:07:54.72Z</time>
		</trkpt>
		<trkpt lat="34.877649" lon="128.694000">
			<ele>0.00</ele>
			<time>2020-01-17T03:07:55.28Z</time>
		</trkpt>
		<trkpt lat="34.877543" lon="128.693945">
			<ele>0.00</ele>
			<time>2020-01-17T03:07:56.05Z</time>
		</trkpt>
		<trkpt lat="34.877456" lon="128.693904">
			<ele>0.00</ele>
			<time>2020-01-17T03:07:56.67Z</time>
		</trkpt>
		<trkpt lat="34.877359" lon="128.693855">
			<ele>0.00</ele>
			<time>2020-01-17T03:07:57.37Z</time>
		</trkpt>
		<trkpt lat="34.877272" lon="128.693811">
			<ele>0.00</ele>
			<time>2020-01-17T03:07:58Z</time>
		</trkpt>
		<trkpt lat="34.877172" lon="128.693753">
			<ele>0.00</ele>
			<time>2020-01-17T03:07:58.74Z</time>
		</trkpt>
		<trkpt lat="34.877069" lon="128.693704">
			<ele>0.00</ele>
			<time>2020-01-17T03:07:59.48Z</time>
		</trkpt>
		<trkpt lat="34.876965" lon="128.693654">
			<ele>0.00</ele>
			<time>2020-01-17T03:08:00.22Z</time>
		</trkpt>
		<trkpt lat="34.876870" lon="128.693605">
			<ele>0.00</ele>
			<time>2020-01-17T03:08:00.91Z</time>
		</trkpt>
		<trkpt lat="34.876771" lon="128.693554">
			<ele>0.00</ele>
			<time>2020-01-17T03:08:01.63Z</time>
		</trkpt>
		<trkpt lat="34.876656" lon="128.693498">
			<ele>0.00</ele>
			<time>2020-01-17T03:08:02.45Z</time>
		</trkpt>
		<trkpt lat="34.876557" lon="128.693435">
			<ele>0.00</ele>
			<time>2020-01-17T03:08:03.20Z</time>
		</trkpt>
		<trkpt lat="34.876446" lon="128.693382">
			<ele>0.00</ele>
			<time>2020-01-17T03:08:03.99Z</time>
		</trkpt>
		<trkpt lat="34.876348" lon="128.693332">
			<ele>0.00</ele>
			<time>2020-01-17T03:08:04.70Z</time>
		</trkpt>
		<trkpt lat="34.876260" lon="128.693289">
			<ele>0.00</ele>
			<time>2020-01-17T03:08:05.33Z</time>
		</trkpt>
		<trkpt lat="34.876169" lon="128.693239">
			<ele>0.00</ele>
			<time>2020-01-17T03:08:06Z</time>
		</trkpt>
		<trkpt lat="34.876068" lon="128.693193">
			<ele>0.00</ele>
			<time>2020-01-17T03:08:06.71Z</time>
		</trkpt>
		<trkpt lat="34.875968" lon="128.693139">
			<ele>0.00</ele>
			<time>2020-01-17T03:08:07.45Z</time>
		</trkpt>
		<trkpt lat="34.875882" lon="128.693082">
			<ele>0.00</ele>
			<time>2020-01-17T03:08:08.10Z</time>
		</trkpt>
		<trkpt lat="34.875788" lon="128.693044">
			<ele>0.00</ele>
			<time>2020-01-17T03:08:08.76Z</time>
		</trkpt>
		<trkpt lat="34.875713" lon="128.692996">
			<ele>0.00</ele>
			<time>2020-01-17T03:08:09.32Z</time>
		</trkpt>
		<trkpt lat="34.875621" lon="128.692968">
			<ele>0.00</ele>
			<time>2020-01-17T03:08:09.96Z</time>
		</trkpt>
		<trkpt lat="34.875518" lon="128.692905">
			<ele>0.00</ele>
			<time>2020-01-17T03:08:10.72Z</time>
		</trkpt>
		<trkpt lat="34.875447" lon="128.692850">
			<ele>0.00</ele>
			<time>2020-01-17T03:08:11.29Z</time>
		</trkpt>
		<trkpt lat="34.875333" lon="128.692789">
			<ele>0.00</ele>
			<time>2020-01-17T03:08:12.11Z</time>
		</trkpt>
		<trkpt lat="34.875268" lon="128.692741">
			<ele>0.00</ele>
			<time>2020-01-17T03:08:12.62Z</time>
		</trkpt>
		<trkpt lat="34.875200" lon="128.692698">
			<ele>0.00</ele>
			<time>2020-01-17T03:08:13.13Z</time>
		</trkpt>
		<trkpt lat="34.875126" lon="128.692653">
			<ele>0.00</ele>
			<time>2020-01-17T03:08:13.69Z</time>
		</trkpt>
		<trkpt lat="34.875044" lon="128.692617">
			<ele>0.00</ele>
			<time>2020-01-17T03:08:14.27Z</time>
		</trkpt>
		<trkpt lat="34.874960" lon="128.692572">
			<ele>0.00</ele>
			<time>2020-01-17T03:08:14.88Z</time>
		</trkpt>
		<trkpt lat="34.874879" lon="128.692527">
			<ele>0.00</ele>
			<time>2020-01-17T03:08:15.47Z</time>
		</trkpt>
		<trkpt lat="34.874800" lon="128.692494">
			<ele>0.00</ele>
			<time>2020-01-17T03:08:16.03Z</time>
		</trkpt>
		<trkpt lat="34.874725" lon="128.692447">
			<ele>0.00</ele>
			<time>2020-01-17T03:08:16.59Z</time>
		</trkpt>
		<trkpt lat="34.874667" lon="128.692421">
			<ele>0.00</ele>
			<time>2020-01-17T03:08:17Z</time>
		</trkpt>
		<trkpt lat="34.874588" lon="128.692372">
			<ele>0.00</ele>
			<time>2020-01-17T03:08:17.59Z</time>
		</trkpt>
		<trkpt lat="34.874516" lon="128.692330">
			<ele>0.00</ele>
			<time>2020-01-17T03:08:18.13Z</time>
		</trkpt>
		<trkpt lat="34.874422" lon="128.692271">
			<ele>0.00</ele>
			<time>2020-01-17T03:08:18.83Z</time>
		</trkpt>
		<trkpt lat="34.874326" lon="128.692225">
			<ele>0.00</ele>
			<time>2020-01-17T03:08:19.52Z</time>
		</trkpt>
		<trkpt lat="34.874250" lon="128.692185">
			<ele>0.00</ele>
			<time>2020-01-17T03:08:20.07Z</time>
		</trkpt>
		<trkpt lat="34.874159" lon="128.692144">
			<ele>0.00</ele>
			<time>2020-01-17T03:08:20.72Z</time>
		</trkpt>
		<trkpt lat="34.874048" lon="128.692080">
			<ele>0.00</ele>
			<time>2020-01-17T03:08:21.53Z</time>
		</trkpt>
		<trkpt lat="34.873948" lon="128.692018">
			<ele>0.00</ele>
			<time>2020-01-17T03:08:22.28Z</time>
		</trkpt>
		<trkpt lat="34.873889" lon="128.692001">
			<ele>0.00</ele>
			<time>2020-01-17T03:08:22.69Z</time>
		</trkpt>
		<trkpt lat="34.873822" lon="128.691969">
			<ele>0.00</ele>
			<time>2020-01-17T03:08:23.17Z</time>
		</trkpt>
		<trkpt lat="34.873733" lon="128.691939">
			<ele>0.00</ele>
			<time>2020-01-17T03:08:23.79Z</time>
		</trkpt>
		<trkpt lat="34.873645" lon="128.691906">
			<ele>0.00</ele>
			<time>2020-01-17T03:08:24.39Z</time>
		</trkpt>
		<trkpt lat="34.873574" lon="128.691864">
			<ele>0.00</ele>
			<time>2020-01-17T03:08:24.92Z</time>
		</trkpt>
		<trkpt lat="34.873496" lon="128.691811">
			<ele>0.00</ele>
			<time>2020-01-17T03:08:25.52Z</time>
		</trkpt>
		<trkpt lat="34.873408" lon="128.691776">
			<ele>0.00</ele>
			<time>2020-01-17T03:08:26.14Z</time>
		</trkpt>
		<trkpt lat="34.873316" lon="128.691718">
			<ele>0.00</ele>
			<time>2020-01-17T03:08:26.82Z</time>
		</trkpt>
		<trkpt lat="34.873218" lon="128.691649">
			<ele>0.00</ele>
			<time>2020-01-17T03:08:27.58Z</time>
		</trkpt>
		<trkpt lat="34.873132" lon="128.691601">
			<ele>0.00</ele>
			<time>2020-01-17T03:08:28.21Z</time>
		</trkpt>
		<trkpt lat="34.873049" lon="128.691555">
			<ele>0.00</ele>
			<time>2020-01-17T03:08:28.82Z</time>
		</trkpt>
		<trkpt lat="34.872971" lon="128.691521">
			<ele>0.00</ele>
			<time>2020-01-17T03:08:29.37Z</time>
		</trkpt>
		<trkpt lat="34.872899" lon="128.691491">
			<ele>0.00</ele>
			<time>2020-01-17T03:08:29.88Z</time>
		</trkpt>
		<trkpt lat="34.872814" lon="128.691459">
			<ele>0.00</ele>
			<time>2020-01-17T03:08:30.47Z</time>
		</trkpt>
		<trkpt lat="34.872736" lon="128.691408">
			<ele>0.00</ele>
			<time>2020-01-17T03:08:31.06Z</time>
		</trkpt>
		<trkpt lat="34.872655" lon="128.691362">
			<ele>0.00</ele>
			<time>2020-01-17T03:08:31.66Z</time>
		</trkpt>
		<trkpt lat="34.872557" lon="128.691311">
			<ele>0.00</ele>
			<time>2020-01-17T03:08:32.37Z</time>
		</trkpt>
		<trkpt lat="34.872472" lon="128.691261">
			<ele>0.00</ele>
			<time>2020-01-17T03:08:32.99Z</time>
		</trkpt>
		<trkpt lat="34.872389" lon="128.691205">
			<ele>0.00</ele>
			<time>2020-01-17T03:08:33.63Z</time>
		</trkpt>
		<trkpt lat="34.872315" lon="128.691169">
			<ele>0.00</ele>
			<time>2020-01-17T03:08:34.16Z</time>
		</trkpt>
		<trkpt lat="34.872218" lon="128.691103">
			<ele>0.00</ele>
			<time>2020-01-17T03:08:34.90Z</time>
		</trkpt>
		<trkpt lat="34.872114" lon="128.691049">
			<ele>0.00</ele>
			<time>2020-01-17T03:08:35.66Z</time>
		</trkpt>
		<trkpt lat="34.872029" lon="128.691003">
			<ele>0.00</ele>
			<time>2020-01-17T03:08:36.28Z</time>
		</trkpt>
		<trkpt lat="34.871916" lon="128.690945">
			<ele>0.00</ele>
			<time>2020-01-17T03:08:37.09Z</time>
		</trkpt>
		<trkpt lat="34.871815" lon="128.690898">
			<ele>0.00</ele>
			<time>2020-01-17T03:08:37.81Z</time>
		</trkpt>
		<trkpt lat="34.871696" lon="128.690834">
			<ele>0.00</ele>
			<time>2020-01-17T03:08:38.68Z</time>
		</trkpt>
		<trkpt lat="34.871613" lon="128.690795">
			<ele>0.00</ele>
			<time>2020-01-17T03:08:39.27Z</time>
		</trkpt>
		<trkpt lat="34.871519" lon="128.690747">
			<ele>0.00</ele>
			<time>2020-01-17T03:08:39.95Z</time>
		</trkpt>
		<trkpt lat="34.871433" lon="128.690704">
			<ele>0.00</ele>
			<time>2020-01-17T03:08:40.57Z</time>
		</trkpt>
		<trkpt lat="34.871340" lon="128.690657">
			<ele>0.00</ele>
			<time>2020-01-17T03:08:41.24Z</time>
		</trkpt>
		<trkpt lat="34.871257" lon="128.690612">
			<ele>0.00</ele>
			<time>2020-01-17T03:08:41.85Z</time>
		</trkpt>
		<trkpt lat="34.871159" lon="128.690573">
			<ele>0.00</ele>
			<time>2020-01-17T03:08:42.54Z</time>
		</trkpt>
		<trkpt lat="34.871060" lon="128.690521">
			<ele>0.00</ele>
			<time>2020-01-17T03:08:43.25Z</time>
		</trkpt>
		<trkpt lat="34.870983" lon="128.690482">
			<ele>0.00</ele>
			<time>2020-01-17T03:08:43.81Z</time>
		</trkpt>
		<trkpt lat="34.870890" lon="128.690440">
			<ele>0.00</ele>
			<time>2020-01-17T03:08:44.47Z</time>
		</trkpt>
		<trkpt lat="34.870798" lon="128.690388">
			<ele>0.00</ele>
			<time>2020-01-17T03:08:45.15Z</time>
		</trkpt>
		<trkpt lat="34.870688" lon="128.690341">
			<ele>0.00</ele>
			<time>2020-01-17T03:08:45.92Z</time>
		</trkpt>
		<trkpt lat="34.870611" lon="128.690302">
			<ele>0.00</ele>
			<time>2020-01-17T03:08:46.48Z</time>
		</trkpt>
		<trkpt lat="34.870513" lon="128.690278">
			<ele>0.00</ele>
			<time>2020-01-17T03:08:47.14Z</time>
		</trkpt>
		<trkpt lat="34.870413" lon="128.690271">
			<ele>0.00</ele>
			<time>2020-01-17T03:08:47.81Z</time>
		</trkpt>
		<trkpt lat="34.870322" lon="128.690263">
			<ele>0.00</ele>
			<time>2020-01-17T03:08:48.42Z</time>
		</trkpt>
		<trkpt lat="34.870166" lon="128.690274">
			<ele>0.00</ele>
			<time>2020-01-17T03:08:49.46Z</time>
		</trkpt>
		<trkpt lat="34.870085" lon="128.690281">
			<ele>0.00</ele>
			<time>2020-01-17T03:08:50.01Z</time>
		</trkpt>
		<trkpt lat="34.869953" lon="128.690310">
			<ele>0.00</ele>
			<time>2020-01-17T03:08:50.90Z</time>
		</trkpt>
		<trkpt lat="34.869825" lon="128.690354">
			<ele>0.00</ele>
			<time>2020-01-17T03:08:51.78Z</time>
		</trkpt>
		<trkpt lat="34.869723" lon="128.690388">
			<ele>0.00</ele>
			<time>2020-01-17T03:08:52.49Z</time>
		</trkpt>
		<trkpt lat="34.869600" lon="128.690451">
			<ele>0.00</ele>
			<time>2020-01-17T03:08:53.38Z</time>
		</trkpt>
		<trkpt lat="34.869526" lon="128.690505">
			<ele>0.00</ele>
			<time>2020-01-17T03:08:53.96Z</time>
		</trkpt>
		<trkpt lat="34.869426" lon="128.690573">
			<ele>0.00</ele>
			<time>2020-01-17T03:08:54.72Z</time>
		</trkpt>
		<trkpt lat="34.869352" lon="128.690630">
			<ele>0.00</ele>
			<time>2020-01-17T03:08:55.30Z</time>
		</trkpt>
		<trkpt lat="34.869270" lon="128.690699">
			<ele>0.00</ele>
			<time>2020-01-17T03:08:55.96Z</time>
		</trkpt>
		<trkpt lat="34.869189" lon="128.690762">
			<ele>0.00</ele>
			<time>2020-01-17T03:08:56.60Z</time>
		</trkpt>
		<trkpt lat="34.869126" lon="128.690819">
			<ele>0.00</ele>
			<time>2020-01-17T03:08:57.13Z</time>
		</trkpt>
		<trkpt lat="34.869078" lon="128.690873">
			<ele>0.00</ele>
			<time>2020-01-17T03:08:57.56Z</time>
		</trkpt>
		<trkpt lat="34.869038" lon="128.690927">
			<ele>0.00</ele>
			<time>2020-01-17T03:08:57.96Z</time>
		</trkpt>
		<trkpt lat="34.868991" lon="128.691006">
			<ele>0.00</ele>
			<time>2020-01-17T03:08:58.50Z</time>
		</trkpt>
		<trkpt lat="34.868950" lon="128.691085">
			<ele>0.00</ele>
			<time>2020-01-17T03:08:59.01Z</time>
		</trkpt>
		<trkpt lat="34.868918" lon="128.691170">
			<ele>0.00</ele>
			<time>2020-01-17T03:08:59.52Z</time>
		</trkpt>
		<trkpt lat="34.868882" lon="128.691272">
			<ele>0.00</ele>
			<time>2020-01-17T03:09:00.13Z</time>
		</trkpt>
		<trkpt lat="34.868847" lon="128.691357">
			<ele>0.00</ele>
			<time>2020-01-17T03:09:00.65Z</time>
		</trkpt>
		<trkpt lat="34.868802" lon="128.691480">
			<ele>0.00</ele>
			<time>2020-01-17T03:09:01.38Z</time>
		</trkpt>
		<trkpt lat="34.868750" lon="128.691591">
			<ele>0.00</ele>
			<time>2020-01-17T03:09:02.08Z</time>
		</trkpt>
		<trkpt lat="34.868701" lon="128.691704">
			<ele>0.00</ele>
			<time>2020-01-17T03:09:02.78Z</time>
		</trkpt>
		<trkpt lat="34.868644" lon="128.691829">
			<ele>0.00</ele>
			<time>2020-01-17T03:09:03.57Z</time>
		</trkpt>
		<trkpt lat="34.868588" lon="128.691959">
			<ele>0.00</ele>
			<time>2020-01-17T03:09:04.37Z</time>
		</trkpt>
		<trkpt lat="34.868535" lon="128.692082">
			<ele>0.00</ele>
			<time>2020-01-17T03:09:05.13Z</time>
		</trkpt>
		<trkpt lat="34.868483" lon="128.692201">
			<ele>0.00</ele>
			<time>2020-01-17T03:09:05.86Z</time>
		</trkpt>
		<trkpt lat="34.868422" lon="128.692330">
			<ele>0.00</ele>
			<time>2020-01-17T03:09:06.68Z</time>
		</trkpt>
		<trkpt lat="34.868361" lon="128.692459">
			<ele>0.00</ele>
			<time>2020-01-17T03:09:07.49Z</time>
		</trkpt>
		<trkpt lat="34.868299" lon="128.692588">
			<ele>0.00</ele>
			<time>2020-01-17T03:09:08.31Z</time>
		</trkpt>
		<trkpt lat="34.868248" lon="128.692710">
			<ele>0.00</ele>
			<time>2020-01-17T03:09:09.06Z</time>
		</trkpt>
		<trkpt lat="34.868198" lon="128.692824">
			<ele>0.00</ele>
			<time>2020-01-17T03:09:09.77Z</time>
		</trkpt>
		<trkpt lat="34.868146" lon="128.692944">
			<ele>0.00</ele>
			<time>2020-01-17T03:09:10.51Z</time>
		</trkpt>
		<trkpt lat="34.868092" lon="128.693055">
			<ele>0.00</ele>
			<time>2020-01-17T03:09:11.22Z</time>
		</trkpt>
		<trkpt lat="34.868044" lon="128.693172">
			<ele>0.00</ele>
			<time>2020-01-17T03:09:11.93Z</time>
		</trkpt>
		<trkpt lat="34.867994" lon="128.693302">
			<ele>0.00</ele>
			<time>2020-01-17T03:09:12.71Z</time>
		</trkpt>
		<trkpt lat="34.867944" lon="128.693414">
			<ele>0.00</ele>
			<time>2020-01-17T03:09:13.41Z</time>
		</trkpt>
		<trkpt lat="34.867887" lon="128.693529">
			<ele>0.00</ele>
			<time>2020-01-17T03:09:14.15Z</time>
		</trkpt>
		<trkpt lat="34.867837" lon="128.693645">
			<ele>0.00</ele>
			<time>2020-01-17T03:09:14.87Z</time>
		</trkpt>
		<trkpt lat="34.867783" lon="128.693760">
			<ele>0.00</ele>
			<time>2020-01-17T03:09:15.59Z</time>
		</trkpt>
		<trkpt lat="34.867723" lon="128.693880">
			<ele>0.00</ele>
			<time>2020-01-17T03:09:16.36Z</time>
		</trkpt>
		<trkpt lat="34.867682" lon="128.693989">
			<ele>0.00</ele>
			<time>2020-01-17T03:09:17.01Z</time>
		</trkpt>
		<trkpt lat="34.867642" lon="128.694085">
			<ele>0.00</ele>
			<time>2020-01-17T03:09:17.60Z</time>
		</trkpt>
		<trkpt lat="34.867596" lon="128.694204">
			<ele>0.00</ele>
			<time>2020-01-17T03:09:18.33Z</time>
		</trkpt>
		<trkpt lat="34.867535" lon="128.694308">
			<ele>0.00</ele>
			<time>2020-01-17T03:09:19.03Z</time>
		</trkpt>
		<trkpt lat="34.867475" lon="128.694413">
			<ele>0.00</ele>
			<time>2020-01-17T03:09:19.72Z</time>
		</trkpt>
		<trkpt lat="34.867400" lon="128.694539">
			<ele>0.00</ele>
			<time>2020-01-17T03:09:20.57Z</time>
		</trkpt>
		<trkpt lat="34.867342" lon="128.694651">
			<ele>0.00</ele>
			<time>2020-01-17T03:09:21.30Z</time>
		</trkpt>
		<trkpt lat="34.867288" lon="128.694772">
			<ele>0.00</ele>
			<time>2020-01-17T03:09:22.05Z</time>
		</trkpt>
		<trkpt lat="34.867235" lon="128.694888">
			<ele>0.00</ele>
			<time>2020-01-17T03:09:22.78Z</time>
		</trkpt>
		<trkpt lat="34.867197" lon="128.694989">
			<ele>0.00</ele>
			<time>2020-01-17T03:09:23.38Z</time>
		</trkpt>
		<trkpt lat="34.867159" lon="128.695089">
			<ele>0.00</ele>
			<time>2020-01-17T03:09:23.99Z</time>
		</trkpt>
		<trkpt lat="34.867111" lon="128.695185">
			<ele>0.00</ele>
			<time>2020-01-17T03:09:24.60Z</time>
		</trkpt>
		<trkpt lat="34.867069" lon="128.695273">
			<ele>0.00</ele>
			<time>2020-01-17T03:09:25.16Z</time>
		</trkpt>
		<trkpt lat="34.867024" lon="128.695371">
			<ele>0.00</ele>
			<time>2020-01-17T03:09:25.77Z</time>
		</trkpt>
		<trkpt lat="34.866962" lon="128.695495">
			<ele>0.00</ele>
			<time>2020-01-17T03:09:26.57Z</time>
		</trkpt>
		<trkpt lat="34.866901" lon="128.695628">
			<ele>0.00</ele>
			<time>2020-01-17T03:09:27.40Z</time>
		</trkpt>
		<trkpt lat="34.866850" lon="128.695753">
			<ele>0.00</ele>
			<time>2020-01-17T03:09:28.16Z</time>
		</trkpt>
		<trkpt lat="34.866809" lon="128.695843">
			<ele>0.00</ele>
			<time>2020-01-17T03:09:28.73Z</time>
		</trkpt>
		<trkpt lat="34.866762" lon="128.695962">
			<ele>0.00</ele>
			<time>2020-01-17T03:09:29.45Z</time>
		</trkpt>
		<trkpt lat="34.866710" lon="128.696074">
			<ele>0.00</ele>
			<time>2020-01-17T03:09:30.16Z</time>
		</trkpt>
		<trkpt lat="34.866659" lon="128.696187">
			<ele>0.00</ele>
			<time>2020-01-17T03:09:30.86Z</time>
		</trkpt>
		<trkpt lat="34.866605" lon="128.696306">
			<ele>0.00</ele>
			<time>2020-01-17T03:09:31.60Z</time>
		</trkpt>
		<trkpt lat="34.866558" lon="128.696415">
			<ele>0.00</ele>
			<time>2020-01-17T03:09:32.28Z</time>
		</trkpt>
		<trkpt lat="34.866509" lon="128.696539">
			<ele>0.00</ele>
			<time>2020-01-17T03:09:33.03Z</time>
		</trkpt>
		<trkpt lat="34.866464" lon="128.696666">
			<ele>0.00</ele>
			<time>2020-01-17T03:09:33.79Z</time>
		</trkpt>
		<trkpt lat="34.866409" lon="128.696796">
			<ele>0.00</ele>
			<time>2020-01-17T03:09:34.59Z</time>
		</trkpt>
		<trkpt lat="34.866377" lon="128.696893">
			<ele>0.00</ele>
			<time>2020-01-17T03:09:35.16Z</time>
		</trkpt>
		<trkpt lat="34.866342" lon="128.696977">
			<ele>0.00</ele>
			<time>2020-01-17T03:09:35.67Z</time>
		</trkpt>
		<trkpt lat="34.866297" lon="128.697071">
			<ele>0.00</ele>
			<time>2020-01-17T03:09:36.27Z</time>
		</trkpt>
		<trkpt lat="34.866251" lon="128.697167">
			<ele>0.00</ele>
			<time>2020-01-17T03:09:36.88Z</time>
		</trkpt>
		<trkpt lat="34.866206" lon="128.697251">
			<ele>0.00</ele>
			<time>2020-01-17T03:09:37.43Z</time>
		</trkpt>
		<trkpt lat="34.866157" lon="128.697345">
			<ele>0.00</ele>
			<time>2020-01-17T03:09:38.04Z</time>
		</trkpt>
		<trkpt lat="34.866109" lon="128.697439">
			<ele>0.00</ele>
			<time>2020-01-17T03:09:38.64Z</time>
		</trkpt>
		<trkpt lat="34.866052" lon="128.697546">
			<ele>0.00</ele>
			<time>2020-01-17T03:09:39.34Z</time>
		</trkpt>
		<trkpt lat="34.866011" lon="128.697643">
			<ele>0.00</ele>
			<time>2020-01-17T03:09:39.94Z</time>
		</trkpt>
		<trkpt lat="34.865981" lon="128.697704">
			<ele>0.00</ele>
			<time>2020-01-17T03:09:40.33Z</time>
		</trkpt>
		<trkpt lat="34.865937" lon="128.697781">
			<ele>0.00</ele>
			<time>2020-01-17T03:09:40.84Z</time>
		</trkpt>
		<trkpt lat="34.865883" lon="128.697852">
			<ele>0.00</ele>
			<time>2020-01-17T03:09:41.37Z</time>
		</trkpt>
		<trkpt lat="34.865840" lon="128.697925">
			<ele>0.00</ele>
			<time>2020-01-17T03:09:41.86Z</time>
		</trkpt>
		<trkpt lat="34.865791" lon="128.697996">
			<ele>0.00</ele>
			<time>2020-01-17T03:09:42.37Z</time>
		</trkpt>
		<trkpt lat="34.865747" lon="128.698078">
			<ele>0.00</ele>
			<time>2020-01-17T03:09:42.90Z</time>
		</trkpt>
		<trkpt lat="34.865709" lon="128.698155">
			<ele>0.00</ele>
			<time>2020-01-17T03:09:43.39Z</time>
		</trkpt>
		<trkpt lat="34.865663" lon="128.698236">
			<ele>0.00</ele>
			<time>2020-01-17T03:09:43.93Z</time>
		</trkpt>
		<trkpt lat="34.865627" lon="128.698316">
			<ele>0.00</ele>
			<time>2020-01-17T03:09:44.44Z</time>
		</trkpt>
		<trkpt lat="34.865599" lon="128.698372">
			<ele>0.00</ele>
			<time>2020-01-17T03:09:44.79Z</time>
		</trkpt>
		<trkpt lat="34.865558" lon="128.698458">
			<ele>0.00</ele>
			<time>2020-01-17T03:09:45.33Z</time>
		</trkpt>
		<trkpt lat="34.865517" lon="128.698553">
			<ele>0.00</ele>
			<time>2020-01-17T03:09:45.92Z</time>
		</trkpt>
		<trkpt lat="34.865485" lon="128.698624">
			<ele>0.00</ele>
			<time>2020-01-17T03:09:46.36Z</time>
		</trkpt>
		<trkpt lat="34.865445" lon="128.698709">
			<ele>0.00</ele>
			<time>2020-01-17T03:09:46.90Z</time>
		</trkpt>
		<trkpt lat="34.865406" lon="128.698809">
			<ele>0.00</ele>
			<time>2020-01-17T03:09:47.51Z</time>
		</trkpt>
		<trkpt lat="34.865381" lon="128.698872">
			<ele>0.00</ele>
			<time>2020-01-17T03:09:47.89Z</time>
		</trkpt>
		<trkpt lat="34.865350" lon="128.698949">
			<ele>0.00</ele>
			<time>2020-01-17T03:09:48.36Z</time>
		</trkpt>
		<trkpt lat="34.865315" lon="128.699035">
			<ele>0.00</ele>
			<time>2020-01-17T03:09:48.89Z</time>
		</trkpt>
		<trkpt lat="34.865272" lon="128.699153">
			<ele>0.00</ele>
			<time>2020-01-17T03:09:49.59Z</time>
		</trkpt>
		<trkpt lat="34.865227" lon="128.699257">
			<ele>0.00</ele>
			<time>2020-01-17T03:09:50.23Z</time>
		</trkpt>
		<trkpt lat="34.865179" lon="128.699365">
			<ele>0.00</ele>
			<time>2020-01-17T03:09:50.90Z</time>
		</trkpt>
		<trkpt lat="34.865133" lon="128.699467">
			<ele>0.00</ele>
			<time>2020-01-17T03:09:51.54Z</time>
		</trkpt>
		<trkpt lat="34.865091" lon="128.699556">
			<ele>0.00</ele>
			<time>2020-01-17T03:09:52.11Z</time>
		</trkpt>
		<trkpt lat="34.865052" lon="128.699646">
			<ele>0.00</ele>
			<time>2020-01-17T03:09:52.66Z</time>
		</trkpt>
		<trkpt lat="34.865003" lon="128.699730">
			<ele>0.00</ele>
			<time>2020-01-17T03:09:53.23Z</time>
		</trkpt>
		<trkpt lat="34.864956" lon="128.699820">
			<ele>0.00</ele>
			<time>2020-01-17T03:09:53.81Z</time>
		</trkpt>
		<trkpt lat="34.864912" lon="128.699907">
			<ele>0.00</ele>
			<time>2020-01-17T03:09:54.37Z</time>
		</trkpt>
		<trkpt lat="34.864864" lon="128.699989">
			<ele>0.00</ele>
			<time>2020-01-17T03:09:54.92Z</time>
		</trkpt>
		<trkpt lat="34.864828" lon="128.700067">
			<ele>0.00</ele>
			<time>2020-01-17T03:09:55.41Z</time>
		</trkpt>
		<trkpt lat="34.864788" lon="128.700148">
			<ele>0.00</ele>
			<time>2020-01-17T03:09:55.93Z</time>
		</trkpt>
		<trkpt lat="34.864752" lon="128.700221">
			<ele>0.00</ele>
			<time>2020-01-17T03:09:56.39Z</time>
		</trkpt>
		<trkpt lat="34.864713" lon="128.700299">
			<ele>0.00</ele>
			<time>2020-01-17T03:09:56.89Z</time>
		</trkpt>
		<trkpt lat="34.864678" lon="128.700371">
			<ele>0.00</ele>
			<time>2020-01-17T03:09:57.35Z</time>
		</trkpt>
		<trkpt lat="34.864648" lon="128.700495">
			<ele>0.00</ele>
			<time>2020-01-17T03:09:58.06Z</time>
		</trkpt>
		<trkpt lat="34.864624" lon="128.700567">
			<ele>0.00</ele>
			<time>2020-01-17T03:09:58.48Z</time>
		</trkpt>
		<trkpt lat="34.864590" lon="128.700644">
			<ele>0.00</ele>
			<time>2020-01-17T03:09:58.96Z</time>
		</trkpt>
		<trkpt lat="34.864544" lon="128.700737">
			<ele>0.00</ele>
			<time>2020-01-17T03:09:59.56Z</time>
		</trkpt>
		<trkpt lat="34.864499" lon="128.700830">
			<ele>0.00</ele>
			<time>2020-01-17T03:10:00.15Z</time>
		</trkpt>
		<trkpt lat="34.864469" lon="128.700893">
			<ele>0.00</ele>
			<time>2020-01-17T03:10:00.54Z</time>
		</trkpt>
		<trkpt lat="34.864426" lon="128.700935">
			<ele>0.00</ele>
			<time>2020-01-17T03:10:00.91Z</time>
		</trkpt>
		<trkpt lat="34.864383" lon="128.700972">
			<ele>0.00</ele>
			<time>2020-01-17T03:10:01.26Z</time>
		</trkpt>
		<trkpt lat="34.864357" lon="128.700994">
			<ele>0.00</ele>
			<time>2020-01-17T03:10:01.47Z</time>
		</trkpt>
		<trkpt lat="34.864316" lon="128.701052">
			<ele>0.00</ele>
			<time>2020-01-17T03:10:01.89Z</time>
		</trkpt>
		<trkpt lat="34.864300" lon="128.701091">
			<ele>0.00</ele>
			<time>2020-01-17T03:10:02.13Z</time>
		</trkpt>
		<trkpt lat="34.864266" lon="128.701150">
			<ele>0.00</ele>
			<time>2020-01-17T03:10:02.52Z</time>
		</trkpt>
		<trkpt lat="34.864235" lon="128.701227">
			<ele>0.00</ele>
			<time>2020-01-17T03:10:02.99Z</time>
		</trkpt>
		<trkpt lat="34.864277" lon="128.701273">
			<ele>0.00</ele>
			<time>2020-01-17T03:10:03.37Z</time>
		</trkpt>
		<trkpt lat="34.864251" lon="128.701335">
			<ele>0.00</ele>
			<time>2020-01-17T03:10:03.75Z</time>
		</trkpt>
		<trkpt lat="34.864212" lon="128.701414">
			<ele>0.00</ele>
			<time>2020-01-17T03:10:04.26Z</time>
		</trkpt>
		<trkpt lat="34.864174" lon="128.701508">
			<ele>0.00</ele>
			<time>2020-01-17T03:10:04.83Z</time>
		</trkpt>
		<trkpt lat="34.864132" lon="128.701615">
			<ele>0.00</ele>
			<time>2020-01-17T03:10:05.48Z</time>
		</trkpt>
		<trkpt lat="34.864086" lon="128.701723">
			<ele>0.00</ele>
			<time>2020-01-17T03:10:06.14Z</time>
		</trkpt>
		<trkpt lat="34.864040" lon="128.701822">
			<ele>0.00</ele>
			<time>2020-01-17T03:10:06.77Z</time>
		</trkpt>
		<trkpt lat="34.864007" lon="128.701913">
			<ele>0.00</ele>
			<time>2020-01-17T03:10:07.31Z</time>
		</trkpt>
		<trkpt lat="34.863962" lon="128.702018">
			<ele>0.00</ele>
			<time>2020-01-17T03:10:07.96Z</time>
		</trkpt>
		<trkpt lat="34.863912" lon="128.702120">
			<ele>0.00</ele>
			<time>2020-01-17T03:10:08.61Z</time>
		</trkpt>
		<trkpt lat="34.863860" lon="128.702212">
			<ele>0.00</ele>
			<time>2020-01-17T03:10:09.22Z</time>
		</trkpt>
		<trkpt lat="34.863800" lon="128.702330">
			<ele>0.00</ele>
			<time>2020-01-17T03:10:09.98Z</time>
		</trkpt>
		<trkpt lat="34.863763" lon="128.702383">
			<ele>0.00</ele>
			<time>2020-01-17T03:10:10.36Z</time>
		</trkpt>
		<trkpt lat="34.863726" lon="128.702441">
			<ele>0.00</ele>
			<time>2020-01-17T03:10:10.76Z</time>
		</trkpt>
		<trkpt lat="34.863695" lon="128.702500">
			<ele>0.00</ele>
			<time>2020-01-17T03:10:11.15Z</time>
		</trkpt>
		<trkpt lat="34.863653" lon="128.702572">
			<ele>0.00</ele>
			<time>2020-01-17T03:10:11.62Z</time>
		</trkpt>
		<trkpt lat="34.863626" lon="128.702652">
			<ele>0.00</ele>
			<time>2020-01-17T03:10:12.10Z</time>
		</trkpt>
		<trkpt lat="34.863592" lon="128.702739">
			<ele>0.00</ele>
			<time>2020-01-17T03:10:12.63Z</time>
		</trkpt>
		<trkpt lat="34.863555" lon="128.702813">
			<ele>0.00</ele>
			<time>2020-01-17T03:10:13.10Z</time>
		</trkpt>
		<trkpt lat="34.863512" lon="128.702905">
			<ele>0.00</ele>
			<time>2020-01-17T03:10:13.68Z</time>
		</trkpt>
		<trkpt lat="34.863484" lon="128.702971">
			<ele>0.00</ele>
			<time>2020-01-17T03:10:14.09Z</time>
		</trkpt>
		<trkpt lat="34.863444" lon="128.703052">
			<ele>0.00</ele>
			<time>2020-01-17T03:10:14.60Z</time>
		</trkpt>
		<trkpt lat="34.863415" lon="128.703118">
			<ele>0.00</ele>
			<time>2020-01-17T03:10:15.01Z</time>
		</trkpt>
		<trkpt lat="34.863385" lon="128.703198">
			<ele>0.00</ele>
			<time>2020-01-17T03:10:15.50Z</time>
		</trkpt>
		<trkpt lat="34.863349" lon="128.703294">
			<ele>0.00</ele>
			<time>2020-01-17T03:10:16.07Z</time>
		</trkpt>
		<trkpt lat="34.863311" lon="128.703381">
			<ele>0.00</ele>
			<time>2020-01-17T03:10:16.61Z</time>
		</trkpt>
		<trkpt lat="34.863277" lon="128.703469">
			<ele>0.00</ele>
			<time>2020-01-17T03:10:17.14Z</time>
		</trkpt>
		<trkpt lat="34.863242" lon="128.703553">
			<ele>0.00</ele>
			<time>2020-01-17T03:10:17.66Z</time>
		</trkpt>
		<trkpt lat="34.863205" lon="128.703632">
			<ele>0.00</ele>
			<time>2020-01-17T03:10:18.16Z</time>
		</trkpt>
		<trkpt lat="34.863166" lon="128.703716">
			<ele>0.00</ele>
			<time>2020-01-17T03:10:18.68Z</time>
		</trkpt>
		<trkpt lat="34.863138" lon="128.703791">
			<ele>0.00</ele>
			<time>2020-01-17T03:10:19.14Z</time>
		</trkpt>
		<trkpt lat="34.863105" lon="128.703875">
			<ele>0.00</ele>
			<time>2020-01-17T03:10:19.64Z</time>
		</trkpt>
		<trkpt lat="34.863067" lon="128.703958">
			<ele>0.00</ele>
			<time>2020-01-17T03:10:20.16Z</time>
		</trkpt>
		<trkpt lat="34.863025" lon="128.704045">
			<ele>0.00</ele>
			<time>2020-01-17T03:10:20.72Z</time>
		</trkpt>
		<trkpt lat="34.862972" lon="128.704144">
			<ele>0.00</ele>
			<time>2020-01-17T03:10:21.36Z</time>
		</trkpt>
		<trkpt lat="34.862942" lon="128.704214">
			<ele>0.00</ele>
			<time>2020-01-17T03:10:21.79Z</time>
		</trkpt>
		<trkpt lat="34.862912" lon="128.704279">
			<ele>0.00</ele>
			<time>2020-01-17T03:10:22.20Z</time>
		</trkpt>
		<trkpt lat="34.862882" lon="128.704340">
			<ele>0.00</ele>
			<time>2020-01-17T03:10:22.59Z</time>
		</trkpt>
		<trkpt lat="34.862842" lon="128.704415">
			<ele>0.00</ele>
			<time>2020-01-17T03:10:23.08Z</time>
		</trkpt>
		<trkpt lat="34.862802" lon="128.704492">
			<ele>0.00</ele>
			<time>2020-01-17T03:10:23.58Z</time>
		</trkpt>
		<trkpt lat="34.862764" lon="128.704552">
			<ele>0.00</ele>
			<time>2020-01-17T03:10:23.99Z</time>
		</trkpt>
		<trkpt lat="34.862726" lon="128.704610">
			<ele>0.00</ele>
			<time>2020-01-17T03:10:24.40Z</time>
		</trkpt>
		<trkpt lat="34.862692" lon="128.704683">
			<ele>0.00</ele>
			<time>2020-01-17T03:10:24.86Z</time>
		</trkpt>
		<trkpt lat="34.862656" lon="128.704759">
			<ele>0.00</ele>
			<time>2020-01-17T03:10:25.34Z</time>
		</trkpt>
		<trkpt lat="34.862618" lon="128.704836">
			<ele>0.00</ele>
			<time>2020-01-17T03:10:25.83Z</time>
		</trkpt>
		<trkpt lat="34.862580" lon="128.704917">
			<ele>0.00</ele>
			<time>2020-01-17T03:10:26.34Z</time>
		</trkpt>
		<trkpt lat="34.862544" lon="128.704990">
			<ele>0.00</ele>
			<time>2020-01-17T03:10:26.81Z</time>
		</trkpt>
		<trkpt lat="34.862520" lon="128.705057">
			<ele>0.00</ele>
			<time>2020-01-17T03:10:27.21Z</time>
		</trkpt>
		<trkpt lat="34.862488" lon="128.705152">
			<ele>0.00</ele>
			<time>2020-01-17T03:10:27.77Z</time>
		</trkpt>
		<trkpt lat="34.862455" lon="128.705252">
			<ele>0.00</ele>
			<time>2020-01-17T03:10:28.36Z</time>
		</trkpt>
		<trkpt lat="34.862425" lon="128.705349">
			<ele>0.00</ele>
			<time>2020-01-17T03:10:28.93Z</time>
		</trkpt>
		<trkpt lat="34.862417" lon="128.705439">
			<ele>0.00</ele>
			<time>2020-01-17T03:10:29.42Z</time>
		</trkpt>
		<trkpt lat="34.862389" lon="128.705556">
			<ele>0.00</ele>
			<time>2020-01-17T03:10:30.08Z</time>
		</trkpt>
		<trkpt lat="34.862359" lon="128.705640">
			<ele>0.00</ele>
			<time>2020-01-17T03:10:30.59Z</time>
		</trkpt>
		<trkpt lat="34.862334" lon="128.705725">
			<ele>0.00</ele>
			<time>2020-01-17T03:10:31.08Z</time>
		</trkpt>
		<trkpt lat="34.862306" lon="128.705820">
			<ele>0.00</ele>
			<time>2020-01-17T03:10:31.63Z</time>
		</trkpt>
		<trkpt lat="34.862262" lon="128.705935">
			<ele>0.00</ele>
			<time>2020-01-17T03:10:32.33Z</time>
		</trkpt>
		<trkpt lat="34.862212" lon="128.706040">
			<ele>0.00</ele>
			<time>2020-01-17T03:10:32.99Z</time>
		</trkpt>
		<trkpt lat="34.862163" lon="128.706160">
			<ele>0.00</ele>
			<time>2020-01-17T03:10:33.72Z</time>
		</trkpt>
		<trkpt lat="34.862113" lon="128.706240">
			<ele>0.00</ele>
			<time>2020-01-17T03:10:34.27Z</time>
		</trkpt>
		<trkpt lat="34.862068" lon="128.706319">
			<ele>0.00</ele>
			<time>2020-01-17T03:10:34.80Z</time>
		</trkpt>
		<trkpt lat="34.862025" lon="128.706397">
			<ele>0.00</ele>
			<time>2020-01-17T03:10:35.31Z</time>
		</trkpt>
		<trkpt lat="34.861976" lon="128.706487">
			<ele>0.00</ele>
			<time>2020-01-17T03:10:35.90Z</time>
		</trkpt>
		<trkpt lat="34.861945" lon="128.706560">
			<ele>0.00</ele>
			<time>2020-01-17T03:10:36.35Z</time>
		</trkpt>
		<trkpt lat="34.861908" lon="128.706638">
			<ele>0.00</ele>
			<time>2020-01-17T03:10:36.85Z</time>
		</trkpt>
		<trkpt lat="34.861850" lon="128.706750">
			<ele>0.00</ele>
			<time>2020-01-17T03:10:37.57Z</time>
		</trkpt>
		<trkpt lat="34.861797" lon="128.706869">
			<ele>0.00</ele>
			<time>2020-01-17T03:10:38.31Z</time>
		</trkpt>
		<trkpt lat="34.861758" lon="128.706954">
			<ele>0.00</ele>
			<time>2020-01-17T03:10:38.85Z</time>
		</trkpt>
		<trkpt lat="34.861707" lon="128.707054">
			<ele>0.00</ele>
			<time>2020-01-17T03:10:39.49Z</time>
		</trkpt>
		<trkpt lat="34.861659" lon="128.707164">
			<ele>0.00</ele>
			<time>2020-01-17T03:10:40.17Z</time>
		</trkpt>
		<trkpt lat="34.861611" lon="128.707256">
			<ele>0.00</ele>
			<time>2020-01-17T03:10:40.77Z</time>
		</trkpt>
		<trkpt lat="34.861568" lon="128.707350">
			<ele>0.00</ele>
			<time>2020-01-17T03:10:41.36Z</time>
		</trkpt>
		<trkpt lat="34.861536" lon="128.707445">
			<ele>0.00</ele>
			<time>2020-01-17T03:10:41.92Z</time>
		</trkpt>
		<trkpt lat="34.861508" lon="128.707530">
			<ele>0.00</ele>
			<time>2020-01-17T03:10:42.42Z</time>
		</trkpt>
		<trkpt lat="34.861485" lon="128.707619">
			<ele>0.00</ele>
			<time>2020-01-17T03:10:42.93Z</time>
		</trkpt>
		<trkpt lat="34.861461" lon="128.707712">
			<ele>0.00</ele>
			<time>2020-01-17T03:10:43.46Z</time>
		</trkpt>
		<trkpt lat="34.861427" lon="128.707820">
			<ele>0.00</ele>
			<time>2020-01-17T03:10:44.09Z</time>
		</trkpt>
		<trkpt lat="34.861401" lon="128.707883">
			<ele>0.00</ele>
			<time>2020-01-17T03:10:44.48Z</time>
		</trkpt>
		<trkpt lat="34.861349" lon="128.707985">
			<ele>0.00</ele>
			<time>2020-01-17T03:10:45.14Z</time>
		</trkpt>
		<trkpt lat="34.861312" lon="128.708059">
			<ele>0.00</ele>
			<time>2020-01-17T03:10:45.61Z</time>
		</trkpt>
		<trkpt lat="34.861254" lon="128.708154">
			<ele>0.00</ele>
			<time>2020-01-17T03:10:46.26Z</time>
		</trkpt>
		<trkpt lat="34.861217" lon="128.708218">
			<ele>0.00</ele>
			<time>2020-01-17T03:10:46.69Z</time>
		</trkpt>
		<trkpt lat="34.861177" lon="128.708303">
			<ele>0.00</ele>
			<time>2020-01-17T03:10:47.22Z</time>
		</trkpt>
		<trkpt lat="34.861132" lon="128.708384">
			<ele>0.00</ele>
			<time>2020-01-17T03:10:47.76Z</time>
		</trkpt>
		<trkpt lat="34.861090" lon="128.708462">
			<ele>0.00</ele>
			<time>2020-01-17T03:10:48.27Z</time>
		</trkpt>
		<trkpt lat="34.861058" lon="128.708546">
			<ele>0.00</ele>
			<time>2020-01-17T03:10:48.78Z</time>
		</trkpt>
		<trkpt lat="34.861031" lon="128.708620">
			<ele>0.00</ele>
			<time>2020-01-17T03:10:49.22Z</time>
		</trkpt>
		<trkpt lat="34.860990" lon="128.708712">
			<ele>0.00</ele>
			<time>2020-01-17T03:10:49.79Z</time>
		</trkpt>
		<trkpt lat="34.860963" lon="128.708801">
			<ele>0.00</ele>
			<time>2020-01-17T03:10:50.31Z</time>
		</trkpt>
		<trkpt lat="34.860935" lon="128.708883">
			<ele>0.00</ele>
			<time>2020-01-17T03:10:50.79Z</time>
		</trkpt>
		<trkpt lat="34.860902" lon="128.708969">
			<ele>0.00</ele>
			<time>2020-01-17T03:10:51.31Z</time>
		</trkpt>
		<trkpt lat="34.860874" lon="128.709069">
			<ele>0.00</ele>
			<time>2020-01-17T03:10:51.90Z</time>
		</trkpt>
		<trkpt lat="34.860852" lon="128.709165">
			<ele>0.00</ele>
			<time>2020-01-17T03:10:52.44Z</time>
		</trkpt>
		<trkpt lat="34.860843" lon="128.709273">
			<ele>0.00</ele>
			<time>2020-01-17T03:10:53.03Z</time>
		</trkpt>
		<trkpt lat="34.860840" lon="128.709372">
			<ele>0.00</ele>
			<time>2020-01-17T03:10:53.58Z</time>
		</trkpt>
		<trkpt lat="34.860844" lon="128.709467">
			<ele>0.00</ele>
			<time>2020-01-17T03:10:54.10Z</time>
		</trkpt>
		<trkpt lat="34.860856" lon="128.709559">
			<ele>0.00</ele>
			<time>2020-01-17T03:10:54.60Z</time>
		</trkpt>
		<trkpt lat="34.860862" lon="128.709652">
			<ele>0.00</ele>
			<time>2020-01-17T03:10:55.11Z</time>
		</trkpt>
		<trkpt lat="34.860895" lon="128.709773">
			<ele>0.00</ele>
			<time>2020-01-17T03:10:55.82Z</time>
		</trkpt>
		<trkpt lat="34.860930" lon="128.709871">
			<ele>0.00</ele>
			<time>2020-01-17T03:10:56.40Z</time>
		</trkpt>
		<trkpt lat="34.860973" lon="128.709962">
			<ele>0.00</ele>
			<time>2020-01-17T03:10:56.97Z</time>
		</trkpt>
		<trkpt lat="34.861016" lon="128.710048">
			<ele>0.00</ele>
			<time>2020-01-17T03:10:57.52Z</time>
		</trkpt>
		<trkpt lat="34.861067" lon="128.710125">
			<ele>0.00</ele>
			<time>2020-01-17T03:10:58.06Z</time>
		</trkpt>
		<trkpt lat="34.861116" lon="128.710195">
			<ele>0.00</ele>
			<time>2020-01-17T03:10:58.57Z</time>
		</trkpt>
		<trkpt lat="34.861171" lon="128.710261">
			<ele>0.00</ele>
			<time>2020-01-17T03:10:59.09Z</time>
		</trkpt>
		<trkpt lat="34.861227" lon="128.710334">
			<ele>0.00</ele>
			<time>2020-01-17T03:10:59.63Z</time>
		</trkpt>
		<trkpt lat="34.861287" lon="128.710407">
			<ele>0.00</ele>
			<time>2020-01-17T03:11:00.20Z</time>
		</trkpt>
		<trkpt lat="34.861351" lon="128.710472">
			<ele>0.00</ele>
			<time>2020-01-17T03:11:00.75Z</time>
		</trkpt>
		<trkpt lat="34.861424" lon="128.710527">
			<ele>0.00</ele>
			<time>2020-01-17T03:11:01.32Z</time>
		</trkpt>
		<trkpt lat="34.861490" lon="128.710573">
			<ele>0.00</ele>
			<time>2020-01-17T03:11:01.83Z</time>
		</trkpt>
		<trkpt lat="34.861557" lon="128.710625">
			<ele>0.00</ele>
			<time>2020-01-17T03:11:02.36Z</time>
		</trkpt>
		<trkpt lat="34.861618" lon="128.710675">
			<ele>0.00</ele>
			<time>2020-01-17T03:11:02.85Z</time>
		</trkpt>
		<trkpt lat="34.861703" lon="128.710735">
			<ele>0.00</ele>
			<time>2020-01-17T03:11:03.50Z</time>
		</trkpt>
		<trkpt lat="34.861767" lon="128.710790">
			<ele>0.00</ele>
			<time>2020-01-17T03:11:04.03Z</time>
		</trkpt>
		<trkpt lat="34.861858" lon="128.710857">
			<ele>0.00</ele>
			<time>2020-01-17T03:11:04.73Z</time>
		</trkpt>
		<trkpt lat="34.861951" lon="128.710922">
			<ele>0.00</ele>
			<time>2020-01-17T03:11:05.45Z</time>
		</trkpt>
		<trkpt lat="34.862019" lon="128.710980">
			<ele>0.00</ele>
			<time>2020-01-17T03:11:06Z</time>
		</trkpt>
		<trkpt lat="34.862076" lon="128.711022">
			<ele>0.00</ele>
			<time>2020-01-17T03:11:06.45Z</time>
		</trkpt>
		<trkpt lat="34.862149" lon="128.711061">
			<ele>0.00</ele>
			<time>2020-01-17T03:11:06.98Z</time>
		</trkpt>
		<trkpt lat="34.862236" lon="128.711106">
			<ele>0.00</ele>
			<time>2020-01-17T03:11:07.61Z</time>
		</trkpt>
		<trkpt lat="34.862330" lon="128.711168">
			<ele>0.00</ele>
			<time>2020-01-17T03:11:08.32Z</time>
		</trkpt>
		<trkpt lat="34.862410" lon="128.711222">
			<ele>0.00</ele>
			<time>2020-01-17T03:11:08.93Z</time>
		</trkpt>
		<trkpt lat="34.862507" lon="128.711287">
			<ele>0.00</ele>
			<time>2020-01-17T03:11:09.67Z</time>
		</trkpt>
		<trkpt lat="34.862578" lon="128.711339">
			<ele>0.00</ele>
			<time>2020-01-17T03:11:10.22Z</time>
		</trkpt>
		<trkpt lat="34.862670" lon="128.711411">
			<ele>0.00</ele>
			<time>2020-01-17T03:11:10.95Z</time>
		</trkpt>
		<trkpt lat="34.862750" lon="128.711476">
			<ele>0.00</ele>
			<time>2020-01-17T03:11:11.59Z</time>
		</trkpt>
		<trkpt lat="34.862829" lon="128.711538">
			<ele>0.00</ele>
			<time>2020-01-17T03:11:12.22Z</time>
		</trkpt>
		<trkpt lat="34.862905" lon="128.711585">
			<ele>0.00</ele>
			<time>2020-01-17T03:11:12.78Z</time>
		</trkpt>
		<trkpt lat="34.862986" lon="128.711635">
			<ele>0.00</ele>
			<time>2020-01-17T03:11:13.39Z</time>
		</trkpt>
		<trkpt lat="34.863058" lon="128.711675">
			<ele>0.00</ele>
			<time>2020-01-17T03:11:13.92Z</time>
		</trkpt>
		<trkpt lat="34.863152" lon="128.711750">
			<ele>0.00</ele>
			<time>2020-01-17T03:11:14.66Z</time>
		</trkpt>
		<trkpt lat="34.863240" lon="128.711822">
			<ele>0.00</ele>
			<time>2020-01-17T03:11:15.37Z</time>
		</trkpt>
		<trkpt lat="34.863322" lon="128.711891">
			<ele>0.00</ele>
			<time>2020-01-17T03:11:16.04Z</time>
		</trkpt>
		<trkpt lat="34.863413" lon="128.711961">
			<ele>0.00</ele>
			<time>2020-01-17T03:11:16.75Z</time>
		</trkpt>
		<trkpt lat="34.863476" lon="128.712014">
			<ele>0.00</ele>
			<time>2020-01-17T03:11:17.27Z</time>
		</trkpt>
		<trkpt lat="34.863580" lon="128.712081">
			<ele>0.00</ele>
			<time>2020-01-17T03:11:18.05Z</time>
		</trkpt>
		<trkpt lat="34.863649" lon="128.712133">
			<ele>0.00</ele>
			<time>2020-01-17T03:11:18.59Z</time>
		</trkpt>
		<trkpt lat="34.863735" lon="128.712194">
			<ele>0.00</ele>
			<time>2020-01-17T03:11:19.25Z</time>
		</trkpt>
		<trkpt lat="34.863798" lon="128.712263">
			<ele>0.00</ele>
			<time>2020-01-17T03:11:19.82Z</time>
		</trkpt>
		<trkpt lat="34.863884" lon="128.712324">
			<ele>0.00</ele>
			<time>2020-01-17T03:11:20.48Z</time>
		</trkpt>
		<trkpt lat="34.863975" lon="128.712417">
			<ele>0.00</ele>
			<time>2020-01-17T03:11:21.27Z</time>
		</trkpt>
		<trkpt lat="34.864040" lon="128.712480">
			<ele>0.00</ele>
			<time>2020-01-17T03:11:21.83Z</time>
		</trkpt>
		<trkpt lat="34.864119" lon="128.712540">
			<ele>0.00</ele>
			<time>2020-01-17T03:11:22.45Z</time>
		</trkpt>
		<trkpt lat="34.864191" lon="128.712609">
			<ele>0.00</ele>
			<time>2020-01-17T03:11:23.06Z</time>
		</trkpt>
		<trkpt lat="34.864274" lon="128.712673">
			<ele>0.00</ele>
			<time>2020-01-17T03:11:23.71Z</time>
		</trkpt>
		<trkpt lat="34.864390" lon="128.712764">
			<ele>0.00</ele>
			<time>2020-01-17T03:11:24.63Z</time>
		</trkpt>
		<trkpt lat="34.864473" lon="128.712831">
			<ele>0.00</ele>
			<time>2020-01-17T03:11:25.30Z</time>
		</trkpt>
		<trkpt lat="34.864552" lon="128.712887">
			<ele>0.00</ele>
			<time>2020-01-17T03:11:25.91Z</time>
		</trkpt>
		<trkpt lat="34.864632" lon="128.712954">
			<ele>0.00</ele>
			<time>2020-01-17T03:11:26.55Z</time>
		</trkpt>
		<trkpt lat="34.864708" lon="128.713002">
			<ele>0.00</ele>
			<time>2020-01-17T03:11:27.12Z</time>
		</trkpt>
		<trkpt lat="34.864775" lon="128.713055">
			<ele>0.00</ele>
			<time>2020-01-17T03:11:27.66Z</time>
		</trkpt>
		<trkpt lat="34.864859" lon="128.713118">
			<ele>0.00</ele>
			<time>2020-01-17T03:11:28.31Z</time>
		</trkpt>
		<trkpt lat="34.864934" lon="128.713172">
			<ele>0.00</ele>
			<time>2020-01-17T03:11:28.90Z</time>
		</trkpt>
		<trkpt lat="34.865000" lon="128.713227">
			<ele>0.00</ele>
			<time>2020-01-17T03:11:29.43Z</time>
		</trkpt>
		<trkpt lat="34.865067" lon="128.713271">
			<ele>0.00</ele>
			<time>2020-01-17T03:11:29.94Z</time>
		</trkpt>
		<trkpt lat="34.865138" lon="128.713321">
			<ele>0.00</ele>
			<time>2020-01-17T03:11:30.48Z</time>
		</trkpt>
		<trkpt lat="34.865209" lon="128.713372">
			<ele>0.00</ele>
			<time>2020-01-17T03:11:31.03Z</time>
		</trkpt>
		<trkpt lat="34.865280" lon="128.713429">
			<ele>0.00</ele>
			<time>2020-01-17T03:11:31.60Z</time>
		</trkpt>
		<trkpt lat="34.865354" lon="128.713476">
			<ele>0.00</ele>
			<time>2020-01-17T03:11:32.16Z</time>
		</trkpt>
		<trkpt lat="34.865429" lon="128.713519">
			<ele>0.00</ele>
			<time>2020-01-17T03:11:32.71Z</time>
		</trkpt>
		<trkpt lat="34.865496" lon="128.713568">
			<ele>0.00</ele>
			<time>2020-01-17T03:11:33.22Z</time>
		</trkpt>
		<trkpt lat="34.865580" lon="128.713622">
			<ele>0.00</ele>
			<time>2020-01-17T03:11:33.86Z</time>
		</trkpt>
		<trkpt lat="34.865678" lon="128.713680">
			<ele>0.00</ele>
			<time>2020-01-17T03:11:34.59Z</time>
		</trkpt>
		<trkpt lat="34.865758" lon="128.713732">
			<ele>0.00</ele>
			<time>2020-01-17T03:11:35.19Z</time>
		</trkpt>
		<trkpt lat="34.865874" lon="128.713794">
			<ele>0.00</ele>
			<time>2020-01-17T03:11:36.03Z</time>
		</trkpt>
		<trkpt lat="34.865952" lon="128.713848">
			<ele>0.00</ele>
			<time>2020-01-17T03:11:36.63Z</time>
		</trkpt>
		<trkpt lat="34.866004" lon="128.713886">
			<ele>0.00</ele>
			<time>2020-01-17T03:11:37.04Z</time>
		</trkpt>
		<trkpt lat="34.866077" lon="128.713943">
			<ele>0.00</ele>
			<time>2020-01-17T03:11:37.62Z</time>
		</trkpt>
		<trkpt lat="34.866161" lon="128.714005">
			<ele>0.00</ele>
			<time>2020-01-17T03:11:38.27Z</time>
		</trkpt>
		<trkpt lat="34.866263" lon="128.714064">
			<ele>0.00</ele>
			<time>2020-01-17T03:11:39.02Z</time>
		</trkpt>
		<trkpt lat="34.866325" lon="128.714116">
			<ele>0.00</ele>
			<time>2020-01-17T03:11:39.53Z</time>
		</trkpt>
		<trkpt lat="34.866400" lon="128.714164">
			<ele>0.00</ele>
			<time>2020-01-17T03:11:40.09Z</time>
		</trkpt>
		<trkpt lat="34.866436" lon="128.714198">
			<ele>0.00</ele>
			<time>2020-01-17T03:11:40.39Z</time>
		</trkpt>
		<trkpt lat="34.866509" lon="128.714248">
			<ele>0.00</ele>
			<time>2020-01-17T03:11:40.95Z</time>
		</trkpt>
		<trkpt lat="34.866592" lon="128.714296">
			<ele>0.00</ele>
			<time>2020-01-17T03:11:41.57Z</time>
		</trkpt>
		<trkpt lat="34.866653" lon="128.714339">
			<ele>0.00</ele>
			<time>2020-01-17T03:11:42.03Z</time>
		</trkpt>
		<trkpt lat="34.866727" lon="128.714386">
			<ele>0.00</ele>
			<time>2020-01-17T03:11:42.59Z</time>
		</trkpt>
		<trkpt lat="34.866788" lon="128.714423">
			<ele>0.00</ele>
			<time>2020-01-17T03:11:43.05Z</time>
		</trkpt>
		<trkpt lat="34.866855" lon="128.714467">
			<ele>0.00</ele>
			<time>2020-01-17T03:11:43.55Z</time>
		</trkpt>
		<trkpt lat="34.866936" lon="128.714519">
			<ele>0.00</ele>
			<time>2020-01-17T03:11:44.16Z</time>
		</trkpt>
		<trkpt lat="34.866999" lon="128.714567">
			<ele>0.00</ele>
			<time>2020-01-17T03:11:44.66Z</time>
		</trkpt>
		<trkpt lat="34.867063" lon="128.714609">
			<ele>0.00</ele>
			<time>2020-01-17T03:11:45.14Z</time>
		</trkpt>
		<trkpt lat="34.867129" lon="128.714655">
			<ele>0.00</ele>
			<time>2020-01-17T03:11:45.65Z</time>
		</trkpt>
		<trkpt lat="34.867197" lon="128.714703">
			<ele>0.00</ele>
			<time>2020-01-17T03:11:46.18Z</time>
		</trkpt>
		<trkpt lat="34.867256" lon="128.714748">
			<ele>0.00</ele>
			<time>2020-01-17T03:11:46.64Z</time>
		</trkpt>
		<trkpt lat="34.867338" lon="128.714807">
			<ele>0.00</ele>
			<time>2020-01-17T03:11:47.27Z</time>
		</trkpt>
		<trkpt lat="34.867410" lon="128.714855">
			<ele>0.00</ele>
			<time>2020-01-17T03:11:47.82Z</time>
		</trkpt>
		<trkpt lat="34.867483" lon="128.714911">
			<ele>0.00</ele>
			<time>2020-01-17T03:11:48.39Z</time>
		</trkpt>
		<trkpt lat="34.867554" lon="128.714958">
			<ele>0.00</ele>
			<time>2020-01-17T03:11:48.93Z</time>
		</trkpt>
		<trkpt lat="34.867554" lon="128.714960">
			<ele>0.00</ele>
			<time>2020-01-17T03:11:48.99Z</time>
		</trkpt>
		<trkpt lat="34.867620" lon="128.715011">
			<ele>0.00</ele>
			<time>2020-01-17T03:11:49.51Z</time>
		</trkpt>
		<trkpt lat="34.867703" lon="128.715064">
			<ele>0.00</ele>
			<time>2020-01-17T03:11:50.14Z</time>
		</trkpt>
		<trkpt lat="34.867791" lon="128.715125">
			<ele>0.00</ele>
			<time>2020-01-17T03:11:50.82Z</time>
		</trkpt>
		<trkpt lat="34.867858" lon="128.715171">
			<ele>0.00</ele>
			<time>2020-01-17T03:11:51.33Z</time>
		</trkpt>
		<trkpt lat="34.867936" lon="128.715218">
			<ele>0.00</ele>
			<time>2020-01-17T03:11:51.91Z</time>
		</trkpt>
		<trkpt lat="34.868016" lon="128.715270">
			<ele>0.00</ele>
			<time>2020-01-17T03:11:52.51Z</time>
		</trkpt>
		<trkpt lat="34.868090" lon="128.715314">
			<ele>0.00</ele>
			<time>2020-01-17T03:11:53.06Z</time>
		</trkpt>
		<trkpt lat="34.868160" lon="128.715367">
			<ele>0.00</ele>
			<time>2020-01-17T03:11:53.61Z</time>
		</trkpt>
		<trkpt lat="34.868234" lon="128.715415">
			<ele>0.00</ele>
			<time>2020-01-17T03:11:54.17Z</time>
		</trkpt>
		<trkpt lat="34.868307" lon="128.715459">
			<ele>0.00</ele>
			<time>2020-01-17T03:11:54.71Z</time>
		</trkpt>
		<trkpt lat="34.868380" lon="128.715508">
			<ele>0.00</ele>
			<time>2020-01-17T03:11:55.27Z</time>
		</trkpt>
		<trkpt lat="34.868465" lon="128.715563">
			<ele>0.00</ele>
			<time>2020-01-17T03:11:55.91Z</time>
		</trkpt>
		<trkpt lat="34.868532" lon="128.715611">
			<ele>0.00</ele>
			<time>2020-01-17T03:11:56.43Z</time>
		</trkpt>
		<trkpt lat="34.868614" lon="128.715659">
			<ele>0.00</ele>
			<time>2020-01-17T03:11:57.04Z</time>
		</trkpt>
		<trkpt lat="34.868698" lon="128.715710">
			<ele>0.00</ele>
			<time>2020-01-17T03:11:57.66Z</time>
		</trkpt>
		<trkpt lat="34.868786" lon="128.715763">
			<ele>0.00</ele>
			<time>2020-01-17T03:11:58.31Z</time>
		</trkpt>
		<trkpt lat="34.868899" lon="128.715845">
			<ele>0.00</ele>
			<time>2020-01-17T03:11:59.19Z</time>
		</trkpt>
		<trkpt lat="34.869011" lon="128.715915">
			<ele>0.00</ele>
			<time>2020-01-17T03:12:00.03Z</time>
		</trkpt>
		<trkpt lat="34.869138" lon="128.716007">
			<ele>0.00</ele>
			<time>2020-01-17T03:12:01.01Z</time>
		</trkpt>
		<trkpt lat="34.869274" lon="128.716091">
			<ele>0.00</ele>
			<time>2020-01-17T03:12:02.03Z</time>
		</trkpt>
		<trkpt lat="34.869423" lon="128.716192">
			<ele>0.00</ele>
			<time>2020-01-17T03:12:03.17Z</time>
		</trkpt>
		<trkpt lat="34.869518" lon="128.716250">
			<ele>0.00</ele>
			<time>2020-01-17T03:12:03.87Z</time>
		</trkpt>
		<trkpt lat="34.869635" lon="128.716347">
			<ele>0.00</ele>
			<time>2020-01-17T03:12:04.82Z</time>
		</trkpt>
		<trkpt lat="34.869746" lon="128.716450">
			<ele>0.00</ele>
			<time>2020-01-17T03:12:05.75Z</time>
		</trkpt>
		<trkpt lat="34.869868" lon="128.716577">
			<ele>0.00</ele>
			<time>2020-01-17T03:12:06.82Z</time>
		</trkpt>
		<trkpt lat="34.869987" lon="128.716684">
			<ele>0.00</ele>
			<time>2020-01-17T03:12:07.80Z</time>
		</trkpt>
		<trkpt lat="34.870072" lon="128.716795">
			<ele>0.00</ele>
			<time>2020-01-17T03:12:08.63Z</time>
		</trkpt>
		<trkpt lat="34.870177" lon="128.716943">
			<ele>0.00</ele>
			<time>2020-01-17T03:12:09.70Z</time>
		</trkpt>
		<trkpt lat="34.870271" lon="128.717075">
			<ele>0.00</ele>
			<time>2020-01-17T03:12:10.66Z</time>
		</trkpt>
		<trkpt lat="34.870349" lon="128.717202">
			<ele>0.00</ele>
			<time>2020-01-17T03:12:11.53Z</time>
		</trkpt>
		<trkpt lat="34.870428" lon="128.717316">
			<ele>0.00</ele>
			<time>2020-01-17T03:12:12.34Z</time>
		</trkpt>
		<trkpt lat="34.870502" lon="128.717469">
			<ele>0.00</ele>
			<time>2020-01-17T03:12:13.31Z</time>
		</trkpt>
		<trkpt lat="34.870566" lon="128.717599">
			<ele>0.00</ele>
			<time>2020-01-17T03:12:14.15Z</time>
		</trkpt>
		<trkpt lat="34.870615" lon="128.717713">
			<ele>0.00</ele>
			<time>2020-01-17T03:12:14.85Z</time>
		</trkpt>
		<trkpt lat="34.870687" lon="128.717848">
			<ele>0.00</ele>
			<time>2020-01-17T03:12:15.73Z</time>
		</trkpt>
		<trkpt lat="34.870755" lon="128.718004">
			<ele>0.00</ele>
			<time>2020-01-17T03:12:16.70Z</time>
		</trkpt>
		<trkpt lat="34.870809" lon="128.718155">
			<ele>0.00</ele>
			<time>2020-01-17T03:12:17.60Z</time>
		</trkpt>
		<trkpt lat="34.870849" lon="128.718290">
			<ele>0.00</ele>
			<time>2020-01-17T03:12:18.38Z</time>
		</trkpt>
		<trkpt lat="34.870890" lon="128.718456">
			<ele>0.00</ele>
			<time>2020-01-17T03:12:19.33Z</time>
		</trkpt>
		<trkpt lat="34.870932" lon="128.718629">
			<ele>0.00</ele>
			<time>2020-01-17T03:12:20.32Z</time>
		</trkpt>
		<trkpt lat="34.870963" lon="128.718776">
			<ele>0.00</ele>
			<time>2020-01-17T03:12:21.15Z</time>
		</trkpt>
		<trkpt lat="34.870988" lon="128.718914">
			<ele>0.00</ele>
			<time>2020-01-17T03:12:21.92Z</time>
		</trkpt>
		<trkpt lat="34.870999" lon="128.719069">
			<ele>0.00</ele>
			<time>2020-01-17T03:12:22.77Z</time>
		</trkpt>
		<trkpt lat="34.871013" lon="128.719227">
			<ele>0.00</ele>
			<time>2020-01-17T03:12:23.64Z</time>
		</trkpt>
		<trkpt lat="34.871014" lon="128.719381">
			<ele>0.00</ele>
			<time>2020-01-17T03:12:24.48Z</time>
		</trkpt>
		<trkpt lat="34.871014" lon="128.719527">
			<ele>0.00</ele>
			<time>2020-01-17T03:12:25.28Z</time>
		</trkpt>
		<trkpt lat="34.871021" lon="128.719715">
			<ele>0.00</ele>
			<time>2020-01-17T03:12:26.31Z</time>
		</trkpt>
		<trkpt lat="34.871019" lon="128.719873">
			<ele>0.00</ele>
			<time>2020-01-17T03:12:27.17Z</time>
		</trkpt>
		<trkpt lat="34.871025" lon="128.720079">
			<ele>0.00</ele>
			<time>2020-01-17T03:12:28.30Z</time>
		</trkpt>
		<trkpt lat="34.871063" lon="128.720208">
			<ele>0.00</ele>
			<time>2020-01-17T03:12:29.05Z</time>
		</trkpt>
		<trkpt lat="34.871120" lon="128.720374">
			<ele>0.00</ele>
			<time>2020-01-17T03:12:30.04Z</time>
		</trkpt>
		<trkpt lat="34.871142" lon="128.720489">
			<ele>0.00</ele>
			<time>2020-01-17T03:12:30.68Z</time>
		</trkpt>
		<trkpt lat="34.871159" lon="128.720635">
			<ele>0.00</ele>
			<time>2020-01-17T03:12:31.49Z</time>
		</trkpt>
		<trkpt lat="34.871154" lon="128.720791">
			<ele>0.00</ele>
			<time>2020-01-17T03:12:32.34Z</time>
		</trkpt>
		<trkpt lat="34.871099" lon="128.720932">
			<ele>0.00</ele>
			<time>2020-01-17T03:12:33.20Z</time>
		</trkpt>
		<trkpt lat="34.871029" lon="128.721052">
			<ele>0.00</ele>
			<time>2020-01-17T03:12:34Z</time>
		</trkpt>
		<trkpt lat="34.870965" lon="128.721175">
			<ele>0.00</ele>
			<time>2020-01-17T03:12:34.80Z</time>
		</trkpt>
		<trkpt lat="34.870897" lon="128.721283">
			<ele>0.00</ele>
			<time>2020-01-17T03:12:35.54Z</time>
		</trkpt>
		<trkpt lat="34.870844" lon="128.721389">
			<ele>0.00</ele>
			<time>2020-01-17T03:12:36.22Z</time>
		</trkpt>
		<trkpt lat="34.870789" lon="128.721504">
			<ele>0.00</ele>
			<time>2020-01-17T03:12:36.95Z</time>
		</trkpt>
		<trkpt lat="34.870736" lon="128.721629">
			<ele>0.00</ele>
			<time>2020-01-17T03:12:37.72Z</time>
		</trkpt>
		<trkpt lat="34.870702" lon="128.721774">
			<ele>0.00</ele>
			<time>2020-01-17T03:12:38.54Z</time>
		</trkpt>
		<trkpt lat="34.870656" lon="128.721918">
			<ele>0.00</ele>
			<time>2020-01-17T03:12:39.39Z</time>
		</trkpt>
		<trkpt lat="34.870622" lon="128.722119">
			<ele>0.00</ele>
			<time>2020-01-17T03:12:40.51Z</time>
		</trkpt>
		<trkpt lat="34.870611" lon="128.722269">
			<ele>0.00</ele>
			<time>2020-01-17T03:12:41.34Z</time>
		</trkpt>
		<trkpt lat="34.870611" lon="128.722336">
			<ele>0.00</ele>
			<time>2020-01-17T03:12:41.70Z</time>
		</trkpt>
		<trkpt lat="34.870530" lon="128.722384">
			<ele>0.00</ele>
			<time>2020-01-17T03:12:42.30Z</time>
		</trkpt>
		<trkpt lat="34.870435" lon="128.722449">
			<ele>0.00</ele>
			<time>2020-01-17T03:12:43.03Z</time>
		</trkpt>
		<trkpt lat="34.870310" lon="128.722512">
			<ele>0.00</ele>
			<time>2020-01-17T03:12:43.93Z</time>
		</trkpt>
		<trkpt lat="34.870183" lon="128.722610">
			<ele>0.00</ele>
			<time>2020-01-17T03:12:44.93Z</time>
		</trkpt>
		<trkpt lat="34.870100" lon="128.722702">
			<ele>0.00</ele>
			<time>2020-01-17T03:12:45.68Z</time>
		</trkpt>
		<trkpt lat="34.870006" lon="128.722824">
			<ele>0.00</ele>
			<time>2020-01-17T03:12:46.60Z</time>
		</trkpt>
		<trkpt lat="34.869917" lon="128.722941">
			<ele>0.00</ele>
			<time>2020-01-17T03:12:47.47Z</time>
		</trkpt>
		<trkpt lat="34.869819" lon="128.723057">
			<ele>0.00</ele>
			<time>2020-01-17T03:12:48.38Z</time>
		</trkpt>
		<trkpt lat="34.869697" lon="128.723196">
			<ele>0.00</ele>
			<time>2020-01-17T03:12:49.49Z</time>
		</trkpt>
		<trkpt lat="34.869572" lon="128.723363">
			<ele>0.00</ele>
			<time>2020-01-17T03:12:50.73Z</time>
		</trkpt>
		<trkpt lat="34.869478" lon="128.723497">
			<ele>0.00</ele>
			<time>2020-01-17T03:12:51.69Z</time>
		</trkpt>
		<trkpt lat="34.869476" lon="128.723502">
			<ele>0.00</ele>
			<time>2020-01-17T03:12:51.75Z</time>
		</trkpt>
		<trkpt lat="34.869389" lon="128.723631">
			<ele>0.00</ele>
			<time>2020-01-17T03:12:52.67Z</time>
		</trkpt>
		<trkpt lat="34.869313" lon="128.723776">
			<ele>0.00</ele>
			<time>2020-01-17T03:12:53.60Z</time>
		</trkpt>
		<trkpt lat="34.869218" lon="128.723948">
			<ele>0.00</ele>
			<time>2020-01-17T03:12:54.74Z</time>
		</trkpt>
		<trkpt lat="34.869155" lon="128.724111">
			<ele>0.00</ele>
			<time>2020-01-17T03:12:55.73Z</time>
		</trkpt>
		<trkpt lat="34.869078" lon="128.724282">
			<ele>0.00</ele>
			<time>2020-01-17T03:12:56.79Z</time>
		</trkpt>
		<trkpt lat="34.869028" lon="128.724426">
			<ele>0.00</ele>
			<time>2020-01-17T03:12:57.64Z</time>
		</trkpt>
		<trkpt lat="34.868973" lon="128.724644">
			<ele>0.00</ele>
			<time>2020-01-17T03:12:58.90Z</time>
		</trkpt>
		<trkpt lat="34.868965" lon="128.724836">
			<ele>0.00</ele>
			<time>2020-01-17T03:12:59.94Z</time>
		</trkpt>
		<trkpt lat="34.868980" lon="128.725053">
			<ele>0.00</ele>
			<time>2020-01-17T03:13:01.13Z</time>
		</trkpt>
		<trkpt lat="34.869011" lon="128.725241">
			<ele>0.00</ele>
			<time>2020-01-17T03:13:02.18Z</time>
		</trkpt>
		<trkpt lat="34.869064" lon="128.725423">
			<ele>0.00</ele>
			<time>2020-01-17T03:13:03.24Z</time>
		</trkpt>
		<trkpt lat="34.869118" lon="128.725593">
			<ele>0.00</ele>
			<time>2020-01-17T03:13:04.24Z</time>
		</trkpt>
		<trkpt lat="34.869169" lon="128.725720">
			<ele>0.00</ele>
			<time>2020-01-17T03:13:05.01Z</time>
		</trkpt>
		<trkpt lat="34.869217" lon="128.725830">
			<ele>0.00</ele>
			<time>2020-01-17T03:13:05.70Z</time>
		</trkpt>
		<trkpt lat="34.869306" lon="128.725962">
			<ele>0.00</ele>
			<time>2020-01-17T03:13:06.63Z</time>
		</trkpt>
		<trkpt lat="34.869407" lon="128.726126">
			<ele>0.00</ele>
			<time>2020-01-17T03:13:07.75Z</time>
		</trkpt>
		<trkpt lat="34.869495" lon="128.726287">
			<ele>0.00</ele>
			<time>2020-01-17T03:13:08.81Z</time>
		</trkpt>
		<trkpt lat="34.869586" lon="128.726455">
			<ele>0.00</ele>
			<time>2020-01-17T03:13:09.91Z</time>
		</trkpt>
		<trkpt lat="34.869658" lon="128.726588">
			<ele>0.00</ele>
			<time>2020-01-17T03:13:10.78Z</time>
		</trkpt>
		<trkpt lat="34.869739" lon="128.726745">
			<ele>0.00</ele>
			<time>2020-01-17T03:13:11.80Z</time>
		</trkpt>
		<trkpt lat="34.869808" lon="128.726859">
			<ele>0.00</ele>
			<time>2020-01-17T03:13:12.57Z</time>
		</trkpt>
		<trkpt lat="34.869919" lon="128.727048">
			<ele>0.00</ele>
			<time>2020-01-17T03:13:13.84Z</time>
		</trkpt>
		<trkpt lat="34.869986" lon="128.727146">
			<ele>0.00</ele>
			<time>2020-01-17T03:13:14.54Z</time>
		</trkpt>
		<trkpt lat="34.870066" lon="128.727288">
			<ele>0.00</ele>
			<time>2020-01-17T03:13:15.48Z</time>
		</trkpt>
		<trkpt lat="34.870149" lon="128.727409">
			<ele>0.00</ele>
			<time>2020-01-17T03:13:16.34Z</time>
		</trkpt>
		<trkpt lat="34.870228" lon="128.727554">
			<ele>0.00</ele>
			<time>2020-01-17T03:13:17.30Z</time>
		</trkpt>
		<trkpt lat="34.870293" lon="128.727678">
			<ele>0.00</ele>
			<time>2020-01-17T03:13:18.10Z</time>
		</trkpt>
		<trkpt lat="34.870359" lon="128.727802">
			<ele>0.00</ele>
			<time>2020-01-17T03:13:18.91Z</time>
		</trkpt>
		<trkpt lat="34.870443" lon="128.727960">
			<ele>0.00</ele>
			<time>2020-01-17T03:13:19.94Z</time>
		</trkpt>
		<trkpt lat="34.870518" lon="128.728105">
			<ele>0.00</ele>
			<time>2020-01-17T03:13:20.88Z</time>
		</trkpt>
		<trkpt lat="34.870607" lon="128.728255">
			<ele>0.00</ele>
			<time>2020-01-17T03:13:21.89Z</time>
		</trkpt>
		<trkpt lat="34.870706" lon="128.728424">
			<ele>0.00</ele>
			<time>2020-01-17T03:13:23.02Z</time>
		</trkpt>
		<trkpt lat="34.870791" lon="128.728582">
			<ele>0.00</ele>
			<time>2020-01-17T03:13:24.06Z</time>
		</trkpt>
		<trkpt lat="34.870893" lon="128.728766">
			<ele>0.00</ele>
			<time>2020-01-17T03:13:25.27Z</time>
		</trkpt>
		<trkpt lat="34.870996" lon="128.728938">
			<ele>0.00</ele>
			<time>2020-01-17T03:13:26.43Z</time>
		</trkpt>
		<trkpt lat="34.871074" lon="128.729085">
			<ele>0.00</ele>
			<time>2020-01-17T03:13:27.39Z</time>
		</trkpt>
		<trkpt lat="34.871178" lon="128.729264">
			<ele>0.00</ele>
			<time>2020-01-17T03:13:28.59Z</time>
		</trkpt>
		<trkpt lat="34.871268" lon="128.729401">
			<ele>0.00</ele>
			<time>2020-01-17T03:13:29.55Z</time>
		</trkpt>
		<trkpt lat="34.871366" lon="128.729514">
			<ele>0.00</ele>
			<time>2020-01-17T03:13:30.45Z</time>
		</trkpt>
		<trkpt lat="34.871476" lon="128.729610">
			<ele>0.00</ele>
			<time>2020-01-17T03:13:31.36Z</time>
		</trkpt>
		<trkpt lat="34.871633" lon="128.729716">
			<ele>0.00</ele>
			<time>2020-01-17T03:13:32.55Z</time>
		</trkpt>
		<trkpt lat="34.871748" lon="128.729797">
			<ele>0.00</ele>
			<time>2020-01-17T03:13:33.43Z</time>
		</trkpt>
		<trkpt lat="34.871891" lon="128.729880">
			<ele>0.00</ele>
			<time>2020-01-17T03:13:34.49Z</time>
		</trkpt>
		<trkpt lat="34.872008" lon="128.729957">
			<ele>0.00</ele>
			<time>2020-01-17T03:13:35.38Z</time>
		</trkpt>
		<trkpt lat="34.872134" lon="128.730057">
			<ele>0.00</ele>
			<time>2020-01-17T03:13:36.38Z</time>
		</trkpt>
		<trkpt lat="34.872252" lon="128.730124">
			<ele>0.00</ele>
			<time>2020-01-17T03:13:37.25Z</time>
		</trkpt>
		<trkpt lat="34.872394" lon="128.730216">
			<ele>0.00</ele>
			<time>2020-01-17T03:13:38.32Z</time>
		</trkpt>
		<trkpt lat="34.872543" lon="128.730288">
			<ele>0.00</ele>
			<time>2020-01-17T03:13:39.39Z</time>
		</trkpt>
		<trkpt lat="34.872699" lon="128.730369">
			<ele>0.00</ele>
			<time>2020-01-17T03:13:40.52Z</time>
		</trkpt>
		<trkpt lat="34.872833" lon="128.730451">
			<ele>0.00</ele>
			<time>2020-01-17T03:13:41.52Z</time>
		</trkpt>
		<trkpt lat="34.872966" lon="128.730517">
			<ele>0.00</ele>
			<time>2020-01-17T03:13:42.48Z</time>
		</trkpt>
		<trkpt lat="34.873120" lon="128.730564">
			<ele>0.00</ele>
			<time>2020-01-17T03:13:43.54Z</time>
		</trkpt>
		<trkpt lat="34.873261" lon="128.730619">
			<ele>0.00</ele>
			<time>2020-01-17T03:13:44.52Z</time>
		</trkpt>
		<trkpt lat="34.873458" lon="128.730693">
			<ele>0.00</ele>
			<time>2020-01-17T03:13:45.90Z</time>
		</trkpt>
		<trkpt lat="34.873629" lon="128.730740">
			<ele>0.00</ele>
			<time>2020-01-17T03:13:47.06Z</time>
		</trkpt>
		<trkpt lat="34.873779" lon="128.730789">
			<ele>0.00</ele>
			<time>2020-01-17T03:13:48.10Z</time>
		</trkpt>
		<trkpt lat="34.873964" lon="128.730844">
			<ele>0.00</ele>
			<time>2020-01-17T03:13:49.37Z</time>
		</trkpt>
		<trkpt lat="34.874106" lon="128.730888">
			<ele>0.00</ele>
			<time>2020-01-17T03:13:50.35Z</time>
		</trkpt>
		<trkpt lat="34.874243" lon="128.730938">
			<ele>0.00</ele>
			<time>2020-01-17T03:13:51.30Z</time>
		</trkpt>
		<trkpt lat="34.874418" lon="128.730980">
			<ele>0.00</ele>
			<time>2020-01-17T03:13:52.49Z</time>
		</trkpt>
		<trkpt lat="34.874544" lon="128.731026">
			<ele>0.00</ele>
			<time>2020-01-17T03:13:53.37Z</time>
		</trkpt>
		<trkpt lat="34.874634" lon="128.731065">
			<ele>0.00</ele>
			<time>2020-01-17T03:13:54Z</time>
		</trkpt>
		<trkpt lat="34.874707" lon="128.731089">
			<ele>0.00</ele>
			<time>2020-01-17T03:13:54.51Z</time>
		</trkpt>
		<extensions>
			<gte:name>#135</gte:name>
			<gte:color>#42c2a8</gte:color>
		</extensions>
	</trkseg>
</trk>
</gpx>