<?xml version="1.0" encoding="UTF-8"?>
<gpx version="1.1" creator="GPS Track Editor" xmlns="http://www.topografix.com/GPX/1/1" xmlns:xsi="http://www.w3.org/2001/XMLSchema-instance" xmlns:gte="http://www.gpstrackeditor.com/xmlschemas/General/1" xmlns:gpxtpx="http://www.garmin.com/xmlschemas/TrackPointExtension/v1" xmlns:gpxx="http://www.garmin.com/xmlschemas/GpxExtensions/v3" targetNamespace="http://www.topografix.com/GPX/1/1" elementFormDefault="qualified" xsi:schemaLocation="http://www.topografix.com/GPX/1/1 http://www.topografix.com/GPX/1/1/gpx.xsd">
<metadata>
	<name>GPS_2020-01-20_040600</name>
</metadata>
<trk>
	<name>082-강진군 대구면 저두리 가우도 입구~강진군 강진읍 목리 구목리교 서쪽</name>
	<trkseg>
		<trkpt lat="34.535383" lon="126.790235">
			<ele>0.00</ele>
			<time>2020-01-20T04:06:00.71Z</time>
		</trkpt>
		<trkpt lat="34.535484" lon="126.790228">
			<ele>0.00</ele>
			<time>2020-01-20T04:06:01.38Z</time>
		</trkpt>
		<trkpt lat="34.535559" lon="126.790243">
			<ele>0.00</ele>
			<time>2020-01-20T04:06:01.89Z</time>
		</trkpt>
		<trkpt lat="34.535640" lon="126.790216">
			<ele>0.00</ele>
			<time>2020-01-20T04:06:02.45Z</time>
		</trkpt>
		<trkpt lat="34.535737" lon="126.790178">
			<ele>0.00</ele>
			<time>2020-01-20T04:06:03.13Z</time>
		</trkpt>
		<trkpt lat="34.535811" lon="126.790150">
			<ele>0.00</ele>
			<time>2020-01-20T04:06:03.64Z</time>
		</trkpt>
		<trkpt lat="34.535894" lon="126.790120">
			<ele>0.00</ele>
			<time>2020-01-20T04:06:04.23Z</time>
		</trkpt>
		<trkpt lat="34.535962" lon="126.790103">
			<ele>0.00</ele>
			<time>2020-01-20T04:06:04.69Z</time>
		</trkpt>
		<trkpt lat="34.535997" lon="126.790120">
			<ele>0.00</ele>
			<time>2020-01-20T04:06:04.94Z</time>
		</trkpt>
		<trkpt lat="34.536045" lon="126.790171">
			<ele>0.00</ele>
			<time>2020-01-20T04:06:05.36Z</time>
		</trkpt>
		<trkpt lat="34.536085" lon="126.790267">
			<ele>0.00</ele>
			<time>2020-01-20T04:06:05.95Z</time>
		</trkpt>
		<trkpt lat="34.536132" lon="126.790381">
			<ele>0.00</ele>
			<time>2020-01-20T04:06:06.65Z</time>
		</trkpt>
		<trkpt lat="34.536158" lon="126.790500">
			<ele>0.00</ele>
			<time>2020-01-20T04:06:07.33Z</time>
		</trkpt>
		<trkpt lat="34.536177" lon="126.790570">
			<ele>0.00</ele>
			<time>2020-01-20T04:06:07.73Z</time>
		</trkpt>
		<trkpt lat="34.536203" lon="126.790661">
			<ele>0.00</ele>
			<time>2020-01-20T04:06:08.26Z</time>
		</trkpt>
		<trkpt lat="34.536256" lon="126.790730">
			<ele>0.00</ele>
			<time>2020-01-20T04:06:08.78Z</time>
		</trkpt>
		<trkpt lat="34.536255" lon="126.790731">
			<ele>0.00</ele>
			<time>2020-01-20T04:06:08.84Z</time>
		</trkpt>
		<trkpt lat="34.536306" lon="126.790779">
			<ele>0.00</ele>
			<time>2020-01-20T04:06:09.27Z</time>
		</trkpt>
		<trkpt lat="34.536332" lon="126.790797">
			<ele>0.00</ele>
			<time>2020-01-20T04:06:09.47Z</time>
		</trkpt>
		<trkpt lat="34.536359" lon="126.790813">
			<ele>0.00</ele>
			<time>2020-01-20T04:06:09.67Z</time>
		</trkpt>
		<trkpt lat="34.536394" lon="126.790832">
			<ele>0.00</ele>
			<time>2020-01-20T04:06:09.92Z</time>
		</trkpt>
		<trkpt lat="34.536439" lon="126.790834">
			<ele>0.00</ele>
			<time>2020-01-20T04:06:10.22Z</time>
		</trkpt>
		<trkpt lat="34.536504" lon="126.790837">
			<ele>0.00</ele>
			<time>2020-01-20T04:06:10.66Z</time>
		</trkpt>
		<trkpt lat="34.536667" lon="126.790827">
			<ele>0.00</ele>
			<time>2020-01-20T04:06:11.74Z</time>
		</trkpt>
		<trkpt lat="34.536779" lon="126.790822">
			<ele>0.00</ele>
			<time>2020-01-20T04:06:12.49Z</time>
		</trkpt>
		<trkpt lat="34.536988" lon="126.790825">
			<ele>0.00</ele>
			<time>2020-01-20T04:06:13.88Z</time>
		</trkpt>
		<trkpt lat="34.537212" lon="126.790822">
			<ele>0.00</ele>
			<time>2020-01-20T04:06:15.38Z</time>
		</trkpt>
		<trkpt lat="34.537363" lon="126.790826">
			<ele>0.00</ele>
			<time>2020-01-20T04:06:16.39Z</time>
		</trkpt>
		<trkpt lat="34.537452" lon="126.790837">
			<ele>0.00</ele>
			<time>2020-01-20T04:06:16.98Z</time>
		</trkpt>
		<trkpt lat="34.537487" lon="126.790843">
			<ele>0.00</ele>
			<time>2020-01-20T04:06:17.22Z</time>
		</trkpt>
		<trkpt lat="34.537560" lon="126.790865">
			<ele>0.00</ele>
			<time>2020-01-20T04:06:17.71Z</time>
		</trkpt>
		<trkpt lat="34.537615" lon="126.790883">
			<ele>0.00</ele>
			<time>2020-01-20T04:06:18.10Z</time>
		</trkpt>
		<trkpt lat="34.537687" lon="126.790921">
			<ele>0.00</ele>
			<time>2020-01-20T04:06:18.62Z</time>
		</trkpt>
		<trkpt lat="34.537756" lon="126.790976">
			<ele>0.00</ele>
			<time>2020-01-20T04:06:19.17Z</time>
		</trkpt>
		<trkpt lat="34.537832" lon="126.791052">
			<ele>0.00</ele>
			<time>2020-01-20T04:06:19.83Z</time>
		</trkpt>
		<trkpt lat="34.537884" lon="126.791128">
			<ele>0.00</ele>
			<time>2020-01-20T04:06:20.37Z</time>
		</trkpt>
		<trkpt lat="34.537915" lon="126.791181">
			<ele>0.00</ele>
			<time>2020-01-20T04:06:20.73Z</time>
		</trkpt>
		<trkpt lat="34.537953" lon="126.791264">
			<ele>0.00</ele>
			<time>2020-01-20T04:06:21.25Z</time>
		</trkpt>
		<trkpt lat="34.537977" lon="126.791364">
			<ele>0.00</ele>
			<time>2020-01-20T04:06:21.82Z</time>
		</trkpt>
		<trkpt lat="34.537977" lon="126.791364">
			<ele>0.00</ele>
			<time>2020-01-20T04:06:21.88Z</time>
		</trkpt>
		<trkpt lat="34.538038" lon="126.791348">
			<ele>0.00</ele>
			<time>2020-01-20T04:06:22.29Z</time>
		</trkpt>
		<trkpt lat="34.538114" lon="126.791317">
			<ele>0.00</ele>
			<time>2020-01-20T04:06:22.82Z</time>
		</trkpt>
		<trkpt lat="34.538185" lon="126.791282">
			<ele>0.00</ele>
			<time>2020-01-20T04:06:23.34Z</time>
		</trkpt>
		<trkpt lat="34.538241" lon="126.791254">
			<ele>0.00</ele>
			<time>2020-01-20T04:06:23.74Z</time>
		</trkpt>
		<trkpt lat="34.538328" lon="126.791216">
			<ele>0.00</ele>
			<time>2020-01-20T04:06:24.36Z</time>
		</trkpt>
		<trkpt lat="34.538361" lon="126.791201">
			<ele>0.00</ele>
			<time>2020-01-20T04:06:24.59Z</time>
		</trkpt>
		<trkpt lat="34.538407" lon="126.791187">
			<ele>0.00</ele>
			<time>2020-01-20T04:06:24.91Z</time>
		</trkpt>
		<trkpt lat="34.538462" lon="126.791167">
			<ele>0.00</ele>
			<time>2020-01-20T04:06:25.29Z</time>
		</trkpt>
		<trkpt lat="34.538508" lon="126.791147">
			<ele>0.00</ele>
			<time>2020-01-20T04:06:25.62Z</time>
		</trkpt>
		<trkpt lat="34.538553" lon="126.791118">
			<ele>0.00</ele>
			<time>2020-01-20T04:06:25.96Z</time>
		</trkpt>
		<trkpt lat="34.538590" lon="126.791095">
			<ele>0.00</ele>
			<time>2020-01-20T04:06:26.23Z</time>
		</trkpt>
		<trkpt lat="34.538625" lon="126.791071">
			<ele>0.00</ele>
			<time>2020-01-20T04:06:26.50Z</time>
		</trkpt>
		<trkpt lat="34.538668" lon="126.791034">
			<ele>0.00</ele>
			<time>2020-01-20T04:06:26.86Z</time>
		</trkpt>
		<trkpt lat="34.538703" lon="126.791017">
			<ele>0.00</ele>
			<time>2020-01-20T04:06:27.10Z</time>
		</trkpt>
		<trkpt lat="34.538751" lon="126.790996">
			<ele>0.00</ele>
			<time>2020-01-20T04:06:27.45Z</time>
		</trkpt>
		<trkpt lat="34.538799" lon="126.790994">
			<ele>0.00</ele>
			<time>2020-01-20T04:06:27.77Z</time>
		</trkpt>
		<trkpt lat="34.538842" lon="126.790993">
			<ele>0.00</ele>
			<time>2020-01-20T04:06:28.05Z</time>
		</trkpt>
		<trkpt lat="34.538856" lon="126.790999">
			<ele>0.00</ele>
			<time>2020-01-20T04:06:28.15Z</time>
		</trkpt>
		<trkpt lat="34.538866" lon="126.791020">
			<ele>0.00</ele>
			<time>2020-01-20T04:06:28.29Z</time>
		</trkpt>
		<trkpt lat="34.538883" lon="126.791063">
			<ele>0.00</ele>
			<time>2020-01-20T04:06:28.55Z</time>
		</trkpt>
		<trkpt lat="34.538890" lon="126.791080">
			<ele>0.00</ele>
			<time>2020-01-20T04:06:28.65Z</time>
		</trkpt>
		<trkpt lat="34.538892" lon="126.791094">
			<ele>0.00</ele>
			<time>2020-01-20T04:06:28.73Z</time>
		</trkpt>
		<trkpt lat="34.538891" lon="126.791110">
			<ele>0.00</ele>
			<time>2020-01-20T04:06:28.82Z</time>
		</trkpt>
		<trkpt lat="34.538883" lon="126.791128">
			<ele>0.00</ele>
			<time>2020-01-20T04:06:28.93Z</time>
		</trkpt>
		<trkpt lat="34.538876" lon="126.791151">
			<ele>0.00</ele>
			<time>2020-01-20T04:06:29.06Z</time>
		</trkpt>
		<trkpt lat="34.538869" lon="126.791181">
			<ele>0.00</ele>
			<time>2020-01-20T04:06:29.23Z</time>
		</trkpt>
		<trkpt lat="34.538865" lon="126.791199">
			<ele>0.00</ele>
			<time>2020-01-20T04:06:29.33Z</time>
		</trkpt>
		<trkpt lat="34.538869" lon="126.791218">
			<ele>0.00</ele>
			<time>2020-01-20T04:06:29.44Z</time>
		</trkpt>
		<trkpt lat="34.538875" lon="126.791234">
			<ele>0.00</ele>
			<time>2020-01-20T04:06:29.54Z</time>
		</trkpt>
		<trkpt lat="34.538884" lon="126.791254">
			<ele>0.00</ele>
			<time>2020-01-20T04:06:29.67Z</time>
		</trkpt>
		<trkpt lat="34.538900" lon="126.791293">
			<ele>0.00</ele>
			<time>2020-01-20T04:06:29.90Z</time>
		</trkpt>
		<trkpt lat="34.538906" lon="126.791319">
			<ele>0.00</ele>
			<time>2020-01-20T04:06:30.05Z</time>
		</trkpt>
		<trkpt lat="34.538921" lon="126.791378">
			<ele>0.00</ele>
			<time>2020-01-20T04:06:30.39Z</time>
		</trkpt>
		<trkpt lat="34.538931" lon="126.791426">
			<ele>0.00</ele>
			<time>2020-01-20T04:06:30.66Z</time>
		</trkpt>
		<trkpt lat="34.538944" lon="126.791490">
			<ele>0.00</ele>
			<time>2020-01-20T04:06:31.03Z</time>
		</trkpt>
		<trkpt lat="34.538951" lon="126.791519">
			<ele>0.00</ele>
			<time>2020-01-20T04:06:31.19Z</time>
		</trkpt>
		<trkpt lat="34.538961" lon="126.791546">
			<ele>0.00</ele>
			<time>2020-01-20T04:06:31.35Z</time>
		</trkpt>
		<trkpt lat="34.538987" lon="126.791594">
			<ele>0.00</ele>
			<time>2020-01-20T04:06:31.67Z</time>
		</trkpt>
		<trkpt lat="34.539005" lon="126.791627">
			<ele>0.00</ele>
			<time>2020-01-20T04:06:31.89Z</time>
		</trkpt>
		<trkpt lat="34.539038" lon="126.791668">
			<ele>0.00</ele>
			<time>2020-01-20T04:06:32.20Z</time>
		</trkpt>
		<trkpt lat="34.539068" lon="126.791699">
			<ele>0.00</ele>
			<time>2020-01-20T04:06:32.47Z</time>
		</trkpt>
		<trkpt lat="34.539116" lon="126.791739">
			<ele>0.00</ele>
			<time>2020-01-20T04:06:32.85Z</time>
		</trkpt>
		<trkpt lat="34.539171" lon="126.791785">
			<ele>0.00</ele>
			<time>2020-01-20T04:06:33.29Z</time>
		</trkpt>
		<trkpt lat="34.539213" lon="126.791816">
			<ele>0.00</ele>
			<time>2020-01-20T04:06:33.62Z</time>
		</trkpt>
		<trkpt lat="34.539235" lon="126.791831">
			<ele>0.00</ele>
			<time>2020-01-20T04:06:33.79Z</time>
		</trkpt>
		<trkpt lat="34.539263" lon="126.791842">
			<ele>0.00</ele>
			<time>2020-01-20T04:06:33.99Z</time>
		</trkpt>
		<trkpt lat="34.539288" lon="126.791855">
			<ele>0.00</ele>
			<time>2020-01-20T04:06:34.17Z</time>
		</trkpt>
		<trkpt lat="34.539312" lon="126.791868">
			<ele>0.00</ele>
			<time>2020-01-20T04:06:34.34Z</time>
		</trkpt>
		<trkpt lat="34.539336" lon="126.791885">
			<ele>0.00</ele>
			<time>2020-01-20T04:06:34.53Z</time>
		</trkpt>
		<trkpt lat="34.539371" lon="126.791909">
			<ele>0.00</ele>
			<time>2020-01-20T04:06:34.80Z</time>
		</trkpt>
		<trkpt lat="34.539392" lon="126.791928">
			<ele>0.00</ele>
			<time>2020-01-20T04:06:34.97Z</time>
		</trkpt>
		<trkpt lat="34.539426" lon="126.791967">
			<ele>0.00</ele>
			<time>2020-01-20T04:06:35.29Z</time>
		</trkpt>
		<trkpt lat="34.539470" lon="126.792013">
			<ele>0.00</ele>
			<time>2020-01-20T04:06:35.67Z</time>
		</trkpt>
		<trkpt lat="34.539512" lon="126.792061">
			<ele>0.00</ele>
			<time>2020-01-20T04:06:36.06Z</time>
		</trkpt>
		<trkpt lat="34.539547" lon="126.792100">
			<ele>0.00</ele>
			<time>2020-01-20T04:06:36.38Z</time>
		</trkpt>
		<trkpt lat="34.539597" lon="126.792150">
			<ele>0.00</ele>
			<time>2020-01-20T04:06:36.80Z</time>
		</trkpt>
		<trkpt lat="34.539618" lon="126.792168">
			<ele>0.00</ele>
			<time>2020-01-20T04:06:36.98Z</time>
		</trkpt>
		<trkpt lat="34.539642" lon="126.792185">
			<ele>0.00</ele>
			<time>2020-01-20T04:06:37.16Z</time>
		</trkpt>
		<trkpt lat="34.539667" lon="126.792205">
			<ele>0.00</ele>
			<time>2020-01-20T04:06:37.36Z</time>
		</trkpt>
		<trkpt lat="34.539691" lon="126.792229">
			<ele>0.00</ele>
			<time>2020-01-20T04:06:37.57Z</time>
		</trkpt>
		<trkpt lat="34.539707" lon="126.792254">
			<ele>0.00</ele>
			<time>2020-01-20T04:06:37.74Z</time>
		</trkpt>
		<trkpt lat="34.539734" lon="126.792295">
			<ele>0.00</ele>
			<time>2020-01-20T04:06:38.03Z</time>
		</trkpt>
		<trkpt lat="34.539745" lon="126.792309">
			<ele>0.00</ele>
			<time>2020-01-20T04:06:38.14Z</time>
		</trkpt>
		<trkpt lat="34.539768" lon="126.792326">
			<ele>0.00</ele>
			<time>2020-01-20T04:06:38.32Z</time>
		</trkpt>
		<trkpt lat="34.539798" lon="126.792348">
			<ele>0.00</ele>
			<time>2020-01-20T04:06:38.55Z</time>
		</trkpt>
		<trkpt lat="34.539821" lon="126.792364">
			<ele>0.00</ele>
			<time>2020-01-20T04:06:38.73Z</time>
		</trkpt>
		<trkpt lat="34.539831" lon="126.792379">
			<ele>0.00</ele>
			<time>2020-01-20T04:06:38.83Z</time>
		</trkpt>
		<trkpt lat="34.539842" lon="126.792408">
			<ele>0.00</ele>
			<time>2020-01-20T04:06:39.01Z</time>
		</trkpt>
		<trkpt lat="34.539857" lon="126.792446">
			<ele>0.00</ele>
			<time>2020-01-20T04:06:39.24Z</time>
		</trkpt>
		<trkpt lat="34.539868" lon="126.792477">
			<ele>0.00</ele>
			<time>2020-01-20T04:06:39.42Z</time>
		</trkpt>
		<trkpt lat="34.539887" lon="126.792506">
			<ele>0.00</ele>
			<time>2020-01-20T04:06:39.63Z</time>
		</trkpt>
		<trkpt lat="34.539902" lon="126.792528">
			<ele>0.00</ele>
			<time>2020-01-20T04:06:39.79Z</time>
		</trkpt>
		<trkpt lat="34.539911" lon="126.792539">
			<ele>0.00</ele>
			<time>2020-01-20T04:06:39.87Z</time>
		</trkpt>
		<trkpt lat="34.539911" lon="126.792538">
			<ele>0.00</ele>
			<time>2020-01-20T04:06:39.93Z</time>
		</trkpt>
		<trkpt lat="34.540071" lon="126.792556">
			<ele>0.00</ele>
			<time>2020-01-20T04:06:41Z</time>
		</trkpt>
		<trkpt lat="34.540139" lon="126.792552">
			<ele>0.00</ele>
			<time>2020-01-20T04:06:41.45Z</time>
		</trkpt>
		<trkpt lat="34.540196" lon="126.792529">
			<ele>0.00</ele>
			<time>2020-01-20T04:06:41.85Z</time>
		</trkpt>
		<trkpt lat="34.540369" lon="126.792445">
			<ele>0.00</ele>
			<time>2020-01-20T04:06:43.10Z</time>
		</trkpt>
		<trkpt lat="34.540407" lon="126.792428">
			<ele>0.00</ele>
			<time>2020-01-20T04:06:43.37Z</time>
		</trkpt>
		<trkpt lat="34.540552" lon="126.792331">
			<ele>0.00</ele>
			<time>2020-01-20T04:06:44.47Z</time>
		</trkpt>
		<trkpt lat="34.540652" lon="126.792318">
			<ele>0.00</ele>
			<time>2020-01-20T04:06:45.14Z</time>
		</trkpt>
		<trkpt lat="34.540737" lon="126.792270">
			<ele>0.00</ele>
			<time>2020-01-20T04:06:45.77Z</time>
		</trkpt>
		<trkpt lat="34.540775" lon="126.792339">
			<ele>0.00</ele>
			<time>2020-01-20T04:06:46.22Z</time>
		</trkpt>
		<trkpt lat="34.540819" lon="126.792384">
			<ele>0.00</ele>
			<time>2020-01-20T04:06:46.60Z</time>
		</trkpt>
		<trkpt lat="34.540908" lon="126.792436">
			<ele>0.00</ele>
			<time>2020-01-20T04:06:47.26Z</time>
		</trkpt>
		<trkpt lat="34.541002" lon="126.792515">
			<ele>0.00</ele>
			<time>2020-01-20T04:06:48.02Z</time>
		</trkpt>
		<trkpt lat="34.541068" lon="126.792538">
			<ele>0.00</ele>
			<time>2020-01-20T04:06:48.48Z</time>
		</trkpt>
		<trkpt lat="34.541145" lon="126.792556">
			<ele>0.00</ele>
			<time>2020-01-20T04:06:49.01Z</time>
		</trkpt>
		<trkpt lat="34.541194" lon="126.792575">
			<ele>0.00</ele>
			<time>2020-01-20T04:06:49.35Z</time>
		</trkpt>
		<trkpt lat="34.541228" lon="126.792616">
			<ele>0.00</ele>
			<time>2020-01-20T04:06:49.67Z</time>
		</trkpt>
		<trkpt lat="34.541260" lon="126.792652">
			<ele>0.00</ele>
			<time>2020-01-20T04:06:49.96Z</time>
		</trkpt>
		<trkpt lat="34.541353" lon="126.792700">
			<ele>0.00</ele>
			<time>2020-01-20T04:06:50.63Z</time>
		</trkpt>
		<trkpt lat="34.541443" lon="126.792716">
			<ele>0.00</ele>
			<time>2020-01-20T04:06:51.24Z</time>
		</trkpt>
		<trkpt lat="34.541616" lon="126.792779">
			<ele>0.00</ele>
			<time>2020-01-20T04:06:52.44Z</time>
		</trkpt>
		<trkpt lat="34.541745" lon="126.792841">
			<ele>0.00</ele>
			<time>2020-01-20T04:06:53.37Z</time>
		</trkpt>
		<trkpt lat="34.541896" lon="126.792902">
			<ele>0.00</ele>
			<time>2020-01-20T04:06:54.43Z</time>
		</trkpt>
		<trkpt lat="34.541990" lon="126.792909">
			<ele>0.00</ele>
			<time>2020-01-20T04:06:55.06Z</time>
		</trkpt>
		<trkpt lat="34.542064" lon="126.792937">
			<ele>0.00</ele>
			<time>2020-01-20T04:06:55.57Z</time>
		</trkpt>
		<trkpt lat="34.542082" lon="126.792955">
			<ele>0.00</ele>
			<time>2020-01-20T04:06:55.73Z</time>
		</trkpt>
		<trkpt lat="34.542129" lon="126.793010">
			<ele>0.00</ele>
			<time>2020-01-20T04:06:56.16Z</time>
		</trkpt>
		<trkpt lat="34.542146" lon="126.793022">
			<ele>0.00</ele>
			<time>2020-01-20T04:06:56.29Z</time>
		</trkpt>
		<trkpt lat="34.542197" lon="126.793051">
			<ele>0.00</ele>
			<time>2020-01-20T04:06:56.67Z</time>
		</trkpt>
		<trkpt lat="34.542246" lon="126.793081">
			<ele>0.00</ele>
			<time>2020-01-20T04:06:57.03Z</time>
		</trkpt>
		<trkpt lat="34.542319" lon="126.793122">
			<ele>0.00</ele>
			<time>2020-01-20T04:06:57.57Z</time>
		</trkpt>
		<trkpt lat="34.542396" lon="126.793202">
			<ele>0.00</ele>
			<time>2020-01-20T04:06:58.25Z</time>
		</trkpt>
		<trkpt lat="34.542467" lon="126.793295">
			<ele>0.00</ele>
			<time>2020-01-20T04:06:58.95Z</time>
		</trkpt>
		<trkpt lat="34.542509" lon="126.793362">
			<ele>0.00</ele>
			<time>2020-01-20T04:06:59.40Z</time>
		</trkpt>
		<trkpt lat="34.542548" lon="126.793438">
			<ele>0.00</ele>
			<time>2020-01-20T04:06:59.90Z</time>
		</trkpt>
		<trkpt lat="34.542555" lon="126.793462">
			<ele>0.00</ele>
			<time>2020-01-20T04:07:00.04Z</time>
		</trkpt>
		<trkpt lat="34.542583" lon="126.793493">
			<ele>0.00</ele>
			<time>2020-01-20T04:07:00.29Z</time>
		</trkpt>
		<trkpt lat="34.542622" lon="126.793540">
			<ele>0.00</ele>
			<time>2020-01-20T04:07:00.66Z</time>
		</trkpt>
		<trkpt lat="34.542635" lon="126.793563">
			<ele>0.00</ele>
			<time>2020-01-20T04:07:00.81Z</time>
		</trkpt>
		<trkpt lat="34.542655" lon="126.793630">
			<ele>0.00</ele>
			<time>2020-01-20T04:07:01.20Z</time>
		</trkpt>
		<trkpt lat="34.542665" lon="126.793659">
			<ele>0.00</ele>
			<time>2020-01-20T04:07:01.37Z</time>
		</trkpt>
		<trkpt lat="34.542718" lon="126.793738">
			<ele>0.00</ele>
			<time>2020-01-20T04:07:01.93Z</time>
		</trkpt>
		<trkpt lat="34.542796" lon="126.793790">
			<ele>0.00</ele>
			<time>2020-01-20T04:07:02.52Z</time>
		</trkpt>
		<trkpt lat="34.542891" lon="126.793758">
			<ele>0.00</ele>
			<time>2020-01-20T04:07:03.18Z</time>
		</trkpt>
		<trkpt lat="34.542993" lon="126.793809">
			<ele>0.00</ele>
			<time>2020-01-20T04:07:03.92Z</time>
		</trkpt>
		<trkpt lat="34.543079" lon="126.793847">
			<ele>0.00</ele>
			<time>2020-01-20T04:07:04.52Z</time>
		</trkpt>
		<trkpt lat="34.543155" lon="126.793913">
			<ele>0.00</ele>
			<time>2020-01-20T04:07:05.15Z</time>
		</trkpt>
		<trkpt lat="34.543238" lon="126.793959">
			<ele>0.00</ele>
			<time>2020-01-20T04:07:05.76Z</time>
		</trkpt>
		<trkpt lat="34.543333" lon="126.794001">
			<ele>0.00</ele>
			<time>2020-01-20T04:07:06.43Z</time>
		</trkpt>
		<trkpt lat="34.543406" lon="126.794064">
			<ele>0.00</ele>
			<time>2020-01-20T04:07:07.03Z</time>
		</trkpt>
		<trkpt lat="34.543476" lon="126.794140">
			<ele>0.00</ele>
			<time>2020-01-20T04:07:07.65Z</time>
		</trkpt>
		<trkpt lat="34.543650" lon="126.794234">
			<ele>0.00</ele>
			<time>2020-01-20T04:07:08.92Z</time>
		</trkpt>
		<trkpt lat="34.543788" lon="126.794400">
			<ele>0.00</ele>
			<time>2020-01-20T04:07:10.22Z</time>
		</trkpt>
		<trkpt lat="34.544019" lon="126.794585">
			<ele>0.00</ele>
			<time>2020-01-20T04:07:12.06Z</time>
		</trkpt>
		<trkpt lat="34.544116" lon="126.794601">
			<ele>0.00</ele>
			<time>2020-01-20T04:07:12.71Z</time>
		</trkpt>
		<trkpt lat="34.544211" lon="126.794629">
			<ele>0.00</ele>
			<time>2020-01-20T04:07:13.37Z</time>
		</trkpt>
		<trkpt lat="34.544292" lon="126.794609">
			<ele>0.00</ele>
			<time>2020-01-20T04:07:13.92Z</time>
		</trkpt>
		<trkpt lat="34.544334" lon="126.794707">
			<ele>0.00</ele>
			<time>2020-01-20T04:07:14.52Z</time>
		</trkpt>
		<trkpt lat="34.544416" lon="126.794761">
			<ele>0.00</ele>
			<time>2020-01-20T04:07:15.14Z</time>
		</trkpt>
		<trkpt lat="34.544482" lon="126.794852">
			<ele>0.00</ele>
			<time>2020-01-20T04:07:15.81Z</time>
		</trkpt>
		<trkpt lat="34.544543" lon="126.794921">
			<ele>0.00</ele>
			<time>2020-01-20T04:07:16.37Z</time>
		</trkpt>
		<trkpt lat="34.544597" lon="126.795014">
			<ele>0.00</ele>
			<time>2020-01-20T04:07:16.99Z</time>
		</trkpt>
		<trkpt lat="34.544597" lon="126.795124">
			<ele>0.00</ele>
			<time>2020-01-20T04:07:17.60Z</time>
		</trkpt>
		<trkpt lat="34.544635" lon="126.795232">
			<ele>0.00</ele>
			<time>2020-01-20T04:07:18.24Z</time>
		</trkpt>
		<trkpt lat="34.544717" lon="126.795260">
			<ele>0.00</ele>
			<time>2020-01-20T04:07:18.81Z</time>
		</trkpt>
		<trkpt lat="34.544796" lon="126.795325">
			<ele>0.00</ele>
			<time>2020-01-20T04:07:19.45Z</time>
		</trkpt>
		<trkpt lat="34.544984" lon="126.795281">
			<ele>0.00</ele>
			<time>2020-01-20T04:07:20.72Z</time>
		</trkpt>
		<trkpt lat="34.545074" lon="126.795299">
			<ele>0.00</ele>
			<time>2020-01-20T04:07:21.33Z</time>
		</trkpt>
		<trkpt lat="34.545074" lon="126.795299">
			<ele>0.00</ele>
			<time>2020-01-20T04:07:21.39Z</time>
		</trkpt>
		<trkpt lat="34.545154" lon="126.795293">
			<ele>0.00</ele>
			<time>2020-01-20T04:07:21.92Z</time>
		</trkpt>
		<trkpt lat="34.545154" lon="126.795295">
			<ele>0.00</ele>
			<time>2020-01-20T04:07:21.98Z</time>
		</trkpt>
		<trkpt lat="34.545206" lon="126.795406">
			<ele>0.00</ele>
			<time>2020-01-20T04:07:22.69Z</time>
		</trkpt>
		<trkpt lat="34.545220" lon="126.795438">
			<ele>0.00</ele>
			<time>2020-01-20T04:07:22.88Z</time>
		</trkpt>
		<trkpt lat="34.545228" lon="126.795456">
			<ele>0.00</ele>
			<time>2020-01-20T04:07:23Z</time>
		</trkpt>
		<trkpt lat="34.545228" lon="126.795456">
			<ele>0.00</ele>
			<time>2020-01-20T04:07:23.06Z</time>
		</trkpt>
		<trkpt lat="34.545296" lon="126.795451">
			<ele>0.00</ele>
			<time>2020-01-20T04:07:23.51Z</time>
		</trkpt>
		<trkpt lat="34.545461" lon="126.795443">
			<ele>0.00</ele>
			<time>2020-01-20T04:07:24.61Z</time>
		</trkpt>
		<trkpt lat="34.545534" lon="126.795449">
			<ele>0.00</ele>
			<time>2020-01-20T04:07:25.10Z</time>
		</trkpt>
		<trkpt lat="34.545633" lon="126.795468">
			<ele>0.00</ele>
			<time>2020-01-20T04:07:25.77Z</time>
		</trkpt>
		<trkpt lat="34.545718" lon="126.795501">
			<ele>0.00</ele>
			<time>2020-01-20T04:07:26.37Z</time>
		</trkpt>
		<trkpt lat="34.545812" lon="126.795538">
			<ele>0.00</ele>
			<time>2020-01-20T04:07:27.03Z</time>
		</trkpt>
		<trkpt lat="34.545910" lon="126.795586">
			<ele>0.00</ele>
			<time>2020-01-20T04:07:27.73Z</time>
		</trkpt>
		<trkpt lat="34.545995" lon="126.795624">
			<ele>0.00</ele>
			<time>2020-01-20T04:07:28.33Z</time>
		</trkpt>
		<trkpt lat="34.546085" lon="126.795675">
			<ele>0.00</ele>
			<time>2020-01-20T04:07:29Z</time>
		</trkpt>
		<trkpt lat="34.546149" lon="126.795706">
			<ele>0.00</ele>
			<time>2020-01-20T04:07:29.45Z</time>
		</trkpt>
		<trkpt lat="34.546273" lon="126.795781">
			<ele>0.00</ele>
			<time>2020-01-20T04:07:30.38Z</time>
		</trkpt>
		<trkpt lat="34.546374" lon="126.795856">
			<ele>0.00</ele>
			<time>2020-01-20T04:07:31.17Z</time>
		</trkpt>
		<trkpt lat="34.546441" lon="126.795914">
			<ele>0.00</ele>
			<time>2020-01-20T04:07:31.72Z</time>
		</trkpt>
		<trkpt lat="34.546531" lon="126.796024">
			<ele>0.00</ele>
			<time>2020-01-20T04:07:32.57Z</time>
		</trkpt>
		<trkpt lat="34.546591" lon="126.796106">
			<ele>0.00</ele>
			<time>2020-01-20T04:07:33.17Z</time>
		</trkpt>
		<trkpt lat="34.546592" lon="126.796108">
			<ele>0.00</ele>
			<time>2020-01-20T04:07:33.23Z</time>
		</trkpt>
		<trkpt lat="34.546656" lon="126.796256">
			<ele>0.00</ele>
			<time>2020-01-20T04:07:34.15Z</time>
		</trkpt>
		<trkpt lat="34.546701" lon="126.796358">
			<ele>0.00</ele>
			<time>2020-01-20T04:07:34.78Z</time>
		</trkpt>
		<trkpt lat="34.546766" lon="126.796487">
			<ele>0.00</ele>
			<time>2020-01-20T04:07:35.61Z</time>
		</trkpt>
		<trkpt lat="34.546850" lon="126.796654">
			<ele>0.00</ele>
			<time>2020-01-20T04:07:36.69Z</time>
		</trkpt>
		<trkpt lat="34.546907" lon="126.796775">
			<ele>0.00</ele>
			<time>2020-01-20T04:07:37.45Z</time>
		</trkpt>
		<trkpt lat="34.546997" lon="126.796932">
			<ele>0.00</ele>
			<time>2020-01-20T04:07:38.51Z</time>
		</trkpt>
		<trkpt lat="34.547095" lon="126.797120">
			<ele>0.00</ele>
			<time>2020-01-20T04:07:39.73Z</time>
		</trkpt>
		<trkpt lat="34.547182" lon="126.797288">
			<ele>0.00</ele>
			<time>2020-01-20T04:07:40.82Z</time>
		</trkpt>
		<trkpt lat="34.547262" lon="126.797415">
			<ele>0.00</ele>
			<time>2020-01-20T04:07:41.69Z</time>
		</trkpt>
		<trkpt lat="34.547333" lon="126.797550">
			<ele>0.00</ele>
			<time>2020-01-20T04:07:42.57Z</time>
		</trkpt>
		<trkpt lat="34.547407" lon="126.797687">
			<ele>0.00</ele>
			<time>2020-01-20T04:07:43.48Z</time>
		</trkpt>
		<trkpt lat="34.547504" lon="126.797849">
			<ele>0.00</ele>
			<time>2020-01-20T04:07:44.57Z</time>
		</trkpt>
		<trkpt lat="34.547582" lon="126.797992">
			<ele>0.00</ele>
			<time>2020-01-20T04:07:45.51Z</time>
		</trkpt>
		<trkpt lat="34.547657" lon="126.798120">
			<ele>0.00</ele>
			<time>2020-01-20T04:07:46.38Z</time>
		</trkpt>
		<trkpt lat="34.547729" lon="126.798252">
			<ele>0.00</ele>
			<time>2020-01-20T04:07:47.24Z</time>
		</trkpt>
		<trkpt lat="34.547822" lon="126.798408">
			<ele>0.00</ele>
			<time>2020-01-20T04:07:48.30Z</time>
		</trkpt>
		<trkpt lat="34.547927" lon="126.798586">
			<ele>0.00</ele>
			<time>2020-01-20T04:07:49.50Z</time>
		</trkpt>
		<trkpt lat="34.548000" lon="126.798703">
			<ele>0.00</ele>
			<time>2020-01-20T04:07:50.31Z</time>
		</trkpt>
		<trkpt lat="34.548057" lon="126.798806">
			<ele>0.00</ele>
			<time>2020-01-20T04:07:50.99Z</time>
		</trkpt>
		<trkpt lat="34.548105" lon="126.798884">
			<ele>0.00</ele>
			<time>2020-01-20T04:07:51.53Z</time>
		</trkpt>
		<trkpt lat="34.548159" lon="126.798984">
			<ele>0.00</ele>
			<time>2020-01-20T04:07:52.18Z</time>
		</trkpt>
		<trkpt lat="34.548206" lon="126.799081">
			<ele>0.00</ele>
			<time>2020-01-20T04:07:52.80Z</time>
		</trkpt>
		<trkpt lat="34.548259" lon="126.799197">
			<ele>0.00</ele>
			<time>2020-01-20T04:07:53.53Z</time>
		</trkpt>
		<trkpt lat="34.548308" lon="126.799327">
			<ele>0.00</ele>
			<time>2020-01-20T04:07:54.31Z</time>
		</trkpt>
		<trkpt lat="34.548310" lon="126.799334">
			<ele>0.00</ele>
			<time>2020-01-20T04:07:54.37Z</time>
		</trkpt>
		<trkpt lat="34.548361" lon="126.799481">
			<ele>0.00</ele>
			<time>2020-01-20T04:07:55.25Z</time>
		</trkpt>
		<trkpt lat="34.548435" lon="126.799690">
			<ele>0.00</ele>
			<time>2020-01-20T04:07:56.50Z</time>
		</trkpt>
		<trkpt lat="34.548491" lon="126.799845">
			<ele>0.00</ele>
			<time>2020-01-20T04:07:57.43Z</time>
		</trkpt>
		<trkpt lat="34.548580" lon="126.800112">
			<ele>0.00</ele>
			<time>2020-01-20T04:07:59.01Z</time>
		</trkpt>
		<trkpt lat="34.548642" lon="126.800281">
			<ele>0.00</ele>
			<time>2020-01-20T04:08:00.02Z</time>
		</trkpt>
		<trkpt lat="34.548703" lon="126.800446">
			<ele>0.00</ele>
			<time>2020-01-20T04:08:01.02Z</time>
		</trkpt>
		<trkpt lat="34.548783" lon="126.800682">
			<ele>0.00</ele>
			<time>2020-01-20T04:08:02.42Z</time>
		</trkpt>
		<trkpt lat="34.548826" lon="126.800788">
			<ele>0.00</ele>
			<time>2020-01-20T04:08:03.07Z</time>
		</trkpt>
		<trkpt lat="34.548924" lon="126.801047">
			<ele>0.00</ele>
			<time>2020-01-20T04:08:04.63Z</time>
		</trkpt>
		<trkpt lat="34.549012" lon="126.801273">
			<ele>0.00</ele>
			<time>2020-01-20T04:08:06.01Z</time>
		</trkpt>
		<trkpt lat="34.549078" lon="126.801417">
			<ele>0.00</ele>
			<time>2020-01-20T04:08:06.91Z</time>
		</trkpt>
		<trkpt lat="34.549136" lon="126.801536">
			<ele>0.00</ele>
			<time>2020-01-20T04:08:07.67Z</time>
		</trkpt>
		<trkpt lat="34.549218" lon="126.801694">
			<ele>0.00</ele>
			<time>2020-01-20T04:08:08.69Z</time>
		</trkpt>
		<trkpt lat="34.549290" lon="126.801821">
			<ele>0.00</ele>
			<time>2020-01-20T04:08:09.55Z</time>
		</trkpt>
		<trkpt lat="34.549432" lon="126.802070">
			<ele>0.00</ele>
			<time>2020-01-20T04:08:11.20Z</time>
		</trkpt>
		<trkpt lat="34.549506" lon="126.802213">
			<ele>0.00</ele>
			<time>2020-01-20T04:08:12.13Z</time>
		</trkpt>
		<trkpt lat="34.549614" lon="126.802407">
			<ele>0.00</ele>
			<time>2020-01-20T04:08:13.42Z</time>
		</trkpt>
		<trkpt lat="34.549689" lon="126.802552">
			<ele>0.00</ele>
			<time>2020-01-20T04:08:14.36Z</time>
		</trkpt>
		<trkpt lat="34.549827" lon="126.802790">
			<ele>0.00</ele>
			<time>2020-01-20T04:08:15.96Z</time>
		</trkpt>
		<trkpt lat="34.549973" lon="126.803056">
			<ele>0.00</ele>
			<time>2020-01-20T04:08:17.71Z</time>
		</trkpt>
		<trkpt lat="34.550058" lon="126.803206">
			<ele>0.00</ele>
			<time>2020-01-20T04:08:18.71Z</time>
		</trkpt>
		<trkpt lat="34.550147" lon="126.803367">
			<ele>0.00</ele>
			<time>2020-01-20T04:08:19.78Z</time>
		</trkpt>
		<trkpt lat="34.550239" lon="126.803516">
			<ele>0.00</ele>
			<time>2020-01-20T04:08:20.80Z</time>
		</trkpt>
		<trkpt lat="34.550297" lon="126.803593">
			<ele>0.00</ele>
			<time>2020-01-20T04:08:21.37Z</time>
		</trkpt>
		<trkpt lat="34.550384" lon="126.803704">
			<ele>0.00</ele>
			<time>2020-01-20T04:08:22.21Z</time>
		</trkpt>
		<trkpt lat="34.550514" lon="126.803826">
			<ele>0.00</ele>
			<time>2020-01-20T04:08:23.31Z</time>
		</trkpt>
		<trkpt lat="34.550766" lon="126.804063">
			<ele>0.00</ele>
			<time>2020-01-20T04:08:25.43Z</time>
		</trkpt>
		<trkpt lat="34.550869" lon="126.804149">
			<ele>0.00</ele>
			<time>2020-01-20T04:08:26.27Z</time>
		</trkpt>
		<trkpt lat="34.550990" lon="126.804244">
			<ele>0.00</ele>
			<time>2020-01-20T04:08:27.23Z</time>
		</trkpt>
		<trkpt lat="34.551061" lon="126.804283">
			<ele>0.00</ele>
			<time>2020-01-20T04:08:27.75Z</time>
		</trkpt>
		<trkpt lat="34.551214" lon="126.804358">
			<ele>0.00</ele>
			<time>2020-01-20T04:08:28.85Z</time>
		</trkpt>
		<trkpt lat="34.551339" lon="126.804399">
			<ele>0.00</ele>
			<time>2020-01-20T04:08:29.71Z</time>
		</trkpt>
		<trkpt lat="34.551440" lon="126.804406">
			<ele>0.00</ele>
			<time>2020-01-20T04:08:30.38Z</time>
		</trkpt>
		<trkpt lat="34.551574" lon="126.804408">
			<ele>0.00</ele>
			<time>2020-01-20T04:08:31.28Z</time>
		</trkpt>
		<trkpt lat="34.551644" lon="126.804404">
			<ele>0.00</ele>
			<time>2020-01-20T04:08:31.75Z</time>
		</trkpt>
		<trkpt lat="34.551648" lon="126.804404">
			<ele>0.00</ele>
			<time>2020-01-20T04:08:31.81Z</time>
		</trkpt>
		<trkpt lat="34.551703" lon="126.804410">
			<ele>0.00</ele>
			<time>2020-01-20T04:08:32.17Z</time>
		</trkpt>
		<trkpt lat="34.551825" lon="126.804432">
			<ele>0.00</ele>
			<time>2020-01-20T04:08:32.99Z</time>
		</trkpt>
		<trkpt lat="34.551929" lon="126.804459">
			<ele>0.00</ele>
			<time>2020-01-20T04:08:33.71Z</time>
		</trkpt>
		<trkpt lat="34.552148" lon="126.804493">
			<ele>0.00</ele>
			<time>2020-01-20T04:08:35.18Z</time>
		</trkpt>
		<trkpt lat="34.552199" lon="126.804497">
			<ele>0.00</ele>
			<time>2020-01-20T04:08:35.52Z</time>
		</trkpt>
		<trkpt lat="34.552231" lon="126.804481">
			<ele>0.00</ele>
			<time>2020-01-20T04:08:35.75Z</time>
		</trkpt>
		<trkpt lat="34.552268" lon="126.804445">
			<ele>0.00</ele>
			<time>2020-01-20T04:08:36.06Z</time>
		</trkpt>
		<trkpt lat="34.552284" lon="126.804408">
			<ele>0.00</ele>
			<time>2020-01-20T04:08:36.29Z</time>
		</trkpt>
		<trkpt lat="34.552314" lon="126.804336">
			<ele>0.00</ele>
			<time>2020-01-20T04:08:36.73Z</time>
		</trkpt>
		<trkpt lat="34.552332" lon="126.804275">
			<ele>0.00</ele>
			<time>2020-01-20T04:08:37.09Z</time>
		</trkpt>
		<trkpt lat="34.552343" lon="126.804154">
			<ele>0.00</ele>
			<time>2020-01-20T04:08:37.76Z</time>
		</trkpt>
		<trkpt lat="34.552359" lon="126.803901">
			<ele>0.00</ele>
			<time>2020-01-20T04:08:39.15Z</time>
		</trkpt>
		<trkpt lat="34.552367" lon="126.803562">
			<ele>0.00</ele>
			<time>2020-01-20T04:08:41.02Z</time>
		</trkpt>
		<trkpt lat="34.552379" lon="126.803326">
			<ele>0.00</ele>
			<time>2020-01-20T04:08:42.31Z</time>
		</trkpt>
		<trkpt lat="34.552397" lon="126.802925">
			<ele>0.00</ele>
			<time>2020-01-20T04:08:44.52Z</time>
		</trkpt>
		<trkpt lat="34.552410" lon="126.802595">
			<ele>0.00</ele>
			<time>2020-01-20T04:08:46.33Z</time>
		</trkpt>
		<trkpt lat="34.552435" lon="126.802141">
			<ele>0.00</ele>
			<time>2020-01-20T04:08:48.83Z</time>
		</trkpt>
		<trkpt lat="34.552449" lon="126.801824">
			<ele>0.00</ele>
			<time>2020-01-20T04:08:50.57Z</time>
		</trkpt>
		<trkpt lat="34.552466" lon="126.801503">
			<ele>0.00</ele>
			<time>2020-01-20T04:08:52.34Z</time>
		</trkpt>
		<trkpt lat="34.552473" lon="126.801326">
			<ele>0.00</ele>
			<time>2020-01-20T04:08:53.31Z</time>
		</trkpt>
		<trkpt lat="34.552472" lon="126.801293">
			<ele>0.00</ele>
			<time>2020-01-20T04:08:53.50Z</time>
		</trkpt>
		<trkpt lat="34.552472" lon="126.801293">
			<ele>0.00</ele>
			<time>2020-01-20T04:08:53.56Z</time>
		</trkpt>
		<trkpt lat="34.552414" lon="126.801247">
			<ele>0.00</ele>
			<time>2020-01-20T04:08:54.02Z</time>
		</trkpt>
		<trkpt lat="34.552295" lon="126.801245">
			<ele>0.00</ele>
			<time>2020-01-20T04:08:54.81Z</time>
		</trkpt>
		<trkpt lat="34.552146" lon="126.801242">
			<ele>0.00</ele>
			<time>2020-01-20T04:08:55.80Z</time>
		</trkpt>
		<trkpt lat="34.552050" lon="126.801250">
			<ele>0.00</ele>
			<time>2020-01-20T04:08:56.45Z</time>
		</trkpt>
		<trkpt lat="34.551963" lon="126.801250">
			<ele>0.00</ele>
			<time>2020-01-20T04:08:57.03Z</time>
		</trkpt>
		<trkpt lat="34.551927" lon="126.801249">
			<ele>0.00</ele>
			<time>2020-01-20T04:08:57.27Z</time>
		</trkpt>
		<trkpt lat="34.551827" lon="126.801259">
			<ele>0.00</ele>
			<time>2020-01-20T04:08:57.94Z</time>
		</trkpt>
		<trkpt lat="34.551756" lon="126.801266">
			<ele>0.00</ele>
			<time>2020-01-20T04:08:58.41Z</time>
		</trkpt>
		<trkpt lat="34.551643" lon="126.801266">
			<ele>0.00</ele>
			<time>2020-01-20T04:08:59.17Z</time>
		</trkpt>
		<trkpt lat="34.551509" lon="126.801262">
			<ele>0.00</ele>
			<time>2020-01-20T04:09:00.06Z</time>
		</trkpt>
		<trkpt lat="34.551364" lon="126.801251">
			<ele>0.00</ele>
			<time>2020-01-20T04:09:01.03Z</time>
		</trkpt>
		<trkpt lat="34.551117" lon="126.801229">
			<ele>0.00</ele>
			<time>2020-01-20T04:09:02.68Z</time>
		</trkpt>
		<trkpt lat="34.550972" lon="126.801208">
			<ele>0.00</ele>
			<time>2020-01-20T04:09:03.65Z</time>
		</trkpt>
		<trkpt lat="34.550784" lon="126.801193">
			<ele>0.00</ele>
			<time>2020-01-20T04:09:04.91Z</time>
		</trkpt>
		<trkpt lat="34.550665" lon="126.801147">
			<ele>0.00</ele>
			<time>2020-01-20T04:09:05.74Z</time>
		</trkpt>
		<trkpt lat="34.550505" lon="126.801098">
			<ele>0.00</ele>
			<time>2020-01-20T04:09:06.84Z</time>
		</trkpt>
		<trkpt lat="34.550359" lon="126.801031">
			<ele>0.00</ele>
			<time>2020-01-20T04:09:07.88Z</time>
		</trkpt>
		<trkpt lat="34.550211" lon="126.800962">
			<ele>0.00</ele>
			<time>2020-01-20T04:09:08.94Z</time>
		</trkpt>
		<trkpt lat="34.550101" lon="126.800912">
			<ele>0.00</ele>
			<time>2020-01-20T04:09:09.72Z</time>
		</trkpt>
		<trkpt lat="34.550003" lon="126.800844">
			<ele>0.00</ele>
			<time>2020-01-20T04:09:10.47Z</time>
		</trkpt>
		<trkpt lat="34.549907" lon="126.800729">
			<ele>0.00</ele>
			<time>2020-01-20T04:09:11.37Z</time>
		</trkpt>
		<trkpt lat="34.549844" lon="126.800621">
			<ele>0.00</ele>
			<time>2020-01-20T04:09:12.10Z</time>
		</trkpt>
		<trkpt lat="34.549806" lon="126.800489">
			<ele>0.00</ele>
			<time>2020-01-20T04:09:12.87Z</time>
		</trkpt>
		<trkpt lat="34.549785" lon="126.800403">
			<ele>0.00</ele>
			<time>2020-01-20T04:09:13.36Z</time>
		</trkpt>
		<trkpt lat="34.549761" lon="126.800257">
			<ele>0.00</ele>
			<time>2020-01-20T04:09:14.18Z</time>
		</trkpt>
		<trkpt lat="34.549745" lon="126.800141">
			<ele>0.00</ele>
			<time>2020-01-20T04:09:14.82Z</time>
		</trkpt>
		<trkpt lat="34.549720" lon="126.799995">
			<ele>0.00</ele>
			<time>2020-01-20T04:09:15.64Z</time>
		</trkpt>
		<trkpt lat="34.549695" lon="126.799850">
			<ele>0.00</ele>
			<time>2020-01-20T04:09:16.46Z</time>
		</trkpt>
		<trkpt lat="34.549672" lon="126.799673">
			<ele>0.00</ele>
			<time>2020-01-20T04:09:17.44Z</time>
		</trkpt>
		<trkpt lat="34.549650" lon="126.799460">
			<ele>0.00</ele>
			<time>2020-01-20T04:09:18.62Z</time>
		</trkpt>
		<trkpt lat="34.549628" lon="126.799323">
			<ele>0.00</ele>
			<time>2020-01-20T04:09:19.39Z</time>
		</trkpt>
		<trkpt lat="34.549611" lon="126.799194">
			<ele>0.00</ele>
			<time>2020-01-20T04:09:20.10Z</time>
		</trkpt>
		<trkpt lat="34.549584" lon="126.798999">
			<ele>0.00</ele>
			<time>2020-01-20T04:09:21.18Z</time>
		</trkpt>
		<trkpt lat="34.549564" lon="126.798809">
			<ele>0.00</ele>
			<time>2020-01-20T04:09:22.24Z</time>
		</trkpt>
		<trkpt lat="34.549516" lon="126.798482">
			<ele>0.00</ele>
			<time>2020-01-20T04:09:24.06Z</time>
		</trkpt>
		<trkpt lat="34.549497" lon="126.798347">
			<ele>0.00</ele>
			<time>2020-01-20T04:09:24.82Z</time>
		</trkpt>
		<trkpt lat="34.549483" lon="126.798216">
			<ele>0.00</ele>
			<time>2020-01-20T04:09:25.54Z</time>
		</trkpt>
		<trkpt lat="34.549468" lon="126.798129">
			<ele>0.00</ele>
			<time>2020-01-20T04:09:26.03Z</time>
		</trkpt>
		<trkpt lat="34.549449" lon="126.798029">
			<ele>0.00</ele>
			<time>2020-01-20T04:09:26.59Z</time>
		</trkpt>
		<trkpt lat="34.549436" lon="126.797952">
			<ele>0.00</ele>
			<time>2020-01-20T04:09:27.02Z</time>
		</trkpt>
		<trkpt lat="34.549400" lon="126.797882">
			<ele>0.00</ele>
			<time>2020-01-20T04:09:27.47Z</time>
		</trkpt>
		<trkpt lat="34.549348" lon="126.797778">
			<ele>0.00</ele>
			<time>2020-01-20T04:09:28.14Z</time>
		</trkpt>
		<trkpt lat="34.549292" lon="126.797685">
			<ele>0.00</ele>
			<time>2020-01-20T04:09:28.77Z</time>
		</trkpt>
		<trkpt lat="34.549225" lon="126.797566">
			<ele>0.00</ele>
			<time>2020-01-20T04:09:29.56Z</time>
		</trkpt>
		<trkpt lat="34.549171" lon="126.797478">
			<ele>0.00</ele>
			<time>2020-01-20T04:09:30.17Z</time>
		</trkpt>
		<trkpt lat="34.549058" lon="126.797301">
			<ele>0.00</ele>
			<time>2020-01-20T04:09:31.40Z</time>
		</trkpt>
		<trkpt lat="34.548986" lon="126.797195">
			<ele>0.00</ele>
			<time>2020-01-20T04:09:32.15Z</time>
		</trkpt>
		<trkpt lat="34.548909" lon="126.797071">
			<ele>0.00</ele>
			<time>2020-01-20T04:09:33Z</time>
		</trkpt>
		<trkpt lat="34.548825" lon="126.796947">
			<ele>0.00</ele>
			<time>2020-01-20T04:09:33.89Z</time>
		</trkpt>
		<trkpt lat="34.548731" lon="126.796818">
			<ele>0.00</ele>
			<time>2020-01-20T04:09:34.83Z</time>
		</trkpt>
		<trkpt lat="34.548648" lon="126.796708">
			<ele>0.00</ele>
			<time>2020-01-20T04:09:35.65Z</time>
		</trkpt>
		<trkpt lat="34.548565" lon="126.796583">
			<ele>0.00</ele>
			<time>2020-01-20T04:09:36.53Z</time>
		</trkpt>
		<trkpt lat="34.548488" lon="126.796459">
			<ele>0.00</ele>
			<time>2020-01-20T04:09:37.38Z</time>
		</trkpt>
		<trkpt lat="34.548396" lon="126.796337">
			<ele>0.00</ele>
			<time>2020-01-20T04:09:38.29Z</time>
		</trkpt>
		<trkpt lat="34.548311" lon="126.796206">
			<ele>0.00</ele>
			<time>2020-01-20T04:09:39.21Z</time>
		</trkpt>
		<trkpt lat="34.548242" lon="126.796097">
			<ele>0.00</ele>
			<time>2020-01-20T04:09:39.97Z</time>
		</trkpt>
		<trkpt lat="34.548170" lon="126.795999">
			<ele>0.00</ele>
			<time>2020-01-20T04:09:40.69Z</time>
		</trkpt>
		<trkpt lat="34.548102" lon="126.795890">
			<ele>0.00</ele>
			<time>2020-01-20T04:09:41.44Z</time>
		</trkpt>
		<trkpt lat="34.548016" lon="126.795765">
			<ele>0.00</ele>
			<time>2020-01-20T04:09:42.33Z</time>
		</trkpt>
		<trkpt lat="34.547962" lon="126.795681">
			<ele>0.00</ele>
			<time>2020-01-20T04:09:42.92Z</time>
		</trkpt>
		<trkpt lat="34.547907" lon="126.795591">
			<ele>0.00</ele>
			<time>2020-01-20T04:09:43.53Z</time>
		</trkpt>
		<trkpt lat="34.547843" lon="126.795505">
			<ele>0.00</ele>
			<time>2020-01-20T04:09:44.17Z</time>
		</trkpt>
		<trkpt lat="34.547796" lon="126.795436">
			<ele>0.00</ele>
			<time>2020-01-20T04:09:44.66Z</time>
		</trkpt>
		<trkpt lat="34.547752" lon="126.795356">
			<ele>0.00</ele>
			<time>2020-01-20T04:09:45.19Z</time>
		</trkpt>
		<trkpt lat="34.547750" lon="126.795266">
			<ele>0.00</ele>
			<time>2020-01-20T04:09:45.68Z</time>
		</trkpt>
		<trkpt lat="34.547770" lon="126.795097">
			<ele>0.00</ele>
			<time>2020-01-20T04:09:46.62Z</time>
		</trkpt>
		<trkpt lat="34.547796" lon="126.794867">
			<ele>0.00</ele>
			<time>2020-01-20T04:09:47.89Z</time>
		</trkpt>
		<trkpt lat="34.547822" lon="126.794633">
			<ele>0.00</ele>
			<time>2020-01-20T04:09:49.19Z</time>
		</trkpt>
		<trkpt lat="34.547839" lon="126.794469">
			<ele>0.00</ele>
			<time>2020-01-20T04:09:50.10Z</time>
		</trkpt>
		<trkpt lat="34.547870" lon="126.794161">
			<ele>0.00</ele>
			<time>2020-01-20T04:09:51.80Z</time>
		</trkpt>
		<trkpt lat="34.547888" lon="126.793979">
			<ele>0.00</ele>
			<time>2020-01-20T04:09:52.81Z</time>
		</trkpt>
		<trkpt lat="34.547908" lon="126.793779">
			<ele>0.00</ele>
			<time>2020-01-20T04:09:53.92Z</time>
		</trkpt>
		<trkpt lat="34.547933" lon="126.793555">
			<ele>0.00</ele>
			<time>2020-01-20T04:09:55.16Z</time>
		</trkpt>
		<trkpt lat="34.547956" lon="126.793282">
			<ele>0.00</ele>
			<time>2020-01-20T04:09:56.66Z</time>
		</trkpt>
		<trkpt lat="34.547975" lon="126.793124">
			<ele>0.00</ele>
			<time>2020-01-20T04:09:57.54Z</time>
		</trkpt>
		<trkpt lat="34.547993" lon="126.792949">
			<ele>0.00</ele>
			<time>2020-01-20T04:09:58.51Z</time>
		</trkpt>
		<trkpt lat="34.548004" lon="126.792819">
			<ele>0.00</ele>
			<time>2020-01-20T04:09:59.22Z</time>
		</trkpt>
		<trkpt lat="34.548019" lon="126.792649">
			<ele>0.00</ele>
			<time>2020-01-20T04:10:00.17Z</time>
		</trkpt>
		<trkpt lat="34.548038" lon="126.792507">
			<ele>0.00</ele>
			<time>2020-01-20T04:10:00.96Z</time>
		</trkpt>
		<trkpt lat="34.548053" lon="126.792380">
			<ele>0.00</ele>
			<time>2020-01-20T04:10:01.66Z</time>
		</trkpt>
		<trkpt lat="34.548064" lon="126.792228">
			<ele>0.00</ele>
			<time>2020-01-20T04:10:02.50Z</time>
		</trkpt>
		<trkpt lat="34.548084" lon="126.792002">
			<ele>0.00</ele>
			<time>2020-01-20T04:10:03.75Z</time>
		</trkpt>
		<trkpt lat="34.548104" lon="126.791878">
			<ele>0.00</ele>
			<time>2020-01-20T04:10:04.44Z</time>
		</trkpt>
		<trkpt lat="34.548128" lon="126.791843">
			<ele>0.00</ele>
			<time>2020-01-20T04:10:04.69Z</time>
		</trkpt>
		<trkpt lat="34.548175" lon="126.791823">
			<ele>0.00</ele>
			<time>2020-01-20T04:10:05.02Z</time>
		</trkpt>
		<trkpt lat="34.548247" lon="126.791803">
			<ele>0.00</ele>
			<time>2020-01-20T04:10:05.51Z</time>
		</trkpt>
		<trkpt lat="34.548515" lon="126.791734">
			<ele>0.00</ele>
			<time>2020-01-20T04:10:07.34Z</time>
		</trkpt>
		<trkpt lat="34.548617" lon="126.791709">
			<ele>0.00</ele>
			<time>2020-01-20T04:10:08.03Z</time>
		</trkpt>
		<trkpt lat="34.548810" lon="126.791657">
			<ele>0.00</ele>
			<time>2020-01-20T04:10:09.35Z</time>
		</trkpt>
		<trkpt lat="34.549050" lon="126.791601">
			<ele>0.00</ele>
			<time>2020-01-20T04:10:10.98Z</time>
		</trkpt>
		<trkpt lat="34.549235" lon="126.791549">
			<ele>0.00</ele>
			<time>2020-01-20T04:10:12.25Z</time>
		</trkpt>
		<trkpt lat="34.549419" lon="126.791501">
			<ele>0.00</ele>
			<time>2020-01-20T04:10:13.50Z</time>
		</trkpt>
		<trkpt lat="34.549654" lon="126.791438">
			<ele>0.00</ele>
			<time>2020-01-20T04:10:15.11Z</time>
		</trkpt>
		<trkpt lat="34.549786" lon="126.791405">
			<ele>0.00</ele>
			<time>2020-01-20T04:10:16.01Z</time>
		</trkpt>
		<trkpt lat="34.550037" lon="126.791337">
			<ele>0.00</ele>
			<time>2020-01-20T04:10:17.72Z</time>
		</trkpt>
		<trkpt lat="34.550219" lon="126.791289">
			<ele>0.00</ele>
			<time>2020-01-20T04:10:18.96Z</time>
		</trkpt>
		<trkpt lat="34.550418" lon="126.791238">
			<ele>0.00</ele>
			<time>2020-01-20T04:10:20.32Z</time>
		</trkpt>
		<trkpt lat="34.550669" lon="126.791179">
			<ele>0.00</ele>
			<time>2020-01-20T04:10:22.02Z</time>
		</trkpt>
		<trkpt lat="34.550934" lon="126.791113">
			<ele>0.00</ele>
			<time>2020-01-20T04:10:23.82Z</time>
		</trkpt>
		<trkpt lat="34.551048" lon="126.791086">
			<ele>0.00</ele>
			<time>2020-01-20T04:10:24.60Z</time>
		</trkpt>
		<trkpt lat="34.551232" lon="126.791037">
			<ele>0.00</ele>
			<time>2020-01-20T04:10:25.86Z</time>
		</trkpt>
		<trkpt lat="34.551484" lon="126.790981">
			<ele>0.00</ele>
			<time>2020-01-20T04:10:27.56Z</time>
		</trkpt>
		<trkpt lat="34.551642" lon="126.790940">
			<ele>0.00</ele>
			<time>2020-01-20T04:10:28.64Z</time>
		</trkpt>
		<trkpt lat="34.551807" lon="126.790900">
			<ele>0.00</ele>
			<time>2020-01-20T04:10:29.76Z</time>
		</trkpt>
		<trkpt lat="34.552060" lon="126.790835">
			<ele>0.00</ele>
			<time>2020-01-20T04:10:31.49Z</time>
		</trkpt>
		<trkpt lat="34.552362" lon="126.790765">
			<ele>0.00</ele>
			<time>2020-01-20T04:10:33.54Z</time>
		</trkpt>
		<trkpt lat="34.552610" lon="126.790703">
			<ele>0.00</ele>
			<time>2020-01-20T04:10:35.22Z</time>
		</trkpt>
		<trkpt lat="34.552855" lon="126.790637">
			<ele>0.00</ele>
			<time>2020-01-20T04:10:36.90Z</time>
		</trkpt>
		<trkpt lat="34.553070" lon="126.790575">
			<ele>0.00</ele>
			<time>2020-01-20T04:10:38.37Z</time>
		</trkpt>
		<trkpt lat="34.553137" lon="126.790564">
			<ele>0.00</ele>
			<time>2020-01-20T04:10:38.82Z</time>
		</trkpt>
		<trkpt lat="34.553162" lon="126.790592">
			<ele>0.00</ele>
			<time>2020-01-20T04:10:39.05Z</time>
		</trkpt>
		<trkpt lat="34.553176" lon="126.790654">
			<ele>0.00</ele>
			<time>2020-01-20T04:10:39.40Z</time>
		</trkpt>
		<trkpt lat="34.553163" lon="126.790711">
			<ele>0.00</ele>
			<time>2020-01-20T04:10:39.72Z</time>
		</trkpt>
		<trkpt lat="34.553149" lon="126.790755">
			<ele>0.00</ele>
			<time>2020-01-20T04:10:39.98Z</time>
		</trkpt>
		<trkpt lat="34.553123" lon="126.790817">
			<ele>0.00</ele>
			<time>2020-01-20T04:10:40.37Z</time>
		</trkpt>
		<trkpt lat="34.553082" lon="126.790873">
			<ele>0.00</ele>
			<time>2020-01-20T04:10:40.78Z</time>
		</trkpt>
		<trkpt lat="34.553057" lon="126.790942">
			<ele>0.00</ele>
			<time>2020-01-20T04:10:41.19Z</time>
		</trkpt>
		<trkpt lat="34.553039" lon="126.791032">
			<ele>0.00</ele>
			<time>2020-01-20T04:10:41.70Z</time>
		</trkpt>
		<trkpt lat="34.553036" lon="126.791078">
			<ele>0.00</ele>
			<time>2020-01-20T04:10:41.95Z</time>
		</trkpt>
		<trkpt lat="34.553036" lon="126.791140">
			<ele>0.00</ele>
			<time>2020-01-20T04:10:42.29Z</time>
		</trkpt>
		<trkpt lat="34.553047" lon="126.791242">
			<ele>0.00</ele>
			<time>2020-01-20T04:10:42.86Z</time>
		</trkpt>
		<trkpt lat="34.553057" lon="126.791341">
			<ele>0.00</ele>
			<time>2020-01-20T04:10:43.41Z</time>
		</trkpt>
		<trkpt lat="34.553066" lon="126.791420">
			<ele>0.00</ele>
			<time>2020-01-20T04:10:43.84Z</time>
		</trkpt>
		<trkpt lat="34.553079" lon="126.791503">
			<ele>0.00</ele>
			<time>2020-01-20T04:10:44.31Z</time>
		</trkpt>
		<trkpt lat="34.553088" lon="126.791600">
			<ele>0.00</ele>
			<time>2020-01-20T04:10:44.84Z</time>
		</trkpt>
		<trkpt lat="34.553107" lon="126.791666">
			<ele>0.00</ele>
			<time>2020-01-20T04:10:45.23Z</time>
		</trkpt>
		<trkpt lat="34.553137" lon="126.791755">
			<ele>0.00</ele>
			<time>2020-01-20T04:10:45.76Z</time>
		</trkpt>
		<trkpt lat="34.553167" lon="126.791806">
			<ele>0.00</ele>
			<time>2020-01-20T04:10:46.10Z</time>
		</trkpt>
		<trkpt lat="34.553196" lon="126.791812">
			<ele>0.00</ele>
			<time>2020-01-20T04:10:46.29Z</time>
		</trkpt>
		<trkpt lat="34.553231" lon="126.791812">
			<ele>0.00</ele>
			<time>2020-01-20T04:10:46.53Z</time>
		</trkpt>
		<trkpt lat="34.553266" lon="126.791789">
			<ele>0.00</ele>
			<time>2020-01-20T04:10:46.79Z</time>
		</trkpt>
		<trkpt lat="34.553346" lon="126.791714">
			<ele>0.00</ele>
			<time>2020-01-20T04:10:47.47Z</time>
		</trkpt>
		<trkpt lat="34.553394" lon="126.791659">
			<ele>0.00</ele>
			<time>2020-01-20T04:10:47.91Z</time>
		</trkpt>
		<trkpt lat="34.553448" lon="126.791553">
			<ele>0.00</ele>
			<time>2020-01-20T04:10:48.59Z</time>
		</trkpt>
		<trkpt lat="34.553486" lon="126.791504">
			<ele>0.00</ele>
			<time>2020-01-20T04:10:48.96Z</time>
		</trkpt>
		<trkpt lat="34.553532" lon="126.791466">
			<ele>0.00</ele>
			<time>2020-01-20T04:10:49.33Z</time>
		</trkpt>
		<trkpt lat="34.553611" lon="126.791439">
			<ele>0.00</ele>
			<time>2020-01-20T04:10:49.88Z</time>
		</trkpt>
		<trkpt lat="34.553713" lon="126.791422">
			<ele>0.00</ele>
			<time>2020-01-20T04:10:50.57Z</time>
		</trkpt>
		<trkpt lat="34.553804" lon="126.791421">
			<ele>0.00</ele>
			<time>2020-01-20T04:10:51.17Z</time>
		</trkpt>
		<trkpt lat="34.553851" lon="126.791425">
			<ele>0.00</ele>
			<time>2020-01-20T04:10:51.48Z</time>
		</trkpt>
		<trkpt lat="34.553925" lon="126.791434">
			<ele>0.00</ele>
			<time>2020-01-20T04:10:51.98Z</time>
		</trkpt>
		<trkpt lat="34.553971" lon="126.791448">
			<ele>0.00</ele>
			<time>2020-01-20T04:10:52.29Z</time>
		</trkpt>
		<trkpt lat="34.553970" lon="126.791449">
			<ele>0.00</ele>
			<time>2020-01-20T04:10:52.35Z</time>
		</trkpt>
		<trkpt lat="34.554038" lon="126.791416">
			<ele>0.00</ele>
			<time>2020-01-20T04:10:52.84Z</time>
		</trkpt>
		<trkpt lat="34.554113" lon="126.791400">
			<ele>0.00</ele>
			<time>2020-01-20T04:10:53.35Z</time>
		</trkpt>
		<trkpt lat="34.554172" lon="126.791401">
			<ele>0.00</ele>
			<time>2020-01-20T04:10:53.75Z</time>
		</trkpt>
		<trkpt lat="34.554232" lon="126.791402">
			<ele>0.00</ele>
			<time>2020-01-20T04:10:54.15Z</time>
		</trkpt>
		<trkpt lat="34.554264" lon="126.791409">
			<ele>0.00</ele>
			<time>2020-01-20T04:10:54.36Z</time>
		</trkpt>
		<trkpt lat="34.554320" lon="126.791431">
			<ele>0.00</ele>
			<time>2020-01-20T04:10:54.75Z</time>
		</trkpt>
		<trkpt lat="34.554369" lon="126.791472">
			<ele>0.00</ele>
			<time>2020-01-20T04:10:55.15Z</time>
		</trkpt>
		<trkpt lat="34.554415" lon="126.791509">
			<ele>0.00</ele>
			<time>2020-01-20T04:10:55.52Z</time>
		</trkpt>
		<trkpt lat="34.554524" lon="126.791588">
			<ele>0.00</ele>
			<time>2020-01-20T04:10:56.36Z</time>
		</trkpt>
		<trkpt lat="34.554663" lon="126.791692">
			<ele>0.00</ele>
			<time>2020-01-20T04:10:57.45Z</time>
		</trkpt>
		<trkpt lat="34.554734" lon="126.791752">
			<ele>0.00</ele>
			<time>2020-01-20T04:10:58.03Z</time>
		</trkpt>
		<trkpt lat="34.554808" lon="126.791812">
			<ele>0.00</ele>
			<time>2020-01-20T04:10:58.62Z</time>
		</trkpt>
		<trkpt lat="34.554894" lon="126.791869">
			<ele>0.00</ele>
			<time>2020-01-20T04:10:59.28Z</time>
		</trkpt>
		<trkpt lat="34.554984" lon="126.791917">
			<ele>0.00</ele>
			<time>2020-01-20T04:10:59.93Z</time>
		</trkpt>
		<trkpt lat="34.555045" lon="126.791945">
			<ele>0.00</ele>
			<time>2020-01-20T04:11:00.37Z</time>
		</trkpt>
		<trkpt lat="34.555144" lon="126.791966">
			<ele>0.00</ele>
			<time>2020-01-20T04:11:01.04Z</time>
		</trkpt>
		<trkpt lat="34.555264" lon="126.791969">
			<ele>0.00</ele>
			<time>2020-01-20T04:11:01.83Z</time>
		</trkpt>
		<trkpt lat="34.555346" lon="126.791969">
			<ele>0.00</ele>
			<time>2020-01-20T04:11:02.38Z</time>
		</trkpt>
		<trkpt lat="34.555415" lon="126.791977">
			<ele>0.00</ele>
			<time>2020-01-20T04:11:02.85Z</time>
		</trkpt>
		<trkpt lat="34.555509" lon="126.791999">
			<ele>0.00</ele>
			<time>2020-01-20T04:11:03.48Z</time>
		</trkpt>
		<trkpt lat="34.555557" lon="126.792017">
			<ele>0.00</ele>
			<time>2020-01-20T04:11:03.82Z</time>
		</trkpt>
		<trkpt lat="34.555622" lon="126.792033">
			<ele>0.00</ele>
			<time>2020-01-20T04:11:04.26Z</time>
		</trkpt>
		<trkpt lat="34.555621" lon="126.792034">
			<ele>0.00</ele>
			<time>2020-01-20T04:11:04.32Z</time>
		</trkpt>
		<trkpt lat="34.555732" lon="126.792095">
			<ele>0.00</ele>
			<time>2020-01-20T04:11:05.13Z</time>
		</trkpt>
		<trkpt lat="34.555795" lon="126.792126">
			<ele>0.00</ele>
			<time>2020-01-20T04:11:05.59Z</time>
		</trkpt>
		<trkpt lat="34.555901" lon="126.792164">
			<ele>0.00</ele>
			<time>2020-01-20T04:11:06.32Z</time>
		</trkpt>
		<trkpt lat="34.555985" lon="126.792192">
			<ele>0.00</ele>
			<time>2020-01-20T04:11:06.90Z</time>
		</trkpt>
		<trkpt lat="34.556080" lon="126.792213">
			<ele>0.00</ele>
			<time>2020-01-20T04:11:07.54Z</time>
		</trkpt>
		<trkpt lat="34.556187" lon="126.792247">
			<ele>0.00</ele>
			<time>2020-01-20T04:11:08.28Z</time>
		</trkpt>
		<trkpt lat="34.556260" lon="126.792273">
			<ele>0.00</ele>
			<time>2020-01-20T04:11:08.79Z</time>
		</trkpt>
		<trkpt lat="34.556329" lon="126.792292">
			<ele>0.00</ele>
			<time>2020-01-20T04:11:09.26Z</time>
		</trkpt>
		<trkpt lat="34.556379" lon="126.792305">
			<ele>0.00</ele>
			<time>2020-01-20T04:11:09.60Z</time>
		</trkpt>
		<trkpt lat="34.556478" lon="126.792338">
			<ele>0.00</ele>
			<time>2020-01-20T04:11:10.28Z</time>
		</trkpt>
		<trkpt lat="34.556560" lon="126.792351">
			<ele>0.00</ele>
			<time>2020-01-20T04:11:10.84Z</time>
		</trkpt>
		<trkpt lat="34.556659" lon="126.792361">
			<ele>0.00</ele>
			<time>2020-01-20T04:11:11.50Z</time>
		</trkpt>
		<trkpt lat="34.556733" lon="126.792380">
			<ele>0.00</ele>
			<time>2020-01-20T04:11:12Z</time>
		</trkpt>
		<trkpt lat="34.556810" lon="126.792403">
			<ele>0.00</ele>
			<time>2020-01-20T04:11:12.53Z</time>
		</trkpt>
		<trkpt lat="34.556901" lon="126.792433">
			<ele>0.00</ele>
			<time>2020-01-20T04:11:13.16Z</time>
		</trkpt>
		<trkpt lat="34.557033" lon="126.792469">
			<ele>0.00</ele>
			<time>2020-01-20T04:11:14.07Z</time>
		</trkpt>
		<trkpt lat="34.557125" lon="126.792491">
			<ele>0.00</ele>
			<time>2020-01-20T04:11:14.69Z</time>
		</trkpt>
		<trkpt lat="34.557204" lon="126.792508">
			<ele>0.00</ele>
			<time>2020-01-20T04:11:15.22Z</time>
		</trkpt>
		<trkpt lat="34.557282" lon="126.792511">
			<ele>0.00</ele>
			<time>2020-01-20T04:11:15.74Z</time>
		</trkpt>
		<trkpt lat="34.557346" lon="126.792506">
			<ele>0.00</ele>
			<time>2020-01-20T04:11:16.17Z</time>
		</trkpt>
		<trkpt lat="34.557397" lon="126.792493">
			<ele>0.00</ele>
			<time>2020-01-20T04:11:16.52Z</time>
		</trkpt>
		<trkpt lat="34.557497" lon="126.792471">
			<ele>0.00</ele>
			<time>2020-01-20T04:11:17.19Z</time>
		</trkpt>
		<trkpt lat="34.557639" lon="126.792442">
			<ele>0.00</ele>
			<time>2020-01-20T04:11:18.16Z</time>
		</trkpt>
		<trkpt lat="34.557761" lon="126.792422">
			<ele>0.00</ele>
			<time>2020-01-20T04:11:18.98Z</time>
		</trkpt>
		<trkpt lat="34.557935" lon="126.792389">
			<ele>0.00</ele>
			<time>2020-01-20T04:11:20.15Z</time>
		</trkpt>
		<trkpt lat="34.558027" lon="126.792374">
			<ele>0.00</ele>
			<time>2020-01-20T04:11:20.77Z</time>
		</trkpt>
		<trkpt lat="34.558095" lon="126.792347">
			<ele>0.00</ele>
			<time>2020-01-20T04:11:21.25Z</time>
		</trkpt>
		<trkpt lat="34.558161" lon="126.792298">
			<ele>0.00</ele>
			<time>2020-01-20T04:11:21.76Z</time>
		</trkpt>
		<trkpt lat="34.558204" lon="126.792261">
			<ele>0.00</ele>
			<time>2020-01-20T04:11:22.12Z</time>
		</trkpt>
		<trkpt lat="34.558251" lon="126.792201">
			<ele>0.00</ele>
			<time>2020-01-20T04:11:22.57Z</time>
		</trkpt>
		<trkpt lat="34.558311" lon="126.792107">
			<ele>0.00</ele>
			<time>2020-01-20T04:11:23.22Z</time>
		</trkpt>
		<trkpt lat="34.558351" lon="126.791961">
			<ele>0.00</ele>
			<time>2020-01-20T04:11:24.07Z</time>
		</trkpt>
		<trkpt lat="34.558351" lon="126.791959">
			<ele>0.00</ele>
			<time>2020-01-20T04:11:24.13Z</time>
		</trkpt>
		<trkpt lat="34.558362" lon="126.791873">
			<ele>0.00</ele>
			<time>2020-01-20T04:11:24.61Z</time>
		</trkpt>
		<trkpt lat="34.558380" lon="126.791704">
			<ele>0.00</ele>
			<time>2020-01-20T04:11:25.54Z</time>
		</trkpt>
		<trkpt lat="34.558394" lon="126.791552">
			<ele>0.00</ele>
			<time>2020-01-20T04:11:26.38Z</time>
		</trkpt>
		<trkpt lat="34.558410" lon="126.791405">
			<ele>0.00</ele>
			<time>2020-01-20T04:11:27.19Z</time>
		</trkpt>
		<trkpt lat="34.558415" lon="126.791324">
			<ele>0.00</ele>
			<time>2020-01-20T04:11:27.64Z</time>
		</trkpt>
		<trkpt lat="34.558423" lon="126.791200">
			<ele>0.00</ele>
			<time>2020-01-20T04:11:28.32Z</time>
		</trkpt>
		<trkpt lat="34.558429" lon="126.791135">
			<ele>0.00</ele>
			<time>2020-01-20T04:11:28.68Z</time>
		</trkpt>
		<trkpt lat="34.558440" lon="126.791028">
			<ele>0.00</ele>
			<time>2020-01-20T04:11:29.27Z</time>
		</trkpt>
		<trkpt lat="34.558460" lon="126.790946">
			<ele>0.00</ele>
			<time>2020-01-20T04:11:29.75Z</time>
		</trkpt>
		<trkpt lat="34.558499" lon="126.790869">
			<ele>0.00</ele>
			<time>2020-01-20T04:11:30.24Z</time>
		</trkpt>
		<trkpt lat="34.558549" lon="126.790775">
			<ele>0.00</ele>
			<time>2020-01-20T04:11:30.85Z</time>
		</trkpt>
		<trkpt lat="34.558610" lon="126.790662">
			<ele>0.00</ele>
			<time>2020-01-20T04:11:31.60Z</time>
		</trkpt>
		<trkpt lat="34.558662" lon="126.790574">
			<ele>0.00</ele>
			<time>2020-01-20T04:11:32.19Z</time>
		</trkpt>
		<trkpt lat="34.558663" lon="126.790571">
			<ele>0.00</ele>
			<time>2020-01-20T04:11:32.25Z</time>
		</trkpt>
		<trkpt lat="34.558704" lon="126.790492">
			<ele>0.00</ele>
			<time>2020-01-20T04:11:32.76Z</time>
		</trkpt>
		<trkpt lat="34.558729" lon="126.790405">
			<ele>0.00</ele>
			<time>2020-01-20T04:11:33.27Z</time>
		</trkpt>
		<trkpt lat="34.558741" lon="126.790308">
			<ele>0.00</ele>
			<time>2020-01-20T04:11:33.81Z</time>
		</trkpt>
		<trkpt lat="34.558753" lon="126.790199">
			<ele>0.00</ele>
			<time>2020-01-20T04:11:34.41Z</time>
		</trkpt>
		<trkpt lat="34.558760" lon="126.790071">
			<ele>0.00</ele>
			<time>2020-01-20T04:11:35.12Z</time>
		</trkpt>
		<trkpt lat="34.558760" lon="126.790067">
			<ele>0.00</ele>
			<time>2020-01-20T04:11:35.18Z</time>
		</trkpt>
		<trkpt lat="34.558760" lon="126.790003">
			<ele>0.00</ele>
			<time>2020-01-20T04:11:35.53Z</time>
		</trkpt>
		<trkpt lat="34.558737" lon="126.789852">
			<ele>0.00</ele>
			<time>2020-01-20T04:11:36.37Z</time>
		</trkpt>
		<trkpt lat="34.558737" lon="126.789798">
			<ele>0.00</ele>
			<time>2020-01-20T04:11:36.67Z</time>
		</trkpt>
		<trkpt lat="34.558737" lon="126.789722">
			<ele>0.00</ele>
			<time>2020-01-20T04:11:37.09Z</time>
		</trkpt>
		<trkpt lat="34.558738" lon="126.789714">
			<ele>0.00</ele>
			<time>2020-01-20T04:11:37.15Z</time>
		</trkpt>
		<trkpt lat="34.558749" lon="126.789633">
			<ele>0.00</ele>
			<time>2020-01-20T04:11:37.60Z</time>
		</trkpt>
		<trkpt lat="34.558750" lon="126.789625">
			<ele>0.00</ele>
			<time>2020-01-20T04:11:37.66Z</time>
		</trkpt>
		<trkpt lat="34.558752" lon="126.789579">
			<ele>0.00</ele>
			<time>2020-01-20T04:11:37.91Z</time>
		</trkpt>
		<trkpt lat="34.558753" lon="126.789534">
			<ele>0.00</ele>
			<time>2020-01-20T04:11:38.16Z</time>
		</trkpt>
		<trkpt lat="34.558758" lon="126.789485">
			<ele>0.00</ele>
			<time>2020-01-20T04:11:38.43Z</time>
		</trkpt>
		<trkpt lat="34.558748" lon="126.789459">
			<ele>0.00</ele>
			<time>2020-01-20T04:11:38.59Z</time>
		</trkpt>
		<trkpt lat="34.558713" lon="126.789414">
			<ele>0.00</ele>
			<time>2020-01-20T04:11:38.93Z</time>
		</trkpt>
		<trkpt lat="34.558674" lon="126.789368">
			<ele>0.00</ele>
			<time>2020-01-20T04:11:39.28Z</time>
		</trkpt>
		<trkpt lat="34.558659" lon="126.789342">
			<ele>0.00</ele>
			<time>2020-01-20T04:11:39.46Z</time>
		</trkpt>
		<trkpt lat="34.558670" lon="126.789299">
			<ele>0.00</ele>
			<time>2020-01-20T04:11:39.71Z</time>
		</trkpt>
		<trkpt lat="34.558700" lon="126.789299">
			<ele>0.00</ele>
			<time>2020-01-20T04:11:39.90Z</time>
		</trkpt>
		<trkpt lat="34.558753" lon="126.789305">
			<ele>0.00</ele>
			<time>2020-01-20T04:11:40.26Z</time>
		</trkpt>
		<trkpt lat="34.558801" lon="126.789315">
			<ele>0.00</ele>
			<time>2020-01-20T04:11:40.59Z</time>
		</trkpt>
		<trkpt lat="34.558853" lon="126.789324">
			<ele>0.00</ele>
			<time>2020-01-20T04:11:40.94Z</time>
		</trkpt>
		<trkpt lat="34.558942" lon="126.789339">
			<ele>0.00</ele>
			<time>2020-01-20T04:11:41.54Z</time>
		</trkpt>
		<trkpt lat="34.558942" lon="126.789338">
			<ele>0.00</ele>
			<time>2020-01-20T04:11:41.60Z</time>
		</trkpt>
		<trkpt lat="34.559057" lon="126.789371">
			<ele>0.00</ele>
			<time>2020-01-20T04:11:42.38Z</time>
		</trkpt>
		<trkpt lat="34.559177" lon="126.789415">
			<ele>0.00</ele>
			<time>2020-01-20T04:11:43.22Z</time>
		</trkpt>
		<trkpt lat="34.559331" lon="126.789483">
			<ele>0.00</ele>
			<time>2020-01-20T04:11:44.31Z</time>
		</trkpt>
		<trkpt lat="34.559513" lon="126.789550">
			<ele>0.00</ele>
			<time>2020-01-20T04:11:45.58Z</time>
		</trkpt>
		<trkpt lat="34.559706" lon="126.789615">
			<ele>0.00</ele>
			<time>2020-01-20T04:11:46.92Z</time>
		</trkpt>
		<trkpt lat="34.559786" lon="126.789653">
			<ele>0.00</ele>
			<time>2020-01-20T04:11:47.48Z</time>
		</trkpt>
		<trkpt lat="34.559886" lon="126.789703">
			<ele>0.00</ele>
			<time>2020-01-20T04:11:48.21Z</time>
		</trkpt>
		<trkpt lat="34.559962" lon="126.789741">
			<ele>0.00</ele>
			<time>2020-01-20T04:11:48.76Z</time>
		</trkpt>
		<trkpt lat="34.560014" lon="126.789766">
			<ele>0.00</ele>
			<time>2020-01-20T04:11:49.13Z</time>
		</trkpt>
		<trkpt lat="34.560108" lon="126.789821">
			<ele>0.00</ele>
			<time>2020-01-20T04:11:49.83Z</time>
		</trkpt>
		<trkpt lat="34.560207" lon="126.789876">
			<ele>0.00</ele>
			<time>2020-01-20T04:11:50.55Z</time>
		</trkpt>
		<trkpt lat="34.560299" lon="126.789942">
			<ele>0.00</ele>
			<time>2020-01-20T04:11:51.26Z</time>
		</trkpt>
		<trkpt lat="34.560387" lon="126.790028">
			<ele>0.00</ele>
			<time>2020-01-20T04:11:52.02Z</time>
		</trkpt>
		<trkpt lat="34.560471" lon="126.790119">
			<ele>0.00</ele>
			<time>2020-01-20T04:11:52.77Z</time>
		</trkpt>
		<trkpt lat="34.560553" lon="126.790222">
			<ele>0.00</ele>
			<time>2020-01-20T04:11:53.55Z</time>
		</trkpt>
		<trkpt lat="34.560635" lon="126.790329">
			<ele>0.00</ele>
			<time>2020-01-20T04:11:54.35Z</time>
		</trkpt>
		<trkpt lat="34.560727" lon="126.790461">
			<ele>0.00</ele>
			<time>2020-01-20T04:11:55.30Z</time>
		</trkpt>
		<trkpt lat="34.560827" lon="126.790582">
			<ele>0.00</ele>
			<time>2020-01-20T04:11:56.24Z</time>
		</trkpt>
		<trkpt lat="34.560970" lon="126.790764">
			<ele>0.00</ele>
			<time>2020-01-20T04:11:57.63Z</time>
		</trkpt>
		<trkpt lat="34.561053" lon="126.790862">
			<ele>0.00</ele>
			<time>2020-01-20T04:11:58.40Z</time>
		</trkpt>
		<trkpt lat="34.561139" lon="126.790984">
			<ele>0.00</ele>
			<time>2020-01-20T04:11:59.28Z</time>
		</trkpt>
		<trkpt lat="34.561215" lon="126.791078">
			<ele>0.00</ele>
			<time>2020-01-20T04:12:00Z</time>
		</trkpt>
		<trkpt lat="34.561372" lon="126.791281">
			<ele>0.00</ele>
			<time>2020-01-20T04:12:01.54Z</time>
		</trkpt>
		<trkpt lat="34.561482" lon="126.791419">
			<ele>0.00</ele>
			<time>2020-01-20T04:12:02.58Z</time>
		</trkpt>
		<trkpt lat="34.561622" lon="126.791614">
			<ele>0.00</ele>
			<time>2020-01-20T04:12:04.01Z</time>
		</trkpt>
		<trkpt lat="34.561731" lon="126.791789">
			<ele>0.00</ele>
			<time>2020-01-20T04:12:05.21Z</time>
		</trkpt>
		<trkpt lat="34.561811" lon="126.791922">
			<ele>0.00</ele>
			<time>2020-01-20T04:12:06.11Z</time>
		</trkpt>
		<trkpt lat="34.561873" lon="126.792031">
			<ele>0.00</ele>
			<time>2020-01-20T04:12:06.84Z</time>
		</trkpt>
		<trkpt lat="34.561874" lon="126.792033">
			<ele>0.00</ele>
			<time>2020-01-20T04:12:06.90Z</time>
		</trkpt>
		<trkpt lat="34.561947" lon="126.792177">
			<ele>0.00</ele>
			<time>2020-01-20T04:12:07.83Z</time>
		</trkpt>
		<trkpt lat="34.562022" lon="126.792343">
			<ele>0.00</ele>
			<time>2020-01-20T04:12:08.87Z</time>
		</trkpt>
		<trkpt lat="34.562065" lon="126.792459">
			<ele>0.00</ele>
			<time>2020-01-20T04:12:09.57Z</time>
		</trkpt>
		<trkpt lat="34.562129" lon="126.792638">
			<ele>0.00</ele>
			<time>2020-01-20T04:12:10.64Z</time>
		</trkpt>
		<trkpt lat="34.562175" lon="126.792827">
			<ele>0.00</ele>
			<time>2020-01-20T04:12:11.72Z</time>
		</trkpt>
		<trkpt lat="34.562211" lon="126.792948">
			<ele>0.00</ele>
			<time>2020-01-20T04:12:12.43Z</time>
		</trkpt>
		<trkpt lat="34.562273" lon="126.793114">
			<ele>0.00</ele>
			<time>2020-01-20T04:12:13.43Z</time>
		</trkpt>
		<trkpt lat="34.562313" lon="126.793232">
			<ele>0.00</ele>
			<time>2020-01-20T04:12:14.13Z</time>
		</trkpt>
		<trkpt lat="34.562391" lon="126.793466">
			<ele>0.00</ele>
			<time>2020-01-20T04:12:15.51Z</time>
		</trkpt>
		<trkpt lat="34.562432" lon="126.793598">
			<ele>0.00</ele>
			<time>2020-01-20T04:12:16.29Z</time>
		</trkpt>
		<trkpt lat="34.562464" lon="126.793690">
			<ele>0.00</ele>
			<time>2020-01-20T04:12:16.84Z</time>
		</trkpt>
		<trkpt lat="34.562537" lon="126.793855">
			<ele>0.00</ele>
			<time>2020-01-20T04:12:17.87Z</time>
		</trkpt>
		<trkpt lat="34.562613" lon="126.794002">
			<ele>0.00</ele>
			<time>2020-01-20T04:12:18.82Z</time>
		</trkpt>
		<trkpt lat="34.562672" lon="126.794094">
			<ele>0.00</ele>
			<time>2020-01-20T04:12:19.46Z</time>
		</trkpt>
		<trkpt lat="34.562768" lon="126.794244">
			<ele>0.00</ele>
			<time>2020-01-20T04:12:20.50Z</time>
		</trkpt>
		<trkpt lat="34.562846" lon="126.794354">
			<ele>0.00</ele>
			<time>2020-01-20T04:12:21.30Z</time>
		</trkpt>
		<trkpt lat="34.562910" lon="126.794431">
			<ele>0.00</ele>
			<time>2020-01-20T04:12:21.90Z</time>
		</trkpt>
		<trkpt lat="34.562933" lon="126.794451">
			<ele>0.00</ele>
			<time>2020-01-20T04:12:22.09Z</time>
		</trkpt>
		<trkpt lat="34.562933" lon="126.794451">
			<ele>0.00</ele>
			<time>2020-01-20T04:12:22.15Z</time>
		</trkpt>
		<trkpt lat="34.562983" lon="126.794394">
			<ele>0.00</ele>
			<time>2020-01-20T04:12:22.61Z</time>
		</trkpt>
		<trkpt lat="34.563032" lon="126.794324">
			<ele>0.00</ele>
			<time>2020-01-20T04:12:23.11Z</time>
		</trkpt>
		<trkpt lat="34.563091" lon="126.794233">
			<ele>0.00</ele>
			<time>2020-01-20T04:12:23.74Z</time>
		</trkpt>
		<trkpt lat="34.563141" lon="126.794166">
			<ele>0.00</ele>
			<time>2020-01-20T04:12:24.25Z</time>
		</trkpt>
		<trkpt lat="34.563178" lon="126.794117">
			<ele>0.00</ele>
			<time>2020-01-20T04:12:24.61Z</time>
		</trkpt>
		<trkpt lat="34.563201" lon="126.794085">
			<ele>0.00</ele>
			<time>2020-01-20T04:12:24.84Z</time>
		</trkpt>
		<trkpt lat="34.563240" lon="126.794046">
			<ele>0.00</ele>
			<time>2020-01-20T04:12:25.18Z</time>
		</trkpt>
		<trkpt lat="34.563278" lon="126.794008">
			<ele>0.00</ele>
			<time>2020-01-20T04:12:25.50Z</time>
		</trkpt>
		<trkpt lat="34.563317" lon="126.793971">
			<ele>0.00</ele>
			<time>2020-01-20T04:12:25.84Z</time>
		</trkpt>
		<trkpt lat="34.563352" lon="126.793934">
			<ele>0.00</ele>
			<time>2020-01-20T04:12:26.14Z</time>
		</trkpt>
		<trkpt lat="34.563380" lon="126.793899">
			<ele>0.00</ele>
			<time>2020-01-20T04:12:26.41Z</time>
		</trkpt>
		<trkpt lat="34.563407" lon="126.793866">
			<ele>0.00</ele>
			<time>2020-01-20T04:12:26.67Z</time>
		</trkpt>
		<trkpt lat="34.563437" lon="126.793827">
			<ele>0.00</ele>
			<time>2020-01-20T04:12:26.96Z</time>
		</trkpt>
		<trkpt lat="34.563454" lon="126.793806">
			<ele>0.00</ele>
			<time>2020-01-20T04:12:27.12Z</time>
		</trkpt>
		<trkpt lat="34.563477" lon="126.793773">
			<ele>0.00</ele>
			<time>2020-01-20T04:12:27.36Z</time>
		</trkpt>
		<trkpt lat="34.563505" lon="126.793753">
			<ele>0.00</ele>
			<time>2020-01-20T04:12:27.58Z</time>
		</trkpt>
		<trkpt lat="34.563533" lon="126.793727">
			<ele>0.00</ele>
			<time>2020-01-20T04:12:27.81Z</time>
		</trkpt>
		<trkpt lat="34.563562" lon="126.793691">
			<ele>0.00</ele>
			<time>2020-01-20T04:12:28.09Z</time>
		</trkpt>
		<trkpt lat="34.563592" lon="126.793639">
			<ele>0.00</ele>
			<time>2020-01-20T04:12:28.44Z</time>
		</trkpt>
		<trkpt lat="34.563626" lon="126.793578">
			<ele>0.00</ele>
			<time>2020-01-20T04:12:28.84Z</time>
		</trkpt>
		<trkpt lat="34.563659" lon="126.793544">
			<ele>0.00</ele>
			<time>2020-01-20T04:12:29.13Z</time>
		</trkpt>
		<trkpt lat="34.563694" lon="126.793532">
			<ele>0.00</ele>
			<time>2020-01-20T04:12:29.37Z</time>
		</trkpt>
		<trkpt lat="34.563735" lon="126.793546">
			<ele>0.00</ele>
			<time>2020-01-20T04:12:29.66Z</time>
		</trkpt>
		<trkpt lat="34.563799" lon="126.793591">
			<ele>0.00</ele>
			<time>2020-01-20T04:12:30.15Z</time>
		</trkpt>
		<trkpt lat="34.563898" lon="126.793657">
			<ele>0.00</ele>
			<time>2020-01-20T04:12:30.90Z</time>
		</trkpt>
		<trkpt lat="34.563985" lon="126.793726">
			<ele>0.00</ele>
			<time>2020-01-20T04:12:31.60Z</time>
		</trkpt>
		<trkpt lat="34.564064" lon="126.793786">
			<ele>0.00</ele>
			<time>2020-01-20T04:12:32.21Z</time>
		</trkpt>
		<trkpt lat="34.564144" lon="126.793845">
			<ele>0.00</ele>
			<time>2020-01-20T04:12:32.84Z</time>
		</trkpt>
		<trkpt lat="34.564220" lon="126.793910">
			<ele>0.00</ele>
			<time>2020-01-20T04:12:33.46Z</time>
		</trkpt>
		<trkpt lat="34.564299" lon="126.793977">
			<ele>0.00</ele>
			<time>2020-01-20T04:12:34.11Z</time>
		</trkpt>
		<trkpt lat="34.564381" lon="126.794049">
			<ele>0.00</ele>
			<time>2020-01-20T04:12:34.78Z</time>
		</trkpt>
		<trkpt lat="34.564478" lon="126.794128">
			<ele>0.00</ele>
			<time>2020-01-20T04:12:35.56Z</time>
		</trkpt>
		<trkpt lat="34.564533" lon="126.794172">
			<ele>0.00</ele>
			<time>2020-01-20T04:12:35.99Z</time>
		</trkpt>
		<trkpt lat="34.564618" lon="126.794238">
			<ele>0.00</ele>
			<time>2020-01-20T04:12:36.67Z</time>
		</trkpt>
		<trkpt lat="34.564660" lon="126.794269">
			<ele>0.00</ele>
			<time>2020-01-20T04:12:36.99Z</time>
		</trkpt>
		<trkpt lat="34.564734" lon="126.794329">
			<ele>0.00</ele>
			<time>2020-01-20T04:12:37.59Z</time>
		</trkpt>
		<trkpt lat="34.564789" lon="126.794369">
			<ele>0.00</ele>
			<time>2020-01-20T04:12:38.02Z</time>
		</trkpt>
		<trkpt lat="34.564845" lon="126.794375">
			<ele>0.00</ele>
			<time>2020-01-20T04:12:38.39Z</time>
		</trkpt>
		<trkpt lat="34.564886" lon="126.794368">
			<ele>0.00</ele>
			<time>2020-01-20T04:12:38.66Z</time>
		</trkpt>
		<trkpt lat="34.564938" lon="126.794334">
			<ele>0.00</ele>
			<time>2020-01-20T04:12:39.06Z</time>
		</trkpt>
		<trkpt lat="34.565012" lon="126.794277">
			<ele>0.00</ele>
			<time>2020-01-20T04:12:39.65Z</time>
		</trkpt>
		<trkpt lat="34.565071" lon="126.794236">
			<ele>0.00</ele>
			<time>2020-01-20T04:12:40.10Z</time>
		</trkpt>
		<trkpt lat="34.565139" lon="126.794190">
			<ele>0.00</ele>
			<time>2020-01-20T04:12:40.62Z</time>
		</trkpt>
		<trkpt lat="34.565237" lon="126.794128">
			<ele>0.00</ele>
			<time>2020-01-20T04:12:41.35Z</time>
		</trkpt>
		<trkpt lat="34.565292" lon="126.794098">
			<ele>0.00</ele>
			<time>2020-01-20T04:12:41.76Z</time>
		</trkpt>
		<trkpt lat="34.565366" lon="126.794072">
			<ele>0.00</ele>
			<time>2020-01-20T04:12:42.27Z</time>
		</trkpt>
		<trkpt lat="34.565407" lon="126.794065">
			<ele>0.00</ele>
			<time>2020-01-20T04:12:42.55Z</time>
		</trkpt>
		<trkpt lat="34.565446" lon="126.794067">
			<ele>0.00</ele>
			<time>2020-01-20T04:12:42.81Z</time>
		</trkpt>
		<trkpt lat="34.565503" lon="126.794100">
			<ele>0.00</ele>
			<time>2020-01-20T04:12:43.22Z</time>
		</trkpt>
		<trkpt lat="34.565554" lon="126.794135">
			<ele>0.00</ele>
			<time>2020-01-20T04:12:43.62Z</time>
		</trkpt>
		<trkpt lat="34.565580" lon="126.794160">
			<ele>0.00</ele>
			<time>2020-01-20T04:12:43.84Z</time>
		</trkpt>
		<trkpt lat="34.565648" lon="126.794223">
			<ele>0.00</ele>
			<time>2020-01-20T04:12:44.41Z</time>
		</trkpt>
		<trkpt lat="34.565729" lon="126.794304">
			<ele>0.00</ele>
			<time>2020-01-20T04:12:45.11Z</time>
		</trkpt>
		<trkpt lat="34.565784" lon="126.794359">
			<ele>0.00</ele>
			<time>2020-01-20T04:12:45.58Z</time>
		</trkpt>
		<trkpt lat="34.565846" lon="126.794420">
			<ele>0.00</ele>
			<time>2020-01-20T04:12:46.12Z</time>
		</trkpt>
		<trkpt lat="34.565916" lon="126.794494">
			<ele>0.00</ele>
			<time>2020-01-20T04:12:46.73Z</time>
		</trkpt>
		<trkpt lat="34.565981" lon="126.794569">
			<ele>0.00</ele>
			<time>2020-01-20T04:12:47.34Z</time>
		</trkpt>
		<trkpt lat="34.566034" lon="126.794638">
			<ele>0.00</ele>
			<time>2020-01-20T04:12:47.85Z</time>
		</trkpt>
		<trkpt lat="34.566089" lon="126.794706">
			<ele>0.00</ele>
			<time>2020-01-20T04:12:48.38Z</time>
		</trkpt>
		<trkpt lat="34.566152" lon="126.794798">
			<ele>0.00</ele>
			<time>2020-01-20T04:12:49.03Z</time>
		</trkpt>
		<trkpt lat="34.566237" lon="126.794915">
			<ele>0.00</ele>
			<time>2020-01-20T04:12:49.89Z</time>
		</trkpt>
		<trkpt lat="34.566348" lon="126.795063">
			<ele>0.00</ele>
			<time>2020-01-20T04:12:50.99Z</time>
		</trkpt>
		<trkpt lat="34.566420" lon="126.795173">
			<ele>0.00</ele>
			<time>2020-01-20T04:12:51.75Z</time>
		</trkpt>
		<trkpt lat="34.566526" lon="126.795330">
			<ele>0.00</ele>
			<time>2020-01-20T04:12:52.87Z</time>
		</trkpt>
		<trkpt lat="34.566603" lon="126.795433">
			<ele>0.00</ele>
			<time>2020-01-20T04:12:53.63Z</time>
		</trkpt>
		<trkpt lat="34.566679" lon="126.795547">
			<ele>0.00</ele>
			<time>2020-01-20T04:12:54.44Z</time>
		</trkpt>
		<trkpt lat="34.566744" lon="126.795637">
			<ele>0.00</ele>
			<time>2020-01-20T04:12:55.10Z</time>
		</trkpt>
		<trkpt lat="34.566805" lon="126.795724">
			<ele>0.00</ele>
			<time>2020-01-20T04:12:55.72Z</time>
		</trkpt>
		<trkpt lat="34.566874" lon="126.795821">
			<ele>0.00</ele>
			<time>2020-01-20T04:12:56.43Z</time>
		</trkpt>
		<trkpt lat="34.566923" lon="126.795886">
			<ele>0.00</ele>
			<time>2020-01-20T04:12:56.92Z</time>
		</trkpt>
		<trkpt lat="34.566972" lon="126.795926">
			<ele>0.00</ele>
			<time>2020-01-20T04:12:57.31Z</time>
		</trkpt>
		<trkpt lat="34.567025" lon="126.795950">
			<ele>0.00</ele>
			<time>2020-01-20T04:12:57.68Z</time>
		</trkpt>
		<trkpt lat="34.567114" lon="126.795951">
			<ele>0.00</ele>
			<time>2020-01-20T04:12:58.28Z</time>
		</trkpt>
		<trkpt lat="34.567114" lon="126.795950">
			<ele>0.00</ele>
			<time>2020-01-20T04:12:58.34Z</time>
		</trkpt>
		<trkpt lat="34.567203" lon="126.795954">
			<ele>0.00</ele>
			<time>2020-01-20T04:12:58.93Z</time>
		</trkpt>
		<trkpt lat="34.567243" lon="126.795967">
			<ele>0.00</ele>
			<time>2020-01-20T04:12:59.21Z</time>
		</trkpt>
		<trkpt lat="34.567267" lon="126.796006">
			<ele>0.00</ele>
			<time>2020-01-20T04:12:59.48Z</time>
		</trkpt>
		<trkpt lat="34.567276" lon="126.796069">
			<ele>0.00</ele>
			<time>2020-01-20T04:12:59.83Z</time>
		</trkpt>
		<trkpt lat="34.567272" lon="126.796116">
			<ele>0.00</ele>
			<time>2020-01-20T04:13:00.09Z</time>
		</trkpt>
		<trkpt lat="34.567265" lon="126.796174">
			<ele>0.00</ele>
			<time>2020-01-20T04:13:00.41Z</time>
		</trkpt>
		<trkpt lat="34.567255" lon="126.796231">
			<ele>0.00</ele>
			<time>2020-01-20T04:13:00.73Z</time>
		</trkpt>
		<trkpt lat="34.567251" lon="126.796288">
			<ele>0.00</ele>
			<time>2020-01-20T04:13:01.04Z</time>
		</trkpt>
		<trkpt lat="34.567254" lon="126.796323">
			<ele>0.00</ele>
			<time>2020-01-20T04:13:01.23Z</time>
		</trkpt>
		<trkpt lat="34.567276" lon="126.796361">
			<ele>0.00</ele>
			<time>2020-01-20T04:13:01.49Z</time>
		</trkpt>
		<trkpt lat="34.567346" lon="126.796369">
			<ele>0.00</ele>
			<time>2020-01-20T04:13:01.96Z</time>
		</trkpt>
		<trkpt lat="34.567396" lon="126.796375">
			<ele>0.00</ele>
			<time>2020-01-20T04:13:02.29Z</time>
		</trkpt>
		<trkpt lat="34.567397" lon="126.796377">
			<ele>0.00</ele>
			<time>2020-01-20T04:13:02.35Z</time>
		</trkpt>
		<trkpt lat="34.567629" lon="126.796377">
			<ele>0.00</ele>
			<time>2020-01-20T04:13:03.90Z</time>
		</trkpt>
		<trkpt lat="34.567738" lon="126.796378">
			<ele>0.00</ele>
			<time>2020-01-20T04:13:04.63Z</time>
		</trkpt>
		<trkpt lat="34.567858" lon="126.796381">
			<ele>0.00</ele>
			<time>2020-01-20T04:13:05.43Z</time>
		</trkpt>
		<trkpt lat="34.567919" lon="126.796389">
			<ele>0.00</ele>
			<time>2020-01-20T04:13:05.84Z</time>
		</trkpt>
		<trkpt lat="34.567991" lon="126.796394">
			<ele>0.00</ele>
			<time>2020-01-20T04:13:06.32Z</time>
		</trkpt>
		<trkpt lat="34.568055" lon="126.796380">
			<ele>0.00</ele>
			<time>2020-01-20T04:13:06.75Z</time>
		</trkpt>
		<trkpt lat="34.568113" lon="126.796372">
			<ele>0.00</ele>
			<time>2020-01-20T04:13:07.14Z</time>
		</trkpt>
		<trkpt lat="34.568157" lon="126.796360">
			<ele>0.00</ele>
			<time>2020-01-20T04:13:07.45Z</time>
		</trkpt>
		<trkpt lat="34.568199" lon="126.796360">
			<ele>0.00</ele>
			<time>2020-01-20T04:13:07.72Z</time>
		</trkpt>
		<trkpt lat="34.568252" lon="126.796375">
			<ele>0.00</ele>
			<time>2020-01-20T04:13:08.09Z</time>
		</trkpt>
		<trkpt lat="34.568290" lon="126.796395">
			<ele>0.00</ele>
			<time>2020-01-20T04:13:08.36Z</time>
		</trkpt>
		<trkpt lat="34.568312" lon="126.796391">
			<ele>0.00</ele>
			<time>2020-01-20T04:13:08.51Z</time>
		</trkpt>
		<trkpt lat="34.568337" lon="126.796366">
			<ele>0.00</ele>
			<time>2020-01-20T04:13:08.72Z</time>
		</trkpt>
		<trkpt lat="34.568363" lon="126.796337">
			<ele>0.00</ele>
			<time>2020-01-20T04:13:08.96Z</time>
		</trkpt>
		<trkpt lat="34.568409" lon="126.796317">
			<ele>0.00</ele>
			<time>2020-01-20T04:13:09.28Z</time>
		</trkpt>
		<trkpt lat="34.568449" lon="126.796309">
			<ele>0.00</ele>
			<time>2020-01-20T04:13:09.56Z</time>
		</trkpt>
		<trkpt lat="34.568477" lon="126.796314">
			<ele>0.00</ele>
			<time>2020-01-20T04:13:09.74Z</time>
		</trkpt>
		<trkpt lat="34.568511" lon="126.796289">
			<ele>0.00</ele>
			<time>2020-01-20T04:13:10.01Z</time>
		</trkpt>
		<trkpt lat="34.568553" lon="126.796230">
			<ele>0.00</ele>
			<time>2020-01-20T04:13:10.44Z</time>
		</trkpt>
		<trkpt lat="34.568593" lon="126.796184">
			<ele>0.00</ele>
			<time>2020-01-20T04:13:10.81Z</time>
		</trkpt>
		<trkpt lat="34.568633" lon="126.796147">
			<ele>0.00</ele>
			<time>2020-01-20T04:13:11.14Z</time>
		</trkpt>
		<trkpt lat="34.568659" lon="126.796115">
			<ele>0.00</ele>
			<time>2020-01-20T04:13:11.39Z</time>
		</trkpt>
		<trkpt lat="34.568683" lon="126.796081">
			<ele>0.00</ele>
			<time>2020-01-20T04:13:11.63Z</time>
		</trkpt>
		<trkpt lat="34.568703" lon="126.795987">
			<ele>0.00</ele>
			<time>2020-01-20T04:13:12.16Z</time>
		</trkpt>
		<trkpt lat="34.568713" lon="126.795888">
			<ele>0.00</ele>
			<time>2020-01-20T04:13:12.71Z</time>
		</trkpt>
		<trkpt lat="34.568722" lon="126.795812">
			<ele>0.00</ele>
			<time>2020-01-20T04:13:13.14Z</time>
		</trkpt>
		<trkpt lat="34.568726" lon="126.795710">
			<ele>0.00</ele>
			<time>2020-01-20T04:13:13.69Z</time>
		</trkpt>
		<trkpt lat="34.568726" lon="126.795709">
			<ele>0.00</ele>
			<time>2020-01-20T04:13:13.75Z</time>
		</trkpt>
		<trkpt lat="34.568734" lon="126.795618">
			<ele>0.00</ele>
			<time>2020-01-20T04:13:14.25Z</time>
		</trkpt>
		<trkpt lat="34.568738" lon="126.795546">
			<ele>0.00</ele>
			<time>2020-01-20T04:13:14.65Z</time>
		</trkpt>
		<trkpt lat="34.568742" lon="126.795441">
			<ele>0.00</ele>
			<time>2020-01-20T04:13:15.23Z</time>
		</trkpt>
		<trkpt lat="34.568747" lon="126.795370">
			<ele>0.00</ele>
			<time>2020-01-20T04:13:15.62Z</time>
		</trkpt>
		<trkpt lat="34.568762" lon="126.795329">
			<ele>0.00</ele>
			<time>2020-01-20T04:13:15.87Z</time>
		</trkpt>
		<trkpt lat="34.568785" lon="126.795307">
			<ele>0.00</ele>
			<time>2020-01-20T04:13:16.06Z</time>
		</trkpt>
		<trkpt lat="34.568810" lon="126.795289">
			<ele>0.00</ele>
			<time>2020-01-20T04:13:16.25Z</time>
		</trkpt>
		<trkpt lat="34.568833" lon="126.795281">
			<ele>0.00</ele>
			<time>2020-01-20T04:13:16.41Z</time>
		</trkpt>
		<trkpt lat="34.568849" lon="126.795287">
			<ele>0.00</ele>
			<time>2020-01-20T04:13:16.52Z</time>
		</trkpt>
		<trkpt lat="34.568878" lon="126.795317">
			<ele>0.00</ele>
			<time>2020-01-20T04:13:16.78Z</time>
		</trkpt>
		<trkpt lat="34.568909" lon="126.795326">
			<ele>0.00</ele>
			<time>2020-01-20T04:13:16.99Z</time>
		</trkpt>
		<trkpt lat="34.568943" lon="126.795333">
			<ele>0.00</ele>
			<time>2020-01-20T04:13:17.22Z</time>
		</trkpt>
		<trkpt lat="34.568990" lon="126.795341">
			<ele>0.00</ele>
			<time>2020-01-20T04:13:17.54Z</time>
		</trkpt>
		<trkpt lat="34.569025" lon="126.795355">
			<ele>0.00</ele>
			<time>2020-01-20T04:13:17.78Z</time>
		</trkpt>
		<trkpt lat="34.569070" lon="126.795374">
			<ele>0.00</ele>
			<time>2020-01-20T04:13:18.10Z</time>
		</trkpt>
		<trkpt lat="34.569140" lon="126.795394">
			<ele>0.00</ele>
			<time>2020-01-20T04:13:18.58Z</time>
		</trkpt>
		<trkpt lat="34.569214" lon="126.795415">
			<ele>0.00</ele>
			<time>2020-01-20T04:13:19.08Z</time>
		</trkpt>
		<trkpt lat="34.569280" lon="126.795438">
			<ele>0.00</ele>
			<time>2020-01-20T04:13:19.54Z</time>
		</trkpt>
		<trkpt lat="34.569335" lon="126.795454">
			<ele>0.00</ele>
			<time>2020-01-20T04:13:19.92Z</time>
		</trkpt>
		<trkpt lat="34.569390" lon="126.795469">
			<ele>0.00</ele>
			<time>2020-01-20T04:13:20.30Z</time>
		</trkpt>
		<trkpt lat="34.569464" lon="126.795487">
			<ele>0.00</ele>
			<time>2020-01-20T04:13:20.80Z</time>
		</trkpt>
		<trkpt lat="34.569541" lon="126.795505">
			<ele>0.00</ele>
			<time>2020-01-20T04:13:21.32Z</time>
		</trkpt>
		<trkpt lat="34.569612" lon="126.795515">
			<ele>0.00</ele>
			<time>2020-01-20T04:13:21.80Z</time>
		</trkpt>
		<trkpt lat="34.569661" lon="126.795525">
			<ele>0.00</ele>
			<time>2020-01-20T04:13:22.13Z</time>
		</trkpt>
		<trkpt lat="34.569741" lon="126.795535">
			<ele>0.00</ele>
			<time>2020-01-20T04:13:22.66Z</time>
		</trkpt>
		<trkpt lat="34.569837" lon="126.795548">
			<ele>0.00</ele>
			<time>2020-01-20T04:13:23.31Z</time>
		</trkpt>
		<trkpt lat="34.569953" lon="126.795563">
			<ele>0.00</ele>
			<time>2020-01-20T04:13:24.09Z</time>
		</trkpt>
		<trkpt lat="34.570062" lon="126.795578">
			<ele>0.00</ele>
			<time>2020-01-20T04:13:24.82Z</time>
		</trkpt>
		<trkpt lat="34.570215" lon="126.795596">
			<ele>0.00</ele>
			<time>2020-01-20T04:13:25.85Z</time>
		</trkpt>
		<trkpt lat="34.570343" lon="126.795608">
			<ele>0.00</ele>
			<time>2020-01-20T04:13:26.70Z</time>
		</trkpt>
		<trkpt lat="34.570437" lon="126.795617">
			<ele>0.00</ele>
			<time>2020-01-20T04:13:27.33Z</time>
		</trkpt>
		<trkpt lat="34.570524" lon="126.795633">
			<ele>0.00</ele>
			<time>2020-01-20T04:13:27.91Z</time>
		</trkpt>
		<trkpt lat="34.570638" lon="126.795652">
			<ele>0.00</ele>
			<time>2020-01-20T04:13:28.68Z</time>
		</trkpt>
		<trkpt lat="34.570701" lon="126.795670">
			<ele>0.00</ele>
			<time>2020-01-20T04:13:29.12Z</time>
		</trkpt>
		<trkpt lat="34.570754" lon="126.795685">
			<ele>0.00</ele>
			<time>2020-01-20T04:13:29.47Z</time>
		</trkpt>
		<trkpt lat="34.570799" lon="126.795677">
			<ele>0.00</ele>
			<time>2020-01-20T04:13:29.78Z</time>
		</trkpt>
		<trkpt lat="34.570999" lon="126.795673">
			<ele>0.00</ele>
			<time>2020-01-20T04:13:31.11Z</time>
		</trkpt>
		<trkpt lat="34.571163" lon="126.795669">
			<ele>0.00</ele>
			<time>2020-01-20T04:13:32.21Z</time>
		</trkpt>
		<trkpt lat="34.571422" lon="126.795664">
			<ele>0.00</ele>
			<time>2020-01-20T04:13:33.93Z</time>
		</trkpt>
		<trkpt lat="34.571474" lon="126.795659">
			<ele>0.00</ele>
			<time>2020-01-20T04:13:34.28Z</time>
		</trkpt>
		<trkpt lat="34.571517" lon="126.795661">
			<ele>0.00</ele>
			<time>2020-01-20T04:13:34.57Z</time>
		</trkpt>
		<trkpt lat="34.571536" lon="126.795631">
			<ele>0.00</ele>
			<time>2020-01-20T04:13:34.77Z</time>
		</trkpt>
		<trkpt lat="34.571550" lon="126.795597">
			<ele>0.00</ele>
			<time>2020-01-20T04:13:34.98Z</time>
		</trkpt>
		<trkpt lat="34.571560" lon="126.795579">
			<ele>0.00</ele>
			<time>2020-01-20T04:13:35.10Z</time>
		</trkpt>
		<trkpt lat="34.571582" lon="126.795545">
			<ele>0.00</ele>
			<time>2020-01-20T04:13:35.34Z</time>
		</trkpt>
		<trkpt lat="34.571608" lon="126.795523">
			<ele>0.00</ele>
			<time>2020-01-20T04:13:35.55Z</time>
		</trkpt>
		<trkpt lat="34.571625" lon="126.795493">
			<ele>0.00</ele>
			<time>2020-01-20T04:13:35.75Z</time>
		</trkpt>
		<trkpt lat="34.571645" lon="126.795476">
			<ele>0.00</ele>
			<time>2020-01-20T04:13:35.92Z</time>
		</trkpt>
		<trkpt lat="34.571703" lon="126.795458">
			<ele>0.00</ele>
			<time>2020-01-20T04:13:36.31Z</time>
		</trkpt>
		<trkpt lat="34.571751" lon="126.795446">
			<ele>0.00</ele>
			<time>2020-01-20T04:13:36.64Z</time>
		</trkpt>
		<trkpt lat="34.571798" lon="126.795427">
			<ele>0.00</ele>
			<time>2020-01-20T04:13:36.97Z</time>
		</trkpt>
		<trkpt lat="34.571812" lon="126.795412">
			<ele>0.00</ele>
			<time>2020-01-20T04:13:37.10Z</time>
		</trkpt>
		<trkpt lat="34.571823" lon="126.795363">
			<ele>0.00</ele>
			<time>2020-01-20T04:13:37.38Z</time>
		</trkpt>
		<trkpt lat="34.571823" lon="126.795281">
			<ele>0.00</ele>
			<time>2020-01-20T04:13:37.83Z</time>
		</trkpt>
		<trkpt lat="34.571823" lon="126.795190">
			<ele>0.00</ele>
			<time>2020-01-20T04:13:38.33Z</time>
		</trkpt>
		<trkpt lat="34.571827" lon="126.795106">
			<ele>0.00</ele>
			<time>2020-01-20T04:13:38.78Z</time>
		</trkpt>
		<trkpt lat="34.571847" lon="126.795048">
			<ele>0.00</ele>
			<time>2020-01-20T04:13:39.13Z</time>
		</trkpt>
		<trkpt lat="34.571882" lon="126.794973">
			<ele>0.00</ele>
			<time>2020-01-20T04:13:39.60Z</time>
		</trkpt>
		<trkpt lat="34.571909" lon="126.794926">
			<ele>0.00</ele>
			<time>2020-01-20T04:13:39.92Z</time>
		</trkpt>
		<trkpt lat="34.571964" lon="126.794829">
			<ele>0.00</ele>
			<time>2020-01-20T04:13:40.56Z</time>
		</trkpt>
		<trkpt lat="34.572004" lon="126.794774">
			<ele>0.00</ele>
			<time>2020-01-20T04:13:40.97Z</time>
		</trkpt>
		<trkpt lat="34.572033" lon="126.794718">
			<ele>0.00</ele>
			<time>2020-01-20T04:13:41.33Z</time>
		</trkpt>
		<trkpt lat="34.572051" lon="126.794672">
			<ele>0.00</ele>
			<time>2020-01-20T04:13:41.61Z</time>
		</trkpt>
		<trkpt lat="34.572068" lon="126.794582">
			<ele>0.00</ele>
			<time>2020-01-20T04:13:42.12Z</time>
		</trkpt>
		<trkpt lat="34.572078" lon="126.794516">
			<ele>0.00</ele>
			<time>2020-01-20T04:13:42.49Z</time>
		</trkpt>
		<trkpt lat="34.572075" lon="126.794449">
			<ele>0.00</ele>
			<time>2020-01-20T04:13:42.85Z</time>
		</trkpt>
		<trkpt lat="34.572086" lon="126.794377">
			<ele>0.00</ele>
			<time>2020-01-20T04:13:43.26Z</time>
		</trkpt>
		<trkpt lat="34.572101" lon="126.794281">
			<ele>0.00</ele>
			<time>2020-01-20T04:13:43.79Z</time>
		</trkpt>
		<trkpt lat="34.572121" lon="126.794175">
			<ele>0.00</ele>
			<time>2020-01-20T04:13:44.39Z</time>
		</trkpt>
		<trkpt lat="34.572121" lon="126.794171">
			<ele>0.00</ele>
			<time>2020-01-20T04:13:44.45Z</time>
		</trkpt>
		<trkpt lat="34.572146" lon="126.794051">
			<ele>0.00</ele>
			<time>2020-01-20T04:13:45.13Z</time>
		</trkpt>
		<trkpt lat="34.572158" lon="126.793998">
			<ele>0.00</ele>
			<time>2020-01-20T04:13:45.43Z</time>
		</trkpt>
		<trkpt lat="34.572177" lon="126.793978">
			<ele>0.00</ele>
			<time>2020-01-20T04:13:45.60Z</time>
		</trkpt>
		<trkpt lat="34.572233" lon="126.793970">
			<ele>0.00</ele>
			<time>2020-01-20T04:13:45.98Z</time>
		</trkpt>
		<trkpt lat="34.572302" lon="126.793974">
			<ele>0.00</ele>
			<time>2020-01-20T04:13:46.44Z</time>
		</trkpt>
		<trkpt lat="34.572411" lon="126.793993">
			<ele>0.00</ele>
			<time>2020-01-20T04:13:47.17Z</time>
		</trkpt>
		<trkpt lat="34.572566" lon="126.794018">
			<ele>0.00</ele>
			<time>2020-01-20T04:13:48.21Z</time>
		</trkpt>
		<trkpt lat="34.572688" lon="126.794031">
			<ele>0.00</ele>
			<time>2020-01-20T04:13:49.03Z</time>
		</trkpt>
		<trkpt lat="34.572793" lon="126.794049">
			<ele>0.00</ele>
			<time>2020-01-20T04:13:49.73Z</time>
		</trkpt>
		<trkpt lat="34.572873" lon="126.794055">
			<ele>0.00</ele>
			<time>2020-01-20T04:13:50.27Z</time>
		</trkpt>
		<trkpt lat="34.573008" lon="126.794078">
			<ele>0.00</ele>
			<time>2020-01-20T04:13:51.18Z</time>
		</trkpt>
		<trkpt lat="34.573092" lon="126.794089">
			<ele>0.00</ele>
			<time>2020-01-20T04:13:51.74Z</time>
		</trkpt>
		<trkpt lat="34.573215" lon="126.794104">
			<ele>0.00</ele>
			<time>2020-01-20T04:13:52.57Z</time>
		</trkpt>
		<trkpt lat="34.573347" lon="126.794114">
			<ele>0.00</ele>
			<time>2020-01-20T04:13:53.45Z</time>
		</trkpt>
		<trkpt lat="34.573446" lon="126.794123">
			<ele>0.00</ele>
			<time>2020-01-20T04:13:54.11Z</time>
		</trkpt>
		<trkpt lat="34.573490" lon="126.794132">
			<ele>0.00</ele>
			<time>2020-01-20T04:13:54.41Z</time>
		</trkpt>
		<trkpt lat="34.573494" lon="126.794132">
			<ele>0.00</ele>
			<time>2020-01-20T04:13:54.47Z</time>
		</trkpt>
		<trkpt lat="34.573548" lon="126.794139">
			<ele>0.00</ele>
			<time>2020-01-20T04:13:54.83Z</time>
		</trkpt>
		<trkpt lat="34.573595" lon="126.794136">
			<ele>0.00</ele>
			<time>2020-01-20T04:13:55.14Z</time>
		</trkpt>
		<trkpt lat="34.573612" lon="126.794090">
			<ele>0.00</ele>
			<time>2020-01-20T04:13:55.42Z</time>
		</trkpt>
		<trkpt lat="34.573622" lon="126.794021">
			<ele>0.00</ele>
			<time>2020-01-20T04:13:55.81Z</time>
		</trkpt>
		<trkpt lat="34.573648" lon="126.793753">
			<ele>0.00</ele>
			<time>2020-01-20T04:13:57.28Z</time>
		</trkpt>
		<trkpt lat="34.573676" lon="126.793499">
			<ele>0.00</ele>
			<time>2020-01-20T04:13:58.69Z</time>
		</trkpt>
		<trkpt lat="34.573692" lon="126.793385">
			<ele>0.00</ele>
			<time>2020-01-20T04:13:59.33Z</time>
		</trkpt>
		<trkpt lat="34.573705" lon="126.793270">
			<ele>0.00</ele>
			<time>2020-01-20T04:13:59.96Z</time>
		</trkpt>
		<trkpt lat="34.573715" lon="126.793211">
			<ele>0.00</ele>
			<time>2020-01-20T04:14:00.30Z</time>
		</trkpt>
		<trkpt lat="34.573795" lon="126.793247">
			<ele>0.00</ele>
			<time>2020-01-20T04:14:00.86Z</time>
		</trkpt>
		<trkpt lat="34.573848" lon="126.793257">
			<ele>0.00</ele>
			<time>2020-01-20T04:14:01.22Z</time>
		</trkpt>
		<trkpt lat="34.573934" lon="126.793242">
			<ele>0.00</ele>
			<time>2020-01-20T04:14:01.80Z</time>
		</trkpt>
		<trkpt lat="34.573991" lon="126.793225">
			<ele>0.00</ele>
			<time>2020-01-20T04:14:02.19Z</time>
		</trkpt>
		<trkpt lat="34.574092" lon="126.793189">
			<ele>0.00</ele>
			<time>2020-01-20T04:14:02.89Z</time>
		</trkpt>
		<trkpt lat="34.574142" lon="126.793158">
			<ele>0.00</ele>
			<time>2020-01-20T04:14:03.27Z</time>
		</trkpt>
		<trkpt lat="34.574203" lon="126.793114">
			<ele>0.00</ele>
			<time>2020-01-20T04:14:03.74Z</time>
		</trkpt>
		<trkpt lat="34.574256" lon="126.793063">
			<ele>0.00</ele>
			<time>2020-01-20T04:14:04.20Z</time>
		</trkpt>
		<trkpt lat="34.574303" lon="126.793013">
			<ele>0.00</ele>
			<time>2020-01-20T04:14:04.61Z</time>
		</trkpt>
		<trkpt lat="34.574337" lon="126.792987">
			<ele>0.00</ele>
			<time>2020-01-20T04:14:04.88Z</time>
		</trkpt>
		<trkpt lat="34.574390" lon="126.792959">
			<ele>0.00</ele>
			<time>2020-01-20T04:14:05.26Z</time>
		</trkpt>
		<trkpt lat="34.574465" lon="126.792933">
			<ele>0.00</ele>
			<time>2020-01-20T04:14:05.78Z</time>
		</trkpt>
		<trkpt lat="34.574531" lon="126.792925">
			<ele>0.00</ele>
			<time>2020-01-20T04:14:06.23Z</time>
		</trkpt>
		<trkpt lat="34.574598" lon="126.792920">
			<ele>0.00</ele>
			<time>2020-01-20T04:14:06.67Z</time>
		</trkpt>
		<trkpt lat="34.574652" lon="126.792914">
			<ele>0.00</ele>
			<time>2020-01-20T04:14:07.03Z</time>
		</trkpt>
		<trkpt lat="34.574680" lon="126.792902">
			<ele>0.00</ele>
			<time>2020-01-20T04:14:07.23Z</time>
		</trkpt>
		<trkpt lat="34.574684" lon="126.792869">
			<ele>0.00</ele>
			<time>2020-01-20T04:14:07.41Z</time>
		</trkpt>
		<trkpt lat="34.574687" lon="126.792779">
			<ele>0.00</ele>
			<time>2020-01-20T04:14:07.91Z</time>
		</trkpt>
		<trkpt lat="34.574682" lon="126.792701">
			<ele>0.00</ele>
			<time>2020-01-20T04:14:08.34Z</time>
		</trkpt>
		<trkpt lat="34.574683" lon="126.792631">
			<ele>0.00</ele>
			<time>2020-01-20T04:14:08.72Z</time>
		</trkpt>
		<trkpt lat="34.574678" lon="126.792590">
			<ele>0.00</ele>
			<time>2020-01-20T04:14:08.95Z</time>
		</trkpt>
		<trkpt lat="34.574661" lon="126.792547">
			<ele>0.00</ele>
			<time>2020-01-20T04:14:09.21Z</time>
		</trkpt>
		<trkpt lat="34.574643" lon="126.792510">
			<ele>0.00</ele>
			<time>2020-01-20T04:14:09.44Z</time>
		</trkpt>
		<trkpt lat="34.574633" lon="126.792444">
			<ele>0.00</ele>
			<time>2020-01-20T04:14:09.81Z</time>
		</trkpt>
		<trkpt lat="34.574631" lon="126.792382">
			<ele>0.00</ele>
			<time>2020-01-20T04:14:10.15Z</time>
		</trkpt>
		<trkpt lat="34.574625" lon="126.792308">
			<ele>0.00</ele>
			<time>2020-01-20T04:14:10.56Z</time>
		</trkpt>
		<trkpt lat="34.574619" lon="126.792214">
			<ele>0.00</ele>
			<time>2020-01-20T04:14:11.08Z</time>
		</trkpt>
		<trkpt lat="34.574622" lon="126.792142">
			<ele>0.00</ele>
			<time>2020-01-20T04:14:11.48Z</time>
		</trkpt>
		<trkpt lat="34.574628" lon="126.792094">
			<ele>0.00</ele>
			<time>2020-01-20T04:14:11.74Z</time>
		</trkpt>
		<trkpt lat="34.574639" lon="126.792053">
			<ele>0.00</ele>
			<time>2020-01-20T04:14:11.98Z</time>
		</trkpt>
		<trkpt lat="34.574661" lon="126.792025">
			<ele>0.00</ele>
			<time>2020-01-20T04:14:12.19Z</time>
		</trkpt>
		<trkpt lat="34.574674" lon="126.791977">
			<ele>0.00</ele>
			<time>2020-01-20T04:14:12.47Z</time>
		</trkpt>
		<trkpt lat="34.574683" lon="126.791904">
			<ele>0.00</ele>
			<time>2020-01-20T04:14:12.87Z</time>
		</trkpt>
		<trkpt lat="34.574682" lon="126.791838">
			<ele>0.00</ele>
			<time>2020-01-20T04:14:13.24Z</time>
		</trkpt>
		<trkpt lat="34.574682" lon="126.791771">
			<ele>0.00</ele>
			<time>2020-01-20T04:14:13.60Z</time>
		</trkpt>
		<trkpt lat="34.574730" lon="126.791751">
			<ele>0.00</ele>
			<time>2020-01-20T04:14:13.94Z</time>
		</trkpt>
		<trkpt lat="34.574811" lon="126.791729">
			<ele>0.00</ele>
			<time>2020-01-20T04:14:14.50Z</time>
		</trkpt>
		<trkpt lat="34.574880" lon="126.791711">
			<ele>0.00</ele>
			<time>2020-01-20T04:14:14.97Z</time>
		</trkpt>
		<trkpt lat="34.574996" lon="126.791697">
			<ele>0.00</ele>
			<time>2020-01-20T04:14:15.74Z</time>
		</trkpt>
		<trkpt lat="34.575081" lon="126.791682">
			<ele>0.00</ele>
			<time>2020-01-20T04:14:16.32Z</time>
		</trkpt>
		<trkpt lat="34.575156" lon="126.791675">
			<ele>0.00</ele>
			<time>2020-01-20T04:14:16.82Z</time>
		</trkpt>
		<trkpt lat="34.575207" lon="126.791677">
			<ele>0.00</ele>
			<time>2020-01-20T04:14:17.16Z</time>
		</trkpt>
		<trkpt lat="34.575252" lon="126.791673">
			<ele>0.00</ele>
			<time>2020-01-20T04:14:17.46Z</time>
		</trkpt>
		<trkpt lat="34.575307" lon="126.791662">
			<ele>0.00</ele>
			<time>2020-01-20T04:14:17.83Z</time>
		</trkpt>
		<trkpt lat="34.575361" lon="126.791640">
			<ele>0.00</ele>
			<time>2020-01-20T04:14:18.21Z</time>
		</trkpt>
		<trkpt lat="34.575414" lon="126.791633">
			<ele>0.00</ele>
			<time>2020-01-20T04:14:18.57Z</time>
		</trkpt>
		<trkpt lat="34.575416" lon="126.791633">
			<ele>0.00</ele>
			<time>2020-01-20T04:14:18.63Z</time>
		</trkpt>
		<trkpt lat="34.575470" lon="126.791639">
			<ele>0.00</ele>
			<time>2020-01-20T04:14:18.99Z</time>
		</trkpt>
		<trkpt lat="34.575513" lon="126.791646">
			<ele>0.00</ele>
			<time>2020-01-20T04:14:19.27Z</time>
		</trkpt>
		<trkpt lat="34.575571" lon="126.791659">
			<ele>0.00</ele>
			<time>2020-01-20T04:14:19.67Z</time>
		</trkpt>
		<trkpt lat="34.575572" lon="126.791661">
			<ele>0.00</ele>
			<time>2020-01-20T04:14:19.73Z</time>
		</trkpt>
		<trkpt lat="34.575645" lon="126.791683">
			<ele>0.00</ele>
			<time>2020-01-20T04:14:20.23Z</time>
		</trkpt>
		<trkpt lat="34.575686" lon="126.791691">
			<ele>0.00</ele>
			<time>2020-01-20T04:14:20.51Z</time>
		</trkpt>
		<trkpt lat="34.575743" lon="126.791698">
			<ele>0.00</ele>
			<time>2020-01-20T04:14:20.89Z</time>
		</trkpt>
		<trkpt lat="34.575804" lon="126.791701">
			<ele>0.00</ele>
			<time>2020-01-20T04:14:21.30Z</time>
		</trkpt>
		<trkpt lat="34.575913" lon="126.791710">
			<ele>0.00</ele>
			<time>2020-01-20T04:14:22.03Z</time>
		</trkpt>
		<trkpt lat="34.575968" lon="126.791718">
			<ele>0.00</ele>
			<time>2020-01-20T04:14:22.40Z</time>
		</trkpt>
		<trkpt lat="34.576055" lon="126.791746">
			<ele>0.00</ele>
			<time>2020-01-20T04:14:22.99Z</time>
		</trkpt>
		<trkpt lat="34.576119" lon="126.791756">
			<ele>0.00</ele>
			<time>2020-01-20T04:14:23.43Z</time>
		</trkpt>
		<trkpt lat="34.576178" lon="126.791755">
			<ele>0.00</ele>
			<time>2020-01-20T04:14:23.82Z</time>
		</trkpt>
		<trkpt lat="34.576262" lon="126.791743">
			<ele>0.00</ele>
			<time>2020-01-20T04:14:24.38Z</time>
		</trkpt>
		<trkpt lat="34.576339" lon="126.791697">
			<ele>0.00</ele>
			<time>2020-01-20T04:14:24.96Z</time>
		</trkpt>
		<trkpt lat="34.576438" lon="126.791687">
			<ele>0.00</ele>
			<time>2020-01-20T04:14:25.62Z</time>
		</trkpt>
		<trkpt lat="34.576539" lon="126.791697">
			<ele>0.00</ele>
			<time>2020-01-20T04:14:26.30Z</time>
		</trkpt>
		<trkpt lat="34.576608" lon="126.791718">
			<ele>0.00</ele>
			<time>2020-01-20T04:14:26.77Z</time>
		</trkpt>
		<trkpt lat="34.576629" lon="126.791720">
			<ele>0.00</ele>
			<time>2020-01-20T04:14:26.91Z</time>
		</trkpt>
		<trkpt lat="34.576697" lon="126.791705">
			<ele>0.00</ele>
			<time>2020-01-20T04:14:27.37Z</time>
		</trkpt>
		<trkpt lat="34.576717" lon="126.791690">
			<ele>0.00</ele>
			<time>2020-01-20T04:14:27.52Z</time>
		</trkpt>
		<trkpt lat="34.576702" lon="126.791631">
			<ele>0.00</ele>
			<time>2020-01-20T04:14:27.87Z</time>
		</trkpt>
		<trkpt lat="34.576672" lon="126.791522">
			<ele>0.00</ele>
			<time>2020-01-20T04:14:28.50Z</time>
		</trkpt>
		<trkpt lat="34.576643" lon="126.791420">
			<ele>0.00</ele>
			<time>2020-01-20T04:14:29.09Z</time>
		</trkpt>
		<trkpt lat="34.576610" lon="126.791302">
			<ele>0.00</ele>
			<time>2020-01-20T04:14:29.77Z</time>
		</trkpt>
		<trkpt lat="34.576586" lon="126.791201">
			<ele>0.00</ele>
			<time>2020-01-20T04:14:30.35Z</time>
		</trkpt>
		<trkpt lat="34.576581" lon="126.791102">
			<ele>0.00</ele>
			<time>2020-01-20T04:14:30.90Z</time>
		</trkpt>
		<trkpt lat="34.576584" lon="126.791025">
			<ele>0.00</ele>
			<time>2020-01-20T04:14:31.32Z</time>
		</trkpt>
		<trkpt lat="34.576586" lon="126.790904">
			<ele>0.00</ele>
			<time>2020-01-20T04:14:31.98Z</time>
		</trkpt>
		<trkpt lat="34.576587" lon="126.790808">
			<ele>0.00</ele>
			<time>2020-01-20T04:14:32.51Z</time>
		</trkpt>
		<trkpt lat="34.576577" lon="126.790711">
			<ele>0.00</ele>
			<time>2020-01-20T04:14:33.04Z</time>
		</trkpt>
		<trkpt lat="34.576569" lon="126.790651">
			<ele>0.00</ele>
			<time>2020-01-20T04:14:33.38Z</time>
		</trkpt>
		<trkpt lat="34.576551" lon="126.790579">
			<ele>0.00</ele>
			<time>2020-01-20T04:14:33.79Z</time>
		</trkpt>
		<trkpt lat="34.576517" lon="126.790500">
			<ele>0.00</ele>
			<time>2020-01-20T04:14:34.28Z</time>
		</trkpt>
		<trkpt lat="34.576469" lon="126.790423">
			<ele>0.00</ele>
			<time>2020-01-20T04:14:34.81Z</time>
		</trkpt>
		<trkpt lat="34.576426" lon="126.790352">
			<ele>0.00</ele>
			<time>2020-01-20T04:14:35.29Z</time>
		</trkpt>
		<trkpt lat="34.576365" lon="126.790271">
			<ele>0.00</ele>
			<time>2020-01-20T04:14:35.90Z</time>
		</trkpt>
		<trkpt lat="34.576298" lon="126.790179">
			<ele>0.00</ele>
			<time>2020-01-20T04:14:36.57Z</time>
		</trkpt>
		<trkpt lat="34.576231" lon="126.790115">
			<ele>0.00</ele>
			<time>2020-01-20T04:14:37.14Z</time>
		</trkpt>
		<trkpt lat="34.576161" lon="126.790072">
			<ele>0.00</ele>
			<time>2020-01-20T04:14:37.66Z</time>
		</trkpt>
		<trkpt lat="34.576097" lon="126.790070">
			<ele>0.00</ele>
			<time>2020-01-20T04:14:38.09Z</time>
		</trkpt>
		<trkpt lat="34.575997" lon="126.790073">
			<ele>0.00</ele>
			<time>2020-01-20T04:14:38.76Z</time>
		</trkpt>
		<trkpt lat="34.575946" lon="126.790070">
			<ele>0.00</ele>
			<time>2020-01-20T04:14:39.10Z</time>
		</trkpt>
		<trkpt lat="34.575907" lon="126.790060">
			<ele>0.00</ele>
			<time>2020-01-20T04:14:39.36Z</time>
		</trkpt>
		<trkpt lat="34.575788" lon="126.789973">
			<ele>0.00</ele>
			<time>2020-01-20T04:14:40.29Z</time>
		</trkpt>
		<trkpt lat="34.575728" lon="126.789922">
			<ele>0.00</ele>
			<time>2020-01-20T04:14:40.78Z</time>
		</trkpt>
		<trkpt lat="34.575691" lon="126.789892">
			<ele>0.00</ele>
			<time>2020-01-20T04:14:41.07Z</time>
		</trkpt>
		<trkpt lat="34.575665" lon="126.789875">
			<ele>0.00</ele>
			<time>2020-01-20T04:14:41.27Z</time>
		</trkpt>
		<trkpt lat="34.575631" lon="126.789845">
			<ele>0.00</ele>
			<time>2020-01-20T04:14:41.55Z</time>
		</trkpt>
		<trkpt lat="34.575632" lon="126.789790">
			<ele>0.00</ele>
			<time>2020-01-20T04:14:41.85Z</time>
		</trkpt>
		<trkpt lat="34.575656" lon="126.789747">
			<ele>0.00</ele>
			<time>2020-01-20T04:14:42.14Z</time>
		</trkpt>
		<trkpt lat="34.575691" lon="126.789677">
			<ele>0.00</ele>
			<time>2020-01-20T04:14:42.59Z</time>
		</trkpt>
		<trkpt lat="34.575749" lon="126.789594">
			<ele>0.00</ele>
			<time>2020-01-20T04:14:43.18Z</time>
		</trkpt>
		<trkpt lat="34.575795" lon="126.789519">
			<ele>0.00</ele>
			<time>2020-01-20T04:14:43.70Z</time>
		</trkpt>
		<trkpt lat="34.575866" lon="126.789419">
			<ele>0.00</ele>
			<time>2020-01-20T04:14:44.43Z</time>
		</trkpt>
		<trkpt lat="34.575920" lon="126.789370">
			<ele>0.00</ele>
			<time>2020-01-20T04:14:44.87Z</time>
		</trkpt>
		<trkpt lat="34.575987" lon="126.789311">
			<ele>0.00</ele>
			<time>2020-01-20T04:14:45.43Z</time>
		</trkpt>
		<trkpt lat="34.576064" lon="126.789246">
			<ele>0.00</ele>
			<time>2020-01-20T04:14:46.05Z</time>
		</trkpt>
		<trkpt lat="34.576134" lon="126.789174">
			<ele>0.00</ele>
			<time>2020-01-20T04:14:46.66Z</time>
		</trkpt>
		<trkpt lat="34.576212" lon="126.789093">
			<ele>0.00</ele>
			<time>2020-01-20T04:14:47.35Z</time>
		</trkpt>
		<trkpt lat="34.576267" lon="126.789018">
			<ele>0.00</ele>
			<time>2020-01-20T04:14:47.90Z</time>
		</trkpt>
		<trkpt lat="34.576335" lon="126.788927">
			<ele>0.00</ele>
			<time>2020-01-20T04:14:48.57Z</time>
		</trkpt>
		<trkpt lat="34.576396" lon="126.788852">
			<ele>0.00</ele>
			<time>2020-01-20T04:14:49.15Z</time>
		</trkpt>
		<trkpt lat="34.576428" lon="126.788808">
			<ele>0.00</ele>
			<time>2020-01-20T04:14:49.47Z</time>
		</trkpt>
		<trkpt lat="34.576438" lon="126.788770">
			<ele>0.00</ele>
			<time>2020-01-20T04:14:49.69Z</time>
		</trkpt>
		<trkpt lat="34.576440" lon="126.788667">
			<ele>0.00</ele>
			<time>2020-01-20T04:14:50.26Z</time>
		</trkpt>
		<trkpt lat="34.576435" lon="126.788539">
			<ele>0.00</ele>
			<time>2020-01-20T04:14:50.96Z</time>
		</trkpt>
		<trkpt lat="34.576434" lon="126.788364">
			<ele>0.00</ele>
			<time>2020-01-20T04:14:51.92Z</time>
		</trkpt>
		<trkpt lat="34.576432" lon="126.788223">
			<ele>0.00</ele>
			<time>2020-01-20T04:14:52.70Z</time>
		</trkpt>
		<trkpt lat="34.576432" lon="126.788130">
			<ele>0.00</ele>
			<time>2020-01-20T04:14:53.21Z</time>
		</trkpt>
		<trkpt lat="34.576435" lon="126.787965">
			<ele>0.00</ele>
			<time>2020-01-20T04:14:54.12Z</time>
		</trkpt>
		<trkpt lat="34.576444" lon="126.787938">
			<ele>0.00</ele>
			<time>2020-01-20T04:14:54.27Z</time>
		</trkpt>
		<trkpt lat="34.576501" lon="126.787927">
			<ele>0.00</ele>
			<time>2020-01-20T04:14:54.66Z</time>
		</trkpt>
		<trkpt lat="34.576534" lon="126.787907">
			<ele>0.00</ele>
			<time>2020-01-20T04:14:54.90Z</time>
		</trkpt>
		<trkpt lat="34.576561" lon="126.787863">
			<ele>0.00</ele>
			<time>2020-01-20T04:14:55.21Z</time>
		</trkpt>
		<trkpt lat="34.576584" lon="126.787755">
			<ele>0.00</ele>
			<time>2020-01-20T04:14:55.81Z</time>
		</trkpt>
		<trkpt lat="34.576620" lon="126.787655">
			<ele>0.00</ele>
			<time>2020-01-20T04:14:56.42Z</time>
		</trkpt>
		<trkpt lat="34.576653" lon="126.787569">
			<ele>0.00</ele>
			<time>2020-01-20T04:14:56.94Z</time>
		</trkpt>
		<trkpt lat="34.576683" lon="126.787524">
			<ele>0.00</ele>
			<time>2020-01-20T04:14:57.25Z</time>
		</trkpt>
		<trkpt lat="34.576765" lon="126.787365">
			<ele>0.00</ele>
			<time>2020-01-20T04:14:58.28Z</time>
		</trkpt>
		<trkpt lat="34.576857" lon="126.787219">
			<ele>0.00</ele>
			<time>2020-01-20T04:14:59.29Z</time>
		</trkpt>
		<trkpt lat="34.576896" lon="126.787156">
			<ele>0.00</ele>
			<time>2020-01-20T04:14:59.72Z</time>
		</trkpt>
		<trkpt lat="34.576984" lon="126.787071">
			<ele>0.00</ele>
			<time>2020-01-20T04:15:00.48Z</time>
		</trkpt>
		<trkpt lat="34.577056" lon="126.787030">
			<ele>0.00</ele>
			<time>2020-01-20T04:15:01.01Z</time>
		</trkpt>
		<trkpt lat="34.577100" lon="126.787024">
			<ele>0.00</ele>
			<time>2020-01-20T04:15:01.30Z</time>
		</trkpt>
		<trkpt lat="34.577148" lon="126.787042">
			<ele>0.00</ele>
			<time>2020-01-20T04:15:01.63Z</time>
		</trkpt>
		<trkpt lat="34.577212" lon="126.787087">
			<ele>0.00</ele>
			<time>2020-01-20T04:15:02.13Z</time>
		</trkpt>
		<trkpt lat="34.577285" lon="126.787152">
			<ele>0.00</ele>
			<time>2020-01-20T04:15:02.73Z</time>
		</trkpt>
		<trkpt lat="34.577354" lon="126.787212">
			<ele>0.00</ele>
			<time>2020-01-20T04:15:03.29Z</time>
		</trkpt>
		<trkpt lat="34.577355" lon="126.787214">
			<ele>0.00</ele>
			<time>2020-01-20T04:15:03.35Z</time>
		</trkpt>
		<trkpt lat="34.577407" lon="126.787263">
			<ele>0.00</ele>
			<time>2020-01-20T04:15:03.79Z</time>
		</trkpt>
		<trkpt lat="34.577448" lon="126.787276">
			<ele>0.00</ele>
			<time>2020-01-20T04:15:04.08Z</time>
		</trkpt>
		<trkpt lat="34.577551" lon="126.787306">
			<ele>0.00</ele>
			<time>2020-01-20T04:15:04.78Z</time>
		</trkpt>
		<trkpt lat="34.577629" lon="126.787334">
			<ele>0.00</ele>
			<time>2020-01-20T04:15:05.32Z</time>
		</trkpt>
		<trkpt lat="34.577730" lon="126.787369">
			<ele>0.00</ele>
			<time>2020-01-20T04:15:06.02Z</time>
		</trkpt>
		<trkpt lat="34.577797" lon="126.787401">
			<ele>0.00</ele>
			<time>2020-01-20T04:15:06.50Z</time>
		</trkpt>
		<trkpt lat="34.577885" lon="126.787428">
			<ele>0.00</ele>
			<time>2020-01-20T04:15:07.11Z</time>
		</trkpt>
		<trkpt lat="34.577967" lon="126.787442">
			<ele>0.00</ele>
			<time>2020-01-20T04:15:07.66Z</time>
		</trkpt>
		<trkpt lat="34.578088" lon="126.787426">
			<ele>0.00</ele>
			<time>2020-01-20T04:15:08.47Z</time>
		</trkpt>
		<trkpt lat="34.578116" lon="126.787398">
			<ele>0.00</ele>
			<time>2020-01-20T04:15:08.71Z</time>
		</trkpt>
		<trkpt lat="34.578149" lon="126.787360">
			<ele>0.00</ele>
			<time>2020-01-20T04:15:09.02Z</time>
		</trkpt>
		<trkpt lat="34.578179" lon="126.787326">
			<ele>0.00</ele>
			<time>2020-01-20T04:15:09.29Z</time>
		</trkpt>
		<trkpt lat="34.578212" lon="126.787293">
			<ele>0.00</ele>
			<time>2020-01-20T04:15:09.58Z</time>
		</trkpt>
		<trkpt lat="34.578248" lon="126.787259">
			<ele>0.00</ele>
			<time>2020-01-20T04:15:09.88Z</time>
		</trkpt>
		<trkpt lat="34.578279" lon="126.787233">
			<ele>0.00</ele>
			<time>2020-01-20T04:15:10.13Z</time>
		</trkpt>
		<trkpt lat="34.578316" lon="126.787240">
			<ele>0.00</ele>
			<time>2020-01-20T04:15:10.38Z</time>
		</trkpt>
		<trkpt lat="34.578348" lon="126.787257">
			<ele>0.00</ele>
			<time>2020-01-20T04:15:10.61Z</time>
		</trkpt>
		<trkpt lat="34.578368" lon="126.787306">
			<ele>0.00</ele>
			<time>2020-01-20T04:15:10.91Z</time>
		</trkpt>
		<trkpt lat="34.578393" lon="126.787421">
			<ele>0.00</ele>
			<time>2020-01-20T04:15:11.57Z</time>
		</trkpt>
		<trkpt lat="34.578400" lon="126.787532">
			<ele>0.00</ele>
			<time>2020-01-20T04:15:12.18Z</time>
		</trkpt>
		<trkpt lat="34.578413" lon="126.787755">
			<ele>0.00</ele>
			<time>2020-01-20T04:15:13.40Z</time>
		</trkpt>
		<trkpt lat="34.578424" lon="126.787951">
			<ele>0.00</ele>
			<time>2020-01-20T04:15:14.48Z</time>
		</trkpt>
		<trkpt lat="34.578440" lon="126.788182">
			<ele>0.00</ele>
			<time>2020-01-20T04:15:15.76Z</time>
		</trkpt>
		<trkpt lat="34.578449" lon="126.788470">
			<ele>0.00</ele>
			<time>2020-01-20T04:15:17.34Z</time>
		</trkpt>
		<trkpt lat="34.578463" lon="126.788618">
			<ele>0.00</ele>
			<time>2020-01-20T04:15:18.16Z</time>
		</trkpt>
		<trkpt lat="34.578479" lon="126.788787">
			<ele>0.00</ele>
			<time>2020-01-20T04:15:19.09Z</time>
		</trkpt>
		<trkpt lat="34.578485" lon="126.788857">
			<ele>0.00</ele>
			<time>2020-01-20T04:15:19.47Z</time>
		</trkpt>
		<trkpt lat="34.578488" lon="126.788890">
			<ele>0.00</ele>
			<time>2020-01-20T04:15:19.66Z</time>
		</trkpt>
		<trkpt lat="34.578497" lon="126.788890">
			<ele>0.00</ele>
			<time>2020-01-20T04:15:19.72Z</time>
		</trkpt>
		<trkpt lat="34.578602" lon="126.788930">
			<ele>0.00</ele>
			<time>2020-01-20T04:15:20.45Z</time>
		</trkpt>
		<trkpt lat="34.578736" lon="126.788969">
			<ele>0.00</ele>
			<time>2020-01-20T04:15:21.37Z</time>
		</trkpt>
		<trkpt lat="34.578920" lon="126.789038">
			<ele>0.00</ele>
			<time>2020-01-20T04:15:22.65Z</time>
		</trkpt>
		<trkpt lat="34.579062" lon="126.789106">
			<ele>0.00</ele>
			<time>2020-01-20T04:15:23.68Z</time>
		</trkpt>
		<trkpt lat="34.579220" lon="126.789177">
			<ele>0.00</ele>
			<time>2020-01-20T04:15:24.80Z</time>
		</trkpt>
		<trkpt lat="34.579357" lon="126.789240">
			<ele>0.00</ele>
			<time>2020-01-20T04:15:25.77Z</time>
		</trkpt>
		<trkpt lat="34.579633" lon="126.789380">
			<ele>0.00</ele>
			<time>2020-01-20T04:15:27.77Z</time>
		</trkpt>
		<trkpt lat="34.579776" lon="126.789434">
			<ele>0.00</ele>
			<time>2020-01-20T04:15:28.77Z</time>
		</trkpt>
		<trkpt lat="34.579915" lon="126.789503">
			<ele>0.00</ele>
			<time>2020-01-20T04:15:29.77Z</time>
		</trkpt>
		<trkpt lat="34.580022" lon="126.789566">
			<ele>0.00</ele>
			<time>2020-01-20T04:15:30.56Z</time>
		</trkpt>
		<trkpt lat="34.580174" lon="126.789648">
			<ele>0.00</ele>
			<time>2020-01-20T04:15:31.67Z</time>
		</trkpt>
		<trkpt lat="34.580273" lon="126.789699">
			<ele>0.00</ele>
			<time>2020-01-20T04:15:32.38Z</time>
		</trkpt>
		<trkpt lat="34.580415" lon="126.789766">
			<ele>0.00</ele>
			<time>2020-01-20T04:15:33.40Z</time>
		</trkpt>
		<trkpt lat="34.580572" lon="126.789842">
			<ele>0.00</ele>
			<time>2020-01-20T04:15:34.53Z</time>
		</trkpt>
		<trkpt lat="34.580737" lon="126.789909">
			<ele>0.00</ele>
			<time>2020-01-20T04:15:35.69Z</time>
		</trkpt>
		<trkpt lat="34.580906" lon="126.789994">
			<ele>0.00</ele>
			<time>2020-01-20T04:15:36.91Z</time>
		</trkpt>
		<trkpt lat="34.581078" lon="126.790076">
			<ele>0.00</ele>
			<time>2020-01-20T04:15:38.14Z</time>
		</trkpt>
		<trkpt lat="34.581220" lon="126.790151">
			<ele>0.00</ele>
			<time>2020-01-20T04:15:39.17Z</time>
		</trkpt>
		<trkpt lat="34.581351" lon="126.790214">
			<ele>0.00</ele>
			<time>2020-01-20T04:15:40.11Z</time>
		</trkpt>
		<trkpt lat="34.581492" lon="126.790249">
			<ele>0.00</ele>
			<time>2020-01-20T04:15:41.07Z</time>
		</trkpt>
		<trkpt lat="34.581578" lon="126.790295">
			<ele>0.00</ele>
			<time>2020-01-20T04:15:41.70Z</time>
		</trkpt>
		<trkpt lat="34.581705" lon="126.790154">
			<ele>0.00</ele>
			<time>2020-01-20T04:15:42.85Z</time>
		</trkpt>
		<trkpt lat="34.581999" lon="126.790018">
			<ele>0.00</ele>
			<time>2020-01-20T04:15:44.95Z</time>
		</trkpt>
		<trkpt lat="34.582489" lon="126.789910">
			<ele>0.00</ele>
			<time>2020-01-20T04:15:48.26Z</time>
		</trkpt>
		<trkpt lat="34.583002" lon="126.789770">
			<ele>0.00</ele>
			<time>2020-01-20T04:15:51.77Z</time>
		</trkpt>
		<trkpt lat="34.583314" lon="126.789720">
			<ele>0.00</ele>
			<time>2020-01-20T04:15:53.87Z</time>
		</trkpt>
		<trkpt lat="34.583568" lon="126.789709">
			<ele>0.00</ele>
			<time>2020-01-20T04:15:55.56Z</time>
		</trkpt>
		<trkpt lat="34.583652" lon="126.789697">
			<ele>0.00</ele>
			<time>2020-01-20T04:15:56.13Z</time>
		</trkpt>
		<trkpt lat="34.583738" lon="126.789737">
			<ele>0.00</ele>
			<time>2020-01-20T04:15:56.75Z</time>
		</trkpt>
		<trkpt lat="34.583821" lon="126.789804">
			<ele>0.00</ele>
			<time>2020-01-20T04:15:57.41Z</time>
		</trkpt>
		<trkpt lat="34.583923" lon="126.789712">
			<ele>0.00</ele>
			<time>2020-01-20T04:15:58.25Z</time>
		</trkpt>
		<trkpt lat="34.583955" lon="126.789507">
			<ele>0.00</ele>
			<time>2020-01-20T04:15:59.40Z</time>
		</trkpt>
		<trkpt lat="34.584065" lon="126.789259">
			<ele>0.00</ele>
			<time>2020-01-20T04:16:00.94Z</time>
		</trkpt>
		<trkpt lat="34.584338" lon="126.789082">
			<ele>0.00</ele>
			<time>2020-01-20T04:16:03.01Z</time>
		</trkpt>
		<trkpt lat="34.584761" lon="126.789021">
			<ele>0.00</ele>
			<time>2020-01-20T04:16:05.85Z</time>
		</trkpt>
		<trkpt lat="34.585098" lon="126.789019">
			<ele>0.00</ele>
			<time>2020-01-20T04:16:08.10Z</time>
		</trkpt>
		<trkpt lat="34.585498" lon="126.789273">
			<ele>0.00</ele>
			<time>2020-01-20T04:16:11.10Z</time>
		</trkpt>
		<trkpt lat="34.585907" lon="126.789592">
			<ele>0.00</ele>
			<time>2020-01-20T04:16:14.35Z</time>
		</trkpt>
		<trkpt lat="34.586054" lon="126.789409">
			<ele>0.00</ele>
			<time>2020-01-20T04:16:15.75Z</time>
		</trkpt>
		<trkpt lat="34.586334" lon="126.789048">
			<ele>0.00</ele>
			<time>2020-01-20T04:16:18.47Z</time>
		</trkpt>
		<trkpt lat="34.586595" lon="126.788753">
			<ele>0.00</ele>
			<time>2020-01-20T04:16:20.85Z</time>
		</trkpt>
		<trkpt lat="34.586832" lon="126.788589">
			<ele>0.00</ele>
			<time>2020-01-20T04:16:22.66Z</time>
		</trkpt>
		<trkpt lat="34.587073" lon="126.788592">
			<ele>0.00</ele>
			<time>2020-01-20T04:16:24.27Z</time>
		</trkpt>
		<trkpt lat="34.587219" lon="126.788610">
			<ele>0.00</ele>
			<time>2020-01-20T04:16:25.25Z</time>
		</trkpt>
		<trkpt lat="34.587374" lon="126.788544">
			<ele>0.00</ele>
			<time>2020-01-20T04:16:26.34Z</time>
		</trkpt>
		<trkpt lat="34.587434" lon="126.788181">
			<ele>0.00</ele>
			<time>2020-01-20T04:16:28.38Z</time>
		</trkpt>
		<trkpt lat="34.587444" lon="126.788094">
			<ele>0.00</ele>
			<time>2020-01-20T04:16:28.86Z</time>
		</trkpt>
		<trkpt lat="34.587500" lon="126.787927">
			<ele>0.00</ele>
			<time>2020-01-20T04:16:29.85Z</time>
		</trkpt>
		<trkpt lat="34.587606" lon="126.787768">
			<ele>0.00</ele>
			<time>2020-01-20T04:16:30.97Z</time>
		</trkpt>
		<trkpt lat="34.587765" lon="126.787616">
			<ele>0.00</ele>
			<time>2020-01-20T04:16:32.32Z</time>
		</trkpt>
		<trkpt lat="34.587996" lon="126.787403">
			<ele>0.00</ele>
			<time>2020-01-20T04:16:34.25Z</time>
		</trkpt>
		<trkpt lat="34.588021" lon="126.787379">
			<ele>0.00</ele>
			<time>2020-01-20T04:16:34.47Z</time>
		</trkpt>
		<trkpt lat="34.588197" lon="126.787182">
			<ele>0.00</ele>
			<time>2020-01-20T04:16:36.06Z</time>
		</trkpt>
		<trkpt lat="34.588417" lon="126.786962">
			<ele>0.00</ele>
			<time>2020-01-20T04:16:37.96Z</time>
		</trkpt>
		<trkpt lat="34.588452" lon="126.786701">
			<ele>0.00</ele>
			<time>2020-01-20T04:16:39.41Z</time>
		</trkpt>
		<trkpt lat="34.588559" lon="126.786498">
			<ele>0.00</ele>
			<time>2020-01-20T04:16:40.74Z</time>
		</trkpt>
		<trkpt lat="34.589034" lon="126.785596">
			<ele>0.00</ele>
			<time>2020-01-20T04:16:46.61Z</time>
		</trkpt>
		<trkpt lat="34.589294" lon="126.785087">
			<ele>0.00</ele>
			<time>2020-01-20T04:16:49.90Z</time>
		</trkpt>
		<trkpt lat="34.589382" lon="126.784963">
			<ele>0.00</ele>
			<time>2020-01-20T04:16:50.80Z</time>
		</trkpt>
		<trkpt lat="34.589411" lon="126.784720">
			<ele>0.00</ele>
			<time>2020-01-20T04:16:52.14Z</time>
		</trkpt>
		<trkpt lat="34.589411" lon="126.784586">
			<ele>0.00</ele>
			<time>2020-01-20T04:16:52.88Z</time>
		</trkpt>
		<trkpt lat="34.589520" lon="126.784338">
			<ele>0.00</ele>
			<time>2020-01-20T04:16:54.42Z</time>
		</trkpt>
		<trkpt lat="34.589613" lon="126.784163">
			<ele>0.00</ele>
			<time>2020-01-20T04:16:55.57Z</time>
		</trkpt>
		<trkpt lat="34.589633" lon="126.783904">
			<ele>0.00</ele>
			<time>2020-01-20T04:16:56.99Z</time>
		</trkpt>
		<trkpt lat="34.589665" lon="126.783804">
			<ele>0.00</ele>
			<time>2020-01-20T04:16:57.58Z</time>
		</trkpt>
		<trkpt lat="34.589684" lon="126.783679">
			<ele>0.00</ele>
			<time>2020-01-20T04:16:58.28Z</time>
		</trkpt>
		<trkpt lat="34.589712" lon="126.783522">
			<ele>0.00</ele>
			<time>2020-01-20T04:16:59.16Z</time>
		</trkpt>
		<trkpt lat="34.589708" lon="126.783396">
			<ele>0.00</ele>
			<time>2020-01-20T04:16:59.86Z</time>
		</trkpt>
		<trkpt lat="34.589675" lon="126.782915">
			<ele>0.00</ele>
			<time>2020-01-20T04:17:02.50Z</time>
		</trkpt>
		<trkpt lat="34.589599" lon="126.782825">
			<ele>0.00</ele>
			<time>2020-01-20T04:17:03.21Z</time>
		</trkpt>
		<trkpt lat="34.589663" lon="126.782661">
			<ele>0.00</ele>
			<time>2020-01-20T04:17:04.20Z</time>
		</trkpt>
		<trkpt lat="34.589813" lon="126.782492">
			<ele>0.00</ele>
			<time>2020-01-20T04:17:05.57Z</time>
		</trkpt>
		<trkpt lat="34.589904" lon="126.782430">
			<ele>0.00</ele>
			<time>2020-01-20T04:17:06.27Z</time>
		</trkpt>
		<trkpt lat="34.590042" lon="126.782238">
			<ele>0.00</ele>
			<time>2020-01-20T04:17:07.67Z</time>
		</trkpt>
		<trkpt lat="34.590106" lon="126.782039">
			<ele>0.00</ele>
			<time>2020-01-20T04:17:08.84Z</time>
		</trkpt>
		<trkpt lat="34.590171" lon="126.781726">
			<ele>0.00</ele>
			<time>2020-01-20T04:17:10.61Z</time>
		</trkpt>
		<trkpt lat="34.590318" lon="126.781511">
			<ele>0.00</ele>
			<time>2020-01-20T04:17:12.14Z</time>
		</trkpt>
		<trkpt lat="34.590494" lon="126.781134">
			<ele>0.00</ele>
			<time>2020-01-20T04:17:14.52Z</time>
		</trkpt>
		<trkpt lat="34.590681" lon="126.780881">
			<ele>0.00</ele>
			<time>2020-01-20T04:17:16.39Z</time>
		</trkpt>
		<trkpt lat="34.590885" lon="126.780782">
			<ele>0.00</ele>
			<time>2020-01-20T04:17:17.85Z</time>
		</trkpt>
		<trkpt lat="34.591087" lon="126.780818">
			<ele>0.00</ele>
			<time>2020-01-20T04:17:19.21Z</time>
		</trkpt>
		<trkpt lat="34.591380" lon="126.780870">
			<ele>0.00</ele>
			<time>2020-01-20T04:17:21.19Z</time>
		</trkpt>
		<trkpt lat="34.591577" lon="126.780829">
			<ele>0.00</ele>
			<time>2020-01-20T04:17:22.52Z</time>
		</trkpt>
		<trkpt lat="34.591732" lon="126.780803">
			<ele>0.00</ele>
			<time>2020-01-20T04:17:23.56Z</time>
		</trkpt>
		<trkpt lat="34.591857" lon="126.780819">
			<ele>0.00</ele>
			<time>2020-01-20T04:17:24.40Z</time>
		</trkpt>
		<trkpt lat="34.591981" lon="126.780850">
			<ele>0.00</ele>
			<time>2020-01-20T04:17:25.25Z</time>
		</trkpt>
		<trkpt lat="34.592156" lon="126.780860">
			<ele>0.00</ele>
			<time>2020-01-20T04:17:26.42Z</time>
		</trkpt>
		<trkpt lat="34.592329" lon="126.780814">
			<ele>0.00</ele>
			<time>2020-01-20T04:17:27.59Z</time>
		</trkpt>
		<trkpt lat="34.592527" lon="126.780747">
			<ele>0.00</ele>
			<time>2020-01-20T04:17:28.96Z</time>
		</trkpt>
		<trkpt lat="34.592653" lon="126.780640">
			<ele>0.00</ele>
			<time>2020-01-20T04:17:29.99Z</time>
		</trkpt>
		<trkpt lat="34.593019" lon="126.780444">
			<ele>0.00</ele>
			<time>2020-01-20T04:17:32.65Z</time>
		</trkpt>
		<trkpt lat="34.593140" lon="126.780328">
			<ele>0.00</ele>
			<time>2020-01-20T04:17:33.68Z</time>
		</trkpt>
		<trkpt lat="34.593315" lon="126.780024">
			<ele>0.00</ele>
			<time>2020-01-20T04:17:35.72Z</time>
		</trkpt>
		<trkpt lat="34.593499" lon="126.779826">
			<ele>0.00</ele>
			<time>2020-01-20T04:17:37.36Z</time>
		</trkpt>
		<trkpt lat="34.593616" lon="126.779665">
			<ele>0.00</ele>
			<time>2020-01-20T04:17:38.54Z</time>
		</trkpt>
		<trkpt lat="34.593843" lon="126.779504">
			<ele>0.00</ele>
			<time>2020-01-20T04:17:40.29Z</time>
		</trkpt>
		<trkpt lat="34.594030" lon="126.779242">
			<ele>0.00</ele>
			<time>2020-01-20T04:17:42.19Z</time>
		</trkpt>
		<trkpt lat="34.594159" lon="126.779055">
			<ele>0.00</ele>
			<time>2020-01-20T04:17:43.53Z</time>
		</trkpt>
		<trkpt lat="34.594206" lon="126.778890">
			<ele>0.00</ele>
			<time>2020-01-20T04:17:44.49Z</time>
		</trkpt>
		<trkpt lat="34.594269" lon="126.778518">
			<ele>0.00</ele>
			<time>2020-01-20T04:17:46.57Z</time>
		</trkpt>
		<trkpt lat="34.594451" lon="126.778264">
			<ele>0.00</ele>
			<time>2020-01-20T04:17:48.42Z</time>
		</trkpt>
		<trkpt lat="34.594740" lon="126.777935">
			<ele>0.00</ele>
			<time>2020-01-20T04:17:51.06Z</time>
		</trkpt>
		<trkpt lat="34.595016" lon="126.778026">
			<ele>0.00</ele>
			<time>2020-01-20T04:17:52.97Z</time>
		</trkpt>
		<trkpt lat="34.595267" lon="126.778248">
			<ele>0.00</ele>
			<time>2020-01-20T04:17:55.03Z</time>
		</trkpt>
		<trkpt lat="34.595869" lon="126.778697">
			<ele>0.00</ele>
			<time>2020-01-20T04:17:59.74Z</time>
		</trkpt>
		<trkpt lat="34.596056" lon="126.778972">
			<ele>0.00</ele>
			<time>2020-01-20T04:18:01.70Z</time>
		</trkpt>
		<trkpt lat="34.596293" lon="126.779234">
			<ele>0.00</ele>
			<time>2020-01-20T04:18:03.84Z</time>
		</trkpt>
		<trkpt lat="34.596444" lon="126.779503">
			<ele>0.00</ele>
			<time>2020-01-20T04:18:05.63Z</time>
		</trkpt>
		<trkpt lat="34.596569" lon="126.779729">
			<ele>0.00</ele>
			<time>2020-01-20T04:18:07.12Z</time>
		</trkpt>
		<trkpt lat="34.596627" lon="126.780101">
			<ele>0.00</ele>
			<time>2020-01-20T04:18:09.20Z</time>
		</trkpt>
		<trkpt lat="34.596674" lon="126.780381">
			<ele>0.00</ele>
			<time>2020-01-20T04:18:10.76Z</time>
		</trkpt>
		<trkpt lat="34.596665" lon="126.780608">
			<ele>0.00</ele>
			<time>2020-01-20T04:18:12.02Z</time>
		</trkpt>
		<trkpt lat="34.596773" lon="126.780776">
			<ele>0.00</ele>
			<time>2020-01-20T04:18:13.18Z</time>
		</trkpt>
		<trkpt lat="34.596917" lon="126.781191">
			<ele>0.00</ele>
			<time>2020-01-20T04:18:15.65Z</time>
		</trkpt>
		<trkpt lat="34.597012" lon="126.781385">
			<ele>0.00</ele>
			<time>2020-01-20T04:18:16.89Z</time>
		</trkpt>
		<trkpt lat="34.597077" lon="126.781758">
			<ele>0.00</ele>
			<time>2020-01-20T04:18:18.98Z</time>
		</trkpt>
		<trkpt lat="34.597294" lon="126.781899">
			<ele>0.00</ele>
			<time>2020-01-20T04:18:20.62Z</time>
		</trkpt>
		<trkpt lat="34.597424" lon="126.782004">
			<ele>0.00</ele>
			<time>2020-01-20T04:18:21.67Z</time>
		</trkpt>
		<trkpt lat="34.597524" lon="126.782136">
			<ele>0.00</ele>
			<time>2020-01-20T04:18:22.65Z</time>
		</trkpt>
		<trkpt lat="34.597644" lon="126.782343">
			<ele>0.00</ele>
			<time>2020-01-20T04:18:24.04Z</time>
		</trkpt>
		<trkpt lat="34.597744" lon="126.782296">
			<ele>0.00</ele>
			<time>2020-01-20T04:18:24.76Z</time>
		</trkpt>
		<trkpt lat="34.597883" lon="126.782248">
			<ele>0.00</ele>
			<time>2020-01-20T04:18:25.72Z</time>
		</trkpt>
		<trkpt lat="34.597979" lon="126.782197">
			<ele>0.00</ele>
			<time>2020-01-20T04:18:26.42Z</time>
		</trkpt>
		<trkpt lat="34.598097" lon="126.782138">
			<ele>0.00</ele>
			<time>2020-01-20T04:18:27.27Z</time>
		</trkpt>
		<trkpt lat="34.598147" lon="126.782110">
			<ele>0.00</ele>
			<time>2020-01-20T04:18:27.63Z</time>
		</trkpt>
		<trkpt lat="34.598245" lon="126.782065">
			<ele>0.00</ele>
			<time>2020-01-20T04:18:28.33Z</time>
		</trkpt>
		<trkpt lat="34.598372" lon="126.782008">
			<ele>0.00</ele>
			<time>2020-01-20T04:18:29.23Z</time>
		</trkpt>
		<trkpt lat="34.598567" lon="126.781897">
			<ele>0.00</ele>
			<time>2020-01-20T04:18:30.67Z</time>
		</trkpt>
		<trkpt lat="34.598827" lon="126.781778">
			<ele>0.00</ele>
			<time>2020-01-20T04:18:32.52Z</time>
		</trkpt>
		<trkpt lat="34.599121" lon="126.781630">
			<ele>0.00</ele>
			<time>2020-01-20T04:18:34.64Z</time>
		</trkpt>
		<trkpt lat="34.599696" lon="126.781394">
			<ele>0.00</ele>
			<time>2020-01-20T04:18:38.69Z</time>
		</trkpt>
		<trkpt lat="34.600213" lon="126.781154">
			<ele>0.00</ele>
			<time>2020-01-20T04:18:42.38Z</time>
		</trkpt>
		<trkpt lat="34.600735" lon="126.780927">
			<ele>0.00</ele>
			<time>2020-01-20T04:18:46.08Z</time>
		</trkpt>
		<trkpt lat="34.601638" lon="126.780523">
			<ele>0.00</ele>
			<time>2020-01-20T04:18:52.49Z</time>
		</trkpt>
		<trkpt lat="34.602227" lon="126.780271">
			<ele>0.00</ele>
			<time>2020-01-20T04:18:56.65Z</time>
		</trkpt>
		<trkpt lat="34.602284" lon="126.780170">
			<ele>0.00</ele>
			<time>2020-01-20T04:18:57.32Z</time>
		</trkpt>
		<trkpt lat="34.602424" lon="126.780098">
			<ele>0.00</ele>
			<time>2020-01-20T04:18:58.34Z</time>
		</trkpt>
		<trkpt lat="34.602503" lon="126.780131">
			<ele>0.00</ele>
			<time>2020-01-20T04:18:58.90Z</time>
		</trkpt>
		<trkpt lat="34.602829" lon="126.779993">
			<ele>0.00</ele>
			<time>2020-01-20T04:19:01.19Z</time>
		</trkpt>
		<trkpt lat="34.603132" lon="126.779859">
			<ele>0.00</ele>
			<time>2020-01-20T04:19:03.35Z</time>
		</trkpt>
		<trkpt lat="34.603351" lon="126.779784">
			<ele>0.00</ele>
			<time>2020-01-20T04:19:04.86Z</time>
		</trkpt>
		<trkpt lat="34.603524" lon="126.779729">
			<ele>0.00</ele>
			<time>2020-01-20T04:19:06.06Z</time>
		</trkpt>
		<trkpt lat="34.603879" lon="126.779653">
			<ele>0.00</ele>
			<time>2020-01-20T04:19:08.46Z</time>
		</trkpt>
		<trkpt lat="34.604104" lon="126.779612">
			<ele>0.00</ele>
			<time>2020-01-20T04:19:09.98Z</time>
		</trkpt>
		<trkpt lat="34.604362" lon="126.779592">
			<ele>0.00</ele>
			<time>2020-01-20T04:19:11.70Z</time>
		</trkpt>
		<trkpt lat="34.604806" lon="126.779562">
			<ele>0.00</ele>
			<time>2020-01-20T04:19:14.66Z</time>
		</trkpt>
		<trkpt lat="34.605254" lon="126.779550">
			<ele>0.00</ele>
			<time>2020-01-20T04:19:17.65Z</time>
		</trkpt>
		<trkpt lat="34.605738" lon="126.779516">
			<ele>0.00</ele>
			<time>2020-01-20T04:19:20.88Z</time>
		</trkpt>
		<trkpt lat="34.606084" lon="126.779471">
			<ele>0.00</ele>
			<time>2020-01-20T04:19:23.20Z</time>
		</trkpt>
		<trkpt lat="34.606701" lon="126.779434">
			<ele>0.00</ele>
			<time>2020-01-20T04:19:27.32Z</time>
		</trkpt>
		<trkpt lat="34.607048" lon="126.779405">
			<ele>0.00</ele>
			<time>2020-01-20T04:19:29.64Z</time>
		</trkpt>
		<trkpt lat="34.607742" lon="126.779355">
			<ele>0.00</ele>
			<time>2020-01-20T04:19:34.27Z</time>
		</trkpt>
		<trkpt lat="34.608051" lon="126.779347">
			<ele>0.00</ele>
			<time>2020-01-20T04:19:36.33Z</time>
		</trkpt>
		<trkpt lat="34.608387" lon="126.779311">
			<ele>0.00</ele>
			<time>2020-01-20T04:19:38.58Z</time>
		</trkpt>
		<trkpt lat="34.608785" lon="126.779290">
			<ele>0.00</ele>
			<time>2020-01-20T04:19:41.24Z</time>
		</trkpt>
		<trkpt lat="34.609118" lon="126.779261">
			<ele>0.00</ele>
			<time>2020-01-20T04:19:43.47Z</time>
		</trkpt>
		<trkpt lat="34.609572" lon="126.779231">
			<ele>0.00</ele>
			<time>2020-01-20T04:19:46.50Z</time>
		</trkpt>
		<trkpt lat="34.609888" lon="126.779208">
			<ele>0.00</ele>
			<time>2020-01-20T04:19:48.60Z</time>
		</trkpt>
		<trkpt lat="34.610562" lon="126.779159">
			<ele>0.00</ele>
			<time>2020-01-20T04:19:53.10Z</time>
		</trkpt>
		<trkpt lat="34.610862" lon="126.779145">
			<ele>0.00</ele>
			<time>2020-01-20T04:19:55.11Z</time>
		</trkpt>
		<trkpt lat="34.611001" lon="126.779127">
			<ele>0.00</ele>
			<time>2020-01-20T04:19:56.04Z</time>
		</trkpt>
		<trkpt lat="34.611491" lon="126.779114">
			<ele>0.00</ele>
			<time>2020-01-20T04:19:59.31Z</time>
		</trkpt>
		<trkpt lat="34.611791" lon="126.779092">
			<ele>0.00</ele>
			<time>2020-01-20T04:20:01.31Z</time>
		</trkpt>
		<trkpt lat="34.612317" lon="126.779059">
			<ele>0.00</ele>
			<time>2020-01-20T04:20:04.82Z</time>
		</trkpt>
		<trkpt lat="34.612910" lon="126.779002">
			<ele>0.00</ele>
			<time>2020-01-20T04:20:08.79Z</time>
		</trkpt>
		<trkpt lat="34.613118" lon="126.778973">
			<ele>0.00</ele>
			<time>2020-01-20T04:20:10.19Z</time>
		</trkpt>
		<trkpt lat="34.613311" lon="126.778974">
			<ele>0.00</ele>
			<time>2020-01-20T04:20:11.47Z</time>
		</trkpt>
		<trkpt lat="34.614003" lon="126.778916">
			<ele>0.00</ele>
			<time>2020-01-20T04:20:16.09Z</time>
		</trkpt>
		<trkpt lat="34.614373" lon="126.778876">
			<ele>0.00</ele>
			<time>2020-01-20T04:20:18.57Z</time>
		</trkpt>
		<trkpt lat="34.614915" lon="126.778854">
			<ele>0.00</ele>
			<time>2020-01-20T04:20:22.19Z</time>
		</trkpt>
		<trkpt lat="34.615358" lon="126.778826">
			<ele>0.00</ele>
			<time>2020-01-20T04:20:25.14Z</time>
		</trkpt>
		<trkpt lat="34.615978" lon="126.778792">
			<ele>0.00</ele>
			<time>2020-01-20T04:20:29.28Z</time>
		</trkpt>
		<trkpt lat="34.616423" lon="126.778768">
			<ele>0.00</ele>
			<time>2020-01-20T04:20:32.25Z</time>
		</trkpt>
		<trkpt lat="34.617023" lon="126.778718">
			<ele>0.00</ele>
			<time>2020-01-20T04:20:36.26Z</time>
		</trkpt>
		<trkpt lat="34.617429" lon="126.778729">
			<ele>0.00</ele>
			<time>2020-01-20T04:20:38.97Z</time>
		</trkpt>
		<trkpt lat="34.617637" lon="126.778767">
			<ele>0.00</ele>
			<time>2020-01-20T04:20:40.37Z</time>
		</trkpt>
		<trkpt lat="34.617940" lon="126.778846">
			<ele>0.00</ele>
			<time>2020-01-20T04:20:42.44Z</time>
		</trkpt>
		<trkpt lat="34.618421" lon="126.778981">
			<ele>0.00</ele>
			<time>2020-01-20T04:20:45.73Z</time>
		</trkpt>
		<trkpt lat="34.618746" lon="126.779132">
			<ele>0.00</ele>
			<time>2020-01-20T04:20:48.05Z</time>
		</trkpt>
		<trkpt lat="34.618856" lon="126.779244">
			<ele>0.00</ele>
			<time>2020-01-20T04:20:49Z</time>
		</trkpt>
		<trkpt lat="34.619048" lon="126.779326">
			<ele>0.00</ele>
			<time>2020-01-20T04:20:50.36Z</time>
		</trkpt>
		<trkpt lat="34.619204" lon="126.779403">
			<ele>0.00</ele>
			<time>2020-01-20T04:20:51.48Z</time>
		</trkpt>
		<trkpt lat="34.619341" lon="126.779465">
			<ele>0.00</ele>
			<time>2020-01-20T04:20:52.46Z</time>
		</trkpt>
		<trkpt lat="34.619450" lon="126.779541">
			<ele>0.00</ele>
			<time>2020-01-20T04:20:53.30Z</time>
		</trkpt>
		<trkpt lat="34.619587" lon="126.779656">
			<ele>0.00</ele>
			<time>2020-01-20T04:20:54.41Z</time>
		</trkpt>
		<trkpt lat="34.619708" lon="126.779727">
			<ele>0.00</ele>
			<time>2020-01-20T04:20:55.30Z</time>
		</trkpt>
		<trkpt lat="34.619799" lon="126.779797">
			<ele>0.00</ele>
			<time>2020-01-20T04:20:56.02Z</time>
		</trkpt>
		<trkpt lat="34.619962" lon="126.779914">
			<ele>0.00</ele>
			<time>2020-01-20T04:20:57.28Z</time>
		</trkpt>
		<trkpt lat="34.620243" lon="126.780116">
			<ele>0.00</ele>
			<time>2020-01-20T04:20:59.46Z</time>
		</trkpt>
		<trkpt lat="34.620625" lon="126.780375">
			<ele>0.00</ele>
			<time>2020-01-20T04:21:02.38Z</time>
		</trkpt>
		<trkpt lat="34.620855" lon="126.780565">
			<ele>0.00</ele>
			<time>2020-01-20T04:21:04.23Z</time>
		</trkpt>
		<trkpt lat="34.621145" lon="126.780768">
			<ele>0.00</ele>
			<time>2020-01-20T04:21:06.46Z</time>
		</trkpt>
		<trkpt lat="34.621402" lon="126.780959">
			<ele>0.00</ele>
			<time>2020-01-20T04:21:08.47Z</time>
		</trkpt>
		<trkpt lat="34.621538" lon="126.781062">
			<ele>0.00</ele>
			<time>2020-01-20T04:21:09.54Z</time>
		</trkpt>
		<trkpt lat="34.621722" lon="126.781195">
			<ele>0.00</ele>
			<time>2020-01-20T04:21:10.96Z</time>
		</trkpt>
		<trkpt lat="34.621862" lon="126.781293">
			<ele>0.00</ele>
			<time>2020-01-20T04:21:12.04Z</time>
		</trkpt>
		<trkpt lat="34.621862" lon="126.781293">
			<ele>0.00</ele>
			<time>2020-01-20T04:21:12.10Z</time>
		</trkpt>
		<trkpt lat="34.622017" lon="126.781432">
			<ele>0.00</ele>
			<time>2020-01-20T04:21:13.39Z</time>
		</trkpt>
		<trkpt lat="34.622270" lon="126.781619">
			<ele>0.00</ele>
			<time>2020-01-20T04:21:15.36Z</time>
		</trkpt>
		<trkpt lat="34.622306" lon="126.781605">
			<ele>0.00</ele>
			<time>2020-01-20T04:21:15.61Z</time>
		</trkpt>
		<trkpt lat="34.622335" lon="126.781591">
			<ele>0.00</ele>
			<time>2020-01-20T04:21:15.82Z</time>
		</trkpt>
		<trkpt lat="34.622357" lon="126.781576">
			<ele>0.00</ele>
			<time>2020-01-20T04:21:15.99Z</time>
		</trkpt>
		<trkpt lat="34.622397" lon="126.781541">
			<ele>0.00</ele>
			<time>2020-01-20T04:21:16.31Z</time>
		</trkpt>
		<trkpt lat="34.622422" lon="126.781516">
			<ele>0.00</ele>
			<time>2020-01-20T04:21:16.53Z</time>
		</trkpt>
		<trkpt lat="34.622492" lon="126.781482">
			<ele>0.00</ele>
			<time>2020-01-20T04:21:17.03Z</time>
		</trkpt>
		<trkpt lat="34.622525" lon="126.781464">
			<ele>0.00</ele>
			<time>2020-01-20T04:21:17.28Z</time>
		</trkpt>
		<trkpt lat="34.622588" lon="126.781447">
			<ele>0.00</ele>
			<time>2020-01-20T04:21:17.71Z</time>
		</trkpt>
		<trkpt lat="34.622605" lon="126.781444">
			<ele>0.00</ele>
			<time>2020-01-20T04:21:17.82Z</time>
		</trkpt>
		<trkpt lat="34.622645" lon="126.781426">
			<ele>0.00</ele>
			<time>2020-01-20T04:21:18.10Z</time>
		</trkpt>
		<trkpt lat="34.622679" lon="126.781408">
			<ele>0.00</ele>
			<time>2020-01-20T04:21:18.35Z</time>
		</trkpt>
		<trkpt lat="34.622717" lon="126.781395">
			<ele>0.00</ele>
			<time>2020-01-20T04:21:18.62Z</time>
		</trkpt>
		<trkpt lat="34.622779" lon="126.781380">
			<ele>0.00</ele>
			<time>2020-01-20T04:21:19.03Z</time>
		</trkpt>
		<trkpt lat="34.622825" lon="126.781367">
			<ele>0.00</ele>
			<time>2020-01-20T04:21:19.35Z</time>
		</trkpt>
		<trkpt lat="34.622866" lon="126.781346">
			<ele>0.00</ele>
			<time>2020-01-20T04:21:19.65Z</time>
		</trkpt>
		<trkpt lat="34.622905" lon="126.781326">
			<ele>0.00</ele>
			<time>2020-01-20T04:21:19.93Z</time>
		</trkpt>
		<trkpt lat="34.622960" lon="126.781299">
			<ele>0.00</ele>
			<time>2020-01-20T04:21:20.32Z</time>
		</trkpt>
		<trkpt lat="34.623001" lon="126.781291">
			<ele>0.00</ele>
			<time>2020-01-20T04:21:20.60Z</time>
		</trkpt>
		<trkpt lat="34.623046" lon="126.781287">
			<ele>0.00</ele>
			<time>2020-01-20T04:21:20.90Z</time>
		</trkpt>
		<trkpt lat="34.623125" lon="126.781310">
			<ele>0.00</ele>
			<time>2020-01-20T04:21:21.44Z</time>
		</trkpt>
		<trkpt lat="34.623149" lon="126.781318">
			<ele>0.00</ele>
			<time>2020-01-20T04:21:21.61Z</time>
		</trkpt>
		<trkpt lat="34.623227" lon="126.781379">
			<ele>0.00</ele>
			<time>2020-01-20T04:21:22.23Z</time>
		</trkpt>
		<trkpt lat="34.623252" lon="126.781413">
			<ele>0.00</ele>
			<time>2020-01-20T04:21:22.48Z</time>
		</trkpt>
		<trkpt lat="34.623285" lon="126.781455">
			<ele>0.00</ele>
			<time>2020-01-20T04:21:22.80Z</time>
		</trkpt>
		<trkpt lat="34.623296" lon="126.781480">
			<ele>0.00</ele>
			<time>2020-01-20T04:21:22.95Z</time>
		</trkpt>
		<trkpt lat="34.623320" lon="126.781550">
			<ele>0.00</ele>
			<time>2020-01-20T04:21:23.37Z</time>
		</trkpt>
		<trkpt lat="34.623343" lon="126.781617">
			<ele>0.00</ele>
			<time>2020-01-20T04:21:23.77Z</time>
		</trkpt>
		<trkpt lat="34.623372" lon="126.781688">
			<ele>0.00</ele>
			<time>2020-01-20T04:21:24.20Z</time>
		</trkpt>
		<trkpt lat="34.623437" lon="126.781777">
			<ele>0.00</ele>
			<time>2020-01-20T04:21:24.86Z</time>
		</trkpt>
		<trkpt lat="34.623469" lon="126.781802">
			<ele>0.00</ele>
			<time>2020-01-20T04:21:25.11Z</time>
		</trkpt>
		<trkpt lat="34.623521" lon="126.781841">
			<ele>0.00</ele>
			<time>2020-01-20T04:21:25.52Z</time>
		</trkpt>
		<trkpt lat="34.623555" lon="126.781844">
			<ele>0.00</ele>
			<time>2020-01-20T04:21:25.74Z</time>
		</trkpt>
		<trkpt lat="34.623615" lon="126.781851">
			<ele>0.00</ele>
			<time>2020-01-20T04:21:26.15Z</time>
		</trkpt>
		<trkpt lat="34.623661" lon="126.781844">
			<ele>0.00</ele>
			<time>2020-01-20T04:21:26.45Z</time>
		</trkpt>
		<trkpt lat="34.623695" lon="126.781833">
			<ele>0.00</ele>
			<time>2020-01-20T04:21:26.69Z</time>
		</trkpt>
		<trkpt lat="34.623721" lon="126.781836">
			<ele>0.00</ele>
			<time>2020-01-20T04:21:26.86Z</time>
		</trkpt>
		<trkpt lat="34.623751" lon="126.781864">
			<ele>0.00</ele>
			<time>2020-01-20T04:21:27.11Z</time>
		</trkpt>
		<trkpt lat="34.623783" lon="126.781893">
			<ele>0.00</ele>
			<time>2020-01-20T04:21:27.38Z</time>
		</trkpt>
		<trkpt lat="34.623803" lon="126.781921">
			<ele>0.00</ele>
			<time>2020-01-20T04:21:27.59Z</time>
		</trkpt>
		<trkpt lat="34.623834" lon="126.781985">
			<ele>0.00</ele>
			<time>2020-01-20T04:21:28Z</time>
		</trkpt>
		<trkpt lat="34.623881" lon="126.782082">
			<ele>0.00</ele>
			<time>2020-01-20T04:21:28.61Z</time>
		</trkpt>
		<trkpt lat="34.623923" lon="126.782154">
			<ele>0.00</ele>
			<time>2020-01-20T04:21:29.09Z</time>
		</trkpt>
		<trkpt lat="34.623942" lon="126.782185">
			<ele>0.00</ele>
			<time>2020-01-20T04:21:29.30Z</time>
		</trkpt>
		<trkpt lat="34.623962" lon="126.782217">
			<ele>0.00</ele>
			<time>2020-01-20T04:21:29.53Z</time>
		</trkpt>
		<trkpt lat="34.623994" lon="126.782239">
			<ele>0.00</ele>
			<time>2020-01-20T04:21:29.77Z</time>
		</trkpt>
		<trkpt lat="34.624033" lon="126.782270">
			<ele>0.00</ele>
			<time>2020-01-20T04:21:30.08Z</time>
		</trkpt>
		<trkpt lat="34.624079" lon="126.782283">
			<ele>0.00</ele>
			<time>2020-01-20T04:21:30.39Z</time>
		</trkpt>
		<trkpt lat="34.624105" lon="126.782291">
			<ele>0.00</ele>
			<time>2020-01-20T04:21:30.58Z</time>
		</trkpt>
		<trkpt lat="34.624135" lon="126.782292">
			<ele>0.00</ele>
			<time>2020-01-20T04:21:30.78Z</time>
		</trkpt>
		<trkpt lat="34.624186" lon="126.782281">
			<ele>0.00</ele>
			<time>2020-01-20T04:21:31.12Z</time>
		</trkpt>
		<trkpt lat="34.624234" lon="126.782260">
			<ele>0.00</ele>
			<time>2020-01-20T04:21:31.46Z</time>
		</trkpt>
		<trkpt lat="34.624269" lon="126.782234">
			<ele>0.00</ele>
			<time>2020-01-20T04:21:31.73Z</time>
		</trkpt>
		<trkpt lat="34.624297" lon="126.782216">
			<ele>0.00</ele>
			<time>2020-01-20T04:21:31.95Z</time>
		</trkpt>
		<trkpt lat="34.624347" lon="126.782194">
			<ele>0.00</ele>
			<time>2020-01-20T04:21:32.30Z</time>
		</trkpt>
		<trkpt lat="34.624372" lon="126.782185">
			<ele>0.00</ele>
			<time>2020-01-20T04:21:32.48Z</time>
		</trkpt>
		<trkpt lat="34.624416" lon="126.782181">
			<ele>0.00</ele>
			<time>2020-01-20T04:21:32.77Z</time>
		</trkpt>
		<trkpt lat="34.624462" lon="126.782188">
			<ele>0.00</ele>
			<time>2020-01-20T04:21:33.08Z</time>
		</trkpt>
		<trkpt lat="34.624505" lon="126.782199">
			<ele>0.00</ele>
			<time>2020-01-20T04:21:33.37Z</time>
		</trkpt>
		<trkpt lat="34.624554" lon="126.782219">
			<ele>0.00</ele>
			<time>2020-01-20T04:21:33.72Z</time>
		</trkpt>
		<trkpt lat="34.624587" lon="126.782239">
			<ele>0.00</ele>
			<time>2020-01-20T04:21:33.96Z</time>
		</trkpt>
		<trkpt lat="34.624619" lon="126.782267">
			<ele>0.00</ele>
			<time>2020-01-20T04:21:34.22Z</time>
		</trkpt>
		<trkpt lat="34.624640" lon="126.782293">
			<ele>0.00</ele>
			<time>2020-01-20T04:21:34.43Z</time>
		</trkpt>
		<trkpt lat="34.624664" lon="126.782323">
			<ele>0.00</ele>
			<time>2020-01-20T04:21:34.65Z</time>
		</trkpt>
		<trkpt lat="34.624693" lon="126.782374">
			<ele>0.00</ele>
			<time>2020-01-20T04:21:34.99Z</time>
		</trkpt>
		<trkpt lat="34.624721" lon="126.782427">
			<ele>0.00</ele>
			<time>2020-01-20T04:21:35.34Z</time>
		</trkpt>
		<trkpt lat="34.624768" lon="126.782516">
			<ele>0.00</ele>
			<time>2020-01-20T04:21:35.92Z</time>
		</trkpt>
		<trkpt lat="34.624797" lon="126.782570">
			<ele>0.00</ele>
			<time>2020-01-20T04:21:36.27Z</time>
		</trkpt>
		<trkpt lat="34.624809" lon="126.782593">
			<ele>0.00</ele>
			<time>2020-01-20T04:21:36.42Z</time>
		</trkpt>
		<trkpt lat="34.624833" lon="126.782615">
			<ele>0.00</ele>
			<time>2020-01-20T04:21:36.63Z</time>
		</trkpt>
		<trkpt lat="34.624870" lon="126.782660">
			<ele>0.00</ele>
			<time>2020-01-20T04:21:36.97Z</time>
		</trkpt>
		<trkpt lat="34.624892" lon="126.782675">
			<ele>0.00</ele>
			<time>2020-01-20T04:21:37.14Z</time>
		</trkpt>
		<trkpt lat="34.624951" lon="126.782694">
			<ele>0.00</ele>
			<time>2020-01-20T04:21:37.55Z</time>
		</trkpt>
		<trkpt lat="34.624981" lon="126.782699">
			<ele>0.00</ele>
			<time>2020-01-20T04:21:37.75Z</time>
		</trkpt>
		<trkpt lat="34.625056" lon="126.782699">
			<ele>0.00</ele>
			<time>2020-01-20T04:21:38.25Z</time>
		</trkpt>
		<trkpt lat="34.625138" lon="126.782671">
			<ele>0.00</ele>
			<time>2020-01-20T04:21:38.82Z</time>
		</trkpt>
		<trkpt lat="34.625175" lon="126.782643">
			<ele>0.00</ele>
			<time>2020-01-20T04:21:39.11Z</time>
		</trkpt>
		<trkpt lat="34.625231" lon="126.782609">
			<ele>0.00</ele>
			<time>2020-01-20T04:21:39.53Z</time>
		</trkpt>
		<trkpt lat="34.625248" lon="126.782587">
			<ele>0.00</ele>
			<time>2020-01-20T04:21:39.69Z</time>
		</trkpt>
		<trkpt lat="34.625383" lon="126.782654">
			<ele>0.00</ele>
			<time>2020-01-20T04:21:40.66Z</time>
		</trkpt>
		<trkpt lat="34.625405" lon="126.782632">
			<ele>0.00</ele>
			<time>2020-01-20T04:21:40.85Z</time>
		</trkpt>
		<trkpt lat="34.625698" lon="126.782647">
			<ele>0.00</ele>
			<time>2020-01-20T04:21:42.81Z</time>
		</trkpt>
		<trkpt lat="34.625716" lon="126.782653">
			<ele>0.00</ele>
			<time>2020-01-20T04:21:42.93Z</time>
		</trkpt>
		<trkpt lat="34.625814" lon="126.782716">
			<ele>0.00</ele>
			<time>2020-01-20T04:21:43.67Z</time>
		</trkpt>
		<trkpt lat="34.625919" lon="126.782758">
			<ele>0.00</ele>
			<time>2020-01-20T04:21:44.41Z</time>
		</trkpt>
		<trkpt lat="34.626011" lon="126.782805">
			<ele>0.00</ele>
			<time>2020-01-20T04:21:45.08Z</time>
		</trkpt>
		<trkpt lat="34.626100" lon="126.782856">
			<ele>0.00</ele>
			<time>2020-01-20T04:21:45.73Z</time>
		</trkpt>
		<trkpt lat="34.626163" lon="126.782888">
			<ele>0.00</ele>
			<time>2020-01-20T04:21:46.19Z</time>
		</trkpt>
		<trkpt lat="34.626192" lon="126.782911">
			<ele>0.00</ele>
			<time>2020-01-20T04:21:46.42Z</time>
		</trkpt>
		<trkpt lat="34.626209" lon="126.782939">
			<ele>0.00</ele>
			<time>2020-01-20T04:21:46.61Z</time>
		</trkpt>
		<trkpt lat="34.626232" lon="126.782972">
			<ele>0.00</ele>
			<time>2020-01-20T04:21:46.84Z</time>
		</trkpt>
		<trkpt lat="34.626241" lon="126.782989">
			<ele>0.00</ele>
			<time>2020-01-20T04:21:46.95Z</time>
		</trkpt>
		<trkpt lat="34.626343" lon="126.782966">
			<ele>0.00</ele>
			<time>2020-01-20T04:21:47.65Z</time>
		</trkpt>
		<trkpt lat="34.626427" lon="126.782946">
			<ele>0.00</ele>
			<time>2020-01-20T04:21:48.21Z</time>
		</trkpt>
		<trkpt lat="34.626824" lon="126.782856">
			<ele>0.00</ele>
			<time>2020-01-20T04:21:50.91Z</time>
		</trkpt>
		<trkpt lat="34.626869" lon="126.782848">
			<ele>0.00</ele>
			<time>2020-01-20T04:21:51.21Z</time>
		</trkpt>
		<trkpt lat="34.626925" lon="126.782863">
			<ele>0.00</ele>
			<time>2020-01-20T04:21:51.59Z</time>
		</trkpt>
		<trkpt lat="34.626996" lon="126.782918">
			<ele>0.00</ele>
			<time>2020-01-20T04:21:52.15Z</time>
		</trkpt>
		<trkpt lat="34.627057" lon="126.783001">
			<ele>0.00</ele>
			<time>2020-01-20T04:21:52.77Z</time>
		</trkpt>
		<trkpt lat="34.627128" lon="126.783096">
			<ele>0.00</ele>
			<time>2020-01-20T04:21:53.47Z</time>
		</trkpt>
		<trkpt lat="34.627193" lon="126.783149">
			<ele>0.00</ele>
			<time>2020-01-20T04:21:53.99Z</time>
		</trkpt>
		<trkpt lat="34.627281" lon="126.783153">
			<ele>0.00</ele>
			<time>2020-01-20T04:21:54.58Z</time>
		</trkpt>
		<trkpt lat="34.627359" lon="126.783137">
			<ele>0.00</ele>
			<time>2020-01-20T04:21:55.10Z</time>
		</trkpt>
		<trkpt lat="34.627450" lon="126.783112">
			<ele>0.00</ele>
			<time>2020-01-20T04:21:55.73Z</time>
		</trkpt>
		<trkpt lat="34.627670" lon="126.783067">
			<ele>0.00</ele>
			<time>2020-01-20T04:21:57.21Z</time>
		</trkpt>
		<trkpt lat="34.627839" lon="126.783049">
			<ele>0.00</ele>
			<time>2020-01-20T04:21:58.35Z</time>
		</trkpt>
		<trkpt lat="34.628007" lon="126.783035">
			<ele>0.00</ele>
			<time>2020-01-20T04:21:59.47Z</time>
		</trkpt>
		<trkpt lat="34.628128" lon="126.783024">
			<ele>0.00</ele>
			<time>2020-01-20T04:22:00.27Z</time>
		</trkpt>
		<trkpt lat="34.628213" lon="126.783015">
			<ele>0.00</ele>
			<time>2020-01-20T04:22:00.85Z</time>
		</trkpt>
		<trkpt lat="34.628623" lon="126.782969">
			<ele>0.00</ele>
			<time>2020-01-20T04:22:03.59Z</time>
		</trkpt>
		<trkpt lat="34.628941" lon="126.782961">
			<ele>0.00</ele>
			<time>2020-01-20T04:22:05.71Z</time>
		</trkpt>
		<trkpt lat="34.629150" lon="126.782951">
			<ele>0.00</ele>
			<time>2020-01-20T04:22:07.10Z</time>
		</trkpt>
		<trkpt lat="34.629376" lon="126.782951">
			<ele>0.00</ele>
			<time>2020-01-20T04:22:08.61Z</time>
		</trkpt>
		<trkpt lat="34.629669" lon="126.782983">
			<ele>0.00</ele>
			<time>2020-01-20T04:22:10.57Z</time>
		</trkpt>
		<trkpt lat="34.629809" lon="126.783006">
			<ele>0.00</ele>
			<time>2020-01-20T04:22:11.51Z</time>
		</trkpt>
		<trkpt lat="34.629977" lon="126.783028">
			<ele>0.00</ele>
			<time>2020-01-20T04:22:12.64Z</time>
		</trkpt>
		<trkpt lat="34.630109" lon="126.783055">
			<ele>0.00</ele>
			<time>2020-01-20T04:22:13.53Z</time>
		</trkpt>
		<trkpt lat="34.630266" lon="126.783083">
			<ele>0.00</ele>
			<time>2020-01-20T04:22:14.59Z</time>
		</trkpt>
		<trkpt lat="34.630431" lon="126.783130">
			<ele>0.00</ele>
			<time>2020-01-20T04:22:15.72Z</time>
		</trkpt>
		<trkpt lat="34.630572" lon="126.783169">
			<ele>0.00</ele>
			<time>2020-01-20T04:22:16.68Z</time>
		</trkpt>
		<trkpt lat="34.630750" lon="126.783214">
			<ele>0.00</ele>
			<time>2020-01-20T04:22:17.90Z</time>
		</trkpt>
		<trkpt lat="34.630953" lon="126.783275">
			<ele>0.00</ele>
			<time>2020-01-20T04:22:19.29Z</time>
		</trkpt>
		<trkpt lat="34.631085" lon="126.783323">
			<ele>0.00</ele>
			<time>2020-01-20T04:22:20.21Z</time>
		</trkpt>
		<trkpt lat="34.631200" lon="126.783360">
			<ele>0.00</ele>
			<time>2020-01-20T04:22:21Z</time>
		</trkpt>
		<trkpt lat="34.631321" lon="126.783404">
			<ele>0.00</ele>
			<time>2020-01-20T04:22:21.84Z</time>
		</trkpt>
		<trkpt lat="34.631490" lon="126.783464">
			<ele>0.00</ele>
			<time>2020-01-20T04:22:23.02Z</time>
		</trkpt>
		<trkpt lat="34.631629" lon="126.783527">
			<ele>0.00</ele>
			<time>2020-01-20T04:22:24Z</time>
		</trkpt>
		<trkpt lat="34.631785" lon="126.783594">
			<ele>0.00</ele>
			<time>2020-01-20T04:22:25.11Z</time>
		</trkpt>
		<trkpt lat="34.631940" lon="126.783666">
			<ele>0.00</ele>
			<time>2020-01-20T04:22:26.22Z</time>
		</trkpt>
		<trkpt lat="34.632115" lon="126.783753">
			<ele>0.00</ele>
			<time>2020-01-20T04:22:27.48Z</time>
		</trkpt>
		<trkpt lat="34.632263" lon="126.783838">
			<ele>0.00</ele>
			<time>2020-01-20T04:22:28.57Z</time>
		</trkpt>
		<trkpt lat="34.632399" lon="126.783913">
			<ele>0.00</ele>
			<time>2020-01-20T04:22:29.57Z</time>
		</trkpt>
		<trkpt lat="34.632543" lon="126.783987">
			<ele>0.00</ele>
			<time>2020-01-20T04:22:30.61Z</time>
		</trkpt>
		<trkpt lat="34.632637" lon="126.784046">
			<ele>0.00</ele>
			<time>2020-01-20T04:22:31.31Z</time>
		</trkpt>
		<trkpt lat="34.632658" lon="126.784052">
			<ele>0.00</ele>
			<time>2020-01-20T04:22:31.46Z</time>
		</trkpt>
		<trkpt lat="34.632719" lon="126.783928">
			<ele>0.00</ele>
			<time>2020-01-20T04:22:32.25Z</time>
		</trkpt>
		<trkpt lat="34.632846" lon="126.783583">
			<ele>0.00</ele>
			<time>2020-01-20T04:22:34.32Z</time>
		</trkpt>
		<trkpt lat="34.633093" lon="126.782949">
			<ele>0.00</ele>
			<time>2020-01-20T04:22:38.17Z</time>
		</trkpt>
		<trkpt lat="34.633219" lon="126.782629">
			<ele>0.00</ele>
			<time>2020-01-20T04:22:40.12Z</time>
		</trkpt>
		<trkpt lat="34.633391" lon="126.782210">
			<ele>0.00</ele>
			<time>2020-01-20T04:22:42.68Z</time>
		</trkpt>
		<trkpt lat="34.633479" lon="126.781990">
			<ele>0.00</ele>
			<time>2020-01-20T04:22:44.03Z</time>
		</trkpt>
		<trkpt lat="34.633576" lon="126.781764">
			<ele>0.00</ele>
			<time>2020-01-20T04:22:45.42Z</time>
		</trkpt>
		<extensions>
			<gte:name>#456</gte:name>
			<gte:color>#b69c36</gte:color>
		</extensions>
	</trkseg>
</trk>
</gpx>