<?xml version="1.0" encoding="UTF-8"?>
<gpx version="1.1" creator="GPS Track Editor" xmlns="http://www.topografix.com/GPX/1/1" xmlns:xsi="http://www.w3.org/2001/XMLSchema-instance" xmlns:gte="http://www.gpstrackeditor.com/xmlschemas/General/1" xmlns:gpxtpx="http://www.garmin.com/xmlschemas/TrackPointExtension/v1" xmlns:gpxx="http://www.garmin.com/xmlschemas/GpxExtensions/v3" targetNamespace="http://www.topografix.com/GPX/1/1" elementFormDefault="qualified" xsi:schemaLocation="http://www.topografix.com/GPX/1/1 http://www.topografix.com/GPX/1/1/gpx.xsd">
<metadata>
	<name>GPS_2020-01-20_000440</name>
</metadata>
<trk>
	<name>070-고흥군 풍양면 매곡리 백석버스정류장~고흥군 도양읍 봉암리 녹동버스공용정류장</name>
	<trkseg>
		<trkpt lat="34.529914" lon="127.235819">
			<ele>0.00</ele>
			<time>2020-01-20T00:04:40.99Z</time>
		</trkpt>
		<trkpt lat="34.529904" lon="127.235691">
			<ele>0.00</ele>
			<time>2020-01-20T00:04:41.69Z</time>
		</trkpt>
		<trkpt lat="34.529895" lon="127.235590">
			<ele>0.00</ele>
			<time>2020-01-20T00:04:42.25Z</time>
		</trkpt>
		<trkpt lat="34.529863" lon="127.235575">
			<ele>0.00</ele>
			<time>2020-01-20T00:04:42.47Z</time>
		</trkpt>
		<trkpt lat="34.529840" lon="127.235528">
			<ele>0.00</ele>
			<time>2020-01-20T00:04:42.77Z</time>
		</trkpt>
		<trkpt lat="34.529817" lon="127.235443">
			<ele>0.00</ele>
			<time>2020-01-20T00:04:43.27Z</time>
		</trkpt>
		<trkpt lat="34.529807" lon="127.235285">
			<ele>0.00</ele>
			<time>2020-01-20T00:04:44.14Z</time>
		</trkpt>
		<trkpt lat="34.529816" lon="127.235118">
			<ele>0.00</ele>
			<time>2020-01-20T00:04:45.05Z</time>
		</trkpt>
		<trkpt lat="34.529881" lon="127.234924">
			<ele>0.00</ele>
			<time>2020-01-20T00:04:46.21Z</time>
		</trkpt>
		<trkpt lat="34.529937" lon="127.234727">
			<ele>0.00</ele>
			<time>2020-01-20T00:04:47.35Z</time>
		</trkpt>
		<trkpt lat="34.529984" lon="127.234580">
			<ele>0.00</ele>
			<time>2020-01-20T00:04:48.22Z</time>
		</trkpt>
		<trkpt lat="34.530007" lon="127.234430">
			<ele>0.00</ele>
			<time>2020-01-20T00:04:49.05Z</time>
		</trkpt>
		<trkpt lat="34.530034" lon="127.234283">
			<ele>0.00</ele>
			<time>2020-01-20T00:04:49.88Z</time>
		</trkpt>
		<trkpt lat="34.529984" lon="127.234187">
			<ele>0.00</ele>
			<time>2020-01-20T00:04:50.50Z</time>
		</trkpt>
		<trkpt lat="34.529884" lon="127.234087">
			<ele>0.00</ele>
			<time>2020-01-20T00:04:51.37Z</time>
		</trkpt>
		<trkpt lat="34.529826" lon="127.234003">
			<ele>0.00</ele>
			<time>2020-01-20T00:04:51.97Z</time>
		</trkpt>
		<trkpt lat="34.529793" lon="127.233948">
			<ele>0.00</ele>
			<time>2020-01-20T00:04:52.35Z</time>
		</trkpt>
		<trkpt lat="34.529780" lon="127.233871">
			<ele>0.00</ele>
			<time>2020-01-20T00:04:52.78Z</time>
		</trkpt>
		<trkpt lat="34.529776" lon="127.233869">
			<ele>0.00</ele>
			<time>2020-01-20T00:04:52.84Z</time>
		</trkpt>
		<trkpt lat="34.529768" lon="127.233864">
			<ele>0.00</ele>
			<time>2020-01-20T00:04:52.90Z</time>
		</trkpt>
		<trkpt lat="34.529749" lon="127.233848">
			<ele>0.00</ele>
			<time>2020-01-20T00:04:53.06Z</time>
		</trkpt>
		<trkpt lat="34.529985" lon="127.233521">
			<ele>0.00</ele>
			<time>2020-01-20T00:04:55.45Z</time>
		</trkpt>
		<trkpt lat="34.530198" lon="127.233195">
			<ele>0.00</ele>
			<time>2020-01-20T00:04:57.73Z</time>
		</trkpt>
		<trkpt lat="34.530333" lon="127.232925">
			<ele>0.00</ele>
			<time>2020-01-20T00:04:59.46Z</time>
		</trkpt>
		<trkpt lat="34.530412" lon="127.232728">
			<ele>0.00</ele>
			<time>2020-01-20T00:05:00.67Z</time>
		</trkpt>
		<trkpt lat="34.530450" lon="127.232592">
			<ele>0.00</ele>
			<time>2020-01-20T00:05:01.46Z</time>
		</trkpt>
		<trkpt lat="34.530530" lon="127.232214">
			<ele>0.00</ele>
			<time>2020-01-20T00:05:03.60Z</time>
		</trkpt>
		<trkpt lat="34.530555" lon="127.231840">
			<ele>0.00</ele>
			<time>2020-01-20T00:05:05.66Z</time>
		</trkpt>
		<trkpt lat="34.530555" lon="127.231454">
			<ele>0.00</ele>
			<time>2020-01-20T00:05:07.78Z</time>
		</trkpt>
		<trkpt lat="34.530512" lon="127.231092">
			<ele>0.00</ele>
			<time>2020-01-20T00:05:09.79Z</time>
		</trkpt>
		<trkpt lat="34.530395" lon="127.230737">
			<ele>0.00</ele>
			<time>2020-01-20T00:05:11.89Z</time>
		</trkpt>
		<trkpt lat="34.530212" lon="127.230381">
			<ele>0.00</ele>
			<time>2020-01-20T00:05:14.19Z</time>
		</trkpt>
		<trkpt lat="34.529956" lon="127.230065">
			<ele>0.00</ele>
			<time>2020-01-20T00:05:16.63Z</time>
		</trkpt>
		<trkpt lat="34.529605" lon="127.229730">
			<ele>0.00</ele>
			<time>2020-01-20T00:05:19.60Z</time>
		</trkpt>
		<trkpt lat="34.529359" lon="127.229461">
			<ele>0.00</ele>
			<time>2020-01-20T00:05:21.81Z</time>
		</trkpt>
		<trkpt lat="34.529218" lon="127.229222">
			<ele>0.00</ele>
			<time>2020-01-20T00:05:23.43Z</time>
		</trkpt>
		<trkpt lat="34.529088" lon="127.228908">
			<ele>0.00</ele>
			<time>2020-01-20T00:05:25.36Z</time>
		</trkpt>
		<trkpt lat="34.528815" lon="127.228239">
			<ele>0.00</ele>
			<time>2020-01-20T00:05:29.46Z</time>
		</trkpt>
		<trkpt lat="34.528717" lon="127.227920">
			<ele>0.00</ele>
			<time>2020-01-20T00:05:31.33Z</time>
		</trkpt>
		<trkpt lat="34.528723" lon="127.227763">
			<ele>0.00</ele>
			<time>2020-01-20T00:05:32.19Z</time>
		</trkpt>
		<trkpt lat="34.528747" lon="127.227439">
			<ele>0.00</ele>
			<time>2020-01-20T00:05:33.98Z</time>
		</trkpt>
		<trkpt lat="34.528868" lon="127.227063">
			<ele>0.00</ele>
			<time>2020-01-20T00:05:36.20Z</time>
		</trkpt>
		<trkpt lat="34.529078" lon="127.226533">
			<ele>0.00</ele>
			<time>2020-01-20T00:05:39.43Z</time>
		</trkpt>
		<trkpt lat="34.529221" lon="127.226176">
			<ele>0.00</ele>
			<time>2020-01-20T00:05:41.60Z</time>
		</trkpt>
		<trkpt lat="34.529393" lon="127.225768">
			<ele>0.00</ele>
			<time>2020-01-20T00:05:44.12Z</time>
		</trkpt>
		<trkpt lat="34.529531" lon="127.225457">
			<ele>0.00</ele>
			<time>2020-01-20T00:05:46.06Z</time>
		</trkpt>
		<trkpt lat="34.529695" lon="127.225065">
			<ele>0.00</ele>
			<time>2020-01-20T00:05:48.48Z</time>
		</trkpt>
		<trkpt lat="34.529802" lon="127.224690">
			<ele>0.00</ele>
			<time>2020-01-20T00:05:50.66Z</time>
		</trkpt>
		<trkpt lat="34.529908" lon="127.224307">
			<ele>0.00</ele>
			<time>2020-01-20T00:05:52.88Z</time>
		</trkpt>
		<trkpt lat="34.530024" lon="127.223952">
			<ele>0.00</ele>
			<time>2020-01-20T00:05:54.97Z</time>
		</trkpt>
		<trkpt lat="34.530177" lon="127.223624">
			<ele>0.00</ele>
			<time>2020-01-20T00:05:57.04Z</time>
		</trkpt>
		<trkpt lat="34.530481" lon="127.223382">
			<ele>0.00</ele>
			<time>2020-01-20T00:05:59.47Z</time>
		</trkpt>
		<trkpt lat="34.530688" lon="127.223219">
			<ele>0.00</ele>
			<time>2020-01-20T00:06:01.11Z</time>
		</trkpt>
		<trkpt lat="34.530926" lon="127.223018">
			<ele>0.00</ele>
			<time>2020-01-20T00:06:03.05Z</time>
		</trkpt>
		<trkpt lat="34.531174" lon="127.222822">
			<ele>0.00</ele>
			<time>2020-01-20T00:06:05.02Z</time>
		</trkpt>
		<trkpt lat="34.531804" lon="127.222382">
			<ele>0.00</ele>
			<time>2020-01-20T00:06:09.86Z</time>
		</trkpt>
		<trkpt lat="34.532288" lon="127.222101">
			<ele>0.00</ele>
			<time>2020-01-20T00:06:13.44Z</time>
		</trkpt>
		<trkpt lat="34.532616" lon="127.221947">
			<ele>0.00</ele>
			<time>2020-01-20T00:06:15.78Z</time>
		</trkpt>
		<trkpt lat="34.533128" lon="127.221845">
			<ele>0.00</ele>
			<time>2020-01-20T00:06:19.25Z</time>
		</trkpt>
		<trkpt lat="34.533613" lon="127.221727">
			<ele>0.00</ele>
			<time>2020-01-20T00:06:22.54Z</time>
		</trkpt>
		<trkpt lat="34.534044" lon="127.221601">
			<ele>0.00</ele>
			<time>2020-01-20T00:06:25.50Z</time>
		</trkpt>
		<trkpt lat="34.534442" lon="127.221532">
			<ele>0.00</ele>
			<time>2020-01-20T00:06:28.17Z</time>
		</trkpt>
		<trkpt lat="34.534626" lon="127.221495">
			<ele>0.00</ele>
			<time>2020-01-20T00:06:29.42Z</time>
		</trkpt>
		<trkpt lat="34.534792" lon="127.221424">
			<ele>0.00</ele>
			<time>2020-01-20T00:06:30.59Z</time>
		</trkpt>
		<trkpt lat="34.534928" lon="127.221336">
			<ele>0.00</ele>
			<time>2020-01-20T00:06:31.62Z</time>
		</trkpt>
		<trkpt lat="34.534951" lon="127.221323">
			<ele>0.00</ele>
			<time>2020-01-20T00:06:31.79Z</time>
		</trkpt>
		<trkpt lat="34.534884" lon="127.221218">
			<ele>0.00</ele>
			<time>2020-01-20T00:06:32.52Z</time>
		</trkpt>
		<trkpt lat="34.534884" lon="127.221140">
			<ele>0.00</ele>
			<time>2020-01-20T00:06:32.95Z</time>
		</trkpt>
		<trkpt lat="34.534878" lon="127.221139">
			<ele>0.00</ele>
			<time>2020-01-20T00:06:33.01Z</time>
		</trkpt>
		<trkpt lat="34.534880" lon="127.221094">
			<ele>0.00</ele>
			<time>2020-01-20T00:06:33.26Z</time>
		</trkpt>
		<trkpt lat="34.534808" lon="127.220977">
			<ele>0.00</ele>
			<time>2020-01-20T00:06:34.06Z</time>
		</trkpt>
		<trkpt lat="34.534738" lon="127.220868">
			<ele>0.00</ele>
			<time>2020-01-20T00:06:34.82Z</time>
		</trkpt>
		<trkpt lat="34.534626" lon="127.220751">
			<ele>0.00</ele>
			<time>2020-01-20T00:06:35.80Z</time>
		</trkpt>
		<trkpt lat="34.534429" lon="127.220557">
			<ele>0.00</ele>
			<time>2020-01-20T00:06:37.49Z</time>
		</trkpt>
		<trkpt lat="34.534213" lon="127.220363">
			<ele>0.00</ele>
			<time>2020-01-20T00:06:39.29Z</time>
		</trkpt>
		<trkpt lat="34.534028" lon="127.220196">
			<ele>0.00</ele>
			<time>2020-01-20T00:06:40.82Z</time>
		</trkpt>
		<trkpt lat="34.533823" lon="127.219986">
			<ele>0.00</ele>
			<time>2020-01-20T00:06:42.61Z</time>
		</trkpt>
		<trkpt lat="34.533569" lon="127.219727">
			<ele>0.00</ele>
			<time>2020-01-20T00:06:44.82Z</time>
		</trkpt>
		<trkpt lat="34.533212" lon="127.219392">
			<ele>0.00</ele>
			<time>2020-01-20T00:06:47.83Z</time>
		</trkpt>
		<trkpt lat="34.532870" lon="127.219068">
			<ele>0.00</ele>
			<time>2020-01-20T00:06:50.72Z</time>
		</trkpt>
		<trkpt lat="34.532350" lon="127.218565">
			<ele>0.00</ele>
			<time>2020-01-20T00:06:55.16Z</time>
		</trkpt>
		<trkpt lat="34.531914" lon="127.218172">
			<ele>0.00</ele>
			<time>2020-01-20T00:06:58.78Z</time>
		</trkpt>
		<trkpt lat="34.531638" lon="127.217922">
			<ele>0.00</ele>
			<time>2020-01-20T00:07:01.07Z</time>
		</trkpt>
		<trkpt lat="34.531142" lon="127.217480">
			<ele>0.00</ele>
			<time>2020-01-20T00:07:05.17Z</time>
		</trkpt>
		<trkpt lat="34.530842" lon="127.217211">
			<ele>0.00</ele>
			<time>2020-01-20T00:07:07.65Z</time>
		</trkpt>
		<trkpt lat="34.530418" lon="127.216768">
			<ele>0.00</ele>
			<time>2020-01-20T00:07:11.39Z</time>
		</trkpt>
		<trkpt lat="34.530074" lon="127.216409">
			<ele>0.00</ele>
			<time>2020-01-20T00:07:14.41Z</time>
		</trkpt>
		<trkpt lat="34.529626" lon="127.215992">
			<ele>0.00</ele>
			<time>2020-01-20T00:07:18.18Z</time>
		</trkpt>
		<trkpt lat="34.529654" lon="127.215760">
			<ele>0.00</ele>
			<time>2020-01-20T00:07:19.46Z</time>
		</trkpt>
		<trkpt lat="34.529655" lon="127.215744">
			<ele>0.00</ele>
			<time>2020-01-20T00:07:19.55Z</time>
		</trkpt>
		<trkpt lat="34.529533" lon="127.215636">
			<ele>0.00</ele>
			<time>2020-01-20T00:07:20.56Z</time>
		</trkpt>
		<trkpt lat="34.529374" lon="127.215487">
			<ele>0.00</ele>
			<time>2020-01-20T00:07:21.90Z</time>
		</trkpt>
		<trkpt lat="34.529129" lon="127.215259">
			<ele>0.00</ele>
			<time>2020-01-20T00:07:23.96Z</time>
		</trkpt>
		<trkpt lat="34.528965" lon="127.215113">
			<ele>0.00</ele>
			<time>2020-01-20T00:07:25.32Z</time>
		</trkpt>
		<trkpt lat="34.528686" lon="127.214854">
			<ele>0.00</ele>
			<time>2020-01-20T00:07:27.66Z</time>
		</trkpt>
		<trkpt lat="34.528422" lon="127.214608">
			<ele>0.00</ele>
			<time>2020-01-20T00:07:29.88Z</time>
		</trkpt>
		<trkpt lat="34.528125" lon="127.214338">
			<ele>0.00</ele>
			<time>2020-01-20T00:07:32.35Z</time>
		</trkpt>
		<trkpt lat="34.527893" lon="127.214108">
			<ele>0.00</ele>
			<time>2020-01-20T00:07:34.34Z</time>
		</trkpt>
		<trkpt lat="34.527718" lon="127.213889">
			<ele>0.00</ele>
			<time>2020-01-20T00:07:36.02Z</time>
		</trkpt>
		<trkpt lat="34.527552" lon="127.213715">
			<ele>0.00</ele>
			<time>2020-01-20T00:07:37.49Z</time>
		</trkpt>
		<trkpt lat="34.527371" lon="127.213371">
			<ele>0.00</ele>
			<time>2020-01-20T00:07:39.73Z</time>
		</trkpt>
		<trkpt lat="34.527281" lon="127.213015">
			<ele>0.00</ele>
			<time>2020-01-20T00:07:41.77Z</time>
		</trkpt>
		<trkpt lat="34.527275" lon="127.212904">
			<ele>0.00</ele>
			<time>2020-01-20T00:07:42.38Z</time>
		</trkpt>
		<trkpt lat="34.527279" lon="127.212856">
			<ele>0.00</ele>
			<time>2020-01-20T00:07:42.65Z</time>
		</trkpt>
		<trkpt lat="34.527278" lon="127.212868">
			<ele>0.00</ele>
			<time>2020-01-20T00:07:42.72Z</time>
		</trkpt>
		<trkpt lat="34.527271" lon="127.212778">
			<ele>0.00</ele>
			<time>2020-01-20T00:07:43.21Z</time>
		</trkpt>
		<trkpt lat="34.527209" lon="127.212670">
			<ele>0.00</ele>
			<time>2020-01-20T00:07:43.94Z</time>
		</trkpt>
		<trkpt lat="34.527325" lon="127.212179">
			<ele>0.00</ele>
			<time>2020-01-20T00:07:46.74Z</time>
		</trkpt>
		<trkpt lat="34.527488" lon="127.211563">
			<ele>0.00</ele>
			<time>2020-01-20T00:07:50.30Z</time>
		</trkpt>
		<trkpt lat="34.527755" lon="127.210555">
			<ele>0.00</ele>
			<time>2020-01-20T00:07:56.11Z</time>
		</trkpt>
		<trkpt lat="34.527979" lon="127.209720">
			<ele>0.00</ele>
			<time>2020-01-20T00:08:00.94Z</time>
		</trkpt>
		<trkpt lat="34.527988" lon="127.209633">
			<ele>0.00</ele>
			<time>2020-01-20T00:08:01.42Z</time>
		</trkpt>
		<trkpt lat="34.528062" lon="127.209620">
			<ele>0.00</ele>
			<time>2020-01-20T00:08:01.92Z</time>
		</trkpt>
		<trkpt lat="34.528099" lon="127.209640">
			<ele>0.00</ele>
			<time>2020-01-20T00:08:02.19Z</time>
		</trkpt>
		<trkpt lat="34.528154" lon="127.209623">
			<ele>0.00</ele>
			<time>2020-01-20T00:08:02.56Z</time>
		</trkpt>
		<trkpt lat="34.528175" lon="127.209597">
			<ele>0.00</ele>
			<time>2020-01-20T00:08:02.76Z</time>
		</trkpt>
		<trkpt lat="34.528191" lon="127.209515">
			<ele>0.00</ele>
			<time>2020-01-20T00:08:03.23Z</time>
		</trkpt>
		<trkpt lat="34.528203" lon="127.209389">
			<ele>0.00</ele>
			<time>2020-01-20T00:08:03.93Z</time>
		</trkpt>
		<trkpt lat="34.528220" lon="127.209266">
			<ele>0.00</ele>
			<time>2020-01-20T00:08:04.61Z</time>
		</trkpt>
		<trkpt lat="34.528230" lon="127.209140">
			<ele>0.00</ele>
			<time>2020-01-20T00:08:05.31Z</time>
		</trkpt>
		<trkpt lat="34.528231" lon="127.209008">
			<ele>0.00</ele>
			<time>2020-01-20T00:08:06.03Z</time>
		</trkpt>
		<trkpt lat="34.528237" lon="127.208892">
			<ele>0.00</ele>
			<time>2020-01-20T00:08:06.67Z</time>
		</trkpt>
		<trkpt lat="34.528230" lon="127.208745">
			<ele>0.00</ele>
			<time>2020-01-20T00:08:07.48Z</time>
		</trkpt>
		<trkpt lat="34.528228" lon="127.208640">
			<ele>0.00</ele>
			<time>2020-01-20T00:08:08.06Z</time>
		</trkpt>
		<trkpt lat="34.528230" lon="127.208532">
			<ele>0.00</ele>
			<time>2020-01-20T00:08:08.65Z</time>
		</trkpt>
		<trkpt lat="34.528211" lon="127.208463">
			<ele>0.00</ele>
			<time>2020-01-20T00:08:09.05Z</time>
		</trkpt>
		<trkpt lat="34.528180" lon="127.208381">
			<ele>0.00</ele>
			<time>2020-01-20T00:08:09.54Z</time>
		</trkpt>
		<trkpt lat="34.528147" lon="127.208262">
			<ele>0.00</ele>
			<time>2020-01-20T00:08:10.23Z</time>
		</trkpt>
		<trkpt lat="34.528104" lon="127.208144">
			<ele>0.00</ele>
			<time>2020-01-20T00:08:10.94Z</time>
		</trkpt>
		<trkpt lat="34.528074" lon="127.208037">
			<ele>0.00</ele>
			<time>2020-01-20T00:08:11.56Z</time>
		</trkpt>
		<trkpt lat="34.528046" lon="127.207945">
			<ele>0.00</ele>
			<time>2020-01-20T00:08:12.10Z</time>
		</trkpt>
		<trkpt lat="34.528028" lon="127.207854">
			<ele>0.00</ele>
			<time>2020-01-20T00:08:12.61Z</time>
		</trkpt>
		<trkpt lat="34.528007" lon="127.207755">
			<ele>0.00</ele>
			<time>2020-01-20T00:08:13.18Z</time>
		</trkpt>
		<trkpt lat="34.528003" lon="127.207662">
			<ele>0.00</ele>
			<time>2020-01-20T00:08:13.69Z</time>
		</trkpt>
		<trkpt lat="34.527987" lon="127.207503">
			<ele>0.00</ele>
			<time>2020-01-20T00:08:14.57Z</time>
		</trkpt>
		<trkpt lat="34.527979" lon="127.207384">
			<ele>0.00</ele>
			<time>2020-01-20T00:08:15.22Z</time>
		</trkpt>
		<trkpt lat="34.527975" lon="127.207283">
			<ele>0.00</ele>
			<time>2020-01-20T00:08:15.78Z</time>
		</trkpt>
		<trkpt lat="34.527977" lon="127.207208">
			<ele>0.00</ele>
			<time>2020-01-20T00:08:16.19Z</time>
		</trkpt>
		<trkpt lat="34.527975" lon="127.207102">
			<ele>0.00</ele>
			<time>2020-01-20T00:08:16.77Z</time>
		</trkpt>
		<trkpt lat="34.527963" lon="127.207020">
			<ele>0.00</ele>
			<time>2020-01-20T00:08:17.23Z</time>
		</trkpt>
		<trkpt lat="34.527943" lon="127.206940">
			<ele>0.00</ele>
			<time>2020-01-20T00:08:17.69Z</time>
		</trkpt>
		<trkpt lat="34.527911" lon="127.206884">
			<ele>0.00</ele>
			<time>2020-01-20T00:08:18.06Z</time>
		</trkpt>
		<trkpt lat="34.527877" lon="127.206828">
			<ele>0.00</ele>
			<time>2020-01-20T00:08:18.44Z</time>
		</trkpt>
		<trkpt lat="34.527824" lon="127.206753">
			<ele>0.00</ele>
			<time>2020-01-20T00:08:18.99Z</time>
		</trkpt>
		<trkpt lat="34.527783" lon="127.206686">
			<ele>0.00</ele>
			<time>2020-01-20T00:08:19.45Z</time>
		</trkpt>
		<trkpt lat="34.527727" lon="127.206600">
			<ele>0.00</ele>
			<time>2020-01-20T00:08:20.05Z</time>
		</trkpt>
		<trkpt lat="34.527670" lon="127.206505">
			<ele>0.00</ele>
			<time>2020-01-20T00:08:20.70Z</time>
		</trkpt>
		<trkpt lat="34.527611" lon="127.206408">
			<ele>0.00</ele>
			<time>2020-01-20T00:08:21.36Z</time>
		</trkpt>
		<trkpt lat="34.527551" lon="127.206334">
			<ele>0.00</ele>
			<time>2020-01-20T00:08:21.93Z</time>
		</trkpt>
		<trkpt lat="34.527492" lon="127.206242">
			<ele>0.00</ele>
			<time>2020-01-20T00:08:22.57Z</time>
		</trkpt>
		<trkpt lat="34.527451" lon="127.206162">
			<ele>0.00</ele>
			<time>2020-01-20T00:08:23.08Z</time>
		</trkpt>
		<trkpt lat="34.527411" lon="127.206089">
			<ele>0.00</ele>
			<time>2020-01-20T00:08:23.57Z</time>
		</trkpt>
		<trkpt lat="34.527370" lon="127.206035">
			<ele>0.00</ele>
			<time>2020-01-20T00:08:23.97Z</time>
		</trkpt>
		<trkpt lat="34.527349" lon="127.205976">
			<ele>0.00</ele>
			<time>2020-01-20T00:08:24.32Z</time>
		</trkpt>
		<trkpt lat="34.527345" lon="127.205931">
			<ele>0.00</ele>
			<time>2020-01-20T00:08:24.57Z</time>
		</trkpt>
		<trkpt lat="34.527338" lon="127.205873">
			<ele>0.00</ele>
			<time>2020-01-20T00:08:24.90Z</time>
		</trkpt>
		<trkpt lat="34.527347" lon="127.205812">
			<ele>0.00</ele>
			<time>2020-01-20T00:08:25.24Z</time>
		</trkpt>
		<trkpt lat="34.527363" lon="127.205713">
			<ele>0.00</ele>
			<time>2020-01-20T00:08:25.79Z</time>
		</trkpt>
		<trkpt lat="34.527377" lon="127.205607">
			<ele>0.00</ele>
			<time>2020-01-20T00:08:26.38Z</time>
		</trkpt>
		<trkpt lat="34.527395" lon="127.205495">
			<ele>0.00</ele>
			<time>2020-01-20T00:08:27.01Z</time>
		</trkpt>
		<trkpt lat="34.527409" lon="127.205420">
			<ele>0.00</ele>
			<time>2020-01-20T00:08:27.43Z</time>
		</trkpt>
		<trkpt lat="34.527431" lon="127.205331">
			<ele>0.00</ele>
			<time>2020-01-20T00:08:27.94Z</time>
		</trkpt>
		<trkpt lat="34.527448" lon="127.205236">
			<ele>0.00</ele>
			<time>2020-01-20T00:08:28.47Z</time>
		</trkpt>
		<trkpt lat="34.527461" lon="127.205165">
			<ele>0.00</ele>
			<time>2020-01-20T00:08:28.87Z</time>
		</trkpt>
		<trkpt lat="34.527477" lon="127.205103">
			<ele>0.00</ele>
			<time>2020-01-20T00:08:29.23Z</time>
		</trkpt>
		<trkpt lat="34.527488" lon="127.205012">
			<ele>0.00</ele>
			<time>2020-01-20T00:08:29.73Z</time>
		</trkpt>
		<trkpt lat="34.527491" lon="127.204958">
			<ele>0.00</ele>
			<time>2020-01-20T00:08:30.03Z</time>
		</trkpt>
		<trkpt lat="34.527484" lon="127.204902">
			<ele>0.00</ele>
			<time>2020-01-20T00:08:30.34Z</time>
		</trkpt>
		<trkpt lat="34.527468" lon="127.204846">
			<ele>0.00</ele>
			<time>2020-01-20T00:08:30.67Z</time>
		</trkpt>
		<trkpt lat="34.527438" lon="127.204788">
			<ele>0.00</ele>
			<time>2020-01-20T00:08:31.04Z</time>
		</trkpt>
		<trkpt lat="34.527413" lon="127.204736">
			<ele>0.00</ele>
			<time>2020-01-20T00:08:31.37Z</time>
		</trkpt>
		<trkpt lat="34.527373" lon="127.204665">
			<ele>0.00</ele>
			<time>2020-01-20T00:08:31.85Z</time>
		</trkpt>
		<trkpt lat="34.527335" lon="127.204594">
			<ele>0.00</ele>
			<time>2020-01-20T00:08:32.31Z</time>
		</trkpt>
		<trkpt lat="34.527309" lon="127.204526">
			<ele>0.00</ele>
			<time>2020-01-20T00:08:32.73Z</time>
		</trkpt>
		<trkpt lat="34.527286" lon="127.204457">
			<ele>0.00</ele>
			<time>2020-01-20T00:08:33.14Z</time>
		</trkpt>
		<trkpt lat="34.527256" lon="127.204385">
			<ele>0.00</ele>
			<time>2020-01-20T00:08:33.58Z</time>
		</trkpt>
		<trkpt lat="34.527213" lon="127.204308">
			<ele>0.00</ele>
			<time>2020-01-20T00:08:34.09Z</time>
		</trkpt>
		<trkpt lat="34.527161" lon="127.204234">
			<ele>0.00</ele>
			<time>2020-01-20T00:08:34.62Z</time>
		</trkpt>
		<trkpt lat="34.527108" lon="127.204172">
			<ele>0.00</ele>
			<time>2020-01-20T00:08:35.11Z</time>
		</trkpt>
		<trkpt lat="34.527053" lon="127.204118">
			<ele>0.00</ele>
			<time>2020-01-20T00:08:35.58Z</time>
		</trkpt>
		<trkpt lat="34.526997" lon="127.204062">
			<ele>0.00</ele>
			<time>2020-01-20T00:08:36.07Z</time>
		</trkpt>
		<trkpt lat="34.526952" lon="127.204014">
			<ele>0.00</ele>
			<time>2020-01-20T00:08:36.46Z</time>
		</trkpt>
		<trkpt lat="34.526910" lon="127.203982">
			<ele>0.00</ele>
			<time>2020-01-20T00:08:36.80Z</time>
		</trkpt>
		<trkpt lat="34.526871" lon="127.203950">
			<ele>0.00</ele>
			<time>2020-01-20T00:08:37.11Z</time>
		</trkpt>
		<trkpt lat="34.526853" lon="127.203911">
			<ele>0.00</ele>
			<time>2020-01-20T00:08:37.36Z</time>
		</trkpt>
		<trkpt lat="34.526849" lon="127.203876">
			<ele>0.00</ele>
			<time>2020-01-20T00:08:37.55Z</time>
		</trkpt>
		<trkpt lat="34.526894" lon="127.203801">
			<ele>0.00</ele>
			<time>2020-01-20T00:08:38.06Z</time>
		</trkpt>
		<trkpt lat="34.526924" lon="127.203746">
			<ele>0.00</ele>
			<time>2020-01-20T00:08:38.42Z</time>
		</trkpt>
		<trkpt lat="34.526965" lon="127.203662">
			<ele>0.00</ele>
			<time>2020-01-20T00:08:38.96Z</time>
		</trkpt>
		<trkpt lat="34.527011" lon="127.203591">
			<ele>0.00</ele>
			<time>2020-01-20T00:08:39.46Z</time>
		</trkpt>
		<trkpt lat="34.527057" lon="127.203518">
			<ele>0.00</ele>
			<time>2020-01-20T00:08:39.96Z</time>
		</trkpt>
		<trkpt lat="34.527102" lon="127.203449">
			<ele>0.00</ele>
			<time>2020-01-20T00:08:40.44Z</time>
		</trkpt>
		<trkpt lat="34.527135" lon="127.203401">
			<ele>0.00</ele>
			<time>2020-01-20T00:08:40.79Z</time>
		</trkpt>
		<trkpt lat="34.527157" lon="127.203354">
			<ele>0.00</ele>
			<time>2020-01-20T00:08:41.08Z</time>
		</trkpt>
		<trkpt lat="34.527173" lon="127.203294">
			<ele>0.00</ele>
			<time>2020-01-20T00:08:41.43Z</time>
		</trkpt>
		<trkpt lat="34.527175" lon="127.203218">
			<ele>0.00</ele>
			<time>2020-01-20T00:08:41.85Z</time>
		</trkpt>
		<trkpt lat="34.527175" lon="127.203119">
			<ele>0.00</ele>
			<time>2020-01-20T00:08:42.39Z</time>
		</trkpt>
		<trkpt lat="34.527169" lon="127.203033">
			<ele>0.00</ele>
			<time>2020-01-20T00:08:42.86Z</time>
		</trkpt>
		<trkpt lat="34.527166" lon="127.202970">
			<ele>0.00</ele>
			<time>2020-01-20T00:08:43.21Z</time>
		</trkpt>
		<trkpt lat="34.527161" lon="127.202917">
			<ele>0.00</ele>
			<time>2020-01-20T00:08:43.51Z</time>
		</trkpt>
		<trkpt lat="34.527152" lon="127.202856">
			<ele>0.00</ele>
			<time>2020-01-20T00:08:43.84Z</time>
		</trkpt>
		<trkpt lat="34.527141" lon="127.202783">
			<ele>0.00</ele>
			<time>2020-01-20T00:08:44.25Z</time>
		</trkpt>
		<trkpt lat="34.527138" lon="127.202718">
			<ele>0.00</ele>
			<time>2020-01-20T00:08:44.61Z</time>
		</trkpt>
		<trkpt lat="34.527127" lon="127.202656">
			<ele>0.00</ele>
			<time>2020-01-20T00:08:44.96Z</time>
		</trkpt>
		<trkpt lat="34.527120" lon="127.202591">
			<ele>0.00</ele>
			<time>2020-01-20T00:08:45.32Z</time>
		</trkpt>
		<trkpt lat="34.527129" lon="127.202539">
			<ele>0.00</ele>
			<time>2020-01-20T00:08:45.61Z</time>
		</trkpt>
		<trkpt lat="34.527138" lon="127.202470">
			<ele>0.00</ele>
			<time>2020-01-20T00:08:45.99Z</time>
		</trkpt>
		<trkpt lat="34.527154" lon="127.202408">
			<ele>0.00</ele>
			<time>2020-01-20T00:08:46.35Z</time>
		</trkpt>
		<trkpt lat="34.527173" lon="127.202358">
			<ele>0.00</ele>
			<time>2020-01-20T00:08:46.65Z</time>
		</trkpt>
		<trkpt lat="34.527200" lon="127.202309">
			<ele>0.00</ele>
			<time>2020-01-20T00:08:46.98Z</time>
		</trkpt>
		<trkpt lat="34.527230" lon="127.202259">
			<ele>0.00</ele>
			<time>2020-01-20T00:08:47.32Z</time>
		</trkpt>
		<trkpt lat="34.527273" lon="127.202212">
			<ele>0.00</ele>
			<time>2020-01-20T00:08:47.70Z</time>
		</trkpt>
		<trkpt lat="34.527319" lon="127.202177">
			<ele>0.00</ele>
			<time>2020-01-20T00:08:48.06Z</time>
		</trkpt>
		<trkpt lat="34.527358" lon="127.202160">
			<ele>0.00</ele>
			<time>2020-01-20T00:08:48.34Z</time>
		</trkpt>
		<trkpt lat="34.527401" lon="127.202143">
			<ele>0.00</ele>
			<time>2020-01-20T00:08:48.64Z</time>
		</trkpt>
		<trkpt lat="34.527447" lon="127.202126">
			<ele>0.00</ele>
			<time>2020-01-20T00:08:48.96Z</time>
		</trkpt>
		<trkpt lat="34.527513" lon="127.202117">
			<ele>0.00</ele>
			<time>2020-01-20T00:08:49.40Z</time>
		</trkpt>
		<trkpt lat="34.527585" lon="127.202126">
			<ele>0.00</ele>
			<time>2020-01-20T00:08:49.89Z</time>
		</trkpt>
		<trkpt lat="34.527674" lon="127.202148">
			<ele>0.00</ele>
			<time>2020-01-20T00:08:50.49Z</time>
		</trkpt>
		<trkpt lat="34.527770" lon="127.202167">
			<ele>0.00</ele>
			<time>2020-01-20T00:08:51.14Z</time>
		</trkpt>
		<trkpt lat="34.527876" lon="127.202193">
			<ele>0.00</ele>
			<time>2020-01-20T00:08:51.86Z</time>
		</trkpt>
		<trkpt lat="34.527969" lon="127.202226">
			<ele>0.00</ele>
			<time>2020-01-20T00:08:52.51Z</time>
		</trkpt>
		<trkpt lat="34.528011" lon="127.202235">
			<ele>0.00</ele>
			<time>2020-01-20T00:08:52.79Z</time>
		</trkpt>
		<trkpt lat="34.528041" lon="127.202226">
			<ele>0.00</ele>
			<time>2020-01-20T00:08:53Z</time>
		</trkpt>
		<trkpt lat="34.528068" lon="127.202181">
			<ele>0.00</ele>
			<time>2020-01-20T00:08:53.30Z</time>
		</trkpt>
		<trkpt lat="34.528086" lon="127.202142">
			<ele>0.00</ele>
			<time>2020-01-20T00:08:53.55Z</time>
		</trkpt>
		<trkpt lat="34.528104" lon="127.202108">
			<ele>0.00</ele>
			<time>2020-01-20T00:08:53.77Z</time>
		</trkpt>
		<trkpt lat="34.528114" lon="127.202078">
			<ele>0.00</ele>
			<time>2020-01-20T00:08:53.95Z</time>
		</trkpt>
		<trkpt lat="34.528134" lon="127.202065">
			<ele>0.00</ele>
			<time>2020-01-20T00:08:54.10Z</time>
		</trkpt>
		<trkpt lat="34.528171" lon="127.202050">
			<ele>0.00</ele>
			<time>2020-01-20T00:08:54.36Z</time>
		</trkpt>
		<trkpt lat="34.528228" lon="127.202048">
			<ele>0.00</ele>
			<time>2020-01-20T00:08:54.74Z</time>
		</trkpt>
		<trkpt lat="34.528308" lon="127.202043">
			<ele>0.00</ele>
			<time>2020-01-20T00:08:55.27Z</time>
		</trkpt>
		<trkpt lat="34.528388" lon="127.202037">
			<ele>0.00</ele>
			<time>2020-01-20T00:08:55.81Z</time>
		</trkpt>
		<trkpt lat="34.528467" lon="127.202028">
			<ele>0.00</ele>
			<time>2020-01-20T00:08:56.34Z</time>
		</trkpt>
		<trkpt lat="34.528587" lon="127.202013">
			<ele>0.00</ele>
			<time>2020-01-20T00:08:57.15Z</time>
		</trkpt>
		<trkpt lat="34.528703" lon="127.202003">
			<ele>0.00</ele>
			<time>2020-01-20T00:08:57.92Z</time>
		</trkpt>
		<trkpt lat="34.528834" lon="127.201990">
			<ele>0.00</ele>
			<time>2020-01-20T00:08:58.80Z</time>
		</trkpt>
		<trkpt lat="34.528909" lon="127.201992">
			<ele>0.00</ele>
			<time>2020-01-20T00:08:59.29Z</time>
		</trkpt>
		<trkpt lat="34.528973" lon="127.201997">
			<ele>0.00</ele>
			<time>2020-01-20T00:08:59.72Z</time>
		</trkpt>
		<trkpt lat="34.529031" lon="127.201984">
			<ele>0.00</ele>
			<time>2020-01-20T00:09:00.12Z</time>
		</trkpt>
		<trkpt lat="34.529111" lon="127.201958">
			<ele>0.00</ele>
			<time>2020-01-20T00:09:00.67Z</time>
		</trkpt>
		<trkpt lat="34.529187" lon="127.201934">
			<ele>0.00</ele>
			<time>2020-01-20T00:09:01.19Z</time>
		</trkpt>
		<trkpt lat="34.529264" lon="127.201902">
			<ele>0.00</ele>
			<time>2020-01-20T00:09:01.73Z</time>
		</trkpt>
		<trkpt lat="34.529334" lon="127.201866">
			<ele>0.00</ele>
			<time>2020-01-20T00:09:02.24Z</time>
		</trkpt>
		<trkpt lat="34.529417" lon="127.201816">
			<ele>0.00</ele>
			<time>2020-01-20T00:09:02.86Z</time>
		</trkpt>
		<trkpt lat="34.529479" lon="127.201784">
			<ele>0.00</ele>
			<time>2020-01-20T00:09:03.31Z</time>
		</trkpt>
		<trkpt lat="34.529552" lon="127.201747">
			<ele>0.00</ele>
			<time>2020-01-20T00:09:03.84Z</time>
		</trkpt>
		<trkpt lat="34.529636" lon="127.201704">
			<ele>0.00</ele>
			<time>2020-01-20T00:09:04.44Z</time>
		</trkpt>
		<trkpt lat="34.529712" lon="127.201661">
			<ele>0.00</ele>
			<time>2020-01-20T00:09:05Z</time>
		</trkpt>
		<trkpt lat="34.529801" lon="127.201605">
			<ele>0.00</ele>
			<time>2020-01-20T00:09:05.67Z</time>
		</trkpt>
		<trkpt lat="34.529899" lon="127.201554">
			<ele>0.00</ele>
			<time>2020-01-20T00:09:06.38Z</time>
		</trkpt>
		<trkpt lat="34.529946" lon="127.201516">
			<ele>0.00</ele>
			<time>2020-01-20T00:09:06.76Z</time>
		</trkpt>
		<trkpt lat="34.530005" lon="127.201462">
			<ele>0.00</ele>
			<time>2020-01-20T00:09:07.25Z</time>
		</trkpt>
		<trkpt lat="34.530064" lon="127.201399">
			<ele>0.00</ele>
			<time>2020-01-20T00:09:07.77Z</time>
		</trkpt>
		<trkpt lat="34.530133" lon="127.201313">
			<ele>0.00</ele>
			<time>2020-01-20T00:09:08.43Z</time>
		</trkpt>
		<trkpt lat="34.530190" lon="127.201234">
			<ele>0.00</ele>
			<time>2020-01-20T00:09:09.01Z</time>
		</trkpt>
		<trkpt lat="34.530241" lon="127.201165">
			<ele>0.00</ele>
			<time>2020-01-20T00:09:09.52Z</time>
		</trkpt>
		<trkpt lat="34.530284" lon="127.201100">
			<ele>0.00</ele>
			<time>2020-01-20T00:09:09.97Z</time>
		</trkpt>
		<trkpt lat="34.530321" lon="127.201025">
			<ele>0.00</ele>
			<time>2020-01-20T00:09:10.46Z</time>
		</trkpt>
		<trkpt lat="34.530341" lon="127.200956">
			<ele>0.00</ele>
			<time>2020-01-20T00:09:10.86Z</time>
		</trkpt>
		<trkpt lat="34.530360" lon="127.200900">
			<ele>0.00</ele>
			<time>2020-01-20T00:09:11.19Z</time>
		</trkpt>
		<trkpt lat="34.530390" lon="127.200855">
			<ele>0.00</ele>
			<time>2020-01-20T00:09:11.51Z</time>
		</trkpt>
		<trkpt lat="34.530422" lon="127.200805">
			<ele>0.00</ele>
			<time>2020-01-20T00:09:11.86Z</time>
		</trkpt>
		<trkpt lat="34.530467" lon="127.200738">
			<ele>0.00</ele>
			<time>2020-01-20T00:09:12.33Z</time>
		</trkpt>
		<trkpt lat="34.530513" lon="127.200671">
			<ele>0.00</ele>
			<time>2020-01-20T00:09:12.81Z</time>
		</trkpt>
		<trkpt lat="34.530541" lon="127.200626">
			<ele>0.00</ele>
			<time>2020-01-20T00:09:13.12Z</time>
		</trkpt>
		<trkpt lat="34.530573" lon="127.200600">
			<ele>0.00</ele>
			<time>2020-01-20T00:09:13.38Z</time>
		</trkpt>
		<trkpt lat="34.530614" lon="127.200579">
			<ele>0.00</ele>
			<time>2020-01-20T00:09:13.67Z</time>
		</trkpt>
		<trkpt lat="34.530671" lon="127.200564">
			<ele>0.00</ele>
			<time>2020-01-20T00:09:14.06Z</time>
		</trkpt>
		<trkpt lat="34.530701" lon="127.200542">
			<ele>0.00</ele>
			<time>2020-01-20T00:09:14.29Z</time>
		</trkpt>
		<trkpt lat="34.530733" lon="127.200497">
			<ele>0.00</ele>
			<time>2020-01-20T00:09:14.62Z</time>
		</trkpt>
		<trkpt lat="34.530751" lon="127.200426">
			<ele>0.00</ele>
			<time>2020-01-20T00:09:15.03Z</time>
		</trkpt>
		<trkpt lat="34.530776" lon="127.200374">
			<ele>0.00</ele>
			<time>2020-01-20T00:09:15.36Z</time>
		</trkpt>
		<trkpt lat="34.530814" lon="127.200348">
			<ele>0.00</ele>
			<time>2020-01-20T00:09:15.65Z</time>
		</trkpt>
		<trkpt lat="34.530866" lon="127.200324">
			<ele>0.00</ele>
			<time>2020-01-20T00:09:16.02Z</time>
		</trkpt>
		<trkpt lat="34.530941" lon="127.200274">
			<ele>0.00</ele>
			<time>2020-01-20T00:09:16.59Z</time>
		</trkpt>
		<trkpt lat="34.531006" lon="127.200225">
			<ele>0.00</ele>
			<time>2020-01-20T00:09:17.10Z</time>
		</trkpt>
		<trkpt lat="34.531070" lon="127.200158">
			<ele>0.00</ele>
			<time>2020-01-20T00:09:17.67Z</time>
		</trkpt>
		<trkpt lat="34.531136" lon="127.200104">
			<ele>0.00</ele>
			<time>2020-01-20T00:09:18.20Z</time>
		</trkpt>
		<trkpt lat="34.531207" lon="127.200033">
			<ele>0.00</ele>
			<time>2020-01-20T00:09:18.81Z</time>
		</trkpt>
		<trkpt lat="34.531247" lon="127.199975">
			<ele>0.00</ele>
			<time>2020-01-20T00:09:19.23Z</time>
		</trkpt>
		<trkpt lat="34.531295" lon="127.199906">
			<ele>0.00</ele>
			<time>2020-01-20T00:09:19.72Z</time>
		</trkpt>
		<trkpt lat="34.531336" lon="127.199839">
			<ele>0.00</ele>
			<time>2020-01-20T00:09:20.18Z</time>
		</trkpt>
		<trkpt lat="34.531364" lon="127.199770">
			<ele>0.00</ele>
			<time>2020-01-20T00:09:20.60Z</time>
		</trkpt>
		<trkpt lat="34.531391" lon="127.199703">
			<ele>0.00</ele>
			<time>2020-01-20T00:09:21.01Z</time>
		</trkpt>
		<trkpt lat="34.531437" lon="127.199622">
			<ele>0.00</ele>
			<time>2020-01-20T00:09:21.55Z</time>
		</trkpt>
		<trkpt lat="34.531475" lon="127.199546">
			<ele>0.00</ele>
			<time>2020-01-20T00:09:22.04Z</time>
		</trkpt>
		<trkpt lat="34.531532" lon="127.199423">
			<ele>0.00</ele>
			<time>2020-01-20T00:09:22.82Z</time>
		</trkpt>
		<trkpt lat="34.531567" lon="127.199323">
			<ele>0.00</ele>
			<time>2020-01-20T00:09:23.41Z</time>
		</trkpt>
		<trkpt lat="34.531574" lon="127.199237">
			<ele>0.00</ele>
			<time>2020-01-20T00:09:23.89Z</time>
		</trkpt>
		<trkpt lat="34.531582" lon="127.199151">
			<ele>0.00</ele>
			<time>2020-01-20T00:09:24.36Z</time>
		</trkpt>
		<trkpt lat="34.531582" lon="127.199013">
			<ele>0.00</ele>
			<time>2020-01-20T00:09:25.12Z</time>
		</trkpt>
		<trkpt lat="34.531580" lon="127.198901">
			<ele>0.00</ele>
			<time>2020-01-20T00:09:25.74Z</time>
		</trkpt>
		<trkpt lat="34.531582" lon="127.198800">
			<ele>0.00</ele>
			<time>2020-01-20T00:09:26.29Z</time>
		</trkpt>
		<trkpt lat="34.531582" lon="127.198720">
			<ele>0.00</ele>
			<time>2020-01-20T00:09:26.73Z</time>
		</trkpt>
		<trkpt lat="34.531582" lon="127.198653">
			<ele>0.00</ele>
			<time>2020-01-20T00:09:27.10Z</time>
		</trkpt>
		<trkpt lat="34.531594" lon="127.198573">
			<ele>0.00</ele>
			<time>2020-01-20T00:09:27.54Z</time>
		</trkpt>
		<trkpt lat="34.531629" lon="127.198472">
			<ele>0.00</ele>
			<time>2020-01-20T00:09:28.15Z</time>
		</trkpt>
		<trkpt lat="34.531663" lon="127.198369">
			<ele>0.00</ele>
			<time>2020-01-20T00:09:28.76Z</time>
		</trkpt>
		<trkpt lat="34.531691" lon="127.198282">
			<ele>0.00</ele>
			<time>2020-01-20T00:09:29.27Z</time>
		</trkpt>
		<trkpt lat="34.531716" lon="127.198177">
			<ele>0.00</ele>
			<time>2020-01-20T00:09:29.87Z</time>
		</trkpt>
		<trkpt lat="34.531741" lon="127.198106">
			<ele>0.00</ele>
			<time>2020-01-20T00:09:30.29Z</time>
		</trkpt>
		<trkpt lat="34.531763" lon="127.198063">
			<ele>0.00</ele>
			<time>2020-01-20T00:09:30.57Z</time>
		</trkpt>
		<trkpt lat="34.531777" lon="127.198032">
			<ele>0.00</ele>
			<time>2020-01-20T00:09:30.76Z</time>
		</trkpt>
		<trkpt lat="34.531805" lon="127.198015">
			<ele>0.00</ele>
			<time>2020-01-20T00:09:30.97Z</time>
		</trkpt>
		<trkpt lat="34.531862" lon="127.197996">
			<ele>0.00</ele>
			<time>2020-01-20T00:09:31.37Z</time>
		</trkpt>
		<trkpt lat="34.531912" lon="127.197996">
			<ele>0.00</ele>
			<time>2020-01-20T00:09:31.70Z</time>
		</trkpt>
		<trkpt lat="34.531969" lon="127.197977">
			<ele>0.00</ele>
			<time>2020-01-20T00:09:32.09Z</time>
		</trkpt>
		<trkpt lat="34.531970" lon="127.197977">
			<ele>0.00</ele>
			<time>2020-01-20T00:09:32.15Z</time>
		</trkpt>
		<trkpt lat="34.532008" lon="127.197955">
			<ele>0.00</ele>
			<time>2020-01-20T00:09:32.43Z</time>
		</trkpt>
		<trkpt lat="34.532050" lon="127.197921">
			<ele>0.00</ele>
			<time>2020-01-20T00:09:32.77Z</time>
		</trkpt>
		<trkpt lat="34.532089" lon="127.197895">
			<ele>0.00</ele>
			<time>2020-01-20T00:09:33.06Z</time>
		</trkpt>
		<trkpt lat="34.532118" lon="127.197854">
			<ele>0.00</ele>
			<time>2020-01-20T00:09:33.36Z</time>
		</trkpt>
		<trkpt lat="34.532127" lon="127.197811">
			<ele>0.00</ele>
			<time>2020-01-20T00:09:33.60Z</time>
		</trkpt>
		<trkpt lat="34.532123" lon="127.197772">
			<ele>0.00</ele>
			<time>2020-01-20T00:09:33.82Z</time>
		</trkpt>
		<trkpt lat="34.532111" lon="127.197705">
			<ele>0.00</ele>
			<time>2020-01-20T00:09:34.19Z</time>
		</trkpt>
		<trkpt lat="34.532104" lon="127.197671">
			<ele>0.00</ele>
			<time>2020-01-20T00:09:34.39Z</time>
		</trkpt>
		<trkpt lat="34.532116" lon="127.197634">
			<ele>0.00</ele>
			<time>2020-01-20T00:09:34.61Z</time>
		</trkpt>
		<trkpt lat="34.532155" lon="127.197569">
			<ele>0.00</ele>
			<time>2020-01-20T00:09:35.05Z</time>
		</trkpt>
		<trkpt lat="34.532178" lon="127.197524">
			<ele>0.00</ele>
			<time>2020-01-20T00:09:35.34Z</time>
		</trkpt>
		<trkpt lat="34.532189" lon="127.197451">
			<ele>0.00</ele>
			<time>2020-01-20T00:09:35.75Z</time>
		</trkpt>
		<trkpt lat="34.532187" lon="127.197382">
			<ele>0.00</ele>
			<time>2020-01-20T00:09:36.13Z</time>
		</trkpt>
		<trkpt lat="34.532181" lon="127.197343">
			<ele>0.00</ele>
			<time>2020-01-20T00:09:36.34Z</time>
		</trkpt>
		<trkpt lat="34.532146" lon="127.197304">
			<ele>0.00</ele>
			<time>2020-01-20T00:09:36.66Z</time>
		</trkpt>
		<trkpt lat="34.532089" lon="127.197259">
			<ele>0.00</ele>
			<time>2020-01-20T00:09:37.11Z</time>
		</trkpt>
		<trkpt lat="34.532064" lon="127.197207">
			<ele>0.00</ele>
			<time>2020-01-20T00:09:37.44Z</time>
		</trkpt>
		<trkpt lat="34.532069" lon="127.197130">
			<ele>0.00</ele>
			<time>2020-01-20T00:09:37.87Z</time>
		</trkpt>
		<trkpt lat="34.532077" lon="127.197087">
			<ele>0.00</ele>
			<time>2020-01-20T00:09:38.11Z</time>
		</trkpt>
		<trkpt lat="34.532096" lon="127.197054">
			<ele>0.00</ele>
			<time>2020-01-20T00:09:38.33Z</time>
		</trkpt>
		<trkpt lat="34.532112" lon="127.197016">
			<ele>0.00</ele>
			<time>2020-01-20T00:09:38.57Z</time>
		</trkpt>
		<trkpt lat="34.532169" lon="127.197001">
			<ele>0.00</ele>
			<time>2020-01-20T00:09:38.96Z</time>
		</trkpt>
		<trkpt lat="34.532215" lon="127.197013">
			<ele>0.00</ele>
			<time>2020-01-20T00:09:39.27Z</time>
		</trkpt>
		<trkpt lat="34.532254" lon="127.197009">
			<ele>0.00</ele>
			<time>2020-01-20T00:09:39.54Z</time>
		</trkpt>
		<trkpt lat="34.532286" lon="127.196970">
			<ele>0.00</ele>
			<time>2020-01-20T00:09:39.84Z</time>
		</trkpt>
		<trkpt lat="34.532318" lon="127.196906">
			<ele>0.00</ele>
			<time>2020-01-20T00:09:40.25Z</time>
		</trkpt>
		<trkpt lat="34.532345" lon="127.196830">
			<ele>0.00</ele>
			<time>2020-01-20T00:09:40.70Z</time>
		</trkpt>
		<trkpt lat="34.532368" lon="127.196742">
			<ele>0.00</ele>
			<time>2020-01-20T00:09:41.21Z</time>
		</trkpt>
		<trkpt lat="34.532384" lon="127.196656">
			<ele>0.00</ele>
			<time>2020-01-20T00:09:41.70Z</time>
		</trkpt>
		<trkpt lat="34.532393" lon="127.196555">
			<ele>0.00</ele>
			<time>2020-01-20T00:09:42.26Z</time>
		</trkpt>
		<trkpt lat="34.532404" lon="127.196481">
			<ele>0.00</ele>
			<time>2020-01-20T00:09:42.66Z</time>
		</trkpt>
		<trkpt lat="34.532420" lon="127.196419">
			<ele>0.00</ele>
			<time>2020-01-20T00:09:43.02Z</time>
		</trkpt>
		<trkpt lat="34.532462" lon="127.196387">
			<ele>0.00</ele>
			<time>2020-01-20T00:09:43.36Z</time>
		</trkpt>
		<trkpt lat="34.532505" lon="127.196320">
			<ele>0.00</ele>
			<time>2020-01-20T00:09:43.82Z</time>
		</trkpt>
		<trkpt lat="34.532531" lon="127.196240">
			<ele>0.00</ele>
			<time>2020-01-20T00:09:44.30Z</time>
		</trkpt>
		<trkpt lat="34.532539" lon="127.196167">
			<ele>0.00</ele>
			<time>2020-01-20T00:09:44.70Z</time>
		</trkpt>
		<trkpt lat="34.532562" lon="127.196065">
			<ele>0.00</ele>
			<time>2020-01-20T00:09:45.28Z</time>
		</trkpt>
		<trkpt lat="34.532584" lon="127.195956">
			<ele>0.00</ele>
			<time>2020-01-20T00:09:45.89Z</time>
		</trkpt>
		<trkpt lat="34.532586" lon="127.195847">
			<ele>0.00</ele>
			<time>2020-01-20T00:09:46.50Z</time>
		</trkpt>
		<trkpt lat="34.532598" lon="127.195732">
			<ele>0.00</ele>
			<time>2020-01-20T00:09:47.13Z</time>
		</trkpt>
		<trkpt lat="34.532609" lon="127.195648">
			<ele>0.00</ele>
			<time>2020-01-20T00:09:47.60Z</time>
		</trkpt>
		<trkpt lat="34.532604" lon="127.195577">
			<ele>0.00</ele>
			<time>2020-01-20T00:09:47.99Z</time>
		</trkpt>
		<trkpt lat="34.532598" lon="127.195507">
			<ele>0.00</ele>
			<time>2020-01-20T00:09:48.38Z</time>
		</trkpt>
		<trkpt lat="34.532623" lon="127.195455">
			<ele>0.00</ele>
			<time>2020-01-20T00:09:48.71Z</time>
		</trkpt>
		<trkpt lat="34.532694" lon="127.195416">
			<ele>0.00</ele>
			<time>2020-01-20T00:09:49.23Z</time>
		</trkpt>
		<trkpt lat="34.532769" lon="127.195414">
			<ele>0.00</ele>
			<time>2020-01-20T00:09:49.72Z</time>
		</trkpt>
		<trkpt lat="34.532844" lon="127.195429">
			<ele>0.00</ele>
			<time>2020-01-20T00:09:50.23Z</time>
		</trkpt>
		<trkpt lat="34.532908" lon="127.195444">
			<ele>0.00</ele>
			<time>2020-01-20T00:09:50.66Z</time>
		</trkpt>
		<trkpt lat="34.532934" lon="127.195444">
			<ele>0.00</ele>
			<time>2020-01-20T00:09:50.84Z</time>
		</trkpt>
		<trkpt lat="34.532948" lon="127.195399">
			<ele>0.00</ele>
			<time>2020-01-20T00:09:51.11Z</time>
		</trkpt>
		<trkpt lat="34.532947" lon="127.195328">
			<ele>0.00</ele>
			<time>2020-01-20T00:09:51.50Z</time>
		</trkpt>
		<trkpt lat="34.532940" lon="127.195266">
			<ele>0.00</ele>
			<time>2020-01-20T00:09:51.84Z</time>
		</trkpt>
		<trkpt lat="34.532924" lon="127.195173">
			<ele>0.00</ele>
			<time>2020-01-20T00:09:52.36Z</time>
		</trkpt>
		<trkpt lat="34.532911" lon="127.195069">
			<ele>0.00</ele>
			<time>2020-01-20T00:09:52.94Z</time>
		</trkpt>
		<trkpt lat="34.532888" lon="127.194931">
			<ele>0.00</ele>
			<time>2020-01-20T00:09:53.71Z</time>
		</trkpt>
		<trkpt lat="34.532868" lon="127.194776">
			<ele>0.00</ele>
			<time>2020-01-20T00:09:54.58Z</time>
		</trkpt>
		<trkpt lat="34.532837" lon="127.194609">
			<ele>0.00</ele>
			<time>2020-01-20T00:09:55.51Z</time>
		</trkpt>
		<trkpt lat="34.532819" lon="127.194509">
			<ele>0.00</ele>
			<time>2020-01-20T00:09:56.08Z</time>
		</trkpt>
		<trkpt lat="34.532804" lon="127.194371">
			<ele>0.00</ele>
			<time>2020-01-20T00:09:56.84Z</time>
		</trkpt>
		<trkpt lat="34.532782" lon="127.194169">
			<ele>0.00</ele>
			<time>2020-01-20T00:09:57.96Z</time>
		</trkpt>
		<trkpt lat="34.532770" lon="127.193941">
			<ele>0.00</ele>
			<time>2020-01-20T00:09:59.22Z</time>
		</trkpt>
		<trkpt lat="34.532759" lon="127.193741">
			<ele>0.00</ele>
			<time>2020-01-20T00:10:00.32Z</time>
		</trkpt>
		<trkpt lat="34.532741" lon="127.193570">
			<ele>0.00</ele>
			<time>2020-01-20T00:10:01.26Z</time>
		</trkpt>
		<trkpt lat="34.532728" lon="127.193366">
			<ele>0.00</ele>
			<time>2020-01-20T00:10:02.39Z</time>
		</trkpt>
		<trkpt lat="34.532706" lon="127.193150">
			<ele>0.00</ele>
			<time>2020-01-20T00:10:03.58Z</time>
		</trkpt>
		<trkpt lat="34.532691" lon="127.192931">
			<ele>0.00</ele>
			<time>2020-01-20T00:10:04.79Z</time>
		</trkpt>
		<trkpt lat="34.532679" lon="127.192729">
			<ele>0.00</ele>
			<time>2020-01-20T00:10:05.90Z</time>
		</trkpt>
		<trkpt lat="34.532663" lon="127.192480">
			<ele>0.00</ele>
			<time>2020-01-20T00:10:07.27Z</time>
		</trkpt>
		<trkpt lat="34.532650" lon="127.192298">
			<ele>0.00</ele>
			<time>2020-01-20T00:10:08.27Z</time>
		</trkpt>
		<trkpt lat="34.532633" lon="127.192112">
			<ele>0.00</ele>
			<time>2020-01-20T00:10:09.30Z</time>
		</trkpt>
		<trkpt lat="34.532615" lon="127.191901">
			<ele>0.00</ele>
			<time>2020-01-20T00:10:10.47Z</time>
		</trkpt>
		<trkpt lat="34.532599" lon="127.191701">
			<ele>0.00</ele>
			<time>2020-01-20T00:10:11.57Z</time>
		</trkpt>
		<trkpt lat="34.532590" lon="127.191530">
			<ele>0.00</ele>
			<time>2020-01-20T00:10:12.51Z</time>
		</trkpt>
		<trkpt lat="34.532570" lon="127.191319">
			<ele>0.00</ele>
			<time>2020-01-20T00:10:13.68Z</time>
		</trkpt>
		<trkpt lat="34.532555" lon="127.191115">
			<ele>0.00</ele>
			<time>2020-01-20T00:10:14.81Z</time>
		</trkpt>
		<trkpt lat="34.532544" lon="127.190951">
			<ele>0.00</ele>
			<time>2020-01-20T00:10:15.71Z</time>
		</trkpt>
		<trkpt lat="34.532532" lon="127.190717">
			<ele>0.00</ele>
			<time>2020-01-20T00:10:16.99Z</time>
		</trkpt>
		<trkpt lat="34.532512" lon="127.190512">
			<ele>0.00</ele>
			<time>2020-01-20T00:10:18.13Z</time>
		</trkpt>
		<trkpt lat="34.532497" lon="127.190299">
			<ele>0.00</ele>
			<time>2020-01-20T00:10:19.30Z</time>
		</trkpt>
		<trkpt lat="34.532484" lon="127.190162">
			<ele>0.00</ele>
			<time>2020-01-20T00:10:20.06Z</time>
		</trkpt>
		<trkpt lat="34.532474" lon="127.189906">
			<ele>0.00</ele>
			<time>2020-01-20T00:10:21.47Z</time>
		</trkpt>
		<trkpt lat="34.532460" lon="127.189686">
			<ele>0.00</ele>
			<time>2020-01-20T00:10:22.68Z</time>
		</trkpt>
		<trkpt lat="34.532446" lon="127.189449">
			<ele>0.00</ele>
			<time>2020-01-20T00:10:23.99Z</time>
		</trkpt>
		<trkpt lat="34.532420" lon="127.189200">
			<ele>0.00</ele>
			<time>2020-01-20T00:10:25.36Z</time>
		</trkpt>
		<trkpt lat="34.532409" lon="127.189002">
			<ele>0.00</ele>
			<time>2020-01-20T00:10:26.45Z</time>
		</trkpt>
		<trkpt lat="34.532390" lon="127.188787">
			<ele>0.00</ele>
			<time>2020-01-20T00:10:27.64Z</time>
		</trkpt>
		<trkpt lat="34.532380" lon="127.188643">
			<ele>0.00</ele>
			<time>2020-01-20T00:10:28.44Z</time>
		</trkpt>
		<trkpt lat="34.532364" lon="127.188483">
			<ele>0.00</ele>
			<time>2020-01-20T00:10:29.32Z</time>
		</trkpt>
		<trkpt lat="34.532355" lon="127.188296">
			<ele>0.00</ele>
			<time>2020-01-20T00:10:30.35Z</time>
		</trkpt>
		<trkpt lat="34.532340" lon="127.188117">
			<ele>0.00</ele>
			<time>2020-01-20T00:10:31.34Z</time>
		</trkpt>
		<trkpt lat="34.532331" lon="127.187979">
			<ele>0.00</ele>
			<time>2020-01-20T00:10:32.10Z</time>
		</trkpt>
		<trkpt lat="34.532322" lon="127.187819">
			<ele>0.00</ele>
			<time>2020-01-20T00:10:32.98Z</time>
		</trkpt>
		<trkpt lat="34.532302" lon="127.187664">
			<ele>0.00</ele>
			<time>2020-01-20T00:10:33.84Z</time>
		</trkpt>
		<trkpt lat="34.532293" lon="127.187446">
			<ele>0.00</ele>
			<time>2020-01-20T00:10:35.04Z</time>
		</trkpt>
		<trkpt lat="34.532273" lon="127.187213">
			<ele>0.00</ele>
			<time>2020-01-20T00:10:36.32Z</time>
		</trkpt>
		<trkpt lat="34.532264" lon="127.187049">
			<ele>0.00</ele>
			<time>2020-01-20T00:10:37.23Z</time>
		</trkpt>
		<trkpt lat="34.532249" lon="127.186889">
			<ele>0.00</ele>
			<time>2020-01-20T00:10:38.11Z</time>
		</trkpt>
		<trkpt lat="34.532230" lon="127.186689">
			<ele>0.00</ele>
			<time>2020-01-20T00:10:39.22Z</time>
		</trkpt>
		<trkpt lat="34.532222" lon="127.186512">
			<ele>0.00</ele>
			<time>2020-01-20T00:10:40.19Z</time>
		</trkpt>
		<trkpt lat="34.532204" lon="127.186323">
			<ele>0.00</ele>
			<time>2020-01-20T00:10:41.24Z</time>
		</trkpt>
		<trkpt lat="34.532191" lon="127.186134">
			<ele>0.00</ele>
			<time>2020-01-20T00:10:42.28Z</time>
		</trkpt>
		<trkpt lat="34.532188" lon="127.186019">
			<ele>0.00</ele>
			<time>2020-01-20T00:10:42.91Z</time>
		</trkpt>
		<trkpt lat="34.532179" lon="127.185899">
			<ele>0.00</ele>
			<time>2020-01-20T00:10:43.57Z</time>
		</trkpt>
		<trkpt lat="34.532166" lon="127.185762">
			<ele>0.00</ele>
			<time>2020-01-20T00:10:44.33Z</time>
		</trkpt>
		<trkpt lat="34.532157" lon="127.185650">
			<ele>0.00</ele>
			<time>2020-01-20T00:10:44.95Z</time>
		</trkpt>
		<trkpt lat="34.532159" lon="127.185596">
			<ele>0.00</ele>
			<time>2020-01-20T00:10:45.24Z</time>
		</trkpt>
		<trkpt lat="34.532139" lon="127.185559">
			<ele>0.00</ele>
			<time>2020-01-20T00:10:45.49Z</time>
		</trkpt>
		<trkpt lat="34.532117" lon="127.185550">
			<ele>0.00</ele>
			<time>2020-01-20T00:10:45.64Z</time>
		</trkpt>
		<trkpt lat="34.532064" lon="127.185543">
			<ele>0.00</ele>
			<time>2020-01-20T00:10:46Z</time>
		</trkpt>
		<trkpt lat="34.532007" lon="127.185547">
			<ele>0.00</ele>
			<time>2020-01-20T00:10:46.38Z</time>
		</trkpt>
		<trkpt lat="34.531961" lon="127.185552">
			<ele>0.00</ele>
			<time>2020-01-20T00:10:46.68Z</time>
		</trkpt>
		<trkpt lat="34.531963" lon="127.185551">
			<ele>0.00</ele>
			<time>2020-01-20T00:10:46.74Z</time>
		</trkpt>
		<trkpt lat="34.531934" lon="127.185556">
			<ele>0.00</ele>
			<time>2020-01-20T00:10:46.93Z</time>
		</trkpt>
		<trkpt lat="34.531906" lon="127.185556">
			<ele>0.00</ele>
			<time>2020-01-20T00:10:47.12Z</time>
		</trkpt>
		<trkpt lat="34.531885" lon="127.185556">
			<ele>0.00</ele>
			<time>2020-01-20T00:10:47.26Z</time>
		</trkpt>
		<trkpt lat="34.531880" lon="127.185545">
			<ele>0.00</ele>
			<time>2020-01-20T00:10:47.33Z</time>
		</trkpt>
		<trkpt lat="34.531871" lon="127.185490">
			<ele>0.00</ele>
			<time>2020-01-20T00:10:47.64Z</time>
		</trkpt>
		<trkpt lat="34.531865" lon="127.185430">
			<ele>0.00</ele>
			<time>2020-01-20T00:10:47.97Z</time>
		</trkpt>
		<trkpt lat="34.531846" lon="127.185304">
			<ele>0.00</ele>
			<time>2020-01-20T00:10:48.67Z</time>
		</trkpt>
		<trkpt lat="34.531832" lon="127.185164">
			<ele>0.00</ele>
			<time>2020-01-20T00:10:49.45Z</time>
		</trkpt>
		<trkpt lat="34.531815" lon="127.185027">
			<ele>0.00</ele>
			<time>2020-01-20T00:10:50.21Z</time>
		</trkpt>
		<trkpt lat="34.531797" lon="127.184904">
			<ele>0.00</ele>
			<time>2020-01-20T00:10:50.90Z</time>
		</trkpt>
		<trkpt lat="34.531780" lon="127.184752">
			<ele>0.00</ele>
			<time>2020-01-20T00:10:51.74Z</time>
		</trkpt>
		<trkpt lat="34.531767" lon="127.184593">
			<ele>0.00</ele>
			<time>2020-01-20T00:10:52.62Z</time>
		</trkpt>
		<trkpt lat="34.531754" lon="127.184412">
			<ele>0.00</ele>
			<time>2020-01-20T00:10:53.62Z</time>
		</trkpt>
		<trkpt lat="34.531744" lon="127.184234">
			<ele>0.00</ele>
			<time>2020-01-20T00:10:54.60Z</time>
		</trkpt>
		<trkpt lat="34.531731" lon="127.184059">
			<ele>0.00</ele>
			<time>2020-01-20T00:10:55.56Z</time>
		</trkpt>
		<trkpt lat="34.531721" lon="127.183916">
			<ele>0.00</ele>
			<time>2020-01-20T00:10:56.35Z</time>
		</trkpt>
		<trkpt lat="34.531710" lon="127.183731">
			<ele>0.00</ele>
			<time>2020-01-20T00:10:57.36Z</time>
		</trkpt>
		<trkpt lat="34.531701" lon="127.183551">
			<ele>0.00</ele>
			<time>2020-01-20T00:10:58.36Z</time>
		</trkpt>
		<trkpt lat="34.531695" lon="127.183404">
			<ele>0.00</ele>
			<time>2020-01-20T00:10:59.17Z</time>
		</trkpt>
		<trkpt lat="34.531683" lon="127.183253">
			<ele>0.00</ele>
			<time>2020-01-20T00:11:00Z</time>
		</trkpt>
		<trkpt lat="34.531680" lon="127.183134">
			<ele>0.00</ele>
			<time>2020-01-20T00:11:00.65Z</time>
		</trkpt>
		<trkpt lat="34.531675" lon="127.182993">
			<ele>0.00</ele>
			<time>2020-01-20T00:11:01.43Z</time>
		</trkpt>
		<trkpt lat="34.531670" lon="127.182800">
			<ele>0.00</ele>
			<time>2020-01-20T00:11:02.49Z</time>
		</trkpt>
		<trkpt lat="34.531665" lon="127.182600">
			<ele>0.00</ele>
			<time>2020-01-20T00:11:03.59Z</time>
		</trkpt>
		<trkpt lat="34.531661" lon="127.182441">
			<ele>0.00</ele>
			<time>2020-01-20T00:11:04.46Z</time>
		</trkpt>
		<trkpt lat="34.531649" lon="127.182196">
			<ele>0.00</ele>
			<time>2020-01-20T00:11:05.81Z</time>
		</trkpt>
		<trkpt lat="34.531634" lon="127.182005">
			<ele>0.00</ele>
			<time>2020-01-20T00:11:06.86Z</time>
		</trkpt>
		<trkpt lat="34.531616" lon="127.181796">
			<ele>0.00</ele>
			<time>2020-01-20T00:11:08.02Z</time>
		</trkpt>
		<trkpt lat="34.531593" lon="127.181569">
			<ele>0.00</ele>
			<time>2020-01-20T00:11:09.27Z</time>
		</trkpt>
		<trkpt lat="34.531577" lon="127.181371">
			<ele>0.00</ele>
			<time>2020-01-20T00:11:10.37Z</time>
		</trkpt>
		<trkpt lat="34.531557" lon="127.181174">
			<ele>0.00</ele>
			<time>2020-01-20T00:11:11.46Z</time>
		</trkpt>
		<trkpt lat="34.531542" lon="127.181007">
			<ele>0.00</ele>
			<time>2020-01-20T00:11:12.38Z</time>
		</trkpt>
		<trkpt lat="34.531529" lon="127.180854">
			<ele>0.00</ele>
			<time>2020-01-20T00:11:13.22Z</time>
		</trkpt>
		<trkpt lat="34.531517" lon="127.180693">
			<ele>0.00</ele>
			<time>2020-01-20T00:11:14.11Z</time>
		</trkpt>
		<trkpt lat="34.531507" lon="127.180486">
			<ele>0.00</ele>
			<time>2020-01-20T00:11:15.25Z</time>
		</trkpt>
		<trkpt lat="34.531507" lon="127.180314">
			<ele>0.00</ele>
			<time>2020-01-20T00:11:16.19Z</time>
		</trkpt>
		<trkpt lat="34.531503" lon="127.180102">
			<ele>0.00</ele>
			<time>2020-01-20T00:11:17.36Z</time>
		</trkpt>
		<trkpt lat="34.531503" lon="127.179937">
			<ele>0.00</ele>
			<time>2020-01-20T00:11:18.26Z</time>
		</trkpt>
		<trkpt lat="34.531505" lon="127.179742">
			<ele>0.00</ele>
			<time>2020-01-20T00:11:19.34Z</time>
		</trkpt>
		<trkpt lat="34.531512" lon="127.179625">
			<ele>0.00</ele>
			<time>2020-01-20T00:11:19.98Z</time>
		</trkpt>
		<trkpt lat="34.531529" lon="127.179436">
			<ele>0.00</ele>
			<time>2020-01-20T00:11:21.02Z</time>
		</trkpt>
		<trkpt lat="34.531540" lon="127.179285">
			<ele>0.00</ele>
			<time>2020-01-20T00:11:21.86Z</time>
		</trkpt>
		<trkpt lat="34.531540" lon="127.179171">
			<ele>0.00</ele>
			<time>2020-01-20T00:11:22.48Z</time>
		</trkpt>
		<trkpt lat="34.531546" lon="127.179027">
			<ele>0.00</ele>
			<time>2020-01-20T00:11:23.28Z</time>
		</trkpt>
		<trkpt lat="34.531557" lon="127.178887">
			<ele>0.00</ele>
			<time>2020-01-20T00:11:24.05Z</time>
		</trkpt>
		<trkpt lat="34.531561" lon="127.178778">
			<ele>0.00</ele>
			<time>2020-01-20T00:11:24.64Z</time>
		</trkpt>
		<trkpt lat="34.531565" lon="127.178642">
			<ele>0.00</ele>
			<time>2020-01-20T00:11:25.40Z</time>
		</trkpt>
		<trkpt lat="34.531572" lon="127.178523">
			<ele>0.00</ele>
			<time>2020-01-20T00:11:26.05Z</time>
		</trkpt>
		<trkpt lat="34.531581" lon="127.178409">
			<ele>0.00</ele>
			<time>2020-01-20T00:11:26.68Z</time>
		</trkpt>
		<trkpt lat="34.531585" lon="127.178358">
			<ele>0.00</ele>
			<time>2020-01-20T00:11:26.96Z</time>
		</trkpt>
		<trkpt lat="34.531591" lon="127.178289">
			<ele>0.00</ele>
			<time>2020-01-20T00:11:27.34Z</time>
		</trkpt>
		<trkpt lat="34.531594" lon="127.178257">
			<ele>0.00</ele>
			<time>2020-01-20T00:11:27.52Z</time>
		</trkpt>
		<trkpt lat="34.531595" lon="127.178215">
			<ele>0.00</ele>
			<time>2020-01-20T00:11:27.75Z</time>
		</trkpt>
		<trkpt lat="34.531597" lon="127.178195">
			<ele>0.00</ele>
			<time>2020-01-20T00:11:27.86Z</time>
		</trkpt>
		<trkpt lat="34.531596" lon="127.178199">
			<ele>0.00</ele>
			<time>2020-01-20T00:11:27.92Z</time>
		</trkpt>
		<trkpt lat="34.531589" lon="127.178193">
			<ele>0.00</ele>
			<time>2020-01-20T00:11:27.98Z</time>
		</trkpt>
		<trkpt lat="34.531570" lon="127.178175">
			<ele>0.00</ele>
			<time>2020-01-20T00:11:28.14Z</time>
		</trkpt>
		<trkpt lat="34.531547" lon="127.178170">
			<ele>0.00</ele>
			<time>2020-01-20T00:11:28.29Z</time>
		</trkpt>
		<trkpt lat="34.531516" lon="127.178185">
			<ele>0.00</ele>
			<time>2020-01-20T00:11:28.52Z</time>
		</trkpt>
		<trkpt lat="34.531439" lon="127.178230">
			<ele>0.00</ele>
			<time>2020-01-20T00:11:29.09Z</time>
		</trkpt>
		<trkpt lat="34.531359" lon="127.178282">
			<ele>0.00</ele>
			<time>2020-01-20T00:11:29.69Z</time>
		</trkpt>
		<trkpt lat="34.531309" lon="127.178306">
			<ele>0.00</ele>
			<time>2020-01-20T00:11:30.05Z</time>
		</trkpt>
		<trkpt lat="34.531227" lon="127.178322">
			<ele>0.00</ele>
			<time>2020-01-20T00:11:30.60Z</time>
		</trkpt>
		<trkpt lat="34.531114" lon="127.178322">
			<ele>0.00</ele>
			<time>2020-01-20T00:11:31.36Z</time>
		</trkpt>
		<trkpt lat="34.531033" lon="127.178278">
			<ele>0.00</ele>
			<time>2020-01-20T00:11:31.95Z</time>
		</trkpt>
		<trkpt lat="34.530948" lon="127.178222">
			<ele>0.00</ele>
			<time>2020-01-20T00:11:32.60Z</time>
		</trkpt>
		<trkpt lat="34.530887" lon="127.178168">
			<ele>0.00</ele>
			<time>2020-01-20T00:11:33.10Z</time>
		</trkpt>
		<trkpt lat="34.530827" lon="127.178140">
			<ele>0.00</ele>
			<time>2020-01-20T00:11:33.53Z</time>
		</trkpt>
		<trkpt lat="34.530764" lon="127.178096">
			<ele>0.00</ele>
			<time>2020-01-20T00:11:34.01Z</time>
		</trkpt>
		<trkpt lat="34.530684" lon="127.178059">
			<ele>0.00</ele>
			<time>2020-01-20T00:11:34.58Z</time>
		</trkpt>
		<trkpt lat="34.530631" lon="127.178051">
			<ele>0.00</ele>
			<time>2020-01-20T00:11:34.94Z</time>
		</trkpt>
		<trkpt lat="34.530574" lon="127.178015">
			<ele>0.00</ele>
			<time>2020-01-20T00:11:35.37Z</time>
		</trkpt>
		<trkpt lat="34.530521" lon="127.177960">
			<ele>0.00</ele>
			<time>2020-01-20T00:11:35.83Z</time>
		</trkpt>
		<trkpt lat="34.530466" lon="127.177880">
			<ele>0.00</ele>
			<time>2020-01-20T00:11:36.40Z</time>
		</trkpt>
		<trkpt lat="34.530411" lon="127.177785">
			<ele>0.00</ele>
			<time>2020-01-20T00:11:37.04Z</time>
		</trkpt>
		<trkpt lat="34.530380" lon="127.177716">
			<ele>0.00</ele>
			<time>2020-01-20T00:11:37.47Z</time>
		</trkpt>
		<trkpt lat="34.530332" lon="127.177623">
			<ele>0.00</ele>
			<time>2020-01-20T00:11:38.07Z</time>
		</trkpt>
		<trkpt lat="34.530288" lon="127.177526">
			<ele>0.00</ele>
			<time>2020-01-20T00:11:38.68Z</time>
		</trkpt>
		<trkpt lat="34.530260" lon="127.177464">
			<ele>0.00</ele>
			<time>2020-01-20T00:11:39.07Z</time>
		</trkpt>
		<trkpt lat="34.530206" lon="127.177353">
			<ele>0.00</ele>
			<time>2020-01-20T00:11:39.78Z</time>
		</trkpt>
		<trkpt lat="34.530152" lon="127.177240">
			<ele>0.00</ele>
			<time>2020-01-20T00:11:40.50Z</time>
		</trkpt>
		<trkpt lat="34.530080" lon="127.177119">
			<ele>0.00</ele>
			<time>2020-01-20T00:11:41.31Z</time>
		</trkpt>
		<trkpt lat="34.529974" lon="127.176926">
			<ele>0.00</ele>
			<time>2020-01-20T00:11:42.59Z</time>
		</trkpt>
		<trkpt lat="34.529925" lon="127.176840">
			<ele>0.00</ele>
			<time>2020-01-20T00:11:43.17Z</time>
		</trkpt>
		<trkpt lat="34.529872" lon="127.176723">
			<ele>0.00</ele>
			<time>2020-01-20T00:11:43.90Z</time>
		</trkpt>
		<trkpt lat="34.529782" lon="127.176602">
			<ele>0.00</ele>
			<time>2020-01-20T00:11:44.79Z</time>
		</trkpt>
		<trkpt lat="34.529725" lon="127.176495">
			<ele>0.00</ele>
			<time>2020-01-20T00:11:45.49Z</time>
		</trkpt>
		<trkpt lat="34.529649" lon="127.176380">
			<ele>0.00</ele>
			<time>2020-01-20T00:11:46.30Z</time>
		</trkpt>
		<trkpt lat="34.529576" lon="127.176267">
			<ele>0.00</ele>
			<time>2020-01-20T00:11:47.09Z</time>
		</trkpt>
		<trkpt lat="34.529491" lon="127.176154">
			<ele>0.00</ele>
			<time>2020-01-20T00:11:47.93Z</time>
		</trkpt>
		<trkpt lat="34.529410" lon="127.176032">
			<ele>0.00</ele>
			<time>2020-01-20T00:11:48.79Z</time>
		</trkpt>
		<trkpt lat="34.529330" lon="127.175915">
			<ele>0.00</ele>
			<time>2020-01-20T00:11:49.63Z</time>
		</trkpt>
		<trkpt lat="34.529252" lon="127.175814">
			<ele>0.00</ele>
			<time>2020-01-20T00:11:50.39Z</time>
		</trkpt>
		<trkpt lat="34.529182" lon="127.175723">
			<ele>0.00</ele>
			<time>2020-01-20T00:11:51.07Z</time>
		</trkpt>
		<trkpt lat="34.529097" lon="127.175620">
			<ele>0.00</ele>
			<time>2020-01-20T00:11:51.87Z</time>
		</trkpt>
		<trkpt lat="34.528997" lon="127.175521">
			<ele>0.00</ele>
			<time>2020-01-20T00:11:52.73Z</time>
		</trkpt>
		<trkpt lat="34.528957" lon="127.175470">
			<ele>0.00</ele>
			<time>2020-01-20T00:11:53.12Z</time>
		</trkpt>
		<trkpt lat="34.528917" lon="127.175415">
			<ele>0.00</ele>
			<time>2020-01-20T00:11:53.52Z</time>
		</trkpt>
		<trkpt lat="34.528866" lon="127.175349">
			<ele>0.00</ele>
			<time>2020-01-20T00:11:54.02Z</time>
		</trkpt>
		<trkpt lat="34.528821" lon="127.175296">
			<ele>0.00</ele>
			<time>2020-01-20T00:11:54.44Z</time>
		</trkpt>
		<trkpt lat="34.528791" lon="127.175262">
			<ele>0.00</ele>
			<time>2020-01-20T00:11:54.71Z</time>
		</trkpt>
		<trkpt lat="34.528777" lon="127.175218">
			<ele>0.00</ele>
			<time>2020-01-20T00:11:54.97Z</time>
		</trkpt>
		<trkpt lat="34.528777" lon="127.175165">
			<ele>0.00</ele>
			<time>2020-01-20T00:11:55.26Z</time>
		</trkpt>
		<trkpt lat="34.528802" lon="127.175105">
			<ele>0.00</ele>
			<time>2020-01-20T00:11:55.63Z</time>
		</trkpt>
		<trkpt lat="34.528851" lon="127.175026">
			<ele>0.00</ele>
			<time>2020-01-20T00:11:56.17Z</time>
		</trkpt>
		<trkpt lat="34.528897" lon="127.174947">
			<ele>0.00</ele>
			<time>2020-01-20T00:11:56.70Z</time>
		</trkpt>
		<trkpt lat="34.528940" lon="127.174873">
			<ele>0.00</ele>
			<time>2020-01-20T00:11:57.20Z</time>
		</trkpt>
		<trkpt lat="34.528989" lon="127.174782">
			<ele>0.00</ele>
			<time>2020-01-20T00:11:57.80Z</time>
		</trkpt>
		<trkpt lat="34.529004" lon="127.174740">
			<ele>0.00</ele>
			<time>2020-01-20T00:11:58.05Z</time>
		</trkpt>
		<trkpt lat="34.529017" lon="127.174657">
			<ele>0.00</ele>
			<time>2020-01-20T00:11:58.51Z</time>
		</trkpt>
		<trkpt lat="34.529010" lon="127.174576">
			<ele>0.00</ele>
			<time>2020-01-20T00:11:58.96Z</time>
		</trkpt>
		<trkpt lat="34.528999" lon="127.174445">
			<ele>0.00</ele>
			<time>2020-01-20T00:11:59.68Z</time>
		</trkpt>
		<trkpt lat="34.528984" lon="127.174304">
			<ele>0.00</ele>
			<time>2020-01-20T00:12:00.46Z</time>
		</trkpt>
		<trkpt lat="34.528965" lon="127.174150">
			<ele>0.00</ele>
			<time>2020-01-20T00:12:01.31Z</time>
		</trkpt>
		<trkpt lat="34.528942" lon="127.173981">
			<ele>0.00</ele>
			<time>2020-01-20T00:12:02.26Z</time>
		</trkpt>
		<trkpt lat="34.528924" lon="127.173817">
			<ele>0.00</ele>
			<time>2020-01-20T00:12:03.16Z</time>
		</trkpt>
		<trkpt lat="34.528904" lon="127.173658">
			<ele>0.00</ele>
			<time>2020-01-20T00:12:04.05Z</time>
		</trkpt>
		<trkpt lat="34.528891" lon="127.173533">
			<ele>0.00</ele>
			<time>2020-01-20T00:12:04.74Z</time>
		</trkpt>
		<trkpt lat="34.528878" lon="127.173442">
			<ele>0.00</ele>
			<time>2020-01-20T00:12:05.25Z</time>
		</trkpt>
		<trkpt lat="34.528876" lon="127.173345">
			<ele>0.00</ele>
			<time>2020-01-20T00:12:05.78Z</time>
		</trkpt>
		<trkpt lat="34.528871" lon="127.173242">
			<ele>0.00</ele>
			<time>2020-01-20T00:12:06.35Z</time>
		</trkpt>
		<trkpt lat="34.528879" lon="127.173141">
			<ele>0.00</ele>
			<time>2020-01-20T00:12:06.91Z</time>
		</trkpt>
		<trkpt lat="34.528892" lon="127.173073">
			<ele>0.00</ele>
			<time>2020-01-20T00:12:07.29Z</time>
		</trkpt>
		<trkpt lat="34.528926" lon="127.172972">
			<ele>0.00</ele>
			<time>2020-01-20T00:12:07.89Z</time>
		</trkpt>
		<trkpt lat="34.528947" lon="127.172903">
			<ele>0.00</ele>
			<time>2020-01-20T00:12:08.29Z</time>
		</trkpt>
		<trkpt lat="34.528967" lon="127.172831">
			<ele>0.00</ele>
			<time>2020-01-20T00:12:08.71Z</time>
		</trkpt>
		<trkpt lat="34.528991" lon="127.172766">
			<ele>0.00</ele>
			<time>2020-01-20T00:12:09.10Z</time>
		</trkpt>
		<trkpt lat="34.529004" lon="127.172683">
			<ele>0.00</ele>
			<time>2020-01-20T00:12:09.56Z</time>
		</trkpt>
		<trkpt lat="34.529012" lon="127.172621">
			<ele>0.00</ele>
			<time>2020-01-20T00:12:09.91Z</time>
		</trkpt>
		<trkpt lat="34.529019" lon="127.172556">
			<ele>0.00</ele>
			<time>2020-01-20T00:12:10.27Z</time>
		</trkpt>
		<trkpt lat="34.529027" lon="127.172471">
			<ele>0.00</ele>
			<time>2020-01-20T00:12:10.74Z</time>
		</trkpt>
		<trkpt lat="34.529031" lon="127.172375">
			<ele>0.00</ele>
			<time>2020-01-20T00:12:11.27Z</time>
		</trkpt>
		<trkpt lat="34.529034" lon="127.172270">
			<ele>0.00</ele>
			<time>2020-01-20T00:12:11.85Z</time>
		</trkpt>
		<trkpt lat="34.529029" lon="127.172165">
			<ele>0.00</ele>
			<time>2020-01-20T00:12:12.42Z</time>
		</trkpt>
		<trkpt lat="34.529022" lon="127.172020">
			<ele>0.00</ele>
			<time>2020-01-20T00:12:13.22Z</time>
		</trkpt>
		<trkpt lat="34.529016" lon="127.171905">
			<ele>0.00</ele>
			<time>2020-01-20T00:12:13.85Z</time>
		</trkpt>
		<trkpt lat="34.529006" lon="127.171736">
			<ele>0.00</ele>
			<time>2020-01-20T00:12:14.79Z</time>
		</trkpt>
		<trkpt lat="34.529002" lon="127.171592">
			<ele>0.00</ele>
			<time>2020-01-20T00:12:15.57Z</time>
		</trkpt>
		<trkpt lat="34.528991" lon="127.171432">
			<ele>0.00</ele>
			<time>2020-01-20T00:12:16.45Z</time>
		</trkpt>
		<trkpt lat="34.528986" lon="127.171318">
			<ele>0.00</ele>
			<time>2020-01-20T00:12:17.09Z</time>
		</trkpt>
		<trkpt lat="34.528971" lon="127.171215">
			<ele>0.00</ele>
			<time>2020-01-20T00:12:17.66Z</time>
		</trkpt>
		<trkpt lat="34.528958" lon="127.171083">
			<ele>0.00</ele>
			<time>2020-01-20T00:12:18.39Z</time>
		</trkpt>
		<trkpt lat="34.528944" lon="127.170999">
			<ele>0.00</ele>
			<time>2020-01-20T00:12:18.86Z</time>
		</trkpt>
		<trkpt lat="34.528936" lon="127.170940">
			<ele>0.00</ele>
			<time>2020-01-20T00:12:19.19Z</time>
		</trkpt>
		<trkpt lat="34.528928" lon="127.170878">
			<ele>0.00</ele>
			<time>2020-01-20T00:12:19.53Z</time>
		</trkpt>
		<trkpt lat="34.528928" lon="127.170821">
			<ele>0.00</ele>
			<time>2020-01-20T00:12:19.84Z</time>
		</trkpt>
		<trkpt lat="34.528944" lon="127.170722">
			<ele>0.00</ele>
			<time>2020-01-20T00:12:20.40Z</time>
		</trkpt>
		<trkpt lat="34.528971" lon="127.170618">
			<ele>0.00</ele>
			<time>2020-01-20T00:12:21Z</time>
		</trkpt>
		<trkpt lat="34.529001" lon="127.170511">
			<ele>0.00</ele>
			<time>2020-01-20T00:12:21.62Z</time>
		</trkpt>
		<trkpt lat="34.529028" lon="127.170424">
			<ele>0.00</ele>
			<time>2020-01-20T00:12:22.13Z</time>
		</trkpt>
		<trkpt lat="34.529059" lon="127.170349">
			<ele>0.00</ele>
			<time>2020-01-20T00:12:22.59Z</time>
		</trkpt>
		<trkpt lat="34.529091" lon="127.170283">
			<ele>0.00</ele>
			<time>2020-01-20T00:12:23.01Z</time>
		</trkpt>
		<trkpt lat="34.529124" lon="127.170218">
			<ele>0.00</ele>
			<time>2020-01-20T00:12:23.43Z</time>
		</trkpt>
		<trkpt lat="34.529166" lon="127.170141">
			<ele>0.00</ele>
			<time>2020-01-20T00:12:23.93Z</time>
		</trkpt>
		<trkpt lat="34.529207" lon="127.170053">
			<ele>0.00</ele>
			<time>2020-01-20T00:12:24.50Z</time>
		</trkpt>
		<trkpt lat="34.529245" lon="127.169976">
			<ele>0.00</ele>
			<time>2020-01-20T00:12:24.99Z</time>
		</trkpt>
		<trkpt lat="34.529297" lon="127.169885">
			<ele>0.00</ele>
			<time>2020-01-20T00:12:25.59Z</time>
		</trkpt>
		<trkpt lat="34.529351" lon="127.169808">
			<ele>0.00</ele>
			<time>2020-01-20T00:12:26.15Z</time>
		</trkpt>
		<trkpt lat="34.529419" lon="127.169691">
			<ele>0.00</ele>
			<time>2020-01-20T00:12:26.93Z</time>
		</trkpt>
		<trkpt lat="34.529472" lon="127.169600">
			<ele>0.00</ele>
			<time>2020-01-20T00:12:27.55Z</time>
		</trkpt>
		<trkpt lat="34.529527" lon="127.169516">
			<ele>0.00</ele>
			<time>2020-01-20T00:12:28.14Z</time>
		</trkpt>
		<trkpt lat="34.529618" lon="127.169399">
			<ele>0.00</ele>
			<time>2020-01-20T00:12:29.02Z</time>
		</trkpt>
		<trkpt lat="34.529681" lon="127.169316">
			<ele>0.00</ele>
			<time>2020-01-20T00:12:29.64Z</time>
		</trkpt>
		<trkpt lat="34.529741" lon="127.169239">
			<ele>0.00</ele>
			<time>2020-01-20T00:12:30.22Z</time>
		</trkpt>
		<trkpt lat="34.529784" lon="127.169179">
			<ele>0.00</ele>
			<time>2020-01-20T00:12:30.66Z</time>
		</trkpt>
		<trkpt lat="34.529812" lon="127.169133">
			<ele>0.00</ele>
			<time>2020-01-20T00:12:30.98Z</time>
		</trkpt>
		<trkpt lat="34.529822" lon="127.169093">
			<ele>0.00</ele>
			<time>2020-01-20T00:12:31.21Z</time>
		</trkpt>
		<trkpt lat="34.529831" lon="127.169038">
			<ele>0.00</ele>
			<time>2020-01-20T00:12:31.51Z</time>
		</trkpt>
		<trkpt lat="34.529824" lon="127.168944">
			<ele>0.00</ele>
			<time>2020-01-20T00:12:32.03Z</time>
		</trkpt>
		<trkpt lat="34.529796" lon="127.168867">
			<ele>0.00</ele>
			<time>2020-01-20T00:12:32.49Z</time>
		</trkpt>
		<trkpt lat="34.529782" lon="127.168824">
			<ele>0.00</ele>
			<time>2020-01-20T00:12:32.74Z</time>
		</trkpt>
		<trkpt lat="34.529759" lon="127.168774">
			<ele>0.00</ele>
			<time>2020-01-20T00:12:33.06Z</time>
		</trkpt>
		<trkpt lat="34.529737" lon="127.168714">
			<ele>0.00</ele>
			<time>2020-01-20T00:12:33.42Z</time>
		</trkpt>
		<trkpt lat="34.529745" lon="127.168633">
			<ele>0.00</ele>
			<time>2020-01-20T00:12:33.87Z</time>
		</trkpt>
		<trkpt lat="34.529710" lon="127.168528">
			<ele>0.00</ele>
			<time>2020-01-20T00:12:34.49Z</time>
		</trkpt>
		<trkpt lat="34.529651" lon="127.168428">
			<ele>0.00</ele>
			<time>2020-01-20T00:12:35.17Z</time>
		</trkpt>
		<trkpt lat="34.529609" lon="127.168344">
			<ele>0.00</ele>
			<time>2020-01-20T00:12:35.70Z</time>
		</trkpt>
		<trkpt lat="34.529527" lon="127.168239">
			<ele>0.00</ele>
			<time>2020-01-20T00:12:36.50Z</time>
		</trkpt>
		<trkpt lat="34.529445" lon="127.168166">
			<ele>0.00</ele>
			<time>2020-01-20T00:12:37.18Z</time>
		</trkpt>
		<trkpt lat="34.529380" lon="127.168078">
			<ele>0.00</ele>
			<time>2020-01-20T00:12:37.83Z</time>
		</trkpt>
		<trkpt lat="34.529313" lon="127.168023">
			<ele>0.00</ele>
			<time>2020-01-20T00:12:38.37Z</time>
		</trkpt>
		<trkpt lat="34.529266" lon="127.167980">
			<ele>0.00</ele>
			<time>2020-01-20T00:12:38.76Z</time>
		</trkpt>
		<trkpt lat="34.529221" lon="127.167944">
			<ele>0.00</ele>
			<time>2020-01-20T00:12:39.12Z</time>
		</trkpt>
		<trkpt lat="34.529178" lon="127.167918">
			<ele>0.00</ele>
			<time>2020-01-20T00:12:39.44Z</time>
		</trkpt>
		<trkpt lat="34.529126" lon="127.167922">
			<ele>0.00</ele>
			<time>2020-01-20T00:12:39.78Z</time>
		</trkpt>
		<trkpt lat="34.529060" lon="127.167963">
			<ele>0.00</ele>
			<time>2020-01-20T00:12:40.28Z</time>
		</trkpt>
		<trkpt lat="34.528991" lon="127.168013">
			<ele>0.00</ele>
			<time>2020-01-20T00:12:40.82Z</time>
		</trkpt>
		<trkpt lat="34.528888" lon="127.168090">
			<ele>0.00</ele>
			<time>2020-01-20T00:12:41.62Z</time>
		</trkpt>
		<trkpt lat="34.528776" lon="127.168161">
			<ele>0.00</ele>
			<time>2020-01-20T00:12:42.46Z</time>
		</trkpt>
		<trkpt lat="34.528656" lon="127.168233">
			<ele>0.00</ele>
			<time>2020-01-20T00:12:43.35Z</time>
		</trkpt>
		<trkpt lat="34.528530" lon="127.168314">
			<ele>0.00</ele>
			<time>2020-01-20T00:12:44.30Z</time>
		</trkpt>
		<trkpt lat="34.528400" lon="127.168395">
			<ele>0.00</ele>
			<time>2020-01-20T00:12:45.28Z</time>
		</trkpt>
		<trkpt lat="34.528286" lon="127.168472">
			<ele>0.00</ele>
			<time>2020-01-20T00:12:46.15Z</time>
		</trkpt>
		<trkpt lat="34.528174" lon="127.168548">
			<ele>0.00</ele>
			<time>2020-01-20T00:12:47Z</time>
		</trkpt>
		<trkpt lat="34.528050" lon="127.168624">
			<ele>0.00</ele>
			<time>2020-01-20T00:12:47.93Z</time>
		</trkpt>
		<trkpt lat="34.527938" lon="127.168696">
			<ele>0.00</ele>
			<time>2020-01-20T00:12:48.78Z</time>
		</trkpt>
		<trkpt lat="34.527812" lon="127.168768">
			<ele>0.00</ele>
			<time>2020-01-20T00:12:49.70Z</time>
		</trkpt>
		<trkpt lat="34.527667" lon="127.168853">
			<ele>0.00</ele>
			<time>2020-01-20T00:12:50.78Z</time>
		</trkpt>
		<trkpt lat="34.527545" lon="127.168925">
			<ele>0.00</ele>
			<time>2020-01-20T00:12:51.69Z</time>
		</trkpt>
		<trkpt lat="34.527419" lon="127.169001">
			<ele>0.00</ele>
			<time>2020-01-20T00:12:52.62Z</time>
		</trkpt>
		<trkpt lat="34.527273" lon="127.169099">
			<ele>0.00</ele>
			<time>2020-01-20T00:12:53.73Z</time>
		</trkpt>
		<trkpt lat="34.527147" lon="127.169182">
			<ele>0.00</ele>
			<time>2020-01-20T00:12:54.69Z</time>
		</trkpt>
		<trkpt lat="34.527037" lon="127.169249">
			<ele>0.00</ele>
			<time>2020-01-20T00:12:55.51Z</time>
		</trkpt>
		<trkpt lat="34.526935" lon="127.169316">
			<ele>0.00</ele>
			<time>2020-01-20T00:12:56.29Z</time>
		</trkpt>
		<trkpt lat="34.526832" lon="127.169381">
			<ele>0.00</ele>
			<time>2020-01-20T00:12:57.05Z</time>
		</trkpt>
		<trkpt lat="34.526746" lon="127.169440">
			<ele>0.00</ele>
			<time>2020-01-20T00:12:57.72Z</time>
		</trkpt>
		<trkpt lat="34.526651" lon="127.169493">
			<ele>0.00</ele>
			<time>2020-01-20T00:12:58.41Z</time>
		</trkpt>
		<trkpt lat="34.526557" lon="127.169528">
			<ele>0.00</ele>
			<time>2020-01-20T00:12:59.07Z</time>
		</trkpt>
		<trkpt lat="34.526478" lon="127.169552">
			<ele>0.00</ele>
			<time>2020-01-20T00:12:59.61Z</time>
		</trkpt>
		<trkpt lat="34.526415" lon="127.169567">
			<ele>0.00</ele>
			<time>2020-01-20T00:13:00.04Z</time>
		</trkpt>
		<trkpt lat="34.526362" lon="127.169567">
			<ele>0.00</ele>
			<time>2020-01-20T00:13:00.39Z</time>
		</trkpt>
		<trkpt lat="34.526327" lon="127.169542">
			<ele>0.00</ele>
			<time>2020-01-20T00:13:00.66Z</time>
		</trkpt>
		<trkpt lat="34.526297" lon="127.169488">
			<ele>0.00</ele>
			<time>2020-01-20T00:13:01.02Z</time>
		</trkpt>
		<trkpt lat="34.526263" lon="127.169422">
			<ele>0.00</ele>
			<time>2020-01-20T00:13:01.44Z</time>
		</trkpt>
		<trkpt lat="34.526226" lon="127.169354">
			<ele>0.00</ele>
			<time>2020-01-20T00:13:01.90Z</time>
		</trkpt>
		<trkpt lat="34.526194" lon="127.169276">
			<ele>0.00</ele>
			<time>2020-01-20T00:13:02.37Z</time>
		</trkpt>
		<trkpt lat="34.526166" lon="127.169209">
			<ele>0.00</ele>
			<time>2020-01-20T00:13:02.79Z</time>
		</trkpt>
		<trkpt lat="34.526138" lon="127.169140">
			<ele>0.00</ele>
			<time>2020-01-20T00:13:03.21Z</time>
		</trkpt>
		<trkpt lat="34.526115" lon="127.169083">
			<ele>0.00</ele>
			<time>2020-01-20T00:13:03.55Z</time>
		</trkpt>
		<trkpt lat="34.526093" lon="127.169022">
			<ele>0.00</ele>
			<time>2020-01-20T00:13:03.92Z</time>
		</trkpt>
		<trkpt lat="34.526084" lon="127.168991">
			<ele>0.00</ele>
			<time>2020-01-20T00:13:04.10Z</time>
		</trkpt>
		<trkpt lat="34.526077" lon="127.168969">
			<ele>0.00</ele>
			<time>2020-01-20T00:13:04.23Z</time>
		</trkpt>
		<trkpt lat="34.526081" lon="127.168946">
			<ele>0.00</ele>
			<time>2020-01-20T00:13:04.36Z</time>
		</trkpt>
		<trkpt lat="34.526090" lon="127.168919">
			<ele>0.00</ele>
			<time>2020-01-20T00:13:04.52Z</time>
		</trkpt>
		<trkpt lat="34.526118" lon="127.168864">
			<ele>0.00</ele>
			<time>2020-01-20T00:13:04.88Z</time>
		</trkpt>
		<trkpt lat="34.526138" lon="127.168817">
			<ele>0.00</ele>
			<time>2020-01-20T00:13:05.17Z</time>
		</trkpt>
		<trkpt lat="34.526151" lon="127.168777">
			<ele>0.00</ele>
			<time>2020-01-20T00:13:05.40Z</time>
		</trkpt>
		<trkpt lat="34.526160" lon="127.168719">
			<ele>0.00</ele>
			<time>2020-01-20T00:13:05.73Z</time>
		</trkpt>
		<trkpt lat="34.526166" lon="127.168654">
			<ele>0.00</ele>
			<time>2020-01-20T00:13:06.09Z</time>
		</trkpt>
		<trkpt lat="34.526162" lon="127.168587">
			<ele>0.00</ele>
			<time>2020-01-20T00:13:06.46Z</time>
		</trkpt>
		<trkpt lat="34.526148" lon="127.168520">
			<ele>0.00</ele>
			<time>2020-01-20T00:13:06.84Z</time>
		</trkpt>
		<trkpt lat="34.526129" lon="127.168467">
			<ele>0.00</ele>
			<time>2020-01-20T00:13:07.15Z</time>
		</trkpt>
		<trkpt lat="34.526112" lon="127.168424">
			<ele>0.00</ele>
			<time>2020-01-20T00:13:07.42Z</time>
		</trkpt>
		<trkpt lat="34.526089" lon="127.168364">
			<ele>0.00</ele>
			<time>2020-01-20T00:13:07.78Z</time>
		</trkpt>
		<trkpt lat="34.526072" lon="127.168324">
			<ele>0.00</ele>
			<time>2020-01-20T00:13:08.03Z</time>
		</trkpt>
		<trkpt lat="34.526069" lon="127.168311">
			<ele>0.00</ele>
			<time>2020-01-20T00:13:08.10Z</time>
		</trkpt>
		<trkpt lat="34.526071" lon="127.168291">
			<ele>0.00</ele>
			<time>2020-01-20T00:13:08.21Z</time>
		</trkpt>
		<trkpt lat="34.526094" lon="127.168233">
			<ele>0.00</ele>
			<time>2020-01-20T00:13:08.57Z</time>
		</trkpt>
		<trkpt lat="34.526114" lon="127.168192">
			<ele>0.00</ele>
			<time>2020-01-20T00:13:08.83Z</time>
		</trkpt>
		<trkpt lat="34.526130" lon="127.168154">
			<ele>0.00</ele>
			<time>2020-01-20T00:13:09.07Z</time>
		</trkpt>
		<trkpt lat="34.526150" lon="127.168079">
			<ele>0.00</ele>
			<time>2020-01-20T00:13:09.49Z</time>
		</trkpt>
		<trkpt lat="34.526163" lon="127.168025">
			<ele>0.00</ele>
			<time>2020-01-20T00:13:09.80Z</time>
		</trkpt>
		<trkpt lat="34.526166" lon="127.167971">
			<ele>0.00</ele>
			<time>2020-01-20T00:13:10.10Z</time>
		</trkpt>
		<trkpt lat="34.526157" lon="127.167918">
			<ele>0.00</ele>
			<time>2020-01-20T00:13:10.40Z</time>
		</trkpt>
		<trkpt lat="34.526148" lon="127.167882">
			<ele>0.00</ele>
			<time>2020-01-20T00:13:10.61Z</time>
		</trkpt>
		<trkpt lat="34.526121" lon="127.167839">
			<ele>0.00</ele>
			<time>2020-01-20T00:13:10.90Z</time>
		</trkpt>
		<trkpt lat="34.526100" lon="127.167821">
			<ele>0.00</ele>
			<time>2020-01-20T00:13:11.07Z</time>
		</trkpt>
		<trkpt lat="34.526081" lon="127.167788">
			<ele>0.00</ele>
			<time>2020-01-20T00:13:11.29Z</time>
		</trkpt>
		<trkpt lat="34.526050" lon="127.167750">
			<ele>0.00</ele>
			<time>2020-01-20T00:13:11.59Z</time>
		</trkpt>
		<trkpt lat="34.526035" lon="127.167705">
			<ele>0.00</ele>
			<time>2020-01-20T00:13:11.86Z</time>
		</trkpt>
		<trkpt lat="34.526035" lon="127.167641">
			<ele>0.00</ele>
			<time>2020-01-20T00:13:12.21Z</time>
		</trkpt>
		<trkpt lat="34.526056" lon="127.167562">
			<ele>0.00</ele>
			<time>2020-01-20T00:13:12.67Z</time>
		</trkpt>
		<trkpt lat="34.526078" lon="127.167476">
			<ele>0.00</ele>
			<time>2020-01-20T00:13:13.16Z</time>
		</trkpt>
		<trkpt lat="34.526105" lon="127.167395">
			<ele>0.00</ele>
			<time>2020-01-20T00:13:13.64Z</time>
		</trkpt>
		<trkpt lat="34.526135" lon="127.167292">
			<ele>0.00</ele>
			<time>2020-01-20T00:13:14.24Z</time>
		</trkpt>
		<trkpt lat="34.526162" lon="127.167206">
			<ele>0.00</ele>
			<time>2020-01-20T00:13:14.75Z</time>
		</trkpt>
		<trkpt lat="34.526187" lon="127.167124">
			<ele>0.00</ele>
			<time>2020-01-20T00:13:15.23Z</time>
		</trkpt>
		<trkpt lat="34.526214" lon="127.167041">
			<ele>0.00</ele>
			<time>2020-01-20T00:13:15.72Z</time>
		</trkpt>
		<trkpt lat="34.526234" lon="127.166975">
			<ele>0.00</ele>
			<time>2020-01-20T00:13:16.10Z</time>
		</trkpt>
		<trkpt lat="34.526251" lon="127.166910">
			<ele>0.00</ele>
			<time>2020-01-20T00:13:16.48Z</time>
		</trkpt>
		<trkpt lat="34.526271" lon="127.166816">
			<ele>0.00</ele>
			<time>2020-01-20T00:13:17.01Z</time>
		</trkpt>
		<trkpt lat="34.526277" lon="127.166684">
			<ele>0.00</ele>
			<time>2020-01-20T00:13:17.74Z</time>
		</trkpt>
		<trkpt lat="34.526274" lon="127.166571">
			<ele>0.00</ele>
			<time>2020-01-20T00:13:18.35Z</time>
		</trkpt>
		<trkpt lat="34.526268" lon="127.166460">
			<ele>0.00</ele>
			<time>2020-01-20T00:13:18.97Z</time>
		</trkpt>
		<trkpt lat="34.526242" lon="127.166351">
			<ele>0.00</ele>
			<time>2020-01-20T00:13:19.59Z</time>
		</trkpt>
		<trkpt lat="34.526211" lon="127.166260">
			<ele>0.00</ele>
			<time>2020-01-20T00:13:20.13Z</time>
		</trkpt>
		<trkpt lat="34.526183" lon="127.166183">
			<ele>0.00</ele>
			<time>2020-01-20T00:13:20.59Z</time>
		</trkpt>
		<trkpt lat="34.526168" lon="127.166129">
			<ele>0.00</ele>
			<time>2020-01-20T00:13:20.91Z</time>
		</trkpt>
		<trkpt lat="34.526150" lon="127.166074">
			<ele>0.00</ele>
			<time>2020-01-20T00:13:21.23Z</time>
		</trkpt>
		<trkpt lat="34.526103" lon="127.165976">
			<ele>0.00</ele>
			<time>2020-01-20T00:13:21.86Z</time>
		</trkpt>
		<trkpt lat="34.526104" lon="127.165976">
			<ele>0.00</ele>
			<time>2020-01-20T00:13:21.92Z</time>
		</trkpt>
		<trkpt lat="34.526049" lon="127.165998">
			<ele>0.00</ele>
			<time>2020-01-20T00:13:22.30Z</time>
		</trkpt>
		<trkpt lat="34.526043" lon="127.165987">
			<ele>0.00</ele>
			<time>2020-01-20T00:13:22.38Z</time>
		</trkpt>
		<trkpt lat="34.526030" lon="127.165941">
			<ele>0.00</ele>
			<time>2020-01-20T00:13:22.64Z</time>
		</trkpt>
		<trkpt lat="34.526015" lon="127.165904">
			<ele>0.00</ele>
			<time>2020-01-20T00:13:22.87Z</time>
		</trkpt>
		<trkpt lat="34.525998" lon="127.165853">
			<ele>0.00</ele>
			<time>2020-01-20T00:13:23.17Z</time>
		</trkpt>
		<trkpt lat="34.525980" lon="127.165788">
			<ele>0.00</ele>
			<time>2020-01-20T00:13:23.55Z</time>
		</trkpt>
		<trkpt lat="34.525961" lon="127.165724">
			<ele>0.00</ele>
			<time>2020-01-20T00:13:23.92Z</time>
		</trkpt>
		<trkpt lat="34.525947" lon="127.165673">
			<ele>0.00</ele>
			<time>2020-01-20T00:13:24.22Z</time>
		</trkpt>
		<trkpt lat="34.525913" lon="127.165559">
			<ele>0.00</ele>
			<time>2020-01-20T00:13:24.88Z</time>
		</trkpt>
		<trkpt lat="34.525877" lon="127.165452">
			<ele>0.00</ele>
			<time>2020-01-20T00:13:25.52Z</time>
		</trkpt>
		<trkpt lat="34.525839" lon="127.165338">
			<ele>0.00</ele>
			<time>2020-01-20T00:13:26.19Z</time>
		</trkpt>
		<trkpt lat="34.525807" lon="127.165224">
			<ele>0.00</ele>
			<time>2020-01-20T00:13:26.85Z</time>
		</trkpt>
		<trkpt lat="34.525762" lon="127.165094">
			<ele>0.00</ele>
			<time>2020-01-20T00:13:27.63Z</time>
		</trkpt>
		<trkpt lat="34.525714" lon="127.164928">
			<ele>0.00</ele>
			<time>2020-01-20T00:13:28.60Z</time>
		</trkpt>
		<trkpt lat="34.525667" lon="127.164783">
			<ele>0.00</ele>
			<time>2020-01-20T00:13:29.45Z</time>
		</trkpt>
		<trkpt lat="34.525646" lon="127.164685">
			<ele>0.00</ele>
			<time>2020-01-20T00:13:30.01Z</time>
		</trkpt>
		<trkpt lat="34.525626" lon="127.164620">
			<ele>0.00</ele>
			<time>2020-01-20T00:13:30.39Z</time>
		</trkpt>
		<trkpt lat="34.525601" lon="127.164545">
			<ele>0.00</ele>
			<time>2020-01-20T00:13:30.83Z</time>
		</trkpt>
		<trkpt lat="34.525582" lon="127.164475">
			<ele>0.00</ele>
			<time>2020-01-20T00:13:31.24Z</time>
		</trkpt>
		<trkpt lat="34.525574" lon="127.164416">
			<ele>0.00</ele>
			<time>2020-01-20T00:13:31.56Z</time>
		</trkpt>
		<trkpt lat="34.525562" lon="127.164337">
			<ele>0.00</ele>
			<time>2020-01-20T00:13:32.01Z</time>
		</trkpt>
		<trkpt lat="34.525556" lon="127.164263">
			<ele>0.00</ele>
			<time>2020-01-20T00:13:32.42Z</time>
		</trkpt>
		<trkpt lat="34.525562" lon="127.164189">
			<ele>0.00</ele>
			<time>2020-01-20T00:13:32.82Z</time>
		</trkpt>
		<trkpt lat="34.525577" lon="127.164101">
			<ele>0.00</ele>
			<time>2020-01-20T00:13:33.32Z</time>
		</trkpt>
		<trkpt lat="34.525600" lon="127.164021">
			<ele>0.00</ele>
			<time>2020-01-20T00:13:33.78Z</time>
		</trkpt>
		<trkpt lat="34.525613" lon="127.163956">
			<ele>0.00</ele>
			<time>2020-01-20T00:13:34.15Z</time>
		</trkpt>
		<trkpt lat="34.525633" lon="127.163870">
			<ele>0.00</ele>
			<time>2020-01-20T00:13:34.64Z</time>
		</trkpt>
		<trkpt lat="34.525638" lon="127.163762">
			<ele>0.00</ele>
			<time>2020-01-20T00:13:35.24Z</time>
		</trkpt>
		<trkpt lat="34.525633" lon="127.163676">
			<ele>0.00</ele>
			<time>2020-01-20T00:13:35.71Z</time>
		</trkpt>
		<trkpt lat="34.525615" lon="127.163589">
			<ele>0.00</ele>
			<time>2020-01-20T00:13:36.20Z</time>
		</trkpt>
		<trkpt lat="34.525591" lon="127.163503">
			<ele>0.00</ele>
			<time>2020-01-20T00:13:36.70Z</time>
		</trkpt>
		<trkpt lat="34.525568" lon="127.163444">
			<ele>0.00</ele>
			<time>2020-01-20T00:13:37.05Z</time>
		</trkpt>
		<trkpt lat="34.525537" lon="127.163343">
			<ele>0.00</ele>
			<time>2020-01-20T00:13:37.65Z</time>
		</trkpt>
		<trkpt lat="34.525499" lon="127.163255">
			<ele>0.00</ele>
			<time>2020-01-20T00:13:38.19Z</time>
		</trkpt>
		<trkpt lat="34.525466" lon="127.163163">
			<ele>0.00</ele>
			<time>2020-01-20T00:13:38.75Z</time>
		</trkpt>
		<trkpt lat="34.525403" lon="127.163018">
			<ele>0.00</ele>
			<time>2020-01-20T00:13:39.65Z</time>
		</trkpt>
		<trkpt lat="34.525365" lon="127.162938">
			<ele>0.00</ele>
			<time>2020-01-20T00:13:40.15Z</time>
		</trkpt>
		<trkpt lat="34.525329" lon="127.162871">
			<ele>0.00</ele>
			<time>2020-01-20T00:13:40.59Z</time>
		</trkpt>
		<trkpt lat="34.525273" lon="127.162776">
			<ele>0.00</ele>
			<time>2020-01-20T00:13:41.23Z</time>
		</trkpt>
		<trkpt lat="34.525214" lon="127.162667">
			<ele>0.00</ele>
			<time>2020-01-20T00:13:41.95Z</time>
		</trkpt>
		<trkpt lat="34.525168" lon="127.162581">
			<ele>0.00</ele>
			<time>2020-01-20T00:13:42.52Z</time>
		</trkpt>
		<trkpt lat="34.525135" lon="127.162538">
			<ele>0.00</ele>
			<time>2020-01-20T00:13:42.84Z</time>
		</trkpt>
		<trkpt lat="34.525135" lon="127.162541">
			<ele>0.00</ele>
			<time>2020-01-20T00:13:42.90Z</time>
		</trkpt>
		<trkpt lat="34.525108" lon="127.162482">
			<ele>0.00</ele>
			<time>2020-01-20T00:13:43.27Z</time>
		</trkpt>
		<trkpt lat="34.525074" lon="127.162404">
			<ele>0.00</ele>
			<time>2020-01-20T00:13:43.76Z</time>
		</trkpt>
		<trkpt lat="34.525041" lon="127.162339">
			<ele>0.00</ele>
			<time>2020-01-20T00:13:44.17Z</time>
		</trkpt>
		<trkpt lat="34.525006" lon="127.162268">
			<ele>0.00</ele>
			<time>2020-01-20T00:13:44.63Z</time>
		</trkpt>
		<trkpt lat="34.524957" lon="127.162178">
			<ele>0.00</ele>
			<time>2020-01-20T00:13:45.22Z</time>
		</trkpt>
		<trkpt lat="34.524909" lon="127.162085">
			<ele>0.00</ele>
			<time>2020-01-20T00:13:45.82Z</time>
		</trkpt>
		<trkpt lat="34.524862" lon="127.161992">
			<ele>0.00</ele>
			<time>2020-01-20T00:13:46.42Z</time>
		</trkpt>
		<trkpt lat="34.524823" lon="127.161908">
			<ele>0.00</ele>
			<time>2020-01-20T00:13:46.95Z</time>
		</trkpt>
		<trkpt lat="34.524788" lon="127.161839">
			<ele>0.00</ele>
			<time>2020-01-20T00:13:47.40Z</time>
		</trkpt>
		<trkpt lat="34.524744" lon="127.161725">
			<ele>0.00</ele>
			<time>2020-01-20T00:13:48.09Z</time>
		</trkpt>
		<trkpt lat="34.524736" lon="127.161652">
			<ele>0.00</ele>
			<time>2020-01-20T00:13:48.50Z</time>
		</trkpt>
		<trkpt lat="34.524725" lon="127.161534">
			<ele>0.00</ele>
			<time>2020-01-20T00:13:49.14Z</time>
		</trkpt>
		<trkpt lat="34.524714" lon="127.161376">
			<ele>0.00</ele>
			<time>2020-01-20T00:13:50.02Z</time>
		</trkpt>
		<trkpt lat="34.524704" lon="127.161208">
			<ele>0.00</ele>
			<time>2020-01-20T00:13:50.94Z</time>
		</trkpt>
		<trkpt lat="34.524695" lon="127.161043">
			<ele>0.00</ele>
			<time>2020-01-20T00:13:51.85Z</time>
		</trkpt>
		<trkpt lat="34.524685" lon="127.160864">
			<ele>0.00</ele>
			<time>2020-01-20T00:13:52.84Z</time>
		</trkpt>
		<trkpt lat="34.524676" lon="127.160682">
			<ele>0.00</ele>
			<time>2020-01-20T00:13:53.84Z</time>
		</trkpt>
		<trkpt lat="34.524664" lon="127.160452">
			<ele>0.00</ele>
			<time>2020-01-20T00:13:55.10Z</time>
		</trkpt>
		<trkpt lat="34.524653" lon="127.160241">
			<ele>0.00</ele>
			<time>2020-01-20T00:13:56.26Z</time>
		</trkpt>
		<trkpt lat="34.524642" lon="127.160052">
			<ele>0.00</ele>
			<time>2020-01-20T00:13:57.30Z</time>
		</trkpt>
		<trkpt lat="34.524638" lon="127.159827">
			<ele>0.00</ele>
			<time>2020-01-20T00:13:58.54Z</time>
		</trkpt>
		<trkpt lat="34.524626" lon="127.159646">
			<ele>0.00</ele>
			<time>2020-01-20T00:13:59.54Z</time>
		</trkpt>
		<trkpt lat="34.524623" lon="127.159474">
			<ele>0.00</ele>
			<time>2020-01-20T00:14:00.48Z</time>
		</trkpt>
		<trkpt lat="34.524615" lon="127.159274">
			<ele>0.00</ele>
			<time>2020-01-20T00:14:01.58Z</time>
		</trkpt>
		<trkpt lat="34.524602" lon="127.159077">
			<ele>0.00</ele>
			<time>2020-01-20T00:14:02.67Z</time>
		</trkpt>
		<trkpt lat="34.524598" lon="127.158909">
			<ele>0.00</ele>
			<time>2020-01-20T00:14:03.59Z</time>
		</trkpt>
		<trkpt lat="34.524592" lon="127.158710">
			<ele>0.00</ele>
			<time>2020-01-20T00:14:04.69Z</time>
		</trkpt>
		<trkpt lat="34.524577" lon="127.158471">
			<ele>0.00</ele>
			<time>2020-01-20T00:14:06Z</time>
		</trkpt>
		<trkpt lat="34.524570" lon="127.158285">
			<ele>0.00</ele>
			<time>2020-01-20T00:14:07.03Z</time>
		</trkpt>
		<trkpt lat="34.524562" lon="127.158114">
			<ele>0.00</ele>
			<time>2020-01-20T00:14:07.96Z</time>
		</trkpt>
		<trkpt lat="34.524554" lon="127.157953">
			<ele>0.00</ele>
			<time>2020-01-20T00:14:08.85Z</time>
		</trkpt>
		<trkpt lat="34.524547" lon="127.157770">
			<ele>0.00</ele>
			<time>2020-01-20T00:14:09.86Z</time>
		</trkpt>
		<trkpt lat="34.524539" lon="127.157602">
			<ele>0.00</ele>
			<time>2020-01-20T00:14:10.78Z</time>
		</trkpt>
		<trkpt lat="34.524530" lon="127.157411">
			<ele>0.00</ele>
			<time>2020-01-20T00:14:11.83Z</time>
		</trkpt>
		<trkpt lat="34.524516" lon="127.157117">
			<ele>0.00</ele>
			<time>2020-01-20T00:14:13.45Z</time>
		</trkpt>
		<trkpt lat="34.524507" lon="127.156906">
			<ele>0.00</ele>
			<time>2020-01-20T00:14:14.61Z</time>
		</trkpt>
		<trkpt lat="34.524503" lon="127.156756">
			<ele>0.00</ele>
			<time>2020-01-20T00:14:15.43Z</time>
		</trkpt>
		<trkpt lat="34.524499" lon="127.156584">
			<ele>0.00</ele>
			<time>2020-01-20T00:14:16.38Z</time>
		</trkpt>
		<trkpt lat="34.524473" lon="127.156224">
			<ele>0.00</ele>
			<time>2020-01-20T00:14:18.36Z</time>
		</trkpt>
		<trkpt lat="34.524461" lon="127.155960">
			<ele>0.00</ele>
			<time>2020-01-20T00:14:19.82Z</time>
		</trkpt>
		<trkpt lat="34.524447" lon="127.155755">
			<ele>0.00</ele>
			<time>2020-01-20T00:14:20.95Z</time>
		</trkpt>
		<trkpt lat="34.524439" lon="127.155547">
			<ele>0.00</ele>
			<time>2020-01-20T00:14:22.09Z</time>
		</trkpt>
		<trkpt lat="34.524428" lon="127.155319">
			<ele>0.00</ele>
			<time>2020-01-20T00:14:23.35Z</time>
		</trkpt>
		<trkpt lat="34.524414" lon="127.155150">
			<ele>0.00</ele>
			<time>2020-01-20T00:14:24.28Z</time>
		</trkpt>
		<trkpt lat="34.524406" lon="127.154982">
			<ele>0.00</ele>
			<time>2020-01-20T00:14:25.20Z</time>
		</trkpt>
		<trkpt lat="34.524391" lon="127.154787">
			<ele>0.00</ele>
			<time>2020-01-20T00:14:26.28Z</time>
		</trkpt>
		<trkpt lat="34.524381" lon="127.154596">
			<ele>0.00</ele>
			<time>2020-01-20T00:14:27.33Z</time>
		</trkpt>
		<trkpt lat="34.524375" lon="127.154464">
			<ele>0.00</ele>
			<time>2020-01-20T00:14:28.05Z</time>
		</trkpt>
		<trkpt lat="34.524369" lon="127.154358">
			<ele>0.00</ele>
			<time>2020-01-20T00:14:28.64Z</time>
		</trkpt>
		<trkpt lat="34.524363" lon="127.154236">
			<ele>0.00</ele>
			<time>2020-01-20T00:14:29.31Z</time>
		</trkpt>
		<trkpt lat="34.524357" lon="127.154127">
			<ele>0.00</ele>
			<time>2020-01-20T00:14:29.91Z</time>
		</trkpt>
		<trkpt lat="34.524348" lon="127.154016">
			<ele>0.00</ele>
			<time>2020-01-20T00:14:30.52Z</time>
		</trkpt>
		<trkpt lat="34.524342" lon="127.153909">
			<ele>0.00</ele>
			<time>2020-01-20T00:14:31.11Z</time>
		</trkpt>
		<trkpt lat="34.524344" lon="127.153818">
			<ele>0.00</ele>
			<time>2020-01-20T00:14:31.61Z</time>
		</trkpt>
		<trkpt lat="34.524348" lon="127.153763">
			<ele>0.00</ele>
			<time>2020-01-20T00:14:31.91Z</time>
		</trkpt>
		<trkpt lat="34.524365" lon="127.153701">
			<ele>0.00</ele>
			<time>2020-01-20T00:14:32.27Z</time>
		</trkpt>
		<trkpt lat="34.524397" lon="127.153634">
			<ele>0.00</ele>
			<time>2020-01-20T00:14:32.70Z</time>
		</trkpt>
		<trkpt lat="34.524442" lon="127.153543">
			<ele>0.00</ele>
			<time>2020-01-20T00:14:33.28Z</time>
		</trkpt>
		<trkpt lat="34.524463" lon="127.153486">
			<ele>0.00</ele>
			<time>2020-01-20T00:14:33.62Z</time>
		</trkpt>
		<trkpt lat="34.524508" lon="127.153404">
			<ele>0.00</ele>
			<time>2020-01-20T00:14:34.16Z</time>
		</trkpt>
		<trkpt lat="34.524544" lon="127.153352">
			<ele>0.00</ele>
			<time>2020-01-20T00:14:34.54Z</time>
		</trkpt>
		<trkpt lat="34.524589" lon="127.153300">
			<ele>0.00</ele>
			<time>2020-01-20T00:14:34.95Z</time>
		</trkpt>
		<trkpt lat="34.524638" lon="127.153246">
			<ele>0.00</ele>
			<time>2020-01-20T00:14:35.40Z</time>
		</trkpt>
		<trkpt lat="34.524701" lon="127.153191">
			<ele>0.00</ele>
			<time>2020-01-20T00:14:35.91Z</time>
		</trkpt>
		<trkpt lat="34.524781" lon="127.153129">
			<ele>0.00</ele>
			<time>2020-01-20T00:14:36.54Z</time>
		</trkpt>
		<trkpt lat="34.524922" lon="127.153042">
			<ele>0.00</ele>
			<time>2020-01-20T00:14:37.60Z</time>
		</trkpt>
		<trkpt lat="34.525011" lon="127.152985">
			<ele>0.00</ele>
			<time>2020-01-20T00:14:38.27Z</time>
		</trkpt>
		<trkpt lat="34.525119" lon="127.152921">
			<ele>0.00</ele>
			<time>2020-01-20T00:14:39.07Z</time>
		</trkpt>
		<trkpt lat="34.525238" lon="127.152851">
			<ele>0.00</ele>
			<time>2020-01-20T00:14:39.95Z</time>
		</trkpt>
		<trkpt lat="34.525368" lon="127.152779">
			<ele>0.00</ele>
			<time>2020-01-20T00:14:40.91Z</time>
		</trkpt>
		<trkpt lat="34.525484" lon="127.152705">
			<ele>0.00</ele>
			<time>2020-01-20T00:14:41.78Z</time>
		</trkpt>
		<trkpt lat="34.525615" lon="127.152633">
			<ele>0.00</ele>
			<time>2020-01-20T00:14:42.74Z</time>
		</trkpt>
		<trkpt lat="34.525750" lon="127.152554">
			<ele>0.00</ele>
			<time>2020-01-20T00:14:43.74Z</time>
		</trkpt>
		<trkpt lat="34.525905" lon="127.152472">
			<ele>0.00</ele>
			<time>2020-01-20T00:14:44.86Z</time>
		</trkpt>
		<trkpt lat="34.525983" lon="127.152421">
			<ele>0.00</ele>
			<time>2020-01-20T00:14:45.45Z</time>
		</trkpt>
		<trkpt lat="34.526066" lon="127.152371">
			<ele>0.00</ele>
			<time>2020-01-20T00:14:46.07Z</time>
		</trkpt>
		<trkpt lat="34.526144" lon="127.152312">
			<ele>0.00</ele>
			<time>2020-01-20T00:14:46.69Z</time>
		</trkpt>
		<trkpt lat="34.526220" lon="127.152272">
			<ele>0.00</ele>
			<time>2020-01-20T00:14:47.24Z</time>
		</trkpt>
		<trkpt lat="34.526285" lon="127.152227">
			<ele>0.00</ele>
			<time>2020-01-20T00:14:47.73Z</time>
		</trkpt>
		<trkpt lat="34.526332" lon="127.152183">
			<ele>0.00</ele>
			<time>2020-01-20T00:14:48.13Z</time>
		</trkpt>
		<trkpt lat="34.526401" lon="127.152113">
			<ele>0.00</ele>
			<time>2020-01-20T00:14:48.73Z</time>
		</trkpt>
		<trkpt lat="34.526448" lon="127.152044">
			<ele>0.00</ele>
			<time>2020-01-20T00:14:49.22Z</time>
		</trkpt>
		<trkpt lat="34.526479" lon="127.151967">
			<ele>0.00</ele>
			<time>2020-01-20T00:14:49.69Z</time>
		</trkpt>
		<trkpt lat="34.526509" lon="127.151893">
			<ele>0.00</ele>
			<time>2020-01-20T00:14:50.15Z</time>
		</trkpt>
		<trkpt lat="34.526519" lon="127.151833">
			<ele>0.00</ele>
			<time>2020-01-20T00:14:50.48Z</time>
		</trkpt>
		<trkpt lat="34.526519" lon="127.151759">
			<ele>0.00</ele>
			<time>2020-01-20T00:14:50.89Z</time>
		</trkpt>
		<trkpt lat="34.526507" lon="127.151712">
			<ele>0.00</ele>
			<time>2020-01-20T00:14:51.16Z</time>
		</trkpt>
		<trkpt lat="34.526485" lon="127.151655">
			<ele>0.00</ele>
			<time>2020-01-20T00:14:51.51Z</time>
		</trkpt>
		<trkpt lat="34.526456" lon="127.151601">
			<ele>0.00</ele>
			<time>2020-01-20T00:14:51.86Z</time>
		</trkpt>
		<trkpt lat="34.526397" lon="127.151517">
			<ele>0.00</ele>
			<time>2020-01-20T00:14:52.47Z</time>
		</trkpt>
		<trkpt lat="34.526330" lon="127.151423">
			<ele>0.00</ele>
			<time>2020-01-20T00:14:53.15Z</time>
		</trkpt>
		<trkpt lat="34.526264" lon="127.151326">
			<ele>0.00</ele>
			<time>2020-01-20T00:14:53.84Z</time>
		</trkpt>
		<trkpt lat="34.526197" lon="127.151222">
			<ele>0.00</ele>
			<time>2020-01-20T00:14:54.57Z</time>
		</trkpt>
		<trkpt lat="34.526115" lon="127.151123">
			<ele>0.00</ele>
			<time>2020-01-20T00:14:55.34Z</time>
		</trkpt>
		<trkpt lat="34.526052" lon="127.151029">
			<ele>0.00</ele>
			<time>2020-01-20T00:14:56.01Z</time>
		</trkpt>
		<trkpt lat="34.525980" lon="127.150927">
			<ele>0.00</ele>
			<time>2020-01-20T00:14:56.74Z</time>
		</trkpt>
		<trkpt lat="34.525915" lon="127.150838">
			<ele>0.00</ele>
			<time>2020-01-20T00:14:57.40Z</time>
		</trkpt>
		<trkpt lat="34.525852" lon="127.150744">
			<ele>0.00</ele>
			<time>2020-01-20T00:14:58.06Z</time>
		</trkpt>
		<trkpt lat="34.525792" lon="127.150670">
			<ele>0.00</ele>
			<time>2020-01-20T00:14:58.63Z</time>
		</trkpt>
		<trkpt lat="34.525751" lon="127.150603">
			<ele>0.00</ele>
			<time>2020-01-20T00:14:59.09Z</time>
		</trkpt>
		<trkpt lat="34.525735" lon="127.150558">
			<ele>0.00</ele>
			<time>2020-01-20T00:14:59.36Z</time>
		</trkpt>
		<trkpt lat="34.525719" lon="127.150508">
			<ele>0.00</ele>
			<time>2020-01-20T00:14:59.65Z</time>
		</trkpt>
		<trkpt lat="34.525649" lon="127.150400">
			<ele>0.00</ele>
			<time>2020-01-20T00:15:00.40Z</time>
		</trkpt>
		<trkpt lat="34.525567" lon="127.150398">
			<ele>0.00</ele>
			<time>2020-01-20T00:15:00.95Z</time>
		</trkpt>
		<trkpt lat="34.525495" lon="127.150396">
			<ele>0.00</ele>
			<time>2020-01-20T00:15:01.43Z</time>
		</trkpt>
		<trkpt lat="34.525419" lon="127.150381">
			<ele>0.00</ele>
			<time>2020-01-20T00:15:01.95Z</time>
		</trkpt>
		<trkpt lat="34.525329" lon="127.150353">
			<ele>0.00</ele>
			<time>2020-01-20T00:15:02.56Z</time>
		</trkpt>
		<trkpt lat="34.525243" lon="127.150327">
			<ele>0.00</ele>
			<time>2020-01-20T00:15:03.15Z</time>
		</trkpt>
		<trkpt lat="34.525159" lon="127.150306">
			<ele>0.00</ele>
			<time>2020-01-20T00:15:03.73Z</time>
		</trkpt>
		<trkpt lat="34.525067" lon="127.150284">
			<ele>0.00</ele>
			<time>2020-01-20T00:15:04.35Z</time>
		</trkpt>
		<trkpt lat="34.525003" lon="127.150272">
			<ele>0.00</ele>
			<time>2020-01-20T00:15:04.78Z</time>
		</trkpt>
		<trkpt lat="34.524923" lon="127.150254">
			<ele>0.00</ele>
			<time>2020-01-20T00:15:05.33Z</time>
		</trkpt>
		<trkpt lat="34.524862" lon="127.150237">
			<ele>0.00</ele>
			<time>2020-01-20T00:15:05.74Z</time>
		</trkpt>
		<trkpt lat="34.524786" lon="127.150223">
			<ele>0.00</ele>
			<time>2020-01-20T00:15:06.25Z</time>
		</trkpt>
		<trkpt lat="34.524720" lon="127.150211">
			<ele>0.00</ele>
			<time>2020-01-20T00:15:06.70Z</time>
		</trkpt>
		<trkpt lat="34.524661" lon="127.150204">
			<ele>0.00</ele>
			<time>2020-01-20T00:15:07.09Z</time>
		</trkpt>
		<trkpt lat="34.524623" lon="127.150213">
			<ele>0.00</ele>
			<time>2020-01-20T00:15:07.36Z</time>
		</trkpt>
		<trkpt lat="34.524599" lon="127.150246">
			<ele>0.00</ele>
			<time>2020-01-20T00:15:07.60Z</time>
		</trkpt>
		<trkpt lat="34.524589" lon="127.150291">
			<ele>0.00</ele>
			<time>2020-01-20T00:15:07.85Z</time>
		</trkpt>
		<trkpt lat="34.524574" lon="127.150384">
			<ele>0.00</ele>
			<time>2020-01-20T00:15:08.37Z</time>
		</trkpt>
		<trkpt lat="34.524558" lon="127.150474">
			<ele>0.00</ele>
			<time>2020-01-20T00:15:08.88Z</time>
		</trkpt>
		<trkpt lat="34.524539" lon="127.150576">
			<ele>0.00</ele>
			<time>2020-01-20T00:15:09.45Z</time>
		</trkpt>
		<trkpt lat="34.524523" lon="127.150663">
			<ele>0.00</ele>
			<time>2020-01-20T00:15:09.94Z</time>
		</trkpt>
		<trkpt lat="34.524505" lon="127.150770">
			<ele>0.00</ele>
			<time>2020-01-20T00:15:10.54Z</time>
		</trkpt>
		<trkpt lat="34.524486" lon="127.150855">
			<ele>0.00</ele>
			<time>2020-01-20T00:15:11.03Z</time>
		</trkpt>
		<trkpt lat="34.524465" lon="127.150909">
			<ele>0.00</ele>
			<time>2020-01-20T00:15:11.35Z</time>
		</trkpt>
		<trkpt lat="34.524437" lon="127.150945">
			<ele>0.00</ele>
			<time>2020-01-20T00:15:11.62Z</time>
		</trkpt>
		<trkpt lat="34.524398" lon="127.150967">
			<ele>0.00</ele>
			<time>2020-01-20T00:15:11.91Z</time>
		</trkpt>
		<trkpt lat="34.524353" lon="127.150978">
			<ele>0.00</ele>
			<time>2020-01-20T00:15:12.22Z</time>
		</trkpt>
		<trkpt lat="34.524302" lon="127.150985">
			<ele>0.00</ele>
			<time>2020-01-20T00:15:12.56Z</time>
		</trkpt>
		<trkpt lat="34.524247" lon="127.150985">
			<ele>0.00</ele>
			<time>2020-01-20T00:15:12.92Z</time>
		</trkpt>
		<trkpt lat="34.524179" lon="127.150985">
			<ele>0.00</ele>
			<time>2020-01-20T00:15:13.38Z</time>
		</trkpt>
		<trkpt lat="34.524083" lon="127.150983">
			<ele>0.00</ele>
			<time>2020-01-20T00:15:14.02Z</time>
		</trkpt>
		<trkpt lat="34.524031" lon="127.150971">
			<ele>0.00</ele>
			<time>2020-01-20T00:15:14.37Z</time>
		</trkpt>
		<trkpt lat="34.524007" lon="127.150961">
			<ele>0.00</ele>
			<time>2020-01-20T00:15:14.54Z</time>
		</trkpt>
		<trkpt lat="34.523988" lon="127.150927">
			<ele>0.00</ele>
			<time>2020-01-20T00:15:14.76Z</time>
		</trkpt>
		<trkpt lat="34.523976" lon="127.150880">
			<ele>0.00</ele>
			<time>2020-01-20T00:15:15.04Z</time>
		</trkpt>
		<trkpt lat="34.523970" lon="127.150757">
			<ele>0.00</ele>
			<time>2020-01-20T00:15:15.71Z</time>
		</trkpt>
		<trkpt lat="34.523970" lon="127.150681">
			<ele>0.00</ele>
			<time>2020-01-20T00:15:16.13Z</time>
		</trkpt>
		<trkpt lat="34.523968" lon="127.150616">
			<ele>0.00</ele>
			<time>2020-01-20T00:15:16.49Z</time>
		</trkpt>
		<trkpt lat="34.523834" lon="127.150612">
			<ele>0.00</ele>
			<time>2020-01-20T00:15:17.38Z</time>
		</trkpt>
		<trkpt lat="34.523825" lon="127.150593">
			<ele>0.00</ele>
			<time>2020-01-20T00:15:17.50Z</time>
		</trkpt>
		<trkpt lat="34.523825" lon="127.150523">
			<ele>0.00</ele>
			<time>2020-01-20T00:15:17.88Z</time>
		</trkpt>
		<trkpt lat="34.523826" lon="127.150402">
			<ele>0.00</ele>
			<time>2020-01-20T00:15:18.55Z</time>
		</trkpt>
		<trkpt lat="34.523823" lon="127.150259">
			<ele>0.00</ele>
			<time>2020-01-20T00:15:19.33Z</time>
		</trkpt>
		<trkpt lat="34.523823" lon="127.150121">
			<ele>0.00</ele>
			<time>2020-01-20T00:15:20.09Z</time>
		</trkpt>
		<trkpt lat="34.523821" lon="127.149988">
			<ele>0.00</ele>
			<time>2020-01-20T00:15:20.82Z</time>
		</trkpt>
		<trkpt lat="34.523821" lon="127.149857">
			<ele>0.00</ele>
			<time>2020-01-20T00:15:21.54Z</time>
		</trkpt>
		<trkpt lat="34.523819" lon="127.149701">
			<ele>0.00</ele>
			<time>2020-01-20T00:15:22.40Z</time>
		</trkpt>
		<trkpt lat="34.523819" lon="127.149587">
			<ele>0.00</ele>
			<time>2020-01-20T00:15:23.02Z</time>
		</trkpt>
		<trkpt lat="34.523820" lon="127.149493">
			<ele>0.00</ele>
			<time>2020-01-20T00:15:23.54Z</time>
		</trkpt>
		<trkpt lat="34.523819" lon="127.149370">
			<ele>0.00</ele>
			<time>2020-01-20T00:15:24.21Z</time>
		</trkpt>
		<trkpt lat="34.523820" lon="127.149293">
			<ele>0.00</ele>
			<time>2020-01-20T00:15:24.64Z</time>
		</trkpt>
		<trkpt lat="34.523823" lon="127.149225">
			<ele>0.00</ele>
			<time>2020-01-20T00:15:25.01Z</time>
		</trkpt>
		<trkpt lat="34.523825" lon="127.149145">
			<ele>0.00</ele>
			<time>2020-01-20T00:15:25.45Z</time>
		</trkpt>
		<trkpt lat="34.523828" lon="127.149136">
			<ele>0.00</ele>
			<time>2020-01-20T00:15:25.51Z</time>
		</trkpt>
		<trkpt lat="34.523829" lon="127.149097">
			<ele>0.00</ele>
			<time>2020-01-20T00:15:25.73Z</time>
		</trkpt>
		<trkpt lat="34.523814" lon="127.149041">
			<ele>0.00</ele>
			<time>2020-01-20T00:15:26.05Z</time>
		</trkpt>
		<trkpt lat="34.523784" lon="127.149009">
			<ele>0.00</ele>
			<time>2020-01-20T00:15:26.31Z</time>
		</trkpt>
		<trkpt lat="34.523751" lon="127.148987">
			<ele>0.00</ele>
			<time>2020-01-20T00:15:26.57Z</time>
		</trkpt>
		<trkpt lat="34.523710" lon="127.148979">
			<ele>0.00</ele>
			<time>2020-01-20T00:15:26.84Z</time>
		</trkpt>
		<trkpt lat="34.523674" lon="127.148973">
			<ele>0.00</ele>
			<time>2020-01-20T00:15:27.08Z</time>
		</trkpt>
		<trkpt lat="34.523674" lon="127.148896">
			<ele>0.00</ele>
			<time>2020-01-20T00:15:27.50Z</time>
		</trkpt>
		<trkpt lat="34.523676" lon="127.148783">
			<ele>0.00</ele>
			<time>2020-01-20T00:15:28.12Z</time>
		</trkpt>
		<trkpt lat="34.523724" lon="127.148774">
			<ele>0.00</ele>
			<time>2020-01-20T00:15:28.45Z</time>
		</trkpt>
		<trkpt lat="34.523767" lon="127.148768">
			<ele>0.00</ele>
			<time>2020-01-20T00:15:28.74Z</time>
		</trkpt>
		<trkpt lat="34.523795" lon="127.148762">
			<ele>0.00</ele>
			<time>2020-01-20T00:15:28.93Z</time>
		</trkpt>
		<trkpt lat="34.523810" lon="127.148737">
			<ele>0.00</ele>
			<time>2020-01-20T00:15:29.10Z</time>
		</trkpt>
		<trkpt lat="34.523812" lon="127.148601">
			<ele>0.00</ele>
			<time>2020-01-20T00:15:29.84Z</time>
		</trkpt>
		<trkpt lat="34.523816" lon="127.148450">
			<ele>0.00</ele>
			<time>2020-01-20T00:15:30.68Z</time>
		</trkpt>
		<trkpt lat="34.523820" lon="127.148275">
			<ele>0.00</ele>
			<time>2020-01-20T00:15:31.64Z</time>
		</trkpt>
		<trkpt lat="34.523818" lon="127.148129">
			<ele>0.00</ele>
			<time>2020-01-20T00:15:32.44Z</time>
		</trkpt>
		<trkpt lat="34.523822" lon="127.147930">
			<ele>0.00</ele>
			<time>2020-01-20T00:15:33.53Z</time>
		</trkpt>
		<trkpt lat="34.523833" lon="127.147805">
			<ele>0.00</ele>
			<time>2020-01-20T00:15:34.22Z</time>
		</trkpt>
		<trkpt lat="34.523835" lon="127.147745">
			<ele>0.00</ele>
			<time>2020-01-20T00:15:34.55Z</time>
		</trkpt>
		<trkpt lat="34.523814" lon="127.147693">
			<ele>0.00</ele>
			<time>2020-01-20T00:15:34.87Z</time>
		</trkpt>
		<trkpt lat="34.523773" lon="127.147635">
			<ele>0.00</ele>
			<time>2020-01-20T00:15:35.29Z</time>
		</trkpt>
		<trkpt lat="34.523712" lon="127.147567">
			<ele>0.00</ele>
			<time>2020-01-20T00:15:35.84Z</time>
		</trkpt>
		<trkpt lat="34.523641" lon="127.147489">
			<ele>0.00</ele>
			<time>2020-01-20T00:15:36.48Z</time>
		</trkpt>
		<trkpt lat="34.523568" lon="127.147403">
			<ele>0.00</ele>
			<time>2020-01-20T00:15:37.16Z</time>
		</trkpt>
		<trkpt lat="34.523497" lon="127.147307">
			<ele>0.00</ele>
			<time>2020-01-20T00:15:37.87Z</time>
		</trkpt>
		<trkpt lat="34.523448" lon="127.147244">
			<ele>0.00</ele>
			<time>2020-01-20T00:15:38.34Z</time>
		</trkpt>
		<trkpt lat="34.523388" lon="127.147152">
			<ele>0.00</ele>
			<time>2020-01-20T00:15:38.99Z</time>
		</trkpt>
		<trkpt lat="34.523484" lon="127.147014">
			<ele>0.00</ele>
			<time>2020-01-20T00:15:39.98Z</time>
		</trkpt>
		<trkpt lat="34.523577" lon="127.147118">
			<ele>0.00</ele>
			<time>2020-01-20T00:15:40.83Z</time>
		</trkpt>
		<trkpt lat="34.523629" lon="127.147197">
			<ele>0.00</ele>
			<time>2020-01-20T00:15:41.38Z</time>
		</trkpt>
		<trkpt lat="34.523663" lon="127.147233">
			<ele>0.00</ele>
			<time>2020-01-20T00:15:41.68Z</time>
		</trkpt>
		<trkpt lat="34.523693" lon="127.147246">
			<ele>0.00</ele>
			<time>2020-01-20T00:15:41.90Z</time>
		</trkpt>
		<trkpt lat="34.523717" lon="127.147252">
			<ele>0.00</ele>
			<time>2020-01-20T00:15:42.06Z</time>
		</trkpt>
		<trkpt lat="34.523750" lon="127.147228">
			<ele>0.00</ele>
			<time>2020-01-20T00:15:42.32Z</time>
		</trkpt>
		<trkpt lat="34.523771" lon="127.147210">
			<ele>0.00</ele>
			<time>2020-01-20T00:15:42.48Z</time>
		</trkpt>
		<trkpt lat="34.523776" lon="127.147132">
			<ele>0.00</ele>
			<time>2020-01-20T00:15:42.91Z</time>
		</trkpt>
		<trkpt lat="34.523780" lon="127.147046">
			<ele>0.00</ele>
			<time>2020-01-20T00:15:43.39Z</time>
		</trkpt>
		<trkpt lat="34.523782" lon="127.146912">
			<ele>0.00</ele>
			<time>2020-01-20T00:15:44.12Z</time>
		</trkpt>
		<trkpt lat="34.523785" lon="127.146763">
			<ele>0.00</ele>
			<time>2020-01-20T00:15:44.94Z</time>
		</trkpt>
		<trkpt lat="34.523785" lon="127.146655">
			<ele>0.00</ele>
			<time>2020-01-20T00:15:45.53Z</time>
		</trkpt>
		<trkpt lat="34.523792" lon="127.146531">
			<ele>0.00</ele>
			<time>2020-01-20T00:15:46.22Z</time>
		</trkpt>
		<trkpt lat="34.523794" lon="127.146351">
			<ele>0.00</ele>
			<time>2020-01-20T00:15:47.21Z</time>
		</trkpt>
		<trkpt lat="34.523796" lon="127.146188">
			<ele>0.00</ele>
			<time>2020-01-20T00:15:48.10Z</time>
		</trkpt>
		<trkpt lat="34.523803" lon="127.146010">
			<ele>0.00</ele>
			<time>2020-01-20T00:15:49.08Z</time>
		</trkpt>
		<trkpt lat="34.523809" lon="127.145853">
			<ele>0.00</ele>
			<time>2020-01-20T00:15:49.95Z</time>
		</trkpt>
		<trkpt lat="34.523818" lon="127.145672">
			<ele>0.00</ele>
			<time>2020-01-20T00:15:50.94Z</time>
		</trkpt>
		<trkpt lat="34.523823" lon="127.145497">
			<ele>0.00</ele>
			<time>2020-01-20T00:15:51.90Z</time>
		</trkpt>
		<trkpt lat="34.523829" lon="127.145283">
			<ele>0.00</ele>
			<time>2020-01-20T00:15:53.08Z</time>
		</trkpt>
		<trkpt lat="34.523834" lon="127.145096">
			<ele>0.00</ele>
			<time>2020-01-20T00:15:54.10Z</time>
		</trkpt>
		<trkpt lat="34.523836" lon="127.144918">
			<ele>0.00</ele>
			<time>2020-01-20T00:15:55.08Z</time>
		</trkpt>
		<trkpt lat="34.523838" lon="127.144738">
			<ele>0.00</ele>
			<time>2020-01-20T00:15:56.07Z</time>
		</trkpt>
		<trkpt lat="34.523842" lon="127.144654">
			<ele>0.00</ele>
			<time>2020-01-20T00:15:56.54Z</time>
		</trkpt>
		<trkpt lat="34.523843" lon="127.144582">
			<ele>0.00</ele>
			<time>2020-01-20T00:15:56.93Z</time>
		</trkpt>
		<trkpt lat="34.523847" lon="127.144480">
			<ele>0.00</ele>
			<time>2020-01-20T00:15:57.49Z</time>
		</trkpt>
		<trkpt lat="34.523851" lon="127.144379">
			<ele>0.00</ele>
			<time>2020-01-20T00:15:58.05Z</time>
		</trkpt>
		<trkpt lat="34.523847" lon="127.144237">
			<ele>0.00</ele>
			<time>2020-01-20T00:15:58.83Z</time>
		</trkpt>
		<trkpt lat="34.523845" lon="127.144104">
			<ele>0.00</ele>
			<time>2020-01-20T00:15:59.56Z</time>
		</trkpt>
		<trkpt lat="34.523845" lon="127.143946">
			<ele>0.00</ele>
			<time>2020-01-20T00:16:00.43Z</time>
		</trkpt>
		<trkpt lat="34.523847" lon="127.143830">
			<ele>0.00</ele>
			<time>2020-01-20T00:16:01.06Z</time>
		</trkpt>
		<trkpt lat="34.523847" lon="127.143728">
			<ele>0.00</ele>
			<time>2020-01-20T00:16:01.62Z</time>
		</trkpt>
		<trkpt lat="34.523847" lon="127.143612">
			<ele>0.00</ele>
			<time>2020-01-20T00:16:02.26Z</time>
		</trkpt>
		<trkpt lat="34.523852" lon="127.143490">
			<ele>0.00</ele>
			<time>2020-01-20T00:16:02.93Z</time>
		</trkpt>
		<trkpt lat="34.523863" lon="127.143323">
			<ele>0.00</ele>
			<time>2020-01-20T00:16:03.85Z</time>
		</trkpt>
		<trkpt lat="34.523865" lon="127.143174">
			<ele>0.00</ele>
			<time>2020-01-20T00:16:04.67Z</time>
		</trkpt>
		<trkpt lat="34.523876" lon="127.143004">
			<ele>0.00</ele>
			<time>2020-01-20T00:16:05.61Z</time>
		</trkpt>
		<trkpt lat="34.523878" lon="127.142844">
			<ele>0.00</ele>
			<time>2020-01-20T00:16:06.49Z</time>
		</trkpt>
		<trkpt lat="34.523881" lon="127.142639">
			<ele>0.00</ele>
			<time>2020-01-20T00:16:07.61Z</time>
		</trkpt>
		<trkpt lat="34.523881" lon="127.142470">
			<ele>0.00</ele>
			<time>2020-01-20T00:16:08.54Z</time>
		</trkpt>
		<trkpt lat="34.523878" lon="127.142294">
			<ele>0.00</ele>
			<time>2020-01-20T00:16:09.50Z</time>
		</trkpt>
		<trkpt lat="34.523887" lon="127.142056">
			<ele>0.00</ele>
			<time>2020-01-20T00:16:10.81Z</time>
		</trkpt>
		<trkpt lat="34.523889" lon="127.141900">
			<ele>0.00</ele>
			<time>2020-01-20T00:16:11.67Z</time>
		</trkpt>
		<trkpt lat="34.523888" lon="127.141749">
			<ele>0.00</ele>
			<time>2020-01-20T00:16:12.50Z</time>
		</trkpt>
		<trkpt lat="34.523890" lon="127.141587">
			<ele>0.00</ele>
			<time>2020-01-20T00:16:13.39Z</time>
		</trkpt>
		<trkpt lat="34.523892" lon="127.141493">
			<ele>0.00</ele>
			<time>2020-01-20T00:16:13.91Z</time>
		</trkpt>
		<trkpt lat="34.523894" lon="127.141424">
			<ele>0.00</ele>
			<time>2020-01-20T00:16:14.29Z</time>
		</trkpt>
		<trkpt lat="34.523898" lon="127.141353">
			<ele>0.00</ele>
			<time>2020-01-20T00:16:14.68Z</time>
		</trkpt>
		<trkpt lat="34.523901" lon="127.141255">
			<ele>0.00</ele>
			<time>2020-01-20T00:16:15.22Z</time>
		</trkpt>
		<trkpt lat="34.523920" lon="127.141164">
			<ele>0.00</ele>
			<time>2020-01-20T00:16:15.73Z</time>
		</trkpt>
		<trkpt lat="34.523934" lon="127.141088">
			<ele>0.00</ele>
			<time>2020-01-20T00:16:16.16Z</time>
		</trkpt>
		<trkpt lat="34.523964" lon="127.140986">
			<ele>0.00</ele>
			<time>2020-01-20T00:16:16.75Z</time>
		</trkpt>
		<trkpt lat="34.523969" lon="127.140923">
			<ele>0.00</ele>
			<time>2020-01-20T00:16:17.10Z</time>
		</trkpt>
		<trkpt lat="34.523971" lon="127.140841">
			<ele>0.00</ele>
			<time>2020-01-20T00:16:17.55Z</time>
		</trkpt>
		<trkpt lat="34.523976" lon="127.140734">
			<ele>0.00</ele>
			<time>2020-01-20T00:16:18.14Z</time>
		</trkpt>
		<trkpt lat="34.523978" lon="127.140570">
			<ele>0.00</ele>
			<time>2020-01-20T00:16:19.04Z</time>
		</trkpt>
		<trkpt lat="34.523991" lon="127.140378">
			<ele>0.00</ele>
			<time>2020-01-20T00:16:20.10Z</time>
		</trkpt>
		<trkpt lat="34.523998" lon="127.140238">
			<ele>0.00</ele>
			<time>2020-01-20T00:16:20.87Z</time>
		</trkpt>
		<trkpt lat="34.524009" lon="127.140113">
			<ele>0.00</ele>
			<time>2020-01-20T00:16:21.56Z</time>
		</trkpt>
		<trkpt lat="34.524018" lon="127.140013">
			<ele>0.00</ele>
			<time>2020-01-20T00:16:22.11Z</time>
		</trkpt>
		<trkpt lat="34.524020" lon="127.139891">
			<ele>0.00</ele>
			<time>2020-01-20T00:16:22.78Z</time>
		</trkpt>
		<trkpt lat="34.524029" lon="127.139746">
			<ele>0.00</ele>
			<time>2020-01-20T00:16:23.58Z</time>
		</trkpt>
		<trkpt lat="34.524035" lon="127.139639">
			<ele>0.00</ele>
			<time>2020-01-20T00:16:24.17Z</time>
		</trkpt>
		<trkpt lat="34.524038" lon="127.139532">
			<ele>0.00</ele>
			<time>2020-01-20T00:16:24.76Z</time>
		</trkpt>
		<trkpt lat="34.524036" lon="127.139430">
			<ele>0.00</ele>
			<time>2020-01-20T00:16:25.32Z</time>
		</trkpt>
		<trkpt lat="34.524036" lon="127.139321">
			<ele>0.00</ele>
			<time>2020-01-20T00:16:25.92Z</time>
		</trkpt>
		<trkpt lat="34.524027" lon="127.139219">
			<ele>0.00</ele>
			<time>2020-01-20T00:16:26.48Z</time>
		</trkpt>
		<trkpt lat="34.524020" lon="127.139105">
			<ele>0.00</ele>
			<time>2020-01-20T00:16:27.11Z</time>
		</trkpt>
		<trkpt lat="34.524005" lon="127.138988">
			<ele>0.00</ele>
			<time>2020-01-20T00:16:27.76Z</time>
		</trkpt>
		<trkpt lat="34.523987" lon="127.138865">
			<ele>0.00</ele>
			<time>2020-01-20T00:16:28.44Z</time>
		</trkpt>
		<trkpt lat="34.523967" lon="127.138774">
			<ele>0.00</ele>
			<time>2020-01-20T00:16:28.96Z</time>
		</trkpt>
		<trkpt lat="34.523932" lon="127.138659">
			<ele>0.00</ele>
			<time>2020-01-20T00:16:29.64Z</time>
		</trkpt>
		<trkpt lat="34.523901" lon="127.138552">
			<ele>0.00</ele>
			<time>2020-01-20T00:16:30.26Z</time>
		</trkpt>
		<trkpt lat="34.523866" lon="127.138445">
			<ele>0.00</ele>
			<time>2020-01-20T00:16:30.89Z</time>
		</trkpt>
		<trkpt lat="34.523825" lon="127.138341">
			<ele>0.00</ele>
			<time>2020-01-20T00:16:31.52Z</time>
		</trkpt>
		<trkpt lat="34.523794" lon="127.138248">
			<ele>0.00</ele>
			<time>2020-01-20T00:16:32.07Z</time>
		</trkpt>
		<trkpt lat="34.523774" lon="127.138170">
			<ele>0.00</ele>
			<time>2020-01-20T00:16:32.52Z</time>
		</trkpt>
		<trkpt lat="34.523752" lon="127.138086">
			<ele>0.00</ele>
			<time>2020-01-20T00:16:33.01Z</time>
		</trkpt>
		<trkpt lat="34.523736" lon="127.138023">
			<ele>0.00</ele>
			<time>2020-01-20T00:16:33.37Z</time>
		</trkpt>
		<trkpt lat="34.523728" lon="127.137943">
			<ele>0.00</ele>
			<time>2020-01-20T00:16:33.81Z</time>
		</trkpt>
		<trkpt lat="34.523721" lon="127.137870">
			<ele>0.00</ele>
			<time>2020-01-20T00:16:34.22Z</time>
		</trkpt>
		<trkpt lat="34.523719" lon="127.137767">
			<ele>0.00</ele>
			<time>2020-01-20T00:16:34.78Z</time>
		</trkpt>
		<trkpt lat="34.523726" lon="127.137690">
			<ele>0.00</ele>
			<time>2020-01-20T00:16:35.21Z</time>
		</trkpt>
		<trkpt lat="34.523737" lon="127.137614">
			<ele>0.00</ele>
			<time>2020-01-20T00:16:35.63Z</time>
		</trkpt>
		<trkpt lat="34.523755" lon="127.137532">
			<ele>0.00</ele>
			<time>2020-01-20T00:16:36.10Z</time>
		</trkpt>
		<trkpt lat="34.523783" lon="127.137441">
			<ele>0.00</ele>
			<time>2020-01-20T00:16:36.63Z</time>
		</trkpt>
		<trkpt lat="34.523809" lon="127.137362">
			<ele>0.00</ele>
			<time>2020-01-20T00:16:37.10Z</time>
		</trkpt>
		<trkpt lat="34.523845" lon="127.137266">
			<ele>0.00</ele>
			<time>2020-01-20T00:16:37.68Z</time>
		</trkpt>
		<trkpt lat="34.523885" lon="127.137177">
			<ele>0.00</ele>
			<time>2020-01-20T00:16:38.23Z</time>
		</trkpt>
		<trkpt lat="34.523933" lon="127.137066">
			<ele>0.00</ele>
			<time>2020-01-20T00:16:38.92Z</time>
		</trkpt>
		<trkpt lat="34.523990" lon="127.136950">
			<ele>0.00</ele>
			<time>2020-01-20T00:16:39.66Z</time>
		</trkpt>
		<trkpt lat="34.524030" lon="127.136859">
			<ele>0.00</ele>
			<time>2020-01-20T00:16:40.23Z</time>
		</trkpt>
		<trkpt lat="34.524078" lon="127.136757">
			<ele>0.00</ele>
			<time>2020-01-20T00:16:40.88Z</time>
		</trkpt>
		<trkpt lat="34.524131" lon="127.136670">
			<ele>0.00</ele>
			<time>2020-01-20T00:16:41.47Z</time>
		</trkpt>
		<trkpt lat="34.524173" lon="127.136594">
			<ele>0.00</ele>
			<time>2020-01-20T00:16:41.97Z</time>
		</trkpt>
		<trkpt lat="34.524217" lon="127.136521">
			<ele>0.00</ele>
			<time>2020-01-20T00:16:42.47Z</time>
		</trkpt>
		<trkpt lat="34.524246" lon="127.136454">
			<ele>0.00</ele>
			<time>2020-01-20T00:16:42.89Z</time>
		</trkpt>
		<trkpt lat="34.524288" lon="127.136378">
			<ele>0.00</ele>
			<time>2020-01-20T00:16:43.39Z</time>
		</trkpt>
		<trkpt lat="34.524312" lon="127.136349">
			<ele>0.00</ele>
			<time>2020-01-20T00:16:43.61Z</time>
		</trkpt>
		<trkpt lat="34.524334" lon="127.136301">
			<ele>0.00</ele>
			<time>2020-01-20T00:16:43.92Z</time>
		</trkpt>
		<trkpt lat="34.524329" lon="127.136265">
			<ele>0.00</ele>
			<time>2020-01-20T00:16:44.12Z</time>
		</trkpt>
		<trkpt lat="34.524334" lon="127.136218">
			<ele>0.00</ele>
			<time>2020-01-20T00:16:44.38Z</time>
		</trkpt>
		<trkpt lat="34.524393" lon="127.136160">
			<ele>0.00</ele>
			<time>2020-01-20T00:16:44.88Z</time>
		</trkpt>
		<trkpt lat="34.524503" lon="127.136098">
			<ele>0.00</ele>
			<time>2020-01-20T00:16:45.69Z</time>
		</trkpt>
		<trkpt lat="34.524594" lon="127.136031">
			<ele>0.00</ele>
			<time>2020-01-20T00:16:46.40Z</time>
		</trkpt>
		<trkpt lat="34.524694" lon="127.135960">
			<ele>0.00</ele>
			<time>2020-01-20T00:16:47.17Z</time>
		</trkpt>
		<trkpt lat="34.524780" lon="127.135909">
			<ele>0.00</ele>
			<time>2020-01-20T00:16:47.81Z</time>
		</trkpt>
		<trkpt lat="34.524868" lon="127.135849">
			<ele>0.00</ele>
			<time>2020-01-20T00:16:48.48Z</time>
		</trkpt>
		<trkpt lat="34.524948" lon="127.135798">
			<ele>0.00</ele>
			<time>2020-01-20T00:16:49.09Z</time>
		</trkpt>
		<trkpt lat="34.525044" lon="127.135731">
			<ele>0.00</ele>
			<time>2020-01-20T00:16:49.82Z</time>
		</trkpt>
		<trkpt lat="34.525154" lon="127.135660">
			<ele>0.00</ele>
			<time>2020-01-20T00:16:50.65Z</time>
		</trkpt>
		<trkpt lat="34.525239" lon="127.135604">
			<ele>0.00</ele>
			<time>2020-01-20T00:16:51.30Z</time>
		</trkpt>
		<trkpt lat="34.525370" lon="127.135521">
			<ele>0.00</ele>
			<time>2020-01-20T00:16:52.29Z</time>
		</trkpt>
		<trkpt lat="34.525519" lon="127.135437">
			<ele>0.00</ele>
			<time>2020-01-20T00:16:53.38Z</time>
		</trkpt>
		<trkpt lat="34.525623" lon="127.135363">
			<ele>0.00</ele>
			<time>2020-01-20T00:16:54.18Z</time>
		</trkpt>
		<trkpt lat="34.525726" lon="127.135301">
			<ele>0.00</ele>
			<time>2020-01-20T00:16:54.95Z</time>
		</trkpt>
		<trkpt lat="34.525807" lon="127.135251">
			<ele>0.00</ele>
			<time>2020-01-20T00:16:55.56Z</time>
		</trkpt>
		<trkpt lat="34.525897" lon="127.135492">
			<ele>0.00</ele>
			<time>2020-01-20T00:16:57.01Z</time>
		</trkpt>
		<trkpt lat="34.525928" lon="127.135485">
			<ele>0.00</ele>
			<time>2020-01-20T00:16:57.22Z</time>
		</trkpt>
		<trkpt lat="34.526019" lon="127.135502">
			<ele>0.00</ele>
			<time>2020-01-20T00:16:57.83Z</time>
		</trkpt>
		<trkpt lat="34.526147" lon="127.135974">
			<ele>0.00</ele>
			<time>2020-01-20T00:17:00.56Z</time>
		</trkpt>
		<trkpt lat="34.526306" lon="127.136523">
			<ele>0.00</ele>
			<time>2020-01-20T00:17:03.76Z</time>
		</trkpt>
		<trkpt lat="34.526430" lon="127.136951">
			<ele>0.00</ele>
			<time>2020-01-20T00:17:06.25Z</time>
		</trkpt>
		<trkpt lat="34.526523" lon="127.137286">
			<ele>0.00</ele>
			<time>2020-01-20T00:17:08.19Z</time>
		</trkpt>
		<trkpt lat="34.526617" lon="127.137579">
			<ele>0.00</ele>
			<time>2020-01-20T00:17:09.92Z</time>
		</trkpt>
		<trkpt lat="34.526686" lon="127.137810">
			<ele>0.00</ele>
			<time>2020-01-20T00:17:11.27Z</time>
		</trkpt>
		<trkpt lat="34.526716" lon="127.137921">
			<ele>0.00</ele>
			<time>2020-01-20T00:17:11.91Z</time>
		</trkpt>
		<trkpt lat="34.526772" lon="127.138158">
			<ele>0.00</ele>
			<time>2020-01-20T00:17:13.27Z</time>
		</trkpt>
		<trkpt lat="34.526833" lon="127.138357">
			<ele>0.00</ele>
			<time>2020-01-20T00:17:14.43Z</time>
		</trkpt>
		<trkpt lat="34.526818" lon="127.138369">
			<ele>0.00</ele>
			<time>2020-01-20T00:17:14.56Z</time>
		</trkpt>
		<trkpt lat="34.526854" lon="127.138460">
			<ele>0.00</ele>
			<time>2020-01-20T00:17:15.11Z</time>
		</trkpt>
		<trkpt lat="34.526910" lon="127.138571">
			<ele>0.00</ele>
			<time>2020-01-20T00:17:15.82Z</time>
		</trkpt>
		<trkpt lat="34.526977" lon="127.138678">
			<ele>0.00</ele>
			<time>2020-01-20T00:17:16.56Z</time>
		</trkpt>
		<trkpt lat="34.527115" lon="127.138628">
			<ele>0.00</ele>
			<time>2020-01-20T00:17:17.52Z</time>
		</trkpt>
		<trkpt lat="34.527224" lon="127.138593">
			<ele>0.00</ele>
			<time>2020-01-20T00:17:18.27Z</time>
		</trkpt>
		<trkpt lat="34.527328" lon="127.138560">
			<ele>0.00</ele>
			<time>2020-01-20T00:17:18.98Z</time>
		</trkpt>
		<trkpt lat="34.527441" lon="127.138532">
			<ele>0.00</ele>
			<time>2020-01-20T00:17:19.75Z</time>
		</trkpt>
		<trkpt lat="34.527561" lon="127.138505">
			<ele>0.00</ele>
			<time>2020-01-20T00:17:20.57Z</time>
		</trkpt>
		<trkpt lat="34.527692" lon="127.138475">
			<ele>0.00</ele>
			<time>2020-01-20T00:17:21.46Z</time>
		</trkpt>
		<trkpt lat="34.527819" lon="127.138453">
			<ele>0.00</ele>
			<time>2020-01-20T00:17:22.31Z</time>
		</trkpt>
		<trkpt lat="34.527939" lon="127.138439">
			<ele>0.00</ele>
			<time>2020-01-20T00:17:23.11Z</time>
		</trkpt>
		<trkpt lat="34.528056" lon="127.138403">
			<ele>0.00</ele>
			<time>2020-01-20T00:17:23.92Z</time>
		</trkpt>
		<trkpt lat="34.528183" lon="127.138395">
			<ele>0.00</ele>
			<time>2020-01-20T00:17:24.77Z</time>
		</trkpt>
		<trkpt lat="34.528303" lon="127.138373">
			<ele>0.00</ele>
			<time>2020-01-20T00:17:25.57Z</time>
		</trkpt>
		<trkpt lat="34.528417" lon="127.138354">
			<ele>0.00</ele>
			<time>2020-01-20T00:17:26.35Z</time>
		</trkpt>
		<trkpt lat="34.528546" lon="127.138316">
			<ele>0.00</ele>
			<time>2020-01-20T00:17:27.23Z</time>
		</trkpt>
		<trkpt lat="34.528675" lon="127.138275">
			<ele>0.00</ele>
			<time>2020-01-20T00:17:28.12Z</time>
		</trkpt>
		<trkpt lat="34.528821" lon="127.138236">
			<ele>0.00</ele>
			<time>2020-01-20T00:17:29.12Z</time>
		</trkpt>
		<trkpt lat="34.528957" lon="127.138203">
			<ele>0.00</ele>
			<time>2020-01-20T00:17:30.04Z</time>
		</trkpt>
		<trkpt lat="34.529085" lon="127.138179">
			<ele>0.00</ele>
			<time>2020-01-20T00:17:30.90Z</time>
		</trkpt>
		<trkpt lat="34.529212" lon="127.138157">
			<ele>0.00</ele>
			<time>2020-01-20T00:17:31.76Z</time>
		</trkpt>
		<trkpt lat="34.529345" lon="127.138121">
			<ele>0.00</ele>
			<time>2020-01-20T00:17:32.67Z</time>
		</trkpt>
		<trkpt lat="34.529471" lon="127.138088">
			<ele>0.00</ele>
			<time>2020-01-20T00:17:33.53Z</time>
		</trkpt>
		<trkpt lat="34.529595" lon="127.138061">
			<ele>0.00</ele>
			<time>2020-01-20T00:17:34.37Z</time>
		</trkpt>
		<trkpt lat="34.529735" lon="127.138034">
			<ele>0.00</ele>
			<time>2020-01-20T00:17:35.31Z</time>
		</trkpt>
		<trkpt lat="34.529816" lon="127.138026">
			<ele>0.00</ele>
			<time>2020-01-20T00:17:35.85Z</time>
		</trkpt>
		<trkpt lat="34.529818" lon="127.138152">
			<ele>0.00</ele>
			<time>2020-01-20T00:17:36.55Z</time>
		</trkpt>
		<trkpt lat="34.529942" lon="127.138207">
			<ele>0.00</ele>
			<time>2020-01-20T00:17:37.42Z</time>
		</trkpt>
		<trkpt lat="34.530073" lon="127.138201">
			<ele>0.00</ele>
			<time>2020-01-20T00:17:38.30Z</time>
		</trkpt>
		<trkpt lat="34.530188" lon="127.138248">
			<ele>0.00</ele>
			<time>2020-01-20T00:17:39.10Z</time>
		</trkpt>
		<trkpt lat="34.530303" lon="127.138291">
			<ele>0.00</ele>
			<time>2020-01-20T00:17:39.91Z</time>
		</trkpt>
		<trkpt lat="34.530416" lon="127.138327">
			<ele>0.00</ele>
			<time>2020-01-20T00:17:40.68Z</time>
		</trkpt>
		<trkpt lat="34.530521" lon="127.138346">
			<ele>0.00</ele>
			<time>2020-01-20T00:17:41.39Z</time>
		</trkpt>
		<trkpt lat="34.530674" lon="127.138373">
			<ele>0.00</ele>
			<time>2020-01-20T00:17:42.43Z</time>
		</trkpt>
		<trkpt lat="34.530807" lon="127.138431">
			<ele>0.00</ele>
			<time>2020-01-20T00:17:43.37Z</time>
		</trkpt>
		<trkpt lat="34.530940" lon="127.138477">
			<ele>0.00</ele>
			<time>2020-01-20T00:17:44.29Z</time>
		</trkpt>
		<trkpt lat="34.531069" lon="127.138543">
			<ele>0.00</ele>
			<time>2020-01-20T00:17:45.22Z</time>
		</trkpt>
		<trkpt lat="34.531177" lon="127.138576">
			<ele>0.00</ele>
			<time>2020-01-20T00:17:45.97Z</time>
		</trkpt>
		<trkpt lat="34.531308" lon="127.138614">
			<ele>0.00</ele>
			<time>2020-01-20T00:17:46.87Z</time>
		</trkpt>
		<trkpt lat="34.531449" lon="127.138642">
			<ele>0.00</ele>
			<time>2020-01-20T00:17:47.82Z</time>
		</trkpt>
		<trkpt lat="34.531611" lon="127.138678">
			<ele>0.00</ele>
			<time>2020-01-20T00:17:48.91Z</time>
		</trkpt>
		<trkpt lat="34.531755" lon="127.138712">
			<ele>0.00</ele>
			<time>2020-01-20T00:17:49.89Z</time>
		</trkpt>
		<trkpt lat="34.531898" lon="127.138731">
			<ele>0.00</ele>
			<time>2020-01-20T00:17:50.85Z</time>
		</trkpt>
		<trkpt lat="34.532030" lon="127.138754">
			<ele>0.00</ele>
			<time>2020-01-20T00:17:51.74Z</time>
		</trkpt>
		<trkpt lat="34.532171" lon="127.138790">
			<ele>0.00</ele>
			<time>2020-01-20T00:17:52.70Z</time>
		</trkpt>
		<trkpt lat="34.532292" lon="127.138812">
			<ele>0.00</ele>
			<time>2020-01-20T00:17:53.51Z</time>
		</trkpt>
		<trkpt lat="34.532369" lon="127.138834">
			<ele>0.00</ele>
			<time>2020-01-20T00:17:54.04Z</time>
		</trkpt>
		<trkpt lat="34.532362" lon="127.139022">
			<ele>0.00</ele>
			<time>2020-01-20T00:17:55.07Z</time>
		</trkpt>
		<trkpt lat="34.532358" lon="127.139184">
			<ele>0.00</ele>
			<time>2020-01-20T00:17:55.97Z</time>
		</trkpt>
		<trkpt lat="34.532353" lon="127.139330">
			<ele>0.00</ele>
			<time>2020-01-20T00:17:56.77Z</time>
		</trkpt>
		<extensions>
			<gte:name>#443</gte:name>
			<gte:color>#86ff86</gte:color>
		</extensions>
	</trkseg>
</trk>
</gpx>