<?xml version="1.0" encoding="UTF-8"?>
<gpx version="1.1" creator="GPS Track Editor" xmlns="http://www.topografix.com/GPX/1/1" xmlns:xsi="http://www.w3.org/2001/XMLSchema-instance" xmlns:gte="http://www.gpstrackeditor.com/xmlschemas/General/1" xmlns:gpxtpx="http://www.garmin.com/xmlschemas/TrackPointExtension/v1" xmlns:gpxx="http://www.garmin.com/xmlschemas/GpxExtensions/v3" targetNamespace="http://www.topografix.com/GPX/1/1" elementFormDefault="qualified" xsi:schemaLocation="http://www.topografix.com/GPX/1/1 http://www.topografix.com/GPX/1/1/gpx.xsd">
<metadata>
	<name>GPS_2020-01-17_054530</name>
</metadata>
<trk>
	<name>028-통영시 용남면 장평리 신촌마을~통영시 동호동 남망산조각공원 입구</name>
	<trkseg>
		<trkpt lat="34.884718" lon="128.468712">
			<ele>0.00</ele>
			<time>2020-01-17T05:45:30.46Z</time>
		</trkpt>
		<trkpt lat="34.884685" lon="128.468703">
			<ele>0.00</ele>
			<time>2020-01-17T05:45:30.69Z</time>
		</trkpt>
		<trkpt lat="34.884649" lon="128.468692">
			<ele>0.00</ele>
			<time>2020-01-17T05:45:30.93Z</time>
		</trkpt>
		<trkpt lat="34.884609" lon="128.468683">
			<ele>0.00</ele>
			<time>2020-01-17T05:45:31.20Z</time>
		</trkpt>
		<trkpt lat="34.884577" lon="128.468674">
			<ele>0.00</ele>
			<time>2020-01-17T05:45:31.42Z</time>
		</trkpt>
		<trkpt lat="34.884535" lon="128.468666">
			<ele>0.00</ele>
			<time>2020-01-17T05:45:31.70Z</time>
		</trkpt>
		<trkpt lat="34.884488" lon="128.468653">
			<ele>0.00</ele>
			<time>2020-01-17T05:45:32.03Z</time>
		</trkpt>
		<trkpt lat="34.884446" lon="128.468639">
			<ele>0.00</ele>
			<time>2020-01-17T05:45:32.32Z</time>
		</trkpt>
		<trkpt lat="34.884397" lon="128.468615">
			<ele>0.00</ele>
			<time>2020-01-17T05:45:32.67Z</time>
		</trkpt>
		<trkpt lat="34.884355" lon="128.468593">
			<ele>0.00</ele>
			<time>2020-01-17T05:45:32.97Z</time>
		</trkpt>
		<trkpt lat="34.884310" lon="128.468570">
			<ele>0.00</ele>
			<time>2020-01-17T05:45:33.30Z</time>
		</trkpt>
		<trkpt lat="34.884275" lon="128.468534">
			<ele>0.00</ele>
			<time>2020-01-17T05:45:33.61Z</time>
		</trkpt>
		<trkpt lat="34.884250" lon="128.468488">
			<ele>0.00</ele>
			<time>2020-01-17T05:45:33.91Z</time>
		</trkpt>
		<trkpt lat="34.884226" lon="128.468438">
			<ele>0.00</ele>
			<time>2020-01-17T05:45:34.23Z</time>
		</trkpt>
		<trkpt lat="34.884177" lon="128.468266">
			<ele>0.00</ele>
			<time>2020-01-17T05:45:35.22Z</time>
		</trkpt>
		<trkpt lat="34.884092" lon="128.468017">
			<ele>0.00</ele>
			<time>2020-01-17T05:45:36.70Z</time>
		</trkpt>
		<trkpt lat="34.884009" lon="128.467557">
			<ele>0.00</ele>
			<time>2020-01-17T05:45:39.27Z</time>
		</trkpt>
		<trkpt lat="34.883983" lon="128.467359">
			<ele>0.00</ele>
			<time>2020-01-17T05:45:40.36Z</time>
		</trkpt>
		<trkpt lat="34.884024" lon="128.467081">
			<ele>0.00</ele>
			<time>2020-01-17T05:45:41.91Z</time>
		</trkpt>
		<trkpt lat="34.884063" lon="128.466756">
			<ele>0.00</ele>
			<time>2020-01-17T05:45:43.71Z</time>
		</trkpt>
		<trkpt lat="34.884073" lon="128.466507">
			<ele>0.00</ele>
			<time>2020-01-17T05:45:45.07Z</time>
		</trkpt>
		<trkpt lat="34.884056" lon="128.466366">
			<ele>0.00</ele>
			<time>2020-01-17T05:45:45.85Z</time>
		</trkpt>
		<trkpt lat="34.884004" lon="128.466244">
			<ele>0.00</ele>
			<time>2020-01-17T05:45:46.60Z</time>
		</trkpt>
		<trkpt lat="34.883845" lon="128.466075">
			<ele>0.00</ele>
			<time>2020-01-17T05:45:48Z</time>
		</trkpt>
		<trkpt lat="34.883741" lon="128.466064">
			<ele>0.00</ele>
			<time>2020-01-17T05:45:48.70Z</time>
		</trkpt>
		<trkpt lat="34.883730" lon="128.466068">
			<ele>0.00</ele>
			<time>2020-01-17T05:45:48.78Z</time>
		</trkpt>
		<trkpt lat="34.883568" lon="128.466105">
			<ele>0.00</ele>
			<time>2020-01-17T05:45:49.88Z</time>
		</trkpt>
		<trkpt lat="34.883449" lon="128.466118">
			<ele>0.00</ele>
			<time>2020-01-17T05:45:50.68Z</time>
		</trkpt>
		<trkpt lat="34.883305" lon="128.465903">
			<ele>0.00</ele>
			<time>2020-01-17T05:45:52.19Z</time>
		</trkpt>
		<trkpt lat="34.883198" lon="128.465621">
			<ele>0.00</ele>
			<time>2020-01-17T05:45:53.89Z</time>
		</trkpt>
		<trkpt lat="34.883088" lon="128.465341">
			<ele>0.00</ele>
			<time>2020-01-17T05:45:55.58Z</time>
		</trkpt>
		<trkpt lat="34.882883" lon="128.465129">
			<ele>0.00</ele>
			<time>2020-01-17T05:45:57.38Z</time>
		</trkpt>
		<trkpt lat="34.882511" lon="128.464852">
			<ele>0.00</ele>
			<time>2020-01-17T05:46:00.29Z</time>
		</trkpt>
		<trkpt lat="34.882494" lon="128.464830">
			<ele>0.00</ele>
			<time>2020-01-17T05:46:00.45Z</time>
		</trkpt>
		<trkpt lat="34.882167" lon="128.464663">
			<ele>0.00</ele>
			<time>2020-01-17T05:46:02.81Z</time>
		</trkpt>
		<trkpt lat="34.882025" lon="128.464607">
			<ele>0.00</ele>
			<time>2020-01-17T05:46:03.81Z</time>
		</trkpt>
		<trkpt lat="34.881820" lon="128.464563">
			<ele>0.00</ele>
			<time>2020-01-17T05:46:05.19Z</time>
		</trkpt>
		<trkpt lat="34.881677" lon="128.464552">
			<ele>0.00</ele>
			<time>2020-01-17T05:46:06.15Z</time>
		</trkpt>
		<trkpt lat="34.881557" lon="128.464574">
			<ele>0.00</ele>
			<time>2020-01-17T05:46:06.96Z</time>
		</trkpt>
		<trkpt lat="34.881554" lon="128.464574">
			<ele>0.00</ele>
			<time>2020-01-17T05:46:07.02Z</time>
		</trkpt>
		<trkpt lat="34.881441" lon="128.464525">
			<ele>0.00</ele>
			<time>2020-01-17T05:46:07.82Z</time>
		</trkpt>
		<trkpt lat="34.881237" lon="128.464348">
			<ele>0.00</ele>
			<time>2020-01-17T05:46:09.49Z</time>
		</trkpt>
		<trkpt lat="34.881231" lon="128.464344">
			<ele>0.00</ele>
			<time>2020-01-17T05:46:09.55Z</time>
		</trkpt>
		<trkpt lat="34.881008" lon="128.464153">
			<ele>0.00</ele>
			<time>2020-01-17T05:46:11.36Z</time>
		</trkpt>
		<trkpt lat="34.880819" lon="128.463953">
			<ele>0.00</ele>
			<time>2020-01-17T05:46:13.03Z</time>
		</trkpt>
		<trkpt lat="34.880546" lon="128.463755">
			<ele>0.00</ele>
			<time>2020-01-17T05:46:15.15Z</time>
		</trkpt>
		<trkpt lat="34.880464" lon="128.463577">
			<ele>0.00</ele>
			<time>2020-01-17T05:46:16.26Z</time>
		</trkpt>
		<trkpt lat="34.880427" lon="128.463411">
			<ele>0.00</ele>
			<time>2020-01-17T05:46:17.20Z</time>
		</trkpt>
		<trkpt lat="34.880319" lon="128.463261">
			<ele>0.00</ele>
			<time>2020-01-17T05:46:18.29Z</time>
		</trkpt>
		<trkpt lat="34.880213" lon="128.463090">
			<ele>0.00</ele>
			<time>2020-01-17T05:46:19.47Z</time>
		</trkpt>
		<trkpt lat="34.880132" lon="128.462877">
			<ele>0.00</ele>
			<time>2020-01-17T05:46:20.75Z</time>
		</trkpt>
		<trkpt lat="34.880042" lon="128.462587">
			<ele>0.00</ele>
			<time>2020-01-17T05:46:22.44Z</time>
		</trkpt>
		<trkpt lat="34.879936" lon="128.462368">
			<ele>0.00</ele>
			<time>2020-01-17T05:46:23.83Z</time>
		</trkpt>
		<trkpt lat="34.879876" lon="128.462101">
			<ele>0.00</ele>
			<time>2020-01-17T05:46:25.35Z</time>
		</trkpt>
		<trkpt lat="34.879877" lon="128.461879">
			<ele>0.00</ele>
			<time>2020-01-17T05:46:26.57Z</time>
		</trkpt>
		<trkpt lat="34.879821" lon="128.461686">
			<ele>0.00</ele>
			<time>2020-01-17T05:46:27.69Z</time>
		</trkpt>
		<trkpt lat="34.879815" lon="128.461501">
			<ele>0.00</ele>
			<time>2020-01-17T05:46:28.69Z</time>
		</trkpt>
		<trkpt lat="34.879813" lon="128.461169">
			<ele>0.00</ele>
			<time>2020-01-17T05:46:30.51Z</time>
		</trkpt>
		<trkpt lat="34.879830" lon="128.460957">
			<ele>0.00</ele>
			<time>2020-01-17T05:46:31.68Z</time>
		</trkpt>
		<trkpt lat="34.879841" lon="128.460750">
			<ele>0.00</ele>
			<time>2020-01-17T05:46:32.81Z</time>
		</trkpt>
		<trkpt lat="34.879852" lon="128.460744">
			<ele>0.00</ele>
			<time>2020-01-17T05:46:32.89Z</time>
		</trkpt>
		<trkpt lat="34.879876" lon="128.460724">
			<ele>0.00</ele>
			<time>2020-01-17T05:46:33.08Z</time>
		</trkpt>
		<trkpt lat="34.879891" lon="128.460670">
			<ele>0.00</ele>
			<time>2020-01-17T05:46:33.39Z</time>
		</trkpt>
		<trkpt lat="34.879910" lon="128.460620">
			<ele>0.00</ele>
			<time>2020-01-17T05:46:33.70Z</time>
		</trkpt>
		<trkpt lat="34.879928" lon="128.460568">
			<ele>0.00</ele>
			<time>2020-01-17T05:46:34Z</time>
		</trkpt>
		<trkpt lat="34.879944" lon="128.460511">
			<ele>0.00</ele>
			<time>2020-01-17T05:46:34.34Z</time>
		</trkpt>
		<trkpt lat="34.879961" lon="128.460458">
			<ele>0.00</ele>
			<time>2020-01-17T05:46:34.65Z</time>
		</trkpt>
		<trkpt lat="34.879980" lon="128.460387">
			<ele>0.00</ele>
			<time>2020-01-17T05:46:35.06Z</time>
		</trkpt>
		<trkpt lat="34.880001" lon="128.460335">
			<ele>0.00</ele>
			<time>2020-01-17T05:46:35.37Z</time>
		</trkpt>
		<trkpt lat="34.880017" lon="128.460285">
			<ele>0.00</ele>
			<time>2020-01-17T05:46:35.66Z</time>
		</trkpt>
		<trkpt lat="34.880036" lon="128.460224">
			<ele>0.00</ele>
			<time>2020-01-17T05:46:36.02Z</time>
		</trkpt>
		<trkpt lat="34.880056" lon="128.460164">
			<ele>0.00</ele>
			<time>2020-01-17T05:46:36.38Z</time>
		</trkpt>
		<trkpt lat="34.880078" lon="128.460103">
			<ele>0.00</ele>
			<time>2020-01-17T05:46:36.74Z</time>
		</trkpt>
		<trkpt lat="34.880099" lon="128.460039">
			<ele>0.00</ele>
			<time>2020-01-17T05:46:37.12Z</time>
		</trkpt>
		<trkpt lat="34.880129" lon="128.459963">
			<ele>0.00</ele>
			<time>2020-01-17T05:46:37.58Z</time>
		</trkpt>
		<trkpt lat="34.880161" lon="128.459909">
			<ele>0.00</ele>
			<time>2020-01-17T05:46:37.94Z</time>
		</trkpt>
		<trkpt lat="34.880201" lon="128.459858">
			<ele>0.00</ele>
			<time>2020-01-17T05:46:38.33Z</time>
		</trkpt>
		<trkpt lat="34.880239" lon="128.459827">
			<ele>0.00</ele>
			<time>2020-01-17T05:46:38.63Z</time>
		</trkpt>
		<trkpt lat="34.880284" lon="128.459813">
			<ele>0.00</ele>
			<time>2020-01-17T05:46:38.94Z</time>
		</trkpt>
		<trkpt lat="34.880348" lon="128.459808">
			<ele>0.00</ele>
			<time>2020-01-17T05:46:39.37Z</time>
		</trkpt>
		<trkpt lat="34.880413" lon="128.459818">
			<ele>0.00</ele>
			<time>2020-01-17T05:46:39.81Z</time>
		</trkpt>
		<trkpt lat="34.880483" lon="128.459843">
			<ele>0.00</ele>
			<time>2020-01-17T05:46:40.29Z</time>
		</trkpt>
		<trkpt lat="34.880543" lon="128.459859">
			<ele>0.00</ele>
			<time>2020-01-17T05:46:40.71Z</time>
		</trkpt>
		<trkpt lat="34.880609" lon="128.459870">
			<ele>0.00</ele>
			<time>2020-01-17T05:46:41.15Z</time>
		</trkpt>
		<trkpt lat="34.880677" lon="128.459885">
			<ele>0.00</ele>
			<time>2020-01-17T05:46:41.61Z</time>
		</trkpt>
		<trkpt lat="34.880750" lon="128.459914">
			<ele>0.00</ele>
			<time>2020-01-17T05:46:42.12Z</time>
		</trkpt>
		<trkpt lat="34.880820" lon="128.459933">
			<ele>0.00</ele>
			<time>2020-01-17T05:46:42.60Z</time>
		</trkpt>
		<trkpt lat="34.880885" lon="128.459955">
			<ele>0.00</ele>
			<time>2020-01-17T05:46:43.05Z</time>
		</trkpt>
		<trkpt lat="34.880942" lon="128.459973">
			<ele>0.00</ele>
			<time>2020-01-17T05:46:43.44Z</time>
		</trkpt>
		<trkpt lat="34.880997" lon="128.459976">
			<ele>0.00</ele>
			<time>2020-01-17T05:46:43.81Z</time>
		</trkpt>
		<trkpt lat="34.881060" lon="128.459981">
			<ele>0.00</ele>
			<time>2020-01-17T05:46:44.23Z</time>
		</trkpt>
		<trkpt lat="34.881124" lon="128.459977">
			<ele>0.00</ele>
			<time>2020-01-17T05:46:44.65Z</time>
		</trkpt>
		<trkpt lat="34.881181" lon="128.459979">
			<ele>0.00</ele>
			<time>2020-01-17T05:46:45.04Z</time>
		</trkpt>
		<trkpt lat="34.881240" lon="128.459979">
			<ele>0.00</ele>
			<time>2020-01-17T05:46:45.43Z</time>
		</trkpt>
		<trkpt lat="34.881286" lon="128.459934">
			<ele>0.00</ele>
			<time>2020-01-17T05:46:45.82Z</time>
		</trkpt>
		<trkpt lat="34.881316" lon="128.459870">
			<ele>0.00</ele>
			<time>2020-01-17T05:46:46.22Z</time>
		</trkpt>
		<trkpt lat="34.881362" lon="128.459781">
			<ele>0.00</ele>
			<time>2020-01-17T05:46:46.80Z</time>
		</trkpt>
		<trkpt lat="34.881400" lon="128.459699">
			<ele>0.00</ele>
			<time>2020-01-17T05:46:47.32Z</time>
		</trkpt>
		<trkpt lat="34.881438" lon="128.459624">
			<ele>0.00</ele>
			<time>2020-01-17T05:46:47.80Z</time>
		</trkpt>
		<trkpt lat="34.881476" lon="128.459550">
			<ele>0.00</ele>
			<time>2020-01-17T05:46:48.28Z</time>
		</trkpt>
		<trkpt lat="34.881509" lon="128.459481">
			<ele>0.00</ele>
			<time>2020-01-17T05:46:48.71Z</time>
		</trkpt>
		<trkpt lat="34.881538" lon="128.459405">
			<ele>0.00</ele>
			<time>2020-01-17T05:46:49.17Z</time>
		</trkpt>
		<trkpt lat="34.881572" lon="128.459338">
			<ele>0.00</ele>
			<time>2020-01-17T05:46:49.61Z</time>
		</trkpt>
		<trkpt lat="34.881609" lon="128.459268">
			<ele>0.00</ele>
			<time>2020-01-17T05:46:50.06Z</time>
		</trkpt>
		<trkpt lat="34.881640" lon="128.459201">
			<ele>0.00</ele>
			<time>2020-01-17T05:46:50.48Z</time>
		</trkpt>
		<trkpt lat="34.881666" lon="128.459133">
			<ele>0.00</ele>
			<time>2020-01-17T05:46:50.89Z</time>
		</trkpt>
		<trkpt lat="34.881697" lon="128.459076">
			<ele>0.00</ele>
			<time>2020-01-17T05:46:51.26Z</time>
		</trkpt>
		<trkpt lat="34.881734" lon="128.459015">
			<ele>0.00</ele>
			<time>2020-01-17T05:46:51.68Z</time>
		</trkpt>
		<trkpt lat="34.881773" lon="128.458942">
			<ele>0.00</ele>
			<time>2020-01-17T05:46:52.16Z</time>
		</trkpt>
		<trkpt lat="34.881793" lon="128.458901">
			<ele>0.00</ele>
			<time>2020-01-17T05:46:52.42Z</time>
		</trkpt>
		<trkpt lat="34.881832" lon="128.458852">
			<ele>0.00</ele>
			<time>2020-01-17T05:46:52.79Z</time>
		</trkpt>
		<trkpt lat="34.881884" lon="128.458797">
			<ele>0.00</ele>
			<time>2020-01-17T05:46:53.25Z</time>
		</trkpt>
		<trkpt lat="34.881927" lon="128.458749">
			<ele>0.00</ele>
			<time>2020-01-17T05:46:53.63Z</time>
		</trkpt>
		<trkpt lat="34.881967" lon="128.458686">
			<ele>0.00</ele>
			<time>2020-01-17T05:46:54.07Z</time>
		</trkpt>
		<trkpt lat="34.881991" lon="128.458622">
			<ele>0.00</ele>
			<time>2020-01-17T05:46:54.46Z</time>
		</trkpt>
		<trkpt lat="34.882014" lon="128.458561">
			<ele>0.00</ele>
			<time>2020-01-17T05:46:54.83Z</time>
		</trkpt>
		<trkpt lat="34.882037" lon="128.458495">
			<ele>0.00</ele>
			<time>2020-01-17T05:46:55.22Z</time>
		</trkpt>
		<trkpt lat="34.882057" lon="128.458419">
			<ele>0.00</ele>
			<time>2020-01-17T05:46:55.65Z</time>
		</trkpt>
		<trkpt lat="34.882079" lon="128.458359">
			<ele>0.00</ele>
			<time>2020-01-17T05:46:56.01Z</time>
		</trkpt>
		<trkpt lat="34.882111" lon="128.458301">
			<ele>0.00</ele>
			<time>2020-01-17T05:46:56.39Z</time>
		</trkpt>
		<trkpt lat="34.882166" lon="128.458260">
			<ele>0.00</ele>
			<time>2020-01-17T05:46:56.82Z</time>
		</trkpt>
		<trkpt lat="34.882225" lon="128.458214">
			<ele>0.00</ele>
			<time>2020-01-17T05:46:57.29Z</time>
		</trkpt>
		<trkpt lat="34.882290" lon="128.458175">
			<ele>0.00</ele>
			<time>2020-01-17T05:46:57.78Z</time>
		</trkpt>
		<trkpt lat="34.882358" lon="128.458125">
			<ele>0.00</ele>
			<time>2020-01-17T05:46:58.31Z</time>
		</trkpt>
		<trkpt lat="34.882425" lon="128.458076">
			<ele>0.00</ele>
			<time>2020-01-17T05:46:58.82Z</time>
		</trkpt>
		<trkpt lat="34.882482" lon="128.458034">
			<ele>0.00</ele>
			<time>2020-01-17T05:46:59.27Z</time>
		</trkpt>
		<trkpt lat="34.882533" lon="128.457993">
			<ele>0.00</ele>
			<time>2020-01-17T05:46:59.68Z</time>
		</trkpt>
		<trkpt lat="34.882578" lon="128.457958">
			<ele>0.00</ele>
			<time>2020-01-17T05:47:00.03Z</time>
		</trkpt>
		<trkpt lat="34.882625" lon="128.457928">
			<ele>0.00</ele>
			<time>2020-01-17T05:47:00.38Z</time>
		</trkpt>
		<trkpt lat="34.882667" lon="128.457901">
			<ele>0.00</ele>
			<time>2020-01-17T05:47:00.70Z</time>
		</trkpt>
		<trkpt lat="34.882704" lon="128.457870">
			<ele>0.00</ele>
			<time>2020-01-17T05:47:01Z</time>
		</trkpt>
		<trkpt lat="34.882732" lon="128.457850">
			<ele>0.00</ele>
			<time>2020-01-17T05:47:01.22Z</time>
		</trkpt>
		<trkpt lat="34.882736" lon="128.457811">
			<ele>0.00</ele>
			<time>2020-01-17T05:47:01.43Z</time>
		</trkpt>
		<trkpt lat="34.882717" lon="128.457734">
			<ele>0.00</ele>
			<time>2020-01-17T05:47:01.87Z</time>
		</trkpt>
		<trkpt lat="34.882692" lon="128.457641">
			<ele>0.00</ele>
			<time>2020-01-17T05:47:02.41Z</time>
		</trkpt>
		<trkpt lat="34.882669" lon="128.457553">
			<ele>0.00</ele>
			<time>2020-01-17T05:47:02.91Z</time>
		</trkpt>
		<trkpt lat="34.882651" lon="128.457473">
			<ele>0.00</ele>
			<time>2020-01-17T05:47:03.37Z</time>
		</trkpt>
		<trkpt lat="34.882631" lon="128.457392">
			<ele>0.00</ele>
			<time>2020-01-17T05:47:03.83Z</time>
		</trkpt>
		<trkpt lat="34.882608" lon="128.457320">
			<ele>0.00</ele>
			<time>2020-01-17T05:47:04.25Z</time>
		</trkpt>
		<trkpt lat="34.882587" lon="128.457239">
			<ele>0.00</ele>
			<time>2020-01-17T05:47:04.71Z</time>
		</trkpt>
		<trkpt lat="34.882561" lon="128.457155">
			<ele>0.00</ele>
			<time>2020-01-17T05:47:05.21Z</time>
		</trkpt>
		<trkpt lat="34.882538" lon="128.457072">
			<ele>0.00</ele>
			<time>2020-01-17T05:47:05.69Z</time>
		</trkpt>
		<trkpt lat="34.882516" lon="128.456994">
			<ele>0.00</ele>
			<time>2020-01-17T05:47:06.14Z</time>
		</trkpt>
		<trkpt lat="34.882492" lon="128.456908">
			<ele>0.00</ele>
			<time>2020-01-17T05:47:06.63Z</time>
		</trkpt>
		<trkpt lat="34.882469" lon="128.456830">
			<ele>0.00</ele>
			<time>2020-01-17T05:47:07.09Z</time>
		</trkpt>
		<trkpt lat="34.882441" lon="128.456745">
			<ele>0.00</ele>
			<time>2020-01-17T05:47:07.59Z</time>
		</trkpt>
		<trkpt lat="34.882414" lon="128.456653">
			<ele>0.00</ele>
			<time>2020-01-17T05:47:08.12Z</time>
		</trkpt>
		<trkpt lat="34.882383" lon="128.456558">
			<ele>0.00</ele>
			<time>2020-01-17T05:47:08.68Z</time>
		</trkpt>
		<trkpt lat="34.882355" lon="128.456471">
			<ele>0.00</ele>
			<time>2020-01-17T05:47:09.19Z</time>
		</trkpt>
		<trkpt lat="34.882326" lon="128.456384">
			<ele>0.00</ele>
			<time>2020-01-17T05:47:09.71Z</time>
		</trkpt>
		<trkpt lat="34.882304" lon="128.456305">
			<ele>0.00</ele>
			<time>2020-01-17T05:47:10.16Z</time>
		</trkpt>
		<trkpt lat="34.882277" lon="128.456218">
			<ele>0.00</ele>
			<time>2020-01-17T05:47:10.67Z</time>
		</trkpt>
		<trkpt lat="34.882252" lon="128.456140">
			<ele>0.00</ele>
			<time>2020-01-17T05:47:11.13Z</time>
		</trkpt>
		<trkpt lat="34.882231" lon="128.456055">
			<ele>0.00</ele>
			<time>2020-01-17T05:47:11.62Z</time>
		</trkpt>
		<trkpt lat="34.882212" lon="128.455977">
			<ele>0.00</ele>
			<time>2020-01-17T05:47:12.06Z</time>
		</trkpt>
		<trkpt lat="34.882187" lon="128.455886">
			<ele>0.00</ele>
			<time>2020-01-17T05:47:12.58Z</time>
		</trkpt>
		<trkpt lat="34.882167" lon="128.455815">
			<ele>0.00</ele>
			<time>2020-01-17T05:47:12.99Z</time>
		</trkpt>
		<trkpt lat="34.882139" lon="128.455728">
			<ele>0.00</ele>
			<time>2020-01-17T05:47:13.51Z</time>
		</trkpt>
		<trkpt lat="34.882114" lon="128.455651">
			<ele>0.00</ele>
			<time>2020-01-17T05:47:13.96Z</time>
		</trkpt>
		<trkpt lat="34.882092" lon="128.455570">
			<ele>0.00</ele>
			<time>2020-01-17T05:47:14.43Z</time>
		</trkpt>
		<trkpt lat="34.882074" lon="128.455510">
			<ele>0.00</ele>
			<time>2020-01-17T05:47:14.77Z</time>
		</trkpt>
		<trkpt lat="34.882066" lon="128.455447">
			<ele>0.00</ele>
			<time>2020-01-17T05:47:15.12Z</time>
		</trkpt>
		<trkpt lat="34.882082" lon="128.455395">
			<ele>0.00</ele>
			<time>2020-01-17T05:47:15.43Z</time>
		</trkpt>
		<trkpt lat="34.882105" lon="128.455349">
			<ele>0.00</ele>
			<time>2020-01-17T05:47:15.72Z</time>
		</trkpt>
		<trkpt lat="34.882125" lon="128.455303">
			<ele>0.00</ele>
			<time>2020-01-17T05:47:16.01Z</time>
		</trkpt>
		<trkpt lat="34.882129" lon="128.455268">
			<ele>0.00</ele>
			<time>2020-01-17T05:47:16.20Z</time>
		</trkpt>
		<trkpt lat="34.882126" lon="128.455206">
			<ele>0.00</ele>
			<time>2020-01-17T05:47:16.54Z</time>
		</trkpt>
		<trkpt lat="34.882111" lon="128.455130">
			<ele>0.00</ele>
			<time>2020-01-17T05:47:16.97Z</time>
		</trkpt>
		<trkpt lat="34.882086" lon="128.455044">
			<ele>0.00</ele>
			<time>2020-01-17T05:47:17.47Z</time>
		</trkpt>
		<trkpt lat="34.882077" lon="128.454991">
			<ele>0.00</ele>
			<time>2020-01-17T05:47:17.76Z</time>
		</trkpt>
		<trkpt lat="34.882083" lon="128.454905">
			<ele>0.00</ele>
			<time>2020-01-17T05:47:18.24Z</time>
		</trkpt>
		<trkpt lat="34.882093" lon="128.454828">
			<ele>0.00</ele>
			<time>2020-01-17T05:47:18.66Z</time>
		</trkpt>
		<trkpt lat="34.882121" lon="128.454746">
			<ele>0.00</ele>
			<time>2020-01-17T05:47:19.15Z</time>
		</trkpt>
		<trkpt lat="34.882149" lon="128.454671">
			<ele>0.00</ele>
			<time>2020-01-17T05:47:19.60Z</time>
		</trkpt>
		<trkpt lat="34.882184" lon="128.454615">
			<ele>0.00</ele>
			<time>2020-01-17T05:47:19.98Z</time>
		</trkpt>
		<trkpt lat="34.882214" lon="128.454572">
			<ele>0.00</ele>
			<time>2020-01-17T05:47:20.29Z</time>
		</trkpt>
		<trkpt lat="34.882248" lon="128.454535">
			<ele>0.00</ele>
			<time>2020-01-17T05:47:20.59Z</time>
		</trkpt>
		<trkpt lat="34.882269" lon="128.454505">
			<ele>0.00</ele>
			<time>2020-01-17T05:47:20.81Z</time>
		</trkpt>
		<trkpt lat="34.882283" lon="128.454458">
			<ele>0.00</ele>
			<time>2020-01-17T05:47:21.09Z</time>
		</trkpt>
		<trkpt lat="34.882260" lon="128.454402">
			<ele>0.00</ele>
			<time>2020-01-17T05:47:21.43Z</time>
		</trkpt>
		<trkpt lat="34.882223" lon="128.454324">
			<ele>0.00</ele>
			<time>2020-01-17T05:47:21.92Z</time>
		</trkpt>
		<trkpt lat="34.882196" lon="128.454256">
			<ele>0.00</ele>
			<time>2020-01-17T05:47:22.33Z</time>
		</trkpt>
		<trkpt lat="34.882181" lon="128.454188">
			<ele>0.00</ele>
			<time>2020-01-17T05:47:22.72Z</time>
		</trkpt>
		<trkpt lat="34.882174" lon="128.454121">
			<ele>0.00</ele>
			<time>2020-01-17T05:47:23.09Z</time>
		</trkpt>
		<trkpt lat="34.882197" lon="128.454052">
			<ele>0.00</ele>
			<time>2020-01-17T05:47:23.50Z</time>
		</trkpt>
		<trkpt lat="34.882223" lon="128.453976">
			<ele>0.00</ele>
			<time>2020-01-17T05:47:23.95Z</time>
		</trkpt>
		<trkpt lat="34.882243" lon="128.453908">
			<ele>0.00</ele>
			<time>2020-01-17T05:47:24.34Z</time>
		</trkpt>
		<trkpt lat="34.882259" lon="128.453832">
			<ele>0.00</ele>
			<time>2020-01-17T05:47:24.77Z</time>
		</trkpt>
		<trkpt lat="34.882272" lon="128.453762">
			<ele>0.00</ele>
			<time>2020-01-17T05:47:25.16Z</time>
		</trkpt>
		<trkpt lat="34.882287" lon="128.453678">
			<ele>0.00</ele>
			<time>2020-01-17T05:47:25.63Z</time>
		</trkpt>
		<trkpt lat="34.882290" lon="128.453629">
			<ele>0.00</ele>
			<time>2020-01-17T05:47:25.90Z</time>
		</trkpt>
		<trkpt lat="34.882295" lon="128.453570">
			<ele>0.00</ele>
			<time>2020-01-17T05:47:26.23Z</time>
		</trkpt>
		<trkpt lat="34.882330" lon="128.453521">
			<ele>0.00</ele>
			<time>2020-01-17T05:47:26.58Z</time>
		</trkpt>
		<trkpt lat="34.882367" lon="128.453480">
			<ele>0.00</ele>
			<time>2020-01-17T05:47:26.91Z</time>
		</trkpt>
		<trkpt lat="34.882415" lon="128.453450">
			<ele>0.00</ele>
			<time>2020-01-17T05:47:27.27Z</time>
		</trkpt>
		<trkpt lat="34.882456" lon="128.453405">
			<ele>0.00</ele>
			<time>2020-01-17T05:47:27.64Z</time>
		</trkpt>
		<trkpt lat="34.882494" lon="128.453368">
			<ele>0.00</ele>
			<time>2020-01-17T05:47:27.97Z</time>
		</trkpt>
		<trkpt lat="34.882536" lon="128.453319">
			<ele>0.00</ele>
			<time>2020-01-17T05:47:28.35Z</time>
		</trkpt>
		<trkpt lat="34.882568" lon="128.453266">
			<ele>0.00</ele>
			<time>2020-01-17T05:47:28.71Z</time>
		</trkpt>
		<trkpt lat="34.882605" lon="128.453230">
			<ele>0.00</ele>
			<time>2020-01-17T05:47:29.03Z</time>
		</trkpt>
		<trkpt lat="34.882639" lon="128.453196">
			<ele>0.00</ele>
			<time>2020-01-17T05:47:29.32Z</time>
		</trkpt>
		<trkpt lat="34.882675" lon="128.453167">
			<ele>0.00</ele>
			<time>2020-01-17T05:47:29.61Z</time>
		</trkpt>
		<trkpt lat="34.882706" lon="128.453134">
			<ele>0.00</ele>
			<time>2020-01-17T05:47:29.88Z</time>
		</trkpt>
		<trkpt lat="34.882744" lon="128.453118">
			<ele>0.00</ele>
			<time>2020-01-17T05:47:30.15Z</time>
		</trkpt>
		<trkpt lat="34.882792" lon="128.453130">
			<ele>0.00</ele>
			<time>2020-01-17T05:47:30.48Z</time>
		</trkpt>
		<trkpt lat="34.882851" lon="128.453153">
			<ele>0.00</ele>
			<time>2020-01-17T05:47:30.89Z</time>
		</trkpt>
		<trkpt lat="34.882901" lon="128.453170">
			<ele>0.00</ele>
			<time>2020-01-17T05:47:31.24Z</time>
		</trkpt>
		<trkpt lat="34.882946" lon="128.453177">
			<ele>0.00</ele>
			<time>2020-01-17T05:47:31.54Z</time>
		</trkpt>
		<trkpt lat="34.883003" lon="128.453172">
			<ele>0.00</ele>
			<time>2020-01-17T05:47:31.92Z</time>
		</trkpt>
		<trkpt lat="34.883057" lon="128.453152">
			<ele>0.00</ele>
			<time>2020-01-17T05:47:32.30Z</time>
		</trkpt>
		<trkpt lat="34.883097" lon="128.453137">
			<ele>0.00</ele>
			<time>2020-01-17T05:47:32.57Z</time>
		</trkpt>
		<trkpt lat="34.883145" lon="128.453093">
			<ele>0.00</ele>
			<time>2020-01-17T05:47:32.98Z</time>
		</trkpt>
		<trkpt lat="34.883190" lon="128.453048">
			<ele>0.00</ele>
			<time>2020-01-17T05:47:33.36Z</time>
		</trkpt>
		<trkpt lat="34.883205" lon="128.452988">
			<ele>0.00</ele>
			<time>2020-01-17T05:47:33.71Z</time>
		</trkpt>
		<trkpt lat="34.883208" lon="128.452916">
			<ele>0.00</ele>
			<time>2020-01-17T05:47:34.10Z</time>
		</trkpt>
		<trkpt lat="34.883204" lon="128.452858">
			<ele>0.00</ele>
			<time>2020-01-17T05:47:34.42Z</time>
		</trkpt>
		<trkpt lat="34.883192" lon="128.452789">
			<ele>0.00</ele>
			<time>2020-01-17T05:47:34.81Z</time>
		</trkpt>
		<trkpt lat="34.883191" lon="128.452738">
			<ele>0.00</ele>
			<time>2020-01-17T05:47:35.09Z</time>
		</trkpt>
		<trkpt lat="34.883211" lon="128.452666">
			<ele>0.00</ele>
			<time>2020-01-17T05:47:35.50Z</time>
		</trkpt>
		<trkpt lat="34.883248" lon="128.452587">
			<ele>0.00</ele>
			<time>2020-01-17T05:47:36Z</time>
		</trkpt>
		<trkpt lat="34.883289" lon="128.452514">
			<ele>0.00</ele>
			<time>2020-01-17T05:47:36.48Z</time>
		</trkpt>
		<trkpt lat="34.883322" lon="128.452442">
			<ele>0.00</ele>
			<time>2020-01-17T05:47:36.93Z</time>
		</trkpt>
		<trkpt lat="34.883361" lon="128.452367">
			<ele>0.00</ele>
			<time>2020-01-17T05:47:37.42Z</time>
		</trkpt>
		<trkpt lat="34.883395" lon="128.452284">
			<ele>0.00</ele>
			<time>2020-01-17T05:47:37.93Z</time>
		</trkpt>
		<trkpt lat="34.883427" lon="128.452188">
			<ele>0.00</ele>
			<time>2020-01-17T05:47:38.49Z</time>
		</trkpt>
		<trkpt lat="34.883448" lon="128.452113">
			<ele>0.00</ele>
			<time>2020-01-17T05:47:38.93Z</time>
		</trkpt>
		<trkpt lat="34.883471" lon="128.452027">
			<ele>0.00</ele>
			<time>2020-01-17T05:47:39.42Z</time>
		</trkpt>
		<trkpt lat="34.883501" lon="128.451946">
			<ele>0.00</ele>
			<time>2020-01-17T05:47:39.91Z</time>
		</trkpt>
		<trkpt lat="34.883524" lon="128.451874">
			<ele>0.00</ele>
			<time>2020-01-17T05:47:40.33Z</time>
		</trkpt>
		<trkpt lat="34.883536" lon="128.451802">
			<ele>0.00</ele>
			<time>2020-01-17T05:47:40.73Z</time>
		</trkpt>
		<trkpt lat="34.883544" lon="128.451717">
			<ele>0.00</ele>
			<time>2020-01-17T05:47:41.20Z</time>
		</trkpt>
		<trkpt lat="34.883546" lon="128.451651">
			<ele>0.00</ele>
			<time>2020-01-17T05:47:41.56Z</time>
		</trkpt>
		<trkpt lat="34.883533" lon="128.451595">
			<ele>0.00</ele>
			<time>2020-01-17T05:47:41.88Z</time>
		</trkpt>
		<trkpt lat="34.883709" lon="128.451578">
			<ele>0.00</ele>
			<time>2020-01-17T05:47:43.06Z</time>
		</trkpt>
		<trkpt lat="34.883939" lon="128.451563">
			<ele>0.00</ele>
			<time>2020-01-17T05:47:44.59Z</time>
		</trkpt>
		<trkpt lat="34.883980" lon="128.451537">
			<ele>0.00</ele>
			<time>2020-01-17T05:47:44.90Z</time>
		</trkpt>
		<trkpt lat="34.883974" lon="128.451343">
			<ele>0.00</ele>
			<time>2020-01-17T05:47:45.96Z</time>
		</trkpt>
		<trkpt lat="34.883958" lon="128.451172">
			<ele>0.00</ele>
			<time>2020-01-17T05:47:46.90Z</time>
		</trkpt>
		<trkpt lat="34.883986" lon="128.451128">
			<ele>0.00</ele>
			<time>2020-01-17T05:47:47.20Z</time>
		</trkpt>
		<trkpt lat="34.884136" lon="128.451122">
			<ele>0.00</ele>
			<time>2020-01-17T05:47:48.21Z</time>
		</trkpt>
		<trkpt lat="34.884330" lon="128.451127">
			<ele>0.00</ele>
			<time>2020-01-17T05:47:49.50Z</time>
		</trkpt>
		<trkpt lat="34.884493" lon="128.451136">
			<ele>0.00</ele>
			<time>2020-01-17T05:47:50.59Z</time>
		</trkpt>
		<trkpt lat="34.884765" lon="128.451002">
			<ele>0.00</ele>
			<time>2020-01-17T05:47:52.54Z</time>
		</trkpt>
		<trkpt lat="34.885038" lon="128.450762">
			<ele>0.00</ele>
			<time>2020-01-17T05:47:54.79Z</time>
		</trkpt>
		<trkpt lat="34.885332" lon="128.450245">
			<ele>0.00</ele>
			<time>2020-01-17T05:47:58.23Z</time>
		</trkpt>
		<trkpt lat="34.885444" lon="128.449977">
			<ele>0.00</ele>
			<time>2020-01-17T05:47:59.87Z</time>
		</trkpt>
		<trkpt lat="34.885534" lon="128.449678">
			<ele>0.00</ele>
			<time>2020-01-17T05:48:01.61Z</time>
		</trkpt>
		<trkpt lat="34.885656" lon="128.449393">
			<ele>0.00</ele>
			<time>2020-01-17T05:48:03.37Z</time>
		</trkpt>
		<trkpt lat="34.885763" lon="128.449292">
			<ele>0.00</ele>
			<time>2020-01-17T05:48:04.27Z</time>
		</trkpt>
		<trkpt lat="34.885872" lon="128.449196">
			<ele>0.00</ele>
			<time>2020-01-17T05:48:05.17Z</time>
		</trkpt>
		<trkpt lat="34.886194" lon="128.449035">
			<ele>0.00</ele>
			<time>2020-01-17T05:48:07.49Z</time>
		</trkpt>
		<trkpt lat="34.886398" lon="128.448885">
			<ele>0.00</ele>
			<time>2020-01-17T05:48:09.08Z</time>
		</trkpt>
		<trkpt lat="34.886603" lon="128.448524">
			<ele>0.00</ele>
			<time>2020-01-17T05:48:11.48Z</time>
		</trkpt>
		<trkpt lat="34.886715" lon="128.448276">
			<ele>0.00</ele>
			<time>2020-01-17T05:48:13.03Z</time>
		</trkpt>
		<trkpt lat="34.886903" lon="128.448030">
			<ele>0.00</ele>
			<time>2020-01-17T05:48:14.87Z</time>
		</trkpt>
		<trkpt lat="34.887121" lon="128.447819">
			<ele>0.00</ele>
			<time>2020-01-17T05:48:16.72Z</time>
		</trkpt>
		<trkpt lat="34.887265" lon="128.447638">
			<ele>0.00</ele>
			<time>2020-01-17T05:48:18.10Z</time>
		</trkpt>
		<trkpt lat="34.887302" lon="128.447393">
			<ele>0.00</ele>
			<time>2020-01-17T05:48:19.46Z</time>
		</trkpt>
		<trkpt lat="34.887322" lon="128.447210">
			<ele>0.00</ele>
			<time>2020-01-17T05:48:20.47Z</time>
		</trkpt>
		<trkpt lat="34.887327" lon="128.447098">
			<ele>0.00</ele>
			<time>2020-01-17T05:48:21.08Z</time>
		</trkpt>
		<trkpt lat="34.887299" lon="128.447069">
			<ele>0.00</ele>
			<time>2020-01-17T05:48:21.33Z</time>
		</trkpt>
		<trkpt lat="34.887263" lon="128.447007">
			<ele>0.00</ele>
			<time>2020-01-17T05:48:21.75Z</time>
		</trkpt>
		<trkpt lat="34.887239" lon="128.446913">
			<ele>0.00</ele>
			<time>2020-01-17T05:48:22.28Z</time>
		</trkpt>
		<trkpt lat="34.887214" lon="128.446838">
			<ele>0.00</ele>
			<time>2020-01-17T05:48:22.73Z</time>
		</trkpt>
		<trkpt lat="34.887186" lon="128.446790">
			<ele>0.00</ele>
			<time>2020-01-17T05:48:23.05Z</time>
		</trkpt>
		<trkpt lat="34.887157" lon="128.446707">
			<ele>0.00</ele>
			<time>2020-01-17T05:48:23.54Z</time>
		</trkpt>
		<trkpt lat="34.887120" lon="128.446599">
			<ele>0.00</ele>
			<time>2020-01-17T05:48:24.18Z</time>
		</trkpt>
		<trkpt lat="34.887102" lon="128.446479">
			<ele>0.00</ele>
			<time>2020-01-17T05:48:24.85Z</time>
		</trkpt>
		<trkpt lat="34.887083" lon="128.446365">
			<ele>0.00</ele>
			<time>2020-01-17T05:48:25.49Z</time>
		</trkpt>
		<trkpt lat="34.887058" lon="128.446284">
			<ele>0.00</ele>
			<time>2020-01-17T05:48:25.96Z</time>
		</trkpt>
		<trkpt lat="34.887006" lon="128.446197">
			<ele>0.00</ele>
			<time>2020-01-17T05:48:26.54Z</time>
		</trkpt>
		<trkpt lat="34.886961" lon="128.446131">
			<ele>0.00</ele>
			<time>2020-01-17T05:48:27.01Z</time>
		</trkpt>
		<trkpt lat="34.886926" lon="128.446062">
			<ele>0.00</ele>
			<time>2020-01-17T05:48:27.46Z</time>
		</trkpt>
		<trkpt lat="34.886903" lon="128.445983">
			<ele>0.00</ele>
			<time>2020-01-17T05:48:27.92Z</time>
		</trkpt>
		<trkpt lat="34.886861" lon="128.445922">
			<ele>0.00</ele>
			<time>2020-01-17T05:48:28.35Z</time>
		</trkpt>
		<trkpt lat="34.886816" lon="128.445873">
			<ele>0.00</ele>
			<time>2020-01-17T05:48:28.76Z</time>
		</trkpt>
		<trkpt lat="34.886750" lon="128.445818">
			<ele>0.00</ele>
			<time>2020-01-17T05:48:29.29Z</time>
		</trkpt>
		<trkpt lat="34.886693" lon="128.445774">
			<ele>0.00</ele>
			<time>2020-01-17T05:48:29.73Z</time>
		</trkpt>
		<trkpt lat="34.886649" lon="128.445735">
			<ele>0.00</ele>
			<time>2020-01-17T05:48:30.10Z</time>
		</trkpt>
		<trkpt lat="34.886628" lon="128.445689">
			<ele>0.00</ele>
			<time>2020-01-17T05:48:30.39Z</time>
		</trkpt>
		<trkpt lat="34.886615" lon="128.445630">
			<ele>0.00</ele>
			<time>2020-01-17T05:48:30.72Z</time>
		</trkpt>
		<trkpt lat="34.886604" lon="128.445554">
			<ele>0.00</ele>
			<time>2020-01-17T05:48:31.14Z</time>
		</trkpt>
		<trkpt lat="34.886576" lon="128.445486">
			<ele>0.00</ele>
			<time>2020-01-17T05:48:31.56Z</time>
		</trkpt>
		<trkpt lat="34.886555" lon="128.445434">
			<ele>0.00</ele>
			<time>2020-01-17T05:48:31.88Z</time>
		</trkpt>
		<trkpt lat="34.886505" lon="128.445382">
			<ele>0.00</ele>
			<time>2020-01-17T05:48:32.32Z</time>
		</trkpt>
		<trkpt lat="34.886466" lon="128.445336">
			<ele>0.00</ele>
			<time>2020-01-17T05:48:32.68Z</time>
		</trkpt>
		<trkpt lat="34.886393" lon="128.445226">
			<ele>0.00</ele>
			<time>2020-01-17T05:48:33.45Z</time>
		</trkpt>
		<trkpt lat="34.886305" lon="128.445101">
			<ele>0.00</ele>
			<time>2020-01-17T05:48:34.35Z</time>
		</trkpt>
		<trkpt lat="34.886192" lon="128.444991">
			<ele>0.00</ele>
			<time>2020-01-17T05:48:35.32Z</time>
		</trkpt>
		<trkpt lat="34.886126" lon="128.444953">
			<ele>0.00</ele>
			<time>2020-01-17T05:48:35.80Z</time>
		</trkpt>
		<trkpt lat="34.886055" lon="128.444902">
			<ele>0.00</ele>
			<time>2020-01-17T05:48:36.35Z</time>
		</trkpt>
		<trkpt lat="34.885978" lon="128.444848">
			<ele>0.00</ele>
			<time>2020-01-17T05:48:36.94Z</time>
		</trkpt>
		<trkpt lat="34.885910" lon="128.444782">
			<ele>0.00</ele>
			<time>2020-01-17T05:48:37.53Z</time>
		</trkpt>
		<trkpt lat="34.885832" lon="128.444732">
			<ele>0.00</ele>
			<time>2020-01-17T05:48:38.11Z</time>
		</trkpt>
		<trkpt lat="34.885772" lon="128.444683">
			<ele>0.00</ele>
			<time>2020-01-17T05:48:38.59Z</time>
		</trkpt>
		<trkpt lat="34.885705" lon="128.444644">
			<ele>0.00</ele>
			<time>2020-01-17T05:48:39.09Z</time>
		</trkpt>
		<trkpt lat="34.885650" lon="128.444587">
			<ele>0.00</ele>
			<time>2020-01-17T05:48:39.57Z</time>
		</trkpt>
		<trkpt lat="34.885610" lon="128.444529">
			<ele>0.00</ele>
			<time>2020-01-17T05:48:39.98Z</time>
		</trkpt>
		<trkpt lat="34.885583" lon="128.444490">
			<ele>0.00</ele>
			<time>2020-01-17T05:48:40.26Z</time>
		</trkpt>
		<trkpt lat="34.885565" lon="128.444455">
			<ele>0.00</ele>
			<time>2020-01-17T05:48:40.49Z</time>
		</trkpt>
		<trkpt lat="34.885535" lon="128.444372">
			<ele>0.00</ele>
			<time>2020-01-17T05:48:40.98Z</time>
		</trkpt>
		<trkpt lat="34.885537" lon="128.444272">
			<ele>0.00</ele>
			<time>2020-01-17T05:48:41.53Z</time>
		</trkpt>
		<trkpt lat="34.885567" lon="128.444145">
			<ele>0.00</ele>
			<time>2020-01-17T05:48:42.26Z</time>
		</trkpt>
		<trkpt lat="34.885601" lon="128.444040">
			<ele>0.00</ele>
			<time>2020-01-17T05:48:42.87Z</time>
		</trkpt>
		<trkpt lat="34.885625" lon="128.443956">
			<ele>0.00</ele>
			<time>2020-01-17T05:48:43.36Z</time>
		</trkpt>
		<trkpt lat="34.885623" lon="128.443888">
			<ele>0.00</ele>
			<time>2020-01-17T05:48:43.73Z</time>
		</trkpt>
		<trkpt lat="34.885600" lon="128.443815">
			<ele>0.00</ele>
			<time>2020-01-17T05:48:44.16Z</time>
		</trkpt>
		<trkpt lat="34.885577" lon="128.443776">
			<ele>0.00</ele>
			<time>2020-01-17T05:48:44.42Z</time>
		</trkpt>
		<trkpt lat="34.885503" lon="128.443745">
			<ele>0.00</ele>
			<time>2020-01-17T05:48:44.94Z</time>
		</trkpt>
		<trkpt lat="34.885434" lon="128.443704">
			<ele>0.00</ele>
			<time>2020-01-17T05:48:45.46Z</time>
		</trkpt>
		<trkpt lat="34.885355" lon="128.443678">
			<ele>0.00</ele>
			<time>2020-01-17T05:48:46Z</time>
		</trkpt>
		<trkpt lat="34.885331" lon="128.443667">
			<ele>0.00</ele>
			<time>2020-01-17T05:48:46.17Z</time>
		</trkpt>
		<trkpt lat="34.885304" lon="128.443636">
			<ele>0.00</ele>
			<time>2020-01-17T05:48:46.42Z</time>
		</trkpt>
		<trkpt lat="34.885236" lon="128.443576">
			<ele>0.00</ele>
			<time>2020-01-17T05:48:46.98Z</time>
		</trkpt>
		<trkpt lat="34.885179" lon="128.443530">
			<ele>0.00</ele>
			<time>2020-01-17T05:48:47.43Z</time>
		</trkpt>
		<trkpt lat="34.885124" lon="128.443493">
			<ele>0.00</ele>
			<time>2020-01-17T05:48:47.86Z</time>
		</trkpt>
		<trkpt lat="34.885066" lon="128.443469">
			<ele>0.00</ele>
			<time>2020-01-17T05:48:48.26Z</time>
		</trkpt>
		<trkpt lat="34.884969" lon="128.443424">
			<ele>0.00</ele>
			<time>2020-01-17T05:48:48.95Z</time>
		</trkpt>
		<trkpt lat="34.884899" lon="128.443384">
			<ele>0.00</ele>
			<time>2020-01-17T05:48:49.47Z</time>
		</trkpt>
		<trkpt lat="34.884845" lon="128.443337">
			<ele>0.00</ele>
			<time>2020-01-17T05:48:49.91Z</time>
		</trkpt>
		<trkpt lat="34.884788" lon="128.443272">
			<ele>0.00</ele>
			<time>2020-01-17T05:48:50.43Z</time>
		</trkpt>
		<trkpt lat="34.884741" lon="128.443206">
			<ele>0.00</ele>
			<time>2020-01-17T05:48:50.91Z</time>
		</trkpt>
		<trkpt lat="34.884710" lon="128.443153">
			<ele>0.00</ele>
			<time>2020-01-17T05:48:51.27Z</time>
		</trkpt>
		<trkpt lat="34.884679" lon="128.443090">
			<ele>0.00</ele>
			<time>2020-01-17T05:48:51.67Z</time>
		</trkpt>
		<trkpt lat="34.884643" lon="128.443036">
			<ele>0.00</ele>
			<time>2020-01-17T05:48:52.05Z</time>
		</trkpt>
		<trkpt lat="34.884619" lon="128.442986">
			<ele>0.00</ele>
			<time>2020-01-17T05:48:52.36Z</time>
		</trkpt>
		<trkpt lat="34.884556" lon="128.442917">
			<ele>0.00</ele>
			<time>2020-01-17T05:48:52.93Z</time>
		</trkpt>
		<trkpt lat="34.884494" lon="128.442913">
			<ele>0.00</ele>
			<time>2020-01-17T05:48:53.34Z</time>
		</trkpt>
		<trkpt lat="34.884426" lon="128.442917">
			<ele>0.00</ele>
			<time>2020-01-17T05:48:53.80Z</time>
		</trkpt>
		<trkpt lat="34.884400" lon="128.442968">
			<ele>0.00</ele>
			<time>2020-01-17T05:48:54.12Z</time>
		</trkpt>
		<trkpt lat="34.884369" lon="128.443027">
			<ele>0.00</ele>
			<time>2020-01-17T05:48:54.50Z</time>
		</trkpt>
		<trkpt lat="34.884367" lon="128.443030">
			<ele>0.00</ele>
			<time>2020-01-17T05:48:54.56Z</time>
		</trkpt>
		<trkpt lat="34.884315" lon="128.443120">
			<ele>0.00</ele>
			<time>2020-01-17T05:48:55.17Z</time>
		</trkpt>
		<trkpt lat="34.884312" lon="128.443122">
			<ele>0.00</ele>
			<time>2020-01-17T05:48:55.23Z</time>
		</trkpt>
		<trkpt lat="34.884273" lon="128.443165">
			<ele>0.00</ele>
			<time>2020-01-17T05:48:55.58Z</time>
		</trkpt>
		<trkpt lat="34.884217" lon="128.443208">
			<ele>0.00</ele>
			<time>2020-01-17T05:48:56.02Z</time>
		</trkpt>
		<trkpt lat="34.884185" lon="128.443259">
			<ele>0.00</ele>
			<time>2020-01-17T05:48:56.37Z</time>
		</trkpt>
		<trkpt lat="34.884145" lon="128.443350">
			<ele>0.00</ele>
			<time>2020-01-17T05:48:56.93Z</time>
		</trkpt>
		<trkpt lat="34.884114" lon="128.443423">
			<ele>0.00</ele>
			<time>2020-01-17T05:48:57.38Z</time>
		</trkpt>
		<trkpt lat="34.884082" lon="128.443454">
			<ele>0.00</ele>
			<time>2020-01-17T05:48:57.66Z</time>
		</trkpt>
		<trkpt lat="34.884041" lon="128.443489">
			<ele>0.00</ele>
			<time>2020-01-17T05:48:57.99Z</time>
		</trkpt>
		<trkpt lat="34.883991" lon="128.443520">
			<ele>0.00</ele>
			<time>2020-01-17T05:48:58.36Z</time>
		</trkpt>
		<trkpt lat="34.883915" lon="128.443536">
			<ele>0.00</ele>
			<time>2020-01-17T05:48:58.88Z</time>
		</trkpt>
		<trkpt lat="34.883846" lon="128.443538">
			<ele>0.00</ele>
			<time>2020-01-17T05:48:59.34Z</time>
		</trkpt>
		<trkpt lat="34.883789" lon="128.443546">
			<ele>0.00</ele>
			<time>2020-01-17T05:48:59.72Z</time>
		</trkpt>
		<trkpt lat="34.883746" lon="128.443563">
			<ele>0.00</ele>
			<time>2020-01-17T05:49:00.02Z</time>
		</trkpt>
		<trkpt lat="34.883711" lon="128.443577">
			<ele>0.00</ele>
			<time>2020-01-17T05:49:00.26Z</time>
		</trkpt>
		<trkpt lat="34.883655" lon="128.443585">
			<ele>0.00</ele>
			<time>2020-01-17T05:49:00.64Z</time>
		</trkpt>
		<trkpt lat="34.883597" lon="128.443566">
			<ele>0.00</ele>
			<time>2020-01-17T05:49:01.04Z</time>
		</trkpt>
		<trkpt lat="34.883543" lon="128.443552">
			<ele>0.00</ele>
			<time>2020-01-17T05:49:01.41Z</time>
		</trkpt>
		<trkpt lat="34.883501" lon="128.443542">
			<ele>0.00</ele>
			<time>2020-01-17T05:49:01.70Z</time>
		</trkpt>
		<trkpt lat="34.883445" lon="128.443526">
			<ele>0.00</ele>
			<time>2020-01-17T05:49:02.08Z</time>
		</trkpt>
		<trkpt lat="34.883398" lon="128.443530">
			<ele>0.00</ele>
			<time>2020-01-17T05:49:02.39Z</time>
		</trkpt>
		<trkpt lat="34.883323" lon="128.443538">
			<ele>0.00</ele>
			<time>2020-01-17T05:49:02.89Z</time>
		</trkpt>
		<trkpt lat="34.883228" lon="128.443576">
			<ele>0.00</ele>
			<time>2020-01-17T05:49:03.56Z</time>
		</trkpt>
		<trkpt lat="34.883164" lon="128.443619">
			<ele>0.00</ele>
			<time>2020-01-17T05:49:04.05Z</time>
		</trkpt>
		<trkpt lat="34.883134" lon="128.443660">
			<ele>0.00</ele>
			<time>2020-01-17T05:49:04.35Z</time>
		</trkpt>
		<trkpt lat="34.883117" lon="128.443723">
			<ele>0.00</ele>
			<time>2020-01-17T05:49:04.71Z</time>
		</trkpt>
		<trkpt lat="34.883114" lon="128.443798">
			<ele>0.00</ele>
			<time>2020-01-17T05:49:05.12Z</time>
		</trkpt>
		<trkpt lat="34.883126" lon="128.443918">
			<ele>0.00</ele>
			<time>2020-01-17T05:49:05.78Z</time>
		</trkpt>
		<trkpt lat="34.883123" lon="128.443970">
			<ele>0.00</ele>
			<time>2020-01-17T05:49:06.07Z</time>
		</trkpt>
		<trkpt lat="34.883101" lon="128.444031">
			<ele>0.00</ele>
			<time>2020-01-17T05:49:06.43Z</time>
		</trkpt>
		<trkpt lat="34.883075" lon="128.444074">
			<ele>0.00</ele>
			<time>2020-01-17T05:49:06.72Z</time>
		</trkpt>
		<trkpt lat="34.883042" lon="128.444110">
			<ele>0.00</ele>
			<time>2020-01-17T05:49:07.02Z</time>
		</trkpt>
		<trkpt lat="34.882999" lon="128.444138">
			<ele>0.00</ele>
			<time>2020-01-17T05:49:07.34Z</time>
		</trkpt>
		<trkpt lat="34.882949" lon="128.444159">
			<ele>0.00</ele>
			<time>2020-01-17T05:49:07.70Z</time>
		</trkpt>
		<trkpt lat="34.882900" lon="128.444142">
			<ele>0.00</ele>
			<time>2020-01-17T05:49:08.03Z</time>
		</trkpt>
		<trkpt lat="34.882862" lon="128.444119">
			<ele>0.00</ele>
			<time>2020-01-17T05:49:08.32Z</time>
		</trkpt>
		<trkpt lat="34.882826" lon="128.444102">
			<ele>0.00</ele>
			<time>2020-01-17T05:49:08.58Z</time>
		</trkpt>
		<trkpt lat="34.882779" lon="128.444095">
			<ele>0.00</ele>
			<time>2020-01-17T05:49:08.89Z</time>
		</trkpt>
		<trkpt lat="34.882749" lon="128.444100">
			<ele>0.00</ele>
			<time>2020-01-17T05:49:09.09Z</time>
		</trkpt>
		<trkpt lat="34.882709" lon="128.444104">
			<ele>0.00</ele>
			<time>2020-01-17T05:49:09.36Z</time>
		</trkpt>
		<trkpt lat="34.882651" lon="128.444102">
			<ele>0.00</ele>
			<time>2020-01-17T05:49:09.75Z</time>
		</trkpt>
		<trkpt lat="34.882590" lon="128.444103">
			<ele>0.00</ele>
			<time>2020-01-17T05:49:10.16Z</time>
		</trkpt>
		<trkpt lat="34.882520" lon="128.444106">
			<ele>0.00</ele>
			<time>2020-01-17T05:49:10.62Z</time>
		</trkpt>
		<trkpt lat="34.882474" lon="128.444096">
			<ele>0.00</ele>
			<time>2020-01-17T05:49:10.94Z</time>
		</trkpt>
		<trkpt lat="34.882436" lon="128.444070">
			<ele>0.00</ele>
			<time>2020-01-17T05:49:11.23Z</time>
		</trkpt>
		<trkpt lat="34.882409" lon="128.444037">
			<ele>0.00</ele>
			<time>2020-01-17T05:49:11.48Z</time>
		</trkpt>
		<trkpt lat="34.882396" lon="128.444009">
			<ele>0.00</ele>
			<time>2020-01-17T05:49:11.66Z</time>
		</trkpt>
		<trkpt lat="34.882385" lon="128.443982">
			<ele>0.00</ele>
			<time>2020-01-17T05:49:11.82Z</time>
		</trkpt>
		<trkpt lat="34.882362" lon="128.443936">
			<ele>0.00</ele>
			<time>2020-01-17T05:49:12.12Z</time>
		</trkpt>
		<trkpt lat="34.882345" lon="128.443880">
			<ele>0.00</ele>
			<time>2020-01-17T05:49:12.44Z</time>
		</trkpt>
		<trkpt lat="34.882314" lon="128.443824">
			<ele>0.00</ele>
			<time>2020-01-17T05:49:12.81Z</time>
		</trkpt>
		<trkpt lat="34.882299" lon="128.443772">
			<ele>0.00</ele>
			<time>2020-01-17T05:49:13.11Z</time>
		</trkpt>
		<trkpt lat="34.882250" lon="128.443718">
			<ele>0.00</ele>
			<time>2020-01-17T05:49:13.55Z</time>
		</trkpt>
		<trkpt lat="34.882203" lon="128.443689">
			<ele>0.00</ele>
			<time>2020-01-17T05:49:13.90Z</time>
		</trkpt>
		<trkpt lat="34.882165" lon="128.443662">
			<ele>0.00</ele>
			<time>2020-01-17T05:49:14.20Z</time>
		</trkpt>
		<trkpt lat="34.882125" lon="128.443641">
			<ele>0.00</ele>
			<time>2020-01-17T05:49:14.49Z</time>
		</trkpt>
		<trkpt lat="34.882100" lon="128.443636">
			<ele>0.00</ele>
			<time>2020-01-17T05:49:14.65Z</time>
		</trkpt>
		<trkpt lat="34.882056" lon="128.443627">
			<ele>0.00</ele>
			<time>2020-01-17T05:49:14.95Z</time>
		</trkpt>
		<trkpt lat="34.882013" lon="128.443624">
			<ele>0.00</ele>
			<time>2020-01-17T05:49:15.24Z</time>
		</trkpt>
		<trkpt lat="34.881973" lon="128.443650">
			<ele>0.00</ele>
			<time>2020-01-17T05:49:15.54Z</time>
		</trkpt>
		<trkpt lat="34.881937" lon="128.443705">
			<ele>0.00</ele>
			<time>2020-01-17T05:49:15.93Z</time>
		</trkpt>
		<trkpt lat="34.881914" lon="128.443754">
			<ele>0.00</ele>
			<time>2020-01-17T05:49:16.23Z</time>
		</trkpt>
		<trkpt lat="34.881887" lon="128.443820">
			<ele>0.00</ele>
			<time>2020-01-17T05:49:16.64Z</time>
		</trkpt>
		<trkpt lat="34.881867" lon="128.443876">
			<ele>0.00</ele>
			<time>2020-01-17T05:49:16.97Z</time>
		</trkpt>
		<trkpt lat="34.881855" lon="128.443940">
			<ele>0.00</ele>
			<time>2020-01-17T05:49:17.33Z</time>
		</trkpt>
		<trkpt lat="34.881870" lon="128.444040">
			<ele>0.00</ele>
			<time>2020-01-17T05:49:17.89Z</time>
		</trkpt>
		<trkpt lat="34.881902" lon="128.444168">
			<ele>0.00</ele>
			<time>2020-01-17T05:49:18.62Z</time>
		</trkpt>
		<trkpt lat="34.881936" lon="128.444273">
			<ele>0.00</ele>
			<time>2020-01-17T05:49:19.24Z</time>
		</trkpt>
		<trkpt lat="34.881956" lon="128.444379">
			<ele>0.00</ele>
			<time>2020-01-17T05:49:19.83Z</time>
		</trkpt>
		<trkpt lat="34.881976" lon="128.444484">
			<ele>0.00</ele>
			<time>2020-01-17T05:49:20.42Z</time>
		</trkpt>
		<trkpt lat="34.881981" lon="128.444576">
			<ele>0.00</ele>
			<time>2020-01-17T05:49:20.92Z</time>
		</trkpt>
		<trkpt lat="34.881973" lon="128.444672">
			<ele>0.00</ele>
			<time>2020-01-17T05:49:21.45Z</time>
		</trkpt>
		<trkpt lat="34.881953" lon="128.444739">
			<ele>0.00</ele>
			<time>2020-01-17T05:49:21.84Z</time>
		</trkpt>
		<trkpt lat="34.881937" lon="128.444804">
			<ele>0.00</ele>
			<time>2020-01-17T05:49:22.21Z</time>
		</trkpt>
		<trkpt lat="34.881899" lon="128.444891">
			<ele>0.00</ele>
			<time>2020-01-17T05:49:22.75Z</time>
		</trkpt>
		<trkpt lat="34.881863" lon="128.444963">
			<ele>0.00</ele>
			<time>2020-01-17T05:49:23.21Z</time>
		</trkpt>
		<trkpt lat="34.881798" lon="128.445053">
			<ele>0.00</ele>
			<time>2020-01-17T05:49:23.87Z</time>
		</trkpt>
		<trkpt lat="34.881755" lon="128.445117">
			<ele>0.00</ele>
			<time>2020-01-17T05:49:24.32Z</time>
		</trkpt>
		<trkpt lat="34.881708" lon="128.445178">
			<ele>0.00</ele>
			<time>2020-01-17T05:49:24.78Z</time>
		</trkpt>
		<trkpt lat="34.881662" lon="128.445247">
			<ele>0.00</ele>
			<time>2020-01-17T05:49:25.27Z</time>
		</trkpt>
		<trkpt lat="34.881614" lon="128.445310">
			<ele>0.00</ele>
			<time>2020-01-17T05:49:25.73Z</time>
		</trkpt>
		<trkpt lat="34.881566" lon="128.445337">
			<ele>0.00</ele>
			<time>2020-01-17T05:49:26.09Z</time>
		</trkpt>
		<trkpt lat="34.881499" lon="128.445385">
			<ele>0.00</ele>
			<time>2020-01-17T05:49:26.61Z</time>
		</trkpt>
		<trkpt lat="34.881455" lon="128.445429">
			<ele>0.00</ele>
			<time>2020-01-17T05:49:26.99Z</time>
		</trkpt>
		<trkpt lat="34.881420" lon="128.445476">
			<ele>0.00</ele>
			<time>2020-01-17T05:49:27.33Z</time>
		</trkpt>
		<trkpt lat="34.881392" lon="128.445527">
			<ele>0.00</ele>
			<time>2020-01-17T05:49:27.67Z</time>
		</trkpt>
		<trkpt lat="34.881360" lon="128.445595">
			<ele>0.00</ele>
			<time>2020-01-17T05:49:28.10Z</time>
		</trkpt>
		<trkpt lat="34.881337" lon="128.445659">
			<ele>0.00</ele>
			<time>2020-01-17T05:49:28.48Z</time>
		</trkpt>
		<trkpt lat="34.881323" lon="128.445712">
			<ele>0.00</ele>
			<time>2020-01-17T05:49:28.78Z</time>
		</trkpt>
		<trkpt lat="34.881327" lon="128.445825">
			<ele>0.00</ele>
			<time>2020-01-17T05:49:29.40Z</time>
		</trkpt>
		<trkpt lat="34.881328" lon="128.445941">
			<ele>0.00</ele>
			<time>2020-01-17T05:49:30.04Z</time>
		</trkpt>
		<trkpt lat="34.881326" lon="128.446046">
			<ele>0.00</ele>
			<time>2020-01-17T05:49:30.61Z</time>
		</trkpt>
		<trkpt lat="34.881320" lon="128.446128">
			<ele>0.00</ele>
			<time>2020-01-17T05:49:31.06Z</time>
		</trkpt>
		<trkpt lat="34.881305" lon="128.446216">
			<ele>0.00</ele>
			<time>2020-01-17T05:49:31.55Z</time>
		</trkpt>
		<trkpt lat="34.881278" lon="128.446311">
			<ele>0.00</ele>
			<time>2020-01-17T05:49:32.10Z</time>
		</trkpt>
		<trkpt lat="34.881256" lon="128.446373">
			<ele>0.00</ele>
			<time>2020-01-17T05:49:32.47Z</time>
		</trkpt>
		<trkpt lat="34.881221" lon="128.446420">
			<ele>0.00</ele>
			<time>2020-01-17T05:49:32.81Z</time>
		</trkpt>
		<trkpt lat="34.881196" lon="128.446462">
			<ele>0.00</ele>
			<time>2020-01-17T05:49:33.10Z</time>
		</trkpt>
		<trkpt lat="34.881137" lon="128.446584">
			<ele>0.00</ele>
			<time>2020-01-17T05:49:33.88Z</time>
		</trkpt>
		<trkpt lat="34.881126" lon="128.446652">
			<ele>0.00</ele>
			<time>2020-01-17T05:49:34.25Z</time>
		</trkpt>
		<trkpt lat="34.881133" lon="128.446728">
			<ele>0.00</ele>
			<time>2020-01-17T05:49:34.67Z</time>
		</trkpt>
		<trkpt lat="34.881198" lon="128.446868">
			<ele>0.00</ele>
			<time>2020-01-17T05:49:35.55Z</time>
		</trkpt>
		<trkpt lat="34.881248" lon="128.447009">
			<ele>0.00</ele>
			<time>2020-01-17T05:49:36.39Z</time>
		</trkpt>
		<trkpt lat="34.881296" lon="128.447130">
			<ele>0.00</ele>
			<time>2020-01-17T05:49:37.13Z</time>
		</trkpt>
		<trkpt lat="34.881327" lon="128.447248">
			<ele>0.00</ele>
			<time>2020-01-17T05:49:37.81Z</time>
		</trkpt>
		<trkpt lat="34.881346" lon="128.447394">
			<ele>0.00</ele>
			<time>2020-01-17T05:49:38.61Z</time>
		</trkpt>
		<trkpt lat="34.881331" lon="128.447524">
			<ele>0.00</ele>
			<time>2020-01-17T05:49:39.33Z</time>
		</trkpt>
		<trkpt lat="34.881309" lon="128.447619">
			<ele>0.00</ele>
			<time>2020-01-17T05:49:39.87Z</time>
		</trkpt>
		<trkpt lat="34.881279" lon="128.447685">
			<ele>0.00</ele>
			<time>2020-01-17T05:49:40.29Z</time>
		</trkpt>
		<trkpt lat="34.881247" lon="128.447730">
			<ele>0.00</ele>
			<time>2020-01-17T05:49:40.61Z</time>
		</trkpt>
		<trkpt lat="34.881200" lon="128.447803">
			<ele>0.00</ele>
			<time>2020-01-17T05:49:41.12Z</time>
		</trkpt>
		<trkpt lat="34.881147" lon="128.447843">
			<ele>0.00</ele>
			<time>2020-01-17T05:49:41.53Z</time>
		</trkpt>
		<trkpt lat="34.881071" lon="128.447864">
			<ele>0.00</ele>
			<time>2020-01-17T05:49:42.06Z</time>
		</trkpt>
		<trkpt lat="34.881013" lon="128.447871">
			<ele>0.00</ele>
			<time>2020-01-17T05:49:42.45Z</time>
		</trkpt>
		<trkpt lat="34.880958" lon="128.447878">
			<ele>0.00</ele>
			<time>2020-01-17T05:49:42.81Z</time>
		</trkpt>
		<trkpt lat="34.880909" lon="128.447855">
			<ele>0.00</ele>
			<time>2020-01-17T05:49:43.16Z</time>
		</trkpt>
		<trkpt lat="34.880853" lon="128.447833">
			<ele>0.00</ele>
			<time>2020-01-17T05:49:43.56Z</time>
		</trkpt>
		<trkpt lat="34.880803" lon="128.447794">
			<ele>0.00</ele>
			<time>2020-01-17T05:49:43.95Z</time>
		</trkpt>
		<trkpt lat="34.880758" lon="128.447767">
			<ele>0.00</ele>
			<time>2020-01-17T05:49:44.28Z</time>
		</trkpt>
		<trkpt lat="34.880690" lon="128.447744">
			<ele>0.00</ele>
			<time>2020-01-17T05:49:44.76Z</time>
		</trkpt>
		<trkpt lat="34.880618" lon="128.447735">
			<ele>0.00</ele>
			<time>2020-01-17T05:49:45.24Z</time>
		</trkpt>
		<trkpt lat="34.880553" lon="128.447742">
			<ele>0.00</ele>
			<time>2020-01-17T05:49:45.67Z</time>
		</trkpt>
		<trkpt lat="34.880515" lon="128.447746">
			<ele>0.00</ele>
			<time>2020-01-17T05:49:45.93Z</time>
		</trkpt>
		<trkpt lat="34.880474" lon="128.447764">
			<ele>0.00</ele>
			<time>2020-01-17T05:49:46.22Z</time>
		</trkpt>
		<trkpt lat="34.880427" lon="128.447793">
			<ele>0.00</ele>
			<time>2020-01-17T05:49:46.57Z</time>
		</trkpt>
		<trkpt lat="34.880385" lon="128.447821">
			<ele>0.00</ele>
			<time>2020-01-17T05:49:46.89Z</time>
		</trkpt>
		<trkpt lat="34.880333" lon="128.447846">
			<ele>0.00</ele>
			<time>2020-01-17T05:49:47.26Z</time>
		</trkpt>
		<trkpt lat="34.880283" lon="128.447862">
			<ele>0.00</ele>
			<time>2020-01-17T05:49:47.61Z</time>
		</trkpt>
		<trkpt lat="34.880229" lon="128.447873">
			<ele>0.00</ele>
			<time>2020-01-17T05:49:47.97Z</time>
		</trkpt>
		<trkpt lat="34.880135" lon="128.447885">
			<ele>0.00</ele>
			<time>2020-01-17T05:49:48.60Z</time>
		</trkpt>
		<trkpt lat="34.880066" lon="128.447865">
			<ele>0.00</ele>
			<time>2020-01-17T05:49:49.08Z</time>
		</trkpt>
		<trkpt lat="34.879978" lon="128.447824">
			<ele>0.00</ele>
			<time>2020-01-17T05:49:49.70Z</time>
		</trkpt>
		<trkpt lat="34.879974" lon="128.447820">
			<ele>0.00</ele>
			<time>2020-01-17T05:49:49.76Z</time>
		</trkpt>
		<trkpt lat="34.879901" lon="128.447771">
			<ele>0.00</ele>
			<time>2020-01-17T05:49:50.32Z</time>
		</trkpt>
		<trkpt lat="34.879811" lon="128.447743">
			<ele>0.00</ele>
			<time>2020-01-17T05:49:50.94Z</time>
		</trkpt>
		<trkpt lat="34.879707" lon="128.447726">
			<ele>0.00</ele>
			<time>2020-01-17T05:49:51.64Z</time>
		</trkpt>
		<trkpt lat="34.879585" lon="128.447710">
			<ele>0.00</ele>
			<time>2020-01-17T05:49:52.46Z</time>
		</trkpt>
		<trkpt lat="34.879533" lon="128.447700">
			<ele>0.00</ele>
			<time>2020-01-17T05:49:52.81Z</time>
		</trkpt>
		<trkpt lat="34.879451" lon="128.447705">
			<ele>0.00</ele>
			<time>2020-01-17T05:49:53.36Z</time>
		</trkpt>
		<trkpt lat="34.879404" lon="128.447727">
			<ele>0.00</ele>
			<time>2020-01-17T05:49:53.69Z</time>
		</trkpt>
		<trkpt lat="34.879341" lon="128.447759">
			<ele>0.00</ele>
			<time>2020-01-17T05:49:54.15Z</time>
		</trkpt>
		<trkpt lat="34.879267" lon="128.447804">
			<ele>0.00</ele>
			<time>2020-01-17T05:49:54.70Z</time>
		</trkpt>
		<trkpt lat="34.879203" lon="128.447853">
			<ele>0.00</ele>
			<time>2020-01-17T05:49:55.21Z</time>
		</trkpt>
		<trkpt lat="34.879141" lon="128.447892">
			<ele>0.00</ele>
			<time>2020-01-17T05:49:55.67Z</time>
		</trkpt>
		<trkpt lat="34.879136" lon="128.447892">
			<ele>0.00</ele>
			<time>2020-01-17T05:49:55.73Z</time>
		</trkpt>
		<trkpt lat="34.879046" lon="128.447906">
			<ele>0.00</ele>
			<time>2020-01-17T05:49:56.33Z</time>
		</trkpt>
		<trkpt lat="34.878972" lon="128.447894">
			<ele>0.00</ele>
			<time>2020-01-17T05:49:56.83Z</time>
		</trkpt>
		<trkpt lat="34.878893" lon="128.447839">
			<ele>0.00</ele>
			<time>2020-01-17T05:49:57.44Z</time>
		</trkpt>
		<trkpt lat="34.878829" lon="128.447732">
			<ele>0.00</ele>
			<time>2020-01-17T05:49:58.16Z</time>
		</trkpt>
		<trkpt lat="34.878745" lon="128.447628">
			<ele>0.00</ele>
			<time>2020-01-17T05:49:58.96Z</time>
		</trkpt>
		<trkpt lat="34.878690" lon="128.447540">
			<ele>0.00</ele>
			<time>2020-01-17T05:49:59.57Z</time>
		</trkpt>
		<trkpt lat="34.878599" lon="128.447399">
			<ele>0.00</ele>
			<time>2020-01-17T05:50:00.54Z</time>
		</trkpt>
		<trkpt lat="34.878598" lon="128.447397">
			<ele>0.00</ele>
			<time>2020-01-17T05:50:00.60Z</time>
		</trkpt>
		<trkpt lat="34.878519" lon="128.447270">
			<ele>0.00</ele>
			<time>2020-01-17T05:50:01.47Z</time>
		</trkpt>
		<trkpt lat="34.878453" lon="128.447181">
			<ele>0.00</ele>
			<time>2020-01-17T05:50:02.13Z</time>
		</trkpt>
		<trkpt lat="34.878416" lon="128.447143">
			<ele>0.00</ele>
			<time>2020-01-17T05:50:02.46Z</time>
		</trkpt>
		<trkpt lat="34.878318" lon="128.447097">
			<ele>0.00</ele>
			<time>2020-01-17T05:50:03.15Z</time>
		</trkpt>
		<trkpt lat="34.878244" lon="128.447088">
			<ele>0.00</ele>
			<time>2020-01-17T05:50:03.65Z</time>
		</trkpt>
		<trkpt lat="34.878146" lon="128.447096">
			<ele>0.00</ele>
			<time>2020-01-17T05:50:04.30Z</time>
		</trkpt>
		<trkpt lat="34.878049" lon="128.447083">
			<ele>0.00</ele>
			<time>2020-01-17T05:50:04.95Z</time>
		</trkpt>
		<trkpt lat="34.877968" lon="128.447083">
			<ele>0.00</ele>
			<time>2020-01-17T05:50:05.49Z</time>
		</trkpt>
		<trkpt lat="34.877870" lon="128.447025">
			<ele>0.00</ele>
			<time>2020-01-17T05:50:06.22Z</time>
		</trkpt>
		<trkpt lat="34.877796" lon="128.446948">
			<ele>0.00</ele>
			<time>2020-01-17T05:50:06.87Z</time>
		</trkpt>
		<trkpt lat="34.877750" lon="128.446846">
			<ele>0.00</ele>
			<time>2020-01-17T05:50:07.50Z</time>
		</trkpt>
		<trkpt lat="34.877706" lon="128.446732">
			<ele>0.00</ele>
			<time>2020-01-17T05:50:08.19Z</time>
		</trkpt>
		<trkpt lat="34.877687" lon="128.446616">
			<ele>0.00</ele>
			<time>2020-01-17T05:50:08.84Z</time>
		</trkpt>
		<trkpt lat="34.877672" lon="128.446536">
			<ele>0.00</ele>
			<time>2020-01-17T05:50:09.29Z</time>
		</trkpt>
		<trkpt lat="34.877659" lon="128.446454">
			<ele>0.00</ele>
			<time>2020-01-17T05:50:09.75Z</time>
		</trkpt>
		<trkpt lat="34.877654" lon="128.446411">
			<ele>0.00</ele>
			<time>2020-01-17T05:50:09.98Z</time>
		</trkpt>
		<trkpt lat="34.877614" lon="128.446347">
			<ele>0.00</ele>
			<time>2020-01-17T05:50:10.43Z</time>
		</trkpt>
		<trkpt lat="34.877564" lon="128.446270">
			<ele>0.00</ele>
			<time>2020-01-17T05:50:10.96Z</time>
		</trkpt>
		<trkpt lat="34.877514" lon="128.446218">
			<ele>0.00</ele>
			<time>2020-01-17T05:50:11.40Z</time>
		</trkpt>
		<trkpt lat="34.877457" lon="128.446183">
			<ele>0.00</ele>
			<time>2020-01-17T05:50:11.82Z</time>
		</trkpt>
		<trkpt lat="34.877410" lon="128.446137">
			<ele>0.00</ele>
			<time>2020-01-17T05:50:12.22Z</time>
		</trkpt>
		<trkpt lat="34.877341" lon="128.446099">
			<ele>0.00</ele>
			<time>2020-01-17T05:50:12.73Z</time>
		</trkpt>
		<trkpt lat="34.877254" lon="128.446069">
			<ele>0.00</ele>
			<time>2020-01-17T05:50:13.33Z</time>
		</trkpt>
		<trkpt lat="34.877226" lon="128.446057">
			<ele>0.00</ele>
			<time>2020-01-17T05:50:13.53Z</time>
		</trkpt>
		<trkpt lat="34.877190" lon="128.446012">
			<ele>0.00</ele>
			<time>2020-01-17T05:50:13.87Z</time>
		</trkpt>
		<trkpt lat="34.877166" lon="128.445931">
			<ele>0.00</ele>
			<time>2020-01-17T05:50:14.34Z</time>
		</trkpt>
		<trkpt lat="34.877162" lon="128.445858">
			<ele>0.00</ele>
			<time>2020-01-17T05:50:14.75Z</time>
		</trkpt>
		<trkpt lat="34.877169" lon="128.445757">
			<ele>0.00</ele>
			<time>2020-01-17T05:50:15.30Z</time>
		</trkpt>
		<trkpt lat="34.877149" lon="128.445621">
			<ele>0.00</ele>
			<time>2020-01-17T05:50:16.05Z</time>
		</trkpt>
		<trkpt lat="34.877127" lon="128.445531">
			<ele>0.00</ele>
			<time>2020-01-17T05:50:16.57Z</time>
		</trkpt>
		<trkpt lat="34.877101" lon="128.445383">
			<ele>0.00</ele>
			<time>2020-01-17T05:50:17.40Z</time>
		</trkpt>
		<trkpt lat="34.877082" lon="128.445296">
			<ele>0.00</ele>
			<time>2020-01-17T05:50:17.89Z</time>
		</trkpt>
		<trkpt lat="34.877039" lon="128.445173">
			<ele>0.00</ele>
			<time>2020-01-17T05:50:18.62Z</time>
		</trkpt>
		<trkpt lat="34.876999" lon="128.445053">
			<ele>0.00</ele>
			<time>2020-01-17T05:50:19.33Z</time>
		</trkpt>
		<trkpt lat="34.876964" lon="128.444934">
			<ele>0.00</ele>
			<time>2020-01-17T05:50:20.02Z</time>
		</trkpt>
		<trkpt lat="34.876937" lon="128.444783">
			<ele>0.00</ele>
			<time>2020-01-17T05:50:20.87Z</time>
		</trkpt>
		<trkpt lat="34.876911" lon="128.444583">
			<ele>0.00</ele>
			<time>2020-01-17T05:50:21.97Z</time>
		</trkpt>
		<trkpt lat="34.876888" lon="128.444391">
			<ele>0.00</ele>
			<time>2020-01-17T05:50:23.03Z</time>
		</trkpt>
		<trkpt lat="34.876869" lon="128.444228">
			<ele>0.00</ele>
			<time>2020-01-17T05:50:23.93Z</time>
		</trkpt>
		<trkpt lat="34.876900" lon="128.444103">
			<ele>0.00</ele>
			<time>2020-01-17T05:50:24.64Z</time>
		</trkpt>
		<trkpt lat="34.876962" lon="128.443923">
			<ele>0.00</ele>
			<time>2020-01-17T05:50:25.72Z</time>
		</trkpt>
		<trkpt lat="34.877002" lon="128.443784">
			<ele>0.00</ele>
			<time>2020-01-17T05:50:26.52Z</time>
		</trkpt>
		<trkpt lat="34.877044" lon="128.443578">
			<ele>0.00</ele>
			<time>2020-01-17T05:50:27.68Z</time>
		</trkpt>
		<trkpt lat="34.877038" lon="128.443393">
			<ele>0.00</ele>
			<time>2020-01-17T05:50:28.69Z</time>
		</trkpt>
		<trkpt lat="34.877018" lon="128.443250">
			<ele>0.00</ele>
			<time>2020-01-17T05:50:29.49Z</time>
		</trkpt>
		<trkpt lat="34.877006" lon="128.443128">
			<ele>0.00</ele>
			<time>2020-01-17T05:50:30.16Z</time>
		</trkpt>
		<trkpt lat="34.877019" lon="128.442951">
			<ele>0.00</ele>
			<time>2020-01-17T05:50:31.13Z</time>
		</trkpt>
		<trkpt lat="34.877018" lon="128.442828">
			<ele>0.00</ele>
			<time>2020-01-17T05:50:31.80Z</time>
		</trkpt>
		<trkpt lat="34.877039" lon="128.442668">
			<ele>0.00</ele>
			<time>2020-01-17T05:50:32.69Z</time>
		</trkpt>
		<trkpt lat="34.877043" lon="128.442531">
			<ele>0.00</ele>
			<time>2020-01-17T05:50:33.44Z</time>
		</trkpt>
		<trkpt lat="34.877044" lon="128.442385">
			<ele>0.00</ele>
			<time>2020-01-17T05:50:34.24Z</time>
		</trkpt>
		<trkpt lat="34.877050" lon="128.442285">
			<ele>0.00</ele>
			<time>2020-01-17T05:50:34.79Z</time>
		</trkpt>
		<trkpt lat="34.877083" lon="128.442098">
			<ele>0.00</ele>
			<time>2020-01-17T05:50:35.83Z</time>
		</trkpt>
		<trkpt lat="34.877085" lon="128.441919">
			<ele>0.00</ele>
			<time>2020-01-17T05:50:36.81Z</time>
		</trkpt>
		<trkpt lat="34.877095" lon="128.441749">
			<ele>0.00</ele>
			<time>2020-01-17T05:50:37.75Z</time>
		</trkpt>
		<trkpt lat="34.877104" lon="128.441656">
			<ele>0.00</ele>
			<time>2020-01-17T05:50:38.26Z</time>
		</trkpt>
		<trkpt lat="34.877096" lon="128.441588">
			<ele>0.00</ele>
			<time>2020-01-17T05:50:38.63Z</time>
		</trkpt>
		<trkpt lat="34.877057" lon="128.441537">
			<ele>0.00</ele>
			<time>2020-01-17T05:50:39.01Z</time>
		</trkpt>
		<trkpt lat="34.876989" lon="128.441535">
			<ele>0.00</ele>
			<time>2020-01-17T05:50:39.47Z</time>
		</trkpt>
		<trkpt lat="34.876884" lon="128.441542">
			<ele>0.00</ele>
			<time>2020-01-17T05:50:40.17Z</time>
		</trkpt>
		<trkpt lat="34.876747" lon="128.441539">
			<ele>0.00</ele>
			<time>2020-01-17T05:50:41.08Z</time>
		</trkpt>
		<trkpt lat="34.876619" lon="128.441543">
			<ele>0.00</ele>
			<time>2020-01-17T05:50:41.94Z</time>
		</trkpt>
		<trkpt lat="34.876448" lon="128.441515">
			<ele>0.00</ele>
			<time>2020-01-17T05:50:43.09Z</time>
		</trkpt>
		<trkpt lat="34.876257" lon="128.441502">
			<ele>0.00</ele>
			<time>2020-01-17T05:50:44.36Z</time>
		</trkpt>
		<trkpt lat="34.876091" lon="128.441505">
			<ele>0.00</ele>
			<time>2020-01-17T05:50:45.47Z</time>
		</trkpt>
		<trkpt lat="34.876017" lon="128.441562">
			<ele>0.00</ele>
			<time>2020-01-17T05:50:46.05Z</time>
		</trkpt>
		<trkpt lat="34.875932" lon="128.441691">
			<ele>0.00</ele>
			<time>2020-01-17T05:50:46.96Z</time>
		</trkpt>
		<trkpt lat="34.875869" lon="128.441743">
			<ele>0.00</ele>
			<time>2020-01-17T05:50:47.46Z</time>
		</trkpt>
		<trkpt lat="34.875775" lon="128.441749">
			<ele>0.00</ele>
			<time>2020-01-17T05:50:48.09Z</time>
		</trkpt>
		<trkpt lat="34.875644" lon="128.441708">
			<ele>0.00</ele>
			<time>2020-01-17T05:50:49Z</time>
		</trkpt>
		<trkpt lat="34.875502" lon="128.441678">
			<ele>0.00</ele>
			<time>2020-01-17T05:50:49.95Z</time>
		</trkpt>
		<trkpt lat="34.875402" lon="128.441704">
			<ele>0.00</ele>
			<time>2020-01-17T05:50:50.64Z</time>
		</trkpt>
		<trkpt lat="34.875312" lon="128.441770">
			<ele>0.00</ele>
			<time>2020-01-17T05:50:51.34Z</time>
		</trkpt>
		<trkpt lat="34.875257" lon="128.441863">
			<ele>0.00</ele>
			<time>2020-01-17T05:50:51.96Z</time>
		</trkpt>
		<trkpt lat="34.875251" lon="128.441873">
			<ele>0.00</ele>
			<time>2020-01-17T05:50:52.03Z</time>
		</trkpt>
		<trkpt lat="34.875192" lon="128.441956">
			<ele>0.00</ele>
			<time>2020-01-17T05:50:52.63Z</time>
		</trkpt>
		<trkpt lat="34.875158" lon="128.442023">
			<ele>0.00</ele>
			<time>2020-01-17T05:50:53.07Z</time>
		</trkpt>
		<trkpt lat="34.875120" lon="128.442068">
			<ele>0.00</ele>
			<time>2020-01-17T05:50:53.42Z</time>
		</trkpt>
		<trkpt lat="34.875017" lon="128.442097">
			<ele>0.00</ele>
			<time>2020-01-17T05:50:54.12Z</time>
		</trkpt>
		<trkpt lat="34.874948" lon="128.442129">
			<ele>0.00</ele>
			<time>2020-01-17T05:50:54.61Z</time>
		</trkpt>
		<trkpt lat="34.874942" lon="128.442132">
			<ele>0.00</ele>
			<time>2020-01-17T05:50:54.67Z</time>
		</trkpt>
		<trkpt lat="34.874830" lon="128.442195">
			<ele>0.00</ele>
			<time>2020-01-17T05:50:55.50Z</time>
		</trkpt>
		<trkpt lat="34.874791" lon="128.442240">
			<ele>0.00</ele>
			<time>2020-01-17T05:50:55.85Z</time>
		</trkpt>
		<trkpt lat="34.874725" lon="128.442281">
			<ele>0.00</ele>
			<time>2020-01-17T05:50:56.35Z</time>
		</trkpt>
		<trkpt lat="34.874685" lon="128.442299">
			<ele>0.00</ele>
			<time>2020-01-17T05:50:56.64Z</time>
		</trkpt>
		<trkpt lat="34.874612" lon="128.442316">
			<ele>0.00</ele>
			<time>2020-01-17T05:50:57.13Z</time>
		</trkpt>
		<trkpt lat="34.874579" lon="128.442348">
			<ele>0.00</ele>
			<time>2020-01-17T05:50:57.41Z</time>
		</trkpt>
		<trkpt lat="34.874525" lon="128.442383">
			<ele>0.00</ele>
			<time>2020-01-17T05:50:57.82Z</time>
		</trkpt>
		<trkpt lat="34.874476" lon="128.442424">
			<ele>0.00</ele>
			<time>2020-01-17T05:50:58.21Z</time>
		</trkpt>
		<trkpt lat="34.874407" lon="128.442451">
			<ele>0.00</ele>
			<time>2020-01-17T05:50:58.70Z</time>
		</trkpt>
		<trkpt lat="34.874270" lon="128.442516">
			<ele>0.00</ele>
			<time>2020-01-17T05:50:59.68Z</time>
		</trkpt>
		<trkpt lat="34.874201" lon="128.442535">
			<ele>0.00</ele>
			<time>2020-01-17T05:51:00.15Z</time>
		</trkpt>
		<trkpt lat="34.874115" lon="128.442547">
			<ele>0.00</ele>
			<time>2020-01-17T05:51:00.72Z</time>
		</trkpt>
		<trkpt lat="34.874008" lon="128.442536">
			<ele>0.00</ele>
			<time>2020-01-17T05:51:01.44Z</time>
		</trkpt>
		<trkpt lat="34.873900" lon="128.442504">
			<ele>0.00</ele>
			<time>2020-01-17T05:51:02.18Z</time>
		</trkpt>
		<trkpt lat="34.873754" lon="128.442368">
			<ele>0.00</ele>
			<time>2020-01-17T05:51:03.41Z</time>
		</trkpt>
		<trkpt lat="34.873596" lon="128.442251">
			<ele>0.00</ele>
			<time>2020-01-17T05:51:04.64Z</time>
		</trkpt>
		<trkpt lat="34.873511" lon="128.442155">
			<ele>0.00</ele>
			<time>2020-01-17T05:51:05.41Z</time>
		</trkpt>
		<trkpt lat="34.873455" lon="128.442072">
			<ele>0.00</ele>
			<time>2020-01-17T05:51:06Z</time>
		</trkpt>
		<trkpt lat="34.873403" lon="128.441984">
			<ele>0.00</ele>
			<time>2020-01-17T05:51:06.59Z</time>
		</trkpt>
		<trkpt lat="34.873403" lon="128.441903">
			<ele>0.00</ele>
			<time>2020-01-17T05:51:07.04Z</time>
		</trkpt>
		<trkpt lat="34.873433" lon="128.441741">
			<ele>0.00</ele>
			<time>2020-01-17T05:51:07.94Z</time>
		</trkpt>
		<trkpt lat="34.873450" lon="128.441643">
			<ele>0.00</ele>
			<time>2020-01-17T05:51:08.49Z</time>
		</trkpt>
		<trkpt lat="34.873488" lon="128.441546">
			<ele>0.00</ele>
			<time>2020-01-17T05:51:09.08Z</time>
		</trkpt>
		<trkpt lat="34.873536" lon="128.441500">
			<ele>0.00</ele>
			<time>2020-01-17T05:51:09.49Z</time>
		</trkpt>
		<trkpt lat="34.873549" lon="128.441410">
			<ele>0.00</ele>
			<time>2020-01-17T05:51:09.99Z</time>
		</trkpt>
		<trkpt lat="34.873519" lon="128.441339">
			<ele>0.00</ele>
			<time>2020-01-17T05:51:10.42Z</time>
		</trkpt>
		<trkpt lat="34.873450" lon="128.441266">
			<ele>0.00</ele>
			<time>2020-01-17T05:51:11.03Z</time>
		</trkpt>
		<trkpt lat="34.873359" lon="128.441150">
			<ele>0.00</ele>
			<time>2020-01-17T05:51:11.92Z</time>
		</trkpt>
		<trkpt lat="34.873291" lon="128.440997">
			<ele>0.00</ele>
			<time>2020-01-17T05:51:12.87Z</time>
		</trkpt>
		<trkpt lat="34.873272" lon="128.440876">
			<ele>0.00</ele>
			<time>2020-01-17T05:51:13.54Z</time>
		</trkpt>
		<trkpt lat="34.873284" lon="128.440756">
			<ele>0.00</ele>
			<time>2020-01-17T05:51:14.20Z</time>
		</trkpt>
		<trkpt lat="34.873308" lon="128.440466">
			<ele>0.00</ele>
			<time>2020-01-17T05:51:15.80Z</time>
		</trkpt>
		<trkpt lat="34.873296" lon="128.440307">
			<ele>0.00</ele>
			<time>2020-01-17T05:51:16.67Z</time>
		</trkpt>
		<trkpt lat="34.873273" lon="128.440221">
			<ele>0.00</ele>
			<time>2020-01-17T05:51:17.16Z</time>
		</trkpt>
		<trkpt lat="34.873264" lon="128.440060">
			<ele>0.00</ele>
			<time>2020-01-17T05:51:18.04Z</time>
		</trkpt>
		<trkpt lat="34.873283" lon="128.439921">
			<ele>0.00</ele>
			<time>2020-01-17T05:51:18.81Z</time>
		</trkpt>
		<trkpt lat="34.873223" lon="128.439821">
			<ele>0.00</ele>
			<time>2020-01-17T05:51:19.49Z</time>
		</trkpt>
		<trkpt lat="34.873119" lon="128.439656">
			<ele>0.00</ele>
			<time>2020-01-17T05:51:20.63Z</time>
		</trkpt>
		<trkpt lat="34.873019" lon="128.439494">
			<ele>0.00</ele>
			<time>2020-01-17T05:51:21.74Z</time>
		</trkpt>
		<trkpt lat="34.872861" lon="128.439294">
			<ele>0.00</ele>
			<time>2020-01-17T05:51:23.26Z</time>
		</trkpt>
		<trkpt lat="34.872730" lon="128.439179">
			<ele>0.00</ele>
			<time>2020-01-17T05:51:24.33Z</time>
		</trkpt>
		<trkpt lat="34.872625" lon="128.439105">
			<ele>0.00</ele>
			<time>2020-01-17T05:51:25.14Z</time>
		</trkpt>
		<trkpt lat="34.872524" lon="128.438996">
			<ele>0.00</ele>
			<time>2020-01-17T05:51:26.04Z</time>
		</trkpt>
		<trkpt lat="34.872446" lon="128.438884">
			<ele>0.00</ele>
			<time>2020-01-17T05:51:26.85Z</time>
		</trkpt>
		<trkpt lat="34.872397" lon="128.438727">
			<ele>0.00</ele>
			<time>2020-01-17T05:51:27.76Z</time>
		</trkpt>
		<trkpt lat="34.872363" lon="128.438562">
			<ele>0.00</ele>
			<time>2020-01-17T05:51:28.70Z</time>
		</trkpt>
		<trkpt lat="34.872347" lon="128.438414">
			<ele>0.00</ele>
			<time>2020-01-17T05:51:29.51Z</time>
		</trkpt>
		<trkpt lat="34.872332" lon="128.438258">
			<ele>0.00</ele>
			<time>2020-01-17T05:51:30.37Z</time>
		</trkpt>
		<trkpt lat="34.872299" lon="128.438139">
			<ele>0.00</ele>
			<time>2020-01-17T05:51:31.06Z</time>
		</trkpt>
		<trkpt lat="34.872266" lon="128.438058">
			<ele>0.00</ele>
			<time>2020-01-17T05:51:31.55Z</time>
		</trkpt>
		<trkpt lat="34.872207" lon="128.437975">
			<ele>0.00</ele>
			<time>2020-01-17T05:51:32.15Z</time>
		</trkpt>
		<trkpt lat="34.872172" lon="128.437939">
			<ele>0.00</ele>
			<time>2020-01-17T05:51:32.46Z</time>
		</trkpt>
		<trkpt lat="34.872126" lon="128.437820">
			<ele>0.00</ele>
			<time>2020-01-17T05:51:33.18Z</time>
		</trkpt>
		<trkpt lat="34.872041" lon="128.437689">
			<ele>0.00</ele>
			<time>2020-01-17T05:51:34.09Z</time>
		</trkpt>
		<trkpt lat="34.871997" lon="128.437594">
			<ele>0.00</ele>
			<time>2020-01-17T05:51:34.69Z</time>
		</trkpt>
		<trkpt lat="34.871866" lon="128.437583">
			<ele>0.00</ele>
			<time>2020-01-17T05:51:35.57Z</time>
		</trkpt>
		<trkpt lat="34.871743" lon="128.437587">
			<ele>0.00</ele>
			<time>2020-01-17T05:51:36.38Z</time>
		</trkpt>
		<trkpt lat="34.871632" lon="128.437625">
			<ele>0.00</ele>
			<time>2020-01-17T05:51:37.15Z</time>
		</trkpt>
		<trkpt lat="34.871565" lon="128.437649">
			<ele>0.00</ele>
			<time>2020-01-17T05:51:37.62Z</time>
		</trkpt>
		<trkpt lat="34.871457" lon="128.437643">
			<ele>0.00</ele>
			<time>2020-01-17T05:51:38.34Z</time>
		</trkpt>
		<trkpt lat="34.871322" lon="128.437751">
			<ele>0.00</ele>
			<time>2020-01-17T05:51:39.41Z</time>
		</trkpt>
		<trkpt lat="34.871205" lon="128.437939">
			<ele>0.00</ele>
			<time>2020-01-17T05:51:40.71Z</time>
		</trkpt>
		<trkpt lat="34.871107" lon="128.438081">
			<ele>0.00</ele>
			<time>2020-01-17T05:51:41.72Z</time>
		</trkpt>
		<trkpt lat="34.871040" lon="128.438170">
			<ele>0.00</ele>
			<time>2020-01-17T05:51:42.38Z</time>
		</trkpt>
		<trkpt lat="34.870948" lon="128.438286">
			<ele>0.00</ele>
			<time>2020-01-17T05:51:43.27Z</time>
		</trkpt>
		<trkpt lat="34.870864" lon="128.438417">
			<ele>0.00</ele>
			<time>2020-01-17T05:51:44.17Z</time>
		</trkpt>
		<trkpt lat="34.870805" lon="128.438484">
			<ele>0.00</ele>
			<time>2020-01-17T05:51:44.71Z</time>
		</trkpt>
		<trkpt lat="34.870711" lon="128.438537">
			<ele>0.00</ele>
			<time>2020-01-17T05:51:45.40Z</time>
		</trkpt>
		<trkpt lat="34.870597" lon="128.438647">
			<ele>0.00</ele>
			<time>2020-01-17T05:51:46.38Z</time>
		</trkpt>
		<trkpt lat="34.870445" lon="128.438775">
			<ele>0.00</ele>
			<time>2020-01-17T05:51:47.60Z</time>
		</trkpt>
		<trkpt lat="34.870301" lon="128.438843">
			<ele>0.00</ele>
			<time>2020-01-17T05:51:48.63Z</time>
		</trkpt>
		<trkpt lat="34.870146" lon="128.438874">
			<ele>0.00</ele>
			<time>2020-01-17T05:51:49.68Z</time>
		</trkpt>
		<trkpt lat="34.870034" lon="128.438899">
			<ele>0.00</ele>
			<time>2020-01-17T05:51:50.44Z</time>
		</trkpt>
		<trkpt lat="34.869565" lon="128.438903">
			<ele>0.00</ele>
			<time>2020-01-17T05:51:53.56Z</time>
		</trkpt>
		<trkpt lat="34.869364" lon="128.438834">
			<ele>0.00</ele>
			<time>2020-01-17T05:51:54.96Z</time>
		</trkpt>
		<trkpt lat="34.869299" lon="128.438781">
			<ele>0.00</ele>
			<time>2020-01-17T05:51:55.48Z</time>
		</trkpt>
		<trkpt lat="34.869169" lon="128.438750">
			<ele>0.00</ele>
			<time>2020-01-17T05:51:56.37Z</time>
		</trkpt>
		<trkpt lat="34.869083" lon="128.438724">
			<ele>0.00</ele>
			<time>2020-01-17T05:51:56.95Z</time>
		</trkpt>
		<trkpt lat="34.868988" lon="128.438626">
			<ele>0.00</ele>
			<time>2020-01-17T05:51:57.78Z</time>
		</trkpt>
		<trkpt lat="34.868945" lon="128.438721">
			<ele>0.00</ele>
			<time>2020-01-17T05:51:58.38Z</time>
		</trkpt>
		<trkpt lat="34.868874" lon="128.438758">
			<ele>0.00</ele>
			<time>2020-01-17T05:51:58.89Z</time>
		</trkpt>
		<trkpt lat="34.868769" lon="128.438794">
			<ele>0.00</ele>
			<time>2020-01-17T05:51:59.62Z</time>
		</trkpt>
		<trkpt lat="34.868666" lon="128.438827">
			<ele>0.00</ele>
			<time>2020-01-17T05:52:00.33Z</time>
		</trkpt>
		<trkpt lat="34.868543" lon="128.439002">
			<ele>0.00</ele>
			<time>2020-01-17T05:52:01.59Z</time>
		</trkpt>
		<trkpt lat="34.868518" lon="128.439153">
			<ele>0.00</ele>
			<time>2020-01-17T05:52:02.44Z</time>
		</trkpt>
		<trkpt lat="34.868485" lon="128.439283">
			<ele>0.00</ele>
			<time>2020-01-17T05:52:03.18Z</time>
		</trkpt>
		<trkpt lat="34.868457" lon="128.439325">
			<ele>0.00</ele>
			<time>2020-01-17T05:52:03.47Z</time>
		</trkpt>
		<trkpt lat="34.868425" lon="128.439341">
			<ele>0.00</ele>
			<time>2020-01-17T05:52:03.71Z</time>
		</trkpt>
		<trkpt lat="34.868390" lon="128.439329">
			<ele>0.00</ele>
			<time>2020-01-17T05:52:03.95Z</time>
		</trkpt>
		<trkpt lat="34.868344" lon="128.439278">
			<ele>0.00</ele>
			<time>2020-01-17T05:52:04.37Z</time>
		</trkpt>
		<trkpt lat="34.868281" lon="128.439196">
			<ele>0.00</ele>
			<time>2020-01-17T05:52:04.98Z</time>
		</trkpt>
		<trkpt lat="34.868217" lon="128.439172">
			<ele>0.00</ele>
			<time>2020-01-17T05:52:05.43Z</time>
		</trkpt>
		<trkpt lat="34.868150" lon="128.439176">
			<ele>0.00</ele>
			<time>2020-01-17T05:52:05.87Z</time>
		</trkpt>
		<trkpt lat="34.868092" lon="128.439206">
			<ele>0.00</ele>
			<time>2020-01-17T05:52:06.29Z</time>
		</trkpt>
		<trkpt lat="34.867938" lon="128.439117">
			<ele>0.00</ele>
			<time>2020-01-17T05:52:07.42Z</time>
		</trkpt>
		<trkpt lat="34.867872" lon="128.439013">
			<ele>0.00</ele>
			<time>2020-01-17T05:52:08.15Z</time>
		</trkpt>
		<trkpt lat="34.867784" lon="128.438821">
			<ele>0.00</ele>
			<time>2020-01-17T05:52:09.35Z</time>
		</trkpt>
		<trkpt lat="34.867716" lon="128.438684">
			<ele>0.00</ele>
			<time>2020-01-17T05:52:10.22Z</time>
		</trkpt>
		<trkpt lat="34.867610" lon="128.438572">
			<ele>0.00</ele>
			<time>2020-01-17T05:52:11.16Z</time>
		</trkpt>
		<trkpt lat="34.867559" lon="128.438571">
			<ele>0.00</ele>
			<time>2020-01-17T05:52:11.50Z</time>
		</trkpt>
		<trkpt lat="34.867492" lon="128.438583">
			<ele>0.00</ele>
			<time>2020-01-17T05:52:11.95Z</time>
		</trkpt>
		<trkpt lat="34.867444" lon="128.438610">
			<ele>0.00</ele>
			<time>2020-01-17T05:52:12.30Z</time>
		</trkpt>
		<trkpt lat="34.867297" lon="128.438832">
			<ele>0.00</ele>
			<time>2020-01-17T05:52:13.87Z</time>
		</trkpt>
		<trkpt lat="34.867216" lon="128.439151">
			<ele>0.00</ele>
			<time>2020-01-17T05:52:15.69Z</time>
		</trkpt>
		<trkpt lat="34.867173" lon="128.439540">
			<ele>0.00</ele>
			<time>2020-01-17T05:52:17.84Z</time>
		</trkpt>
		<trkpt lat="34.867116" lon="128.440167">
			<ele>0.00</ele>
			<time>2020-01-17T05:52:21.29Z</time>
		</trkpt>
		<trkpt lat="34.867117" lon="128.440562">
			<ele>0.00</ele>
			<time>2020-01-17T05:52:23.45Z</time>
		</trkpt>
		<trkpt lat="34.867150" lon="128.441227">
			<ele>0.00</ele>
			<time>2020-01-17T05:52:27.10Z</time>
		</trkpt>
		<trkpt lat="34.867213" lon="128.441771">
			<ele>0.00</ele>
			<time>2020-01-17T05:52:30.10Z</time>
		</trkpt>
		<trkpt lat="34.867234" lon="128.442110">
			<ele>0.00</ele>
			<time>2020-01-17T05:52:31.96Z</time>
		</trkpt>
		<trkpt lat="34.867183" lon="128.442198">
			<ele>0.00</ele>
			<time>2020-01-17T05:52:32.55Z</time>
		</trkpt>
		<trkpt lat="34.867075" lon="128.442100">
			<ele>0.00</ele>
			<time>2020-01-17T05:52:33.44Z</time>
		</trkpt>
		<trkpt lat="34.866734" lon="128.441899">
			<ele>0.00</ele>
			<time>2020-01-17T05:52:35.97Z</time>
		</trkpt>
		<trkpt lat="34.866446" lon="128.441722">
			<ele>0.00</ele>
			<time>2020-01-17T05:52:38.12Z</time>
		</trkpt>
		<trkpt lat="34.866209" lon="128.441587">
			<ele>0.00</ele>
			<time>2020-01-17T05:52:39.86Z</time>
		</trkpt>
		<trkpt lat="34.866051" lon="128.441413">
			<ele>0.00</ele>
			<time>2020-01-17T05:52:41.28Z</time>
		</trkpt>
		<trkpt lat="34.865876" lon="128.441178">
			<ele>0.00</ele>
			<time>2020-01-17T05:52:43.02Z</time>
		</trkpt>
		<trkpt lat="34.865704" lon="128.441218">
			<ele>0.00</ele>
			<time>2020-01-17T05:52:44.18Z</time>
		</trkpt>
		<trkpt lat="34.865601" lon="128.441300">
			<ele>0.00</ele>
			<time>2020-01-17T05:52:45Z</time>
		</trkpt>
		<trkpt lat="34.865349" lon="128.441342">
			<ele>0.00</ele>
			<time>2020-01-17T05:52:46.70Z</time>
		</trkpt>
		<trkpt lat="34.865116" lon="128.441352">
			<ele>0.00</ele>
			<time>2020-01-17T05:52:48.26Z</time>
		</trkpt>
		<trkpt lat="34.864911" lon="128.441329">
			<ele>0.00</ele>
			<time>2020-01-17T05:52:49.63Z</time>
		</trkpt>
		<trkpt lat="34.864663" lon="128.441270">
			<ele>0.00</ele>
			<time>2020-01-17T05:52:51.31Z</time>
		</trkpt>
		<trkpt lat="34.864593" lon="128.441291">
			<ele>0.00</ele>
			<time>2020-01-17T05:52:51.79Z</time>
		</trkpt>
		<trkpt lat="34.864528" lon="128.441591">
			<ele>0.00</ele>
			<time>2020-01-17T05:52:53.49Z</time>
		</trkpt>
		<trkpt lat="34.864469" lon="128.442136">
			<ele>0.00</ele>
			<time>2020-01-17T05:52:56.49Z</time>
		</trkpt>
		<trkpt lat="34.864407" lon="128.442805">
			<ele>0.00</ele>
			<time>2020-01-17T05:53:00.17Z</time>
		</trkpt>
		<trkpt lat="34.864385" lon="128.443209">
			<ele>0.00</ele>
			<time>2020-01-17T05:53:02.39Z</time>
		</trkpt>
		<trkpt lat="34.864373" lon="128.443374">
			<ele>0.00</ele>
			<time>2020-01-17T05:53:03.30Z</time>
		</trkpt>
		<trkpt lat="34.863742" lon="128.443275">
			<ele>0.00</ele>
			<time>2020-01-17T05:53:07.54Z</time>
		</trkpt>
		<trkpt lat="34.863124" lon="128.443164">
			<ele>0.00</ele>
			<time>2020-01-17T05:53:11.70Z</time>
		</trkpt>
		<trkpt lat="34.862322" lon="128.443038">
			<ele>0.00</ele>
			<time>2020-01-17T05:53:17.09Z</time>
		</trkpt>
		<trkpt lat="34.861507" lon="128.442884">
			<ele>0.00</ele>
			<time>2020-01-17T05:53:22.59Z</time>
		</trkpt>
		<trkpt lat="34.861283" lon="128.442865">
			<ele>0.00</ele>
			<time>2020-01-17T05:53:24.08Z</time>
		</trkpt>
		<trkpt lat="34.860839" lon="128.442886">
			<ele>0.00</ele>
			<time>2020-01-17T05:53:27.05Z</time>
		</trkpt>
		<trkpt lat="34.860138" lon="128.442930">
			<ele>0.00</ele>
			<time>2020-01-17T05:53:31.73Z</time>
		</trkpt>
		<trkpt lat="34.859779" lon="128.442965">
			<ele>0.00</ele>
			<time>2020-01-17T05:53:34.13Z</time>
		</trkpt>
		<trkpt lat="34.859163" lon="128.443062">
			<ele>0.00</ele>
			<time>2020-01-17T05:53:38.27Z</time>
		</trkpt>
		<trkpt lat="34.858949" lon="128.443104">
			<ele>0.00</ele>
			<time>2020-01-17T05:53:39.71Z</time>
		</trkpt>
		<trkpt lat="34.858845" lon="128.443160">
			<ele>0.00</ele>
			<time>2020-01-17T05:53:40.47Z</time>
		</trkpt>
		<trkpt lat="34.858972" lon="128.443318">
			<ele>0.00</ele>
			<time>2020-01-17T05:53:41.69Z</time>
		</trkpt>
		<trkpt lat="34.859185" lon="128.443467">
			<ele>0.00</ele>
			<time>2020-01-17T05:53:43.32Z</time>
		</trkpt>
		<trkpt lat="34.859314" lon="128.443591">
			<ele>0.00</ele>
			<time>2020-01-17T05:53:44.41Z</time>
		</trkpt>
		<trkpt lat="34.859382" lon="128.443838">
			<ele>0.00</ele>
			<time>2020-01-17T05:53:45.84Z</time>
		</trkpt>
		<trkpt lat="34.859498" lon="128.444029">
			<ele>0.00</ele>
			<time>2020-01-17T05:53:47.14Z</time>
		</trkpt>
		<trkpt lat="34.859549" lon="128.444111">
			<ele>0.00</ele>
			<time>2020-01-17T05:53:47.70Z</time>
		</trkpt>
		<trkpt lat="34.859558" lon="128.444225">
			<ele>0.00</ele>
			<time>2020-01-17T05:53:48.33Z</time>
		</trkpt>
		<trkpt lat="34.859472" lon="128.444442">
			<ele>0.00</ele>
			<time>2020-01-17T05:53:49.65Z</time>
		</trkpt>
		<trkpt lat="34.859467" lon="128.444684">
			<ele>0.00</ele>
			<time>2020-01-17T05:53:50.97Z</time>
		</trkpt>
		<trkpt lat="34.859521" lon="128.444897">
			<ele>0.00</ele>
			<time>2020-01-17T05:53:52.19Z</time>
		</trkpt>
		<trkpt lat="34.859531" lon="128.445125">
			<ele>0.00</ele>
			<time>2020-01-17T05:53:53.44Z</time>
		</trkpt>
		<trkpt lat="34.859523" lon="128.445299">
			<ele>0.00</ele>
			<time>2020-01-17T05:53:54.40Z</time>
		</trkpt>
		<trkpt lat="34.859441" lon="128.445393">
			<ele>0.00</ele>
			<time>2020-01-17T05:53:55.15Z</time>
		</trkpt>
		<trkpt lat="34.859258" lon="128.445480">
			<ele>0.00</ele>
			<time>2020-01-17T05:53:56.46Z</time>
		</trkpt>
		<trkpt lat="34.859105" lon="128.445582">
			<ele>0.00</ele>
			<time>2020-01-17T05:53:57.62Z</time>
		</trkpt>
		<trkpt lat="34.859003" lon="128.445712">
			<ele>0.00</ele>
			<time>2020-01-17T05:53:58.60Z</time>
		</trkpt>
		<trkpt lat="34.858954" lon="128.445783">
			<ele>0.00</ele>
			<time>2020-01-17T05:53:59.11Z</time>
		</trkpt>
		<trkpt lat="34.858932" lon="128.446009">
			<ele>0.00</ele>
			<time>2020-01-17T05:54:00.35Z</time>
		</trkpt>
		<trkpt lat="34.858914" lon="128.446173">
			<ele>0.00</ele>
			<time>2020-01-17T05:54:01.26Z</time>
		</trkpt>
		<trkpt lat="34.858929" lon="128.446381">
			<ele>0.00</ele>
			<time>2020-01-17T05:54:02.40Z</time>
		</trkpt>
		<trkpt lat="34.858962" lon="128.446570">
			<ele>0.00</ele>
			<time>2020-01-17T05:54:03.46Z</time>
		</trkpt>
		<trkpt lat="34.858977" lon="128.446671">
			<ele>0.00</ele>
			<time>2020-01-17T05:54:04.02Z</time>
		</trkpt>
		<trkpt lat="34.858974" lon="128.446747">
			<ele>0.00</ele>
			<time>2020-01-17T05:54:04.43Z</time>
		</trkpt>
		<trkpt lat="34.858932" lon="128.446848">
			<ele>0.00</ele>
			<time>2020-01-17T05:54:05.06Z</time>
		</trkpt>
		<trkpt lat="34.858830" lon="128.446993">
			<ele>0.00</ele>
			<time>2020-01-17T05:54:06.10Z</time>
		</trkpt>
		<trkpt lat="34.858692" lon="128.447141">
			<ele>0.00</ele>
			<time>2020-01-17T05:54:07.33Z</time>
		</trkpt>
		<trkpt lat="34.858649" lon="128.447405">
			<ele>0.00</ele>
			<time>2020-01-17T05:54:08.80Z</time>
		</trkpt>
		<trkpt lat="34.858655" lon="128.447648">
			<ele>0.00</ele>
			<time>2020-01-17T05:54:10.13Z</time>
		</trkpt>
		<trkpt lat="34.858686" lon="128.447842">
			<ele>0.00</ele>
			<time>2020-01-17T05:54:11.21Z</time>
		</trkpt>
		<trkpt lat="34.858784" lon="128.448018">
			<ele>0.00</ele>
			<time>2020-01-17T05:54:12.38Z</time>
		</trkpt>
		<trkpt lat="34.858689" lon="128.448134">
			<ele>0.00</ele>
			<time>2020-01-17T05:54:13.28Z</time>
		</trkpt>
		<trkpt lat="34.858658" lon="128.448224">
			<ele>0.00</ele>
			<time>2020-01-17T05:54:13.81Z</time>
		</trkpt>
		<trkpt lat="34.858615" lon="128.448328">
			<ele>0.00</ele>
			<time>2020-01-17T05:54:14.45Z</time>
		</trkpt>
		<trkpt lat="34.858551" lon="128.448414">
			<ele>0.00</ele>
			<time>2020-01-17T05:54:15.08Z</time>
		</trkpt>
		<trkpt lat="34.858480" lon="128.448477">
			<ele>0.00</ele>
			<time>2020-01-17T05:54:15.66Z</time>
		</trkpt>
		<trkpt lat="34.858419" lon="128.448499">
			<ele>0.00</ele>
			<time>2020-01-17T05:54:16.09Z</time>
		</trkpt>
		<trkpt lat="34.858508" lon="128.448623">
			<ele>0.00</ele>
			<time>2020-01-17T05:54:16.99Z</time>
		</trkpt>
		<trkpt lat="34.858615" lon="128.448787">
			<ele>0.00</ele>
			<time>2020-01-17T05:54:18.13Z</time>
		</trkpt>
		<trkpt lat="34.858734" lon="128.449000">
			<ele>0.00</ele>
			<time>2020-01-17T05:54:19.55Z</time>
		</trkpt>
		<trkpt lat="34.858828" lon="128.449162">
			<ele>0.00</ele>
			<time>2020-01-17T05:54:20.63Z</time>
		</trkpt>
		<trkpt lat="34.858928" lon="128.449341">
			<ele>0.00</ele>
			<time>2020-01-17T05:54:21.81Z</time>
		</trkpt>
		<trkpt lat="34.858896" lon="128.449419">
			<ele>0.00</ele>
			<time>2020-01-17T05:54:22.29Z</time>
		</trkpt>
		<trkpt lat="34.858829" lon="128.449445">
			<ele>0.00</ele>
			<time>2020-01-17T05:54:22.76Z</time>
		</trkpt>
		<trkpt lat="34.858763" lon="128.449475">
			<ele>0.00</ele>
			<time>2020-01-17T05:54:23.23Z</time>
		</trkpt>
		<trkpt lat="34.858721" lon="128.449516">
			<ele>0.00</ele>
			<time>2020-01-17T05:54:23.59Z</time>
		</trkpt>
		<trkpt lat="34.858672" lon="128.449590">
			<ele>0.00</ele>
			<time>2020-01-17T05:54:24.11Z</time>
		</trkpt>
		<trkpt lat="34.858620" lon="128.449655">
			<ele>0.00</ele>
			<time>2020-01-17T05:54:24.60Z</time>
		</trkpt>
		<trkpt lat="34.858576" lon="128.449722">
			<ele>0.00</ele>
			<time>2020-01-17T05:54:25.07Z</time>
		</trkpt>
		<trkpt lat="34.858532" lon="128.449795">
			<ele>0.00</ele>
			<time>2020-01-17T05:54:25.57Z</time>
		</trkpt>
		<trkpt lat="34.858486" lon="128.449874">
			<ele>0.00</ele>
			<time>2020-01-17T05:54:26.10Z</time>
		</trkpt>
		<trkpt lat="34.858431" lon="128.449950">
			<ele>0.00</ele>
			<time>2020-01-17T05:54:26.65Z</time>
		</trkpt>
		<trkpt lat="34.858372" lon="128.450046">
			<ele>0.00</ele>
			<time>2020-01-17T05:54:27.31Z</time>
		</trkpt>
		<trkpt lat="34.858318" lon="128.450136">
			<ele>0.00</ele>
			<time>2020-01-17T05:54:27.92Z</time>
		</trkpt>
		<trkpt lat="34.858263" lon="128.450224">
			<ele>0.00</ele>
			<time>2020-01-17T05:54:28.52Z</time>
		</trkpt>
		<trkpt lat="34.858213" lon="128.450311">
			<ele>0.00</ele>
			<time>2020-01-17T05:54:29.10Z</time>
		</trkpt>
		<trkpt lat="34.858163" lon="128.450398">
			<ele>0.00</ele>
			<time>2020-01-17T05:54:29.69Z</time>
		</trkpt>
		<trkpt lat="34.858113" lon="128.450484">
			<ele>0.00</ele>
			<time>2020-01-17T05:54:30.26Z</time>
		</trkpt>
		<trkpt lat="34.858056" lon="128.450579">
			<ele>0.00</ele>
			<time>2020-01-17T05:54:30.91Z</time>
		</trkpt>
		<trkpt lat="34.858008" lon="128.450655">
			<ele>0.00</ele>
			<time>2020-01-17T05:54:31.43Z</time>
		</trkpt>
		<trkpt lat="34.857953" lon="128.450742">
			<ele>0.00</ele>
			<time>2020-01-17T05:54:32.03Z</time>
		</trkpt>
		<trkpt lat="34.857900" lon="128.450831">
			<ele>0.00</ele>
			<time>2020-01-17T05:54:32.63Z</time>
		</trkpt>
		<trkpt lat="34.857851" lon="128.450916">
			<ele>0.00</ele>
			<time>2020-01-17T05:54:33.20Z</time>
		</trkpt>
		<trkpt lat="34.857799" lon="128.451006">
			<ele>0.00</ele>
			<time>2020-01-17T05:54:33.80Z</time>
		</trkpt>
		<trkpt lat="34.857744" lon="128.451089">
			<ele>0.00</ele>
			<time>2020-01-17T05:54:34.39Z</time>
		</trkpt>
		<trkpt lat="34.857693" lon="128.451169">
			<ele>0.00</ele>
			<time>2020-01-17T05:54:34.94Z</time>
		</trkpt>
		<trkpt lat="34.857651" lon="128.451235">
			<ele>0.00</ele>
			<time>2020-01-17T05:54:35.40Z</time>
		</trkpt>
		<trkpt lat="34.857608" lon="128.451311">
			<ele>0.00</ele>
			<time>2020-01-17T05:54:35.90Z</time>
		</trkpt>
		<trkpt lat="34.857565" lon="128.451386">
			<ele>0.00</ele>
			<time>2020-01-17T05:54:36.40Z</time>
		</trkpt>
		<trkpt lat="34.857526" lon="128.451452">
			<ele>0.00</ele>
			<time>2020-01-17T05:54:36.85Z</time>
		</trkpt>
		<trkpt lat="34.857486" lon="128.451529">
			<ele>0.00</ele>
			<time>2020-01-17T05:54:37.35Z</time>
		</trkpt>
		<trkpt lat="34.857437" lon="128.451626">
			<ele>0.00</ele>
			<time>2020-01-17T05:54:37.97Z</time>
		</trkpt>
		<trkpt lat="34.857400" lon="128.451696">
			<ele>0.00</ele>
			<time>2020-01-17T05:54:38.42Z</time>
		</trkpt>
		<trkpt lat="34.857355" lon="128.451779">
			<ele>0.00</ele>
			<time>2020-01-17T05:54:38.97Z</time>
		</trkpt>
		<trkpt lat="34.857316" lon="128.451850">
			<ele>0.00</ele>
			<time>2020-01-17T05:54:39.43Z</time>
		</trkpt>
		<trkpt lat="34.857274" lon="128.451916">
			<ele>0.00</ele>
			<time>2020-01-17T05:54:39.89Z</time>
		</trkpt>
		<trkpt lat="34.857229" lon="128.451981">
			<ele>0.00</ele>
			<time>2020-01-17T05:54:40.36Z</time>
		</trkpt>
		<trkpt lat="34.857196" lon="128.452032">
			<ele>0.00</ele>
			<time>2020-01-17T05:54:40.71Z</time>
		</trkpt>
		<trkpt lat="34.857156" lon="128.452092">
			<ele>0.00</ele>
			<time>2020-01-17T05:54:41.14Z</time>
		</trkpt>
		<trkpt lat="34.857117" lon="128.452148">
			<ele>0.00</ele>
			<time>2020-01-17T05:54:41.54Z</time>
		</trkpt>
		<trkpt lat="34.857086" lon="128.452205">
			<ele>0.00</ele>
			<time>2020-01-17T05:54:41.91Z</time>
		</trkpt>
		<trkpt lat="34.857048" lon="128.452255">
			<ele>0.00</ele>
			<time>2020-01-17T05:54:42.29Z</time>
		</trkpt>
		<trkpt lat="34.857016" lon="128.452309">
			<ele>0.00</ele>
			<time>2020-01-17T05:54:42.65Z</time>
		</trkpt>
		<trkpt lat="34.856964" lon="128.452357">
			<ele>0.00</ele>
			<time>2020-01-17T05:54:43.08Z</time>
		</trkpt>
		<trkpt lat="34.856903" lon="128.452408">
			<ele>0.00</ele>
			<time>2020-01-17T05:54:43.58Z</time>
		</trkpt>
		<trkpt lat="34.856835" lon="128.452448">
			<ele>0.00</ele>
			<time>2020-01-17T05:54:44.08Z</time>
		</trkpt>
		<trkpt lat="34.856758" lon="128.452493">
			<ele>0.00</ele>
			<time>2020-01-17T05:54:44.65Z</time>
		</trkpt>
		<trkpt lat="34.856673" lon="128.452542">
			<ele>0.00</ele>
			<time>2020-01-17T05:54:45.28Z</time>
		</trkpt>
		<trkpt lat="34.856597" lon="128.452584">
			<ele>0.00</ele>
			<time>2020-01-17T05:54:45.83Z</time>
		</trkpt>
		<trkpt lat="34.856540" lon="128.452624">
			<ele>0.00</ele>
			<time>2020-01-17T05:54:46.27Z</time>
		</trkpt>
		<trkpt lat="34.856491" lon="128.452646">
			<ele>0.00</ele>
			<time>2020-01-17T05:54:46.62Z</time>
		</trkpt>
		<trkpt lat="34.856435" lon="128.452674">
			<ele>0.00</ele>
			<time>2020-01-17T05:54:47.02Z</time>
		</trkpt>
		<trkpt lat="34.856383" lon="128.452699">
			<ele>0.00</ele>
			<time>2020-01-17T05:54:47.39Z</time>
		</trkpt>
		<trkpt lat="34.856328" lon="128.452724">
			<ele>0.00</ele>
			<time>2020-01-17T05:54:47.79Z</time>
		</trkpt>
		<trkpt lat="34.856280" lon="128.452745">
			<ele>0.00</ele>
			<time>2020-01-17T05:54:48.13Z</time>
		</trkpt>
		<trkpt lat="34.856233" lon="128.452763">
			<ele>0.00</ele>
			<time>2020-01-17T05:54:48.45Z</time>
		</trkpt>
		<trkpt lat="34.856183" lon="128.452781">
			<ele>0.00</ele>
			<time>2020-01-17T05:54:48.80Z</time>
		</trkpt>
		<trkpt lat="34.856134" lon="128.452790">
			<ele>0.00</ele>
			<time>2020-01-17T05:54:49.13Z</time>
		</trkpt>
		<trkpt lat="34.856073" lon="128.452805">
			<ele>0.00</ele>
			<time>2020-01-17T05:54:49.55Z</time>
		</trkpt>
		<trkpt lat="34.856003" lon="128.452814">
			<ele>0.00</ele>
			<time>2020-01-17T05:54:50.02Z</time>
		</trkpt>
		<trkpt lat="34.855930" lon="128.452815">
			<ele>0.00</ele>
			<time>2020-01-17T05:54:50.50Z</time>
		</trkpt>
		<trkpt lat="34.855867" lon="128.452819">
			<ele>0.00</ele>
			<time>2020-01-17T05:54:50.92Z</time>
		</trkpt>
		<trkpt lat="34.855805" lon="128.452819">
			<ele>0.00</ele>
			<time>2020-01-17T05:54:51.34Z</time>
		</trkpt>
		<trkpt lat="34.855734" lon="128.452819">
			<ele>0.00</ele>
			<time>2020-01-17T05:54:51.81Z</time>
		</trkpt>
		<trkpt lat="34.855656" lon="128.452817">
			<ele>0.00</ele>
			<time>2020-01-17T05:54:52.33Z</time>
		</trkpt>
		<trkpt lat="34.855584" lon="128.452814">
			<ele>0.00</ele>
			<time>2020-01-17T05:54:52.81Z</time>
		</trkpt>
		<trkpt lat="34.855507" lon="128.452806">
			<ele>0.00</ele>
			<time>2020-01-17T05:54:53.32Z</time>
		</trkpt>
		<trkpt lat="34.855421" lon="128.452807">
			<ele>0.00</ele>
			<time>2020-01-17T05:54:53.90Z</time>
		</trkpt>
		<trkpt lat="34.855345" lon="128.452801">
			<ele>0.00</ele>
			<time>2020-01-17T05:54:54.41Z</time>
		</trkpt>
		<trkpt lat="34.855273" lon="128.452799">
			<ele>0.00</ele>
			<time>2020-01-17T05:54:54.89Z</time>
		</trkpt>
		<trkpt lat="34.855195" lon="128.452796">
			<ele>0.00</ele>
			<time>2020-01-17T05:54:55.41Z</time>
		</trkpt>
		<trkpt lat="34.855122" lon="128.452804">
			<ele>0.00</ele>
			<time>2020-01-17T05:54:55.89Z</time>
		</trkpt>
		<trkpt lat="34.855056" lon="128.452803">
			<ele>0.00</ele>
			<time>2020-01-17T05:54:56.34Z</time>
		</trkpt>
		<trkpt lat="34.854983" lon="128.452800">
			<ele>0.00</ele>
			<time>2020-01-17T05:54:56.82Z</time>
		</trkpt>
		<trkpt lat="34.854911" lon="128.452803">
			<ele>0.00</ele>
			<time>2020-01-17T05:54:57.30Z</time>
		</trkpt>
		<trkpt lat="34.854845" lon="128.452811">
			<ele>0.00</ele>
			<time>2020-01-17T05:54:57.74Z</time>
		</trkpt>
		<trkpt lat="34.854772" lon="128.452811">
			<ele>0.00</ele>
			<time>2020-01-17T05:54:58.24Z</time>
		</trkpt>
		<trkpt lat="34.854677" lon="128.452810">
			<ele>0.00</ele>
			<time>2020-01-17T05:54:58.86Z</time>
		</trkpt>
		<trkpt lat="34.854610" lon="128.452807">
			<ele>0.00</ele>
			<time>2020-01-17T05:54:59.31Z</time>
		</trkpt>
		<trkpt lat="34.854541" lon="128.452808">
			<ele>0.00</ele>
			<time>2020-01-17T05:54:59.77Z</time>
		</trkpt>
		<trkpt lat="34.854466" lon="128.452811">
			<ele>0.00</ele>
			<time>2020-01-17T05:55:00.27Z</time>
		</trkpt>
		<trkpt lat="34.854387" lon="128.452817">
			<ele>0.00</ele>
			<time>2020-01-17T05:55:00.80Z</time>
		</trkpt>
		<trkpt lat="34.854294" lon="128.452803">
			<ele>0.00</ele>
			<time>2020-01-17T05:55:01.42Z</time>
		</trkpt>
		<trkpt lat="34.854226" lon="128.452781">
			<ele>0.00</ele>
			<time>2020-01-17T05:55:01.89Z</time>
		</trkpt>
		<trkpt lat="34.854173" lon="128.452764">
			<ele>0.00</ele>
			<time>2020-01-17T05:55:02.26Z</time>
		</trkpt>
		<trkpt lat="34.854110" lon="128.452734">
			<ele>0.00</ele>
			<time>2020-01-17T05:55:02.71Z</time>
		</trkpt>
		<trkpt lat="34.854044" lon="128.452688">
			<ele>0.00</ele>
			<time>2020-01-17T05:55:03.22Z</time>
		</trkpt>
		<trkpt lat="34.853976" lon="128.452643">
			<ele>0.00</ele>
			<time>2020-01-17T05:55:03.73Z</time>
		</trkpt>
		<trkpt lat="34.853912" lon="128.452593">
			<ele>0.00</ele>
			<time>2020-01-17T05:55:04.24Z</time>
		</trkpt>
		<trkpt lat="34.853870" lon="128.452548">
			<ele>0.00</ele>
			<time>2020-01-17T05:55:04.61Z</time>
		</trkpt>
		<trkpt lat="34.853811" lon="128.452497">
			<ele>0.00</ele>
			<time>2020-01-17T05:55:05.09Z</time>
		</trkpt>
		<trkpt lat="34.853744" lon="128.452442">
			<ele>0.00</ele>
			<time>2020-01-17T05:55:05.63Z</time>
		</trkpt>
		<trkpt lat="34.853682" lon="128.452403">
			<ele>0.00</ele>
			<time>2020-01-17T05:55:06.10Z</time>
		</trkpt>
		<trkpt lat="34.853625" lon="128.452346">
			<ele>0.00</ele>
			<time>2020-01-17T05:55:06.59Z</time>
		</trkpt>
		<trkpt lat="34.853579" lon="128.452313">
			<ele>0.00</ele>
			<time>2020-01-17T05:55:06.95Z</time>
		</trkpt>
		<trkpt lat="34.853532" lon="128.452274">
			<ele>0.00</ele>
			<time>2020-01-17T05:55:07.33Z</time>
		</trkpt>
		<trkpt lat="34.853487" lon="128.452223">
			<ele>0.00</ele>
			<time>2020-01-17T05:55:07.74Z</time>
		</trkpt>
		<trkpt lat="34.853438" lon="128.452177">
			<ele>0.00</ele>
			<time>2020-01-17T05:55:08.15Z</time>
		</trkpt>
		<trkpt lat="34.853397" lon="128.452126">
			<ele>0.00</ele>
			<time>2020-01-17T05:55:08.54Z</time>
		</trkpt>
		<trkpt lat="34.853357" lon="128.452065">
			<ele>0.00</ele>
			<time>2020-01-17T05:55:08.97Z</time>
		</trkpt>
		<trkpt lat="34.853309" lon="128.451995">
			<ele>0.00</ele>
			<time>2020-01-17T05:55:09.46Z</time>
		</trkpt>
		<trkpt lat="34.853268" lon="128.451925">
			<ele>0.00</ele>
			<time>2020-01-17T05:55:09.94Z</time>
		</trkpt>
		<trkpt lat="34.853229" lon="128.451865">
			<ele>0.00</ele>
			<time>2020-01-17T05:55:10.35Z</time>
		</trkpt>
		<trkpt lat="34.853192" lon="128.451796">
			<ele>0.00</ele>
			<time>2020-01-17T05:55:10.80Z</time>
		</trkpt>
		<trkpt lat="34.853145" lon="128.451728">
			<ele>0.00</ele>
			<time>2020-01-17T05:55:11.29Z</time>
		</trkpt>
		<trkpt lat="34.853095" lon="128.451645">
			<ele>0.00</ele>
			<time>2020-01-17T05:55:11.85Z</time>
		</trkpt>
		<trkpt lat="34.853048" lon="128.451569">
			<ele>0.00</ele>
			<time>2020-01-17T05:55:12.37Z</time>
		</trkpt>
		<trkpt lat="34.853006" lon="128.451496">
			<ele>0.00</ele>
			<time>2020-01-17T05:55:12.86Z</time>
		</trkpt>
		<trkpt lat="34.852948" lon="128.451415">
			<ele>0.00</ele>
			<time>2020-01-17T05:55:13.45Z</time>
		</trkpt>
		<trkpt lat="34.852888" lon="128.451362">
			<ele>0.00</ele>
			<time>2020-01-17T05:55:13.95Z</time>
		</trkpt>
		<trkpt lat="34.852822" lon="128.451305">
			<ele>0.00</ele>
			<time>2020-01-17T05:55:14.48Z</time>
		</trkpt>
		<trkpt lat="34.852864" lon="128.451195">
			<ele>0.00</ele>
			<time>2020-01-17T05:55:15.15Z</time>
		</trkpt>
		<trkpt lat="34.852823" lon="128.451156">
			<ele>0.00</ele>
			<time>2020-01-17T05:55:15.50Z</time>
		</trkpt>
		<trkpt lat="34.852760" lon="128.451103">
			<ele>0.00</ele>
			<time>2020-01-17T05:55:16.01Z</time>
		</trkpt>
		<trkpt lat="34.852694" lon="128.451053">
			<ele>0.00</ele>
			<time>2020-01-17T05:55:16.53Z</time>
		</trkpt>
		<trkpt lat="34.852643" lon="128.451016">
			<ele>0.00</ele>
			<time>2020-01-17T05:55:16.93Z</time>
		</trkpt>
		<trkpt lat="34.852584" lon="128.450972">
			<ele>0.00</ele>
			<time>2020-01-17T05:55:17.39Z</time>
		</trkpt>
		<trkpt lat="34.852530" lon="128.450929">
			<ele>0.00</ele>
			<time>2020-01-17T05:55:17.82Z</time>
		</trkpt>
		<trkpt lat="34.852471" lon="128.450879">
			<ele>0.00</ele>
			<time>2020-01-17T05:55:18.30Z</time>
		</trkpt>
		<trkpt lat="34.852412" lon="128.450841">
			<ele>0.00</ele>
			<time>2020-01-17T05:55:18.74Z</time>
		</trkpt>
		<trkpt lat="34.852356" lon="128.450806">
			<ele>0.00</ele>
			<time>2020-01-17T05:55:19.16Z</time>
		</trkpt>
		<trkpt lat="34.852309" lon="128.450763">
			<ele>0.00</ele>
			<time>2020-01-17T05:55:19.55Z</time>
		</trkpt>
		<trkpt lat="34.852261" lon="128.450727">
			<ele>0.00</ele>
			<time>2020-01-17T05:55:19.93Z</time>
		</trkpt>
		<trkpt lat="34.852208" lon="128.450676">
			<ele>0.00</ele>
			<time>2020-01-17T05:55:20.38Z</time>
		</trkpt>
		<trkpt lat="34.852151" lon="128.450640">
			<ele>0.00</ele>
			<time>2020-01-17T05:55:20.80Z</time>
		</trkpt>
		<trkpt lat="34.852118" lon="128.450597">
			<ele>0.00</ele>
			<time>2020-01-17T05:55:21.13Z</time>
		</trkpt>
		<trkpt lat="34.852090" lon="128.450536">
			<ele>0.00</ele>
			<time>2020-01-17T05:55:21.51Z</time>
		</trkpt>
		<trkpt lat="34.852079" lon="128.450457">
			<ele>0.00</ele>
			<time>2020-01-17T05:55:21.95Z</time>
		</trkpt>
		<trkpt lat="34.852095" lon="128.450397">
			<ele>0.00</ele>
			<time>2020-01-17T05:55:22.29Z</time>
		</trkpt>
		<trkpt lat="34.852046" lon="128.450331">
			<ele>0.00</ele>
			<time>2020-01-17T05:55:22.78Z</time>
		</trkpt>
		<trkpt lat="34.852002" lon="128.450336">
			<ele>0.00</ele>
			<time>2020-01-17T05:55:23.08Z</time>
		</trkpt>
		<trkpt lat="34.851949" lon="128.450317">
			<ele>0.00</ele>
			<time>2020-01-17T05:55:23.45Z</time>
		</trkpt>
		<trkpt lat="34.851895" lon="128.450290">
			<ele>0.00</ele>
			<time>2020-01-17T05:55:23.84Z</time>
		</trkpt>
		<trkpt lat="34.851833" lon="128.450248">
			<ele>0.00</ele>
			<time>2020-01-17T05:55:24.31Z</time>
		</trkpt>
		<trkpt lat="34.851779" lon="128.450210">
			<ele>0.00</ele>
			<time>2020-01-17T05:55:24.72Z</time>
		</trkpt>
		<trkpt lat="34.851725" lon="128.450178">
			<ele>0.00</ele>
			<time>2020-01-17T05:55:25.13Z</time>
		</trkpt>
		<trkpt lat="34.851669" lon="128.450140">
			<ele>0.00</ele>
			<time>2020-01-17T05:55:25.55Z</time>
		</trkpt>
		<trkpt lat="34.851611" lon="128.450100">
			<ele>0.00</ele>
			<time>2020-01-17T05:55:25.99Z</time>
		</trkpt>
		<trkpt lat="34.851557" lon="128.450065">
			<ele>0.00</ele>
			<time>2020-01-17T05:55:26.40Z</time>
		</trkpt>
		<trkpt lat="34.851493" lon="128.450028">
			<ele>0.00</ele>
			<time>2020-01-17T05:55:26.87Z</time>
		</trkpt>
		<trkpt lat="34.851435" lon="128.449988">
			<ele>0.00</ele>
			<time>2020-01-17T05:55:27.32Z</time>
		</trkpt>
		<trkpt lat="34.851390" lon="128.449956">
			<ele>0.00</ele>
			<time>2020-01-17T05:55:27.66Z</time>
		</trkpt>
		<trkpt lat="34.851335" lon="128.449926">
			<ele>0.00</ele>
			<time>2020-01-17T05:55:28.06Z</time>
		</trkpt>
		<trkpt lat="34.851285" lon="128.449911">
			<ele>0.00</ele>
			<time>2020-01-17T05:55:28.41Z</time>
		</trkpt>
		<trkpt lat="34.851229" lon="128.449892">
			<ele>0.00</ele>
			<time>2020-01-17T05:55:28.80Z</time>
		</trkpt>
		<trkpt lat="34.851168" lon="128.449892">
			<ele>0.00</ele>
			<time>2020-01-17T05:55:29.20Z</time>
		</trkpt>
		<trkpt lat="34.851110" lon="128.449887">
			<ele>0.00</ele>
			<time>2020-01-17T05:55:29.59Z</time>
		</trkpt>
		<trkpt lat="34.851057" lon="128.449890">
			<ele>0.00</ele>
			<time>2020-01-17T05:55:29.95Z</time>
		</trkpt>
		<trkpt lat="34.850998" lon="128.449907">
			<ele>0.00</ele>
			<time>2020-01-17T05:55:30.35Z</time>
		</trkpt>
		<trkpt lat="34.850951" lon="128.449945">
			<ele>0.00</ele>
			<time>2020-01-17T05:55:30.73Z</time>
		</trkpt>
		<trkpt lat="34.850914" lon="128.449977">
			<ele>0.00</ele>
			<time>2020-01-17T05:55:31.02Z</time>
		</trkpt>
		<trkpt lat="34.850860" lon="128.449993">
			<ele>0.00</ele>
			<time>2020-01-17T05:55:31.40Z</time>
		</trkpt>
		<trkpt lat="34.850803" lon="128.450004">
			<ele>0.00</ele>
			<time>2020-01-17T05:55:31.78Z</time>
		</trkpt>
		<trkpt lat="34.850740" lon="128.450018">
			<ele>0.00</ele>
			<time>2020-01-17T05:55:32.21Z</time>
		</trkpt>
		<trkpt lat="34.850681" lon="128.450031">
			<ele>0.00</ele>
			<time>2020-01-17T05:55:32.61Z</time>
		</trkpt>
		<trkpt lat="34.850615" lon="128.450045">
			<ele>0.00</ele>
			<time>2020-01-17T05:55:33.06Z</time>
		</trkpt>
		<trkpt lat="34.850547" lon="128.450056">
			<ele>0.00</ele>
			<time>2020-01-17T05:55:33.51Z</time>
		</trkpt>
		<trkpt lat="34.850494" lon="128.450063">
			<ele>0.00</ele>
			<time>2020-01-17T05:55:33.87Z</time>
		</trkpt>
		<trkpt lat="34.850448" lon="128.450074">
			<ele>0.00</ele>
			<time>2020-01-17T05:55:34.18Z</time>
		</trkpt>
		<trkpt lat="34.850400" lon="128.450075">
			<ele>0.00</ele>
			<time>2020-01-17T05:55:34.50Z</time>
		</trkpt>
		<trkpt lat="34.850346" lon="128.450078">
			<ele>0.00</ele>
			<time>2020-01-17T05:55:34.86Z</time>
		</trkpt>
		<trkpt lat="34.850299" lon="128.450069">
			<ele>0.00</ele>
			<time>2020-01-17T05:55:35.18Z</time>
		</trkpt>
		<trkpt lat="34.850247" lon="128.450042">
			<ele>0.00</ele>
			<time>2020-01-17T05:55:35.56Z</time>
		</trkpt>
		<trkpt lat="34.850203" lon="128.450072">
			<ele>0.00</ele>
			<time>2020-01-17T05:55:35.89Z</time>
		</trkpt>
		<trkpt lat="34.850163" lon="128.450111">
			<ele>0.00</ele>
			<time>2020-01-17T05:55:36.24Z</time>
		</trkpt>
		<trkpt lat="34.850113" lon="128.450149">
			<ele>0.00</ele>
			<time>2020-01-17T05:55:36.63Z</time>
		</trkpt>
		<trkpt lat="34.850061" lon="128.450187">
			<ele>0.00</ele>
			<time>2020-01-17T05:55:37.03Z</time>
		</trkpt>
		<trkpt lat="34.850007" lon="128.450230">
			<ele>0.00</ele>
			<time>2020-01-17T05:55:37.46Z</time>
		</trkpt>
		<trkpt lat="34.849954" lon="128.450270">
			<ele>0.00</ele>
			<time>2020-01-17T05:55:37.88Z</time>
		</trkpt>
		<trkpt lat="34.849909" lon="128.450319">
			<ele>0.00</ele>
			<time>2020-01-17T05:55:38.28Z</time>
		</trkpt>
		<trkpt lat="34.849864" lon="128.450369">
			<ele>0.00</ele>
			<time>2020-01-17T05:55:38.69Z</time>
		</trkpt>
		<trkpt lat="34.849826" lon="128.450417">
			<ele>0.00</ele>
			<time>2020-01-17T05:55:39.05Z</time>
		</trkpt>
		<trkpt lat="34.849796" lon="128.450465">
			<ele>0.00</ele>
			<time>2020-01-17T05:55:39.38Z</time>
		</trkpt>
		<trkpt lat="34.849760" lon="128.450500">
			<ele>0.00</ele>
			<time>2020-01-17T05:55:39.69Z</time>
		</trkpt>
		<trkpt lat="34.849718" lon="128.450519">
			<ele>0.00</ele>
			<time>2020-01-17T05:55:39.99Z</time>
		</trkpt>
		<trkpt lat="34.849696" lon="128.450559">
			<ele>0.00</ele>
			<time>2020-01-17T05:55:40.25Z</time>
		</trkpt>
		<trkpt lat="34.849666" lon="128.450602">
			<ele>0.00</ele>
			<time>2020-01-17T05:55:40.56Z</time>
		</trkpt>
		<trkpt lat="34.849647" lon="128.450643">
			<ele>0.00</ele>
			<time>2020-01-17T05:55:40.82Z</time>
		</trkpt>
		<trkpt lat="34.849627" lon="128.450679">
			<ele>0.00</ele>
			<time>2020-01-17T05:55:41.05Z</time>
		</trkpt>
		<trkpt lat="34.849604" lon="128.450721">
			<ele>0.00</ele>
			<time>2020-01-17T05:55:41.33Z</time>
		</trkpt>
		<trkpt lat="34.849573" lon="128.450770">
			<ele>0.00</ele>
			<time>2020-01-17T05:55:41.67Z</time>
		</trkpt>
		<trkpt lat="34.849551" lon="128.450802">
			<ele>0.00</ele>
			<time>2020-01-17T05:55:41.89Z</time>
		</trkpt>
		<trkpt lat="34.849521" lon="128.450829">
			<ele>0.00</ele>
			<time>2020-01-17T05:55:42.15Z</time>
		</trkpt>
		<trkpt lat="34.849482" lon="128.450852">
			<ele>0.00</ele>
			<time>2020-01-17T05:55:42.43Z</time>
		</trkpt>
		<trkpt lat="34.849439" lon="128.450860">
			<ele>0.00</ele>
			<time>2020-01-17T05:55:42.73Z</time>
		</trkpt>
		<trkpt lat="34.849391" lon="128.450865">
			<ele>0.00</ele>
			<time>2020-01-17T05:55:43.04Z</time>
		</trkpt>
		<trkpt lat="34.849344" lon="128.450865">
			<ele>0.00</ele>
			<time>2020-01-17T05:55:43.36Z</time>
		</trkpt>
		<trkpt lat="34.849290" lon="128.450871">
			<ele>0.00</ele>
			<time>2020-01-17T05:55:43.72Z</time>
		</trkpt>
		<trkpt lat="34.849234" lon="128.450870">
			<ele>0.00</ele>
			<time>2020-01-17T05:55:44.10Z</time>
		</trkpt>
		<trkpt lat="34.849172" lon="128.450871">
			<ele>0.00</ele>
			<time>2020-01-17T05:55:44.51Z</time>
		</trkpt>
		<trkpt lat="34.849121" lon="128.450865">
			<ele>0.00</ele>
			<time>2020-01-17T05:55:44.85Z</time>
		</trkpt>
		<trkpt lat="34.849082" lon="128.450869">
			<ele>0.00</ele>
			<time>2020-01-17T05:55:45.11Z</time>
		</trkpt>
		<trkpt lat="34.849042" lon="128.450915">
			<ele>0.00</ele>
			<time>2020-01-17T05:55:45.48Z</time>
		</trkpt>
		<trkpt lat="34.849009" lon="128.450950">
			<ele>0.00</ele>
			<time>2020-01-17T05:55:45.77Z</time>
		</trkpt>
		<trkpt lat="34.848953" lon="128.450981">
			<ele>0.00</ele>
			<time>2020-01-17T05:55:46.18Z</time>
		</trkpt>
		<trkpt lat="34.848910" lon="128.450995">
			<ele>0.00</ele>
			<time>2020-01-17T05:55:46.48Z</time>
		</trkpt>
		<trkpt lat="34.848863" lon="128.451012">
			<ele>0.00</ele>
			<time>2020-01-17T05:55:46.81Z</time>
		</trkpt>
		<trkpt lat="34.848821" lon="128.451039">
			<ele>0.00</ele>
			<time>2020-01-17T05:55:47.12Z</time>
		</trkpt>
		<trkpt lat="34.848777" lon="128.451067">
			<ele>0.00</ele>
			<time>2020-01-17T05:55:47.45Z</time>
		</trkpt>
		<trkpt lat="34.848722" lon="128.451096">
			<ele>0.00</ele>
			<time>2020-01-17T05:55:47.85Z</time>
		</trkpt>
		<trkpt lat="34.848681" lon="128.451126">
			<ele>0.00</ele>
			<time>2020-01-17T05:55:48.17Z</time>
		</trkpt>
		<trkpt lat="34.848642" lon="128.451151">
			<ele>0.00</ele>
			<time>2020-01-17T05:55:48.46Z</time>
		</trkpt>
		<trkpt lat="34.848611" lon="128.451163">
			<ele>0.00</ele>
			<time>2020-01-17T05:55:48.68Z</time>
		</trkpt>
		<trkpt lat="34.848566" lon="128.451157">
			<ele>0.00</ele>
			<time>2020-01-17T05:55:48.98Z</time>
		</trkpt>
		<trkpt lat="34.848522" lon="128.451136">
			<ele>0.00</ele>
			<time>2020-01-17T05:55:49.30Z</time>
		</trkpt>
		<trkpt lat="34.848474" lon="128.451110">
			<ele>0.00</ele>
			<time>2020-01-17T05:55:49.65Z</time>
		</trkpt>
		<trkpt lat="34.848438" lon="128.451097">
			<ele>0.00</ele>
			<time>2020-01-17T05:55:49.90Z</time>
		</trkpt>
		<trkpt lat="34.848383" lon="128.451081">
			<ele>0.00</ele>
			<time>2020-01-17T05:55:50.28Z</time>
		</trkpt>
		<trkpt lat="34.848332" lon="128.451063">
			<ele>0.00</ele>
			<time>2020-01-17T05:55:50.63Z</time>
		</trkpt>
		<trkpt lat="34.848292" lon="128.451041">
			<ele>0.00</ele>
			<time>2020-01-17T05:55:50.92Z</time>
		</trkpt>
		<trkpt lat="34.848239" lon="128.451046">
			<ele>0.00</ele>
			<time>2020-01-17T05:55:51.27Z</time>
		</trkpt>
		<trkpt lat="34.848195" lon="128.451075">
			<ele>0.00</ele>
			<time>2020-01-17T05:55:51.61Z</time>
		</trkpt>
		<trkpt lat="34.848156" lon="128.451053">
			<ele>0.00</ele>
			<time>2020-01-17T05:55:51.90Z</time>
		</trkpt>
		<trkpt lat="34.848091" lon="128.450997">
			<ele>0.00</ele>
			<time>2020-01-17T05:55:52.43Z</time>
		</trkpt>
		<trkpt lat="34.848037" lon="128.450947">
			<ele>0.00</ele>
			<time>2020-01-17T05:55:52.88Z</time>
		</trkpt>
		<trkpt lat="34.848033" lon="128.450946">
			<ele>0.00</ele>
			<time>2020-01-17T05:55:52.94Z</time>
		</trkpt>
		<trkpt lat="34.847970" lon="128.450894">
			<ele>0.00</ele>
			<time>2020-01-17T05:55:53.45Z</time>
		</trkpt>
		<trkpt lat="34.847933" lon="128.450854">
			<ele>0.00</ele>
			<time>2020-01-17T05:55:53.77Z</time>
		</trkpt>
		<trkpt lat="34.847887" lon="128.450808">
			<ele>0.00</ele>
			<time>2020-01-17T05:55:54.17Z</time>
		</trkpt>
		<trkpt lat="34.847846" lon="128.450766">
			<ele>0.00</ele>
			<time>2020-01-17T05:55:54.53Z</time>
		</trkpt>
		<trkpt lat="34.847795" lon="128.450736">
			<ele>0.00</ele>
			<time>2020-01-17T05:55:54.91Z</time>
		</trkpt>
		<trkpt lat="34.847780" lon="128.450675">
			<ele>0.00</ele>
			<time>2020-01-17T05:55:55.26Z</time>
		</trkpt>
		<trkpt lat="34.847760" lon="128.450603">
			<ele>0.00</ele>
			<time>2020-01-17T05:55:55.67Z</time>
		</trkpt>
		<trkpt lat="34.847725" lon="128.450547">
			<ele>0.00</ele>
			<time>2020-01-17T05:55:56.05Z</time>
		</trkpt>
		<trkpt lat="34.847674" lon="128.450503">
			<ele>0.00</ele>
			<time>2020-01-17T05:55:56.47Z</time>
		</trkpt>
		<trkpt lat="34.847600" lon="128.450486">
			<ele>0.00</ele>
			<time>2020-01-17T05:55:56.97Z</time>
		</trkpt>
		<trkpt lat="34.847545" lon="128.450477">
			<ele>0.00</ele>
			<time>2020-01-17T05:55:57.35Z</time>
		</trkpt>
		<trkpt lat="34.847492" lon="128.450454">
			<ele>0.00</ele>
			<time>2020-01-17T05:55:57.72Z</time>
		</trkpt>
		<trkpt lat="34.847446" lon="128.450434">
			<ele>0.00</ele>
			<time>2020-01-17T05:55:58.05Z</time>
		</trkpt>
		<trkpt lat="34.847398" lon="128.450402">
			<ele>0.00</ele>
			<time>2020-01-17T05:55:58.41Z</time>
		</trkpt>
		<trkpt lat="34.847346" lon="128.450371">
			<ele>0.00</ele>
			<time>2020-01-17T05:55:58.80Z</time>
		</trkpt>
		<trkpt lat="34.847300" lon="128.450341">
			<ele>0.00</ele>
			<time>2020-01-17T05:55:59.14Z</time>
		</trkpt>
		<trkpt lat="34.847238" lon="128.450310">
			<ele>0.00</ele>
			<time>2020-01-17T05:55:59.59Z</time>
		</trkpt>
		<trkpt lat="34.847160" lon="128.450192">
			<ele>0.00</ele>
			<time>2020-01-17T05:56:00.42Z</time>
		</trkpt>
		<trkpt lat="34.847086" lon="128.450089">
			<ele>0.00</ele>
			<time>2020-01-17T05:56:01.17Z</time>
		</trkpt>
		<trkpt lat="34.846998" lon="128.449972">
			<ele>0.00</ele>
			<time>2020-01-17T05:56:02.03Z</time>
		</trkpt>
		<trkpt lat="34.846890" lon="128.449839">
			<ele>0.00</ele>
			<time>2020-01-17T05:56:03.06Z</time>
		</trkpt>
		<trkpt lat="34.846785" lon="128.449709">
			<ele>0.00</ele>
			<time>2020-01-17T05:56:04.06Z</time>
		</trkpt>
		<trkpt lat="34.846701" lon="128.449585">
			<ele>0.00</ele>
			<time>2020-01-17T05:56:04.94Z</time>
		</trkpt>
		<trkpt lat="34.846646" lon="128.449431">
			<ele>0.00</ele>
			<time>2020-01-17T05:56:05.85Z</time>
		</trkpt>
		<trkpt lat="34.846625" lon="128.449270">
			<ele>0.00</ele>
			<time>2020-01-17T05:56:06.75Z</time>
		</trkpt>
		<trkpt lat="34.846601" lon="128.449080">
			<ele>0.00</ele>
			<time>2020-01-17T05:56:07.80Z</time>
		</trkpt>
		<trkpt lat="34.846586" lon="128.448966">
			<ele>0.00</ele>
			<time>2020-01-17T05:56:08.43Z</time>
		</trkpt>
		<trkpt lat="34.846551" lon="128.448820">
			<ele>0.00</ele>
			<time>2020-01-17T05:56:09.26Z</time>
		</trkpt>
		<trkpt lat="34.846520" lon="128.448664">
			<ele>0.00</ele>
			<time>2020-01-17T05:56:10.14Z</time>
		</trkpt>
		<trkpt lat="34.846482" lon="128.448536">
			<ele>0.00</ele>
			<time>2020-01-17T05:56:10.89Z</time>
		</trkpt>
		<trkpt lat="34.846424" lon="128.448431">
			<ele>0.00</ele>
			<time>2020-01-17T05:56:11.58Z</time>
		</trkpt>
		<trkpt lat="34.846325" lon="128.448351">
			<ele>0.00</ele>
			<time>2020-01-17T05:56:12.37Z</time>
		</trkpt>
		<trkpt lat="34.846215" lon="128.448322">
			<ele>0.00</ele>
			<time>2020-01-17T05:56:13.12Z</time>
		</trkpt>
		<trkpt lat="34.846091" lon="128.448298">
			<ele>0.00</ele>
			<time>2020-01-17T05:56:13.96Z</time>
		</trkpt>
		<trkpt lat="34.845938" lon="128.448248">
			<ele>0.00</ele>
			<time>2020-01-17T05:56:15.01Z</time>
		</trkpt>
		<trkpt lat="34.845832" lon="128.448207">
			<ele>0.00</ele>
			<time>2020-01-17T05:56:15.75Z</time>
		</trkpt>
		<trkpt lat="34.845736" lon="128.448167">
			<ele>0.00</ele>
			<time>2020-01-17T05:56:16.43Z</time>
		</trkpt>
		<trkpt lat="34.845654" lon="128.448026">
			<ele>0.00</ele>
			<time>2020-01-17T05:56:17.37Z</time>
		</trkpt>
		<trkpt lat="34.845586" lon="128.447933">
			<ele>0.00</ele>
			<time>2020-01-17T05:56:18.06Z</time>
		</trkpt>
		<trkpt lat="34.845504" lon="128.447819">
			<ele>0.00</ele>
			<time>2020-01-17T05:56:18.88Z</time>
		</trkpt>
		<trkpt lat="34.845426" lon="128.447736">
			<ele>0.00</ele>
			<time>2020-01-17T05:56:19.58Z</time>
		</trkpt>
		<trkpt lat="34.845368" lon="128.447673">
			<ele>0.00</ele>
			<time>2020-01-17T05:56:20.09Z</time>
		</trkpt>
		<trkpt lat="34.845289" lon="128.447576">
			<ele>0.00</ele>
			<time>2020-01-17T05:56:20.84Z</time>
		</trkpt>
		<trkpt lat="34.845218" lon="128.447469">
			<ele>0.00</ele>
			<time>2020-01-17T05:56:21.59Z</time>
		</trkpt>
		<trkpt lat="34.845205" lon="128.447349">
			<ele>0.00</ele>
			<time>2020-01-17T05:56:22.25Z</time>
		</trkpt>
		<trkpt lat="34.845197" lon="128.447230">
			<ele>0.00</ele>
			<time>2020-01-17T05:56:22.91Z</time>
		</trkpt>
		<trkpt lat="34.845208" lon="128.447094">
			<ele>0.00</ele>
			<time>2020-01-17T05:56:23.66Z</time>
		</trkpt>
		<trkpt lat="34.845233" lon="128.446990">
			<ele>0.00</ele>
			<time>2020-01-17T05:56:24.25Z</time>
		</trkpt>
		<trkpt lat="34.845257" lon="128.446885">
			<ele>0.00</ele>
			<time>2020-01-17T05:56:24.85Z</time>
		</trkpt>
		<trkpt lat="34.845279" lon="128.446801">
			<ele>0.00</ele>
			<time>2020-01-17T05:56:25.33Z</time>
		</trkpt>
		<trkpt lat="34.845285" lon="128.446713">
			<ele>0.00</ele>
			<time>2020-01-17T05:56:25.81Z</time>
		</trkpt>
		<trkpt lat="34.845279" lon="128.446591">
			<ele>0.00</ele>
			<time>2020-01-17T05:56:26.48Z</time>
		</trkpt>
		<trkpt lat="34.845272" lon="128.446469">
			<ele>0.00</ele>
			<time>2020-01-17T05:56:27.15Z</time>
		</trkpt>
		<trkpt lat="34.845258" lon="128.446323">
			<ele>0.00</ele>
			<time>2020-01-17T05:56:27.95Z</time>
		</trkpt>
		<trkpt lat="34.845231" lon="128.446222">
			<ele>0.00</ele>
			<time>2020-01-17T05:56:28.54Z</time>
		</trkpt>
		<trkpt lat="34.845226" lon="128.446215">
			<ele>0.00</ele>
			<time>2020-01-17T05:56:28.60Z</time>
		</trkpt>
		<trkpt lat="34.845179" lon="128.446139">
			<ele>0.00</ele>
			<time>2020-01-17T05:56:29.12Z</time>
		</trkpt>
		<trkpt lat="34.845157" lon="128.446085">
			<ele>0.00</ele>
			<time>2020-01-17T05:56:29.44Z</time>
		</trkpt>
		<trkpt lat="34.845135" lon="128.445952">
			<ele>0.00</ele>
			<time>2020-01-17T05:56:30.18Z</time>
		</trkpt>
		<trkpt lat="34.845124" lon="128.445876">
			<ele>0.00</ele>
			<time>2020-01-17T05:56:30.61Z</time>
		</trkpt>
		<trkpt lat="34.845118" lon="128.445807">
			<ele>0.00</ele>
			<time>2020-01-17T05:56:30.99Z</time>
		</trkpt>
		<trkpt lat="34.845110" lon="128.445741">
			<ele>0.00</ele>
			<time>2020-01-17T05:56:31.35Z</time>
		</trkpt>
		<trkpt lat="34.845091" lon="128.445677">
			<ele>0.00</ele>
			<time>2020-01-17T05:56:31.73Z</time>
		</trkpt>
		<trkpt lat="34.845068" lon="128.445643">
			<ele>0.00</ele>
			<time>2020-01-17T05:56:31.97Z</time>
		</trkpt>
		<trkpt lat="34.845051" lon="128.445597">
			<ele>0.00</ele>
			<time>2020-01-17T05:56:32.24Z</time>
		</trkpt>
		<trkpt lat="34.845031" lon="128.445529">
			<ele>0.00</ele>
			<time>2020-01-17T05:56:32.64Z</time>
		</trkpt>
		<trkpt lat="34.845015" lon="128.445500">
			<ele>0.00</ele>
			<time>2020-01-17T05:56:32.83Z</time>
		</trkpt>
		<trkpt lat="34.844976" lon="128.445488">
			<ele>0.00</ele>
			<time>2020-01-17T05:56:33.10Z</time>
		</trkpt>
		<trkpt lat="34.844926" lon="128.445466">
			<ele>0.00</ele>
			<time>2020-01-17T05:56:33.45Z</time>
		</trkpt>
		<trkpt lat="34.844902" lon="128.445430">
			<ele>0.00</ele>
			<time>2020-01-17T05:56:33.70Z</time>
		</trkpt>
		<trkpt lat="34.844882" lon="128.445383">
			<ele>0.00</ele>
			<time>2020-01-17T05:56:33.99Z</time>
		</trkpt>
		<trkpt lat="34.844864" lon="128.445340">
			<ele>0.00</ele>
			<time>2020-01-17T05:56:34.26Z</time>
		</trkpt>
		<trkpt lat="34.844833" lon="128.445307">
			<ele>0.00</ele>
			<time>2020-01-17T05:56:34.53Z</time>
		</trkpt>
		<trkpt lat="34.844805" lon="128.445247">
			<ele>0.00</ele>
			<time>2020-01-17T05:56:34.91Z</time>
		</trkpt>
		<trkpt lat="34.844784" lon="128.445175">
			<ele>0.00</ele>
			<time>2020-01-17T05:56:35.33Z</time>
		</trkpt>
		<trkpt lat="34.844761" lon="128.445114">
			<ele>0.00</ele>
			<time>2020-01-17T05:56:35.70Z</time>
		</trkpt>
		<trkpt lat="34.844728" lon="128.445044">
			<ele>0.00</ele>
			<time>2020-01-17T05:56:36.14Z</time>
		</trkpt>
		<trkpt lat="34.844698" lon="128.444978">
			<ele>0.00</ele>
			<time>2020-01-17T05:56:36.55Z</time>
		</trkpt>
		<trkpt lat="34.844665" lon="128.444900">
			<ele>0.00</ele>
			<time>2020-01-17T05:56:37.03Z</time>
		</trkpt>
		<trkpt lat="34.844627" lon="128.444819">
			<ele>0.00</ele>
			<time>2020-01-17T05:56:37.54Z</time>
		</trkpt>
		<trkpt lat="34.844596" lon="128.444736">
			<ele>0.00</ele>
			<time>2020-01-17T05:56:38.04Z</time>
		</trkpt>
		<trkpt lat="34.844574" lon="128.444651">
			<ele>0.00</ele>
			<time>2020-01-17T05:56:38.53Z</time>
		</trkpt>
		<trkpt lat="34.844559" lon="128.444616">
			<ele>0.00</ele>
			<time>2020-01-17T05:56:38.74Z</time>
		</trkpt>
		<trkpt lat="34.844542" lon="128.444554">
			<ele>0.00</ele>
			<time>2020-01-17T05:56:39.10Z</time>
		</trkpt>
		<trkpt lat="34.844534" lon="128.444484">
			<ele>0.00</ele>
			<time>2020-01-17T05:56:39.48Z</time>
		</trkpt>
		<trkpt lat="34.844551" lon="128.444426">
			<ele>0.00</ele>
			<time>2020-01-17T05:56:39.82Z</time>
		</trkpt>
		<trkpt lat="34.844588" lon="128.444394">
			<ele>0.00</ele>
			<time>2020-01-17T05:56:40.13Z</time>
		</trkpt>
		<trkpt lat="34.844614" lon="128.444364">
			<ele>0.00</ele>
			<time>2020-01-17T05:56:40.36Z</time>
		</trkpt>
		<trkpt lat="34.844628" lon="128.444294">
			<ele>0.00</ele>
			<time>2020-01-17T05:56:40.76Z</time>
		</trkpt>
		<trkpt lat="34.844638" lon="128.444219">
			<ele>0.00</ele>
			<time>2020-01-17T05:56:41.18Z</time>
		</trkpt>
		<trkpt lat="34.844649" lon="128.444135">
			<ele>0.00</ele>
			<time>2020-01-17T05:56:41.64Z</time>
		</trkpt>
		<trkpt lat="34.844662" lon="128.444077">
			<ele>0.00</ele>
			<time>2020-01-17T05:56:41.97Z</time>
		</trkpt>
		<trkpt lat="34.844683" lon="128.444030">
			<ele>0.00</ele>
			<time>2020-01-17T05:56:42.26Z</time>
		</trkpt>
		<trkpt lat="34.844698" lon="128.443969">
			<ele>0.00</ele>
			<time>2020-01-17T05:56:42.61Z</time>
		</trkpt>
		<trkpt lat="34.844713" lon="128.443893">
			<ele>0.00</ele>
			<time>2020-01-17T05:56:43.04Z</time>
		</trkpt>
		<trkpt lat="34.844700" lon="128.443823">
			<ele>0.00</ele>
			<time>2020-01-17T05:56:43.43Z</time>
		</trkpt>
		<trkpt lat="34.844679" lon="128.443746">
			<ele>0.00</ele>
			<time>2020-01-17T05:56:43.87Z</time>
		</trkpt>
		<trkpt lat="34.844651" lon="128.443678">
			<ele>0.00</ele>
			<time>2020-01-17T05:56:44.29Z</time>
		</trkpt>
		<trkpt lat="34.844605" lon="128.443599">
			<ele>0.00</ele>
			<time>2020-01-17T05:56:44.82Z</time>
		</trkpt>
		<trkpt lat="34.844557" lon="128.443532">
			<ele>0.00</ele>
			<time>2020-01-17T05:56:45.31Z</time>
		</trkpt>
		<trkpt lat="34.844517" lon="128.443479">
			<ele>0.00</ele>
			<time>2020-01-17T05:56:45.70Z</time>
		</trkpt>
		<trkpt lat="34.844485" lon="128.443426">
			<ele>0.00</ele>
			<time>2020-01-17T05:56:46.06Z</time>
		</trkpt>
		<trkpt lat="34.844464" lon="128.443352">
			<ele>0.00</ele>
			<time>2020-01-17T05:56:46.49Z</time>
		</trkpt>
		<trkpt lat="34.844445" lon="128.443288">
			<ele>0.00</ele>
			<time>2020-01-17T05:56:46.86Z</time>
		</trkpt>
		<trkpt lat="34.844406" lon="128.443204">
			<ele>0.00</ele>
			<time>2020-01-17T05:56:47.39Z</time>
		</trkpt>
		<trkpt lat="34.844376" lon="128.443156">
			<ele>0.00</ele>
			<time>2020-01-17T05:56:47.72Z</time>
		</trkpt>
		<trkpt lat="34.844329" lon="128.443100">
			<ele>0.00</ele>
			<time>2020-01-17T05:56:48.16Z</time>
		</trkpt>
		<trkpt lat="34.844329" lon="128.443098">
			<ele>0.00</ele>
			<time>2020-01-17T05:56:48.22Z</time>
		</trkpt>
		<trkpt lat="34.844271" lon="128.443058">
			<ele>0.00</ele>
			<time>2020-01-17T05:56:48.67Z</time>
		</trkpt>
		<trkpt lat="34.844209" lon="128.443012">
			<ele>0.00</ele>
			<time>2020-01-17T05:56:49.15Z</time>
		</trkpt>
		<trkpt lat="34.844151" lon="128.442969">
			<ele>0.00</ele>
			<time>2020-01-17T05:56:49.60Z</time>
		</trkpt>
		<trkpt lat="34.844100" lon="128.442925">
			<ele>0.00</ele>
			<time>2020-01-17T05:56:50.02Z</time>
		</trkpt>
		<trkpt lat="34.844050" lon="128.442869">
			<ele>0.00</ele>
			<time>2020-01-17T05:56:50.47Z</time>
		</trkpt>
		<trkpt lat="34.844025" lon="128.442795">
			<ele>0.00</ele>
			<time>2020-01-17T05:56:50.91Z</time>
		</trkpt>
		<trkpt lat="34.844013" lon="128.442703">
			<ele>0.00</ele>
			<time>2020-01-17T05:56:51.42Z</time>
		</trkpt>
		<trkpt lat="34.844009" lon="128.442625">
			<ele>0.00</ele>
			<time>2020-01-17T05:56:51.85Z</time>
		</trkpt>
		<trkpt lat="34.844014" lon="128.442554">
			<ele>0.00</ele>
			<time>2020-01-17T05:56:52.24Z</time>
		</trkpt>
		<trkpt lat="34.844019" lon="128.442497">
			<ele>0.00</ele>
			<time>2020-01-17T05:56:52.55Z</time>
		</trkpt>
		<trkpt lat="34.844024" lon="128.442429">
			<ele>0.00</ele>
			<time>2020-01-17T05:56:52.92Z</time>
		</trkpt>
		<trkpt lat="34.844027" lon="128.442355">
			<ele>0.00</ele>
			<time>2020-01-17T05:56:53.33Z</time>
		</trkpt>
		<trkpt lat="34.844035" lon="128.442269">
			<ele>0.00</ele>
			<time>2020-01-17T05:56:53.80Z</time>
		</trkpt>
		<trkpt lat="34.844039" lon="128.442189">
			<ele>0.00</ele>
			<time>2020-01-17T05:56:54.24Z</time>
		</trkpt>
		<trkpt lat="34.844047" lon="128.442110">
			<ele>0.00</ele>
			<time>2020-01-17T05:56:54.67Z</time>
		</trkpt>
		<trkpt lat="34.844051" lon="128.442021">
			<ele>0.00</ele>
			<time>2020-01-17T05:56:55.16Z</time>
		</trkpt>
		<trkpt lat="34.844063" lon="128.441943">
			<ele>0.00</ele>
			<time>2020-01-17T05:56:55.60Z</time>
		</trkpt>
		<trkpt lat="34.844068" lon="128.441858">
			<ele>0.00</ele>
			<time>2020-01-17T05:56:56.06Z</time>
		</trkpt>
		<trkpt lat="34.844070" lon="128.441779">
			<ele>0.00</ele>
			<time>2020-01-17T05:56:56.50Z</time>
		</trkpt>
		<trkpt lat="34.844072" lon="128.441694">
			<ele>0.00</ele>
			<time>2020-01-17T05:56:56.96Z</time>
		</trkpt>
		<trkpt lat="34.844055" lon="128.441621">
			<ele>0.00</ele>
			<time>2020-01-17T05:56:57.38Z</time>
		</trkpt>
		<trkpt lat="34.844014" lon="128.441582">
			<ele>0.00</ele>
			<time>2020-01-17T05:56:57.72Z</time>
		</trkpt>
		<trkpt lat="34.843957" lon="128.441568">
			<ele>0.00</ele>
			<time>2020-01-17T05:56:58.11Z</time>
		</trkpt>
		<trkpt lat="34.843894" lon="128.441564">
			<ele>0.00</ele>
			<time>2020-01-17T05:56:58.53Z</time>
		</trkpt>
		<trkpt lat="34.843834" lon="128.441572">
			<ele>0.00</ele>
			<time>2020-01-17T05:56:58.94Z</time>
		</trkpt>
		<trkpt lat="34.843776" lon="128.441595">
			<ele>0.00</ele>
			<time>2020-01-17T05:56:59.34Z</time>
		</trkpt>
		<trkpt lat="34.843718" lon="128.441634">
			<ele>0.00</ele>
			<time>2020-01-17T05:56:59.78Z</time>
		</trkpt>
		<trkpt lat="34.843681" lon="128.441662">
			<ele>0.00</ele>
			<time>2020-01-17T05:57:00.07Z</time>
		</trkpt>
		<trkpt lat="34.843631" lon="128.441669">
			<ele>0.00</ele>
			<time>2020-01-17T05:57:00.41Z</time>
		</trkpt>
		<trkpt lat="34.843567" lon="128.441634">
			<ele>0.00</ele>
			<time>2020-01-17T05:57:00.88Z</time>
		</trkpt>
		<trkpt lat="34.843503" lon="128.441613">
			<ele>0.00</ele>
			<time>2020-01-17T05:57:01.32Z</time>
		</trkpt>
		<trkpt lat="34.843435" lon="128.441589">
			<ele>0.00</ele>
			<time>2020-01-17T05:57:01.79Z</time>
		</trkpt>
		<trkpt lat="34.843369" lon="128.441571">
			<ele>0.00</ele>
			<time>2020-01-17T05:57:02.24Z</time>
		</trkpt>
		<trkpt lat="34.843316" lon="128.441559">
			<ele>0.00</ele>
			<time>2020-01-17T05:57:02.60Z</time>
		</trkpt>
		<trkpt lat="34.843246" lon="128.441545">
			<ele>0.00</ele>
			<time>2020-01-17T05:57:03.07Z</time>
		</trkpt>
		<trkpt lat="34.843180" lon="128.441523">
			<ele>0.00</ele>
			<time>2020-01-17T05:57:03.53Z</time>
		</trkpt>
		<trkpt lat="34.843109" lon="128.441501">
			<ele>0.00</ele>
			<time>2020-01-17T05:57:04.01Z</time>
		</trkpt>
		<trkpt lat="34.843047" lon="128.441482">
			<ele>0.00</ele>
			<time>2020-01-17T05:57:04.44Z</time>
		</trkpt>
		<trkpt lat="34.842959" lon="128.441447">
			<ele>0.00</ele>
			<time>2020-01-17T05:57:05.06Z</time>
		</trkpt>
		<trkpt lat="34.842880" lon="128.441427">
			<ele>0.00</ele>
			<time>2020-01-17T05:57:05.60Z</time>
		</trkpt>
		<trkpt lat="34.842815" lon="128.441407">
			<ele>0.00</ele>
			<time>2020-01-17T05:57:06.05Z</time>
		</trkpt>
		<trkpt lat="34.842754" lon="128.441390">
			<ele>0.00</ele>
			<time>2020-01-17T05:57:06.46Z</time>
		</trkpt>
		<trkpt lat="34.842679" lon="128.441368">
			<ele>0.00</ele>
			<time>2020-01-17T05:57:06.97Z</time>
		</trkpt>
		<trkpt lat="34.842635" lon="128.441363">
			<ele>0.00</ele>
			<time>2020-01-17T05:57:07.27Z</time>
		</trkpt>
		<trkpt lat="34.842617" lon="128.441337">
			<ele>0.00</ele>
			<time>2020-01-17T05:57:07.46Z</time>
		</trkpt>
		<trkpt lat="34.842629" lon="128.441254">
			<ele>0.00</ele>
			<time>2020-01-17T05:57:07.92Z</time>
		</trkpt>
		<trkpt lat="34.842653" lon="128.441158">
			<ele>0.00</ele>
			<time>2020-01-17T05:57:08.47Z</time>
		</trkpt>
		<trkpt lat="34.842661" lon="128.441077">
			<ele>0.00</ele>
			<time>2020-01-17T05:57:08.92Z</time>
		</trkpt>
		<trkpt lat="34.842676" lon="128.441007">
			<ele>0.00</ele>
			<time>2020-01-17T05:57:09.31Z</time>
		</trkpt>
		<trkpt lat="34.842696" lon="128.440928">
			<ele>0.00</ele>
			<time>2020-01-17T05:57:09.76Z</time>
		</trkpt>
		<trkpt lat="34.842719" lon="128.440856">
			<ele>0.00</ele>
			<time>2020-01-17T05:57:10.19Z</time>
		</trkpt>
		<trkpt lat="34.842741" lon="128.440767">
			<ele>0.00</ele>
			<time>2020-01-17T05:57:10.69Z</time>
		</trkpt>
		<trkpt lat="34.842760" lon="128.440667">
			<ele>0.00</ele>
			<time>2020-01-17T05:57:11.26Z</time>
		</trkpt>
		<trkpt lat="34.842781" lon="128.440583">
			<ele>0.00</ele>
			<time>2020-01-17T05:57:11.73Z</time>
		</trkpt>
		<trkpt lat="34.842793" lon="128.440515">
			<ele>0.00</ele>
			<time>2020-01-17T05:57:12.12Z</time>
		</trkpt>
		<trkpt lat="34.842814" lon="128.440431">
			<ele>0.00</ele>
			<time>2020-01-17T05:57:12.60Z</time>
		</trkpt>
		<trkpt lat="34.842837" lon="128.440336">
			<ele>0.00</ele>
			<time>2020-01-17T05:57:13.14Z</time>
		</trkpt>
		<trkpt lat="34.842848" lon="128.440269">
			<ele>0.00</ele>
			<time>2020-01-17T05:57:13.51Z</time>
		</trkpt>
		<trkpt lat="34.842858" lon="128.440185">
			<ele>0.00</ele>
			<time>2020-01-17T05:57:13.98Z</time>
		</trkpt>
		<trkpt lat="34.842868" lon="128.440109">
			<ele>0.00</ele>
			<time>2020-01-17T05:57:14.40Z</time>
		</trkpt>
		<trkpt lat="34.842883" lon="128.440019">
			<ele>0.00</ele>
			<time>2020-01-17T05:57:14.90Z</time>
		</trkpt>
		<trkpt lat="34.842899" lon="128.439938">
			<ele>0.00</ele>
			<time>2020-01-17T05:57:15.35Z</time>
		</trkpt>
		<trkpt lat="34.842899" lon="128.439937">
			<ele>0.00</ele>
			<time>2020-01-17T05:57:15.41Z</time>
		</trkpt>
		<trkpt lat="34.842910" lon="128.439850">
			<ele>0.00</ele>
			<time>2020-01-17T05:57:15.89Z</time>
		</trkpt>
		<trkpt lat="34.842922" lon="128.439801">
			<ele>0.00</ele>
			<time>2020-01-17T05:57:16.18Z</time>
		</trkpt>
		<trkpt lat="34.842931" lon="128.439740">
			<ele>0.00</ele>
			<time>2020-01-17T05:57:16.52Z</time>
		</trkpt>
		<trkpt lat="34.842942" lon="128.439682">
			<ele>0.00</ele>
			<time>2020-01-17T05:57:16.84Z</time>
		</trkpt>
		<trkpt lat="34.842949" lon="128.439611">
			<ele>0.00</ele>
			<time>2020-01-17T05:57:17.23Z</time>
		</trkpt>
		<trkpt lat="34.842959" lon="128.439530">
			<ele>0.00</ele>
			<time>2020-01-17T05:57:17.68Z</time>
		</trkpt>
		<trkpt lat="34.842974" lon="128.439455">
			<ele>0.00</ele>
			<time>2020-01-17T05:57:18.10Z</time>
		</trkpt>
		<trkpt lat="34.842984" lon="128.439378">
			<ele>0.00</ele>
			<time>2020-01-17T05:57:18.53Z</time>
		</trkpt>
		<trkpt lat="34.843000" lon="128.439291">
			<ele>0.00</ele>
			<time>2020-01-17T05:57:19.02Z</time>
		</trkpt>
		<trkpt lat="34.843010" lon="128.439209">
			<ele>0.00</ele>
			<time>2020-01-17T05:57:19.47Z</time>
		</trkpt>
		<trkpt lat="34.843023" lon="128.439124">
			<ele>0.00</ele>
			<time>2020-01-17T05:57:19.94Z</time>
		</trkpt>
		<trkpt lat="34.843038" lon="128.439039">
			<ele>0.00</ele>
			<time>2020-01-17T05:57:20.42Z</time>
		</trkpt>
		<trkpt lat="34.843049" lon="128.438963">
			<ele>0.00</ele>
			<time>2020-01-17T05:57:20.84Z</time>
		</trkpt>
		<trkpt lat="34.843059" lon="128.438895">
			<ele>0.00</ele>
			<time>2020-01-17T05:57:21.22Z</time>
		</trkpt>
		<trkpt lat="34.843070" lon="128.438817">
			<ele>0.00</ele>
			<time>2020-01-17T05:57:21.65Z</time>
		</trkpt>
		<trkpt lat="34.843088" lon="128.438725">
			<ele>0.00</ele>
			<time>2020-01-17T05:57:22.17Z</time>
		</trkpt>
		<trkpt lat="34.843105" lon="128.438613">
			<ele>0.00</ele>
			<time>2020-01-17T05:57:22.80Z</time>
		</trkpt>
		<trkpt lat="34.843115" lon="128.438538">
			<ele>0.00</ele>
			<time>2020-01-17T05:57:23.21Z</time>
		</trkpt>
		<trkpt lat="34.843141" lon="128.438421">
			<ele>0.00</ele>
			<time>2020-01-17T05:57:23.87Z</time>
		</trkpt>
		<trkpt lat="34.843159" lon="128.438314">
			<ele>0.00</ele>
			<time>2020-01-17T05:57:24.47Z</time>
		</trkpt>
		<trkpt lat="34.843177" lon="128.438223">
			<ele>0.00</ele>
			<time>2020-01-17T05:57:24.98Z</time>
		</trkpt>
		<trkpt lat="34.843193" lon="128.438144">
			<ele>0.00</ele>
			<time>2020-01-17T05:57:25.43Z</time>
		</trkpt>
		<trkpt lat="34.843218" lon="128.438038">
			<ele>0.00</ele>
			<time>2020-01-17T05:57:26.03Z</time>
		</trkpt>
		<trkpt lat="34.843242" lon="128.437946">
			<ele>0.00</ele>
			<time>2020-01-17T05:57:26.56Z</time>
		</trkpt>
		<trkpt lat="34.843254" lon="128.437869">
			<ele>0.00</ele>
			<time>2020-01-17T05:57:26.99Z</time>
		</trkpt>
		<trkpt lat="34.843265" lon="128.437801">
			<ele>0.00</ele>
			<time>2020-01-17T05:57:27.37Z</time>
		</trkpt>
		<trkpt lat="34.843275" lon="128.437711">
			<ele>0.00</ele>
			<time>2020-01-17T05:57:27.86Z</time>
		</trkpt>
		<trkpt lat="34.843287" lon="128.437604">
			<ele>0.00</ele>
			<time>2020-01-17T05:57:28.46Z</time>
		</trkpt>
		<trkpt lat="34.843306" lon="128.437487">
			<ele>0.00</ele>
			<time>2020-01-17T05:57:29.11Z</time>
		</trkpt>
		<trkpt lat="34.843325" lon="128.437388">
			<ele>0.00</ele>
			<time>2020-01-17T05:57:29.66Z</time>
		</trkpt>
		<trkpt lat="34.843340" lon="128.437288">
			<ele>0.00</ele>
			<time>2020-01-17T05:57:30.22Z</time>
		</trkpt>
		<trkpt lat="34.843354" lon="128.437181">
			<ele>0.00</ele>
			<time>2020-01-17T05:57:30.81Z</time>
		</trkpt>
		<trkpt lat="34.843371" lon="128.437099">
			<ele>0.00</ele>
			<time>2020-01-17T05:57:31.28Z</time>
		</trkpt>
		<trkpt lat="34.843390" lon="128.437020">
			<ele>0.00</ele>
			<time>2020-01-17T05:57:31.73Z</time>
		</trkpt>
		<trkpt lat="34.843401" lon="128.436945">
			<ele>0.00</ele>
			<time>2020-01-17T05:57:32.14Z</time>
		</trkpt>
		<trkpt lat="34.843423" lon="128.436845">
			<ele>0.00</ele>
			<time>2020-01-17T05:57:32.71Z</time>
		</trkpt>
		<trkpt lat="34.843449" lon="128.436738">
			<ele>0.00</ele>
			<time>2020-01-17T05:57:33.32Z</time>
		</trkpt>
		<trkpt lat="34.843465" lon="128.436644">
			<ele>0.00</ele>
			<time>2020-01-17T05:57:33.85Z</time>
		</trkpt>
		<trkpt lat="34.843485" lon="128.436537">
			<ele>0.00</ele>
			<time>2020-01-17T05:57:34.44Z</time>
		</trkpt>
		<trkpt lat="34.843506" lon="128.436434">
			<ele>0.00</ele>
			<time>2020-01-17T05:57:35.03Z</time>
		</trkpt>
		<trkpt lat="34.843526" lon="128.436322">
			<ele>0.00</ele>
			<time>2020-01-17T05:57:35.65Z</time>
		</trkpt>
		<trkpt lat="34.843549" lon="128.436214">
			<ele>0.00</ele>
			<time>2020-01-17T05:57:36.26Z</time>
		</trkpt>
		<trkpt lat="34.843574" lon="128.436093">
			<ele>0.00</ele>
			<time>2020-01-17T05:57:36.95Z</time>
		</trkpt>
		<trkpt lat="34.843588" lon="128.436009">
			<ele>0.00</ele>
			<time>2020-01-17T05:57:37.41Z</time>
		</trkpt>
		<trkpt lat="34.843602" lon="128.435917">
			<ele>0.00</ele>
			<time>2020-01-17T05:57:37.93Z</time>
		</trkpt>
		<trkpt lat="34.843616" lon="128.435829">
			<ele>0.00</ele>
			<time>2020-01-17T05:57:38.42Z</time>
		</trkpt>
		<trkpt lat="34.843635" lon="128.435733">
			<ele>0.00</ele>
			<time>2020-01-17T05:57:38.96Z</time>
		</trkpt>
		<trkpt lat="34.843646" lon="128.435653">
			<ele>0.00</ele>
			<time>2020-01-17T05:57:39.40Z</time>
		</trkpt>
		<trkpt lat="34.843667" lon="128.435582">
			<ele>0.00</ele>
			<time>2020-01-17T05:57:39.81Z</time>
		</trkpt>
		<trkpt lat="34.843679" lon="128.435514">
			<ele>0.00</ele>
			<time>2020-01-17T05:57:40.20Z</time>
		</trkpt>
		<trkpt lat="34.843690" lon="128.435422">
			<ele>0.00</ele>
			<time>2020-01-17T05:57:40.70Z</time>
		</trkpt>
		<trkpt lat="34.843704" lon="128.435342">
			<ele>0.00</ele>
			<time>2020-01-17T05:57:41.15Z</time>
		</trkpt>
		<trkpt lat="34.843730" lon="128.435270">
			<ele>0.00</ele>
			<time>2020-01-17T05:57:41.58Z</time>
		</trkpt>
		<trkpt lat="34.843746" lon="128.435187">
			<ele>0.00</ele>
			<time>2020-01-17T05:57:42.05Z</time>
		</trkpt>
		<trkpt lat="34.843764" lon="128.435114">
			<ele>0.00</ele>
			<time>2020-01-17T05:57:42.46Z</time>
		</trkpt>
		<trkpt lat="34.843779" lon="128.435022">
			<ele>0.00</ele>
			<time>2020-01-17T05:57:42.98Z</time>
		</trkpt>
		<trkpt lat="34.843820" lon="128.434929">
			<ele>0.00</ele>
			<time>2020-01-17T05:57:43.56Z</time>
		</trkpt>
		<trkpt lat="34.843874" lon="128.434853">
			<ele>0.00</ele>
			<time>2020-01-17T05:57:44.10Z</time>
		</trkpt>
		<trkpt lat="34.843924" lon="128.434778">
			<ele>0.00</ele>
			<time>2020-01-17T05:57:44.64Z</time>
		</trkpt>
		<trkpt lat="34.843976" lon="128.434704">
			<ele>0.00</ele>
			<time>2020-01-17T05:57:45.17Z</time>
		</trkpt>
		<trkpt lat="34.844024" lon="128.434628">
			<ele>0.00</ele>
			<time>2020-01-17T05:57:45.69Z</time>
		</trkpt>
		<trkpt lat="34.844075" lon="128.434557">
			<ele>0.00</ele>
			<time>2020-01-17T05:57:46.21Z</time>
		</trkpt>
		<trkpt lat="34.844122" lon="128.434490">
			<ele>0.00</ele>
			<time>2020-01-17T05:57:46.69Z</time>
		</trkpt>
		<trkpt lat="34.844170" lon="128.434425">
			<ele>0.00</ele>
			<time>2020-01-17T05:57:47.17Z</time>
		</trkpt>
		<trkpt lat="34.844212" lon="128.434357">
			<ele>0.00</ele>
			<time>2020-01-17T05:57:47.64Z</time>
		</trkpt>
		<trkpt lat="34.844258" lon="128.434288">
			<ele>0.00</ele>
			<time>2020-01-17T05:57:48.12Z</time>
		</trkpt>
		<trkpt lat="34.844319" lon="128.434206">
			<ele>0.00</ele>
			<time>2020-01-17T05:57:48.72Z</time>
		</trkpt>
		<trkpt lat="34.844378" lon="128.434125">
			<ele>0.00</ele>
			<time>2020-01-17T05:57:49.32Z</time>
		</trkpt>
		<trkpt lat="34.844440" lon="128.434025">
			<ele>0.00</ele>
			<time>2020-01-17T05:57:50.01Z</time>
		</trkpt>
		<trkpt lat="34.844495" lon="128.433951">
			<ele>0.00</ele>
			<time>2020-01-17T05:57:50.55Z</time>
		</trkpt>
		<trkpt lat="34.844556" lon="128.433840">
			<ele>0.00</ele>
			<time>2020-01-17T05:57:51.28Z</time>
		</trkpt>
		<trkpt lat="34.844607" lon="128.433773">
			<ele>0.00</ele>
			<time>2020-01-17T05:57:51.78Z</time>
		</trkpt>
		<trkpt lat="34.844663" lon="128.433694">
			<ele>0.00</ele>
			<time>2020-01-17T05:57:52.35Z</time>
		</trkpt>
		<trkpt lat="34.844701" lon="128.433611">
			<ele>0.00</ele>
			<time>2020-01-17T05:57:52.87Z</time>
		</trkpt>
		<trkpt lat="34.844690" lon="128.433573">
			<ele>0.00</ele>
			<time>2020-01-17T05:57:53.09Z</time>
		</trkpt>
		<trkpt lat="34.844655" lon="128.433524">
			<ele>0.00</ele>
			<time>2020-01-17T05:57:53.45Z</time>
		</trkpt>
		<trkpt lat="34.844592" lon="128.433461">
			<ele>0.00</ele>
			<time>2020-01-17T05:57:53.99Z</time>
		</trkpt>
		<trkpt lat="34.844538" lon="128.433406">
			<ele>0.00</ele>
			<time>2020-01-17T05:57:54.46Z</time>
		</trkpt>
		<trkpt lat="34.844493" lon="128.433361">
			<ele>0.00</ele>
			<time>2020-01-17T05:57:54.85Z</time>
		</trkpt>
		<trkpt lat="34.844439" lon="128.433304">
			<ele>0.00</ele>
			<time>2020-01-17T05:57:55.32Z</time>
		</trkpt>
		<trkpt lat="34.844383" lon="128.433240">
			<ele>0.00</ele>
			<time>2020-01-17T05:57:55.84Z</time>
		</trkpt>
		<trkpt lat="34.844314" lon="128.433169">
			<ele>0.00</ele>
			<time>2020-01-17T05:57:56.44Z</time>
		</trkpt>
		<trkpt lat="34.844255" lon="128.433104">
			<ele>0.00</ele>
			<time>2020-01-17T05:57:56.97Z</time>
		</trkpt>
		<trkpt lat="34.844194" lon="128.433040">
			<ele>0.00</ele>
			<time>2020-01-17T05:57:57.50Z</time>
		</trkpt>
		<trkpt lat="34.844132" lon="128.432974">
			<ele>0.00</ele>
			<time>2020-01-17T05:57:58.06Z</time>
		</trkpt>
		<trkpt lat="34.844079" lon="128.432932">
			<ele>0.00</ele>
			<time>2020-01-17T05:57:58.47Z</time>
		</trkpt>
		<trkpt lat="34.844030" lon="128.432881">
			<ele>0.00</ele>
			<time>2020-01-17T05:57:58.90Z</time>
		</trkpt>
		<trkpt lat="34.843977" lon="128.432827">
			<ele>0.00</ele>
			<time>2020-01-17T05:57:59.37Z</time>
		</trkpt>
		<trkpt lat="34.843921" lon="128.432767">
			<ele>0.00</ele>
			<time>2020-01-17T05:57:59.87Z</time>
		</trkpt>
		<trkpt lat="34.843863" lon="128.432715">
			<ele>0.00</ele>
			<time>2020-01-17T05:58:00.35Z</time>
		</trkpt>
		<trkpt lat="34.843796" lon="128.432662">
			<ele>0.00</ele>
			<time>2020-01-17T05:58:00.88Z</time>
		</trkpt>
		<trkpt lat="34.843742" lon="128.432604">
			<ele>0.00</ele>
			<time>2020-01-17T05:58:01.36Z</time>
		</trkpt>
		<trkpt lat="34.843669" lon="128.432534">
			<ele>0.00</ele>
			<time>2020-01-17T05:58:01.98Z</time>
		</trkpt>
		<trkpt lat="34.843613" lon="128.432472">
			<ele>0.00</ele>
			<time>2020-01-17T05:58:02.48Z</time>
		</trkpt>
		<trkpt lat="34.843535" lon="128.432390">
			<ele>0.00</ele>
			<time>2020-01-17T05:58:03.17Z</time>
		</trkpt>
		<trkpt lat="34.843462" lon="128.432312">
			<ele>0.00</ele>
			<time>2020-01-17T05:58:03.82Z</time>
		</trkpt>
		<trkpt lat="34.843402" lon="128.432249">
			<ele>0.00</ele>
			<time>2020-01-17T05:58:04.35Z</time>
		</trkpt>
		<trkpt lat="34.843349" lon="128.432191">
			<ele>0.00</ele>
			<time>2020-01-17T05:58:04.82Z</time>
		</trkpt>
		<trkpt lat="34.843282" lon="128.432120">
			<ele>0.00</ele>
			<time>2020-01-17T05:58:05.41Z</time>
		</trkpt>
		<trkpt lat="34.843209" lon="128.432063">
			<ele>0.00</ele>
			<time>2020-01-17T05:58:05.99Z</time>
		</trkpt>
		<trkpt lat="34.843147" lon="128.432006">
			<ele>0.00</ele>
			<time>2020-01-17T05:58:06.51Z</time>
		</trkpt>
		<trkpt lat="34.843094" lon="128.431947">
			<ele>0.00</ele>
			<time>2020-01-17T05:58:06.99Z</time>
		</trkpt>
		<trkpt lat="34.843039" lon="128.431893">
			<ele>0.00</ele>
			<time>2020-01-17T05:58:07.46Z</time>
		</trkpt>
		<trkpt lat="34.842957" lon="128.431823">
			<ele>0.00</ele>
			<time>2020-01-17T05:58:08.12Z</time>
		</trkpt>
		<trkpt lat="34.842904" lon="128.431773">
			<ele>0.00</ele>
			<time>2020-01-17T05:58:08.57Z</time>
		</trkpt>
		<trkpt lat="34.842843" lon="128.431718">
			<ele>0.00</ele>
			<time>2020-01-17T05:58:09.07Z</time>
		</trkpt>
		<trkpt lat="34.842773" lon="128.431655">
			<ele>0.00</ele>
			<time>2020-01-17T05:58:09.66Z</time>
		</trkpt>
		<trkpt lat="34.842693" lon="128.431581">
			<ele>0.00</ele>
			<time>2020-01-17T05:58:10.33Z</time>
		</trkpt>
		<trkpt lat="34.842628" lon="128.431521">
			<ele>0.00</ele>
			<time>2020-01-17T05:58:10.87Z</time>
		</trkpt>
		<trkpt lat="34.842566" lon="128.431455">
			<ele>0.00</ele>
			<time>2020-01-17T05:58:11.42Z</time>
		</trkpt>
		<trkpt lat="34.842502" lon="128.431388">
			<ele>0.00</ele>
			<time>2020-01-17T05:58:11.98Z</time>
		</trkpt>
		<trkpt lat="34.842443" lon="128.431321">
			<ele>0.00</ele>
			<time>2020-01-17T05:58:12.52Z</time>
		</trkpt>
		<trkpt lat="34.842376" lon="128.431264">
			<ele>0.00</ele>
			<time>2020-01-17T05:58:13.07Z</time>
		</trkpt>
		<trkpt lat="34.842336" lon="128.431229">
			<ele>0.00</ele>
			<time>2020-01-17T05:58:13.39Z</time>
		</trkpt>
		<trkpt lat="34.842259" lon="128.431276">
			<ele>0.00</ele>
			<time>2020-01-17T05:58:13.96Z</time>
		</trkpt>
		<trkpt lat="34.842187" lon="128.431344">
			<ele>0.00</ele>
			<time>2020-01-17T05:58:14.57Z</time>
		</trkpt>
		<trkpt lat="34.842103" lon="128.431417">
			<ele>0.00</ele>
			<time>2020-01-17T05:58:15.26Z</time>
		</trkpt>
		<trkpt lat="34.842038" lon="128.431479">
			<ele>0.00</ele>
			<time>2020-01-17T05:58:15.81Z</time>
		</trkpt>
		<trkpt lat="34.841958" lon="128.431541">
			<ele>0.00</ele>
			<time>2020-01-17T05:58:16.45Z</time>
		</trkpt>
		<trkpt lat="34.841887" lon="128.431581">
			<ele>0.00</ele>
			<time>2020-01-17T05:58:16.97Z</time>
		</trkpt>
		<trkpt lat="34.841774" lon="128.431666">
			<ele>0.00</ele>
			<time>2020-01-17T05:58:17.85Z</time>
		</trkpt>
		<trkpt lat="34.841682" lon="128.431717">
			<ele>0.00</ele>
			<time>2020-01-17T05:58:18.53Z</time>
		</trkpt>
		<trkpt lat="34.841585" lon="128.431771">
			<ele>0.00</ele>
			<time>2020-01-17T05:58:19.24Z</time>
		</trkpt>
		<trkpt lat="34.841491" lon="128.431824">
			<ele>0.00</ele>
			<time>2020-01-17T05:58:19.93Z</time>
		</trkpt>
		<trkpt lat="34.841388" lon="128.431865">
			<ele>0.00</ele>
			<time>2020-01-17T05:58:20.65Z</time>
		</trkpt>
		<trkpt lat="34.841294" lon="128.431900">
			<ele>0.00</ele>
			<time>2020-01-17T05:58:21.31Z</time>
		</trkpt>
		<trkpt lat="34.841184" lon="128.431938">
			<ele>0.00</ele>
			<time>2020-01-17T05:58:22.06Z</time>
		</trkpt>
		<trkpt lat="34.841086" lon="128.431983">
			<ele>0.00</ele>
			<time>2020-01-17T05:58:22.76Z</time>
		</trkpt>
		<trkpt lat="34.840993" lon="128.432012">
			<ele>0.00</ele>
			<time>2020-01-17T05:58:23.41Z</time>
		</trkpt>
		<trkpt lat="34.840879" lon="128.432040">
			<ele>0.00</ele>
			<time>2020-01-17T05:58:24.18Z</time>
		</trkpt>
		<trkpt lat="34.840777" lon="128.432063">
			<ele>0.00</ele>
			<time>2020-01-17T05:58:24.87Z</time>
		</trkpt>
		<trkpt lat="34.840734" lon="128.431918">
			<ele>0.00</ele>
			<time>2020-01-17T05:58:25.71Z</time>
		</trkpt>
		<trkpt lat="34.840672" lon="128.431888">
			<ele>0.00</ele>
			<time>2020-01-17T05:58:26.16Z</time>
		</trkpt>
		<trkpt lat="34.840673" lon="128.431835">
			<ele>0.00</ele>
			<time>2020-01-17T05:58:26.45Z</time>
		</trkpt>
		<trkpt lat="34.840672" lon="128.431690">
			<ele>0.00</ele>
			<time>2020-01-17T05:58:27.24Z</time>
		</trkpt>
		<trkpt lat="34.840664" lon="128.431641">
			<ele>0.00</ele>
			<time>2020-01-17T05:58:27.52Z</time>
		</trkpt>
		<trkpt lat="34.840641" lon="128.431595">
			<ele>0.00</ele>
			<time>2020-01-17T05:58:27.81Z</time>
		</trkpt>
		<trkpt lat="34.840620" lon="128.431492">
			<ele>0.00</ele>
			<time>2020-01-17T05:58:28.39Z</time>
		</trkpt>
		<trkpt lat="34.840588" lon="128.431341">
			<ele>0.00</ele>
			<time>2020-01-17T05:58:29.24Z</time>
		</trkpt>
		<trkpt lat="34.840576" lon="128.431192">
			<ele>0.00</ele>
			<time>2020-01-17T05:58:30.06Z</time>
		</trkpt>
		<trkpt lat="34.840576" lon="128.431098">
			<ele>0.00</ele>
			<time>2020-01-17T05:58:30.58Z</time>
		</trkpt>
		<trkpt lat="34.840533" lon="128.431013">
			<ele>0.00</ele>
			<time>2020-01-17T05:58:31.12Z</time>
		</trkpt>
		<trkpt lat="34.840464" lon="128.430985">
			<ele>0.00</ele>
			<time>2020-01-17T05:58:31.60Z</time>
		</trkpt>
		<trkpt lat="34.840394" lon="128.430965">
			<ele>0.00</ele>
			<time>2020-01-17T05:58:32.09Z</time>
		</trkpt>
		<trkpt lat="34.840322" lon="128.430919">
			<ele>0.00</ele>
			<time>2020-01-17T05:58:32.63Z</time>
		</trkpt>
		<trkpt lat="34.840288" lon="128.430880">
			<ele>0.00</ele>
			<time>2020-01-17T05:58:32.94Z</time>
		</trkpt>
		<trkpt lat="34.840268" lon="128.430817">
			<ele>0.00</ele>
			<time>2020-01-17T05:58:33.31Z</time>
		</trkpt>
		<trkpt lat="34.840239" lon="128.430703">
			<ele>0.00</ele>
			<time>2020-01-17T05:58:33.96Z</time>
		</trkpt>
		<trkpt lat="34.840206" lon="128.430700">
			<ele>0.00</ele>
			<time>2020-01-17T05:58:34.19Z</time>
		</trkpt>
		<trkpt lat="34.840148" lon="128.430607">
			<ele>0.00</ele>
			<time>2020-01-17T05:58:34.83Z</time>
		</trkpt>
		<trkpt lat="34.840120" lon="128.430466">
			<ele>0.00</ele>
			<time>2020-01-17T05:58:35.62Z</time>
		</trkpt>
		<trkpt lat="34.840114" lon="128.430367">
			<ele>0.00</ele>
			<time>2020-01-17T05:58:36.16Z</time>
		</trkpt>
		<trkpt lat="34.840107" lon="128.430241">
			<ele>0.00</ele>
			<time>2020-01-17T05:58:36.85Z</time>
		</trkpt>
		<trkpt lat="34.840105" lon="128.430158">
			<ele>0.00</ele>
			<time>2020-01-17T05:58:37.31Z</time>
		</trkpt>
		<trkpt lat="34.840114" lon="128.430098">
			<ele>0.00</ele>
			<time>2020-01-17T05:58:37.64Z</time>
		</trkpt>
		<trkpt lat="34.840112" lon="128.430017">
			<ele>0.00</ele>
			<time>2020-01-17T05:58:38.09Z</time>
		</trkpt>
		<trkpt lat="34.840109" lon="128.429939">
			<ele>0.00</ele>
			<time>2020-01-17T05:58:38.51Z</time>
		</trkpt>
		<trkpt lat="34.840099" lon="128.429860">
			<ele>0.00</ele>
			<time>2020-01-17T05:58:38.95Z</time>
		</trkpt>
		<trkpt lat="34.840088" lon="128.429802">
			<ele>0.00</ele>
			<time>2020-01-17T05:58:39.27Z</time>
		</trkpt>
		<trkpt lat="34.840074" lon="128.429731">
			<ele>0.00</ele>
			<time>2020-01-17T05:58:39.67Z</time>
		</trkpt>
		<trkpt lat="34.840050" lon="128.429669">
			<ele>0.00</ele>
			<time>2020-01-17T05:58:40.05Z</time>
		</trkpt>
		<trkpt lat="34.840025" lon="128.429617">
			<ele>0.00</ele>
			<time>2020-01-17T05:58:40.38Z</time>
		</trkpt>
		<trkpt lat="34.840068" lon="128.429578">
			<ele>0.00</ele>
			<time>2020-01-17T05:58:40.74Z</time>
		</trkpt>
		<trkpt lat="34.840123" lon="128.429650">
			<ele>0.00</ele>
			<time>2020-01-17T05:58:41.28Z</time>
		</trkpt>
		<trkpt lat="34.840189" lon="128.429674">
			<ele>0.00</ele>
			<time>2020-01-17T05:58:41.74Z</time>
		</trkpt>
		<trkpt lat="34.840274" lon="128.429696">
			<ele>0.00</ele>
			<time>2020-01-17T05:58:42.31Z</time>
		</trkpt>
		<trkpt lat="34.840307" lon="128.429726">
			<ele>0.00</ele>
			<time>2020-01-17T05:58:42.59Z</time>
		</trkpt>
		<trkpt lat="34.840342" lon="128.429740">
			<ele>0.00</ele>
			<time>2020-01-17T05:58:42.83Z</time>
		</trkpt>
		<trkpt lat="34.840395" lon="128.429770">
			<ele>0.00</ele>
			<time>2020-01-17T05:58:43.23Z</time>
		</trkpt>
		<trkpt lat="34.840439" lon="128.429768">
			<ele>0.00</ele>
			<time>2020-01-17T05:58:43.52Z</time>
		</trkpt>
		<trkpt lat="34.840485" lon="128.429753">
			<ele>0.00</ele>
			<time>2020-01-17T05:58:43.83Z</time>
		</trkpt>
		<trkpt lat="34.840516" lon="128.429723">
			<ele>0.00</ele>
			<time>2020-01-17T05:58:44.10Z</time>
		</trkpt>
		<trkpt lat="34.840529" lon="128.429691">
			<ele>0.00</ele>
			<time>2020-01-17T05:58:44.30Z</time>
		</trkpt>
		<trkpt lat="34.840513" lon="128.429634">
			<ele>0.00</ele>
			<time>2020-01-17T05:58:44.62Z</time>
		</trkpt>
		<trkpt lat="34.840483" lon="128.429541">
			<ele>0.00</ele>
			<time>2020-01-17T05:58:45.17Z</time>
		</trkpt>
		<trkpt lat="34.840451" lon="128.429470">
			<ele>0.00</ele>
			<time>2020-01-17T05:58:45.61Z</time>
		</trkpt>
		<trkpt lat="34.840408" lon="128.429430">
			<ele>0.00</ele>
			<time>2020-01-17T05:58:45.98Z</time>
		</trkpt>
		<trkpt lat="34.840355" lon="128.429354">
			<ele>0.00</ele>
			<time>2020-01-17T05:58:46.52Z</time>
		</trkpt>
		<trkpt lat="34.840303" lon="128.429321">
			<ele>0.00</ele>
			<time>2020-01-17T05:58:46.91Z</time>
		</trkpt>
		<trkpt lat="34.840266" lon="128.429299">
			<ele>0.00</ele>
			<time>2020-01-17T05:58:47.19Z</time>
		</trkpt>
		<trkpt lat="34.840227" lon="128.429291">
			<ele>0.00</ele>
			<time>2020-01-17T05:58:47.45Z</time>
		</trkpt>
		<trkpt lat="34.840187" lon="128.429264">
			<ele>0.00</ele>
			<time>2020-01-17T05:58:47.75Z</time>
		</trkpt>
		<trkpt lat="34.840158" lon="128.429239">
			<ele>0.00</ele>
			<time>2020-01-17T05:58:47.99Z</time>
		</trkpt>
		<trkpt lat="34.840133" lon="128.429167">
			<ele>0.00</ele>
			<time>2020-01-17T05:58:48.42Z</time>
		</trkpt>
		<trkpt lat="34.840148" lon="128.429096">
			<ele>0.00</ele>
			<time>2020-01-17T05:58:48.82Z</time>
		</trkpt>
		<trkpt lat="34.840183" lon="128.429056">
			<ele>0.00</ele>
			<time>2020-01-17T05:58:49.14Z</time>
		</trkpt>
		<trkpt lat="34.840215" lon="128.428983">
			<ele>0.00</ele>
			<time>2020-01-17T05:58:49.60Z</time>
		</trkpt>
		<trkpt lat="34.840234" lon="128.428901">
			<ele>0.00</ele>
			<time>2020-01-17T05:58:50.06Z</time>
		</trkpt>
		<trkpt lat="34.840266" lon="128.428768">
			<ele>0.00</ele>
			<time>2020-01-17T05:58:50.82Z</time>
		</trkpt>
		<trkpt lat="34.840299" lon="128.428686">
			<ele>0.00</ele>
			<time>2020-01-17T05:58:51.32Z</time>
		</trkpt>
		<trkpt lat="34.840349" lon="128.428616">
			<ele>0.00</ele>
			<time>2020-01-17T05:58:51.82Z</time>
		</trkpt>
		<trkpt lat="34.840407" lon="128.428587">
			<ele>0.00</ele>
			<time>2020-01-17T05:58:52.24Z</time>
		</trkpt>
		<trkpt lat="34.840468" lon="128.428605">
			<ele>0.00</ele>
			<time>2020-01-17T05:58:52.66Z</time>
		</trkpt>
		<trkpt lat="34.840525" lon="128.428630">
			<ele>0.00</ele>
			<time>2020-01-17T05:58:53.06Z</time>
		</trkpt>
		<trkpt lat="34.840580" lon="128.428646">
			<ele>0.00</ele>
			<time>2020-01-17T05:58:53.45Z</time>
		</trkpt>
		<trkpt lat="34.840621" lon="128.428650">
			<ele>0.00</ele>
			<time>2020-01-17T05:58:53.72Z</time>
		</trkpt>
		<trkpt lat="34.840649" lon="128.428631">
			<ele>0.00</ele>
			<time>2020-01-17T05:58:53.93Z</time>
		</trkpt>
		<trkpt lat="34.840706" lon="128.428584">
			<ele>0.00</ele>
			<time>2020-01-17T05:58:54.39Z</time>
		</trkpt>
		<trkpt lat="34.840743" lon="128.428528">
			<ele>0.00</ele>
			<time>2020-01-17T05:58:54.78Z</time>
		</trkpt>
		<trkpt lat="34.840772" lon="128.428470">
			<ele>0.00</ele>
			<time>2020-01-17T05:58:55.16Z</time>
		</trkpt>
		<trkpt lat="34.840823" lon="128.428416">
			<ele>0.00</ele>
			<time>2020-01-17T05:58:55.61Z</time>
		</trkpt>
		<trkpt lat="34.840868" lon="128.428347">
			<ele>0.00</ele>
			<time>2020-01-17T05:58:56.09Z</time>
		</trkpt>
		<trkpt lat="34.840928" lon="128.428276">
			<ele>0.00</ele>
			<time>2020-01-17T05:58:56.65Z</time>
		</trkpt>
		<trkpt lat="34.841000" lon="128.428218">
			<ele>0.00</ele>
			<time>2020-01-17T05:58:57.22Z</time>
		</trkpt>
		<trkpt lat="34.841083" lon="128.428159">
			<ele>0.00</ele>
			<time>2020-01-17T05:58:57.86Z</time>
		</trkpt>
		<trkpt lat="34.841149" lon="128.428096">
			<ele>0.00</ele>
			<time>2020-01-17T05:58:58.42Z</time>
		</trkpt>
		<trkpt lat="34.841185" lon="128.428032">
			<ele>0.00</ele>
			<time>2020-01-17T05:58:58.84Z</time>
		</trkpt>
		<trkpt lat="34.841215" lon="128.428009">
			<ele>0.00</ele>
			<time>2020-01-17T05:58:59.08Z</time>
		</trkpt>
		<trkpt lat="34.841282" lon="128.428026">
			<ele>0.00</ele>
			<time>2020-01-17T05:58:59.54Z</time>
		</trkpt>
		<trkpt lat="34.841357" lon="128.428059">
			<ele>0.00</ele>
			<time>2020-01-17T05:59:00.07Z</time>
		</trkpt>
		<trkpt lat="34.841450" lon="128.428048">
			<ele>0.00</ele>
			<time>2020-01-17T05:59:00.69Z</time>
		</trkpt>
		<trkpt lat="34.841500" lon="128.428021">
			<ele>0.00</ele>
			<time>2020-01-17T05:59:01.06Z</time>
		</trkpt>
		<trkpt lat="34.841559" lon="128.427980">
			<ele>0.00</ele>
			<time>2020-01-17T05:59:01.51Z</time>
		</trkpt>
		<trkpt lat="34.841603" lon="128.427940">
			<ele>0.00</ele>
			<time>2020-01-17T05:59:01.87Z</time>
		</trkpt>
		<trkpt lat="34.841647" lon="128.427910">
			<ele>0.00</ele>
			<time>2020-01-17T05:59:02.21Z</time>
		</trkpt>
		<trkpt lat="34.841703" lon="128.427890">
			<ele>0.00</ele>
			<time>2020-01-17T05:59:02.60Z</time>
		</trkpt>
		<trkpt lat="34.841767" lon="128.427866">
			<ele>0.00</ele>
			<time>2020-01-17T05:59:03.04Z</time>
		</trkpt>
		<trkpt lat="34.841822" lon="128.427799">
			<ele>0.00</ele>
			<time>2020-01-17T05:59:03.56Z</time>
		</trkpt>
		<trkpt lat="34.841859" lon="128.427740">
			<ele>0.00</ele>
			<time>2020-01-17T05:59:03.97Z</time>
		</trkpt>
		<trkpt lat="34.841886" lon="128.427681">
			<ele>0.00</ele>
			<time>2020-01-17T05:59:04.34Z</time>
		</trkpt>
		<trkpt lat="34.841908" lon="128.427605">
			<ele>0.00</ele>
			<time>2020-01-17T05:59:04.78Z</time>
		</trkpt>
		<trkpt lat="34.841939" lon="128.427540">
			<ele>0.00</ele>
			<time>2020-01-17T05:59:05.19Z</time>
		</trkpt>
		<trkpt lat="34.841963" lon="128.427489">
			<ele>0.00</ele>
			<time>2020-01-17T05:59:05.52Z</time>
		</trkpt>
		<trkpt lat="34.842028" lon="128.427435">
			<ele>0.00</ele>
			<time>2020-01-17T05:59:06.04Z</time>
		</trkpt>
		<trkpt lat="34.842081" lon="128.427376">
			<ele>0.00</ele>
			<time>2020-01-17T05:59:06.52Z</time>
		</trkpt>
		<trkpt lat="34.842154" lon="128.427337">
			<ele>0.00</ele>
			<time>2020-01-17T05:59:07.05Z</time>
		</trkpt>
		<trkpt lat="34.842248" lon="128.427314">
			<ele>0.00</ele>
			<time>2020-01-17T05:59:07.69Z</time>
		</trkpt>
		<trkpt lat="34.842338" lon="128.427299">
			<ele>0.00</ele>
			<time>2020-01-17T05:59:08.29Z</time>
		</trkpt>
		<trkpt lat="34.842419" lon="128.427293">
			<ele>0.00</ele>
			<time>2020-01-17T05:59:08.83Z</time>
		</trkpt>
		<trkpt lat="34.842516" lon="128.427280">
			<ele>0.00</ele>
			<time>2020-01-17T05:59:09.49Z</time>
		</trkpt>
		<trkpt lat="34.842607" lon="128.427260">
			<ele>0.00</ele>
			<time>2020-01-17T05:59:10.10Z</time>
		</trkpt>
		<trkpt lat="34.842697" lon="128.427230">
			<ele>0.00</ele>
			<time>2020-01-17T05:59:10.73Z</time>
		</trkpt>
		<trkpt lat="34.842766" lon="128.427218">
			<ele>0.00</ele>
			<time>2020-01-17T05:59:11.19Z</time>
		</trkpt>
		<trkpt lat="34.842850" lon="128.427200">
			<ele>0.00</ele>
			<time>2020-01-17T05:59:11.76Z</time>
		</trkpt>
		<trkpt lat="34.842921" lon="128.427175">
			<ele>0.00</ele>
			<time>2020-01-17T05:59:12.25Z</time>
		</trkpt>
		<trkpt lat="34.842994" lon="128.427142">
			<ele>0.00</ele>
			<time>2020-01-17T05:59:12.77Z</time>
		</trkpt>
		<trkpt lat="34.843056" lon="128.427103">
			<ele>0.00</ele>
			<time>2020-01-17T05:59:13.23Z</time>
		</trkpt>
		<trkpt lat="34.843132" lon="128.427043">
			<ele>0.00</ele>
			<time>2020-01-17T05:59:13.84Z</time>
		</trkpt>
		<trkpt lat="34.843206" lon="128.426987">
			<ele>0.00</ele>
			<time>2020-01-17T05:59:14.42Z</time>
		</trkpt>
		<trkpt lat="34.843276" lon="128.426946">
			<ele>0.00</ele>
			<time>2020-01-17T05:59:14.93Z</time>
		</trkpt>
		<trkpt lat="34.843326" lon="128.426913">
			<ele>0.00</ele>
			<time>2020-01-17T05:59:15.32Z</time>
		</trkpt>
		<extensions>
			<gte:name>#146</gte:name>
			<gte:color>#b69c36</gte:color>
		</extensions>
	</trkseg>
</trk>
</gpx>