<?xml version="1.0" encoding="UTF-8"?>
<gpx version="1.1" creator="GPS Track Editor" xmlns="http://www.topografix.com/GPX/1/1" xmlns:xsi="http://www.w3.org/2001/XMLSchema-instance" xmlns:gte="http://www.gpstrackeditor.com/xmlschemas/General/1" xmlns:gpxtpx="http://www.garmin.com/xmlschemas/TrackPointExtension/v1" xmlns:gpxx="http://www.garmin.com/xmlschemas/GpxExtensions/v3" targetNamespace="http://www.topografix.com/GPX/1/1" elementFormDefault="qualified" xsi:schemaLocation="http://www.topografix.com/GPX/1/1 http://www.topografix.com/GPX/1/1/gpx.xsd">
<metadata>
	<name>GPS_2020-01-16_230257</name>
</metadata>
<trk>
	<name>008-창원시 진해구 장천동 상리마을 입구~창원시 진해구 진해드림로드 입구</name>
	<trkseg>
		<trkpt lat="35.125698" lon="128.711737">
			<ele>0.00</ele>
			<time>2020-01-16T23:02:57.35Z</time>
		</trkpt>
		<trkpt lat="35.125724" lon="128.711814">
			<ele>0.00</ele>
			<time>2020-01-16T23:02:57.80Z</time>
		</trkpt>
		<trkpt lat="35.125733" lon="128.711879">
			<ele>0.00</ele>
			<time>2020-01-16T23:02:58.16Z</time>
		</trkpt>
		<trkpt lat="35.125742" lon="128.711949">
			<ele>0.00</ele>
			<time>2020-01-16T23:02:58.55Z</time>
		</trkpt>
		<trkpt lat="35.125765" lon="128.711948">
			<ele>0.00</ele>
			<time>2020-01-16T23:02:58.70Z</time>
		</trkpt>
		<trkpt lat="35.125792" lon="128.711975">
			<ele>0.00</ele>
			<time>2020-01-16T23:02:58.93Z</time>
		</trkpt>
		<trkpt lat="35.125811" lon="128.712025">
			<ele>0.00</ele>
			<time>2020-01-16T23:02:59.23Z</time>
		</trkpt>
		<trkpt lat="35.125820" lon="128.712085">
			<ele>0.00</ele>
			<time>2020-01-16T23:02:59.56Z</time>
		</trkpt>
		<trkpt lat="35.125814" lon="128.712154">
			<ele>0.00</ele>
			<time>2020-01-16T23:02:59.94Z</time>
		</trkpt>
		<trkpt lat="35.125796" lon="128.712217">
			<ele>0.00</ele>
			<time>2020-01-16T23:03:00.31Z</time>
		</trkpt>
		<trkpt lat="35.125778" lon="128.712275">
			<ele>0.00</ele>
			<time>2020-01-16T23:03:00.65Z</time>
		</trkpt>
		<trkpt lat="35.125765" lon="128.712339">
			<ele>0.00</ele>
			<time>2020-01-16T23:03:01Z</time>
		</trkpt>
		<trkpt lat="35.125756" lon="128.712406">
			<ele>0.00</ele>
			<time>2020-01-16T23:03:01.37Z</time>
		</trkpt>
		<trkpt lat="35.125747" lon="128.712473">
			<ele>0.00</ele>
			<time>2020-01-16T23:03:01.74Z</time>
		</trkpt>
		<trkpt lat="35.125748" lon="128.712541">
			<ele>0.00</ele>
			<time>2020-01-16T23:03:02.12Z</time>
		</trkpt>
		<trkpt lat="35.125751" lon="128.712616">
			<ele>0.00</ele>
			<time>2020-01-16T23:03:02.52Z</time>
		</trkpt>
		<trkpt lat="35.125747" lon="128.712683">
			<ele>0.00</ele>
			<time>2020-01-16T23:03:02.89Z</time>
		</trkpt>
		<trkpt lat="35.125751" lon="128.712744">
			<ele>0.00</ele>
			<time>2020-01-16T23:03:03.22Z</time>
		</trkpt>
		<trkpt lat="35.125764" lon="128.712805">
			<ele>0.00</ele>
			<time>2020-01-16T23:03:03.56Z</time>
		</trkpt>
		<trkpt lat="35.125779" lon="128.712852">
			<ele>0.00</ele>
			<time>2020-01-16T23:03:03.84Z</time>
		</trkpt>
		<trkpt lat="35.125801" lon="128.712912">
			<ele>0.00</ele>
			<time>2020-01-16T23:03:04.20Z</time>
		</trkpt>
		<trkpt lat="35.125836" lon="128.712961">
			<ele>0.00</ele>
			<time>2020-01-16T23:03:04.55Z</time>
		</trkpt>
		<trkpt lat="35.125868" lon="128.713001">
			<ele>0.00</ele>
			<time>2020-01-16T23:03:04.86Z</time>
		</trkpt>
		<trkpt lat="35.125905" lon="128.713043">
			<ele>0.00</ele>
			<time>2020-01-16T23:03:05.20Z</time>
		</trkpt>
		<trkpt lat="35.125935" lon="128.713091">
			<ele>0.00</ele>
			<time>2020-01-16T23:03:05.53Z</time>
		</trkpt>
		<trkpt lat="35.125965" lon="128.713143">
			<ele>0.00</ele>
			<time>2020-01-16T23:03:05.87Z</time>
		</trkpt>
		<trkpt lat="35.125999" lon="128.713175">
			<ele>0.00</ele>
			<time>2020-01-16T23:03:06.16Z</time>
		</trkpt>
		<trkpt lat="35.126035" lon="128.713212">
			<ele>0.00</ele>
			<time>2020-01-16T23:03:06.47Z</time>
		</trkpt>
		<trkpt lat="35.126053" lon="128.713232">
			<ele>0.00</ele>
			<time>2020-01-16T23:03:06.64Z</time>
		</trkpt>
		<trkpt lat="35.126099" lon="128.713257">
			<ele>0.00</ele>
			<time>2020-01-16T23:03:06.97Z</time>
		</trkpt>
		<trkpt lat="35.126125" lon="128.713292">
			<ele>0.00</ele>
			<time>2020-01-16T23:03:07.23Z</time>
		</trkpt>
		<trkpt lat="35.126151" lon="128.713334">
			<ele>0.00</ele>
			<time>2020-01-16T23:03:07.51Z</time>
		</trkpt>
		<trkpt lat="35.126182" lon="128.713373">
			<ele>0.00</ele>
			<time>2020-01-16T23:03:07.81Z</time>
		</trkpt>
		<trkpt lat="35.126211" lon="128.713403">
			<ele>0.00</ele>
			<time>2020-01-16T23:03:08.07Z</time>
		</trkpt>
		<trkpt lat="35.126239" lon="128.713434">
			<ele>0.00</ele>
			<time>2020-01-16T23:03:08.32Z</time>
		</trkpt>
		<trkpt lat="35.126259" lon="128.713462">
			<ele>0.00</ele>
			<time>2020-01-16T23:03:08.52Z</time>
		</trkpt>
		<trkpt lat="35.126288" lon="128.713510">
			<ele>0.00</ele>
			<time>2020-01-16T23:03:08.84Z</time>
		</trkpt>
		<trkpt lat="35.126319" lon="128.713562">
			<ele>0.00</ele>
			<time>2020-01-16T23:03:09.20Z</time>
		</trkpt>
		<trkpt lat="35.126343" lon="128.713609">
			<ele>0.00</ele>
			<time>2020-01-16T23:03:09.50Z</time>
		</trkpt>
		<trkpt lat="35.126356" lon="128.713660">
			<ele>0.00</ele>
			<time>2020-01-16T23:03:09.79Z</time>
		</trkpt>
		<trkpt lat="35.126353" lon="128.713711">
			<ele>0.00</ele>
			<time>2020-01-16T23:03:10.07Z</time>
		</trkpt>
		<trkpt lat="35.126333" lon="128.713755">
			<ele>0.00</ele>
			<time>2020-01-16T23:03:10.34Z</time>
		</trkpt>
		<trkpt lat="35.126312" lon="128.713789">
			<ele>0.00</ele>
			<time>2020-01-16T23:03:10.57Z</time>
		</trkpt>
		<trkpt lat="35.126292" lon="128.713818">
			<ele>0.00</ele>
			<time>2020-01-16T23:03:10.78Z</time>
		</trkpt>
		<trkpt lat="35.126268" lon="128.713844">
			<ele>0.00</ele>
			<time>2020-01-16T23:03:11Z</time>
		</trkpt>
		<trkpt lat="35.126245" lon="128.713877">
			<ele>0.00</ele>
			<time>2020-01-16T23:03:11.23Z</time>
		</trkpt>
		<trkpt lat="35.126220" lon="128.713916">
			<ele>0.00</ele>
			<time>2020-01-16T23:03:11.50Z</time>
		</trkpt>
		<trkpt lat="35.126198" lon="128.713966">
			<ele>0.00</ele>
			<time>2020-01-16T23:03:11.81Z</time>
		</trkpt>
		<trkpt lat="35.126194" lon="128.714022">
			<ele>0.00</ele>
			<time>2020-01-16T23:03:12.12Z</time>
		</trkpt>
		<trkpt lat="35.126197" lon="128.714077">
			<ele>0.00</ele>
			<time>2020-01-16T23:03:12.42Z</time>
		</trkpt>
		<trkpt lat="35.126204" lon="128.714132">
			<ele>0.00</ele>
			<time>2020-01-16T23:03:12.72Z</time>
		</trkpt>
		<trkpt lat="35.126215" lon="128.714189">
			<ele>0.00</ele>
			<time>2020-01-16T23:03:13.04Z</time>
		</trkpt>
		<trkpt lat="35.126225" lon="128.714234">
			<ele>0.00</ele>
			<time>2020-01-16T23:03:13.30Z</time>
		</trkpt>
		<trkpt lat="35.126233" lon="128.714283">
			<ele>0.00</ele>
			<time>2020-01-16T23:03:13.57Z</time>
		</trkpt>
		<trkpt lat="35.126240" lon="128.714321">
			<ele>0.00</ele>
			<time>2020-01-16T23:03:13.78Z</time>
		</trkpt>
		<trkpt lat="35.126245" lon="128.714361">
			<ele>0.00</ele>
			<time>2020-01-16T23:03:14Z</time>
		</trkpt>
		<trkpt lat="35.126250" lon="128.714405">
			<ele>0.00</ele>
			<time>2020-01-16T23:03:14.24Z</time>
		</trkpt>
		<trkpt lat="35.126250" lon="128.714437">
			<ele>0.00</ele>
			<time>2020-01-16T23:03:14.42Z</time>
		</trkpt>
		<trkpt lat="35.126248" lon="128.714469">
			<ele>0.00</ele>
			<time>2020-01-16T23:03:14.59Z</time>
		</trkpt>
		<trkpt lat="35.126233" lon="128.714509">
			<ele>0.00</ele>
			<time>2020-01-16T23:03:14.84Z</time>
		</trkpt>
		<trkpt lat="35.126232" lon="128.714510">
			<ele>0.00</ele>
			<time>2020-01-16T23:03:14.90Z</time>
		</trkpt>
		<trkpt lat="35.126214" lon="128.714550">
			<ele>0.00</ele>
			<time>2020-01-16T23:03:15.15Z</time>
		</trkpt>
		<trkpt lat="35.126185" lon="128.714572">
			<ele>0.00</ele>
			<time>2020-01-16T23:03:15.37Z</time>
		</trkpt>
		<trkpt lat="35.126155" lon="128.714598">
			<ele>0.00</ele>
			<time>2020-01-16T23:03:15.62Z</time>
		</trkpt>
		<trkpt lat="35.126120" lon="128.714623">
			<ele>0.00</ele>
			<time>2020-01-16T23:03:15.89Z</time>
		</trkpt>
		<trkpt lat="35.126083" lon="128.714648">
			<ele>0.00</ele>
			<time>2020-01-16T23:03:16.17Z</time>
		</trkpt>
		<trkpt lat="35.126053" lon="128.714668">
			<ele>0.00</ele>
			<time>2020-01-16T23:03:16.40Z</time>
		</trkpt>
		<trkpt lat="35.126018" lon="128.714693">
			<ele>0.00</ele>
			<time>2020-01-16T23:03:16.67Z</time>
		</trkpt>
		<trkpt lat="35.125984" lon="128.714710">
			<ele>0.00</ele>
			<time>2020-01-16T23:03:16.92Z</time>
		</trkpt>
		<trkpt lat="35.125950" lon="128.714730">
			<ele>0.00</ele>
			<time>2020-01-16T23:03:17.16Z</time>
		</trkpt>
		<trkpt lat="35.125911" lon="128.714745">
			<ele>0.00</ele>
			<time>2020-01-16T23:03:17.44Z</time>
		</trkpt>
		<trkpt lat="35.125878" lon="128.714762">
			<ele>0.00</ele>
			<time>2020-01-16T23:03:17.67Z</time>
		</trkpt>
		<trkpt lat="35.125844" lon="128.714770">
			<ele>0.00</ele>
			<time>2020-01-16T23:03:17.91Z</time>
		</trkpt>
		<trkpt lat="35.125812" lon="128.714775">
			<ele>0.00</ele>
			<time>2020-01-16T23:03:18.12Z</time>
		</trkpt>
		<trkpt lat="35.125771" lon="128.714787">
			<ele>0.00</ele>
			<time>2020-01-16T23:03:18.40Z</time>
		</trkpt>
		<trkpt lat="35.125774" lon="128.714820">
			<ele>0.00</ele>
			<time>2020-01-16T23:03:18.59Z</time>
		</trkpt>
		<trkpt lat="35.125789" lon="128.714853">
			<ele>0.00</ele>
			<time>2020-01-16T23:03:18.79Z</time>
		</trkpt>
		<trkpt lat="35.125802" lon="128.714883">
			<ele>0.00</ele>
			<time>2020-01-16T23:03:18.98Z</time>
		</trkpt>
		<trkpt lat="35.125802" lon="128.714920">
			<ele>0.00</ele>
			<time>2020-01-16T23:03:19.18Z</time>
		</trkpt>
		<trkpt lat="35.125799" lon="128.714956">
			<ele>0.00</ele>
			<time>2020-01-16T23:03:19.38Z</time>
		</trkpt>
		<trkpt lat="35.125799" lon="128.714988">
			<ele>0.00</ele>
			<time>2020-01-16T23:03:19.55Z</time>
		</trkpt>
		<trkpt lat="35.125796" lon="128.715021">
			<ele>0.00</ele>
			<time>2020-01-16T23:03:19.73Z</time>
		</trkpt>
		<trkpt lat="35.125793" lon="128.715052">
			<ele>0.00</ele>
			<time>2020-01-16T23:03:19.90Z</time>
		</trkpt>
		<trkpt lat="35.125789" lon="128.715086">
			<ele>0.00</ele>
			<time>2020-01-16T23:03:20.09Z</time>
		</trkpt>
		<trkpt lat="35.125773" lon="128.715125">
			<ele>0.00</ele>
			<time>2020-01-16T23:03:20.33Z</time>
		</trkpt>
		<trkpt lat="35.125756" lon="128.715155">
			<ele>0.00</ele>
			<time>2020-01-16T23:03:20.53Z</time>
		</trkpt>
		<trkpt lat="35.125736" lon="128.715176">
			<ele>0.00</ele>
			<time>2020-01-16T23:03:20.71Z</time>
		</trkpt>
		<trkpt lat="35.125712" lon="128.715190">
			<ele>0.00</ele>
			<time>2020-01-16T23:03:20.88Z</time>
		</trkpt>
		<trkpt lat="35.125683" lon="128.715201">
			<ele>0.00</ele>
			<time>2020-01-16T23:03:21.09Z</time>
		</trkpt>
		<trkpt lat="35.125657" lon="128.715207">
			<ele>0.00</ele>
			<time>2020-01-16T23:03:21.26Z</time>
		</trkpt>
		<trkpt lat="35.125629" lon="128.715208">
			<ele>0.00</ele>
			<time>2020-01-16T23:03:21.45Z</time>
		</trkpt>
		<trkpt lat="35.125606" lon="128.715201">
			<ele>0.00</ele>
			<time>2020-01-16T23:03:21.61Z</time>
		</trkpt>
		<trkpt lat="35.125588" lon="128.715175">
			<ele>0.00</ele>
			<time>2020-01-16T23:03:21.79Z</time>
		</trkpt>
		<trkpt lat="35.125571" lon="128.715144">
			<ele>0.00</ele>
			<time>2020-01-16T23:03:21.99Z</time>
		</trkpt>
		<trkpt lat="35.125548" lon="128.715106">
			<ele>0.00</ele>
			<time>2020-01-16T23:03:22.25Z</time>
		</trkpt>
		<trkpt lat="35.125527" lon="128.715075">
			<ele>0.00</ele>
			<time>2020-01-16T23:03:22.47Z</time>
		</trkpt>
		<trkpt lat="35.125508" lon="128.715045">
			<ele>0.00</ele>
			<time>2020-01-16T23:03:22.68Z</time>
		</trkpt>
		<trkpt lat="35.125489" lon="128.715008">
			<ele>0.00</ele>
			<time>2020-01-16T23:03:22.92Z</time>
		</trkpt>
		<trkpt lat="35.125473" lon="128.714973">
			<ele>0.00</ele>
			<time>2020-01-16T23:03:23.14Z</time>
		</trkpt>
		<trkpt lat="35.125460" lon="128.714937">
			<ele>0.00</ele>
			<time>2020-01-16T23:03:23.35Z</time>
		</trkpt>
		<trkpt lat="35.125448" lon="128.714901">
			<ele>0.00</ele>
			<time>2020-01-16T23:03:23.56Z</time>
		</trkpt>
		<trkpt lat="35.125440" lon="128.714865">
			<ele>0.00</ele>
			<time>2020-01-16T23:03:23.77Z</time>
		</trkpt>
		<trkpt lat="35.125427" lon="128.714824">
			<ele>0.00</ele>
			<time>2020-01-16T23:03:24.01Z</time>
		</trkpt>
		<trkpt lat="35.125414" lon="128.714782">
			<ele>0.00</ele>
			<time>2020-01-16T23:03:24.25Z</time>
		</trkpt>
		<trkpt lat="35.125403" lon="128.714739">
			<ele>0.00</ele>
			<time>2020-01-16T23:03:24.50Z</time>
		</trkpt>
		<trkpt lat="35.125383" lon="128.714704">
			<ele>0.00</ele>
			<time>2020-01-16T23:03:24.73Z</time>
		</trkpt>
		<trkpt lat="35.125361" lon="128.714672">
			<ele>0.00</ele>
			<time>2020-01-16T23:03:24.96Z</time>
		</trkpt>
		<trkpt lat="35.125341" lon="128.714660">
			<ele>0.00</ele>
			<time>2020-01-16T23:03:25.10Z</time>
		</trkpt>
		<trkpt lat="35.125322" lon="128.714656">
			<ele>0.00</ele>
			<time>2020-01-16T23:03:25.23Z</time>
		</trkpt>
		<trkpt lat="35.125294" lon="128.714661">
			<ele>0.00</ele>
			<time>2020-01-16T23:03:25.42Z</time>
		</trkpt>
		<trkpt lat="35.125276" lon="128.714679">
			<ele>0.00</ele>
			<time>2020-01-16T23:03:25.58Z</time>
		</trkpt>
		<trkpt lat="35.125262" lon="128.714708">
			<ele>0.00</ele>
			<time>2020-01-16T23:03:25.76Z</time>
		</trkpt>
		<trkpt lat="35.125254" lon="128.714753">
			<ele>0.00</ele>
			<time>2020-01-16T23:03:26.01Z</time>
		</trkpt>
		<trkpt lat="35.125251" lon="128.714811">
			<ele>0.00</ele>
			<time>2020-01-16T23:03:26.33Z</time>
		</trkpt>
		<trkpt lat="35.125254" lon="128.714877">
			<ele>0.00</ele>
			<time>2020-01-16T23:03:26.69Z</time>
		</trkpt>
		<trkpt lat="35.125256" lon="128.714919">
			<ele>0.00</ele>
			<time>2020-01-16T23:03:26.92Z</time>
		</trkpt>
		<trkpt lat="35.125264" lon="128.714972">
			<ele>0.00</ele>
			<time>2020-01-16T23:03:27.21Z</time>
		</trkpt>
		<trkpt lat="35.125266" lon="128.715001">
			<ele>0.00</ele>
			<time>2020-01-16T23:03:27.37Z</time>
		</trkpt>
		<trkpt lat="35.125265" lon="128.715044">
			<ele>0.00</ele>
			<time>2020-01-16T23:03:27.60Z</time>
		</trkpt>
		<trkpt lat="35.125263" lon="128.715077">
			<ele>0.00</ele>
			<time>2020-01-16T23:03:27.79Z</time>
		</trkpt>
		<trkpt lat="35.125250" lon="128.715120">
			<ele>0.00</ele>
			<time>2020-01-16T23:03:28.04Z</time>
		</trkpt>
		<trkpt lat="35.125237" lon="128.715160">
			<ele>0.00</ele>
			<time>2020-01-16T23:03:28.27Z</time>
		</trkpt>
		<trkpt lat="35.125209" lon="128.715185">
			<ele>0.00</ele>
			<time>2020-01-16T23:03:28.50Z</time>
		</trkpt>
		<trkpt lat="35.125181" lon="128.715201">
			<ele>0.00</ele>
			<time>2020-01-16T23:03:28.71Z</time>
		</trkpt>
		<trkpt lat="35.125152" lon="128.715218">
			<ele>0.00</ele>
			<time>2020-01-16T23:03:28.92Z</time>
		</trkpt>
		<trkpt lat="35.125125" lon="128.715230">
			<ele>0.00</ele>
			<time>2020-01-16T23:03:29.11Z</time>
		</trkpt>
		<trkpt lat="35.125093" lon="128.715241">
			<ele>0.00</ele>
			<time>2020-01-16T23:03:29.34Z</time>
		</trkpt>
		<trkpt lat="35.125062" lon="128.715267">
			<ele>0.00</ele>
			<time>2020-01-16T23:03:29.59Z</time>
		</trkpt>
		<trkpt lat="35.125037" lon="128.715299">
			<ele>0.00</ele>
			<time>2020-01-16T23:03:29.83Z</time>
		</trkpt>
		<trkpt lat="35.125017" lon="128.715326">
			<ele>0.00</ele>
			<time>2020-01-16T23:03:30.03Z</time>
		</trkpt>
		<trkpt lat="35.124996" lon="128.715355">
			<ele>0.00</ele>
			<time>2020-01-16T23:03:30.24Z</time>
		</trkpt>
		<trkpt lat="35.124977" lon="128.715381">
			<ele>0.00</ele>
			<time>2020-01-16T23:03:30.43Z</time>
		</trkpt>
		<trkpt lat="35.124961" lon="128.715410">
			<ele>0.00</ele>
			<time>2020-01-16T23:03:30.62Z</time>
		</trkpt>
		<trkpt lat="35.124946" lon="128.715440">
			<ele>0.00</ele>
			<time>2020-01-16T23:03:30.81Z</time>
		</trkpt>
		<trkpt lat="35.124932" lon="128.715470">
			<ele>0.00</ele>
			<time>2020-01-16T23:03:31Z</time>
		</trkpt>
		<trkpt lat="35.124917" lon="128.715508">
			<ele>0.00</ele>
			<time>2020-01-16T23:03:31.23Z</time>
		</trkpt>
		<trkpt lat="35.124903" lon="128.715544">
			<ele>0.00</ele>
			<time>2020-01-16T23:03:31.44Z</time>
		</trkpt>
		<trkpt lat="35.124890" lon="128.715573">
			<ele>0.00</ele>
			<time>2020-01-16T23:03:31.62Z</time>
		</trkpt>
		<trkpt lat="35.124878" lon="128.715608">
			<ele>0.00</ele>
			<time>2020-01-16T23:03:31.83Z</time>
		</trkpt>
		<trkpt lat="35.124865" lon="128.715645">
			<ele>0.00</ele>
			<time>2020-01-16T23:03:32.05Z</time>
		</trkpt>
		<trkpt lat="35.124854" lon="128.715676">
			<ele>0.00</ele>
			<time>2020-01-16T23:03:32.24Z</time>
		</trkpt>
		<trkpt lat="35.124841" lon="128.715713">
			<ele>0.00</ele>
			<time>2020-01-16T23:03:32.46Z</time>
		</trkpt>
		<trkpt lat="35.124829" lon="128.715744">
			<ele>0.00</ele>
			<time>2020-01-16T23:03:32.65Z</time>
		</trkpt>
		<trkpt lat="35.124817" lon="128.715779">
			<ele>0.00</ele>
			<time>2020-01-16T23:03:32.85Z</time>
		</trkpt>
		<trkpt lat="35.124804" lon="128.715810">
			<ele>0.00</ele>
			<time>2020-01-16T23:03:33.04Z</time>
		</trkpt>
		<trkpt lat="35.124794" lon="128.715837">
			<ele>0.00</ele>
			<time>2020-01-16T23:03:33.20Z</time>
		</trkpt>
		<trkpt lat="35.124783" lon="128.715864">
			<ele>0.00</ele>
			<time>2020-01-16T23:03:33.37Z</time>
		</trkpt>
		<trkpt lat="35.124770" lon="128.715895">
			<ele>0.00</ele>
			<time>2020-01-16T23:03:33.56Z</time>
		</trkpt>
		<trkpt lat="35.124760" lon="128.715928">
			<ele>0.00</ele>
			<time>2020-01-16T23:03:33.75Z</time>
		</trkpt>
		<trkpt lat="35.124748" lon="128.715958">
			<ele>0.00</ele>
			<time>2020-01-16T23:03:33.93Z</time>
		</trkpt>
		<trkpt lat="35.124737" lon="128.715992">
			<ele>0.00</ele>
			<time>2020-01-16T23:03:34.13Z</time>
		</trkpt>
		<trkpt lat="35.124728" lon="128.716019">
			<ele>0.00</ele>
			<time>2020-01-16T23:03:34.29Z</time>
		</trkpt>
		<trkpt lat="35.124717" lon="128.716052">
			<ele>0.00</ele>
			<time>2020-01-16T23:03:34.49Z</time>
		</trkpt>
		<trkpt lat="35.124708" lon="128.716085">
			<ele>0.00</ele>
			<time>2020-01-16T23:03:34.68Z</time>
		</trkpt>
		<trkpt lat="35.124699" lon="128.716114">
			<ele>0.00</ele>
			<time>2020-01-16T23:03:34.84Z</time>
		</trkpt>
		<trkpt lat="35.124693" lon="128.716137">
			<ele>0.00</ele>
			<time>2020-01-16T23:03:34.98Z</time>
		</trkpt>
		<trkpt lat="35.124687" lon="128.716164">
			<ele>0.00</ele>
			<time>2020-01-16T23:03:35.12Z</time>
		</trkpt>
		<trkpt lat="35.124681" lon="128.716197">
			<ele>0.00</ele>
			<time>2020-01-16T23:03:35.31Z</time>
		</trkpt>
		<trkpt lat="35.124676" lon="128.716230">
			<ele>0.00</ele>
			<time>2020-01-16T23:03:35.49Z</time>
		</trkpt>
		<trkpt lat="35.124670" lon="128.716260">
			<ele>0.00</ele>
			<time>2020-01-16T23:03:35.66Z</time>
		</trkpt>
		<trkpt lat="35.124666" lon="128.716287">
			<ele>0.00</ele>
			<time>2020-01-16T23:03:35.81Z</time>
		</trkpt>
		<trkpt lat="35.124660" lon="128.716317">
			<ele>0.00</ele>
			<time>2020-01-16T23:03:35.98Z</time>
		</trkpt>
		<trkpt lat="35.124655" lon="128.716350">
			<ele>0.00</ele>
			<time>2020-01-16T23:03:36.16Z</time>
		</trkpt>
		<trkpt lat="35.124651" lon="128.716387">
			<ele>0.00</ele>
			<time>2020-01-16T23:03:36.37Z</time>
		</trkpt>
		<trkpt lat="35.124647" lon="128.716417">
			<ele>0.00</ele>
			<time>2020-01-16T23:03:36.53Z</time>
		</trkpt>
		<trkpt lat="35.124644" lon="128.716445">
			<ele>0.00</ele>
			<time>2020-01-16T23:03:36.69Z</time>
		</trkpt>
		<trkpt lat="35.124643" lon="128.716473">
			<ele>0.00</ele>
			<time>2020-01-16T23:03:36.84Z</time>
		</trkpt>
		<trkpt lat="35.124641" lon="128.716501">
			<ele>0.00</ele>
			<time>2020-01-16T23:03:36.99Z</time>
		</trkpt>
		<trkpt lat="35.124635" lon="128.716529">
			<ele>0.00</ele>
			<time>2020-01-16T23:03:37.15Z</time>
		</trkpt>
		<trkpt lat="35.124631" lon="128.716558">
			<ele>0.00</ele>
			<time>2020-01-16T23:03:37.31Z</time>
		</trkpt>
		<trkpt lat="35.124629" lon="128.716581">
			<ele>0.00</ele>
			<time>2020-01-16T23:03:37.44Z</time>
		</trkpt>
		<trkpt lat="35.124625" lon="128.716606">
			<ele>0.00</ele>
			<time>2020-01-16T23:03:37.58Z</time>
		</trkpt>
		<trkpt lat="35.124621" lon="128.716631">
			<ele>0.00</ele>
			<time>2020-01-16T23:03:37.71Z</time>
		</trkpt>
		<trkpt lat="35.124618" lon="128.716656">
			<ele>0.00</ele>
			<time>2020-01-16T23:03:37.85Z</time>
		</trkpt>
		<trkpt lat="35.124613" lon="128.716683">
			<ele>0.00</ele>
			<time>2020-01-16T23:03:38Z</time>
		</trkpt>
		<trkpt lat="35.124609" lon="128.716715">
			<ele>0.00</ele>
			<time>2020-01-16T23:03:38.18Z</time>
		</trkpt>
		<trkpt lat="35.124605" lon="128.716748">
			<ele>0.00</ele>
			<time>2020-01-16T23:03:38.36Z</time>
		</trkpt>
		<trkpt lat="35.124600" lon="128.716787">
			<ele>0.00</ele>
			<time>2020-01-16T23:03:38.58Z</time>
		</trkpt>
		<trkpt lat="35.124593" lon="128.716830">
			<ele>0.00</ele>
			<time>2020-01-16T23:03:38.82Z</time>
		</trkpt>
		<trkpt lat="35.124589" lon="128.716874">
			<ele>0.00</ele>
			<time>2020-01-16T23:03:39.06Z</time>
		</trkpt>
		<trkpt lat="35.124582" lon="128.716910">
			<ele>0.00</ele>
			<time>2020-01-16T23:03:39.26Z</time>
		</trkpt>
		<trkpt lat="35.124576" lon="128.716946">
			<ele>0.00</ele>
			<time>2020-01-16T23:03:39.46Z</time>
		</trkpt>
		<trkpt lat="35.124572" lon="128.716981">
			<ele>0.00</ele>
			<time>2020-01-16T23:03:39.65Z</time>
		</trkpt>
		<trkpt lat="35.124566" lon="128.717012">
			<ele>0.00</ele>
			<time>2020-01-16T23:03:39.82Z</time>
		</trkpt>
		<trkpt lat="35.124561" lon="128.717048">
			<ele>0.00</ele>
			<time>2020-01-16T23:03:40.02Z</time>
		</trkpt>
		<trkpt lat="35.124548" lon="128.717085">
			<ele>0.00</ele>
			<time>2020-01-16T23:03:40.24Z</time>
		</trkpt>
		<trkpt lat="35.124535" lon="128.717123">
			<ele>0.00</ele>
			<time>2020-01-16T23:03:40.47Z</time>
		</trkpt>
		<trkpt lat="35.124526" lon="128.717152">
			<ele>0.00</ele>
			<time>2020-01-16T23:03:40.64Z</time>
		</trkpt>
		<trkpt lat="35.124516" lon="128.717182">
			<ele>0.00</ele>
			<time>2020-01-16T23:03:40.81Z</time>
		</trkpt>
		<trkpt lat="35.124503" lon="128.717211">
			<ele>0.00</ele>
			<time>2020-01-16T23:03:40.99Z</time>
		</trkpt>
		<trkpt lat="35.124485" lon="128.717239">
			<ele>0.00</ele>
			<time>2020-01-16T23:03:41.19Z</time>
		</trkpt>
		<trkpt lat="35.124466" lon="128.717268">
			<ele>0.00</ele>
			<time>2020-01-16T23:03:41.39Z</time>
		</trkpt>
		<trkpt lat="35.124446" lon="128.717298">
			<ele>0.00</ele>
			<time>2020-01-16T23:03:41.61Z</time>
		</trkpt>
		<trkpt lat="35.124428" lon="128.717321">
			<ele>0.00</ele>
			<time>2020-01-16T23:03:41.78Z</time>
		</trkpt>
		<trkpt lat="35.124405" lon="128.717345">
			<ele>0.00</ele>
			<time>2020-01-16T23:03:41.98Z</time>
		</trkpt>
		<trkpt lat="35.124379" lon="128.717362">
			<ele>0.00</ele>
			<time>2020-01-16T23:03:42.18Z</time>
		</trkpt>
		<trkpt lat="35.124353" lon="128.717379">
			<ele>0.00</ele>
			<time>2020-01-16T23:03:42.37Z</time>
		</trkpt>
		<trkpt lat="35.124330" lon="128.717397">
			<ele>0.00</ele>
			<time>2020-01-16T23:03:42.55Z</time>
		</trkpt>
		<trkpt lat="35.124305" lon="128.717414">
			<ele>0.00</ele>
			<time>2020-01-16T23:03:42.74Z</time>
		</trkpt>
		<trkpt lat="35.124282" lon="128.717427">
			<ele>0.00</ele>
			<time>2020-01-16T23:03:42.91Z</time>
		</trkpt>
		<trkpt lat="35.124254" lon="128.717445">
			<ele>0.00</ele>
			<time>2020-01-16T23:03:43.13Z</time>
		</trkpt>
		<trkpt lat="35.124231" lon="128.717453">
			<ele>0.00</ele>
			<time>2020-01-16T23:03:43.29Z</time>
		</trkpt>
		<trkpt lat="35.124199" lon="128.717446">
			<ele>0.00</ele>
			<time>2020-01-16T23:03:43.50Z</time>
		</trkpt>
		<trkpt lat="35.124177" lon="128.717435">
			<ele>0.00</ele>
			<time>2020-01-16T23:03:43.66Z</time>
		</trkpt>
		<trkpt lat="35.124157" lon="128.717423">
			<ele>0.00</ele>
			<time>2020-01-16T23:03:43.81Z</time>
		</trkpt>
		<trkpt lat="35.124137" lon="128.717405">
			<ele>0.00</ele>
			<time>2020-01-16T23:03:43.97Z</time>
		</trkpt>
		<trkpt lat="35.124117" lon="128.717381">
			<ele>0.00</ele>
			<time>2020-01-16T23:03:44.16Z</time>
		</trkpt>
		<trkpt lat="35.124103" lon="128.717353">
			<ele>0.00</ele>
			<time>2020-01-16T23:03:44.34Z</time>
		</trkpt>
		<trkpt lat="35.124091" lon="128.717323">
			<ele>0.00</ele>
			<time>2020-01-16T23:03:44.52Z</time>
		</trkpt>
		<trkpt lat="35.124075" lon="128.717289">
			<ele>0.00</ele>
			<time>2020-01-16T23:03:44.73Z</time>
		</trkpt>
		<trkpt lat="35.124061" lon="128.717260">
			<ele>0.00</ele>
			<time>2020-01-16T23:03:44.91Z</time>
		</trkpt>
		<trkpt lat="35.124047" lon="128.717229">
			<ele>0.00</ele>
			<time>2020-01-16T23:03:45.11Z</time>
		</trkpt>
		<trkpt lat="35.124028" lon="128.717176">
			<ele>0.00</ele>
			<time>2020-01-16T23:03:45.43Z</time>
		</trkpt>
		<trkpt lat="35.124011" lon="128.717144">
			<ele>0.00</ele>
			<time>2020-01-16T23:03:45.63Z</time>
		</trkpt>
		<trkpt lat="35.123999" lon="128.717116">
			<ele>0.00</ele>
			<time>2020-01-16T23:03:45.80Z</time>
		</trkpt>
		<trkpt lat="35.123989" lon="128.717092">
			<ele>0.00</ele>
			<time>2020-01-16T23:03:45.95Z</time>
		</trkpt>
		<trkpt lat="35.123979" lon="128.717062">
			<ele>0.00</ele>
			<time>2020-01-16T23:03:46.13Z</time>
		</trkpt>
		<trkpt lat="35.123966" lon="128.717029">
			<ele>0.00</ele>
			<time>2020-01-16T23:03:46.33Z</time>
		</trkpt>
		<trkpt lat="35.123956" lon="128.717001">
			<ele>0.00</ele>
			<time>2020-01-16T23:03:46.50Z</time>
		</trkpt>
		<trkpt lat="35.123942" lon="128.716966">
			<ele>0.00</ele>
			<time>2020-01-16T23:03:46.71Z</time>
		</trkpt>
		<trkpt lat="35.123926" lon="128.716932">
			<ele>0.00</ele>
			<time>2020-01-16T23:03:46.93Z</time>
		</trkpt>
		<trkpt lat="35.123908" lon="128.716897">
			<ele>0.00</ele>
			<time>2020-01-16T23:03:47.15Z</time>
		</trkpt>
		<trkpt lat="35.123897" lon="128.716857">
			<ele>0.00</ele>
			<time>2020-01-16T23:03:47.38Z</time>
		</trkpt>
		<trkpt lat="35.123883" lon="128.716818">
			<ele>0.00</ele>
			<time>2020-01-16T23:03:47.61Z</time>
		</trkpt>
		<trkpt lat="35.123867" lon="128.716772">
			<ele>0.00</ele>
			<time>2020-01-16T23:03:47.88Z</time>
		</trkpt>
		<trkpt lat="35.123846" lon="128.716750">
			<ele>0.00</ele>
			<time>2020-01-16T23:03:48.07Z</time>
		</trkpt>
		<trkpt lat="35.123820" lon="128.716741">
			<ele>0.00</ele>
			<time>2020-01-16T23:03:48.25Z</time>
		</trkpt>
		<trkpt lat="35.123788" lon="128.716744">
			<ele>0.00</ele>
			<time>2020-01-16T23:03:48.46Z</time>
		</trkpt>
		<trkpt lat="35.123758" lon="128.716749">
			<ele>0.00</ele>
			<time>2020-01-16T23:03:48.66Z</time>
		</trkpt>
		<trkpt lat="35.123732" lon="128.716759">
			<ele>0.00</ele>
			<time>2020-01-16T23:03:48.84Z</time>
		</trkpt>
		<trkpt lat="35.123706" lon="128.716773">
			<ele>0.00</ele>
			<time>2020-01-16T23:03:49.03Z</time>
		</trkpt>
		<trkpt lat="35.123684" lon="128.716790">
			<ele>0.00</ele>
			<time>2020-01-16T23:03:49.21Z</time>
		</trkpt>
		<trkpt lat="35.123662" lon="128.716810">
			<ele>0.00</ele>
			<time>2020-01-16T23:03:49.39Z</time>
		</trkpt>
		<trkpt lat="35.123648" lon="128.716835">
			<ele>0.00</ele>
			<time>2020-01-16T23:03:49.55Z</time>
		</trkpt>
		<trkpt lat="35.123638" lon="128.716858">
			<ele>0.00</ele>
			<time>2020-01-16T23:03:49.70Z</time>
		</trkpt>
		<trkpt lat="35.123626" lon="128.716895">
			<ele>0.00</ele>
			<time>2020-01-16T23:03:49.91Z</time>
		</trkpt>
		<trkpt lat="35.123616" lon="128.716938">
			<ele>0.00</ele>
			<time>2020-01-16T23:03:50.16Z</time>
		</trkpt>
		<trkpt lat="35.123611" lon="128.716964">
			<ele>0.00</ele>
			<time>2020-01-16T23:03:50.31Z</time>
		</trkpt>
		<trkpt lat="35.123607" lon="128.716994">
			<ele>0.00</ele>
			<time>2020-01-16T23:03:50.47Z</time>
		</trkpt>
		<trkpt lat="35.123601" lon="128.717026">
			<ele>0.00</ele>
			<time>2020-01-16T23:03:50.65Z</time>
		</trkpt>
		<trkpt lat="35.123595" lon="128.717061">
			<ele>0.00</ele>
			<time>2020-01-16T23:03:50.84Z</time>
		</trkpt>
		<trkpt lat="35.123589" lon="128.717095">
			<ele>0.00</ele>
			<time>2020-01-16T23:03:51.03Z</time>
		</trkpt>
		<trkpt lat="35.123584" lon="128.717130">
			<ele>0.00</ele>
			<time>2020-01-16T23:03:51.23Z</time>
		</trkpt>
		<trkpt lat="35.123579" lon="128.717156">
			<ele>0.00</ele>
			<time>2020-01-16T23:03:51.37Z</time>
		</trkpt>
		<trkpt lat="35.123574" lon="128.717186">
			<ele>0.00</ele>
			<time>2020-01-16T23:03:51.54Z</time>
		</trkpt>
		<trkpt lat="35.123569" lon="128.717218">
			<ele>0.00</ele>
			<time>2020-01-16T23:03:51.72Z</time>
		</trkpt>
		<trkpt lat="35.123564" lon="128.717241">
			<ele>0.00</ele>
			<time>2020-01-16T23:03:51.85Z</time>
		</trkpt>
		<trkpt lat="35.123553" lon="128.717274">
			<ele>0.00</ele>
			<time>2020-01-16T23:03:52.04Z</time>
		</trkpt>
		<trkpt lat="35.123546" lon="128.717307">
			<ele>0.00</ele>
			<time>2020-01-16T23:03:52.22Z</time>
		</trkpt>
		<trkpt lat="35.123539" lon="128.717335">
			<ele>0.00</ele>
			<time>2020-01-16T23:03:52.38Z</time>
		</trkpt>
		<trkpt lat="35.123531" lon="128.717369">
			<ele>0.00</ele>
			<time>2020-01-16T23:03:52.58Z</time>
		</trkpt>
		<trkpt lat="35.123522" lon="128.717404">
			<ele>0.00</ele>
			<time>2020-01-16T23:03:52.78Z</time>
		</trkpt>
		<trkpt lat="35.123513" lon="128.717439">
			<ele>0.00</ele>
			<time>2020-01-16T23:03:52.98Z</time>
		</trkpt>
		<trkpt lat="35.123505" lon="128.717478">
			<ele>0.00</ele>
			<time>2020-01-16T23:03:53.20Z</time>
		</trkpt>
		<trkpt lat="35.123499" lon="128.717516">
			<ele>0.00</ele>
			<time>2020-01-16T23:03:53.41Z</time>
		</trkpt>
		<trkpt lat="35.123495" lon="128.717548">
			<ele>0.00</ele>
			<time>2020-01-16T23:03:53.59Z</time>
		</trkpt>
		<trkpt lat="35.123491" lon="128.717577">
			<ele>0.00</ele>
			<time>2020-01-16T23:03:53.75Z</time>
		</trkpt>
		<trkpt lat="35.123488" lon="128.717610">
			<ele>0.00</ele>
			<time>2020-01-16T23:03:53.93Z</time>
		</trkpt>
		<trkpt lat="35.123486" lon="128.717642">
			<ele>0.00</ele>
			<time>2020-01-16T23:03:54.10Z</time>
		</trkpt>
		<trkpt lat="35.123485" lon="128.717669">
			<ele>0.00</ele>
			<time>2020-01-16T23:03:54.25Z</time>
		</trkpt>
		<trkpt lat="35.123484" lon="128.717693">
			<ele>0.00</ele>
			<time>2020-01-16T23:03:54.38Z</time>
		</trkpt>
		<trkpt lat="35.123483" lon="128.717719">
			<ele>0.00</ele>
			<time>2020-01-16T23:03:54.53Z</time>
		</trkpt>
		<trkpt lat="35.123484" lon="128.717746">
			<ele>0.00</ele>
			<time>2020-01-16T23:03:54.67Z</time>
		</trkpt>
		<trkpt lat="35.123486" lon="128.717770">
			<ele>0.00</ele>
			<time>2020-01-16T23:03:54.80Z</time>
		</trkpt>
		<trkpt lat="35.123489" lon="128.717795">
			<ele>0.00</ele>
			<time>2020-01-16T23:03:54.94Z</time>
		</trkpt>
		<trkpt lat="35.123489" lon="128.717816">
			<ele>0.00</ele>
			<time>2020-01-16T23:03:55.05Z</time>
		</trkpt>
		<trkpt lat="35.123491" lon="128.717838">
			<ele>0.00</ele>
			<time>2020-01-16T23:03:55.18Z</time>
		</trkpt>
		<trkpt lat="35.123492" lon="128.717861">
			<ele>0.00</ele>
			<time>2020-01-16T23:03:55.30Z</time>
		</trkpt>
		<trkpt lat="35.123493" lon="128.717883">
			<ele>0.00</ele>
			<time>2020-01-16T23:03:55.42Z</time>
		</trkpt>
		<trkpt lat="35.123494" lon="128.717903">
			<ele>0.00</ele>
			<time>2020-01-16T23:03:55.53Z</time>
		</trkpt>
		<trkpt lat="35.123494" lon="128.717929">
			<ele>0.00</ele>
			<time>2020-01-16T23:03:55.67Z</time>
		</trkpt>
		<trkpt lat="35.123493" lon="128.717955">
			<ele>0.00</ele>
			<time>2020-01-16T23:03:55.82Z</time>
		</trkpt>
		<trkpt lat="35.123492" lon="128.717982">
			<ele>0.00</ele>
			<time>2020-01-16T23:03:55.96Z</time>
		</trkpt>
		<trkpt lat="35.123491" lon="128.718006">
			<ele>0.00</ele>
			<time>2020-01-16T23:03:56.09Z</time>
		</trkpt>
		<trkpt lat="35.123490" lon="128.718026">
			<ele>0.00</ele>
			<time>2020-01-16T23:03:56.20Z</time>
		</trkpt>
		<trkpt lat="35.123490" lon="128.718045">
			<ele>0.00</ele>
			<time>2020-01-16T23:03:56.31Z</time>
		</trkpt>
		<trkpt lat="35.123489" lon="128.718070">
			<ele>0.00</ele>
			<time>2020-01-16T23:03:56.44Z</time>
		</trkpt>
		<trkpt lat="35.123490" lon="128.718092">
			<ele>0.00</ele>
			<time>2020-01-16T23:03:56.56Z</time>
		</trkpt>
		<trkpt lat="35.123487" lon="128.718113">
			<ele>0.00</ele>
			<time>2020-01-16T23:03:56.68Z</time>
		</trkpt>
		<trkpt lat="35.123488" lon="128.718136">
			<ele>0.00</ele>
			<time>2020-01-16T23:03:56.81Z</time>
		</trkpt>
		<trkpt lat="35.123482" lon="128.718165">
			<ele>0.00</ele>
			<time>2020-01-16T23:03:56.96Z</time>
		</trkpt>
		<trkpt lat="35.123476" lon="128.718189">
			<ele>0.00</ele>
			<time>2020-01-16T23:03:57.10Z</time>
		</trkpt>
		<trkpt lat="35.123469" lon="128.718214">
			<ele>0.00</ele>
			<time>2020-01-16T23:03:57.25Z</time>
		</trkpt>
		<trkpt lat="35.123457" lon="128.718246">
			<ele>0.00</ele>
			<time>2020-01-16T23:03:57.44Z</time>
		</trkpt>
		<trkpt lat="35.123441" lon="128.718268">
			<ele>0.00</ele>
			<time>2020-01-16T23:03:57.60Z</time>
		</trkpt>
		<trkpt lat="35.123408" lon="128.718302">
			<ele>0.00</ele>
			<time>2020-01-16T23:03:57.89Z</time>
		</trkpt>
		<trkpt lat="35.123367" lon="128.718321">
			<ele>0.00</ele>
			<time>2020-01-16T23:03:58.18Z</time>
		</trkpt>
		<trkpt lat="35.123330" lon="128.718334">
			<ele>0.00</ele>
			<time>2020-01-16T23:03:58.44Z</time>
		</trkpt>
		<trkpt lat="35.123281" lon="128.718343">
			<ele>0.00</ele>
			<time>2020-01-16T23:03:58.77Z</time>
		</trkpt>
		<trkpt lat="35.123241" lon="128.718340">
			<ele>0.00</ele>
			<time>2020-01-16T23:03:59.03Z</time>
		</trkpt>
		<trkpt lat="35.123197" lon="128.718334">
			<ele>0.00</ele>
			<time>2020-01-16T23:03:59.33Z</time>
		</trkpt>
		<trkpt lat="35.123150" lon="128.718333">
			<ele>0.00</ele>
			<time>2020-01-16T23:03:59.64Z</time>
		</trkpt>
		<trkpt lat="35.123114" lon="128.718335">
			<ele>0.00</ele>
			<time>2020-01-16T23:03:59.88Z</time>
		</trkpt>
		<trkpt lat="35.123085" lon="128.718326">
			<ele>0.00</ele>
			<time>2020-01-16T23:04:00.08Z</time>
		</trkpt>
		<trkpt lat="35.123061" lon="128.718307">
			<ele>0.00</ele>
			<time>2020-01-16T23:04:00.27Z</time>
		</trkpt>
		<trkpt lat="35.123037" lon="128.718289">
			<ele>0.00</ele>
			<time>2020-01-16T23:04:00.46Z</time>
		</trkpt>
		<trkpt lat="35.123018" lon="128.718269">
			<ele>0.00</ele>
			<time>2020-01-16T23:04:00.63Z</time>
		</trkpt>
		<trkpt lat="35.122990" lon="128.718244">
			<ele>0.00</ele>
			<time>2020-01-16T23:04:00.86Z</time>
		</trkpt>
		<trkpt lat="35.122959" lon="128.718225">
			<ele>0.00</ele>
			<time>2020-01-16T23:04:01.09Z</time>
		</trkpt>
		<trkpt lat="35.122924" lon="128.718199">
			<ele>0.00</ele>
			<time>2020-01-16T23:04:01.36Z</time>
		</trkpt>
		<trkpt lat="35.122899" lon="128.718180">
			<ele>0.00</ele>
			<time>2020-01-16T23:04:01.56Z</time>
		</trkpt>
		<trkpt lat="35.122869" lon="128.718176">
			<ele>0.00</ele>
			<time>2020-01-16T23:04:01.76Z</time>
		</trkpt>
		<trkpt lat="35.122836" lon="128.718184">
			<ele>0.00</ele>
			<time>2020-01-16T23:04:01.98Z</time>
		</trkpt>
		<trkpt lat="35.122793" lon="128.718199">
			<ele>0.00</ele>
			<time>2020-01-16T23:04:02.29Z</time>
		</trkpt>
		<trkpt lat="35.122754" lon="128.718212">
			<ele>0.00</ele>
			<time>2020-01-16T23:04:02.55Z</time>
		</trkpt>
		<trkpt lat="35.122706" lon="128.718232">
			<ele>0.00</ele>
			<time>2020-01-16T23:04:02.89Z</time>
		</trkpt>
		<trkpt lat="35.122674" lon="128.718253">
			<ele>0.00</ele>
			<time>2020-01-16T23:04:03.13Z</time>
		</trkpt>
		<trkpt lat="35.122640" lon="128.718277">
			<ele>0.00</ele>
			<time>2020-01-16T23:04:03.40Z</time>
		</trkpt>
		<trkpt lat="35.122606" lon="128.718304">
			<ele>0.00</ele>
			<time>2020-01-16T23:04:03.66Z</time>
		</trkpt>
		<trkpt lat="35.122578" lon="128.718333">
			<ele>0.00</ele>
			<time>2020-01-16T23:04:03.91Z</time>
		</trkpt>
		<trkpt lat="35.122548" lon="128.718364">
			<ele>0.00</ele>
			<time>2020-01-16T23:04:04.17Z</time>
		</trkpt>
		<trkpt lat="35.122523" lon="128.718396">
			<ele>0.00</ele>
			<time>2020-01-16T23:04:04.41Z</time>
		</trkpt>
		<trkpt lat="35.122503" lon="128.718427">
			<ele>0.00</ele>
			<time>2020-01-16T23:04:04.63Z</time>
		</trkpt>
		<trkpt lat="35.122484" lon="128.718459">
			<ele>0.00</ele>
			<time>2020-01-16T23:04:04.84Z</time>
		</trkpt>
		<trkpt lat="35.122463" lon="128.718498">
			<ele>0.00</ele>
			<time>2020-01-16T23:04:05.10Z</time>
		</trkpt>
		<trkpt lat="35.122444" lon="128.718533">
			<ele>0.00</ele>
			<time>2020-01-16T23:04:05.33Z</time>
		</trkpt>
		<trkpt lat="35.122431" lon="128.718577">
			<ele>0.00</ele>
			<time>2020-01-16T23:04:05.58Z</time>
		</trkpt>
		<trkpt lat="35.122423" lon="128.718622">
			<ele>0.00</ele>
			<time>2020-01-16T23:04:05.83Z</time>
		</trkpt>
		<trkpt lat="35.122419" lon="128.718675">
			<ele>0.00</ele>
			<time>2020-01-16T23:04:06.12Z</time>
		</trkpt>
		<trkpt lat="35.122417" lon="128.718733">
			<ele>0.00</ele>
			<time>2020-01-16T23:04:06.44Z</time>
		</trkpt>
		<trkpt lat="35.122415" lon="128.718773">
			<ele>0.00</ele>
			<time>2020-01-16T23:04:06.66Z</time>
		</trkpt>
		<trkpt lat="35.122416" lon="128.718821">
			<ele>0.00</ele>
			<time>2020-01-16T23:04:06.92Z</time>
		</trkpt>
		<trkpt lat="35.122416" lon="128.718868">
			<ele>0.00</ele>
			<time>2020-01-16T23:04:07.18Z</time>
		</trkpt>
		<trkpt lat="35.122417" lon="128.718909">
			<ele>0.00</ele>
			<time>2020-01-16T23:04:07.40Z</time>
		</trkpt>
		<trkpt lat="35.122417" lon="128.718940">
			<ele>0.00</ele>
			<time>2020-01-16T23:04:07.57Z</time>
		</trkpt>
		<trkpt lat="35.122418" lon="128.718970">
			<ele>0.00</ele>
			<time>2020-01-16T23:04:07.73Z</time>
		</trkpt>
		<trkpt lat="35.122418" lon="128.719003">
			<ele>0.00</ele>
			<time>2020-01-16T23:04:07.91Z</time>
		</trkpt>
		<trkpt lat="35.122417" lon="128.719032">
			<ele>0.00</ele>
			<time>2020-01-16T23:04:08.07Z</time>
		</trkpt>
		<trkpt lat="35.122413" lon="128.719066">
			<ele>0.00</ele>
			<time>2020-01-16T23:04:08.26Z</time>
		</trkpt>
		<trkpt lat="35.122409" lon="128.719102">
			<ele>0.00</ele>
			<time>2020-01-16T23:04:08.46Z</time>
		</trkpt>
		<trkpt lat="35.122404" lon="128.719135">
			<ele>0.00</ele>
			<time>2020-01-16T23:04:08.64Z</time>
		</trkpt>
		<trkpt lat="35.122400" lon="128.719165">
			<ele>0.00</ele>
			<time>2020-01-16T23:04:08.81Z</time>
		</trkpt>
		<trkpt lat="35.122393" lon="128.719198">
			<ele>0.00</ele>
			<time>2020-01-16T23:04:08.99Z</time>
		</trkpt>
		<trkpt lat="35.122381" lon="128.719226">
			<ele>0.00</ele>
			<time>2020-01-16T23:04:09.16Z</time>
		</trkpt>
		<trkpt lat="35.122370" lon="128.719252">
			<ele>0.00</ele>
			<time>2020-01-16T23:04:09.32Z</time>
		</trkpt>
		<trkpt lat="35.122360" lon="128.719276">
			<ele>0.00</ele>
			<time>2020-01-16T23:04:09.47Z</time>
		</trkpt>
		<trkpt lat="35.122346" lon="128.719303">
			<ele>0.00</ele>
			<time>2020-01-16T23:04:09.64Z</time>
		</trkpt>
		<trkpt lat="35.122333" lon="128.719330">
			<ele>0.00</ele>
			<time>2020-01-16T23:04:09.81Z</time>
		</trkpt>
		<trkpt lat="35.122322" lon="128.719353">
			<ele>0.00</ele>
			<time>2020-01-16T23:04:09.96Z</time>
		</trkpt>
		<trkpt lat="35.122311" lon="128.719374">
			<ele>0.00</ele>
			<time>2020-01-16T23:04:10.09Z</time>
		</trkpt>
		<trkpt lat="35.122299" lon="128.719390">
			<ele>0.00</ele>
			<time>2020-01-16T23:04:10.21Z</time>
		</trkpt>
		<trkpt lat="35.122290" lon="128.719406">
			<ele>0.00</ele>
			<time>2020-01-16T23:04:10.32Z</time>
		</trkpt>
		<trkpt lat="35.122278" lon="128.719426">
			<ele>0.00</ele>
			<time>2020-01-16T23:04:10.46Z</time>
		</trkpt>
		<trkpt lat="35.122266" lon="128.719447">
			<ele>0.00</ele>
			<time>2020-01-16T23:04:10.59Z</time>
		</trkpt>
		<trkpt lat="35.122255" lon="128.719466">
			<ele>0.00</ele>
			<time>2020-01-16T23:04:10.72Z</time>
		</trkpt>
		<trkpt lat="35.122247" lon="128.719480">
			<ele>0.00</ele>
			<time>2020-01-16T23:04:10.82Z</time>
		</trkpt>
		<trkpt lat="35.122240" lon="128.719499">
			<ele>0.00</ele>
			<time>2020-01-16T23:04:10.93Z</time>
		</trkpt>
		<trkpt lat="35.122230" lon="128.719523">
			<ele>0.00</ele>
			<time>2020-01-16T23:04:11.07Z</time>
		</trkpt>
		<trkpt lat="35.122225" lon="128.719548">
			<ele>0.00</ele>
			<time>2020-01-16T23:04:11.22Z</time>
		</trkpt>
		<trkpt lat="35.122225" lon="128.719570">
			<ele>0.00</ele>
			<time>2020-01-16T23:04:11.34Z</time>
		</trkpt>
		<trkpt lat="35.122226" lon="128.719592">
			<ele>0.00</ele>
			<time>2020-01-16T23:04:11.46Z</time>
		</trkpt>
		<trkpt lat="35.122229" lon="128.719610">
			<ele>0.00</ele>
			<time>2020-01-16T23:04:11.55Z</time>
		</trkpt>
		<trkpt lat="35.122233" lon="128.719628">
			<ele>0.00</ele>
			<time>2020-01-16T23:04:11.66Z</time>
		</trkpt>
		<trkpt lat="35.122236" lon="128.719648">
			<ele>0.00</ele>
			<time>2020-01-16T23:04:11.77Z</time>
		</trkpt>
		<trkpt lat="35.122240" lon="128.719665">
			<ele>0.00</ele>
			<time>2020-01-16T23:04:11.86Z</time>
		</trkpt>
		<trkpt lat="35.122248" lon="128.719682">
			<ele>0.00</ele>
			<time>2020-01-16T23:04:11.97Z</time>
		</trkpt>
		<trkpt lat="35.122252" lon="128.719698">
			<ele>0.00</ele>
			<time>2020-01-16T23:04:12.06Z</time>
		</trkpt>
		<trkpt lat="35.122264" lon="128.719704">
			<ele>0.00</ele>
			<time>2020-01-16T23:04:12.15Z</time>
		</trkpt>
		<trkpt lat="35.122276" lon="128.719709">
			<ele>0.00</ele>
			<time>2020-01-16T23:04:12.23Z</time>
		</trkpt>
		<trkpt lat="35.122280" lon="128.719687">
			<ele>0.00</ele>
			<time>2020-01-16T23:04:12.35Z</time>
		</trkpt>
		<trkpt lat="35.122288" lon="128.719664">
			<ele>0.00</ele>
			<time>2020-01-16T23:04:12.49Z</time>
		</trkpt>
		<trkpt lat="35.122298" lon="128.719639">
			<ele>0.00</ele>
			<time>2020-01-16T23:04:12.64Z</time>
		</trkpt>
		<trkpt lat="35.122309" lon="128.719612">
			<ele>0.00</ele>
			<time>2020-01-16T23:04:12.80Z</time>
		</trkpt>
		<trkpt lat="35.122322" lon="128.719591">
			<ele>0.00</ele>
			<time>2020-01-16T23:04:12.95Z</time>
		</trkpt>
		<trkpt lat="35.122332" lon="128.719570">
			<ele>0.00</ele>
			<time>2020-01-16T23:04:13.08Z</time>
		</trkpt>
		<trkpt lat="35.122343" lon="128.719549">
			<ele>0.00</ele>
			<time>2020-01-16T23:04:13.22Z</time>
		</trkpt>
		<trkpt lat="35.122354" lon="128.719530">
			<ele>0.00</ele>
			<time>2020-01-16T23:04:13.34Z</time>
		</trkpt>
		<trkpt lat="35.122360" lon="128.719512">
			<ele>0.00</ele>
			<time>2020-01-16T23:04:13.45Z</time>
		</trkpt>
		<trkpt lat="35.122376" lon="128.719491">
			<ele>0.00</ele>
			<time>2020-01-16T23:04:13.61Z</time>
		</trkpt>
		<trkpt lat="35.122397" lon="128.719478">
			<ele>0.00</ele>
			<time>2020-01-16T23:04:13.76Z</time>
		</trkpt>
		<trkpt lat="35.122415" lon="128.719475">
			<ele>0.00</ele>
			<time>2020-01-16T23:04:13.88Z</time>
		</trkpt>
		<trkpt lat="35.122434" lon="128.719465">
			<ele>0.00</ele>
			<time>2020-01-16T23:04:14.02Z</time>
		</trkpt>
		<trkpt lat="35.122446" lon="128.719447">
			<ele>0.00</ele>
			<time>2020-01-16T23:04:14.15Z</time>
		</trkpt>
		<trkpt lat="35.122457" lon="128.719416">
			<ele>0.00</ele>
			<time>2020-01-16T23:04:14.33Z</time>
		</trkpt>
		<trkpt lat="35.122467" lon="128.719390">
			<ele>0.00</ele>
			<time>2020-01-16T23:04:14.49Z</time>
		</trkpt>
		<trkpt lat="35.122476" lon="128.719369">
			<ele>0.00</ele>
			<time>2020-01-16T23:04:14.62Z</time>
		</trkpt>
		<trkpt lat="35.122485" lon="128.719351">
			<ele>0.00</ele>
			<time>2020-01-16T23:04:14.73Z</time>
		</trkpt>
		<trkpt lat="35.122493" lon="128.719332">
			<ele>0.00</ele>
			<time>2020-01-16T23:04:14.85Z</time>
		</trkpt>
		<trkpt lat="35.122504" lon="128.719312">
			<ele>0.00</ele>
			<time>2020-01-16T23:04:14.98Z</time>
		</trkpt>
		<trkpt lat="35.122518" lon="128.719293">
			<ele>0.00</ele>
			<time>2020-01-16T23:04:15.12Z</time>
		</trkpt>
		<trkpt lat="35.122527" lon="128.719278">
			<ele>0.00</ele>
			<time>2020-01-16T23:04:15.22Z</time>
		</trkpt>
		<trkpt lat="35.122537" lon="128.719252">
			<ele>0.00</ele>
			<time>2020-01-16T23:04:15.38Z</time>
		</trkpt>
		<trkpt lat="35.122547" lon="128.719232">
			<ele>0.00</ele>
			<time>2020-01-16T23:04:15.50Z</time>
		</trkpt>
		<trkpt lat="35.122550" lon="128.719212">
			<ele>0.00</ele>
			<time>2020-01-16T23:04:15.62Z</time>
		</trkpt>
		<trkpt lat="35.122551" lon="128.719187">
			<ele>0.00</ele>
			<time>2020-01-16T23:04:15.75Z</time>
		</trkpt>
		<trkpt lat="35.122552" lon="128.719168">
			<ele>0.00</ele>
			<time>2020-01-16T23:04:15.86Z</time>
		</trkpt>
		<trkpt lat="35.122552" lon="128.719145">
			<ele>0.00</ele>
			<time>2020-01-16T23:04:15.98Z</time>
		</trkpt>
		<trkpt lat="35.122549" lon="128.719116">
			<ele>0.00</ele>
			<time>2020-01-16T23:04:16.14Z</time>
		</trkpt>
		<trkpt lat="35.122549" lon="128.719094">
			<ele>0.00</ele>
			<time>2020-01-16T23:04:16.26Z</time>
		</trkpt>
		<trkpt lat="35.122548" lon="128.719072">
			<ele>0.00</ele>
			<time>2020-01-16T23:04:16.38Z</time>
		</trkpt>
		<trkpt lat="35.122551" lon="128.719047">
			<ele>0.00</ele>
			<time>2020-01-16T23:04:16.52Z</time>
		</trkpt>
		<trkpt lat="35.122557" lon="128.719016">
			<ele>0.00</ele>
			<time>2020-01-16T23:04:16.69Z</time>
		</trkpt>
		<trkpt lat="35.122559" lon="128.718990">
			<ele>0.00</ele>
			<time>2020-01-16T23:04:16.84Z</time>
		</trkpt>
		<trkpt lat="35.122560" lon="128.718959">
			<ele>0.00</ele>
			<time>2020-01-16T23:04:17Z</time>
		</trkpt>
		<trkpt lat="35.122561" lon="128.718940">
			<ele>0.00</ele>
			<time>2020-01-16T23:04:17.11Z</time>
		</trkpt>
		<trkpt lat="35.122562" lon="128.718920">
			<ele>0.00</ele>
			<time>2020-01-16T23:04:17.21Z</time>
		</trkpt>
		<trkpt lat="35.122563" lon="128.718902">
			<ele>0.00</ele>
			<time>2020-01-16T23:04:17.32Z</time>
		</trkpt>
		<trkpt lat="35.122565" lon="128.718879">
			<ele>0.00</ele>
			<time>2020-01-16T23:04:17.44Z</time>
		</trkpt>
		<trkpt lat="35.122568" lon="128.718857">
			<ele>0.00</ele>
			<time>2020-01-16T23:04:17.56Z</time>
		</trkpt>
		<trkpt lat="35.122573" lon="128.718836">
			<ele>0.00</ele>
			<time>2020-01-16T23:04:17.68Z</time>
		</trkpt>
		<trkpt lat="35.122579" lon="128.718811">
			<ele>0.00</ele>
			<time>2020-01-16T23:04:17.82Z</time>
		</trkpt>
		<trkpt lat="35.122588" lon="128.718783">
			<ele>0.00</ele>
			<time>2020-01-16T23:04:17.99Z</time>
		</trkpt>
		<trkpt lat="35.122598" lon="128.718757">
			<ele>0.00</ele>
			<time>2020-01-16T23:04:18.15Z</time>
		</trkpt>
		<trkpt lat="35.122604" lon="128.718739">
			<ele>0.00</ele>
			<time>2020-01-16T23:04:18.25Z</time>
		</trkpt>
		<trkpt lat="35.122611" lon="128.718720">
			<ele>0.00</ele>
			<time>2020-01-16T23:04:18.36Z</time>
		</trkpt>
		<trkpt lat="35.122620" lon="128.718702">
			<ele>0.00</ele>
			<time>2020-01-16T23:04:18.48Z</time>
		</trkpt>
		<trkpt lat="35.122632" lon="128.718689">
			<ele>0.00</ele>
			<time>2020-01-16T23:04:18.58Z</time>
		</trkpt>
		<trkpt lat="35.122643" lon="128.718678">
			<ele>0.00</ele>
			<time>2020-01-16T23:04:18.68Z</time>
		</trkpt>
		<trkpt lat="35.122657" lon="128.718667">
			<ele>0.00</ele>
			<time>2020-01-16T23:04:18.79Z</time>
		</trkpt>
		<trkpt lat="35.122670" lon="128.718659">
			<ele>0.00</ele>
			<time>2020-01-16T23:04:18.89Z</time>
		</trkpt>
		<trkpt lat="35.122683" lon="128.718658">
			<ele>0.00</ele>
			<time>2020-01-16T23:04:18.98Z</time>
		</trkpt>
		<trkpt lat="35.122695" lon="128.718659">
			<ele>0.00</ele>
			<time>2020-01-16T23:04:19.06Z</time>
		</trkpt>
		<trkpt lat="35.122706" lon="128.718659">
			<ele>0.00</ele>
			<time>2020-01-16T23:04:19.13Z</time>
		</trkpt>
		<trkpt lat="35.122718" lon="128.718662">
			<ele>0.00</ele>
			<time>2020-01-16T23:04:19.21Z</time>
		</trkpt>
		<trkpt lat="35.122736" lon="128.718666">
			<ele>0.00</ele>
			<time>2020-01-16T23:04:19.33Z</time>
		</trkpt>
		<trkpt lat="35.122744" lon="128.718670">
			<ele>0.00</ele>
			<time>2020-01-16T23:04:19.39Z</time>
		</trkpt>
		<trkpt lat="35.122763" lon="128.718677">
			<ele>0.00</ele>
			<time>2020-01-16T23:04:19.53Z</time>
		</trkpt>
		<trkpt lat="35.122782" lon="128.718682">
			<ele>0.00</ele>
			<time>2020-01-16T23:04:19.65Z</time>
		</trkpt>
		<trkpt lat="35.122797" lon="128.718689">
			<ele>0.00</ele>
			<time>2020-01-16T23:04:19.76Z</time>
		</trkpt>
		<trkpt lat="35.122815" lon="128.718697">
			<ele>0.00</ele>
			<time>2020-01-16T23:04:19.89Z</time>
		</trkpt>
		<trkpt lat="35.122830" lon="128.718708">
			<ele>0.00</ele>
			<time>2020-01-16T23:04:20Z</time>
		</trkpt>
		<trkpt lat="35.122843" lon="128.718723">
			<ele>0.00</ele>
			<time>2020-01-16T23:04:20.13Z</time>
		</trkpt>
		<trkpt lat="35.122857" lon="128.718741">
			<ele>0.00</ele>
			<time>2020-01-16T23:04:20.26Z</time>
		</trkpt>
		<trkpt lat="35.122868" lon="128.718758">
			<ele>0.00</ele>
			<time>2020-01-16T23:04:20.38Z</time>
		</trkpt>
		<trkpt lat="35.122880" lon="128.718777">
			<ele>0.00</ele>
			<time>2020-01-16T23:04:20.51Z</time>
		</trkpt>
		<trkpt lat="35.122890" lon="128.718792">
			<ele>0.00</ele>
			<time>2020-01-16T23:04:20.61Z</time>
		</trkpt>
		<trkpt lat="35.122900" lon="128.718813">
			<ele>0.00</ele>
			<time>2020-01-16T23:04:20.75Z</time>
		</trkpt>
		<trkpt lat="35.122907" lon="128.718826">
			<ele>0.00</ele>
			<time>2020-01-16T23:04:20.83Z</time>
		</trkpt>
		<trkpt lat="35.122917" lon="128.718838">
			<ele>0.00</ele>
			<time>2020-01-16T23:04:20.92Z</time>
		</trkpt>
		<trkpt lat="35.122925" lon="128.718852">
			<ele>0.00</ele>
			<time>2020-01-16T23:04:21.02Z</time>
		</trkpt>
		<trkpt lat="35.122934" lon="128.718867">
			<ele>0.00</ele>
			<time>2020-01-16T23:04:21.12Z</time>
		</trkpt>
		<trkpt lat="35.122942" lon="128.718880">
			<ele>0.00</ele>
			<time>2020-01-16T23:04:21.21Z</time>
		</trkpt>
		<trkpt lat="35.122942" lon="128.718881">
			<ele>0.00</ele>
			<time>2020-01-16T23:04:21.27Z</time>
		</trkpt>
		<trkpt lat="35.122951" lon="128.718892">
			<ele>0.00</ele>
			<time>2020-01-16T23:04:21.35Z</time>
		</trkpt>
		<trkpt lat="35.122963" lon="128.718911">
			<ele>0.00</ele>
			<time>2020-01-16T23:04:21.48Z</time>
		</trkpt>
		<trkpt lat="35.122977" lon="128.718932">
			<ele>0.00</ele>
			<time>2020-01-16T23:04:21.63Z</time>
		</trkpt>
		<trkpt lat="35.122993" lon="128.718956">
			<ele>0.00</ele>
			<time>2020-01-16T23:04:21.80Z</time>
		</trkpt>
		<trkpt lat="35.123006" lon="128.718975">
			<ele>0.00</ele>
			<time>2020-01-16T23:04:21.93Z</time>
		</trkpt>
		<trkpt lat="35.123019" lon="128.718993">
			<ele>0.00</ele>
			<time>2020-01-16T23:04:22.06Z</time>
		</trkpt>
		<trkpt lat="35.123029" lon="128.719012">
			<ele>0.00</ele>
			<time>2020-01-16T23:04:22.18Z</time>
		</trkpt>
		<trkpt lat="35.123042" lon="128.719035">
			<ele>0.00</ele>
			<time>2020-01-16T23:04:22.34Z</time>
		</trkpt>
		<trkpt lat="35.123053" lon="128.719055">
			<ele>0.00</ele>
			<time>2020-01-16T23:04:22.47Z</time>
		</trkpt>
		<trkpt lat="35.123066" lon="128.719080">
			<ele>0.00</ele>
			<time>2020-01-16T23:04:22.63Z</time>
		</trkpt>
		<trkpt lat="35.123077" lon="128.719100">
			<ele>0.00</ele>
			<time>2020-01-16T23:04:22.76Z</time>
		</trkpt>
		<trkpt lat="35.123091" lon="128.719122">
			<ele>0.00</ele>
			<time>2020-01-16T23:04:22.91Z</time>
		</trkpt>
		<trkpt lat="35.123104" lon="128.719144">
			<ele>0.00</ele>
			<time>2020-01-16T23:04:23.06Z</time>
		</trkpt>
		<trkpt lat="35.123114" lon="128.719162">
			<ele>0.00</ele>
			<time>2020-01-16T23:04:23.18Z</time>
		</trkpt>
		<trkpt lat="35.123128" lon="128.719186">
			<ele>0.00</ele>
			<time>2020-01-16T23:04:23.34Z</time>
		</trkpt>
		<trkpt lat="35.123143" lon="128.719207">
			<ele>0.00</ele>
			<time>2020-01-16T23:04:23.49Z</time>
		</trkpt>
		<trkpt lat="35.123155" lon="128.719226">
			<ele>0.00</ele>
			<time>2020-01-16T23:04:23.63Z</time>
		</trkpt>
		<trkpt lat="35.123169" lon="128.719250">
			<ele>0.00</ele>
			<time>2020-01-16T23:04:23.79Z</time>
		</trkpt>
		<trkpt lat="35.123179" lon="128.719267">
			<ele>0.00</ele>
			<time>2020-01-16T23:04:23.90Z</time>
		</trkpt>
		<trkpt lat="35.123193" lon="128.719288">
			<ele>0.00</ele>
			<time>2020-01-16T23:04:24.05Z</time>
		</trkpt>
		<trkpt lat="35.123204" lon="128.719308">
			<ele>0.00</ele>
			<time>2020-01-16T23:04:24.18Z</time>
		</trkpt>
		<trkpt lat="35.123211" lon="128.719324">
			<ele>0.00</ele>
			<time>2020-01-16T23:04:24.28Z</time>
		</trkpt>
		<trkpt lat="35.123221" lon="128.719335">
			<ele>0.00</ele>
			<time>2020-01-16T23:04:24.36Z</time>
		</trkpt>
		<trkpt lat="35.123232" lon="128.719350">
			<ele>0.00</ele>
			<time>2020-01-16T23:04:24.47Z</time>
		</trkpt>
		<trkpt lat="35.123241" lon="128.719362">
			<ele>0.00</ele>
			<time>2020-01-16T23:04:24.56Z</time>
		</trkpt>
		<trkpt lat="35.123251" lon="128.719374">
			<ele>0.00</ele>
			<time>2020-01-16T23:04:24.66Z</time>
		</trkpt>
		<trkpt lat="35.123258" lon="128.719383">
			<ele>0.00</ele>
			<time>2020-01-16T23:04:24.72Z</time>
		</trkpt>
		<trkpt lat="35.123265" lon="128.719395">
			<ele>0.00</ele>
			<time>2020-01-16T23:04:24.81Z</time>
		</trkpt>
		<trkpt lat="35.123271" lon="128.719405">
			<ele>0.00</ele>
			<time>2020-01-16T23:04:24.87Z</time>
		</trkpt>
		<trkpt lat="35.123279" lon="128.719419">
			<ele>0.00</ele>
			<time>2020-01-16T23:04:24.97Z</time>
		</trkpt>
		<trkpt lat="35.123287" lon="128.719432">
			<ele>0.00</ele>
			<time>2020-01-16T23:04:25.06Z</time>
		</trkpt>
		<trkpt lat="35.123294" lon="128.719442">
			<ele>0.00</ele>
			<time>2020-01-16T23:04:25.13Z</time>
		</trkpt>
		<trkpt lat="35.123299" lon="128.719452">
			<ele>0.00</ele>
			<time>2020-01-16T23:04:25.19Z</time>
		</trkpt>
		<trkpt lat="35.123308" lon="128.719465">
			<ele>0.00</ele>
			<time>2020-01-16T23:04:25.28Z</time>
		</trkpt>
		<trkpt lat="35.123314" lon="128.719474">
			<ele>0.00</ele>
			<time>2020-01-16T23:04:25.35Z</time>
		</trkpt>
		<trkpt lat="35.123320" lon="128.719485">
			<ele>0.00</ele>
			<time>2020-01-16T23:04:25.42Z</time>
		</trkpt>
		<trkpt lat="35.123324" lon="128.719495">
			<ele>0.00</ele>
			<time>2020-01-16T23:04:25.48Z</time>
		</trkpt>
		<trkpt lat="35.123329" lon="128.719505">
			<ele>0.00</ele>
			<time>2020-01-16T23:04:25.54Z</time>
		</trkpt>
		<trkpt lat="35.123335" lon="128.719520">
			<ele>0.00</ele>
			<time>2020-01-16T23:04:25.64Z</time>
		</trkpt>
		<trkpt lat="35.123340" lon="128.719529">
			<ele>0.00</ele>
			<time>2020-01-16T23:04:25.70Z</time>
		</trkpt>
		<trkpt lat="35.123340" lon="128.719529">
			<ele>0.00</ele>
			<time>2020-01-16T23:04:25.76Z</time>
		</trkpt>
		<trkpt lat="35.123345" lon="128.719540">
			<ele>0.00</ele>
			<time>2020-01-16T23:04:25.82Z</time>
		</trkpt>
		<trkpt lat="35.123350" lon="128.719551">
			<ele>0.00</ele>
			<time>2020-01-16T23:04:25.89Z</time>
		</trkpt>
		<trkpt lat="35.123355" lon="128.719562">
			<ele>0.00</ele>
			<time>2020-01-16T23:04:25.96Z</time>
		</trkpt>
		<trkpt lat="35.123360" lon="128.719572">
			<ele>0.00</ele>
			<time>2020-01-16T23:04:26.02Z</time>
		</trkpt>
		<trkpt lat="35.123364" lon="128.719581">
			<ele>0.00</ele>
			<time>2020-01-16T23:04:26.08Z</time>
		</trkpt>
		<trkpt lat="35.123370" lon="128.719592">
			<ele>0.00</ele>
			<time>2020-01-16T23:04:26.15Z</time>
		</trkpt>
		<trkpt lat="35.123376" lon="128.719605">
			<ele>0.00</ele>
			<time>2020-01-16T23:04:26.24Z</time>
		</trkpt>
		<trkpt lat="35.123381" lon="128.719617">
			<ele>0.00</ele>
			<time>2020-01-16T23:04:26.31Z</time>
		</trkpt>
		<trkpt lat="35.123385" lon="128.719623">
			<ele>0.00</ele>
			<time>2020-01-16T23:04:26.37Z</time>
		</trkpt>
		<trkpt lat="35.123394" lon="128.719640">
			<ele>0.00</ele>
			<time>2020-01-16T23:04:26.48Z</time>
		</trkpt>
		<trkpt lat="35.123402" lon="128.719656">
			<ele>0.00</ele>
			<time>2020-01-16T23:04:26.58Z</time>
		</trkpt>
		<trkpt lat="35.123410" lon="128.719664">
			<ele>0.00</ele>
			<time>2020-01-16T23:04:26.65Z</time>
		</trkpt>
		<trkpt lat="35.123425" lon="128.719674">
			<ele>0.00</ele>
			<time>2020-01-16T23:04:26.76Z</time>
		</trkpt>
		<trkpt lat="35.123442" lon="128.719683">
			<ele>0.00</ele>
			<time>2020-01-16T23:04:26.89Z</time>
		</trkpt>
		<trkpt lat="35.123459" lon="128.719693">
			<ele>0.00</ele>
			<time>2020-01-16T23:04:27.01Z</time>
		</trkpt>
		<trkpt lat="35.123473" lon="128.719701">
			<ele>0.00</ele>
			<time>2020-01-16T23:04:27.12Z</time>
		</trkpt>
		<trkpt lat="35.123486" lon="128.719712">
			<ele>0.00</ele>
			<time>2020-01-16T23:04:27.22Z</time>
		</trkpt>
		<trkpt lat="35.123495" lon="128.719724">
			<ele>0.00</ele>
			<time>2020-01-16T23:04:27.31Z</time>
		</trkpt>
		<trkpt lat="35.123504" lon="128.719735">
			<ele>0.00</ele>
			<time>2020-01-16T23:04:27.40Z</time>
		</trkpt>
		<trkpt lat="35.123511" lon="128.719745">
			<ele>0.00</ele>
			<time>2020-01-16T23:04:27.47Z</time>
		</trkpt>
		<trkpt lat="35.123519" lon="128.719757">
			<ele>0.00</ele>
			<time>2020-01-16T23:04:27.55Z</time>
		</trkpt>
		<trkpt lat="35.123519" lon="128.719757">
			<ele>0.00</ele>
			<time>2020-01-16T23:04:27.61Z</time>
		</trkpt>
		<trkpt lat="35.123527" lon="128.719767">
			<ele>0.00</ele>
			<time>2020-01-16T23:04:27.68Z</time>
		</trkpt>
		<trkpt lat="35.123537" lon="128.719780">
			<ele>0.00</ele>
			<time>2020-01-16T23:04:27.78Z</time>
		</trkpt>
		<trkpt lat="35.123549" lon="128.719789">
			<ele>0.00</ele>
			<time>2020-01-16T23:04:27.88Z</time>
		</trkpt>
		<trkpt lat="35.123562" lon="128.719801">
			<ele>0.00</ele>
			<time>2020-01-16T23:04:27.98Z</time>
		</trkpt>
		<trkpt lat="35.123571" lon="128.719809">
			<ele>0.00</ele>
			<time>2020-01-16T23:04:28.06Z</time>
		</trkpt>
		<trkpt lat="35.123587" lon="128.719820">
			<ele>0.00</ele>
			<time>2020-01-16T23:04:28.18Z</time>
		</trkpt>
		<trkpt lat="35.123600" lon="128.719832">
			<ele>0.00</ele>
			<time>2020-01-16T23:04:28.29Z</time>
		</trkpt>
		<trkpt lat="35.123601" lon="128.719831">
			<ele>0.00</ele>
			<time>2020-01-16T23:04:28.35Z</time>
		</trkpt>
		<trkpt lat="35.123612" lon="128.719838">
			<ele>0.00</ele>
			<time>2020-01-16T23:04:28.43Z</time>
		</trkpt>
		<trkpt lat="35.123625" lon="128.719846">
			<ele>0.00</ele>
			<time>2020-01-16T23:04:28.53Z</time>
		</trkpt>
		<trkpt lat="35.123634" lon="128.719849">
			<ele>0.00</ele>
			<time>2020-01-16T23:04:28.59Z</time>
		</trkpt>
		<trkpt lat="35.123646" lon="128.719855">
			<ele>0.00</ele>
			<time>2020-01-16T23:04:28.68Z</time>
		</trkpt>
		<trkpt lat="35.123665" lon="128.719860">
			<ele>0.00</ele>
			<time>2020-01-16T23:04:28.81Z</time>
		</trkpt>
		<trkpt lat="35.123679" lon="128.719863">
			<ele>0.00</ele>
			<time>2020-01-16T23:04:28.90Z</time>
		</trkpt>
		<trkpt lat="35.123694" lon="128.719864">
			<ele>0.00</ele>
			<time>2020-01-16T23:04:29Z</time>
		</trkpt>
		<trkpt lat="35.123709" lon="128.719864">
			<ele>0.00</ele>
			<time>2020-01-16T23:04:29.10Z</time>
		</trkpt>
		<trkpt lat="35.123724" lon="128.719862">
			<ele>0.00</ele>
			<time>2020-01-16T23:04:29.20Z</time>
		</trkpt>
		<trkpt lat="35.123741" lon="128.719856">
			<ele>0.00</ele>
			<time>2020-01-16T23:04:29.32Z</time>
		</trkpt>
		<trkpt lat="35.123756" lon="128.719850">
			<ele>0.00</ele>
			<time>2020-01-16T23:04:29.43Z</time>
		</trkpt>
		<trkpt lat="35.123770" lon="128.719839">
			<ele>0.00</ele>
			<time>2020-01-16T23:04:29.54Z</time>
		</trkpt>
		<trkpt lat="35.123782" lon="128.719824">
			<ele>0.00</ele>
			<time>2020-01-16T23:04:29.65Z</time>
		</trkpt>
		<trkpt lat="35.123794" lon="128.719801">
			<ele>0.00</ele>
			<time>2020-01-16T23:04:29.80Z</time>
		</trkpt>
		<trkpt lat="35.123799" lon="128.719780">
			<ele>0.00</ele>
			<time>2020-01-16T23:04:29.92Z</time>
		</trkpt>
		<trkpt lat="35.123800" lon="128.719758">
			<ele>0.00</ele>
			<time>2020-01-16T23:04:30.04Z</time>
		</trkpt>
		<trkpt lat="35.123796" lon="128.719739">
			<ele>0.00</ele>
			<time>2020-01-16T23:04:30.14Z</time>
		</trkpt>
		<trkpt lat="35.123796" lon="128.719722">
			<ele>0.00</ele>
			<time>2020-01-16T23:04:30.24Z</time>
		</trkpt>
		<trkpt lat="35.123800" lon="128.719703">
			<ele>0.00</ele>
			<time>2020-01-16T23:04:30.35Z</time>
		</trkpt>
		<trkpt lat="35.123805" lon="128.719672">
			<ele>0.00</ele>
			<time>2020-01-16T23:04:30.52Z</time>
		</trkpt>
		<trkpt lat="35.123815" lon="128.719636">
			<ele>0.00</ele>
			<time>2020-01-16T23:04:30.72Z</time>
		</trkpt>
		<trkpt lat="35.123822" lon="128.719609">
			<ele>0.00</ele>
			<time>2020-01-16T23:04:30.88Z</time>
		</trkpt>
		<trkpt lat="35.123830" lon="128.719583">
			<ele>0.00</ele>
			<time>2020-01-16T23:04:31.03Z</time>
		</trkpt>
		<trkpt lat="35.123839" lon="128.719554">
			<ele>0.00</ele>
			<time>2020-01-16T23:04:31.20Z</time>
		</trkpt>
		<trkpt lat="35.123847" lon="128.719529">
			<ele>0.00</ele>
			<time>2020-01-16T23:04:31.35Z</time>
		</trkpt>
		<trkpt lat="35.123857" lon="128.719505">
			<ele>0.00</ele>
			<time>2020-01-16T23:04:31.49Z</time>
		</trkpt>
		<trkpt lat="35.123873" lon="128.719481">
			<ele>0.00</ele>
			<time>2020-01-16T23:04:31.66Z</time>
		</trkpt>
		<trkpt lat="35.123889" lon="128.719455">
			<ele>0.00</ele>
			<time>2020-01-16T23:04:31.84Z</time>
		</trkpt>
		<trkpt lat="35.123902" lon="128.719438">
			<ele>0.00</ele>
			<time>2020-01-16T23:04:31.97Z</time>
		</trkpt>
		<trkpt lat="35.123922" lon="128.719415">
			<ele>0.00</ele>
			<time>2020-01-16T23:04:32.15Z</time>
		</trkpt>
		<trkpt lat="35.123941" lon="128.719397">
			<ele>0.00</ele>
			<time>2020-01-16T23:04:32.31Z</time>
		</trkpt>
		<trkpt lat="35.123963" lon="128.719390">
			<ele>0.00</ele>
			<time>2020-01-16T23:04:32.46Z</time>
		</trkpt>
		<trkpt lat="35.123982" lon="128.719385">
			<ele>0.00</ele>
			<time>2020-01-16T23:04:32.59Z</time>
		</trkpt>
		<trkpt lat="35.124005" lon="128.719382">
			<ele>0.00</ele>
			<time>2020-01-16T23:04:32.75Z</time>
		</trkpt>
		<trkpt lat="35.124026" lon="128.719392">
			<ele>0.00</ele>
			<time>2020-01-16T23:04:32.89Z</time>
		</trkpt>
		<trkpt lat="35.124050" lon="128.719411">
			<ele>0.00</ele>
			<time>2020-01-16T23:04:33.09Z</time>
		</trkpt>
		<trkpt lat="35.124073" lon="128.719431">
			<ele>0.00</ele>
			<time>2020-01-16T23:04:33.28Z</time>
		</trkpt>
		<trkpt lat="35.124085" lon="128.719445">
			<ele>0.00</ele>
			<time>2020-01-16T23:04:33.38Z</time>
		</trkpt>
		<trkpt lat="35.124104" lon="128.719460">
			<ele>0.00</ele>
			<time>2020-01-16T23:04:33.53Z</time>
		</trkpt>
		<trkpt lat="35.124126" lon="128.719477">
			<ele>0.00</ele>
			<time>2020-01-16T23:04:33.71Z</time>
		</trkpt>
		<trkpt lat="35.124141" lon="128.719494">
			<ele>0.00</ele>
			<time>2020-01-16T23:04:33.84Z</time>
		</trkpt>
		<trkpt lat="35.124157" lon="128.719512">
			<ele>0.00</ele>
			<time>2020-01-16T23:04:33.99Z</time>
		</trkpt>
		<trkpt lat="35.124164" lon="128.719517">
			<ele>0.00</ele>
			<time>2020-01-16T23:04:34.05Z</time>
		</trkpt>
		<trkpt lat="35.124179" lon="128.719535">
			<ele>0.00</ele>
			<time>2020-01-16T23:04:34.19Z</time>
		</trkpt>
		<trkpt lat="35.124192" lon="128.719548">
			<ele>0.00</ele>
			<time>2020-01-16T23:04:34.30Z</time>
		</trkpt>
		<trkpt lat="35.124205" lon="128.719559">
			<ele>0.00</ele>
			<time>2020-01-16T23:04:34.41Z</time>
		</trkpt>
		<trkpt lat="35.124224" lon="128.719570">
			<ele>0.00</ele>
			<time>2020-01-16T23:04:34.55Z</time>
		</trkpt>
		<trkpt lat="35.124243" lon="128.719581">
			<ele>0.00</ele>
			<time>2020-01-16T23:04:34.68Z</time>
		</trkpt>
		<trkpt lat="35.124261" lon="128.719588">
			<ele>0.00</ele>
			<time>2020-01-16T23:04:34.81Z</time>
		</trkpt>
		<trkpt lat="35.124279" lon="128.719592">
			<ele>0.00</ele>
			<time>2020-01-16T23:04:34.93Z</time>
		</trkpt>
		<trkpt lat="35.124300" lon="128.719592">
			<ele>0.00</ele>
			<time>2020-01-16T23:04:35.07Z</time>
		</trkpt>
		<trkpt lat="35.124322" lon="128.719596">
			<ele>0.00</ele>
			<time>2020-01-16T23:04:35.22Z</time>
		</trkpt>
		<trkpt lat="35.124343" lon="128.719599">
			<ele>0.00</ele>
			<time>2020-01-16T23:04:35.36Z</time>
		</trkpt>
		<trkpt lat="35.124368" lon="128.719604">
			<ele>0.00</ele>
			<time>2020-01-16T23:04:35.53Z</time>
		</trkpt>
		<trkpt lat="35.124388" lon="128.719608">
			<ele>0.00</ele>
			<time>2020-01-16T23:04:35.66Z</time>
		</trkpt>
		<trkpt lat="35.124405" lon="128.719609">
			<ele>0.00</ele>
			<time>2020-01-16T23:04:35.78Z</time>
		</trkpt>
		<trkpt lat="35.124426" lon="128.719611">
			<ele>0.00</ele>
			<time>2020-01-16T23:04:35.92Z</time>
		</trkpt>
		<trkpt lat="35.124443" lon="128.719613">
			<ele>0.00</ele>
			<time>2020-01-16T23:04:36.03Z</time>
		</trkpt>
		<trkpt lat="35.124458" lon="128.719615">
			<ele>0.00</ele>
			<time>2020-01-16T23:04:36.14Z</time>
		</trkpt>
		<trkpt lat="35.124473" lon="128.719614">
			<ele>0.00</ele>
			<time>2020-01-16T23:04:36.23Z</time>
		</trkpt>
		<trkpt lat="35.124493" lon="128.719605">
			<ele>0.00</ele>
			<time>2020-01-16T23:04:36.38Z</time>
		</trkpt>
		<trkpt lat="35.124512" lon="128.719594">
			<ele>0.00</ele>
			<time>2020-01-16T23:04:36.52Z</time>
		</trkpt>
		<trkpt lat="35.124532" lon="128.719583">
			<ele>0.00</ele>
			<time>2020-01-16T23:04:36.66Z</time>
		</trkpt>
		<trkpt lat="35.124552" lon="128.719572">
			<ele>0.00</ele>
			<time>2020-01-16T23:04:36.81Z</time>
		</trkpt>
		<trkpt lat="35.124566" lon="128.719558">
			<ele>0.00</ele>
			<time>2020-01-16T23:04:36.93Z</time>
		</trkpt>
		<trkpt lat="35.124583" lon="128.719542">
			<ele>0.00</ele>
			<time>2020-01-16T23:04:37.07Z</time>
		</trkpt>
		<trkpt lat="35.124600" lon="128.719526">
			<ele>0.00</ele>
			<time>2020-01-16T23:04:37.21Z</time>
		</trkpt>
		<trkpt lat="35.124616" lon="128.719511">
			<ele>0.00</ele>
			<time>2020-01-16T23:04:37.35Z</time>
		</trkpt>
		<trkpt lat="35.124632" lon="128.719497">
			<ele>0.00</ele>
			<time>2020-01-16T23:04:37.48Z</time>
		</trkpt>
		<trkpt lat="35.124653" lon="128.719482">
			<ele>0.00</ele>
			<time>2020-01-16T23:04:37.64Z</time>
		</trkpt>
		<trkpt lat="35.124671" lon="128.719469">
			<ele>0.00</ele>
			<time>2020-01-16T23:04:37.78Z</time>
		</trkpt>
		<trkpt lat="35.124694" lon="128.719457">
			<ele>0.00</ele>
			<time>2020-01-16T23:04:37.95Z</time>
		</trkpt>
		<trkpt lat="35.124713" lon="128.719455">
			<ele>0.00</ele>
			<time>2020-01-16T23:04:38.08Z</time>
		</trkpt>
		<trkpt lat="35.124734" lon="128.719458">
			<ele>0.00</ele>
			<time>2020-01-16T23:04:38.22Z</time>
		</trkpt>
		<trkpt lat="35.124755" lon="128.719464">
			<ele>0.00</ele>
			<time>2020-01-16T23:04:38.36Z</time>
		</trkpt>
		<trkpt lat="35.124772" lon="128.719472">
			<ele>0.00</ele>
			<time>2020-01-16T23:04:38.48Z</time>
		</trkpt>
		<trkpt lat="35.124792" lon="128.719484">
			<ele>0.00</ele>
			<time>2020-01-16T23:04:38.63Z</time>
		</trkpt>
		<trkpt lat="35.124803" lon="128.719497">
			<ele>0.00</ele>
			<time>2020-01-16T23:04:38.73Z</time>
		</trkpt>
		<trkpt lat="35.124814" lon="128.719518">
			<ele>0.00</ele>
			<time>2020-01-16T23:04:38.87Z</time>
		</trkpt>
		<trkpt lat="35.124826" lon="128.719542">
			<ele>0.00</ele>
			<time>2020-01-16T23:04:39.02Z</time>
		</trkpt>
		<trkpt lat="35.124838" lon="128.719567">
			<ele>0.00</ele>
			<time>2020-01-16T23:04:39.18Z</time>
		</trkpt>
		<trkpt lat="35.124847" lon="128.719593">
			<ele>0.00</ele>
			<time>2020-01-16T23:04:39.33Z</time>
		</trkpt>
		<trkpt lat="35.124856" lon="128.719620">
			<ele>0.00</ele>
			<time>2020-01-16T23:04:39.49Z</time>
		</trkpt>
		<trkpt lat="35.124865" lon="128.719642">
			<ele>0.00</ele>
			<time>2020-01-16T23:04:39.62Z</time>
		</trkpt>
		<trkpt lat="35.124875" lon="128.719666">
			<ele>0.00</ele>
			<time>2020-01-16T23:04:39.77Z</time>
		</trkpt>
		<trkpt lat="35.124888" lon="128.719700">
			<ele>0.00</ele>
			<time>2020-01-16T23:04:39.98Z</time>
		</trkpt>
		<trkpt lat="35.124895" lon="128.719720">
			<ele>0.00</ele>
			<time>2020-01-16T23:04:40.10Z</time>
		</trkpt>
		<trkpt lat="35.124902" lon="128.719746">
			<ele>0.00</ele>
			<time>2020-01-16T23:04:40.25Z</time>
		</trkpt>
		<trkpt lat="35.124910" lon="128.719771">
			<ele>0.00</ele>
			<time>2020-01-16T23:04:40.39Z</time>
		</trkpt>
		<trkpt lat="35.124917" lon="128.719799">
			<ele>0.00</ele>
			<time>2020-01-16T23:04:40.55Z</time>
		</trkpt>
		<trkpt lat="35.124923" lon="128.719822">
			<ele>0.00</ele>
			<time>2020-01-16T23:04:40.68Z</time>
		</trkpt>
		<trkpt lat="35.124931" lon="128.719851">
			<ele>0.00</ele>
			<time>2020-01-16T23:04:40.85Z</time>
		</trkpt>
		<trkpt lat="35.124936" lon="128.719868">
			<ele>0.00</ele>
			<time>2020-01-16T23:04:40.95Z</time>
		</trkpt>
		<trkpt lat="35.124942" lon="128.719892">
			<ele>0.00</ele>
			<time>2020-01-16T23:04:41.08Z</time>
		</trkpt>
		<trkpt lat="35.124949" lon="128.719914">
			<ele>0.00</ele>
			<time>2020-01-16T23:04:41.21Z</time>
		</trkpt>
		<trkpt lat="35.124954" lon="128.719932">
			<ele>0.00</ele>
			<time>2020-01-16T23:04:41.32Z</time>
		</trkpt>
		<trkpt lat="35.124967" lon="128.719968">
			<ele>0.00</ele>
			<time>2020-01-16T23:04:41.53Z</time>
		</trkpt>
		<trkpt lat="35.124978" lon="128.720005">
			<ele>0.00</ele>
			<time>2020-01-16T23:04:41.75Z</time>
		</trkpt>
		<trkpt lat="35.124988" lon="128.720037">
			<ele>0.00</ele>
			<time>2020-01-16T23:04:41.94Z</time>
		</trkpt>
		<trkpt lat="35.124999" lon="128.720075">
			<ele>0.00</ele>
			<time>2020-01-16T23:04:42.15Z</time>
		</trkpt>
		<trkpt lat="35.125008" lon="128.720101">
			<ele>0.00</ele>
			<time>2020-01-16T23:04:42.31Z</time>
		</trkpt>
		<trkpt lat="35.125019" lon="128.720137">
			<ele>0.00</ele>
			<time>2020-01-16T23:04:42.52Z</time>
		</trkpt>
		<trkpt lat="35.125033" lon="128.720171">
			<ele>0.00</ele>
			<time>2020-01-16T23:04:42.72Z</time>
		</trkpt>
		<trkpt lat="35.125042" lon="128.720206">
			<ele>0.00</ele>
			<time>2020-01-16T23:04:42.92Z</time>
		</trkpt>
		<trkpt lat="35.125051" lon="128.720241">
			<ele>0.00</ele>
			<time>2020-01-16T23:04:43.12Z</time>
		</trkpt>
		<trkpt lat="35.125058" lon="128.720274">
			<ele>0.00</ele>
			<time>2020-01-16T23:04:43.31Z</time>
		</trkpt>
		<trkpt lat="35.125066" lon="128.720307">
			<ele>0.00</ele>
			<time>2020-01-16T23:04:43.50Z</time>
		</trkpt>
		<trkpt lat="35.125078" lon="128.720337">
			<ele>0.00</ele>
			<time>2020-01-16T23:04:43.68Z</time>
		</trkpt>
		<trkpt lat="35.125089" lon="128.720377">
			<ele>0.00</ele>
			<time>2020-01-16T23:04:43.91Z</time>
		</trkpt>
		<trkpt lat="35.125097" lon="128.720408">
			<ele>0.00</ele>
			<time>2020-01-16T23:04:44.09Z</time>
		</trkpt>
		<trkpt lat="35.125105" lon="128.720447">
			<ele>0.00</ele>
			<time>2020-01-16T23:04:44.31Z</time>
		</trkpt>
		<trkpt lat="35.125119" lon="128.720482">
			<ele>0.00</ele>
			<time>2020-01-16T23:04:44.52Z</time>
		</trkpt>
		<trkpt lat="35.125127" lon="128.720508">
			<ele>0.00</ele>
			<time>2020-01-16T23:04:44.67Z</time>
		</trkpt>
		<trkpt lat="35.125134" lon="128.720525">
			<ele>0.00</ele>
			<time>2020-01-16T23:04:44.77Z</time>
		</trkpt>
		<trkpt lat="35.125145" lon="128.720548">
			<ele>0.00</ele>
			<time>2020-01-16T23:04:44.92Z</time>
		</trkpt>
		<trkpt lat="35.125152" lon="128.720581">
			<ele>0.00</ele>
			<time>2020-01-16T23:04:45.10Z</time>
		</trkpt>
		<trkpt lat="35.125158" lon="128.720610">
			<ele>0.00</ele>
			<time>2020-01-16T23:04:45.27Z</time>
		</trkpt>
		<trkpt lat="35.125161" lon="128.720633">
			<ele>0.00</ele>
			<time>2020-01-16T23:04:45.39Z</time>
		</trkpt>
		<trkpt lat="35.125162" lon="128.720659">
			<ele>0.00</ele>
			<time>2020-01-16T23:04:45.54Z</time>
		</trkpt>
		<trkpt lat="35.125162" lon="128.720689">
			<ele>0.00</ele>
			<time>2020-01-16T23:04:45.70Z</time>
		</trkpt>
		<trkpt lat="35.125163" lon="128.720714">
			<ele>0.00</ele>
			<time>2020-01-16T23:04:45.84Z</time>
		</trkpt>
		<trkpt lat="35.125167" lon="128.720744">
			<ele>0.00</ele>
			<time>2020-01-16T23:04:46Z</time>
		</trkpt>
		<trkpt lat="35.125169" lon="128.720758">
			<ele>0.00</ele>
			<time>2020-01-16T23:04:46.08Z</time>
		</trkpt>
		<trkpt lat="35.125179" lon="128.720783">
			<ele>0.00</ele>
			<time>2020-01-16T23:04:46.23Z</time>
		</trkpt>
		<trkpt lat="35.125195" lon="128.720820">
			<ele>0.00</ele>
			<time>2020-01-16T23:04:46.46Z</time>
		</trkpt>
		<trkpt lat="35.125209" lon="128.720855">
			<ele>0.00</ele>
			<time>2020-01-16T23:04:46.67Z</time>
		</trkpt>
		<trkpt lat="35.125224" lon="128.720887">
			<ele>0.00</ele>
			<time>2020-01-16T23:04:46.87Z</time>
		</trkpt>
		<trkpt lat="35.125237" lon="128.720915">
			<ele>0.00</ele>
			<time>2020-01-16T23:04:47.05Z</time>
		</trkpt>
		<trkpt lat="35.125251" lon="128.720937">
			<ele>0.00</ele>
			<time>2020-01-16T23:04:47.20Z</time>
		</trkpt>
		<trkpt lat="35.125265" lon="128.720959">
			<ele>0.00</ele>
			<time>2020-01-16T23:04:47.35Z</time>
		</trkpt>
		<trkpt lat="35.125277" lon="128.720982">
			<ele>0.00</ele>
			<time>2020-01-16T23:04:47.50Z</time>
		</trkpt>
		<trkpt lat="35.125297" lon="128.721009">
			<ele>0.00</ele>
			<time>2020-01-16T23:04:47.70Z</time>
		</trkpt>
		<trkpt lat="35.125312" lon="128.721030">
			<ele>0.00</ele>
			<time>2020-01-16T23:04:47.85Z</time>
		</trkpt>
		<trkpt lat="35.125327" lon="128.721048">
			<ele>0.00</ele>
			<time>2020-01-16T23:04:47.99Z</time>
		</trkpt>
		<trkpt lat="35.125341" lon="128.721066">
			<ele>0.00</ele>
			<time>2020-01-16T23:04:48.13Z</time>
		</trkpt>
		<trkpt lat="35.125355" lon="128.721082">
			<ele>0.00</ele>
			<time>2020-01-16T23:04:48.26Z</time>
		</trkpt>
		<trkpt lat="35.125371" lon="128.721099">
			<ele>0.00</ele>
			<time>2020-01-16T23:04:48.40Z</time>
		</trkpt>
		<trkpt lat="35.125387" lon="128.721116">
			<ele>0.00</ele>
			<time>2020-01-16T23:04:48.54Z</time>
		</trkpt>
		<trkpt lat="35.125405" lon="128.721134">
			<ele>0.00</ele>
			<time>2020-01-16T23:04:48.69Z</time>
		</trkpt>
		<trkpt lat="35.125419" lon="128.721146">
			<ele>0.00</ele>
			<time>2020-01-16T23:04:48.81Z</time>
		</trkpt>
		<trkpt lat="35.125439" lon="128.721162">
			<ele>0.00</ele>
			<time>2020-01-16T23:04:48.96Z</time>
		</trkpt>
		<trkpt lat="35.125456" lon="128.721176">
			<ele>0.00</ele>
			<time>2020-01-16T23:04:49.10Z</time>
		</trkpt>
		<trkpt lat="35.125479" lon="128.721190">
			<ele>0.00</ele>
			<time>2020-01-16T23:04:49.28Z</time>
		</trkpt>
		<trkpt lat="35.125491" lon="128.721200">
			<ele>0.00</ele>
			<time>2020-01-16T23:04:49.37Z</time>
		</trkpt>
		<trkpt lat="35.125506" lon="128.721209">
			<ele>0.00</ele>
			<time>2020-01-16T23:04:49.48Z</time>
		</trkpt>
		<trkpt lat="35.125518" lon="128.721218">
			<ele>0.00</ele>
			<time>2020-01-16T23:04:49.57Z</time>
		</trkpt>
		<trkpt lat="35.125532" lon="128.721232">
			<ele>0.00</ele>
			<time>2020-01-16T23:04:49.70Z</time>
		</trkpt>
		<trkpt lat="35.125549" lon="128.721240">
			<ele>0.00</ele>
			<time>2020-01-16T23:04:49.81Z</time>
		</trkpt>
		<trkpt lat="35.125560" lon="128.721245">
			<ele>0.00</ele>
			<time>2020-01-16T23:04:49.90Z</time>
		</trkpt>
		<trkpt lat="35.125575" lon="128.721251">
			<ele>0.00</ele>
			<time>2020-01-16T23:04:50Z</time>
		</trkpt>
		<trkpt lat="35.125588" lon="128.721253">
			<ele>0.00</ele>
			<time>2020-01-16T23:04:50.09Z</time>
		</trkpt>
		<trkpt lat="35.125606" lon="128.721257">
			<ele>0.00</ele>
			<time>2020-01-16T23:04:50.21Z</time>
		</trkpt>
		<trkpt lat="35.125618" lon="128.721257">
			<ele>0.00</ele>
			<time>2020-01-16T23:04:50.29Z</time>
		</trkpt>
		<trkpt lat="35.125634" lon="128.721250">
			<ele>0.00</ele>
			<time>2020-01-16T23:04:50.40Z</time>
		</trkpt>
		<trkpt lat="35.125647" lon="128.721237">
			<ele>0.00</ele>
			<time>2020-01-16T23:04:50.51Z</time>
		</trkpt>
		<trkpt lat="35.125660" lon="128.721221">
			<ele>0.00</ele>
			<time>2020-01-16T23:04:50.64Z</time>
		</trkpt>
		<trkpt lat="35.125672" lon="128.721199">
			<ele>0.00</ele>
			<time>2020-01-16T23:04:50.79Z</time>
		</trkpt>
		<trkpt lat="35.125683" lon="128.721180">
			<ele>0.00</ele>
			<time>2020-01-16T23:04:50.91Z</time>
		</trkpt>
		<trkpt lat="35.125690" lon="128.721159">
			<ele>0.00</ele>
			<time>2020-01-16T23:04:51.03Z</time>
		</trkpt>
		<trkpt lat="35.125689" lon="128.721135">
			<ele>0.00</ele>
			<time>2020-01-16T23:04:51.16Z</time>
		</trkpt>
		<trkpt lat="35.125690" lon="128.721112">
			<ele>0.00</ele>
			<time>2020-01-16T23:04:51.29Z</time>
		</trkpt>
		<trkpt lat="35.125688" lon="128.721093">
			<ele>0.00</ele>
			<time>2020-01-16T23:04:51.39Z</time>
		</trkpt>
		<trkpt lat="35.125685" lon="128.721073">
			<ele>0.00</ele>
			<time>2020-01-16T23:04:51.51Z</time>
		</trkpt>
		<trkpt lat="35.125681" lon="128.721057">
			<ele>0.00</ele>
			<time>2020-01-16T23:04:51.60Z</time>
		</trkpt>
		<trkpt lat="35.125679" lon="128.721035">
			<ele>0.00</ele>
			<time>2020-01-16T23:04:51.72Z</time>
		</trkpt>
		<trkpt lat="35.125679" lon="128.721015">
			<ele>0.00</ele>
			<time>2020-01-16T23:04:51.83Z</time>
		</trkpt>
		<trkpt lat="35.125681" lon="128.720982">
			<ele>0.00</ele>
			<time>2020-01-16T23:04:52.01Z</time>
		</trkpt>
		<trkpt lat="35.125687" lon="128.720954">
			<ele>0.00</ele>
			<time>2020-01-16T23:04:52.17Z</time>
		</trkpt>
		<trkpt lat="35.125696" lon="128.720916">
			<ele>0.00</ele>
			<time>2020-01-16T23:04:52.38Z</time>
		</trkpt>
		<trkpt lat="35.125703" lon="128.720883">
			<ele>0.00</ele>
			<time>2020-01-16T23:04:52.57Z</time>
		</trkpt>
		<trkpt lat="35.125707" lon="128.720855">
			<ele>0.00</ele>
			<time>2020-01-16T23:04:52.72Z</time>
		</trkpt>
		<trkpt lat="35.125719" lon="128.720820">
			<ele>0.00</ele>
			<time>2020-01-16T23:04:52.93Z</time>
		</trkpt>
		<trkpt lat="35.125729" lon="128.720783">
			<ele>0.00</ele>
			<time>2020-01-16T23:04:53.14Z</time>
		</trkpt>
		<trkpt lat="35.125740" lon="128.720758">
			<ele>0.00</ele>
			<time>2020-01-16T23:04:53.30Z</time>
		</trkpt>
		<trkpt lat="35.125749" lon="128.720736">
			<ele>0.00</ele>
			<time>2020-01-16T23:04:53.43Z</time>
		</trkpt>
		<trkpt lat="35.125761" lon="128.720708">
			<ele>0.00</ele>
			<time>2020-01-16T23:04:53.60Z</time>
		</trkpt>
		<trkpt lat="35.125776" lon="128.720669">
			<ele>0.00</ele>
			<time>2020-01-16T23:04:53.84Z</time>
		</trkpt>
		<trkpt lat="35.125785" lon="128.720640">
			<ele>0.00</ele>
			<time>2020-01-16T23:04:54Z</time>
		</trkpt>
		<trkpt lat="35.125799" lon="128.720598">
			<ele>0.00</ele>
			<time>2020-01-16T23:04:54.25Z</time>
		</trkpt>
		<trkpt lat="35.125817" lon="128.720567">
			<ele>0.00</ele>
			<time>2020-01-16T23:04:54.46Z</time>
		</trkpt>
		<trkpt lat="35.125835" lon="128.720537">
			<ele>0.00</ele>
			<time>2020-01-16T23:04:54.66Z</time>
		</trkpt>
		<trkpt lat="35.125857" lon="128.720502">
			<ele>0.00</ele>
			<time>2020-01-16T23:04:54.90Z</time>
		</trkpt>
		<trkpt lat="35.125875" lon="128.720476">
			<ele>0.00</ele>
			<time>2020-01-16T23:04:55.09Z</time>
		</trkpt>
		<trkpt lat="35.125890" lon="128.720461">
			<ele>0.00</ele>
			<time>2020-01-16T23:04:55.22Z</time>
		</trkpt>
		<trkpt lat="35.125908" lon="128.720445">
			<ele>0.00</ele>
			<time>2020-01-16T23:04:55.37Z</time>
		</trkpt>
		<trkpt lat="35.125926" lon="128.720436">
			<ele>0.00</ele>
			<time>2020-01-16T23:04:55.50Z</time>
		</trkpt>
		<trkpt lat="35.125951" lon="128.720428">
			<ele>0.00</ele>
			<time>2020-01-16T23:04:55.67Z</time>
		</trkpt>
		<trkpt lat="35.125974" lon="128.720437">
			<ele>0.00</ele>
			<time>2020-01-16T23:04:55.83Z</time>
		</trkpt>
		<trkpt lat="35.125993" lon="128.720462">
			<ele>0.00</ele>
			<time>2020-01-16T23:04:56.02Z</time>
		</trkpt>
		<trkpt lat="35.126018" lon="128.720501">
			<ele>0.00</ele>
			<time>2020-01-16T23:04:56.29Z</time>
		</trkpt>
		<trkpt lat="35.126038" lon="128.720543">
			<ele>0.00</ele>
			<time>2020-01-16T23:04:56.55Z</time>
		</trkpt>
		<trkpt lat="35.126062" lon="128.720596">
			<ele>0.00</ele>
			<time>2020-01-16T23:04:56.88Z</time>
		</trkpt>
		<trkpt lat="35.126080" lon="128.720624">
			<ele>0.00</ele>
			<time>2020-01-16T23:04:57.08Z</time>
		</trkpt>
		<trkpt lat="35.126094" lon="128.720651">
			<ele>0.00</ele>
			<time>2020-01-16T23:04:57.25Z</time>
		</trkpt>
		<trkpt lat="35.126114" lon="128.720680">
			<ele>0.00</ele>
			<time>2020-01-16T23:04:57.46Z</time>
		</trkpt>
		<trkpt lat="35.126140" lon="128.720706">
			<ele>0.00</ele>
			<time>2020-01-16T23:04:57.68Z</time>
		</trkpt>
		<trkpt lat="35.126161" lon="128.720730">
			<ele>0.00</ele>
			<time>2020-01-16T23:04:57.87Z</time>
		</trkpt>
		<trkpt lat="35.126182" lon="128.720758">
			<ele>0.00</ele>
			<time>2020-01-16T23:04:58.08Z</time>
		</trkpt>
		<trkpt lat="35.126203" lon="128.720790">
			<ele>0.00</ele>
			<time>2020-01-16T23:04:58.31Z</time>
		</trkpt>
		<trkpt lat="35.126227" lon="128.720817">
			<ele>0.00</ele>
			<time>2020-01-16T23:04:58.52Z</time>
		</trkpt>
		<trkpt lat="35.126254" lon="128.720836">
			<ele>0.00</ele>
			<time>2020-01-16T23:04:58.73Z</time>
		</trkpt>
		<trkpt lat="35.126274" lon="128.720855">
			<ele>0.00</ele>
			<time>2020-01-16T23:04:58.90Z</time>
		</trkpt>
		<trkpt lat="35.126304" lon="128.720875">
			<ele>0.00</ele>
			<time>2020-01-16T23:04:59.12Z</time>
		</trkpt>
		<trkpt lat="35.126333" lon="128.720890">
			<ele>0.00</ele>
			<time>2020-01-16T23:04:59.34Z</time>
		</trkpt>
		<trkpt lat="35.126358" lon="128.720903">
			<ele>0.00</ele>
			<time>2020-01-16T23:04:59.52Z</time>
		</trkpt>
		<trkpt lat="35.126389" lon="128.720916">
			<ele>0.00</ele>
			<time>2020-01-16T23:04:59.74Z</time>
		</trkpt>
		<trkpt lat="35.126413" lon="128.720919">
			<ele>0.00</ele>
			<time>2020-01-16T23:04:59.90Z</time>
		</trkpt>
		<trkpt lat="35.126443" lon="128.720917">
			<ele>0.00</ele>
			<time>2020-01-16T23:05:00.10Z</time>
		</trkpt>
		<trkpt lat="35.126467" lon="128.720904">
			<ele>0.00</ele>
			<time>2020-01-16T23:05:00.27Z</time>
		</trkpt>
		<trkpt lat="35.126488" lon="128.720896">
			<ele>0.00</ele>
			<time>2020-01-16T23:05:00.42Z</time>
		</trkpt>
		<trkpt lat="35.126518" lon="128.720886">
			<ele>0.00</ele>
			<time>2020-01-16T23:05:00.63Z</time>
		</trkpt>
		<trkpt lat="35.126544" lon="128.720888">
			<ele>0.00</ele>
			<time>2020-01-16T23:05:00.80Z</time>
		</trkpt>
		<trkpt lat="35.126564" lon="128.720904">
			<ele>0.00</ele>
			<time>2020-01-16T23:05:00.96Z</time>
		</trkpt>
		<trkpt lat="35.126580" lon="128.720921">
			<ele>0.00</ele>
			<time>2020-01-16T23:05:01.10Z</time>
		</trkpt>
		<trkpt lat="35.126595" lon="128.720936">
			<ele>0.00</ele>
			<time>2020-01-16T23:05:01.23Z</time>
		</trkpt>
		<trkpt lat="35.126605" lon="128.720963">
			<ele>0.00</ele>
			<time>2020-01-16T23:05:01.39Z</time>
		</trkpt>
		<trkpt lat="35.126606" lon="128.720992">
			<ele>0.00</ele>
			<time>2020-01-16T23:05:01.55Z</time>
		</trkpt>
		<trkpt lat="35.126604" lon="128.721024">
			<ele>0.00</ele>
			<time>2020-01-16T23:05:01.72Z</time>
		</trkpt>
		<trkpt lat="35.126603" lon="128.721056">
			<ele>0.00</ele>
			<time>2020-01-16T23:05:01.90Z</time>
		</trkpt>
		<trkpt lat="35.126600" lon="128.721086">
			<ele>0.00</ele>
			<time>2020-01-16T23:05:02.06Z</time>
		</trkpt>
		<trkpt lat="35.126596" lon="128.721113">
			<ele>0.00</ele>
			<time>2020-01-16T23:05:02.21Z</time>
		</trkpt>
		<trkpt lat="35.126591" lon="128.721143">
			<ele>0.00</ele>
			<time>2020-01-16T23:05:02.38Z</time>
		</trkpt>
		<trkpt lat="35.126585" lon="128.721169">
			<ele>0.00</ele>
			<time>2020-01-16T23:05:02.53Z</time>
		</trkpt>
		<trkpt lat="35.126581" lon="128.721200">
			<ele>0.00</ele>
			<time>2020-01-16T23:05:02.69Z</time>
		</trkpt>
		<trkpt lat="35.126579" lon="128.721222">
			<ele>0.00</ele>
			<time>2020-01-16T23:05:02.81Z</time>
		</trkpt>
		<trkpt lat="35.126579" lon="128.721243">
			<ele>0.00</ele>
			<time>2020-01-16T23:05:02.93Z</time>
		</trkpt>
		<trkpt lat="35.126578" lon="128.721259">
			<ele>0.00</ele>
			<time>2020-01-16T23:05:03.02Z</time>
		</trkpt>
		<trkpt lat="35.126581" lon="128.721276">
			<ele>0.00</ele>
			<time>2020-01-16T23:05:03.12Z</time>
		</trkpt>
		<trkpt lat="35.126589" lon="128.721296">
			<ele>0.00</ele>
			<time>2020-01-16T23:05:03.24Z</time>
		</trkpt>
		<trkpt lat="35.126596" lon="128.721312">
			<ele>0.00</ele>
			<time>2020-01-16T23:05:03.33Z</time>
		</trkpt>
		<trkpt lat="35.126609" lon="128.721325">
			<ele>0.00</ele>
			<time>2020-01-16T23:05:03.44Z</time>
		</trkpt>
		<trkpt lat="35.126625" lon="128.721332">
			<ele>0.00</ele>
			<time>2020-01-16T23:05:03.56Z</time>
		</trkpt>
		<trkpt lat="35.126639" lon="128.721336">
			<ele>0.00</ele>
			<time>2020-01-16T23:05:03.65Z</time>
		</trkpt>
		<trkpt lat="35.126655" lon="128.721338">
			<ele>0.00</ele>
			<time>2020-01-16T23:05:03.76Z</time>
		</trkpt>
		<trkpt lat="35.126667" lon="128.721339">
			<ele>0.00</ele>
			<time>2020-01-16T23:05:03.84Z</time>
		</trkpt>
		<trkpt lat="35.126681" lon="128.721343">
			<ele>0.00</ele>
			<time>2020-01-16T23:05:03.94Z</time>
		</trkpt>
		<trkpt lat="35.126689" lon="128.721351">
			<ele>0.00</ele>
			<time>2020-01-16T23:05:04.01Z</time>
		</trkpt>
		<trkpt lat="35.126702" lon="128.721365">
			<ele>0.00</ele>
			<time>2020-01-16T23:05:04.12Z</time>
		</trkpt>
		<trkpt lat="35.126714" lon="128.721379">
			<ele>0.00</ele>
			<time>2020-01-16T23:05:04.24Z</time>
		</trkpt>
		<trkpt lat="35.126727" lon="128.721396">
			<ele>0.00</ele>
			<time>2020-01-16T23:05:04.36Z</time>
		</trkpt>
		<trkpt lat="35.126735" lon="128.721407">
			<ele>0.00</ele>
			<time>2020-01-16T23:05:04.44Z</time>
		</trkpt>
		<trkpt lat="35.126741" lon="128.721420">
			<ele>0.00</ele>
			<time>2020-01-16T23:05:04.52Z</time>
		</trkpt>
		<trkpt lat="35.126740" lon="128.721431">
			<ele>0.00</ele>
			<time>2020-01-16T23:05:04.58Z</time>
		</trkpt>
		<trkpt lat="35.126737" lon="128.721449">
			<ele>0.00</ele>
			<time>2020-01-16T23:05:04.68Z</time>
		</trkpt>
		<trkpt lat="35.126734" lon="128.721470">
			<ele>0.00</ele>
			<time>2020-01-16T23:05:04.79Z</time>
		</trkpt>
		<trkpt lat="35.126731" lon="128.721481">
			<ele>0.00</ele>
			<time>2020-01-16T23:05:04.86Z</time>
		</trkpt>
		<trkpt lat="35.126726" lon="128.721494">
			<ele>0.00</ele>
			<time>2020-01-16T23:05:04.94Z</time>
		</trkpt>
		<trkpt lat="35.126724" lon="128.721509">
			<ele>0.00</ele>
			<time>2020-01-16T23:05:05.02Z</time>
		</trkpt>
		<trkpt lat="35.126724" lon="128.721520">
			<ele>0.00</ele>
			<time>2020-01-16T23:05:05.08Z</time>
		</trkpt>
		<trkpt lat="35.126727" lon="128.721535">
			<ele>0.00</ele>
			<time>2020-01-16T23:05:05.17Z</time>
		</trkpt>
		<trkpt lat="35.126730" lon="128.721550">
			<ele>0.00</ele>
			<time>2020-01-16T23:05:05.25Z</time>
		</trkpt>
		<trkpt lat="35.126739" lon="128.721563">
			<ele>0.00</ele>
			<time>2020-01-16T23:05:05.35Z</time>
		</trkpt>
		<trkpt lat="35.126746" lon="128.721575">
			<ele>0.00</ele>
			<time>2020-01-16T23:05:05.43Z</time>
		</trkpt>
		<trkpt lat="35.126753" lon="128.721587">
			<ele>0.00</ele>
			<time>2020-01-16T23:05:05.51Z</time>
		</trkpt>
		<trkpt lat="35.126760" lon="128.721601">
			<ele>0.00</ele>
			<time>2020-01-16T23:05:05.59Z</time>
		</trkpt>
		<trkpt lat="35.126766" lon="128.721607">
			<ele>0.00</ele>
			<time>2020-01-16T23:05:05.65Z</time>
		</trkpt>
		<trkpt lat="35.126772" lon="128.721614">
			<ele>0.00</ele>
			<time>2020-01-16T23:05:05.71Z</time>
		</trkpt>
		<trkpt lat="35.126783" lon="128.721621">
			<ele>0.00</ele>
			<time>2020-01-16T23:05:05.80Z</time>
		</trkpt>
		<trkpt lat="35.126795" lon="128.721622">
			<ele>0.00</ele>
			<time>2020-01-16T23:05:05.88Z</time>
		</trkpt>
		<trkpt lat="35.126807" lon="128.721622">
			<ele>0.00</ele>
			<time>2020-01-16T23:05:05.96Z</time>
		</trkpt>
		<trkpt lat="35.126821" lon="128.721618">
			<ele>0.00</ele>
			<time>2020-01-16T23:05:06.06Z</time>
		</trkpt>
		<trkpt lat="35.126836" lon="128.721615">
			<ele>0.00</ele>
			<time>2020-01-16T23:05:06.15Z</time>
		</trkpt>
		<trkpt lat="35.126851" lon="128.721613">
			<ele>0.00</ele>
			<time>2020-01-16T23:05:06.25Z</time>
		</trkpt>
		<trkpt lat="35.126867" lon="128.721603">
			<ele>0.00</ele>
			<time>2020-01-16T23:05:06.38Z</time>
		</trkpt>
		<trkpt lat="35.126887" lon="128.721593">
			<ele>0.00</ele>
			<time>2020-01-16T23:05:06.52Z</time>
		</trkpt>
		<trkpt lat="35.126898" lon="128.721584">
			<ele>0.00</ele>
			<time>2020-01-16T23:05:06.61Z</time>
		</trkpt>
		<trkpt lat="35.126911" lon="128.721572">
			<ele>0.00</ele>
			<time>2020-01-16T23:05:06.72Z</time>
		</trkpt>
		<trkpt lat="35.126920" lon="128.721562">
			<ele>0.00</ele>
			<time>2020-01-16T23:05:06.80Z</time>
		</trkpt>
		<trkpt lat="35.126932" lon="128.721549">
			<ele>0.00</ele>
			<time>2020-01-16T23:05:06.90Z</time>
		</trkpt>
		<trkpt lat="35.126946" lon="128.721539">
			<ele>0.00</ele>
			<time>2020-01-16T23:05:07.01Z</time>
		</trkpt>
		<trkpt lat="35.126960" lon="128.721538">
			<ele>0.00</ele>
			<time>2020-01-16T23:05:07.11Z</time>
		</trkpt>
		<trkpt lat="35.126979" lon="128.721540">
			<ele>0.00</ele>
			<time>2020-01-16T23:05:07.23Z</time>
		</trkpt>
		<trkpt lat="35.127000" lon="128.721542">
			<ele>0.00</ele>
			<time>2020-01-16T23:05:07.37Z</time>
		</trkpt>
		<trkpt lat="35.127017" lon="128.721545">
			<ele>0.00</ele>
			<time>2020-01-16T23:05:07.49Z</time>
		</trkpt>
		<trkpt lat="35.127029" lon="128.721543">
			<ele>0.00</ele>
			<time>2020-01-16T23:05:07.57Z</time>
		</trkpt>
		<trkpt lat="35.127043" lon="128.721539">
			<ele>0.00</ele>
			<time>2020-01-16T23:05:07.66Z</time>
		</trkpt>
		<trkpt lat="35.127061" lon="128.721521">
			<ele>0.00</ele>
			<time>2020-01-16T23:05:07.82Z</time>
		</trkpt>
		<trkpt lat="35.127072" lon="128.721501">
			<ele>0.00</ele>
			<time>2020-01-16T23:05:07.95Z</time>
		</trkpt>
		<trkpt lat="35.127083" lon="128.721489">
			<ele>0.00</ele>
			<time>2020-01-16T23:05:08.05Z</time>
		</trkpt>
		<trkpt lat="35.127095" lon="128.721482">
			<ele>0.00</ele>
			<time>2020-01-16T23:05:08.14Z</time>
		</trkpt>
		<trkpt lat="35.127109" lon="128.721477">
			<ele>0.00</ele>
			<time>2020-01-16T23:05:08.24Z</time>
		</trkpt>
		<trkpt lat="35.127135" lon="128.721462">
			<ele>0.00</ele>
			<time>2020-01-16T23:05:08.43Z</time>
		</trkpt>
		<trkpt lat="35.127153" lon="128.721448">
			<ele>0.00</ele>
			<time>2020-01-16T23:05:08.57Z</time>
		</trkpt>
		<trkpt lat="35.127167" lon="128.721438">
			<ele>0.00</ele>
			<time>2020-01-16T23:05:08.68Z</time>
		</trkpt>
		<trkpt lat="35.127178" lon="128.721425">
			<ele>0.00</ele>
			<time>2020-01-16T23:05:08.78Z</time>
		</trkpt>
		<trkpt lat="35.127195" lon="128.721410">
			<ele>0.00</ele>
			<time>2020-01-16T23:05:08.92Z</time>
		</trkpt>
		<trkpt lat="35.127213" lon="128.721396">
			<ele>0.00</ele>
			<time>2020-01-16T23:05:09.07Z</time>
		</trkpt>
		<trkpt lat="35.127232" lon="128.721381">
			<ele>0.00</ele>
			<time>2020-01-16T23:05:09.21Z</time>
		</trkpt>
		<trkpt lat="35.127251" lon="128.721362">
			<ele>0.00</ele>
			<time>2020-01-16T23:05:09.38Z</time>
		</trkpt>
		<trkpt lat="35.127269" lon="128.721348">
			<ele>0.00</ele>
			<time>2020-01-16T23:05:09.52Z</time>
		</trkpt>
		<trkpt lat="35.127300" lon="128.721329">
			<ele>0.00</ele>
			<time>2020-01-16T23:05:09.75Z</time>
		</trkpt>
		<trkpt lat="35.127325" lon="128.721311">
			<ele>0.00</ele>
			<time>2020-01-16T23:05:09.94Z</time>
		</trkpt>
		<trkpt lat="35.127340" lon="128.721297">
			<ele>0.00</ele>
			<time>2020-01-16T23:05:10.07Z</time>
		</trkpt>
		<trkpt lat="35.127359" lon="128.721287">
			<ele>0.00</ele>
			<time>2020-01-16T23:05:10.21Z</time>
		</trkpt>
		<trkpt lat="35.127382" lon="128.721280">
			<ele>0.00</ele>
			<time>2020-01-16T23:05:10.37Z</time>
		</trkpt>
		<trkpt lat="35.127406" lon="128.721277">
			<ele>0.00</ele>
			<time>2020-01-16T23:05:10.53Z</time>
		</trkpt>
		<trkpt lat="35.127429" lon="128.721277">
			<ele>0.00</ele>
			<time>2020-01-16T23:05:10.68Z</time>
		</trkpt>
		<trkpt lat="35.127461" lon="128.721271">
			<ele>0.00</ele>
			<time>2020-01-16T23:05:10.90Z</time>
		</trkpt>
		<trkpt lat="35.127493" lon="128.721269">
			<ele>0.00</ele>
			<time>2020-01-16T23:05:11.11Z</time>
		</trkpt>
		<trkpt lat="35.127519" lon="128.721263">
			<ele>0.00</ele>
			<time>2020-01-16T23:05:11.28Z</time>
		</trkpt>
		<trkpt lat="35.127537" lon="128.721275">
			<ele>0.00</ele>
			<time>2020-01-16T23:05:11.42Z</time>
		</trkpt>
		<trkpt lat="35.127547" lon="128.721295">
			<ele>0.00</ele>
			<time>2020-01-16T23:05:11.55Z</time>
		</trkpt>
		<trkpt lat="35.127557" lon="128.721330">
			<ele>0.00</ele>
			<time>2020-01-16T23:05:11.75Z</time>
		</trkpt>
		<trkpt lat="35.127563" lon="128.721362">
			<ele>0.00</ele>
			<time>2020-01-16T23:05:11.93Z</time>
		</trkpt>
		<trkpt lat="35.127571" lon="128.721393">
			<ele>0.00</ele>
			<time>2020-01-16T23:05:12.11Z</time>
		</trkpt>
		<trkpt lat="35.127575" lon="128.721424">
			<ele>0.00</ele>
			<time>2020-01-16T23:05:12.28Z</time>
		</trkpt>
		<trkpt lat="35.127580" lon="128.721454">
			<ele>0.00</ele>
			<time>2020-01-16T23:05:12.45Z</time>
		</trkpt>
		<trkpt lat="35.127588" lon="128.721485">
			<ele>0.00</ele>
			<time>2020-01-16T23:05:12.62Z</time>
		</trkpt>
		<trkpt lat="35.127591" lon="128.721513">
			<ele>0.00</ele>
			<time>2020-01-16T23:05:12.77Z</time>
		</trkpt>
		<trkpt lat="35.127592" lon="128.721534">
			<ele>0.00</ele>
			<time>2020-01-16T23:05:12.89Z</time>
		</trkpt>
		<trkpt lat="35.127590" lon="128.721566">
			<ele>0.00</ele>
			<time>2020-01-16T23:05:13.06Z</time>
		</trkpt>
		<trkpt lat="35.127592" lon="128.721589">
			<ele>0.00</ele>
			<time>2020-01-16T23:05:13.19Z</time>
		</trkpt>
		<trkpt lat="35.127592" lon="128.721590">
			<ele>0.00</ele>
			<time>2020-01-16T23:05:13.25Z</time>
		</trkpt>
		<trkpt lat="35.127597" lon="128.721619">
			<ele>0.00</ele>
			<time>2020-01-16T23:05:13.41Z</time>
		</trkpt>
		<trkpt lat="35.127597" lon="128.721641">
			<ele>0.00</ele>
			<time>2020-01-16T23:05:13.53Z</time>
		</trkpt>
		<trkpt lat="35.127615" lon="128.721675">
			<ele>0.00</ele>
			<time>2020-01-16T23:05:13.75Z</time>
		</trkpt>
		<trkpt lat="35.127629" lon="128.721709">
			<ele>0.00</ele>
			<time>2020-01-16T23:05:13.96Z</time>
		</trkpt>
		<trkpt lat="35.127650" lon="128.721739">
			<ele>0.00</ele>
			<time>2020-01-16T23:05:14.17Z</time>
		</trkpt>
		<trkpt lat="35.127662" lon="128.721757">
			<ele>0.00</ele>
			<time>2020-01-16T23:05:14.30Z</time>
		</trkpt>
		<trkpt lat="35.127674" lon="128.721782">
			<ele>0.00</ele>
			<time>2020-01-16T23:05:14.46Z</time>
		</trkpt>
		<trkpt lat="35.127675" lon="128.721784">
			<ele>0.00</ele>
			<time>2020-01-16T23:05:14.52Z</time>
		</trkpt>
		<trkpt lat="35.127688" lon="128.721805">
			<ele>0.00</ele>
			<time>2020-01-16T23:05:14.67Z</time>
		</trkpt>
		<trkpt lat="35.127698" lon="128.721826">
			<ele>0.00</ele>
			<time>2020-01-16T23:05:14.80Z</time>
		</trkpt>
		<trkpt lat="35.127706" lon="128.721840">
			<ele>0.00</ele>
			<time>2020-01-16T23:05:14.89Z</time>
		</trkpt>
		<trkpt lat="35.127718" lon="128.721860">
			<ele>0.00</ele>
			<time>2020-01-16T23:05:15.02Z</time>
		</trkpt>
		<trkpt lat="35.127729" lon="128.721881">
			<ele>0.00</ele>
			<time>2020-01-16T23:05:15.16Z</time>
		</trkpt>
		<trkpt lat="35.127737" lon="128.721901">
			<ele>0.00</ele>
			<time>2020-01-16T23:05:15.28Z</time>
		</trkpt>
		<trkpt lat="35.127746" lon="128.721917">
			<ele>0.00</ele>
			<time>2020-01-16T23:05:15.39Z</time>
		</trkpt>
		<trkpt lat="35.127746" lon="128.721918">
			<ele>0.00</ele>
			<time>2020-01-16T23:05:15.45Z</time>
		</trkpt>
		<trkpt lat="35.127754" lon="128.721938">
			<ele>0.00</ele>
			<time>2020-01-16T23:05:15.57Z</time>
		</trkpt>
		<trkpt lat="35.127762" lon="128.721968">
			<ele>0.00</ele>
			<time>2020-01-16T23:05:15.74Z</time>
		</trkpt>
		<trkpt lat="35.127768" lon="128.721991">
			<ele>0.00</ele>
			<time>2020-01-16T23:05:15.87Z</time>
		</trkpt>
		<trkpt lat="35.127773" lon="128.722007">
			<ele>0.00</ele>
			<time>2020-01-16T23:05:15.97Z</time>
		</trkpt>
		<trkpt lat="35.127779" lon="128.722032">
			<ele>0.00</ele>
			<time>2020-01-16T23:05:16.11Z</time>
		</trkpt>
		<trkpt lat="35.127784" lon="128.722048">
			<ele>0.00</ele>
			<time>2020-01-16T23:05:16.20Z</time>
		</trkpt>
		<trkpt lat="35.127791" lon="128.722066">
			<ele>0.00</ele>
			<time>2020-01-16T23:05:16.32Z</time>
		</trkpt>
		<trkpt lat="35.127795" lon="128.722079">
			<ele>0.00</ele>
			<time>2020-01-16T23:05:16.39Z</time>
		</trkpt>
		<trkpt lat="35.127801" lon="128.722091">
			<ele>0.00</ele>
			<time>2020-01-16T23:05:16.46Z</time>
		</trkpt>
		<trkpt lat="35.127808" lon="128.722100">
			<ele>0.00</ele>
			<time>2020-01-16T23:05:16.53Z</time>
		</trkpt>
		<trkpt lat="35.127821" lon="128.722111">
			<ele>0.00</ele>
			<time>2020-01-16T23:05:16.64Z</time>
		</trkpt>
		<trkpt lat="35.127839" lon="128.722120">
			<ele>0.00</ele>
			<time>2020-01-16T23:05:16.77Z</time>
		</trkpt>
		<trkpt lat="35.127862" lon="128.722127">
			<ele>0.00</ele>
			<time>2020-01-16T23:05:16.92Z</time>
		</trkpt>
		<trkpt lat="35.127881" lon="128.722125">
			<ele>0.00</ele>
			<time>2020-01-16T23:05:17.05Z</time>
		</trkpt>
		<trkpt lat="35.127899" lon="128.722122">
			<ele>0.00</ele>
			<time>2020-01-16T23:05:17.18Z</time>
		</trkpt>
		<trkpt lat="35.127920" lon="128.722121">
			<ele>0.00</ele>
			<time>2020-01-16T23:05:17.31Z</time>
		</trkpt>
		<trkpt lat="35.127941" lon="128.722109">
			<ele>0.00</ele>
			<time>2020-01-16T23:05:17.47Z</time>
		</trkpt>
		<trkpt lat="35.127964" lon="128.722100">
			<ele>0.00</ele>
			<time>2020-01-16T23:05:17.63Z</time>
		</trkpt>
		<trkpt lat="35.127986" lon="128.722084">
			<ele>0.00</ele>
			<time>2020-01-16T23:05:17.80Z</time>
		</trkpt>
		<trkpt lat="35.128009" lon="128.722068">
			<ele>0.00</ele>
			<time>2020-01-16T23:05:17.98Z</time>
		</trkpt>
		<trkpt lat="35.128042" lon="128.722049">
			<ele>0.00</ele>
			<time>2020-01-16T23:05:18.22Z</time>
		</trkpt>
		<trkpt lat="35.128070" lon="128.722036">
			<ele>0.00</ele>
			<time>2020-01-16T23:05:18.42Z</time>
		</trkpt>
		<trkpt lat="35.128093" lon="128.722032">
			<ele>0.00</ele>
			<time>2020-01-16T23:05:18.57Z</time>
		</trkpt>
		<trkpt lat="35.128112" lon="128.722034">
			<ele>0.00</ele>
			<time>2020-01-16T23:05:18.71Z</time>
		</trkpt>
		<trkpt lat="35.128138" lon="128.722049">
			<ele>0.00</ele>
			<time>2020-01-16T23:05:18.90Z</time>
		</trkpt>
		<trkpt lat="35.128160" lon="128.722070">
			<ele>0.00</ele>
			<time>2020-01-16T23:05:19.08Z</time>
		</trkpt>
		<trkpt lat="35.128179" lon="128.722090">
			<ele>0.00</ele>
			<time>2020-01-16T23:05:19.25Z</time>
		</trkpt>
		<trkpt lat="35.128193" lon="128.722116">
			<ele>0.00</ele>
			<time>2020-01-16T23:05:19.42Z</time>
		</trkpt>
		<trkpt lat="35.128207" lon="128.722144">
			<ele>0.00</ele>
			<time>2020-01-16T23:05:19.60Z</time>
		</trkpt>
		<trkpt lat="35.128209" lon="128.722165">
			<ele>0.00</ele>
			<time>2020-01-16T23:05:19.71Z</time>
		</trkpt>
		<trkpt lat="35.128207" lon="128.722192">
			<ele>0.00</ele>
			<time>2020-01-16T23:05:19.86Z</time>
		</trkpt>
		<trkpt lat="35.128204" lon="128.722213">
			<ele>0.00</ele>
			<time>2020-01-16T23:05:19.98Z</time>
		</trkpt>
		<trkpt lat="35.128201" lon="128.722233">
			<ele>0.00</ele>
			<time>2020-01-16T23:05:20.09Z</time>
		</trkpt>
		<trkpt lat="35.128196" lon="128.722256">
			<ele>0.00</ele>
			<time>2020-01-16T23:05:20.22Z</time>
		</trkpt>
		<trkpt lat="35.128190" lon="128.722281">
			<ele>0.00</ele>
			<time>2020-01-16T23:05:20.36Z</time>
		</trkpt>
		<trkpt lat="35.128190" lon="128.722309">
			<ele>0.00</ele>
			<time>2020-01-16T23:05:20.52Z</time>
		</trkpt>
		<trkpt lat="35.128195" lon="128.722326">
			<ele>0.00</ele>
			<time>2020-01-16T23:05:20.61Z</time>
		</trkpt>
		<trkpt lat="35.128201" lon="128.722345">
			<ele>0.00</ele>
			<time>2020-01-16T23:05:20.72Z</time>
		</trkpt>
		<trkpt lat="35.128204" lon="128.722364">
			<ele>0.00</ele>
			<time>2020-01-16T23:05:20.83Z</time>
		</trkpt>
		<trkpt lat="35.128213" lon="128.722394">
			<ele>0.00</ele>
			<time>2020-01-16T23:05:21Z</time>
		</trkpt>
		<trkpt lat="35.128221" lon="128.722423">
			<ele>0.00</ele>
			<time>2020-01-16T23:05:21.17Z</time>
		</trkpt>
		<trkpt lat="35.128227" lon="128.722446">
			<ele>0.00</ele>
			<time>2020-01-16T23:05:21.30Z</time>
		</trkpt>
		<trkpt lat="35.128229" lon="128.722464">
			<ele>0.00</ele>
			<time>2020-01-16T23:05:21.40Z</time>
		</trkpt>
		<trkpt lat="35.128229" lon="128.722481">
			<ele>0.00</ele>
			<time>2020-01-16T23:05:21.49Z</time>
		</trkpt>
		<trkpt lat="35.128226" lon="128.722526">
			<ele>0.00</ele>
			<time>2020-01-16T23:05:21.74Z</time>
		</trkpt>
		<trkpt lat="35.128226" lon="128.722545">
			<ele>0.00</ele>
			<time>2020-01-16T23:05:21.84Z</time>
		</trkpt>
		<trkpt lat="35.128226" lon="128.722567">
			<ele>0.00</ele>
			<time>2020-01-16T23:05:21.96Z</time>
		</trkpt>
		<trkpt lat="35.128226" lon="128.722568">
			<ele>0.00</ele>
			<time>2020-01-16T23:05:22.02Z</time>
		</trkpt>
		<trkpt lat="35.128230" lon="128.722585">
			<ele>0.00</ele>
			<time>2020-01-16T23:05:22.12Z</time>
		</trkpt>
		<trkpt lat="35.128238" lon="128.722605">
			<ele>0.00</ele>
			<time>2020-01-16T23:05:22.23Z</time>
		</trkpt>
		<trkpt lat="35.128248" lon="128.722625">
			<ele>0.00</ele>
			<time>2020-01-16T23:05:22.37Z</time>
		</trkpt>
		<trkpt lat="35.128257" lon="128.722645">
			<ele>0.00</ele>
			<time>2020-01-16T23:05:22.49Z</time>
		</trkpt>
		<trkpt lat="35.128265" lon="128.722665">
			<ele>0.00</ele>
			<time>2020-01-16T23:05:22.61Z</time>
		</trkpt>
		<trkpt lat="35.128279" lon="128.722684">
			<ele>0.00</ele>
			<time>2020-01-16T23:05:22.75Z</time>
		</trkpt>
		<trkpt lat="35.128301" lon="128.722696">
			<ele>0.00</ele>
			<time>2020-01-16T23:05:22.91Z</time>
		</trkpt>
		<trkpt lat="35.128319" lon="128.722704">
			<ele>0.00</ele>
			<time>2020-01-16T23:05:23.03Z</time>
		</trkpt>
		<trkpt lat="35.128331" lon="128.722709">
			<ele>0.00</ele>
			<time>2020-01-16T23:05:23.12Z</time>
		</trkpt>
		<trkpt lat="35.128350" lon="128.722715">
			<ele>0.00</ele>
			<time>2020-01-16T23:05:23.25Z</time>
		</trkpt>
		<trkpt lat="35.128370" lon="128.722720">
			<ele>0.00</ele>
			<time>2020-01-16T23:05:23.39Z</time>
		</trkpt>
		<trkpt lat="35.128384" lon="128.722721">
			<ele>0.00</ele>
			<time>2020-01-16T23:05:23.48Z</time>
		</trkpt>
		<trkpt lat="35.128405" lon="128.722728">
			<ele>0.00</ele>
			<time>2020-01-16T23:05:23.63Z</time>
		</trkpt>
		<trkpt lat="35.128405" lon="128.722728">
			<ele>0.00</ele>
			<time>2020-01-16T23:05:23.69Z</time>
		</trkpt>
		<trkpt lat="35.128421" lon="128.722728">
			<ele>0.00</ele>
			<time>2020-01-16T23:05:23.80Z</time>
		</trkpt>
		<trkpt lat="35.128441" lon="128.722728">
			<ele>0.00</ele>
			<time>2020-01-16T23:05:23.93Z</time>
		</trkpt>
		<trkpt lat="35.128461" lon="128.722728">
			<ele>0.00</ele>
			<time>2020-01-16T23:05:24.06Z</time>
		</trkpt>
		<trkpt lat="35.128483" lon="128.722729">
			<ele>0.00</ele>
			<time>2020-01-16T23:05:24.21Z</time>
		</trkpt>
		<trkpt lat="35.128509" lon="128.722731">
			<ele>0.00</ele>
			<time>2020-01-16T23:05:24.38Z</time>
		</trkpt>
		<trkpt lat="35.128533" lon="128.722733">
			<ele>0.00</ele>
			<time>2020-01-16T23:05:24.54Z</time>
		</trkpt>
		<trkpt lat="35.128553" lon="128.722735">
			<ele>0.00</ele>
			<time>2020-01-16T23:05:24.68Z</time>
		</trkpt>
		<trkpt lat="35.128579" lon="128.722735">
			<ele>0.00</ele>
			<time>2020-01-16T23:05:24.85Z</time>
		</trkpt>
		<trkpt lat="35.128601" lon="128.722735">
			<ele>0.00</ele>
			<time>2020-01-16T23:05:24.99Z</time>
		</trkpt>
		<trkpt lat="35.128623" lon="128.722719">
			<ele>0.00</ele>
			<time>2020-01-16T23:05:25.17Z</time>
		</trkpt>
		<trkpt lat="35.128655" lon="128.722693">
			<ele>0.00</ele>
			<time>2020-01-16T23:05:25.42Z</time>
		</trkpt>
		<trkpt lat="35.128693" lon="128.722661">
			<ele>0.00</ele>
			<time>2020-01-16T23:05:25.73Z</time>
		</trkpt>
		<trkpt lat="35.128746" lon="128.722635">
			<ele>0.00</ele>
			<time>2020-01-16T23:05:26.11Z</time>
		</trkpt>
		<trkpt lat="35.128802" lon="128.722625">
			<ele>0.00</ele>
			<time>2020-01-16T23:05:26.49Z</time>
		</trkpt>
		<trkpt lat="35.128839" lon="128.722622">
			<ele>0.00</ele>
			<time>2020-01-16T23:05:26.74Z</time>
		</trkpt>
		<trkpt lat="35.128876" lon="128.722628">
			<ele>0.00</ele>
			<time>2020-01-16T23:05:26.98Z</time>
		</trkpt>
		<trkpt lat="35.128911" lon="128.722653">
			<ele>0.00</ele>
			<time>2020-01-16T23:05:27.26Z</time>
		</trkpt>
		<trkpt lat="35.128940" lon="128.722698">
			<ele>0.00</ele>
			<time>2020-01-16T23:05:27.57Z</time>
		</trkpt>
		<trkpt lat="35.128959" lon="128.722733">
			<ele>0.00</ele>
			<time>2020-01-16T23:05:27.80Z</time>
		</trkpt>
		<trkpt lat="35.128968" lon="128.722760">
			<ele>0.00</ele>
			<time>2020-01-16T23:05:27.95Z</time>
		</trkpt>
		<trkpt lat="35.128971" lon="128.722802">
			<ele>0.00</ele>
			<time>2020-01-16T23:05:28.19Z</time>
		</trkpt>
		<trkpt lat="35.128972" lon="128.722833">
			<ele>0.00</ele>
			<time>2020-01-16T23:05:28.36Z</time>
		</trkpt>
		<trkpt lat="35.128976" lon="128.722872">
			<ele>0.00</ele>
			<time>2020-01-16T23:05:28.57Z</time>
		</trkpt>
		<trkpt lat="35.128982" lon="128.722912">
			<ele>0.00</ele>
			<time>2020-01-16T23:05:28.79Z</time>
		</trkpt>
		<trkpt lat="35.128985" lon="128.722948">
			<ele>0.00</ele>
			<time>2020-01-16T23:05:28.99Z</time>
		</trkpt>
		<trkpt lat="35.128993" lon="128.723007">
			<ele>0.00</ele>
			<time>2020-01-16T23:05:29.31Z</time>
		</trkpt>
		<trkpt lat="35.128993" lon="128.723009">
			<ele>0.00</ele>
			<time>2020-01-16T23:05:29.37Z</time>
		</trkpt>
		<trkpt lat="35.129000" lon="128.723059">
			<ele>0.00</ele>
			<time>2020-01-16T23:05:29.65Z</time>
		</trkpt>
		<trkpt lat="35.129013" lon="128.723089">
			<ele>0.00</ele>
			<time>2020-01-16T23:05:29.83Z</time>
		</trkpt>
		<trkpt lat="35.129020" lon="128.723107">
			<ele>0.00</ele>
			<time>2020-01-16T23:05:29.94Z</time>
		</trkpt>
		<trkpt lat="35.129040" lon="128.723128">
			<ele>0.00</ele>
			<time>2020-01-16T23:05:30.12Z</time>
		</trkpt>
		<trkpt lat="35.129083" lon="128.723156">
			<ele>0.00</ele>
			<time>2020-01-16T23:05:30.44Z</time>
		</trkpt>
		<trkpt lat="35.129119" lon="128.723176">
			<ele>0.00</ele>
			<time>2020-01-16T23:05:30.71Z</time>
		</trkpt>
		<trkpt lat="35.129139" lon="128.723194">
			<ele>0.00</ele>
			<time>2020-01-16T23:05:30.88Z</time>
		</trkpt>
		<trkpt lat="35.129162" lon="128.723214">
			<ele>0.00</ele>
			<time>2020-01-16T23:05:31.06Z</time>
		</trkpt>
		<trkpt lat="35.129181" lon="128.723229">
			<ele>0.00</ele>
			<time>2020-01-16T23:05:31.21Z</time>
		</trkpt>
		<trkpt lat="35.129204" lon="128.723247">
			<ele>0.00</ele>
			<time>2020-01-16T23:05:31.39Z</time>
		</trkpt>
		<trkpt lat="35.129227" lon="128.723260">
			<ele>0.00</ele>
			<time>2020-01-16T23:05:31.56Z</time>
		</trkpt>
		<trkpt lat="35.129256" lon="128.723263">
			<ele>0.00</ele>
			<time>2020-01-16T23:05:31.76Z</time>
		</trkpt>
		<trkpt lat="35.129285" lon="128.723239">
			<ele>0.00</ele>
			<time>2020-01-16T23:05:31.99Z</time>
		</trkpt>
		<trkpt lat="35.129299" lon="128.723211">
			<ele>0.00</ele>
			<time>2020-01-16T23:05:32.17Z</time>
		</trkpt>
		<trkpt lat="35.129330" lon="128.723171">
			<ele>0.00</ele>
			<time>2020-01-16T23:05:32.47Z</time>
		</trkpt>
		<trkpt lat="35.129364" lon="128.723137">
			<ele>0.00</ele>
			<time>2020-01-16T23:05:32.76Z</time>
		</trkpt>
		<trkpt lat="35.129394" lon="128.723121">
			<ele>0.00</ele>
			<time>2020-01-16T23:05:32.98Z</time>
		</trkpt>
		<trkpt lat="35.129439" lon="128.723106">
			<ele>0.00</ele>
			<time>2020-01-16T23:05:33.29Z</time>
		</trkpt>
		<trkpt lat="35.129486" lon="128.723099">
			<ele>0.00</ele>
			<time>2020-01-16T23:05:33.61Z</time>
		</trkpt>
		<trkpt lat="35.129527" lon="128.723101">
			<ele>0.00</ele>
			<time>2020-01-16T23:05:33.88Z</time>
		</trkpt>
		<trkpt lat="35.129561" lon="128.723107">
			<ele>0.00</ele>
			<time>2020-01-16T23:05:34.11Z</time>
		</trkpt>
		<trkpt lat="35.129595" lon="128.723121">
			<ele>0.00</ele>
			<time>2020-01-16T23:05:34.35Z</time>
		</trkpt>
		<trkpt lat="35.129622" lon="128.723135">
			<ele>0.00</ele>
			<time>2020-01-16T23:05:34.55Z</time>
		</trkpt>
		<trkpt lat="35.129651" lon="128.723151">
			<ele>0.00</ele>
			<time>2020-01-16T23:05:34.76Z</time>
		</trkpt>
		<trkpt lat="35.129679" lon="128.723177">
			<ele>0.00</ele>
			<time>2020-01-16T23:05:34.99Z</time>
		</trkpt>
		<trkpt lat="35.129706" lon="128.723199">
			<ele>0.00</ele>
			<time>2020-01-16T23:05:35.21Z</time>
		</trkpt>
		<trkpt lat="35.129731" lon="128.723218">
			<ele>0.00</ele>
			<time>2020-01-16T23:05:35.41Z</time>
		</trkpt>
		<trkpt lat="35.129753" lon="128.723241">
			<ele>0.00</ele>
			<time>2020-01-16T23:05:35.60Z</time>
		</trkpt>
		<trkpt lat="35.129771" lon="128.723274">
			<ele>0.00</ele>
			<time>2020-01-16T23:05:35.81Z</time>
		</trkpt>
		<trkpt lat="35.129785" lon="128.723312">
			<ele>0.00</ele>
			<time>2020-01-16T23:05:36.04Z</time>
		</trkpt>
		<trkpt lat="35.129796" lon="128.723346">
			<ele>0.00</ele>
			<time>2020-01-16T23:05:36.24Z</time>
		</trkpt>
		<trkpt lat="35.129803" lon="128.723396">
			<ele>0.00</ele>
			<time>2020-01-16T23:05:36.52Z</time>
		</trkpt>
		<trkpt lat="35.129803" lon="128.723428">
			<ele>0.00</ele>
			<time>2020-01-16T23:05:36.69Z</time>
		</trkpt>
		<trkpt lat="35.129815" lon="128.723467">
			<ele>0.00</ele>
			<time>2020-01-16T23:05:36.92Z</time>
		</trkpt>
		<trkpt lat="35.129825" lon="128.723484">
			<ele>0.00</ele>
			<time>2020-01-16T23:05:37.03Z</time>
		</trkpt>
		<trkpt lat="35.129842" lon="128.723509">
			<ele>0.00</ele>
			<time>2020-01-16T23:05:37.21Z</time>
		</trkpt>
		<trkpt lat="35.129856" lon="128.723537">
			<ele>0.00</ele>
			<time>2020-01-16T23:05:37.39Z</time>
		</trkpt>
		<trkpt lat="35.129874" lon="128.723558">
			<ele>0.00</ele>
			<time>2020-01-16T23:05:37.55Z</time>
		</trkpt>
		<trkpt lat="35.129895" lon="128.723578">
			<ele>0.00</ele>
			<time>2020-01-16T23:05:37.73Z</time>
		</trkpt>
		<trkpt lat="35.129920" lon="128.723594">
			<ele>0.00</ele>
			<time>2020-01-16T23:05:37.92Z</time>
		</trkpt>
		<trkpt lat="35.129950" lon="128.723606">
			<ele>0.00</ele>
			<time>2020-01-16T23:05:38.13Z</time>
		</trkpt>
		<trkpt lat="35.129983" lon="128.723607">
			<ele>0.00</ele>
			<time>2020-01-16T23:05:38.35Z</time>
		</trkpt>
		<trkpt lat="35.130018" lon="128.723608">
			<ele>0.00</ele>
			<time>2020-01-16T23:05:38.58Z</time>
		</trkpt>
		<trkpt lat="35.130045" lon="128.723609">
			<ele>0.00</ele>
			<time>2020-01-16T23:05:38.77Z</time>
		</trkpt>
		<trkpt lat="35.130078" lon="128.723615">
			<ele>0.00</ele>
			<time>2020-01-16T23:05:38.98Z</time>
		</trkpt>
		<trkpt lat="35.130116" lon="128.723624">
			<ele>0.00</ele>
			<time>2020-01-16T23:05:39.25Z</time>
		</trkpt>
		<trkpt lat="35.130141" lon="128.723626">
			<ele>0.00</ele>
			<time>2020-01-16T23:05:39.41Z</time>
		</trkpt>
		<trkpt lat="35.130164" lon="128.723631">
			<ele>0.00</ele>
			<time>2020-01-16T23:05:39.57Z</time>
		</trkpt>
		<trkpt lat="35.130194" lon="128.723631">
			<ele>0.00</ele>
			<time>2020-01-16T23:05:39.77Z</time>
		</trkpt>
		<trkpt lat="35.130226" lon="128.723628">
			<ele>0.00</ele>
			<time>2020-01-16T23:05:39.98Z</time>
		</trkpt>
		<trkpt lat="35.130254" lon="128.723630">
			<ele>0.00</ele>
			<time>2020-01-16T23:05:40.17Z</time>
		</trkpt>
		<trkpt lat="35.130293" lon="128.723643">
			<ele>0.00</ele>
			<time>2020-01-16T23:05:40.44Z</time>
		</trkpt>
		<trkpt lat="35.130328" lon="128.723663">
			<ele>0.00</ele>
			<time>2020-01-16T23:05:40.69Z</time>
		</trkpt>
		<trkpt lat="35.130350" lon="128.723681">
			<ele>0.00</ele>
			<time>2020-01-16T23:05:40.87Z</time>
		</trkpt>
		<trkpt lat="35.130369" lon="128.723712">
			<ele>0.00</ele>
			<time>2020-01-16T23:05:41.08Z</time>
		</trkpt>
		<trkpt lat="35.130388" lon="128.723750">
			<ele>0.00</ele>
			<time>2020-01-16T23:05:41.32Z</time>
		</trkpt>
		<trkpt lat="35.130406" lon="128.723794">
			<ele>0.00</ele>
			<time>2020-01-16T23:05:41.59Z</time>
		</trkpt>
		<trkpt lat="35.130422" lon="128.723830">
			<ele>0.00</ele>
			<time>2020-01-16T23:05:41.82Z</time>
		</trkpt>
		<trkpt lat="35.130436" lon="128.723861">
			<ele>0.00</ele>
			<time>2020-01-16T23:05:42.01Z</time>
		</trkpt>
		<trkpt lat="35.130446" lon="128.723890">
			<ele>0.00</ele>
			<time>2020-01-16T23:05:42.18Z</time>
		</trkpt>
		<trkpt lat="35.130461" lon="128.723921">
			<ele>0.00</ele>
			<time>2020-01-16T23:05:42.38Z</time>
		</trkpt>
		<trkpt lat="35.130476" lon="128.723960">
			<ele>0.00</ele>
			<time>2020-01-16T23:05:42.61Z</time>
		</trkpt>
		<trkpt lat="35.130489" lon="128.723995">
			<ele>0.00</ele>
			<time>2020-01-16T23:05:42.82Z</time>
		</trkpt>
		<trkpt lat="35.130502" lon="128.724016">
			<ele>0.00</ele>
			<time>2020-01-16T23:05:42.96Z</time>
		</trkpt>
		<trkpt lat="35.130532" lon="128.724039">
			<ele>0.00</ele>
			<time>2020-01-16T23:05:43.20Z</time>
		</trkpt>
		<trkpt lat="35.130562" lon="128.724052">
			<ele>0.00</ele>
			<time>2020-01-16T23:05:43.41Z</time>
		</trkpt>
		<trkpt lat="35.130585" lon="128.724058">
			<ele>0.00</ele>
			<time>2020-01-16T23:05:43.57Z</time>
		</trkpt>
		<trkpt lat="35.130617" lon="128.724057">
			<ele>0.00</ele>
			<time>2020-01-16T23:05:43.79Z</time>
		</trkpt>
		<trkpt lat="35.130647" lon="128.724050">
			<ele>0.00</ele>
			<time>2020-01-16T23:05:43.99Z</time>
		</trkpt>
		<trkpt lat="35.130673" lon="128.724044">
			<ele>0.00</ele>
			<time>2020-01-16T23:05:44.16Z</time>
		</trkpt>
		<trkpt lat="35.130698" lon="128.724028">
			<ele>0.00</ele>
			<time>2020-01-16T23:05:44.35Z</time>
		</trkpt>
		<trkpt lat="35.130716" lon="128.723993">
			<ele>0.00</ele>
			<time>2020-01-16T23:05:44.58Z</time>
		</trkpt>
		<trkpt lat="35.130741" lon="128.723971">
			<ele>0.00</ele>
			<time>2020-01-16T23:05:44.78Z</time>
		</trkpt>
		<trkpt lat="35.130768" lon="128.723954">
			<ele>0.00</ele>
			<time>2020-01-16T23:05:44.99Z</time>
		</trkpt>
		<trkpt lat="35.130799" lon="128.723934">
			<ele>0.00</ele>
			<time>2020-01-16T23:05:45.22Z</time>
		</trkpt>
		<trkpt lat="35.130830" lon="128.723924">
			<ele>0.00</ele>
			<time>2020-01-16T23:05:45.43Z</time>
		</trkpt>
		<trkpt lat="35.130854" lon="128.723907">
			<ele>0.00</ele>
			<time>2020-01-16T23:05:45.62Z</time>
		</trkpt>
		<trkpt lat="35.130876" lon="128.723882">
			<ele>0.00</ele>
			<time>2020-01-16T23:05:45.82Z</time>
		</trkpt>
		<trkpt lat="35.130885" lon="128.723857">
			<ele>0.00</ele>
			<time>2020-01-16T23:05:45.97Z</time>
		</trkpt>
		<trkpt lat="35.130891" lon="128.723822">
			<ele>0.00</ele>
			<time>2020-01-16T23:05:46.16Z</time>
		</trkpt>
		<trkpt lat="35.130891" lon="128.723820">
			<ele>0.00</ele>
			<time>2020-01-16T23:05:46.22Z</time>
		</trkpt>
		<trkpt lat="35.130902" lon="128.723784">
			<ele>0.00</ele>
			<time>2020-01-16T23:05:46.43Z</time>
		</trkpt>
		<trkpt lat="35.130919" lon="128.723746">
			<ele>0.00</ele>
			<time>2020-01-16T23:05:46.67Z</time>
		</trkpt>
		<trkpt lat="35.130932" lon="128.723721">
			<ele>0.00</ele>
			<time>2020-01-16T23:05:46.83Z</time>
		</trkpt>
		<trkpt lat="35.130950" lon="128.723665">
			<ele>0.00</ele>
			<time>2020-01-16T23:05:47.16Z</time>
		</trkpt>
		<trkpt lat="35.130950" lon="128.723662">
			<ele>0.00</ele>
			<time>2020-01-16T23:05:47.22Z</time>
		</trkpt>
		<trkpt lat="35.130960" lon="128.723605">
			<ele>0.00</ele>
			<time>2020-01-16T23:05:47.53Z</time>
		</trkpt>
		<trkpt lat="35.130971" lon="128.723552">
			<ele>0.00</ele>
			<time>2020-01-16T23:05:47.83Z</time>
		</trkpt>
		<trkpt lat="35.130973" lon="128.723502">
			<ele>0.00</ele>
			<time>2020-01-16T23:05:48.11Z</time>
		</trkpt>
		<trkpt lat="35.130977" lon="128.723428">
			<ele>0.00</ele>
			<time>2020-01-16T23:05:48.51Z</time>
		</trkpt>
		<trkpt lat="35.130993" lon="128.723340">
			<ele>0.00</ele>
			<time>2020-01-16T23:05:49Z</time>
		</trkpt>
		<trkpt lat="35.131009" lon="128.723268">
			<ele>0.00</ele>
			<time>2020-01-16T23:05:49.41Z</time>
		</trkpt>
		<trkpt lat="35.131028" lon="128.723229">
			<ele>0.00</ele>
			<time>2020-01-16T23:05:49.66Z</time>
		</trkpt>
		<trkpt lat="35.131051" lon="128.723196">
			<ele>0.00</ele>
			<time>2020-01-16T23:05:49.90Z</time>
		</trkpt>
		<trkpt lat="35.131111" lon="128.723156">
			<ele>0.00</ele>
			<time>2020-01-16T23:05:50.35Z</time>
		</trkpt>
		<trkpt lat="35.131144" lon="128.723143">
			<ele>0.00</ele>
			<time>2020-01-16T23:05:50.58Z</time>
		</trkpt>
		<trkpt lat="35.131176" lon="128.723113">
			<ele>0.00</ele>
			<time>2020-01-16T23:05:50.85Z</time>
		</trkpt>
		<trkpt lat="35.131223" lon="128.723083">
			<ele>0.00</ele>
			<time>2020-01-16T23:05:51.20Z</time>
		</trkpt>
		<trkpt lat="35.131239" lon="128.723069">
			<ele>0.00</ele>
			<time>2020-01-16T23:05:51.33Z</time>
		</trkpt>
		<trkpt lat="35.131270" lon="128.723031">
			<ele>0.00</ele>
			<time>2020-01-16T23:05:51.63Z</time>
		</trkpt>
		<trkpt lat="35.131298" lon="128.722994">
			<ele>0.00</ele>
			<time>2020-01-16T23:05:51.90Z</time>
		</trkpt>
		<trkpt lat="35.131327" lon="128.722945">
			<ele>0.00</ele>
			<time>2020-01-16T23:05:52.23Z</time>
		</trkpt>
		<trkpt lat="35.131355" lon="128.722890">
			<ele>0.00</ele>
			<time>2020-01-16T23:05:52.58Z</time>
		</trkpt>
		<trkpt lat="35.131388" lon="128.722852">
			<ele>0.00</ele>
			<time>2020-01-16T23:05:52.89Z</time>
		</trkpt>
		<trkpt lat="35.131412" lon="128.722809">
			<ele>0.00</ele>
			<time>2020-01-16T23:05:53.17Z</time>
		</trkpt>
		<trkpt lat="35.131432" lon="128.722765">
			<ele>0.00</ele>
			<time>2020-01-16T23:05:53.45Z</time>
		</trkpt>
		<trkpt lat="35.131442" lon="128.722698">
			<ele>0.00</ele>
			<time>2020-01-16T23:05:53.82Z</time>
		</trkpt>
		<trkpt lat="35.131446" lon="128.722652">
			<ele>0.00</ele>
			<time>2020-01-16T23:05:54.07Z</time>
		</trkpt>
		<trkpt lat="35.131439" lon="128.722651">
			<ele>0.00</ele>
			<time>2020-01-16T23:05:54.13Z</time>
		</trkpt>
		<trkpt lat="35.131450" lon="128.722601">
			<ele>0.00</ele>
			<time>2020-01-16T23:05:54.41Z</time>
		</trkpt>
		<trkpt lat="35.131453" lon="128.722548">
			<ele>0.00</ele>
			<time>2020-01-16T23:05:54.70Z</time>
		</trkpt>
		<trkpt lat="35.131456" lon="128.722501">
			<ele>0.00</ele>
			<time>2020-01-16T23:05:54.95Z</time>
		</trkpt>
		<trkpt lat="35.131468" lon="128.722452">
			<ele>0.00</ele>
			<time>2020-01-16T23:05:55.24Z</time>
		</trkpt>
		<trkpt lat="35.131481" lon="128.722414">
			<ele>0.00</ele>
			<time>2020-01-16T23:05:55.46Z</time>
		</trkpt>
		<trkpt lat="35.131494" lon="128.722373">
			<ele>0.00</ele>
			<time>2020-01-16T23:05:55.70Z</time>
		</trkpt>
		<trkpt lat="35.131506" lon="128.722339">
			<ele>0.00</ele>
			<time>2020-01-16T23:05:55.90Z</time>
		</trkpt>
		<trkpt lat="35.131536" lon="128.722312">
			<ele>0.00</ele>
			<time>2020-01-16T23:05:56.15Z</time>
		</trkpt>
		<trkpt lat="35.131580" lon="128.722294">
			<ele>0.00</ele>
			<time>2020-01-16T23:05:56.46Z</time>
		</trkpt>
		<trkpt lat="35.131622" lon="128.722323">
			<ele>0.00</ele>
			<time>2020-01-16T23:05:56.78Z</time>
		</trkpt>
		<trkpt lat="35.131648" lon="128.722365">
			<ele>0.00</ele>
			<time>2020-01-16T23:05:57.07Z</time>
		</trkpt>
		<trkpt lat="35.131673" lon="128.722402">
			<ele>0.00</ele>
			<time>2020-01-16T23:05:57.33Z</time>
		</trkpt>
		<trkpt lat="35.131692" lon="128.722464">
			<ele>0.00</ele>
			<time>2020-01-16T23:05:57.69Z</time>
		</trkpt>
		<trkpt lat="35.131722" lon="128.722523">
			<ele>0.00</ele>
			<time>2020-01-16T23:05:58.07Z</time>
		</trkpt>
		<trkpt lat="35.131736" lon="128.722556">
			<ele>0.00</ele>
			<time>2020-01-16T23:05:58.27Z</time>
		</trkpt>
		<trkpt lat="35.131759" lon="128.722587">
			<ele>0.00</ele>
			<time>2020-01-16T23:05:58.50Z</time>
		</trkpt>
		<trkpt lat="35.131778" lon="128.722626">
			<ele>0.00</ele>
			<time>2020-01-16T23:05:58.74Z</time>
		</trkpt>
		<trkpt lat="35.131799" lon="128.722667">
			<ele>0.00</ele>
			<time>2020-01-16T23:05:59.01Z</time>
		</trkpt>
		<trkpt lat="35.131822" lon="128.722712">
			<ele>0.00</ele>
			<time>2020-01-16T23:05:59.30Z</time>
		</trkpt>
		<trkpt lat="35.131842" lon="128.722763">
			<ele>0.00</ele>
			<time>2020-01-16T23:05:59.61Z</time>
		</trkpt>
		<trkpt lat="35.131850" lon="128.722821">
			<ele>0.00</ele>
			<time>2020-01-16T23:05:59.93Z</time>
		</trkpt>
		<trkpt lat="35.131859" lon="128.722874">
			<ele>0.00</ele>
			<time>2020-01-16T23:06:00.22Z</time>
		</trkpt>
		<trkpt lat="35.131858" lon="128.722925">
			<ele>0.00</ele>
			<time>2020-01-16T23:06:00.50Z</time>
		</trkpt>
		<trkpt lat="35.131861" lon="128.722995">
			<ele>0.00</ele>
			<time>2020-01-16T23:06:00.88Z</time>
		</trkpt>
		<trkpt lat="35.131868" lon="128.723029">
			<ele>0.00</ele>
			<time>2020-01-16T23:06:01.08Z</time>
		</trkpt>
		<trkpt lat="35.131910" lon="128.723052">
			<ele>0.00</ele>
			<time>2020-01-16T23:06:01.38Z</time>
		</trkpt>
		<trkpt lat="35.131956" lon="128.723069">
			<ele>0.00</ele>
			<time>2020-01-16T23:06:01.70Z</time>
		</trkpt>
		<trkpt lat="35.131996" lon="128.723078">
			<ele>0.00</ele>
			<time>2020-01-16T23:06:01.98Z</time>
		</trkpt>
		<trkpt lat="35.132031" lon="128.723098">
			<ele>0.00</ele>
			<time>2020-01-16T23:06:02.23Z</time>
		</trkpt>
		<trkpt lat="35.132074" lon="128.723130">
			<ele>0.00</ele>
			<time>2020-01-16T23:06:02.56Z</time>
		</trkpt>
		<trkpt lat="35.132117" lon="128.723168">
			<ele>0.00</ele>
			<time>2020-01-16T23:06:02.92Z</time>
		</trkpt>
		<trkpt lat="35.132135" lon="128.723204">
			<ele>0.00</ele>
			<time>2020-01-16T23:06:03.15Z</time>
		</trkpt>
		<trkpt lat="35.132159" lon="128.723260">
			<ele>0.00</ele>
			<time>2020-01-16T23:06:03.50Z</time>
		</trkpt>
		<trkpt lat="35.132176" lon="128.723310">
			<ele>0.00</ele>
			<time>2020-01-16T23:06:03.79Z</time>
		</trkpt>
		<trkpt lat="35.132187" lon="128.723362">
			<ele>0.00</ele>
			<time>2020-01-16T23:06:04.08Z</time>
		</trkpt>
		<trkpt lat="35.132202" lon="128.723413">
			<ele>0.00</ele>
			<time>2020-01-16T23:06:04.38Z</time>
		</trkpt>
		<trkpt lat="35.132225" lon="128.723466">
			<ele>0.00</ele>
			<time>2020-01-16T23:06:04.71Z</time>
		</trkpt>
		<trkpt lat="35.132249" lon="128.723510">
			<ele>0.00</ele>
			<time>2020-01-16T23:06:05Z</time>
		</trkpt>
		<trkpt lat="35.132283" lon="128.723558">
			<ele>0.00</ele>
			<time>2020-01-16T23:06:05.35Z</time>
		</trkpt>
		<trkpt lat="35.132312" lon="128.723584">
			<ele>0.00</ele>
			<time>2020-01-16T23:06:05.58Z</time>
		</trkpt>
		<trkpt lat="35.132358" lon="128.723599">
			<ele>0.00</ele>
			<time>2020-01-16T23:06:05.90Z</time>
		</trkpt>
		<trkpt lat="35.132404" lon="128.723598">
			<ele>0.00</ele>
			<time>2020-01-16T23:06:06.20Z</time>
		</trkpt>
		<trkpt lat="35.132449" lon="128.723598">
			<ele>0.00</ele>
			<time>2020-01-16T23:06:06.50Z</time>
		</trkpt>
		<trkpt lat="35.132482" lon="128.723594">
			<ele>0.00</ele>
			<time>2020-01-16T23:06:06.72Z</time>
		</trkpt>
		<trkpt lat="35.132518" lon="128.723589">
			<ele>0.00</ele>
			<time>2020-01-16T23:06:06.97Z</time>
		</trkpt>
		<trkpt lat="35.132551" lon="128.723580">
			<ele>0.00</ele>
			<time>2020-01-16T23:06:07.19Z</time>
		</trkpt>
		<trkpt lat="35.132588" lon="128.723565">
			<ele>0.00</ele>
			<time>2020-01-16T23:06:07.45Z</time>
		</trkpt>
		<trkpt lat="35.132622" lon="128.723571">
			<ele>0.00</ele>
			<time>2020-01-16T23:06:07.69Z</time>
		</trkpt>
		<trkpt lat="35.132666" lon="128.723577">
			<ele>0.00</ele>
			<time>2020-01-16T23:06:07.98Z</time>
		</trkpt>
		<trkpt lat="35.132715" lon="128.723574">
			<ele>0.00</ele>
			<time>2020-01-16T23:06:08.31Z</time>
		</trkpt>
		<trkpt lat="35.132760" lon="128.723517">
			<ele>0.00</ele>
			<time>2020-01-16T23:06:08.74Z</time>
		</trkpt>
		<trkpt lat="35.132785" lon="128.723483">
			<ele>0.00</ele>
			<time>2020-01-16T23:06:08.99Z</time>
		</trkpt>
		<trkpt lat="35.132807" lon="128.723454">
			<ele>0.00</ele>
			<time>2020-01-16T23:06:09.20Z</time>
		</trkpt>
		<trkpt lat="35.132818" lon="128.723397">
			<ele>0.00</ele>
			<time>2020-01-16T23:06:09.52Z</time>
		</trkpt>
		<trkpt lat="35.132817" lon="128.723365">
			<ele>0.00</ele>
			<time>2020-01-16T23:06:09.69Z</time>
		</trkpt>
		<trkpt lat="35.132821" lon="128.723330">
			<ele>0.00</ele>
			<time>2020-01-16T23:06:09.88Z</time>
		</trkpt>
		<trkpt lat="35.132839" lon="128.723273">
			<ele>0.00</ele>
			<time>2020-01-16T23:06:10.22Z</time>
		</trkpt>
		<trkpt lat="35.132862" lon="128.723238">
			<ele>0.00</ele>
			<time>2020-01-16T23:06:10.46Z</time>
		</trkpt>
		<trkpt lat="35.132883" lon="128.723195">
			<ele>0.00</ele>
			<time>2020-01-16T23:06:10.74Z</time>
		</trkpt>
		<trkpt lat="35.132922" lon="128.723158">
			<ele>0.00</ele>
			<time>2020-01-16T23:06:11.07Z</time>
		</trkpt>
		<trkpt lat="35.132952" lon="128.723126">
			<ele>0.00</ele>
			<time>2020-01-16T23:06:11.33Z</time>
		</trkpt>
		<trkpt lat="35.132983" lon="128.723093">
			<ele>0.00</ele>
			<time>2020-01-16T23:06:11.61Z</time>
		</trkpt>
		<trkpt lat="35.133012" lon="128.723048">
			<ele>0.00</ele>
			<time>2020-01-16T23:06:11.92Z</time>
		</trkpt>
		<trkpt lat="35.133049" lon="128.723002">
			<ele>0.00</ele>
			<time>2020-01-16T23:06:12.27Z</time>
		</trkpt>
		<trkpt lat="35.133086" lon="128.722957">
			<ele>0.00</ele>
			<time>2020-01-16T23:06:12.62Z</time>
		</trkpt>
		<trkpt lat="35.133106" lon="128.722942">
			<ele>0.00</ele>
			<time>2020-01-16T23:06:12.77Z</time>
		</trkpt>
		<trkpt lat="35.133136" lon="128.722906">
			<ele>0.00</ele>
			<time>2020-01-16T23:06:13.05Z</time>
		</trkpt>
		<trkpt lat="35.133174" lon="128.722883">
			<ele>0.00</ele>
			<time>2020-01-16T23:06:13.34Z</time>
		</trkpt>
		<trkpt lat="35.133222" lon="128.722887">
			<ele>0.00</ele>
			<time>2020-01-16T23:06:13.65Z</time>
		</trkpt>
		<trkpt lat="35.133274" lon="128.722917">
			<ele>0.00</ele>
			<time>2020-01-16T23:06:14.04Z</time>
		</trkpt>
		<trkpt lat="35.133324" lon="128.722958">
			<ele>0.00</ele>
			<time>2020-01-16T23:06:14.44Z</time>
		</trkpt>
		<trkpt lat="35.133373" lon="128.723009">
			<ele>0.00</ele>
			<time>2020-01-16T23:06:14.87Z</time>
		</trkpt>
		<trkpt lat="35.133420" lon="128.723057">
			<ele>0.00</ele>
			<time>2020-01-16T23:06:15.28Z</time>
		</trkpt>
		<trkpt lat="35.133456" lon="128.723105">
			<ele>0.00</ele>
			<time>2020-01-16T23:06:15.64Z</time>
		</trkpt>
		<trkpt lat="35.133491" lon="128.723149">
			<ele>0.00</ele>
			<time>2020-01-16T23:06:15.97Z</time>
		</trkpt>
		<trkpt lat="35.133524" lon="128.723183">
			<ele>0.00</ele>
			<time>2020-01-16T23:06:16.26Z</time>
		</trkpt>
		<trkpt lat="35.133581" lon="128.723221">
			<ele>0.00</ele>
			<time>2020-01-16T23:06:16.69Z</time>
		</trkpt>
		<trkpt lat="35.133639" lon="128.723248">
			<ele>0.00</ele>
			<time>2020-01-16T23:06:17.11Z</time>
		</trkpt>
		<trkpt lat="35.133707" lon="128.723272">
			<ele>0.00</ele>
			<time>2020-01-16T23:06:17.58Z</time>
		</trkpt>
		<trkpt lat="35.133748" lon="128.723284">
			<ele>0.00</ele>
			<time>2020-01-16T23:06:17.86Z</time>
		</trkpt>
		<trkpt lat="35.133810" lon="128.723275">
			<ele>0.00</ele>
			<time>2020-01-16T23:06:18.27Z</time>
		</trkpt>
		<trkpt lat="35.133871" lon="128.723261">
			<ele>0.00</ele>
			<time>2020-01-16T23:06:18.69Z</time>
		</trkpt>
		<trkpt lat="35.133893" lon="128.723245">
			<ele>0.00</ele>
			<time>2020-01-16T23:06:18.86Z</time>
		</trkpt>
		<trkpt lat="35.133943" lon="128.723230">
			<ele>0.00</ele>
			<time>2020-01-16T23:06:19.20Z</time>
		</trkpt>
		<trkpt lat="35.134012" lon="128.723233">
			<ele>0.00</ele>
			<time>2020-01-16T23:06:19.66Z</time>
		</trkpt>
		<trkpt lat="35.134059" lon="128.723246">
			<ele>0.00</ele>
			<time>2020-01-16T23:06:19.98Z</time>
		</trkpt>
		<trkpt lat="35.134104" lon="128.723260">
			<ele>0.00</ele>
			<time>2020-01-16T23:06:20.30Z</time>
		</trkpt>
		<trkpt lat="35.134146" lon="128.723278">
			<ele>0.00</ele>
			<time>2020-01-16T23:06:20.59Z</time>
		</trkpt>
		<trkpt lat="35.134195" lon="128.723293">
			<ele>0.00</ele>
			<time>2020-01-16T23:06:20.92Z</time>
		</trkpt>
		<trkpt lat="35.134240" lon="128.723296">
			<ele>0.00</ele>
			<time>2020-01-16T23:06:21.22Z</time>
		</trkpt>
		<trkpt lat="35.134274" lon="128.723295">
			<ele>0.00</ele>
			<time>2020-01-16T23:06:21.45Z</time>
		</trkpt>
		<trkpt lat="35.134312" lon="128.723295">
			<ele>0.00</ele>
			<time>2020-01-16T23:06:21.70Z</time>
		</trkpt>
		<trkpt lat="35.134360" lon="128.723285">
			<ele>0.00</ele>
			<time>2020-01-16T23:06:22.03Z</time>
		</trkpt>
		<trkpt lat="35.134397" lon="128.723274">
			<ele>0.00</ele>
			<time>2020-01-16T23:06:22.28Z</time>
		</trkpt>
		<trkpt lat="35.134445" lon="128.723248">
			<ele>0.00</ele>
			<time>2020-01-16T23:06:22.63Z</time>
		</trkpt>
		<trkpt lat="35.134474" lon="128.723221">
			<ele>0.00</ele>
			<time>2020-01-16T23:06:22.88Z</time>
		</trkpt>
		<trkpt lat="35.134497" lon="128.723197">
			<ele>0.00</ele>
			<time>2020-01-16T23:06:23.08Z</time>
		</trkpt>
		<trkpt lat="35.134546" lon="128.723174">
			<ele>0.00</ele>
			<time>2020-01-16T23:06:23.43Z</time>
		</trkpt>
		<trkpt lat="35.134584" lon="128.723160">
			<ele>0.00</ele>
			<time>2020-01-16T23:06:23.70Z</time>
		</trkpt>
		<trkpt lat="35.134643" lon="128.723140">
			<ele>0.00</ele>
			<time>2020-01-16T23:06:24.10Z</time>
		</trkpt>
		<trkpt lat="35.134700" lon="128.723136">
			<ele>0.00</ele>
			<time>2020-01-16T23:06:24.48Z</time>
		</trkpt>
		<trkpt lat="35.134742" lon="128.723118">
			<ele>0.00</ele>
			<time>2020-01-16T23:06:24.78Z</time>
		</trkpt>
		<trkpt lat="35.134791" lon="128.723097">
			<ele>0.00</ele>
			<time>2020-01-16T23:06:25.12Z</time>
		</trkpt>
		<trkpt lat="35.134835" lon="128.723086">
			<ele>0.00</ele>
			<time>2020-01-16T23:06:25.43Z</time>
		</trkpt>
		<trkpt lat="35.134883" lon="128.723082">
			<ele>0.00</ele>
			<time>2020-01-16T23:06:25.74Z</time>
		</trkpt>
		<trkpt lat="35.134931" lon="128.723042">
			<ele>0.00</ele>
			<time>2020-01-16T23:06:26.13Z</time>
		</trkpt>
		<trkpt lat="35.134972" lon="128.722994">
			<ele>0.00</ele>
			<time>2020-01-16T23:06:26.51Z</time>
		</trkpt>
		<trkpt lat="35.135017" lon="128.722932">
			<ele>0.00</ele>
			<time>2020-01-16T23:06:26.96Z</time>
		</trkpt>
		<trkpt lat="35.135046" lon="128.722902">
			<ele>0.00</ele>
			<time>2020-01-16T23:06:27.22Z</time>
		</trkpt>
		<trkpt lat="35.135073" lon="128.722858">
			<ele>0.00</ele>
			<time>2020-01-16T23:06:27.51Z</time>
		</trkpt>
		<trkpt lat="35.135093" lon="128.722823">
			<ele>0.00</ele>
			<time>2020-01-16T23:06:27.75Z</time>
		</trkpt>
		<trkpt lat="35.135112" lon="128.722779">
			<ele>0.00</ele>
			<time>2020-01-16T23:06:28.02Z</time>
		</trkpt>
		<trkpt lat="35.135126" lon="128.722736">
			<ele>0.00</ele>
			<time>2020-01-16T23:06:28.27Z</time>
		</trkpt>
		<trkpt lat="35.135149" lon="128.722696">
			<ele>0.00</ele>
			<time>2020-01-16T23:06:28.54Z</time>
		</trkpt>
		<trkpt lat="35.135172" lon="128.722645">
			<ele>0.00</ele>
			<time>2020-01-16T23:06:28.85Z</time>
		</trkpt>
		<trkpt lat="35.135195" lon="128.722575">
			<ele>0.00</ele>
			<time>2020-01-16T23:06:29.27Z</time>
		</trkpt>
		<trkpt lat="35.135213" lon="128.722512">
			<ele>0.00</ele>
			<time>2020-01-16T23:06:29.63Z</time>
		</trkpt>
		<trkpt lat="35.135213" lon="128.722510">
			<ele>0.00</ele>
			<time>2020-01-16T23:06:29.69Z</time>
		</trkpt>
		<trkpt lat="35.135215" lon="128.722452">
			<ele>0.00</ele>
			<time>2020-01-16T23:06:30.01Z</time>
		</trkpt>
		<trkpt lat="35.135212" lon="128.722400">
			<ele>0.00</ele>
			<time>2020-01-16T23:06:30.29Z</time>
		</trkpt>
		<trkpt lat="35.135196" lon="128.722330">
			<ele>0.00</ele>
			<time>2020-01-16T23:06:30.69Z</time>
		</trkpt>
		<trkpt lat="35.135178" lon="128.722280">
			<ele>0.00</ele>
			<time>2020-01-16T23:06:30.98Z</time>
		</trkpt>
		<trkpt lat="35.135160" lon="128.722233">
			<ele>0.00</ele>
			<time>2020-01-16T23:06:31.27Z</time>
		</trkpt>
		<trkpt lat="35.135134" lon="128.722194">
			<ele>0.00</ele>
			<time>2020-01-16T23:06:31.54Z</time>
		</trkpt>
		<trkpt lat="35.135105" lon="128.722141">
			<ele>0.00</ele>
			<time>2020-01-16T23:06:31.89Z</time>
		</trkpt>
		<trkpt lat="35.135088" lon="128.722083">
			<ele>0.00</ele>
			<time>2020-01-16T23:06:32.23Z</time>
		</trkpt>
		<trkpt lat="35.135073" lon="128.721997">
			<ele>0.00</ele>
			<time>2020-01-16T23:06:32.70Z</time>
		</trkpt>
		<trkpt lat="35.135054" lon="128.721950">
			<ele>0.00</ele>
			<time>2020-01-16T23:06:32.99Z</time>
		</trkpt>
		<trkpt lat="35.135048" lon="128.721880">
			<ele>0.00</ele>
			<time>2020-01-16T23:06:33.38Z</time>
		</trkpt>
		<trkpt lat="35.135044" lon="128.721816">
			<ele>0.00</ele>
			<time>2020-01-16T23:06:33.73Z</time>
		</trkpt>
		<trkpt lat="35.135059" lon="128.721753">
			<ele>0.00</ele>
			<time>2020-01-16T23:06:34.08Z</time>
		</trkpt>
		<trkpt lat="35.135080" lon="128.721689">
			<ele>0.00</ele>
			<time>2020-01-16T23:06:34.46Z</time>
		</trkpt>
		<trkpt lat="35.135115" lon="128.721658">
			<ele>0.00</ele>
			<time>2020-01-16T23:06:34.75Z</time>
		</trkpt>
		<trkpt lat="35.135156" lon="128.721629">
			<ele>0.00</ele>
			<time>2020-01-16T23:06:35.06Z</time>
		</trkpt>
		<trkpt lat="35.135214" lon="128.721588">
			<ele>0.00</ele>
			<time>2020-01-16T23:06:35.51Z</time>
		</trkpt>
		<trkpt lat="35.135257" lon="128.721546">
			<ele>0.00</ele>
			<time>2020-01-16T23:06:35.88Z</time>
		</trkpt>
		<trkpt lat="35.135317" lon="128.721509">
			<ele>0.00</ele>
			<time>2020-01-16T23:06:36.32Z</time>
		</trkpt>
		<trkpt lat="35.135358" lon="128.721480">
			<ele>0.00</ele>
			<time>2020-01-16T23:06:36.64Z</time>
		</trkpt>
		<trkpt lat="35.135399" lon="128.721448">
			<ele>0.00</ele>
			<time>2020-01-16T23:06:36.97Z</time>
		</trkpt>
		<trkpt lat="35.135456" lon="128.721411">
			<ele>0.00</ele>
			<time>2020-01-16T23:06:37.40Z</time>
		</trkpt>
		<trkpt lat="35.135494" lon="128.721396">
			<ele>0.00</ele>
			<time>2020-01-16T23:06:37.66Z</time>
		</trkpt>
		<trkpt lat="35.135547" lon="128.721361">
			<ele>0.00</ele>
			<time>2020-01-16T23:06:38.06Z</time>
		</trkpt>
		<trkpt lat="35.135613" lon="128.721303">
			<ele>0.00</ele>
			<time>2020-01-16T23:06:38.61Z</time>
		</trkpt>
		<trkpt lat="35.135663" lon="128.721256">
			<ele>0.00</ele>
			<time>2020-01-16T23:06:39.02Z</time>
		</trkpt>
		<trkpt lat="35.135700" lon="128.721193">
			<ele>0.00</ele>
			<time>2020-01-16T23:06:39.45Z</time>
		</trkpt>
		<trkpt lat="35.135756" lon="128.721115">
			<ele>0.00</ele>
			<time>2020-01-16T23:06:40.01Z</time>
		</trkpt>
		<trkpt lat="35.135795" lon="128.721028">
			<ele>0.00</ele>
			<time>2020-01-16T23:06:40.55Z</time>
		</trkpt>
		<trkpt lat="35.135833" lon="128.720946">
			<ele>0.00</ele>
			<time>2020-01-16T23:06:41.07Z</time>
		</trkpt>
		<trkpt lat="35.135875" lon="128.720860">
			<ele>0.00</ele>
			<time>2020-01-16T23:06:41.61Z</time>
		</trkpt>
		<trkpt lat="35.135911" lon="128.720780">
			<ele>0.00</ele>
			<time>2020-01-16T23:06:42.11Z</time>
		</trkpt>
		<trkpt lat="35.135953" lon="128.720682">
			<ele>0.00</ele>
			<time>2020-01-16T23:06:42.71Z</time>
		</trkpt>
		<trkpt lat="35.135985" lon="128.720589">
			<ele>0.00</ele>
			<time>2020-01-16T23:06:43.26Z</time>
		</trkpt>
		<trkpt lat="35.135998" lon="128.720538">
			<ele>0.00</ele>
			<time>2020-01-16T23:06:43.56Z</time>
		</trkpt>
		<trkpt lat="35.136023" lon="128.720458">
			<ele>0.00</ele>
			<time>2020-01-16T23:06:44.03Z</time>
		</trkpt>
		<trkpt lat="35.136054" lon="128.720403">
			<ele>0.00</ele>
			<time>2020-01-16T23:06:44.39Z</time>
		</trkpt>
		<trkpt lat="35.136104" lon="128.720372">
			<ele>0.00</ele>
			<time>2020-01-16T23:06:44.76Z</time>
		</trkpt>
		<trkpt lat="35.136163" lon="128.720334">
			<ele>0.00</ele>
			<time>2020-01-16T23:06:45.21Z</time>
		</trkpt>
		<trkpt lat="35.136214" lon="128.720322">
			<ele>0.00</ele>
			<time>2020-01-16T23:06:45.55Z</time>
		</trkpt>
		<trkpt lat="35.136283" lon="128.720323">
			<ele>0.00</ele>
			<time>2020-01-16T23:06:46.01Z</time>
		</trkpt>
		<trkpt lat="35.136330" lon="128.720345">
			<ele>0.00</ele>
			<time>2020-01-16T23:06:46.35Z</time>
		</trkpt>
		<trkpt lat="35.136365" lon="128.720377">
			<ele>0.00</ele>
			<time>2020-01-16T23:06:46.64Z</time>
		</trkpt>
		<trkpt lat="35.136393" lon="128.720432">
			<ele>0.00</ele>
			<time>2020-01-16T23:06:46.99Z</time>
		</trkpt>
		<trkpt lat="35.136413" lon="128.720474">
			<ele>0.00</ele>
			<time>2020-01-16T23:06:47.26Z</time>
		</trkpt>
		<trkpt lat="35.136445" lon="128.720538">
			<ele>0.00</ele>
			<time>2020-01-16T23:06:47.67Z</time>
		</trkpt>
		<trkpt lat="35.136466" lon="128.720601">
			<ele>0.00</ele>
			<time>2020-01-16T23:06:48.04Z</time>
		</trkpt>
		<trkpt lat="35.136465" lon="128.720606">
			<ele>0.00</ele>
			<time>2020-01-16T23:06:48.10Z</time>
		</trkpt>
		<trkpt lat="35.136482" lon="128.720686">
			<ele>0.00</ele>
			<time>2020-01-16T23:06:48.55Z</time>
		</trkpt>
		<trkpt lat="35.136482" lon="128.720690">
			<ele>0.00</ele>
			<time>2020-01-16T23:06:48.61Z</time>
		</trkpt>
		<trkpt lat="35.136501" lon="128.720756">
			<ele>0.00</ele>
			<time>2020-01-16T23:06:48.99Z</time>
		</trkpt>
		<trkpt lat="35.136512" lon="128.720800">
			<ele>0.00</ele>
			<time>2020-01-16T23:06:49.24Z</time>
		</trkpt>
		<trkpt lat="35.136525" lon="128.720847">
			<ele>0.00</ele>
			<time>2020-01-16T23:06:49.51Z</time>
		</trkpt>
		<trkpt lat="35.136549" lon="128.720913">
			<ele>0.00</ele>
			<time>2020-01-16T23:06:49.90Z</time>
		</trkpt>
		<trkpt lat="35.136581" lon="128.721006">
			<ele>0.00</ele>
			<time>2020-01-16T23:06:50.46Z</time>
		</trkpt>
		<trkpt lat="35.136616" lon="128.721044">
			<ele>0.00</ele>
			<time>2020-01-16T23:06:50.76Z</time>
		</trkpt>
		<trkpt lat="35.136667" lon="128.721084">
			<ele>0.00</ele>
			<time>2020-01-16T23:06:51.17Z</time>
		</trkpt>
		<trkpt lat="35.136712" lon="128.721108">
			<ele>0.00</ele>
			<time>2020-01-16T23:06:51.50Z</time>
		</trkpt>
		<trkpt lat="35.136774" lon="128.721129">
			<ele>0.00</ele>
			<time>2020-01-16T23:06:51.93Z</time>
		</trkpt>
		<trkpt lat="35.136829" lon="128.721138">
			<ele>0.00</ele>
			<time>2020-01-16T23:06:52.30Z</time>
		</trkpt>
		<trkpt lat="35.136892" lon="128.721144">
			<ele>0.00</ele>
			<time>2020-01-16T23:06:52.71Z</time>
		</trkpt>
		<trkpt lat="35.136941" lon="128.721152">
			<ele>0.00</ele>
			<time>2020-01-16T23:06:53.05Z</time>
		</trkpt>
		<trkpt lat="35.136996" lon="128.721162">
			<ele>0.00</ele>
			<time>2020-01-16T23:06:53.42Z</time>
		</trkpt>
		<trkpt lat="35.137033" lon="128.721186">
			<ele>0.00</ele>
			<time>2020-01-16T23:06:53.69Z</time>
		</trkpt>
		<trkpt lat="35.137074" lon="128.721237">
			<ele>0.00</ele>
			<time>2020-01-16T23:06:54.09Z</time>
		</trkpt>
		<trkpt lat="35.137101" lon="128.721288">
			<ele>0.00</ele>
			<time>2020-01-16T23:06:54.42Z</time>
		</trkpt>
		<trkpt lat="35.137122" lon="128.721340">
			<ele>0.00</ele>
			<time>2020-01-16T23:06:54.73Z</time>
		</trkpt>
		<trkpt lat="35.137138" lon="128.721424">
			<ele>0.00</ele>
			<time>2020-01-16T23:06:55.20Z</time>
		</trkpt>
		<trkpt lat="35.137133" lon="128.721522">
			<ele>0.00</ele>
			<time>2020-01-16T23:06:55.74Z</time>
		</trkpt>
		<trkpt lat="35.137122" lon="128.721592">
			<ele>0.00</ele>
			<time>2020-01-16T23:06:56.13Z</time>
		</trkpt>
		<trkpt lat="35.137114" lon="128.721658">
			<ele>0.00</ele>
			<time>2020-01-16T23:06:56.49Z</time>
		</trkpt>
		<trkpt lat="35.137110" lon="128.721725">
			<ele>0.00</ele>
			<time>2020-01-16T23:06:56.86Z</time>
		</trkpt>
		<trkpt lat="35.137105" lon="128.721783">
			<ele>0.00</ele>
			<time>2020-01-16T23:06:57.18Z</time>
		</trkpt>
		<trkpt lat="35.137109" lon="128.721825">
			<ele>0.00</ele>
			<time>2020-01-16T23:06:57.40Z</time>
		</trkpt>
		<trkpt lat="35.137109" lon="128.721828">
			<ele>0.00</ele>
			<time>2020-01-16T23:06:57.46Z</time>
		</trkpt>
		<trkpt lat="35.137130" lon="128.721871">
			<ele>0.00</ele>
			<time>2020-01-16T23:06:57.74Z</time>
		</trkpt>
		<trkpt lat="35.137130" lon="128.721874">
			<ele>0.00</ele>
			<time>2020-01-16T23:06:57.80Z</time>
		</trkpt>
		<trkpt lat="35.137153" lon="128.721915">
			<ele>0.00</ele>
			<time>2020-01-16T23:06:58.07Z</time>
		</trkpt>
		<trkpt lat="35.137181" lon="128.721943">
			<ele>0.00</ele>
			<time>2020-01-16T23:06:58.31Z</time>
		</trkpt>
		<trkpt lat="35.137219" lon="128.721972">
			<ele>0.00</ele>
			<time>2020-01-16T23:06:58.61Z</time>
		</trkpt>
		<trkpt lat="35.137254" lon="128.721982">
			<ele>0.00</ele>
			<time>2020-01-16T23:06:58.85Z</time>
		</trkpt>
		<trkpt lat="35.137292" lon="128.721954">
			<ele>0.00</ele>
			<time>2020-01-16T23:06:59.15Z</time>
		</trkpt>
		<trkpt lat="35.137326" lon="128.721903">
			<ele>0.00</ele>
			<time>2020-01-16T23:06:59.50Z</time>
		</trkpt>
		<trkpt lat="35.137356" lon="128.721832">
			<ele>0.00</ele>
			<time>2020-01-16T23:06:59.94Z</time>
		</trkpt>
		<trkpt lat="35.137407" lon="128.721767">
			<ele>0.00</ele>
			<time>2020-01-16T23:07:00.43Z</time>
		</trkpt>
		<trkpt lat="35.137459" lon="128.721729">
			<ele>0.00</ele>
			<time>2020-01-16T23:07:00.84Z</time>
		</trkpt>
		<trkpt lat="35.137518" lon="128.721700">
			<ele>0.00</ele>
			<time>2020-01-16T23:07:01.26Z</time>
		</trkpt>
		<trkpt lat="35.137569" lon="128.721686">
			<ele>0.00</ele>
			<time>2020-01-16T23:07:01.61Z</time>
		</trkpt>
		<trkpt lat="35.137617" lon="128.721701">
			<ele>0.00</ele>
			<time>2020-01-16T23:07:01.94Z</time>
		</trkpt>
		<trkpt lat="35.137662" lon="128.721716">
			<ele>0.00</ele>
			<time>2020-01-16T23:07:02.25Z</time>
		</trkpt>
		<trkpt lat="35.137698" lon="128.721740">
			<ele>0.00</ele>
			<time>2020-01-16T23:07:02.52Z</time>
		</trkpt>
		<trkpt lat="35.137715" lon="128.721817">
			<ele>0.00</ele>
			<time>2020-01-16T23:07:02.96Z</time>
		</trkpt>
		<trkpt lat="35.137716" lon="128.721907">
			<ele>0.00</ele>
			<time>2020-01-16T23:07:03.45Z</time>
		</trkpt>
		<trkpt lat="35.137713" lon="128.721994">
			<ele>0.00</ele>
			<time>2020-01-16T23:07:03.92Z</time>
		</trkpt>
		<trkpt lat="35.137697" lon="128.722078">
			<ele>0.00</ele>
			<time>2020-01-16T23:07:04.39Z</time>
		</trkpt>
		<trkpt lat="35.137687" lon="128.722136">
			<ele>0.00</ele>
			<time>2020-01-16T23:07:04.72Z</time>
		</trkpt>
		<trkpt lat="35.137675" lon="128.722188">
			<ele>0.00</ele>
			<time>2020-01-16T23:07:05.01Z</time>
		</trkpt>
		<trkpt lat="35.137657" lon="128.722235">
			<ele>0.00</ele>
			<time>2020-01-16T23:07:05.29Z</time>
		</trkpt>
		<trkpt lat="35.137638" lon="128.722281">
			<ele>0.00</ele>
			<time>2020-01-16T23:07:05.58Z</time>
		</trkpt>
		<trkpt lat="35.137614" lon="128.722333">
			<ele>0.00</ele>
			<time>2020-01-16T23:07:05.90Z</time>
		</trkpt>
		<trkpt lat="35.137600" lon="128.722412">
			<ele>0.00</ele>
			<time>2020-01-16T23:07:06.34Z</time>
		</trkpt>
		<trkpt lat="35.137604" lon="128.722463">
			<ele>0.00</ele>
			<time>2020-01-16T23:07:06.62Z</time>
		</trkpt>
		<trkpt lat="35.137605" lon="128.722526">
			<ele>0.00</ele>
			<time>2020-01-16T23:07:06.96Z</time>
		</trkpt>
		<trkpt lat="35.137607" lon="128.722578">
			<ele>0.00</ele>
			<time>2020-01-16T23:07:07.25Z</time>
		</trkpt>
		<trkpt lat="35.137611" lon="128.722635">
			<ele>0.00</ele>
			<time>2020-01-16T23:07:07.56Z</time>
		</trkpt>
		<trkpt lat="35.137620" lon="128.722691">
			<ele>0.00</ele>
			<time>2020-01-16T23:07:07.87Z</time>
		</trkpt>
		<trkpt lat="35.137625" lon="128.722740">
			<ele>0.00</ele>
			<time>2020-01-16T23:07:08.14Z</time>
		</trkpt>
		<trkpt lat="35.137626" lon="128.722787">
			<ele>0.00</ele>
			<time>2020-01-16T23:07:08.40Z</time>
		</trkpt>
		<trkpt lat="35.137621" lon="128.722865">
			<ele>0.00</ele>
			<time>2020-01-16T23:07:08.82Z</time>
		</trkpt>
		<trkpt lat="35.137620" lon="128.722920">
			<ele>0.00</ele>
			<time>2020-01-16T23:07:09.12Z</time>
		</trkpt>
		<trkpt lat="35.137622" lon="128.722990">
			<ele>0.00</ele>
			<time>2020-01-16T23:07:09.50Z</time>
		</trkpt>
		<trkpt lat="35.137625" lon="128.723051">
			<ele>0.00</ele>
			<time>2020-01-16T23:07:09.84Z</time>
		</trkpt>
		<trkpt lat="35.137632" lon="128.723111">
			<ele>0.00</ele>
			<time>2020-01-16T23:07:10.17Z</time>
		</trkpt>
		<trkpt lat="35.137632" lon="128.723115">
			<ele>0.00</ele>
			<time>2020-01-16T23:07:10.23Z</time>
		</trkpt>
		<trkpt lat="35.137647" lon="128.723188">
			<ele>0.00</ele>
			<time>2020-01-16T23:07:10.64Z</time>
		</trkpt>
		<trkpt lat="35.137652" lon="128.723252">
			<ele>0.00</ele>
			<time>2020-01-16T23:07:10.99Z</time>
		</trkpt>
		<trkpt lat="35.137664" lon="128.723302">
			<ele>0.00</ele>
			<time>2020-01-16T23:07:11.27Z</time>
		</trkpt>
		<trkpt lat="35.137678" lon="128.723339">
			<ele>0.00</ele>
			<time>2020-01-16T23:07:11.49Z</time>
		</trkpt>
		<trkpt lat="35.137693" lon="128.723373">
			<ele>0.00</ele>
			<time>2020-01-16T23:07:11.71Z</time>
		</trkpt>
		<trkpt lat="35.137705" lon="128.723423">
			<ele>0.00</ele>
			<time>2020-01-16T23:07:11.99Z</time>
		</trkpt>
		<trkpt lat="35.137720" lon="128.723460">
			<ele>0.00</ele>
			<time>2020-01-16T23:07:12.22Z</time>
		</trkpt>
		<trkpt lat="35.137752" lon="128.723511">
			<ele>0.00</ele>
			<time>2020-01-16T23:07:12.56Z</time>
		</trkpt>
		<trkpt lat="35.137787" lon="128.723534">
			<ele>0.00</ele>
			<time>2020-01-16T23:07:12.83Z</time>
		</trkpt>
		<trkpt lat="35.137824" lon="128.723543">
			<ele>0.00</ele>
			<time>2020-01-16T23:07:13.08Z</time>
		</trkpt>
		<trkpt lat="35.137868" lon="128.723537">
			<ele>0.00</ele>
			<time>2020-01-16T23:07:13.38Z</time>
		</trkpt>
		<trkpt lat="35.137917" lon="128.723501">
			<ele>0.00</ele>
			<time>2020-01-16T23:07:13.76Z</time>
		</trkpt>
		<trkpt lat="35.137943" lon="128.723468">
			<ele>0.00</ele>
			<time>2020-01-16T23:07:14.01Z</time>
		</trkpt>
		<trkpt lat="35.137964" lon="128.723439">
			<ele>0.00</ele>
			<time>2020-01-16T23:07:14.22Z</time>
		</trkpt>
		<trkpt lat="35.137991" lon="128.723408">
			<ele>0.00</ele>
			<time>2020-01-16T23:07:14.46Z</time>
		</trkpt>
		<trkpt lat="35.138012" lon="128.723381">
			<ele>0.00</ele>
			<time>2020-01-16T23:07:14.67Z</time>
		</trkpt>
		<trkpt lat="35.138041" lon="128.723348">
			<ele>0.00</ele>
			<time>2020-01-16T23:07:14.93Z</time>
		</trkpt>
		<trkpt lat="35.138068" lon="128.723325">
			<ele>0.00</ele>
			<time>2020-01-16T23:07:15.15Z</time>
		</trkpt>
		<trkpt lat="35.138096" lon="128.723293">
			<ele>0.00</ele>
			<time>2020-01-16T23:07:15.41Z</time>
		</trkpt>
		<trkpt lat="35.138122" lon="128.723265">
			<ele>0.00</ele>
			<time>2020-01-16T23:07:15.64Z</time>
		</trkpt>
		<trkpt lat="35.138156" lon="128.723234">
			<ele>0.00</ele>
			<time>2020-01-16T23:07:15.92Z</time>
		</trkpt>
		<trkpt lat="35.138158" lon="128.723233">
			<ele>0.00</ele>
			<time>2020-01-16T23:07:15.98Z</time>
		</trkpt>
		<trkpt lat="35.138189" lon="128.723199">
			<ele>0.00</ele>
			<time>2020-01-16T23:07:16.26Z</time>
		</trkpt>
		<trkpt lat="35.138216" lon="128.723158">
			<ele>0.00</ele>
			<time>2020-01-16T23:07:16.55Z</time>
		</trkpt>
		<trkpt lat="35.138245" lon="128.723104">
			<ele>0.00</ele>
			<time>2020-01-16T23:07:16.90Z</time>
		</trkpt>
		<trkpt lat="35.138270" lon="128.723044">
			<ele>0.00</ele>
			<time>2020-01-16T23:07:17.27Z</time>
		</trkpt>
		<trkpt lat="35.138301" lon="128.722964">
			<ele>0.00</ele>
			<time>2020-01-16T23:07:17.75Z</time>
		</trkpt>
		<trkpt lat="35.138342" lon="128.722878">
			<ele>0.00</ele>
			<time>2020-01-16T23:07:18.29Z</time>
		</trkpt>
		<trkpt lat="35.138391" lon="128.722794">
			<ele>0.00</ele>
			<time>2020-01-16T23:07:18.86Z</time>
		</trkpt>
		<trkpt lat="35.138436" lon="128.722729">
			<ele>0.00</ele>
			<time>2020-01-16T23:07:19.32Z</time>
		</trkpt>
		<trkpt lat="35.138487" lon="128.722674">
			<ele>0.00</ele>
			<time>2020-01-16T23:07:19.78Z</time>
		</trkpt>
		<trkpt lat="35.138542" lon="128.722602">
			<ele>0.00</ele>
			<time>2020-01-16T23:07:20.31Z</time>
		</trkpt>
		<trkpt lat="35.138604" lon="128.722546">
			<ele>0.00</ele>
			<time>2020-01-16T23:07:20.83Z</time>
		</trkpt>
		<trkpt lat="35.138671" lon="128.722505">
			<ele>0.00</ele>
			<time>2020-01-16T23:07:21.32Z</time>
		</trkpt>
		<trkpt lat="35.138715" lon="128.722488">
			<ele>0.00</ele>
			<time>2020-01-16T23:07:21.63Z</time>
		</trkpt>
		<trkpt lat="35.138761" lon="128.722485">
			<ele>0.00</ele>
			<time>2020-01-16T23:07:21.94Z</time>
		</trkpt>
		<trkpt lat="35.138808" lon="128.722499">
			<ele>0.00</ele>
			<time>2020-01-16T23:07:22.26Z</time>
		</trkpt>
		<trkpt lat="35.138860" lon="128.722526">
			<ele>0.00</ele>
			<time>2020-01-16T23:07:22.64Z</time>
		</trkpt>
		<trkpt lat="35.138917" lon="128.722573">
			<ele>0.00</ele>
			<time>2020-01-16T23:07:23.10Z</time>
		</trkpt>
		<trkpt lat="35.138969" lon="128.722619">
			<ele>0.00</ele>
			<time>2020-01-16T23:07:23.53Z</time>
		</trkpt>
		<trkpt lat="35.138999" lon="128.722664">
			<ele>0.00</ele>
			<time>2020-01-16T23:07:23.84Z</time>
		</trkpt>
		<trkpt lat="35.139014" lon="128.722747">
			<ele>0.00</ele>
			<time>2020-01-16T23:07:24.31Z</time>
		</trkpt>
		<trkpt lat="35.139028" lon="128.722820">
			<ele>0.00</ele>
			<time>2020-01-16T23:07:24.71Z</time>
		</trkpt>
		<trkpt lat="35.139042" lon="128.722902">
			<ele>0.00</ele>
			<time>2020-01-16T23:07:25.17Z</time>
		</trkpt>
		<trkpt lat="35.139042" lon="128.722904">
			<ele>0.00</ele>
			<time>2020-01-16T23:07:25.23Z</time>
		</trkpt>
		<trkpt lat="35.139044" lon="128.722965">
			<ele>0.00</ele>
			<time>2020-01-16T23:07:25.57Z</time>
		</trkpt>
		<trkpt lat="35.139051" lon="128.723042">
			<ele>0.00</ele>
			<time>2020-01-16T23:07:25.99Z</time>
		</trkpt>
		<trkpt lat="35.139050" lon="128.723134">
			<ele>0.00</ele>
			<time>2020-01-16T23:07:26.49Z</time>
		</trkpt>
		<trkpt lat="35.139053" lon="128.723211">
			<ele>0.00</ele>
			<time>2020-01-16T23:07:26.91Z</time>
		</trkpt>
		<trkpt lat="35.139054" lon="128.723277">
			<ele>0.00</ele>
			<time>2020-01-16T23:07:27.27Z</time>
		</trkpt>
		<trkpt lat="35.139055" lon="128.723350">
			<ele>0.00</ele>
			<time>2020-01-16T23:07:27.67Z</time>
		</trkpt>
		<trkpt lat="35.139055" lon="128.723408">
			<ele>0.00</ele>
			<time>2020-01-16T23:07:27.98Z</time>
		</trkpt>
		<trkpt lat="35.139051" lon="128.723484">
			<ele>0.00</ele>
			<time>2020-01-16T23:07:28.40Z</time>
		</trkpt>
		<trkpt lat="35.139054" lon="128.723555">
			<ele>0.00</ele>
			<time>2020-01-16T23:07:28.79Z</time>
		</trkpt>
		<trkpt lat="35.139057" lon="128.723604">
			<ele>0.00</ele>
			<time>2020-01-16T23:07:29.05Z</time>
		</trkpt>
		<trkpt lat="35.139057" lon="128.723605">
			<ele>0.00</ele>
			<time>2020-01-16T23:07:29.11Z</time>
		</trkpt>
		<trkpt lat="35.139061" lon="128.723654">
			<ele>0.00</ele>
			<time>2020-01-16T23:07:29.38Z</time>
		</trkpt>
		<trkpt lat="35.139062" lon="128.723692">
			<ele>0.00</ele>
			<time>2020-01-16T23:07:29.59Z</time>
		</trkpt>
		<trkpt lat="35.139086" lon="128.723725">
			<ele>0.00</ele>
			<time>2020-01-16T23:07:29.83Z</time>
		</trkpt>
		<trkpt lat="35.139110" lon="128.723748">
			<ele>0.00</ele>
			<time>2020-01-16T23:07:30.03Z</time>
		</trkpt>
		<trkpt lat="35.139161" lon="128.723759">
			<ele>0.00</ele>
			<time>2020-01-16T23:07:30.37Z</time>
		</trkpt>
		<trkpt lat="35.139207" lon="128.723758">
			<ele>0.00</ele>
			<time>2020-01-16T23:07:30.68Z</time>
		</trkpt>
		<trkpt lat="35.139241" lon="128.723738">
			<ele>0.00</ele>
			<time>2020-01-16T23:07:30.93Z</time>
		</trkpt>
		<trkpt lat="35.139284" lon="128.723720">
			<ele>0.00</ele>
			<time>2020-01-16T23:07:31.23Z</time>
		</trkpt>
		<trkpt lat="35.139318" lon="128.723698">
			<ele>0.00</ele>
			<time>2020-01-16T23:07:31.49Z</time>
		</trkpt>
		<trkpt lat="35.139362" lon="128.723673">
			<ele>0.00</ele>
			<time>2020-01-16T23:07:31.81Z</time>
		</trkpt>
		<trkpt lat="35.139411" lon="128.723624">
			<ele>0.00</ele>
			<time>2020-01-16T23:07:32.24Z</time>
		</trkpt>
		<trkpt lat="35.139447" lon="128.723586">
			<ele>0.00</ele>
			<time>2020-01-16T23:07:32.55Z</time>
		</trkpt>
		<trkpt lat="35.139474" lon="128.723548">
			<ele>0.00</ele>
			<time>2020-01-16T23:07:32.83Z</time>
		</trkpt>
		<trkpt lat="35.139512" lon="128.723490">
			<ele>0.00</ele>
			<time>2020-01-16T23:07:33.24Z</time>
		</trkpt>
		<trkpt lat="35.139533" lon="128.723436">
			<ele>0.00</ele>
			<time>2020-01-16T23:07:33.56Z</time>
		</trkpt>
		<trkpt lat="35.139555" lon="128.723393">
			<ele>0.00</ele>
			<time>2020-01-16T23:07:33.84Z</time>
		</trkpt>
		<trkpt lat="35.139560" lon="128.723365">
			<ele>0.00</ele>
			<time>2020-01-16T23:07:33.99Z</time>
		</trkpt>
		<trkpt lat="35.139579" lon="128.723314">
			<ele>0.00</ele>
			<time>2020-01-16T23:07:34.30Z</time>
		</trkpt>
		<trkpt lat="35.139599" lon="128.723274">
			<ele>0.00</ele>
			<time>2020-01-16T23:07:34.55Z</time>
		</trkpt>
		<trkpt lat="35.139629" lon="128.723206">
			<ele>0.00</ele>
			<time>2020-01-16T23:07:34.98Z</time>
		</trkpt>
		<trkpt lat="35.139658" lon="128.723186">
			<ele>0.00</ele>
			<time>2020-01-16T23:07:35.20Z</time>
		</trkpt>
		<trkpt lat="35.139714" lon="128.723185">
			<ele>0.00</ele>
			<time>2020-01-16T23:07:35.57Z</time>
		</trkpt>
		<trkpt lat="35.139794" lon="128.723238">
			<ele>0.00</ele>
			<time>2020-01-16T23:07:36.18Z</time>
		</trkpt>
		<trkpt lat="35.139842" lon="128.723313">
			<ele>0.00</ele>
			<time>2020-01-16T23:07:36.69Z</time>
		</trkpt>
		<trkpt lat="35.139887" lon="128.723396">
			<ele>0.00</ele>
			<time>2020-01-16T23:07:37.24Z</time>
		</trkpt>
		<trkpt lat="35.139931" lon="128.723456">
			<ele>0.00</ele>
			<time>2020-01-16T23:07:37.68Z</time>
		</trkpt>
		<trkpt lat="35.139995" lon="128.723490">
			<ele>0.00</ele>
			<time>2020-01-16T23:07:38.15Z</time>
		</trkpt>
		<trkpt lat="35.140038" lon="128.723508">
			<ele>0.00</ele>
			<time>2020-01-16T23:07:38.45Z</time>
		</trkpt>
		<trkpt lat="35.140109" lon="128.723521">
			<ele>0.00</ele>
			<time>2020-01-16T23:07:38.93Z</time>
		</trkpt>
		<trkpt lat="35.140201" lon="128.723515">
			<ele>0.00</ele>
			<time>2020-01-16T23:07:39.54Z</time>
		</trkpt>
		<trkpt lat="35.140265" lon="128.723503">
			<ele>0.00</ele>
			<time>2020-01-16T23:07:39.97Z</time>
		</trkpt>
		<trkpt lat="35.140323" lon="128.723481">
			<ele>0.00</ele>
			<time>2020-01-16T23:07:40.38Z</time>
		</trkpt>
		<trkpt lat="35.140373" lon="128.723437">
			<ele>0.00</ele>
			<time>2020-01-16T23:07:40.79Z</time>
		</trkpt>
		<trkpt lat="35.140411" lon="128.723391">
			<ele>0.00</ele>
			<time>2020-01-16T23:07:41.14Z</time>
		</trkpt>
		<trkpt lat="35.140470" lon="128.723328">
			<ele>0.00</ele>
			<time>2020-01-16T23:07:41.67Z</time>
		</trkpt>
		<trkpt lat="35.140514" lon="128.723266">
			<ele>0.00</ele>
			<time>2020-01-16T23:07:42.12Z</time>
		</trkpt>
		<trkpt lat="35.140549" lon="128.723159">
			<ele>0.00</ele>
			<time>2020-01-16T23:07:42.74Z</time>
		</trkpt>
		<trkpt lat="35.140559" lon="128.723060">
			<ele>0.00</ele>
			<time>2020-01-16T23:07:43.29Z</time>
		</trkpt>
		<trkpt lat="35.140573" lon="128.722965">
			<ele>0.00</ele>
			<time>2020-01-16T23:07:43.81Z</time>
		</trkpt>
		<trkpt lat="35.140601" lon="128.722853">
			<ele>0.00</ele>
			<time>2020-01-16T23:07:44.45Z</time>
		</trkpt>
		<trkpt lat="35.140623" lon="128.722745">
			<ele>0.00</ele>
			<time>2020-01-16T23:07:45.06Z</time>
		</trkpt>
		<trkpt lat="35.140647" lon="128.722644">
			<ele>0.00</ele>
			<time>2020-01-16T23:07:45.63Z</time>
		</trkpt>
		<trkpt lat="35.140700" lon="128.722554">
			<ele>0.00</ele>
			<time>2020-01-16T23:07:46.24Z</time>
		</trkpt>
		<trkpt lat="35.140749" lon="128.722510">
			<ele>0.00</ele>
			<time>2020-01-16T23:07:46.65Z</time>
		</trkpt>
		<trkpt lat="35.140810" lon="128.722446">
			<ele>0.00</ele>
			<time>2020-01-16T23:07:47.18Z</time>
		</trkpt>
		<trkpt lat="35.140873" lon="128.722396">
			<ele>0.00</ele>
			<time>2020-01-16T23:07:47.68Z</time>
		</trkpt>
		<trkpt lat="35.140933" lon="128.722365">
			<ele>0.00</ele>
			<time>2020-01-16T23:07:48.11Z</time>
		</trkpt>
		<trkpt lat="35.141016" lon="128.722328">
			<ele>0.00</ele>
			<time>2020-01-16T23:07:48.71Z</time>
		</trkpt>
		<trkpt lat="35.141091" lon="128.722336">
			<ele>0.00</ele>
			<time>2020-01-16T23:07:49.20Z</time>
		</trkpt>
		<trkpt lat="35.141148" lon="128.722360">
			<ele>0.00</ele>
			<time>2020-01-16T23:07:49.61Z</time>
		</trkpt>
		<trkpt lat="35.141212" lon="128.722392">
			<ele>0.00</ele>
			<time>2020-01-16T23:07:50.07Z</time>
		</trkpt>
		<trkpt lat="35.141274" lon="128.722418">
			<ele>0.00</ele>
			<time>2020-01-16T23:07:50.51Z</time>
		</trkpt>
		<trkpt lat="35.141354" lon="128.722460">
			<ele>0.00</ele>
			<time>2020-01-16T23:07:51.09Z</time>
		</trkpt>
		<trkpt lat="35.141357" lon="128.722463">
			<ele>0.00</ele>
			<time>2020-01-16T23:07:51.15Z</time>
		</trkpt>
		<trkpt lat="35.141412" lon="128.722503">
			<ele>0.00</ele>
			<time>2020-01-16T23:07:51.57Z</time>
		</trkpt>
		<trkpt lat="35.141468" lon="128.722539">
			<ele>0.00</ele>
			<time>2020-01-16T23:07:51.99Z</time>
		</trkpt>
		<trkpt lat="35.141530" lon="128.722568">
			<ele>0.00</ele>
			<time>2020-01-16T23:07:52.44Z</time>
		</trkpt>
		<trkpt lat="35.141611" lon="128.722592">
			<ele>0.00</ele>
			<time>2020-01-16T23:07:53Z</time>
		</trkpt>
		<trkpt lat="35.141683" lon="128.722603">
			<ele>0.00</ele>
			<time>2020-01-16T23:07:53.48Z</time>
		</trkpt>
		<trkpt lat="35.141738" lon="128.722619">
			<ele>0.00</ele>
			<time>2020-01-16T23:07:53.86Z</time>
		</trkpt>
		<trkpt lat="35.141796" lon="128.722637">
			<ele>0.00</ele>
			<time>2020-01-16T23:07:54.26Z</time>
		</trkpt>
		<trkpt lat="35.141848" lon="128.722650">
			<ele>0.00</ele>
			<time>2020-01-16T23:07:54.61Z</time>
		</trkpt>
		<trkpt lat="35.141922" lon="128.722669">
			<ele>0.00</ele>
			<time>2020-01-16T23:07:55.11Z</time>
		</trkpt>
		<trkpt lat="35.141994" lon="128.722683">
			<ele>0.00</ele>
			<time>2020-01-16T23:07:55.60Z</time>
		</trkpt>
		<trkpt lat="35.142068" lon="128.722694">
			<ele>0.00</ele>
			<time>2020-01-16T23:07:56.10Z</time>
		</trkpt>
		<trkpt lat="35.142124" lon="128.722700">
			<ele>0.00</ele>
			<time>2020-01-16T23:07:56.47Z</time>
		</trkpt>
		<trkpt lat="35.142198" lon="128.722713">
			<ele>0.00</ele>
			<time>2020-01-16T23:07:56.97Z</time>
		</trkpt>
		<trkpt lat="35.142259" lon="128.722724">
			<ele>0.00</ele>
			<time>2020-01-16T23:07:57.38Z</time>
		</trkpt>
		<trkpt lat="35.142303" lon="128.722719">
			<ele>0.00</ele>
			<time>2020-01-16T23:07:57.67Z</time>
		</trkpt>
		<trkpt lat="35.142348" lon="128.722708">
			<ele>0.00</ele>
			<time>2020-01-16T23:07:57.98Z</time>
		</trkpt>
		<trkpt lat="35.142385" lon="128.722692">
			<ele>0.00</ele>
			<time>2020-01-16T23:07:58.24Z</time>
		</trkpt>
		<trkpt lat="35.142464" lon="128.722660">
			<ele>0.00</ele>
			<time>2020-01-16T23:07:58.80Z</time>
		</trkpt>
		<trkpt lat="35.142512" lon="128.722647">
			<ele>0.00</ele>
			<time>2020-01-16T23:07:59.13Z</time>
		</trkpt>
		<trkpt lat="35.142563" lon="128.722630">
			<ele>0.00</ele>
			<time>2020-01-16T23:07:59.48Z</time>
		</trkpt>
		<trkpt lat="35.142605" lon="128.722588">
			<ele>0.00</ele>
			<time>2020-01-16T23:07:59.84Z</time>
		</trkpt>
		<trkpt lat="35.142639" lon="128.722546">
			<ele>0.00</ele>
			<time>2020-01-16T23:08:00.16Z</time>
		</trkpt>
		<trkpt lat="35.142664" lon="128.722456">
			<ele>0.00</ele>
			<time>2020-01-16T23:08:00.68Z</time>
		</trkpt>
		<trkpt lat="35.142677" lon="128.722359">
			<ele>0.00</ele>
			<time>2020-01-16T23:08:01.21Z</time>
		</trkpt>
		<trkpt lat="35.142663" lon="128.722284">
			<ele>0.00</ele>
			<time>2020-01-16T23:08:01.63Z</time>
		</trkpt>
		<trkpt lat="35.142640" lon="128.722226">
			<ele>0.00</ele>
			<time>2020-01-16T23:08:01.99Z</time>
		</trkpt>
		<trkpt lat="35.142619" lon="128.722167">
			<ele>0.00</ele>
			<time>2020-01-16T23:08:02.34Z</time>
		</trkpt>
		<trkpt lat="35.142591" lon="128.722121">
			<ele>0.00</ele>
			<time>2020-01-16T23:08:02.65Z</time>
		</trkpt>
		<trkpt lat="35.142557" lon="128.722050">
			<ele>0.00</ele>
			<time>2020-01-16T23:08:03.10Z</time>
		</trkpt>
		<trkpt lat="35.142523" lon="128.721984">
			<ele>0.00</ele>
			<time>2020-01-16T23:08:03.52Z</time>
		</trkpt>
		<trkpt lat="35.142491" lon="128.721943">
			<ele>0.00</ele>
			<time>2020-01-16T23:08:03.83Z</time>
		</trkpt>
		<trkpt lat="35.142450" lon="128.721877">
			<ele>0.00</ele>
			<time>2020-01-16T23:08:04.28Z</time>
		</trkpt>
		<trkpt lat="35.142419" lon="128.721814">
			<ele>0.00</ele>
			<time>2020-01-16T23:08:04.69Z</time>
		</trkpt>
		<trkpt lat="35.142392" lon="128.721759">
			<ele>0.00</ele>
			<time>2020-01-16T23:08:05.03Z</time>
		</trkpt>
		<trkpt lat="35.142359" lon="128.721713">
			<ele>0.00</ele>
			<time>2020-01-16T23:08:05.37Z</time>
		</trkpt>
		<trkpt lat="35.142328" lon="128.721662">
			<ele>0.00</ele>
			<time>2020-01-16T23:08:05.71Z</time>
		</trkpt>
		<trkpt lat="35.142299" lon="128.721611">
			<ele>0.00</ele>
			<time>2020-01-16T23:08:06.05Z</time>
		</trkpt>
		<trkpt lat="35.142259" lon="128.721568">
			<ele>0.00</ele>
			<time>2020-01-16T23:08:06.41Z</time>
		</trkpt>
		<trkpt lat="35.142229" lon="128.721498">
			<ele>0.00</ele>
			<time>2020-01-16T23:08:06.84Z</time>
		</trkpt>
		<trkpt lat="35.142205" lon="128.721424">
			<ele>0.00</ele>
			<time>2020-01-16T23:08:07.27Z</time>
		</trkpt>
		<trkpt lat="35.142186" lon="128.721352">
			<ele>0.00</ele>
			<time>2020-01-16T23:08:07.69Z</time>
		</trkpt>
		<trkpt lat="35.142188" lon="128.721276">
			<ele>0.00</ele>
			<time>2020-01-16T23:08:08.10Z</time>
		</trkpt>
		<trkpt lat="35.142206" lon="128.721185">
			<ele>0.00</ele>
			<time>2020-01-16T23:08:08.61Z</time>
		</trkpt>
		<trkpt lat="35.142242" lon="128.721104">
			<ele>0.00</ele>
			<time>2020-01-16T23:08:09.11Z</time>
		</trkpt>
		<trkpt lat="35.142269" lon="128.721061">
			<ele>0.00</ele>
			<time>2020-01-16T23:08:09.40Z</time>
		</trkpt>
		<trkpt lat="35.142298" lon="128.721045">
			<ele>0.00</ele>
			<time>2020-01-16T23:08:09.62Z</time>
		</trkpt>
		<trkpt lat="35.142339" lon="128.721012">
			<ele>0.00</ele>
			<time>2020-01-16T23:08:09.95Z</time>
		</trkpt>
		<trkpt lat="35.142386" lon="128.720961">
			<ele>0.00</ele>
			<time>2020-01-16T23:08:10.36Z</time>
		</trkpt>
		<trkpt lat="35.142424" lon="128.720922">
			<ele>0.00</ele>
			<time>2020-01-16T23:08:10.69Z</time>
		</trkpt>
		<trkpt lat="35.142465" lon="128.720900">
			<ele>0.00</ele>
			<time>2020-01-16T23:08:11Z</time>
		</trkpt>
		<trkpt lat="35.142514" lon="128.720865">
			<ele>0.00</ele>
			<time>2020-01-16T23:08:11.37Z</time>
		</trkpt>
		<trkpt lat="35.142574" lon="128.720823">
			<ele>0.00</ele>
			<time>2020-01-16T23:08:11.83Z</time>
		</trkpt>
		<trkpt lat="35.142611" lon="128.720805">
			<ele>0.00</ele>
			<time>2020-01-16T23:08:12.10Z</time>
		</trkpt>
		<trkpt lat="35.142679" lon="128.720759">
			<ele>0.00</ele>
			<time>2020-01-16T23:08:12.62Z</time>
		</trkpt>
		<trkpt lat="35.142736" lon="128.720706">
			<ele>0.00</ele>
			<time>2020-01-16T23:08:13.09Z</time>
		</trkpt>
		<trkpt lat="35.142784" lon="128.720676">
			<ele>0.00</ele>
			<time>2020-01-16T23:08:13.45Z</time>
		</trkpt>
		<trkpt lat="35.142820" lon="128.720636">
			<ele>0.00</ele>
			<time>2020-01-16T23:08:13.78Z</time>
		</trkpt>
		<trkpt lat="35.142875" lon="128.720598">
			<ele>0.00</ele>
			<time>2020-01-16T23:08:14.20Z</time>
		</trkpt>
		<trkpt lat="35.142930" lon="128.720565">
			<ele>0.00</ele>
			<time>2020-01-16T23:08:14.61Z</time>
		</trkpt>
		<trkpt lat="35.142984" lon="128.720556">
			<ele>0.00</ele>
			<time>2020-01-16T23:08:14.97Z</time>
		</trkpt>
		<trkpt lat="35.143027" lon="128.720559">
			<ele>0.00</ele>
			<time>2020-01-16T23:08:15.26Z</time>
		</trkpt>
		<trkpt lat="35.143093" lon="128.720598">
			<ele>0.00</ele>
			<time>2020-01-16T23:08:15.74Z</time>
		</trkpt>
		<trkpt lat="35.143152" lon="128.720644">
			<ele>0.00</ele>
			<time>2020-01-16T23:08:16.21Z</time>
		</trkpt>
		<trkpt lat="35.143195" lon="128.720706">
			<ele>0.00</ele>
			<time>2020-01-16T23:08:16.66Z</time>
		</trkpt>
		<trkpt lat="35.143229" lon="128.720802">
			<ele>0.00</ele>
			<time>2020-01-16T23:08:17.23Z</time>
		</trkpt>
		<trkpt lat="35.143252" lon="128.720878">
			<ele>0.00</ele>
			<time>2020-01-16T23:08:17.67Z</time>
		</trkpt>
		<trkpt lat="35.143267" lon="128.720944">
			<ele>0.00</ele>
			<time>2020-01-16T23:08:18.04Z</time>
		</trkpt>
		<trkpt lat="35.143283" lon="128.721016">
			<ele>0.00</ele>
			<time>2020-01-16T23:08:18.45Z</time>
		</trkpt>
		<trkpt lat="35.143311" lon="128.721105">
			<ele>0.00</ele>
			<time>2020-01-16T23:08:18.97Z</time>
		</trkpt>
		<trkpt lat="35.143318" lon="128.721181">
			<ele>0.00</ele>
			<time>2020-01-16T23:08:19.39Z</time>
		</trkpt>
		<trkpt lat="35.143322" lon="128.721244">
			<ele>0.00</ele>
			<time>2020-01-16T23:08:19.73Z</time>
		</trkpt>
		<trkpt lat="35.143320" lon="128.721317">
			<ele>0.00</ele>
			<time>2020-01-16T23:08:20.13Z</time>
		</trkpt>
		<trkpt lat="35.143315" lon="128.721381">
			<ele>0.00</ele>
			<time>2020-01-16T23:08:20.48Z</time>
		</trkpt>
		<trkpt lat="35.143313" lon="128.721441">
			<ele>0.00</ele>
			<time>2020-01-16T23:08:20.80Z</time>
		</trkpt>
		<trkpt lat="35.143312" lon="128.721509">
			<ele>0.00</ele>
			<time>2020-01-16T23:08:21.18Z</time>
		</trkpt>
		<trkpt lat="35.143328" lon="128.721570">
			<ele>0.00</ele>
			<time>2020-01-16T23:08:21.53Z</time>
		</trkpt>
		<trkpt lat="35.143361" lon="128.721664">
			<ele>0.00</ele>
			<time>2020-01-16T23:08:22.08Z</time>
		</trkpt>
		<trkpt lat="35.143387" lon="128.721722">
			<ele>0.00</ele>
			<time>2020-01-16T23:08:22.44Z</time>
		</trkpt>
		<trkpt lat="35.143410" lon="128.721774">
			<ele>0.00</ele>
			<time>2020-01-16T23:08:22.76Z</time>
		</trkpt>
		<trkpt lat="35.143433" lon="128.721816">
			<ele>0.00</ele>
			<time>2020-01-16T23:08:23.04Z</time>
		</trkpt>
		<trkpt lat="35.143456" lon="128.721861">
			<ele>0.00</ele>
			<time>2020-01-16T23:08:23.33Z</time>
		</trkpt>
		<trkpt lat="35.143488" lon="128.721916">
			<ele>0.00</ele>
			<time>2020-01-16T23:08:23.70Z</time>
		</trkpt>
		<trkpt lat="35.143517" lon="128.721963">
			<ele>0.00</ele>
			<time>2020-01-16T23:08:24.02Z</time>
		</trkpt>
		<trkpt lat="35.143551" lon="128.722001">
			<ele>0.00</ele>
			<time>2020-01-16T23:08:24.33Z</time>
		</trkpt>
		<trkpt lat="35.143594" lon="128.722044">
			<ele>0.00</ele>
			<time>2020-01-16T23:08:24.70Z</time>
		</trkpt>
		<trkpt lat="35.143630" lon="128.722071">
			<ele>0.00</ele>
			<time>2020-01-16T23:08:24.98Z</time>
		</trkpt>
		<trkpt lat="35.143673" lon="128.722095">
			<ele>0.00</ele>
			<time>2020-01-16T23:08:25.30Z</time>
		</trkpt>
		<trkpt lat="35.143708" lon="128.722107">
			<ele>0.00</ele>
			<time>2020-01-16T23:08:25.54Z</time>
		</trkpt>
		<trkpt lat="35.143755" lon="128.722108">
			<ele>0.00</ele>
			<time>2020-01-16T23:08:25.85Z</time>
		</trkpt>
		<trkpt lat="35.143806" lon="128.722120">
			<ele>0.00</ele>
			<time>2020-01-16T23:08:26.19Z</time>
		</trkpt>
		<trkpt lat="35.143854" lon="128.722125">
			<ele>0.00</ele>
			<time>2020-01-16T23:08:26.52Z</time>
		</trkpt>
		<trkpt lat="35.143893" lon="128.722129">
			<ele>0.00</ele>
			<time>2020-01-16T23:08:26.78Z</time>
		</trkpt>
		<trkpt lat="35.143939" lon="128.722118">
			<ele>0.00</ele>
			<time>2020-01-16T23:08:27.09Z</time>
		</trkpt>
		<trkpt lat="35.143977" lon="128.722101">
			<ele>0.00</ele>
			<time>2020-01-16T23:08:27.36Z</time>
		</trkpt>
		<trkpt lat="35.144014" lon="128.722072">
			<ele>0.00</ele>
			<time>2020-01-16T23:08:27.65Z</time>
		</trkpt>
		<trkpt lat="35.144048" lon="128.722048">
			<ele>0.00</ele>
			<time>2020-01-16T23:08:27.92Z</time>
		</trkpt>
		<trkpt lat="35.144086" lon="128.722014">
			<ele>0.00</ele>
			<time>2020-01-16T23:08:28.23Z</time>
		</trkpt>
		<trkpt lat="35.144120" lon="128.721978">
			<ele>0.00</ele>
			<time>2020-01-16T23:08:28.53Z</time>
		</trkpt>
		<trkpt lat="35.144144" lon="128.721954">
			<ele>0.00</ele>
			<time>2020-01-16T23:08:28.74Z</time>
		</trkpt>
		<trkpt lat="35.144165" lon="128.721937">
			<ele>0.00</ele>
			<time>2020-01-16T23:08:28.90Z</time>
		</trkpt>
		<trkpt lat="35.144196" lon="128.721924">
			<ele>0.00</ele>
			<time>2020-01-16T23:08:29.12Z</time>
		</trkpt>
		<trkpt lat="35.144243" lon="128.721918">
			<ele>0.00</ele>
			<time>2020-01-16T23:08:29.44Z</time>
		</trkpt>
		<trkpt lat="35.144295" lon="128.721902">
			<ele>0.00</ele>
			<time>2020-01-16T23:08:29.80Z</time>
		</trkpt>
		<trkpt lat="35.144338" lon="128.721896">
			<ele>0.00</ele>
			<time>2020-01-16T23:08:30.09Z</time>
		</trkpt>
		<trkpt lat="35.144384" lon="128.721892">
			<ele>0.00</ele>
			<time>2020-01-16T23:08:30.39Z</time>
		</trkpt>
		<trkpt lat="35.144430" lon="128.721899">
			<ele>0.00</ele>
			<time>2020-01-16T23:08:30.70Z</time>
		</trkpt>
		<trkpt lat="35.144484" lon="128.721923">
			<ele>0.00</ele>
			<time>2020-01-16T23:08:31.08Z</time>
		</trkpt>
		<trkpt lat="35.144532" lon="128.721962">
			<ele>0.00</ele>
			<time>2020-01-16T23:08:31.47Z</time>
		</trkpt>
		<trkpt lat="35.144566" lon="128.721998">
			<ele>0.00</ele>
			<time>2020-01-16T23:08:31.77Z</time>
		</trkpt>
		<trkpt lat="35.144598" lon="128.722032">
			<ele>0.00</ele>
			<time>2020-01-16T23:08:32.05Z</time>
		</trkpt>
		<trkpt lat="35.144650" lon="128.722067">
			<ele>0.00</ele>
			<time>2020-01-16T23:08:32.45Z</time>
		</trkpt>
		<trkpt lat="35.144691" lon="128.722091">
			<ele>0.00</ele>
			<time>2020-01-16T23:08:32.75Z</time>
		</trkpt>
		<trkpt lat="35.144738" lon="128.722113">
			<ele>0.00</ele>
			<time>2020-01-16T23:08:33.08Z</time>
		</trkpt>
		<trkpt lat="35.144788" lon="128.722137">
			<ele>0.00</ele>
			<time>2020-01-16T23:08:33.44Z</time>
		</trkpt>
		<trkpt lat="35.144824" lon="128.722167">
			<ele>0.00</ele>
			<time>2020-01-16T23:08:33.73Z</time>
		</trkpt>
		<trkpt lat="35.144859" lon="128.722208">
			<ele>0.00</ele>
			<time>2020-01-16T23:08:34.06Z</time>
		</trkpt>
		<trkpt lat="35.144893" lon="128.722242">
			<ele>0.00</ele>
			<time>2020-01-16T23:08:34.35Z</time>
		</trkpt>
		<trkpt lat="35.144929" lon="128.722279">
			<ele>0.00</ele>
			<time>2020-01-16T23:08:34.66Z</time>
		</trkpt>
		<trkpt lat="35.144952" lon="128.722310">
			<ele>0.00</ele>
			<time>2020-01-16T23:08:34.89Z</time>
		</trkpt>
		<trkpt lat="35.144970" lon="128.722349">
			<ele>0.00</ele>
			<time>2020-01-16T23:08:35.14Z</time>
		</trkpt>
		<trkpt lat="35.144993" lon="128.722413">
			<ele>0.00</ele>
			<time>2020-01-16T23:08:35.52Z</time>
		</trkpt>
		<trkpt lat="35.144997" lon="128.722481">
			<ele>0.00</ele>
			<time>2020-01-16T23:08:35.89Z</time>
		</trkpt>
		<trkpt lat="35.145020" lon="128.722537">
			<ele>0.00</ele>
			<time>2020-01-16T23:08:36.23Z</time>
		</trkpt>
		<trkpt lat="35.145039" lon="128.722590">
			<ele>0.00</ele>
			<time>2020-01-16T23:08:36.54Z</time>
		</trkpt>
		<trkpt lat="35.145046" lon="128.722660">
			<ele>0.00</ele>
			<time>2020-01-16T23:08:36.93Z</time>
		</trkpt>
		<trkpt lat="35.145051" lon="128.722736">
			<ele>0.00</ele>
			<time>2020-01-16T23:08:37.34Z</time>
		</trkpt>
		<trkpt lat="35.145059" lon="128.722823">
			<ele>0.00</ele>
			<time>2020-01-16T23:08:37.82Z</time>
		</trkpt>
		<trkpt lat="35.145063" lon="128.722896">
			<ele>0.00</ele>
			<time>2020-01-16T23:08:38.22Z</time>
		</trkpt>
		<trkpt lat="35.145074" lon="128.722958">
			<ele>0.00</ele>
			<time>2020-01-16T23:08:38.56Z</time>
		</trkpt>
		<trkpt lat="35.145074" lon="128.722962">
			<ele>0.00</ele>
			<time>2020-01-16T23:08:38.62Z</time>
		</trkpt>
		<trkpt lat="35.145074" lon="128.723036">
			<ele>0.00</ele>
			<time>2020-01-16T23:08:39.03Z</time>
		</trkpt>
		<trkpt lat="35.145073" lon="128.723038">
			<ele>0.00</ele>
			<time>2020-01-16T23:08:39.09Z</time>
		</trkpt>
		<trkpt lat="35.145070" lon="128.723072">
			<ele>0.00</ele>
			<time>2020-01-16T23:08:39.27Z</time>
		</trkpt>
		<trkpt lat="35.145062" lon="128.723114">
			<ele>0.00</ele>
			<time>2020-01-16T23:08:39.51Z</time>
		</trkpt>
		<trkpt lat="35.145036" lon="128.723183">
			<ele>0.00</ele>
			<time>2020-01-16T23:08:39.93Z</time>
		</trkpt>
		<trkpt lat="35.145007" lon="128.723240">
			<ele>0.00</ele>
			<time>2020-01-16T23:08:40.29Z</time>
		</trkpt>
		<trkpt lat="35.144988" lon="128.723277">
			<ele>0.00</ele>
			<time>2020-01-16T23:08:40.53Z</time>
		</trkpt>
		<trkpt lat="35.144970" lon="128.723324">
			<ele>0.00</ele>
			<time>2020-01-16T23:08:40.81Z</time>
		</trkpt>
		<trkpt lat="35.144954" lon="128.723373">
			<ele>0.00</ele>
			<time>2020-01-16T23:08:41.10Z</time>
		</trkpt>
		<trkpt lat="35.144946" lon="128.723415">
			<ele>0.00</ele>
			<time>2020-01-16T23:08:41.33Z</time>
		</trkpt>
		<trkpt lat="35.144937" lon="128.723466">
			<ele>0.00</ele>
			<time>2020-01-16T23:08:41.62Z</time>
		</trkpt>
		<trkpt lat="35.144936" lon="128.723501">
			<ele>0.00</ele>
			<time>2020-01-16T23:08:41.81Z</time>
		</trkpt>
		<trkpt lat="35.144927" lon="128.723555">
			<ele>0.00</ele>
			<time>2020-01-16T23:08:42.11Z</time>
		</trkpt>
		<trkpt lat="35.144929" lon="128.723612">
			<ele>0.00</ele>
			<time>2020-01-16T23:08:42.42Z</time>
		</trkpt>
		<trkpt lat="35.144936" lon="128.723671">
			<ele>0.00</ele>
			<time>2020-01-16T23:08:42.75Z</time>
		</trkpt>
		<trkpt lat="35.144951" lon="128.723714">
			<ele>0.00</ele>
			<time>2020-01-16T23:08:43Z</time>
		</trkpt>
		<trkpt lat="35.144965" lon="128.723749">
			<ele>0.00</ele>
			<time>2020-01-16T23:08:43.22Z</time>
		</trkpt>
		<trkpt lat="35.144989" lon="128.723787">
			<ele>0.00</ele>
			<time>2020-01-16T23:08:43.48Z</time>
		</trkpt>
		<trkpt lat="35.145018" lon="128.723830">
			<ele>0.00</ele>
			<time>2020-01-16T23:08:43.78Z</time>
		</trkpt>
		<trkpt lat="35.145018" lon="128.723832">
			<ele>0.00</ele>
			<time>2020-01-16T23:08:43.84Z</time>
		</trkpt>
		<trkpt lat="35.145038" lon="128.723877">
			<ele>0.00</ele>
			<time>2020-01-16T23:08:44.12Z</time>
		</trkpt>
		<trkpt lat="35.145038" lon="128.723879">
			<ele>0.00</ele>
			<time>2020-01-16T23:08:44.18Z</time>
		</trkpt>
		<trkpt lat="35.145046" lon="128.723929">
			<ele>0.00</ele>
			<time>2020-01-16T23:08:44.46Z</time>
		</trkpt>
		<trkpt lat="35.145061" lon="128.723982">
			<ele>0.00</ele>
			<time>2020-01-16T23:08:44.76Z</time>
		</trkpt>
		<trkpt lat="35.145081" lon="128.724055">
			<ele>0.00</ele>
			<time>2020-01-16T23:08:45.18Z</time>
		</trkpt>
		<trkpt lat="35.145110" lon="128.724106">
			<ele>0.00</ele>
			<time>2020-01-16T23:08:45.52Z</time>
		</trkpt>
		<trkpt lat="35.145142" lon="128.724158">
			<ele>0.00</ele>
			<time>2020-01-16T23:08:45.87Z</time>
		</trkpt>
		<trkpt lat="35.145184" lon="128.724205">
			<ele>0.00</ele>
			<time>2020-01-16T23:08:46.26Z</time>
		</trkpt>
		<trkpt lat="35.145217" lon="128.724241">
			<ele>0.00</ele>
			<time>2020-01-16T23:08:46.55Z</time>
		</trkpt>
		<trkpt lat="35.145252" lon="128.724277">
			<ele>0.00</ele>
			<time>2020-01-16T23:08:46.85Z</time>
		</trkpt>
		<trkpt lat="35.145276" lon="128.724308">
			<ele>0.00</ele>
			<time>2020-01-16T23:08:47.09Z</time>
		</trkpt>
		<trkpt lat="35.145324" lon="128.724341">
			<ele>0.00</ele>
			<time>2020-01-16T23:08:47.46Z</time>
		</trkpt>
		<trkpt lat="35.145374" lon="128.724369">
			<ele>0.00</ele>
			<time>2020-01-16T23:08:47.82Z</time>
		</trkpt>
		<trkpt lat="35.145420" lon="128.724392">
			<ele>0.00</ele>
			<time>2020-01-16T23:08:48.15Z</time>
		</trkpt>
		<trkpt lat="35.145476" lon="128.724410">
			<ele>0.00</ele>
			<time>2020-01-16T23:08:48.54Z</time>
		</trkpt>
		<trkpt lat="35.145479" lon="128.724410">
			<ele>0.00</ele>
			<time>2020-01-16T23:08:48.60Z</time>
		</trkpt>
		<trkpt lat="35.145541" lon="128.724414">
			<ele>0.00</ele>
			<time>2020-01-16T23:08:49.01Z</time>
		</trkpt>
		<trkpt lat="35.145589" lon="128.724413">
			<ele>0.00</ele>
			<time>2020-01-16T23:08:49.34Z</time>
		</trkpt>
		<trkpt lat="35.145647" lon="128.724414">
			<ele>0.00</ele>
			<time>2020-01-16T23:08:49.72Z</time>
		</trkpt>
		<trkpt lat="35.145699" lon="128.724419">
			<ele>0.00</ele>
			<time>2020-01-16T23:08:50.07Z</time>
		</trkpt>
		<trkpt lat="35.145764" lon="128.724421">
			<ele>0.00</ele>
			<time>2020-01-16T23:08:50.50Z</time>
		</trkpt>
		<trkpt lat="35.145810" lon="128.724426">
			<ele>0.00</ele>
			<time>2020-01-16T23:08:50.81Z</time>
		</trkpt>
		<trkpt lat="35.145850" lon="128.724453">
			<ele>0.00</ele>
			<time>2020-01-16T23:08:51.12Z</time>
		</trkpt>
		<trkpt lat="35.145852" lon="128.724456">
			<ele>0.00</ele>
			<time>2020-01-16T23:08:51.18Z</time>
		</trkpt>
		<trkpt lat="35.145865" lon="128.724520">
			<ele>0.00</ele>
			<time>2020-01-16T23:08:51.54Z</time>
		</trkpt>
		<trkpt lat="35.145877" lon="128.724582">
			<ele>0.00</ele>
			<time>2020-01-16T23:08:51.89Z</time>
		</trkpt>
		<trkpt lat="35.145882" lon="128.724651">
			<ele>0.00</ele>
			<time>2020-01-16T23:08:52.26Z</time>
		</trkpt>
		<trkpt lat="35.145871" lon="128.724737">
			<ele>0.00</ele>
			<time>2020-01-16T23:08:52.74Z</time>
		</trkpt>
		<trkpt lat="35.145858" lon="128.724801">
			<ele>0.00</ele>
			<time>2020-01-16T23:08:53.10Z</time>
		</trkpt>
		<trkpt lat="35.145850" lon="128.724873">
			<ele>0.00</ele>
			<time>2020-01-16T23:08:53.50Z</time>
		</trkpt>
		<trkpt lat="35.145842" lon="128.724919">
			<ele>0.00</ele>
			<time>2020-01-16T23:08:53.75Z</time>
		</trkpt>
		<trkpt lat="35.145844" lon="128.724975">
			<ele>0.00</ele>
			<time>2020-01-16T23:08:54.06Z</time>
		</trkpt>
		<trkpt lat="35.145850" lon="128.725010">
			<ele>0.00</ele>
			<time>2020-01-16T23:08:54.25Z</time>
		</trkpt>
		<trkpt lat="35.145864" lon="128.725047">
			<ele>0.00</ele>
			<time>2020-01-16T23:08:54.47Z</time>
		</trkpt>
		<trkpt lat="35.145912" lon="128.725072">
			<ele>0.00</ele>
			<time>2020-01-16T23:08:54.82Z</time>
		</trkpt>
		<trkpt lat="35.145965" lon="128.725102">
			<ele>0.00</ele>
			<time>2020-01-16T23:08:55.21Z</time>
		</trkpt>
		<trkpt lat="35.146016" lon="128.725141">
			<ele>0.00</ele>
			<time>2020-01-16T23:08:55.61Z</time>
		</trkpt>
		<trkpt lat="35.146060" lon="128.725170">
			<ele>0.00</ele>
			<time>2020-01-16T23:08:55.94Z</time>
		</trkpt>
		<trkpt lat="35.146108" lon="128.725210">
			<ele>0.00</ele>
			<time>2020-01-16T23:08:56.33Z</time>
		</trkpt>
		<trkpt lat="35.146152" lon="128.725236">
			<ele>0.00</ele>
			<time>2020-01-16T23:08:56.66Z</time>
		</trkpt>
		<trkpt lat="35.146194" lon="128.725259">
			<ele>0.00</ele>
			<time>2020-01-16T23:08:56.96Z</time>
		</trkpt>
		<trkpt lat="35.146230" lon="128.725276">
			<ele>0.00</ele>
			<time>2020-01-16T23:08:57.22Z</time>
		</trkpt>
		<trkpt lat="35.146269" lon="128.725298">
			<ele>0.00</ele>
			<time>2020-01-16T23:08:57.51Z</time>
		</trkpt>
		<trkpt lat="35.146305" lon="128.725321">
			<ele>0.00</ele>
			<time>2020-01-16T23:08:57.78Z</time>
		</trkpt>
		<trkpt lat="35.146345" lon="128.725342">
			<ele>0.00</ele>
			<time>2020-01-16T23:08:58.07Z</time>
		</trkpt>
		<trkpt lat="35.146377" lon="128.725364">
			<ele>0.00</ele>
			<time>2020-01-16T23:08:58.31Z</time>
		</trkpt>
		<trkpt lat="35.146408" lon="128.725388">
			<ele>0.00</ele>
			<time>2020-01-16T23:08:58.56Z</time>
		</trkpt>
		<trkpt lat="35.146449" lon="128.725428">
			<ele>0.00</ele>
			<time>2020-01-16T23:08:58.91Z</time>
		</trkpt>
		<trkpt lat="35.146485" lon="128.725462">
			<ele>0.00</ele>
			<time>2020-01-16T23:08:59.21Z</time>
		</trkpt>
		<trkpt lat="35.146512" lon="128.725501">
			<ele>0.00</ele>
			<time>2020-01-16T23:08:59.49Z</time>
		</trkpt>
		<trkpt lat="35.146547" lon="128.725526">
			<ele>0.00</ele>
			<time>2020-01-16T23:08:59.76Z</time>
		</trkpt>
		<trkpt lat="35.146583" lon="128.725537">
			<ele>0.00</ele>
			<time>2020-01-16T23:09:00Z</time>
		</trkpt>
		<trkpt lat="35.146627" lon="128.725549">
			<ele>0.00</ele>
			<time>2020-01-16T23:09:00.31Z</time>
		</trkpt>
		<trkpt lat="35.146674" lon="128.725560">
			<ele>0.00</ele>
			<time>2020-01-16T23:09:00.62Z</time>
		</trkpt>
		<trkpt lat="35.146719" lon="128.725570">
			<ele>0.00</ele>
			<time>2020-01-16T23:09:00.93Z</time>
		</trkpt>
		<trkpt lat="35.146763" lon="128.725586">
			<ele>0.00</ele>
			<time>2020-01-16T23:09:01.24Z</time>
		</trkpt>
		<trkpt lat="35.146800" lon="128.725597">
			<ele>0.00</ele>
			<time>2020-01-16T23:09:01.49Z</time>
		</trkpt>
		<trkpt lat="35.146866" lon="128.725627">
			<ele>0.00</ele>
			<time>2020-01-16T23:09:01.96Z</time>
		</trkpt>
		<trkpt lat="35.146900" lon="128.725642">
			<ele>0.00</ele>
			<time>2020-01-16T23:09:02.20Z</time>
		</trkpt>
		<trkpt lat="35.146935" lon="128.725663">
			<ele>0.00</ele>
			<time>2020-01-16T23:09:02.46Z</time>
		</trkpt>
		<trkpt lat="35.146977" lon="128.725675">
			<ele>0.00</ele>
			<time>2020-01-16T23:09:02.75Z</time>
		</trkpt>
		<trkpt lat="35.147019" lon="128.725696">
			<ele>0.00</ele>
			<time>2020-01-16T23:09:03.05Z</time>
		</trkpt>
		<trkpt lat="35.147060" lon="128.725705">
			<ele>0.00</ele>
			<time>2020-01-16T23:09:03.33Z</time>
		</trkpt>
		<trkpt lat="35.147102" lon="128.725715">
			<ele>0.00</ele>
			<time>2020-01-16T23:09:03.61Z</time>
		</trkpt>
		<trkpt lat="35.147135" lon="128.725728">
			<ele>0.00</ele>
			<time>2020-01-16T23:09:03.85Z</time>
		</trkpt>
		<trkpt lat="35.147173" lon="128.725737">
			<ele>0.00</ele>
			<time>2020-01-16T23:09:04.10Z</time>
		</trkpt>
		<trkpt lat="35.147231" lon="128.725755">
			<ele>0.00</ele>
			<time>2020-01-16T23:09:04.50Z</time>
		</trkpt>
		<trkpt lat="35.147260" lon="128.725759">
			<ele>0.00</ele>
			<time>2020-01-16T23:09:04.70Z</time>
		</trkpt>
		<trkpt lat="35.147309" lon="128.725766">
			<ele>0.00</ele>
			<time>2020-01-16T23:09:05.03Z</time>
		</trkpt>
		<trkpt lat="35.147356" lon="128.725768">
			<ele>0.00</ele>
			<time>2020-01-16T23:09:05.34Z</time>
		</trkpt>
		<trkpt lat="35.147396" lon="128.725767">
			<ele>0.00</ele>
			<time>2020-01-16T23:09:05.61Z</time>
		</trkpt>
		<trkpt lat="35.147436" lon="128.725760">
			<ele>0.00</ele>
			<time>2020-01-16T23:09:05.88Z</time>
		</trkpt>
		<trkpt lat="35.147476" lon="128.725755">
			<ele>0.00</ele>
			<time>2020-01-16T23:09:06.14Z</time>
		</trkpt>
		<trkpt lat="35.147511" lon="128.725756">
			<ele>0.00</ele>
			<time>2020-01-16T23:09:06.37Z</time>
		</trkpt>
		<trkpt lat="35.147544" lon="128.725748">
			<ele>0.00</ele>
			<time>2020-01-16T23:09:06.60Z</time>
		</trkpt>
		<trkpt lat="35.147592" lon="128.725729">
			<ele>0.00</ele>
			<time>2020-01-16T23:09:06.93Z</time>
		</trkpt>
		<trkpt lat="35.147629" lon="128.725717">
			<ele>0.00</ele>
			<time>2020-01-16T23:09:07.19Z</time>
		</trkpt>
		<trkpt lat="35.147686" lon="128.725686">
			<ele>0.00</ele>
			<time>2020-01-16T23:09:07.61Z</time>
		</trkpt>
		<trkpt lat="35.147727" lon="128.725662">
			<ele>0.00</ele>
			<time>2020-01-16T23:09:07.91Z</time>
		</trkpt>
		<trkpt lat="35.147774" lon="128.725633">
			<ele>0.00</ele>
			<time>2020-01-16T23:09:08.26Z</time>
		</trkpt>
		<trkpt lat="35.147813" lon="128.725603">
			<ele>0.00</ele>
			<time>2020-01-16T23:09:08.57Z</time>
		</trkpt>
		<trkpt lat="35.147860" lon="128.725570">
			<ele>0.00</ele>
			<time>2020-01-16T23:09:08.93Z</time>
		</trkpt>
		<trkpt lat="35.147890" lon="128.725547">
			<ele>0.00</ele>
			<time>2020-01-16T23:09:09.17Z</time>
		</trkpt>
		<trkpt lat="35.147925" lon="128.725517">
			<ele>0.00</ele>
			<time>2020-01-16T23:09:09.45Z</time>
		</trkpt>
		<trkpt lat="35.147973" lon="128.725485">
			<ele>0.00</ele>
			<time>2020-01-16T23:09:09.81Z</time>
		</trkpt>
		<trkpt lat="35.148014" lon="128.725448">
			<ele>0.00</ele>
			<time>2020-01-16T23:09:10.16Z</time>
		</trkpt>
		<trkpt lat="35.148060" lon="128.725416">
			<ele>0.00</ele>
			<time>2020-01-16T23:09:10.51Z</time>
		</trkpt>
		<trkpt lat="35.148108" lon="128.725382">
			<ele>0.00</ele>
			<time>2020-01-16T23:09:10.88Z</time>
		</trkpt>
		<trkpt lat="35.148152" lon="128.725363">
			<ele>0.00</ele>
			<time>2020-01-16T23:09:11.19Z</time>
		</trkpt>
		<trkpt lat="35.148191" lon="128.725336">
			<ele>0.00</ele>
			<time>2020-01-16T23:09:11.49Z</time>
		</trkpt>
		<trkpt lat="35.148229" lon="128.725299">
			<ele>0.00</ele>
			<time>2020-01-16T23:09:11.81Z</time>
		</trkpt>
		<trkpt lat="35.148271" lon="128.725266">
			<ele>0.00</ele>
			<time>2020-01-16T23:09:12.14Z</time>
		</trkpt>
		<trkpt lat="35.148323" lon="128.725230">
			<ele>0.00</ele>
			<time>2020-01-16T23:09:12.54Z</time>
		</trkpt>
		<trkpt lat="35.148351" lon="128.725197">
			<ele>0.00</ele>
			<time>2020-01-16T23:09:12.80Z</time>
		</trkpt>
		<trkpt lat="35.148392" lon="128.725158">
			<ele>0.00</ele>
			<time>2020-01-16T23:09:13.15Z</time>
		</trkpt>
		<trkpt lat="35.148424" lon="128.725124">
			<ele>0.00</ele>
			<time>2020-01-16T23:09:13.43Z</time>
		</trkpt>
		<trkpt lat="35.148465" lon="128.725109">
			<ele>0.00</ele>
			<time>2020-01-16T23:09:13.71Z</time>
		</trkpt>
		<trkpt lat="35.148542" lon="128.725092">
			<ele>0.00</ele>
			<time>2020-01-16T23:09:14.24Z</time>
		</trkpt>
		<trkpt lat="35.148600" lon="128.725079">
			<ele>0.00</ele>
			<time>2020-01-16T23:09:14.63Z</time>
		</trkpt>
		<trkpt lat="35.148659" lon="128.725076">
			<ele>0.00</ele>
			<time>2020-01-16T23:09:15.03Z</time>
		</trkpt>
		<trkpt lat="35.148732" lon="128.725075">
			<ele>0.00</ele>
			<time>2020-01-16T23:09:15.51Z</time>
		</trkpt>
		<trkpt lat="35.148807" lon="128.725063">
			<ele>0.00</ele>
			<time>2020-01-16T23:09:16.02Z</time>
		</trkpt>
		<trkpt lat="35.148850" lon="128.725053">
			<ele>0.00</ele>
			<time>2020-01-16T23:09:16.30Z</time>
		</trkpt>
		<trkpt lat="35.148915" lon="128.725043">
			<ele>0.00</ele>
			<time>2020-01-16T23:09:16.75Z</time>
		</trkpt>
		<trkpt lat="35.148972" lon="128.725034">
			<ele>0.00</ele>
			<time>2020-01-16T23:09:17.13Z</time>
		</trkpt>
		<trkpt lat="35.149024" lon="128.725039">
			<ele>0.00</ele>
			<time>2020-01-16T23:09:17.48Z</time>
		</trkpt>
		<trkpt lat="35.149079" lon="128.725048">
			<ele>0.00</ele>
			<time>2020-01-16T23:09:17.84Z</time>
		</trkpt>
		<trkpt lat="35.149151" lon="128.725060">
			<ele>0.00</ele>
			<time>2020-01-16T23:09:18.33Z</time>
		</trkpt>
		<trkpt lat="35.149212" lon="128.725075">
			<ele>0.00</ele>
			<time>2020-01-16T23:09:18.74Z</time>
		</trkpt>
		<trkpt lat="35.149287" lon="128.725074">
			<ele>0.00</ele>
			<time>2020-01-16T23:09:19.24Z</time>
		</trkpt>
		<trkpt lat="35.149349" lon="128.725079">
			<ele>0.00</ele>
			<time>2020-01-16T23:09:19.66Z</time>
		</trkpt>
		<trkpt lat="35.149425" lon="128.725076">
			<ele>0.00</ele>
			<time>2020-01-16T23:09:20.17Z</time>
		</trkpt>
		<trkpt lat="35.149492" lon="128.725071">
			<ele>0.00</ele>
			<time>2020-01-16T23:09:20.61Z</time>
		</trkpt>
		<trkpt lat="35.149553" lon="128.725064">
			<ele>0.00</ele>
			<time>2020-01-16T23:09:21.02Z</time>
		</trkpt>
		<trkpt lat="35.149621" lon="128.725065">
			<ele>0.00</ele>
			<time>2020-01-16T23:09:21.47Z</time>
		</trkpt>
		<trkpt lat="35.149668" lon="128.725058">
			<ele>0.00</ele>
			<time>2020-01-16T23:09:21.79Z</time>
		</trkpt>
		<trkpt lat="35.149724" lon="128.725049">
			<ele>0.00</ele>
			<time>2020-01-16T23:09:22.17Z</time>
		</trkpt>
		<trkpt lat="35.149764" lon="128.725059">
			<ele>0.00</ele>
			<time>2020-01-16T23:09:22.44Z</time>
		</trkpt>
		<trkpt lat="35.149795" lon="128.725087">
			<ele>0.00</ele>
			<time>2020-01-16T23:09:22.70Z</time>
		</trkpt>
		<trkpt lat="35.149816" lon="128.725130">
			<ele>0.00</ele>
			<time>2020-01-16T23:09:22.97Z</time>
		</trkpt>
		<trkpt lat="35.149833" lon="128.725182">
			<ele>0.00</ele>
			<time>2020-01-16T23:09:23.27Z</time>
		</trkpt>
		<trkpt lat="35.149851" lon="128.725221">
			<ele>0.00</ele>
			<time>2020-01-16T23:09:23.52Z</time>
		</trkpt>
		<trkpt lat="35.149861" lon="128.725281">
			<ele>0.00</ele>
			<time>2020-01-16T23:09:23.85Z</time>
		</trkpt>
		<trkpt lat="35.149869" lon="128.725352">
			<ele>0.00</ele>
			<time>2020-01-16T23:09:24.24Z</time>
		</trkpt>
		<trkpt lat="35.149872" lon="128.725424">
			<ele>0.00</ele>
			<time>2020-01-16T23:09:24.64Z</time>
		</trkpt>
		<trkpt lat="35.149872" lon="128.725488">
			<ele>0.00</ele>
			<time>2020-01-16T23:09:24.99Z</time>
		</trkpt>
		<trkpt lat="35.149878" lon="128.725553">
			<ele>0.00</ele>
			<time>2020-01-16T23:09:25.34Z</time>
		</trkpt>
		<trkpt lat="35.149880" lon="128.725612">
			<ele>0.00</ele>
			<time>2020-01-16T23:09:25.66Z</time>
		</trkpt>
		<trkpt lat="35.149882" lon="128.725672">
			<ele>0.00</ele>
			<time>2020-01-16T23:09:25.99Z</time>
		</trkpt>
		<trkpt lat="35.149883" lon="128.725744">
			<ele>0.00</ele>
			<time>2020-01-16T23:09:26.38Z</time>
		</trkpt>
		<trkpt lat="35.149881" lon="128.725812">
			<ele>0.00</ele>
			<time>2020-01-16T23:09:26.75Z</time>
		</trkpt>
		<trkpt lat="35.149874" lon="128.725880">
			<ele>0.00</ele>
			<time>2020-01-16T23:09:27.13Z</time>
		</trkpt>
		<trkpt lat="35.149869" lon="128.725950">
			<ele>0.00</ele>
			<time>2020-01-16T23:09:27.51Z</time>
		</trkpt>
		<trkpt lat="35.149858" lon="128.726006">
			<ele>0.00</ele>
			<time>2020-01-16T23:09:27.83Z</time>
		</trkpt>
		<trkpt lat="35.149848" lon="128.726071">
			<ele>0.00</ele>
			<time>2020-01-16T23:09:28.19Z</time>
		</trkpt>
		<trkpt lat="35.149831" lon="128.726119">
			<ele>0.00</ele>
			<time>2020-01-16T23:09:28.47Z</time>
		</trkpt>
		<trkpt lat="35.149811" lon="128.726177">
			<ele>0.00</ele>
			<time>2020-01-16T23:09:28.81Z</time>
		</trkpt>
		<trkpt lat="35.149781" lon="128.726256">
			<ele>0.00</ele>
			<time>2020-01-16T23:09:29.29Z</time>
		</trkpt>
		<trkpt lat="35.149757" lon="128.726332">
			<ele>0.00</ele>
			<time>2020-01-16T23:09:29.73Z</time>
		</trkpt>
		<trkpt lat="35.149734" lon="128.726397">
			<ele>0.00</ele>
			<time>2020-01-16T23:09:30.12Z</time>
		</trkpt>
		<trkpt lat="35.149723" lon="128.726437">
			<ele>0.00</ele>
			<time>2020-01-16T23:09:30.35Z</time>
		</trkpt>
		<trkpt lat="35.149713" lon="128.726486">
			<ele>0.00</ele>
			<time>2020-01-16T23:09:30.62Z</time>
		</trkpt>
		<trkpt lat="35.149705" lon="128.726543">
			<ele>0.00</ele>
			<time>2020-01-16T23:09:30.94Z</time>
		</trkpt>
		<trkpt lat="35.149700" lon="128.726607">
			<ele>0.00</ele>
			<time>2020-01-16T23:09:31.29Z</time>
		</trkpt>
		<trkpt lat="35.149698" lon="128.726655">
			<ele>0.00</ele>
			<time>2020-01-16T23:09:31.55Z</time>
		</trkpt>
		<trkpt lat="35.149687" lon="128.726725">
			<ele>0.00</ele>
			<time>2020-01-16T23:09:31.94Z</time>
		</trkpt>
		<trkpt lat="35.149680" lon="128.726778">
			<ele>0.00</ele>
			<time>2020-01-16T23:09:32.23Z</time>
		</trkpt>
		<trkpt lat="35.149668" lon="128.726819">
			<ele>0.00</ele>
			<time>2020-01-16T23:09:32.47Z</time>
		</trkpt>
		<trkpt lat="35.149656" lon="128.726852">
			<ele>0.00</ele>
			<time>2020-01-16T23:09:32.67Z</time>
		</trkpt>
		<trkpt lat="35.149641" lon="128.726900">
			<ele>0.00</ele>
			<time>2020-01-16T23:09:32.95Z</time>
		</trkpt>
		<trkpt lat="35.149626" lon="128.726944">
			<ele>0.00</ele>
			<time>2020-01-16T23:09:33.21Z</time>
		</trkpt>
		<trkpt lat="35.149621" lon="128.726983">
			<ele>0.00</ele>
			<time>2020-01-16T23:09:33.42Z</time>
		</trkpt>
		<trkpt lat="35.149621" lon="128.727026">
			<ele>0.00</ele>
			<time>2020-01-16T23:09:33.65Z</time>
		</trkpt>
		<trkpt lat="35.149620" lon="128.727070">
			<ele>0.00</ele>
			<time>2020-01-16T23:09:33.89Z</time>
		</trkpt>
		<trkpt lat="35.149620" lon="128.727114">
			<ele>0.00</ele>
			<time>2020-01-16T23:09:34.14Z</time>
		</trkpt>
		<trkpt lat="35.149619" lon="128.727117">
			<ele>0.00</ele>
			<time>2020-01-16T23:09:34.20Z</time>
		</trkpt>
		<trkpt lat="35.149637" lon="128.727173">
			<ele>0.00</ele>
			<time>2020-01-16T23:09:34.52Z</time>
		</trkpt>
		<trkpt lat="35.149637" lon="128.727175">
			<ele>0.00</ele>
			<time>2020-01-16T23:09:34.58Z</time>
		</trkpt>
		<trkpt lat="35.149645" lon="128.727229">
			<ele>0.00</ele>
			<time>2020-01-16T23:09:34.88Z</time>
		</trkpt>
		<trkpt lat="35.149677" lon="128.727264">
			<ele>0.00</ele>
			<time>2020-01-16T23:09:35.16Z</time>
		</trkpt>
		<trkpt lat="35.149708" lon="128.727287">
			<ele>0.00</ele>
			<time>2020-01-16T23:09:35.41Z</time>
		</trkpt>
		<trkpt lat="35.149752" lon="128.727324">
			<ele>0.00</ele>
			<time>2020-01-16T23:09:35.76Z</time>
		</trkpt>
		<trkpt lat="35.149797" lon="128.727359">
			<ele>0.00</ele>
			<time>2020-01-16T23:09:36.12Z</time>
		</trkpt>
		<trkpt lat="35.149834" lon="128.727379">
			<ele>0.00</ele>
			<time>2020-01-16T23:09:36.39Z</time>
		</trkpt>
		<trkpt lat="35.149871" lon="128.727388">
			<ele>0.00</ele>
			<time>2020-01-16T23:09:36.64Z</time>
		</trkpt>
		<trkpt lat="35.149901" lon="128.727396">
			<ele>0.00</ele>
			<time>2020-01-16T23:09:36.85Z</time>
		</trkpt>
		<trkpt lat="35.149936" lon="128.727434">
			<ele>0.00</ele>
			<time>2020-01-16T23:09:37.15Z</time>
		</trkpt>
		<trkpt lat="35.149972" lon="128.727478">
			<ele>0.00</ele>
			<time>2020-01-16T23:09:37.50Z</time>
		</trkpt>
		<trkpt lat="35.150003" lon="128.727523">
			<ele>0.00</ele>
			<time>2020-01-16T23:09:37.82Z</time>
		</trkpt>
		<trkpt lat="35.150030" lon="128.727573">
			<ele>0.00</ele>
			<time>2020-01-16T23:09:38.14Z</time>
		</trkpt>
		<trkpt lat="35.150045" lon="128.727616">
			<ele>0.00</ele>
			<time>2020-01-16T23:09:38.40Z</time>
		</trkpt>
		<trkpt lat="35.150049" lon="128.727661">
			<ele>0.00</ele>
			<time>2020-01-16T23:09:38.65Z</time>
		</trkpt>
		<trkpt lat="35.150062" lon="128.727712">
			<ele>0.00</ele>
			<time>2020-01-16T23:09:38.94Z</time>
		</trkpt>
		<trkpt lat="35.150083" lon="128.727765">
			<ele>0.00</ele>
			<time>2020-01-16T23:09:39.26Z</time>
		</trkpt>
		<trkpt lat="35.150084" lon="128.727767">
			<ele>0.00</ele>
			<time>2020-01-16T23:09:39.32Z</time>
		</trkpt>
		<trkpt lat="35.150111" lon="128.727805">
			<ele>0.00</ele>
			<time>2020-01-16T23:09:39.59Z</time>
		</trkpt>
		<trkpt lat="35.150150" lon="128.727864">
			<ele>0.00</ele>
			<time>2020-01-16T23:09:40.01Z</time>
		</trkpt>
		<trkpt lat="35.150176" lon="128.727913">
			<ele>0.00</ele>
			<time>2020-01-16T23:09:40.32Z</time>
		</trkpt>
		<trkpt lat="35.150197" lon="128.727943">
			<ele>0.00</ele>
			<time>2020-01-16T23:09:40.54Z</time>
		</trkpt>
		<trkpt lat="35.150229" lon="128.727971">
			<ele>0.00</ele>
			<time>2020-01-16T23:09:40.81Z</time>
		</trkpt>
		<trkpt lat="35.150260" lon="128.727997">
			<ele>0.00</ele>
			<time>2020-01-16T23:09:41.05Z</time>
		</trkpt>
		<trkpt lat="35.150289" lon="128.728013">
			<ele>0.00</ele>
			<time>2020-01-16T23:09:41.27Z</time>
		</trkpt>
		<trkpt lat="35.150330" lon="128.728021">
			<ele>0.00</ele>
			<time>2020-01-16T23:09:41.54Z</time>
		</trkpt>
		<trkpt lat="35.150373" lon="128.728031">
			<ele>0.00</ele>
			<time>2020-01-16T23:09:41.83Z</time>
		</trkpt>
		<trkpt lat="35.150404" lon="128.728032">
			<ele>0.00</ele>
			<time>2020-01-16T23:09:42.04Z</time>
		</trkpt>
		<trkpt lat="35.150437" lon="128.728028">
			<ele>0.00</ele>
			<time>2020-01-16T23:09:42.26Z</time>
		</trkpt>
		<trkpt lat="35.150476" lon="128.728007">
			<ele>0.00</ele>
			<time>2020-01-16T23:09:42.54Z</time>
		</trkpt>
		<trkpt lat="35.150507" lon="128.727971">
			<ele>0.00</ele>
			<time>2020-01-16T23:09:42.83Z</time>
		</trkpt>
		<trkpt lat="35.150550" lon="128.727939">
			<ele>0.00</ele>
			<time>2020-01-16T23:09:43.17Z</time>
		</trkpt>
		<trkpt lat="35.150584" lon="128.727917">
			<ele>0.00</ele>
			<time>2020-01-16T23:09:43.42Z</time>
		</trkpt>
		<trkpt lat="35.150626" lon="128.727889">
			<ele>0.00</ele>
			<time>2020-01-16T23:09:43.74Z</time>
		</trkpt>
		<trkpt lat="35.150652" lon="128.727862">
			<ele>0.00</ele>
			<time>2020-01-16T23:09:43.97Z</time>
		</trkpt>
		<trkpt lat="35.150681" lon="128.727845">
			<ele>0.00</ele>
			<time>2020-01-16T23:09:44.18Z</time>
		</trkpt>
		<trkpt lat="35.150708" lon="128.727824">
			<ele>0.00</ele>
			<time>2020-01-16T23:09:44.39Z</time>
		</trkpt>
		<trkpt lat="35.150730" lon="128.727813">
			<ele>0.00</ele>
			<time>2020-01-16T23:09:44.56Z</time>
		</trkpt>
		<trkpt lat="35.150771" lon="128.727804">
			<ele>0.00</ele>
			<time>2020-01-16T23:09:44.84Z</time>
		</trkpt>
		<trkpt lat="35.150815" lon="128.727794">
			<ele>0.00</ele>
			<time>2020-01-16T23:09:45.13Z</time>
		</trkpt>
		<trkpt lat="35.150846" lon="128.727772">
			<ele>0.00</ele>
			<time>2020-01-16T23:09:45.37Z</time>
		</trkpt>
		<trkpt lat="35.150880" lon="128.727751">
			<ele>0.00</ele>
			<time>2020-01-16T23:09:45.62Z</time>
		</trkpt>
		<trkpt lat="35.150913" lon="128.727725">
			<ele>0.00</ele>
			<time>2020-01-16T23:09:45.89Z</time>
		</trkpt>
		<trkpt lat="35.150953" lon="128.727701">
			<ele>0.00</ele>
			<time>2020-01-16T23:09:46.18Z</time>
		</trkpt>
		<trkpt lat="35.150989" lon="128.727671">
			<ele>0.00</ele>
			<time>2020-01-16T23:09:46.47Z</time>
		</trkpt>
		<trkpt lat="35.151019" lon="128.727652">
			<ele>0.00</ele>
			<time>2020-01-16T23:09:46.70Z</time>
		</trkpt>
		<trkpt lat="35.151047" lon="128.727625">
			<ele>0.00</ele>
			<time>2020-01-16T23:09:46.94Z</time>
		</trkpt>
		<trkpt lat="35.151070" lon="128.727608">
			<ele>0.00</ele>
			<time>2020-01-16T23:09:47.11Z</time>
		</trkpt>
		<trkpt lat="35.151105" lon="128.727605">
			<ele>0.00</ele>
			<time>2020-01-16T23:09:47.35Z</time>
		</trkpt>
		<trkpt lat="35.151148" lon="128.727620">
			<ele>0.00</ele>
			<time>2020-01-16T23:09:47.65Z</time>
		</trkpt>
		<trkpt lat="35.151178" lon="128.727644">
			<ele>0.00</ele>
			<time>2020-01-16T23:09:47.88Z</time>
		</trkpt>
		<trkpt lat="35.151207" lon="128.727665">
			<ele>0.00</ele>
			<time>2020-01-16T23:09:48.11Z</time>
		</trkpt>
		<trkpt lat="35.151244" lon="128.727679">
			<ele>0.00</ele>
			<time>2020-01-16T23:09:48.37Z</time>
		</trkpt>
		<trkpt lat="35.151280" lon="128.727682">
			<ele>0.00</ele>
			<time>2020-01-16T23:09:48.61Z</time>
		</trkpt>
		<trkpt lat="35.151324" lon="128.727681">
			<ele>0.00</ele>
			<time>2020-01-16T23:09:48.90Z</time>
		</trkpt>
		<trkpt lat="35.151358" lon="128.727674">
			<ele>0.00</ele>
			<time>2020-01-16T23:09:49.14Z</time>
		</trkpt>
		<trkpt lat="35.151401" lon="128.727674">
			<ele>0.00</ele>
			<time>2020-01-16T23:09:49.42Z</time>
		</trkpt>
		<trkpt lat="35.151433" lon="128.727659">
			<ele>0.00</ele>
			<time>2020-01-16T23:09:49.65Z</time>
		</trkpt>
		<trkpt lat="35.151469" lon="128.727633">
			<ele>0.00</ele>
			<time>2020-01-16T23:09:49.93Z</time>
		</trkpt>
		<trkpt lat="35.151510" lon="128.727602">
			<ele>0.00</ele>
			<time>2020-01-16T23:09:50.25Z</time>
		</trkpt>
		<trkpt lat="35.151544" lon="128.727587">
			<ele>0.00</ele>
			<time>2020-01-16T23:09:50.49Z</time>
		</trkpt>
		<trkpt lat="35.151588" lon="128.727575">
			<ele>0.00</ele>
			<time>2020-01-16T23:09:50.79Z</time>
		</trkpt>
		<trkpt lat="35.151630" lon="128.727562">
			<ele>0.00</ele>
			<time>2020-01-16T23:09:51.08Z</time>
		</trkpt>
		<trkpt lat="35.151671" lon="128.727554">
			<ele>0.00</ele>
			<time>2020-01-16T23:09:51.36Z</time>
		</trkpt>
		<trkpt lat="35.151720" lon="128.727537">
			<ele>0.00</ele>
			<time>2020-01-16T23:09:51.70Z</time>
		</trkpt>
		<trkpt lat="35.151749" lon="128.727526">
			<ele>0.00</ele>
			<time>2020-01-16T23:09:51.90Z</time>
		</trkpt>
		<trkpt lat="35.151782" lon="128.727512">
			<ele>0.00</ele>
			<time>2020-01-16T23:09:52.13Z</time>
		</trkpt>
		<trkpt lat="35.151808" lon="128.727491">
			<ele>0.00</ele>
			<time>2020-01-16T23:09:52.34Z</time>
		</trkpt>
		<trkpt lat="35.151826" lon="128.727476">
			<ele>0.00</ele>
			<time>2020-01-16T23:09:52.49Z</time>
		</trkpt>
		<trkpt lat="35.151845" lon="128.727469">
			<ele>0.00</ele>
			<time>2020-01-16T23:09:52.62Z</time>
		</trkpt>
		<trkpt lat="35.151865" lon="128.727466">
			<ele>0.00</ele>
			<time>2020-01-16T23:09:52.75Z</time>
		</trkpt>
		<trkpt lat="35.151890" lon="128.727467">
			<ele>0.00</ele>
			<time>2020-01-16T23:09:52.92Z</time>
		</trkpt>
		<trkpt lat="35.151920" lon="128.727472">
			<ele>0.00</ele>
			<time>2020-01-16T23:09:53.12Z</time>
		</trkpt>
		<trkpt lat="35.151948" lon="128.727499">
			<ele>0.00</ele>
			<time>2020-01-16T23:09:53.36Z</time>
		</trkpt>
		<trkpt lat="35.151976" lon="128.727554">
			<ele>0.00</ele>
			<time>2020-01-16T23:09:53.71Z</time>
		</trkpt>
		<trkpt lat="35.151993" lon="128.727588">
			<ele>0.00</ele>
			<time>2020-01-16T23:09:53.93Z</time>
		</trkpt>
		<trkpt lat="35.152014" lon="128.727634">
			<ele>0.00</ele>
			<time>2020-01-16T23:09:54.21Z</time>
		</trkpt>
		<trkpt lat="35.152035" lon="128.727688">
			<ele>0.00</ele>
			<time>2020-01-16T23:09:54.54Z</time>
		</trkpt>
		<trkpt lat="35.152056" lon="128.727736">
			<ele>0.00</ele>
			<time>2020-01-16T23:09:54.84Z</time>
		</trkpt>
		<trkpt lat="35.152073" lon="128.727785">
			<ele>0.00</ele>
			<time>2020-01-16T23:09:55.13Z</time>
		</trkpt>
		<trkpt lat="35.152091" lon="128.727837">
			<ele>0.00</ele>
			<time>2020-01-16T23:09:55.43Z</time>
		</trkpt>
		<trkpt lat="35.152105" lon="128.727891">
			<ele>0.00</ele>
			<time>2020-01-16T23:09:55.74Z</time>
		</trkpt>
		<trkpt lat="35.152115" lon="128.727938">
			<ele>0.00</ele>
			<time>2020-01-16T23:09:56.01Z</time>
		</trkpt>
		<trkpt lat="35.152121" lon="128.727977">
			<ele>0.00</ele>
			<time>2020-01-16T23:09:56.23Z</time>
		</trkpt>
		<trkpt lat="35.152129" lon="128.728026">
			<ele>0.00</ele>
			<time>2020-01-16T23:09:56.50Z</time>
		</trkpt>
		<trkpt lat="35.152133" lon="128.728077">
			<ele>0.00</ele>
			<time>2020-01-16T23:09:56.78Z</time>
		</trkpt>
		<trkpt lat="35.152133" lon="128.728125">
			<ele>0.00</ele>
			<time>2020-01-16T23:09:57.04Z</time>
		</trkpt>
		<trkpt lat="35.152135" lon="128.728180">
			<ele>0.00</ele>
			<time>2020-01-16T23:09:57.34Z</time>
		</trkpt>
		<trkpt lat="35.152140" lon="128.728234">
			<ele>0.00</ele>
			<time>2020-01-16T23:09:57.64Z</time>
		</trkpt>
		<trkpt lat="35.152145" lon="128.728280">
			<ele>0.00</ele>
			<time>2020-01-16T23:09:57.89Z</time>
		</trkpt>
		<trkpt lat="35.152147" lon="128.728317">
			<ele>0.00</ele>
			<time>2020-01-16T23:09:58.09Z</time>
		</trkpt>
		<trkpt lat="35.152151" lon="128.728354">
			<ele>0.00</ele>
			<time>2020-01-16T23:09:58.29Z</time>
		</trkpt>
		<trkpt lat="35.152153" lon="128.728402">
			<ele>0.00</ele>
			<time>2020-01-16T23:09:58.55Z</time>
		</trkpt>
		<trkpt lat="35.152156" lon="128.728464">
			<ele>0.00</ele>
			<time>2020-01-16T23:09:58.89Z</time>
		</trkpt>
		<trkpt lat="35.152169" lon="128.728502">
			<ele>0.00</ele>
			<time>2020-01-16T23:09:59.12Z</time>
		</trkpt>
		<trkpt lat="35.152183" lon="128.728533">
			<ele>0.00</ele>
			<time>2020-01-16T23:09:59.31Z</time>
		</trkpt>
		<trkpt lat="35.152204" lon="128.728563">
			<ele>0.00</ele>
			<time>2020-01-16T23:09:59.52Z</time>
		</trkpt>
		<trkpt lat="35.152226" lon="128.728614">
			<ele>0.00</ele>
			<time>2020-01-16T23:09:59.84Z</time>
		</trkpt>
		<trkpt lat="35.152250" lon="128.728649">
			<ele>0.00</ele>
			<time>2020-01-16T23:10:00.09Z</time>
		</trkpt>
		<trkpt lat="35.152271" lon="128.728691">
			<ele>0.00</ele>
			<time>2020-01-16T23:10:00.36Z</time>
		</trkpt>
		<trkpt lat="35.152286" lon="128.728714">
			<ele>0.00</ele>
			<time>2020-01-16T23:10:00.52Z</time>
		</trkpt>
		<trkpt lat="35.152305" lon="128.728738">
			<ele>0.00</ele>
			<time>2020-01-16T23:10:00.70Z</time>
		</trkpt>
		<trkpt lat="35.152340" lon="128.728768">
			<ele>0.00</ele>
			<time>2020-01-16T23:10:00.98Z</time>
		</trkpt>
		<trkpt lat="35.152361" lon="128.728789">
			<ele>0.00</ele>
			<time>2020-01-16T23:10:01.17Z</time>
		</trkpt>
		<trkpt lat="35.152400" lon="128.728821">
			<ele>0.00</ele>
			<time>2020-01-16T23:10:01.48Z</time>
		</trkpt>
		<trkpt lat="35.152437" lon="128.728833">
			<ele>0.00</ele>
			<time>2020-01-16T23:10:01.73Z</time>
		</trkpt>
		<trkpt lat="35.152474" lon="128.728841">
			<ele>0.00</ele>
			<time>2020-01-16T23:10:01.99Z</time>
		</trkpt>
		<trkpt lat="35.152519" lon="128.728850">
			<ele>0.00</ele>
			<time>2020-01-16T23:10:02.29Z</time>
		</trkpt>
		<trkpt lat="35.152553" lon="128.728860">
			<ele>0.00</ele>
			<time>2020-01-16T23:10:02.52Z</time>
		</trkpt>
		<trkpt lat="35.152597" lon="128.728868">
			<ele>0.00</ele>
			<time>2020-01-16T23:10:02.81Z</time>
		</trkpt>
		<trkpt lat="35.152643" lon="128.728872">
			<ele>0.00</ele>
			<time>2020-01-16T23:10:03.13Z</time>
		</trkpt>
		<trkpt lat="35.152688" lon="128.728870">
			<ele>0.00</ele>
			<time>2020-01-16T23:10:03.43Z</time>
		</trkpt>
		<trkpt lat="35.152724" lon="128.728860">
			<ele>0.00</ele>
			<time>2020-01-16T23:10:03.67Z</time>
		</trkpt>
		<trkpt lat="35.152763" lon="128.728841">
			<ele>0.00</ele>
			<time>2020-01-16T23:10:03.95Z</time>
		</trkpt>
		<trkpt lat="35.152804" lon="128.728815">
			<ele>0.00</ele>
			<time>2020-01-16T23:10:04.26Z</time>
		</trkpt>
		<trkpt lat="35.152842" lon="128.728791">
			<ele>0.00</ele>
			<time>2020-01-16T23:10:04.54Z</time>
		</trkpt>
		<trkpt lat="35.152868" lon="128.728774">
			<ele>0.00</ele>
			<time>2020-01-16T23:10:04.74Z</time>
		</trkpt>
		<trkpt lat="35.152892" lon="128.728753">
			<ele>0.00</ele>
			<time>2020-01-16T23:10:04.93Z</time>
		</trkpt>
		<trkpt lat="35.152924" lon="128.728727">
			<ele>0.00</ele>
			<time>2020-01-16T23:10:05.19Z</time>
		</trkpt>
		<trkpt lat="35.152959" lon="128.728713">
			<ele>0.00</ele>
			<time>2020-01-16T23:10:05.44Z</time>
		</trkpt>
		<trkpt lat="35.152996" lon="128.728699">
			<ele>0.00</ele>
			<time>2020-01-16T23:10:05.69Z</time>
		</trkpt>
		<trkpt lat="35.153026" lon="128.728691">
			<ele>0.00</ele>
			<time>2020-01-16T23:10:05.90Z</time>
		</trkpt>
		<trkpt lat="35.153055" lon="128.728679">
			<ele>0.00</ele>
			<time>2020-01-16T23:10:06.10Z</time>
		</trkpt>
		<trkpt lat="35.153085" lon="128.728678">
			<ele>0.00</ele>
			<time>2020-01-16T23:10:06.31Z</time>
		</trkpt>
		<trkpt lat="35.153116" lon="128.728691">
			<ele>0.00</ele>
			<time>2020-01-16T23:10:06.52Z</time>
		</trkpt>
		<trkpt lat="35.153117" lon="128.728691">
			<ele>0.00</ele>
			<time>2020-01-16T23:10:06.58Z</time>
		</trkpt>
		<trkpt lat="35.153140" lon="128.728716">
			<ele>0.00</ele>
			<time>2020-01-16T23:10:06.79Z</time>
		</trkpt>
		<trkpt lat="35.153162" lon="128.728748">
			<ele>0.00</ele>
			<time>2020-01-16T23:10:07.02Z</time>
		</trkpt>
		<trkpt lat="35.153173" lon="128.728781">
			<ele>0.00</ele>
			<time>2020-01-16T23:10:07.21Z</time>
		</trkpt>
		<trkpt lat="35.153193" lon="128.728814">
			<ele>0.00</ele>
			<time>2020-01-16T23:10:07.43Z</time>
		</trkpt>
		<trkpt lat="35.153220" lon="128.728837">
			<ele>0.00</ele>
			<time>2020-01-16T23:10:07.66Z</time>
		</trkpt>
		<trkpt lat="35.153247" lon="128.728858">
			<ele>0.00</ele>
			<time>2020-01-16T23:10:07.87Z</time>
		</trkpt>
		<trkpt lat="35.153264" lon="128.728871">
			<ele>0.00</ele>
			<time>2020-01-16T23:10:08Z</time>
		</trkpt>
		<trkpt lat="35.153284" lon="128.728878">
			<ele>0.00</ele>
			<time>2020-01-16T23:10:08.14Z</time>
		</trkpt>
		<trkpt lat="35.153305" lon="128.728881">
			<ele>0.00</ele>
			<time>2020-01-16T23:10:08.28Z</time>
		</trkpt>
		<trkpt lat="35.153337" lon="128.728881">
			<ele>0.00</ele>
			<time>2020-01-16T23:10:08.49Z</time>
		</trkpt>
		<trkpt lat="35.153366" lon="128.728873">
			<ele>0.00</ele>
			<time>2020-01-16T23:10:08.69Z</time>
		</trkpt>
		<trkpt lat="35.153392" lon="128.728863">
			<ele>0.00</ele>
			<time>2020-01-16T23:10:08.88Z</time>
		</trkpt>
		<trkpt lat="35.153431" lon="128.728855">
			<ele>0.00</ele>
			<time>2020-01-16T23:10:09.14Z</time>
		</trkpt>
		<trkpt lat="35.153461" lon="128.728840">
			<ele>0.00</ele>
			<time>2020-01-16T23:10:09.35Z</time>
		</trkpt>
		<trkpt lat="35.153506" lon="128.728830">
			<ele>0.00</ele>
			<time>2020-01-16T23:10:09.66Z</time>
		</trkpt>
		<trkpt lat="35.153540" lon="128.728814">
			<ele>0.00</ele>
			<time>2020-01-16T23:10:09.90Z</time>
		</trkpt>
		<trkpt lat="35.153566" lon="128.728787">
			<ele>0.00</ele>
			<time>2020-01-16T23:10:10.13Z</time>
		</trkpt>
		<trkpt lat="35.153605" lon="128.728738">
			<ele>0.00</ele>
			<time>2020-01-16T23:10:10.50Z</time>
		</trkpt>
		<trkpt lat="35.153646" lon="128.728699">
			<ele>0.00</ele>
			<time>2020-01-16T23:10:10.85Z</time>
		</trkpt>
		<trkpt lat="35.153665" lon="128.728677">
			<ele>0.00</ele>
			<time>2020-01-16T23:10:11.02Z</time>
		</trkpt>
		<trkpt lat="35.153692" lon="128.728645">
			<ele>0.00</ele>
			<time>2020-01-16T23:10:11.27Z</time>
		</trkpt>
		<trkpt lat="35.153709" lon="128.728606">
			<ele>0.00</ele>
			<time>2020-01-16T23:10:11.52Z</time>
		</trkpt>
		<trkpt lat="35.153728" lon="128.728557">
			<ele>0.00</ele>
			<time>2020-01-16T23:10:11.81Z</time>
		</trkpt>
		<trkpt lat="35.153754" lon="128.728508">
			<ele>0.00</ele>
			<time>2020-01-16T23:10:12.13Z</time>
		</trkpt>
		<trkpt lat="35.153773" lon="128.728465">
			<ele>0.00</ele>
			<time>2020-01-16T23:10:12.39Z</time>
		</trkpt>
		<trkpt lat="35.153793" lon="128.728427">
			<ele>0.00</ele>
			<time>2020-01-16T23:10:12.64Z</time>
		</trkpt>
		<trkpt lat="35.153813" lon="128.728368">
			<ele>0.00</ele>
			<time>2020-01-16T23:10:12.99Z</time>
		</trkpt>
		<trkpt lat="35.153834" lon="128.728329">
			<ele>0.00</ele>
			<time>2020-01-16T23:10:13.24Z</time>
		</trkpt>
		<trkpt lat="35.153858" lon="128.728291">
			<ele>0.00</ele>
			<time>2020-01-16T23:10:13.51Z</time>
		</trkpt>
		<trkpt lat="35.153882" lon="128.728252">
			<ele>0.00</ele>
			<time>2020-01-16T23:10:13.77Z</time>
		</trkpt>
		<trkpt lat="35.153904" lon="128.728213">
			<ele>0.00</ele>
			<time>2020-01-16T23:10:14.03Z</time>
		</trkpt>
		<trkpt lat="35.153944" lon="128.728152">
			<ele>0.00</ele>
			<time>2020-01-16T23:10:14.45Z</time>
		</trkpt>
		<trkpt lat="35.153969" lon="128.728109">
			<ele>0.00</ele>
			<time>2020-01-16T23:10:14.74Z</time>
		</trkpt>
		<trkpt lat="35.153992" lon="128.728067">
			<ele>0.00</ele>
			<time>2020-01-16T23:10:15.02Z</time>
		</trkpt>
		<trkpt lat="35.154012" lon="128.728039">
			<ele>0.00</ele>
			<time>2020-01-16T23:10:15.22Z</time>
		</trkpt>
		<trkpt lat="35.154035" lon="128.728004">
			<ele>0.00</ele>
			<time>2020-01-16T23:10:15.46Z</time>
		</trkpt>
		<trkpt lat="35.154049" lon="128.727980">
			<ele>0.00</ele>
			<time>2020-01-16T23:10:15.62Z</time>
		</trkpt>
		<trkpt lat="35.154075" lon="128.727945">
			<ele>0.00</ele>
			<time>2020-01-16T23:10:15.88Z</time>
		</trkpt>
		<trkpt lat="35.154097" lon="128.727905">
			<ele>0.00</ele>
			<time>2020-01-16T23:10:16.14Z</time>
		</trkpt>
		<trkpt lat="35.154124" lon="128.727858">
			<ele>0.00</ele>
			<time>2020-01-16T23:10:16.46Z</time>
		</trkpt>
		<trkpt lat="35.154152" lon="128.727809">
			<ele>0.00</ele>
			<time>2020-01-16T23:10:16.78Z</time>
		</trkpt>
		<trkpt lat="35.154179" lon="128.727757">
			<ele>0.00</ele>
			<time>2020-01-16T23:10:17.12Z</time>
		</trkpt>
		<trkpt lat="35.154198" lon="128.727716">
			<ele>0.00</ele>
			<time>2020-01-16T23:10:17.38Z</time>
		</trkpt>
		<trkpt lat="35.154217" lon="128.727680">
			<ele>0.00</ele>
			<time>2020-01-16T23:10:17.61Z</time>
		</trkpt>
		<trkpt lat="35.154233" lon="128.727650">
			<ele>0.00</ele>
			<time>2020-01-16T23:10:17.81Z</time>
		</trkpt>
		<trkpt lat="35.154258" lon="128.727614">
			<ele>0.00</ele>
			<time>2020-01-16T23:10:18.06Z</time>
		</trkpt>
		<trkpt lat="35.154281" lon="128.727582">
			<ele>0.00</ele>
			<time>2020-01-16T23:10:18.30Z</time>
		</trkpt>
		<trkpt lat="35.154303" lon="128.727552">
			<ele>0.00</ele>
			<time>2020-01-16T23:10:18.51Z</time>
		</trkpt>
		<trkpt lat="35.154325" lon="128.727520">
			<ele>0.00</ele>
			<time>2020-01-16T23:10:18.75Z</time>
		</trkpt>
		<trkpt lat="35.154351" lon="128.727479">
			<ele>0.00</ele>
			<time>2020-01-16T23:10:19.03Z</time>
		</trkpt>
		<trkpt lat="35.154375" lon="128.727441">
			<ele>0.00</ele>
			<time>2020-01-16T23:10:19.29Z</time>
		</trkpt>
		<trkpt lat="35.154395" lon="128.727387">
			<ele>0.00</ele>
			<time>2020-01-16T23:10:19.61Z</time>
		</trkpt>
		<trkpt lat="35.154415" lon="128.727338">
			<ele>0.00</ele>
			<time>2020-01-16T23:10:19.91Z</time>
		</trkpt>
		<trkpt lat="35.154437" lon="128.727290">
			<ele>0.00</ele>
			<time>2020-01-16T23:10:20.21Z</time>
		</trkpt>
		<trkpt lat="35.154456" lon="128.727239">
			<ele>0.00</ele>
			<time>2020-01-16T23:10:20.52Z</time>
		</trkpt>
		<trkpt lat="35.154483" lon="128.727192">
			<ele>0.00</ele>
			<time>2020-01-16T23:10:20.83Z</time>
		</trkpt>
		<trkpt lat="35.154498" lon="128.727163">
			<ele>0.00</ele>
			<time>2020-01-16T23:10:21.02Z</time>
		</trkpt>
		<trkpt lat="35.154517" lon="128.727121">
			<ele>0.00</ele>
			<time>2020-01-16T23:10:21.28Z</time>
		</trkpt>
		<trkpt lat="35.154539" lon="128.727077">
			<ele>0.00</ele>
			<time>2020-01-16T23:10:21.56Z</time>
		</trkpt>
		<trkpt lat="35.154559" lon="128.727038">
			<ele>0.00</ele>
			<time>2020-01-16T23:10:21.81Z</time>
		</trkpt>
		<trkpt lat="35.154580" lon="128.726996">
			<ele>0.00</ele>
			<time>2020-01-16T23:10:22.08Z</time>
		</trkpt>
		<trkpt lat="35.154607" lon="128.726962">
			<ele>0.00</ele>
			<time>2020-01-16T23:10:22.33Z</time>
		</trkpt>
		<trkpt lat="35.154637" lon="128.726936">
			<ele>0.00</ele>
			<time>2020-01-16T23:10:22.58Z</time>
		</trkpt>
		<trkpt lat="35.154668" lon="128.726911">
			<ele>0.00</ele>
			<time>2020-01-16T23:10:22.83Z</time>
		</trkpt>
		<trkpt lat="35.154696" lon="128.726882">
			<ele>0.00</ele>
			<time>2020-01-16T23:10:23.07Z</time>
		</trkpt>
		<trkpt lat="35.154730" lon="128.726851">
			<ele>0.00</ele>
			<time>2020-01-16T23:10:23.36Z</time>
		</trkpt>
		<trkpt lat="35.154761" lon="128.726836">
			<ele>0.00</ele>
			<time>2020-01-16T23:10:23.58Z</time>
		</trkpt>
		<trkpt lat="35.154802" lon="128.726828">
			<ele>0.00</ele>
			<time>2020-01-16T23:10:23.86Z</time>
		</trkpt>
		<trkpt lat="35.154832" lon="128.726818">
			<ele>0.00</ele>
			<time>2020-01-16T23:10:24.06Z</time>
		</trkpt>
		<trkpt lat="35.154867" lon="128.726811">
			<ele>0.00</ele>
			<time>2020-01-16T23:10:24.30Z</time>
		</trkpt>
		<trkpt lat="35.154901" lon="128.726811">
			<ele>0.00</ele>
			<time>2020-01-16T23:10:24.52Z</time>
		</trkpt>
		<trkpt lat="35.154944" lon="128.726814">
			<ele>0.00</ele>
			<time>2020-01-16T23:10:24.81Z</time>
		</trkpt>
		<trkpt lat="35.154983" lon="128.726812">
			<ele>0.00</ele>
			<time>2020-01-16T23:10:25.07Z</time>
		</trkpt>
		<trkpt lat="35.155021" lon="128.726806">
			<ele>0.00</ele>
			<time>2020-01-16T23:10:25.32Z</time>
		</trkpt>
		<trkpt lat="35.155056" lon="128.726806">
			<ele>0.00</ele>
			<time>2020-01-16T23:10:25.56Z</time>
		</trkpt>
		<trkpt lat="35.155098" lon="128.726810">
			<ele>0.00</ele>
			<time>2020-01-16T23:10:25.84Z</time>
		</trkpt>
		<trkpt lat="35.155137" lon="128.726806">
			<ele>0.00</ele>
			<time>2020-01-16T23:10:26.10Z</time>
		</trkpt>
		<trkpt lat="35.155169" lon="128.726798">
			<ele>0.00</ele>
			<time>2020-01-16T23:10:26.32Z</time>
		</trkpt>
		<trkpt lat="35.155198" lon="128.726781">
			<ele>0.00</ele>
			<time>2020-01-16T23:10:26.53Z</time>
		</trkpt>
		<trkpt lat="35.155235" lon="128.726757">
			<ele>0.00</ele>
			<time>2020-01-16T23:10:26.82Z</time>
		</trkpt>
		<trkpt lat="35.155279" lon="128.726715">
			<ele>0.00</ele>
			<time>2020-01-16T23:10:27.19Z</time>
		</trkpt>
		<trkpt lat="35.155313" lon="128.726694">
			<ele>0.00</ele>
			<time>2020-01-16T23:10:27.44Z</time>
		</trkpt>
		<trkpt lat="35.155340" lon="128.726674">
			<ele>0.00</ele>
			<time>2020-01-16T23:10:27.65Z</time>
		</trkpt>
		<trkpt lat="35.155367" lon="128.726652">
			<ele>0.00</ele>
			<time>2020-01-16T23:10:27.87Z</time>
		</trkpt>
		<trkpt lat="35.155394" lon="128.726627">
			<ele>0.00</ele>
			<time>2020-01-16T23:10:28.09Z</time>
		</trkpt>
		<trkpt lat="35.155429" lon="128.726593">
			<ele>0.00</ele>
			<time>2020-01-16T23:10:28.39Z</time>
		</trkpt>
		<trkpt lat="35.155452" lon="128.726569">
			<ele>0.00</ele>
			<time>2020-01-16T23:10:28.59Z</time>
		</trkpt>
		<trkpt lat="35.155477" lon="128.726541">
			<ele>0.00</ele>
			<time>2020-01-16T23:10:28.82Z</time>
		</trkpt>
		<trkpt lat="35.155501" lon="128.726505">
			<ele>0.00</ele>
			<time>2020-01-16T23:10:29.07Z</time>
		</trkpt>
		<trkpt lat="35.155525" lon="128.726480">
			<ele>0.00</ele>
			<time>2020-01-16T23:10:29.28Z</time>
		</trkpt>
		<trkpt lat="35.155553" lon="128.726449">
			<ele>0.00</ele>
			<time>2020-01-16T23:10:29.53Z</time>
		</trkpt>
		<trkpt lat="35.155576" lon="128.726422">
			<ele>0.00</ele>
			<time>2020-01-16T23:10:29.74Z</time>
		</trkpt>
		<trkpt lat="35.155601" lon="128.726395">
			<ele>0.00</ele>
			<time>2020-01-16T23:10:29.97Z</time>
		</trkpt>
		<trkpt lat="35.155626" lon="128.726366">
			<ele>0.00</ele>
			<time>2020-01-16T23:10:30.19Z</time>
		</trkpt>
		<trkpt lat="35.155645" lon="128.726345">
			<ele>0.00</ele>
			<time>2020-01-16T23:10:30.36Z</time>
		</trkpt>
		<trkpt lat="35.155664" lon="128.726322">
			<ele>0.00</ele>
			<time>2020-01-16T23:10:30.55Z</time>
		</trkpt>
		<trkpt lat="35.155680" lon="128.726294">
			<ele>0.00</ele>
			<time>2020-01-16T23:10:30.73Z</time>
		</trkpt>
		<trkpt lat="35.155698" lon="128.726267">
			<ele>0.00</ele>
			<time>2020-01-16T23:10:30.92Z</time>
		</trkpt>
		<trkpt lat="35.155718" lon="128.726239">
			<ele>0.00</ele>
			<time>2020-01-16T23:10:31.12Z</time>
		</trkpt>
		<trkpt lat="35.155738" lon="128.726210">
			<ele>0.00</ele>
			<time>2020-01-16T23:10:31.33Z</time>
		</trkpt>
		<trkpt lat="35.155760" lon="128.726182">
			<ele>0.00</ele>
			<time>2020-01-16T23:10:31.54Z</time>
		</trkpt>
		<trkpt lat="35.155786" lon="128.726151">
			<ele>0.00</ele>
			<time>2020-01-16T23:10:31.78Z</time>
		</trkpt>
		<trkpt lat="35.155807" lon="128.726127">
			<ele>0.00</ele>
			<time>2020-01-16T23:10:31.97Z</time>
		</trkpt>
		<trkpt lat="35.155827" lon="128.726100">
			<ele>0.00</ele>
			<time>2020-01-16T23:10:32.18Z</time>
		</trkpt>
		<trkpt lat="35.155850" lon="128.726081">
			<ele>0.00</ele>
			<time>2020-01-16T23:10:32.36Z</time>
		</trkpt>
		<trkpt lat="35.155873" lon="128.726060">
			<ele>0.00</ele>
			<time>2020-01-16T23:10:32.55Z</time>
		</trkpt>
		<trkpt lat="35.155891" lon="128.726042">
			<ele>0.00</ele>
			<time>2020-01-16T23:10:32.71Z</time>
		</trkpt>
		<trkpt lat="35.155913" lon="128.726026">
			<ele>0.00</ele>
			<time>2020-01-16T23:10:32.87Z</time>
		</trkpt>
		<trkpt lat="35.155932" lon="128.726013">
			<ele>0.00</ele>
			<time>2020-01-16T23:10:33.02Z</time>
		</trkpt>
		<trkpt lat="35.155956" lon="128.725993">
			<ele>0.00</ele>
			<time>2020-01-16T23:10:33.21Z</time>
		</trkpt>
		<trkpt lat="35.155980" lon="128.725977">
			<ele>0.00</ele>
			<time>2020-01-16T23:10:33.40Z</time>
		</trkpt>
		<trkpt lat="35.155999" lon="128.725959">
			<ele>0.00</ele>
			<time>2020-01-16T23:10:33.56Z</time>
		</trkpt>
		<trkpt lat="35.156026" lon="128.725932">
			<ele>0.00</ele>
			<time>2020-01-16T23:10:33.79Z</time>
		</trkpt>
		<trkpt lat="35.156054" lon="128.725904">
			<ele>0.00</ele>
			<time>2020-01-16T23:10:34.03Z</time>
		</trkpt>
		<trkpt lat="35.156077" lon="128.725879">
			<ele>0.00</ele>
			<time>2020-01-16T23:10:34.24Z</time>
		</trkpt>
		<trkpt lat="35.156100" lon="128.725849">
			<ele>0.00</ele>
			<time>2020-01-16T23:10:34.46Z</time>
		</trkpt>
		<trkpt lat="35.156120" lon="128.725824">
			<ele>0.00</ele>
			<time>2020-01-16T23:10:34.65Z</time>
		</trkpt>
		<trkpt lat="35.156140" lon="128.725799">
			<ele>0.00</ele>
			<time>2020-01-16T23:10:34.84Z</time>
		</trkpt>
		<trkpt lat="35.156164" lon="128.725778">
			<ele>0.00</ele>
			<time>2020-01-16T23:10:35.04Z</time>
		</trkpt>
		<trkpt lat="35.156184" lon="128.725750">
			<ele>0.00</ele>
			<time>2020-01-16T23:10:35.24Z</time>
		</trkpt>
		<trkpt lat="35.156207" lon="128.725723">
			<ele>0.00</ele>
			<time>2020-01-16T23:10:35.45Z</time>
		</trkpt>
		<trkpt lat="35.156230" lon="128.725695">
			<ele>0.00</ele>
			<time>2020-01-16T23:10:35.67Z</time>
		</trkpt>
		<trkpt lat="35.156251" lon="128.725677">
			<ele>0.00</ele>
			<time>2020-01-16T23:10:35.84Z</time>
		</trkpt>
		<trkpt lat="35.156275" lon="128.725668">
			<ele>0.00</ele>
			<time>2020-01-16T23:10:36.01Z</time>
		</trkpt>
		<trkpt lat="35.156299" lon="128.725657">
			<ele>0.00</ele>
			<time>2020-01-16T23:10:36.18Z</time>
		</trkpt>
		<trkpt lat="35.156337" lon="128.725623">
			<ele>0.00</ele>
			<time>2020-01-16T23:10:36.49Z</time>
		</trkpt>
		<trkpt lat="35.156355" lon="128.725605">
			<ele>0.00</ele>
			<time>2020-01-16T23:10:36.65Z</time>
		</trkpt>
		<trkpt lat="35.156375" lon="128.725566">
			<ele>0.00</ele>
			<time>2020-01-16T23:10:36.90Z</time>
		</trkpt>
		<trkpt lat="35.156388" lon="128.725530">
			<ele>0.00</ele>
			<time>2020-01-16T23:10:37.12Z</time>
		</trkpt>
		<trkpt lat="35.156398" lon="128.725501">
			<ele>0.00</ele>
			<time>2020-01-16T23:10:37.29Z</time>
		</trkpt>
		<trkpt lat="35.156415" lon="128.725454">
			<ele>0.00</ele>
			<time>2020-01-16T23:10:37.56Z</time>
		</trkpt>
		<trkpt lat="35.156435" lon="128.725421">
			<ele>0.00</ele>
			<time>2020-01-16T23:10:37.79Z</time>
		</trkpt>
		<trkpt lat="35.156451" lon="128.725371">
			<ele>0.00</ele>
			<time>2020-01-16T23:10:38.08Z</time>
		</trkpt>
		<trkpt lat="35.156469" lon="128.725340">
			<ele>0.00</ele>
			<time>2020-01-16T23:10:38.29Z</time>
		</trkpt>
		<trkpt lat="35.156485" lon="128.725308">
			<ele>0.00</ele>
			<time>2020-01-16T23:10:38.49Z</time>
		</trkpt>
		<trkpt lat="35.156506" lon="128.725273">
			<ele>0.00</ele>
			<time>2020-01-16T23:10:38.73Z</time>
		</trkpt>
		<trkpt lat="35.156527" lon="128.725240">
			<ele>0.00</ele>
			<time>2020-01-16T23:10:38.96Z</time>
		</trkpt>
		<trkpt lat="35.156548" lon="128.725208">
			<ele>0.00</ele>
			<time>2020-01-16T23:10:39.18Z</time>
		</trkpt>
		<trkpt lat="35.156566" lon="128.725171">
			<ele>0.00</ele>
			<time>2020-01-16T23:10:39.41Z</time>
		</trkpt>
		<trkpt lat="35.156586" lon="128.725136">
			<ele>0.00</ele>
			<time>2020-01-16T23:10:39.65Z</time>
		</trkpt>
		<trkpt lat="35.156611" lon="128.725098">
			<ele>0.00</ele>
			<time>2020-01-16T23:10:39.91Z</time>
		</trkpt>
		<trkpt lat="35.156637" lon="128.725058">
			<ele>0.00</ele>
			<time>2020-01-16T23:10:40.19Z</time>
		</trkpt>
		<trkpt lat="35.156659" lon="128.725023">
			<ele>0.00</ele>
			<time>2020-01-16T23:10:40.43Z</time>
		</trkpt>
		<trkpt lat="35.156679" lon="128.724987">
			<ele>0.00</ele>
			<time>2020-01-16T23:10:40.67Z</time>
		</trkpt>
		<trkpt lat="35.156693" lon="128.724956">
			<ele>0.00</ele>
			<time>2020-01-16T23:10:40.86Z</time>
		</trkpt>
		<trkpt lat="35.156715" lon="128.724924">
			<ele>0.00</ele>
			<time>2020-01-16T23:10:41.09Z</time>
		</trkpt>
		<trkpt lat="35.156734" lon="128.724894">
			<ele>0.00</ele>
			<time>2020-01-16T23:10:41.30Z</time>
		</trkpt>
		<trkpt lat="35.156756" lon="128.724854">
			<ele>0.00</ele>
			<time>2020-01-16T23:10:41.56Z</time>
		</trkpt>
		<trkpt lat="35.156778" lon="128.724813">
			<ele>0.00</ele>
			<time>2020-01-16T23:10:41.82Z</time>
		</trkpt>
		<trkpt lat="35.156801" lon="128.724775">
			<ele>0.00</ele>
			<time>2020-01-16T23:10:42.08Z</time>
		</trkpt>
		<trkpt lat="35.156820" lon="128.724742">
			<ele>0.00</ele>
			<time>2020-01-16T23:10:42.30Z</time>
		</trkpt>
		<trkpt lat="35.156839" lon="128.724710">
			<ele>0.00</ele>
			<time>2020-01-16T23:10:42.52Z</time>
		</trkpt>
		<trkpt lat="35.156858" lon="128.724671">
			<ele>0.00</ele>
			<time>2020-01-16T23:10:42.77Z</time>
		</trkpt>
		<trkpt lat="35.156877" lon="128.724638">
			<ele>0.00</ele>
			<time>2020-01-16T23:10:42.99Z</time>
		</trkpt>
		<trkpt lat="35.156897" lon="128.724605">
			<ele>0.00</ele>
			<time>2020-01-16T23:10:43.21Z</time>
		</trkpt>
		<trkpt lat="35.156917" lon="128.724561">
			<ele>0.00</ele>
			<time>2020-01-16T23:10:43.49Z</time>
		</trkpt>
		<trkpt lat="35.156933" lon="128.724530">
			<ele>0.00</ele>
			<time>2020-01-16T23:10:43.69Z</time>
		</trkpt>
		<trkpt lat="35.156948" lon="128.724494">
			<ele>0.00</ele>
			<time>2020-01-16T23:10:43.91Z</time>
		</trkpt>
		<trkpt lat="35.156963" lon="128.724458">
			<ele>0.00</ele>
			<time>2020-01-16T23:10:44.13Z</time>
		</trkpt>
		<trkpt lat="35.156979" lon="128.724424">
			<ele>0.00</ele>
			<time>2020-01-16T23:10:44.34Z</time>
		</trkpt>
		<trkpt lat="35.156995" lon="128.724394">
			<ele>0.00</ele>
			<time>2020-01-16T23:10:44.53Z</time>
		</trkpt>
		<trkpt lat="35.157011" lon="128.724365">
			<ele>0.00</ele>
			<time>2020-01-16T23:10:44.72Z</time>
		</trkpt>
		<trkpt lat="35.157023" lon="128.724338">
			<ele>0.00</ele>
			<time>2020-01-16T23:10:44.89Z</time>
		</trkpt>
		<trkpt lat="35.157038" lon="128.724296">
			<ele>0.00</ele>
			<time>2020-01-16T23:10:45.15Z</time>
		</trkpt>
		<trkpt lat="35.157059" lon="128.724257">
			<ele>0.00</ele>
			<time>2020-01-16T23:10:45.40Z</time>
		</trkpt>
		<trkpt lat="35.157076" lon="128.724211">
			<ele>0.00</ele>
			<time>2020-01-16T23:10:45.68Z</time>
		</trkpt>
		<trkpt lat="35.157091" lon="128.724165">
			<ele>0.00</ele>
			<time>2020-01-16T23:10:45.94Z</time>
		</trkpt>
		<trkpt lat="35.157107" lon="128.724122">
			<ele>0.00</ele>
			<time>2020-01-16T23:10:46.20Z</time>
		</trkpt>
		<trkpt lat="35.157117" lon="128.724081">
			<ele>0.00</ele>
			<time>2020-01-16T23:10:46.43Z</time>
		</trkpt>
		<trkpt lat="35.157124" lon="128.724033">
			<ele>0.00</ele>
			<time>2020-01-16T23:10:46.70Z</time>
		</trkpt>
		<trkpt lat="35.157134" lon="128.723989">
			<ele>0.00</ele>
			<time>2020-01-16T23:10:46.95Z</time>
		</trkpt>
		<trkpt lat="35.157137" lon="128.723956">
			<ele>0.00</ele>
			<time>2020-01-16T23:10:47.13Z</time>
		</trkpt>
		<trkpt lat="35.157144" lon="128.723922">
			<ele>0.00</ele>
			<time>2020-01-16T23:10:47.32Z</time>
		</trkpt>
		<trkpt lat="35.157152" lon="128.723861">
			<ele>0.00</ele>
			<time>2020-01-16T23:10:47.66Z</time>
		</trkpt>
		<trkpt lat="35.157157" lon="128.723814">
			<ele>0.00</ele>
			<time>2020-01-16T23:10:47.92Z</time>
		</trkpt>
		<trkpt lat="35.157162" lon="128.723763">
			<ele>0.00</ele>
			<time>2020-01-16T23:10:48.20Z</time>
		</trkpt>
		<trkpt lat="35.157173" lon="128.723705">
			<ele>0.00</ele>
			<time>2020-01-16T23:10:48.52Z</time>
		</trkpt>
		<trkpt lat="35.157187" lon="128.723654">
			<ele>0.00</ele>
			<time>2020-01-16T23:10:48.81Z</time>
		</trkpt>
		<trkpt lat="35.157198" lon="128.723600">
			<ele>0.00</ele>
			<time>2020-01-16T23:10:49.12Z</time>
		</trkpt>
		<trkpt lat="35.157203" lon="128.723559">
			<ele>0.00</ele>
			<time>2020-01-16T23:10:49.34Z</time>
		</trkpt>
		<trkpt lat="35.157216" lon="128.723514">
			<ele>0.00</ele>
			<time>2020-01-16T23:10:49.60Z</time>
		</trkpt>
		<trkpt lat="35.157225" lon="128.723468">
			<ele>0.00</ele>
			<time>2020-01-16T23:10:49.86Z</time>
		</trkpt>
		<trkpt lat="35.157233" lon="128.723422">
			<ele>0.00</ele>
			<time>2020-01-16T23:10:50.12Z</time>
		</trkpt>
		<trkpt lat="35.157245" lon="128.723384">
			<ele>0.00</ele>
			<time>2020-01-16T23:10:50.34Z</time>
		</trkpt>
		<trkpt lat="35.157263" lon="128.723345">
			<ele>0.00</ele>
			<time>2020-01-16T23:10:50.59Z</time>
		</trkpt>
		<trkpt lat="35.157287" lon="128.723310">
			<ele>0.00</ele>
			<time>2020-01-16T23:10:50.83Z</time>
		</trkpt>
		<trkpt lat="35.157307" lon="128.723284">
			<ele>0.00</ele>
			<time>2020-01-16T23:10:51.03Z</time>
		</trkpt>
		<trkpt lat="35.157326" lon="128.723245">
			<ele>0.00</ele>
			<time>2020-01-16T23:10:51.27Z</time>
		</trkpt>
		<trkpt lat="35.157347" lon="128.723199">
			<ele>0.00</ele>
			<time>2020-01-16T23:10:51.57Z</time>
		</trkpt>
		<trkpt lat="35.157363" lon="128.723156">
			<ele>0.00</ele>
			<time>2020-01-16T23:10:51.82Z</time>
		</trkpt>
		<trkpt lat="35.157377" lon="128.723105">
			<ele>0.00</ele>
			<time>2020-01-16T23:10:52.11Z</time>
		</trkpt>
		<trkpt lat="35.157391" lon="128.723061">
			<ele>0.00</ele>
			<time>2020-01-16T23:10:52.37Z</time>
		</trkpt>
		<trkpt lat="35.157401" lon="128.723022">
			<ele>0.00</ele>
			<time>2020-01-16T23:10:52.59Z</time>
		</trkpt>
		<trkpt lat="35.157410" lon="128.722967">
			<ele>0.00</ele>
			<time>2020-01-16T23:10:52.90Z</time>
		</trkpt>
		<trkpt lat="35.157416" lon="128.722923">
			<ele>0.00</ele>
			<time>2020-01-16T23:10:53.14Z</time>
		</trkpt>
		<trkpt lat="35.157429" lon="128.722880">
			<ele>0.00</ele>
			<time>2020-01-16T23:10:53.39Z</time>
		</trkpt>
		<trkpt lat="35.157438" lon="128.722835">
			<ele>0.00</ele>
			<time>2020-01-16T23:10:53.64Z</time>
		</trkpt>
		<trkpt lat="35.157443" lon="128.722798">
			<ele>0.00</ele>
			<time>2020-01-16T23:10:53.85Z</time>
		</trkpt>
		<trkpt lat="35.157448" lon="128.722737">
			<ele>0.00</ele>
			<time>2020-01-16T23:10:54.18Z</time>
		</trkpt>
		<trkpt lat="35.157452" lon="128.722672">
			<ele>0.00</ele>
			<time>2020-01-16T23:10:54.54Z</time>
		</trkpt>
		<trkpt lat="35.157455" lon="128.722617">
			<ele>0.00</ele>
			<time>2020-01-16T23:10:54.84Z</time>
		</trkpt>
		<trkpt lat="35.157460" lon="128.722559">
			<ele>0.00</ele>
			<time>2020-01-16T23:10:55.16Z</time>
		</trkpt>
		<trkpt lat="35.157468" lon="128.722522">
			<ele>0.00</ele>
			<time>2020-01-16T23:10:55.36Z</time>
		</trkpt>
		<trkpt lat="35.157478" lon="128.722476">
			<ele>0.00</ele>
			<time>2020-01-16T23:10:55.63Z</time>
		</trkpt>
		<trkpt lat="35.157488" lon="128.722431">
			<ele>0.00</ele>
			<time>2020-01-16T23:10:55.88Z</time>
		</trkpt>
		<trkpt lat="35.157503" lon="128.722383">
			<ele>0.00</ele>
			<time>2020-01-16T23:10:56.16Z</time>
		</trkpt>
		<trkpt lat="35.157514" lon="128.722357">
			<ele>0.00</ele>
			<time>2020-01-16T23:10:56.32Z</time>
		</trkpt>
		<trkpt lat="35.157543" lon="128.722303">
			<ele>0.00</ele>
			<time>2020-01-16T23:10:56.67Z</time>
		</trkpt>
		<trkpt lat="35.157565" lon="128.722267">
			<ele>0.00</ele>
			<time>2020-01-16T23:10:56.91Z</time>
		</trkpt>
		<trkpt lat="35.157588" lon="128.722217">
			<ele>0.00</ele>
			<time>2020-01-16T23:10:57.23Z</time>
		</trkpt>
		<trkpt lat="35.157620" lon="128.722162">
			<ele>0.00</ele>
			<time>2020-01-16T23:10:57.59Z</time>
		</trkpt>
		<trkpt lat="35.157643" lon="128.722122">
			<ele>0.00</ele>
			<time>2020-01-16T23:10:57.86Z</time>
		</trkpt>
		<trkpt lat="35.157665" lon="128.722082">
			<ele>0.00</ele>
			<time>2020-01-16T23:10:58.12Z</time>
		</trkpt>
		<trkpt lat="35.157692" lon="128.722035">
			<ele>0.00</ele>
			<time>2020-01-16T23:10:58.44Z</time>
		</trkpt>
		<trkpt lat="35.157722" lon="128.721983">
			<ele>0.00</ele>
			<time>2020-01-16T23:10:58.79Z</time>
		</trkpt>
		<trkpt lat="35.157755" lon="128.721920">
			<ele>0.00</ele>
			<time>2020-01-16T23:10:59.19Z</time>
		</trkpt>
		<trkpt lat="35.157786" lon="128.721864">
			<ele>0.00</ele>
			<time>2020-01-16T23:10:59.56Z</time>
		</trkpt>
		<trkpt lat="35.157804" lon="128.721825">
			<ele>0.00</ele>
			<time>2020-01-16T23:10:59.80Z</time>
		</trkpt>
		<trkpt lat="35.157822" lon="128.721791">
			<ele>0.00</ele>
			<time>2020-01-16T23:11:00.03Z</time>
		</trkpt>
		<trkpt lat="35.157842" lon="128.721752">
			<ele>0.00</ele>
			<time>2020-01-16T23:11:00.28Z</time>
		</trkpt>
		<trkpt lat="35.157871" lon="128.721709">
			<ele>0.00</ele>
			<time>2020-01-16T23:11:00.58Z</time>
		</trkpt>
		<trkpt lat="35.157890" lon="128.721672">
			<ele>0.00</ele>
			<time>2020-01-16T23:11:00.82Z</time>
		</trkpt>
		<trkpt lat="35.157911" lon="128.721644">
			<ele>0.00</ele>
			<time>2020-01-16T23:11:01.02Z</time>
		</trkpt>
		<trkpt lat="35.157937" lon="128.721596">
			<ele>0.00</ele>
			<time>2020-01-16T23:11:01.34Z</time>
		</trkpt>
		<trkpt lat="35.157959" lon="128.721552">
			<ele>0.00</ele>
			<time>2020-01-16T23:11:01.62Z</time>
		</trkpt>
		<trkpt lat="35.157976" lon="128.721515">
			<ele>0.00</ele>
			<time>2020-01-16T23:11:01.85Z</time>
		</trkpt>
		<trkpt lat="35.157998" lon="128.721475">
			<ele>0.00</ele>
			<time>2020-01-16T23:11:02.11Z</time>
		</trkpt>
		<trkpt lat="35.158019" lon="128.721429">
			<ele>0.00</ele>
			<time>2020-01-16T23:11:02.40Z</time>
		</trkpt>
		<trkpt lat="35.158034" lon="128.721394">
			<ele>0.00</ele>
			<time>2020-01-16T23:11:02.62Z</time>
		</trkpt>
		<trkpt lat="35.158049" lon="128.721365">
			<ele>0.00</ele>
			<time>2020-01-16T23:11:02.81Z</time>
		</trkpt>
		<trkpt lat="35.158071" lon="128.721331">
			<ele>0.00</ele>
			<time>2020-01-16T23:11:03.04Z</time>
		</trkpt>
		<trkpt lat="35.158099" lon="128.721294">
			<ele>0.00</ele>
			<time>2020-01-16T23:11:03.32Z</time>
		</trkpt>
		<trkpt lat="35.158126" lon="128.721263">
			<ele>0.00</ele>
			<time>2020-01-16T23:11:03.56Z</time>
		</trkpt>
		<trkpt lat="35.158160" lon="128.721224">
			<ele>0.00</ele>
			<time>2020-01-16T23:11:03.87Z</time>
		</trkpt>
		<trkpt lat="35.158185" lon="128.721195">
			<ele>0.00</ele>
			<time>2020-01-16T23:11:04.10Z</time>
		</trkpt>
		<trkpt lat="35.158206" lon="128.721171">
			<ele>0.00</ele>
			<time>2020-01-16T23:11:04.29Z</time>
		</trkpt>
		<trkpt lat="35.158234" lon="128.721136">
			<ele>0.00</ele>
			<time>2020-01-16T23:11:04.56Z</time>
		</trkpt>
		<trkpt lat="35.158255" lon="128.721117">
			<ele>0.00</ele>
			<time>2020-01-16T23:11:04.73Z</time>
		</trkpt>
		<trkpt lat="35.158284" lon="128.721084">
			<ele>0.00</ele>
			<time>2020-01-16T23:11:05Z</time>
		</trkpt>
		<trkpt lat="35.158312" lon="128.721054">
			<ele>0.00</ele>
			<time>2020-01-16T23:11:05.24Z</time>
		</trkpt>
		<trkpt lat="35.158334" lon="128.721022">
			<ele>0.00</ele>
			<time>2020-01-16T23:11:05.47Z</time>
		</trkpt>
		<trkpt lat="35.158355" lon="128.720986">
			<ele>0.00</ele>
			<time>2020-01-16T23:11:05.72Z</time>
		</trkpt>
		<trkpt lat="35.158370" lon="128.720946">
			<ele>0.00</ele>
			<time>2020-01-16T23:11:05.96Z</time>
		</trkpt>
		<trkpt lat="35.158380" lon="128.720899">
			<ele>0.00</ele>
			<time>2020-01-16T23:11:06.22Z</time>
		</trkpt>
		<trkpt lat="35.158379" lon="128.720868">
			<ele>0.00</ele>
			<time>2020-01-16T23:11:06.39Z</time>
		</trkpt>
		<trkpt lat="35.158379" lon="128.720822">
			<ele>0.00</ele>
			<time>2020-01-16T23:11:06.64Z</time>
		</trkpt>
		<trkpt lat="35.158378" lon="128.720773">
			<ele>0.00</ele>
			<time>2020-01-16T23:11:06.91Z</time>
		</trkpt>
		<trkpt lat="35.158383" lon="128.720721">
			<ele>0.00</ele>
			<time>2020-01-16T23:11:07.19Z</time>
		</trkpt>
		<trkpt lat="35.158393" lon="128.720688">
			<ele>0.00</ele>
			<time>2020-01-16T23:11:07.38Z</time>
		</trkpt>
		<trkpt lat="35.158406" lon="128.720647">
			<ele>0.00</ele>
			<time>2020-01-16T23:11:07.62Z</time>
		</trkpt>
		<trkpt lat="35.158414" lon="128.720602">
			<ele>0.00</ele>
			<time>2020-01-16T23:11:07.88Z</time>
		</trkpt>
		<trkpt lat="35.158419" lon="128.720556">
			<ele>0.00</ele>
			<time>2020-01-16T23:11:08.13Z</time>
		</trkpt>
		<trkpt lat="35.158428" lon="128.720507">
			<ele>0.00</ele>
			<time>2020-01-16T23:11:08.40Z</time>
		</trkpt>
		<trkpt lat="35.158437" lon="128.720456">
			<ele>0.00</ele>
			<time>2020-01-16T23:11:08.68Z</time>
		</trkpt>
		<trkpt lat="35.158450" lon="128.720410">
			<ele>0.00</ele>
			<time>2020-01-16T23:11:08.95Z</time>
		</trkpt>
		<trkpt lat="35.158465" lon="128.720346">
			<ele>0.00</ele>
			<time>2020-01-16T23:11:09.31Z</time>
		</trkpt>
		<trkpt lat="35.158481" lon="128.720296">
			<ele>0.00</ele>
			<time>2020-01-16T23:11:09.61Z</time>
		</trkpt>
		<trkpt lat="35.158500" lon="128.720247">
			<ele>0.00</ele>
			<time>2020-01-16T23:11:09.90Z</time>
		</trkpt>
		<trkpt lat="35.158522" lon="128.720204">
			<ele>0.00</ele>
			<time>2020-01-16T23:11:10.18Z</time>
		</trkpt>
		<trkpt lat="35.158539" lon="128.720161">
			<ele>0.00</ele>
			<time>2020-01-16T23:11:10.44Z</time>
		</trkpt>
		<trkpt lat="35.158554" lon="128.720118">
			<ele>0.00</ele>
			<time>2020-01-16T23:11:10.69Z</time>
		</trkpt>
		<trkpt lat="35.158573" lon="128.720076">
			<ele>0.00</ele>
			<time>2020-01-16T23:11:10.95Z</time>
		</trkpt>
		<trkpt lat="35.158597" lon="128.720018">
			<ele>0.00</ele>
			<time>2020-01-16T23:11:11.31Z</time>
		</trkpt>
		<trkpt lat="35.158616" lon="128.719971">
			<ele>0.00</ele>
			<time>2020-01-16T23:11:11.60Z</time>
		</trkpt>
		<trkpt lat="35.158636" lon="128.719944">
			<ele>0.00</ele>
			<time>2020-01-16T23:11:11.79Z</time>
		</trkpt>
		<trkpt lat="35.158661" lon="128.719914">
			<ele>0.00</ele>
			<time>2020-01-16T23:11:12.03Z</time>
		</trkpt>
		<trkpt lat="35.158688" lon="128.719880">
			<ele>0.00</ele>
			<time>2020-01-16T23:11:12.29Z</time>
		</trkpt>
		<trkpt lat="35.158707" lon="128.719846">
			<ele>0.00</ele>
			<time>2020-01-16T23:11:12.51Z</time>
		</trkpt>
		<trkpt lat="35.158727" lon="128.719806">
			<ele>0.00</ele>
			<time>2020-01-16T23:11:12.77Z</time>
		</trkpt>
		<trkpt lat="35.158746" lon="128.719767">
			<ele>0.00</ele>
			<time>2020-01-16T23:11:13.01Z</time>
		</trkpt>
		<trkpt lat="35.158764" lon="128.719731">
			<ele>0.00</ele>
			<time>2020-01-16T23:11:13.24Z</time>
		</trkpt>
		<trkpt lat="35.158782" lon="128.719690">
			<ele>0.00</ele>
			<time>2020-01-16T23:11:13.49Z</time>
		</trkpt>
		<trkpt lat="35.158803" lon="128.719645">
			<ele>0.00</ele>
			<time>2020-01-16T23:11:13.78Z</time>
		</trkpt>
		<trkpt lat="35.158828" lon="128.719603">
			<ele>0.00</ele>
			<time>2020-01-16T23:11:14.06Z</time>
		</trkpt>
		<trkpt lat="35.158844" lon="128.719565">
			<ele>0.00</ele>
			<time>2020-01-16T23:11:14.29Z</time>
		</trkpt>
		<trkpt lat="35.158859" lon="128.719527">
			<ele>0.00</ele>
			<time>2020-01-16T23:11:14.53Z</time>
		</trkpt>
		<trkpt lat="35.158883" lon="128.719476">
			<ele>0.00</ele>
			<time>2020-01-16T23:11:14.84Z</time>
		</trkpt>
		<trkpt lat="35.158902" lon="128.719436">
			<ele>0.00</ele>
			<time>2020-01-16T23:11:15.10Z</time>
		</trkpt>
		<trkpt lat="35.158924" lon="128.719396">
			<ele>0.00</ele>
			<time>2020-01-16T23:11:15.36Z</time>
		</trkpt>
		<trkpt lat="35.158947" lon="128.719355">
			<ele>0.00</ele>
			<time>2020-01-16T23:11:15.63Z</time>
		</trkpt>
		<trkpt lat="35.158972" lon="128.719317">
			<ele>0.00</ele>
			<time>2020-01-16T23:11:15.90Z</time>
		</trkpt>
		<trkpt lat="35.158993" lon="128.719277">
			<ele>0.00</ele>
			<time>2020-01-16T23:11:16.16Z</time>
		</trkpt>
		<trkpt lat="35.159019" lon="128.719237">
			<ele>0.00</ele>
			<time>2020-01-16T23:11:16.44Z</time>
		</trkpt>
		<trkpt lat="35.159042" lon="128.719199">
			<ele>0.00</ele>
			<time>2020-01-16T23:11:16.69Z</time>
		</trkpt>
		<trkpt lat="35.159065" lon="128.719153">
			<ele>0.00</ele>
			<time>2020-01-16T23:11:16.98Z</time>
		</trkpt>
		<trkpt lat="35.159084" lon="128.719111">
			<ele>0.00</ele>
			<time>2020-01-16T23:11:17.25Z</time>
		</trkpt>
		<trkpt lat="35.159108" lon="128.719065">
			<ele>0.00</ele>
			<time>2020-01-16T23:11:17.54Z</time>
		</trkpt>
		<trkpt lat="35.159130" lon="128.719024">
			<ele>0.00</ele>
			<time>2020-01-16T23:11:17.81Z</time>
		</trkpt>
		<trkpt lat="35.159145" lon="128.718984">
			<ele>0.00</ele>
			<time>2020-01-16T23:11:18.05Z</time>
		</trkpt>
		<trkpt lat="35.159164" lon="128.718934">
			<ele>0.00</ele>
			<time>2020-01-16T23:11:18.36Z</time>
		</trkpt>
		<trkpt lat="35.159182" lon="128.718889">
			<ele>0.00</ele>
			<time>2020-01-16T23:11:18.63Z</time>
		</trkpt>
		<trkpt lat="35.159196" lon="128.718844">
			<ele>0.00</ele>
			<time>2020-01-16T23:11:18.89Z</time>
		</trkpt>
		<trkpt lat="35.159209" lon="128.718805">
			<ele>0.00</ele>
			<time>2020-01-16T23:11:19.12Z</time>
		</trkpt>
		<trkpt lat="35.159226" lon="128.718752">
			<ele>0.00</ele>
			<time>2020-01-16T23:11:19.43Z</time>
		</trkpt>
		<trkpt lat="35.159242" lon="128.718706">
			<ele>0.00</ele>
			<time>2020-01-16T23:11:19.70Z</time>
		</trkpt>
		<trkpt lat="35.159258" lon="128.718659">
			<ele>0.00</ele>
			<time>2020-01-16T23:11:19.98Z</time>
		</trkpt>
		<trkpt lat="35.159278" lon="128.718607">
			<ele>0.00</ele>
			<time>2020-01-16T23:11:20.29Z</time>
		</trkpt>
		<trkpt lat="35.159293" lon="128.718552">
			<ele>0.00</ele>
			<time>2020-01-16T23:11:20.61Z</time>
		</trkpt>
		<trkpt lat="35.159305" lon="128.718511">
			<ele>0.00</ele>
			<time>2020-01-16T23:11:20.85Z</time>
		</trkpt>
		<trkpt lat="35.159313" lon="128.718462">
			<ele>0.00</ele>
			<time>2020-01-16T23:11:21.12Z</time>
		</trkpt>
		<trkpt lat="35.159322" lon="128.718414">
			<ele>0.00</ele>
			<time>2020-01-16T23:11:21.38Z</time>
		</trkpt>
		<trkpt lat="35.159328" lon="128.718372">
			<ele>0.00</ele>
			<time>2020-01-16T23:11:21.62Z</time>
		</trkpt>
		<trkpt lat="35.159335" lon="128.718326">
			<ele>0.00</ele>
			<time>2020-01-16T23:11:21.87Z</time>
		</trkpt>
		<trkpt lat="35.159344" lon="128.718280">
			<ele>0.00</ele>
			<time>2020-01-16T23:11:22.13Z</time>
		</trkpt>
		<trkpt lat="35.159349" lon="128.718225">
			<ele>0.00</ele>
			<time>2020-01-16T23:11:22.44Z</time>
		</trkpt>
		<trkpt lat="35.159359" lon="128.718172">
			<ele>0.00</ele>
			<time>2020-01-16T23:11:22.73Z</time>
		</trkpt>
		<trkpt lat="35.159371" lon="128.718127">
			<ele>0.00</ele>
			<time>2020-01-16T23:11:22.99Z</time>
		</trkpt>
		<trkpt lat="35.159385" lon="128.718077">
			<ele>0.00</ele>
			<time>2020-01-16T23:11:23.27Z</time>
		</trkpt>
		<trkpt lat="35.159395" lon="128.718033">
			<ele>0.00</ele>
			<time>2020-01-16T23:11:23.52Z</time>
		</trkpt>
		<trkpt lat="35.159411" lon="128.717975">
			<ele>0.00</ele>
			<time>2020-01-16T23:11:23.86Z</time>
		</trkpt>
		<trkpt lat="35.159427" lon="128.717924">
			<ele>0.00</ele>
			<time>2020-01-16T23:11:24.16Z</time>
		</trkpt>
		<trkpt lat="35.159440" lon="128.717878">
			<ele>0.00</ele>
			<time>2020-01-16T23:11:24.42Z</time>
		</trkpt>
		<trkpt lat="35.159454" lon="128.717840">
			<ele>0.00</ele>
			<time>2020-01-16T23:11:24.65Z</time>
		</trkpt>
		<trkpt lat="35.159465" lon="128.717797">
			<ele>0.00</ele>
			<time>2020-01-16T23:11:24.90Z</time>
		</trkpt>
		<trkpt lat="35.159479" lon="128.717752">
			<ele>0.00</ele>
			<time>2020-01-16T23:11:25.16Z</time>
		</trkpt>
		<trkpt lat="35.159490" lon="128.717705">
			<ele>0.00</ele>
			<time>2020-01-16T23:11:25.42Z</time>
		</trkpt>
		<trkpt lat="35.159506" lon="128.717657">
			<ele>0.00</ele>
			<time>2020-01-16T23:11:25.70Z</time>
		</trkpt>
		<trkpt lat="35.159527" lon="128.717617">
			<ele>0.00</ele>
			<time>2020-01-16T23:11:25.96Z</time>
		</trkpt>
		<trkpt lat="35.159546" lon="128.717587">
			<ele>0.00</ele>
			<time>2020-01-16T23:11:26.17Z</time>
		</trkpt>
		<trkpt lat="35.159570" lon="128.717549">
			<ele>0.00</ele>
			<time>2020-01-16T23:11:26.43Z</time>
		</trkpt>
		<trkpt lat="35.159590" lon="128.717515">
			<ele>0.00</ele>
			<time>2020-01-16T23:11:26.66Z</time>
		</trkpt>
		<trkpt lat="35.159619" lon="128.717475">
			<ele>0.00</ele>
			<time>2020-01-16T23:11:26.95Z</time>
		</trkpt>
		<trkpt lat="35.159642" lon="128.717433">
			<ele>0.00</ele>
			<time>2020-01-16T23:11:27.23Z</time>
		</trkpt>
		<trkpt lat="35.159665" lon="128.717398">
			<ele>0.00</ele>
			<time>2020-01-16T23:11:27.47Z</time>
		</trkpt>
		<trkpt lat="35.159683" lon="128.717366">
			<ele>0.00</ele>
			<time>2020-01-16T23:11:27.68Z</time>
		</trkpt>
		<trkpt lat="35.159708" lon="128.717313">
			<ele>0.00</ele>
			<time>2020-01-16T23:11:28.02Z</time>
		</trkpt>
		<trkpt lat="35.159729" lon="128.717275">
			<ele>0.00</ele>
			<time>2020-01-16T23:11:28.27Z</time>
		</trkpt>
		<trkpt lat="35.159747" lon="128.717224">
			<ele>0.00</ele>
			<time>2020-01-16T23:11:28.57Z</time>
		</trkpt>
		<trkpt lat="35.159761" lon="128.717180">
			<ele>0.00</ele>
			<time>2020-01-16T23:11:28.83Z</time>
		</trkpt>
		<trkpt lat="35.159779" lon="128.717140">
			<ele>0.00</ele>
			<time>2020-01-16T23:11:29.08Z</time>
		</trkpt>
		<trkpt lat="35.159797" lon="128.717097">
			<ele>0.00</ele>
			<time>2020-01-16T23:11:29.34Z</time>
		</trkpt>
		<trkpt lat="35.159811" lon="128.717060">
			<ele>0.00</ele>
			<time>2020-01-16T23:11:29.56Z</time>
		</trkpt>
		<trkpt lat="35.159830" lon="128.717021">
			<ele>0.00</ele>
			<time>2020-01-16T23:11:29.81Z</time>
		</trkpt>
		<trkpt lat="35.159848" lon="128.716973">
			<ele>0.00</ele>
			<time>2020-01-16T23:11:30.10Z</time>
		</trkpt>
		<trkpt lat="35.159866" lon="128.716927">
			<ele>0.00</ele>
			<time>2020-01-16T23:11:30.37Z</time>
		</trkpt>
		<trkpt lat="35.159879" lon="128.716890">
			<ele>0.00</ele>
			<time>2020-01-16T23:11:30.59Z</time>
		</trkpt>
		<trkpt lat="35.159898" lon="128.716849">
			<ele>0.00</ele>
			<time>2020-01-16T23:11:30.85Z</time>
		</trkpt>
		<trkpt lat="35.159915" lon="128.716807">
			<ele>0.00</ele>
			<time>2020-01-16T23:11:31.10Z</time>
		</trkpt>
		<trkpt lat="35.159927" lon="128.716768">
			<ele>0.00</ele>
			<time>2020-01-16T23:11:31.33Z</time>
		</trkpt>
		<trkpt lat="35.159942" lon="128.716720">
			<ele>0.00</ele>
			<time>2020-01-16T23:11:31.61Z</time>
		</trkpt>
		<trkpt lat="35.159946" lon="128.716695">
			<ele>0.00</ele>
			<time>2020-01-16T23:11:31.75Z</time>
		</trkpt>
		<trkpt lat="35.159953" lon="128.716657">
			<ele>0.00</ele>
			<time>2020-01-16T23:11:31.96Z</time>
		</trkpt>
		<trkpt lat="35.159964" lon="128.716624">
			<ele>0.00</ele>
			<time>2020-01-16T23:11:32.16Z</time>
		</trkpt>
		<trkpt lat="35.159975" lon="128.716587">
			<ele>0.00</ele>
			<time>2020-01-16T23:11:32.37Z</time>
		</trkpt>
		<trkpt lat="35.159991" lon="128.716545">
			<ele>0.00</ele>
			<time>2020-01-16T23:11:32.63Z</time>
		</trkpt>
		<trkpt lat="35.160003" lon="128.716513">
			<ele>0.00</ele>
			<time>2020-01-16T23:11:32.82Z</time>
		</trkpt>
		<trkpt lat="35.160023" lon="128.716458">
			<ele>0.00</ele>
			<time>2020-01-16T23:11:33.15Z</time>
		</trkpt>
		<trkpt lat="35.160037" lon="128.716417">
			<ele>0.00</ele>
			<time>2020-01-16T23:11:33.39Z</time>
		</trkpt>
		<trkpt lat="35.160055" lon="128.716382">
			<ele>0.00</ele>
			<time>2020-01-16T23:11:33.61Z</time>
		</trkpt>
		<trkpt lat="35.160078" lon="128.716344">
			<ele>0.00</ele>
			<time>2020-01-16T23:11:33.87Z</time>
		</trkpt>
		<trkpt lat="35.160107" lon="128.716289">
			<ele>0.00</ele>
			<time>2020-01-16T23:11:34.23Z</time>
		</trkpt>
		<trkpt lat="35.160124" lon="128.716260">
			<ele>0.00</ele>
			<time>2020-01-16T23:11:34.42Z</time>
		</trkpt>
		<trkpt lat="35.160138" lon="128.716229">
			<ele>0.00</ele>
			<time>2020-01-16T23:11:34.61Z</time>
		</trkpt>
		<trkpt lat="35.160149" lon="128.716188">
			<ele>0.00</ele>
			<time>2020-01-16T23:11:34.85Z</time>
		</trkpt>
		<trkpt lat="35.160163" lon="128.716151">
			<ele>0.00</ele>
			<time>2020-01-16T23:11:35.07Z</time>
		</trkpt>
		<trkpt lat="35.160171" lon="128.716125">
			<ele>0.00</ele>
			<time>2020-01-16T23:11:35.22Z</time>
		</trkpt>
		<trkpt lat="35.160183" lon="128.716090">
			<ele>0.00</ele>
			<time>2020-01-16T23:11:35.43Z</time>
		</trkpt>
		<trkpt lat="35.160193" lon="128.716058">
			<ele>0.00</ele>
			<time>2020-01-16T23:11:35.62Z</time>
		</trkpt>
		<trkpt lat="35.160202" lon="128.716032">
			<ele>0.00</ele>
			<time>2020-01-16T23:11:35.77Z</time>
		</trkpt>
		<trkpt lat="35.160212" lon="128.715994">
			<ele>0.00</ele>
			<time>2020-01-16T23:11:35.99Z</time>
		</trkpt>
		<trkpt lat="35.160226" lon="128.715946">
			<ele>0.00</ele>
			<time>2020-01-16T23:11:36.27Z</time>
		</trkpt>
		<trkpt lat="35.160239" lon="128.715896">
			<ele>0.00</ele>
			<time>2020-01-16T23:11:36.55Z</time>
		</trkpt>
		<trkpt lat="35.160254" lon="128.715856">
			<ele>0.00</ele>
			<time>2020-01-16T23:11:36.79Z</time>
		</trkpt>
		<trkpt lat="35.160268" lon="128.715823">
			<ele>0.00</ele>
			<time>2020-01-16T23:11:36.99Z</time>
		</trkpt>
		<trkpt lat="35.160279" lon="128.715793">
			<ele>0.00</ele>
			<time>2020-01-16T23:11:37.17Z</time>
		</trkpt>
		<trkpt lat="35.160282" lon="128.715790">
			<ele>0.00</ele>
			<time>2020-01-16T23:11:37.23Z</time>
		</trkpt>
		<trkpt lat="35.160298" lon="128.715750">
			<ele>0.00</ele>
			<time>2020-01-16T23:11:37.47Z</time>
		</trkpt>
		<trkpt lat="35.160315" lon="128.715706">
			<ele>0.00</ele>
			<time>2020-01-16T23:11:37.74Z</time>
		</trkpt>
		<trkpt lat="35.160327" lon="128.715669">
			<ele>0.00</ele>
			<time>2020-01-16T23:11:37.96Z</time>
		</trkpt>
		<trkpt lat="35.160341" lon="128.715636">
			<ele>0.00</ele>
			<time>2020-01-16T23:11:38.16Z</time>
		</trkpt>
		<trkpt lat="35.160359" lon="128.715589">
			<ele>0.00</ele>
			<time>2020-01-16T23:11:38.44Z</time>
		</trkpt>
		<trkpt lat="35.160372" lon="128.715560">
			<ele>0.00</ele>
			<time>2020-01-16T23:11:38.63Z</time>
		</trkpt>
		<trkpt lat="35.160388" lon="128.715521">
			<ele>0.00</ele>
			<time>2020-01-16T23:11:38.86Z</time>
		</trkpt>
		<trkpt lat="35.160404" lon="128.715497">
			<ele>0.00</ele>
			<time>2020-01-16T23:11:39.03Z</time>
		</trkpt>
		<trkpt lat="35.160423" lon="128.715467">
			<ele>0.00</ele>
			<time>2020-01-16T23:11:39.24Z</time>
		</trkpt>
		<trkpt lat="35.160431" lon="128.715430">
			<ele>0.00</ele>
			<time>2020-01-16T23:11:39.45Z</time>
		</trkpt>
		<trkpt lat="35.160440" lon="128.715387">
			<ele>0.00</ele>
			<time>2020-01-16T23:11:39.69Z</time>
		</trkpt>
		<trkpt lat="35.160448" lon="128.715339">
			<ele>0.00</ele>
			<time>2020-01-16T23:11:39.96Z</time>
		</trkpt>
		<trkpt lat="35.160458" lon="128.715290">
			<ele>0.00</ele>
			<time>2020-01-16T23:11:40.23Z</time>
		</trkpt>
		<trkpt lat="35.160464" lon="128.715244">
			<ele>0.00</ele>
			<time>2020-01-16T23:11:40.49Z</time>
		</trkpt>
		<trkpt lat="35.160471" lon="128.715198">
			<ele>0.00</ele>
			<time>2020-01-16T23:11:40.74Z</time>
		</trkpt>
		<trkpt lat="35.160477" lon="128.715143">
			<ele>0.00</ele>
			<time>2020-01-16T23:11:41.04Z</time>
		</trkpt>
		<trkpt lat="35.160482" lon="128.715101">
			<ele>0.00</ele>
			<time>2020-01-16T23:11:41.27Z</time>
		</trkpt>
		<trkpt lat="35.160487" lon="128.715049">
			<ele>0.00</ele>
			<time>2020-01-16T23:11:41.56Z</time>
		</trkpt>
		<trkpt lat="35.160494" lon="128.714998">
			<ele>0.00</ele>
			<time>2020-01-16T23:11:41.84Z</time>
		</trkpt>
		<trkpt lat="35.160504" lon="128.714945">
			<ele>0.00</ele>
			<time>2020-01-16T23:11:42.14Z</time>
		</trkpt>
		<trkpt lat="35.160506" lon="128.714903">
			<ele>0.00</ele>
			<time>2020-01-16T23:11:42.37Z</time>
		</trkpt>
		<trkpt lat="35.160511" lon="128.714862">
			<ele>0.00</ele>
			<time>2020-01-16T23:11:42.59Z</time>
		</trkpt>
		<trkpt lat="35.160514" lon="128.714820">
			<ele>0.00</ele>
			<time>2020-01-16T23:11:42.82Z</time>
		</trkpt>
		<trkpt lat="35.160518" lon="128.714784">
			<ele>0.00</ele>
			<time>2020-01-16T23:11:43.02Z</time>
		</trkpt>
		<trkpt lat="35.160518" lon="128.714741">
			<ele>0.00</ele>
			<time>2020-01-16T23:11:43.25Z</time>
		</trkpt>
		<trkpt lat="35.160524" lon="128.714703">
			<ele>0.00</ele>
			<time>2020-01-16T23:11:43.46Z</time>
		</trkpt>
		<trkpt lat="35.160528" lon="128.714660">
			<ele>0.00</ele>
			<time>2020-01-16T23:11:43.70Z</time>
		</trkpt>
		<trkpt lat="35.160527" lon="128.714623">
			<ele>0.00</ele>
			<time>2020-01-16T23:11:43.90Z</time>
		</trkpt>
		<trkpt lat="35.160537" lon="128.714586">
			<ele>0.00</ele>
			<time>2020-01-16T23:11:44.11Z</time>
		</trkpt>
		<trkpt lat="35.160556" lon="128.714557">
			<ele>0.00</ele>
			<time>2020-01-16T23:11:44.32Z</time>
		</trkpt>
		<trkpt lat="35.160576" lon="128.714528">
			<ele>0.00</ele>
			<time>2020-01-16T23:11:44.52Z</time>
		</trkpt>
		<trkpt lat="35.160596" lon="128.714506">
			<ele>0.00</ele>
			<time>2020-01-16T23:11:44.70Z</time>
		</trkpt>
		<trkpt lat="35.160615" lon="128.714477">
			<ele>0.00</ele>
			<time>2020-01-16T23:11:44.90Z</time>
		</trkpt>
		<trkpt lat="35.160638" lon="128.714438">
			<ele>0.00</ele>
			<time>2020-01-16T23:11:45.17Z</time>
		</trkpt>
		<trkpt lat="35.160658" lon="128.714398">
			<ele>0.00</ele>
			<time>2020-01-16T23:11:45.42Z</time>
		</trkpt>
		<trkpt lat="35.160682" lon="128.714354">
			<ele>0.00</ele>
			<time>2020-01-16T23:11:45.71Z</time>
		</trkpt>
		<trkpt lat="35.160698" lon="128.714330">
			<ele>0.00</ele>
			<time>2020-01-16T23:11:45.88Z</time>
		</trkpt>
		<trkpt lat="35.160715" lon="128.714301">
			<ele>0.00</ele>
			<time>2020-01-16T23:11:46.08Z</time>
		</trkpt>
		<trkpt lat="35.160740" lon="128.714261">
			<ele>0.00</ele>
			<time>2020-01-16T23:11:46.35Z</time>
		</trkpt>
		<trkpt lat="35.160774" lon="128.714213">
			<ele>0.00</ele>
			<time>2020-01-16T23:11:46.70Z</time>
		</trkpt>
		<trkpt lat="35.160800" lon="128.714168">
			<ele>0.00</ele>
			<time>2020-01-16T23:11:47Z</time>
		</trkpt>
		<trkpt lat="35.160830" lon="128.714123">
			<ele>0.00</ele>
			<time>2020-01-16T23:11:47.31Z</time>
		</trkpt>
		<trkpt lat="35.160867" lon="128.714076">
			<ele>0.00</ele>
			<time>2020-01-16T23:11:47.67Z</time>
		</trkpt>
		<trkpt lat="35.160891" lon="128.714041">
			<ele>0.00</ele>
			<time>2020-01-16T23:11:47.92Z</time>
		</trkpt>
		<trkpt lat="35.160913" lon="128.714010">
			<ele>0.00</ele>
			<time>2020-01-16T23:11:48.14Z</time>
		</trkpt>
		<trkpt lat="35.160942" lon="128.713980">
			<ele>0.00</ele>
			<time>2020-01-16T23:11:48.39Z</time>
		</trkpt>
		<trkpt lat="35.160965" lon="128.713951">
			<ele>0.00</ele>
			<time>2020-01-16T23:11:48.61Z</time>
		</trkpt>
		<trkpt lat="35.160995" lon="128.713914">
			<ele>0.00</ele>
			<time>2020-01-16T23:11:48.90Z</time>
		</trkpt>
		<trkpt lat="35.161023" lon="128.713880">
			<ele>0.00</ele>
			<time>2020-01-16T23:11:49.16Z</time>
		</trkpt>
		<trkpt lat="35.161054" lon="128.713849">
			<ele>0.00</ele>
			<time>2020-01-16T23:11:49.43Z</time>
		</trkpt>
		<trkpt lat="35.161079" lon="128.713835">
			<ele>0.00</ele>
			<time>2020-01-16T23:11:49.61Z</time>
		</trkpt>
		<trkpt lat="35.161103" lon="128.713814">
			<ele>0.00</ele>
			<time>2020-01-16T23:11:49.81Z</time>
		</trkpt>
		<trkpt lat="35.161132" lon="128.713778">
			<ele>0.00</ele>
			<time>2020-01-16T23:11:50.08Z</time>
		</trkpt>
		<trkpt lat="35.161147" lon="128.713748">
			<ele>0.00</ele>
			<time>2020-01-16T23:11:50.28Z</time>
		</trkpt>
		<trkpt lat="35.161167" lon="128.713706">
			<ele>0.00</ele>
			<time>2020-01-16T23:11:50.54Z</time>
		</trkpt>
		<trkpt lat="35.161188" lon="128.713656">
			<ele>0.00</ele>
			<time>2020-01-16T23:11:50.84Z</time>
		</trkpt>
		<trkpt lat="35.161199" lon="128.713611">
			<ele>0.00</ele>
			<time>2020-01-16T23:11:51.10Z</time>
		</trkpt>
		<trkpt lat="35.161214" lon="128.713567">
			<ele>0.00</ele>
			<time>2020-01-16T23:11:51.36Z</time>
		</trkpt>
		<trkpt lat="35.161227" lon="128.713533">
			<ele>0.00</ele>
			<time>2020-01-16T23:11:51.57Z</time>
		</trkpt>
		<trkpt lat="35.161246" lon="128.713485">
			<ele>0.00</ele>
			<time>2020-01-16T23:11:51.86Z</time>
		</trkpt>
		<trkpt lat="35.161262" lon="128.713449">
			<ele>0.00</ele>
			<time>2020-01-16T23:11:52.08Z</time>
		</trkpt>
		<trkpt lat="35.161281" lon="128.713405">
			<ele>0.00</ele>
			<time>2020-01-16T23:11:52.35Z</time>
		</trkpt>
		<trkpt lat="35.161301" lon="128.713363">
			<ele>0.00</ele>
			<time>2020-01-16T23:11:52.62Z</time>
		</trkpt>
		<trkpt lat="35.161321" lon="128.713315">
			<ele>0.00</ele>
			<time>2020-01-16T23:11:52.91Z</time>
		</trkpt>
		<trkpt lat="35.161342" lon="128.713279">
			<ele>0.00</ele>
			<time>2020-01-16T23:11:53.15Z</time>
		</trkpt>
		<trkpt lat="35.161365" lon="128.713229">
			<ele>0.00</ele>
			<time>2020-01-16T23:11:53.47Z</time>
		</trkpt>
		<trkpt lat="35.161386" lon="128.713180">
			<ele>0.00</ele>
			<time>2020-01-16T23:11:53.76Z</time>
		</trkpt>
		<trkpt lat="35.161400" lon="128.713139">
			<ele>0.00</ele>
			<time>2020-01-16T23:11:54.01Z</time>
		</trkpt>
		<trkpt lat="35.161415" lon="128.713088">
			<ele>0.00</ele>
			<time>2020-01-16T23:11:54.30Z</time>
		</trkpt>
		<trkpt lat="35.161431" lon="128.713035">
			<ele>0.00</ele>
			<time>2020-01-16T23:11:54.61Z</time>
		</trkpt>
		<trkpt lat="35.161442" lon="128.712968">
			<ele>0.00</ele>
			<time>2020-01-16T23:11:54.98Z</time>
		</trkpt>
		<trkpt lat="35.161451" lon="128.712900">
			<ele>0.00</ele>
			<time>2020-01-16T23:11:55.36Z</time>
		</trkpt>
		<trkpt lat="35.161452" lon="128.712839">
			<ele>0.00</ele>
			<time>2020-01-16T23:11:55.69Z</time>
		</trkpt>
		<trkpt lat="35.161451" lon="128.712780">
			<ele>0.00</ele>
			<time>2020-01-16T23:11:56.01Z</time>
		</trkpt>
		<trkpt lat="35.161453" lon="128.712727">
			<ele>0.00</ele>
			<time>2020-01-16T23:11:56.30Z</time>
		</trkpt>
		<trkpt lat="35.161459" lon="128.712679">
			<ele>0.00</ele>
			<time>2020-01-16T23:11:56.57Z</time>
		</trkpt>
		<trkpt lat="35.161464" lon="128.712636">
			<ele>0.00</ele>
			<time>2020-01-16T23:11:56.80Z</time>
		</trkpt>
		<trkpt lat="35.161477" lon="128.712576">
			<ele>0.00</ele>
			<time>2020-01-16T23:11:57.14Z</time>
		</trkpt>
		<trkpt lat="35.161498" lon="128.712534">
			<ele>0.00</ele>
			<time>2020-01-16T23:11:57.41Z</time>
		</trkpt>
		<trkpt lat="35.161525" lon="128.712484">
			<ele>0.00</ele>
			<time>2020-01-16T23:11:57.74Z</time>
		</trkpt>
		<trkpt lat="35.161542" lon="128.712449">
			<ele>0.00</ele>
			<time>2020-01-16T23:11:57.96Z</time>
		</trkpt>
		<trkpt lat="35.161565" lon="128.712411">
			<ele>0.00</ele>
			<time>2020-01-16T23:11:58.22Z</time>
		</trkpt>
		<trkpt lat="35.161592" lon="128.712360">
			<ele>0.00</ele>
			<time>2020-01-16T23:11:58.55Z</time>
		</trkpt>
		<trkpt lat="35.161612" lon="128.712319">
			<ele>0.00</ele>
			<time>2020-01-16T23:11:58.81Z</time>
		</trkpt>
		<trkpt lat="35.161644" lon="128.712262">
			<ele>0.00</ele>
			<time>2020-01-16T23:11:59.18Z</time>
		</trkpt>
		<trkpt lat="35.161675" lon="128.712214">
			<ele>0.00</ele>
			<time>2020-01-16T23:11:59.52Z</time>
		</trkpt>
		<trkpt lat="35.161697" lon="128.712182">
			<ele>0.00</ele>
			<time>2020-01-16T23:11:59.74Z</time>
		</trkpt>
		<trkpt lat="35.161720" lon="128.712146">
			<ele>0.00</ele>
			<time>2020-01-16T23:11:59.99Z</time>
		</trkpt>
		<trkpt lat="35.161747" lon="128.712120">
			<ele>0.00</ele>
			<time>2020-01-16T23:12:00.23Z</time>
		</trkpt>
		<trkpt lat="35.161784" lon="128.712081">
			<ele>0.00</ele>
			<time>2020-01-16T23:12:00.55Z</time>
		</trkpt>
		<trkpt lat="35.161816" lon="128.712053">
			<ele>0.00</ele>
			<time>2020-01-16T23:12:00.81Z</time>
		</trkpt>
		<trkpt lat="35.161816" lon="128.712050">
			<ele>0.00</ele>
			<time>2020-01-16T23:12:00.87Z</time>
		</trkpt>
		<trkpt lat="35.161841" lon="128.712019">
			<ele>0.00</ele>
			<time>2020-01-16T23:12:01.11Z</time>
		</trkpt>
		<trkpt lat="35.161863" lon="128.711988">
			<ele>0.00</ele>
			<time>2020-01-16T23:12:01.33Z</time>
		</trkpt>
		<trkpt lat="35.161874" lon="128.711956">
			<ele>0.00</ele>
			<time>2020-01-16T23:12:01.52Z</time>
		</trkpt>
		<trkpt lat="35.161890" lon="128.711928">
			<ele>0.00</ele>
			<time>2020-01-16T23:12:01.71Z</time>
		</trkpt>
		<trkpt lat="35.161907" lon="128.711885">
			<ele>0.00</ele>
			<time>2020-01-16T23:12:01.97Z</time>
		</trkpt>
		<trkpt lat="35.161925" lon="128.711850">
			<ele>0.00</ele>
			<time>2020-01-16T23:12:02.19Z</time>
		</trkpt>
		<trkpt lat="35.161952" lon="128.711800">
			<ele>0.00</ele>
			<time>2020-01-16T23:12:02.52Z</time>
		</trkpt>
		<trkpt lat="35.161953" lon="128.711797">
			<ele>0.00</ele>
			<time>2020-01-16T23:12:02.58Z</time>
		</trkpt>
		<trkpt lat="35.161972" lon="128.711748">
			<ele>0.00</ele>
			<time>2020-01-16T23:12:02.88Z</time>
		</trkpt>
		<trkpt lat="35.161972" lon="128.711748">
			<ele>0.00</ele>
			<time>2020-01-16T23:12:02.94Z</time>
		</trkpt>
		<trkpt lat="35.161987" lon="128.711708">
			<ele>0.00</ele>
			<time>2020-01-16T23:12:03.18Z</time>
		</trkpt>
		<trkpt lat="35.162010" lon="128.711668">
			<ele>0.00</ele>
			<time>2020-01-16T23:12:03.44Z</time>
		</trkpt>
		<trkpt lat="35.162024" lon="128.711633">
			<ele>0.00</ele>
			<time>2020-01-16T23:12:03.66Z</time>
		</trkpt>
		<trkpt lat="35.162040" lon="128.711592">
			<ele>0.00</ele>
			<time>2020-01-16T23:12:03.90Z</time>
		</trkpt>
		<trkpt lat="35.162059" lon="128.711547">
			<ele>0.00</ele>
			<time>2020-01-16T23:12:04.18Z</time>
		</trkpt>
		<trkpt lat="35.162080" lon="128.711506">
			<ele>0.00</ele>
			<time>2020-01-16T23:12:04.44Z</time>
		</trkpt>
		<trkpt lat="35.162099" lon="128.711472">
			<ele>0.00</ele>
			<time>2020-01-16T23:12:04.67Z</time>
		</trkpt>
		<trkpt lat="35.162121" lon="128.711443">
			<ele>0.00</ele>
			<time>2020-01-16T23:12:04.88Z</time>
		</trkpt>
		<trkpt lat="35.162150" lon="128.711410">
			<ele>0.00</ele>
			<time>2020-01-16T23:12:05.15Z</time>
		</trkpt>
		<trkpt lat="35.162173" lon="128.711373">
			<ele>0.00</ele>
			<time>2020-01-16T23:12:05.40Z</time>
		</trkpt>
		<trkpt lat="35.162199" lon="128.711334">
			<ele>0.00</ele>
			<time>2020-01-16T23:12:05.67Z</time>
		</trkpt>
		<trkpt lat="35.162220" lon="128.711300">
			<ele>0.00</ele>
			<time>2020-01-16T23:12:05.91Z</time>
		</trkpt>
		<trkpt lat="35.162251" lon="128.711256">
			<ele>0.00</ele>
			<time>2020-01-16T23:12:06.22Z</time>
		</trkpt>
		<trkpt lat="35.162274" lon="128.711219">
			<ele>0.00</ele>
			<time>2020-01-16T23:12:06.48Z</time>
		</trkpt>
		<trkpt lat="35.162300" lon="128.711164">
			<ele>0.00</ele>
			<time>2020-01-16T23:12:06.82Z</time>
		</trkpt>
		<trkpt lat="35.162319" lon="128.711123">
			<ele>0.00</ele>
			<time>2020-01-16T23:12:07.08Z</time>
		</trkpt>
		<trkpt lat="35.162341" lon="128.711080">
			<ele>0.00</ele>
			<time>2020-01-16T23:12:07.36Z</time>
		</trkpt>
		<trkpt lat="35.162364" lon="128.711047">
			<ele>0.00</ele>
			<time>2020-01-16T23:12:07.59Z</time>
		</trkpt>
		<trkpt lat="35.162397" lon="128.711019">
			<ele>0.00</ele>
			<time>2020-01-16T23:12:07.86Z</time>
		</trkpt>
		<trkpt lat="35.162420" lon="128.710990">
			<ele>0.00</ele>
			<time>2020-01-16T23:12:08.08Z</time>
		</trkpt>
		<trkpt lat="35.162442" lon="128.710953">
			<ele>0.00</ele>
			<time>2020-01-16T23:12:08.33Z</time>
		</trkpt>
		<trkpt lat="35.162468" lon="128.710913">
			<ele>0.00</ele>
			<time>2020-01-16T23:12:08.61Z</time>
		</trkpt>
		<trkpt lat="35.162494" lon="128.710859">
			<ele>0.00</ele>
			<time>2020-01-16T23:12:08.95Z</time>
		</trkpt>
		<trkpt lat="35.162518" lon="128.710816">
			<ele>0.00</ele>
			<time>2020-01-16T23:12:09.23Z</time>
		</trkpt>
		<trkpt lat="35.162547" lon="128.710764">
			<ele>0.00</ele>
			<time>2020-01-16T23:12:09.58Z</time>
		</trkpt>
		<trkpt lat="35.162568" lon="128.710737">
			<ele>0.00</ele>
			<time>2020-01-16T23:12:09.78Z</time>
		</trkpt>
		<trkpt lat="35.162591" lon="128.710704">
			<ele>0.00</ele>
			<time>2020-01-16T23:12:10.02Z</time>
		</trkpt>
		<trkpt lat="35.162609" lon="128.710669">
			<ele>0.00</ele>
			<time>2020-01-16T23:12:10.24Z</time>
		</trkpt>
		<trkpt lat="35.162628" lon="128.710632">
			<ele>0.00</ele>
			<time>2020-01-16T23:12:10.48Z</time>
		</trkpt>
		<trkpt lat="35.162647" lon="128.710596">
			<ele>0.00</ele>
			<time>2020-01-16T23:12:10.71Z</time>
		</trkpt>
		<trkpt lat="35.162672" lon="128.710558">
			<ele>0.00</ele>
			<time>2020-01-16T23:12:10.98Z</time>
		</trkpt>
		<trkpt lat="35.162701" lon="128.710531">
			<ele>0.00</ele>
			<time>2020-01-16T23:12:11.22Z</time>
		</trkpt>
		<trkpt lat="35.162735" lon="128.710504">
			<ele>0.00</ele>
			<time>2020-01-16T23:12:11.50Z</time>
		</trkpt>
		<trkpt lat="35.162780" lon="128.710483">
			<ele>0.00</ele>
			<time>2020-01-16T23:12:11.82Z</time>
		</trkpt>
		<trkpt lat="35.162819" lon="128.710466">
			<ele>0.00</ele>
			<time>2020-01-16T23:12:12.09Z</time>
		</trkpt>
		<trkpt lat="35.162862" lon="128.710425">
			<ele>0.00</ele>
			<time>2020-01-16T23:12:12.45Z</time>
		</trkpt>
		<trkpt lat="35.162887" lon="128.710383">
			<ele>0.00</ele>
			<time>2020-01-16T23:12:12.74Z</time>
		</trkpt>
		<trkpt lat="35.162910" lon="128.710349">
			<ele>0.00</ele>
			<time>2020-01-16T23:12:12.97Z</time>
		</trkpt>
		<trkpt lat="35.162935" lon="128.710299">
			<ele>0.00</ele>
			<time>2020-01-16T23:12:13.29Z</time>
		</trkpt>
		<trkpt lat="35.162955" lon="128.710263">
			<ele>0.00</ele>
			<time>2020-01-16T23:12:13.53Z</time>
		</trkpt>
		<trkpt lat="35.162982" lon="128.710207">
			<ele>0.00</ele>
			<time>2020-01-16T23:12:13.89Z</time>
		</trkpt>
		<trkpt lat="35.163003" lon="128.710163">
			<ele>0.00</ele>
			<time>2020-01-16T23:12:14.17Z</time>
		</trkpt>
		<trkpt lat="35.163017" lon="128.710127">
			<ele>0.00</ele>
			<time>2020-01-16T23:12:14.38Z</time>
		</trkpt>
		<trkpt lat="35.163037" lon="128.710079">
			<ele>0.00</ele>
			<time>2020-01-16T23:12:14.68Z</time>
		</trkpt>
		<trkpt lat="35.163061" lon="128.710043">
			<ele>0.00</ele>
			<time>2020-01-16T23:12:14.93Z</time>
		</trkpt>
		<trkpt lat="35.163093" lon="128.710006">
			<ele>0.00</ele>
			<time>2020-01-16T23:12:15.22Z</time>
		</trkpt>
		<trkpt lat="35.163130" lon="128.709980">
			<ele>0.00</ele>
			<time>2020-01-16T23:12:15.51Z</time>
		</trkpt>
		<trkpt lat="35.163169" lon="128.709970">
			<ele>0.00</ele>
			<time>2020-01-16T23:12:15.77Z</time>
		</trkpt>
		<trkpt lat="35.163209" lon="128.709969">
			<ele>0.00</ele>
			<time>2020-01-16T23:12:16.04Z</time>
		</trkpt>
		<trkpt lat="35.163244" lon="128.709971">
			<ele>0.00</ele>
			<time>2020-01-16T23:12:16.27Z</time>
		</trkpt>
		<trkpt lat="35.163276" lon="128.709977">
			<ele>0.00</ele>
			<time>2020-01-16T23:12:16.48Z</time>
		</trkpt>
		<trkpt lat="35.163307" lon="128.709975">
			<ele>0.00</ele>
			<time>2020-01-16T23:12:16.70Z</time>
		</trkpt>
		<trkpt lat="35.163339" lon="128.709970">
			<ele>0.00</ele>
			<time>2020-01-16T23:12:16.91Z</time>
		</trkpt>
		<trkpt lat="35.163366" lon="128.709956">
			<ele>0.00</ele>
			<time>2020-01-16T23:12:17.11Z</time>
		</trkpt>
		<trkpt lat="35.163396" lon="128.709931">
			<ele>0.00</ele>
			<time>2020-01-16T23:12:17.35Z</time>
		</trkpt>
		<trkpt lat="35.163425" lon="128.709910">
			<ele>0.00</ele>
			<time>2020-01-16T23:12:17.57Z</time>
		</trkpt>
		<trkpt lat="35.163451" lon="128.709899">
			<ele>0.00</ele>
			<time>2020-01-16T23:12:17.76Z</time>
		</trkpt>
		<trkpt lat="35.163476" lon="128.709889">
			<ele>0.00</ele>
			<time>2020-01-16T23:12:17.93Z</time>
		</trkpt>
		<trkpt lat="35.163513" lon="128.709866">
			<ele>0.00</ele>
			<time>2020-01-16T23:12:18.21Z</time>
		</trkpt>
		<trkpt lat="35.163538" lon="128.709840">
			<ele>0.00</ele>
			<time>2020-01-16T23:12:18.43Z</time>
		</trkpt>
		<trkpt lat="35.163562" lon="128.709821">
			<ele>0.00</ele>
			<time>2020-01-16T23:12:18.62Z</time>
		</trkpt>
		<trkpt lat="35.163585" lon="128.709809">
			<ele>0.00</ele>
			<time>2020-01-16T23:12:18.78Z</time>
		</trkpt>
		<trkpt lat="35.163604" lon="128.709799">
			<ele>0.00</ele>
			<time>2020-01-16T23:12:18.92Z</time>
		</trkpt>
		<trkpt lat="35.163626" lon="128.709781">
			<ele>0.00</ele>
			<time>2020-01-16T23:12:19.10Z</time>
		</trkpt>
		<trkpt lat="35.163640" lon="128.709753">
			<ele>0.00</ele>
			<time>2020-01-16T23:12:19.28Z</time>
		</trkpt>
		<trkpt lat="35.163646" lon="128.709705">
			<ele>0.00</ele>
			<time>2020-01-16T23:12:19.54Z</time>
		</trkpt>
		<trkpt lat="35.163649" lon="128.709668">
			<ele>0.00</ele>
			<time>2020-01-16T23:12:19.74Z</time>
		</trkpt>
		<trkpt lat="35.163649" lon="128.709645">
			<ele>0.00</ele>
			<time>2020-01-16T23:12:19.87Z</time>
		</trkpt>
		<trkpt lat="35.163645" lon="128.709603">
			<ele>0.00</ele>
			<time>2020-01-16T23:12:20.10Z</time>
		</trkpt>
		<trkpt lat="35.163640" lon="128.709560">
			<ele>0.00</ele>
			<time>2020-01-16T23:12:20.34Z</time>
		</trkpt>
		<trkpt lat="35.163641" lon="128.709521">
			<ele>0.00</ele>
			<time>2020-01-16T23:12:20.55Z</time>
		</trkpt>
		<trkpt lat="35.163642" lon="128.709486">
			<ele>0.00</ele>
			<time>2020-01-16T23:12:20.74Z</time>
		</trkpt>
		<trkpt lat="35.163642" lon="128.709443">
			<ele>0.00</ele>
			<time>2020-01-16T23:12:20.98Z</time>
		</trkpt>
		<trkpt lat="35.163642" lon="128.709405">
			<ele>0.00</ele>
			<time>2020-01-16T23:12:21.18Z</time>
		</trkpt>
		<trkpt lat="35.163641" lon="128.709361">
			<ele>0.00</ele>
			<time>2020-01-16T23:12:21.43Z</time>
		</trkpt>
		<trkpt lat="35.163644" lon="128.709321">
			<ele>0.00</ele>
			<time>2020-01-16T23:12:21.64Z</time>
		</trkpt>
		<trkpt lat="35.163644" lon="128.709283">
			<ele>0.00</ele>
			<time>2020-01-16T23:12:21.85Z</time>
		</trkpt>
		<trkpt lat="35.163647" lon="128.709249">
			<ele>0.00</ele>
			<time>2020-01-16T23:12:22.03Z</time>
		</trkpt>
		<trkpt lat="35.163651" lon="128.709193">
			<ele>0.00</ele>
			<time>2020-01-16T23:12:22.34Z</time>
		</trkpt>
		<trkpt lat="35.163655" lon="128.709141">
			<ele>0.00</ele>
			<time>2020-01-16T23:12:22.62Z</time>
		</trkpt>
		<trkpt lat="35.163659" lon="128.709106">
			<ele>0.00</ele>
			<time>2020-01-16T23:12:22.82Z</time>
		</trkpt>
		<trkpt lat="35.163662" lon="128.709058">
			<ele>0.00</ele>
			<time>2020-01-16T23:12:23.08Z</time>
		</trkpt>
		<trkpt lat="35.163668" lon="128.709019">
			<ele>0.00</ele>
			<time>2020-01-16T23:12:23.30Z</time>
		</trkpt>
		<trkpt lat="35.163672" lon="128.708973">
			<ele>0.00</ele>
			<time>2020-01-16T23:12:23.55Z</time>
		</trkpt>
		<trkpt lat="35.163681" lon="128.708911">
			<ele>0.00</ele>
			<time>2020-01-16T23:12:23.89Z</time>
		</trkpt>
		<trkpt lat="35.163686" lon="128.708877">
			<ele>0.00</ele>
			<time>2020-01-16T23:12:24.08Z</time>
		</trkpt>
		<trkpt lat="35.163695" lon="128.708847">
			<ele>0.00</ele>
			<time>2020-01-16T23:12:24.26Z</time>
		</trkpt>
		<trkpt lat="35.163707" lon="128.708815">
			<ele>0.00</ele>
			<time>2020-01-16T23:12:24.45Z</time>
		</trkpt>
		<trkpt lat="35.163716" lon="128.708781">
			<ele>0.00</ele>
			<time>2020-01-16T23:12:24.64Z</time>
		</trkpt>
		<trkpt lat="35.163725" lon="128.708732">
			<ele>0.00</ele>
			<time>2020-01-16T23:12:24.91Z</time>
		</trkpt>
		<trkpt lat="35.163726" lon="128.708687">
			<ele>0.00</ele>
			<time>2020-01-16T23:12:25.16Z</time>
		</trkpt>
		<trkpt lat="35.163731" lon="128.708640">
			<ele>0.00</ele>
			<time>2020-01-16T23:12:25.42Z</time>
		</trkpt>
		<trkpt lat="35.163740" lon="128.708588">
			<ele>0.00</ele>
			<time>2020-01-16T23:12:25.71Z</time>
		</trkpt>
		<trkpt lat="35.163752" lon="128.708543">
			<ele>0.00</ele>
			<time>2020-01-16T23:12:25.97Z</time>
		</trkpt>
		<trkpt lat="35.163758" lon="128.708484">
			<ele>0.00</ele>
			<time>2020-01-16T23:12:26.29Z</time>
		</trkpt>
		<trkpt lat="35.163770" lon="128.708434">
			<ele>0.00</ele>
			<time>2020-01-16T23:12:26.58Z</time>
		</trkpt>
		<trkpt lat="35.163781" lon="128.708397">
			<ele>0.00</ele>
			<time>2020-01-16T23:12:26.79Z</time>
		</trkpt>
		<trkpt lat="35.163807" lon="128.708352">
			<ele>0.00</ele>
			<time>2020-01-16T23:12:27.09Z</time>
		</trkpt>
		<trkpt lat="35.163834" lon="128.708311">
			<ele>0.00</ele>
			<time>2020-01-16T23:12:27.38Z</time>
		</trkpt>
		<trkpt lat="35.163858" lon="128.708275">
			<ele>0.00</ele>
			<time>2020-01-16T23:12:27.63Z</time>
		</trkpt>
		<trkpt lat="35.163883" lon="128.708238">
			<ele>0.00</ele>
			<time>2020-01-16T23:12:27.89Z</time>
		</trkpt>
		<trkpt lat="35.163907" lon="128.708205">
			<ele>0.00</ele>
			<time>2020-01-16T23:12:28.13Z</time>
		</trkpt>
		<trkpt lat="35.163926" lon="128.708169">
			<ele>0.00</ele>
			<time>2020-01-16T23:12:28.37Z</time>
		</trkpt>
		<trkpt lat="35.163950" lon="128.708130">
			<ele>0.00</ele>
			<time>2020-01-16T23:12:28.63Z</time>
		</trkpt>
		<trkpt lat="35.163971" lon="128.708095">
			<ele>0.00</ele>
			<time>2020-01-16T23:12:28.87Z</time>
		</trkpt>
		<trkpt lat="35.163994" lon="128.708054">
			<ele>0.00</ele>
			<time>2020-01-16T23:12:29.14Z</time>
		</trkpt>
		<trkpt lat="35.164020" lon="128.708012">
			<ele>0.00</ele>
			<time>2020-01-16T23:12:29.43Z</time>
		</trkpt>
		<trkpt lat="35.164043" lon="128.707975">
			<ele>0.00</ele>
			<time>2020-01-16T23:12:29.68Z</time>
		</trkpt>
		<trkpt lat="35.164073" lon="128.707930">
			<ele>0.00</ele>
			<time>2020-01-16T23:12:30Z</time>
		</trkpt>
		<trkpt lat="35.164097" lon="128.707889">
			<ele>0.00</ele>
			<time>2020-01-16T23:12:30.27Z</time>
		</trkpt>
		<trkpt lat="35.164116" lon="128.707867">
			<ele>0.00</ele>
			<time>2020-01-16T23:12:30.45Z</time>
		</trkpt>
		<trkpt lat="35.164147" lon="128.707848">
			<ele>0.00</ele>
			<time>2020-01-16T23:12:30.68Z</time>
		</trkpt>
		<trkpt lat="35.164169" lon="128.707831">
			<ele>0.00</ele>
			<time>2020-01-16T23:12:30.85Z</time>
		</trkpt>
		<trkpt lat="35.164181" lon="128.707790">
			<ele>0.00</ele>
			<time>2020-01-16T23:12:31.09Z</time>
		</trkpt>
		<trkpt lat="35.164191" lon="128.707722">
			<ele>0.00</ele>
			<time>2020-01-16T23:12:31.47Z</time>
		</trkpt>
		<trkpt lat="35.164196" lon="128.707659">
			<ele>0.00</ele>
			<time>2020-01-16T23:12:31.81Z</time>
		</trkpt>
		<trkpt lat="35.164199" lon="128.707597">
			<ele>0.00</ele>
			<time>2020-01-16T23:12:32.15Z</time>
		</trkpt>
		<trkpt lat="35.164206" lon="128.707556">
			<ele>0.00</ele>
			<time>2020-01-16T23:12:32.38Z</time>
		</trkpt>
		<trkpt lat="35.164217" lon="128.707499">
			<ele>0.00</ele>
			<time>2020-01-16T23:12:32.70Z</time>
		</trkpt>
		<trkpt lat="35.164222" lon="128.707461">
			<ele>0.00</ele>
			<time>2020-01-16T23:12:32.91Z</time>
		</trkpt>
		<trkpt lat="35.164230" lon="128.707412">
			<ele>0.00</ele>
			<time>2020-01-16T23:12:33.18Z</time>
		</trkpt>
		<trkpt lat="35.164237" lon="128.707365">
			<ele>0.00</ele>
			<time>2020-01-16T23:12:33.44Z</time>
		</trkpt>
		<trkpt lat="35.164241" lon="128.707290">
			<ele>0.00</ele>
			<time>2020-01-16T23:12:33.85Z</time>
		</trkpt>
		<trkpt lat="35.164246" lon="128.707245">
			<ele>0.00</ele>
			<time>2020-01-16T23:12:34.10Z</time>
		</trkpt>
		<trkpt lat="35.164249" lon="128.707198">
			<ele>0.00</ele>
			<time>2020-01-16T23:12:34.36Z</time>
		</trkpt>
		<trkpt lat="35.164259" lon="128.707140">
			<ele>0.00</ele>
			<time>2020-01-16T23:12:34.68Z</time>
		</trkpt>
		<trkpt lat="35.164270" lon="128.707095">
			<ele>0.00</ele>
			<time>2020-01-16T23:12:34.93Z</time>
		</trkpt>
		<trkpt lat="35.164276" lon="128.707056">
			<ele>0.00</ele>
			<time>2020-01-16T23:12:35.15Z</time>
		</trkpt>
		<trkpt lat="35.164281" lon="128.707012">
			<ele>0.00</ele>
			<time>2020-01-16T23:12:35.39Z</time>
		</trkpt>
		<trkpt lat="35.164290" lon="128.706949">
			<ele>0.00</ele>
			<time>2020-01-16T23:12:35.74Z</time>
		</trkpt>
		<trkpt lat="35.164292" lon="128.706897">
			<ele>0.00</ele>
			<time>2020-01-16T23:12:36.03Z</time>
		</trkpt>
		<trkpt lat="35.164299" lon="128.706845">
			<ele>0.00</ele>
			<time>2020-01-16T23:12:36.31Z</time>
		</trkpt>
		<trkpt lat="35.164306" lon="128.706798">
			<ele>0.00</ele>
			<time>2020-01-16T23:12:36.57Z</time>
		</trkpt>
		<trkpt lat="35.164312" lon="128.706739">
			<ele>0.00</ele>
			<time>2020-01-16T23:12:36.90Z</time>
		</trkpt>
		<trkpt lat="35.164319" lon="128.706677">
			<ele>0.00</ele>
			<time>2020-01-16T23:12:37.24Z</time>
		</trkpt>
		<trkpt lat="35.164326" lon="128.706633">
			<ele>0.00</ele>
			<time>2020-01-16T23:12:37.48Z</time>
		</trkpt>
		<trkpt lat="35.164333" lon="128.706593">
			<ele>0.00</ele>
			<time>2020-01-16T23:12:37.70Z</time>
		</trkpt>
		<trkpt lat="35.164339" lon="128.706542">
			<ele>0.00</ele>
			<time>2020-01-16T23:12:37.99Z</time>
		</trkpt>
		<trkpt lat="35.164343" lon="128.706486">
			<ele>0.00</ele>
			<time>2020-01-16T23:12:38.29Z</time>
		</trkpt>
		<trkpt lat="35.164353" lon="128.706436">
			<ele>0.00</ele>
			<time>2020-01-16T23:12:38.57Z</time>
		</trkpt>
		<trkpt lat="35.164361" lon="128.706387">
			<ele>0.00</ele>
			<time>2020-01-16T23:12:38.85Z</time>
		</trkpt>
		<trkpt lat="35.164365" lon="128.706341">
			<ele>0.00</ele>
			<time>2020-01-16T23:12:39.10Z</time>
		</trkpt>
		<trkpt lat="35.164362" lon="128.706292">
			<ele>0.00</ele>
			<time>2020-01-16T23:12:39.36Z</time>
		</trkpt>
		<trkpt lat="35.164359" lon="128.706249">
			<ele>0.00</ele>
			<time>2020-01-16T23:12:39.60Z</time>
		</trkpt>
		<trkpt lat="35.164361" lon="128.706209">
			<ele>0.00</ele>
			<time>2020-01-16T23:12:39.82Z</time>
		</trkpt>
		<trkpt lat="35.164373" lon="128.706162">
			<ele>0.00</ele>
			<time>2020-01-16T23:12:40.09Z</time>
		</trkpt>
		<trkpt lat="35.164402" lon="128.706106">
			<ele>0.00</ele>
			<time>2020-01-16T23:12:40.45Z</time>
		</trkpt>
		<trkpt lat="35.164420" lon="128.706065">
			<ele>0.00</ele>
			<time>2020-01-16T23:12:40.70Z</time>
		</trkpt>
		<trkpt lat="35.164442" lon="128.706026">
			<ele>0.00</ele>
			<time>2020-01-16T23:12:40.96Z</time>
		</trkpt>
		<trkpt lat="35.164471" lon="128.705984">
			<ele>0.00</ele>
			<time>2020-01-16T23:12:41.26Z</time>
		</trkpt>
		<trkpt lat="35.164496" lon="128.705960">
			<ele>0.00</ele>
			<time>2020-01-16T23:12:41.47Z</time>
		</trkpt>
		<trkpt lat="35.164525" lon="128.705942">
			<ele>0.00</ele>
			<time>2020-01-16T23:12:41.69Z</time>
		</trkpt>
		<trkpt lat="35.164556" lon="128.705922">
			<ele>0.00</ele>
			<time>2020-01-16T23:12:41.92Z</time>
		</trkpt>
		<trkpt lat="35.164569" lon="128.705879">
			<ele>0.00</ele>
			<time>2020-01-16T23:12:42.17Z</time>
		</trkpt>
		<trkpt lat="35.164571" lon="128.705827">
			<ele>0.00</ele>
			<time>2020-01-16T23:12:42.45Z</time>
		</trkpt>
		<trkpt lat="35.164565" lon="128.705771">
			<ele>0.00</ele>
			<time>2020-01-16T23:12:42.76Z</time>
		</trkpt>
		<trkpt lat="35.164564" lon="128.705715">
			<ele>0.00</ele>
			<time>2020-01-16T23:12:43.07Z</time>
		</trkpt>
		<trkpt lat="35.164565" lon="128.705673">
			<ele>0.00</ele>
			<time>2020-01-16T23:12:43.30Z</time>
		</trkpt>
		<trkpt lat="35.164570" lon="128.705623">
			<ele>0.00</ele>
			<time>2020-01-16T23:12:43.57Z</time>
		</trkpt>
		<trkpt lat="35.164583" lon="128.705575">
			<ele>0.00</ele>
			<time>2020-01-16T23:12:43.84Z</time>
		</trkpt>
		<trkpt lat="35.164609" lon="128.705510">
			<ele>0.00</ele>
			<time>2020-01-16T23:12:44.24Z</time>
		</trkpt>
		<trkpt lat="35.164624" lon="128.705473">
			<ele>0.00</ele>
			<time>2020-01-16T23:12:44.47Z</time>
		</trkpt>
		<trkpt lat="35.164638" lon="128.705433">
			<ele>0.00</ele>
			<time>2020-01-16T23:12:44.70Z</time>
		</trkpt>
		<trkpt lat="35.164653" lon="128.705387">
			<ele>0.00</ele>
			<time>2020-01-16T23:12:44.97Z</time>
		</trkpt>
		<trkpt lat="35.164671" lon="128.705337">
			<ele>0.00</ele>
			<time>2020-01-16T23:12:45.27Z</time>
		</trkpt>
		<trkpt lat="35.164689" lon="128.705294">
			<ele>0.00</ele>
			<time>2020-01-16T23:12:45.53Z</time>
		</trkpt>
		<trkpt lat="35.164712" lon="128.705253">
			<ele>0.00</ele>
			<time>2020-01-16T23:12:45.80Z</time>
		</trkpt>
		<trkpt lat="35.164728" lon="128.705202">
			<ele>0.00</ele>
			<time>2020-01-16T23:12:46.10Z</time>
		</trkpt>
		<trkpt lat="35.164750" lon="128.705160">
			<ele>0.00</ele>
			<time>2020-01-16T23:12:46.37Z</time>
		</trkpt>
		<trkpt lat="35.164762" lon="128.705117">
			<ele>0.00</ele>
			<time>2020-01-16T23:12:46.62Z</time>
		</trkpt>
		<trkpt lat="35.164773" lon="128.705076">
			<ele>0.00</ele>
			<time>2020-01-16T23:12:46.85Z</time>
		</trkpt>
		<trkpt lat="35.164787" lon="128.705022">
			<ele>0.00</ele>
			<time>2020-01-16T23:12:47.16Z</time>
		</trkpt>
		<trkpt lat="35.164798" lon="128.704975">
			<ele>0.00</ele>
			<time>2020-01-16T23:12:47.43Z</time>
		</trkpt>
		<trkpt lat="35.164805" lon="128.704926">
			<ele>0.00</ele>
			<time>2020-01-16T23:12:47.70Z</time>
		</trkpt>
		<trkpt lat="35.164815" lon="128.704862">
			<ele>0.00</ele>
			<time>2020-01-16T23:12:48.06Z</time>
		</trkpt>
		<trkpt lat="35.164821" lon="128.704803">
			<ele>0.00</ele>
			<time>2020-01-16T23:12:48.38Z</time>
		</trkpt>
		<trkpt lat="35.164832" lon="128.704755">
			<ele>0.00</ele>
			<time>2020-01-16T23:12:48.66Z</time>
		</trkpt>
		<trkpt lat="35.164836" lon="128.704696">
			<ele>0.00</ele>
			<time>2020-01-16T23:12:48.98Z</time>
		</trkpt>
		<trkpt lat="35.164846" lon="128.704639">
			<ele>0.00</ele>
			<time>2020-01-16T23:12:49.29Z</time>
		</trkpt>
		<trkpt lat="35.164857" lon="128.704579">
			<ele>0.00</ele>
			<time>2020-01-16T23:12:49.63Z</time>
		</trkpt>
		<trkpt lat="35.164873" lon="128.704526">
			<ele>0.00</ele>
			<time>2020-01-16T23:12:49.94Z</time>
		</trkpt>
		<trkpt lat="35.164890" lon="128.704466">
			<ele>0.00</ele>
			<time>2020-01-16T23:12:50.28Z</time>
		</trkpt>
		<trkpt lat="35.164906" lon="128.704415">
			<ele>0.00</ele>
			<time>2020-01-16T23:12:50.58Z</time>
		</trkpt>
		<trkpt lat="35.164932" lon="128.704364">
			<ele>0.00</ele>
			<time>2020-01-16T23:12:50.91Z</time>
		</trkpt>
		<trkpt lat="35.164954" lon="128.704311">
			<ele>0.00</ele>
			<time>2020-01-16T23:12:51.23Z</time>
		</trkpt>
		<trkpt lat="35.164975" lon="128.704259">
			<ele>0.00</ele>
			<time>2020-01-16T23:12:51.55Z</time>
		</trkpt>
		<trkpt lat="35.165000" lon="128.704209">
			<ele>0.00</ele>
			<time>2020-01-16T23:12:51.87Z</time>
		</trkpt>
		<trkpt lat="35.165018" lon="128.704156">
			<ele>0.00</ele>
			<time>2020-01-16T23:12:52.18Z</time>
		</trkpt>
		<trkpt lat="35.165047" lon="128.704088">
			<ele>0.00</ele>
			<time>2020-01-16T23:12:52.59Z</time>
		</trkpt>
		<trkpt lat="35.165070" lon="128.704043">
			<ele>0.00</ele>
			<time>2020-01-16T23:12:52.89Z</time>
		</trkpt>
		<trkpt lat="35.165090" lon="128.704000">
			<ele>0.00</ele>
			<time>2020-01-16T23:12:53.16Z</time>
		</trkpt>
		<trkpt lat="35.165116" lon="128.703931">
			<ele>0.00</ele>
			<time>2020-01-16T23:12:53.57Z</time>
		</trkpt>
		<trkpt lat="35.165131" lon="128.703891">
			<ele>0.00</ele>
			<time>2020-01-16T23:12:53.81Z</time>
		</trkpt>
		<trkpt lat="35.165155" lon="128.703849">
			<ele>0.00</ele>
			<time>2020-01-16T23:12:54.09Z</time>
		</trkpt>
		<trkpt lat="35.165174" lon="128.703816">
			<ele>0.00</ele>
			<time>2020-01-16T23:12:54.31Z</time>
		</trkpt>
		<trkpt lat="35.165202" lon="128.703762">
			<ele>0.00</ele>
			<time>2020-01-16T23:12:54.66Z</time>
		</trkpt>
		<trkpt lat="35.165224" lon="128.703729">
			<ele>0.00</ele>
			<time>2020-01-16T23:12:54.89Z</time>
		</trkpt>
		<trkpt lat="35.165243" lon="128.703701">
			<ele>0.00</ele>
			<time>2020-01-16T23:12:55.09Z</time>
		</trkpt>
		<trkpt lat="35.165272" lon="128.703663">
			<ele>0.00</ele>
			<time>2020-01-16T23:12:55.37Z</time>
		</trkpt>
		<trkpt lat="35.165309" lon="128.703646">
			<ele>0.00</ele>
			<time>2020-01-16T23:12:55.63Z</time>
		</trkpt>
		<trkpt lat="35.165342" lon="128.703620">
			<ele>0.00</ele>
			<time>2020-01-16T23:12:55.90Z</time>
		</trkpt>
		<trkpt lat="35.165372" lon="128.703587">
			<ele>0.00</ele>
			<time>2020-01-16T23:12:56.17Z</time>
		</trkpt>
		<trkpt lat="35.165401" lon="128.703549">
			<ele>0.00</ele>
			<time>2020-01-16T23:12:56.45Z</time>
		</trkpt>
		<trkpt lat="35.165429" lon="128.703490">
			<ele>0.00</ele>
			<time>2020-01-16T23:12:56.82Z</time>
		</trkpt>
		<trkpt lat="35.165447" lon="128.703436">
			<ele>0.00</ele>
			<time>2020-01-16T23:12:57.14Z</time>
		</trkpt>
		<trkpt lat="35.165463" lon="128.703389">
			<ele>0.00</ele>
			<time>2020-01-16T23:12:57.42Z</time>
		</trkpt>
		<trkpt lat="35.165466" lon="128.703346">
			<ele>0.00</ele>
			<time>2020-01-16T23:12:57.65Z</time>
		</trkpt>
		<trkpt lat="35.165469" lon="128.703291">
			<ele>0.00</ele>
			<time>2020-01-16T23:12:57.95Z</time>
		</trkpt>
		<trkpt lat="35.165482" lon="128.703242">
			<ele>0.00</ele>
			<time>2020-01-16T23:12:58.23Z</time>
		</trkpt>
		<trkpt lat="35.165511" lon="128.703187">
			<ele>0.00</ele>
			<time>2020-01-16T23:12:58.59Z</time>
		</trkpt>
		<trkpt lat="35.165531" lon="128.703145">
			<ele>0.00</ele>
			<time>2020-01-16T23:12:58.86Z</time>
		</trkpt>
		<trkpt lat="35.165557" lon="128.703117">
			<ele>0.00</ele>
			<time>2020-01-16T23:12:59.09Z</time>
		</trkpt>
		<trkpt lat="35.165581" lon="128.703090">
			<ele>0.00</ele>
			<time>2020-01-16T23:12:59.31Z</time>
		</trkpt>
		<trkpt lat="35.165616" lon="128.703057">
			<ele>0.00</ele>
			<time>2020-01-16T23:12:59.60Z</time>
		</trkpt>
		<trkpt lat="35.165657" lon="128.703025">
			<ele>0.00</ele>
			<time>2020-01-16T23:12:59.92Z</time>
		</trkpt>
		<trkpt lat="35.165682" lon="128.703003">
			<ele>0.00</ele>
			<time>2020-01-16T23:13:00.13Z</time>
		</trkpt>
		<trkpt lat="35.165712" lon="128.702983">
			<ele>0.00</ele>
			<time>2020-01-16T23:13:00.36Z</time>
		</trkpt>
		<trkpt lat="35.165748" lon="128.702960">
			<ele>0.00</ele>
			<time>2020-01-16T23:13:00.63Z</time>
		</trkpt>
		<trkpt lat="35.165784" lon="128.702929">
			<ele>0.00</ele>
			<time>2020-01-16T23:13:00.92Z</time>
		</trkpt>
		<trkpt lat="35.165813" lon="128.702899">
			<ele>0.00</ele>
			<time>2020-01-16T23:13:01.17Z</time>
		</trkpt>
		<trkpt lat="35.165836" lon="128.702870">
			<ele>0.00</ele>
			<time>2020-01-16T23:13:01.40Z</time>
		</trkpt>
		<trkpt lat="35.165863" lon="128.702831">
			<ele>0.00</ele>
			<time>2020-01-16T23:13:01.67Z</time>
		</trkpt>
		<trkpt lat="35.165876" lon="128.702801">
			<ele>0.00</ele>
			<time>2020-01-16T23:13:01.86Z</time>
		</trkpt>
		<trkpt lat="35.165883" lon="128.702761">
			<ele>0.00</ele>
			<time>2020-01-16T23:13:02.08Z</time>
		</trkpt>
		<trkpt lat="35.165889" lon="128.702709">
			<ele>0.00</ele>
			<time>2020-01-16T23:13:02.37Z</time>
		</trkpt>
		<trkpt lat="35.165887" lon="128.702651">
			<ele>0.00</ele>
			<time>2020-01-16T23:13:02.69Z</time>
		</trkpt>
		<trkpt lat="35.165883" lon="128.702601">
			<ele>0.00</ele>
			<time>2020-01-16T23:13:02.96Z</time>
		</trkpt>
		<trkpt lat="35.165878" lon="128.702546">
			<ele>0.00</ele>
			<time>2020-01-16T23:13:03.26Z</time>
		</trkpt>
		<trkpt lat="35.165871" lon="128.702486">
			<ele>0.00</ele>
			<time>2020-01-16T23:13:03.59Z</time>
		</trkpt>
		<trkpt lat="35.165864" lon="128.702418">
			<ele>0.00</ele>
			<time>2020-01-16T23:13:03.97Z</time>
		</trkpt>
		<trkpt lat="35.165865" lon="128.702373">
			<ele>0.00</ele>
			<time>2020-01-16T23:13:04.21Z</time>
		</trkpt>
		<trkpt lat="35.165864" lon="128.702318">
			<ele>0.00</ele>
			<time>2020-01-16T23:13:04.51Z</time>
		</trkpt>
		<trkpt lat="35.165871" lon="128.702268">
			<ele>0.00</ele>
			<time>2020-01-16T23:13:04.78Z</time>
		</trkpt>
		<trkpt lat="35.165884" lon="128.702220">
			<ele>0.00</ele>
			<time>2020-01-16T23:13:05.06Z</time>
		</trkpt>
		<trkpt lat="35.165899" lon="128.702171">
			<ele>0.00</ele>
			<time>2020-01-16T23:13:05.34Z</time>
		</trkpt>
		<trkpt lat="35.165914" lon="128.702123">
			<ele>0.00</ele>
			<time>2020-01-16T23:13:05.62Z</time>
		</trkpt>
		<trkpt lat="35.165927" lon="128.702076">
			<ele>0.00</ele>
			<time>2020-01-16T23:13:05.90Z</time>
		</trkpt>
		<trkpt lat="35.165941" lon="128.702025">
			<ele>0.00</ele>
			<time>2020-01-16T23:13:06.19Z</time>
		</trkpt>
		<trkpt lat="35.165956" lon="128.701977">
			<ele>0.00</ele>
			<time>2020-01-16T23:13:06.47Z</time>
		</trkpt>
		<trkpt lat="35.165971" lon="128.701928">
			<ele>0.00</ele>
			<time>2020-01-16T23:13:06.75Z</time>
		</trkpt>
		<trkpt lat="35.165987" lon="128.701885">
			<ele>0.00</ele>
			<time>2020-01-16T23:13:07.01Z</time>
		</trkpt>
		<trkpt lat="35.166007" lon="128.701847">
			<ele>0.00</ele>
			<time>2020-01-16T23:13:07.26Z</time>
		</trkpt>
		<trkpt lat="35.166029" lon="128.701810">
			<ele>0.00</ele>
			<time>2020-01-16T23:13:07.51Z</time>
		</trkpt>
		<trkpt lat="35.166055" lon="128.701768">
			<ele>0.00</ele>
			<time>2020-01-16T23:13:07.80Z</time>
		</trkpt>
		<trkpt lat="35.166074" lon="128.701726">
			<ele>0.00</ele>
			<time>2020-01-16T23:13:08.06Z</time>
		</trkpt>
		<trkpt lat="35.166098" lon="128.701683">
			<ele>0.00</ele>
			<time>2020-01-16T23:13:08.34Z</time>
		</trkpt>
		<trkpt lat="35.166117" lon="128.701645">
			<ele>0.00</ele>
			<time>2020-01-16T23:13:08.58Z</time>
		</trkpt>
		<trkpt lat="35.166139" lon="128.701607">
			<ele>0.00</ele>
			<time>2020-01-16T23:13:08.84Z</time>
		</trkpt>
		<trkpt lat="35.166166" lon="128.701557">
			<ele>0.00</ele>
			<time>2020-01-16T23:13:09.17Z</time>
		</trkpt>
		<trkpt lat="35.166191" lon="128.701500">
			<ele>0.00</ele>
			<time>2020-01-16T23:13:09.52Z</time>
		</trkpt>
		<trkpt lat="35.166215" lon="128.701448">
			<ele>0.00</ele>
			<time>2020-01-16T23:13:09.84Z</time>
		</trkpt>
		<trkpt lat="35.166230" lon="128.701414">
			<ele>0.00</ele>
			<time>2020-01-16T23:13:10.05Z</time>
		</trkpt>
		<trkpt lat="35.166242" lon="128.701379">
			<ele>0.00</ele>
			<time>2020-01-16T23:13:10.26Z</time>
		</trkpt>
		<trkpt lat="35.166257" lon="128.701332">
			<ele>0.00</ele>
			<time>2020-01-16T23:13:10.54Z</time>
		</trkpt>
		<trkpt lat="35.166271" lon="128.701289">
			<ele>0.00</ele>
			<time>2020-01-16T23:13:10.79Z</time>
		</trkpt>
		<trkpt lat="35.166286" lon="128.701247">
			<ele>0.00</ele>
			<time>2020-01-16T23:13:11.04Z</time>
		</trkpt>
		<trkpt lat="35.166305" lon="128.701214">
			<ele>0.00</ele>
			<time>2020-01-16T23:13:11.26Z</time>
		</trkpt>
		<trkpt lat="35.166328" lon="128.701165">
			<ele>0.00</ele>
			<time>2020-01-16T23:13:11.57Z</time>
		</trkpt>
		<trkpt lat="35.166341" lon="128.701129">
			<ele>0.00</ele>
			<time>2020-01-16T23:13:11.78Z</time>
		</trkpt>
		<trkpt lat="35.166355" lon="128.701088">
			<ele>0.00</ele>
			<time>2020-01-16T23:13:12.02Z</time>
		</trkpt>
		<trkpt lat="35.166366" lon="128.701047">
			<ele>0.00</ele>
			<time>2020-01-16T23:13:12.26Z</time>
		</trkpt>
		<trkpt lat="35.166377" lon="128.701007">
			<ele>0.00</ele>
			<time>2020-01-16T23:13:12.49Z</time>
		</trkpt>
		<trkpt lat="35.166387" lon="128.700968">
			<ele>0.00</ele>
			<time>2020-01-16T23:13:12.71Z</time>
		</trkpt>
		<trkpt lat="35.166402" lon="128.700903">
			<ele>0.00</ele>
			<time>2020-01-16T23:13:13.08Z</time>
		</trkpt>
		<trkpt lat="35.166409" lon="128.700855">
			<ele>0.00</ele>
			<time>2020-01-16T23:13:13.34Z</time>
		</trkpt>
		<trkpt lat="35.166418" lon="128.700805">
			<ele>0.00</ele>
			<time>2020-01-16T23:13:13.62Z</time>
		</trkpt>
		<trkpt lat="35.166425" lon="128.700753">
			<ele>0.00</ele>
			<time>2020-01-16T23:13:13.91Z</time>
		</trkpt>
		<trkpt lat="35.166429" lon="128.700702">
			<ele>0.00</ele>
			<time>2020-01-16T23:13:14.19Z</time>
		</trkpt>
		<trkpt lat="35.166436" lon="128.700664">
			<ele>0.00</ele>
			<time>2020-01-16T23:13:14.40Z</time>
		</trkpt>
		<trkpt lat="35.166454" lon="128.700619">
			<ele>0.00</ele>
			<time>2020-01-16T23:13:14.68Z</time>
		</trkpt>
		<trkpt lat="35.166469" lon="128.700583">
			<ele>0.00</ele>
			<time>2020-01-16T23:13:14.90Z</time>
		</trkpt>
		<trkpt lat="35.166489" lon="128.700545">
			<ele>0.00</ele>
			<time>2020-01-16T23:13:15.14Z</time>
		</trkpt>
		<trkpt lat="35.166514" lon="128.700506">
			<ele>0.00</ele>
			<time>2020-01-16T23:13:15.41Z</time>
		</trkpt>
		<trkpt lat="35.166537" lon="128.700467">
			<ele>0.00</ele>
			<time>2020-01-16T23:13:15.67Z</time>
		</trkpt>
		<trkpt lat="35.166555" lon="128.700417">
			<ele>0.00</ele>
			<time>2020-01-16T23:13:15.97Z</time>
		</trkpt>
		<trkpt lat="35.166574" lon="128.700370">
			<ele>0.00</ele>
			<time>2020-01-16T23:13:16.26Z</time>
		</trkpt>
		<trkpt lat="35.166600" lon="128.700310">
			<ele>0.00</ele>
			<time>2020-01-16T23:13:16.63Z</time>
		</trkpt>
		<trkpt lat="35.166623" lon="128.700268">
			<ele>0.00</ele>
			<time>2020-01-16T23:13:16.91Z</time>
		</trkpt>
		<trkpt lat="35.166658" lon="128.700237">
			<ele>0.00</ele>
			<time>2020-01-16T23:13:17.19Z</time>
		</trkpt>
		<trkpt lat="35.166690" lon="128.700215">
			<ele>0.00</ele>
			<time>2020-01-16T23:13:17.43Z</time>
		</trkpt>
		<trkpt lat="35.166716" lon="128.700195">
			<ele>0.00</ele>
			<time>2020-01-16T23:13:17.64Z</time>
		</trkpt>
		<trkpt lat="35.166740" lon="128.700167">
			<ele>0.00</ele>
			<time>2020-01-16T23:13:17.86Z</time>
		</trkpt>
		<trkpt lat="35.166769" lon="128.700139">
			<ele>0.00</ele>
			<time>2020-01-16T23:13:18.11Z</time>
		</trkpt>
		<trkpt lat="35.166797" lon="128.700115">
			<ele>0.00</ele>
			<time>2020-01-16T23:13:18.33Z</time>
		</trkpt>
		<trkpt lat="35.166815" lon="128.700085">
			<ele>0.00</ele>
			<time>2020-01-16T23:13:18.54Z</time>
		</trkpt>
		<trkpt lat="35.166820" lon="128.700056">
			<ele>0.00</ele>
			<time>2020-01-16T23:13:18.70Z</time>
		</trkpt>
		<trkpt lat="35.166817" lon="128.700038">
			<ele>0.00</ele>
			<time>2020-01-16T23:13:18.80Z</time>
		</trkpt>
		<trkpt lat="35.166815" lon="128.700007">
			<ele>0.00</ele>
			<time>2020-01-16T23:13:18.97Z</time>
		</trkpt>
		<trkpt lat="35.166817" lon="128.699981">
			<ele>0.00</ele>
			<time>2020-01-16T23:13:19.11Z</time>
		</trkpt>
		<trkpt lat="35.166827" lon="128.699957">
			<ele>0.00</ele>
			<time>2020-01-16T23:13:19.26Z</time>
		</trkpt>
		<trkpt lat="35.166839" lon="128.699927">
			<ele>0.00</ele>
			<time>2020-01-16T23:13:19.44Z</time>
		</trkpt>
		<trkpt lat="35.166857" lon="128.699877">
			<ele>0.00</ele>
			<time>2020-01-16T23:13:19.74Z</time>
		</trkpt>
		<trkpt lat="35.166876" lon="128.699839">
			<ele>0.00</ele>
			<time>2020-01-16T23:13:19.98Z</time>
		</trkpt>
		<trkpt lat="35.166902" lon="128.699793">
			<ele>0.00</ele>
			<time>2020-01-16T23:13:20.29Z</time>
		</trkpt>
		<trkpt lat="35.166924" lon="128.699753">
			<ele>0.00</ele>
			<time>2020-01-16T23:13:20.55Z</time>
		</trkpt>
		<trkpt lat="35.166940" lon="128.699717">
			<ele>0.00</ele>
			<time>2020-01-16T23:13:20.77Z</time>
		</trkpt>
		<trkpt lat="35.166960" lon="128.699681">
			<ele>0.00</ele>
			<time>2020-01-16T23:13:21.01Z</time>
		</trkpt>
		<trkpt lat="35.166982" lon="128.699650">
			<ele>0.00</ele>
			<time>2020-01-16T23:13:21.23Z</time>
		</trkpt>
		<trkpt lat="35.167003" lon="128.699622">
			<ele>0.00</ele>
			<time>2020-01-16T23:13:21.44Z</time>
		</trkpt>
		<trkpt lat="35.167021" lon="128.699582">
			<ele>0.00</ele>
			<time>2020-01-16T23:13:21.69Z</time>
		</trkpt>
		<trkpt lat="35.167037" lon="128.699537">
			<ele>0.00</ele>
			<time>2020-01-16T23:13:21.96Z</time>
		</trkpt>
		<trkpt lat="35.167053" lon="128.699500">
			<ele>0.00</ele>
			<time>2020-01-16T23:13:22.19Z</time>
		</trkpt>
		<trkpt lat="35.167063" lon="128.699462">
			<ele>0.00</ele>
			<time>2020-01-16T23:13:22.40Z</time>
		</trkpt>
		<trkpt lat="35.167063" lon="128.699427">
			<ele>0.00</ele>
			<time>2020-01-16T23:13:22.59Z</time>
		</trkpt>
		<trkpt lat="35.167073" lon="128.699388">
			<ele>0.00</ele>
			<time>2020-01-16T23:13:22.82Z</time>
		</trkpt>
		<trkpt lat="35.167078" lon="128.699350">
			<ele>0.00</ele>
			<time>2020-01-16T23:13:23.02Z</time>
		</trkpt>
		<trkpt lat="35.167085" lon="128.699293">
			<ele>0.00</ele>
			<time>2020-01-16T23:13:23.34Z</time>
		</trkpt>
		<trkpt lat="35.167096" lon="128.699244">
			<ele>0.00</ele>
			<time>2020-01-16T23:13:23.62Z</time>
		</trkpt>
		<trkpt lat="35.167107" lon="128.699209">
			<ele>0.00</ele>
			<time>2020-01-16T23:13:23.82Z</time>
		</trkpt>
		<trkpt lat="35.167118" lon="128.699165">
			<ele>0.00</ele>
			<time>2020-01-16T23:13:24.07Z</time>
		</trkpt>
		<trkpt lat="35.167124" lon="128.699123">
			<ele>0.00</ele>
			<time>2020-01-16T23:13:24.30Z</time>
		</trkpt>
		<trkpt lat="35.167129" lon="128.699077">
			<ele>0.00</ele>
			<time>2020-01-16T23:13:24.56Z</time>
		</trkpt>
		<trkpt lat="35.167124" lon="128.699044">
			<ele>0.00</ele>
			<time>2020-01-16T23:13:24.74Z</time>
		</trkpt>
		<trkpt lat="35.167114" lon="128.699004">
			<ele>0.00</ele>
			<time>2020-01-16T23:13:24.97Z</time>
		</trkpt>
		<trkpt lat="35.167113" lon="128.698966">
			<ele>0.00</ele>
			<time>2020-01-16T23:13:25.17Z</time>
		</trkpt>
		<trkpt lat="35.167114" lon="128.698925">
			<ele>0.00</ele>
			<time>2020-01-16T23:13:25.40Z</time>
		</trkpt>
		<trkpt lat="35.167118" lon="128.698872">
			<ele>0.00</ele>
			<time>2020-01-16T23:13:25.69Z</time>
		</trkpt>
		<trkpt lat="35.167124" lon="128.698818">
			<ele>0.00</ele>
			<time>2020-01-16T23:13:25.98Z</time>
		</trkpt>
		<trkpt lat="35.167126" lon="128.698774">
			<ele>0.00</ele>
			<time>2020-01-16T23:13:26.23Z</time>
		</trkpt>
		<trkpt lat="35.167129" lon="128.698722">
			<ele>0.00</ele>
			<time>2020-01-16T23:13:26.51Z</time>
		</trkpt>
		<trkpt lat="35.167133" lon="128.698674">
			<ele>0.00</ele>
			<time>2020-01-16T23:13:26.77Z</time>
		</trkpt>
		<trkpt lat="35.167141" lon="128.698627">
			<ele>0.00</ele>
			<time>2020-01-16T23:13:27.03Z</time>
		</trkpt>
		<trkpt lat="35.167145" lon="128.698581">
			<ele>0.00</ele>
			<time>2020-01-16T23:13:27.29Z</time>
		</trkpt>
		<trkpt lat="35.167145" lon="128.698536">
			<ele>0.00</ele>
			<time>2020-01-16T23:13:27.53Z</time>
		</trkpt>
		<trkpt lat="35.167142" lon="128.698495">
			<ele>0.00</ele>
			<time>2020-01-16T23:13:27.76Z</time>
		</trkpt>
		<trkpt lat="35.167130" lon="128.698454">
			<ele>0.00</ele>
			<time>2020-01-16T23:13:27.99Z</time>
		</trkpt>
		<trkpt lat="35.167127" lon="128.698427">
			<ele>0.00</ele>
			<time>2020-01-16T23:13:28.14Z</time>
		</trkpt>
		<trkpt lat="35.167127" lon="128.698387">
			<ele>0.00</ele>
			<time>2020-01-16T23:13:28.36Z</time>
		</trkpt>
		<trkpt lat="35.167128" lon="128.698338">
			<ele>0.00</ele>
			<time>2020-01-16T23:13:28.63Z</time>
		</trkpt>
		<trkpt lat="35.167130" lon="128.698283">
			<ele>0.00</ele>
			<time>2020-01-16T23:13:28.93Z</time>
		</trkpt>
		<trkpt lat="35.167137" lon="128.698230">
			<ele>0.00</ele>
			<time>2020-01-16T23:13:29.22Z</time>
		</trkpt>
		<trkpt lat="35.167145" lon="128.698187">
			<ele>0.00</ele>
			<time>2020-01-16T23:13:29.46Z</time>
		</trkpt>
		<trkpt lat="35.167163" lon="128.698125">
			<ele>0.00</ele>
			<time>2020-01-16T23:13:29.82Z</time>
		</trkpt>
		<trkpt lat="35.167167" lon="128.698085">
			<ele>0.00</ele>
			<time>2020-01-16T23:13:30.04Z</time>
		</trkpt>
		<trkpt lat="35.167171" lon="128.698032">
			<ele>0.00</ele>
			<time>2020-01-16T23:13:30.33Z</time>
		</trkpt>
		<trkpt lat="35.167169" lon="128.697983">
			<ele>0.00</ele>
			<time>2020-01-16T23:13:30.59Z</time>
		</trkpt>
		<trkpt lat="35.167171" lon="128.697942">
			<ele>0.00</ele>
			<time>2020-01-16T23:13:30.82Z</time>
		</trkpt>
		<trkpt lat="35.167172" lon="128.697900">
			<ele>0.00</ele>
			<time>2020-01-16T23:13:31.05Z</time>
		</trkpt>
		<trkpt lat="35.167173" lon="128.697866">
			<ele>0.00</ele>
			<time>2020-01-16T23:13:31.23Z</time>
		</trkpt>
		<trkpt lat="35.167171" lon="128.697826">
			<ele>0.00</ele>
			<time>2020-01-16T23:13:31.45Z</time>
		</trkpt>
		<trkpt lat="35.167169" lon="128.697776">
			<ele>0.00</ele>
			<time>2020-01-16T23:13:31.72Z</time>
		</trkpt>
		<trkpt lat="35.167174" lon="128.697739">
			<ele>0.00</ele>
			<time>2020-01-16T23:13:31.93Z</time>
		</trkpt>
		<trkpt lat="35.167176" lon="128.697689">
			<ele>0.00</ele>
			<time>2020-01-16T23:13:32.20Z</time>
		</trkpt>
		<trkpt lat="35.167185" lon="128.697638">
			<ele>0.00</ele>
			<time>2020-01-16T23:13:32.48Z</time>
		</trkpt>
		<trkpt lat="35.167191" lon="128.697596">
			<ele>0.00</ele>
			<time>2020-01-16T23:13:32.72Z</time>
		</trkpt>
		<trkpt lat="35.167196" lon="128.697557">
			<ele>0.00</ele>
			<time>2020-01-16T23:13:32.93Z</time>
		</trkpt>
		<trkpt lat="35.167200" lon="128.697520">
			<ele>0.00</ele>
			<time>2020-01-16T23:13:33.13Z</time>
		</trkpt>
		<trkpt lat="35.167201" lon="128.697481">
			<ele>0.00</ele>
			<time>2020-01-16T23:13:33.35Z</time>
		</trkpt>
		<trkpt lat="35.167204" lon="128.697432">
			<ele>0.00</ele>
			<time>2020-01-16T23:13:33.61Z</time>
		</trkpt>
		<trkpt lat="35.167208" lon="128.697380">
			<ele>0.00</ele>
			<time>2020-01-16T23:13:33.90Z</time>
		</trkpt>
		<trkpt lat="35.167220" lon="128.697294">
			<ele>0.00</ele>
			<time>2020-01-16T23:13:34.37Z</time>
		</trkpt>
		<trkpt lat="35.167236" lon="128.697215">
			<ele>0.00</ele>
			<time>2020-01-16T23:13:34.82Z</time>
		</trkpt>
		<trkpt lat="35.167245" lon="128.697158">
			<ele>0.00</ele>
			<time>2020-01-16T23:13:35.14Z</time>
		</trkpt>
		<trkpt lat="35.167255" lon="128.697110">
			<ele>0.00</ele>
			<time>2020-01-16T23:13:35.41Z</time>
		</trkpt>
		<trkpt lat="35.167274" lon="128.697063">
			<ele>0.00</ele>
			<time>2020-01-16T23:13:35.69Z</time>
		</trkpt>
		<trkpt lat="35.167292" lon="128.696993">
			<ele>0.00</ele>
			<time>2020-01-16T23:13:36.09Z</time>
		</trkpt>
		<trkpt lat="35.167303" lon="128.696938">
			<ele>0.00</ele>
			<time>2020-01-16T23:13:36.40Z</time>
		</trkpt>
		<trkpt lat="35.167311" lon="128.696885">
			<ele>0.00</ele>
			<time>2020-01-16T23:13:36.70Z</time>
		</trkpt>
		<trkpt lat="35.167316" lon="128.696828">
			<ele>0.00</ele>
			<time>2020-01-16T23:13:37.01Z</time>
		</trkpt>
		<trkpt lat="35.167320" lon="128.696781">
			<ele>0.00</ele>
			<time>2020-01-16T23:13:37.26Z</time>
		</trkpt>
		<trkpt lat="35.167322" lon="128.696732">
			<ele>0.00</ele>
			<time>2020-01-16T23:13:37.53Z</time>
		</trkpt>
		<trkpt lat="35.167326" lon="128.696680">
			<ele>0.00</ele>
			<time>2020-01-16T23:13:37.82Z</time>
		</trkpt>
		<trkpt lat="35.167327" lon="128.696624">
			<ele>0.00</ele>
			<time>2020-01-16T23:13:38.12Z</time>
		</trkpt>
		<trkpt lat="35.167323" lon="128.696578">
			<ele>0.00</ele>
			<time>2020-01-16T23:13:38.37Z</time>
		</trkpt>
		<trkpt lat="35.167324" lon="128.696524">
			<ele>0.00</ele>
			<time>2020-01-16T23:13:38.66Z</time>
		</trkpt>
		<trkpt lat="35.167324" lon="128.696477">
			<ele>0.00</ele>
			<time>2020-01-16T23:13:38.92Z</time>
		</trkpt>
		<trkpt lat="35.167322" lon="128.696426">
			<ele>0.00</ele>
			<time>2020-01-16T23:13:39.20Z</time>
		</trkpt>
		<trkpt lat="35.167318" lon="128.696373">
			<ele>0.00</ele>
			<time>2020-01-16T23:13:39.49Z</time>
		</trkpt>
		<trkpt lat="35.167314" lon="128.696322">
			<ele>0.00</ele>
			<time>2020-01-16T23:13:39.77Z</time>
		</trkpt>
		<trkpt lat="35.167311" lon="128.696273">
			<ele>0.00</ele>
			<time>2020-01-16T23:13:40.04Z</time>
		</trkpt>
		<trkpt lat="35.167310" lon="128.696231">
			<ele>0.00</ele>
			<time>2020-01-16T23:13:40.27Z</time>
		</trkpt>
		<trkpt lat="35.167307" lon="128.696183">
			<ele>0.00</ele>
			<time>2020-01-16T23:13:40.53Z</time>
		</trkpt>
		<trkpt lat="35.167304" lon="128.696135">
			<ele>0.00</ele>
			<time>2020-01-16T23:13:40.79Z</time>
		</trkpt>
		<trkpt lat="35.167306" lon="128.696091">
			<ele>0.00</ele>
			<time>2020-01-16T23:13:41.03Z</time>
		</trkpt>
		<trkpt lat="35.167308" lon="128.696040">
			<ele>0.00</ele>
			<time>2020-01-16T23:13:41.31Z</time>
		</trkpt>
		<trkpt lat="35.167310" lon="128.695994">
			<ele>0.00</ele>
			<time>2020-01-16T23:13:41.56Z</time>
		</trkpt>
		<trkpt lat="35.167313" lon="128.695948">
			<ele>0.00</ele>
			<time>2020-01-16T23:13:41.81Z</time>
		</trkpt>
		<trkpt lat="35.167314" lon="128.695912">
			<ele>0.00</ele>
			<time>2020-01-16T23:13:42.01Z</time>
		</trkpt>
		<trkpt lat="35.167318" lon="128.695867">
			<ele>0.00</ele>
			<time>2020-01-16T23:13:42.26Z</time>
		</trkpt>
		<trkpt lat="35.167317" lon="128.695838">
			<ele>0.00</ele>
			<time>2020-01-16T23:13:42.41Z</time>
		</trkpt>
		<trkpt lat="35.167314" lon="128.695793">
			<ele>0.00</ele>
			<time>2020-01-16T23:13:42.66Z</time>
		</trkpt>
		<trkpt lat="35.167313" lon="128.695751">
			<ele>0.00</ele>
			<time>2020-01-16T23:13:42.89Z</time>
		</trkpt>
		<trkpt lat="35.167309" lon="128.695702">
			<ele>0.00</ele>
			<time>2020-01-16T23:13:43.16Z</time>
		</trkpt>
		<trkpt lat="35.167307" lon="128.695654">
			<ele>0.00</ele>
			<time>2020-01-16T23:13:43.42Z</time>
		</trkpt>
		<trkpt lat="35.167306" lon="128.695613">
			<ele>0.00</ele>
			<time>2020-01-16T23:13:43.64Z</time>
		</trkpt>
		<trkpt lat="35.167304" lon="128.695573">
			<ele>0.00</ele>
			<time>2020-01-16T23:13:43.86Z</time>
		</trkpt>
		<trkpt lat="35.167301" lon="128.695532">
			<ele>0.00</ele>
			<time>2020-01-16T23:13:44.08Z</time>
		</trkpt>
		<trkpt lat="35.167298" lon="128.695489">
			<ele>0.00</ele>
			<time>2020-01-16T23:13:44.32Z</time>
		</trkpt>
		<trkpt lat="35.167291" lon="128.695435">
			<ele>0.00</ele>
			<time>2020-01-16T23:13:44.62Z</time>
		</trkpt>
		<trkpt lat="35.167285" lon="128.695396">
			<ele>0.00</ele>
			<time>2020-01-16T23:13:44.84Z</time>
		</trkpt>
		<trkpt lat="35.167282" lon="128.695365">
			<ele>0.00</ele>
			<time>2020-01-16T23:13:45.01Z</time>
		</trkpt>
		<trkpt lat="35.167275" lon="128.695323">
			<ele>0.00</ele>
			<time>2020-01-16T23:13:45.24Z</time>
		</trkpt>
		<trkpt lat="35.167270" lon="128.695289">
			<ele>0.00</ele>
			<time>2020-01-16T23:13:45.43Z</time>
		</trkpt>
		<trkpt lat="35.167267" lon="128.695245">
			<ele>0.00</ele>
			<time>2020-01-16T23:13:45.66Z</time>
		</trkpt>
		<trkpt lat="35.167264" lon="128.695215">
			<ele>0.00</ele>
			<time>2020-01-16T23:13:45.83Z</time>
		</trkpt>
		<trkpt lat="35.167261" lon="128.695182">
			<ele>0.00</ele>
			<time>2020-01-16T23:13:46.01Z</time>
		</trkpt>
		<trkpt lat="35.167261" lon="128.695142">
			<ele>0.00</ele>
			<time>2020-01-16T23:13:46.23Z</time>
		</trkpt>
		<trkpt lat="35.167261" lon="128.695088">
			<ele>0.00</ele>
			<time>2020-01-16T23:13:46.53Z</time>
		</trkpt>
		<trkpt lat="35.167260" lon="128.695037">
			<ele>0.00</ele>
			<time>2020-01-16T23:13:46.80Z</time>
		</trkpt>
		<trkpt lat="35.167258" lon="128.695003">
			<ele>0.00</ele>
			<time>2020-01-16T23:13:46.99Z</time>
		</trkpt>
		<trkpt lat="35.167259" lon="128.694958">
			<ele>0.00</ele>
			<time>2020-01-16T23:13:47.23Z</time>
		</trkpt>
		<trkpt lat="35.167257" lon="128.694917">
			<ele>0.00</ele>
			<time>2020-01-16T23:13:47.45Z</time>
		</trkpt>
		<trkpt lat="35.167256" lon="128.694865">
			<ele>0.00</ele>
			<time>2020-01-16T23:13:47.74Z</time>
		</trkpt>
		<trkpt lat="35.167254" lon="128.694830">
			<ele>0.00</ele>
			<time>2020-01-16T23:13:47.93Z</time>
		</trkpt>
		<trkpt lat="35.167253" lon="128.694789">
			<ele>0.00</ele>
			<time>2020-01-16T23:13:48.16Z</time>
		</trkpt>
		<trkpt lat="35.167250" lon="128.694733">
			<ele>0.00</ele>
			<time>2020-01-16T23:13:48.46Z</time>
		</trkpt>
		<trkpt lat="35.167248" lon="128.694686">
			<ele>0.00</ele>
			<time>2020-01-16T23:13:48.72Z</time>
		</trkpt>
		<trkpt lat="35.167248" lon="128.694641">
			<ele>0.00</ele>
			<time>2020-01-16T23:13:48.96Z</time>
		</trkpt>
		<trkpt lat="35.167249" lon="128.694597">
			<ele>0.00</ele>
			<time>2020-01-16T23:13:49.20Z</time>
		</trkpt>
		<trkpt lat="35.167248" lon="128.694553">
			<ele>0.00</ele>
			<time>2020-01-16T23:13:49.44Z</time>
		</trkpt>
		<trkpt lat="35.167248" lon="128.694513">
			<ele>0.00</ele>
			<time>2020-01-16T23:13:49.66Z</time>
		</trkpt>
		<trkpt lat="35.167249" lon="128.694475">
			<ele>0.00</ele>
			<time>2020-01-16T23:13:49.87Z</time>
		</trkpt>
		<trkpt lat="35.167253" lon="128.694436">
			<ele>0.00</ele>
			<time>2020-01-16T23:13:50.08Z</time>
		</trkpt>
		<trkpt lat="35.167257" lon="128.694404">
			<ele>0.00</ele>
			<time>2020-01-16T23:13:50.26Z</time>
		</trkpt>
		<trkpt lat="35.167259" lon="128.694365">
			<ele>0.00</ele>
			<time>2020-01-16T23:13:50.47Z</time>
		</trkpt>
		<trkpt lat="35.167257" lon="128.694319">
			<ele>0.00</ele>
			<time>2020-01-16T23:13:50.72Z</time>
		</trkpt>
		<trkpt lat="35.167254" lon="128.694277">
			<ele>0.00</ele>
			<time>2020-01-16T23:13:50.95Z</time>
		</trkpt>
		<trkpt lat="35.167251" lon="128.694217">
			<ele>0.00</ele>
			<time>2020-01-16T23:13:51.28Z</time>
		</trkpt>
		<trkpt lat="35.167247" lon="128.694187">
			<ele>0.00</ele>
			<time>2020-01-16T23:13:51.45Z</time>
		</trkpt>
		<trkpt lat="35.167243" lon="128.694148">
			<ele>0.00</ele>
			<time>2020-01-16T23:13:51.66Z</time>
		</trkpt>
		<trkpt lat="35.167242" lon="128.694099">
			<ele>0.00</ele>
			<time>2020-01-16T23:13:51.93Z</time>
		</trkpt>
		<trkpt lat="35.167240" lon="128.694062">
			<ele>0.00</ele>
			<time>2020-01-16T23:13:52.13Z</time>
		</trkpt>
		<trkpt lat="35.167239" lon="128.694021">
			<ele>0.00</ele>
			<time>2020-01-16T23:13:52.35Z</time>
		</trkpt>
		<trkpt lat="35.167241" lon="128.693985">
			<ele>0.00</ele>
			<time>2020-01-16T23:13:52.55Z</time>
		</trkpt>
		<trkpt lat="35.167242" lon="128.693941">
			<ele>0.00</ele>
			<time>2020-01-16T23:13:52.79Z</time>
		</trkpt>
		<trkpt lat="35.167241" lon="128.693902">
			<ele>0.00</ele>
			<time>2020-01-16T23:13:53Z</time>
		</trkpt>
		<trkpt lat="35.167240" lon="128.693865">
			<ele>0.00</ele>
			<time>2020-01-16T23:13:53.20Z</time>
		</trkpt>
		<trkpt lat="35.167235" lon="128.693826">
			<ele>0.00</ele>
			<time>2020-01-16T23:13:53.42Z</time>
		</trkpt>
		<trkpt lat="35.167228" lon="128.693782">
			<ele>0.00</ele>
			<time>2020-01-16T23:13:53.66Z</time>
		</trkpt>
		<trkpt lat="35.167221" lon="128.693750">
			<ele>0.00</ele>
			<time>2020-01-16T23:13:53.84Z</time>
		</trkpt>
		<trkpt lat="35.167219" lon="128.693720">
			<ele>0.00</ele>
			<time>2020-01-16T23:13:54Z</time>
		</trkpt>
		<trkpt lat="35.167227" lon="128.693684">
			<ele>0.00</ele>
			<time>2020-01-16T23:13:54.21Z</time>
		</trkpt>
		<trkpt lat="35.167236" lon="128.693656">
			<ele>0.00</ele>
			<time>2020-01-16T23:13:54.37Z</time>
		</trkpt>
		<trkpt lat="35.167241" lon="128.693615">
			<ele>0.00</ele>
			<time>2020-01-16T23:13:54.60Z</time>
		</trkpt>
		<trkpt lat="35.167246" lon="128.693587">
			<ele>0.00</ele>
			<time>2020-01-16T23:13:54.76Z</time>
		</trkpt>
		<trkpt lat="35.167253" lon="128.693553">
			<ele>0.00</ele>
			<time>2020-01-16T23:13:54.95Z</time>
		</trkpt>
		<trkpt lat="35.167257" lon="128.693515">
			<ele>0.00</ele>
			<time>2020-01-16T23:13:55.16Z</time>
		</trkpt>
		<trkpt lat="35.167257" lon="128.693473">
			<ele>0.00</ele>
			<time>2020-01-16T23:13:55.38Z</time>
		</trkpt>
		<trkpt lat="35.167255" lon="128.693420">
			<ele>0.00</ele>
			<time>2020-01-16T23:13:55.68Z</time>
		</trkpt>
		<trkpt lat="35.167251" lon="128.693368">
			<ele>0.00</ele>
			<time>2020-01-16T23:13:55.96Z</time>
		</trkpt>
		<trkpt lat="35.167248" lon="128.693327">
			<ele>0.00</ele>
			<time>2020-01-16T23:13:56.18Z</time>
		</trkpt>
		<trkpt lat="35.167243" lon="128.693285">
			<ele>0.00</ele>
			<time>2020-01-16T23:13:56.42Z</time>
		</trkpt>
		<trkpt lat="35.167240" lon="128.693257">
			<ele>0.00</ele>
			<time>2020-01-16T23:13:56.57Z</time>
		</trkpt>
		<trkpt lat="35.167229" lon="128.693234">
			<ele>0.00</ele>
			<time>2020-01-16T23:13:56.71Z</time>
		</trkpt>
		<trkpt lat="35.167219" lon="128.693202">
			<ele>0.00</ele>
			<time>2020-01-16T23:13:56.90Z</time>
		</trkpt>
		<trkpt lat="35.167210" lon="128.693170">
			<ele>0.00</ele>
			<time>2020-01-16T23:13:57.08Z</time>
		</trkpt>
		<trkpt lat="35.167205" lon="128.693131">
			<ele>0.00</ele>
			<time>2020-01-16T23:13:57.30Z</time>
		</trkpt>
		<trkpt lat="35.167204" lon="128.693090">
			<ele>0.00</ele>
			<time>2020-01-16T23:13:57.52Z</time>
		</trkpt>
		<trkpt lat="35.167204" lon="128.693050">
			<ele>0.00</ele>
			<time>2020-01-16T23:13:57.74Z</time>
		</trkpt>
		<trkpt lat="35.167200" lon="128.693008">
			<ele>0.00</ele>
			<time>2020-01-16T23:13:57.97Z</time>
		</trkpt>
		<trkpt lat="35.167199" lon="128.692978">
			<ele>0.00</ele>
			<time>2020-01-16T23:13:58.14Z</time>
		</trkpt>
		<trkpt lat="35.167204" lon="128.692939">
			<ele>0.00</ele>
			<time>2020-01-16T23:13:58.35Z</time>
		</trkpt>
		<trkpt lat="35.167210" lon="128.692898">
			<ele>0.00</ele>
			<time>2020-01-16T23:13:58.57Z</time>
		</trkpt>
		<trkpt lat="35.167214" lon="128.692865">
			<ele>0.00</ele>
			<time>2020-01-16T23:13:58.76Z</time>
		</trkpt>
		<trkpt lat="35.167215" lon="128.692828">
			<ele>0.00</ele>
			<time>2020-01-16T23:13:58.96Z</time>
		</trkpt>
		<trkpt lat="35.167213" lon="128.692788">
			<ele>0.00</ele>
			<time>2020-01-16T23:13:59.18Z</time>
		</trkpt>
		<trkpt lat="35.167210" lon="128.692748">
			<ele>0.00</ele>
			<time>2020-01-16T23:13:59.40Z</time>
		</trkpt>
		<trkpt lat="35.167204" lon="128.692713">
			<ele>0.00</ele>
			<time>2020-01-16T23:13:59.59Z</time>
		</trkpt>
		<trkpt lat="35.167197" lon="128.692664">
			<ele>0.00</ele>
			<time>2020-01-16T23:13:59.87Z</time>
		</trkpt>
		<trkpt lat="35.167195" lon="128.692627">
			<ele>0.00</ele>
			<time>2020-01-16T23:14:00.07Z</time>
		</trkpt>
		<trkpt lat="35.167190" lon="128.692582">
			<ele>0.00</ele>
			<time>2020-01-16T23:14:00.31Z</time>
		</trkpt>
		<trkpt lat="35.167190" lon="128.692544">
			<ele>0.00</ele>
			<time>2020-01-16T23:14:00.52Z</time>
		</trkpt>
		<trkpt lat="35.167191" lon="128.692506">
			<ele>0.00</ele>
			<time>2020-01-16T23:14:00.73Z</time>
		</trkpt>
		<trkpt lat="35.167197" lon="128.692466">
			<ele>0.00</ele>
			<time>2020-01-16T23:14:00.95Z</time>
		</trkpt>
		<trkpt lat="35.167196" lon="128.692433">
			<ele>0.00</ele>
			<time>2020-01-16T23:14:01.13Z</time>
		</trkpt>
		<trkpt lat="35.167199" lon="128.692402">
			<ele>0.00</ele>
			<time>2020-01-16T23:14:01.30Z</time>
		</trkpt>
		<trkpt lat="35.167193" lon="128.692360">
			<ele>0.00</ele>
			<time>2020-01-16T23:14:01.53Z</time>
		</trkpt>
		<trkpt lat="35.167192" lon="128.692334">
			<ele>0.00</ele>
			<time>2020-01-16T23:14:01.67Z</time>
		</trkpt>
		<trkpt lat="35.167191" lon="128.692299">
			<ele>0.00</ele>
			<time>2020-01-16T23:14:01.86Z</time>
		</trkpt>
		<trkpt lat="35.167195" lon="128.692263">
			<ele>0.00</ele>
			<time>2020-01-16T23:14:02.06Z</time>
		</trkpt>
		<trkpt lat="35.167201" lon="128.692226">
			<ele>0.00</ele>
			<time>2020-01-16T23:14:02.27Z</time>
		</trkpt>
		<trkpt lat="35.167209" lon="128.692188">
			<ele>0.00</ele>
			<time>2020-01-16T23:14:02.48Z</time>
		</trkpt>
		<trkpt lat="35.167217" lon="128.692154">
			<ele>0.00</ele>
			<time>2020-01-16T23:14:02.68Z</time>
		</trkpt>
		<trkpt lat="35.167217" lon="128.692153">
			<ele>0.00</ele>
			<time>2020-01-16T23:14:02.74Z</time>
		</trkpt>
		<trkpt lat="35.167229" lon="128.692131">
			<ele>0.00</ele>
			<time>2020-01-16T23:14:02.88Z</time>
		</trkpt>
		<trkpt lat="35.167241" lon="128.692100">
			<ele>0.00</ele>
			<time>2020-01-16T23:14:03.07Z</time>
		</trkpt>
		<trkpt lat="35.167244" lon="128.692060">
			<ele>0.00</ele>
			<time>2020-01-16T23:14:03.29Z</time>
		</trkpt>
		<trkpt lat="35.167247" lon="128.692039">
			<ele>0.00</ele>
			<time>2020-01-16T23:14:03.40Z</time>
		</trkpt>
		<trkpt lat="35.167246" lon="128.692009">
			<ele>0.00</ele>
			<time>2020-01-16T23:14:03.57Z</time>
		</trkpt>
		<trkpt lat="35.167243" lon="128.691979">
			<ele>0.00</ele>
			<time>2020-01-16T23:14:03.73Z</time>
		</trkpt>
		<trkpt lat="35.167239" lon="128.691934">
			<ele>0.00</ele>
			<time>2020-01-16T23:14:03.98Z</time>
		</trkpt>
		<trkpt lat="35.167233" lon="128.691909">
			<ele>0.00</ele>
			<time>2020-01-16T23:14:04.12Z</time>
		</trkpt>
		<trkpt lat="35.167227" lon="128.691889">
			<ele>0.00</ele>
			<time>2020-01-16T23:14:04.24Z</time>
		</trkpt>
		<trkpt lat="35.167223" lon="128.691865">
			<ele>0.00</ele>
			<time>2020-01-16T23:14:04.37Z</time>
		</trkpt>
		<trkpt lat="35.167218" lon="128.691844">
			<ele>0.00</ele>
			<time>2020-01-16T23:14:04.49Z</time>
		</trkpt>
		<trkpt lat="35.167206" lon="128.691812">
			<ele>0.00</ele>
			<time>2020-01-16T23:14:04.68Z</time>
		</trkpt>
		<trkpt lat="35.167187" lon="128.691782">
			<ele>0.00</ele>
			<time>2020-01-16T23:14:04.89Z</time>
		</trkpt>
		<trkpt lat="35.167168" lon="128.691768">
			<ele>0.00</ele>
			<time>2020-01-16T23:14:05.03Z</time>
		</trkpt>
		<trkpt lat="35.167142" lon="128.691753">
			<ele>0.00</ele>
			<time>2020-01-16T23:14:05.23Z</time>
		</trkpt>
		<trkpt lat="35.167121" lon="128.691736">
			<ele>0.00</ele>
			<time>2020-01-16T23:14:05.39Z</time>
		</trkpt>
		<trkpt lat="35.167093" lon="128.691714">
			<ele>0.00</ele>
			<time>2020-01-16T23:14:05.61Z</time>
		</trkpt>
		<trkpt lat="35.167075" lon="128.691695">
			<ele>0.00</ele>
			<time>2020-01-16T23:14:05.77Z</time>
		</trkpt>
		<trkpt lat="35.167056" lon="128.691670">
			<ele>0.00</ele>
			<time>2020-01-16T23:14:05.96Z</time>
		</trkpt>
		<trkpt lat="35.167035" lon="128.691647">
			<ele>0.00</ele>
			<time>2020-01-16T23:14:06.15Z</time>
		</trkpt>
		<trkpt lat="35.167015" lon="128.691622">
			<ele>0.00</ele>
			<time>2020-01-16T23:14:06.34Z</time>
		</trkpt>
		<trkpt lat="35.166995" lon="128.691595">
			<ele>0.00</ele>
			<time>2020-01-16T23:14:06.54Z</time>
		</trkpt>
		<trkpt lat="35.166978" lon="128.691561">
			<ele>0.00</ele>
			<time>2020-01-16T23:14:06.75Z</time>
		</trkpt>
		<trkpt lat="35.166970" lon="128.691527">
			<ele>0.00</ele>
			<time>2020-01-16T23:14:06.95Z</time>
		</trkpt>
		<trkpt lat="35.166966" lon="128.691498">
			<ele>0.00</ele>
			<time>2020-01-16T23:14:07.11Z</time>
		</trkpt>
		<trkpt lat="35.166959" lon="128.691461">
			<ele>0.00</ele>
			<time>2020-01-16T23:14:07.31Z</time>
		</trkpt>
		<trkpt lat="35.166950" lon="128.691427">
			<ele>0.00</ele>
			<time>2020-01-16T23:14:07.51Z</time>
		</trkpt>
		<trkpt lat="35.166942" lon="128.691395">
			<ele>0.00</ele>
			<time>2020-01-16T23:14:07.69Z</time>
		</trkpt>
		<trkpt lat="35.166932" lon="128.691360">
			<ele>0.00</ele>
			<time>2020-01-16T23:14:07.89Z</time>
		</trkpt>
		<trkpt lat="35.166923" lon="128.691327">
			<ele>0.00</ele>
			<time>2020-01-16T23:14:08.08Z</time>
		</trkpt>
		<trkpt lat="35.166915" lon="128.691295">
			<ele>0.00</ele>
			<time>2020-01-16T23:14:08.26Z</time>
		</trkpt>
		<trkpt lat="35.166905" lon="128.691258">
			<ele>0.00</ele>
			<time>2020-01-16T23:14:08.47Z</time>
		</trkpt>
		<trkpt lat="35.166883" lon="128.691179">
			<ele>0.00</ele>
			<time>2020-01-16T23:14:08.93Z</time>
		</trkpt>
		<trkpt lat="35.166860" lon="128.691111">
			<ele>0.00</ele>
			<time>2020-01-16T23:14:09.33Z</time>
		</trkpt>
		<trkpt lat="35.166838" lon="128.691050">
			<ele>0.00</ele>
			<time>2020-01-16T23:14:09.69Z</time>
		</trkpt>
		<trkpt lat="35.166826" lon="128.690984">
			<ele>0.00</ele>
			<time>2020-01-16T23:14:10.06Z</time>
		</trkpt>
		<trkpt lat="35.166811" lon="128.690908">
			<ele>0.00</ele>
			<time>2020-01-16T23:14:10.49Z</time>
		</trkpt>
		<trkpt lat="35.166800" lon="128.690850">
			<ele>0.00</ele>
			<time>2020-01-16T23:14:10.81Z</time>
		</trkpt>
		<trkpt lat="35.166790" lon="128.690791">
			<ele>0.00</ele>
			<time>2020-01-16T23:14:11.15Z</time>
		</trkpt>
		<trkpt lat="35.166793" lon="128.690712">
			<ele>0.00</ele>
			<time>2020-01-16T23:14:11.57Z</time>
		</trkpt>
		<trkpt lat="35.166806" lon="128.690640">
			<ele>0.00</ele>
			<time>2020-01-16T23:14:11.98Z</time>
		</trkpt>
		<trkpt lat="35.166814" lon="128.690550">
			<ele>0.00</ele>
			<time>2020-01-16T23:14:12.47Z</time>
		</trkpt>
		<trkpt lat="35.166827" lon="128.690453">
			<ele>0.00</ele>
			<time>2020-01-16T23:14:13.01Z</time>
		</trkpt>
		<trkpt lat="35.166839" lon="128.690377">
			<ele>0.00</ele>
			<time>2020-01-16T23:14:13.43Z</time>
		</trkpt>
		<trkpt lat="35.166846" lon="128.690317">
			<ele>0.00</ele>
			<time>2020-01-16T23:14:13.76Z</time>
		</trkpt>
		<trkpt lat="35.166843" lon="128.690251">
			<ele>0.00</ele>
			<time>2020-01-16T23:14:14.12Z</time>
		</trkpt>
		<trkpt lat="35.166844" lon="128.690140">
			<ele>0.00</ele>
			<time>2020-01-16T23:14:14.73Z</time>
		</trkpt>
		<trkpt lat="35.166862" lon="128.690081">
			<ele>0.00</ele>
			<time>2020-01-16T23:14:15.07Z</time>
		</trkpt>
		<trkpt lat="35.166899" lon="128.690019">
			<ele>0.00</ele>
			<time>2020-01-16T23:14:15.48Z</time>
		</trkpt>
		<trkpt lat="35.166931" lon="128.689985">
			<ele>0.00</ele>
			<time>2020-01-16T23:14:15.77Z</time>
		</trkpt>
		<trkpt lat="35.166954" lon="128.689937">
			<ele>0.00</ele>
			<time>2020-01-16T23:14:16.07Z</time>
		</trkpt>
		<trkpt lat="35.166915" lon="128.689888">
			<ele>0.00</ele>
			<time>2020-01-16T23:14:16.45Z</time>
		</trkpt>
		<trkpt lat="35.166881" lon="128.689843">
			<ele>0.00</ele>
			<time>2020-01-16T23:14:16.78Z</time>
		</trkpt>
		<trkpt lat="35.166848" lon="128.689813">
			<ele>0.00</ele>
			<time>2020-01-16T23:14:17.06Z</time>
		</trkpt>
		<trkpt lat="35.166811" lon="128.689762">
			<ele>0.00</ele>
			<time>2020-01-16T23:14:17.43Z</time>
		</trkpt>
		<trkpt lat="35.166792" lon="128.689723">
			<ele>0.00</ele>
			<time>2020-01-16T23:14:17.67Z</time>
		</trkpt>
		<trkpt lat="35.166758" lon="128.689675">
			<ele>0.00</ele>
			<time>2020-01-16T23:14:18.02Z</time>
		</trkpt>
		<trkpt lat="35.166724" lon="128.689614">
			<ele>0.00</ele>
			<time>2020-01-16T23:14:18.42Z</time>
		</trkpt>
		<trkpt lat="35.166687" lon="128.689554">
			<ele>0.00</ele>
			<time>2020-01-16T23:14:18.83Z</time>
		</trkpt>
		<trkpt lat="35.166648" lon="128.689490">
			<ele>0.00</ele>
			<time>2020-01-16T23:14:19.27Z</time>
		</trkpt>
		<trkpt lat="35.166609" lon="128.689430">
			<ele>0.00</ele>
			<time>2020-01-16T23:14:19.69Z</time>
		</trkpt>
		<trkpt lat="35.166586" lon="128.689366">
			<ele>0.00</ele>
			<time>2020-01-16T23:14:20.07Z</time>
		</trkpt>
		<trkpt lat="35.166560" lon="128.689291">
			<ele>0.00</ele>
			<time>2020-01-16T23:14:20.51Z</time>
		</trkpt>
		<trkpt lat="35.166551" lon="128.689244">
			<ele>0.00</ele>
			<time>2020-01-16T23:14:20.77Z</time>
		</trkpt>
		<trkpt lat="35.166551" lon="128.689192">
			<ele>0.00</ele>
			<time>2020-01-16T23:14:21.05Z</time>
		</trkpt>
		<trkpt lat="35.166555" lon="128.689127">
			<ele>0.00</ele>
			<time>2020-01-16T23:14:21.41Z</time>
		</trkpt>
		<trkpt lat="35.166579" lon="128.689024">
			<ele>0.00</ele>
			<time>2020-01-16T23:14:22Z</time>
		</trkpt>
		<trkpt lat="35.166593" lon="128.688956">
			<ele>0.00</ele>
			<time>2020-01-16T23:14:22.38Z</time>
		</trkpt>
		<trkpt lat="35.166614" lon="128.688895">
			<ele>0.00</ele>
			<time>2020-01-16T23:14:22.74Z</time>
		</trkpt>
		<trkpt lat="35.166624" lon="128.688834">
			<ele>0.00</ele>
			<time>2020-01-16T23:14:23.08Z</time>
		</trkpt>
		<trkpt lat="35.166638" lon="128.688781">
			<ele>0.00</ele>
			<time>2020-01-16T23:14:23.38Z</time>
		</trkpt>
		<trkpt lat="35.166618" lon="128.688743">
			<ele>0.00</ele>
			<time>2020-01-16T23:14:23.62Z</time>
		</trkpt>
		<trkpt lat="35.166580" lon="128.688699">
			<ele>0.00</ele>
			<time>2020-01-16T23:14:23.97Z</time>
		</trkpt>
		<trkpt lat="35.166551" lon="128.688677">
			<ele>0.00</ele>
			<time>2020-01-16T23:14:24.20Z</time>
		</trkpt>
		<trkpt lat="35.166511" lon="128.688638">
			<ele>0.00</ele>
			<time>2020-01-16T23:14:24.54Z</time>
		</trkpt>
		<trkpt lat="35.166463" lon="128.688582">
			<ele>0.00</ele>
			<time>2020-01-16T23:14:24.98Z</time>
		</trkpt>
		<trkpt lat="35.166426" lon="128.688532">
			<ele>0.00</ele>
			<time>2020-01-16T23:14:25.35Z</time>
		</trkpt>
		<trkpt lat="35.166413" lon="128.688491">
			<ele>0.00</ele>
			<time>2020-01-16T23:14:25.59Z</time>
		</trkpt>
		<trkpt lat="35.166404" lon="128.688440">
			<ele>0.00</ele>
			<time>2020-01-16T23:14:25.87Z</time>
		</trkpt>
		<trkpt lat="35.166408" lon="128.688384">
			<ele>0.00</ele>
			<time>2020-01-16T23:14:26.18Z</time>
		</trkpt>
		<trkpt lat="35.166401" lon="128.688339">
			<ele>0.00</ele>
			<time>2020-01-16T23:14:26.43Z</time>
		</trkpt>
		<trkpt lat="35.166408" lon="128.688252">
			<ele>0.00</ele>
			<time>2020-01-16T23:14:26.91Z</time>
		</trkpt>
		<trkpt lat="35.166421" lon="128.688199">
			<ele>0.00</ele>
			<time>2020-01-16T23:14:27.21Z</time>
		</trkpt>
		<trkpt lat="35.166461" lon="128.688159">
			<ele>0.00</ele>
			<time>2020-01-16T23:14:27.55Z</time>
		</trkpt>
		<trkpt lat="35.166524" lon="128.688120">
			<ele>0.00</ele>
			<time>2020-01-16T23:14:28.02Z</time>
		</trkpt>
		<trkpt lat="35.166565" lon="128.688077">
			<ele>0.00</ele>
			<time>2020-01-16T23:14:28.38Z</time>
		</trkpt>
		<trkpt lat="35.166618" lon="128.688030">
			<ele>0.00</ele>
			<time>2020-01-16T23:14:28.82Z</time>
		</trkpt>
		<trkpt lat="35.166675" lon="128.687997">
			<ele>0.00</ele>
			<time>2020-01-16T23:14:29.24Z</time>
		</trkpt>
		<trkpt lat="35.166719" lon="128.687983">
			<ele>0.00</ele>
			<time>2020-01-16T23:14:29.54Z</time>
		</trkpt>
		<trkpt lat="35.166767" lon="128.687962">
			<ele>0.00</ele>
			<time>2020-01-16T23:14:29.88Z</time>
		</trkpt>
		<trkpt lat="35.166817" lon="128.687921">
			<ele>0.00</ele>
			<time>2020-01-16T23:14:30.28Z</time>
		</trkpt>
		<trkpt lat="35.166869" lon="128.687872">
			<ele>0.00</ele>
			<time>2020-01-16T23:14:30.72Z</time>
		</trkpt>
		<trkpt lat="35.166908" lon="128.687834">
			<ele>0.00</ele>
			<time>2020-01-16T23:14:31.05Z</time>
		</trkpt>
		<trkpt lat="35.166954" lon="128.687803">
			<ele>0.00</ele>
			<time>2020-01-16T23:14:31.40Z</time>
		</trkpt>
		<trkpt lat="35.166990" lon="128.687759">
			<ele>0.00</ele>
			<time>2020-01-16T23:14:31.74Z</time>
		</trkpt>
		<trkpt lat="35.167009" lon="128.687680">
			<ele>0.00</ele>
			<time>2020-01-16T23:14:32.19Z</time>
		</trkpt>
		<trkpt lat="35.167023" lon="128.687611">
			<ele>0.00</ele>
			<time>2020-01-16T23:14:32.58Z</time>
		</trkpt>
		<trkpt lat="35.167031" lon="128.687553">
			<ele>0.00</ele>
			<time>2020-01-16T23:14:32.90Z</time>
		</trkpt>
		<trkpt lat="35.167041" lon="128.687488">
			<ele>0.00</ele>
			<time>2020-01-16T23:14:33.26Z</time>
		</trkpt>
		<trkpt lat="35.167046" lon="128.687436">
			<ele>0.00</ele>
			<time>2020-01-16T23:14:33.54Z</time>
		</trkpt>
		<trkpt lat="35.167033" lon="128.687357">
			<ele>0.00</ele>
			<time>2020-01-16T23:14:33.98Z</time>
		</trkpt>
		<trkpt lat="35.167028" lon="128.687288">
			<ele>0.00</ele>
			<time>2020-01-16T23:14:34.36Z</time>
		</trkpt>
		<trkpt lat="35.167004" lon="128.687225">
			<ele>0.00</ele>
			<time>2020-01-16T23:14:34.74Z</time>
		</trkpt>
		<trkpt lat="35.166991" lon="128.687162">
			<ele>0.00</ele>
			<time>2020-01-16T23:14:35.09Z</time>
		</trkpt>
		<trkpt lat="35.166970" lon="128.687097">
			<ele>0.00</ele>
			<time>2020-01-16T23:14:35.48Z</time>
		</trkpt>
		<trkpt lat="35.166951" lon="128.687026">
			<ele>0.00</ele>
			<time>2020-01-16T23:14:35.88Z</time>
		</trkpt>
		<trkpt lat="35.166953" lon="128.686937">
			<ele>0.00</ele>
			<time>2020-01-16T23:14:36.37Z</time>
		</trkpt>
		<trkpt lat="35.166942" lon="128.686863">
			<ele>0.00</ele>
			<time>2020-01-16T23:14:36.78Z</time>
		</trkpt>
		<trkpt lat="35.166949" lon="128.686768">
			<ele>0.00</ele>
			<time>2020-01-16T23:14:37.30Z</time>
		</trkpt>
		<trkpt lat="35.166947" lon="128.686666">
			<ele>0.00</ele>
			<time>2020-01-16T23:14:37.85Z</time>
		</trkpt>
		<trkpt lat="35.166945" lon="128.686598">
			<ele>0.00</ele>
			<time>2020-01-16T23:14:38.23Z</time>
		</trkpt>
		<trkpt lat="35.166947" lon="128.686519">
			<ele>0.00</ele>
			<time>2020-01-16T23:14:38.66Z</time>
		</trkpt>
		<trkpt lat="35.166947" lon="128.686452">
			<ele>0.00</ele>
			<time>2020-01-16T23:14:39.02Z</time>
		</trkpt>
		<trkpt lat="35.166938" lon="128.686346">
			<ele>0.00</ele>
			<time>2020-01-16T23:14:39.60Z</time>
		</trkpt>
		<trkpt lat="35.166936" lon="128.686271">
			<ele>0.00</ele>
			<time>2020-01-16T23:14:40.01Z</time>
		</trkpt>
		<trkpt lat="35.166930" lon="128.686197">
			<ele>0.00</ele>
			<time>2020-01-16T23:14:40.42Z</time>
		</trkpt>
		<trkpt lat="35.166924" lon="128.686108">
			<ele>0.00</ele>
			<time>2020-01-16T23:14:40.90Z</time>
		</trkpt>
		<trkpt lat="35.166917" lon="128.686031">
			<ele>0.00</ele>
			<time>2020-01-16T23:14:41.32Z</time>
		</trkpt>
		<trkpt lat="35.166900" lon="128.685973">
			<ele>0.00</ele>
			<time>2020-01-16T23:14:41.66Z</time>
		</trkpt>
		<trkpt lat="35.166859" lon="128.685921">
			<ele>0.00</ele>
			<time>2020-01-16T23:14:42.05Z</time>
		</trkpt>
		<trkpt lat="35.166807" lon="128.685884">
			<ele>0.00</ele>
			<time>2020-01-16T23:14:42.45Z</time>
		</trkpt>
		<trkpt lat="35.166749" lon="128.685848">
			<ele>0.00</ele>
			<time>2020-01-16T23:14:42.89Z</time>
		</trkpt>
		<trkpt lat="35.166702" lon="128.685801">
			<ele>0.00</ele>
			<time>2020-01-16T23:14:43.30Z</time>
		</trkpt>
		<trkpt lat="35.166675" lon="128.685765">
			<ele>0.00</ele>
			<time>2020-01-16T23:14:43.56Z</time>
		</trkpt>
		<trkpt lat="35.166661" lon="128.685708">
			<ele>0.00</ele>
			<time>2020-01-16T23:14:43.88Z</time>
		</trkpt>
		<trkpt lat="35.166649" lon="128.685651">
			<ele>0.00</ele>
			<time>2020-01-16T23:14:44.20Z</time>
		</trkpt>
		<trkpt lat="35.166649" lon="128.685574">
			<ele>0.00</ele>
			<time>2020-01-16T23:14:44.63Z</time>
		</trkpt>
		<trkpt lat="35.166660" lon="128.685498">
			<ele>0.00</ele>
			<time>2020-01-16T23:14:45.04Z</time>
		</trkpt>
		<trkpt lat="35.166665" lon="128.685433">
			<ele>0.00</ele>
			<time>2020-01-16T23:14:45.40Z</time>
		</trkpt>
		<trkpt lat="35.166669" lon="128.685365">
			<ele>0.00</ele>
			<time>2020-01-16T23:14:45.77Z</time>
		</trkpt>
		<trkpt lat="35.166680" lon="128.685302">
			<ele>0.00</ele>
			<time>2020-01-16T23:14:46.12Z</time>
		</trkpt>
		<trkpt lat="35.166693" lon="128.685244">
			<ele>0.00</ele>
			<time>2020-01-16T23:14:46.45Z</time>
		</trkpt>
		<trkpt lat="35.166701" lon="128.685198">
			<ele>0.00</ele>
			<time>2020-01-16T23:14:46.71Z</time>
		</trkpt>
		<trkpt lat="35.166725" lon="128.685135">
			<ele>0.00</ele>
			<time>2020-01-16T23:14:47.08Z</time>
		</trkpt>
		<trkpt lat="35.166757" lon="128.685052">
			<ele>0.00</ele>
			<time>2020-01-16T23:14:47.59Z</time>
		</trkpt>
		<trkpt lat="35.166804" lon="128.684983">
			<ele>0.00</ele>
			<time>2020-01-16T23:14:48.08Z</time>
		</trkpt>
		<trkpt lat="35.166852" lon="128.684948">
			<ele>0.00</ele>
			<time>2020-01-16T23:14:48.45Z</time>
		</trkpt>
		<trkpt lat="35.166884" lon="128.684950">
			<ele>0.00</ele>
			<time>2020-01-16T23:14:48.66Z</time>
		</trkpt>
		<trkpt lat="35.166886" lon="128.684953">
			<ele>0.00</ele>
			<time>2020-01-16T23:14:48.72Z</time>
		</trkpt>
		<trkpt lat="35.166923" lon="128.684977">
			<ele>0.00</ele>
			<time>2020-01-16T23:14:49Z</time>
		</trkpt>
		<trkpt lat="35.166958" lon="128.684986">
			<ele>0.00</ele>
			<time>2020-01-16T23:14:49.23Z</time>
		</trkpt>
		<trkpt lat="35.167014" lon="128.684969">
			<ele>0.00</ele>
			<time>2020-01-16T23:14:49.62Z</time>
		</trkpt>
		<trkpt lat="35.167046" lon="128.684929">
			<ele>0.00</ele>
			<time>2020-01-16T23:14:49.93Z</time>
		</trkpt>
		<trkpt lat="35.167075" lon="128.684889">
			<ele>0.00</ele>
			<time>2020-01-16T23:14:50.22Z</time>
		</trkpt>
		<trkpt lat="35.167108" lon="128.684857">
			<ele>0.00</ele>
			<time>2020-01-16T23:14:50.50Z</time>
		</trkpt>
		<trkpt lat="35.167139" lon="128.684829">
			<ele>0.00</ele>
			<time>2020-01-16T23:14:50.76Z</time>
		</trkpt>
		<trkpt lat="35.167173" lon="128.684805">
			<ele>0.00</ele>
			<time>2020-01-16T23:14:51.02Z</time>
		</trkpt>
		<trkpt lat="35.167205" lon="128.684775">
			<ele>0.00</ele>
			<time>2020-01-16T23:14:51.29Z</time>
		</trkpt>
		<trkpt lat="35.167244" lon="128.684738">
			<ele>0.00</ele>
			<time>2020-01-16T23:14:51.62Z</time>
		</trkpt>
		<trkpt lat="35.167259" lon="128.684700">
			<ele>0.00</ele>
			<time>2020-01-16T23:14:51.85Z</time>
		</trkpt>
		<trkpt lat="35.167268" lon="128.684652">
			<ele>0.00</ele>
			<time>2020-01-16T23:14:52.11Z</time>
		</trkpt>
		<trkpt lat="35.167273" lon="128.684580">
			<ele>0.00</ele>
			<time>2020-01-16T23:14:52.51Z</time>
		</trkpt>
		<trkpt lat="35.167279" lon="128.684513">
			<ele>0.00</ele>
			<time>2020-01-16T23:14:52.87Z</time>
		</trkpt>
		<trkpt lat="35.167287" lon="128.684442">
			<ele>0.00</ele>
			<time>2020-01-16T23:14:53.27Z</time>
		</trkpt>
		<trkpt lat="35.167292" lon="128.684367">
			<ele>0.00</ele>
			<time>2020-01-16T23:14:53.68Z</time>
		</trkpt>
		<trkpt lat="35.167306" lon="128.684308">
			<ele>0.00</ele>
			<time>2020-01-16T23:14:54.01Z</time>
		</trkpt>
		<trkpt lat="35.167308" lon="128.684250">
			<ele>0.00</ele>
			<time>2020-01-16T23:14:54.33Z</time>
		</trkpt>
		<trkpt lat="35.167307" lon="128.684185">
			<ele>0.00</ele>
			<time>2020-01-16T23:14:54.68Z</time>
		</trkpt>
		<trkpt lat="35.167317" lon="128.684125">
			<ele>0.00</ele>
			<time>2020-01-16T23:14:55.02Z</time>
		</trkpt>
		<trkpt lat="35.167339" lon="128.684055">
			<ele>0.00</ele>
			<time>2020-01-16T23:14:55.42Z</time>
		</trkpt>
		<trkpt lat="35.167357" lon="128.683989">
			<ele>0.00</ele>
			<time>2020-01-16T23:14:55.80Z</time>
		</trkpt>
		<trkpt lat="35.167366" lon="128.683935">
			<ele>0.00</ele>
			<time>2020-01-16T23:14:56.10Z</time>
		</trkpt>
		<trkpt lat="35.167374" lon="128.683867">
			<ele>0.00</ele>
			<time>2020-01-16T23:14:56.48Z</time>
		</trkpt>
		<trkpt lat="35.167390" lon="128.683804">
			<ele>0.00</ele>
			<time>2020-01-16T23:14:56.84Z</time>
		</trkpt>
		<trkpt lat="35.167411" lon="128.683737">
			<ele>0.00</ele>
			<time>2020-01-16T23:14:57.23Z</time>
		</trkpt>
		<trkpt lat="35.167429" lon="128.683700">
			<ele>0.00</ele>
			<time>2020-01-16T23:14:57.46Z</time>
		</trkpt>
		<trkpt lat="35.167452" lon="128.683658">
			<ele>0.00</ele>
			<time>2020-01-16T23:14:57.74Z</time>
		</trkpt>
		<trkpt lat="35.167485" lon="128.683623">
			<ele>0.00</ele>
			<time>2020-01-16T23:14:58.03Z</time>
		</trkpt>
		<trkpt lat="35.167517" lon="128.683593">
			<ele>0.00</ele>
			<time>2020-01-16T23:14:58.30Z</time>
		</trkpt>
		<trkpt lat="35.167549" lon="128.683567">
			<ele>0.00</ele>
			<time>2020-01-16T23:14:58.56Z</time>
		</trkpt>
		<trkpt lat="35.167590" lon="128.683545">
			<ele>0.00</ele>
			<time>2020-01-16T23:14:58.85Z</time>
		</trkpt>
		<trkpt lat="35.167628" lon="128.683518">
			<ele>0.00</ele>
			<time>2020-01-16T23:14:59.15Z</time>
		</trkpt>
		<trkpt lat="35.167666" lon="128.683482">
			<ele>0.00</ele>
			<time>2020-01-16T23:14:59.47Z</time>
		</trkpt>
		<trkpt lat="35.167700" lon="128.683446">
			<ele>0.00</ele>
			<time>2020-01-16T23:14:59.76Z</time>
		</trkpt>
		<trkpt lat="35.167726" lon="128.683399">
			<ele>0.00</ele>
			<time>2020-01-16T23:15:00.07Z</time>
		</trkpt>
		<trkpt lat="35.167747" lon="128.683346">
			<ele>0.00</ele>
			<time>2020-01-16T23:15:00.40Z</time>
		</trkpt>
		<trkpt lat="35.167762" lon="128.683295">
			<ele>0.00</ele>
			<time>2020-01-16T23:15:00.69Z</time>
		</trkpt>
		<trkpt lat="35.167772" lon="128.683262">
			<ele>0.00</ele>
			<time>2020-01-16T23:15:00.88Z</time>
		</trkpt>
		<trkpt lat="35.167786" lon="128.683214">
			<ele>0.00</ele>
			<time>2020-01-16T23:15:01.16Z</time>
		</trkpt>
		<trkpt lat="35.167812" lon="128.683146">
			<ele>0.00</ele>
			<time>2020-01-16T23:15:01.57Z</time>
		</trkpt>
		<trkpt lat="35.167837" lon="128.683085">
			<ele>0.00</ele>
			<time>2020-01-16T23:15:01.94Z</time>
		</trkpt>
		<trkpt lat="35.167864" lon="128.683034">
			<ele>0.00</ele>
			<time>2020-01-16T23:15:02.27Z</time>
		</trkpt>
		<trkpt lat="35.167888" lon="128.682979">
			<ele>0.00</ele>
			<time>2020-01-16T23:15:02.61Z</time>
		</trkpt>
		<trkpt lat="35.167912" lon="128.682913">
			<ele>0.00</ele>
			<time>2020-01-16T23:15:03Z</time>
		</trkpt>
		<trkpt lat="35.167926" lon="128.682865">
			<ele>0.00</ele>
			<time>2020-01-16T23:15:03.28Z</time>
		</trkpt>
		<trkpt lat="35.167944" lon="128.682811">
			<ele>0.00</ele>
			<time>2020-01-16T23:15:03.60Z</time>
		</trkpt>
		<trkpt lat="35.167957" lon="128.682763">
			<ele>0.00</ele>
			<time>2020-01-16T23:15:03.88Z</time>
		</trkpt>
		<trkpt lat="35.167973" lon="128.682713">
			<ele>0.00</ele>
			<time>2020-01-16T23:15:04.17Z</time>
		</trkpt>
		<trkpt lat="35.167981" lon="128.682671">
			<ele>0.00</ele>
			<time>2020-01-16T23:15:04.40Z</time>
		</trkpt>
		<trkpt lat="35.167997" lon="128.682621">
			<ele>0.00</ele>
			<time>2020-01-16T23:15:04.70Z</time>
		</trkpt>
		<trkpt lat="35.168009" lon="128.682581">
			<ele>0.00</ele>
			<time>2020-01-16T23:15:04.93Z</time>
		</trkpt>
		<trkpt lat="35.168027" lon="128.682530">
			<ele>0.00</ele>
			<time>2020-01-16T23:15:05.23Z</time>
		</trkpt>
		<trkpt lat="35.168033" lon="128.682481">
			<ele>0.00</ele>
			<time>2020-01-16T23:15:05.50Z</time>
		</trkpt>
		<trkpt lat="35.168043" lon="128.682432">
			<ele>0.00</ele>
			<time>2020-01-16T23:15:05.78Z</time>
		</trkpt>
		<trkpt lat="35.168063" lon="128.682386">
			<ele>0.00</ele>
			<time>2020-01-16T23:15:06.06Z</time>
		</trkpt>
		<trkpt lat="35.168074" lon="128.682336">
			<ele>0.00</ele>
			<time>2020-01-16T23:15:06.34Z</time>
		</trkpt>
		<trkpt lat="35.168079" lon="128.682293">
			<ele>0.00</ele>
			<time>2020-01-16T23:15:06.58Z</time>
		</trkpt>
		<trkpt lat="35.168088" lon="128.682248">
			<ele>0.00</ele>
			<time>2020-01-16T23:15:06.83Z</time>
		</trkpt>
		<trkpt lat="35.168100" lon="128.682185">
			<ele>0.00</ele>
			<time>2020-01-16T23:15:07.18Z</time>
		</trkpt>
		<trkpt lat="35.168107" lon="128.682130">
			<ele>0.00</ele>
			<time>2020-01-16T23:15:07.49Z</time>
		</trkpt>
		<trkpt lat="35.168118" lon="128.682071">
			<ele>0.00</ele>
			<time>2020-01-16T23:15:07.82Z</time>
		</trkpt>
		<trkpt lat="35.168127" lon="128.682026">
			<ele>0.00</ele>
			<time>2020-01-16T23:15:08.07Z</time>
		</trkpt>
		<trkpt lat="35.168132" lon="128.681975">
			<ele>0.00</ele>
			<time>2020-01-16T23:15:08.35Z</time>
		</trkpt>
		<trkpt lat="35.168132" lon="128.681924">
			<ele>0.00</ele>
			<time>2020-01-16T23:15:08.63Z</time>
		</trkpt>
		<trkpt lat="35.168131" lon="128.681884">
			<ele>0.00</ele>
			<time>2020-01-16T23:15:08.85Z</time>
		</trkpt>
		<trkpt lat="35.168136" lon="128.681840">
			<ele>0.00</ele>
			<time>2020-01-16T23:15:09.09Z</time>
		</trkpt>
		<trkpt lat="35.168151" lon="128.681777">
			<ele>0.00</ele>
			<time>2020-01-16T23:15:09.45Z</time>
		</trkpt>
		<trkpt lat="35.168175" lon="128.681722">
			<ele>0.00</ele>
			<time>2020-01-16T23:15:09.79Z</time>
		</trkpt>
		<trkpt lat="35.168207" lon="128.681661">
			<ele>0.00</ele>
			<time>2020-01-16T23:15:10.18Z</time>
		</trkpt>
		<trkpt lat="35.168236" lon="128.681610">
			<ele>0.00</ele>
			<time>2020-01-16T23:15:10.52Z</time>
		</trkpt>
		<trkpt lat="35.168267" lon="128.681566">
			<ele>0.00</ele>
			<time>2020-01-16T23:15:10.84Z</time>
		</trkpt>
		<trkpt lat="35.168299" lon="128.681526">
			<ele>0.00</ele>
			<time>2020-01-16T23:15:11.14Z</time>
		</trkpt>
		<trkpt lat="35.168325" lon="128.681494">
			<ele>0.00</ele>
			<time>2020-01-16T23:15:11.39Z</time>
		</trkpt>
		<trkpt lat="35.168355" lon="128.681453">
			<ele>0.00</ele>
			<time>2020-01-16T23:15:11.69Z</time>
		</trkpt>
		<trkpt lat="35.168387" lon="128.681418">
			<ele>0.00</ele>
			<time>2020-01-16T23:15:11.97Z</time>
		</trkpt>
		<trkpt lat="35.168409" lon="128.681390">
			<ele>0.00</ele>
			<time>2020-01-16T23:15:12.19Z</time>
		</trkpt>
		<trkpt lat="35.168426" lon="128.681361">
			<ele>0.00</ele>
			<time>2020-01-16T23:15:12.38Z</time>
		</trkpt>
		<trkpt lat="35.168445" lon="128.681328">
			<ele>0.00</ele>
			<time>2020-01-16T23:15:12.60Z</time>
		</trkpt>
		<trkpt lat="35.168464" lon="128.681291">
			<ele>0.00</ele>
			<time>2020-01-16T23:15:12.84Z</time>
		</trkpt>
		<trkpt lat="35.168480" lon="128.681254">
			<ele>0.00</ele>
			<time>2020-01-16T23:15:13.07Z</time>
		</trkpt>
		<trkpt lat="35.168491" lon="128.681209">
			<ele>0.00</ele>
			<time>2020-01-16T23:15:13.32Z</time>
		</trkpt>
		<trkpt lat="35.168499" lon="128.681156">
			<ele>0.00</ele>
			<time>2020-01-16T23:15:13.61Z</time>
		</trkpt>
		<trkpt lat="35.168504" lon="128.681114">
			<ele>0.00</ele>
			<time>2020-01-16T23:15:13.84Z</time>
		</trkpt>
		<trkpt lat="35.168508" lon="128.681064">
			<ele>0.00</ele>
			<time>2020-01-16T23:15:14.12Z</time>
		</trkpt>
		<trkpt lat="35.168506" lon="128.681015">
			<ele>0.00</ele>
			<time>2020-01-16T23:15:14.39Z</time>
		</trkpt>
		<trkpt lat="35.168513" lon="128.680959">
			<ele>0.00</ele>
			<time>2020-01-16T23:15:14.69Z</time>
		</trkpt>
		<trkpt lat="35.168520" lon="128.680910">
			<ele>0.00</ele>
			<time>2020-01-16T23:15:14.97Z</time>
		</trkpt>
		<trkpt lat="35.168535" lon="128.680846">
			<ele>0.00</ele>
			<time>2020-01-16T23:15:15.33Z</time>
		</trkpt>
		<trkpt lat="35.168544" lon="128.680793">
			<ele>0.00</ele>
			<time>2020-01-16T23:15:15.62Z</time>
		</trkpt>
		<trkpt lat="35.168554" lon="128.680743">
			<ele>0.00</ele>
			<time>2020-01-16T23:15:15.91Z</time>
		</trkpt>
		<trkpt lat="35.168566" lon="128.680694">
			<ele>0.00</ele>
			<time>2020-01-16T23:15:16.18Z</time>
		</trkpt>
		<trkpt lat="35.168573" lon="128.680643">
			<ele>0.00</ele>
			<time>2020-01-16T23:15:16.47Z</time>
		</trkpt>
		<trkpt lat="35.168584" lon="128.680610">
			<ele>0.00</ele>
			<time>2020-01-16T23:15:16.66Z</time>
		</trkpt>
		<trkpt lat="35.168593" lon="128.680575">
			<ele>0.00</ele>
			<time>2020-01-16T23:15:16.86Z</time>
		</trkpt>
		<trkpt lat="35.168604" lon="128.680544">
			<ele>0.00</ele>
			<time>2020-01-16T23:15:17.05Z</time>
		</trkpt>
		<trkpt lat="35.168613" lon="128.680505">
			<ele>0.00</ele>
			<time>2020-01-16T23:15:17.26Z</time>
		</trkpt>
		<trkpt lat="35.168628" lon="128.680474">
			<ele>0.00</ele>
			<time>2020-01-16T23:15:17.46Z</time>
		</trkpt>
		<trkpt lat="35.168642" lon="128.680442">
			<ele>0.00</ele>
			<time>2020-01-16T23:15:17.65Z</time>
		</trkpt>
		<trkpt lat="35.168652" lon="128.680415">
			<ele>0.00</ele>
			<time>2020-01-16T23:15:17.82Z</time>
		</trkpt>
		<trkpt lat="35.168660" lon="128.680368">
			<ele>0.00</ele>
			<time>2020-01-16T23:15:18.08Z</time>
		</trkpt>
		<trkpt lat="35.168668" lon="128.680335">
			<ele>0.00</ele>
			<time>2020-01-16T23:15:18.27Z</time>
		</trkpt>
		<trkpt lat="35.168683" lon="128.680304">
			<ele>0.00</ele>
			<time>2020-01-16T23:15:18.46Z</time>
		</trkpt>
		<trkpt lat="35.168695" lon="128.680271">
			<ele>0.00</ele>
			<time>2020-01-16T23:15:18.66Z</time>
		</trkpt>
		<trkpt lat="35.168704" lon="128.680241">
			<ele>0.00</ele>
			<time>2020-01-16T23:15:18.84Z</time>
		</trkpt>
		<trkpt lat="35.168711" lon="128.680205">
			<ele>0.00</ele>
			<time>2020-01-16T23:15:19.04Z</time>
		</trkpt>
		<trkpt lat="35.168718" lon="128.680168">
			<ele>0.00</ele>
			<time>2020-01-16T23:15:19.24Z</time>
		</trkpt>
		<trkpt lat="35.168724" lon="128.680127">
			<ele>0.00</ele>
			<time>2020-01-16T23:15:19.47Z</time>
		</trkpt>
		<trkpt lat="35.168730" lon="128.680087">
			<ele>0.00</ele>
			<time>2020-01-16T23:15:19.69Z</time>
		</trkpt>
		<trkpt lat="35.168736" lon="128.680045">
			<ele>0.00</ele>
			<time>2020-01-16T23:15:19.92Z</time>
		</trkpt>
		<trkpt lat="35.168735" lon="128.680044">
			<ele>0.00</ele>
			<time>2020-01-16T23:15:19.98Z</time>
		</trkpt>
		<trkpt lat="35.168740" lon="128.679994">
			<ele>0.00</ele>
			<time>2020-01-16T23:15:20.26Z</time>
		</trkpt>
		<trkpt lat="35.168744" lon="128.679954">
			<ele>0.00</ele>
			<time>2020-01-16T23:15:20.48Z</time>
		</trkpt>
		<trkpt lat="35.168747" lon="128.679924">
			<ele>0.00</ele>
			<time>2020-01-16T23:15:20.64Z</time>
		</trkpt>
		<trkpt lat="35.168747" lon="128.679889">
			<ele>0.00</ele>
			<time>2020-01-16T23:15:20.84Z</time>
		</trkpt>
		<trkpt lat="35.168743" lon="128.679847">
			<ele>0.00</ele>
			<time>2020-01-16T23:15:21.06Z</time>
		</trkpt>
		<trkpt lat="35.168741" lon="128.679811">
			<ele>0.00</ele>
			<time>2020-01-16T23:15:21.27Z</time>
		</trkpt>
		<trkpt lat="35.168741" lon="128.679775">
			<ele>0.00</ele>
			<time>2020-01-16T23:15:21.46Z</time>
		</trkpt>
		<trkpt lat="35.168740" lon="128.679731">
			<ele>0.00</ele>
			<time>2020-01-16T23:15:21.70Z</time>
		</trkpt>
		<trkpt lat="35.168742" lon="128.679696">
			<ele>0.00</ele>
			<time>2020-01-16T23:15:21.89Z</time>
		</trkpt>
		<trkpt lat="35.168741" lon="128.679660">
			<ele>0.00</ele>
			<time>2020-01-16T23:15:22.09Z</time>
		</trkpt>
		<trkpt lat="35.168736" lon="128.679621">
			<ele>0.00</ele>
			<time>2020-01-16T23:15:22.30Z</time>
		</trkpt>
		<trkpt lat="35.168736" lon="128.679595">
			<ele>0.00</ele>
			<time>2020-01-16T23:15:22.44Z</time>
		</trkpt>
		<trkpt lat="35.168735" lon="128.679565">
			<ele>0.00</ele>
			<time>2020-01-16T23:15:22.61Z</time>
		</trkpt>
		<trkpt lat="35.168735" lon="128.679536">
			<ele>0.00</ele>
			<time>2020-01-16T23:15:22.77Z</time>
		</trkpt>
		<trkpt lat="35.168736" lon="128.679504">
			<ele>0.00</ele>
			<time>2020-01-16T23:15:22.94Z</time>
		</trkpt>
		<trkpt lat="35.168737" lon="128.679467">
			<ele>0.00</ele>
			<time>2020-01-16T23:15:23.14Z</time>
		</trkpt>
		<trkpt lat="35.168735" lon="128.679434">
			<ele>0.00</ele>
			<time>2020-01-16T23:15:23.32Z</time>
		</trkpt>
		<trkpt lat="35.168737" lon="128.679407">
			<ele>0.00</ele>
			<time>2020-01-16T23:15:23.47Z</time>
		</trkpt>
		<trkpt lat="35.168738" lon="128.679382">
			<ele>0.00</ele>
			<time>2020-01-16T23:15:23.60Z</time>
		</trkpt>
		<trkpt lat="35.168740" lon="128.679354">
			<ele>0.00</ele>
			<time>2020-01-16T23:15:23.76Z</time>
		</trkpt>
		<trkpt lat="35.168746" lon="128.679325">
			<ele>0.00</ele>
			<time>2020-01-16T23:15:23.92Z</time>
		</trkpt>
		<trkpt lat="35.168754" lon="128.679296">
			<ele>0.00</ele>
			<time>2020-01-16T23:15:24.09Z</time>
		</trkpt>
		<trkpt lat="35.168759" lon="128.679270">
			<ele>0.00</ele>
			<time>2020-01-16T23:15:24.24Z</time>
		</trkpt>
		<trkpt lat="35.168769" lon="128.679245">
			<ele>0.00</ele>
			<time>2020-01-16T23:15:24.39Z</time>
		</trkpt>
		<trkpt lat="35.168778" lon="128.679223">
			<ele>0.00</ele>
			<time>2020-01-16T23:15:24.52Z</time>
		</trkpt>
		<trkpt lat="35.168788" lon="128.679199">
			<ele>0.00</ele>
			<time>2020-01-16T23:15:24.67Z</time>
		</trkpt>
		<trkpt lat="35.168798" lon="128.679175">
			<ele>0.00</ele>
			<time>2020-01-16T23:15:24.81Z</time>
		</trkpt>
		<trkpt lat="35.168807" lon="128.679150">
			<ele>0.00</ele>
			<time>2020-01-16T23:15:24.97Z</time>
		</trkpt>
		<trkpt lat="35.168820" lon="128.679119">
			<ele>0.00</ele>
			<time>2020-01-16T23:15:25.15Z</time>
		</trkpt>
		<trkpt lat="35.168831" lon="128.679091">
			<ele>0.00</ele>
			<time>2020-01-16T23:15:25.32Z</time>
		</trkpt>
		<trkpt lat="35.168841" lon="128.679069">
			<ele>0.00</ele>
			<time>2020-01-16T23:15:25.46Z</time>
		</trkpt>
		<trkpt lat="35.168852" lon="128.679036">
			<ele>0.00</ele>
			<time>2020-01-16T23:15:25.65Z</time>
		</trkpt>
		<trkpt lat="35.168859" lon="128.679012">
			<ele>0.00</ele>
			<time>2020-01-16T23:15:25.79Z</time>
		</trkpt>
		<trkpt lat="35.168868" lon="128.678991">
			<ele>0.00</ele>
			<time>2020-01-16T23:15:25.92Z</time>
		</trkpt>
		<trkpt lat="35.168876" lon="128.678963">
			<ele>0.00</ele>
			<time>2020-01-16T23:15:26.08Z</time>
		</trkpt>
		<trkpt lat="35.168887" lon="128.678935">
			<ele>0.00</ele>
			<time>2020-01-16T23:15:26.25Z</time>
		</trkpt>
		<trkpt lat="35.168895" lon="128.678914">
			<ele>0.00</ele>
			<time>2020-01-16T23:15:26.38Z</time>
		</trkpt>
		<trkpt lat="35.168903" lon="128.678890">
			<ele>0.00</ele>
			<time>2020-01-16T23:15:26.52Z</time>
		</trkpt>
		<trkpt lat="35.168910" lon="128.678874">
			<ele>0.00</ele>
			<time>2020-01-16T23:15:26.62Z</time>
		</trkpt>
		<trkpt lat="35.168917" lon="128.678853">
			<ele>0.00</ele>
			<time>2020-01-16T23:15:26.74Z</time>
		</trkpt>
		<trkpt lat="35.168924" lon="128.678835">
			<ele>0.00</ele>
			<time>2020-01-16T23:15:26.85Z</time>
		</trkpt>
		<trkpt lat="35.168930" lon="128.678812">
			<ele>0.00</ele>
			<time>2020-01-16T23:15:26.98Z</time>
		</trkpt>
		<trkpt lat="35.168936" lon="128.678791">
			<ele>0.00</ele>
			<time>2020-01-16T23:15:27.10Z</time>
		</trkpt>
		<trkpt lat="35.168941" lon="128.678774">
			<ele>0.00</ele>
			<time>2020-01-16T23:15:27.20Z</time>
		</trkpt>
		<trkpt lat="35.168944" lon="128.678760">
			<ele>0.00</ele>
			<time>2020-01-16T23:15:27.28Z</time>
		</trkpt>
		<trkpt lat="35.168947" lon="128.678745">
			<ele>0.00</ele>
			<time>2020-01-16T23:15:27.36Z</time>
		</trkpt>
		<trkpt lat="35.168950" lon="128.678730">
			<ele>0.00</ele>
			<time>2020-01-16T23:15:27.45Z</time>
		</trkpt>
		<trkpt lat="35.168952" lon="128.678713">
			<ele>0.00</ele>
			<time>2020-01-16T23:15:27.55Z</time>
		</trkpt>
		<trkpt lat="35.168953" lon="128.678693">
			<ele>0.00</ele>
			<time>2020-01-16T23:15:27.65Z</time>
		</trkpt>
		<trkpt lat="35.168953" lon="128.678675">
			<ele>0.00</ele>
			<time>2020-01-16T23:15:27.75Z</time>
		</trkpt>
		<trkpt lat="35.168953" lon="128.678659">
			<ele>0.00</ele>
			<time>2020-01-16T23:15:27.84Z</time>
		</trkpt>
		<trkpt lat="35.168951" lon="128.678644">
			<ele>0.00</ele>
			<time>2020-01-16T23:15:27.92Z</time>
		</trkpt>
		<trkpt lat="35.168951" lon="128.678630">
			<ele>0.00</ele>
			<time>2020-01-16T23:15:28Z</time>
		</trkpt>
		<trkpt lat="35.168948" lon="128.678614">
			<ele>0.00</ele>
			<time>2020-01-16T23:15:28.09Z</time>
		</trkpt>
		<trkpt lat="35.168943" lon="128.678597">
			<ele>0.00</ele>
			<time>2020-01-16T23:15:28.18Z</time>
		</trkpt>
		<trkpt lat="35.168940" lon="128.678582">
			<ele>0.00</ele>
			<time>2020-01-16T23:15:28.27Z</time>
		</trkpt>
		<trkpt lat="35.168937" lon="128.678567">
			<ele>0.00</ele>
			<time>2020-01-16T23:15:28.35Z</time>
		</trkpt>
		<trkpt lat="35.168933" lon="128.678550">
			<ele>0.00</ele>
			<time>2020-01-16T23:15:28.45Z</time>
		</trkpt>
		<trkpt lat="35.168928" lon="128.678532">
			<ele>0.00</ele>
			<time>2020-01-16T23:15:28.55Z</time>
		</trkpt>
		<trkpt lat="35.168922" lon="128.678516">
			<ele>0.00</ele>
			<time>2020-01-16T23:15:28.65Z</time>
		</trkpt>
		<trkpt lat="35.168917" lon="128.678499">
			<ele>0.00</ele>
			<time>2020-01-16T23:15:28.75Z</time>
		</trkpt>
		<trkpt lat="35.168911" lon="128.678483">
			<ele>0.00</ele>
			<time>2020-01-16T23:15:28.84Z</time>
		</trkpt>
		<trkpt lat="35.168903" lon="128.678467">
			<ele>0.00</ele>
			<time>2020-01-16T23:15:28.95Z</time>
		</trkpt>
		<trkpt lat="35.168895" lon="128.678450">
			<ele>0.00</ele>
			<time>2020-01-16T23:15:29.05Z</time>
		</trkpt>
		<trkpt lat="35.168889" lon="128.678434">
			<ele>0.00</ele>
			<time>2020-01-16T23:15:29.15Z</time>
		</trkpt>
		<trkpt lat="35.168882" lon="128.678420">
			<ele>0.00</ele>
			<time>2020-01-16T23:15:29.24Z</time>
		</trkpt>
		<trkpt lat="35.168875" lon="128.678404">
			<ele>0.00</ele>
			<time>2020-01-16T23:15:29.34Z</time>
		</trkpt>
		<trkpt lat="35.168869" lon="128.678387">
			<ele>0.00</ele>
			<time>2020-01-16T23:15:29.44Z</time>
		</trkpt>
		<trkpt lat="35.168862" lon="128.678372">
			<ele>0.00</ele>
			<time>2020-01-16T23:15:29.53Z</time>
		</trkpt>
		<trkpt lat="35.168855" lon="128.678356">
			<ele>0.00</ele>
			<time>2020-01-16T23:15:29.63Z</time>
		</trkpt>
		<trkpt lat="35.168847" lon="128.678341">
			<ele>0.00</ele>
			<time>2020-01-16T23:15:29.73Z</time>
		</trkpt>
		<trkpt lat="35.168841" lon="128.678326">
			<ele>0.00</ele>
			<time>2020-01-16T23:15:29.82Z</time>
		</trkpt>
		<trkpt lat="35.168832" lon="128.678309">
			<ele>0.00</ele>
			<time>2020-01-16T23:15:29.93Z</time>
		</trkpt>
		<trkpt lat="35.168823" lon="128.678291">
			<ele>0.00</ele>
			<time>2020-01-16T23:15:30.04Z</time>
		</trkpt>
		<trkpt lat="35.168811" lon="128.678271">
			<ele>0.00</ele>
			<time>2020-01-16T23:15:30.18Z</time>
		</trkpt>
		<trkpt lat="35.168802" lon="128.678251">
			<ele>0.00</ele>
			<time>2020-01-16T23:15:30.30Z</time>
		</trkpt>
		<trkpt lat="35.168792" lon="128.678236">
			<ele>0.00</ele>
			<time>2020-01-16T23:15:30.41Z</time>
		</trkpt>
		<trkpt lat="35.168784" lon="128.678222">
			<ele>0.00</ele>
			<time>2020-01-16T23:15:30.50Z</time>
		</trkpt>
		<trkpt lat="35.168775" lon="128.678207">
			<ele>0.00</ele>
			<time>2020-01-16T23:15:30.60Z</time>
		</trkpt>
		<trkpt lat="35.168766" lon="128.678190">
			<ele>0.00</ele>
			<time>2020-01-16T23:15:30.71Z</time>
		</trkpt>
		<trkpt lat="35.168757" lon="128.678169">
			<ele>0.00</ele>
			<time>2020-01-16T23:15:30.84Z</time>
		</trkpt>
		<trkpt lat="35.168747" lon="128.678153">
			<ele>0.00</ele>
			<time>2020-01-16T23:15:30.95Z</time>
		</trkpt>
		<trkpt lat="35.168741" lon="128.678139">
			<ele>0.00</ele>
			<time>2020-01-16T23:15:31.04Z</time>
		</trkpt>
		<trkpt lat="35.168733" lon="128.678123">
			<ele>0.00</ele>
			<time>2020-01-16T23:15:31.14Z</time>
		</trkpt>
		<trkpt lat="35.168724" lon="128.678107">
			<ele>0.00</ele>
			<time>2020-01-16T23:15:31.25Z</time>
		</trkpt>
		<trkpt lat="35.168719" lon="128.678092">
			<ele>0.00</ele>
			<time>2020-01-16T23:15:31.34Z</time>
		</trkpt>
		<trkpt lat="35.168713" lon="128.678077">
			<ele>0.00</ele>
			<time>2020-01-16T23:15:31.42Z</time>
		</trkpt>
		<trkpt lat="35.168707" lon="128.678061">
			<ele>0.00</ele>
			<time>2020-01-16T23:15:31.52Z</time>
		</trkpt>
		<trkpt lat="35.168700" lon="128.678040">
			<ele>0.00</ele>
			<time>2020-01-16T23:15:31.65Z</time>
		</trkpt>
		<trkpt lat="35.168690" lon="128.678022">
			<ele>0.00</ele>
			<time>2020-01-16T23:15:31.76Z</time>
		</trkpt>
		<trkpt lat="35.168679" lon="128.678006">
			<ele>0.00</ele>
			<time>2020-01-16T23:15:31.87Z</time>
		</trkpt>
		<trkpt lat="35.168669" lon="128.677991">
			<ele>0.00</ele>
			<time>2020-01-16T23:15:31.98Z</time>
		</trkpt>
		<trkpt lat="35.168659" lon="128.677972">
			<ele>0.00</ele>
			<time>2020-01-16T23:15:32.10Z</time>
		</trkpt>
		<trkpt lat="35.168649" lon="128.677955">
			<ele>0.00</ele>
			<time>2020-01-16T23:15:32.22Z</time>
		</trkpt>
		<trkpt lat="35.168639" lon="128.677934">
			<ele>0.00</ele>
			<time>2020-01-16T23:15:32.35Z</time>
		</trkpt>
		<trkpt lat="35.168628" lon="128.677912">
			<ele>0.00</ele>
			<time>2020-01-16T23:15:32.49Z</time>
		</trkpt>
		<trkpt lat="35.168618" lon="128.677891">
			<ele>0.00</ele>
			<time>2020-01-16T23:15:32.63Z</time>
		</trkpt>
		<trkpt lat="35.168609" lon="128.677872">
			<ele>0.00</ele>
			<time>2020-01-16T23:15:32.75Z</time>
		</trkpt>
		<trkpt lat="35.168598" lon="128.677851">
			<ele>0.00</ele>
			<time>2020-01-16T23:15:32.88Z</time>
		</trkpt>
		<trkpt lat="35.168589" lon="128.677834">
			<ele>0.00</ele>
			<time>2020-01-16T23:15:32.99Z</time>
		</trkpt>
		<trkpt lat="35.168583" lon="128.677813">
			<ele>0.00</ele>
			<time>2020-01-16T23:15:33.11Z</time>
		</trkpt>
		<trkpt lat="35.168576" lon="128.677795">
			<ele>0.00</ele>
			<time>2020-01-16T23:15:33.22Z</time>
		</trkpt>
		<trkpt lat="35.168569" lon="128.677772">
			<ele>0.00</ele>
			<time>2020-01-16T23:15:33.35Z</time>
		</trkpt>
		<trkpt lat="35.168562" lon="128.677749">
			<ele>0.00</ele>
			<time>2020-01-16T23:15:33.49Z</time>
		</trkpt>
		<trkpt lat="35.168555" lon="128.677725">
			<ele>0.00</ele>
			<time>2020-01-16T23:15:33.63Z</time>
		</trkpt>
		<trkpt lat="35.168547" lon="128.677704">
			<ele>0.00</ele>
			<time>2020-01-16T23:15:33.75Z</time>
		</trkpt>
		<trkpt lat="35.168542" lon="128.677684">
			<ele>0.00</ele>
			<time>2020-01-16T23:15:33.87Z</time>
		</trkpt>
		<trkpt lat="35.168535" lon="128.677661">
			<ele>0.00</ele>
			<time>2020-01-16T23:15:34Z</time>
		</trkpt>
		<trkpt lat="35.168531" lon="128.677640">
			<ele>0.00</ele>
			<time>2020-01-16T23:15:34.12Z</time>
		</trkpt>
		<trkpt lat="35.168524" lon="128.677615">
			<ele>0.00</ele>
			<time>2020-01-16T23:15:34.26Z</time>
		</trkpt>
		<trkpt lat="35.168522" lon="128.677590">
			<ele>0.00</ele>
			<time>2020-01-16T23:15:34.40Z</time>
		</trkpt>
		<trkpt lat="35.168519" lon="128.677568">
			<ele>0.00</ele>
			<time>2020-01-16T23:15:34.52Z</time>
		</trkpt>
		<trkpt lat="35.168517" lon="128.677548">
			<ele>0.00</ele>
			<time>2020-01-16T23:15:34.63Z</time>
		</trkpt>
		<trkpt lat="35.168514" lon="128.677525">
			<ele>0.00</ele>
			<time>2020-01-16T23:15:34.76Z</time>
		</trkpt>
		<trkpt lat="35.168510" lon="128.677505">
			<ele>0.00</ele>
			<time>2020-01-16T23:15:34.87Z</time>
		</trkpt>
		<trkpt lat="35.168507" lon="128.677477">
			<ele>0.00</ele>
			<time>2020-01-16T23:15:35.02Z</time>
		</trkpt>
		<trkpt lat="35.168506" lon="128.677452">
			<ele>0.00</ele>
			<time>2020-01-16T23:15:35.16Z</time>
		</trkpt>
		<trkpt lat="35.168505" lon="128.677430">
			<ele>0.00</ele>
			<time>2020-01-16T23:15:35.28Z</time>
		</trkpt>
		<trkpt lat="35.168503" lon="128.677406">
			<ele>0.00</ele>
			<time>2020-01-16T23:15:35.41Z</time>
		</trkpt>
		<trkpt lat="35.168502" lon="128.677382">
			<ele>0.00</ele>
			<time>2020-01-16T23:15:35.54Z</time>
		</trkpt>
		<trkpt lat="35.168503" lon="128.677362">
			<ele>0.00</ele>
			<time>2020-01-16T23:15:35.65Z</time>
		</trkpt>
		<trkpt lat="35.168501" lon="128.677337">
			<ele>0.00</ele>
			<time>2020-01-16T23:15:35.79Z</time>
		</trkpt>
		<trkpt lat="35.168501" lon="128.677316">
			<ele>0.00</ele>
			<time>2020-01-16T23:15:35.90Z</time>
		</trkpt>
		<trkpt lat="35.168500" lon="128.677298">
			<ele>0.00</ele>
			<time>2020-01-16T23:15:36Z</time>
		</trkpt>
		<trkpt lat="35.168501" lon="128.677281">
			<ele>0.00</ele>
			<time>2020-01-16T23:15:36.09Z</time>
		</trkpt>
		<trkpt lat="35.168499" lon="128.677265">
			<ele>0.00</ele>
			<time>2020-01-16T23:15:36.18Z</time>
		</trkpt>
		<trkpt lat="35.168498" lon="128.677245">
			<ele>0.00</ele>
			<time>2020-01-16T23:15:36.29Z</time>
		</trkpt>
		<trkpt lat="35.168495" lon="128.677223">
			<ele>0.00</ele>
			<time>2020-01-16T23:15:36.41Z</time>
		</trkpt>
		<trkpt lat="35.168493" lon="128.677204">
			<ele>0.00</ele>
			<time>2020-01-16T23:15:36.52Z</time>
		</trkpt>
		<trkpt lat="35.168491" lon="128.677180">
			<ele>0.00</ele>
			<time>2020-01-16T23:15:36.65Z</time>
		</trkpt>
		<trkpt lat="35.168489" lon="128.677159">
			<ele>0.00</ele>
			<time>2020-01-16T23:15:36.76Z</time>
		</trkpt>
		<trkpt lat="35.168487" lon="128.677138">
			<ele>0.00</ele>
			<time>2020-01-16T23:15:36.88Z</time>
		</trkpt>
		<trkpt lat="35.168486" lon="128.677116">
			<ele>0.00</ele>
			<time>2020-01-16T23:15:37Z</time>
		</trkpt>
		<trkpt lat="35.168485" lon="128.677093">
			<ele>0.00</ele>
			<time>2020-01-16T23:15:37.12Z</time>
		</trkpt>
		<trkpt lat="35.168486" lon="128.677072">
			<ele>0.00</ele>
			<time>2020-01-16T23:15:37.24Z</time>
		</trkpt>
		<trkpt lat="35.168488" lon="128.677051">
			<ele>0.00</ele>
			<time>2020-01-16T23:15:37.36Z</time>
		</trkpt>
		<trkpt lat="35.168491" lon="128.677030">
			<ele>0.00</ele>
			<time>2020-01-16T23:15:37.47Z</time>
		</trkpt>
		<trkpt lat="35.168494" lon="128.677008">
			<ele>0.00</ele>
			<time>2020-01-16T23:15:37.59Z</time>
		</trkpt>
		<trkpt lat="35.168499" lon="128.676986">
			<ele>0.00</ele>
			<time>2020-01-16T23:15:37.71Z</time>
		</trkpt>
		<trkpt lat="35.168502" lon="128.676966">
			<ele>0.00</ele>
			<time>2020-01-16T23:15:37.82Z</time>
		</trkpt>
		<trkpt lat="35.168504" lon="128.676947">
			<ele>0.00</ele>
			<time>2020-01-16T23:15:37.93Z</time>
		</trkpt>
		<trkpt lat="35.168506" lon="128.676932">
			<ele>0.00</ele>
			<time>2020-01-16T23:15:38.01Z</time>
		</trkpt>
		<trkpt lat="35.168511" lon="128.676911">
			<ele>0.00</ele>
			<time>2020-01-16T23:15:38.13Z</time>
		</trkpt>
		<trkpt lat="35.168515" lon="128.676894">
			<ele>0.00</ele>
			<time>2020-01-16T23:15:38.23Z</time>
		</trkpt>
		<trkpt lat="35.168518" lon="128.676875">
			<ele>0.00</ele>
			<time>2020-01-16T23:15:38.33Z</time>
		</trkpt>
		<trkpt lat="35.168523" lon="128.676853">
			<ele>0.00</ele>
			<time>2020-01-16T23:15:38.46Z</time>
		</trkpt>
		<trkpt lat="35.168529" lon="128.676837">
			<ele>0.00</ele>
			<time>2020-01-16T23:15:38.56Z</time>
		</trkpt>
		<trkpt lat="35.168535" lon="128.676820">
			<ele>0.00</ele>
			<time>2020-01-16T23:15:38.66Z</time>
		</trkpt>
		<trkpt lat="35.168540" lon="128.676804">
			<ele>0.00</ele>
			<time>2020-01-16T23:15:38.75Z</time>
		</trkpt>
		<trkpt lat="35.168546" lon="128.676783">
			<ele>0.00</ele>
			<time>2020-01-16T23:15:38.87Z</time>
		</trkpt>
		<trkpt lat="35.168551" lon="128.676765">
			<ele>0.00</ele>
			<time>2020-01-16T23:15:38.97Z</time>
		</trkpt>
		<trkpt lat="35.168554" lon="128.676751">
			<ele>0.00</ele>
			<time>2020-01-16T23:15:39.05Z</time>
		</trkpt>
		<trkpt lat="35.168560" lon="128.676733">
			<ele>0.00</ele>
			<time>2020-01-16T23:15:39.16Z</time>
		</trkpt>
		<trkpt lat="35.168563" lon="128.676716">
			<ele>0.00</ele>
			<time>2020-01-16T23:15:39.25Z</time>
		</trkpt>
		<trkpt lat="35.168567" lon="128.676698">
			<ele>0.00</ele>
			<time>2020-01-16T23:15:39.35Z</time>
		</trkpt>
		<trkpt lat="35.168571" lon="128.676679">
			<ele>0.00</ele>
			<time>2020-01-16T23:15:39.46Z</time>
		</trkpt>
		<trkpt lat="35.168577" lon="128.676657">
			<ele>0.00</ele>
			<time>2020-01-16T23:15:39.59Z</time>
		</trkpt>
		<trkpt lat="35.168580" lon="128.676638">
			<ele>0.00</ele>
			<time>2020-01-16T23:15:39.69Z</time>
		</trkpt>
		<trkpt lat="35.168584" lon="128.676621">
			<ele>0.00</ele>
			<time>2020-01-16T23:15:39.79Z</time>
		</trkpt>
		<trkpt lat="35.168589" lon="128.676603">
			<ele>0.00</ele>
			<time>2020-01-16T23:15:39.89Z</time>
		</trkpt>
		<trkpt lat="35.168592" lon="128.676585">
			<ele>0.00</ele>
			<time>2020-01-16T23:15:39.99Z</time>
		</trkpt>
		<trkpt lat="35.168596" lon="128.676570">
			<ele>0.00</ele>
			<time>2020-01-16T23:15:40.08Z</time>
		</trkpt>
		<trkpt lat="35.168600" lon="128.676551">
			<ele>0.00</ele>
			<time>2020-01-16T23:15:40.18Z</time>
		</trkpt>
		<trkpt lat="35.168603" lon="128.676530">
			<ele>0.00</ele>
			<time>2020-01-16T23:15:40.30Z</time>
		</trkpt>
		<trkpt lat="35.168605" lon="128.676514">
			<ele>0.00</ele>
			<time>2020-01-16T23:15:40.39Z</time>
		</trkpt>
		<trkpt lat="35.168609" lon="128.676492">
			<ele>0.00</ele>
			<time>2020-01-16T23:15:40.51Z</time>
		</trkpt>
		<trkpt lat="35.168611" lon="128.676473">
			<ele>0.00</ele>
			<time>2020-01-16T23:15:40.62Z</time>
		</trkpt>
		<trkpt lat="35.168613" lon="128.676455">
			<ele>0.00</ele>
			<time>2020-01-16T23:15:40.72Z</time>
		</trkpt>
		<trkpt lat="35.168616" lon="128.676431">
			<ele>0.00</ele>
			<time>2020-01-16T23:15:40.85Z</time>
		</trkpt>
		<trkpt lat="35.168618" lon="128.676415">
			<ele>0.00</ele>
			<time>2020-01-16T23:15:40.94Z</time>
		</trkpt>
		<trkpt lat="35.168622" lon="128.676393">
			<ele>0.00</ele>
			<time>2020-01-16T23:15:41.06Z</time>
		</trkpt>
		<trkpt lat="35.168624" lon="128.676375">
			<ele>0.00</ele>
			<time>2020-01-16T23:15:41.16Z</time>
		</trkpt>
		<trkpt lat="35.168626" lon="128.676360">
			<ele>0.00</ele>
			<time>2020-01-16T23:15:41.24Z</time>
		</trkpt>
		<trkpt lat="35.168629" lon="128.676342">
			<ele>0.00</ele>
			<time>2020-01-16T23:15:41.34Z</time>
		</trkpt>
		<trkpt lat="35.168632" lon="128.676323">
			<ele>0.00</ele>
			<time>2020-01-16T23:15:41.44Z</time>
		</trkpt>
		<trkpt lat="35.168635" lon="128.676305">
			<ele>0.00</ele>
			<time>2020-01-16T23:15:41.54Z</time>
		</trkpt>
		<trkpt lat="35.168637" lon="128.676290">
			<ele>0.00</ele>
			<time>2020-01-16T23:15:41.63Z</time>
		</trkpt>
		<trkpt lat="35.168640" lon="128.676271">
			<ele>0.00</ele>
			<time>2020-01-16T23:15:41.74Z</time>
		</trkpt>
		<trkpt lat="35.168641" lon="128.676255">
			<ele>0.00</ele>
			<time>2020-01-16T23:15:41.82Z</time>
		</trkpt>
		<trkpt lat="35.168642" lon="128.676243">
			<ele>0.00</ele>
			<time>2020-01-16T23:15:41.89Z</time>
		</trkpt>
		<trkpt lat="35.168643" lon="128.676228">
			<ele>0.00</ele>
			<time>2020-01-16T23:15:41.97Z</time>
		</trkpt>
		<trkpt lat="35.168644" lon="128.676213">
			<ele>0.00</ele>
			<time>2020-01-16T23:15:42.05Z</time>
		</trkpt>
		<trkpt lat="35.168646" lon="128.676200">
			<ele>0.00</ele>
			<time>2020-01-16T23:15:42.13Z</time>
		</trkpt>
		<trkpt lat="35.168647" lon="128.676182">
			<ele>0.00</ele>
			<time>2020-01-16T23:15:42.22Z</time>
		</trkpt>
		<trkpt lat="35.168650" lon="128.676167">
			<ele>0.00</ele>
			<time>2020-01-16T23:15:42.31Z</time>
		</trkpt>
		<trkpt lat="35.168651" lon="128.676154">
			<ele>0.00</ele>
			<time>2020-01-16T23:15:42.38Z</time>
		</trkpt>
		<trkpt lat="35.168653" lon="128.676141">
			<ele>0.00</ele>
			<time>2020-01-16T23:15:42.45Z</time>
		</trkpt>
		<trkpt lat="35.168654" lon="128.676127">
			<ele>0.00</ele>
			<time>2020-01-16T23:15:42.53Z</time>
		</trkpt>
		<trkpt lat="35.168655" lon="128.676110">
			<ele>0.00</ele>
			<time>2020-01-16T23:15:42.62Z</time>
		</trkpt>
		<trkpt lat="35.168656" lon="128.676097">
			<ele>0.00</ele>
			<time>2020-01-16T23:15:42.69Z</time>
		</trkpt>
		<trkpt lat="35.168657" lon="128.676080">
			<ele>0.00</ele>
			<time>2020-01-16T23:15:42.78Z</time>
		</trkpt>
		<trkpt lat="35.168660" lon="128.676058">
			<ele>0.00</ele>
			<time>2020-01-16T23:15:42.90Z</time>
		</trkpt>
		<trkpt lat="35.168662" lon="128.676037">
			<ele>0.00</ele>
			<time>2020-01-16T23:15:43.02Z</time>
		</trkpt>
		<trkpt lat="35.168663" lon="128.676014">
			<ele>0.00</ele>
			<time>2020-01-16T23:15:43.15Z</time>
		</trkpt>
		<trkpt lat="35.168665" lon="128.675991">
			<ele>0.00</ele>
			<time>2020-01-16T23:15:43.27Z</time>
		</trkpt>
		<trkpt lat="35.168665" lon="128.675973">
			<ele>0.00</ele>
			<time>2020-01-16T23:15:43.37Z</time>
		</trkpt>
		<trkpt lat="35.168665" lon="128.675956">
			<ele>0.00</ele>
			<time>2020-01-16T23:15:43.46Z</time>
		</trkpt>
		<trkpt lat="35.168667" lon="128.675940">
			<ele>0.00</ele>
			<time>2020-01-16T23:15:43.55Z</time>
		</trkpt>
		<trkpt lat="35.168666" lon="128.675927">
			<ele>0.00</ele>
			<time>2020-01-16T23:15:43.62Z</time>
		</trkpt>
		<trkpt lat="35.168666" lon="128.675914">
			<ele>0.00</ele>
			<time>2020-01-16T23:15:43.69Z</time>
		</trkpt>
		<trkpt lat="35.168666" lon="128.675896">
			<ele>0.00</ele>
			<time>2020-01-16T23:15:43.79Z</time>
		</trkpt>
		<trkpt lat="35.168667" lon="128.675880">
			<ele>0.00</ele>
			<time>2020-01-16T23:15:43.88Z</time>
		</trkpt>
		<trkpt lat="35.168666" lon="128.675866">
			<ele>0.00</ele>
			<time>2020-01-16T23:15:43.95Z</time>
		</trkpt>
		<trkpt lat="35.168666" lon="128.675849">
			<ele>0.00</ele>
			<time>2020-01-16T23:15:44.05Z</time>
		</trkpt>
		<trkpt lat="35.168667" lon="128.675830">
			<ele>0.00</ele>
			<time>2020-01-16T23:15:44.15Z</time>
		</trkpt>
		<trkpt lat="35.168668" lon="128.675812">
			<ele>0.00</ele>
			<time>2020-01-16T23:15:44.25Z</time>
		</trkpt>
		<trkpt lat="35.168669" lon="128.675795">
			<ele>0.00</ele>
			<time>2020-01-16T23:15:44.34Z</time>
		</trkpt>
		<trkpt lat="35.168672" lon="128.675780">
			<ele>0.00</ele>
			<time>2020-01-16T23:15:44.43Z</time>
		</trkpt>
		<trkpt lat="35.168672" lon="128.675763">
			<ele>0.00</ele>
			<time>2020-01-16T23:15:44.52Z</time>
		</trkpt>
		<trkpt lat="35.168671" lon="128.675745">
			<ele>0.00</ele>
			<time>2020-01-16T23:15:44.61Z</time>
		</trkpt>
		<trkpt lat="35.168669" lon="128.675729">
			<ele>0.00</ele>
			<time>2020-01-16T23:15:44.70Z</time>
		</trkpt>
		<trkpt lat="35.168669" lon="128.675716">
			<ele>0.00</ele>
			<time>2020-01-16T23:15:44.77Z</time>
		</trkpt>
		<trkpt lat="35.168668" lon="128.675699">
			<ele>0.00</ele>
			<time>2020-01-16T23:15:44.87Z</time>
		</trkpt>
		<trkpt lat="35.168668" lon="128.675688">
			<ele>0.00</ele>
			<time>2020-01-16T23:15:44.93Z</time>
		</trkpt>
		<trkpt lat="35.168668" lon="128.675671">
			<ele>0.00</ele>
			<time>2020-01-16T23:15:45.02Z</time>
		</trkpt>
		<trkpt lat="35.168668" lon="128.675652">
			<ele>0.00</ele>
			<time>2020-01-16T23:15:45.12Z</time>
		</trkpt>
		<trkpt lat="35.168668" lon="128.675642">
			<ele>0.00</ele>
			<time>2020-01-16T23:15:45.18Z</time>
		</trkpt>
		<trkpt lat="35.168667" lon="128.675626">
			<ele>0.00</ele>
			<time>2020-01-16T23:15:45.27Z</time>
		</trkpt>
		<trkpt lat="35.168668" lon="128.675609">
			<ele>0.00</ele>
			<time>2020-01-16T23:15:45.36Z</time>
		</trkpt>
		<trkpt lat="35.168667" lon="128.675593">
			<ele>0.00</ele>
			<time>2020-01-16T23:15:45.45Z</time>
		</trkpt>
		<trkpt lat="35.168666" lon="128.675574">
			<ele>0.00</ele>
			<time>2020-01-16T23:15:45.55Z</time>
		</trkpt>
		<trkpt lat="35.168666" lon="128.675558">
			<ele>0.00</ele>
			<time>2020-01-16T23:15:45.64Z</time>
		</trkpt>
		<trkpt lat="35.168665" lon="128.675544">
			<ele>0.00</ele>
			<time>2020-01-16T23:15:45.71Z</time>
		</trkpt>
		<trkpt lat="35.168665" lon="128.675525">
			<ele>0.00</ele>
			<time>2020-01-16T23:15:45.82Z</time>
		</trkpt>
		<trkpt lat="35.168665" lon="128.675507">
			<ele>0.00</ele>
			<time>2020-01-16T23:15:45.92Z</time>
		</trkpt>
		<trkpt lat="35.168664" lon="128.675489">
			<ele>0.00</ele>
			<time>2020-01-16T23:15:46.02Z</time>
		</trkpt>
		<trkpt lat="35.168663" lon="128.675471">
			<ele>0.00</ele>
			<time>2020-01-16T23:15:46.12Z</time>
		</trkpt>
		<trkpt lat="35.168661" lon="128.675457">
			<ele>0.00</ele>
			<time>2020-01-16T23:15:46.20Z</time>
		</trkpt>
		<trkpt lat="35.168660" lon="128.675434">
			<ele>0.00</ele>
			<time>2020-01-16T23:15:46.32Z</time>
		</trkpt>
		<trkpt lat="35.168660" lon="128.675415">
			<ele>0.00</ele>
			<time>2020-01-16T23:15:46.42Z</time>
		</trkpt>
		<trkpt lat="35.168660" lon="128.675399">
			<ele>0.00</ele>
			<time>2020-01-16T23:15:46.51Z</time>
		</trkpt>
		<trkpt lat="35.168659" lon="128.675382">
			<ele>0.00</ele>
			<time>2020-01-16T23:15:46.60Z</time>
		</trkpt>
		<trkpt lat="35.168658" lon="128.675365">
			<ele>0.00</ele>
			<time>2020-01-16T23:15:46.69Z</time>
		</trkpt>
		<trkpt lat="35.168656" lon="128.675348">
			<ele>0.00</ele>
			<time>2020-01-16T23:15:46.79Z</time>
		</trkpt>
		<trkpt lat="35.168654" lon="128.675337">
			<ele>0.00</ele>
			<time>2020-01-16T23:15:46.85Z</time>
		</trkpt>
		<trkpt lat="35.168652" lon="128.675323">
			<ele>0.00</ele>
			<time>2020-01-16T23:15:46.93Z</time>
		</trkpt>
		<trkpt lat="35.168650" lon="128.675306">
			<ele>0.00</ele>
			<time>2020-01-16T23:15:47.02Z</time>
		</trkpt>
		<trkpt lat="35.168648" lon="128.675295">
			<ele>0.00</ele>
			<time>2020-01-16T23:15:47.08Z</time>
		</trkpt>
		<trkpt lat="35.168646" lon="128.675277">
			<ele>0.00</ele>
			<time>2020-01-16T23:15:47.18Z</time>
		</trkpt>
		<trkpt lat="35.168644" lon="128.675260">
			<ele>0.00</ele>
			<time>2020-01-16T23:15:47.28Z</time>
		</trkpt>
		<trkpt lat="35.168642" lon="128.675241">
			<ele>0.00</ele>
			<time>2020-01-16T23:15:47.38Z</time>
		</trkpt>
		<trkpt lat="35.168639" lon="128.675223">
			<ele>0.00</ele>
			<time>2020-01-16T23:15:47.48Z</time>
		</trkpt>
		<trkpt lat="35.168638" lon="128.675211">
			<ele>0.00</ele>
			<time>2020-01-16T23:15:47.55Z</time>
		</trkpt>
		<trkpt lat="35.168637" lon="128.675194">
			<ele>0.00</ele>
			<time>2020-01-16T23:15:47.64Z</time>
		</trkpt>
		<trkpt lat="35.168637" lon="128.675178">
			<ele>0.00</ele>
			<time>2020-01-16T23:15:47.73Z</time>
		</trkpt>
		<trkpt lat="35.168636" lon="128.675163">
			<ele>0.00</ele>
			<time>2020-01-16T23:15:47.81Z</time>
		</trkpt>
		<trkpt lat="35.168636" lon="128.675147">
			<ele>0.00</ele>
			<time>2020-01-16T23:15:47.90Z</time>
		</trkpt>
		<trkpt lat="35.168633" lon="128.675131">
			<ele>0.00</ele>
			<time>2020-01-16T23:15:47.99Z</time>
		</trkpt>
		<trkpt lat="35.168632" lon="128.675117">
			<ele>0.00</ele>
			<time>2020-01-16T23:15:48.06Z</time>
		</trkpt>
		<trkpt lat="35.168630" lon="128.675102">
			<ele>0.00</ele>
			<time>2020-01-16T23:15:48.14Z</time>
		</trkpt>
		<trkpt lat="35.168630" lon="128.675084">
			<ele>0.00</ele>
			<time>2020-01-16T23:15:48.24Z</time>
		</trkpt>
		<trkpt lat="35.168630" lon="128.675066">
			<ele>0.00</ele>
			<time>2020-01-16T23:15:48.34Z</time>
		</trkpt>
		<trkpt lat="35.168630" lon="128.675049">
			<ele>0.00</ele>
			<time>2020-01-16T23:15:48.43Z</time>
		</trkpt>
		<trkpt lat="35.168630" lon="128.675031">
			<ele>0.00</ele>
			<time>2020-01-16T23:15:48.53Z</time>
		</trkpt>
		<trkpt lat="35.168630" lon="128.675013">
			<ele>0.00</ele>
			<time>2020-01-16T23:15:48.63Z</time>
		</trkpt>
		<trkpt lat="35.168629" lon="128.674998">
			<ele>0.00</ele>
			<time>2020-01-16T23:15:48.71Z</time>
		</trkpt>
		<trkpt lat="35.168630" lon="128.674979">
			<ele>0.00</ele>
			<time>2020-01-16T23:15:48.81Z</time>
		</trkpt>
		<trkpt lat="35.168630" lon="128.674964">
			<ele>0.00</ele>
			<time>2020-01-16T23:15:48.90Z</time>
		</trkpt>
		<trkpt lat="35.168632" lon="128.674944">
			<ele>0.00</ele>
			<time>2020-01-16T23:15:49.01Z</time>
		</trkpt>
		<trkpt lat="35.168637" lon="128.674927">
			<ele>0.00</ele>
			<time>2020-01-16T23:15:49.11Z</time>
		</trkpt>
		<trkpt lat="35.168642" lon="128.674907">
			<ele>0.00</ele>
			<time>2020-01-16T23:15:49.22Z</time>
		</trkpt>
		<trkpt lat="35.168646" lon="128.674888">
			<ele>0.00</ele>
			<time>2020-01-16T23:15:49.32Z</time>
		</trkpt>
		<trkpt lat="35.168652" lon="128.674866">
			<ele>0.00</ele>
			<time>2020-01-16T23:15:49.45Z</time>
		</trkpt>
		<trkpt lat="35.168658" lon="128.674848">
			<ele>0.00</ele>
			<time>2020-01-16T23:15:49.56Z</time>
		</trkpt>
		<trkpt lat="35.168664" lon="128.674825">
			<ele>0.00</ele>
			<time>2020-01-16T23:15:49.69Z</time>
		</trkpt>
		<trkpt lat="35.168670" lon="128.674805">
			<ele>0.00</ele>
			<time>2020-01-16T23:15:49.81Z</time>
		</trkpt>
		<trkpt lat="35.168676" lon="128.674779">
			<ele>0.00</ele>
			<time>2020-01-16T23:15:49.96Z</time>
		</trkpt>
		<trkpt lat="35.168681" lon="128.674760">
			<ele>0.00</ele>
			<time>2020-01-16T23:15:50.06Z</time>
		</trkpt>
		<trkpt lat="35.168685" lon="128.674742">
			<ele>0.00</ele>
			<time>2020-01-16T23:15:50.16Z</time>
		</trkpt>
		<trkpt lat="35.168691" lon="128.674725">
			<ele>0.00</ele>
			<time>2020-01-16T23:15:50.26Z</time>
		</trkpt>
		<trkpt lat="35.168695" lon="128.674710">
			<ele>0.00</ele>
			<time>2020-01-16T23:15:50.35Z</time>
		</trkpt>
		<trkpt lat="35.168699" lon="128.674697">
			<ele>0.00</ele>
			<time>2020-01-16T23:15:50.43Z</time>
		</trkpt>
		<trkpt lat="35.168703" lon="128.674682">
			<ele>0.00</ele>
			<time>2020-01-16T23:15:50.51Z</time>
		</trkpt>
		<trkpt lat="35.168707" lon="128.674666">
			<ele>0.00</ele>
			<time>2020-01-16T23:15:50.60Z</time>
		</trkpt>
		<trkpt lat="35.168711" lon="128.674654">
			<ele>0.00</ele>
			<time>2020-01-16T23:15:50.67Z</time>
		</trkpt>
		<trkpt lat="35.168714" lon="128.674642">
			<ele>0.00</ele>
			<time>2020-01-16T23:15:50.74Z</time>
		</trkpt>
		<trkpt lat="35.168718" lon="128.674626">
			<ele>0.00</ele>
			<time>2020-01-16T23:15:50.83Z</time>
		</trkpt>
		<trkpt lat="35.168725" lon="128.674605">
			<ele>0.00</ele>
			<time>2020-01-16T23:15:50.95Z</time>
		</trkpt>
		<trkpt lat="35.168733" lon="128.674576">
			<ele>0.00</ele>
			<time>2020-01-16T23:15:51.12Z</time>
		</trkpt>
		<trkpt lat="35.168739" lon="128.674555">
			<ele>0.00</ele>
			<time>2020-01-16T23:15:51.24Z</time>
		</trkpt>
		<trkpt lat="35.168745" lon="128.674529">
			<ele>0.00</ele>
			<time>2020-01-16T23:15:51.39Z</time>
		</trkpt>
		<trkpt lat="35.168749" lon="128.674508">
			<ele>0.00</ele>
			<time>2020-01-16T23:15:51.51Z</time>
		</trkpt>
		<trkpt lat="35.168754" lon="128.674489">
			<ele>0.00</ele>
			<time>2020-01-16T23:15:51.62Z</time>
		</trkpt>
		<trkpt lat="35.168760" lon="128.674468">
			<ele>0.00</ele>
			<time>2020-01-16T23:15:51.74Z</time>
		</trkpt>
		<trkpt lat="35.168765" lon="128.674452">
			<ele>0.00</ele>
			<time>2020-01-16T23:15:51.83Z</time>
		</trkpt>
		<trkpt lat="35.168770" lon="128.674427">
			<ele>0.00</ele>
			<time>2020-01-16T23:15:51.97Z</time>
		</trkpt>
		<trkpt lat="35.168775" lon="128.674409">
			<ele>0.00</ele>
			<time>2020-01-16T23:15:52.08Z</time>
		</trkpt>
		<trkpt lat="35.168783" lon="128.674384">
			<ele>0.00</ele>
			<time>2020-01-16T23:15:52.22Z</time>
		</trkpt>
		<trkpt lat="35.168788" lon="128.674361">
			<ele>0.00</ele>
			<time>2020-01-16T23:15:52.35Z</time>
		</trkpt>
		<trkpt lat="35.168790" lon="128.674338">
			<ele>0.00</ele>
			<time>2020-01-16T23:15:52.48Z</time>
		</trkpt>
		<trkpt lat="35.168791" lon="128.674321">
			<ele>0.00</ele>
			<time>2020-01-16T23:15:52.57Z</time>
		</trkpt>
		<trkpt lat="35.168793" lon="128.674301">
			<ele>0.00</ele>
			<time>2020-01-16T23:15:52.68Z</time>
		</trkpt>
		<trkpt lat="35.168793" lon="128.674284">
			<ele>0.00</ele>
			<time>2020-01-16T23:15:52.78Z</time>
		</trkpt>
		<trkpt lat="35.168795" lon="128.674264">
			<ele>0.00</ele>
			<time>2020-01-16T23:15:52.88Z</time>
		</trkpt>
		<trkpt lat="35.168798" lon="128.674245">
			<ele>0.00</ele>
			<time>2020-01-16T23:15:52.99Z</time>
		</trkpt>
		<trkpt lat="35.168802" lon="128.674219">
			<ele>0.00</ele>
			<time>2020-01-16T23:15:53.13Z</time>
		</trkpt>
		<trkpt lat="35.168805" lon="128.674197">
			<ele>0.00</ele>
			<time>2020-01-16T23:15:53.26Z</time>
		</trkpt>
		<trkpt lat="35.168809" lon="128.674176">
			<ele>0.00</ele>
			<time>2020-01-16T23:15:53.37Z</time>
		</trkpt>
		<trkpt lat="35.168812" lon="128.674156">
			<ele>0.00</ele>
			<time>2020-01-16T23:15:53.48Z</time>
		</trkpt>
		<trkpt lat="35.168811" lon="128.674135">
			<ele>0.00</ele>
			<time>2020-01-16T23:15:53.60Z</time>
		</trkpt>
		<trkpt lat="35.168812" lon="128.674111">
			<ele>0.00</ele>
			<time>2020-01-16T23:15:53.73Z</time>
		</trkpt>
		<trkpt lat="35.168815" lon="128.674092">
			<ele>0.00</ele>
			<time>2020-01-16T23:15:53.83Z</time>
		</trkpt>
		<trkpt lat="35.168819" lon="128.674071">
			<ele>0.00</ele>
			<time>2020-01-16T23:15:53.95Z</time>
		</trkpt>
		<trkpt lat="35.168823" lon="128.674052">
			<ele>0.00</ele>
			<time>2020-01-16T23:15:54.06Z</time>
		</trkpt>
		<trkpt lat="35.168827" lon="128.674034">
			<ele>0.00</ele>
			<time>2020-01-16T23:15:54.16Z</time>
		</trkpt>
		<trkpt lat="35.168829" lon="128.674007">
			<ele>0.00</ele>
			<time>2020-01-16T23:15:54.31Z</time>
		</trkpt>
		<trkpt lat="35.168830" lon="128.673984">
			<ele>0.00</ele>
			<time>2020-01-16T23:15:54.43Z</time>
		</trkpt>
		<trkpt lat="35.168832" lon="128.673963">
			<ele>0.00</ele>
			<time>2020-01-16T23:15:54.55Z</time>
		</trkpt>
		<trkpt lat="35.168835" lon="128.673934">
			<ele>0.00</ele>
			<time>2020-01-16T23:15:54.70Z</time>
		</trkpt>
		<trkpt lat="35.168837" lon="128.673911">
			<ele>0.00</ele>
			<time>2020-01-16T23:15:54.83Z</time>
		</trkpt>
		<trkpt lat="35.168838" lon="128.673888">
			<ele>0.00</ele>
			<time>2020-01-16T23:15:54.96Z</time>
		</trkpt>
		<trkpt lat="35.168840" lon="128.673864">
			<ele>0.00</ele>
			<time>2020-01-16T23:15:55.09Z</time>
		</trkpt>
		<trkpt lat="35.168840" lon="128.673839">
			<ele>0.00</ele>
			<time>2020-01-16T23:15:55.23Z</time>
		</trkpt>
		<trkpt lat="35.168842" lon="128.673817">
			<ele>0.00</ele>
			<time>2020-01-16T23:15:55.35Z</time>
		</trkpt>
		<trkpt lat="35.168843" lon="128.673796">
			<ele>0.00</ele>
			<time>2020-01-16T23:15:55.46Z</time>
		</trkpt>
		<trkpt lat="35.168845" lon="128.673773">
			<ele>0.00</ele>
			<time>2020-01-16T23:15:55.59Z</time>
		</trkpt>
		<trkpt lat="35.168847" lon="128.673745">
			<ele>0.00</ele>
			<time>2020-01-16T23:15:55.74Z</time>
		</trkpt>
		<trkpt lat="35.168848" lon="128.673723">
			<ele>0.00</ele>
			<time>2020-01-16T23:15:55.86Z</time>
		</trkpt>
		<trkpt lat="35.168850" lon="128.673701">
			<ele>0.00</ele>
			<time>2020-01-16T23:15:55.98Z</time>
		</trkpt>
		<trkpt lat="35.168851" lon="128.673679">
			<ele>0.00</ele>
			<time>2020-01-16T23:15:56.10Z</time>
		</trkpt>
		<trkpt lat="35.168853" lon="128.673651">
			<ele>0.00</ele>
			<time>2020-01-16T23:15:56.26Z</time>
		</trkpt>
		<trkpt lat="35.168856" lon="128.673630">
			<ele>0.00</ele>
			<time>2020-01-16T23:15:56.37Z</time>
		</trkpt>
		<trkpt lat="35.168858" lon="128.673612">
			<ele>0.00</ele>
			<time>2020-01-16T23:15:56.47Z</time>
		</trkpt>
		<trkpt lat="35.168861" lon="128.673592">
			<ele>0.00</ele>
			<time>2020-01-16T23:15:56.58Z</time>
		</trkpt>
		<trkpt lat="35.168865" lon="128.673569">
			<ele>0.00</ele>
			<time>2020-01-16T23:15:56.71Z</time>
		</trkpt>
		<trkpt lat="35.168867" lon="128.673551">
			<ele>0.00</ele>
			<time>2020-01-16T23:15:56.81Z</time>
		</trkpt>
		<trkpt lat="35.168869" lon="128.673533">
			<ele>0.00</ele>
			<time>2020-01-16T23:15:56.90Z</time>
		</trkpt>
		<trkpt lat="35.168869" lon="128.673533">
			<ele>0.00</ele>
			<time>2020-01-16T23:15:56.96Z</time>
		</trkpt>
		<trkpt lat="35.168873" lon="128.673514">
			<ele>0.00</ele>
			<time>2020-01-16T23:15:57.07Z</time>
		</trkpt>
		<trkpt lat="35.168877" lon="128.673489">
			<ele>0.00</ele>
			<time>2020-01-16T23:15:57.21Z</time>
		</trkpt>
		<trkpt lat="35.168882" lon="128.673460">
			<ele>0.00</ele>
			<time>2020-01-16T23:15:57.37Z</time>
		</trkpt>
		<trkpt lat="35.168888" lon="128.673439">
			<ele>0.00</ele>
			<time>2020-01-16T23:15:57.49Z</time>
		</trkpt>
		<trkpt lat="35.168894" lon="128.673417">
			<ele>0.00</ele>
			<time>2020-01-16T23:15:57.62Z</time>
		</trkpt>
		<trkpt lat="35.168901" lon="128.673395">
			<ele>0.00</ele>
			<time>2020-01-16T23:15:57.75Z</time>
		</trkpt>
		<trkpt lat="35.168909" lon="128.673375">
			<ele>0.00</ele>
			<time>2020-01-16T23:15:57.87Z</time>
		</trkpt>
		<trkpt lat="35.168919" lon="128.673349">
			<ele>0.00</ele>
			<time>2020-01-16T23:15:58.02Z</time>
		</trkpt>
		<trkpt lat="35.168927" lon="128.673329">
			<ele>0.00</ele>
			<time>2020-01-16T23:15:58.15Z</time>
		</trkpt>
		<trkpt lat="35.168933" lon="128.673315">
			<ele>0.00</ele>
			<time>2020-01-16T23:15:58.23Z</time>
		</trkpt>
		<trkpt lat="35.168944" lon="128.673295">
			<ele>0.00</ele>
			<time>2020-01-16T23:15:58.36Z</time>
		</trkpt>
		<trkpt lat="35.168952" lon="128.673280">
			<ele>0.00</ele>
			<time>2020-01-16T23:15:58.46Z</time>
		</trkpt>
		<trkpt lat="35.168963" lon="128.673263">
			<ele>0.00</ele>
			<time>2020-01-16T23:15:58.58Z</time>
		</trkpt>
		<trkpt lat="35.168975" lon="128.673248">
			<ele>0.00</ele>
			<time>2020-01-16T23:15:58.70Z</time>
		</trkpt>
		<trkpt lat="35.168988" lon="128.673231">
			<ele>0.00</ele>
			<time>2020-01-16T23:15:58.82Z</time>
		</trkpt>
		<trkpt lat="35.169000" lon="128.673217">
			<ele>0.00</ele>
			<time>2020-01-16T23:15:58.93Z</time>
		</trkpt>
		<trkpt lat="35.169013" lon="128.673204">
			<ele>0.00</ele>
			<time>2020-01-16T23:15:59.04Z</time>
		</trkpt>
		<trkpt lat="35.169029" lon="128.673187">
			<ele>0.00</ele>
			<time>2020-01-16T23:15:59.18Z</time>
		</trkpt>
		<trkpt lat="35.169041" lon="128.673173">
			<ele>0.00</ele>
			<time>2020-01-16T23:15:59.29Z</time>
		</trkpt>
		<trkpt lat="35.169052" lon="128.673160">
			<ele>0.00</ele>
			<time>2020-01-16T23:15:59.40Z</time>
		</trkpt>
		<trkpt lat="35.169063" lon="128.673146">
			<ele>0.00</ele>
			<time>2020-01-16T23:15:59.50Z</time>
		</trkpt>
		<trkpt lat="35.169073" lon="128.673132">
			<ele>0.00</ele>
			<time>2020-01-16T23:15:59.60Z</time>
		</trkpt>
		<trkpt lat="35.169085" lon="128.673118">
			<ele>0.00</ele>
			<time>2020-01-16T23:15:59.71Z</time>
		</trkpt>
		<trkpt lat="35.169099" lon="128.673103">
			<ele>0.00</ele>
			<time>2020-01-16T23:15:59.84Z</time>
		</trkpt>
		<trkpt lat="35.169109" lon="128.673091">
			<ele>0.00</ele>
			<time>2020-01-16T23:15:59.93Z</time>
		</trkpt>
		<trkpt lat="35.169121" lon="128.673078">
			<ele>0.00</ele>
			<time>2020-01-16T23:16:00.04Z</time>
		</trkpt>
		<trkpt lat="35.169131" lon="128.673066">
			<ele>0.00</ele>
			<time>2020-01-16T23:16:00.13Z</time>
		</trkpt>
		<trkpt lat="35.169142" lon="128.673055">
			<ele>0.00</ele>
			<time>2020-01-16T23:16:00.23Z</time>
		</trkpt>
		<trkpt lat="35.169155" lon="128.673044">
			<ele>0.00</ele>
			<time>2020-01-16T23:16:00.34Z</time>
		</trkpt>
		<trkpt lat="35.169168" lon="128.673030">
			<ele>0.00</ele>
			<time>2020-01-16T23:16:00.45Z</time>
		</trkpt>
		<trkpt lat="35.169181" lon="128.673020">
			<ele>0.00</ele>
			<time>2020-01-16T23:16:00.55Z</time>
		</trkpt>
		<trkpt lat="35.169192" lon="128.673006">
			<ele>0.00</ele>
			<time>2020-01-16T23:16:00.65Z</time>
		</trkpt>
		<trkpt lat="35.169202" lon="128.672995">
			<ele>0.00</ele>
			<time>2020-01-16T23:16:00.74Z</time>
		</trkpt>
		<trkpt lat="35.169214" lon="128.672982">
			<ele>0.00</ele>
			<time>2020-01-16T23:16:00.85Z</time>
		</trkpt>
		<trkpt lat="35.169225" lon="128.672972">
			<ele>0.00</ele>
			<time>2020-01-16T23:16:00.95Z</time>
		</trkpt>
		<trkpt lat="35.169238" lon="128.672961">
			<ele>0.00</ele>
			<time>2020-01-16T23:16:01.05Z</time>
		</trkpt>
		<trkpt lat="35.169249" lon="128.672951">
			<ele>0.00</ele>
			<time>2020-01-16T23:16:01.14Z</time>
		</trkpt>
		<trkpt lat="35.169258" lon="128.672940">
			<ele>0.00</ele>
			<time>2020-01-16T23:16:01.23Z</time>
		</trkpt>
		<trkpt lat="35.169267" lon="128.672929">
			<ele>0.00</ele>
			<time>2020-01-16T23:16:01.31Z</time>
		</trkpt>
		<trkpt lat="35.169279" lon="128.672917">
			<ele>0.00</ele>
			<time>2020-01-16T23:16:01.41Z</time>
		</trkpt>
		<trkpt lat="35.169291" lon="128.672903">
			<ele>0.00</ele>
			<time>2020-01-16T23:16:01.52Z</time>
		</trkpt>
		<trkpt lat="35.169302" lon="128.672890">
			<ele>0.00</ele>
			<time>2020-01-16T23:16:01.62Z</time>
		</trkpt>
		<trkpt lat="35.169314" lon="128.672876">
			<ele>0.00</ele>
			<time>2020-01-16T23:16:01.74Z</time>
		</trkpt>
		<trkpt lat="35.169329" lon="128.672860">
			<ele>0.00</ele>
			<time>2020-01-16T23:16:01.87Z</time>
		</trkpt>
		<trkpt lat="35.169342" lon="128.672847">
			<ele>0.00</ele>
			<time>2020-01-16T23:16:01.98Z</time>
		</trkpt>
		<trkpt lat="35.169354" lon="128.672833">
			<ele>0.00</ele>
			<time>2020-01-16T23:16:02.09Z</time>
		</trkpt>
		<trkpt lat="35.169367" lon="128.672825">
			<ele>0.00</ele>
			<time>2020-01-16T23:16:02.19Z</time>
		</trkpt>
		<trkpt lat="35.169378" lon="128.672815">
			<ele>0.00</ele>
			<time>2020-01-16T23:16:02.28Z</time>
		</trkpt>
		<trkpt lat="35.169391" lon="128.672803">
			<ele>0.00</ele>
			<time>2020-01-16T23:16:02.39Z</time>
		</trkpt>
		<trkpt lat="35.169403" lon="128.672788">
			<ele>0.00</ele>
			<time>2020-01-16T23:16:02.50Z</time>
		</trkpt>
		<trkpt lat="35.169416" lon="128.672772">
			<ele>0.00</ele>
			<time>2020-01-16T23:16:02.62Z</time>
		</trkpt>
		<trkpt lat="35.169427" lon="128.672760">
			<ele>0.00</ele>
			<time>2020-01-16T23:16:02.72Z</time>
		</trkpt>
		<trkpt lat="35.169436" lon="128.672748">
			<ele>0.00</ele>
			<time>2020-01-16T23:16:02.81Z</time>
		</trkpt>
		<trkpt lat="35.169450" lon="128.672734">
			<ele>0.00</ele>
			<time>2020-01-16T23:16:02.93Z</time>
		</trkpt>
		<trkpt lat="35.169461" lon="128.672724">
			<ele>0.00</ele>
			<time>2020-01-16T23:16:03.02Z</time>
		</trkpt>
		<trkpt lat="35.169470" lon="128.672715">
			<ele>0.00</ele>
			<time>2020-01-16T23:16:03.10Z</time>
		</trkpt>
		<trkpt lat="35.169481" lon="128.672705">
			<ele>0.00</ele>
			<time>2020-01-16T23:16:03.19Z</time>
		</trkpt>
		<trkpt lat="35.169492" lon="128.672691">
			<ele>0.00</ele>
			<time>2020-01-16T23:16:03.30Z</time>
		</trkpt>
		<trkpt lat="35.169503" lon="128.672678">
			<ele>0.00</ele>
			<time>2020-01-16T23:16:03.40Z</time>
		</trkpt>
		<trkpt lat="35.169514" lon="128.672666">
			<ele>0.00</ele>
			<time>2020-01-16T23:16:03.50Z</time>
		</trkpt>
		<trkpt lat="35.169525" lon="128.672656">
			<ele>0.00</ele>
			<time>2020-01-16T23:16:03.59Z</time>
		</trkpt>
		<trkpt lat="35.169540" lon="128.672644">
			<ele>0.00</ele>
			<time>2020-01-16T23:16:03.70Z</time>
		</trkpt>
		<trkpt lat="35.169552" lon="128.672630">
			<ele>0.00</ele>
			<time>2020-01-16T23:16:03.82Z</time>
		</trkpt>
		<trkpt lat="35.169566" lon="128.672619">
			<ele>0.00</ele>
			<time>2020-01-16T23:16:03.93Z</time>
		</trkpt>
		<trkpt lat="35.169578" lon="128.672607">
			<ele>0.00</ele>
			<time>2020-01-16T23:16:04.03Z</time>
		</trkpt>
		<trkpt lat="35.169594" lon="128.672593">
			<ele>0.00</ele>
			<time>2020-01-16T23:16:04.17Z</time>
		</trkpt>
		<trkpt lat="35.169608" lon="128.672581">
			<ele>0.00</ele>
			<time>2020-01-16T23:16:04.28Z</time>
		</trkpt>
		<trkpt lat="35.169622" lon="128.672566">
			<ele>0.00</ele>
			<time>2020-01-16T23:16:04.41Z</time>
		</trkpt>
		<trkpt lat="35.169641" lon="128.672548">
			<ele>0.00</ele>
			<time>2020-01-16T23:16:04.56Z</time>
		</trkpt>
		<trkpt lat="35.169655" lon="128.672533">
			<ele>0.00</ele>
			<time>2020-01-16T23:16:04.69Z</time>
		</trkpt>
		<trkpt lat="35.169672" lon="128.672516">
			<ele>0.00</ele>
			<time>2020-01-16T23:16:04.83Z</time>
		</trkpt>
		<trkpt lat="35.169686" lon="128.672498">
			<ele>0.00</ele>
			<time>2020-01-16T23:16:04.97Z</time>
		</trkpt>
		<trkpt lat="35.169703" lon="128.672478">
			<ele>0.00</ele>
			<time>2020-01-16T23:16:05.13Z</time>
		</trkpt>
		<trkpt lat="35.169714" lon="128.672466">
			<ele>0.00</ele>
			<time>2020-01-16T23:16:05.23Z</time>
		</trkpt>
		<trkpt lat="35.169728" lon="128.672450">
			<ele>0.00</ele>
			<time>2020-01-16T23:16:05.35Z</time>
		</trkpt>
		<trkpt lat="35.169740" lon="128.672434">
			<ele>0.00</ele>
			<time>2020-01-16T23:16:05.47Z</time>
		</trkpt>
		<trkpt lat="35.169757" lon="128.672415">
			<ele>0.00</ele>
			<time>2020-01-16T23:16:05.62Z</time>
		</trkpt>
		<trkpt lat="35.169772" lon="128.672397">
			<ele>0.00</ele>
			<time>2020-01-16T23:16:05.76Z</time>
		</trkpt>
		<trkpt lat="35.169785" lon="128.672383">
			<ele>0.00</ele>
			<time>2020-01-16T23:16:05.88Z</time>
		</trkpt>
		<trkpt lat="35.169799" lon="128.672365">
			<ele>0.00</ele>
			<time>2020-01-16T23:16:06.02Z</time>
		</trkpt>
		<trkpt lat="35.169813" lon="128.672350">
			<ele>0.00</ele>
			<time>2020-01-16T23:16:06.14Z</time>
		</trkpt>
		<trkpt lat="35.169829" lon="128.672334">
			<ele>0.00</ele>
			<time>2020-01-16T23:16:06.27Z</time>
		</trkpt>
		<trkpt lat="35.169847" lon="128.672313">
			<ele>0.00</ele>
			<time>2020-01-16T23:16:06.44Z</time>
		</trkpt>
		<trkpt lat="35.169860" lon="128.672300">
			<ele>0.00</ele>
			<time>2020-01-16T23:16:06.55Z</time>
		</trkpt>
		<trkpt lat="35.169872" lon="128.672285">
			<ele>0.00</ele>
			<time>2020-01-16T23:16:06.67Z</time>
		</trkpt>
		<trkpt lat="35.169886" lon="128.672271">
			<ele>0.00</ele>
			<time>2020-01-16T23:16:06.79Z</time>
		</trkpt>
		<trkpt lat="35.169899" lon="128.672261">
			<ele>0.00</ele>
			<time>2020-01-16T23:16:06.89Z</time>
		</trkpt>
		<trkpt lat="35.169916" lon="128.672245">
			<ele>0.00</ele>
			<time>2020-01-16T23:16:07.03Z</time>
		</trkpt>
		<trkpt lat="35.169927" lon="128.672232">
			<ele>0.00</ele>
			<time>2020-01-16T23:16:07.14Z</time>
		</trkpt>
		<trkpt lat="35.169942" lon="128.672218">
			<ele>0.00</ele>
			<time>2020-01-16T23:16:07.26Z</time>
		</trkpt>
		<trkpt lat="35.169957" lon="128.672205">
			<ele>0.00</ele>
			<time>2020-01-16T23:16:07.38Z</time>
		</trkpt>
		<trkpt lat="35.169970" lon="128.672191">
			<ele>0.00</ele>
			<time>2020-01-16T23:16:07.50Z</time>
		</trkpt>
		<trkpt lat="35.169985" lon="128.672174">
			<ele>0.00</ele>
			<time>2020-01-16T23:16:07.64Z</time>
		</trkpt>
		<trkpt lat="35.170002" lon="128.672160">
			<ele>0.00</ele>
			<time>2020-01-16T23:16:07.77Z</time>
		</trkpt>
		<trkpt lat="35.170020" lon="128.672149">
			<ele>0.00</ele>
			<time>2020-01-16T23:16:07.91Z</time>
		</trkpt>
		<trkpt lat="35.170040" lon="128.672136">
			<ele>0.00</ele>
			<time>2020-01-16T23:16:08.06Z</time>
		</trkpt>
		<trkpt lat="35.170058" lon="128.672124">
			<ele>0.00</ele>
			<time>2020-01-16T23:16:08.19Z</time>
		</trkpt>
		<trkpt lat="35.170074" lon="128.672116">
			<ele>0.00</ele>
			<time>2020-01-16T23:16:08.31Z</time>
		</trkpt>
		<trkpt lat="35.170090" lon="128.672110">
			<ele>0.00</ele>
			<time>2020-01-16T23:16:08.42Z</time>
		</trkpt>
		<trkpt lat="35.170108" lon="128.672106">
			<ele>0.00</ele>
			<time>2020-01-16T23:16:08.54Z</time>
		</trkpt>
		<trkpt lat="35.170128" lon="128.672099">
			<ele>0.00</ele>
			<time>2020-01-16T23:16:08.68Z</time>
		</trkpt>
		<trkpt lat="35.170151" lon="128.672096">
			<ele>0.00</ele>
			<time>2020-01-16T23:16:08.84Z</time>
		</trkpt>
		<trkpt lat="35.170178" lon="128.672094">
			<ele>0.00</ele>
			<time>2020-01-16T23:16:09.02Z</time>
		</trkpt>
		<trkpt lat="35.170201" lon="128.672094">
			<ele>0.00</ele>
			<time>2020-01-16T23:16:09.17Z</time>
		</trkpt>
		<trkpt lat="35.170225" lon="128.672098">
			<ele>0.00</ele>
			<time>2020-01-16T23:16:09.33Z</time>
		</trkpt>
		<trkpt lat="35.170245" lon="128.672103">
			<ele>0.00</ele>
			<time>2020-01-16T23:16:09.47Z</time>
		</trkpt>
		<trkpt lat="35.170272" lon="128.672109">
			<ele>0.00</ele>
			<time>2020-01-16T23:16:09.65Z</time>
		</trkpt>
		<trkpt lat="35.170293" lon="128.672115">
			<ele>0.00</ele>
			<time>2020-01-16T23:16:09.79Z</time>
		</trkpt>
		<trkpt lat="35.170317" lon="128.672125">
			<ele>0.00</ele>
			<time>2020-01-16T23:16:09.96Z</time>
		</trkpt>
		<trkpt lat="35.170337" lon="128.672130">
			<ele>0.00</ele>
			<time>2020-01-16T23:16:10.10Z</time>
		</trkpt>
		<trkpt lat="35.170366" lon="128.672146">
			<ele>0.00</ele>
			<time>2020-01-16T23:16:10.31Z</time>
		</trkpt>
		<trkpt lat="35.170390" lon="128.672162">
			<ele>0.00</ele>
			<time>2020-01-16T23:16:10.49Z</time>
		</trkpt>
		<trkpt lat="35.170408" lon="128.672176">
			<ele>0.00</ele>
			<time>2020-01-16T23:16:10.64Z</time>
		</trkpt>
		<trkpt lat="35.170429" lon="128.672192">
			<ele>0.00</ele>
			<time>2020-01-16T23:16:10.80Z</time>
		</trkpt>
		<trkpt lat="35.170448" lon="128.672207">
			<ele>0.00</ele>
			<time>2020-01-16T23:16:10.95Z</time>
		</trkpt>
		<trkpt lat="35.170464" lon="128.672221">
			<ele>0.00</ele>
			<time>2020-01-16T23:16:11.08Z</time>
		</trkpt>
		<trkpt lat="35.170484" lon="128.672236">
			<ele>0.00</ele>
			<time>2020-01-16T23:16:11.23Z</time>
		</trkpt>
		<trkpt lat="35.170500" lon="128.672252">
			<ele>0.00</ele>
			<time>2020-01-16T23:16:11.37Z</time>
		</trkpt>
		<trkpt lat="35.170514" lon="128.672267">
			<ele>0.00</ele>
			<time>2020-01-16T23:16:11.50Z</time>
		</trkpt>
		<trkpt lat="35.170531" lon="128.672287">
			<ele>0.00</ele>
			<time>2020-01-16T23:16:11.65Z</time>
		</trkpt>
		<trkpt lat="35.170548" lon="128.672305">
			<ele>0.00</ele>
			<time>2020-01-16T23:16:11.81Z</time>
		</trkpt>
		<trkpt lat="35.170565" lon="128.672320">
			<ele>0.00</ele>
			<time>2020-01-16T23:16:11.94Z</time>
		</trkpt>
		<trkpt lat="35.170579" lon="128.672334">
			<ele>0.00</ele>
			<time>2020-01-16T23:16:12.07Z</time>
		</trkpt>
		<trkpt lat="35.170596" lon="128.672349">
			<ele>0.00</ele>
			<time>2020-01-16T23:16:12.21Z</time>
		</trkpt>
		<trkpt lat="35.170610" lon="128.672361">
			<ele>0.00</ele>
			<time>2020-01-16T23:16:12.32Z</time>
		</trkpt>
		<trkpt lat="35.170621" lon="128.672372">
			<ele>0.00</ele>
			<time>2020-01-16T23:16:12.42Z</time>
		</trkpt>
		<trkpt lat="35.170634" lon="128.672385">
			<ele>0.00</ele>
			<time>2020-01-16T23:16:12.53Z</time>
		</trkpt>
		<trkpt lat="35.170651" lon="128.672398">
			<ele>0.00</ele>
			<time>2020-01-16T23:16:12.66Z</time>
		</trkpt>
		<trkpt lat="35.170665" lon="128.672408">
			<ele>0.00</ele>
			<time>2020-01-16T23:16:12.77Z</time>
		</trkpt>
		<trkpt lat="35.170677" lon="128.672418">
			<ele>0.00</ele>
			<time>2020-01-16T23:16:12.87Z</time>
		</trkpt>
		<trkpt lat="35.170690" lon="128.672430">
			<ele>0.00</ele>
			<time>2020-01-16T23:16:12.98Z</time>
		</trkpt>
		<trkpt lat="35.170701" lon="128.672443">
			<ele>0.00</ele>
			<time>2020-01-16T23:16:13.07Z</time>
		</trkpt>
		<trkpt lat="35.170713" lon="128.672462">
			<ele>0.00</ele>
			<time>2020-01-16T23:16:13.21Z</time>
		</trkpt>
		<trkpt lat="35.170723" lon="128.672475">
			<ele>0.00</ele>
			<time>2020-01-16T23:16:13.31Z</time>
		</trkpt>
		<trkpt lat="35.170731" lon="128.672488">
			<ele>0.00</ele>
			<time>2020-01-16T23:16:13.39Z</time>
		</trkpt>
		<trkpt lat="35.170742" lon="128.672502">
			<ele>0.00</ele>
			<time>2020-01-16T23:16:13.50Z</time>
		</trkpt>
		<trkpt lat="35.170754" lon="128.672516">
			<ele>0.00</ele>
			<time>2020-01-16T23:16:13.61Z</time>
		</trkpt>
		<trkpt lat="35.170767" lon="128.672531">
			<ele>0.00</ele>
			<time>2020-01-16T23:16:13.73Z</time>
		</trkpt>
		<trkpt lat="35.170780" lon="128.672546">
			<ele>0.00</ele>
			<time>2020-01-16T23:16:13.85Z</time>
		</trkpt>
		<trkpt lat="35.170793" lon="128.672557">
			<ele>0.00</ele>
			<time>2020-01-16T23:16:13.96Z</time>
		</trkpt>
		<trkpt lat="35.170805" lon="128.672565">
			<ele>0.00</ele>
			<time>2020-01-16T23:16:14.04Z</time>
		</trkpt>
		<trkpt lat="35.170815" lon="128.672572">
			<ele>0.00</ele>
			<time>2020-01-16T23:16:14.12Z</time>
		</trkpt>
		<trkpt lat="35.170827" lon="128.672579">
			<ele>0.00</ele>
			<time>2020-01-16T23:16:14.21Z</time>
		</trkpt>
		<trkpt lat="35.170837" lon="128.672586">
			<ele>0.00</ele>
			<time>2020-01-16T23:16:14.29Z</time>
		</trkpt>
		<trkpt lat="35.170849" lon="128.672594">
			<ele>0.00</ele>
			<time>2020-01-16T23:16:14.38Z</time>
		</trkpt>
		<trkpt lat="35.170861" lon="128.672601">
			<ele>0.00</ele>
			<time>2020-01-16T23:16:14.47Z</time>
		</trkpt>
		<trkpt lat="35.170871" lon="128.672607">
			<ele>0.00</ele>
			<time>2020-01-16T23:16:14.54Z</time>
		</trkpt>
		<trkpt lat="35.170884" lon="128.672617">
			<ele>0.00</ele>
			<time>2020-01-16T23:16:14.64Z</time>
		</trkpt>
		<trkpt lat="35.170896" lon="128.672630">
			<ele>0.00</ele>
			<time>2020-01-16T23:16:14.75Z</time>
		</trkpt>
		<trkpt lat="35.170906" lon="128.672641">
			<ele>0.00</ele>
			<time>2020-01-16T23:16:14.84Z</time>
		</trkpt>
		<trkpt lat="35.170916" lon="128.672652">
			<ele>0.00</ele>
			<time>2020-01-16T23:16:14.93Z</time>
		</trkpt>
		<trkpt lat="35.170924" lon="128.672661">
			<ele>0.00</ele>
			<time>2020-01-16T23:16:15Z</time>
		</trkpt>
		<trkpt lat="35.170931" lon="128.672671">
			<ele>0.00</ele>
			<time>2020-01-16T23:16:15.08Z</time>
		</trkpt>
		<trkpt lat="35.170942" lon="128.672683">
			<ele>0.00</ele>
			<time>2020-01-16T23:16:15.17Z</time>
		</trkpt>
		<trkpt lat="35.170951" lon="128.672690">
			<ele>0.00</ele>
			<time>2020-01-16T23:16:15.24Z</time>
		</trkpt>
		<trkpt lat="35.170962" lon="128.672699">
			<ele>0.00</ele>
			<time>2020-01-16T23:16:15.33Z</time>
		</trkpt>
		<trkpt lat="35.170973" lon="128.672706">
			<ele>0.00</ele>
			<time>2020-01-16T23:16:15.41Z</time>
		</trkpt>
		<trkpt lat="35.170983" lon="128.672713">
			<ele>0.00</ele>
			<time>2020-01-16T23:16:15.49Z</time>
		</trkpt>
		<trkpt lat="35.170994" lon="128.672720">
			<ele>0.00</ele>
			<time>2020-01-16T23:16:15.57Z</time>
		</trkpt>
		<trkpt lat="35.171007" lon="128.672728">
			<ele>0.00</ele>
			<time>2020-01-16T23:16:15.67Z</time>
		</trkpt>
		<trkpt lat="35.171016" lon="128.672733">
			<ele>0.00</ele>
			<time>2020-01-16T23:16:15.74Z</time>
		</trkpt>
		<trkpt lat="35.171024" lon="128.672740">
			<ele>0.00</ele>
			<time>2020-01-16T23:16:15.80Z</time>
		</trkpt>
		<trkpt lat="35.171032" lon="128.672747">
			<ele>0.00</ele>
			<time>2020-01-16T23:16:15.87Z</time>
		</trkpt>
		<trkpt lat="35.171041" lon="128.672755">
			<ele>0.00</ele>
			<time>2020-01-16T23:16:15.94Z</time>
		</trkpt>
		<trkpt lat="35.171051" lon="128.672763">
			<ele>0.00</ele>
			<time>2020-01-16T23:16:16.02Z</time>
		</trkpt>
		<trkpt lat="35.171059" lon="128.672769">
			<ele>0.00</ele>
			<time>2020-01-16T23:16:16.08Z</time>
		</trkpt>
		<trkpt lat="35.171069" lon="128.672776">
			<ele>0.00</ele>
			<time>2020-01-16T23:16:16.16Z</time>
		</trkpt>
		<trkpt lat="35.171077" lon="128.672781">
			<ele>0.00</ele>
			<time>2020-01-16T23:16:16.22Z</time>
		</trkpt>
		<trkpt lat="35.171085" lon="128.672786">
			<ele>0.00</ele>
			<time>2020-01-16T23:16:16.28Z</time>
		</trkpt>
		<trkpt lat="35.171095" lon="128.672789">
			<ele>0.00</ele>
			<time>2020-01-16T23:16:16.35Z</time>
		</trkpt>
		<trkpt lat="35.171104" lon="128.672787">
			<ele>0.00</ele>
			<time>2020-01-16T23:16:16.41Z</time>
		</trkpt>
		<trkpt lat="35.171111" lon="128.672781">
			<ele>0.00</ele>
			<time>2020-01-16T23:16:16.47Z</time>
		</trkpt>
		<trkpt lat="35.171117" lon="128.672778">
			<ele>0.00</ele>
			<time>2020-01-16T23:16:16.53Z</time>
		</trkpt>
		<trkpt lat="35.171126" lon="128.672769">
			<ele>0.00</ele>
			<time>2020-01-16T23:16:16.61Z</time>
		</trkpt>
		<trkpt lat="35.171137" lon="128.672759">
			<ele>0.00</ele>
			<time>2020-01-16T23:16:16.71Z</time>
		</trkpt>
		<trkpt lat="35.171145" lon="128.672752">
			<ele>0.00</ele>
			<time>2020-01-16T23:16:16.77Z</time>
		</trkpt>
		<trkpt lat="35.171158" lon="128.672741">
			<ele>0.00</ele>
			<time>2020-01-16T23:16:16.87Z</time>
		</trkpt>
		<trkpt lat="35.171164" lon="128.672733">
			<ele>0.00</ele>
			<time>2020-01-16T23:16:16.93Z</time>
		</trkpt>
		<trkpt lat="35.171164" lon="128.672733">
			<ele>0.00</ele>
			<time>2020-01-16T23:16:16.99Z</time>
		</trkpt>
		<trkpt lat="35.171175" lon="128.672718">
			<ele>0.00</ele>
			<time>2020-01-16T23:16:17.10Z</time>
		</trkpt>
		<trkpt lat="35.171180" lon="128.672707">
			<ele>0.00</ele>
			<time>2020-01-16T23:16:17.17Z</time>
		</trkpt>
		<trkpt lat="35.171188" lon="128.672695">
			<ele>0.00</ele>
			<time>2020-01-16T23:16:17.25Z</time>
		</trkpt>
		<trkpt lat="35.171194" lon="128.672683">
			<ele>0.00</ele>
			<time>2020-01-16T23:16:17.33Z</time>
		</trkpt>
		<trkpt lat="35.171198" lon="128.672671">
			<ele>0.00</ele>
			<time>2020-01-16T23:16:17.40Z</time>
		</trkpt>
		<trkpt lat="35.171202" lon="128.672660">
			<ele>0.00</ele>
			<time>2020-01-16T23:16:17.47Z</time>
		</trkpt>
		<trkpt lat="35.171208" lon="128.672648">
			<ele>0.00</ele>
			<time>2020-01-16T23:16:17.54Z</time>
		</trkpt>
		<trkpt lat="35.171213" lon="128.672640">
			<ele>0.00</ele>
			<time>2020-01-16T23:16:17.60Z</time>
		</trkpt>
		<trkpt lat="35.171218" lon="128.672631">
			<ele>0.00</ele>
			<time>2020-01-16T23:16:17.66Z</time>
		</trkpt>
		<trkpt lat="35.171222" lon="128.672620">
			<ele>0.00</ele>
			<time>2020-01-16T23:16:17.73Z</time>
		</trkpt>
		<trkpt lat="35.171227" lon="128.672610">
			<ele>0.00</ele>
			<time>2020-01-16T23:16:17.80Z</time>
		</trkpt>
		<trkpt lat="35.171232" lon="128.672596">
			<ele>0.00</ele>
			<time>2020-01-16T23:16:17.88Z</time>
		</trkpt>
		<trkpt lat="35.171239" lon="128.672582">
			<ele>0.00</ele>
			<time>2020-01-16T23:16:17.96Z</time>
		</trkpt>
		<trkpt lat="35.171245" lon="128.672567">
			<ele>0.00</ele>
			<time>2020-01-16T23:16:18.06Z</time>
		</trkpt>
		<trkpt lat="35.171254" lon="128.672550">
			<ele>0.00</ele>
			<time>2020-01-16T23:16:18.17Z</time>
		</trkpt>
		<trkpt lat="35.171259" lon="128.672537">
			<ele>0.00</ele>
			<time>2020-01-16T23:16:18.25Z</time>
		</trkpt>
		<trkpt lat="35.171266" lon="128.672523">
			<ele>0.00</ele>
			<time>2020-01-16T23:16:18.33Z</time>
		</trkpt>
		<trkpt lat="35.171273" lon="128.672507">
			<ele>0.00</ele>
			<time>2020-01-16T23:16:18.43Z</time>
		</trkpt>
		<trkpt lat="35.171278" lon="128.672494">
			<ele>0.00</ele>
			<time>2020-01-16T23:16:18.51Z</time>
		</trkpt>
		<trkpt lat="35.171284" lon="128.672479">
			<ele>0.00</ele>
			<time>2020-01-16T23:16:18.60Z</time>
		</trkpt>
		<trkpt lat="35.171291" lon="128.672462">
			<ele>0.00</ele>
			<time>2020-01-16T23:16:18.71Z</time>
		</trkpt>
		<trkpt lat="35.171297" lon="128.672446">
			<ele>0.00</ele>
			<time>2020-01-16T23:16:18.80Z</time>
		</trkpt>
		<trkpt lat="35.171301" lon="128.672432">
			<ele>0.00</ele>
			<time>2020-01-16T23:16:18.88Z</time>
		</trkpt>
		<trkpt lat="35.171306" lon="128.672416">
			<ele>0.00</ele>
			<time>2020-01-16T23:16:18.98Z</time>
		</trkpt>
		<trkpt lat="35.171311" lon="128.672403">
			<ele>0.00</ele>
			<time>2020-01-16T23:16:19.06Z</time>
		</trkpt>
		<trkpt lat="35.171317" lon="128.672390">
			<ele>0.00</ele>
			<time>2020-01-16T23:16:19.14Z</time>
		</trkpt>
		<trkpt lat="35.171324" lon="128.672374">
			<ele>0.00</ele>
			<time>2020-01-16T23:16:19.24Z</time>
		</trkpt>
		<trkpt lat="35.171331" lon="128.672358">
			<ele>0.00</ele>
			<time>2020-01-16T23:16:19.34Z</time>
		</trkpt>
		<trkpt lat="35.171336" lon="128.672344">
			<ele>0.00</ele>
			<time>2020-01-16T23:16:19.42Z</time>
		</trkpt>
		<trkpt lat="35.171341" lon="128.672331">
			<ele>0.00</ele>
			<time>2020-01-16T23:16:19.50Z</time>
		</trkpt>
		<trkpt lat="35.171345" lon="128.672317">
			<ele>0.00</ele>
			<time>2020-01-16T23:16:19.58Z</time>
		</trkpt>
		<trkpt lat="35.171350" lon="128.672300">
			<ele>0.00</ele>
			<time>2020-01-16T23:16:19.67Z</time>
		</trkpt>
		<trkpt lat="35.171353" lon="128.672285">
			<ele>0.00</ele>
			<time>2020-01-16T23:16:19.76Z</time>
		</trkpt>
		<trkpt lat="35.171355" lon="128.672272">
			<ele>0.00</ele>
			<time>2020-01-16T23:16:19.83Z</time>
		</trkpt>
		<trkpt lat="35.171359" lon="128.672252">
			<ele>0.00</ele>
			<time>2020-01-16T23:16:19.94Z</time>
		</trkpt>
		<trkpt lat="35.171364" lon="128.672233">
			<ele>0.00</ele>
			<time>2020-01-16T23:16:20.05Z</time>
		</trkpt>
		<trkpt lat="35.171366" lon="128.672217">
			<ele>0.00</ele>
			<time>2020-01-16T23:16:20.14Z</time>
		</trkpt>
		<trkpt lat="35.171368" lon="128.672200">
			<ele>0.00</ele>
			<time>2020-01-16T23:16:20.24Z</time>
		</trkpt>
		<trkpt lat="35.171371" lon="128.672178">
			<ele>0.00</ele>
			<time>2020-01-16T23:16:20.35Z</time>
		</trkpt>
		<trkpt lat="35.171373" lon="128.672159">
			<ele>0.00</ele>
			<time>2020-01-16T23:16:20.46Z</time>
		</trkpt>
		<trkpt lat="35.171374" lon="128.672139">
			<ele>0.00</ele>
			<time>2020-01-16T23:16:20.57Z</time>
		</trkpt>
		<trkpt lat="35.171375" lon="128.672116">
			<ele>0.00</ele>
			<time>2020-01-16T23:16:20.70Z</time>
		</trkpt>
		<trkpt lat="35.171376" lon="128.672091">
			<ele>0.00</ele>
			<time>2020-01-16T23:16:20.83Z</time>
		</trkpt>
		<trkpt lat="35.171377" lon="128.672067">
			<ele>0.00</ele>
			<time>2020-01-16T23:16:20.96Z</time>
		</trkpt>
		<trkpt lat="35.171375" lon="128.672047">
			<ele>0.00</ele>
			<time>2020-01-16T23:16:21.07Z</time>
		</trkpt>
		<trkpt lat="35.171373" lon="128.672028">
			<ele>0.00</ele>
			<time>2020-01-16T23:16:21.18Z</time>
		</trkpt>
		<trkpt lat="35.171372" lon="128.672013">
			<ele>0.00</ele>
			<time>2020-01-16T23:16:21.26Z</time>
		</trkpt>
		<trkpt lat="35.171371" lon="128.671987">
			<ele>0.00</ele>
			<time>2020-01-16T23:16:21.40Z</time>
		</trkpt>
		<trkpt lat="35.171371" lon="128.671964">
			<ele>0.00</ele>
			<time>2020-01-16T23:16:21.53Z</time>
		</trkpt>
		<trkpt lat="35.171372" lon="128.671944">
			<ele>0.00</ele>
			<time>2020-01-16T23:16:21.64Z</time>
		</trkpt>
		<trkpt lat="35.171374" lon="128.671922">
			<ele>0.00</ele>
			<time>2020-01-16T23:16:21.75Z</time>
		</trkpt>
		<trkpt lat="35.171374" lon="128.671904">
			<ele>0.00</ele>
			<time>2020-01-16T23:16:21.85Z</time>
		</trkpt>
		<trkpt lat="35.171375" lon="128.671884">
			<ele>0.00</ele>
			<time>2020-01-16T23:16:21.96Z</time>
		</trkpt>
		<trkpt lat="35.171376" lon="128.671865">
			<ele>0.00</ele>
			<time>2020-01-16T23:16:22.07Z</time>
		</trkpt>
		<trkpt lat="35.171374" lon="128.671849">
			<ele>0.00</ele>
			<time>2020-01-16T23:16:22.16Z</time>
		</trkpt>
		<trkpt lat="35.171374" lon="128.671832">
			<ele>0.00</ele>
			<time>2020-01-16T23:16:22.25Z</time>
		</trkpt>
		<trkpt lat="35.171373" lon="128.671809">
			<ele>0.00</ele>
			<time>2020-01-16T23:16:22.37Z</time>
		</trkpt>
		<trkpt lat="35.171373" lon="128.671789">
			<ele>0.00</ele>
			<time>2020-01-16T23:16:22.48Z</time>
		</trkpt>
		<trkpt lat="35.171373" lon="128.671771">
			<ele>0.00</ele>
			<time>2020-01-16T23:16:22.58Z</time>
		</trkpt>
		<trkpt lat="35.171373" lon="128.671754">
			<ele>0.00</ele>
			<time>2020-01-16T23:16:22.67Z</time>
		</trkpt>
		<trkpt lat="35.171374" lon="128.671731">
			<ele>0.00</ele>
			<time>2020-01-16T23:16:22.80Z</time>
		</trkpt>
		<trkpt lat="35.171374" lon="128.671711">
			<ele>0.00</ele>
			<time>2020-01-16T23:16:22.91Z</time>
		</trkpt>
		<trkpt lat="35.171374" lon="128.671693">
			<ele>0.00</ele>
			<time>2020-01-16T23:16:23Z</time>
		</trkpt>
		<trkpt lat="35.171373" lon="128.671670">
			<ele>0.00</ele>
			<time>2020-01-16T23:16:23.13Z</time>
		</trkpt>
		<trkpt lat="35.171374" lon="128.671644">
			<ele>0.00</ele>
			<time>2020-01-16T23:16:23.27Z</time>
		</trkpt>
		<trkpt lat="35.171373" lon="128.671622">
			<ele>0.00</ele>
			<time>2020-01-16T23:16:23.39Z</time>
		</trkpt>
		<trkpt lat="35.171372" lon="128.671599">
			<ele>0.00</ele>
			<time>2020-01-16T23:16:23.52Z</time>
		</trkpt>
		<trkpt lat="35.171371" lon="128.671575">
			<ele>0.00</ele>
			<time>2020-01-16T23:16:23.65Z</time>
		</trkpt>
		<trkpt lat="35.171368" lon="128.671553">
			<ele>0.00</ele>
			<time>2020-01-16T23:16:23.77Z</time>
		</trkpt>
		<trkpt lat="35.171370" lon="128.671511">
			<ele>0.00</ele>
			<time>2020-01-16T23:16:24Z</time>
		</trkpt>
		<trkpt lat="35.171370" lon="128.671487">
			<ele>0.00</ele>
			<time>2020-01-16T23:16:24.13Z</time>
		</trkpt>
		<trkpt lat="35.171370" lon="128.671460">
			<ele>0.00</ele>
			<time>2020-01-16T23:16:24.27Z</time>
		</trkpt>
		<trkpt lat="35.171372" lon="128.671432">
			<ele>0.00</ele>
			<time>2020-01-16T23:16:24.43Z</time>
		</trkpt>
		<trkpt lat="35.171371" lon="128.671396">
			<ele>0.00</ele>
			<time>2020-01-16T23:16:24.63Z</time>
		</trkpt>
		<trkpt lat="35.171373" lon="128.671367">
			<ele>0.00</ele>
			<time>2020-01-16T23:16:24.78Z</time>
		</trkpt>
		<trkpt lat="35.171374" lon="128.671335">
			<ele>0.00</ele>
			<time>2020-01-16T23:16:24.96Z</time>
		</trkpt>
		<trkpt lat="35.171375" lon="128.671289">
			<ele>0.00</ele>
			<time>2020-01-16T23:16:25.21Z</time>
		</trkpt>
		<trkpt lat="35.171373" lon="128.671253">
			<ele>0.00</ele>
			<time>2020-01-16T23:16:25.40Z</time>
		</trkpt>
		<trkpt lat="35.171376" lon="128.671216">
			<ele>0.00</ele>
			<time>2020-01-16T23:16:25.61Z</time>
		</trkpt>
		<trkpt lat="35.171379" lon="128.671181">
			<ele>0.00</ele>
			<time>2020-01-16T23:16:25.80Z</time>
		</trkpt>
		<trkpt lat="35.171383" lon="128.671133">
			<ele>0.00</ele>
			<time>2020-01-16T23:16:26.06Z</time>
		</trkpt>
		<trkpt lat="35.171388" lon="128.671096">
			<ele>0.00</ele>
			<time>2020-01-16T23:16:26.27Z</time>
		</trkpt>
		<trkpt lat="35.171395" lon="128.671063">
			<ele>0.00</ele>
			<time>2020-01-16T23:16:26.46Z</time>
		</trkpt>
		<trkpt lat="35.171401" lon="128.671037">
			<ele>0.00</ele>
			<time>2020-01-16T23:16:26.60Z</time>
		</trkpt>
		<trkpt lat="35.171407" lon="128.671015">
			<ele>0.00</ele>
			<time>2020-01-16T23:16:26.73Z</time>
		</trkpt>
		<trkpt lat="35.171415" lon="128.670993">
			<ele>0.00</ele>
			<time>2020-01-16T23:16:26.86Z</time>
		</trkpt>
		<trkpt lat="35.171421" lon="128.670962">
			<ele>0.00</ele>
			<time>2020-01-16T23:16:27.03Z</time>
		</trkpt>
		<trkpt lat="35.171430" lon="128.670938">
			<ele>0.00</ele>
			<time>2020-01-16T23:16:27.18Z</time>
		</trkpt>
		<trkpt lat="35.171436" lon="128.670915">
			<ele>0.00</ele>
			<time>2020-01-16T23:16:27.31Z</time>
		</trkpt>
		<trkpt lat="35.171442" lon="128.670894">
			<ele>0.00</ele>
			<time>2020-01-16T23:16:27.43Z</time>
		</trkpt>
		<trkpt lat="35.171448" lon="128.670864">
			<ele>0.00</ele>
			<time>2020-01-16T23:16:27.60Z</time>
		</trkpt>
		<trkpt lat="35.171458" lon="128.670840">
			<ele>0.00</ele>
			<time>2020-01-16T23:16:27.74Z</time>
		</trkpt>
		<trkpt lat="35.171466" lon="128.670808">
			<ele>0.00</ele>
			<time>2020-01-16T23:16:27.92Z</time>
		</trkpt>
		<trkpt lat="35.171476" lon="128.670778">
			<ele>0.00</ele>
			<time>2020-01-16T23:16:28.10Z</time>
		</trkpt>
		<trkpt lat="35.171484" lon="128.670749">
			<ele>0.00</ele>
			<time>2020-01-16T23:16:28.27Z</time>
		</trkpt>
		<trkpt lat="35.171493" lon="128.670721">
			<ele>0.00</ele>
			<time>2020-01-16T23:16:28.43Z</time>
		</trkpt>
		<trkpt lat="35.171503" lon="128.670697">
			<ele>0.00</ele>
			<time>2020-01-16T23:16:28.58Z</time>
		</trkpt>
		<trkpt lat="35.171511" lon="128.670674">
			<ele>0.00</ele>
			<time>2020-01-16T23:16:28.72Z</time>
		</trkpt>
		<trkpt lat="35.171519" lon="128.670646">
			<ele>0.00</ele>
			<time>2020-01-16T23:16:28.88Z</time>
		</trkpt>
		<trkpt lat="35.171528" lon="128.670613">
			<ele>0.00</ele>
			<time>2020-01-16T23:16:29.07Z</time>
		</trkpt>
		<trkpt lat="35.171536" lon="128.670585">
			<ele>0.00</ele>
			<time>2020-01-16T23:16:29.23Z</time>
		</trkpt>
		<trkpt lat="35.171543" lon="128.670561">
			<ele>0.00</ele>
			<time>2020-01-16T23:16:29.36Z</time>
		</trkpt>
		<trkpt lat="35.171550" lon="128.670534">
			<ele>0.00</ele>
			<time>2020-01-16T23:16:29.52Z</time>
		</trkpt>
		<trkpt lat="35.171554" lon="128.670510">
			<ele>0.00</ele>
			<time>2020-01-16T23:16:29.65Z</time>
		</trkpt>
		<trkpt lat="35.171560" lon="128.670482">
			<ele>0.00</ele>
			<time>2020-01-16T23:16:29.81Z</time>
		</trkpt>
		<trkpt lat="35.171568" lon="128.670451">
			<ele>0.00</ele>
			<time>2020-01-16T23:16:29.99Z</time>
		</trkpt>
		<trkpt lat="35.171573" lon="128.670429">
			<ele>0.00</ele>
			<time>2020-01-16T23:16:30.11Z</time>
		</trkpt>
		<trkpt lat="35.171579" lon="128.670406">
			<ele>0.00</ele>
			<time>2020-01-16T23:16:30.24Z</time>
		</trkpt>
		<trkpt lat="35.171584" lon="128.670384">
			<ele>0.00</ele>
			<time>2020-01-16T23:16:30.37Z</time>
		</trkpt>
		<trkpt lat="35.171590" lon="128.670360">
			<ele>0.00</ele>
			<time>2020-01-16T23:16:30.51Z</time>
		</trkpt>
		<trkpt lat="35.171593" lon="128.670336">
			<ele>0.00</ele>
			<time>2020-01-16T23:16:30.64Z</time>
		</trkpt>
		<trkpt lat="35.171596" lon="128.670307">
			<ele>0.00</ele>
			<time>2020-01-16T23:16:30.80Z</time>
		</trkpt>
		<trkpt lat="35.171602" lon="128.670277">
			<ele>0.00</ele>
			<time>2020-01-16T23:16:30.97Z</time>
		</trkpt>
		<trkpt lat="35.171606" lon="128.670247">
			<ele>0.00</ele>
			<time>2020-01-16T23:16:31.13Z</time>
		</trkpt>
		<trkpt lat="35.171608" lon="128.670220">
			<ele>0.00</ele>
			<time>2020-01-16T23:16:31.28Z</time>
		</trkpt>
		<trkpt lat="35.171610" lon="128.670192">
			<ele>0.00</ele>
			<time>2020-01-16T23:16:31.43Z</time>
		</trkpt>
		<trkpt lat="35.171611" lon="128.670168">
			<ele>0.00</ele>
			<time>2020-01-16T23:16:31.57Z</time>
		</trkpt>
		<trkpt lat="35.171614" lon="128.670134">
			<ele>0.00</ele>
			<time>2020-01-16T23:16:31.75Z</time>
		</trkpt>
		<trkpt lat="35.171617" lon="128.670110">
			<ele>0.00</ele>
			<time>2020-01-16T23:16:31.88Z</time>
		</trkpt>
		<trkpt lat="35.171620" lon="128.670082">
			<ele>0.00</ele>
			<time>2020-01-16T23:16:32.03Z</time>
		</trkpt>
		<trkpt lat="35.171622" lon="128.670053">
			<ele>0.00</ele>
			<time>2020-01-16T23:16:32.20Z</time>
		</trkpt>
		<trkpt lat="35.171623" lon="128.670027">
			<ele>0.00</ele>
			<time>2020-01-16T23:16:32.34Z</time>
		</trkpt>
		<trkpt lat="35.171624" lon="128.670010">
			<ele>0.00</ele>
			<time>2020-01-16T23:16:32.43Z</time>
		</trkpt>
		<trkpt lat="35.171626" lon="128.669989">
			<ele>0.00</ele>
			<time>2020-01-16T23:16:32.55Z</time>
		</trkpt>
		<trkpt lat="35.171633" lon="128.669963">
			<ele>0.00</ele>
			<time>2020-01-16T23:16:32.69Z</time>
		</trkpt>
		<trkpt lat="35.171639" lon="128.669942">
			<ele>0.00</ele>
			<time>2020-01-16T23:16:32.81Z</time>
		</trkpt>
		<trkpt lat="35.171648" lon="128.669911">
			<ele>0.00</ele>
			<time>2020-01-16T23:16:32.99Z</time>
		</trkpt>
		<trkpt lat="35.171655" lon="128.669889">
			<ele>0.00</ele>
			<time>2020-01-16T23:16:33.12Z</time>
		</trkpt>
		<trkpt lat="35.171663" lon="128.669868">
			<ele>0.00</ele>
			<time>2020-01-16T23:16:33.25Z</time>
		</trkpt>
		<trkpt lat="35.171673" lon="128.669841">
			<ele>0.00</ele>
			<time>2020-01-16T23:16:33.41Z</time>
		</trkpt>
		<trkpt lat="35.171680" lon="128.669820">
			<ele>0.00</ele>
			<time>2020-01-16T23:16:33.53Z</time>
		</trkpt>
		<trkpt lat="35.171690" lon="128.669800">
			<ele>0.00</ele>
			<time>2020-01-16T23:16:33.66Z</time>
		</trkpt>
		<trkpt lat="35.171700" lon="128.669784">
			<ele>0.00</ele>
			<time>2020-01-16T23:16:33.77Z</time>
		</trkpt>
		<trkpt lat="35.171712" lon="128.669762">
			<ele>0.00</ele>
			<time>2020-01-16T23:16:33.91Z</time>
		</trkpt>
		<trkpt lat="35.171723" lon="128.669743">
			<ele>0.00</ele>
			<time>2020-01-16T23:16:34.04Z</time>
		</trkpt>
		<trkpt lat="35.171736" lon="128.669723">
			<ele>0.00</ele>
			<time>2020-01-16T23:16:34.18Z</time>
		</trkpt>
		<trkpt lat="35.171747" lon="128.669705">
			<ele>0.00</ele>
			<time>2020-01-16T23:16:34.30Z</time>
		</trkpt>
		<trkpt lat="35.171758" lon="128.669689">
			<ele>0.00</ele>
			<time>2020-01-16T23:16:34.42Z</time>
		</trkpt>
		<trkpt lat="35.171767" lon="128.669675">
			<ele>0.00</ele>
			<time>2020-01-16T23:16:34.52Z</time>
		</trkpt>
		<trkpt lat="35.171775" lon="128.669659">
			<ele>0.00</ele>
			<time>2020-01-16T23:16:34.62Z</time>
		</trkpt>
		<trkpt lat="35.171784" lon="128.669639">
			<ele>0.00</ele>
			<time>2020-01-16T23:16:34.74Z</time>
		</trkpt>
		<trkpt lat="35.171793" lon="128.669622">
			<ele>0.00</ele>
			<time>2020-01-16T23:16:34.85Z</time>
		</trkpt>
		<trkpt lat="35.171802" lon="128.669601">
			<ele>0.00</ele>
			<time>2020-01-16T23:16:34.98Z</time>
		</trkpt>
		<trkpt lat="35.171811" lon="128.669588">
			<ele>0.00</ele>
			<time>2020-01-16T23:16:35.07Z</time>
		</trkpt>
		<trkpt lat="35.171820" lon="128.669576">
			<ele>0.00</ele>
			<time>2020-01-16T23:16:35.16Z</time>
		</trkpt>
		<trkpt lat="35.171823" lon="128.669561">
			<ele>0.00</ele>
			<time>2020-01-16T23:16:35.25Z</time>
		</trkpt>
		<trkpt lat="35.171829" lon="128.669542">
			<ele>0.00</ele>
			<time>2020-01-16T23:16:35.36Z</time>
		</trkpt>
		<trkpt lat="35.171832" lon="128.669522">
			<ele>0.00</ele>
			<time>2020-01-16T23:16:35.47Z</time>
		</trkpt>
		<trkpt lat="35.171838" lon="128.669500">
			<ele>0.00</ele>
			<time>2020-01-16T23:16:35.60Z</time>
		</trkpt>
		<trkpt lat="35.171843" lon="128.669483">
			<ele>0.00</ele>
			<time>2020-01-16T23:16:35.69Z</time>
		</trkpt>
		<trkpt lat="35.171845" lon="128.669469">
			<ele>0.00</ele>
			<time>2020-01-16T23:16:35.77Z</time>
		</trkpt>
		<trkpt lat="35.171847" lon="128.669449">
			<ele>0.00</ele>
			<time>2020-01-16T23:16:35.88Z</time>
		</trkpt>
		<trkpt lat="35.171849" lon="128.669428">
			<ele>0.00</ele>
			<time>2020-01-16T23:16:35.99Z</time>
		</trkpt>
		<trkpt lat="35.171851" lon="128.669410">
			<ele>0.00</ele>
			<time>2020-01-16T23:16:36.09Z</time>
		</trkpt>
		<trkpt lat="35.171851" lon="128.669393">
			<ele>0.00</ele>
			<time>2020-01-16T23:16:36.19Z</time>
		</trkpt>
		<trkpt lat="35.171851" lon="128.669376">
			<ele>0.00</ele>
			<time>2020-01-16T23:16:36.28Z</time>
		</trkpt>
		<trkpt lat="35.171850" lon="128.669363">
			<ele>0.00</ele>
			<time>2020-01-16T23:16:36.35Z</time>
		</trkpt>
		<trkpt lat="35.171851" lon="128.669344">
			<ele>0.00</ele>
			<time>2020-01-16T23:16:36.45Z</time>
		</trkpt>
		<trkpt lat="35.171852" lon="128.669325">
			<ele>0.00</ele>
			<time>2020-01-16T23:16:36.56Z</time>
		</trkpt>
		<trkpt lat="35.171854" lon="128.669309">
			<ele>0.00</ele>
			<time>2020-01-16T23:16:36.65Z</time>
		</trkpt>
		<trkpt lat="35.171853" lon="128.669292">
			<ele>0.00</ele>
			<time>2020-01-16T23:16:36.74Z</time>
		</trkpt>
		<trkpt lat="35.171849" lon="128.669272">
			<ele>0.00</ele>
			<time>2020-01-16T23:16:36.85Z</time>
		</trkpt>
		<trkpt lat="35.171847" lon="128.669258">
			<ele>0.00</ele>
			<time>2020-01-16T23:16:36.93Z</time>
		</trkpt>
		<trkpt lat="35.171844" lon="128.669240">
			<ele>0.00</ele>
			<time>2020-01-16T23:16:37.03Z</time>
		</trkpt>
		<trkpt lat="35.171840" lon="128.669221">
			<ele>0.00</ele>
			<time>2020-01-16T23:16:37.13Z</time>
		</trkpt>
		<trkpt lat="35.171837" lon="128.669204">
			<ele>0.00</ele>
			<time>2020-01-16T23:16:37.23Z</time>
		</trkpt>
		<trkpt lat="35.171833" lon="128.669185">
			<ele>0.00</ele>
			<time>2020-01-16T23:16:37.34Z</time>
		</trkpt>
		<trkpt lat="35.171829" lon="128.669168">
			<ele>0.00</ele>
			<time>2020-01-16T23:16:37.43Z</time>
		</trkpt>
		<trkpt lat="35.171821" lon="128.669153">
			<ele>0.00</ele>
			<time>2020-01-16T23:16:37.53Z</time>
		</trkpt>
		<trkpt lat="35.171815" lon="128.669136">
			<ele>0.00</ele>
			<time>2020-01-16T23:16:37.63Z</time>
		</trkpt>
		<trkpt lat="35.171808" lon="128.669119">
			<ele>0.00</ele>
			<time>2020-01-16T23:16:37.73Z</time>
		</trkpt>
		<trkpt lat="35.171802" lon="128.669102">
			<ele>0.00</ele>
			<time>2020-01-16T23:16:37.83Z</time>
		</trkpt>
		<trkpt lat="35.171798" lon="128.669087">
			<ele>0.00</ele>
			<time>2020-01-16T23:16:37.92Z</time>
		</trkpt>
		<trkpt lat="35.171792" lon="128.669066">
			<ele>0.00</ele>
			<time>2020-01-16T23:16:38.04Z</time>
		</trkpt>
		<trkpt lat="35.171786" lon="128.669050">
			<ele>0.00</ele>
			<time>2020-01-16T23:16:38.14Z</time>
		</trkpt>
		<trkpt lat="35.171779" lon="128.669033">
			<ele>0.00</ele>
			<time>2020-01-16T23:16:38.24Z</time>
		</trkpt>
		<trkpt lat="35.171775" lon="128.669013">
			<ele>0.00</ele>
			<time>2020-01-16T23:16:38.35Z</time>
		</trkpt>
		<trkpt lat="35.171769" lon="128.668995">
			<ele>0.00</ele>
			<time>2020-01-16T23:16:38.46Z</time>
		</trkpt>
		<trkpt lat="35.171762" lon="128.668975">
			<ele>0.00</ele>
			<time>2020-01-16T23:16:38.58Z</time>
		</trkpt>
		<trkpt lat="35.171757" lon="128.668958">
			<ele>0.00</ele>
			<time>2020-01-16T23:16:38.68Z</time>
		</trkpt>
		<trkpt lat="35.171749" lon="128.668939">
			<ele>0.00</ele>
			<time>2020-01-16T23:16:38.79Z</time>
		</trkpt>
		<trkpt lat="35.171744" lon="128.668917">
			<ele>0.00</ele>
			<time>2020-01-16T23:16:38.92Z</time>
		</trkpt>
		<trkpt lat="35.171738" lon="128.668897">
			<ele>0.00</ele>
			<time>2020-01-16T23:16:39.03Z</time>
		</trkpt>
		<trkpt lat="35.171734" lon="128.668877">
			<ele>0.00</ele>
			<time>2020-01-16T23:16:39.14Z</time>
		</trkpt>
		<trkpt lat="35.171729" lon="128.668856">
			<ele>0.00</ele>
			<time>2020-01-16T23:16:39.27Z</time>
		</trkpt>
		<trkpt lat="35.171723" lon="128.668835">
			<ele>0.00</ele>
			<time>2020-01-16T23:16:39.39Z</time>
		</trkpt>
		<trkpt lat="35.171713" lon="128.668811">
			<ele>0.00</ele>
			<time>2020-01-16T23:16:39.53Z</time>
		</trkpt>
		<trkpt lat="35.171709" lon="128.668792">
			<ele>0.00</ele>
			<time>2020-01-16T23:16:39.64Z</time>
		</trkpt>
		<trkpt lat="35.171704" lon="128.668771">
			<ele>0.00</ele>
			<time>2020-01-16T23:16:39.76Z</time>
		</trkpt>
		<trkpt lat="35.171702" lon="128.668748">
			<ele>0.00</ele>
			<time>2020-01-16T23:16:39.89Z</time>
		</trkpt>
		<trkpt lat="35.171698" lon="128.668728">
			<ele>0.00</ele>
			<time>2020-01-16T23:16:40Z</time>
		</trkpt>
		<trkpt lat="35.171693" lon="128.668705">
			<ele>0.00</ele>
			<time>2020-01-16T23:16:40.13Z</time>
		</trkpt>
		<trkpt lat="35.171689" lon="128.668687">
			<ele>0.00</ele>
			<time>2020-01-16T23:16:40.23Z</time>
		</trkpt>
		<trkpt lat="35.171684" lon="128.668667">
			<ele>0.00</ele>
			<time>2020-01-16T23:16:40.34Z</time>
		</trkpt>
		<trkpt lat="35.171678" lon="128.668644">
			<ele>0.00</ele>
			<time>2020-01-16T23:16:40.48Z</time>
		</trkpt>
		<trkpt lat="35.171672" lon="128.668618">
			<ele>0.00</ele>
			<time>2020-01-16T23:16:40.62Z</time>
		</trkpt>
		<trkpt lat="35.171666" lon="128.668593">
			<ele>0.00</ele>
			<time>2020-01-16T23:16:40.76Z</time>
		</trkpt>
		<trkpt lat="35.171661" lon="128.668571">
			<ele>0.00</ele>
			<time>2020-01-16T23:16:40.89Z</time>
		</trkpt>
		<trkpt lat="35.171656" lon="128.668549">
			<ele>0.00</ele>
			<time>2020-01-16T23:16:41.01Z</time>
		</trkpt>
		<trkpt lat="35.171652" lon="128.668520">
			<ele>0.00</ele>
			<time>2020-01-16T23:16:41.17Z</time>
		</trkpt>
		<trkpt lat="35.171648" lon="128.668502">
			<ele>0.00</ele>
			<time>2020-01-16T23:16:41.28Z</time>
		</trkpt>
		<trkpt lat="35.171643" lon="128.668479">
			<ele>0.00</ele>
			<time>2020-01-16T23:16:41.41Z</time>
		</trkpt>
		<trkpt lat="35.171636" lon="128.668454">
			<ele>0.00</ele>
			<time>2020-01-16T23:16:41.55Z</time>
		</trkpt>
		<trkpt lat="35.171630" lon="128.668427">
			<ele>0.00</ele>
			<time>2020-01-16T23:16:41.70Z</time>
		</trkpt>
		<trkpt lat="35.171623" lon="128.668403">
			<ele>0.00</ele>
			<time>2020-01-16T23:16:41.84Z</time>
		</trkpt>
		<trkpt lat="35.171619" lon="128.668384">
			<ele>0.00</ele>
			<time>2020-01-16T23:16:41.95Z</time>
		</trkpt>
		<trkpt lat="35.171613" lon="128.668364">
			<ele>0.00</ele>
			<time>2020-01-16T23:16:42.06Z</time>
		</trkpt>
		<trkpt lat="35.171604" lon="128.668327">
			<ele>0.00</ele>
			<time>2020-01-16T23:16:42.27Z</time>
		</trkpt>
		<trkpt lat="35.171598" lon="128.668310">
			<ele>0.00</ele>
			<time>2020-01-16T23:16:42.37Z</time>
		</trkpt>
		<trkpt lat="35.171593" lon="128.668295">
			<ele>0.00</ele>
			<time>2020-01-16T23:16:42.46Z</time>
		</trkpt>
		<trkpt lat="35.171588" lon="128.668277">
			<ele>0.00</ele>
			<time>2020-01-16T23:16:42.56Z</time>
		</trkpt>
		<trkpt lat="35.171585" lon="128.668261">
			<ele>0.00</ele>
			<time>2020-01-16T23:16:42.66Z</time>
		</trkpt>
		<trkpt lat="35.171577" lon="128.668234">
			<ele>0.00</ele>
			<time>2020-01-16T23:16:42.81Z</time>
		</trkpt>
		<trkpt lat="35.171571" lon="128.668212">
			<ele>0.00</ele>
			<time>2020-01-16T23:16:42.94Z</time>
		</trkpt>
		<trkpt lat="35.171563" lon="128.668193">
			<ele>0.00</ele>
			<time>2020-01-16T23:16:43.05Z</time>
		</trkpt>
		<trkpt lat="35.171554" lon="128.668168">
			<ele>0.00</ele>
			<time>2020-01-16T23:16:43.20Z</time>
		</trkpt>
		<trkpt lat="35.171544" lon="128.668143">
			<ele>0.00</ele>
			<time>2020-01-16T23:16:43.35Z</time>
		</trkpt>
		<trkpt lat="35.171534" lon="128.668123">
			<ele>0.00</ele>
			<time>2020-01-16T23:16:43.48Z</time>
		</trkpt>
		<trkpt lat="35.171523" lon="128.668104">
			<ele>0.00</ele>
			<time>2020-01-16T23:16:43.61Z</time>
		</trkpt>
		<trkpt lat="35.171514" lon="128.668081">
			<ele>0.00</ele>
			<time>2020-01-16T23:16:43.75Z</time>
		</trkpt>
		<trkpt lat="35.171507" lon="128.668060">
			<ele>0.00</ele>
			<time>2020-01-16T23:16:43.87Z</time>
		</trkpt>
		<trkpt lat="35.171500" lon="128.668040">
			<ele>0.00</ele>
			<time>2020-01-16T23:16:43.99Z</time>
		</trkpt>
		<trkpt lat="35.171495" lon="128.668019">
			<ele>0.00</ele>
			<time>2020-01-16T23:16:44.11Z</time>
		</trkpt>
		<trkpt lat="35.171488" lon="128.667997">
			<ele>0.00</ele>
			<time>2020-01-16T23:16:44.24Z</time>
		</trkpt>
		<trkpt lat="35.171480" lon="128.667975">
			<ele>0.00</ele>
			<time>2020-01-16T23:16:44.37Z</time>
		</trkpt>
		<trkpt lat="35.171470" lon="128.667953">
			<ele>0.00</ele>
			<time>2020-01-16T23:16:44.51Z</time>
		</trkpt>
		<trkpt lat="35.171460" lon="128.667935">
			<ele>0.00</ele>
			<time>2020-01-16T23:16:44.62Z</time>
		</trkpt>
		<trkpt lat="35.171450" lon="128.667913">
			<ele>0.00</ele>
			<time>2020-01-16T23:16:44.76Z</time>
		</trkpt>
		<trkpt lat="35.171438" lon="128.667897">
			<ele>0.00</ele>
			<time>2020-01-16T23:16:44.88Z</time>
		</trkpt>
		<trkpt lat="35.171432" lon="128.667876">
			<ele>0.00</ele>
			<time>2020-01-16T23:16:45Z</time>
		</trkpt>
		<trkpt lat="35.171429" lon="128.667851">
			<ele>0.00</ele>
			<time>2020-01-16T23:16:45.14Z</time>
		</trkpt>
		<trkpt lat="35.171425" lon="128.667826">
			<ele>0.00</ele>
			<time>2020-01-16T23:16:45.28Z</time>
		</trkpt>
		<trkpt lat="35.171424" lon="128.667804">
			<ele>0.00</ele>
			<time>2020-01-16T23:16:45.40Z</time>
		</trkpt>
		<trkpt lat="35.171416" lon="128.667777">
			<ele>0.00</ele>
			<time>2020-01-16T23:16:45.55Z</time>
		</trkpt>
		<trkpt lat="35.171407" lon="128.667754">
			<ele>0.00</ele>
			<time>2020-01-16T23:16:45.69Z</time>
		</trkpt>
		<trkpt lat="35.171397" lon="128.667725">
			<ele>0.00</ele>
			<time>2020-01-16T23:16:45.87Z</time>
		</trkpt>
		<trkpt lat="35.171387" lon="128.667700">
			<ele>0.00</ele>
			<time>2020-01-16T23:16:46.02Z</time>
		</trkpt>
		<trkpt lat="35.171377" lon="128.667682">
			<ele>0.00</ele>
			<time>2020-01-16T23:16:46.14Z</time>
		</trkpt>
		<trkpt lat="35.171365" lon="128.667655">
			<ele>0.00</ele>
			<time>2020-01-16T23:16:46.30Z</time>
		</trkpt>
		<trkpt lat="35.171350" lon="128.667630">
			<ele>0.00</ele>
			<time>2020-01-16T23:16:46.47Z</time>
		</trkpt>
		<trkpt lat="35.171342" lon="128.667614">
			<ele>0.00</ele>
			<time>2020-01-16T23:16:46.58Z</time>
		</trkpt>
		<trkpt lat="35.171333" lon="128.667600">
			<ele>0.00</ele>
			<time>2020-01-16T23:16:46.67Z</time>
		</trkpt>
		<trkpt lat="35.171320" lon="128.667577">
			<ele>0.00</ele>
			<time>2020-01-16T23:16:46.82Z</time>
		</trkpt>
		<trkpt lat="35.171311" lon="128.667564">
			<ele>0.00</ele>
			<time>2020-01-16T23:16:46.92Z</time>
		</trkpt>
		<trkpt lat="35.171304" lon="128.667551">
			<ele>0.00</ele>
			<time>2020-01-16T23:16:47Z</time>
		</trkpt>
		<trkpt lat="35.171297" lon="128.667536">
			<ele>0.00</ele>
			<time>2020-01-16T23:16:47.10Z</time>
		</trkpt>
		<trkpt lat="35.171289" lon="128.667516">
			<ele>0.00</ele>
			<time>2020-01-16T23:16:47.22Z</time>
		</trkpt>
		<trkpt lat="35.171280" lon="128.667499">
			<ele>0.00</ele>
			<time>2020-01-16T23:16:47.33Z</time>
		</trkpt>
		<trkpt lat="35.171270" lon="128.667483">
			<ele>0.00</ele>
			<time>2020-01-16T23:16:47.44Z</time>
		</trkpt>
		<trkpt lat="35.171259" lon="128.667462">
			<ele>0.00</ele>
			<time>2020-01-16T23:16:47.58Z</time>
		</trkpt>
		<trkpt lat="35.171250" lon="128.667444">
			<ele>0.00</ele>
			<time>2020-01-16T23:16:47.69Z</time>
		</trkpt>
		<trkpt lat="35.171234" lon="128.667418">
			<ele>0.00</ele>
			<time>2020-01-16T23:16:47.86Z</time>
		</trkpt>
		<trkpt lat="35.171222" lon="128.667395">
			<ele>0.00</ele>
			<time>2020-01-16T23:16:48.01Z</time>
		</trkpt>
		<trkpt lat="35.171213" lon="128.667378">
			<ele>0.00</ele>
			<time>2020-01-16T23:16:48.13Z</time>
		</trkpt>
		<trkpt lat="35.171204" lon="128.667356">
			<ele>0.00</ele>
			<time>2020-01-16T23:16:48.26Z</time>
		</trkpt>
		<trkpt lat="35.171196" lon="128.667335">
			<ele>0.00</ele>
			<time>2020-01-16T23:16:48.39Z</time>
		</trkpt>
		<trkpt lat="35.171185" lon="128.667313">
			<ele>0.00</ele>
			<time>2020-01-16T23:16:48.53Z</time>
		</trkpt>
		<trkpt lat="35.171176" lon="128.667293">
			<ele>0.00</ele>
			<time>2020-01-16T23:16:48.65Z</time>
		</trkpt>
		<trkpt lat="35.171167" lon="128.667264">
			<ele>0.00</ele>
			<time>2020-01-16T23:16:48.82Z</time>
		</trkpt>
		<trkpt lat="35.171158" lon="128.667246">
			<ele>0.00</ele>
			<time>2020-01-16T23:16:48.93Z</time>
		</trkpt>
		<trkpt lat="35.171146" lon="128.667225">
			<ele>0.00</ele>
			<time>2020-01-16T23:16:49.08Z</time>
		</trkpt>
		<trkpt lat="35.171137" lon="128.667201">
			<ele>0.00</ele>
			<time>2020-01-16T23:16:49.22Z</time>
		</trkpt>
		<trkpt lat="35.171127" lon="128.667176">
			<ele>0.00</ele>
			<time>2020-01-16T23:16:49.37Z</time>
		</trkpt>
		<trkpt lat="35.171116" lon="128.667148">
			<ele>0.00</ele>
			<time>2020-01-16T23:16:49.54Z</time>
		</trkpt>
		<trkpt lat="35.171111" lon="128.667134">
			<ele>0.00</ele>
			<time>2020-01-16T23:16:49.62Z</time>
		</trkpt>
		<trkpt lat="35.171099" lon="128.667108">
			<ele>0.00</ele>
			<time>2020-01-16T23:16:49.78Z</time>
		</trkpt>
		<trkpt lat="35.171089" lon="128.667087">
			<ele>0.00</ele>
			<time>2020-01-16T23:16:49.91Z</time>
		</trkpt>
		<trkpt lat="35.171079" lon="128.667069">
			<ele>0.00</ele>
			<time>2020-01-16T23:16:50.03Z</time>
		</trkpt>
		<trkpt lat="35.171069" lon="128.667051">
			<ele>0.00</ele>
			<time>2020-01-16T23:16:50.15Z</time>
		</trkpt>
		<trkpt lat="35.171060" lon="128.667032">
			<ele>0.00</ele>
			<time>2020-01-16T23:16:50.27Z</time>
		</trkpt>
		<trkpt lat="35.171052" lon="128.667016">
			<ele>0.00</ele>
			<time>2020-01-16T23:16:50.37Z</time>
		</trkpt>
		<trkpt lat="35.171045" lon="128.667004">
			<ele>0.00</ele>
			<time>2020-01-16T23:16:50.46Z</time>
		</trkpt>
		<trkpt lat="35.171038" lon="128.666991">
			<ele>0.00</ele>
			<time>2020-01-16T23:16:50.54Z</time>
		</trkpt>
		<trkpt lat="35.171026" lon="128.666970">
			<ele>0.00</ele>
			<time>2020-01-16T23:16:50.68Z</time>
		</trkpt>
		<trkpt lat="35.171018" lon="128.666956">
			<ele>0.00</ele>
			<time>2020-01-16T23:16:50.77Z</time>
		</trkpt>
		<trkpt lat="35.171009" lon="128.666942">
			<ele>0.00</ele>
			<time>2020-01-16T23:16:50.87Z</time>
		</trkpt>
		<trkpt lat="35.171003" lon="128.666928">
			<ele>0.00</ele>
			<time>2020-01-16T23:16:50.96Z</time>
		</trkpt>
		<trkpt lat="35.170994" lon="128.666910">
			<ele>0.00</ele>
			<time>2020-01-16T23:16:51.07Z</time>
		</trkpt>
		<trkpt lat="35.170986" lon="128.666888">
			<ele>0.00</ele>
			<time>2020-01-16T23:16:51.20Z</time>
		</trkpt>
		<trkpt lat="35.170976" lon="128.666872">
			<ele>0.00</ele>
			<time>2020-01-16T23:16:51.31Z</time>
		</trkpt>
		<trkpt lat="35.170969" lon="128.666858">
			<ele>0.00</ele>
			<time>2020-01-16T23:16:51.40Z</time>
		</trkpt>
		<trkpt lat="35.170959" lon="128.666838">
			<ele>0.00</ele>
			<time>2020-01-16T23:16:51.53Z</time>
		</trkpt>
		<trkpt lat="35.170951" lon="128.666819">
			<ele>0.00</ele>
			<time>2020-01-16T23:16:51.65Z</time>
		</trkpt>
		<trkpt lat="35.170943" lon="128.666799">
			<ele>0.00</ele>
			<time>2020-01-16T23:16:51.77Z</time>
		</trkpt>
		<trkpt lat="35.170931" lon="128.666779">
			<ele>0.00</ele>
			<time>2020-01-16T23:16:51.90Z</time>
		</trkpt>
		<trkpt lat="35.170918" lon="128.666758">
			<ele>0.00</ele>
			<time>2020-01-16T23:16:52.04Z</time>
		</trkpt>
		<trkpt lat="35.170909" lon="128.666734">
			<ele>0.00</ele>
			<time>2020-01-16T23:16:52.19Z</time>
		</trkpt>
		<trkpt lat="35.170904" lon="128.666720">
			<ele>0.00</ele>
			<time>2020-01-16T23:16:52.27Z</time>
		</trkpt>
		<trkpt lat="35.170892" lon="128.666704">
			<ele>0.00</ele>
			<time>2020-01-16T23:16:52.39Z</time>
		</trkpt>
		<trkpt lat="35.170882" lon="128.666683">
			<ele>0.00</ele>
			<time>2020-01-16T23:16:52.52Z</time>
		</trkpt>
		<trkpt lat="35.170875" lon="128.666666">
			<ele>0.00</ele>
			<time>2020-01-16T23:16:52.63Z</time>
		</trkpt>
		<trkpt lat="35.170867" lon="128.666648">
			<ele>0.00</ele>
			<time>2020-01-16T23:16:52.74Z</time>
		</trkpt>
		<trkpt lat="35.170858" lon="128.666633">
			<ele>0.00</ele>
			<time>2020-01-16T23:16:52.84Z</time>
		</trkpt>
		<trkpt lat="35.170849" lon="128.666616">
			<ele>0.00</ele>
			<time>2020-01-16T23:16:52.95Z</time>
		</trkpt>
		<trkpt lat="35.170838" lon="128.666594">
			<ele>0.00</ele>
			<time>2020-01-16T23:16:53.09Z</time>
		</trkpt>
		<trkpt lat="35.170831" lon="128.666576">
			<ele>0.00</ele>
			<time>2020-01-16T23:16:53.20Z</time>
		</trkpt>
		<trkpt lat="35.170820" lon="128.666554">
			<ele>0.00</ele>
			<time>2020-01-16T23:16:53.34Z</time>
		</trkpt>
		<trkpt lat="35.170813" lon="128.666533">
			<ele>0.00</ele>
			<time>2020-01-16T23:16:53.46Z</time>
		</trkpt>
		<trkpt lat="35.170798" lon="128.666508">
			<ele>0.00</ele>
			<time>2020-01-16T23:16:53.63Z</time>
		</trkpt>
		<trkpt lat="35.170782" lon="128.666482">
			<ele>0.00</ele>
			<time>2020-01-16T23:16:53.81Z</time>
		</trkpt>
		<trkpt lat="35.170773" lon="128.666472">
			<ele>0.00</ele>
			<time>2020-01-16T23:16:53.89Z</time>
		</trkpt>
		<trkpt lat="35.170765" lon="128.666460">
			<ele>0.00</ele>
			<time>2020-01-16T23:16:53.98Z</time>
		</trkpt>
		<trkpt lat="35.170755" lon="128.666439">
			<ele>0.00</ele>
			<time>2020-01-16T23:16:54.11Z</time>
		</trkpt>
		<trkpt lat="35.170749" lon="128.666420">
			<ele>0.00</ele>
			<time>2020-01-16T23:16:54.22Z</time>
		</trkpt>
		<trkpt lat="35.170750" lon="128.666396">
			<ele>0.00</ele>
			<time>2020-01-16T23:16:54.35Z</time>
		</trkpt>
		<trkpt lat="35.170752" lon="128.666367">
			<ele>0.00</ele>
			<time>2020-01-16T23:16:54.51Z</time>
		</trkpt>
		<trkpt lat="35.170762" lon="128.666344">
			<ele>0.00</ele>
			<time>2020-01-16T23:16:54.65Z</time>
		</trkpt>
		<trkpt lat="35.170771" lon="128.666324">
			<ele>0.00</ele>
			<time>2020-01-16T23:16:54.78Z</time>
		</trkpt>
		<trkpt lat="35.170787" lon="128.666310">
			<ele>0.00</ele>
			<time>2020-01-16T23:16:54.90Z</time>
		</trkpt>
		<trkpt lat="35.170804" lon="128.666300">
			<ele>0.00</ele>
			<time>2020-01-16T23:16:55.03Z</time>
		</trkpt>
		<trkpt lat="35.170828" lon="128.666295">
			<ele>0.00</ele>
			<time>2020-01-16T23:16:55.19Z</time>
		</trkpt>
		<trkpt lat="35.170843" lon="128.666301">
			<ele>0.00</ele>
			<time>2020-01-16T23:16:55.30Z</time>
		</trkpt>
		<trkpt lat="35.170861" lon="128.666313">
			<ele>0.00</ele>
			<time>2020-01-16T23:16:55.44Z</time>
		</trkpt>
		<trkpt lat="35.170881" lon="128.666329">
			<ele>0.00</ele>
			<time>2020-01-16T23:16:55.59Z</time>
		</trkpt>
		<trkpt lat="35.170906" lon="128.666349">
			<ele>0.00</ele>
			<time>2020-01-16T23:16:55.79Z</time>
		</trkpt>
		<trkpt lat="35.170923" lon="128.666365">
			<ele>0.00</ele>
			<time>2020-01-16T23:16:55.93Z</time>
		</trkpt>
		<trkpt lat="35.170948" lon="128.666386">
			<ele>0.00</ele>
			<time>2020-01-16T23:16:56.14Z</time>
		</trkpt>
		<trkpt lat="35.170976" lon="128.666410">
			<ele>0.00</ele>
			<time>2020-01-16T23:16:56.37Z</time>
		</trkpt>
		<trkpt lat="35.170997" lon="128.666428">
			<ele>0.00</ele>
			<time>2020-01-16T23:16:56.54Z</time>
		</trkpt>
		<trkpt lat="35.171018" lon="128.666447">
			<ele>0.00</ele>
			<time>2020-01-16T23:16:56.71Z</time>
		</trkpt>
		<trkpt lat="35.171043" lon="128.666467">
			<ele>0.00</ele>
			<time>2020-01-16T23:16:56.91Z</time>
		</trkpt>
		<trkpt lat="35.171062" lon="128.666481">
			<ele>0.00</ele>
			<time>2020-01-16T23:16:57.06Z</time>
		</trkpt>
		<trkpt lat="35.171085" lon="128.666498">
			<ele>0.00</ele>
			<time>2020-01-16T23:16:57.24Z</time>
		</trkpt>
		<trkpt lat="35.171111" lon="128.666516">
			<ele>0.00</ele>
			<time>2020-01-16T23:16:57.44Z</time>
		</trkpt>
		<trkpt lat="35.171130" lon="128.666530">
			<ele>0.00</ele>
			<time>2020-01-16T23:16:57.59Z</time>
		</trkpt>
		<trkpt lat="35.171150" lon="128.666546">
			<ele>0.00</ele>
			<time>2020-01-16T23:16:57.75Z</time>
		</trkpt>
		<trkpt lat="35.171176" lon="128.666560">
			<ele>0.00</ele>
			<time>2020-01-16T23:16:57.93Z</time>
		</trkpt>
		<trkpt lat="35.171198" lon="128.666576">
			<ele>0.00</ele>
			<time>2020-01-16T23:16:58.11Z</time>
		</trkpt>
		<trkpt lat="35.171220" lon="128.666593">
			<ele>0.00</ele>
			<time>2020-01-16T23:16:58.28Z</time>
		</trkpt>
		<trkpt lat="35.171236" lon="128.666607">
			<ele>0.00</ele>
			<time>2020-01-16T23:16:58.41Z</time>
		</trkpt>
		<trkpt lat="35.171255" lon="128.666620">
			<ele>0.00</ele>
			<time>2020-01-16T23:16:58.56Z</time>
		</trkpt>
		<trkpt lat="35.171277" lon="128.666636">
			<ele>0.00</ele>
			<time>2020-01-16T23:16:58.73Z</time>
		</trkpt>
		<trkpt lat="35.171293" lon="128.666649">
			<ele>0.00</ele>
			<time>2020-01-16T23:16:58.85Z</time>
		</trkpt>
		<trkpt lat="35.171315" lon="128.666666">
			<ele>0.00</ele>
			<time>2020-01-16T23:16:59.03Z</time>
		</trkpt>
		<trkpt lat="35.171334" lon="128.666681">
			<ele>0.00</ele>
			<time>2020-01-16T23:16:59.18Z</time>
		</trkpt>
		<trkpt lat="35.171354" lon="128.666693">
			<ele>0.00</ele>
			<time>2020-01-16T23:16:59.33Z</time>
		</trkpt>
		<trkpt lat="35.171374" lon="128.666710">
			<ele>0.00</ele>
			<time>2020-01-16T23:16:59.49Z</time>
		</trkpt>
		<trkpt lat="35.171394" lon="128.666730">
			<ele>0.00</ele>
			<time>2020-01-16T23:16:59.66Z</time>
		</trkpt>
		<trkpt lat="35.171413" lon="128.666746">
			<ele>0.00</ele>
			<time>2020-01-16T23:16:59.82Z</time>
		</trkpt>
		<trkpt lat="35.171431" lon="128.666763">
			<ele>0.00</ele>
			<time>2020-01-16T23:16:59.97Z</time>
		</trkpt>
		<trkpt lat="35.171451" lon="128.666783">
			<ele>0.00</ele>
			<time>2020-01-16T23:17:00.14Z</time>
		</trkpt>
		<trkpt lat="35.171469" lon="128.666805">
			<ele>0.00</ele>
			<time>2020-01-16T23:17:00.31Z</time>
		</trkpt>
		<trkpt lat="35.171486" lon="128.666832">
			<ele>0.00</ele>
			<time>2020-01-16T23:17:00.50Z</time>
		</trkpt>
		<trkpt lat="35.171499" lon="128.666848">
			<ele>0.00</ele>
			<time>2020-01-16T23:17:00.62Z</time>
		</trkpt>
		<trkpt lat="35.171516" lon="128.666874">
			<ele>0.00</ele>
			<time>2020-01-16T23:17:00.80Z</time>
		</trkpt>
		<trkpt lat="35.171542" lon="128.666905">
			<ele>0.00</ele>
			<time>2020-01-16T23:17:01.04Z</time>
		</trkpt>
		<trkpt lat="35.171563" lon="128.666933">
			<ele>0.00</ele>
			<time>2020-01-16T23:17:01.25Z</time>
		</trkpt>
		<trkpt lat="35.171574" lon="128.666949">
			<ele>0.00</ele>
			<time>2020-01-16T23:17:01.36Z</time>
		</trkpt>
		<trkpt lat="35.171592" lon="128.666963">
			<ele>0.00</ele>
			<time>2020-01-16T23:17:01.50Z</time>
		</trkpt>
		<trkpt lat="35.171610" lon="128.666987">
			<ele>0.00</ele>
			<time>2020-01-16T23:17:01.68Z</time>
		</trkpt>
		<trkpt lat="35.171628" lon="128.667007">
			<ele>0.00</ele>
			<time>2020-01-16T23:17:01.84Z</time>
		</trkpt>
		<trkpt lat="35.171648" lon="128.667030">
			<ele>0.00</ele>
			<time>2020-01-16T23:17:02.02Z</time>
		</trkpt>
		<trkpt lat="35.171666" lon="128.667048">
			<ele>0.00</ele>
			<time>2020-01-16T23:17:02.18Z</time>
		</trkpt>
		<trkpt lat="35.171687" lon="128.667067">
			<ele>0.00</ele>
			<time>2020-01-16T23:17:02.35Z</time>
		</trkpt>
		<trkpt lat="35.171703" lon="128.667086">
			<ele>0.00</ele>
			<time>2020-01-16T23:17:02.50Z</time>
		</trkpt>
		<trkpt lat="35.171725" lon="128.667101">
			<ele>0.00</ele>
			<time>2020-01-16T23:17:02.67Z</time>
		</trkpt>
		<trkpt lat="35.171748" lon="128.667117">
			<ele>0.00</ele>
			<time>2020-01-16T23:17:02.85Z</time>
		</trkpt>
		<trkpt lat="35.171768" lon="128.667126">
			<ele>0.00</ele>
			<time>2020-01-16T23:17:02.99Z</time>
		</trkpt>
		<trkpt lat="35.171788" lon="128.667134">
			<ele>0.00</ele>
			<time>2020-01-16T23:17:03.13Z</time>
		</trkpt>
		<trkpt lat="35.171810" lon="128.667143">
			<ele>0.00</ele>
			<time>2020-01-16T23:17:03.28Z</time>
		</trkpt>
		<trkpt lat="35.171831" lon="128.667150">
			<ele>0.00</ele>
			<time>2020-01-16T23:17:03.43Z</time>
		</trkpt>
		<trkpt lat="35.171853" lon="128.667156">
			<ele>0.00</ele>
			<time>2020-01-16T23:17:03.58Z</time>
		</trkpt>
		<trkpt lat="35.171881" lon="128.667170">
			<ele>0.00</ele>
			<time>2020-01-16T23:17:03.78Z</time>
		</trkpt>
		<trkpt lat="35.171907" lon="128.667181">
			<ele>0.00</ele>
			<time>2020-01-16T23:17:03.97Z</time>
		</trkpt>
		<trkpt lat="35.171932" lon="128.667197">
			<ele>0.00</ele>
			<time>2020-01-16T23:17:04.16Z</time>
		</trkpt>
		<trkpt lat="35.171962" lon="128.667216">
			<ele>0.00</ele>
			<time>2020-01-16T23:17:04.38Z</time>
		</trkpt>
		<trkpt lat="35.171992" lon="128.667235">
			<ele>0.00</ele>
			<time>2020-01-16T23:17:04.61Z</time>
		</trkpt>
		<trkpt lat="35.172014" lon="128.667250">
			<ele>0.00</ele>
			<time>2020-01-16T23:17:04.77Z</time>
		</trkpt>
		<trkpt lat="35.172043" lon="128.667263">
			<ele>0.00</ele>
			<time>2020-01-16T23:17:04.98Z</time>
		</trkpt>
		<trkpt lat="35.172067" lon="128.667282">
			<ele>0.00</ele>
			<time>2020-01-16T23:17:05.17Z</time>
		</trkpt>
		<trkpt lat="35.172095" lon="128.667309">
			<ele>0.00</ele>
			<time>2020-01-16T23:17:05.41Z</time>
		</trkpt>
		<trkpt lat="35.172118" lon="128.667334">
			<ele>0.00</ele>
			<time>2020-01-16T23:17:05.61Z</time>
		</trkpt>
		<trkpt lat="35.172134" lon="128.667362">
			<ele>0.00</ele>
			<time>2020-01-16T23:17:05.80Z</time>
		</trkpt>
		<trkpt lat="35.172153" lon="128.667388">
			<ele>0.00</ele>
			<time>2020-01-16T23:17:05.99Z</time>
		</trkpt>
		<trkpt lat="35.172171" lon="128.667417">
			<ele>0.00</ele>
			<time>2020-01-16T23:17:06.18Z</time>
		</trkpt>
		<trkpt lat="35.172189" lon="128.667437">
			<ele>0.00</ele>
			<time>2020-01-16T23:17:06.35Z</time>
		</trkpt>
		<trkpt lat="35.172210" lon="128.667466">
			<ele>0.00</ele>
			<time>2020-01-16T23:17:06.56Z</time>
		</trkpt>
		<trkpt lat="35.172232" lon="128.667485">
			<ele>0.00</ele>
			<time>2020-01-16T23:17:06.73Z</time>
		</trkpt>
		<trkpt lat="35.172252" lon="128.667500">
			<ele>0.00</ele>
			<time>2020-01-16T23:17:06.89Z</time>
		</trkpt>
		<trkpt lat="35.172273" lon="128.667516">
			<ele>0.00</ele>
			<time>2020-01-16T23:17:07.06Z</time>
		</trkpt>
		<trkpt lat="35.172295" lon="128.667524">
			<ele>0.00</ele>
			<time>2020-01-16T23:17:07.21Z</time>
		</trkpt>
		<trkpt lat="35.172328" lon="128.667519">
			<ele>0.00</ele>
			<time>2020-01-16T23:17:07.43Z</time>
		</trkpt>
		<trkpt lat="35.172356" lon="128.667525">
			<ele>0.00</ele>
			<time>2020-01-16T23:17:07.62Z</time>
		</trkpt>
		<trkpt lat="35.172385" lon="128.667524">
			<ele>0.00</ele>
			<time>2020-01-16T23:17:07.81Z</time>
		</trkpt>
		<trkpt lat="35.172412" lon="128.667526">
			<ele>0.00</ele>
			<time>2020-01-16T23:17:07.99Z</time>
		</trkpt>
		<trkpt lat="35.172437" lon="128.667522">
			<ele>0.00</ele>
			<time>2020-01-16T23:17:08.16Z</time>
		</trkpt>
		<trkpt lat="35.172469" lon="128.667522">
			<ele>0.00</ele>
			<time>2020-01-16T23:17:08.38Z</time>
		</trkpt>
		<trkpt lat="35.172501" lon="128.667520">
			<ele>0.00</ele>
			<time>2020-01-16T23:17:08.59Z</time>
		</trkpt>
		<trkpt lat="35.172533" lon="128.667517">
			<ele>0.00</ele>
			<time>2020-01-16T23:17:08.81Z</time>
		</trkpt>
		<trkpt lat="35.172562" lon="128.667514">
			<ele>0.00</ele>
			<time>2020-01-16T23:17:09Z</time>
		</trkpt>
		<trkpt lat="35.172590" lon="128.667510">
			<ele>0.00</ele>
			<time>2020-01-16T23:17:09.18Z</time>
		</trkpt>
		<trkpt lat="35.172618" lon="128.667502">
			<ele>0.00</ele>
			<time>2020-01-16T23:17:09.38Z</time>
		</trkpt>
		<trkpt lat="35.172647" lon="128.667477">
			<ele>0.00</ele>
			<time>2020-01-16T23:17:09.61Z</time>
		</trkpt>
		<trkpt lat="35.172672" lon="128.667463">
			<ele>0.00</ele>
			<time>2020-01-16T23:17:09.80Z</time>
		</trkpt>
		<trkpt lat="35.172696" lon="128.667459">
			<ele>0.00</ele>
			<time>2020-01-16T23:17:09.96Z</time>
		</trkpt>
		<trkpt lat="35.172724" lon="128.667457">
			<ele>0.00</ele>
			<time>2020-01-16T23:17:10.15Z</time>
		</trkpt>
		<trkpt lat="35.172756" lon="128.667452">
			<ele>0.00</ele>
			<time>2020-01-16T23:17:10.36Z</time>
		</trkpt>
		<trkpt lat="35.172782" lon="128.667445">
			<ele>0.00</ele>
			<time>2020-01-16T23:17:10.53Z</time>
		</trkpt>
		<trkpt lat="35.172803" lon="128.667422">
			<ele>0.00</ele>
			<time>2020-01-16T23:17:10.73Z</time>
		</trkpt>
		<trkpt lat="35.172828" lon="128.667393">
			<ele>0.00</ele>
			<time>2020-01-16T23:17:10.96Z</time>
		</trkpt>
		<trkpt lat="35.172854" lon="128.667368">
			<ele>0.00</ele>
			<time>2020-01-16T23:17:11.18Z</time>
		</trkpt>
		<trkpt lat="35.172876" lon="128.667349">
			<ele>0.00</ele>
			<time>2020-01-16T23:17:11.36Z</time>
		</trkpt>
		<trkpt lat="35.172900" lon="128.667325">
			<ele>0.00</ele>
			<time>2020-01-16T23:17:11.56Z</time>
		</trkpt>
		<trkpt lat="35.172921" lon="128.667302">
			<ele>0.00</ele>
			<time>2020-01-16T23:17:11.75Z</time>
		</trkpt>
		<trkpt lat="35.172939" lon="128.667281">
			<ele>0.00</ele>
			<time>2020-01-16T23:17:11.92Z</time>
		</trkpt>
		<trkpt lat="35.172948" lon="128.667264">
			<ele>0.00</ele>
			<time>2020-01-16T23:17:12.03Z</time>
		</trkpt>
		<trkpt lat="35.172967" lon="128.667248">
			<ele>0.00</ele>
			<time>2020-01-16T23:17:12.18Z</time>
		</trkpt>
		<trkpt lat="35.172997" lon="128.667248">
			<ele>0.00</ele>
			<time>2020-01-16T23:17:12.38Z</time>
		</trkpt>
		<trkpt lat="35.173028" lon="128.667256">
			<ele>0.00</ele>
			<time>2020-01-16T23:17:12.59Z</time>
		</trkpt>
		<trkpt lat="35.173064" lon="128.667269">
			<ele>0.00</ele>
			<time>2020-01-16T23:17:12.84Z</time>
		</trkpt>
		<trkpt lat="35.173094" lon="128.667279">
			<ele>0.00</ele>
			<time>2020-01-16T23:17:13.05Z</time>
		</trkpt>
		<trkpt lat="35.173123" lon="128.667288">
			<ele>0.00</ele>
			<time>2020-01-16T23:17:13.25Z</time>
		</trkpt>
		<trkpt lat="35.173149" lon="128.667300">
			<ele>0.00</ele>
			<time>2020-01-16T23:17:13.43Z</time>
		</trkpt>
		<trkpt lat="35.173176" lon="128.667310">
			<ele>0.00</ele>
			<time>2020-01-16T23:17:13.62Z</time>
		</trkpt>
		<trkpt lat="35.173207" lon="128.667321">
			<ele>0.00</ele>
			<time>2020-01-16T23:17:13.83Z</time>
		</trkpt>
		<trkpt lat="35.173232" lon="128.667327">
			<ele>0.00</ele>
			<time>2020-01-16T23:17:14.01Z</time>
		</trkpt>
		<trkpt lat="35.173260" lon="128.667341">
			<ele>0.00</ele>
			<time>2020-01-16T23:17:14.21Z</time>
		</trkpt>
		<trkpt lat="35.173281" lon="128.667349">
			<ele>0.00</ele>
			<time>2020-01-16T23:17:14.36Z</time>
		</trkpt>
		<trkpt lat="35.173305" lon="128.667357">
			<ele>0.00</ele>
			<time>2020-01-16T23:17:14.52Z</time>
		</trkpt>
		<trkpt lat="35.173331" lon="128.667370">
			<ele>0.00</ele>
			<time>2020-01-16T23:17:14.71Z</time>
		</trkpt>
		<trkpt lat="35.173359" lon="128.667381">
			<ele>0.00</ele>
			<time>2020-01-16T23:17:14.90Z</time>
		</trkpt>
		<trkpt lat="35.173390" lon="128.667392">
			<ele>0.00</ele>
			<time>2020-01-16T23:17:15.12Z</time>
		</trkpt>
		<trkpt lat="35.173419" lon="128.667402">
			<ele>0.00</ele>
			<time>2020-01-16T23:17:15.32Z</time>
		</trkpt>
		<trkpt lat="35.173445" lon="128.667402">
			<ele>0.00</ele>
			<time>2020-01-16T23:17:15.49Z</time>
		</trkpt>
		<trkpt lat="35.173471" lon="128.667394">
			<ele>0.00</ele>
			<time>2020-01-16T23:17:15.67Z</time>
		</trkpt>
		<trkpt lat="35.173487" lon="128.667384">
			<ele>0.00</ele>
			<time>2020-01-16T23:17:15.79Z</time>
		</trkpt>
		<trkpt lat="35.173503" lon="128.667369">
			<ele>0.00</ele>
			<time>2020-01-16T23:17:15.93Z</time>
		</trkpt>
		<trkpt lat="35.173512" lon="128.667356">
			<ele>0.00</ele>
			<time>2020-01-16T23:17:16.02Z</time>
		</trkpt>
		<trkpt lat="35.173519" lon="128.667331">
			<ele>0.00</ele>
			<time>2020-01-16T23:17:16.17Z</time>
		</trkpt>
		<trkpt lat="35.173523" lon="128.667305">
			<ele>0.00</ele>
			<time>2020-01-16T23:17:16.31Z</time>
		</trkpt>
		<trkpt lat="35.173526" lon="128.667266">
			<ele>0.00</ele>
			<time>2020-01-16T23:17:16.52Z</time>
		</trkpt>
		<trkpt lat="35.173531" lon="128.667224">
			<ele>0.00</ele>
			<time>2020-01-16T23:17:16.75Z</time>
		</trkpt>
		<trkpt lat="35.173534" lon="128.667185">
			<ele>0.00</ele>
			<time>2020-01-16T23:17:16.96Z</time>
		</trkpt>
		<trkpt lat="35.173531" lon="128.667156">
			<ele>0.00</ele>
			<time>2020-01-16T23:17:17.13Z</time>
		</trkpt>
		<trkpt lat="35.173537" lon="128.667114">
			<ele>0.00</ele>
			<time>2020-01-16T23:17:17.36Z</time>
		</trkpt>
		<trkpt lat="35.173549" lon="128.667071">
			<ele>0.00</ele>
			<time>2020-01-16T23:17:17.60Z</time>
		</trkpt>
		<trkpt lat="35.173559" lon="128.667038">
			<ele>0.00</ele>
			<time>2020-01-16T23:17:17.80Z</time>
		</trkpt>
		<trkpt lat="35.173570" lon="128.666989">
			<ele>0.00</ele>
			<time>2020-01-16T23:17:18.07Z</time>
		</trkpt>
		<trkpt lat="35.173586" lon="128.666954">
			<ele>0.00</ele>
			<time>2020-01-16T23:17:18.29Z</time>
		</trkpt>
		<trkpt lat="35.173600" lon="128.666924">
			<ele>0.00</ele>
			<time>2020-01-16T23:17:18.48Z</time>
		</trkpt>
		<trkpt lat="35.173623" lon="128.666897">
			<ele>0.00</ele>
			<time>2020-01-16T23:17:18.69Z</time>
		</trkpt>
		<trkpt lat="35.173650" lon="128.666871">
			<ele>0.00</ele>
			<time>2020-01-16T23:17:18.92Z</time>
		</trkpt>
		<trkpt lat="35.173671" lon="128.666850">
			<ele>0.00</ele>
			<time>2020-01-16T23:17:19.10Z</time>
		</trkpt>
		<trkpt lat="35.173689" lon="128.666832">
			<ele>0.00</ele>
			<time>2020-01-16T23:17:19.26Z</time>
		</trkpt>
		<trkpt lat="35.173710" lon="128.666815">
			<ele>0.00</ele>
			<time>2020-01-16T23:17:19.43Z</time>
		</trkpt>
		<trkpt lat="35.173732" lon="128.666792">
			<ele>0.00</ele>
			<time>2020-01-16T23:17:19.62Z</time>
		</trkpt>
		<trkpt lat="35.173757" lon="128.666772">
			<ele>0.00</ele>
			<time>2020-01-16T23:17:19.81Z</time>
		</trkpt>
		<trkpt lat="35.173776" lon="128.666757">
			<ele>0.00</ele>
			<time>2020-01-16T23:17:19.96Z</time>
		</trkpt>
		<trkpt lat="35.173807" lon="128.666736">
			<ele>0.00</ele>
			<time>2020-01-16T23:17:20.21Z</time>
		</trkpt>
		<trkpt lat="35.173836" lon="128.666714">
			<ele>0.00</ele>
			<time>2020-01-16T23:17:20.43Z</time>
		</trkpt>
		<trkpt lat="35.173868" lon="128.666688">
			<ele>0.00</ele>
			<time>2020-01-16T23:17:20.69Z</time>
		</trkpt>
		<trkpt lat="35.173897" lon="128.666664">
			<ele>0.00</ele>
			<time>2020-01-16T23:17:20.92Z</time>
		</trkpt>
		<trkpt lat="35.173921" lon="128.666635">
			<ele>0.00</ele>
			<time>2020-01-16T23:17:21.15Z</time>
		</trkpt>
		<trkpt lat="35.173941" lon="128.666611">
			<ele>0.00</ele>
			<time>2020-01-16T23:17:21.33Z</time>
		</trkpt>
		<trkpt lat="35.173948" lon="128.666579">
			<ele>0.00</ele>
			<time>2020-01-16T23:17:21.51Z</time>
		</trkpt>
		<trkpt lat="35.173955" lon="128.666546">
			<ele>0.00</ele>
			<time>2020-01-16T23:17:21.70Z</time>
		</trkpt>
		<trkpt lat="35.173960" lon="128.666510">
			<ele>0.00</ele>
			<time>2020-01-16T23:17:21.90Z</time>
		</trkpt>
		<trkpt lat="35.173963" lon="128.666477">
			<ele>0.00</ele>
			<time>2020-01-16T23:17:22.08Z</time>
		</trkpt>
		<trkpt lat="35.173967" lon="128.666440">
			<ele>0.00</ele>
			<time>2020-01-16T23:17:22.28Z</time>
		</trkpt>
		<trkpt lat="35.173968" lon="128.666404">
			<ele>0.00</ele>
			<time>2020-01-16T23:17:22.48Z</time>
		</trkpt>
		<trkpt lat="35.173963" lon="128.666364">
			<ele>0.00</ele>
			<time>2020-01-16T23:17:22.70Z</time>
		</trkpt>
		<trkpt lat="35.173956" lon="128.666332">
			<ele>0.00</ele>
			<time>2020-01-16T23:17:22.88Z</time>
		</trkpt>
		<trkpt lat="35.173934" lon="128.666305">
			<ele>0.00</ele>
			<time>2020-01-16T23:17:23.08Z</time>
		</trkpt>
		<trkpt lat="35.173915" lon="128.666290">
			<ele>0.00</ele>
			<time>2020-01-16T23:17:23.24Z</time>
		</trkpt>
		<trkpt lat="35.173881" lon="128.666277">
			<ele>0.00</ele>
			<time>2020-01-16T23:17:23.47Z</time>
		</trkpt>
		<trkpt lat="35.173858" lon="128.666269">
			<ele>0.00</ele>
			<time>2020-01-16T23:17:23.63Z</time>
		</trkpt>
		<trkpt lat="35.173832" lon="128.666256">
			<ele>0.00</ele>
			<time>2020-01-16T23:17:23.82Z</time>
		</trkpt>
		<trkpt lat="35.173804" lon="128.666240">
			<ele>0.00</ele>
			<time>2020-01-16T23:17:24.03Z</time>
		</trkpt>
		<trkpt lat="35.173783" lon="128.666223">
			<ele>0.00</ele>
			<time>2020-01-16T23:17:24.19Z</time>
		</trkpt>
		<trkpt lat="35.173747" lon="128.666189">
			<ele>0.00</ele>
			<time>2020-01-16T23:17:24.50Z</time>
		</trkpt>
		<trkpt lat="35.173724" lon="128.666162">
			<ele>0.00</ele>
			<time>2020-01-16T23:17:24.71Z</time>
		</trkpt>
		<trkpt lat="35.173693" lon="128.666126">
			<ele>0.00</ele>
			<time>2020-01-16T23:17:24.99Z</time>
		</trkpt>
		<trkpt lat="35.173658" lon="128.666084">
			<ele>0.00</ele>
			<time>2020-01-16T23:17:25.32Z</time>
		</trkpt>
		<trkpt lat="35.173636" lon="128.666048">
			<ele>0.00</ele>
			<time>2020-01-16T23:17:25.57Z</time>
		</trkpt>
		<trkpt lat="35.173614" lon="128.666008">
			<ele>0.00</ele>
			<time>2020-01-16T23:17:25.83Z</time>
		</trkpt>
		<trkpt lat="35.173589" lon="128.665971">
			<ele>0.00</ele>
			<time>2020-01-16T23:17:26.09Z</time>
		</trkpt>
		<trkpt lat="35.173571" lon="128.665925">
			<ele>0.00</ele>
			<time>2020-01-16T23:17:26.37Z</time>
		</trkpt>
		<trkpt lat="35.173555" lon="128.665871">
			<ele>0.00</ele>
			<time>2020-01-16T23:17:26.68Z</time>
		</trkpt>
		<trkpt lat="35.173540" lon="128.665822">
			<ele>0.00</ele>
			<time>2020-01-16T23:17:26.97Z</time>
		</trkpt>
		<trkpt lat="35.173526" lon="128.665767">
			<ele>0.00</ele>
			<time>2020-01-16T23:17:27.28Z</time>
		</trkpt>
		<trkpt lat="35.173513" lon="128.665710">
			<ele>0.00</ele>
			<time>2020-01-16T23:17:27.61Z</time>
		</trkpt>
		<trkpt lat="35.173498" lon="128.665652">
			<ele>0.00</ele>
			<time>2020-01-16T23:17:27.94Z</time>
		</trkpt>
		<trkpt lat="35.173487" lon="128.665617">
			<ele>0.00</ele>
			<time>2020-01-16T23:17:28.14Z</time>
		</trkpt>
		<trkpt lat="35.173480" lon="128.665577">
			<ele>0.00</ele>
			<time>2020-01-16T23:17:28.36Z</time>
		</trkpt>
		<trkpt lat="35.173476" lon="128.665539">
			<ele>0.00</ele>
			<time>2020-01-16T23:17:28.57Z</time>
		</trkpt>
		<trkpt lat="35.173475" lon="128.665500">
			<ele>0.00</ele>
			<time>2020-01-16T23:17:28.78Z</time>
		</trkpt>
		<trkpt lat="35.173473" lon="128.665453">
			<ele>0.00</ele>
			<time>2020-01-16T23:17:29.04Z</time>
		</trkpt>
		<trkpt lat="35.173476" lon="128.665398">
			<ele>0.00</ele>
			<time>2020-01-16T23:17:29.34Z</time>
		</trkpt>
		<trkpt lat="35.173480" lon="128.665360">
			<ele>0.00</ele>
			<time>2020-01-16T23:17:29.55Z</time>
		</trkpt>
		<trkpt lat="35.173484" lon="128.665325">
			<ele>0.00</ele>
			<time>2020-01-16T23:17:29.74Z</time>
		</trkpt>
		<trkpt lat="35.173489" lon="128.665275">
			<ele>0.00</ele>
			<time>2020-01-16T23:17:30.02Z</time>
		</trkpt>
		<trkpt lat="35.173495" lon="128.665240">
			<ele>0.00</ele>
			<time>2020-01-16T23:17:30.21Z</time>
		</trkpt>
		<trkpt lat="35.173504" lon="128.665204">
			<ele>0.00</ele>
			<time>2020-01-16T23:17:30.42Z</time>
		</trkpt>
		<trkpt lat="35.173513" lon="128.665162">
			<ele>0.00</ele>
			<time>2020-01-16T23:17:30.65Z</time>
		</trkpt>
		<trkpt lat="35.173530" lon="128.665120">
			<ele>0.00</ele>
			<time>2020-01-16T23:17:30.91Z</time>
		</trkpt>
		<trkpt lat="35.173548" lon="128.665082">
			<ele>0.00</ele>
			<time>2020-01-16T23:17:31.15Z</time>
		</trkpt>
		<trkpt lat="35.173568" lon="128.665039">
			<ele>0.00</ele>
			<time>2020-01-16T23:17:31.42Z</time>
		</trkpt>
		<trkpt lat="35.173593" lon="128.664984">
			<ele>0.00</ele>
			<time>2020-01-16T23:17:31.76Z</time>
		</trkpt>
		<trkpt lat="35.173621" lon="128.664941">
			<ele>0.00</ele>
			<time>2020-01-16T23:17:32.06Z</time>
		</trkpt>
		<trkpt lat="35.173654" lon="128.664898">
			<ele>0.00</ele>
			<time>2020-01-16T23:17:32.38Z</time>
		</trkpt>
		<trkpt lat="35.173688" lon="128.664860">
			<ele>0.00</ele>
			<time>2020-01-16T23:17:32.69Z</time>
		</trkpt>
		<trkpt lat="35.173719" lon="128.664832">
			<ele>0.00</ele>
			<time>2020-01-16T23:17:32.94Z</time>
		</trkpt>
		<trkpt lat="35.173753" lon="128.664792">
			<ele>0.00</ele>
			<time>2020-01-16T23:17:33.25Z</time>
		</trkpt>
		<trkpt lat="35.173787" lon="128.664763">
			<ele>0.00</ele>
			<time>2020-01-16T23:17:33.54Z</time>
		</trkpt>
		<trkpt lat="35.173817" lon="128.664741">
			<ele>0.00</ele>
			<time>2020-01-16T23:17:33.77Z</time>
		</trkpt>
		<trkpt lat="35.173840" lon="128.664714">
			<ele>0.00</ele>
			<time>2020-01-16T23:17:33.98Z</time>
		</trkpt>
		<trkpt lat="35.173868" lon="128.664674">
			<ele>0.00</ele>
			<time>2020-01-16T23:17:34.27Z</time>
		</trkpt>
		<trkpt lat="35.173888" lon="128.664637">
			<ele>0.00</ele>
			<time>2020-01-16T23:17:34.51Z</time>
		</trkpt>
		<trkpt lat="35.173904" lon="128.664589">
			<ele>0.00</ele>
			<time>2020-01-16T23:17:34.79Z</time>
		</trkpt>
		<trkpt lat="35.173904" lon="128.664531">
			<ele>0.00</ele>
			<time>2020-01-16T23:17:35.11Z</time>
		</trkpt>
		<trkpt lat="35.173901" lon="128.664479">
			<ele>0.00</ele>
			<time>2020-01-16T23:17:35.39Z</time>
		</trkpt>
		<trkpt lat="35.173897" lon="128.664409">
			<ele>0.00</ele>
			<time>2020-01-16T23:17:35.77Z</time>
		</trkpt>
		<trkpt lat="35.173895" lon="128.664342">
			<ele>0.00</ele>
			<time>2020-01-16T23:17:36.14Z</time>
		</trkpt>
		<trkpt lat="35.173888" lon="128.664274">
			<ele>0.00</ele>
			<time>2020-01-16T23:17:36.51Z</time>
		</trkpt>
		<trkpt lat="35.173878" lon="128.664207">
			<ele>0.00</ele>
			<time>2020-01-16T23:17:36.88Z</time>
		</trkpt>
		<trkpt lat="35.173863" lon="128.664143">
			<ele>0.00</ele>
			<time>2020-01-16T23:17:37.24Z</time>
		</trkpt>
		<trkpt lat="35.173849" lon="128.664074">
			<ele>0.00</ele>
			<time>2020-01-16T23:17:37.63Z</time>
		</trkpt>
		<trkpt lat="35.173838" lon="128.664025">
			<ele>0.00</ele>
			<time>2020-01-16T23:17:37.91Z</time>
		</trkpt>
		<trkpt lat="35.173825" lon="128.663987">
			<ele>0.00</ele>
			<time>2020-01-16T23:17:38.13Z</time>
		</trkpt>
		<trkpt lat="35.173818" lon="128.663940">
			<ele>0.00</ele>
			<time>2020-01-16T23:17:38.40Z</time>
		</trkpt>
		<trkpt lat="35.173812" lon="128.663888">
			<ele>0.00</ele>
			<time>2020-01-16T23:17:38.68Z</time>
		</trkpt>
		<trkpt lat="35.173808" lon="128.663837">
			<ele>0.00</ele>
			<time>2020-01-16T23:17:38.96Z</time>
		</trkpt>
		<trkpt lat="35.173805" lon="128.663776">
			<ele>0.00</ele>
			<time>2020-01-16T23:17:39.29Z</time>
		</trkpt>
		<trkpt lat="35.173800" lon="128.663720">
			<ele>0.00</ele>
			<time>2020-01-16T23:17:39.60Z</time>
		</trkpt>
		<trkpt lat="35.173795" lon="128.663678">
			<ele>0.00</ele>
			<time>2020-01-16T23:17:39.83Z</time>
		</trkpt>
		<trkpt lat="35.173794" lon="128.663621">
			<ele>0.00</ele>
			<time>2020-01-16T23:17:40.14Z</time>
		</trkpt>
		<trkpt lat="35.173794" lon="128.663565">
			<ele>0.00</ele>
			<time>2020-01-16T23:17:40.45Z</time>
		</trkpt>
		<trkpt lat="35.173796" lon="128.663512">
			<ele>0.00</ele>
			<time>2020-01-16T23:17:40.74Z</time>
		</trkpt>
		<trkpt lat="35.173798" lon="128.663438">
			<ele>0.00</ele>
			<time>2020-01-16T23:17:41.14Z</time>
		</trkpt>
		<trkpt lat="35.173800" lon="128.663373">
			<ele>0.00</ele>
			<time>2020-01-16T23:17:41.49Z</time>
		</trkpt>
		<trkpt lat="35.173808" lon="128.663309">
			<ele>0.00</ele>
			<time>2020-01-16T23:17:41.85Z</time>
		</trkpt>
		<trkpt lat="35.173818" lon="128.663248">
			<ele>0.00</ele>
			<time>2020-01-16T23:17:42.19Z</time>
		</trkpt>
		<trkpt lat="35.173827" lon="128.663179">
			<ele>0.00</ele>
			<time>2020-01-16T23:17:42.57Z</time>
		</trkpt>
		<trkpt lat="35.173838" lon="128.663102">
			<ele>0.00</ele>
			<time>2020-01-16T23:17:42.99Z</time>
		</trkpt>
		<trkpt lat="35.173850" lon="128.663039">
			<ele>0.00</ele>
			<time>2020-01-16T23:17:43.34Z</time>
		</trkpt>
		<trkpt lat="35.173858" lon="128.662984">
			<ele>0.00</ele>
			<time>2020-01-16T23:17:43.65Z</time>
		</trkpt>
		<trkpt lat="35.173865" lon="128.662923">
			<ele>0.00</ele>
			<time>2020-01-16T23:17:43.99Z</time>
		</trkpt>
		<trkpt lat="35.173873" lon="128.662870">
			<ele>0.00</ele>
			<time>2020-01-16T23:17:44.28Z</time>
		</trkpt>
		<trkpt lat="35.173881" lon="128.662818">
			<ele>0.00</ele>
			<time>2020-01-16T23:17:44.57Z</time>
		</trkpt>
		<trkpt lat="35.173891" lon="128.662763">
			<ele>0.00</ele>
			<time>2020-01-16T23:17:44.88Z</time>
		</trkpt>
		<trkpt lat="35.173904" lon="128.662694">
			<ele>0.00</ele>
			<time>2020-01-16T23:17:45.26Z</time>
		</trkpt>
		<trkpt lat="35.173914" lon="128.662633">
			<ele>0.00</ele>
			<time>2020-01-16T23:17:45.60Z</time>
		</trkpt>
		<trkpt lat="35.173919" lon="128.662585">
			<ele>0.00</ele>
			<time>2020-01-16T23:17:45.87Z</time>
		</trkpt>
		<trkpt lat="35.173927" lon="128.662534">
			<ele>0.00</ele>
			<time>2020-01-16T23:17:46.15Z</time>
		</trkpt>
		<trkpt lat="35.173948" lon="128.662485">
			<ele>0.00</ele>
			<time>2020-01-16T23:17:46.45Z</time>
		</trkpt>
		<trkpt lat="35.173973" lon="128.662439">
			<ele>0.00</ele>
			<time>2020-01-16T23:17:46.75Z</time>
		</trkpt>
		<trkpt lat="35.174002" lon="128.662399">
			<ele>0.00</ele>
			<time>2020-01-16T23:17:47.04Z</time>
		</trkpt>
		<trkpt lat="35.174031" lon="128.662359">
			<ele>0.00</ele>
			<time>2020-01-16T23:17:47.33Z</time>
		</trkpt>
		<trkpt lat="35.174060" lon="128.662333">
			<ele>0.00</ele>
			<time>2020-01-16T23:17:47.57Z</time>
		</trkpt>
		<trkpt lat="35.174101" lon="128.662291">
			<ele>0.00</ele>
			<time>2020-01-16T23:17:47.93Z</time>
		</trkpt>
		<trkpt lat="35.174122" lon="128.662266">
			<ele>0.00</ele>
			<time>2020-01-16T23:17:48.13Z</time>
		</trkpt>
		<trkpt lat="35.174149" lon="128.662232">
			<ele>0.00</ele>
			<time>2020-01-16T23:17:48.38Z</time>
		</trkpt>
		<trkpt lat="35.174169" lon="128.662196">
			<ele>0.00</ele>
			<time>2020-01-16T23:17:48.62Z</time>
		</trkpt>
		<trkpt lat="35.174183" lon="128.662165">
			<ele>0.00</ele>
			<time>2020-01-16T23:17:48.81Z</time>
		</trkpt>
		<trkpt lat="35.174208" lon="128.662130">
			<ele>0.00</ele>
			<time>2020-01-16T23:17:49.07Z</time>
		</trkpt>
		<trkpt lat="35.174229" lon="128.662099">
			<ele>0.00</ele>
			<time>2020-01-16T23:17:49.29Z</time>
		</trkpt>
		<trkpt lat="35.174248" lon="128.662048">
			<ele>0.00</ele>
			<time>2020-01-16T23:17:49.59Z</time>
		</trkpt>
		<trkpt lat="35.174266" lon="128.661992">
			<ele>0.00</ele>
			<time>2020-01-16T23:17:49.92Z</time>
		</trkpt>
		<trkpt lat="35.174287" lon="128.661940">
			<ele>0.00</ele>
			<time>2020-01-16T23:17:50.24Z</time>
		</trkpt>
		<trkpt lat="35.174322" lon="128.661872">
			<ele>0.00</ele>
			<time>2020-01-16T23:17:50.67Z</time>
		</trkpt>
		<trkpt lat="35.174346" lon="128.661817">
			<ele>0.00</ele>
			<time>2020-01-16T23:17:51.01Z</time>
		</trkpt>
		<trkpt lat="35.174369" lon="128.661765">
			<ele>0.00</ele>
			<time>2020-01-16T23:17:51.33Z</time>
		</trkpt>
		<trkpt lat="35.174403" lon="128.661693">
			<ele>0.00</ele>
			<time>2020-01-16T23:17:51.79Z</time>
		</trkpt>
		<trkpt lat="35.174421" lon="128.661642">
			<ele>0.00</ele>
			<time>2020-01-16T23:17:52.09Z</time>
		</trkpt>
		<trkpt lat="35.174462" lon="128.661573">
			<ele>0.00</ele>
			<time>2020-01-16T23:17:52.55Z</time>
		</trkpt>
		<trkpt lat="35.174494" lon="128.661518">
			<ele>0.00</ele>
			<time>2020-01-16T23:17:52.93Z</time>
		</trkpt>
		<trkpt lat="35.174534" lon="128.661469">
			<ele>0.00</ele>
			<time>2020-01-16T23:17:53.30Z</time>
		</trkpt>
		<trkpt lat="35.174571" lon="128.661418">
			<ele>0.00</ele>
			<time>2020-01-16T23:17:53.67Z</time>
		</trkpt>
		<trkpt lat="35.174616" lon="128.661374">
			<ele>0.00</ele>
			<time>2020-01-16T23:17:54.05Z</time>
		</trkpt>
		<trkpt lat="35.174661" lon="128.661354">
			<ele>0.00</ele>
			<time>2020-01-16T23:17:54.37Z</time>
		</trkpt>
		<trkpt lat="35.174713" lon="128.661341">
			<ele>0.00</ele>
			<time>2020-01-16T23:17:54.73Z</time>
		</trkpt>
		<trkpt lat="35.174755" lon="128.661327">
			<ele>0.00</ele>
			<time>2020-01-16T23:17:55.02Z</time>
		</trkpt>
		<trkpt lat="35.174797" lon="128.661305">
			<ele>0.00</ele>
			<time>2020-01-16T23:17:55.33Z</time>
		</trkpt>
		<trkpt lat="35.174835" lon="128.661295">
			<ele>0.00</ele>
			<time>2020-01-16T23:17:55.59Z</time>
		</trkpt>
		<trkpt lat="35.174871" lon="128.661268">
			<ele>0.00</ele>
			<time>2020-01-16T23:17:55.86Z</time>
		</trkpt>
		<trkpt lat="35.174901" lon="128.661228">
			<ele>0.00</ele>
			<time>2020-01-16T23:17:56.16Z</time>
		</trkpt>
		<trkpt lat="35.174925" lon="128.661182">
			<ele>0.00</ele>
			<time>2020-01-16T23:17:56.46Z</time>
		</trkpt>
		<trkpt lat="35.174945" lon="128.661150">
			<ele>0.00</ele>
			<time>2020-01-16T23:17:56.67Z</time>
		</trkpt>
		<trkpt lat="35.174965" lon="128.661110">
			<ele>0.00</ele>
			<time>2020-01-16T23:17:56.93Z</time>
		</trkpt>
		<trkpt lat="35.174977" lon="128.661062">
			<ele>0.00</ele>
			<time>2020-01-16T23:17:57.21Z</time>
		</trkpt>
		<trkpt lat="35.174978" lon="128.661017">
			<ele>0.00</ele>
			<time>2020-01-16T23:17:57.45Z</time>
		</trkpt>
		<trkpt lat="35.174975" lon="128.660967">
			<ele>0.00</ele>
			<time>2020-01-16T23:17:57.73Z</time>
		</trkpt>
		<trkpt lat="35.174967" lon="128.660912">
			<ele>0.00</ele>
			<time>2020-01-16T23:17:58.03Z</time>
		</trkpt>
		<trkpt lat="35.174952" lon="128.660865">
			<ele>0.00</ele>
			<time>2020-01-16T23:17:58.31Z</time>
		</trkpt>
		<trkpt lat="35.174942" lon="128.660825">
			<ele>0.00</ele>
			<time>2020-01-16T23:17:58.53Z</time>
		</trkpt>
		<trkpt lat="35.174931" lon="128.660782">
			<ele>0.00</ele>
			<time>2020-01-16T23:17:58.78Z</time>
		</trkpt>
		<trkpt lat="35.174921" lon="128.660736">
			<ele>0.00</ele>
			<time>2020-01-16T23:17:59.04Z</time>
		</trkpt>
		<trkpt lat="35.174896" lon="128.660678">
			<ele>0.00</ele>
			<time>2020-01-16T23:17:59.39Z</time>
		</trkpt>
		<trkpt lat="35.174873" lon="128.660626">
			<ele>0.00</ele>
			<time>2020-01-16T23:17:59.72Z</time>
		</trkpt>
		<trkpt lat="35.174844" lon="128.660571">
			<ele>0.00</ele>
			<time>2020-01-16T23:18:00.07Z</time>
		</trkpt>
		<trkpt lat="35.174813" lon="128.660506">
			<ele>0.00</ele>
			<time>2020-01-16T23:18:00.49Z</time>
		</trkpt>
		<trkpt lat="35.174780" lon="128.660450">
			<ele>0.00</ele>
			<time>2020-01-16T23:18:00.86Z</time>
		</trkpt>
		<trkpt lat="35.174761" lon="128.660398">
			<ele>0.00</ele>
			<time>2020-01-16T23:18:01.17Z</time>
		</trkpt>
		<trkpt lat="35.174741" lon="128.660352">
			<ele>0.00</ele>
			<time>2020-01-16T23:18:01.45Z</time>
		</trkpt>
		<trkpt lat="35.174735" lon="128.660307">
			<ele>0.00</ele>
			<time>2020-01-16T23:18:01.70Z</time>
		</trkpt>
		<trkpt lat="35.174725" lon="128.660252">
			<ele>0.00</ele>
			<time>2020-01-16T23:18:02.01Z</time>
		</trkpt>
		<trkpt lat="35.174708" lon="128.660185">
			<ele>0.00</ele>
			<time>2020-01-16T23:18:02.39Z</time>
		</trkpt>
		<trkpt lat="35.174695" lon="128.660145">
			<ele>0.00</ele>
			<time>2020-01-16T23:18:02.63Z</time>
		</trkpt>
		<trkpt lat="35.174680" lon="128.660083">
			<ele>0.00</ele>
			<time>2020-01-16T23:18:02.98Z</time>
		</trkpt>
		<trkpt lat="35.174663" lon="128.660017">
			<ele>0.00</ele>
			<time>2020-01-16T23:18:03.36Z</time>
		</trkpt>
		<trkpt lat="35.174659" lon="128.659958">
			<ele>0.00</ele>
			<time>2020-01-16T23:18:03.68Z</time>
		</trkpt>
		<trkpt lat="35.174660" lon="128.659887">
			<ele>0.00</ele>
			<time>2020-01-16T23:18:04.07Z</time>
		</trkpt>
		<trkpt lat="35.174660" lon="128.659825">
			<ele>0.00</ele>
			<time>2020-01-16T23:18:04.40Z</time>
		</trkpt>
		<trkpt lat="35.174671" lon="128.659776">
			<ele>0.00</ele>
			<time>2020-01-16T23:18:04.68Z</time>
		</trkpt>
		<trkpt lat="35.174689" lon="128.659720">
			<ele>0.00</ele>
			<time>2020-01-16T23:18:05.01Z</time>
		</trkpt>
		<trkpt lat="35.174711" lon="128.659660">
			<ele>0.00</ele>
			<time>2020-01-16T23:18:05.36Z</time>
		</trkpt>
		<trkpt lat="35.174732" lon="128.659594">
			<ele>0.00</ele>
			<time>2020-01-16T23:18:05.75Z</time>
		</trkpt>
		<trkpt lat="35.174749" lon="128.659545">
			<ele>0.00</ele>
			<time>2020-01-16T23:18:06.04Z</time>
		</trkpt>
		<trkpt lat="35.174771" lon="128.659502">
			<ele>0.00</ele>
			<time>2020-01-16T23:18:06.32Z</time>
		</trkpt>
		<trkpt lat="35.174798" lon="128.659457">
			<ele>0.00</ele>
			<time>2020-01-16T23:18:06.62Z</time>
		</trkpt>
		<trkpt lat="35.174825" lon="128.659418">
			<ele>0.00</ele>
			<time>2020-01-16T23:18:06.90Z</time>
		</trkpt>
		<trkpt lat="35.174852" lon="128.659379">
			<ele>0.00</ele>
			<time>2020-01-16T23:18:07.18Z</time>
		</trkpt>
		<trkpt lat="35.174883" lon="128.659342">
			<ele>0.00</ele>
			<time>2020-01-16T23:18:07.47Z</time>
		</trkpt>
		<trkpt lat="35.174907" lon="128.659303">
			<ele>0.00</ele>
			<time>2020-01-16T23:18:07.74Z</time>
		</trkpt>
		<trkpt lat="35.174922" lon="128.659266">
			<ele>0.00</ele>
			<time>2020-01-16T23:18:07.96Z</time>
		</trkpt>
		<trkpt lat="35.174937" lon="128.659232">
			<ele>0.00</ele>
			<time>2020-01-16T23:18:08.17Z</time>
		</trkpt>
		<trkpt lat="35.174948" lon="128.659187">
			<ele>0.00</ele>
			<time>2020-01-16T23:18:08.43Z</time>
		</trkpt>
		<trkpt lat="35.174958" lon="128.659155">
			<ele>0.00</ele>
			<time>2020-01-16T23:18:08.61Z</time>
		</trkpt>
		<trkpt lat="35.174966" lon="128.659112">
			<ele>0.00</ele>
			<time>2020-01-16T23:18:08.85Z</time>
		</trkpt>
		<trkpt lat="35.174976" lon="128.659071">
			<ele>0.00</ele>
			<time>2020-01-16T23:18:09.09Z</time>
		</trkpt>
		<trkpt lat="35.174983" lon="128.659036">
			<ele>0.00</ele>
			<time>2020-01-16T23:18:09.28Z</time>
		</trkpt>
		<trkpt lat="35.174991" lon="128.659001">
			<ele>0.00</ele>
			<time>2020-01-16T23:18:09.48Z</time>
		</trkpt>
		<trkpt lat="35.174998" lon="128.658957">
			<ele>0.00</ele>
			<time>2020-01-16T23:18:09.73Z</time>
		</trkpt>
		<trkpt lat="35.175003" lon="128.658912">
			<ele>0.00</ele>
			<time>2020-01-16T23:18:09.97Z</time>
		</trkpt>
		<trkpt lat="35.175011" lon="128.658869">
			<ele>0.00</ele>
			<time>2020-01-16T23:18:10.21Z</time>
		</trkpt>
		<trkpt lat="35.175011" lon="128.658804">
			<ele>0.00</ele>
			<time>2020-01-16T23:18:10.57Z</time>
		</trkpt>
		<trkpt lat="35.175016" lon="128.658730">
			<ele>0.00</ele>
			<time>2020-01-16T23:18:10.97Z</time>
		</trkpt>
		<trkpt lat="35.175020" lon="128.658642">
			<ele>0.00</ele>
			<time>2020-01-16T23:18:11.45Z</time>
		</trkpt>
		<trkpt lat="35.175026" lon="128.658582">
			<ele>0.00</ele>
			<time>2020-01-16T23:18:11.78Z</time>
		</trkpt>
		<trkpt lat="35.175035" lon="128.658505">
			<ele>0.00</ele>
			<time>2020-01-16T23:18:12.21Z</time>
		</trkpt>
		<trkpt lat="35.175043" lon="128.658452">
			<ele>0.00</ele>
			<time>2020-01-16T23:18:12.50Z</time>
		</trkpt>
		<trkpt lat="35.175046" lon="128.658390">
			<ele>0.00</ele>
			<time>2020-01-16T23:18:12.84Z</time>
		</trkpt>
		<trkpt lat="35.175042" lon="128.658324">
			<ele>0.00</ele>
			<time>2020-01-16T23:18:13.20Z</time>
		</trkpt>
		<trkpt lat="35.175036" lon="128.658258">
			<ele>0.00</ele>
			<time>2020-01-16T23:18:13.56Z</time>
		</trkpt>
		<trkpt lat="35.175028" lon="128.658177">
			<ele>0.00</ele>
			<time>2020-01-16T23:18:14.01Z</time>
		</trkpt>
		<trkpt lat="35.175018" lon="128.658112">
			<ele>0.00</ele>
			<time>2020-01-16T23:18:14.37Z</time>
		</trkpt>
		<trkpt lat="35.175010" lon="128.658051">
			<ele>0.00</ele>
			<time>2020-01-16T23:18:14.70Z</time>
		</trkpt>
		<trkpt lat="35.175005" lon="128.657976">
			<ele>0.00</ele>
			<time>2020-01-16T23:18:15.11Z</time>
		</trkpt>
		<trkpt lat="35.175000" lon="128.657904">
			<ele>0.00</ele>
			<time>2020-01-16T23:18:15.50Z</time>
		</trkpt>
		<trkpt lat="35.174993" lon="128.657802">
			<ele>0.00</ele>
			<time>2020-01-16T23:18:16.06Z</time>
		</trkpt>
		<trkpt lat="35.174988" lon="128.657695">
			<ele>0.00</ele>
			<time>2020-01-16T23:18:16.65Z</time>
		</trkpt>
		<trkpt lat="35.174995" lon="128.657575">
			<ele>0.00</ele>
			<time>2020-01-16T23:18:17.30Z</time>
		</trkpt>
		<trkpt lat="35.175016" lon="128.657495">
			<ele>0.00</ele>
			<time>2020-01-16T23:18:17.76Z</time>
		</trkpt>
		<trkpt lat="35.175024" lon="128.657445">
			<ele>0.00</ele>
			<time>2020-01-16T23:18:18.04Z</time>
		</trkpt>
		<trkpt lat="35.175028" lon="128.657397">
			<ele>0.00</ele>
			<time>2020-01-16T23:18:18.30Z</time>
		</trkpt>
		<trkpt lat="35.175025" lon="128.657341">
			<ele>0.00</ele>
			<time>2020-01-16T23:18:18.61Z</time>
		</trkpt>
		<trkpt lat="35.175012" lon="128.657276">
			<ele>0.00</ele>
			<time>2020-01-16T23:18:18.97Z</time>
		</trkpt>
		<trkpt lat="35.174999" lon="128.657244">
			<ele>0.00</ele>
			<time>2020-01-16T23:18:19.17Z</time>
		</trkpt>
		<trkpt lat="35.174966" lon="128.657227">
			<ele>0.00</ele>
			<time>2020-01-16T23:18:19.40Z</time>
		</trkpt>
		<trkpt lat="35.174933" lon="128.657235">
			<ele>0.00</ele>
			<time>2020-01-16T23:18:19.63Z</time>
		</trkpt>
		<trkpt lat="35.174932" lon="128.657235">
			<ele>0.00</ele>
			<time>2020-01-16T23:18:19.69Z</time>
		</trkpt>
		<trkpt lat="35.174897" lon="128.657269">
			<ele>0.00</ele>
			<time>2020-01-16T23:18:19.99Z</time>
		</trkpt>
		<trkpt lat="35.174868" lon="128.657305">
			<ele>0.00</ele>
			<time>2020-01-16T23:18:20.26Z</time>
		</trkpt>
		<trkpt lat="35.174843" lon="128.657344">
			<ele>0.00</ele>
			<time>2020-01-16T23:18:20.53Z</time>
		</trkpt>
		<trkpt lat="35.174808" lon="128.657396">
			<ele>0.00</ele>
			<time>2020-01-16T23:18:20.90Z</time>
		</trkpt>
		<trkpt lat="35.174785" lon="128.657454">
			<ele>0.00</ele>
			<time>2020-01-16T23:18:21.25Z</time>
		</trkpt>
		<trkpt lat="35.174760" lon="128.657518">
			<ele>0.00</ele>
			<time>2020-01-16T23:18:21.64Z</time>
		</trkpt>
		<trkpt lat="35.174737" lon="128.657574">
			<ele>0.00</ele>
			<time>2020-01-16T23:18:21.98Z</time>
		</trkpt>
		<trkpt lat="35.174703" lon="128.657653">
			<ele>0.00</ele>
			<time>2020-01-16T23:18:22.47Z</time>
		</trkpt>
		<trkpt lat="35.174682" lon="128.657708">
			<ele>0.00</ele>
			<time>2020-01-16T23:18:22.80Z</time>
		</trkpt>
		<trkpt lat="35.174650" lon="128.657757">
			<ele>0.00</ele>
			<time>2020-01-16T23:18:23.14Z</time>
		</trkpt>
		<trkpt lat="35.174618" lon="128.657816">
			<ele>0.00</ele>
			<time>2020-01-16T23:18:23.52Z</time>
		</trkpt>
		<trkpt lat="35.174588" lon="128.657868">
			<ele>0.00</ele>
			<time>2020-01-16T23:18:23.87Z</time>
		</trkpt>
		<trkpt lat="35.174549" lon="128.657903">
			<ele>0.00</ele>
			<time>2020-01-16T23:18:24.19Z</time>
		</trkpt>
		<trkpt lat="35.174511" lon="128.657919">
			<ele>0.00</ele>
			<time>2020-01-16T23:18:24.46Z</time>
		</trkpt>
		<trkpt lat="35.174482" lon="128.657915">
			<ele>0.00</ele>
			<time>2020-01-16T23:18:24.65Z</time>
		</trkpt>
		<trkpt lat="35.174446" lon="128.657900">
			<ele>0.00</ele>
			<time>2020-01-16T23:18:24.91Z</time>
		</trkpt>
		<trkpt lat="35.174406" lon="128.657870">
			<ele>0.00</ele>
			<time>2020-01-16T23:18:25.22Z</time>
		</trkpt>
		<trkpt lat="35.174404" lon="128.657803">
			<ele>0.00</ele>
			<time>2020-01-16T23:18:25.59Z</time>
		</trkpt>
		<trkpt lat="35.174419" lon="128.657745">
			<ele>0.00</ele>
			<time>2020-01-16T23:18:25.92Z</time>
		</trkpt>
		<trkpt lat="35.174436" lon="128.657694">
			<ele>0.00</ele>
			<time>2020-01-16T23:18:26.22Z</time>
		</trkpt>
		<trkpt lat="35.174442" lon="128.657631">
			<ele>0.00</ele>
			<time>2020-01-16T23:18:26.56Z</time>
		</trkpt>
		<trkpt lat="35.174443" lon="128.657560">
			<ele>0.00</ele>
			<time>2020-01-16T23:18:26.95Z</time>
		</trkpt>
		<trkpt lat="35.174445" lon="128.657510">
			<ele>0.00</ele>
			<time>2020-01-16T23:18:27.23Z</time>
		</trkpt>
		<trkpt lat="35.174443" lon="128.657446">
			<ele>0.00</ele>
			<time>2020-01-16T23:18:27.57Z</time>
		</trkpt>
		<trkpt lat="35.174428" lon="128.657356">
			<ele>0.00</ele>
			<time>2020-01-16T23:18:28.08Z</time>
		</trkpt>
		<trkpt lat="35.174411" lon="128.657292">
			<ele>0.00</ele>
			<time>2020-01-16T23:18:28.44Z</time>
		</trkpt>
		<trkpt lat="35.174396" lon="128.657213">
			<ele>0.00</ele>
			<time>2020-01-16T23:18:28.88Z</time>
		</trkpt>
		<trkpt lat="35.174377" lon="128.657144">
			<ele>0.00</ele>
			<time>2020-01-16T23:18:29.28Z</time>
		</trkpt>
		<trkpt lat="35.174353" lon="128.657089">
			<ele>0.00</ele>
			<time>2020-01-16T23:18:29.62Z</time>
		</trkpt>
		<trkpt lat="35.174328" lon="128.657033">
			<ele>0.00</ele>
			<time>2020-01-16T23:18:29.96Z</time>
		</trkpt>
		<trkpt lat="35.174297" lon="128.656976">
			<ele>0.00</ele>
			<time>2020-01-16T23:18:30.34Z</time>
		</trkpt>
		<trkpt lat="35.174276" lon="128.656924">
			<ele>0.00</ele>
			<time>2020-01-16T23:18:30.66Z</time>
		</trkpt>
		<trkpt lat="35.174239" lon="128.656844">
			<ele>0.00</ele>
			<time>2020-01-16T23:18:31.16Z</time>
		</trkpt>
		<trkpt lat="35.174220" lon="128.656785">
			<ele>0.00</ele>
			<time>2020-01-16T23:18:31.50Z</time>
		</trkpt>
		<trkpt lat="35.174207" lon="128.656703">
			<ele>0.00</ele>
			<time>2020-01-16T23:18:31.96Z</time>
		</trkpt>
		<trkpt lat="35.174191" lon="128.656621">
			<ele>0.00</ele>
			<time>2020-01-16T23:18:32.42Z</time>
		</trkpt>
		<trkpt lat="35.174181" lon="128.656537">
			<ele>0.00</ele>
			<time>2020-01-16T23:18:32.88Z</time>
		</trkpt>
		<trkpt lat="35.174174" lon="128.656480">
			<ele>0.00</ele>
			<time>2020-01-16T23:18:33.19Z</time>
		</trkpt>
		<trkpt lat="35.174168" lon="128.656419">
			<ele>0.00</ele>
			<time>2020-01-16T23:18:33.53Z</time>
		</trkpt>
		<trkpt lat="35.174168" lon="128.656355">
			<ele>0.00</ele>
			<time>2020-01-16T23:18:33.88Z</time>
		</trkpt>
		<trkpt lat="35.174164" lon="128.656289">
			<ele>0.00</ele>
			<time>2020-01-16T23:18:34.24Z</time>
		</trkpt>
		<trkpt lat="35.174161" lon="128.656226">
			<ele>0.00</ele>
			<time>2020-01-16T23:18:34.58Z</time>
		</trkpt>
		<trkpt lat="35.174156" lon="128.656170">
			<ele>0.00</ele>
			<time>2020-01-16T23:18:34.89Z</time>
		</trkpt>
		<trkpt lat="35.174157" lon="128.656098">
			<ele>0.00</ele>
			<time>2020-01-16T23:18:35.28Z</time>
		</trkpt>
		<trkpt lat="35.174159" lon="128.656021">
			<ele>0.00</ele>
			<time>2020-01-16T23:18:35.70Z</time>
		</trkpt>
		<trkpt lat="35.174162" lon="128.655956">
			<ele>0.00</ele>
			<time>2020-01-16T23:18:36.05Z</time>
		</trkpt>
		<trkpt lat="35.174169" lon="128.655895">
			<ele>0.00</ele>
			<time>2020-01-16T23:18:36.39Z</time>
		</trkpt>
		<trkpt lat="35.174173" lon="128.655826">
			<ele>0.00</ele>
			<time>2020-01-16T23:18:36.77Z</time>
		</trkpt>
		<trkpt lat="35.174178" lon="128.655760">
			<ele>0.00</ele>
			<time>2020-01-16T23:18:37.13Z</time>
		</trkpt>
		<trkpt lat="35.174185" lon="128.655704">
			<ele>0.00</ele>
			<time>2020-01-16T23:18:37.43Z</time>
		</trkpt>
		<trkpt lat="35.174192" lon="128.655651">
			<ele>0.00</ele>
			<time>2020-01-16T23:18:37.73Z</time>
		</trkpt>
		<trkpt lat="35.174189" lon="128.655581">
			<ele>0.00</ele>
			<time>2020-01-16T23:18:38.11Z</time>
		</trkpt>
		<trkpt lat="35.174175" lon="128.655531">
			<ele>0.00</ele>
			<time>2020-01-16T23:18:38.40Z</time>
		</trkpt>
		<trkpt lat="35.174139" lon="128.655485">
			<ele>0.00</ele>
			<time>2020-01-16T23:18:38.74Z</time>
		</trkpt>
		<trkpt lat="35.174093" lon="128.655452">
			<ele>0.00</ele>
			<time>2020-01-16T23:18:39.10Z</time>
		</trkpt>
		<extensions>
			<gte:name>#122</gte:name>
			<gte:color>#9bffff</gte:color>
		</extensions>
	</trkseg>
</trk>
</gpx>