<?xml version="1.0" encoding="UTF-8"?>
<gpx version="1.1" creator="GPS Track Editor" xmlns="http://www.topografix.com/GPX/1/1" xmlns:xsi="http://www.w3.org/2001/XMLSchema-instance" xmlns:gte="http://www.gpstrackeditor.com/xmlschemas/General/1" xmlns:gpxtpx="http://www.garmin.com/xmlschemas/TrackPointExtension/v1" xmlns:gpxx="http://www.garmin.com/xmlschemas/GpxExtensions/v3" targetNamespace="http://www.topografix.com/GPX/1/1" elementFormDefault="qualified" xsi:schemaLocation="http://www.topografix.com/GPX/1/1 http://www.topografix.com/GPX/1/1/gpx.xsd">
<metadata>
	<name>GPS_2020-01-20_025726</name>
</metadata>
<trk>
	<name>080-장흥군 회진면 회전리 회진시외버스터미널~강진군 마량면 마량리 마량항</name>
	<trkseg>
		<trkpt lat="34.484943" lon="126.939175">
			<ele>0.00</ele>
			<time>2020-01-20T02:57:26.47Z</time>
		</trkpt>
		<trkpt lat="34.484957" lon="126.939153">
			<ele>0.00</ele>
			<time>2020-01-20T02:57:26.62Z</time>
		</trkpt>
		<trkpt lat="34.484957" lon="126.939153">
			<ele>0.00</ele>
			<time>2020-01-20T02:57:26.68Z</time>
		</trkpt>
		<trkpt lat="34.484962" lon="126.939115">
			<ele>0.00</ele>
			<time>2020-01-20T02:57:26.89Z</time>
		</trkpt>
		<trkpt lat="34.484960" lon="126.939083">
			<ele>0.00</ele>
			<time>2020-01-20T02:57:27.07Z</time>
		</trkpt>
		<trkpt lat="34.484948" lon="126.939058">
			<ele>0.00</ele>
			<time>2020-01-20T02:57:27.23Z</time>
		</trkpt>
		<trkpt lat="34.484924" lon="126.939032">
			<ele>0.00</ele>
			<time>2020-01-20T02:57:27.44Z</time>
		</trkpt>
		<trkpt lat="34.484850" lon="126.938980">
			<ele>0.00</ele>
			<time>2020-01-20T02:57:28.01Z</time>
		</trkpt>
		<trkpt lat="34.484826" lon="126.938967">
			<ele>0.00</ele>
			<time>2020-01-20T02:57:28.19Z</time>
		</trkpt>
		<trkpt lat="34.484801" lon="126.938961">
			<ele>0.00</ele>
			<time>2020-01-20T02:57:28.36Z</time>
		</trkpt>
		<trkpt lat="34.484778" lon="126.938955">
			<ele>0.00</ele>
			<time>2020-01-20T02:57:28.52Z</time>
		</trkpt>
		<trkpt lat="34.484752" lon="126.938950">
			<ele>0.00</ele>
			<time>2020-01-20T02:57:28.69Z</time>
		</trkpt>
		<trkpt lat="34.484729" lon="126.938949">
			<ele>0.00</ele>
			<time>2020-01-20T02:57:28.84Z</time>
		</trkpt>
		<trkpt lat="34.484709" lon="126.938969">
			<ele>0.00</ele>
			<time>2020-01-20T02:57:29.01Z</time>
		</trkpt>
		<trkpt lat="34.484703" lon="126.938984">
			<ele>0.00</ele>
			<time>2020-01-20T02:57:29.11Z</time>
		</trkpt>
		<trkpt lat="34.484699" lon="126.939005">
			<ele>0.00</ele>
			<time>2020-01-20T02:57:29.23Z</time>
		</trkpt>
		<trkpt lat="34.484696" lon="126.939016">
			<ele>0.00</ele>
			<time>2020-01-20T02:57:29.29Z</time>
		</trkpt>
		<trkpt lat="34.484699" lon="126.939036">
			<ele>0.00</ele>
			<time>2020-01-20T02:57:29.40Z</time>
		</trkpt>
		<trkpt lat="34.484703" lon="126.939054">
			<ele>0.00</ele>
			<time>2020-01-20T02:57:29.50Z</time>
		</trkpt>
		<trkpt lat="34.484695" lon="126.939082">
			<ele>0.00</ele>
			<time>2020-01-20T02:57:29.67Z</time>
		</trkpt>
		<trkpt lat="34.484679" lon="126.939110">
			<ele>0.00</ele>
			<time>2020-01-20T02:57:29.85Z</time>
		</trkpt>
		<trkpt lat="34.484663" lon="126.939130">
			<ele>0.00</ele>
			<time>2020-01-20T02:57:30Z</time>
		</trkpt>
		<trkpt lat="34.484637" lon="126.939155">
			<ele>0.00</ele>
			<time>2020-01-20T02:57:30.23Z</time>
		</trkpt>
		<trkpt lat="34.484605" lon="126.939172">
			<ele>0.00</ele>
			<time>2020-01-20T02:57:30.46Z</time>
		</trkpt>
		<trkpt lat="34.484586" lon="126.939163">
			<ele>0.00</ele>
			<time>2020-01-20T02:57:30.59Z</time>
		</trkpt>
		<trkpt lat="34.484584" lon="126.939162">
			<ele>0.00</ele>
			<time>2020-01-20T02:57:30.65Z</time>
		</trkpt>
		<trkpt lat="34.484565" lon="126.939138">
			<ele>0.00</ele>
			<time>2020-01-20T02:57:30.84Z</time>
		</trkpt>
		<trkpt lat="34.484464" lon="126.938971">
			<ele>0.00</ele>
			<time>2020-01-20T02:57:31.98Z</time>
		</trkpt>
		<trkpt lat="34.484265" lon="126.938650">
			<ele>0.00</ele>
			<time>2020-01-20T02:57:34.19Z</time>
		</trkpt>
		<trkpt lat="34.484210" lon="126.938571">
			<ele>0.00</ele>
			<time>2020-01-20T02:57:34.75Z</time>
		</trkpt>
		<trkpt lat="34.484196" lon="126.938559">
			<ele>0.00</ele>
			<time>2020-01-20T02:57:34.87Z</time>
		</trkpt>
		<trkpt lat="34.484179" lon="126.938559">
			<ele>0.00</ele>
			<time>2020-01-20T02:57:34.98Z</time>
		</trkpt>
		<trkpt lat="34.484164" lon="126.938571">
			<ele>0.00</ele>
			<time>2020-01-20T02:57:35.10Z</time>
		</trkpt>
		<trkpt lat="34.484162" lon="126.938572">
			<ele>0.00</ele>
			<time>2020-01-20T02:57:35.16Z</time>
		</trkpt>
		<trkpt lat="34.484145" lon="126.938594">
			<ele>0.00</ele>
			<time>2020-01-20T02:57:35.33Z</time>
		</trkpt>
		<trkpt lat="34.484085" lon="126.938733">
			<ele>0.00</ele>
			<time>2020-01-20T02:57:36.19Z</time>
		</trkpt>
		<trkpt lat="34.484050" lon="126.938810">
			<ele>0.00</ele>
			<time>2020-01-20T02:57:36.67Z</time>
		</trkpt>
		<trkpt lat="34.484032" lon="126.938842">
			<ele>0.00</ele>
			<time>2020-01-20T02:57:36.88Z</time>
		</trkpt>
		<trkpt lat="34.484007" lon="126.938880">
			<ele>0.00</ele>
			<time>2020-01-20T02:57:37.15Z</time>
		</trkpt>
		<trkpt lat="34.483981" lon="126.938901">
			<ele>0.00</ele>
			<time>2020-01-20T02:57:37.36Z</time>
		</trkpt>
		<trkpt lat="34.483961" lon="126.938898">
			<ele>0.00</ele>
			<time>2020-01-20T02:57:37.49Z</time>
		</trkpt>
		<trkpt lat="34.483938" lon="126.938889">
			<ele>0.00</ele>
			<time>2020-01-20T02:57:37.65Z</time>
		</trkpt>
		<trkpt lat="34.483916" lon="126.938877">
			<ele>0.00</ele>
			<time>2020-01-20T02:57:37.82Z</time>
		</trkpt>
		<trkpt lat="34.483879" lon="126.938856">
			<ele>0.00</ele>
			<time>2020-01-20T02:57:38.09Z</time>
		</trkpt>
		<trkpt lat="34.483850" lon="126.938825">
			<ele>0.00</ele>
			<time>2020-01-20T02:57:38.34Z</time>
		</trkpt>
		<trkpt lat="34.483829" lon="126.938790">
			<ele>0.00</ele>
			<time>2020-01-20T02:57:38.58Z</time>
		</trkpt>
		<trkpt lat="34.483828" lon="126.938789">
			<ele>0.00</ele>
			<time>2020-01-20T02:57:38.64Z</time>
		</trkpt>
		<trkpt lat="34.483804" lon="126.938746">
			<ele>0.00</ele>
			<time>2020-01-20T02:57:38.93Z</time>
		</trkpt>
		<trkpt lat="34.483745" lon="126.938676">
			<ele>0.00</ele>
			<time>2020-01-20T02:57:39.48Z</time>
		</trkpt>
		<trkpt lat="34.483693" lon="126.938635">
			<ele>0.00</ele>
			<time>2020-01-20T02:57:39.89Z</time>
		</trkpt>
		<trkpt lat="34.483628" lon="126.938593">
			<ele>0.00</ele>
			<time>2020-01-20T02:57:40.38Z</time>
		</trkpt>
		<trkpt lat="34.483567" lon="126.938570">
			<ele>0.00</ele>
			<time>2020-01-20T02:57:40.81Z</time>
		</trkpt>
		<trkpt lat="34.483496" lon="126.938544">
			<ele>0.00</ele>
			<time>2020-01-20T02:57:41.30Z</time>
		</trkpt>
		<trkpt lat="34.483396" lon="126.938524">
			<ele>0.00</ele>
			<time>2020-01-20T02:57:41.98Z</time>
		</trkpt>
		<trkpt lat="34.483301" lon="126.938501">
			<ele>0.00</ele>
			<time>2020-01-20T02:57:42.63Z</time>
		</trkpt>
		<trkpt lat="34.483178" lon="126.938467">
			<ele>0.00</ele>
			<time>2020-01-20T02:57:43.46Z</time>
		</trkpt>
		<trkpt lat="34.483127" lon="126.938466">
			<ele>0.00</ele>
			<time>2020-01-20T02:57:43.80Z</time>
		</trkpt>
		<trkpt lat="34.483098" lon="126.938476">
			<ele>0.00</ele>
			<time>2020-01-20T02:57:44Z</time>
		</trkpt>
		<trkpt lat="34.483079" lon="126.938486">
			<ele>0.00</ele>
			<time>2020-01-20T02:57:44.15Z</time>
		</trkpt>
		<trkpt lat="34.483056" lon="126.938501">
			<ele>0.00</ele>
			<time>2020-01-20T02:57:44.32Z</time>
		</trkpt>
		<trkpt lat="34.483028" lon="126.938527">
			<ele>0.00</ele>
			<time>2020-01-20T02:57:44.55Z</time>
		</trkpt>
		<trkpt lat="34.483006" lon="126.938536">
			<ele>0.00</ele>
			<time>2020-01-20T02:57:44.71Z</time>
		</trkpt>
		<trkpt lat="34.482968" lon="126.938544">
			<ele>0.00</ele>
			<time>2020-01-20T02:57:44.96Z</time>
		</trkpt>
		<trkpt lat="34.482901" lon="126.938553">
			<ele>0.00</ele>
			<time>2020-01-20T02:57:45.42Z</time>
		</trkpt>
		<trkpt lat="34.482849" lon="126.938559">
			<ele>0.00</ele>
			<time>2020-01-20T02:57:45.77Z</time>
		</trkpt>
		<trkpt lat="34.482797" lon="126.938555">
			<ele>0.00</ele>
			<time>2020-01-20T02:57:46.11Z</time>
		</trkpt>
		<trkpt lat="34.482755" lon="126.938554">
			<ele>0.00</ele>
			<time>2020-01-20T02:57:46.39Z</time>
		</trkpt>
		<trkpt lat="34.482689" lon="126.938544">
			<ele>0.00</ele>
			<time>2020-01-20T02:57:46.83Z</time>
		</trkpt>
		<trkpt lat="34.482636" lon="126.938528">
			<ele>0.00</ele>
			<time>2020-01-20T02:57:47.20Z</time>
		</trkpt>
		<trkpt lat="34.482535" lon="126.938505">
			<ele>0.00</ele>
			<time>2020-01-20T02:57:47.89Z</time>
		</trkpt>
		<trkpt lat="34.482491" lon="126.938483">
			<ele>0.00</ele>
			<time>2020-01-20T02:57:48.20Z</time>
		</trkpt>
		<trkpt lat="34.482463" lon="126.938480">
			<ele>0.00</ele>
			<time>2020-01-20T02:57:48.39Z</time>
		</trkpt>
		<trkpt lat="34.482431" lon="126.938478">
			<ele>0.00</ele>
			<time>2020-01-20T02:57:48.60Z</time>
		</trkpt>
		<trkpt lat="34.482352" lon="126.938477">
			<ele>0.00</ele>
			<time>2020-01-20T02:57:49.13Z</time>
		</trkpt>
		<trkpt lat="34.482325" lon="126.938484">
			<ele>0.00</ele>
			<time>2020-01-20T02:57:49.31Z</time>
		</trkpt>
		<trkpt lat="34.482300" lon="126.938490">
			<ele>0.00</ele>
			<time>2020-01-20T02:57:49.48Z</time>
		</trkpt>
		<trkpt lat="34.482274" lon="126.938495">
			<ele>0.00</ele>
			<time>2020-01-20T02:57:49.66Z</time>
		</trkpt>
		<trkpt lat="34.482233" lon="126.938498">
			<ele>0.00</ele>
			<time>2020-01-20T02:57:49.94Z</time>
		</trkpt>
		<trkpt lat="34.482199" lon="126.938491">
			<ele>0.00</ele>
			<time>2020-01-20T02:57:50.17Z</time>
		</trkpt>
		<trkpt lat="34.482197" lon="126.938490">
			<ele>0.00</ele>
			<time>2020-01-20T02:57:50.23Z</time>
		</trkpt>
		<trkpt lat="34.482158" lon="126.938483">
			<ele>0.00</ele>
			<time>2020-01-20T02:57:50.49Z</time>
		</trkpt>
		<trkpt lat="34.482032" lon="126.938450">
			<ele>0.00</ele>
			<time>2020-01-20T02:57:51.35Z</time>
		</trkpt>
		<trkpt lat="34.481921" lon="126.938424">
			<ele>0.00</ele>
			<time>2020-01-20T02:57:52.10Z</time>
		</trkpt>
		<trkpt lat="34.481733" lon="126.938375">
			<ele>0.00</ele>
			<time>2020-01-20T02:57:53.38Z</time>
		</trkpt>
		<trkpt lat="34.481589" lon="126.938334">
			<ele>0.00</ele>
			<time>2020-01-20T02:57:54.36Z</time>
		</trkpt>
		<trkpt lat="34.481554" lon="126.938330">
			<ele>0.00</ele>
			<time>2020-01-20T02:57:54.60Z</time>
		</trkpt>
		<trkpt lat="34.481523" lon="126.938329">
			<ele>0.00</ele>
			<time>2020-01-20T02:57:54.81Z</time>
		</trkpt>
		<trkpt lat="34.481520" lon="126.938329">
			<ele>0.00</ele>
			<time>2020-01-20T02:57:54.87Z</time>
		</trkpt>
		<trkpt lat="34.481497" lon="126.938337">
			<ele>0.00</ele>
			<time>2020-01-20T02:57:55.03Z</time>
		</trkpt>
		<trkpt lat="34.481496" lon="126.938337">
			<ele>0.00</ele>
			<time>2020-01-20T02:57:55.09Z</time>
		</trkpt>
		<trkpt lat="34.481445" lon="126.938354">
			<ele>0.00</ele>
			<time>2020-01-20T02:57:55.45Z</time>
		</trkpt>
		<trkpt lat="34.481418" lon="126.938360">
			<ele>0.00</ele>
			<time>2020-01-20T02:57:55.62Z</time>
		</trkpt>
		<trkpt lat="34.481395" lon="126.938362">
			<ele>0.00</ele>
			<time>2020-01-20T02:57:55.78Z</time>
		</trkpt>
		<trkpt lat="34.481371" lon="126.938356">
			<ele>0.00</ele>
			<time>2020-01-20T02:57:55.94Z</time>
		</trkpt>
		<trkpt lat="34.481329" lon="126.938344">
			<ele>0.00</ele>
			<time>2020-01-20T02:57:56.23Z</time>
		</trkpt>
		<trkpt lat="34.481239" lon="126.938291">
			<ele>0.00</ele>
			<time>2020-01-20T02:57:56.90Z</time>
		</trkpt>
		<trkpt lat="34.481238" lon="126.938290">
			<ele>0.00</ele>
			<time>2020-01-20T02:57:56.96Z</time>
		</trkpt>
		<trkpt lat="34.481201" lon="126.938246">
			<ele>0.00</ele>
			<time>2020-01-20T02:57:57.30Z</time>
		</trkpt>
		<trkpt lat="34.481200" lon="126.938246">
			<ele>0.00</ele>
			<time>2020-01-20T02:57:57.36Z</time>
		</trkpt>
		<trkpt lat="34.481198" lon="126.938244">
			<ele>0.00</ele>
			<time>2020-01-20T02:57:57.42Z</time>
		</trkpt>
		<trkpt lat="34.481147" lon="126.938181">
			<ele>0.00</ele>
			<time>2020-01-20T02:57:57.90Z</time>
		</trkpt>
		<trkpt lat="34.481069" lon="126.938107">
			<ele>0.00</ele>
			<time>2020-01-20T02:57:58.56Z</time>
		</trkpt>
		<trkpt lat="34.481032" lon="126.938085">
			<ele>0.00</ele>
			<time>2020-01-20T02:57:58.84Z</time>
		</trkpt>
		<trkpt lat="34.480998" lon="126.938068">
			<ele>0.00</ele>
			<time>2020-01-20T02:57:59.08Z</time>
		</trkpt>
		<trkpt lat="34.480957" lon="126.938066">
			<ele>0.00</ele>
			<time>2020-01-20T02:57:59.36Z</time>
		</trkpt>
		<trkpt lat="34.480919" lon="126.938064">
			<ele>0.00</ele>
			<time>2020-01-20T02:57:59.61Z</time>
		</trkpt>
		<trkpt lat="34.480885" lon="126.938070">
			<ele>0.00</ele>
			<time>2020-01-20T02:57:59.84Z</time>
		</trkpt>
		<trkpt lat="34.480846" lon="126.938089">
			<ele>0.00</ele>
			<time>2020-01-20T02:58:00.12Z</time>
		</trkpt>
		<trkpt lat="34.480801" lon="126.938126">
			<ele>0.00</ele>
			<time>2020-01-20T02:58:00.48Z</time>
		</trkpt>
		<trkpt lat="34.480610" lon="126.938249">
			<ele>0.00</ele>
			<time>2020-01-20T02:58:01.93Z</time>
		</trkpt>
		<trkpt lat="34.480509" lon="126.938314">
			<ele>0.00</ele>
			<time>2020-01-20T02:58:02.69Z</time>
		</trkpt>
		<trkpt lat="34.480454" lon="126.938363">
			<ele>0.00</ele>
			<time>2020-01-20T02:58:03.14Z</time>
		</trkpt>
		<trkpt lat="34.480418" lon="126.938371">
			<ele>0.00</ele>
			<time>2020-01-20T02:58:03.38Z</time>
		</trkpt>
		<trkpt lat="34.480416" lon="126.938371">
			<ele>0.00</ele>
			<time>2020-01-20T02:58:03.44Z</time>
		</trkpt>
		<trkpt lat="34.480320" lon="126.938351">
			<ele>0.00</ele>
			<time>2020-01-20T02:58:04.09Z</time>
		</trkpt>
		<trkpt lat="34.480254" lon="126.938327">
			<ele>0.00</ele>
			<time>2020-01-20T02:58:04.55Z</time>
		</trkpt>
		<trkpt lat="34.480216" lon="126.938300">
			<ele>0.00</ele>
			<time>2020-01-20T02:58:04.85Z</time>
		</trkpt>
		<trkpt lat="34.480179" lon="126.938250">
			<ele>0.00</ele>
			<time>2020-01-20T02:58:05.22Z</time>
		</trkpt>
		<trkpt lat="34.480104" lon="126.938092">
			<ele>0.00</ele>
			<time>2020-01-20T02:58:06.22Z</time>
		</trkpt>
		<trkpt lat="34.479978" lon="126.937818">
			<ele>0.00</ele>
			<time>2020-01-20T02:58:07.94Z</time>
		</trkpt>
		<trkpt lat="34.479978" lon="126.937819">
			<ele>0.00</ele>
			<time>2020-01-20T02:58:08Z</time>
		</trkpt>
		<trkpt lat="34.479869" lon="126.937560">
			<ele>0.00</ele>
			<time>2020-01-20T02:58:09.60Z</time>
		</trkpt>
		<trkpt lat="34.479810" lon="126.937460">
			<ele>0.00</ele>
			<time>2020-01-20T02:58:10.28Z</time>
		</trkpt>
		<trkpt lat="34.479758" lon="126.937392">
			<ele>0.00</ele>
			<time>2020-01-20T02:58:10.79Z</time>
		</trkpt>
		<trkpt lat="34.479695" lon="126.937357">
			<ele>0.00</ele>
			<time>2020-01-20T02:58:11.25Z</time>
		</trkpt>
		<trkpt lat="34.479643" lon="126.937343">
			<ele>0.00</ele>
			<time>2020-01-20T02:58:11.61Z</time>
		</trkpt>
		<trkpt lat="34.479536" lon="126.937341">
			<ele>0.00</ele>
			<time>2020-01-20T02:58:12.31Z</time>
		</trkpt>
		<trkpt lat="34.479419" lon="126.937348">
			<ele>0.00</ele>
			<time>2020-01-20T02:58:13.10Z</time>
		</trkpt>
		<trkpt lat="34.479229" lon="126.937347">
			<ele>0.00</ele>
			<time>2020-01-20T02:58:14.37Z</time>
		</trkpt>
		<trkpt lat="34.479072" lon="126.937352">
			<ele>0.00</ele>
			<time>2020-01-20T02:58:15.41Z</time>
		</trkpt>
		<trkpt lat="34.478932" lon="126.937357">
			<ele>0.00</ele>
			<time>2020-01-20T02:58:16.35Z</time>
		</trkpt>
		<trkpt lat="34.478870" lon="126.937353">
			<ele>0.00</ele>
			<time>2020-01-20T02:58:16.76Z</time>
		</trkpt>
		<trkpt lat="34.478826" lon="126.937340">
			<ele>0.00</ele>
			<time>2020-01-20T02:58:17.06Z</time>
		</trkpt>
		<trkpt lat="34.478798" lon="126.937330">
			<ele>0.00</ele>
			<time>2020-01-20T02:58:17.26Z</time>
		</trkpt>
		<trkpt lat="34.478760" lon="126.937322">
			<ele>0.00</ele>
			<time>2020-01-20T02:58:17.51Z</time>
		</trkpt>
		<trkpt lat="34.478738" lon="126.937334">
			<ele>0.00</ele>
			<time>2020-01-20T02:58:17.68Z</time>
		</trkpt>
		<trkpt lat="34.478718" lon="126.937371">
			<ele>0.00</ele>
			<time>2020-01-20T02:58:17.92Z</time>
		</trkpt>
		<trkpt lat="34.478661" lon="126.937503">
			<ele>0.00</ele>
			<time>2020-01-20T02:58:18.74Z</time>
		</trkpt>
		<trkpt lat="34.478577" lon="126.937675">
			<ele>0.00</ele>
			<time>2020-01-20T02:58:19.84Z</time>
		</trkpt>
		<trkpt lat="34.478544" lon="126.937703">
			<ele>0.00</ele>
			<time>2020-01-20T02:58:20.10Z</time>
		</trkpt>
		<trkpt lat="34.478524" lon="126.937703">
			<ele>0.00</ele>
			<time>2020-01-20T02:58:20.24Z</time>
		</trkpt>
		<trkpt lat="34.478493" lon="126.937703">
			<ele>0.00</ele>
			<time>2020-01-20T02:58:20.44Z</time>
		</trkpt>
		<trkpt lat="34.478458" lon="126.937685">
			<ele>0.00</ele>
			<time>2020-01-20T02:58:20.70Z</time>
		</trkpt>
		<trkpt lat="34.478437" lon="126.937664">
			<ele>0.00</ele>
			<time>2020-01-20T02:58:20.88Z</time>
		</trkpt>
		<trkpt lat="34.478395" lon="126.937638">
			<ele>0.00</ele>
			<time>2020-01-20T02:58:21.19Z</time>
		</trkpt>
		<trkpt lat="34.478343" lon="126.937615">
			<ele>0.00</ele>
			<time>2020-01-20T02:58:21.56Z</time>
		</trkpt>
		<trkpt lat="34.478303" lon="126.937614">
			<ele>0.00</ele>
			<time>2020-01-20T02:58:21.83Z</time>
		</trkpt>
		<trkpt lat="34.478253" lon="126.937633">
			<ele>0.00</ele>
			<time>2020-01-20T02:58:22.18Z</time>
		</trkpt>
		<trkpt lat="34.478141" lon="126.937707">
			<ele>0.00</ele>
			<time>2020-01-20T02:58:23.03Z</time>
		</trkpt>
		<trkpt lat="34.477982" lon="126.937821">
			<ele>0.00</ele>
			<time>2020-01-20T02:58:24.26Z</time>
		</trkpt>
		<trkpt lat="34.477875" lon="126.937891">
			<ele>0.00</ele>
			<time>2020-01-20T02:58:25.07Z</time>
		</trkpt>
		<trkpt lat="34.477805" lon="126.937925">
			<ele>0.00</ele>
			<time>2020-01-20T02:58:25.58Z</time>
		</trkpt>
		<trkpt lat="34.477701" lon="126.937965">
			<ele>0.00</ele>
			<time>2020-01-20T02:58:26.30Z</time>
		</trkpt>
		<trkpt lat="34.477656" lon="126.937966">
			<ele>0.00</ele>
			<time>2020-01-20T02:58:26.60Z</time>
		</trkpt>
		<trkpt lat="34.477595" lon="126.937961">
			<ele>0.00</ele>
			<time>2020-01-20T02:58:27.01Z</time>
		</trkpt>
		<trkpt lat="34.477591" lon="126.937961">
			<ele>0.00</ele>
			<time>2020-01-20T02:58:27.07Z</time>
		</trkpt>
		<trkpt lat="34.477545" lon="126.937943">
			<ele>0.00</ele>
			<time>2020-01-20T02:58:27.39Z</time>
		</trkpt>
		<trkpt lat="34.477319" lon="126.937887">
			<ele>0.00</ele>
			<time>2020-01-20T02:58:28.93Z</time>
		</trkpt>
		<trkpt lat="34.477081" lon="126.937818">
			<ele>0.00</ele>
			<time>2020-01-20T02:58:30.56Z</time>
		</trkpt>
		<trkpt lat="34.476802" lon="126.937753">
			<ele>0.00</ele>
			<time>2020-01-20T02:58:32.46Z</time>
		</trkpt>
		<trkpt lat="34.476615" lon="126.937707">
			<ele>0.00</ele>
			<time>2020-01-20T02:58:33.73Z</time>
		</trkpt>
		<trkpt lat="34.476586" lon="126.937696">
			<ele>0.00</ele>
			<time>2020-01-20T02:58:33.93Z</time>
		</trkpt>
		<trkpt lat="34.476551" lon="126.937676">
			<ele>0.00</ele>
			<time>2020-01-20T02:58:34.19Z</time>
		</trkpt>
		<trkpt lat="34.476549" lon="126.937674">
			<ele>0.00</ele>
			<time>2020-01-20T02:58:34.25Z</time>
		</trkpt>
		<trkpt lat="34.476501" lon="126.937635">
			<ele>0.00</ele>
			<time>2020-01-20T02:58:34.63Z</time>
		</trkpt>
		<trkpt lat="34.476453" lon="126.937586">
			<ele>0.00</ele>
			<time>2020-01-20T02:58:35.05Z</time>
		</trkpt>
		<trkpt lat="34.476410" lon="126.937554">
			<ele>0.00</ele>
			<time>2020-01-20T02:58:35.39Z</time>
		</trkpt>
		<trkpt lat="34.476366" lon="126.937544">
			<ele>0.00</ele>
			<time>2020-01-20T02:58:35.69Z</time>
		</trkpt>
		<trkpt lat="34.476310" lon="126.937539">
			<ele>0.00</ele>
			<time>2020-01-20T02:58:36.06Z</time>
		</trkpt>
		<trkpt lat="34.476221" lon="126.937523">
			<ele>0.00</ele>
			<time>2020-01-20T02:58:36.66Z</time>
		</trkpt>
		<trkpt lat="34.476081" lon="126.937497">
			<ele>0.00</ele>
			<time>2020-01-20T02:58:37.60Z</time>
		</trkpt>
		<trkpt lat="34.476040" lon="126.937491">
			<ele>0.00</ele>
			<time>2020-01-20T02:58:37.88Z</time>
		</trkpt>
		<trkpt lat="34.475998" lon="126.937492">
			<ele>0.00</ele>
			<time>2020-01-20T02:58:38.16Z</time>
		</trkpt>
		<trkpt lat="34.475996" lon="126.937492">
			<ele>0.00</ele>
			<time>2020-01-20T02:58:38.22Z</time>
		</trkpt>
		<trkpt lat="34.475928" lon="126.937489">
			<ele>0.00</ele>
			<time>2020-01-20T02:58:38.67Z</time>
		</trkpt>
		<trkpt lat="34.475847" lon="126.937491">
			<ele>0.00</ele>
			<time>2020-01-20T02:58:39.21Z</time>
		</trkpt>
		<trkpt lat="34.475764" lon="126.937484">
			<ele>0.00</ele>
			<time>2020-01-20T02:58:39.77Z</time>
		</trkpt>
		<trkpt lat="34.475720" lon="126.937478">
			<ele>0.00</ele>
			<time>2020-01-20T02:58:40.06Z</time>
		</trkpt>
		<trkpt lat="34.475649" lon="126.937478">
			<ele>0.00</ele>
			<time>2020-01-20T02:58:40.54Z</time>
		</trkpt>
		<trkpt lat="34.475601" lon="126.937490">
			<ele>0.00</ele>
			<time>2020-01-20T02:58:40.86Z</time>
		</trkpt>
		<trkpt lat="34.475597" lon="126.937493">
			<ele>0.00</ele>
			<time>2020-01-20T02:58:40.92Z</time>
		</trkpt>
		<trkpt lat="34.475544" lon="126.937519">
			<ele>0.00</ele>
			<time>2020-01-20T02:58:41.30Z</time>
		</trkpt>
		<trkpt lat="34.475473" lon="126.937571">
			<ele>0.00</ele>
			<time>2020-01-20T02:58:41.85Z</time>
		</trkpt>
		<trkpt lat="34.475256" lon="126.937735">
			<ele>0.00</ele>
			<time>2020-01-20T02:58:43.56Z</time>
		</trkpt>
		<trkpt lat="34.475101" lon="126.937882">
			<ele>0.00</ele>
			<time>2020-01-20T02:58:44.87Z</time>
		</trkpt>
		<trkpt lat="34.474993" lon="126.937987">
			<ele>0.00</ele>
			<time>2020-01-20T02:58:45.79Z</time>
		</trkpt>
		<trkpt lat="34.474900" lon="126.938076">
			<ele>0.00</ele>
			<time>2020-01-20T02:58:46.58Z</time>
		</trkpt>
		<trkpt lat="34.474806" lon="126.938167">
			<ele>0.00</ele>
			<time>2020-01-20T02:58:47.39Z</time>
		</trkpt>
		<trkpt lat="34.474720" lon="126.938262">
			<ele>0.00</ele>
			<time>2020-01-20T02:58:48.16Z</time>
		</trkpt>
		<trkpt lat="34.474628" lon="126.938340">
			<ele>0.00</ele>
			<time>2020-01-20T02:58:48.91Z</time>
		</trkpt>
		<trkpt lat="34.474576" lon="126.938365">
			<ele>0.00</ele>
			<time>2020-01-20T02:58:49.28Z</time>
		</trkpt>
		<trkpt lat="34.474526" lon="126.938380">
			<ele>0.00</ele>
			<time>2020-01-20T02:58:49.62Z</time>
		</trkpt>
		<trkpt lat="34.474461" lon="126.938405">
			<ele>0.00</ele>
			<time>2020-01-20T02:58:50.08Z</time>
		</trkpt>
		<trkpt lat="34.474364" lon="126.938440">
			<ele>0.00</ele>
			<time>2020-01-20T02:58:50.75Z</time>
		</trkpt>
		<trkpt lat="34.474301" lon="126.938487">
			<ele>0.00</ele>
			<time>2020-01-20T02:58:51.25Z</time>
		</trkpt>
		<trkpt lat="34.474254" lon="126.938539">
			<ele>0.00</ele>
			<time>2020-01-20T02:58:51.67Z</time>
		</trkpt>
		<trkpt lat="34.474210" lon="126.938599">
			<ele>0.00</ele>
			<time>2020-01-20T02:58:52.11Z</time>
		</trkpt>
		<trkpt lat="34.474156" lon="126.938652">
			<ele>0.00</ele>
			<time>2020-01-20T02:58:52.58Z</time>
		</trkpt>
		<trkpt lat="34.474100" lon="126.938701">
			<ele>0.00</ele>
			<time>2020-01-20T02:58:53.03Z</time>
		</trkpt>
		<trkpt lat="34.474041" lon="126.938733">
			<ele>0.00</ele>
			<time>2020-01-20T02:58:53.47Z</time>
		</trkpt>
		<trkpt lat="34.473995" lon="126.938752">
			<ele>0.00</ele>
			<time>2020-01-20T02:58:53.79Z</time>
		</trkpt>
		<trkpt lat="34.473927" lon="126.938752">
			<ele>0.00</ele>
			<time>2020-01-20T02:58:54.24Z</time>
		</trkpt>
		<trkpt lat="34.473869" lon="126.938732">
			<ele>0.00</ele>
			<time>2020-01-20T02:58:54.65Z</time>
		</trkpt>
		<trkpt lat="34.473638" lon="126.938651">
			<ele>0.00</ele>
			<time>2020-01-20T02:58:56.25Z</time>
		</trkpt>
		<trkpt lat="34.473384" lon="126.938545">
			<ele>0.00</ele>
			<time>2020-01-20T02:58:58.04Z</time>
		</trkpt>
		<trkpt lat="34.473285" lon="126.938510">
			<ele>0.00</ele>
			<time>2020-01-20T02:58:58.73Z</time>
		</trkpt>
		<trkpt lat="34.473204" lon="126.938503">
			<ele>0.00</ele>
			<time>2020-01-20T02:58:59.27Z</time>
		</trkpt>
		<trkpt lat="34.473033" lon="126.938504">
			<ele>0.00</ele>
			<time>2020-01-20T02:59:00.41Z</time>
		</trkpt>
		<trkpt lat="34.472961" lon="126.938514">
			<ele>0.00</ele>
			<time>2020-01-20T02:59:00.89Z</time>
		</trkpt>
		<trkpt lat="34.472893" lon="126.938537">
			<ele>0.00</ele>
			<time>2020-01-20T02:59:01.36Z</time>
		</trkpt>
		<trkpt lat="34.472822" lon="126.938572">
			<ele>0.00</ele>
			<time>2020-01-20T02:59:01.87Z</time>
		</trkpt>
		<trkpt lat="34.472738" lon="126.938639">
			<ele>0.00</ele>
			<time>2020-01-20T02:59:02.54Z</time>
		</trkpt>
		<trkpt lat="34.472667" lon="126.938713">
			<ele>0.00</ele>
			<time>2020-01-20T02:59:03.17Z</time>
		</trkpt>
		<trkpt lat="34.472543" lon="126.938921">
			<ele>0.00</ele>
			<time>2020-01-20T02:59:04.58Z</time>
		</trkpt>
		<trkpt lat="34.472457" lon="126.939071">
			<ele>0.00</ele>
			<time>2020-01-20T02:59:05.58Z</time>
		</trkpt>
		<trkpt lat="34.472306" lon="126.939268">
			<ele>0.00</ele>
			<time>2020-01-20T02:59:07.06Z</time>
		</trkpt>
		<trkpt lat="34.472148" lon="126.939452">
			<ele>0.00</ele>
			<time>2020-01-20T02:59:08.52Z</time>
		</trkpt>
		<trkpt lat="34.472099" lon="126.939490">
			<ele>0.00</ele>
			<time>2020-01-20T02:59:08.91Z</time>
		</trkpt>
		<trkpt lat="34.472057" lon="126.939511">
			<ele>0.00</ele>
			<time>2020-01-20T02:59:09.21Z</time>
		</trkpt>
		<trkpt lat="34.472009" lon="126.939530">
			<ele>0.00</ele>
			<time>2020-01-20T02:59:09.55Z</time>
		</trkpt>
		<trkpt lat="34.471879" lon="126.939582">
			<ele>0.00</ele>
			<time>2020-01-20T02:59:10.46Z</time>
		</trkpt>
		<trkpt lat="34.471714" lon="126.939643">
			<ele>0.00</ele>
			<time>2020-01-20T02:59:11.61Z</time>
		</trkpt>
		<trkpt lat="34.471650" lon="126.939671">
			<ele>0.00</ele>
			<time>2020-01-20T02:59:12.06Z</time>
		</trkpt>
		<trkpt lat="34.471646" lon="126.939674">
			<ele>0.00</ele>
			<time>2020-01-20T02:59:12.12Z</time>
		</trkpt>
		<trkpt lat="34.471589" lon="126.939716">
			<ele>0.00</ele>
			<time>2020-01-20T02:59:12.57Z</time>
		</trkpt>
		<trkpt lat="34.471500" lon="126.939804">
			<ele>0.00</ele>
			<time>2020-01-20T02:59:13.33Z</time>
		</trkpt>
		<trkpt lat="34.471493" lon="126.939810">
			<ele>0.00</ele>
			<time>2020-01-20T02:59:13.39Z</time>
		</trkpt>
		<trkpt lat="34.471341" lon="126.939998">
			<ele>0.00</ele>
			<time>2020-01-20T02:59:14.84Z</time>
		</trkpt>
		<trkpt lat="34.471230" lon="126.940126">
			<ele>0.00</ele>
			<time>2020-01-20T02:59:15.86Z</time>
		</trkpt>
		<trkpt lat="34.471147" lon="126.940165">
			<ele>0.00</ele>
			<time>2020-01-20T02:59:16.45Z</time>
		</trkpt>
		<trkpt lat="34.471070" lon="126.940179">
			<ele>0.00</ele>
			<time>2020-01-20T02:59:16.97Z</time>
		</trkpt>
		<trkpt lat="34.471036" lon="126.940197">
			<ele>0.00</ele>
			<time>2020-01-20T02:59:17.22Z</time>
		</trkpt>
		<trkpt lat="34.471033" lon="126.940199">
			<ele>0.00</ele>
			<time>2020-01-20T02:59:17.28Z</time>
		</trkpt>
		<trkpt lat="34.470986" lon="126.940215">
			<ele>0.00</ele>
			<time>2020-01-20T02:59:17.60Z</time>
		</trkpt>
		<trkpt lat="34.470942" lon="126.940234">
			<ele>0.00</ele>
			<time>2020-01-20T02:59:17.92Z</time>
		</trkpt>
		<trkpt lat="34.470940" lon="126.940235">
			<ele>0.00</ele>
			<time>2020-01-20T02:59:17.98Z</time>
		</trkpt>
		<trkpt lat="34.470885" lon="126.940253">
			<ele>0.00</ele>
			<time>2020-01-20T02:59:18.35Z</time>
		</trkpt>
		<trkpt lat="34.470841" lon="126.940258">
			<ele>0.00</ele>
			<time>2020-01-20T02:59:18.65Z</time>
		</trkpt>
		<trkpt lat="34.470792" lon="126.940265">
			<ele>0.00</ele>
			<time>2020-01-20T02:59:18.98Z</time>
		</trkpt>
		<trkpt lat="34.470632" lon="126.940254">
			<ele>0.00</ele>
			<time>2020-01-20T02:59:20.05Z</time>
		</trkpt>
		<trkpt lat="34.470476" lon="126.940246">
			<ele>0.00</ele>
			<time>2020-01-20T02:59:21.09Z</time>
		</trkpt>
		<trkpt lat="34.470424" lon="126.940242">
			<ele>0.00</ele>
			<time>2020-01-20T02:59:21.43Z</time>
		</trkpt>
		<trkpt lat="34.470374" lon="126.940246">
			<ele>0.00</ele>
			<time>2020-01-20T02:59:21.77Z</time>
		</trkpt>
		<trkpt lat="34.470321" lon="126.940269">
			<ele>0.00</ele>
			<time>2020-01-20T02:59:22.15Z</time>
		</trkpt>
		<trkpt lat="34.470148" lon="126.940331">
			<ele>0.00</ele>
			<time>2020-01-20T02:59:23.35Z</time>
		</trkpt>
		<trkpt lat="34.470067" lon="126.940367">
			<ele>0.00</ele>
			<time>2020-01-20T02:59:23.92Z</time>
		</trkpt>
		<trkpt lat="34.470024" lon="126.940402">
			<ele>0.00</ele>
			<time>2020-01-20T02:59:24.27Z</time>
		</trkpt>
		<trkpt lat="34.469984" lon="126.940441">
			<ele>0.00</ele>
			<time>2020-01-20T02:59:24.61Z</time>
		</trkpt>
		<trkpt lat="34.469940" lon="126.940493">
			<ele>0.00</ele>
			<time>2020-01-20T02:59:25.02Z</time>
		</trkpt>
		<trkpt lat="34.469873" lon="126.940563">
			<ele>0.00</ele>
			<time>2020-01-20T02:59:25.61Z</time>
		</trkpt>
		<trkpt lat="34.469824" lon="126.940607">
			<ele>0.00</ele>
			<time>2020-01-20T02:59:26.02Z</time>
		</trkpt>
		<trkpt lat="34.469764" lon="126.940643">
			<ele>0.00</ele>
			<time>2020-01-20T02:59:26.46Z</time>
		</trkpt>
		<trkpt lat="34.469728" lon="126.940658">
			<ele>0.00</ele>
			<time>2020-01-20T02:59:26.72Z</time>
		</trkpt>
		<trkpt lat="34.469679" lon="126.940664">
			<ele>0.00</ele>
			<time>2020-01-20T02:59:27.04Z</time>
		</trkpt>
		<trkpt lat="34.469634" lon="126.940666">
			<ele>0.00</ele>
			<time>2020-01-20T02:59:27.35Z</time>
		</trkpt>
		<trkpt lat="34.469572" lon="126.940654">
			<ele>0.00</ele>
			<time>2020-01-20T02:59:27.77Z</time>
		</trkpt>
		<trkpt lat="34.469368" lon="126.940602">
			<ele>0.00</ele>
			<time>2020-01-20T02:59:29.15Z</time>
		</trkpt>
		<trkpt lat="34.469292" lon="126.940580">
			<ele>0.00</ele>
			<time>2020-01-20T02:59:29.68Z</time>
		</trkpt>
		<trkpt lat="34.469207" lon="126.940560">
			<ele>0.00</ele>
			<time>2020-01-20T02:59:30.25Z</time>
		</trkpt>
		<trkpt lat="34.469046" lon="126.940574">
			<ele>0.00</ele>
			<time>2020-01-20T02:59:31.33Z</time>
		</trkpt>
		<trkpt lat="34.468950" lon="126.940589">
			<ele>0.00</ele>
			<time>2020-01-20T02:59:31.97Z</time>
		</trkpt>
		<trkpt lat="34.468946" lon="126.940591">
			<ele>0.00</ele>
			<time>2020-01-20T02:59:32.03Z</time>
		</trkpt>
		<trkpt lat="34.468733" lon="126.940631">
			<ele>0.00</ele>
			<time>2020-01-20T02:59:33.47Z</time>
		</trkpt>
		<trkpt lat="34.468550" lon="126.940659">
			<ele>0.00</ele>
			<time>2020-01-20T02:59:34.69Z</time>
		</trkpt>
		<trkpt lat="34.468244" lon="126.940697">
			<ele>0.00</ele>
			<time>2020-01-20T02:59:36.75Z</time>
		</trkpt>
		<trkpt lat="34.468129" lon="126.940710">
			<ele>0.00</ele>
			<time>2020-01-20T02:59:37.52Z</time>
		</trkpt>
		<trkpt lat="34.468078" lon="126.940723">
			<ele>0.00</ele>
			<time>2020-01-20T02:59:37.87Z</time>
		</trkpt>
		<trkpt lat="34.468075" lon="126.940723">
			<ele>0.00</ele>
			<time>2020-01-20T02:59:37.93Z</time>
		</trkpt>
		<trkpt lat="34.468041" lon="126.940739">
			<ele>0.00</ele>
			<time>2020-01-20T02:59:38.18Z</time>
		</trkpt>
		<trkpt lat="34.467995" lon="126.940770">
			<ele>0.00</ele>
			<time>2020-01-20T02:59:38.52Z</time>
		</trkpt>
		<trkpt lat="34.467955" lon="126.940807">
			<ele>0.00</ele>
			<time>2020-01-20T02:59:38.86Z</time>
		</trkpt>
		<trkpt lat="34.467896" lon="126.940853">
			<ele>0.00</ele>
			<time>2020-01-20T02:59:39.33Z</time>
		</trkpt>
		<trkpt lat="34.467857" lon="126.940882">
			<ele>0.00</ele>
			<time>2020-01-20T02:59:39.63Z</time>
		</trkpt>
		<trkpt lat="34.467790" lon="126.940909">
			<ele>0.00</ele>
			<time>2020-01-20T02:59:40.10Z</time>
		</trkpt>
		<trkpt lat="34.467756" lon="126.940913">
			<ele>0.00</ele>
			<time>2020-01-20T02:59:40.33Z</time>
		</trkpt>
		<trkpt lat="34.467751" lon="126.940913">
			<ele>0.00</ele>
			<time>2020-01-20T02:59:40.39Z</time>
		</trkpt>
		<trkpt lat="34.467693" lon="126.940914">
			<ele>0.00</ele>
			<time>2020-01-20T02:59:40.78Z</time>
		</trkpt>
		<trkpt lat="34.467648" lon="126.940906">
			<ele>0.00</ele>
			<time>2020-01-20T02:59:41.08Z</time>
		</trkpt>
		<trkpt lat="34.467644" lon="126.940906">
			<ele>0.00</ele>
			<time>2020-01-20T02:59:41.14Z</time>
		</trkpt>
		<trkpt lat="34.467587" lon="126.940888">
			<ele>0.00</ele>
			<time>2020-01-20T02:59:41.53Z</time>
		</trkpt>
		<trkpt lat="34.467542" lon="126.940880">
			<ele>0.00</ele>
			<time>2020-01-20T02:59:41.84Z</time>
		</trkpt>
		<trkpt lat="34.467504" lon="126.940880">
			<ele>0.00</ele>
			<time>2020-01-20T02:59:42.09Z</time>
		</trkpt>
		<trkpt lat="34.467436" lon="126.940874">
			<ele>0.00</ele>
			<time>2020-01-20T02:59:42.54Z</time>
		</trkpt>
		<trkpt lat="34.467433" lon="126.940874">
			<ele>0.00</ele>
			<time>2020-01-20T02:59:42.60Z</time>
		</trkpt>
		<trkpt lat="34.467266" lon="126.940910">
			<ele>0.00</ele>
			<time>2020-01-20T02:59:43.73Z</time>
		</trkpt>
		<trkpt lat="34.467120" lon="126.940929">
			<ele>0.00</ele>
			<time>2020-01-20T02:59:44.71Z</time>
		</trkpt>
		<trkpt lat="34.467069" lon="126.940945">
			<ele>0.00</ele>
			<time>2020-01-20T02:59:45.06Z</time>
		</trkpt>
		<trkpt lat="34.467045" lon="126.940955">
			<ele>0.00</ele>
			<time>2020-01-20T02:59:45.23Z</time>
		</trkpt>
		<trkpt lat="34.467044" lon="126.940958">
			<ele>0.00</ele>
			<time>2020-01-20T02:59:45.29Z</time>
		</trkpt>
		<trkpt lat="34.467021" lon="126.940985">
			<ele>0.00</ele>
			<time>2020-01-20T02:59:45.50Z</time>
		</trkpt>
		<trkpt lat="34.467012" lon="126.941007">
			<ele>0.00</ele>
			<time>2020-01-20T02:59:45.64Z</time>
		</trkpt>
		<trkpt lat="34.467010" lon="126.941010">
			<ele>0.00</ele>
			<time>2020-01-20T02:59:45.70Z</time>
		</trkpt>
		<trkpt lat="34.467007" lon="126.941013">
			<ele>0.00</ele>
			<time>2020-01-20T02:59:45.76Z</time>
		</trkpt>
		<trkpt lat="34.467005" lon="126.941018">
			<ele>0.00</ele>
			<time>2020-01-20T02:59:45.82Z</time>
		</trkpt>
		<trkpt lat="34.466980" lon="126.941069">
			<ele>0.00</ele>
			<time>2020-01-20T02:59:46.15Z</time>
		</trkpt>
		<trkpt lat="34.466980" lon="126.941070">
			<ele>0.00</ele>
			<time>2020-01-20T02:59:46.21Z</time>
		</trkpt>
		<trkpt lat="34.466976" lon="126.941074">
			<ele>0.00</ele>
			<time>2020-01-20T02:59:46.27Z</time>
		</trkpt>
		<trkpt lat="34.466958" lon="126.941110">
			<ele>0.00</ele>
			<time>2020-01-20T02:59:46.50Z</time>
		</trkpt>
		<trkpt lat="34.466936" lon="126.941141">
			<ele>0.00</ele>
			<time>2020-01-20T02:59:46.72Z</time>
		</trkpt>
		<trkpt lat="34.466933" lon="126.941146">
			<ele>0.00</ele>
			<time>2020-01-20T02:59:46.78Z</time>
		</trkpt>
		<trkpt lat="34.466903" lon="126.941171">
			<ele>0.00</ele>
			<time>2020-01-20T02:59:47.02Z</time>
		</trkpt>
		<trkpt lat="34.466889" lon="126.941171">
			<ele>0.00</ele>
			<time>2020-01-20T02:59:47.11Z</time>
		</trkpt>
		<trkpt lat="34.466871" lon="126.941164">
			<ele>0.00</ele>
			<time>2020-01-20T02:59:47.24Z</time>
		</trkpt>
		<trkpt lat="34.466848" lon="126.941138">
			<ele>0.00</ele>
			<time>2020-01-20T02:59:47.45Z</time>
		</trkpt>
		<trkpt lat="34.466830" lon="126.941096">
			<ele>0.00</ele>
			<time>2020-01-20T02:59:47.71Z</time>
		</trkpt>
		<trkpt lat="34.466825" lon="126.941030">
			<ele>0.00</ele>
			<time>2020-01-20T02:59:48.07Z</time>
		</trkpt>
		<trkpt lat="34.466831" lon="126.940988">
			<ele>0.00</ele>
			<time>2020-01-20T02:59:48.31Z</time>
		</trkpt>
		<trkpt lat="34.466837" lon="126.940920">
			<ele>0.00</ele>
			<time>2020-01-20T02:59:48.68Z</time>
		</trkpt>
		<trkpt lat="34.466830" lon="126.940898">
			<ele>0.00</ele>
			<time>2020-01-20T02:59:48.81Z</time>
		</trkpt>
		<trkpt lat="34.466796" lon="126.940883">
			<ele>0.00</ele>
			<time>2020-01-20T02:59:49.06Z</time>
		</trkpt>
		<trkpt lat="34.466732" lon="126.940884">
			<ele>0.00</ele>
			<time>2020-01-20T02:59:49.48Z</time>
		</trkpt>
		<trkpt lat="34.466568" lon="126.940894">
			<ele>0.00</ele>
			<time>2020-01-20T02:59:50.58Z</time>
		</trkpt>
		<trkpt lat="34.466344" lon="126.940927">
			<ele>0.00</ele>
			<time>2020-01-20T02:59:52.08Z</time>
		</trkpt>
		<trkpt lat="34.466338" lon="126.940929">
			<ele>0.00</ele>
			<time>2020-01-20T02:59:52.14Z</time>
		</trkpt>
		<trkpt lat="34.466038" lon="126.940945">
			<ele>0.00</ele>
			<time>2020-01-20T02:59:54.15Z</time>
		</trkpt>
		<trkpt lat="34.465696" lon="126.940968">
			<ele>0.00</ele>
			<time>2020-01-20T02:59:56.43Z</time>
		</trkpt>
		<trkpt lat="34.465134" lon="126.941010">
			<ele>0.00</ele>
			<time>2020-01-20T03:00:00.18Z</time>
		</trkpt>
		<trkpt lat="34.464467" lon="126.941067">
			<ele>0.00</ele>
			<time>2020-01-20T03:00:04.64Z</time>
		</trkpt>
		<trkpt lat="34.463941" lon="126.941106">
			<ele>0.00</ele>
			<time>2020-01-20T03:00:08.15Z</time>
		</trkpt>
		<trkpt lat="34.463574" lon="126.941144">
			<ele>0.00</ele>
			<time>2020-01-20T03:00:10.61Z</time>
		</trkpt>
		<trkpt lat="34.462947" lon="126.941189">
			<ele>0.00</ele>
			<time>2020-01-20T03:00:14.79Z</time>
		</trkpt>
		<trkpt lat="34.462517" lon="126.941221">
			<ele>0.00</ele>
			<time>2020-01-20T03:00:17.67Z</time>
		</trkpt>
		<trkpt lat="34.462416" lon="126.941222">
			<ele>0.00</ele>
			<time>2020-01-20T03:00:18.34Z</time>
		</trkpt>
		<trkpt lat="34.462363" lon="126.941221">
			<ele>0.00</ele>
			<time>2020-01-20T03:00:18.70Z</time>
		</trkpt>
		<trkpt lat="34.462334" lon="126.941211">
			<ele>0.00</ele>
			<time>2020-01-20T03:00:18.90Z</time>
		</trkpt>
		<trkpt lat="34.462330" lon="126.941211">
			<ele>0.00</ele>
			<time>2020-01-20T03:00:18.96Z</time>
		</trkpt>
		<trkpt lat="34.462310" lon="126.941197">
			<ele>0.00</ele>
			<time>2020-01-20T03:00:19.11Z</time>
		</trkpt>
		<trkpt lat="34.462293" lon="126.941167">
			<ele>0.00</ele>
			<time>2020-01-20T03:00:19.31Z</time>
		</trkpt>
		<trkpt lat="34.462287" lon="126.941141">
			<ele>0.00</ele>
			<time>2020-01-20T03:00:19.45Z</time>
		</trkpt>
		<trkpt lat="34.462278" lon="126.941097">
			<ele>0.00</ele>
			<time>2020-01-20T03:00:19.71Z</time>
		</trkpt>
		<trkpt lat="34.462278" lon="126.941060">
			<ele>0.00</ele>
			<time>2020-01-20T03:00:19.91Z</time>
		</trkpt>
		<trkpt lat="34.462272" lon="126.941035">
			<ele>0.00</ele>
			<time>2020-01-20T03:00:20.05Z</time>
		</trkpt>
		<trkpt lat="34.462257" lon="126.941020">
			<ele>0.00</ele>
			<time>2020-01-20T03:00:20.18Z</time>
		</trkpt>
		<trkpt lat="34.462211" lon="126.941018">
			<ele>0.00</ele>
			<time>2020-01-20T03:00:20.49Z</time>
		</trkpt>
		<trkpt lat="34.462178" lon="126.941037">
			<ele>0.00</ele>
			<time>2020-01-20T03:00:20.74Z</time>
		</trkpt>
		<trkpt lat="34.462148" lon="126.941058">
			<ele>0.00</ele>
			<time>2020-01-20T03:00:20.97Z</time>
		</trkpt>
		<trkpt lat="34.462111" lon="126.941092">
			<ele>0.00</ele>
			<time>2020-01-20T03:00:21.27Z</time>
		</trkpt>
		<trkpt lat="34.462094" lon="126.941103">
			<ele>0.00</ele>
			<time>2020-01-20T03:00:21.40Z</time>
		</trkpt>
		<trkpt lat="34.462027" lon="126.941084">
			<ele>0.00</ele>
			<time>2020-01-20T03:00:21.86Z</time>
		</trkpt>
		<trkpt lat="34.462059" lon="126.940872">
			<ele>0.00</ele>
			<time>2020-01-20T03:00:23.04Z</time>
		</trkpt>
		<trkpt lat="34.462092" lon="126.940668">
			<ele>0.00</ele>
			<time>2020-01-20T03:00:24.19Z</time>
		</trkpt>
		<trkpt lat="34.462101" lon="126.940453">
			<ele>0.00</ele>
			<time>2020-01-20T03:00:25.37Z</time>
		</trkpt>
		<trkpt lat="34.462097" lon="126.940275">
			<ele>0.00</ele>
			<time>2020-01-20T03:00:26.35Z</time>
		</trkpt>
		<trkpt lat="34.462077" lon="126.940138">
			<ele>0.00</ele>
			<time>2020-01-20T03:00:27.11Z</time>
		</trkpt>
		<trkpt lat="34.462035" lon="126.939915">
			<ele>0.00</ele>
			<time>2020-01-20T03:00:28.37Z</time>
		</trkpt>
		<trkpt lat="34.461979" lon="126.939728">
			<ele>0.00</ele>
			<time>2020-01-20T03:00:29.46Z</time>
		</trkpt>
		<trkpt lat="34.461883" lon="126.939489">
			<ele>0.00</ele>
			<time>2020-01-20T03:00:30.92Z</time>
		</trkpt>
		<trkpt lat="34.461832" lon="126.939365">
			<ele>0.00</ele>
			<time>2020-01-20T03:00:31.68Z</time>
		</trkpt>
		<trkpt lat="34.461776" lon="126.939194">
			<ele>0.00</ele>
			<time>2020-01-20T03:00:32.69Z</time>
		</trkpt>
		<trkpt lat="34.461741" lon="126.938982">
			<ele>0.00</ele>
			<time>2020-01-20T03:00:33.89Z</time>
		</trkpt>
		<trkpt lat="34.461700" lon="126.938742">
			<ele>0.00</ele>
			<time>2020-01-20T03:00:35.23Z</time>
		</trkpt>
		<trkpt lat="34.461684" lon="126.938479">
			<ele>0.00</ele>
			<time>2020-01-20T03:00:36.68Z</time>
		</trkpt>
		<trkpt lat="34.461658" lon="126.938244">
			<ele>0.00</ele>
			<time>2020-01-20T03:00:37.99Z</time>
		</trkpt>
		<trkpt lat="34.461655" lon="126.937970">
			<ele>0.00</ele>
			<time>2020-01-20T03:00:39.49Z</time>
		</trkpt>
		<trkpt lat="34.461655" lon="126.937821">
			<ele>0.00</ele>
			<time>2020-01-20T03:00:40.31Z</time>
		</trkpt>
		<trkpt lat="34.461655" lon="126.937748">
			<ele>0.00</ele>
			<time>2020-01-20T03:00:40.71Z</time>
		</trkpt>
		<trkpt lat="34.461656" lon="126.937641">
			<ele>0.00</ele>
			<time>2020-01-20T03:00:41.30Z</time>
		</trkpt>
		<trkpt lat="34.461658" lon="126.937576">
			<ele>0.00</ele>
			<time>2020-01-20T03:00:41.66Z</time>
		</trkpt>
		<trkpt lat="34.461664" lon="126.937526">
			<ele>0.00</ele>
			<time>2020-01-20T03:00:41.93Z</time>
		</trkpt>
		<trkpt lat="34.461668" lon="126.937500">
			<ele>0.00</ele>
			<time>2020-01-20T03:00:42.08Z</time>
		</trkpt>
		<trkpt lat="34.461649" lon="126.937467">
			<ele>0.00</ele>
			<time>2020-01-20T03:00:42.30Z</time>
		</trkpt>
		<trkpt lat="34.461623" lon="126.937403">
			<ele>0.00</ele>
			<time>2020-01-20T03:00:42.69Z</time>
		</trkpt>
		<trkpt lat="34.461605" lon="126.937308">
			<ele>0.00</ele>
			<time>2020-01-20T03:00:43.23Z</time>
		</trkpt>
		<trkpt lat="34.461590" lon="126.937207">
			<ele>0.00</ele>
			<time>2020-01-20T03:00:43.79Z</time>
		</trkpt>
		<trkpt lat="34.461583" lon="126.937169">
			<ele>0.00</ele>
			<time>2020-01-20T03:00:44.01Z</time>
		</trkpt>
		<trkpt lat="34.461574" lon="126.937147">
			<ele>0.00</ele>
			<time>2020-01-20T03:00:44.14Z</time>
		</trkpt>
		<trkpt lat="34.461549" lon="126.937142">
			<ele>0.00</ele>
			<time>2020-01-20T03:00:44.31Z</time>
		</trkpt>
		<trkpt lat="34.461531" lon="126.937153">
			<ele>0.00</ele>
			<time>2020-01-20T03:00:44.45Z</time>
		</trkpt>
		<trkpt lat="34.461503" lon="126.937171">
			<ele>0.00</ele>
			<time>2020-01-20T03:00:44.66Z</time>
		</trkpt>
		<trkpt lat="34.461475" lon="126.937192">
			<ele>0.00</ele>
			<time>2020-01-20T03:00:44.88Z</time>
		</trkpt>
		<trkpt lat="34.461441" lon="126.937229">
			<ele>0.00</ele>
			<time>2020-01-20T03:00:45.18Z</time>
		</trkpt>
		<trkpt lat="34.461428" lon="126.937256">
			<ele>0.00</ele>
			<time>2020-01-20T03:00:45.35Z</time>
		</trkpt>
		<trkpt lat="34.461402" lon="126.937289">
			<ele>0.00</ele>
			<time>2020-01-20T03:00:45.60Z</time>
		</trkpt>
		<trkpt lat="34.461377" lon="126.937314">
			<ele>0.00</ele>
			<time>2020-01-20T03:00:45.82Z</time>
		</trkpt>
		<trkpt lat="34.461352" lon="126.937311">
			<ele>0.00</ele>
			<time>2020-01-20T03:00:45.99Z</time>
		</trkpt>
		<trkpt lat="34.461321" lon="126.937301">
			<ele>0.00</ele>
			<time>2020-01-20T03:00:46.20Z</time>
		</trkpt>
		<trkpt lat="34.461300" lon="126.937272">
			<ele>0.00</ele>
			<time>2020-01-20T03:00:46.41Z</time>
		</trkpt>
		<trkpt lat="34.461266" lon="126.937211">
			<ele>0.00</ele>
			<time>2020-01-20T03:00:46.82Z</time>
		</trkpt>
		<trkpt lat="34.461238" lon="126.937146">
			<ele>0.00</ele>
			<time>2020-01-20T03:00:47.22Z</time>
		</trkpt>
		<trkpt lat="34.461215" lon="126.937106">
			<ele>0.00</ele>
			<time>2020-01-20T03:00:47.49Z</time>
		</trkpt>
		<trkpt lat="34.461186" lon="126.937088">
			<ele>0.00</ele>
			<time>2020-01-20T03:00:47.71Z</time>
		</trkpt>
		<trkpt lat="34.461142" lon="126.937091">
			<ele>0.00</ele>
			<time>2020-01-20T03:00:48Z</time>
		</trkpt>
		<trkpt lat="34.461097" lon="126.937121">
			<ele>0.00</ele>
			<time>2020-01-20T03:00:48.34Z</time>
		</trkpt>
		<trkpt lat="34.460985" lon="126.937219">
			<ele>0.00</ele>
			<time>2020-01-20T03:00:49.27Z</time>
		</trkpt>
		<trkpt lat="34.460924" lon="126.937279">
			<ele>0.00</ele>
			<time>2020-01-20T03:00:49.79Z</time>
		</trkpt>
		<trkpt lat="34.460907" lon="126.937310">
			<ele>0.00</ele>
			<time>2020-01-20T03:00:49.99Z</time>
		</trkpt>
		<trkpt lat="34.460867" lon="126.937390">
			<ele>0.00</ele>
			<time>2020-01-20T03:00:50.51Z</time>
		</trkpt>
		<trkpt lat="34.460832" lon="126.937447">
			<ele>0.00</ele>
			<time>2020-01-20T03:00:50.90Z</time>
		</trkpt>
		<trkpt lat="34.460791" lon="126.937516">
			<ele>0.00</ele>
			<time>2020-01-20T03:00:51.37Z</time>
		</trkpt>
		<trkpt lat="34.460749" lon="126.937568">
			<ele>0.00</ele>
			<time>2020-01-20T03:00:51.77Z</time>
		</trkpt>
		<trkpt lat="34.460660" lon="126.937659">
			<ele>0.00</ele>
			<time>2020-01-20T03:00:52.54Z</time>
		</trkpt>
		<trkpt lat="34.460590" lon="126.937722">
			<ele>0.00</ele>
			<time>2020-01-20T03:00:53.12Z</time>
		</trkpt>
		<trkpt lat="34.460489" lon="126.937801">
			<ele>0.00</ele>
			<time>2020-01-20T03:00:53.92Z</time>
		</trkpt>
		<trkpt lat="34.460410" lon="126.937854">
			<ele>0.00</ele>
			<time>2020-01-20T03:00:54.52Z</time>
		</trkpt>
		<trkpt lat="34.460338" lon="126.937908">
			<ele>0.00</ele>
			<time>2020-01-20T03:00:55.09Z</time>
		</trkpt>
		<trkpt lat="34.460286" lon="126.937936">
			<ele>0.00</ele>
			<time>2020-01-20T03:00:55.47Z</time>
		</trkpt>
		<trkpt lat="34.460208" lon="126.937982">
			<ele>0.00</ele>
			<time>2020-01-20T03:00:56.05Z</time>
		</trkpt>
		<trkpt lat="34.460152" lon="126.938022">
			<ele>0.00</ele>
			<time>2020-01-20T03:00:56.48Z</time>
		</trkpt>
		<trkpt lat="34.460109" lon="126.938049">
			<ele>0.00</ele>
			<time>2020-01-20T03:00:56.80Z</time>
		</trkpt>
		<trkpt lat="34.460060" lon="126.938098">
			<ele>0.00</ele>
			<time>2020-01-20T03:00:57.23Z</time>
		</trkpt>
		<trkpt lat="34.460039" lon="126.938106">
			<ele>0.00</ele>
			<time>2020-01-20T03:00:57.37Z</time>
		</trkpt>
		<trkpt lat="34.460011" lon="126.938103">
			<ele>0.00</ele>
			<time>2020-01-20T03:00:57.56Z</time>
		</trkpt>
		<trkpt lat="34.459986" lon="126.938079">
			<ele>0.00</ele>
			<time>2020-01-20T03:00:57.77Z</time>
		</trkpt>
		<trkpt lat="34.459938" lon="126.938045">
			<ele>0.00</ele>
			<time>2020-01-20T03:00:58.14Z</time>
		</trkpt>
		<trkpt lat="34.459867" lon="126.937972">
			<ele>0.00</ele>
			<time>2020-01-20T03:00:58.76Z</time>
		</trkpt>
		<trkpt lat="34.459835" lon="126.937931">
			<ele>0.00</ele>
			<time>2020-01-20T03:00:59.07Z</time>
		</trkpt>
		<trkpt lat="34.459825" lon="126.937903">
			<ele>0.00</ele>
			<time>2020-01-20T03:00:59.24Z</time>
		</trkpt>
		<trkpt lat="34.459814" lon="126.937854">
			<ele>0.00</ele>
			<time>2020-01-20T03:00:59.52Z</time>
		</trkpt>
		<trkpt lat="34.459813" lon="126.937814">
			<ele>0.00</ele>
			<time>2020-01-20T03:00:59.74Z</time>
		</trkpt>
		<trkpt lat="34.459812" lon="126.937774">
			<ele>0.00</ele>
			<time>2020-01-20T03:00:59.96Z</time>
		</trkpt>
		<trkpt lat="34.459801" lon="126.937712">
			<ele>0.00</ele>
			<time>2020-01-20T03:01:00.31Z</time>
		</trkpt>
		<trkpt lat="34.459785" lon="126.937662">
			<ele>0.00</ele>
			<time>2020-01-20T03:01:00.60Z</time>
		</trkpt>
		<trkpt lat="34.459764" lon="126.937614">
			<ele>0.00</ele>
			<time>2020-01-20T03:01:00.90Z</time>
		</trkpt>
		<trkpt lat="34.459730" lon="126.937541">
			<ele>0.00</ele>
			<time>2020-01-20T03:01:01.37Z</time>
		</trkpt>
		<trkpt lat="34.459707" lon="126.937464">
			<ele>0.00</ele>
			<time>2020-01-20T03:01:01.81Z</time>
		</trkpt>
		<trkpt lat="34.459694" lon="126.937418">
			<ele>0.00</ele>
			<time>2020-01-20T03:01:02.08Z</time>
		</trkpt>
		<trkpt lat="34.459687" lon="126.937371">
			<ele>0.00</ele>
			<time>2020-01-20T03:01:02.34Z</time>
		</trkpt>
		<trkpt lat="34.459689" lon="126.937309">
			<ele>0.00</ele>
			<time>2020-01-20T03:01:02.68Z</time>
		</trkpt>
		<trkpt lat="34.459701" lon="126.937257">
			<ele>0.00</ele>
			<time>2020-01-20T03:01:02.98Z</time>
		</trkpt>
		<trkpt lat="34.459731" lon="126.937140">
			<ele>0.00</ele>
			<time>2020-01-20T03:01:03.66Z</time>
		</trkpt>
		<trkpt lat="34.459756" lon="126.937051">
			<ele>0.00</ele>
			<time>2020-01-20T03:01:04.17Z</time>
		</trkpt>
		<trkpt lat="34.459795" lon="126.936942">
			<ele>0.00</ele>
			<time>2020-01-20T03:01:04.82Z</time>
		</trkpt>
		<trkpt lat="34.459822" lon="126.936881">
			<ele>0.00</ele>
			<time>2020-01-20T03:01:05.20Z</time>
		</trkpt>
		<trkpt lat="34.459835" lon="126.936847">
			<ele>0.00</ele>
			<time>2020-01-20T03:01:05.41Z</time>
		</trkpt>
		<trkpt lat="34.459841" lon="126.936810">
			<ele>0.00</ele>
			<time>2020-01-20T03:01:05.62Z</time>
		</trkpt>
		<trkpt lat="34.459840" lon="126.936785">
			<ele>0.00</ele>
			<time>2020-01-20T03:01:05.76Z</time>
		</trkpt>
		<trkpt lat="34.459825" lon="126.936751">
			<ele>0.00</ele>
			<time>2020-01-20T03:01:05.97Z</time>
		</trkpt>
		<trkpt lat="34.459785" lon="126.936674">
			<ele>0.00</ele>
			<time>2020-01-20T03:01:06.47Z</time>
		</trkpt>
		<trkpt lat="34.459590" lon="126.936343">
			<ele>0.00</ele>
			<time>2020-01-20T03:01:08.71Z</time>
		</trkpt>
		<trkpt lat="34.459548" lon="126.936287">
			<ele>0.00</ele>
			<time>2020-01-20T03:01:09.12Z</time>
		</trkpt>
		<trkpt lat="34.459454" lon="126.936189">
			<ele>0.00</ele>
			<time>2020-01-20T03:01:09.95Z</time>
		</trkpt>
		<trkpt lat="34.459367" lon="126.936095">
			<ele>0.00</ele>
			<time>2020-01-20T03:01:10.73Z</time>
		</trkpt>
		<trkpt lat="34.459329" lon="126.936043">
			<ele>0.00</ele>
			<time>2020-01-20T03:01:11.11Z</time>
		</trkpt>
		<trkpt lat="34.459320" lon="126.935992">
			<ele>0.00</ele>
			<time>2020-01-20T03:01:11.39Z</time>
		</trkpt>
		<trkpt lat="34.459322" lon="126.935933">
			<ele>0.00</ele>
			<time>2020-01-20T03:01:11.72Z</time>
		</trkpt>
		<trkpt lat="34.459345" lon="126.935774">
			<ele>0.00</ele>
			<time>2020-01-20T03:01:12.60Z</time>
		</trkpt>
		<trkpt lat="34.459371" lon="126.935692">
			<ele>0.00</ele>
			<time>2020-01-20T03:01:13.09Z</time>
		</trkpt>
		<trkpt lat="34.459387" lon="126.935663">
			<ele>0.00</ele>
			<time>2020-01-20T03:01:13.28Z</time>
		</trkpt>
		<trkpt lat="34.459410" lon="126.935646">
			<ele>0.00</ele>
			<time>2020-01-20T03:01:13.46Z</time>
		</trkpt>
		<trkpt lat="34.459457" lon="126.935631">
			<ele>0.00</ele>
			<time>2020-01-20T03:01:13.78Z</time>
		</trkpt>
		<trkpt lat="34.459517" lon="126.935615">
			<ele>0.00</ele>
			<time>2020-01-20T03:01:14.19Z</time>
		</trkpt>
		<trkpt lat="34.459551" lon="126.935583">
			<ele>0.00</ele>
			<time>2020-01-20T03:01:14.48Z</time>
		</trkpt>
		<trkpt lat="34.459607" lon="126.935502">
			<ele>0.00</ele>
			<time>2020-01-20T03:01:15.06Z</time>
		</trkpt>
		<trkpt lat="34.459657" lon="126.935411">
			<ele>0.00</ele>
			<time>2020-01-20T03:01:15.66Z</time>
		</trkpt>
		<trkpt lat="34.459723" lon="126.935282">
			<ele>0.00</ele>
			<time>2020-01-20T03:01:16.49Z</time>
		</trkpt>
		<trkpt lat="34.459758" lon="126.935206">
			<ele>0.00</ele>
			<time>2020-01-20T03:01:16.97Z</time>
		</trkpt>
		<trkpt lat="34.459789" lon="126.935121">
			<ele>0.00</ele>
			<time>2020-01-20T03:01:17.48Z</time>
		</trkpt>
		<trkpt lat="34.459814" lon="126.935005">
			<ele>0.00</ele>
			<time>2020-01-20T03:01:18.14Z</time>
		</trkpt>
		<trkpt lat="34.459824" lon="126.934943">
			<ele>0.00</ele>
			<time>2020-01-20T03:01:18.49Z</time>
		</trkpt>
		<trkpt lat="34.459834" lon="126.934884">
			<ele>0.00</ele>
			<time>2020-01-20T03:01:18.82Z</time>
		</trkpt>
		<trkpt lat="34.459851" lon="126.934820">
			<ele>0.00</ele>
			<time>2020-01-20T03:01:19.19Z</time>
		</trkpt>
		<trkpt lat="34.459867" lon="126.934786">
			<ele>0.00</ele>
			<time>2020-01-20T03:01:19.41Z</time>
		</trkpt>
		<trkpt lat="34.459893" lon="126.934741">
			<ele>0.00</ele>
			<time>2020-01-20T03:01:19.71Z</time>
		</trkpt>
		<trkpt lat="34.459918" lon="126.934696">
			<ele>0.00</ele>
			<time>2020-01-20T03:01:20.01Z</time>
		</trkpt>
		<trkpt lat="34.459941" lon="126.934661">
			<ele>0.00</ele>
			<time>2020-01-20T03:01:20.26Z</time>
		</trkpt>
		<trkpt lat="34.459941" lon="126.934642">
			<ele>0.00</ele>
			<time>2020-01-20T03:01:20.36Z</time>
		</trkpt>
		<trkpt lat="34.459933" lon="126.934618">
			<ele>0.00</ele>
			<time>2020-01-20T03:01:20.50Z</time>
		</trkpt>
		<trkpt lat="34.459918" lon="126.934592">
			<ele>0.00</ele>
			<time>2020-01-20T03:01:20.67Z</time>
		</trkpt>
		<trkpt lat="34.459830" lon="126.934445">
			<ele>0.00</ele>
			<time>2020-01-20T03:01:21.68Z</time>
		</trkpt>
		<trkpt lat="34.459761" lon="126.934361">
			<ele>0.00</ele>
			<time>2020-01-20T03:01:22.32Z</time>
		</trkpt>
		<trkpt lat="34.459724" lon="126.934323">
			<ele>0.00</ele>
			<time>2020-01-20T03:01:22.65Z</time>
		</trkpt>
		<trkpt lat="34.459668" lon="126.934274">
			<ele>0.00</ele>
			<time>2020-01-20T03:01:23.11Z</time>
		</trkpt>
		<trkpt lat="34.459611" lon="126.934218">
			<ele>0.00</ele>
			<time>2020-01-20T03:01:23.60Z</time>
		</trkpt>
		<trkpt lat="34.459587" lon="126.934174">
			<ele>0.00</ele>
			<time>2020-01-20T03:01:23.89Z</time>
		</trkpt>
		<trkpt lat="34.459578" lon="126.934138">
			<ele>0.00</ele>
			<time>2020-01-20T03:01:24.10Z</time>
		</trkpt>
		<trkpt lat="34.459577" lon="126.934135">
			<ele>0.00</ele>
			<time>2020-01-20T03:01:24.16Z</time>
		</trkpt>
		<trkpt lat="34.459568" lon="126.934089">
			<ele>0.00</ele>
			<time>2020-01-20T03:01:24.42Z</time>
		</trkpt>
		<trkpt lat="34.459578" lon="126.934052">
			<ele>0.00</ele>
			<time>2020-01-20T03:01:24.63Z</time>
		</trkpt>
		<trkpt lat="34.459597" lon="126.934008">
			<ele>0.00</ele>
			<time>2020-01-20T03:01:24.91Z</time>
		</trkpt>
		<trkpt lat="34.459613" lon="126.933954">
			<ele>0.00</ele>
			<time>2020-01-20T03:01:25.22Z</time>
		</trkpt>
		<trkpt lat="34.459607" lon="126.933888">
			<ele>0.00</ele>
			<time>2020-01-20T03:01:25.59Z</time>
		</trkpt>
		<trkpt lat="34.459582" lon="126.933819">
			<ele>0.00</ele>
			<time>2020-01-20T03:01:26Z</time>
		</trkpt>
		<trkpt lat="34.459559" lon="126.933744">
			<ele>0.00</ele>
			<time>2020-01-20T03:01:26.44Z</time>
		</trkpt>
		<trkpt lat="34.459544" lon="126.933723">
			<ele>0.00</ele>
			<time>2020-01-20T03:01:26.59Z</time>
		</trkpt>
		<trkpt lat="34.459537" lon="126.933687">
			<ele>0.00</ele>
			<time>2020-01-20T03:01:26.80Z</time>
		</trkpt>
		<trkpt lat="34.459509" lon="126.933619">
			<ele>0.00</ele>
			<time>2020-01-20T03:01:27.21Z</time>
		</trkpt>
		<trkpt lat="34.459472" lon="126.933552">
			<ele>0.00</ele>
			<time>2020-01-20T03:01:27.66Z</time>
		</trkpt>
		<trkpt lat="34.459428" lon="126.933499">
			<ele>0.00</ele>
			<time>2020-01-20T03:01:28.07Z</time>
		</trkpt>
		<trkpt lat="34.459393" lon="126.933438">
			<ele>0.00</ele>
			<time>2020-01-20T03:01:28.48Z</time>
		</trkpt>
		<trkpt lat="34.459362" lon="126.933357">
			<ele>0.00</ele>
			<time>2020-01-20T03:01:28.97Z</time>
		</trkpt>
		<trkpt lat="34.459307" lon="126.933254">
			<ele>0.00</ele>
			<time>2020-01-20T03:01:29.64Z</time>
		</trkpt>
		<trkpt lat="34.459276" lon="126.933208">
			<ele>0.00</ele>
			<time>2020-01-20T03:01:29.97Z</time>
		</trkpt>
		<trkpt lat="34.459234" lon="126.933165">
			<ele>0.00</ele>
			<time>2020-01-20T03:01:30.34Z</time>
		</trkpt>
		<trkpt lat="34.459187" lon="126.933146">
			<ele>0.00</ele>
			<time>2020-01-20T03:01:30.66Z</time>
		</trkpt>
		<trkpt lat="34.459115" lon="126.933126">
			<ele>0.00</ele>
			<time>2020-01-20T03:01:31.16Z</time>
		</trkpt>
		<trkpt lat="34.459023" lon="126.933111">
			<ele>0.00</ele>
			<time>2020-01-20T03:01:31.78Z</time>
		</trkpt>
		<trkpt lat="34.458972" lon="126.933112">
			<ele>0.00</ele>
			<time>2020-01-20T03:01:32.12Z</time>
		</trkpt>
		<trkpt lat="34.458923" lon="126.933128">
			<ele>0.00</ele>
			<time>2020-01-20T03:01:32.45Z</time>
		</trkpt>
		<trkpt lat="34.458877" lon="126.933132">
			<ele>0.00</ele>
			<time>2020-01-20T03:01:32.77Z</time>
		</trkpt>
		<trkpt lat="34.458839" lon="126.933134">
			<ele>0.00</ele>
			<time>2020-01-20T03:01:33.02Z</time>
		</trkpt>
		<trkpt lat="34.458757" lon="126.933112">
			<ele>0.00</ele>
			<time>2020-01-20T03:01:33.58Z</time>
		</trkpt>
		<trkpt lat="34.458729" lon="126.933099">
			<ele>0.00</ele>
			<time>2020-01-20T03:01:33.77Z</time>
		</trkpt>
		<trkpt lat="34.458696" lon="126.933093">
			<ele>0.00</ele>
			<time>2020-01-20T03:01:34Z</time>
		</trkpt>
		<trkpt lat="34.458669" lon="126.933091">
			<ele>0.00</ele>
			<time>2020-01-20T03:01:34.18Z</time>
		</trkpt>
		<trkpt lat="34.458643" lon="126.933094">
			<ele>0.00</ele>
			<time>2020-01-20T03:01:34.36Z</time>
		</trkpt>
		<trkpt lat="34.458589" lon="126.933099">
			<ele>0.00</ele>
			<time>2020-01-20T03:01:34.71Z</time>
		</trkpt>
		<trkpt lat="34.458555" lon="126.933100">
			<ele>0.00</ele>
			<time>2020-01-20T03:01:34.94Z</time>
		</trkpt>
		<trkpt lat="34.458524" lon="126.933100">
			<ele>0.00</ele>
			<time>2020-01-20T03:01:35.15Z</time>
		</trkpt>
		<trkpt lat="34.458497" lon="126.933092">
			<ele>0.00</ele>
			<time>2020-01-20T03:01:35.33Z</time>
		</trkpt>
		<trkpt lat="34.458490" lon="126.933067">
			<ele>0.00</ele>
			<time>2020-01-20T03:01:35.48Z</time>
		</trkpt>
		<trkpt lat="34.458490" lon="126.933045">
			<ele>0.00</ele>
			<time>2020-01-20T03:01:35.60Z</time>
		</trkpt>
		<trkpt lat="34.458494" lon="126.933010">
			<ele>0.00</ele>
			<time>2020-01-20T03:01:35.79Z</time>
		</trkpt>
		<trkpt lat="34.458496" lon="126.933010">
			<ele>0.00</ele>
			<time>2020-01-20T03:01:35.85Z</time>
		</trkpt>
		<trkpt lat="34.458529" lon="126.932977">
			<ele>0.00</ele>
			<time>2020-01-20T03:01:36.14Z</time>
		</trkpt>
		<trkpt lat="34.458580" lon="126.932923">
			<ele>0.00</ele>
			<time>2020-01-20T03:01:36.59Z</time>
		</trkpt>
		<trkpt lat="34.458703" lon="126.932831">
			<ele>0.00</ele>
			<time>2020-01-20T03:01:37.55Z</time>
		</trkpt>
		<trkpt lat="34.458843" lon="126.932746">
			<ele>0.00</ele>
			<time>2020-01-20T03:01:38.59Z</time>
		</trkpt>
		<trkpt lat="34.458926" lon="126.932688">
			<ele>0.00</ele>
			<time>2020-01-20T03:01:39.24Z</time>
		</trkpt>
		<trkpt lat="34.458979" lon="126.932654">
			<ele>0.00</ele>
			<time>2020-01-20T03:01:39.64Z</time>
		</trkpt>
		<trkpt lat="34.459055" lon="126.932626">
			<ele>0.00</ele>
			<time>2020-01-20T03:01:40.17Z</time>
		</trkpt>
		<trkpt lat="34.459135" lon="126.932622">
			<ele>0.00</ele>
			<time>2020-01-20T03:01:40.70Z</time>
		</trkpt>
		<trkpt lat="34.459200" lon="126.932628">
			<ele>0.00</ele>
			<time>2020-01-20T03:01:41.13Z</time>
		</trkpt>
		<trkpt lat="34.459293" lon="126.932629">
			<ele>0.00</ele>
			<time>2020-01-20T03:01:41.76Z</time>
		</trkpt>
		<trkpt lat="34.459353" lon="126.932628">
			<ele>0.00</ele>
			<time>2020-01-20T03:01:42.15Z</time>
		</trkpt>
		<trkpt lat="34.459357" lon="126.932628">
			<ele>0.00</ele>
			<time>2020-01-20T03:01:42.21Z</time>
		</trkpt>
		<trkpt lat="34.459420" lon="126.932615">
			<ele>0.00</ele>
			<time>2020-01-20T03:01:42.64Z</time>
		</trkpt>
		<trkpt lat="34.459492" lon="126.932586">
			<ele>0.00</ele>
			<time>2020-01-20T03:01:43.15Z</time>
		</trkpt>
		<trkpt lat="34.459541" lon="126.932554">
			<ele>0.00</ele>
			<time>2020-01-20T03:01:43.52Z</time>
		</trkpt>
		<trkpt lat="34.459625" lon="126.932463">
			<ele>0.00</ele>
			<time>2020-01-20T03:01:44.27Z</time>
		</trkpt>
		<trkpt lat="34.459704" lon="126.932359">
			<ele>0.00</ele>
			<time>2020-01-20T03:01:45.05Z</time>
		</trkpt>
		<trkpt lat="34.459762" lon="126.932288">
			<ele>0.00</ele>
			<time>2020-01-20T03:01:45.60Z</time>
		</trkpt>
		<trkpt lat="34.459834" lon="126.932261">
			<ele>0.00</ele>
			<time>2020-01-20T03:01:46.09Z</time>
		</trkpt>
		<trkpt lat="34.459891" lon="126.932241">
			<ele>0.00</ele>
			<time>2020-01-20T03:01:46.49Z</time>
		</trkpt>
		<trkpt lat="34.459986" lon="126.932212">
			<ele>0.00</ele>
			<time>2020-01-20T03:01:47.14Z</time>
		</trkpt>
		<trkpt lat="34.460057" lon="126.932183">
			<ele>0.00</ele>
			<time>2020-01-20T03:01:47.65Z</time>
		</trkpt>
		<trkpt lat="34.460161" lon="126.932134">
			<ele>0.00</ele>
			<time>2020-01-20T03:01:48.39Z</time>
		</trkpt>
		<trkpt lat="34.460164" lon="126.932130">
			<ele>0.00</ele>
			<time>2020-01-20T03:01:48.45Z</time>
		</trkpt>
		<trkpt lat="34.460238" lon="126.932072">
			<ele>0.00</ele>
			<time>2020-01-20T03:01:49.04Z</time>
		</trkpt>
		<trkpt lat="34.460340" lon="126.931942">
			<ele>0.00</ele>
			<time>2020-01-20T03:01:50.03Z</time>
		</trkpt>
		<trkpt lat="34.460565" lon="126.931705">
			<ele>0.00</ele>
			<time>2020-01-20T03:01:52.01Z</time>
		</trkpt>
		<trkpt lat="34.460664" lon="126.931590">
			<ele>0.00</ele>
			<time>2020-01-20T03:01:52.93Z</time>
		</trkpt>
		<trkpt lat="34.460719" lon="126.931521">
			<ele>0.00</ele>
			<time>2020-01-20T03:01:53.46Z</time>
		</trkpt>
		<trkpt lat="34.460808" lon="126.931414">
			<ele>0.00</ele>
			<time>2020-01-20T03:01:54.29Z</time>
		</trkpt>
		<trkpt lat="34.460885" lon="126.931352">
			<ele>0.00</ele>
			<time>2020-01-20T03:01:54.91Z</time>
		</trkpt>
		<trkpt lat="34.461021" lon="126.931256">
			<ele>0.00</ele>
			<time>2020-01-20T03:01:55.95Z</time>
		</trkpt>
		<trkpt lat="34.461198" lon="126.931142">
			<ele>0.00</ele>
			<time>2020-01-20T03:01:57.29Z</time>
		</trkpt>
		<trkpt lat="34.461349" lon="126.931072">
			<ele>0.00</ele>
			<time>2020-01-20T03:01:58.37Z</time>
		</trkpt>
		<trkpt lat="34.461442" lon="126.931036">
			<ele>0.00</ele>
			<time>2020-01-20T03:01:59.02Z</time>
		</trkpt>
		<trkpt lat="34.461544" lon="126.931009">
			<ele>0.00</ele>
			<time>2020-01-20T03:01:59.72Z</time>
		</trkpt>
		<trkpt lat="34.461653" lon="126.930974">
			<ele>0.00</ele>
			<time>2020-01-20T03:02:00.47Z</time>
		</trkpt>
		<trkpt lat="34.461717" lon="126.930919">
			<ele>0.00</ele>
			<time>2020-01-20T03:02:00.99Z</time>
		</trkpt>
		<trkpt lat="34.461779" lon="126.930862">
			<ele>0.00</ele>
			<time>2020-01-20T03:02:01.51Z</time>
		</trkpt>
		<trkpt lat="34.461850" lon="126.930764">
			<ele>0.00</ele>
			<time>2020-01-20T03:02:02.23Z</time>
		</trkpt>
		<trkpt lat="34.461905" lon="126.930671">
			<ele>0.00</ele>
			<time>2020-01-20T03:02:02.86Z</time>
		</trkpt>
		<trkpt lat="34.461951" lon="126.930599">
			<ele>0.00</ele>
			<time>2020-01-20T03:02:03.36Z</time>
		</trkpt>
		<trkpt lat="34.462007" lon="126.930551">
			<ele>0.00</ele>
			<time>2020-01-20T03:02:03.81Z</time>
		</trkpt>
		<trkpt lat="34.462141" lon="126.930465">
			<ele>0.00</ele>
			<time>2020-01-20T03:02:04.82Z</time>
		</trkpt>
		<trkpt lat="34.462310" lon="126.930385">
			<ele>0.00</ele>
			<time>2020-01-20T03:02:06.03Z</time>
		</trkpt>
		<trkpt lat="34.462406" lon="126.930340">
			<ele>0.00</ele>
			<time>2020-01-20T03:02:06.72Z</time>
		</trkpt>
		<trkpt lat="34.462514" lon="126.930274">
			<ele>0.00</ele>
			<time>2020-01-20T03:02:07.53Z</time>
		</trkpt>
		<trkpt lat="34.462592" lon="126.930199">
			<ele>0.00</ele>
			<time>2020-01-20T03:02:08.19Z</time>
		</trkpt>
		<trkpt lat="34.462630" lon="126.930115">
			<ele>0.00</ele>
			<time>2020-01-20T03:02:08.72Z</time>
		</trkpt>
		<trkpt lat="34.462639" lon="126.929982">
			<ele>0.00</ele>
			<time>2020-01-20T03:02:09.45Z</time>
		</trkpt>
		<trkpt lat="34.462636" lon="126.929889">
			<ele>0.00</ele>
			<time>2020-01-20T03:02:09.96Z</time>
		</trkpt>
		<trkpt lat="34.462635" lon="126.929802">
			<ele>0.00</ele>
			<time>2020-01-20T03:02:10.44Z</time>
		</trkpt>
		<trkpt lat="34.462658" lon="126.929689">
			<ele>0.00</ele>
			<time>2020-01-20T03:02:11.08Z</time>
		</trkpt>
		<trkpt lat="34.462696" lon="126.929583">
			<ele>0.00</ele>
			<time>2020-01-20T03:02:11.72Z</time>
		</trkpt>
		<trkpt lat="34.462759" lon="126.929479">
			<ele>0.00</ele>
			<time>2020-01-20T03:02:12.43Z</time>
		</trkpt>
		<trkpt lat="34.462888" lon="126.929269">
			<ele>0.00</ele>
			<time>2020-01-20T03:02:13.86Z</time>
		</trkpt>
		<trkpt lat="34.463043" lon="126.928972">
			<ele>0.00</ele>
			<time>2020-01-20T03:02:15.80Z</time>
		</trkpt>
		<trkpt lat="34.463113" lon="126.928888">
			<ele>0.00</ele>
			<time>2020-01-20T03:02:16.45Z</time>
		</trkpt>
		<trkpt lat="34.463222" lon="126.928816">
			<ele>0.00</ele>
			<time>2020-01-20T03:02:17.28Z</time>
		</trkpt>
		<trkpt lat="34.463228" lon="126.928814">
			<ele>0.00</ele>
			<time>2020-01-20T03:02:17.34Z</time>
		</trkpt>
		<trkpt lat="34.463327" lon="126.928749">
			<ele>0.00</ele>
			<time>2020-01-20T03:02:18.09Z</time>
		</trkpt>
		<trkpt lat="34.463440" lon="126.928659">
			<ele>0.00</ele>
			<time>2020-01-20T03:02:18.99Z</time>
		</trkpt>
		<trkpt lat="34.463521" lon="126.928579">
			<ele>0.00</ele>
			<time>2020-01-20T03:02:19.69Z</time>
		</trkpt>
		<trkpt lat="34.463577" lon="126.928524">
			<ele>0.00</ele>
			<time>2020-01-20T03:02:20.16Z</time>
		</trkpt>
		<trkpt lat="34.463631" lon="126.928449">
			<ele>0.00</ele>
			<time>2020-01-20T03:02:20.71Z</time>
		</trkpt>
		<trkpt lat="34.463709" lon="126.928369">
			<ele>0.00</ele>
			<time>2020-01-20T03:02:21.39Z</time>
		</trkpt>
		<trkpt lat="34.463782" lon="126.928317">
			<ele>0.00</ele>
			<time>2020-01-20T03:02:21.96Z</time>
		</trkpt>
		<trkpt lat="34.463853" lon="126.928272">
			<ele>0.00</ele>
			<time>2020-01-20T03:02:22.49Z</time>
		</trkpt>
		<trkpt lat="34.463987" lon="126.928235">
			<ele>0.00</ele>
			<time>2020-01-20T03:02:23.41Z</time>
		</trkpt>
		<trkpt lat="34.464120" lon="126.928189">
			<ele>0.00</ele>
			<time>2020-01-20T03:02:24.33Z</time>
		</trkpt>
		<trkpt lat="34.464268" lon="126.928107">
			<ele>0.00</ele>
			<time>2020-01-20T03:02:25.42Z</time>
		</trkpt>
		<trkpt lat="34.464440" lon="126.928009">
			<ele>0.00</ele>
			<time>2020-01-20T03:02:26.68Z</time>
		</trkpt>
		<trkpt lat="34.464512" lon="126.927965">
			<ele>0.00</ele>
			<time>2020-01-20T03:02:27.21Z</time>
		</trkpt>
		<trkpt lat="34.464603" lon="126.927922">
			<ele>0.00</ele>
			<time>2020-01-20T03:02:27.87Z</time>
		</trkpt>
		<trkpt lat="34.464717" lon="126.927907">
			<ele>0.00</ele>
			<time>2020-01-20T03:02:28.63Z</time>
		</trkpt>
		<trkpt lat="34.464719" lon="126.927907">
			<ele>0.00</ele>
			<time>2020-01-20T03:02:28.69Z</time>
		</trkpt>
		<trkpt lat="34.464802" lon="126.927919">
			<ele>0.00</ele>
			<time>2020-01-20T03:02:29.25Z</time>
		</trkpt>
		<trkpt lat="34.464913" lon="126.927968">
			<ele>0.00</ele>
			<time>2020-01-20T03:02:30.04Z</time>
		</trkpt>
		<trkpt lat="34.464996" lon="126.927979">
			<ele>0.00</ele>
			<time>2020-01-20T03:02:30.60Z</time>
		</trkpt>
		<trkpt lat="34.465075" lon="126.927969">
			<ele>0.00</ele>
			<time>2020-01-20T03:02:31.12Z</time>
		</trkpt>
		<trkpt lat="34.465157" lon="126.927959">
			<ele>0.00</ele>
			<time>2020-01-20T03:02:31.67Z</time>
		</trkpt>
		<trkpt lat="34.465298" lon="126.927906">
			<ele>0.00</ele>
			<time>2020-01-20T03:02:32.66Z</time>
		</trkpt>
		<trkpt lat="34.465446" lon="126.927848">
			<ele>0.00</ele>
			<time>2020-01-20T03:02:33.69Z</time>
		</trkpt>
		<trkpt lat="34.465514" lon="126.927838">
			<ele>0.00</ele>
			<time>2020-01-20T03:02:34.15Z</time>
		</trkpt>
		<trkpt lat="34.465622" lon="126.927815">
			<ele>0.00</ele>
			<time>2020-01-20T03:02:34.88Z</time>
		</trkpt>
		<trkpt lat="34.465627" lon="126.927815">
			<ele>0.00</ele>
			<time>2020-01-20T03:02:34.94Z</time>
		</trkpt>
		<trkpt lat="34.465702" lon="126.927797">
			<ele>0.00</ele>
			<time>2020-01-20T03:02:35.45Z</time>
		</trkpt>
		<trkpt lat="34.465861" lon="126.927781">
			<ele>0.00</ele>
			<time>2020-01-20T03:02:36.52Z</time>
		</trkpt>
		<trkpt lat="34.465927" lon="126.927778">
			<ele>0.00</ele>
			<time>2020-01-20T03:02:36.96Z</time>
		</trkpt>
		<trkpt lat="34.465996" lon="126.927772">
			<ele>0.00</ele>
			<time>2020-01-20T03:02:37.42Z</time>
		</trkpt>
		<trkpt lat="34.466071" lon="126.927786">
			<ele>0.00</ele>
			<time>2020-01-20T03:02:37.93Z</time>
		</trkpt>
		<trkpt lat="34.466136" lon="126.927767">
			<ele>0.00</ele>
			<time>2020-01-20T03:02:38.37Z</time>
		</trkpt>
		<trkpt lat="34.466143" lon="126.927764">
			<ele>0.00</ele>
			<time>2020-01-20T03:02:38.43Z</time>
		</trkpt>
		<trkpt lat="34.466215" lon="126.927725">
			<ele>0.00</ele>
			<time>2020-01-20T03:02:38.96Z</time>
		</trkpt>
		<trkpt lat="34.466222" lon="126.927725">
			<ele>0.00</ele>
			<time>2020-01-20T03:02:39.02Z</time>
		</trkpt>
		<trkpt lat="34.466357" lon="126.927615">
			<ele>0.00</ele>
			<time>2020-01-20T03:02:40.11Z</time>
		</trkpt>
		<trkpt lat="34.466525" lon="126.927492">
			<ele>0.00</ele>
			<time>2020-01-20T03:02:41.41Z</time>
		</trkpt>
		<trkpt lat="34.466636" lon="126.927386">
			<ele>0.00</ele>
			<time>2020-01-20T03:02:42.36Z</time>
		</trkpt>
		<trkpt lat="34.466782" lon="126.927210">
			<ele>0.00</ele>
			<time>2020-01-20T03:02:43.73Z</time>
		</trkpt>
		<trkpt lat="34.466865" lon="126.927106">
			<ele>0.00</ele>
			<time>2020-01-20T03:02:44.52Z</time>
		</trkpt>
		<trkpt lat="34.466943" lon="126.927050">
			<ele>0.00</ele>
			<time>2020-01-20T03:02:45.13Z</time>
		</trkpt>
		<trkpt lat="34.467018" lon="126.927005">
			<ele>0.00</ele>
			<time>2020-01-20T03:02:45.68Z</time>
		</trkpt>
		<trkpt lat="34.467079" lon="126.926982">
			<ele>0.00</ele>
			<time>2020-01-20T03:02:46.11Z</time>
		</trkpt>
		<trkpt lat="34.467168" lon="126.926934">
			<ele>0.00</ele>
			<time>2020-01-20T03:02:46.76Z</time>
		</trkpt>
		<trkpt lat="34.467242" lon="126.926900">
			<ele>0.00</ele>
			<time>2020-01-20T03:02:47.29Z</time>
		</trkpt>
		<trkpt lat="34.467305" lon="126.926850">
			<ele>0.00</ele>
			<time>2020-01-20T03:02:47.79Z</time>
		</trkpt>
		<trkpt lat="34.467353" lon="126.926766">
			<ele>0.00</ele>
			<time>2020-01-20T03:02:48.35Z</time>
		</trkpt>
		<trkpt lat="34.467402" lon="126.926675">
			<ele>0.00</ele>
			<time>2020-01-20T03:02:48.95Z</time>
		</trkpt>
		<trkpt lat="34.467435" lon="126.926583">
			<ele>0.00</ele>
			<time>2020-01-20T03:02:49.50Z</time>
		</trkpt>
		<trkpt lat="34.467540" lon="126.926372">
			<ele>0.00</ele>
			<time>2020-01-20T03:02:50.85Z</time>
		</trkpt>
		<trkpt lat="34.467591" lon="126.926283">
			<ele>0.00</ele>
			<time>2020-01-20T03:02:51.45Z</time>
		</trkpt>
		<trkpt lat="34.467643" lon="126.926205">
			<ele>0.00</ele>
			<time>2020-01-20T03:02:52.01Z</time>
		</trkpt>
		<trkpt lat="34.467711" lon="126.926144">
			<ele>0.00</ele>
			<time>2020-01-20T03:02:52.57Z</time>
		</trkpt>
		<trkpt lat="34.467756" lon="126.926121">
			<ele>0.00</ele>
			<time>2020-01-20T03:02:52.89Z</time>
		</trkpt>
		<trkpt lat="34.467810" lon="126.926097">
			<ele>0.00</ele>
			<time>2020-01-20T03:02:53.28Z</time>
		</trkpt>
		<trkpt lat="34.467862" lon="126.926084">
			<ele>0.00</ele>
			<time>2020-01-20T03:02:53.63Z</time>
		</trkpt>
		<trkpt lat="34.467909" lon="126.926069">
			<ele>0.00</ele>
			<time>2020-01-20T03:02:53.96Z</time>
		</trkpt>
		<trkpt lat="34.467987" lon="126.925924">
			<ele>0.00</ele>
			<time>2020-01-20T03:02:54.91Z</time>
		</trkpt>
		<trkpt lat="34.468038" lon="126.925810">
			<ele>0.00</ele>
			<time>2020-01-20T03:02:55.62Z</time>
		</trkpt>
		<trkpt lat="34.468077" lon="126.925698">
			<ele>0.00</ele>
			<time>2020-01-20T03:02:56.29Z</time>
		</trkpt>
		<trkpt lat="34.468117" lon="126.925564">
			<ele>0.00</ele>
			<time>2020-01-20T03:02:57.07Z</time>
		</trkpt>
		<trkpt lat="34.468131" lon="126.925479">
			<ele>0.00</ele>
			<time>2020-01-20T03:02:57.55Z</time>
		</trkpt>
		<trkpt lat="34.468131" lon="126.925415">
			<ele>0.00</ele>
			<time>2020-01-20T03:02:57.90Z</time>
		</trkpt>
		<trkpt lat="34.468127" lon="126.925360">
			<ele>0.00</ele>
			<time>2020-01-20T03:02:58.21Z</time>
		</trkpt>
		<trkpt lat="34.468125" lon="126.925307">
			<ele>0.00</ele>
			<time>2020-01-20T03:02:58.50Z</time>
		</trkpt>
		<trkpt lat="34.468096" lon="126.925157">
			<ele>0.00</ele>
			<time>2020-01-20T03:02:59.34Z</time>
		</trkpt>
		<trkpt lat="34.468081" lon="126.925054">
			<ele>0.00</ele>
			<time>2020-01-20T03:02:59.91Z</time>
		</trkpt>
		<trkpt lat="34.468082" lon="126.924962">
			<ele>0.00</ele>
			<time>2020-01-20T03:03:00.42Z</time>
		</trkpt>
		<trkpt lat="34.468084" lon="126.924949">
			<ele>0.00</ele>
			<time>2020-01-20T03:03:00.50Z</time>
		</trkpt>
		<trkpt lat="34.468100" lon="126.924841">
			<ele>0.00</ele>
			<time>2020-01-20T03:03:01.10Z</time>
		</trkpt>
		<trkpt lat="34.468101" lon="126.924830">
			<ele>0.00</ele>
			<time>2020-01-20T03:03:01.16Z</time>
		</trkpt>
		<trkpt lat="34.468108" lon="126.924763">
			<ele>0.00</ele>
			<time>2020-01-20T03:03:01.53Z</time>
		</trkpt>
		<trkpt lat="34.468111" lon="126.924655">
			<ele>0.00</ele>
			<time>2020-01-20T03:03:02.13Z</time>
		</trkpt>
		<trkpt lat="34.468111" lon="126.924599">
			<ele>0.00</ele>
			<time>2020-01-20T03:03:02.43Z</time>
		</trkpt>
		<trkpt lat="34.468103" lon="126.924478">
			<ele>0.00</ele>
			<time>2020-01-20T03:03:03.10Z</time>
		</trkpt>
		<trkpt lat="34.468094" lon="126.924413">
			<ele>0.00</ele>
			<time>2020-01-20T03:03:03.46Z</time>
		</trkpt>
		<trkpt lat="34.468094" lon="126.924286">
			<ele>0.00</ele>
			<time>2020-01-20T03:03:04.16Z</time>
		</trkpt>
		<trkpt lat="34.468124" lon="126.924184">
			<ele>0.00</ele>
			<time>2020-01-20T03:03:04.75Z</time>
		</trkpt>
		<trkpt lat="34.468188" lon="126.923995">
			<ele>0.00</ele>
			<time>2020-01-20T03:03:05.88Z</time>
		</trkpt>
		<trkpt lat="34.468296" lon="126.923783">
			<ele>0.00</ele>
			<time>2020-01-20T03:03:07.25Z</time>
		</trkpt>
		<trkpt lat="34.468354" lon="126.923656">
			<ele>0.00</ele>
			<time>2020-01-20T03:03:08.04Z</time>
		</trkpt>
		<trkpt lat="34.468410" lon="126.923560">
			<ele>0.00</ele>
			<time>2020-01-20T03:03:08.69Z</time>
		</trkpt>
		<trkpt lat="34.468507" lon="126.923475">
			<ele>0.00</ele>
			<time>2020-01-20T03:03:09.49Z</time>
		</trkpt>
		<trkpt lat="34.468584" lon="126.923418">
			<ele>0.00</ele>
			<time>2020-01-20T03:03:10.09Z</time>
		</trkpt>
		<trkpt lat="34.468696" lon="126.923347">
			<ele>0.00</ele>
			<time>2020-01-20T03:03:10.94Z</time>
		</trkpt>
		<trkpt lat="34.468844" lon="126.923244">
			<ele>0.00</ele>
			<time>2020-01-20T03:03:12.07Z</time>
		</trkpt>
		<trkpt lat="34.468921" lon="126.923171">
			<ele>0.00</ele>
			<time>2020-01-20T03:03:12.72Z</time>
		</trkpt>
		<trkpt lat="34.468979" lon="126.923153">
			<ele>0.00</ele>
			<time>2020-01-20T03:03:13.12Z</time>
		</trkpt>
		<trkpt lat="34.469034" lon="126.923152">
			<ele>0.00</ele>
			<time>2020-01-20T03:03:13.49Z</time>
		</trkpt>
		<trkpt lat="34.469087" lon="126.923151">
			<ele>0.00</ele>
			<time>2020-01-20T03:03:13.84Z</time>
		</trkpt>
		<trkpt lat="34.469134" lon="126.923131">
			<ele>0.00</ele>
			<time>2020-01-20T03:03:14.18Z</time>
		</trkpt>
		<trkpt lat="34.469187" lon="126.923108">
			<ele>0.00</ele>
			<time>2020-01-20T03:03:14.55Z</time>
		</trkpt>
		<trkpt lat="34.469306" lon="126.923059">
			<ele>0.00</ele>
			<time>2020-01-20T03:03:15.39Z</time>
		</trkpt>
		<trkpt lat="34.469401" lon="126.923024">
			<ele>0.00</ele>
			<time>2020-01-20T03:03:16.05Z</time>
		</trkpt>
		<trkpt lat="34.469436" lon="126.923024">
			<ele>0.00</ele>
			<time>2020-01-20T03:03:16.28Z</time>
		</trkpt>
		<trkpt lat="34.469437" lon="126.923024">
			<ele>0.00</ele>
			<time>2020-01-20T03:03:16.34Z</time>
		</trkpt>
		<trkpt lat="34.469495" lon="126.923034">
			<ele>0.00</ele>
			<time>2020-01-20T03:03:16.72Z</time>
		</trkpt>
		<trkpt lat="34.469576" lon="126.923066">
			<ele>0.00</ele>
			<time>2020-01-20T03:03:17.29Z</time>
		</trkpt>
		<trkpt lat="34.469634" lon="126.923072">
			<ele>0.00</ele>
			<time>2020-01-20T03:03:17.69Z</time>
		</trkpt>
		<trkpt lat="34.469692" lon="126.923060">
			<ele>0.00</ele>
			<time>2020-01-20T03:03:18.07Z</time>
		</trkpt>
		<trkpt lat="34.469894" lon="126.923035">
			<ele>0.00</ele>
			<time>2020-01-20T03:03:19.43Z</time>
		</trkpt>
		<trkpt lat="34.469976" lon="126.923008">
			<ele>0.00</ele>
			<time>2020-01-20T03:03:20Z</time>
		</trkpt>
		<trkpt lat="34.470070" lon="126.922970">
			<ele>0.00</ele>
			<time>2020-01-20T03:03:20.66Z</time>
		</trkpt>
		<trkpt lat="34.470184" lon="126.922917">
			<ele>0.00</ele>
			<time>2020-01-20T03:03:21.47Z</time>
		</trkpt>
		<trkpt lat="34.470259" lon="126.922865">
			<ele>0.00</ele>
			<time>2020-01-20T03:03:22.05Z</time>
		</trkpt>
		<trkpt lat="34.470315" lon="126.922816">
			<ele>0.00</ele>
			<time>2020-01-20T03:03:22.51Z</time>
		</trkpt>
		<trkpt lat="34.470366" lon="126.922789">
			<ele>0.00</ele>
			<time>2020-01-20T03:03:22.88Z</time>
		</trkpt>
		<trkpt lat="34.470441" lon="126.922777">
			<ele>0.00</ele>
			<time>2020-01-20T03:03:23.38Z</time>
		</trkpt>
		<trkpt lat="34.470504" lon="126.922766">
			<ele>0.00</ele>
			<time>2020-01-20T03:03:23.80Z</time>
		</trkpt>
		<trkpt lat="34.470602" lon="126.922785">
			<ele>0.00</ele>
			<time>2020-01-20T03:03:24.47Z</time>
		</trkpt>
		<trkpt lat="34.470653" lon="126.922809">
			<ele>0.00</ele>
			<time>2020-01-20T03:03:24.83Z</time>
		</trkpt>
		<trkpt lat="34.470697" lon="126.922843">
			<ele>0.00</ele>
			<time>2020-01-20T03:03:25.18Z</time>
		</trkpt>
		<trkpt lat="34.470742" lon="126.922879">
			<ele>0.00</ele>
			<time>2020-01-20T03:03:25.54Z</time>
		</trkpt>
		<trkpt lat="34.470817" lon="126.922938">
			<ele>0.00</ele>
			<time>2020-01-20T03:03:26.13Z</time>
		</trkpt>
		<trkpt lat="34.470878" lon="126.922957">
			<ele>0.00</ele>
			<time>2020-01-20T03:03:26.55Z</time>
		</trkpt>
		<trkpt lat="34.470927" lon="126.922959">
			<ele>0.00</ele>
			<time>2020-01-20T03:03:26.88Z</time>
		</trkpt>
		<trkpt lat="34.470985" lon="126.922942">
			<ele>0.00</ele>
			<time>2020-01-20T03:03:27.28Z</time>
		</trkpt>
		<trkpt lat="34.471059" lon="126.922927">
			<ele>0.00</ele>
			<time>2020-01-20T03:03:27.78Z</time>
		</trkpt>
		<trkpt lat="34.471125" lon="126.922919">
			<ele>0.00</ele>
			<time>2020-01-20T03:03:28.22Z</time>
		</trkpt>
		<trkpt lat="34.471194" lon="126.922921">
			<ele>0.00</ele>
			<time>2020-01-20T03:03:28.68Z</time>
		</trkpt>
		<trkpt lat="34.471267" lon="126.922936">
			<ele>0.00</ele>
			<time>2020-01-20T03:03:29.17Z</time>
		</trkpt>
		<trkpt lat="34.471321" lon="126.922949">
			<ele>0.00</ele>
			<time>2020-01-20T03:03:29.54Z</time>
		</trkpt>
		<trkpt lat="34.471367" lon="126.922986">
			<ele>0.00</ele>
			<time>2020-01-20T03:03:29.91Z</time>
		</trkpt>
		<trkpt lat="34.471434" lon="126.923033">
			<ele>0.00</ele>
			<time>2020-01-20T03:03:30.42Z</time>
		</trkpt>
		<trkpt lat="34.471491" lon="126.923070">
			<ele>0.00</ele>
			<time>2020-01-20T03:03:30.86Z</time>
		</trkpt>
		<trkpt lat="34.471536" lon="126.923091">
			<ele>0.00</ele>
			<time>2020-01-20T03:03:31.18Z</time>
		</trkpt>
		<trkpt lat="34.471595" lon="126.923102">
			<ele>0.00</ele>
			<time>2020-01-20T03:03:31.58Z</time>
		</trkpt>
		<trkpt lat="34.471643" lon="126.923101">
			<ele>0.00</ele>
			<time>2020-01-20T03:03:31.90Z</time>
		</trkpt>
		<trkpt lat="34.471681" lon="126.923083">
			<ele>0.00</ele>
			<time>2020-01-20T03:03:32.17Z</time>
		</trkpt>
		<trkpt lat="34.471721" lon="126.923071">
			<ele>0.00</ele>
			<time>2020-01-20T03:03:32.44Z</time>
		</trkpt>
		<trkpt lat="34.471758" lon="126.923067">
			<ele>0.00</ele>
			<time>2020-01-20T03:03:32.69Z</time>
		</trkpt>
		<trkpt lat="34.471818" lon="126.923069">
			<ele>0.00</ele>
			<time>2020-01-20T03:03:33.09Z</time>
		</trkpt>
		<trkpt lat="34.471869" lon="126.923084">
			<ele>0.00</ele>
			<time>2020-01-20T03:03:33.44Z</time>
		</trkpt>
		<trkpt lat="34.471935" lon="126.923094">
			<ele>0.00</ele>
			<time>2020-01-20T03:03:33.88Z</time>
		</trkpt>
		<trkpt lat="34.471995" lon="126.923099">
			<ele>0.00</ele>
			<time>2020-01-20T03:03:34.29Z</time>
		</trkpt>
		<trkpt lat="34.472020" lon="126.923080">
			<ele>0.00</ele>
			<time>2020-01-20T03:03:34.48Z</time>
		</trkpt>
		<trkpt lat="34.472107" lon="126.923023">
			<ele>0.00</ele>
			<time>2020-01-20T03:03:35.14Z</time>
		</trkpt>
		<trkpt lat="34.472138" lon="126.923004">
			<ele>0.00</ele>
			<time>2020-01-20T03:03:35.37Z</time>
		</trkpt>
		<trkpt lat="34.472142" lon="126.923011">
			<ele>0.00</ele>
			<time>2020-01-20T03:03:35.43Z</time>
		</trkpt>
		<trkpt lat="34.472201" lon="126.922899">
			<ele>0.00</ele>
			<time>2020-01-20T03:03:36.16Z</time>
		</trkpt>
		<trkpt lat="34.472245" lon="126.922789">
			<ele>0.00</ele>
			<time>2020-01-20T03:03:36.84Z</time>
		</trkpt>
		<trkpt lat="34.472304" lon="126.922634">
			<ele>0.00</ele>
			<time>2020-01-20T03:03:37.78Z</time>
		</trkpt>
		<trkpt lat="34.472348" lon="126.922519">
			<ele>0.00</ele>
			<time>2020-01-20T03:03:38.47Z</time>
		</trkpt>
		<trkpt lat="34.472395" lon="126.922430">
			<ele>0.00</ele>
			<time>2020-01-20T03:03:39.06Z</time>
		</trkpt>
		<trkpt lat="34.472434" lon="126.922371">
			<ele>0.00</ele>
			<time>2020-01-20T03:03:39.46Z</time>
		</trkpt>
		<trkpt lat="34.472496" lon="126.922321">
			<ele>0.00</ele>
			<time>2020-01-20T03:03:39.97Z</time>
		</trkpt>
		<trkpt lat="34.472571" lon="126.922262">
			<ele>0.00</ele>
			<time>2020-01-20T03:03:40.56Z</time>
		</trkpt>
		<trkpt lat="34.472626" lon="126.922209">
			<ele>0.00</ele>
			<time>2020-01-20T03:03:41.03Z</time>
		</trkpt>
		<trkpt lat="34.472681" lon="126.922134">
			<ele>0.00</ele>
			<time>2020-01-20T03:03:41.58Z</time>
		</trkpt>
		<trkpt lat="34.472730" lon="126.922030">
			<ele>0.00</ele>
			<time>2020-01-20T03:03:42.24Z</time>
		</trkpt>
		<trkpt lat="34.472767" lon="126.921895">
			<ele>0.00</ele>
			<time>2020-01-20T03:03:43.02Z</time>
		</trkpt>
		<trkpt lat="34.472831" lon="126.921653">
			<ele>0.00</ele>
			<time>2020-01-20T03:03:44.42Z</time>
		</trkpt>
		<trkpt lat="34.472846" lon="126.921497">
			<ele>0.00</ele>
			<time>2020-01-20T03:03:45.28Z</time>
		</trkpt>
		<trkpt lat="34.472844" lon="126.921407">
			<ele>0.00</ele>
			<time>2020-01-20T03:03:45.78Z</time>
		</trkpt>
		<trkpt lat="34.472833" lon="126.921307">
			<ele>0.00</ele>
			<time>2020-01-20T03:03:46.33Z</time>
		</trkpt>
		<trkpt lat="34.472793" lon="126.921166">
			<ele>0.00</ele>
			<time>2020-01-20T03:03:47.15Z</time>
		</trkpt>
		<trkpt lat="34.472778" lon="126.921137">
			<ele>0.00</ele>
			<time>2020-01-20T03:03:47.34Z</time>
		</trkpt>
		<trkpt lat="34.472781" lon="126.921134">
			<ele>0.00</ele>
			<time>2020-01-20T03:03:47.40Z</time>
		</trkpt>
		<trkpt lat="34.472758" lon="126.921090">
			<ele>0.00</ele>
			<time>2020-01-20T03:03:47.68Z</time>
		</trkpt>
		<trkpt lat="34.472727" lon="126.921060">
			<ele>0.00</ele>
			<time>2020-01-20T03:03:47.94Z</time>
		</trkpt>
		<trkpt lat="34.472693" lon="126.921038">
			<ele>0.00</ele>
			<time>2020-01-20T03:03:48.20Z</time>
		</trkpt>
		<trkpt lat="34.472592" lon="126.920996">
			<ele>0.00</ele>
			<time>2020-01-20T03:03:48.91Z</time>
		</trkpt>
		<trkpt lat="34.472512" lon="126.920952">
			<ele>0.00</ele>
			<time>2020-01-20T03:03:49.50Z</time>
		</trkpt>
		<trkpt lat="34.472498" lon="126.920930">
			<ele>0.00</ele>
			<time>2020-01-20T03:03:49.65Z</time>
		</trkpt>
		<trkpt lat="34.472491" lon="126.920896">
			<ele>0.00</ele>
			<time>2020-01-20T03:03:49.84Z</time>
		</trkpt>
		<trkpt lat="34.472489" lon="126.920870">
			<ele>0.00</ele>
			<time>2020-01-20T03:03:49.99Z</time>
		</trkpt>
		<trkpt lat="34.472490" lon="126.920865">
			<ele>0.00</ele>
			<time>2020-01-20T03:03:50.05Z</time>
		</trkpt>
		<trkpt lat="34.472509" lon="126.920816">
			<ele>0.00</ele>
			<time>2020-01-20T03:03:50.34Z</time>
		</trkpt>
		<trkpt lat="34.472540" lon="126.920730">
			<ele>0.00</ele>
			<time>2020-01-20T03:03:50.86Z</time>
		</trkpt>
		<trkpt lat="34.472571" lon="126.920622">
			<ele>0.00</ele>
			<time>2020-01-20T03:03:51.49Z</time>
		</trkpt>
		<trkpt lat="34.472586" lon="126.920523">
			<ele>0.00</ele>
			<time>2020-01-20T03:03:52.04Z</time>
		</trkpt>
		<trkpt lat="34.472595" lon="126.920407">
			<ele>0.00</ele>
			<time>2020-01-20T03:03:52.68Z</time>
		</trkpt>
		<trkpt lat="34.472618" lon="126.920315">
			<ele>0.00</ele>
			<time>2020-01-20T03:03:53.21Z</time>
		</trkpt>
		<trkpt lat="34.472625" lon="126.920269">
			<ele>0.00</ele>
			<time>2020-01-20T03:03:53.47Z</time>
		</trkpt>
		<trkpt lat="34.472629" lon="126.920223">
			<ele>0.00</ele>
			<time>2020-01-20T03:03:53.72Z</time>
		</trkpt>
		<trkpt lat="34.472631" lon="126.920165">
			<ele>0.00</ele>
			<time>2020-01-20T03:03:54.04Z</time>
		</trkpt>
		<trkpt lat="34.472647" lon="126.920108">
			<ele>0.00</ele>
			<time>2020-01-20T03:03:54.37Z</time>
		</trkpt>
		<trkpt lat="34.472694" lon="126.920027">
			<ele>0.00</ele>
			<time>2020-01-20T03:03:54.92Z</time>
		</trkpt>
		<trkpt lat="34.472720" lon="126.919974">
			<ele>0.00</ele>
			<time>2020-01-20T03:03:55.26Z</time>
		</trkpt>
		<trkpt lat="34.472744" lon="126.919917">
			<ele>0.00</ele>
			<time>2020-01-20T03:03:55.61Z</time>
		</trkpt>
		<trkpt lat="34.472746" lon="126.919916">
			<ele>0.00</ele>
			<time>2020-01-20T03:03:55.67Z</time>
		</trkpt>
		<trkpt lat="34.472768" lon="126.919841">
			<ele>0.00</ele>
			<time>2020-01-20T03:03:56.11Z</time>
		</trkpt>
		<trkpt lat="34.472788" lon="126.919775">
			<ele>0.00</ele>
			<time>2020-01-20T03:03:56.50Z</time>
		</trkpt>
		<trkpt lat="34.472796" lon="126.919725">
			<ele>0.00</ele>
			<time>2020-01-20T03:03:56.78Z</time>
		</trkpt>
		<trkpt lat="34.472801" lon="126.919675">
			<ele>0.00</ele>
			<time>2020-01-20T03:03:57.06Z</time>
		</trkpt>
		<trkpt lat="34.472802" lon="126.919636">
			<ele>0.00</ele>
			<time>2020-01-20T03:03:57.27Z</time>
		</trkpt>
		<trkpt lat="34.472780" lon="126.919606">
			<ele>0.00</ele>
			<time>2020-01-20T03:03:57.49Z</time>
		</trkpt>
		<trkpt lat="34.472766" lon="126.919569">
			<ele>0.00</ele>
			<time>2020-01-20T03:03:57.71Z</time>
		</trkpt>
		<trkpt lat="34.472732" lon="126.919454">
			<ele>0.00</ele>
			<time>2020-01-20T03:03:58.38Z</time>
		</trkpt>
		<trkpt lat="34.472722" lon="126.919391">
			<ele>0.00</ele>
			<time>2020-01-20T03:03:58.74Z</time>
		</trkpt>
		<trkpt lat="34.472723" lon="126.919343">
			<ele>0.00</ele>
			<time>2020-01-20T03:03:59Z</time>
		</trkpt>
		<trkpt lat="34.472731" lon="126.919289">
			<ele>0.00</ele>
			<time>2020-01-20T03:03:59.30Z</time>
		</trkpt>
		<trkpt lat="34.472743" lon="126.919243">
			<ele>0.00</ele>
			<time>2020-01-20T03:03:59.57Z</time>
		</trkpt>
		<trkpt lat="34.472778" lon="126.919154">
			<ele>0.00</ele>
			<time>2020-01-20T03:04:00.11Z</time>
		</trkpt>
		<trkpt lat="34.472799" lon="126.919120">
			<ele>0.00</ele>
			<time>2020-01-20T03:04:00.34Z</time>
		</trkpt>
		<trkpt lat="34.472820" lon="126.919091">
			<ele>0.00</ele>
			<time>2020-01-20T03:04:00.56Z</time>
		</trkpt>
		<trkpt lat="34.472831" lon="126.919056">
			<ele>0.00</ele>
			<time>2020-01-20T03:04:00.76Z</time>
		</trkpt>
		<trkpt lat="34.472834" lon="126.918987">
			<ele>0.00</ele>
			<time>2020-01-20T03:04:01.14Z</time>
		</trkpt>
		<trkpt lat="34.472815" lon="126.918897">
			<ele>0.00</ele>
			<time>2020-01-20T03:04:01.65Z</time>
		</trkpt>
		<trkpt lat="34.472797" lon="126.918853">
			<ele>0.00</ele>
			<time>2020-01-20T03:04:01.92Z</time>
		</trkpt>
		<trkpt lat="34.472766" lon="126.918833">
			<ele>0.00</ele>
			<time>2020-01-20T03:04:02.16Z</time>
		</trkpt>
		<trkpt lat="34.472729" lon="126.918826">
			<ele>0.00</ele>
			<time>2020-01-20T03:04:02.41Z</time>
		</trkpt>
		<trkpt lat="34.472686" lon="126.918841">
			<ele>0.00</ele>
			<time>2020-01-20T03:04:02.70Z</time>
		</trkpt>
		<trkpt lat="34.472618" lon="126.918860">
			<ele>0.00</ele>
			<time>2020-01-20T03:04:03.17Z</time>
		</trkpt>
		<trkpt lat="34.472536" lon="126.918870">
			<ele>0.00</ele>
			<time>2020-01-20T03:04:03.71Z</time>
		</trkpt>
		<trkpt lat="34.472489" lon="126.918849">
			<ele>0.00</ele>
			<time>2020-01-20T03:04:04.05Z</time>
		</trkpt>
		<trkpt lat="34.472432" lon="126.918816">
			<ele>0.00</ele>
			<time>2020-01-20T03:04:04.47Z</time>
		</trkpt>
		<trkpt lat="34.472372" lon="126.918810">
			<ele>0.00</ele>
			<time>2020-01-20T03:04:04.87Z</time>
		</trkpt>
		<trkpt lat="34.472329" lon="126.918809">
			<ele>0.00</ele>
			<time>2020-01-20T03:04:05.16Z</time>
		</trkpt>
		<trkpt lat="34.472274" lon="126.918789">
			<ele>0.00</ele>
			<time>2020-01-20T03:04:05.54Z</time>
		</trkpt>
		<trkpt lat="34.472222" lon="126.918759">
			<ele>0.00</ele>
			<time>2020-01-20T03:04:05.93Z</time>
		</trkpt>
		<trkpt lat="34.472096" lon="126.918649">
			<ele>0.00</ele>
			<time>2020-01-20T03:04:06.96Z</time>
		</trkpt>
		<trkpt lat="34.471870" lon="126.918499">
			<ele>0.00</ele>
			<time>2020-01-20T03:04:08.68Z</time>
		</trkpt>
		<trkpt lat="34.471693" lon="126.918365">
			<ele>0.00</ele>
			<time>2020-01-20T03:04:10.07Z</time>
		</trkpt>
		<trkpt lat="34.471596" lon="126.918301">
			<ele>0.00</ele>
			<time>2020-01-20T03:04:10.80Z</time>
		</trkpt>
		<trkpt lat="34.471477" lon="126.918222">
			<ele>0.00</ele>
			<time>2020-01-20T03:04:11.71Z</time>
		</trkpt>
		<trkpt lat="34.471428" lon="126.918177">
			<ele>0.00</ele>
			<time>2020-01-20T03:04:12.12Z</time>
		</trkpt>
		<trkpt lat="34.471345" lon="126.918060">
			<ele>0.00</ele>
			<time>2020-01-20T03:04:12.97Z</time>
		</trkpt>
		<trkpt lat="34.471227" lon="126.917902">
			<ele>0.00</ele>
			<time>2020-01-20T03:04:14.14Z</time>
		</trkpt>
		<trkpt lat="34.471148" lon="126.917803">
			<ele>0.00</ele>
			<time>2020-01-20T03:04:14.90Z</time>
		</trkpt>
		<trkpt lat="34.471084" lon="126.917741">
			<ele>0.00</ele>
			<time>2020-01-20T03:04:15.44Z</time>
		</trkpt>
		<trkpt lat="34.471044" lon="126.917710">
			<ele>0.00</ele>
			<time>2020-01-20T03:04:15.76Z</time>
		</trkpt>
		<trkpt lat="34.471011" lon="126.917702">
			<ele>0.00</ele>
			<time>2020-01-20T03:04:15.99Z</time>
		</trkpt>
		<trkpt lat="34.470953" lon="126.917702">
			<ele>0.00</ele>
			<time>2020-01-20T03:04:16.37Z</time>
		</trkpt>
		<trkpt lat="34.470837" lon="126.917704">
			<ele>0.00</ele>
			<time>2020-01-20T03:04:17.14Z</time>
		</trkpt>
		<trkpt lat="34.470775" lon="126.917714">
			<ele>0.00</ele>
			<time>2020-01-20T03:04:17.56Z</time>
		</trkpt>
		<trkpt lat="34.470683" lon="126.917731">
			<ele>0.00</ele>
			<time>2020-01-20T03:04:18.18Z</time>
		</trkpt>
		<trkpt lat="34.470607" lon="126.917765">
			<ele>0.00</ele>
			<time>2020-01-20T03:04:18.72Z</time>
		</trkpt>
		<trkpt lat="34.470559" lon="126.917791">
			<ele>0.00</ele>
			<time>2020-01-20T03:04:19.07Z</time>
		</trkpt>
		<trkpt lat="34.470518" lon="126.917831">
			<ele>0.00</ele>
			<time>2020-01-20T03:04:19.42Z</time>
		</trkpt>
		<trkpt lat="34.470474" lon="126.917867">
			<ele>0.00</ele>
			<time>2020-01-20T03:04:19.77Z</time>
		</trkpt>
		<trkpt lat="34.470433" lon="126.917889">
			<ele>0.00</ele>
			<time>2020-01-20T03:04:20.07Z</time>
		</trkpt>
		<trkpt lat="34.470370" lon="126.917906">
			<ele>0.00</ele>
			<time>2020-01-20T03:04:20.51Z</time>
		</trkpt>
		<trkpt lat="34.470213" lon="126.917936">
			<ele>0.00</ele>
			<time>2020-01-20T03:04:21.57Z</time>
		</trkpt>
		<trkpt lat="34.470159" lon="126.917952">
			<ele>0.00</ele>
			<time>2020-01-20T03:04:21.93Z</time>
		</trkpt>
		<trkpt lat="34.470074" lon="126.917985">
			<ele>0.00</ele>
			<time>2020-01-20T03:04:22.53Z</time>
		</trkpt>
		<trkpt lat="34.469972" lon="126.918021">
			<ele>0.00</ele>
			<time>2020-01-20T03:04:23.23Z</time>
		</trkpt>
		<trkpt lat="34.469916" lon="126.918044">
			<ele>0.00</ele>
			<time>2020-01-20T03:04:23.63Z</time>
		</trkpt>
		<trkpt lat="34.469865" lon="126.918062">
			<ele>0.00</ele>
			<time>2020-01-20T03:04:23.99Z</time>
		</trkpt>
		<trkpt lat="34.469810" lon="126.918061">
			<ele>0.00</ele>
			<time>2020-01-20T03:04:24.35Z</time>
		</trkpt>
		<trkpt lat="34.469765" lon="126.918046">
			<ele>0.00</ele>
			<time>2020-01-20T03:04:24.66Z</time>
		</trkpt>
		<trkpt lat="34.469694" lon="126.918010">
			<ele>0.00</ele>
			<time>2020-01-20T03:04:25.18Z</time>
		</trkpt>
		<trkpt lat="34.469600" lon="126.917943">
			<ele>0.00</ele>
			<time>2020-01-20T03:04:25.91Z</time>
		</trkpt>
		<trkpt lat="34.469555" lon="126.917921">
			<ele>0.00</ele>
			<time>2020-01-20T03:04:26.23Z</time>
		</trkpt>
		<trkpt lat="34.469523" lon="126.917928">
			<ele>0.00</ele>
			<time>2020-01-20T03:04:26.44Z</time>
		</trkpt>
		<trkpt lat="34.469456" lon="126.917967">
			<ele>0.00</ele>
			<time>2020-01-20T03:04:26.94Z</time>
		</trkpt>
		<trkpt lat="34.469358" lon="126.918014">
			<ele>0.00</ele>
			<time>2020-01-20T03:04:27.64Z</time>
		</trkpt>
		<trkpt lat="34.469301" lon="126.918036">
			<ele>0.00</ele>
			<time>2020-01-20T03:04:28.04Z</time>
		</trkpt>
		<trkpt lat="34.469234" lon="126.918041">
			<ele>0.00</ele>
			<time>2020-01-20T03:04:28.48Z</time>
		</trkpt>
		<trkpt lat="34.469175" lon="126.918036">
			<ele>0.00</ele>
			<time>2020-01-20T03:04:28.88Z</time>
		</trkpt>
		<trkpt lat="34.469068" lon="126.918022">
			<ele>0.00</ele>
			<time>2020-01-20T03:04:29.60Z</time>
		</trkpt>
		<trkpt lat="34.468951" lon="126.917998">
			<ele>0.00</ele>
			<time>2020-01-20T03:04:30.39Z</time>
		</trkpt>
		<trkpt lat="34.468862" lon="126.917986">
			<ele>0.00</ele>
			<time>2020-01-20T03:04:30.99Z</time>
		</trkpt>
		<trkpt lat="34.468816" lon="126.917987">
			<ele>0.00</ele>
			<time>2020-01-20T03:04:31.30Z</time>
		</trkpt>
		<trkpt lat="34.468743" lon="126.918001">
			<ele>0.00</ele>
			<time>2020-01-20T03:04:31.79Z</time>
		</trkpt>
		<trkpt lat="34.468677" lon="126.918018">
			<ele>0.00</ele>
			<time>2020-01-20T03:04:32.24Z</time>
		</trkpt>
		<trkpt lat="34.468600" lon="126.918026">
			<ele>0.00</ele>
			<time>2020-01-20T03:04:32.75Z</time>
		</trkpt>
		<trkpt lat="34.468522" lon="126.918027">
			<ele>0.00</ele>
			<time>2020-01-20T03:04:33.27Z</time>
		</trkpt>
		<trkpt lat="34.468440" lon="126.918011">
			<ele>0.00</ele>
			<time>2020-01-20T03:04:33.83Z</time>
		</trkpt>
		<trkpt lat="34.468331" lon="126.917985">
			<ele>0.00</ele>
			<time>2020-01-20T03:04:34.57Z</time>
		</trkpt>
		<trkpt lat="34.468251" lon="126.917948">
			<ele>0.00</ele>
			<time>2020-01-20T03:04:35.13Z</time>
		</trkpt>
		<trkpt lat="34.468214" lon="126.917925">
			<ele>0.00</ele>
			<time>2020-01-20T03:04:35.41Z</time>
		</trkpt>
		<trkpt lat="34.468171" lon="126.917870">
			<ele>0.00</ele>
			<time>2020-01-20T03:04:35.83Z</time>
		</trkpt>
		<trkpt lat="34.468145" lon="126.917811">
			<ele>0.00</ele>
			<time>2020-01-20T03:04:36.20Z</time>
		</trkpt>
		<trkpt lat="34.468109" lon="126.917704">
			<ele>0.00</ele>
			<time>2020-01-20T03:04:36.84Z</time>
		</trkpt>
		<trkpt lat="34.468078" lon="126.917624">
			<ele>0.00</ele>
			<time>2020-01-20T03:04:37.32Z</time>
		</trkpt>
		<trkpt lat="34.468056" lon="126.917581">
			<ele>0.00</ele>
			<time>2020-01-20T03:04:37.60Z</time>
		</trkpt>
		<trkpt lat="34.468026" lon="126.917552">
			<ele>0.00</ele>
			<time>2020-01-20T03:04:37.85Z</time>
		</trkpt>
		<trkpt lat="34.467989" lon="126.917535">
			<ele>0.00</ele>
			<time>2020-01-20T03:04:38.12Z</time>
		</trkpt>
		<trkpt lat="34.467942" lon="126.917523">
			<ele>0.00</ele>
			<time>2020-01-20T03:04:38.44Z</time>
		</trkpt>
		<trkpt lat="34.467816" lon="126.917495">
			<ele>0.00</ele>
			<time>2020-01-20T03:04:39.29Z</time>
		</trkpt>
		<trkpt lat="34.467794" lon="126.917479">
			<ele>0.00</ele>
			<time>2020-01-20T03:04:39.46Z</time>
		</trkpt>
		<trkpt lat="34.467742" lon="126.917435">
			<ele>0.00</ele>
			<time>2020-01-20T03:04:39.89Z</time>
		</trkpt>
		<trkpt lat="34.467652" lon="126.917337">
			<ele>0.00</ele>
			<time>2020-01-20T03:04:40.70Z</time>
		</trkpt>
		<trkpt lat="34.467589" lon="126.917268">
			<ele>0.00</ele>
			<time>2020-01-20T03:04:41.26Z</time>
		</trkpt>
		<trkpt lat="34.467531" lon="126.917201">
			<ele>0.00</ele>
			<time>2020-01-20T03:04:41.79Z</time>
		</trkpt>
		<trkpt lat="34.467472" lon="126.917123">
			<ele>0.00</ele>
			<time>2020-01-20T03:04:42.38Z</time>
		</trkpt>
		<trkpt lat="34.467411" lon="126.917030">
			<ele>0.00</ele>
			<time>2020-01-20T03:04:43.03Z</time>
		</trkpt>
		<trkpt lat="34.467348" lon="126.916914">
			<ele>0.00</ele>
			<time>2020-01-20T03:04:43.79Z</time>
		</trkpt>
		<trkpt lat="34.467284" lon="126.916810">
			<ele>0.00</ele>
			<time>2020-01-20T03:04:44.50Z</time>
		</trkpt>
		<trkpt lat="34.467223" lon="126.916707">
			<ele>0.00</ele>
			<time>2020-01-20T03:04:45.20Z</time>
		</trkpt>
		<trkpt lat="34.467192" lon="126.916630">
			<ele>0.00</ele>
			<time>2020-01-20T03:04:45.67Z</time>
		</trkpt>
		<trkpt lat="34.467161" lon="126.916531">
			<ele>0.00</ele>
			<time>2020-01-20T03:04:46.25Z</time>
		</trkpt>
		<trkpt lat="34.467127" lon="126.916396">
			<ele>0.00</ele>
			<time>2020-01-20T03:04:47.03Z</time>
		</trkpt>
		<trkpt lat="34.467086" lon="126.916211">
			<ele>0.00</ele>
			<time>2020-01-20T03:04:48.08Z</time>
		</trkpt>
		<trkpt lat="34.467065" lon="126.916143">
			<ele>0.00</ele>
			<time>2020-01-20T03:04:48.48Z</time>
		</trkpt>
		<trkpt lat="34.467048" lon="126.916110">
			<ele>0.00</ele>
			<time>2020-01-20T03:04:48.69Z</time>
		</trkpt>
		<trkpt lat="34.467025" lon="126.916093">
			<ele>0.00</ele>
			<time>2020-01-20T03:04:48.87Z</time>
		</trkpt>
		<trkpt lat="34.466984" lon="126.916091">
			<ele>0.00</ele>
			<time>2020-01-20T03:04:49.15Z</time>
		</trkpt>
		<trkpt lat="34.466915" lon="126.916096">
			<ele>0.00</ele>
			<time>2020-01-20T03:04:49.61Z</time>
		</trkpt>
		<trkpt lat="34.466857" lon="126.916103">
			<ele>0.00</ele>
			<time>2020-01-20T03:04:50Z</time>
		</trkpt>
		<trkpt lat="34.466791" lon="126.916119">
			<ele>0.00</ele>
			<time>2020-01-20T03:04:50.44Z</time>
		</trkpt>
		<trkpt lat="34.466712" lon="126.916141">
			<ele>0.00</ele>
			<time>2020-01-20T03:04:50.99Z</time>
		</trkpt>
		<trkpt lat="34.466665" lon="126.916145">
			<ele>0.00</ele>
			<time>2020-01-20T03:04:51.30Z</time>
		</trkpt>
		<trkpt lat="34.466608" lon="126.916131">
			<ele>0.00</ele>
			<time>2020-01-20T03:04:51.69Z</time>
		</trkpt>
		<trkpt lat="34.466534" lon="126.916107">
			<ele>0.00</ele>
			<time>2020-01-20T03:04:52.20Z</time>
		</trkpt>
		<trkpt lat="34.466436" lon="126.916079">
			<ele>0.00</ele>
			<time>2020-01-20T03:04:52.87Z</time>
		</trkpt>
		<trkpt lat="34.466392" lon="126.916070">
			<ele>0.00</ele>
			<time>2020-01-20T03:04:53.17Z</time>
		</trkpt>
		<trkpt lat="34.466360" lon="126.916093">
			<ele>0.00</ele>
			<time>2020-01-20T03:04:53.41Z</time>
		</trkpt>
		<trkpt lat="34.466333" lon="126.916131">
			<ele>0.00</ele>
			<time>2020-01-20T03:04:53.70Z</time>
		</trkpt>
		<trkpt lat="34.466291" lon="126.916194">
			<ele>0.00</ele>
			<time>2020-01-20T03:04:54.14Z</time>
		</trkpt>
		<trkpt lat="34.466220" lon="126.916236">
			<ele>0.00</ele>
			<time>2020-01-20T03:04:54.66Z</time>
		</trkpt>
		<trkpt lat="34.466221" lon="126.916233">
			<ele>0.00</ele>
			<time>2020-01-20T03:04:54.72Z</time>
		</trkpt>
		<trkpt lat="34.466104" lon="126.916236">
			<ele>0.00</ele>
			<time>2020-01-20T03:04:55.50Z</time>
		</trkpt>
		<trkpt lat="34.465946" lon="126.916223">
			<ele>0.00</ele>
			<time>2020-01-20T03:04:56.56Z</time>
		</trkpt>
		<trkpt lat="34.465586" lon="126.916204">
			<ele>0.00</ele>
			<time>2020-01-20T03:04:58.96Z</time>
		</trkpt>
		<trkpt lat="34.465373" lon="126.916181">
			<ele>0.00</ele>
			<time>2020-01-20T03:05:00.39Z</time>
		</trkpt>
		<trkpt lat="34.465161" lon="126.916160">
			<ele>0.00</ele>
			<time>2020-01-20T03:05:01.80Z</time>
		</trkpt>
		<trkpt lat="34.465039" lon="126.916147">
			<ele>0.00</ele>
			<time>2020-01-20T03:05:02.62Z</time>
		</trkpt>
		<trkpt lat="34.464971" lon="126.916131">
			<ele>0.00</ele>
			<time>2020-01-20T03:05:03.08Z</time>
		</trkpt>
		<trkpt lat="34.464940" lon="126.916121">
			<ele>0.00</ele>
			<time>2020-01-20T03:05:03.30Z</time>
		</trkpt>
		<trkpt lat="34.464911" lon="126.916096">
			<ele>0.00</ele>
			<time>2020-01-20T03:05:03.54Z</time>
		</trkpt>
		<trkpt lat="34.464887" lon="126.916058">
			<ele>0.00</ele>
			<time>2020-01-20T03:05:03.80Z</time>
		</trkpt>
		<trkpt lat="34.464826" lon="126.915897">
			<ele>0.00</ele>
			<time>2020-01-20T03:05:04.77Z</time>
		</trkpt>
		<trkpt lat="34.464754" lon="126.915685">
			<ele>0.00</ele>
			<time>2020-01-20T03:05:06.03Z</time>
		</trkpt>
		<trkpt lat="34.464606" lon="126.915252">
			<ele>0.00</ele>
			<time>2020-01-20T03:05:08.60Z</time>
		</trkpt>
		<trkpt lat="34.464542" lon="126.915091">
			<ele>0.00</ele>
			<time>2020-01-20T03:05:09.59Z</time>
		</trkpt>
		<trkpt lat="34.464530" lon="126.915031">
			<ele>0.00</ele>
			<time>2020-01-20T03:05:09.93Z</time>
		</trkpt>
		<trkpt lat="34.464504" lon="126.915006">
			<ele>0.00</ele>
			<time>2020-01-20T03:05:10.15Z</time>
		</trkpt>
		<trkpt lat="34.464464" lon="126.915004">
			<ele>0.00</ele>
			<time>2020-01-20T03:05:10.41Z</time>
		</trkpt>
		<trkpt lat="34.464423" lon="126.915000">
			<ele>0.00</ele>
			<time>2020-01-20T03:05:10.69Z</time>
		</trkpt>
		<trkpt lat="34.464387" lon="126.915000">
			<ele>0.00</ele>
			<time>2020-01-20T03:05:10.93Z</time>
		</trkpt>
		<trkpt lat="34.464365" lon="126.915000">
			<ele>0.00</ele>
			<time>2020-01-20T03:05:11.08Z</time>
		</trkpt>
		<trkpt lat="34.464300" lon="126.915012">
			<ele>0.00</ele>
			<time>2020-01-20T03:05:11.52Z</time>
		</trkpt>
		<trkpt lat="34.464264" lon="126.915039">
			<ele>0.00</ele>
			<time>2020-01-20T03:05:11.80Z</time>
		</trkpt>
		<trkpt lat="34.464214" lon="126.915103">
			<ele>0.00</ele>
			<time>2020-01-20T03:05:12.28Z</time>
		</trkpt>
		<trkpt lat="34.464171" lon="126.915151">
			<ele>0.00</ele>
			<time>2020-01-20T03:05:12.67Z</time>
		</trkpt>
		<trkpt lat="34.464140" lon="126.915197">
			<ele>0.00</ele>
			<time>2020-01-20T03:05:13Z</time>
		</trkpt>
		<trkpt lat="34.464097" lon="126.915261">
			<ele>0.00</ele>
			<time>2020-01-20T03:05:13.45Z</time>
		</trkpt>
		<trkpt lat="34.464052" lon="126.915232">
			<ele>0.00</ele>
			<time>2020-01-20T03:05:13.79Z</time>
		</trkpt>
		<trkpt lat="34.463999" lon="126.915300">
			<ele>0.00</ele>
			<time>2020-01-20T03:05:14.31Z</time>
		</trkpt>
		<trkpt lat="34.463997" lon="126.915294">
			<ele>0.00</ele>
			<time>2020-01-20T03:05:14.37Z</time>
		</trkpt>
		<trkpt lat="34.463699" lon="126.915290">
			<ele>0.00</ele>
			<time>2020-01-20T03:05:16.36Z</time>
		</trkpt>
		<trkpt lat="34.463382" lon="126.915294">
			<ele>0.00</ele>
			<time>2020-01-20T03:05:18.47Z</time>
		</trkpt>
		<trkpt lat="34.462806" lon="126.915300">
			<ele>0.00</ele>
			<time>2020-01-20T03:05:22.31Z</time>
		</trkpt>
		<trkpt lat="34.462372" lon="126.915303">
			<ele>0.00</ele>
			<time>2020-01-20T03:05:25.20Z</time>
		</trkpt>
		<trkpt lat="34.461947" lon="126.915294">
			<ele>0.00</ele>
			<time>2020-01-20T03:05:28.04Z</time>
		</trkpt>
		<trkpt lat="34.461502" lon="126.915308">
			<ele>0.00</ele>
			<time>2020-01-20T03:05:31Z</time>
		</trkpt>
		<trkpt lat="34.460951" lon="126.915301">
			<ele>0.00</ele>
			<time>2020-01-20T03:05:34.68Z</time>
		</trkpt>
		<trkpt lat="34.460493" lon="126.915308">
			<ele>0.00</ele>
			<time>2020-01-20T03:05:37.73Z</time>
		</trkpt>
		<trkpt lat="34.459974" lon="126.915302">
			<ele>0.00</ele>
			<time>2020-01-20T03:05:41.19Z</time>
		</trkpt>
		<trkpt lat="34.459460" lon="126.915314">
			<ele>0.00</ele>
			<time>2020-01-20T03:05:44.62Z</time>
		</trkpt>
		<trkpt lat="34.459055" lon="126.915308">
			<ele>0.00</ele>
			<time>2020-01-20T03:05:47.32Z</time>
		</trkpt>
		<trkpt lat="34.459062" lon="126.914541">
			<ele>0.00</ele>
			<time>2020-01-20T03:05:51.53Z</time>
		</trkpt>
		<trkpt lat="34.459060" lon="126.914058">
			<ele>0.00</ele>
			<time>2020-01-20T03:05:54.19Z</time>
		</trkpt>
		<trkpt lat="34.459051" lon="126.913585">
			<ele>0.00</ele>
			<time>2020-01-20T03:05:56.78Z</time>
		</trkpt>
		<trkpt lat="34.459043" lon="126.912952">
			<ele>0.00</ele>
			<time>2020-01-20T03:06:00.27Z</time>
		</trkpt>
		<trkpt lat="34.459047" lon="126.912481">
			<ele>0.00</ele>
			<time>2020-01-20T03:06:02.86Z</time>
		</trkpt>
		<trkpt lat="34.459046" lon="126.911606">
			<ele>0.00</ele>
			<time>2020-01-20T03:06:07.66Z</time>
		</trkpt>
		<trkpt lat="34.459039" lon="126.910582">
			<ele>0.00</ele>
			<time>2020-01-20T03:06:13.29Z</time>
		</trkpt>
		<trkpt lat="34.459033" lon="126.909537">
			<ele>0.00</ele>
			<time>2020-01-20T03:06:19.04Z</time>
		</trkpt>
		<trkpt lat="34.459033" lon="126.908566">
			<ele>0.00</ele>
			<time>2020-01-20T03:06:24.37Z</time>
		</trkpt>
		<trkpt lat="34.459029" lon="126.907917">
			<ele>0.00</ele>
			<time>2020-01-20T03:06:27.94Z</time>
		</trkpt>
		<trkpt lat="34.459024" lon="126.907330">
			<ele>0.00</ele>
			<time>2020-01-20T03:06:31.17Z</time>
		</trkpt>
		<trkpt lat="34.459024" lon="126.906579">
			<ele>0.00</ele>
			<time>2020-01-20T03:06:35.30Z</time>
		</trkpt>
		<trkpt lat="34.459023" lon="126.905936">
			<ele>0.00</ele>
			<time>2020-01-20T03:06:38.83Z</time>
		</trkpt>
		<trkpt lat="34.459022" lon="126.905264">
			<ele>0.00</ele>
			<time>2020-01-20T03:06:42.53Z</time>
		</trkpt>
		<trkpt lat="34.459015" lon="126.904604">
			<ele>0.00</ele>
			<time>2020-01-20T03:06:46.15Z</time>
		</trkpt>
		<trkpt lat="34.459012" lon="126.903730">
			<ele>0.00</ele>
			<time>2020-01-20T03:06:50.96Z</time>
		</trkpt>
		<trkpt lat="34.459011" lon="126.902921">
			<ele>0.00</ele>
			<time>2020-01-20T03:06:55.41Z</time>
		</trkpt>
		<trkpt lat="34.459015" lon="126.902277">
			<ele>0.00</ele>
			<time>2020-01-20T03:06:58.95Z</time>
		</trkpt>
		<trkpt lat="34.459011" lon="126.901411">
			<ele>0.00</ele>
			<time>2020-01-20T03:07:03.70Z</time>
		</trkpt>
		<trkpt lat="34.458722" lon="126.901418">
			<ele>0.00</ele>
			<time>2020-01-20T03:07:05.63Z</time>
		</trkpt>
		<trkpt lat="34.458322" lon="126.901416">
			<ele>0.00</ele>
			<time>2020-01-20T03:07:08.30Z</time>
		</trkpt>
		<trkpt lat="34.458167" lon="126.901419">
			<ele>0.00</ele>
			<time>2020-01-20T03:07:09.33Z</time>
		</trkpt>
		<trkpt lat="34.457664" lon="126.901430">
			<ele>0.00</ele>
			<time>2020-01-20T03:07:12.68Z</time>
		</trkpt>
		<trkpt lat="34.457421" lon="126.901431">
			<ele>0.00</ele>
			<time>2020-01-20T03:07:14.31Z</time>
		</trkpt>
		<trkpt lat="34.457185" lon="126.901420">
			<ele>0.00</ele>
			<time>2020-01-20T03:07:15.88Z</time>
		</trkpt>
		<trkpt lat="34.456895" lon="126.901421">
			<ele>0.00</ele>
			<time>2020-01-20T03:07:17.81Z</time>
		</trkpt>
		<trkpt lat="34.456589" lon="126.901425">
			<ele>0.00</ele>
			<time>2020-01-20T03:07:19.85Z</time>
		</trkpt>
		<trkpt lat="34.456191" lon="126.901425">
			<ele>0.00</ele>
			<time>2020-01-20T03:07:22.50Z</time>
		</trkpt>
		<trkpt lat="34.455994" lon="126.901433">
			<ele>0.00</ele>
			<time>2020-01-20T03:07:23.82Z</time>
		</trkpt>
		<trkpt lat="34.455868" lon="126.901451">
			<ele>0.00</ele>
			<time>2020-01-20T03:07:24.67Z</time>
		</trkpt>
		<trkpt lat="34.455487" lon="126.901458">
			<ele>0.00</ele>
			<time>2020-01-20T03:07:27.21Z</time>
		</trkpt>
		<trkpt lat="34.455378" lon="126.901438">
			<ele>0.00</ele>
			<time>2020-01-20T03:07:27.94Z</time>
		</trkpt>
		<trkpt lat="34.455335" lon="126.901409">
			<ele>0.00</ele>
			<time>2020-01-20T03:07:28.27Z</time>
		</trkpt>
		<trkpt lat="34.455314" lon="126.901363">
			<ele>0.00</ele>
			<time>2020-01-20T03:07:28.56Z</time>
		</trkpt>
		<trkpt lat="34.455275" lon="126.901180">
			<ele>0.00</ele>
			<time>2020-01-20T03:07:29.60Z</time>
		</trkpt>
		<trkpt lat="34.455276" lon="126.901180">
			<ele>0.00</ele>
			<time>2020-01-20T03:07:29.66Z</time>
		</trkpt>
		<trkpt lat="34.455329" lon="126.900735">
			<ele>0.00</ele>
			<time>2020-01-20T03:07:32.13Z</time>
		</trkpt>
		<trkpt lat="34.455422" lon="126.899939">
			<ele>0.00</ele>
			<time>2020-01-20T03:07:36.55Z</time>
		</trkpt>
		<trkpt lat="34.455515" lon="126.899127">
			<ele>0.00</ele>
			<time>2020-01-20T03:07:41.05Z</time>
		</trkpt>
		<trkpt lat="34.455580" lon="126.898472">
			<ele>0.00</ele>
			<time>2020-01-20T03:07:44.68Z</time>
		</trkpt>
		<trkpt lat="34.455643" lon="126.897783">
			<ele>0.00</ele>
			<time>2020-01-20T03:07:48.49Z</time>
		</trkpt>
		<trkpt lat="34.455688" lon="126.897290">
			<ele>0.00</ele>
			<time>2020-01-20T03:07:51.22Z</time>
		</trkpt>
		<trkpt lat="34.455750" lon="126.896706">
			<ele>0.00</ele>
			<time>2020-01-20T03:07:54.45Z</time>
		</trkpt>
		<trkpt lat="34.455779" lon="126.896291">
			<ele>0.00</ele>
			<time>2020-01-20T03:07:56.74Z</time>
		</trkpt>
		<trkpt lat="34.455815" lon="126.895914">
			<ele>0.00</ele>
			<time>2020-01-20T03:07:58.83Z</time>
		</trkpt>
		<trkpt lat="34.455856" lon="126.895489">
			<ele>0.00</ele>
			<time>2020-01-20T03:08:01.18Z</time>
		</trkpt>
		<trkpt lat="34.455894" lon="126.895046">
			<ele>0.00</ele>
			<time>2020-01-20T03:08:03.63Z</time>
		</trkpt>
		<trkpt lat="34.455946" lon="126.894554">
			<ele>0.00</ele>
			<time>2020-01-20T03:08:06.36Z</time>
		</trkpt>
		<trkpt lat="34.455997" lon="126.894092">
			<ele>0.00</ele>
			<time>2020-01-20T03:08:08.92Z</time>
		</trkpt>
		<trkpt lat="34.456045" lon="126.893621">
			<ele>0.00</ele>
			<time>2020-01-20T03:08:11.53Z</time>
		</trkpt>
		<trkpt lat="34.456099" lon="126.893135">
			<ele>0.00</ele>
			<time>2020-01-20T03:08:14.22Z</time>
		</trkpt>
		<trkpt lat="34.456099" lon="126.893134">
			<ele>0.00</ele>
			<time>2020-01-20T03:08:14.28Z</time>
		</trkpt>
		<trkpt lat="34.456157" lon="126.892644">
			<ele>0.00</ele>
			<time>2020-01-20T03:08:17Z</time>
		</trkpt>
		<trkpt lat="34.456192" lon="126.892338">
			<ele>0.00</ele>
			<time>2020-01-20T03:08:18.70Z</time>
		</trkpt>
		<trkpt lat="34.456223" lon="126.892092">
			<ele>0.00</ele>
			<time>2020-01-20T03:08:20.07Z</time>
		</trkpt>
		<trkpt lat="34.456273" lon="126.891974">
			<ele>0.00</ele>
			<time>2020-01-20T03:08:20.79Z</time>
		</trkpt>
		<trkpt lat="34.456365" lon="126.891835">
			<ele>0.00</ele>
			<time>2020-01-20T03:08:21.78Z</time>
		</trkpt>
		<trkpt lat="34.456433" lon="126.891735">
			<ele>0.00</ele>
			<time>2020-01-20T03:08:22.49Z</time>
		</trkpt>
		<trkpt lat="34.456479" lon="126.891659">
			<ele>0.00</ele>
			<time>2020-01-20T03:08:23.01Z</time>
		</trkpt>
		<trkpt lat="34.456499" lon="126.891514">
			<ele>0.00</ele>
			<time>2020-01-20T03:08:23.81Z</time>
		</trkpt>
		<trkpt lat="34.456513" lon="126.891395">
			<ele>0.00</ele>
			<time>2020-01-20T03:08:24.48Z</time>
		</trkpt>
		<trkpt lat="34.456565" lon="126.891022">
			<ele>0.00</ele>
			<time>2020-01-20T03:08:26.55Z</time>
		</trkpt>
		<trkpt lat="34.456561" lon="126.890956">
			<ele>0.00</ele>
			<time>2020-01-20T03:08:26.92Z</time>
		</trkpt>
		<trkpt lat="34.456536" lon="126.890873">
			<ele>0.00</ele>
			<time>2020-01-20T03:08:27.41Z</time>
		</trkpt>
		<trkpt lat="34.456496" lon="126.890776">
			<ele>0.00</ele>
			<time>2020-01-20T03:08:28Z</time>
		</trkpt>
		<trkpt lat="34.456437" lon="126.890625">
			<ele>0.00</ele>
			<time>2020-01-20T03:08:28.92Z</time>
		</trkpt>
		<trkpt lat="34.456422" lon="126.890568">
			<ele>0.00</ele>
			<time>2020-01-20T03:08:29.25Z</time>
		</trkpt>
		<trkpt lat="34.456418" lon="126.890478">
			<ele>0.00</ele>
			<time>2020-01-20T03:08:29.74Z</time>
		</trkpt>
		<trkpt lat="34.456419" lon="126.890357">
			<ele>0.00</ele>
			<time>2020-01-20T03:08:30.41Z</time>
		</trkpt>
		<trkpt lat="34.456426" lon="126.890198">
			<ele>0.00</ele>
			<time>2020-01-20T03:08:31.28Z</time>
		</trkpt>
		<trkpt lat="34.456448" lon="126.889947">
			<ele>0.00</ele>
			<time>2020-01-20T03:08:32.67Z</time>
		</trkpt>
		<trkpt lat="34.456484" lon="126.889714">
			<ele>0.00</ele>
			<time>2020-01-20T03:08:33.97Z</time>
		</trkpt>
		<trkpt lat="34.456517" lon="126.889486">
			<ele>0.00</ele>
			<time>2020-01-20T03:08:35.25Z</time>
		</trkpt>
		<trkpt lat="34.456552" lon="126.889278">
			<ele>0.00</ele>
			<time>2020-01-20T03:08:36.41Z</time>
		</trkpt>
		<trkpt lat="34.456577" lon="126.889165">
			<ele>0.00</ele>
			<time>2020-01-20T03:08:37.06Z</time>
		</trkpt>
		<trkpt lat="34.456615" lon="126.889047">
			<ele>0.00</ele>
			<time>2020-01-20T03:08:37.75Z</time>
		</trkpt>
		<trkpt lat="34.456719" lon="126.888750">
			<ele>0.00</ele>
			<time>2020-01-20T03:08:39.53Z</time>
		</trkpt>
		<trkpt lat="34.456806" lon="126.888548">
			<ele>0.00</ele>
			<time>2020-01-20T03:08:40.78Z</time>
		</trkpt>
		<trkpt lat="34.456863" lon="126.888417">
			<ele>0.00</ele>
			<time>2020-01-20T03:08:41.59Z</time>
		</trkpt>
		<trkpt lat="34.457130" lon="126.887840">
			<ele>0.00</ele>
			<time>2020-01-20T03:08:45.23Z</time>
		</trkpt>
		<trkpt lat="34.457303" lon="126.887476">
			<ele>0.00</ele>
			<time>2020-01-20T03:08:47.54Z</time>
		</trkpt>
		<trkpt lat="34.457521" lon="126.887034">
			<ele>0.00</ele>
			<time>2020-01-20T03:08:50.37Z</time>
		</trkpt>
		<trkpt lat="34.457648" lon="126.886829">
			<ele>0.00</ele>
			<time>2020-01-20T03:08:51.78Z</time>
		</trkpt>
		<trkpt lat="34.457748" lon="126.886689">
			<ele>0.00</ele>
			<time>2020-01-20T03:08:52.80Z</time>
		</trkpt>
		<trkpt lat="34.457848" lon="126.886592">
			<ele>0.00</ele>
			<time>2020-01-20T03:08:53.65Z</time>
		</trkpt>
		<trkpt lat="34.457910" lon="126.886540">
			<ele>0.00</ele>
			<time>2020-01-20T03:08:54.16Z</time>
		</trkpt>
		<trkpt lat="34.457952" lon="126.886486">
			<ele>0.00</ele>
			<time>2020-01-20T03:08:54.57Z</time>
		</trkpt>
		<trkpt lat="34.457977" lon="126.886436">
			<ele>0.00</ele>
			<time>2020-01-20T03:08:54.89Z</time>
		</trkpt>
		<trkpt lat="34.457984" lon="126.886387">
			<ele>0.00</ele>
			<time>2020-01-20T03:08:55.16Z</time>
		</trkpt>
		<trkpt lat="34.457968" lon="126.886323">
			<ele>0.00</ele>
			<time>2020-01-20T03:08:55.53Z</time>
		</trkpt>
		<trkpt lat="34.457916" lon="126.886239">
			<ele>0.00</ele>
			<time>2020-01-20T03:08:56.11Z</time>
		</trkpt>
		<trkpt lat="34.457856" lon="126.886166">
			<ele>0.00</ele>
			<time>2020-01-20T03:08:56.67Z</time>
		</trkpt>
		<trkpt lat="34.457807" lon="126.886120">
			<ele>0.00</ele>
			<time>2020-01-20T03:08:57.09Z</time>
		</trkpt>
		<trkpt lat="34.457753" lon="126.886104">
			<ele>0.00</ele>
			<time>2020-01-20T03:08:57.46Z</time>
		</trkpt>
		<trkpt lat="34.457687" lon="126.886093">
			<ele>0.00</ele>
			<time>2020-01-20T03:08:57.90Z</time>
		</trkpt>
		<trkpt lat="34.457601" lon="126.886082">
			<ele>0.00</ele>
			<time>2020-01-20T03:08:58.48Z</time>
		</trkpt>
		<trkpt lat="34.457570" lon="126.886031">
			<ele>0.00</ele>
			<time>2020-01-20T03:08:58.82Z</time>
		</trkpt>
		<trkpt lat="34.457531" lon="126.885925">
			<ele>0.00</ele>
			<time>2020-01-20T03:08:59.46Z</time>
		</trkpt>
		<trkpt lat="34.457501" lon="126.885769">
			<ele>0.00</ele>
			<time>2020-01-20T03:09:00.34Z</time>
		</trkpt>
		<trkpt lat="34.457440" lon="126.885548">
			<ele>0.00</ele>
			<time>2020-01-20T03:09:01.62Z</time>
		</trkpt>
		<trkpt lat="34.457402" lon="126.885455">
			<ele>0.00</ele>
			<time>2020-01-20T03:09:02.19Z</time>
		</trkpt>
		<trkpt lat="34.457381" lon="126.885411">
			<ele>0.00</ele>
			<time>2020-01-20T03:09:02.47Z</time>
		</trkpt>
		<trkpt lat="34.457349" lon="126.885345">
			<ele>0.00</ele>
			<time>2020-01-20T03:09:02.90Z</time>
		</trkpt>
		<trkpt lat="34.457334" lon="126.885266">
			<ele>0.00</ele>
			<time>2020-01-20T03:09:03.34Z</time>
		</trkpt>
		<trkpt lat="34.457306" lon="126.885127">
			<ele>0.00</ele>
			<time>2020-01-20T03:09:04.13Z</time>
		</trkpt>
		<trkpt lat="34.457290" lon="126.885026">
			<ele>0.00</ele>
			<time>2020-01-20T03:09:04.69Z</time>
		</trkpt>
		<trkpt lat="34.457296" lon="126.884927">
			<ele>0.00</ele>
			<time>2020-01-20T03:09:05.24Z</time>
		</trkpt>
		<trkpt lat="34.457307" lon="126.884795">
			<ele>0.00</ele>
			<time>2020-01-20T03:09:05.96Z</time>
		</trkpt>
		<trkpt lat="34.457319" lon="126.884643">
			<ele>0.00</ele>
			<time>2020-01-20T03:09:06.80Z</time>
		</trkpt>
		<trkpt lat="34.457318" lon="126.884571">
			<ele>0.00</ele>
			<time>2020-01-20T03:09:07.20Z</time>
		</trkpt>
		<trkpt lat="34.457307" lon="126.884502">
			<ele>0.00</ele>
			<time>2020-01-20T03:09:07.59Z</time>
		</trkpt>
		<trkpt lat="34.457294" lon="126.884446">
			<ele>0.00</ele>
			<time>2020-01-20T03:09:07.91Z</time>
		</trkpt>
		<trkpt lat="34.457275" lon="126.884408">
			<ele>0.00</ele>
			<time>2020-01-20T03:09:08.15Z</time>
		</trkpt>
		<trkpt lat="34.457242" lon="126.884369">
			<ele>0.00</ele>
			<time>2020-01-20T03:09:08.46Z</time>
		</trkpt>
		<trkpt lat="34.457212" lon="126.884340">
			<ele>0.00</ele>
			<time>2020-01-20T03:09:08.71Z</time>
		</trkpt>
		<trkpt lat="34.457176" lon="126.884300">
			<ele>0.00</ele>
			<time>2020-01-20T03:09:09.04Z</time>
		</trkpt>
		<trkpt lat="34.457148" lon="126.884247">
			<ele>0.00</ele>
			<time>2020-01-20T03:09:09.39Z</time>
		</trkpt>
		<trkpt lat="34.457116" lon="126.884153">
			<ele>0.00</ele>
			<time>2020-01-20T03:09:09.95Z</time>
		</trkpt>
		<trkpt lat="34.457064" lon="126.883980">
			<ele>0.00</ele>
			<time>2020-01-20T03:09:10.96Z</time>
		</trkpt>
		<trkpt lat="34.457031" lon="126.883811">
			<ele>0.00</ele>
			<time>2020-01-20T03:09:11.91Z</time>
		</trkpt>
		<trkpt lat="34.456988" lon="126.883624">
			<ele>0.00</ele>
			<time>2020-01-20T03:09:12.98Z</time>
		</trkpt>
		<trkpt lat="34.456942" lon="126.883489">
			<ele>0.00</ele>
			<time>2020-01-20T03:09:13.79Z</time>
		</trkpt>
		<trkpt lat="34.456887" lon="126.883384">
			<ele>0.00</ele>
			<time>2020-01-20T03:09:14.47Z</time>
		</trkpt>
		<trkpt lat="34.456832" lon="126.883292">
			<ele>0.00</ele>
			<time>2020-01-20T03:09:15.09Z</time>
		</trkpt>
		<trkpt lat="34.456752" lon="126.883166">
			<ele>0.00</ele>
			<time>2020-01-20T03:09:15.96Z</time>
		</trkpt>
		<trkpt lat="34.456728" lon="126.883079">
			<ele>0.00</ele>
			<time>2020-01-20T03:09:16.47Z</time>
		</trkpt>
		<trkpt lat="34.456715" lon="126.883000">
			<ele>0.00</ele>
			<time>2020-01-20T03:09:16.91Z</time>
		</trkpt>
		<trkpt lat="34.456722" lon="126.882935">
			<ele>0.00</ele>
			<time>2020-01-20T03:09:17.27Z</time>
		</trkpt>
		<trkpt lat="34.456738" lon="126.882830">
			<ele>0.00</ele>
			<time>2020-01-20T03:09:17.86Z</time>
		</trkpt>
		<trkpt lat="34.456757" lon="126.882703">
			<ele>0.00</ele>
			<time>2020-01-20T03:09:18.57Z</time>
		</trkpt>
		<trkpt lat="34.456772" lon="126.882596">
			<ele>0.00</ele>
			<time>2020-01-20T03:09:19.17Z</time>
		</trkpt>
		<trkpt lat="34.456779" lon="126.882496">
			<ele>0.00</ele>
			<time>2020-01-20T03:09:19.72Z</time>
		</trkpt>
		<trkpt lat="34.456778" lon="126.882382">
			<ele>0.00</ele>
			<time>2020-01-20T03:09:20.34Z</time>
		</trkpt>
		<trkpt lat="34.456779" lon="126.882262">
			<ele>0.00</ele>
			<time>2020-01-20T03:09:21.01Z</time>
		</trkpt>
		<trkpt lat="34.456790" lon="126.882168">
			<ele>0.00</ele>
			<time>2020-01-20T03:09:21.52Z</time>
		</trkpt>
		<trkpt lat="34.456807" lon="126.882071">
			<ele>0.00</ele>
			<time>2020-01-20T03:09:22.07Z</time>
		</trkpt>
		<trkpt lat="34.456834" lon="126.881999">
			<ele>0.00</ele>
			<time>2020-01-20T03:09:22.50Z</time>
		</trkpt>
		<trkpt lat="34.456885" lon="126.881896">
			<ele>0.00</ele>
			<time>2020-01-20T03:09:23.17Z</time>
		</trkpt>
		<trkpt lat="34.456955" lon="126.881797">
			<ele>0.00</ele>
			<time>2020-01-20T03:09:23.88Z</time>
		</trkpt>
		<trkpt lat="34.457030" lon="126.881701">
			<ele>0.00</ele>
			<time>2020-01-20T03:09:24.61Z</time>
		</trkpt>
		<trkpt lat="34.457145" lon="126.881545">
			<ele>0.00</ele>
			<time>2020-01-20T03:09:25.76Z</time>
		</trkpt>
		<trkpt lat="34.457209" lon="126.881421">
			<ele>0.00</ele>
			<time>2020-01-20T03:09:26.56Z</time>
		</trkpt>
		<trkpt lat="34.457249" lon="126.881312">
			<ele>0.00</ele>
			<time>2020-01-20T03:09:27.22Z</time>
		</trkpt>
		<trkpt lat="34.457296" lon="126.881186">
			<ele>0.00</ele>
			<time>2020-01-20T03:09:27.98Z</time>
		</trkpt>
		<trkpt lat="34.457315" lon="126.881146">
			<ele>0.00</ele>
			<time>2020-01-20T03:09:28.23Z</time>
		</trkpt>
		<trkpt lat="34.457347" lon="126.881112">
			<ele>0.00</ele>
			<time>2020-01-20T03:09:28.52Z</time>
		</trkpt>
		<trkpt lat="34.457392" lon="126.881076">
			<ele>0.00</ele>
			<time>2020-01-20T03:09:28.88Z</time>
		</trkpt>
		<trkpt lat="34.457456" lon="126.881026">
			<ele>0.00</ele>
			<time>2020-01-20T03:09:29.39Z</time>
		</trkpt>
		<trkpt lat="34.457505" lon="126.880986">
			<ele>0.00</ele>
			<time>2020-01-20T03:09:29.78Z</time>
		</trkpt>
		<trkpt lat="34.457543" lon="126.880911">
			<ele>0.00</ele>
			<time>2020-01-20T03:09:30.26Z</time>
		</trkpt>
		<trkpt lat="34.457579" lon="126.880811">
			<ele>0.00</ele>
			<time>2020-01-20T03:09:30.86Z</time>
		</trkpt>
		<trkpt lat="34.457619" lon="126.880711">
			<ele>0.00</ele>
			<time>2020-01-20T03:09:31.47Z</time>
		</trkpt>
		<trkpt lat="34.457637" lon="126.880669">
			<ele>0.00</ele>
			<time>2020-01-20T03:09:31.73Z</time>
		</trkpt>
		<trkpt lat="34.457682" lon="126.880608">
			<ele>0.00</ele>
			<time>2020-01-20T03:09:32.18Z</time>
		</trkpt>
		<trkpt lat="34.457753" lon="126.880517">
			<ele>0.00</ele>
			<time>2020-01-20T03:09:32.87Z</time>
		</trkpt>
		<trkpt lat="34.457816" lon="126.880460">
			<ele>0.00</ele>
			<time>2020-01-20T03:09:33.39Z</time>
		</trkpt>
		<trkpt lat="34.457861" lon="126.880409">
			<ele>0.00</ele>
			<time>2020-01-20T03:09:33.81Z</time>
		</trkpt>
		<trkpt lat="34.457947" lon="126.880345">
			<ele>0.00</ele>
			<time>2020-01-20T03:09:34.48Z</time>
		</trkpt>
		<trkpt lat="34.458029" lon="126.880295">
			<ele>0.00</ele>
			<time>2020-01-20T03:09:35.09Z</time>
		</trkpt>
		<trkpt lat="34.458118" lon="126.880249">
			<ele>0.00</ele>
			<time>2020-01-20T03:09:35.73Z</time>
		</trkpt>
		<trkpt lat="34.458190" lon="126.880211">
			<ele>0.00</ele>
			<time>2020-01-20T03:09:36.26Z</time>
		</trkpt>
		<trkpt lat="34.458255" lon="126.880190">
			<ele>0.00</ele>
			<time>2020-01-20T03:09:36.71Z</time>
		</trkpt>
		<trkpt lat="34.458323" lon="126.880178">
			<ele>0.00</ele>
			<time>2020-01-20T03:09:37.16Z</time>
		</trkpt>
		<trkpt lat="34.458408" lon="126.880164">
			<ele>0.00</ele>
			<time>2020-01-20T03:09:37.74Z</time>
		</trkpt>
		<trkpt lat="34.458544" lon="126.880161">
			<ele>0.00</ele>
			<time>2020-01-20T03:09:38.65Z</time>
		</trkpt>
		<trkpt lat="34.458693" lon="126.880165">
			<ele>0.00</ele>
			<time>2020-01-20T03:09:39.64Z</time>
		</trkpt>
		<trkpt lat="34.458756" lon="126.880157">
			<ele>0.00</ele>
			<time>2020-01-20T03:09:40.06Z</time>
		</trkpt>
		<trkpt lat="34.458844" lon="126.880150">
			<ele>0.00</ele>
			<time>2020-01-20T03:09:40.65Z</time>
		</trkpt>
		<trkpt lat="34.458955" lon="126.880114">
			<ele>0.00</ele>
			<time>2020-01-20T03:09:41.41Z</time>
		</trkpt>
		<trkpt lat="34.459041" lon="126.880074">
			<ele>0.00</ele>
			<time>2020-01-20T03:09:42.03Z</time>
		</trkpt>
		<trkpt lat="34.459093" lon="126.880036">
			<ele>0.00</ele>
			<time>2020-01-20T03:09:42.43Z</time>
		</trkpt>
		<trkpt lat="34.459132" lon="126.880002">
			<ele>0.00</ele>
			<time>2020-01-20T03:09:42.75Z</time>
		</trkpt>
		<trkpt lat="34.459173" lon="126.879964">
			<ele>0.00</ele>
			<time>2020-01-20T03:09:43.10Z</time>
		</trkpt>
		<trkpt lat="34.459231" lon="126.879912">
			<ele>0.00</ele>
			<time>2020-01-20T03:09:43.58Z</time>
		</trkpt>
		<trkpt lat="34.459299" lon="126.879865">
			<ele>0.00</ele>
			<time>2020-01-20T03:09:44.10Z</time>
		</trkpt>
		<trkpt lat="34.459366" lon="126.879825">
			<ele>0.00</ele>
			<time>2020-01-20T03:09:44.60Z</time>
		</trkpt>
		<trkpt lat="34.459448" lon="126.879776">
			<ele>0.00</ele>
			<time>2020-01-20T03:09:45.21Z</time>
		</trkpt>
		<trkpt lat="34.459511" lon="126.879732">
			<ele>0.00</ele>
			<time>2020-01-20T03:09:45.69Z</time>
		</trkpt>
		<trkpt lat="34.459567" lon="126.879676">
			<ele>0.00</ele>
			<time>2020-01-20T03:09:46.18Z</time>
		</trkpt>
		<trkpt lat="34.459629" lon="126.879614">
			<ele>0.00</ele>
			<time>2020-01-20T03:09:46.71Z</time>
		</trkpt>
		<trkpt lat="34.459691" lon="126.879558">
			<ele>0.00</ele>
			<time>2020-01-20T03:09:47.23Z</time>
		</trkpt>
		<trkpt lat="34.459752" lon="126.879514">
			<ele>0.00</ele>
			<time>2020-01-20T03:09:47.70Z</time>
		</trkpt>
		<trkpt lat="34.459809" lon="126.879477">
			<ele>0.00</ele>
			<time>2020-01-20T03:09:48.13Z</time>
		</trkpt>
		<trkpt lat="34.459868" lon="126.879463">
			<ele>0.00</ele>
			<time>2020-01-20T03:09:48.53Z</time>
		</trkpt>
		<trkpt lat="34.459994" lon="126.879463">
			<ele>0.00</ele>
			<time>2020-01-20T03:09:49.37Z</time>
		</trkpt>
		<trkpt lat="34.460143" lon="126.879460">
			<ele>0.00</ele>
			<time>2020-01-20T03:09:50.37Z</time>
		</trkpt>
		<trkpt lat="34.460235" lon="126.879437">
			<ele>0.00</ele>
			<time>2020-01-20T03:09:50.99Z</time>
		</trkpt>
		<trkpt lat="34.460381" lon="126.879406">
			<ele>0.00</ele>
			<time>2020-01-20T03:09:51.98Z</time>
		</trkpt>
		<trkpt lat="34.460507" lon="126.879383">
			<ele>0.00</ele>
			<time>2020-01-20T03:09:52.83Z</time>
		</trkpt>
		<trkpt lat="34.460625" lon="126.879376">
			<ele>0.00</ele>
			<time>2020-01-20T03:09:53.62Z</time>
		</trkpt>
		<trkpt lat="34.460739" lon="126.879382">
			<ele>0.00</ele>
			<time>2020-01-20T03:09:54.38Z</time>
		</trkpt>
		<trkpt lat="34.460853" lon="126.879412">
			<ele>0.00</ele>
			<time>2020-01-20T03:09:55.16Z</time>
		</trkpt>
		<trkpt lat="34.460952" lon="126.879424">
			<ele>0.00</ele>
			<time>2020-01-20T03:09:55.82Z</time>
		</trkpt>
		<trkpt lat="34.461036" lon="126.879424">
			<ele>0.00</ele>
			<time>2020-01-20T03:09:56.38Z</time>
		</trkpt>
		<trkpt lat="34.461121" lon="126.879405">
			<ele>0.00</ele>
			<time>2020-01-20T03:09:56.95Z</time>
		</trkpt>
		<trkpt lat="34.461212" lon="126.879374">
			<ele>0.00</ele>
			<time>2020-01-20T03:09:57.58Z</time>
		</trkpt>
		<trkpt lat="34.461282" lon="126.879324">
			<ele>0.00</ele>
			<time>2020-01-20T03:09:58.13Z</time>
		</trkpt>
		<trkpt lat="34.461391" lon="126.879238">
			<ele>0.00</ele>
			<time>2020-01-20T03:09:58.99Z</time>
		</trkpt>
		<trkpt lat="34.461505" lon="126.879143">
			<ele>0.00</ele>
			<time>2020-01-20T03:09:59.91Z</time>
		</trkpt>
		<trkpt lat="34.461573" lon="126.879087">
			<ele>0.00</ele>
			<time>2020-01-20T03:10:00.46Z</time>
		</trkpt>
		<trkpt lat="34.461640" lon="126.879056">
			<ele>0.00</ele>
			<time>2020-01-20T03:10:00.94Z</time>
		</trkpt>
		<trkpt lat="34.461718" lon="126.879042">
			<ele>0.00</ele>
			<time>2020-01-20T03:10:01.46Z</time>
		</trkpt>
		<trkpt lat="34.461807" lon="126.879037">
			<ele>0.00</ele>
			<time>2020-01-20T03:10:02.06Z</time>
		</trkpt>
		<trkpt lat="34.461921" lon="126.879063">
			<ele>0.00</ele>
			<time>2020-01-20T03:10:02.83Z</time>
		</trkpt>
		<trkpt lat="34.462003" lon="126.879096">
			<ele>0.00</ele>
			<time>2020-01-20T03:10:03.41Z</time>
		</trkpt>
		<trkpt lat="34.462074" lon="126.879165">
			<ele>0.00</ele>
			<time>2020-01-20T03:10:04.01Z</time>
		</trkpt>
		<trkpt lat="34.462132" lon="126.879227">
			<ele>0.00</ele>
			<time>2020-01-20T03:10:04.53Z</time>
		</trkpt>
		<trkpt lat="34.462173" lon="126.879288">
			<ele>0.00</ele>
			<time>2020-01-20T03:10:04.96Z</time>
		</trkpt>
		<trkpt lat="34.462232" lon="126.879386">
			<ele>0.00</ele>
			<time>2020-01-20T03:10:05.63Z</time>
		</trkpt>
		<trkpt lat="34.462297" lon="126.879523">
			<ele>0.00</ele>
			<time>2020-01-20T03:10:06.50Z</time>
		</trkpt>
		<trkpt lat="34.462350" lon="126.879632">
			<ele>0.00</ele>
			<time>2020-01-20T03:10:07.19Z</time>
		</trkpt>
		<trkpt lat="34.462407" lon="126.879771">
			<ele>0.00</ele>
			<time>2020-01-20T03:10:08.05Z</time>
		</trkpt>
		<trkpt lat="34.462470" lon="126.879859">
			<ele>0.00</ele>
			<time>2020-01-20T03:10:08.69Z</time>
		</trkpt>
		<trkpt lat="34.462539" lon="126.879911">
			<ele>0.00</ele>
			<time>2020-01-20T03:10:09.23Z</time>
		</trkpt>
		<trkpt lat="34.462599" lon="126.879930">
			<ele>0.00</ele>
			<time>2020-01-20T03:10:09.64Z</time>
		</trkpt>
		<trkpt lat="34.462682" lon="126.879941">
			<ele>0.00</ele>
			<time>2020-01-20T03:10:10.20Z</time>
		</trkpt>
		<trkpt lat="34.462744" lon="126.879921">
			<ele>0.00</ele>
			<time>2020-01-20T03:10:10.62Z</time>
		</trkpt>
		<trkpt lat="34.462870" lon="126.879857">
			<ele>0.00</ele>
			<time>2020-01-20T03:10:11.53Z</time>
		</trkpt>
		<trkpt lat="34.462946" lon="126.879832">
			<ele>0.00</ele>
			<time>2020-01-20T03:10:12.06Z</time>
		</trkpt>
		<trkpt lat="34.463019" lon="126.879817">
			<ele>0.00</ele>
			<time>2020-01-20T03:10:12.56Z</time>
		</trkpt>
		<trkpt lat="34.463191" lon="126.879759">
			<ele>0.00</ele>
			<time>2020-01-20T03:10:13.75Z</time>
		</trkpt>
		<trkpt lat="34.463333" lon="126.879698">
			<ele>0.00</ele>
			<time>2020-01-20T03:10:14.75Z</time>
		</trkpt>
		<trkpt lat="34.463445" lon="126.879638">
			<ele>0.00</ele>
			<time>2020-01-20T03:10:15.57Z</time>
		</trkpt>
		<trkpt lat="34.463506" lon="126.879585">
			<ele>0.00</ele>
			<time>2020-01-20T03:10:16.07Z</time>
		</trkpt>
		<trkpt lat="34.463553" lon="126.879534">
			<ele>0.00</ele>
			<time>2020-01-20T03:10:16.49Z</time>
		</trkpt>
		<trkpt lat="34.463592" lon="126.879477">
			<ele>0.00</ele>
			<time>2020-01-20T03:10:16.89Z</time>
		</trkpt>
		<trkpt lat="34.463652" lon="126.879376">
			<ele>0.00</ele>
			<time>2020-01-20T03:10:17.58Z</time>
		</trkpt>
		<trkpt lat="34.463681" lon="126.879314">
			<ele>0.00</ele>
			<time>2020-01-20T03:10:17.97Z</time>
		</trkpt>
		<trkpt lat="34.463709" lon="126.879237">
			<ele>0.00</ele>
			<time>2020-01-20T03:10:18.43Z</time>
		</trkpt>
		<trkpt lat="34.463755" lon="126.879136">
			<ele>0.00</ele>
			<time>2020-01-20T03:10:19.07Z</time>
		</trkpt>
		<trkpt lat="34.463783" lon="126.879102">
			<ele>0.00</ele>
			<time>2020-01-20T03:10:19.33Z</time>
		</trkpt>
		<trkpt lat="34.463827" lon="126.879068">
			<ele>0.00</ele>
			<time>2020-01-20T03:10:19.68Z</time>
		</trkpt>
		<trkpt lat="34.463863" lon="126.879056">
			<ele>0.00</ele>
			<time>2020-01-20T03:10:19.93Z</time>
		</trkpt>
		<trkpt lat="34.463905" lon="126.879060">
			<ele>0.00</ele>
			<time>2020-01-20T03:10:20.21Z</time>
		</trkpt>
		<trkpt lat="34.463940" lon="126.879068">
			<ele>0.00</ele>
			<time>2020-01-20T03:10:20.44Z</time>
		</trkpt>
		<trkpt lat="34.464009" lon="126.879124">
			<ele>0.00</ele>
			<time>2020-01-20T03:10:20.99Z</time>
		</trkpt>
		<trkpt lat="34.464046" lon="126.879158">
			<ele>0.00</ele>
			<time>2020-01-20T03:10:21.31Z</time>
		</trkpt>
		<trkpt lat="34.464084" lon="126.879170">
			<ele>0.00</ele>
			<time>2020-01-20T03:10:21.57Z</time>
		</trkpt>
		<trkpt lat="34.464162" lon="126.879171">
			<ele>0.00</ele>
			<time>2020-01-20T03:10:22.09Z</time>
		</trkpt>
		<trkpt lat="34.464213" lon="126.879167">
			<ele>0.00</ele>
			<time>2020-01-20T03:10:22.43Z</time>
		</trkpt>
		<trkpt lat="34.464268" lon="126.879130">
			<ele>0.00</ele>
			<time>2020-01-20T03:10:22.84Z</time>
		</trkpt>
		<trkpt lat="34.464333" lon="126.879080">
			<ele>0.00</ele>
			<time>2020-01-20T03:10:23.36Z</time>
		</trkpt>
		<trkpt lat="34.464428" lon="126.879014">
			<ele>0.00</ele>
			<time>2020-01-20T03:10:24.09Z</time>
		</trkpt>
		<trkpt lat="34.464544" lon="126.878957">
			<ele>0.00</ele>
			<time>2020-01-20T03:10:24.93Z</time>
		</trkpt>
		<trkpt lat="34.464649" lon="126.878923">
			<ele>0.00</ele>
			<time>2020-01-20T03:10:25.65Z</time>
		</trkpt>
		<trkpt lat="34.464721" lon="126.878908">
			<ele>0.00</ele>
			<time>2020-01-20T03:10:26.14Z</time>
		</trkpt>
		<trkpt lat="34.464765" lon="126.878913">
			<ele>0.00</ele>
			<time>2020-01-20T03:10:26.43Z</time>
		</trkpt>
		<trkpt lat="34.464808" lon="126.878935">
			<ele>0.00</ele>
			<time>2020-01-20T03:10:26.74Z</time>
		</trkpt>
		<trkpt lat="34.464861" lon="126.879005">
			<ele>0.00</ele>
			<time>2020-01-20T03:10:27.26Z</time>
		</trkpt>
		<trkpt lat="34.464940" lon="126.879140">
			<ele>0.00</ele>
			<time>2020-01-20T03:10:28.17Z</time>
		</trkpt>
		<trkpt lat="34.465060" lon="126.879316">
			<ele>0.00</ele>
			<time>2020-01-20T03:10:29.43Z</time>
		</trkpt>
		<trkpt lat="34.465115" lon="126.879377">
			<ele>0.00</ele>
			<time>2020-01-20T03:10:29.93Z</time>
		</trkpt>
		<trkpt lat="34.465167" lon="126.879419">
			<ele>0.00</ele>
			<time>2020-01-20T03:10:30.34Z</time>
		</trkpt>
		<trkpt lat="34.465255" lon="126.879491">
			<ele>0.00</ele>
			<time>2020-01-20T03:10:31.05Z</time>
		</trkpt>
		<trkpt lat="34.465269" lon="126.879501">
			<ele>0.00</ele>
			<time>2020-01-20T03:10:31.16Z</time>
		</trkpt>
		<trkpt lat="34.465270" lon="126.879504">
			<ele>0.00</ele>
			<time>2020-01-20T03:10:31.22Z</time>
		</trkpt>
		<trkpt lat="34.465277" lon="126.879495">
			<ele>0.00</ele>
			<time>2020-01-20T03:10:31.29Z</time>
		</trkpt>
		<trkpt lat="34.465273" lon="126.879470">
			<ele>0.00</ele>
			<time>2020-01-20T03:10:31.43Z</time>
		</trkpt>
		<trkpt lat="34.465247" lon="126.879419">
			<ele>0.00</ele>
			<time>2020-01-20T03:10:31.76Z</time>
		</trkpt>
		<trkpt lat="34.465182" lon="126.879301">
			<ele>0.00</ele>
			<time>2020-01-20T03:10:32.54Z</time>
		</trkpt>
		<trkpt lat="34.465140" lon="126.879190">
			<ele>0.00</ele>
			<time>2020-01-20T03:10:33.21Z</time>
		</trkpt>
		<trkpt lat="34.465095" lon="126.879075">
			<ele>0.00</ele>
			<time>2020-01-20T03:10:33.91Z</time>
		</trkpt>
		<trkpt lat="34.465071" lon="126.878960">
			<ele>0.00</ele>
			<time>2020-01-20T03:10:34.56Z</time>
		</trkpt>
		<trkpt lat="34.465057" lon="126.878834">
			<ele>0.00</ele>
			<time>2020-01-20T03:10:35.26Z</time>
		</trkpt>
		<trkpt lat="34.465052" lon="126.878694">
			<ele>0.00</ele>
			<time>2020-01-20T03:10:36.03Z</time>
		</trkpt>
		<trkpt lat="34.465061" lon="126.878586">
			<ele>0.00</ele>
			<time>2020-01-20T03:10:36.63Z</time>
		</trkpt>
		<trkpt lat="34.465082" lon="126.878507">
			<ele>0.00</ele>
			<time>2020-01-20T03:10:37.08Z</time>
		</trkpt>
		<trkpt lat="34.465113" lon="126.878411">
			<ele>0.00</ele>
			<time>2020-01-20T03:10:37.65Z</time>
		</trkpt>
		<trkpt lat="34.465189" lon="126.878256">
			<ele>0.00</ele>
			<time>2020-01-20T03:10:38.64Z</time>
		</trkpt>
		<trkpt lat="34.465235" lon="126.878153">
			<ele>0.00</ele>
			<time>2020-01-20T03:10:39.29Z</time>
		</trkpt>
		<trkpt lat="34.465329" lon="126.878004">
			<ele>0.00</ele>
			<time>2020-01-20T03:10:40.32Z</time>
		</trkpt>
		<trkpt lat="34.465459" lon="126.877803">
			<ele>0.00</ele>
			<time>2020-01-20T03:10:41.72Z</time>
		</trkpt>
		<trkpt lat="34.465586" lon="126.877566">
			<ele>0.00</ele>
			<time>2020-01-20T03:10:43.27Z</time>
		</trkpt>
		<trkpt lat="34.465768" lon="126.877231">
			<ele>0.00</ele>
			<time>2020-01-20T03:10:45.48Z</time>
		</trkpt>
		<trkpt lat="34.465852" lon="126.877056">
			<ele>0.00</ele>
			<time>2020-01-20T03:10:46.59Z</time>
		</trkpt>
		<trkpt lat="34.465986" lon="126.876741">
			<ele>0.00</ele>
			<time>2020-01-20T03:10:48.54Z</time>
		</trkpt>
		<trkpt lat="34.466046" lon="126.876565">
			<ele>0.00</ele>
			<time>2020-01-20T03:10:49.58Z</time>
		</trkpt>
		<trkpt lat="34.466096" lon="126.876396">
			<ele>0.00</ele>
			<time>2020-01-20T03:10:50.57Z</time>
		</trkpt>
		<trkpt lat="34.466226" lon="126.876001">
			<ele>0.00</ele>
			<time>2020-01-20T03:10:52.91Z</time>
		</trkpt>
		<trkpt lat="34.466352" lon="126.875617">
			<ele>0.00</ele>
			<time>2020-01-20T03:10:55.18Z</time>
		</trkpt>
		<trkpt lat="34.466492" lon="126.875131">
			<ele>0.00</ele>
			<time>2020-01-20T03:10:58.01Z</time>
		</trkpt>
		<trkpt lat="34.466599" lon="126.874745">
			<ele>0.00</ele>
			<time>2020-01-20T03:11:00.25Z</time>
		</trkpt>
		<trkpt lat="34.466762" lon="126.874272">
			<ele>0.00</ele>
			<time>2020-01-20T03:11:03.07Z</time>
		</trkpt>
		<trkpt lat="34.466850" lon="126.873920">
			<ele>0.00</ele>
			<time>2020-01-20T03:11:05.09Z</time>
		</trkpt>
		<trkpt lat="34.466885" lon="126.873662">
			<ele>0.00</ele>
			<time>2020-01-20T03:11:06.53Z</time>
		</trkpt>
		<trkpt lat="34.466922" lon="126.873373">
			<ele>0.00</ele>
			<time>2020-01-20T03:11:08.14Z</time>
		</trkpt>
		<trkpt lat="34.466932" lon="126.873039">
			<ele>0.00</ele>
			<time>2020-01-20T03:11:09.97Z</time>
		</trkpt>
		<trkpt lat="34.466958" lon="126.872786">
			<ele>0.00</ele>
			<time>2020-01-20T03:11:11.37Z</time>
		</trkpt>
		<trkpt lat="34.466954" lon="126.872412">
			<ele>0.00</ele>
			<time>2020-01-20T03:11:13.43Z</time>
		</trkpt>
		<trkpt lat="34.466959" lon="126.872073">
			<ele>0.00</ele>
			<time>2020-01-20T03:11:15.30Z</time>
		</trkpt>
		<trkpt lat="34.466967" lon="126.871844">
			<ele>0.00</ele>
			<time>2020-01-20T03:11:16.55Z</time>
		</trkpt>
		<trkpt lat="34.466966" lon="126.871576">
			<ele>0.00</ele>
			<time>2020-01-20T03:11:18.03Z</time>
		</trkpt>
		<trkpt lat="34.466925" lon="126.871439">
			<ele>0.00</ele>
			<time>2020-01-20T03:11:18.83Z</time>
		</trkpt>
		<trkpt lat="34.466867" lon="126.871296">
			<ele>0.00</ele>
			<time>2020-01-20T03:11:19.70Z</time>
		</trkpt>
		<trkpt lat="34.466741" lon="126.871185">
			<ele>0.00</ele>
			<time>2020-01-20T03:11:20.74Z</time>
		</trkpt>
		<trkpt lat="34.466647" lon="126.871118">
			<ele>0.00</ele>
			<time>2020-01-20T03:11:21.47Z</time>
		</trkpt>
		<trkpt lat="34.466533" lon="126.871045">
			<ele>0.00</ele>
			<time>2020-01-20T03:11:22.33Z</time>
		</trkpt>
		<trkpt lat="34.466460" lon="126.871002">
			<ele>0.00</ele>
			<time>2020-01-20T03:11:22.87Z</time>
		</trkpt>
		<trkpt lat="34.466354" lon="126.870954">
			<ele>0.00</ele>
			<time>2020-01-20T03:11:23.62Z</time>
		</trkpt>
		<trkpt lat="34.466247" lon="126.870891">
			<ele>0.00</ele>
			<time>2020-01-20T03:11:24.42Z</time>
		</trkpt>
		<trkpt lat="34.466146" lon="126.870831">
			<ele>0.00</ele>
			<time>2020-01-20T03:11:25.17Z</time>
		</trkpt>
		<trkpt lat="34.466061" lon="126.870779">
			<ele>0.00</ele>
			<time>2020-01-20T03:11:25.80Z</time>
		</trkpt>
		<trkpt lat="34.465970" lon="126.870704">
			<ele>0.00</ele>
			<time>2020-01-20T03:11:26.53Z</time>
		</trkpt>
		<trkpt lat="34.465764" lon="126.870531">
			<ele>0.00</ele>
			<time>2020-01-20T03:11:28.20Z</time>
		</trkpt>
		<trkpt lat="34.465590" lon="126.870384">
			<ele>0.00</ele>
			<time>2020-01-20T03:11:29.62Z</time>
		</trkpt>
		<trkpt lat="34.465466" lon="126.870270">
			<ele>0.00</ele>
			<time>2020-01-20T03:11:30.66Z</time>
		</trkpt>
		<trkpt lat="34.465288" lon="126.870113">
			<ele>0.00</ele>
			<time>2020-01-20T03:11:32.13Z</time>
		</trkpt>
		<trkpt lat="34.465106" lon="126.869955">
			<ele>0.00</ele>
			<time>2020-01-20T03:11:33.61Z</time>
		</trkpt>
		<trkpt lat="34.464957" lon="126.869836">
			<ele>0.00</ele>
			<time>2020-01-20T03:11:34.80Z</time>
		</trkpt>
		<trkpt lat="34.464826" lon="126.869715">
			<ele>0.00</ele>
			<time>2020-01-20T03:11:35.90Z</time>
		</trkpt>
		<trkpt lat="34.464715" lon="126.869622">
			<ele>0.00</ele>
			<time>2020-01-20T03:11:36.80Z</time>
		</trkpt>
		<trkpt lat="34.464527" lon="126.869446">
			<ele>0.00</ele>
			<time>2020-01-20T03:11:38.38Z</time>
		</trkpt>
		<trkpt lat="34.464402" lon="126.869336">
			<ele>0.00</ele>
			<time>2020-01-20T03:11:39.41Z</time>
		</trkpt>
		<trkpt lat="34.464322" lon="126.869270">
			<ele>0.00</ele>
			<time>2020-01-20T03:11:40.06Z</time>
		</trkpt>
		<trkpt lat="34.464198" lon="126.869174">
			<ele>0.00</ele>
			<time>2020-01-20T03:11:41.04Z</time>
		</trkpt>
		<trkpt lat="34.464072" lon="126.869074">
			<ele>0.00</ele>
			<time>2020-01-20T03:11:42.04Z</time>
		</trkpt>
		<trkpt lat="34.463974" lon="126.868995">
			<ele>0.00</ele>
			<time>2020-01-20T03:11:42.83Z</time>
		</trkpt>
		<trkpt lat="34.463855" lon="126.868885">
			<ele>0.00</ele>
			<time>2020-01-20T03:11:43.82Z</time>
		</trkpt>
		<trkpt lat="34.463739" lon="126.868778">
			<ele>0.00</ele>
			<time>2020-01-20T03:11:44.80Z</time>
		</trkpt>
		<trkpt lat="34.463650" lon="126.868689">
			<ele>0.00</ele>
			<time>2020-01-20T03:11:45.57Z</time>
		</trkpt>
		<trkpt lat="34.463547" lon="126.868572">
			<ele>0.00</ele>
			<time>2020-01-20T03:11:46.51Z</time>
		</trkpt>
		<trkpt lat="34.463432" lon="126.868432">
			<ele>0.00</ele>
			<time>2020-01-20T03:11:47.59Z</time>
		</trkpt>
		<trkpt lat="34.463261" lon="126.868235">
			<ele>0.00</ele>
			<time>2020-01-20T03:11:49.16Z</time>
		</trkpt>
		<trkpt lat="34.463117" lon="126.868056">
			<ele>0.00</ele>
			<time>2020-01-20T03:11:50.54Z</time>
		</trkpt>
		<trkpt lat="34.462905" lon="126.867800">
			<ele>0.00</ele>
			<time>2020-01-20T03:11:52.53Z</time>
		</trkpt>
		<trkpt lat="34.462733" lon="126.867584">
			<ele>0.00</ele>
			<time>2020-01-20T03:11:54.19Z</time>
		</trkpt>
		<trkpt lat="34.462532" lon="126.867321">
			<ele>0.00</ele>
			<time>2020-01-20T03:11:56.16Z</time>
		</trkpt>
		<trkpt lat="34.462399" lon="126.867147">
			<ele>0.00</ele>
			<time>2020-01-20T03:11:57.46Z</time>
		</trkpt>
		<trkpt lat="34.462294" lon="126.866974">
			<ele>0.00</ele>
			<time>2020-01-20T03:11:58.64Z</time>
		</trkpt>
		<trkpt lat="34.462197" lon="126.866812">
			<ele>0.00</ele>
			<time>2020-01-20T03:11:59.74Z</time>
		</trkpt>
		<trkpt lat="34.462075" lon="126.866576">
			<ele>0.00</ele>
			<time>2020-01-20T03:12:01.27Z</time>
		</trkpt>
		<trkpt lat="34.461981" lon="126.866360">
			<ele>0.00</ele>
			<time>2020-01-20T03:12:02.62Z</time>
		</trkpt>
		<trkpt lat="34.461799" lon="126.865970">
			<ele>0.00</ele>
			<time>2020-01-20T03:12:05.08Z</time>
		</trkpt>
		<trkpt lat="34.461653" lon="126.865647">
			<ele>0.00</ele>
			<time>2020-01-20T03:12:07.10Z</time>
		</trkpt>
		<trkpt lat="34.461542" lon="126.865388">
			<ele>0.00</ele>
			<time>2020-01-20T03:12:08.71Z</time>
		</trkpt>
		<trkpt lat="34.461337" lon="126.864915">
			<ele>0.00</ele>
			<time>2020-01-20T03:12:11.64Z</time>
		</trkpt>
		<trkpt lat="34.461160" lon="126.864507">
			<ele>0.00</ele>
			<time>2020-01-20T03:12:14.18Z</time>
		</trkpt>
		<trkpt lat="34.461033" lon="126.864221">
			<ele>0.00</ele>
			<time>2020-01-20T03:12:15.97Z</time>
		</trkpt>
		<trkpt lat="34.460888" lon="126.863875">
			<ele>0.00</ele>
			<time>2020-01-20T03:12:18.10Z</time>
		</trkpt>
		<trkpt lat="34.460785" lon="126.863638">
			<ele>0.00</ele>
			<time>2020-01-20T03:12:19.57Z</time>
		</trkpt>
		<trkpt lat="34.460628" lon="126.863273">
			<ele>0.00</ele>
			<time>2020-01-20T03:12:21.84Z</time>
		</trkpt>
		<trkpt lat="34.460455" lon="126.862875">
			<ele>0.00</ele>
			<time>2020-01-20T03:12:24.31Z</time>
		</trkpt>
		<trkpt lat="34.460343" lon="126.862620">
			<ele>0.00</ele>
			<time>2020-01-20T03:12:25.90Z</time>
		</trkpt>
		<trkpt lat="34.460269" lon="126.862442">
			<ele>0.00</ele>
			<time>2020-01-20T03:12:26.99Z</time>
		</trkpt>
		<trkpt lat="34.460202" lon="126.862243">
			<ele>0.00</ele>
			<time>2020-01-20T03:12:28.17Z</time>
		</trkpt>
		<trkpt lat="34.460178" lon="126.862143">
			<ele>0.00</ele>
			<time>2020-01-20T03:12:28.75Z</time>
		</trkpt>
		<trkpt lat="34.460169" lon="126.862021">
			<ele>0.00</ele>
			<time>2020-01-20T03:12:29.42Z</time>
		</trkpt>
		<trkpt lat="34.460167" lon="126.861953">
			<ele>0.00</ele>
			<time>2020-01-20T03:12:29.79Z</time>
		</trkpt>
		<trkpt lat="34.460171" lon="126.861852">
			<ele>0.00</ele>
			<time>2020-01-20T03:12:30.35Z</time>
		</trkpt>
		<trkpt lat="34.460176" lon="126.861772">
			<ele>0.00</ele>
			<time>2020-01-20T03:12:30.79Z</time>
		</trkpt>
		<trkpt lat="34.460201" lon="126.861603">
			<ele>0.00</ele>
			<time>2020-01-20T03:12:31.73Z</time>
		</trkpt>
		<trkpt lat="34.460223" lon="126.861493">
			<ele>0.00</ele>
			<time>2020-01-20T03:12:32.35Z</time>
		</trkpt>
		<trkpt lat="34.460282" lon="126.861220">
			<ele>0.00</ele>
			<time>2020-01-20T03:12:33.91Z</time>
		</trkpt>
		<trkpt lat="34.460312" lon="126.861024">
			<ele>0.00</ele>
			<time>2020-01-20T03:12:35Z</time>
		</trkpt>
		<trkpt lat="34.460313" lon="126.860919">
			<ele>0.00</ele>
			<time>2020-01-20T03:12:35.58Z</time>
		</trkpt>
		<trkpt lat="34.460311" lon="126.860766">
			<ele>0.00</ele>
			<time>2020-01-20T03:12:36.42Z</time>
		</trkpt>
		<trkpt lat="34.460302" lon="126.860647">
			<ele>0.00</ele>
			<time>2020-01-20T03:12:37.08Z</time>
		</trkpt>
		<trkpt lat="34.460276" lon="126.860469">
			<ele>0.00</ele>
			<time>2020-01-20T03:12:38.07Z</time>
		</trkpt>
		<trkpt lat="34.460223" lon="126.860293">
			<ele>0.00</ele>
			<time>2020-01-20T03:12:39.10Z</time>
		</trkpt>
		<trkpt lat="34.460166" lon="126.860136">
			<ele>0.00</ele>
			<time>2020-01-20T03:12:40.05Z</time>
		</trkpt>
		<trkpt lat="34.459967" lon="126.859693">
			<ele>0.00</ele>
			<time>2020-01-20T03:12:42.82Z</time>
		</trkpt>
		<trkpt lat="34.459975" lon="126.859761">
			<ele>0.00</ele>
			<time>2020-01-20T03:12:43.20Z</time>
		</trkpt>
		<trkpt lat="34.459891" lon="126.859932">
			<ele>0.00</ele>
			<time>2020-01-20T03:12:44.29Z</time>
		</trkpt>
		<trkpt lat="34.459835" lon="126.860060">
			<ele>0.00</ele>
			<time>2020-01-20T03:12:45.09Z</time>
		</trkpt>
		<trkpt lat="34.459780" lon="126.860191">
			<ele>0.00</ele>
			<time>2020-01-20T03:12:45.90Z</time>
		</trkpt>
		<trkpt lat="34.459766" lon="126.860254">
			<ele>0.00</ele>
			<time>2020-01-20T03:12:46.25Z</time>
		</trkpt>
		<trkpt lat="34.459748" lon="126.860338">
			<ele>0.00</ele>
			<time>2020-01-20T03:12:46.73Z</time>
		</trkpt>
		<trkpt lat="34.459738" lon="126.860410">
			<ele>0.00</ele>
			<time>2020-01-20T03:12:47.13Z</time>
		</trkpt>
		<trkpt lat="34.459717" lon="126.860453">
			<ele>0.00</ele>
			<time>2020-01-20T03:12:47.41Z</time>
		</trkpt>
		<trkpt lat="34.459671" lon="126.860533">
			<ele>0.00</ele>
			<time>2020-01-20T03:12:47.94Z</time>
		</trkpt>
		<trkpt lat="34.459635" lon="126.860605">
			<ele>0.00</ele>
			<time>2020-01-20T03:12:48.41Z</time>
		</trkpt>
		<trkpt lat="34.459595" lon="126.860699">
			<ele>0.00</ele>
			<time>2020-01-20T03:12:48.99Z</time>
		</trkpt>
		<trkpt lat="34.459560" lon="126.860762">
			<ele>0.00</ele>
			<time>2020-01-20T03:12:49.40Z</time>
		</trkpt>
		<trkpt lat="34.459488" lon="126.860846">
			<ele>0.00</ele>
			<time>2020-01-20T03:12:50.07Z</time>
		</trkpt>
		<trkpt lat="34.459415" lon="126.860907">
			<ele>0.00</ele>
			<time>2020-01-20T03:12:50.66Z</time>
		</trkpt>
		<trkpt lat="34.459330" lon="126.860963">
			<ele>0.00</ele>
			<time>2020-01-20T03:12:51.31Z</time>
		</trkpt>
		<trkpt lat="34.459250" lon="126.860994">
			<ele>0.00</ele>
			<time>2020-01-20T03:12:51.87Z</time>
		</trkpt>
		<trkpt lat="34.459177" lon="126.861029">
			<ele>0.00</ele>
			<time>2020-01-20T03:12:52.39Z</time>
		</trkpt>
		<trkpt lat="34.459111" lon="126.861065">
			<ele>0.00</ele>
			<time>2020-01-20T03:12:52.87Z</time>
		</trkpt>
		<trkpt lat="34.459021" lon="126.861128">
			<ele>0.00</ele>
			<time>2020-01-20T03:12:53.57Z</time>
		</trkpt>
		<trkpt lat="34.458970" lon="126.861180">
			<ele>0.00</ele>
			<time>2020-01-20T03:12:54.01Z</time>
		</trkpt>
		<trkpt lat="34.458935" lon="126.861228">
			<ele>0.00</ele>
			<time>2020-01-20T03:12:54.36Z</time>
		</trkpt>
		<trkpt lat="34.458905" lon="126.861286">
			<ele>0.00</ele>
			<time>2020-01-20T03:12:54.74Z</time>
		</trkpt>
		<trkpt lat="34.458895" lon="126.861344">
			<ele>0.00</ele>
			<time>2020-01-20T03:12:55.06Z</time>
		</trkpt>
		<trkpt lat="34.458911" lon="126.861409">
			<ele>0.00</ele>
			<time>2020-01-20T03:12:55.44Z</time>
		</trkpt>
		<trkpt lat="34.458930" lon="126.861467">
			<ele>0.00</ele>
			<time>2020-01-20T03:12:55.78Z</time>
		</trkpt>
		<trkpt lat="34.458931" lon="126.861505">
			<ele>0.00</ele>
			<time>2020-01-20T03:12:55.99Z</time>
		</trkpt>
		<trkpt lat="34.458909" lon="126.861564">
			<ele>0.00</ele>
			<time>2020-01-20T03:12:56.34Z</time>
		</trkpt>
		<trkpt lat="34.458874" lon="126.861630">
			<ele>0.00</ele>
			<time>2020-01-20T03:12:56.77Z</time>
		</trkpt>
		<trkpt lat="34.458831" lon="126.861661">
			<ele>0.00</ele>
			<time>2020-01-20T03:12:57.11Z</time>
		</trkpt>
		<trkpt lat="34.458788" lon="126.861679">
			<ele>0.00</ele>
			<time>2020-01-20T03:12:57.41Z</time>
		</trkpt>
		<trkpt lat="34.458746" lon="126.861699">
			<ele>0.00</ele>
			<time>2020-01-20T03:12:57.71Z</time>
		</trkpt>
		<trkpt lat="34.458708" lon="126.861725">
			<ele>0.00</ele>
			<time>2020-01-20T03:12:58Z</time>
		</trkpt>
		<trkpt lat="34.458678" lon="126.861756">
			<ele>0.00</ele>
			<time>2020-01-20T03:12:58.26Z</time>
		</trkpt>
		<trkpt lat="34.458641" lon="126.861797">
			<ele>0.00</ele>
			<time>2020-01-20T03:12:58.60Z</time>
		</trkpt>
		<trkpt lat="34.458606" lon="126.861828">
			<ele>0.00</ele>
			<time>2020-01-20T03:12:58.89Z</time>
		</trkpt>
		<trkpt lat="34.458567" lon="126.861864">
			<ele>0.00</ele>
			<time>2020-01-20T03:12:59.21Z</time>
		</trkpt>
		<trkpt lat="34.458528" lon="126.861886">
			<ele>0.00</ele>
			<time>2020-01-20T03:12:59.50Z</time>
		</trkpt>
		<trkpt lat="34.458482" lon="126.861906">
			<ele>0.00</ele>
			<time>2020-01-20T03:12:59.83Z</time>
		</trkpt>
		<trkpt lat="34.458445" lon="126.861932">
			<ele>0.00</ele>
			<time>2020-01-20T03:13:00.11Z</time>
		</trkpt>
		<trkpt lat="34.458404" lon="126.861983">
			<ele>0.00</ele>
			<time>2020-01-20T03:13:00.50Z</time>
		</trkpt>
		<trkpt lat="34.458366" lon="126.862043">
			<ele>0.00</ele>
			<time>2020-01-20T03:13:00.92Z</time>
		</trkpt>
		<trkpt lat="34.458337" lon="126.862103">
			<ele>0.00</ele>
			<time>2020-01-20T03:13:01.30Z</time>
		</trkpt>
		<trkpt lat="34.458305" lon="126.862161">
			<ele>0.00</ele>
			<time>2020-01-20T03:13:01.69Z</time>
		</trkpt>
		<trkpt lat="34.458278" lon="126.862207">
			<ele>0.00</ele>
			<time>2020-01-20T03:13:02Z</time>
		</trkpt>
		<trkpt lat="34.458235" lon="126.862265">
			<ele>0.00</ele>
			<time>2020-01-20T03:13:02.42Z</time>
		</trkpt>
		<trkpt lat="34.458196" lon="126.862324">
			<ele>0.00</ele>
			<time>2020-01-20T03:13:02.84Z</time>
		</trkpt>
		<trkpt lat="34.458138" lon="126.862420">
			<ele>0.00</ele>
			<time>2020-01-20T03:13:03.49Z</time>
		</trkpt>
		<trkpt lat="34.458117" lon="126.862474">
			<ele>0.00</ele>
			<time>2020-01-20T03:13:03.82Z</time>
		</trkpt>
		<trkpt lat="34.458090" lon="126.862577">
			<ele>0.00</ele>
			<time>2020-01-20T03:13:04.42Z</time>
		</trkpt>
		<trkpt lat="34.458073" lon="126.862661">
			<ele>0.00</ele>
			<time>2020-01-20T03:13:04.89Z</time>
		</trkpt>
		<trkpt lat="34.458058" lon="126.862769">
			<ele>0.00</ele>
			<time>2020-01-20T03:13:05.49Z</time>
		</trkpt>
		<trkpt lat="34.458049" lon="126.862894">
			<ele>0.00</ele>
			<time>2020-01-20T03:13:06.18Z</time>
		</trkpt>
		<trkpt lat="34.458036" lon="126.863008">
			<ele>0.00</ele>
			<time>2020-01-20T03:13:06.82Z</time>
		</trkpt>
		<trkpt lat="34.458024" lon="126.863078">
			<ele>0.00</ele>
			<time>2020-01-20T03:13:07.21Z</time>
		</trkpt>
		<trkpt lat="34.457999" lon="126.863153">
			<ele>0.00</ele>
			<time>2020-01-20T03:13:07.66Z</time>
		</trkpt>
		<trkpt lat="34.457941" lon="126.863320">
			<ele>0.00</ele>
			<time>2020-01-20T03:13:08.65Z</time>
		</trkpt>
		<trkpt lat="34.457887" lon="126.863457">
			<ele>0.00</ele>
			<time>2020-01-20T03:13:09.49Z</time>
		</trkpt>
		<trkpt lat="34.457840" lon="126.863599">
			<ele>0.00</ele>
			<time>2020-01-20T03:13:10.33Z</time>
		</trkpt>
		<trkpt lat="34.457783" lon="126.863726">
			<ele>0.00</ele>
			<time>2020-01-20T03:13:11.12Z</time>
		</trkpt>
		<trkpt lat="34.457745" lon="126.863802">
			<ele>0.00</ele>
			<time>2020-01-20T03:13:11.61Z</time>
		</trkpt>
		<trkpt lat="34.457700" lon="126.863876">
			<ele>0.00</ele>
			<time>2020-01-20T03:13:12.11Z</time>
		</trkpt>
		<trkpt lat="34.457633" lon="126.863940">
			<ele>0.00</ele>
			<time>2020-01-20T03:13:12.68Z</time>
		</trkpt>
		<trkpt lat="34.457561" lon="126.863967">
			<ele>0.00</ele>
			<time>2020-01-20T03:13:13.19Z</time>
		</trkpt>
		<trkpt lat="34.457442" lon="126.864002">
			<ele>0.00</ele>
			<time>2020-01-20T03:13:14Z</time>
		</trkpt>
		<trkpt lat="34.457344" lon="126.864026">
			<ele>0.00</ele>
			<time>2020-01-20T03:13:14.67Z</time>
		</trkpt>
		<trkpt lat="34.457278" lon="126.864054">
			<ele>0.00</ele>
			<time>2020-01-20T03:13:15.13Z</time>
		</trkpt>
		<trkpt lat="34.457203" lon="126.864098">
			<ele>0.00</ele>
			<time>2020-01-20T03:13:15.69Z</time>
		</trkpt>
		<trkpt lat="34.457129" lon="126.864153">
			<ele>0.00</ele>
			<time>2020-01-20T03:13:16.27Z</time>
		</trkpt>
		<trkpt lat="34.457080" lon="126.864189">
			<ele>0.00</ele>
			<time>2020-01-20T03:13:16.65Z</time>
		</trkpt>
		<trkpt lat="34.457025" lon="126.864226">
			<ele>0.00</ele>
			<time>2020-01-20T03:13:17.07Z</time>
		</trkpt>
		<trkpt lat="34.456978" lon="126.864265">
			<ele>0.00</ele>
			<time>2020-01-20T03:13:17.45Z</time>
		</trkpt>
		<trkpt lat="34.456938" lon="126.864307">
			<ele>0.00</ele>
			<time>2020-01-20T03:13:17.80Z</time>
		</trkpt>
		<trkpt lat="34.456910" lon="126.864362">
			<ele>0.00</ele>
			<time>2020-01-20T03:13:18.16Z</time>
		</trkpt>
		<trkpt lat="34.456888" lon="126.864410">
			<ele>0.00</ele>
			<time>2020-01-20T03:13:18.46Z</time>
		</trkpt>
		<trkpt lat="34.456861" lon="126.864466">
			<ele>0.00</ele>
			<time>2020-01-20T03:13:18.82Z</time>
		</trkpt>
		<trkpt lat="34.456823" lon="126.864484">
			<ele>0.00</ele>
			<time>2020-01-20T03:13:19.09Z</time>
		</trkpt>
		<trkpt lat="34.456768" lon="126.864492">
			<ele>0.00</ele>
			<time>2020-01-20T03:13:19.46Z</time>
		</trkpt>
		<trkpt lat="34.456733" lon="126.864479">
			<ele>0.00</ele>
			<time>2020-01-20T03:13:19.70Z</time>
		</trkpt>
		<trkpt lat="34.456708" lon="126.864427">
			<ele>0.00</ele>
			<time>2020-01-20T03:13:20.03Z</time>
		</trkpt>
		<trkpt lat="34.456684" lon="126.864321">
			<ele>0.00</ele>
			<time>2020-01-20T03:13:20.63Z</time>
		</trkpt>
		<trkpt lat="34.456661" lon="126.864208">
			<ele>0.00</ele>
			<time>2020-01-20T03:13:21.27Z</time>
		</trkpt>
		<trkpt lat="34.456624" lon="126.864062">
			<ele>0.00</ele>
			<time>2020-01-20T03:13:22.11Z</time>
		</trkpt>
		<trkpt lat="34.456588" lon="126.863984">
			<ele>0.00</ele>
			<time>2020-01-20T03:13:22.61Z</time>
		</trkpt>
		<trkpt lat="34.456555" lon="126.863955">
			<ele>0.00</ele>
			<time>2020-01-20T03:13:22.88Z</time>
		</trkpt>
		<trkpt lat="34.456475" lon="126.863957">
			<ele>0.00</ele>
			<time>2020-01-20T03:13:23.41Z</time>
		</trkpt>
		<trkpt lat="34.456354" lon="126.863937">
			<ele>0.00</ele>
			<time>2020-01-20T03:13:24.23Z</time>
		</trkpt>
		<trkpt lat="34.456203" lon="126.863904">
			<ele>0.00</ele>
			<time>2020-01-20T03:13:25.25Z</time>
		</trkpt>
		<trkpt lat="34.456076" lon="126.863875">
			<ele>0.00</ele>
			<time>2020-01-20T03:13:26.11Z</time>
		</trkpt>
		<trkpt lat="34.455982" lon="126.863851">
			<ele>0.00</ele>
			<time>2020-01-20T03:13:26.75Z</time>
		</trkpt>
		<trkpt lat="34.455904" lon="126.863825">
			<ele>0.00</ele>
			<time>2020-01-20T03:13:27.29Z</time>
		</trkpt>
		<trkpt lat="34.455844" lon="126.863809">
			<ele>0.00</ele>
			<time>2020-01-20T03:13:27.70Z</time>
		</trkpt>
		<trkpt lat="34.455798" lon="126.863825">
			<ele>0.00</ele>
			<time>2020-01-20T03:13:28.01Z</time>
		</trkpt>
		<trkpt lat="34.455781" lon="126.863888">
			<ele>0.00</ele>
			<time>2020-01-20T03:13:28.38Z</time>
		</trkpt>
		<trkpt lat="34.455750" lon="126.863989">
			<ele>0.00</ele>
			<time>2020-01-20T03:13:28.97Z</time>
		</trkpt>
		<trkpt lat="34.455708" lon="126.864091">
			<ele>0.00</ele>
			<time>2020-01-20T03:13:29.60Z</time>
		</trkpt>
		<trkpt lat="34.455642" lon="126.864236">
			<ele>0.00</ele>
			<time>2020-01-20T03:13:30.51Z</time>
		</trkpt>
		<trkpt lat="34.455556" lon="126.864431">
			<ele>0.00</ele>
			<time>2020-01-20T03:13:31.73Z</time>
		</trkpt>
		<trkpt lat="34.455470" lon="126.864599">
			<ele>0.00</ele>
			<time>2020-01-20T03:13:32.82Z</time>
		</trkpt>
		<trkpt lat="34.455410" lon="126.864733">
			<ele>0.00</ele>
			<time>2020-01-20T03:13:33.65Z</time>
		</trkpt>
		<trkpt lat="34.455329" lon="126.864904">
			<ele>0.00</ele>
			<time>2020-01-20T03:13:34.74Z</time>
		</trkpt>
		<trkpt lat="34.455271" lon="126.865022">
			<ele>0.00</ele>
			<time>2020-01-20T03:13:35.49Z</time>
		</trkpt>
		<trkpt lat="34.455227" lon="126.865114">
			<ele>0.00</ele>
			<time>2020-01-20T03:13:36.07Z</time>
		</trkpt>
		<trkpt lat="34.455133" lon="126.865240">
			<ele>0.00</ele>
			<time>2020-01-20T03:13:37.01Z</time>
		</trkpt>
		<trkpt lat="34.455046" lon="126.865316">
			<ele>0.00</ele>
			<time>2020-01-20T03:13:37.72Z</time>
		</trkpt>
		<trkpt lat="34.454966" lon="126.865359">
			<ele>0.00</ele>
			<time>2020-01-20T03:13:38.31Z</time>
		</trkpt>
		<trkpt lat="34.454860" lon="126.865404">
			<ele>0.00</ele>
			<time>2020-01-20T03:13:39.06Z</time>
		</trkpt>
		<trkpt lat="34.454744" lon="126.865454">
			<ele>0.00</ele>
			<time>2020-01-20T03:13:39.88Z</time>
		</trkpt>
		<trkpt lat="34.454661" lon="126.865493">
			<ele>0.00</ele>
			<time>2020-01-20T03:13:40.47Z</time>
		</trkpt>
		<trkpt lat="34.454504" lon="126.865567">
			<ele>0.00</ele>
			<time>2020-01-20T03:13:41.59Z</time>
		</trkpt>
		<trkpt lat="34.454383" lon="126.865623">
			<ele>0.00</ele>
			<time>2020-01-20T03:13:42.46Z</time>
		</trkpt>
		<trkpt lat="34.454208" lon="126.865684">
			<ele>0.00</ele>
			<time>2020-01-20T03:13:43.67Z</time>
		</trkpt>
		<trkpt lat="34.454053" lon="126.865746">
			<ele>0.00</ele>
			<time>2020-01-20T03:13:44.76Z</time>
		</trkpt>
		<trkpt lat="34.453949" lon="126.865788">
			<ele>0.00</ele>
			<time>2020-01-20T03:13:45.49Z</time>
		</trkpt>
		<trkpt lat="34.453916" lon="126.865804">
			<ele>0.00</ele>
			<time>2020-01-20T03:13:45.73Z</time>
		</trkpt>
		<trkpt lat="34.453900" lon="126.865779">
			<ele>0.00</ele>
			<time>2020-01-20T03:13:45.90Z</time>
		</trkpt>
		<trkpt lat="34.453855" lon="126.865743">
			<ele>0.00</ele>
			<time>2020-01-20T03:13:46.26Z</time>
		</trkpt>
		<trkpt lat="34.453796" lon="126.865736">
			<ele>0.00</ele>
			<time>2020-01-20T03:13:46.66Z</time>
		</trkpt>
		<trkpt lat="34.453743" lon="126.865738">
			<ele>0.00</ele>
			<time>2020-01-20T03:13:47.01Z</time>
		</trkpt>
		<trkpt lat="34.453682" lon="126.865746">
			<ele>0.00</ele>
			<time>2020-01-20T03:13:47.42Z</time>
		</trkpt>
		<trkpt lat="34.453621" lon="126.865740">
			<ele>0.00</ele>
			<time>2020-01-20T03:13:47.83Z</time>
		</trkpt>
		<trkpt lat="34.453557" lon="126.865727">
			<ele>0.00</ele>
			<time>2020-01-20T03:13:48.26Z</time>
		</trkpt>
		<trkpt lat="34.453520" lon="126.865714">
			<ele>0.00</ele>
			<time>2020-01-20T03:13:48.52Z</time>
		</trkpt>
		<trkpt lat="34.453464" lon="126.865666">
			<ele>0.00</ele>
			<time>2020-01-20T03:13:48.97Z</time>
		</trkpt>
		<trkpt lat="34.453390" lon="126.865572">
			<ele>0.00</ele>
			<time>2020-01-20T03:13:49.69Z</time>
		</trkpt>
		<trkpt lat="34.453314" lon="126.865489">
			<ele>0.00</ele>
			<time>2020-01-20T03:13:50.37Z</time>
		</trkpt>
		<trkpt lat="34.453269" lon="126.865456">
			<ele>0.00</ele>
			<time>2020-01-20T03:13:50.72Z</time>
		</trkpt>
		<trkpt lat="34.453213" lon="126.865435">
			<ele>0.00</ele>
			<time>2020-01-20T03:13:51.11Z</time>
		</trkpt>
		<trkpt lat="34.453183" lon="126.865435">
			<ele>0.00</ele>
			<time>2020-01-20T03:13:51.31Z</time>
		</trkpt>
		<trkpt lat="34.453110" lon="126.865451">
			<ele>0.00</ele>
			<time>2020-01-20T03:13:51.80Z</time>
		</trkpt>
		<trkpt lat="34.453111" lon="126.865452">
			<ele>0.00</ele>
			<time>2020-01-20T03:13:51.86Z</time>
		</trkpt>
		<trkpt lat="34.453086" lon="126.865384">
			<ele>0.00</ele>
			<time>2020-01-20T03:13:52.27Z</time>
		</trkpt>
		<trkpt lat="34.453048" lon="126.865259">
			<ele>0.00</ele>
			<time>2020-01-20T03:13:53Z</time>
		</trkpt>
		<trkpt lat="34.452994" lon="126.865094">
			<ele>0.00</ele>
			<time>2020-01-20T03:13:53.98Z</time>
		</trkpt>
		<trkpt lat="34.452953" lon="126.864982">
			<ele>0.00</ele>
			<time>2020-01-20T03:13:54.65Z</time>
		</trkpt>
		<trkpt lat="34.452937" lon="126.864885">
			<ele>0.00</ele>
			<time>2020-01-20T03:13:55.20Z</time>
		</trkpt>
		<trkpt lat="34.452919" lon="126.864751">
			<ele>0.00</ele>
			<time>2020-01-20T03:13:55.95Z</time>
		</trkpt>
		<trkpt lat="34.452875" lon="126.864571">
			<ele>0.00</ele>
			<time>2020-01-20T03:13:56.97Z</time>
		</trkpt>
		<trkpt lat="34.452842" lon="126.864468">
			<ele>0.00</ele>
			<time>2020-01-20T03:13:57.58Z</time>
		</trkpt>
		<trkpt lat="34.452819" lon="126.864420">
			<ele>0.00</ele>
			<time>2020-01-20T03:13:57.89Z</time>
		</trkpt>
		<trkpt lat="34.452770" lon="126.864352">
			<ele>0.00</ele>
			<time>2020-01-20T03:13:58.39Z</time>
		</trkpt>
		<trkpt lat="34.452732" lon="126.864310">
			<ele>0.00</ele>
			<time>2020-01-20T03:13:58.72Z</time>
		</trkpt>
		<trkpt lat="34.452655" lon="126.864302">
			<ele>0.00</ele>
			<time>2020-01-20T03:13:59.24Z</time>
		</trkpt>
		<trkpt lat="34.452589" lon="126.864314">
			<ele>0.00</ele>
			<time>2020-01-20T03:13:59.69Z</time>
		</trkpt>
		<trkpt lat="34.452475" lon="126.864356">
			<ele>0.00</ele>
			<time>2020-01-20T03:14:00.48Z</time>
		</trkpt>
		<trkpt lat="34.452323" lon="126.864403">
			<ele>0.00</ele>
			<time>2020-01-20T03:14:01.52Z</time>
		</trkpt>
		<trkpt lat="34.452188" lon="126.864449">
			<ele>0.00</ele>
			<time>2020-01-20T03:14:02.46Z</time>
		</trkpt>
		<trkpt lat="34.452048" lon="126.864494">
			<ele>0.00</ele>
			<time>2020-01-20T03:14:03.42Z</time>
		</trkpt>
		<trkpt lat="34.451978" lon="126.864501">
			<ele>0.00</ele>
			<time>2020-01-20T03:14:03.89Z</time>
		</trkpt>
		<trkpt lat="34.451883" lon="126.864511">
			<ele>0.00</ele>
			<time>2020-01-20T03:14:04.53Z</time>
		</trkpt>
		<trkpt lat="34.451722" lon="126.864558">
			<ele>0.00</ele>
			<time>2020-01-20T03:14:05.63Z</time>
		</trkpt>
		<trkpt lat="34.451558" lon="126.864631">
			<ele>0.00</ele>
			<time>2020-01-20T03:14:06.80Z</time>
		</trkpt>
		<trkpt lat="34.451361" lon="126.864734">
			<ele>0.00</ele>
			<time>2020-01-20T03:14:08.23Z</time>
		</trkpt>
		<trkpt lat="34.451087" lon="126.864869">
			<ele>0.00</ele>
			<time>2020-01-20T03:14:10.20Z</time>
		</trkpt>
		<trkpt lat="34.450816" lon="126.865018">
			<ele>0.00</ele>
			<time>2020-01-20T03:14:12.18Z</time>
		</trkpt>
		<trkpt lat="34.450383" lon="126.865270">
			<ele>0.00</ele>
			<time>2020-01-20T03:14:15.39Z</time>
		</trkpt>
		<trkpt lat="34.450241" lon="126.865337">
			<ele>0.00</ele>
			<time>2020-01-20T03:14:16.41Z</time>
		</trkpt>
		<trkpt lat="34.450071" lon="126.865386">
			<ele>0.00</ele>
			<time>2020-01-20T03:14:17.57Z</time>
		</trkpt>
		<trkpt lat="34.449914" lon="126.865428">
			<ele>0.00</ele>
			<time>2020-01-20T03:14:18.64Z</time>
		</trkpt>
		<trkpt lat="34.449680" lon="126.865457">
			<ele>0.00</ele>
			<time>2020-01-20T03:14:20.20Z</time>
		</trkpt>
		<trkpt lat="34.449547" lon="126.865455">
			<ele>0.00</ele>
			<time>2020-01-20T03:14:21.09Z</time>
		</trkpt>
		<trkpt lat="34.449356" lon="126.865471">
			<ele>0.00</ele>
			<time>2020-01-20T03:14:22.37Z</time>
		</trkpt>
		<trkpt lat="34.449262" lon="126.865515">
			<ele>0.00</ele>
			<time>2020-01-20T03:14:23.04Z</time>
		</trkpt>
		<trkpt lat="34.449084" lon="126.865601">
			<ele>0.00</ele>
			<time>2020-01-20T03:14:24.32Z</time>
		</trkpt>
		<trkpt lat="34.448987" lon="126.865668">
			<ele>0.00</ele>
			<time>2020-01-20T03:14:25.06Z</time>
		</trkpt>
		<trkpt lat="34.448843" lon="126.865715">
			<ele>0.00</ele>
			<time>2020-01-20T03:14:26.06Z</time>
		</trkpt>
		<trkpt lat="34.448712" lon="126.865732">
			<ele>0.00</ele>
			<time>2020-01-20T03:14:26.93Z</time>
		</trkpt>
		<trkpt lat="34.448520" lon="126.865750">
			<ele>0.00</ele>
			<time>2020-01-20T03:14:28.22Z</time>
		</trkpt>
		<trkpt lat="34.448315" lon="126.865781">
			<ele>0.00</ele>
			<time>2020-01-20T03:14:29.60Z</time>
		</trkpt>
		<trkpt lat="34.448127" lon="126.865814">
			<ele>0.00</ele>
			<time>2020-01-20T03:14:30.86Z</time>
		</trkpt>
		<trkpt lat="34.448060" lon="126.865833">
			<ele>0.00</ele>
			<time>2020-01-20T03:14:31.32Z</time>
		</trkpt>
		<trkpt lat="34.448018" lon="126.865843">
			<ele>0.00</ele>
			<time>2020-01-20T03:14:31.61Z</time>
		</trkpt>
		<trkpt lat="34.448015" lon="126.865843">
			<ele>0.00</ele>
			<time>2020-01-20T03:14:31.67Z</time>
		</trkpt>
		<trkpt lat="34.447983" lon="126.865765">
			<ele>0.00</ele>
			<time>2020-01-20T03:14:32.15Z</time>
		</trkpt>
		<trkpt lat="34.447940" lon="126.865690">
			<ele>0.00</ele>
			<time>2020-01-20T03:14:32.65Z</time>
		</trkpt>
		<trkpt lat="34.447890" lon="126.865657">
			<ele>0.00</ele>
			<time>2020-01-20T03:14:33.03Z</time>
		</trkpt>
		<trkpt lat="34.447826" lon="126.865633">
			<ele>0.00</ele>
			<time>2020-01-20T03:14:33.48Z</time>
		</trkpt>
		<trkpt lat="34.447719" lon="126.865614">
			<ele>0.00</ele>
			<time>2020-01-20T03:14:34.20Z</time>
		</trkpt>
		<trkpt lat="34.447611" lon="126.865596">
			<ele>0.00</ele>
			<time>2020-01-20T03:14:34.93Z</time>
		</trkpt>
		<trkpt lat="34.447466" lon="126.865593">
			<ele>0.00</ele>
			<time>2020-01-20T03:14:35.89Z</time>
		</trkpt>
		<trkpt lat="34.447284" lon="126.865603">
			<ele>0.00</ele>
			<time>2020-01-20T03:14:37.11Z</time>
		</trkpt>
		<trkpt lat="34.447202" lon="126.865616">
			<ele>0.00</ele>
			<time>2020-01-20T03:14:37.66Z</time>
		</trkpt>
		<trkpt lat="34.447116" lon="126.865623">
			<ele>0.00</ele>
			<time>2020-01-20T03:14:38.24Z</time>
		</trkpt>
		<trkpt lat="34.447018" lon="126.865643">
			<ele>0.00</ele>
			<time>2020-01-20T03:14:38.90Z</time>
		</trkpt>
		<trkpt lat="34.446818" lon="126.865687">
			<ele>0.00</ele>
			<time>2020-01-20T03:14:40.25Z</time>
		</trkpt>
		<trkpt lat="34.446664" lon="126.865715">
			<ele>0.00</ele>
			<time>2020-01-20T03:14:41.29Z</time>
		</trkpt>
		<trkpt lat="34.446492" lon="126.865740">
			<ele>0.00</ele>
			<time>2020-01-20T03:14:42.44Z</time>
		</trkpt>
		<trkpt lat="34.446308" lon="126.865737">
			<ele>0.00</ele>
			<time>2020-01-20T03:14:43.67Z</time>
		</trkpt>
		<trkpt lat="34.446162" lon="126.865731">
			<ele>0.00</ele>
			<time>2020-01-20T03:14:44.65Z</time>
		</trkpt>
		<trkpt lat="34.445972" lon="126.865738">
			<ele>0.00</ele>
			<time>2020-01-20T03:14:45.91Z</time>
		</trkpt>
		<trkpt lat="34.445766" lon="126.865745">
			<ele>0.00</ele>
			<time>2020-01-20T03:14:47.29Z</time>
		</trkpt>
		<trkpt lat="34.445573" lon="126.865750">
			<ele>0.00</ele>
			<time>2020-01-20T03:14:48.57Z</time>
		</trkpt>
		<trkpt lat="34.445443" lon="126.865757">
			<ele>0.00</ele>
			<time>2020-01-20T03:14:49.44Z</time>
		</trkpt>
		<trkpt lat="34.445358" lon="126.865748">
			<ele>0.00</ele>
			<time>2020-01-20T03:14:50.01Z</time>
		</trkpt>
		<trkpt lat="34.445290" lon="126.865739">
			<ele>0.00</ele>
			<time>2020-01-20T03:14:50.46Z</time>
		</trkpt>
		<trkpt lat="34.445142" lon="126.865716">
			<ele>0.00</ele>
			<time>2020-01-20T03:14:51.46Z</time>
		</trkpt>
		<trkpt lat="34.444968" lon="126.865679">
			<ele>0.00</ele>
			<time>2020-01-20T03:14:52.64Z</time>
		</trkpt>
		<trkpt lat="34.444863" lon="126.865656">
			<ele>0.00</ele>
			<time>2020-01-20T03:14:53.35Z</time>
		</trkpt>
		<trkpt lat="34.444752" lon="126.865618">
			<ele>0.00</ele>
			<time>2020-01-20T03:14:54.12Z</time>
		</trkpt>
		<trkpt lat="34.444663" lon="126.865605">
			<ele>0.00</ele>
			<time>2020-01-20T03:14:54.72Z</time>
		</trkpt>
		<trkpt lat="34.444623" lon="126.865602">
			<ele>0.00</ele>
			<time>2020-01-20T03:14:54.99Z</time>
		</trkpt>
		<trkpt lat="34.444579" lon="126.865632">
			<ele>0.00</ele>
			<time>2020-01-20T03:14:55.32Z</time>
		</trkpt>
		<trkpt lat="34.444565" lon="126.865643">
			<ele>0.00</ele>
			<time>2020-01-20T03:14:55.43Z</time>
		</trkpt>
		<trkpt lat="34.444538" lon="126.865609">
			<ele>0.00</ele>
			<time>2020-01-20T03:14:55.69Z</time>
		</trkpt>
		<trkpt lat="34.444507" lon="126.865602">
			<ele>0.00</ele>
			<time>2020-01-20T03:14:55.90Z</time>
		</trkpt>
		<trkpt lat="34.444439" lon="126.865616">
			<ele>0.00</ele>
			<time>2020-01-20T03:14:56.37Z</time>
		</trkpt>
		<trkpt lat="34.444346" lon="126.865632">
			<ele>0.00</ele>
			<time>2020-01-20T03:14:56.99Z</time>
		</trkpt>
		<trkpt lat="34.444240" lon="126.865642">
			<ele>0.00</ele>
			<time>2020-01-20T03:14:57.70Z</time>
		</trkpt>
		<trkpt lat="34.444080" lon="126.865659">
			<ele>0.00</ele>
			<time>2020-01-20T03:14:58.77Z</time>
		</trkpt>
		<trkpt lat="34.443972" lon="126.865656">
			<ele>0.00</ele>
			<time>2020-01-20T03:14:59.49Z</time>
		</trkpt>
		<trkpt lat="34.443829" lon="126.865658">
			<ele>0.00</ele>
			<time>2020-01-20T03:15:00.44Z</time>
		</trkpt>
		<trkpt lat="34.443718" lon="126.865641">
			<ele>0.00</ele>
			<time>2020-01-20T03:15:01.19Z</time>
		</trkpt>
		<trkpt lat="34.443607" lon="126.865624">
			<ele>0.00</ele>
			<time>2020-01-20T03:15:01.93Z</time>
		</trkpt>
		<trkpt lat="34.443473" lon="126.865590">
			<ele>0.00</ele>
			<time>2020-01-20T03:15:02.85Z</time>
		</trkpt>
		<trkpt lat="34.443332" lon="126.865561">
			<ele>0.00</ele>
			<time>2020-01-20T03:15:03.80Z</time>
		</trkpt>
		<trkpt lat="34.443215" lon="126.865538">
			<ele>0.00</ele>
			<time>2020-01-20T03:15:04.59Z</time>
		</trkpt>
		<trkpt lat="34.443148" lon="126.865529">
			<ele>0.00</ele>
			<time>2020-01-20T03:15:05.04Z</time>
		</trkpt>
		<trkpt lat="34.443046" lon="126.865488">
			<ele>0.00</ele>
			<time>2020-01-20T03:15:05.76Z</time>
		</trkpt>
		<trkpt lat="34.442884" lon="126.865381">
			<ele>0.00</ele>
			<time>2020-01-20T03:15:06.99Z</time>
		</trkpt>
		<trkpt lat="34.442743" lon="126.865308">
			<ele>0.00</ele>
			<time>2020-01-20T03:15:08.01Z</time>
		</trkpt>
		<trkpt lat="34.442593" lon="126.865214">
			<ele>0.00</ele>
			<time>2020-01-20T03:15:09.14Z</time>
		</trkpt>
		<trkpt lat="34.442514" lon="126.865162">
			<ele>0.00</ele>
			<time>2020-01-20T03:15:09.73Z</time>
		</trkpt>
		<trkpt lat="34.442432" lon="126.865125">
			<ele>0.00</ele>
			<time>2020-01-20T03:15:10.32Z</time>
		</trkpt>
		<trkpt lat="34.442373" lon="126.865123">
			<ele>0.00</ele>
			<time>2020-01-20T03:15:10.71Z</time>
		</trkpt>
		<trkpt lat="34.442296" lon="126.865121">
			<ele>0.00</ele>
			<time>2020-01-20T03:15:11.22Z</time>
		</trkpt>
		<trkpt lat="34.442223" lon="126.865125">
			<ele>0.00</ele>
			<time>2020-01-20T03:15:11.72Z</time>
		</trkpt>
		<trkpt lat="34.442146" lon="126.865138">
			<ele>0.00</ele>
			<time>2020-01-20T03:15:12.23Z</time>
		</trkpt>
		<trkpt lat="34.442073" lon="126.865162">
			<ele>0.00</ele>
			<time>2020-01-20T03:15:12.73Z</time>
		</trkpt>
		<trkpt lat="34.441995" lon="126.865190">
			<ele>0.00</ele>
			<time>2020-01-20T03:15:13.28Z</time>
		</trkpt>
		<trkpt lat="34.441936" lon="126.865222">
			<ele>0.00</ele>
			<time>2020-01-20T03:15:13.71Z</time>
		</trkpt>
		<trkpt lat="34.441935" lon="126.865224">
			<ele>0.00</ele>
			<time>2020-01-20T03:15:13.77Z</time>
		</trkpt>
		<trkpt lat="34.441752" lon="126.865259">
			<ele>0.00</ele>
			<time>2020-01-20T03:15:15Z</time>
		</trkpt>
		<trkpt lat="34.441614" lon="126.865259">
			<ele>0.00</ele>
			<time>2020-01-20T03:15:15.92Z</time>
		</trkpt>
		<trkpt lat="34.441506" lon="126.865272">
			<ele>0.00</ele>
			<time>2020-01-20T03:15:16.64Z</time>
		</trkpt>
		<trkpt lat="34.441423" lon="126.865287">
			<ele>0.00</ele>
			<time>2020-01-20T03:15:17.21Z</time>
		</trkpt>
		<trkpt lat="34.441292" lon="126.865278">
			<ele>0.00</ele>
			<time>2020-01-20T03:15:18.08Z</time>
		</trkpt>
		<trkpt lat="34.441139" lon="126.865255">
			<ele>0.00</ele>
			<time>2020-01-20T03:15:19.11Z</time>
		</trkpt>
		<trkpt lat="34.440960" lon="126.865242">
			<ele>0.00</ele>
			<time>2020-01-20T03:15:20.30Z</time>
		</trkpt>
		<trkpt lat="34.440822" lon="126.865255">
			<ele>0.00</ele>
			<time>2020-01-20T03:15:21.22Z</time>
		</trkpt>
		<trkpt lat="34.440707" lon="126.865284">
			<ele>0.00</ele>
			<time>2020-01-20T03:15:22.01Z</time>
		</trkpt>
		<trkpt lat="34.440601" lon="126.865365">
			<ele>0.00</ele>
			<time>2020-01-20T03:15:22.84Z</time>
		</trkpt>
		<trkpt lat="34.440510" lon="126.865443">
			<ele>0.00</ele>
			<time>2020-01-20T03:15:23.58Z</time>
		</trkpt>
		<trkpt lat="34.440430" lon="126.865504">
			<ele>0.00</ele>
			<time>2020-01-20T03:15:24.22Z</time>
		</trkpt>
		<trkpt lat="34.440341" lon="126.865546">
			<ele>0.00</ele>
			<time>2020-01-20T03:15:24.85Z</time>
		</trkpt>
		<trkpt lat="34.440275" lon="126.865568">
			<ele>0.00</ele>
			<time>2020-01-20T03:15:25.31Z</time>
		</trkpt>
		<trkpt lat="34.440181" lon="126.865585">
			<ele>0.00</ele>
			<time>2020-01-20T03:15:25.94Z</time>
		</trkpt>
		<trkpt lat="34.440166" lon="126.865588">
			<ele>0.00</ele>
			<time>2020-01-20T03:15:26.05Z</time>
		</trkpt>
		<trkpt lat="34.440183" lon="126.865534">
			<ele>0.00</ele>
			<time>2020-01-20T03:15:26.36Z</time>
		</trkpt>
		<trkpt lat="34.440257" lon="126.865487">
			<ele>0.00</ele>
			<time>2020-01-20T03:15:26.92Z</time>
		</trkpt>
		<trkpt lat="34.440329" lon="126.865387">
			<ele>0.00</ele>
			<time>2020-01-20T03:15:27.66Z</time>
		</trkpt>
		<trkpt lat="34.440370" lon="126.865245">
			<ele>0.00</ele>
			<time>2020-01-20T03:15:28.49Z</time>
		</trkpt>
		<trkpt lat="34.440383" lon="126.865105">
			<ele>0.00</ele>
			<time>2020-01-20T03:15:29.26Z</time>
		</trkpt>
		<trkpt lat="34.440380" lon="126.865031">
			<ele>0.00</ele>
			<time>2020-01-20T03:15:29.67Z</time>
		</trkpt>
		<trkpt lat="34.440358" lon="126.864904">
			<ele>0.00</ele>
			<time>2020-01-20T03:15:30.38Z</time>
		</trkpt>
		<trkpt lat="34.440327" lon="126.864820">
			<ele>0.00</ele>
			<time>2020-01-20T03:15:30.89Z</time>
		</trkpt>
		<trkpt lat="34.440280" lon="126.864696">
			<ele>0.00</ele>
			<time>2020-01-20T03:15:31.64Z</time>
		</trkpt>
		<trkpt lat="34.440231" lon="126.864615">
			<ele>0.00</ele>
			<time>2020-01-20T03:15:32.19Z</time>
		</trkpt>
		<trkpt lat="34.440166" lon="126.864517">
			<ele>0.00</ele>
			<time>2020-01-20T03:15:32.88Z</time>
		</trkpt>
		<trkpt lat="34.440135" lon="126.864392">
			<ele>0.00</ele>
			<time>2020-01-20T03:15:33.60Z</time>
		</trkpt>
		<trkpt lat="34.440148" lon="126.864246">
			<ele>0.00</ele>
			<time>2020-01-20T03:15:34.41Z</time>
		</trkpt>
		<trkpt lat="34.440193" lon="126.864073">
			<ele>0.00</ele>
			<time>2020-01-20T03:15:35.40Z</time>
		</trkpt>
		<trkpt lat="34.440218" lon="126.863969">
			<ele>0.00</ele>
			<time>2020-01-20T03:15:36Z</time>
		</trkpt>
		<trkpt lat="34.440240" lon="126.863874">
			<ele>0.00</ele>
			<time>2020-01-20T03:15:36.54Z</time>
		</trkpt>
		<trkpt lat="34.440244" lon="126.863826">
			<ele>0.00</ele>
			<time>2020-01-20T03:15:36.81Z</time>
		</trkpt>
		<trkpt lat="34.440251" lon="126.863777">
			<ele>0.00</ele>
			<time>2020-01-20T03:15:37.08Z</time>
		</trkpt>
		<trkpt lat="34.440258" lon="126.863716">
			<ele>0.00</ele>
			<time>2020-01-20T03:15:37.42Z</time>
		</trkpt>
		<trkpt lat="34.440252" lon="126.863650">
			<ele>0.00</ele>
			<time>2020-01-20T03:15:37.78Z</time>
		</trkpt>
		<trkpt lat="34.440262" lon="126.863554">
			<ele>0.00</ele>
			<time>2020-01-20T03:15:38.31Z</time>
		</trkpt>
		<trkpt lat="34.440304" lon="126.863478">
			<ele>0.00</ele>
			<time>2020-01-20T03:15:38.82Z</time>
		</trkpt>
		<trkpt lat="34.440373" lon="126.863407">
			<ele>0.00</ele>
			<time>2020-01-20T03:15:39.42Z</time>
		</trkpt>
		<trkpt lat="34.440457" lon="126.863340">
			<ele>0.00</ele>
			<time>2020-01-20T03:15:40.09Z</time>
		</trkpt>
		<trkpt lat="34.440562" lon="126.863239">
			<ele>0.00</ele>
			<time>2020-01-20T03:15:40.98Z</time>
		</trkpt>
		<trkpt lat="34.440619" lon="126.863123">
			<ele>0.00</ele>
			<time>2020-01-20T03:15:41.73Z</time>
		</trkpt>
		<trkpt lat="34.440668" lon="126.863011">
			<ele>0.00</ele>
			<time>2020-01-20T03:15:42.42Z</time>
		</trkpt>
		<trkpt lat="34.440739" lon="126.862841">
			<ele>0.00</ele>
			<time>2020-01-20T03:15:43.47Z</time>
		</trkpt>
		<trkpt lat="34.440777" lon="126.862775">
			<ele>0.00</ele>
			<time>2020-01-20T03:15:43.91Z</time>
		</trkpt>
		<trkpt lat="34.440813" lon="126.862730">
			<ele>0.00</ele>
			<time>2020-01-20T03:15:44.26Z</time>
		</trkpt>
		<trkpt lat="34.440874" lon="126.862666">
			<ele>0.00</ele>
			<time>2020-01-20T03:15:44.80Z</time>
		</trkpt>
		<trkpt lat="34.440966" lon="126.862611">
			<ele>0.00</ele>
			<time>2020-01-20T03:15:45.48Z</time>
		</trkpt>
		<trkpt lat="34.441094" lon="126.862579">
			<ele>0.00</ele>
			<time>2020-01-20T03:15:46.35Z</time>
		</trkpt>
		<trkpt lat="34.441183" lon="126.862579">
			<ele>0.00</ele>
			<time>2020-01-20T03:15:46.95Z</time>
		</trkpt>
		<trkpt lat="34.441266" lon="126.862600">
			<ele>0.00</ele>
			<time>2020-01-20T03:15:47.51Z</time>
		</trkpt>
		<trkpt lat="34.441325" lon="126.862622">
			<ele>0.00</ele>
			<time>2020-01-20T03:15:47.92Z</time>
		</trkpt>
		<trkpt lat="34.441407" lon="126.862658">
			<ele>0.00</ele>
			<time>2020-01-20T03:15:48.50Z</time>
		</trkpt>
		<trkpt lat="34.441470" lon="126.862683">
			<ele>0.00</ele>
			<time>2020-01-20T03:15:48.94Z</time>
		</trkpt>
		<trkpt lat="34.441529" lon="126.862715">
			<ele>0.00</ele>
			<time>2020-01-20T03:15:49.38Z</time>
		</trkpt>
		<trkpt lat="34.441635" lon="126.862766">
			<ele>0.00</ele>
			<time>2020-01-20T03:15:50.14Z</time>
		</trkpt>
		<trkpt lat="34.441777" lon="126.862813">
			<ele>0.00</ele>
			<time>2020-01-20T03:15:51.12Z</time>
		</trkpt>
		<trkpt lat="34.441882" lon="126.862834">
			<ele>0.00</ele>
			<time>2020-01-20T03:15:51.83Z</time>
		</trkpt>
		<trkpt lat="34.442015" lon="126.862857">
			<ele>0.00</ele>
			<time>2020-01-20T03:15:52.72Z</time>
		</trkpt>
		<trkpt lat="34.442121" lon="126.862857">
			<ele>0.00</ele>
			<time>2020-01-20T03:15:53.42Z</time>
		</trkpt>
		<trkpt lat="34.442159" lon="126.862857">
			<ele>0.00</ele>
			<time>2020-01-20T03:15:53.68Z</time>
		</trkpt>
		<trkpt lat="34.442157" lon="126.862860">
			<ele>0.00</ele>
			<time>2020-01-20T03:15:53.74Z</time>
		</trkpt>
		<trkpt lat="34.442200" lon="126.862736">
			<ele>0.00</ele>
			<time>2020-01-20T03:15:54.48Z</time>
		</trkpt>
		<trkpt lat="34.442209" lon="126.862685">
			<ele>0.00</ele>
			<time>2020-01-20T03:15:54.77Z</time>
		</trkpt>
		<trkpt lat="34.442245" lon="126.862534">
			<ele>0.00</ele>
			<time>2020-01-20T03:15:55.63Z</time>
		</trkpt>
		<trkpt lat="34.442286" lon="126.862423">
			<ele>0.00</ele>
			<time>2020-01-20T03:15:56.30Z</time>
		</trkpt>
		<trkpt lat="34.442324" lon="126.862305">
			<ele>0.00</ele>
			<time>2020-01-20T03:15:57Z</time>
		</trkpt>
		<trkpt lat="34.442347" lon="126.862203">
			<ele>0.00</ele>
			<time>2020-01-20T03:15:57.58Z</time>
		</trkpt>
		<trkpt lat="34.442356" lon="126.862132">
			<ele>0.00</ele>
			<time>2020-01-20T03:15:57.98Z</time>
		</trkpt>
		<trkpt lat="34.442350" lon="126.862022">
			<ele>0.00</ele>
			<time>2020-01-20T03:15:58.58Z</time>
		</trkpt>
		<trkpt lat="34.442343" lon="126.861945">
			<ele>0.00</ele>
			<time>2020-01-20T03:15:59.01Z</time>
		</trkpt>
		<trkpt lat="34.442331" lon="126.861873">
			<ele>0.00</ele>
			<time>2020-01-20T03:15:59.41Z</time>
		</trkpt>
		<trkpt lat="34.442337" lon="126.861770">
			<ele>0.00</ele>
			<time>2020-01-20T03:15:59.98Z</time>
		</trkpt>
		<trkpt lat="34.442347" lon="126.861676">
			<ele>0.00</ele>
			<time>2020-01-20T03:16:00.49Z</time>
		</trkpt>
		<trkpt lat="34.442346" lon="126.861567">
			<ele>0.00</ele>
			<time>2020-01-20T03:16:01.10Z</time>
		</trkpt>
		<trkpt lat="34.442340" lon="126.861484">
			<ele>0.00</ele>
			<time>2020-01-20T03:16:01.55Z</time>
		</trkpt>
		<trkpt lat="34.442300" lon="126.861370">
			<ele>0.00</ele>
			<time>2020-01-20T03:16:02.23Z</time>
		</trkpt>
		<trkpt lat="34.442255" lon="126.861292">
			<ele>0.00</ele>
			<time>2020-01-20T03:16:02.76Z</time>
		</trkpt>
		<trkpt lat="34.442203" lon="126.861212">
			<ele>0.00</ele>
			<time>2020-01-20T03:16:03.32Z</time>
		</trkpt>
		<trkpt lat="34.442143" lon="126.861131">
			<ele>0.00</ele>
			<time>2020-01-20T03:16:03.92Z</time>
		</trkpt>
		<trkpt lat="34.442097" lon="126.861043">
			<ele>0.00</ele>
			<time>2020-01-20T03:16:04.49Z</time>
		</trkpt>
		<trkpt lat="34.442069" lon="126.860994">
			<ele>0.00</ele>
			<time>2020-01-20T03:16:04.82Z</time>
		</trkpt>
		<trkpt lat="34.442023" lon="126.860923">
			<ele>0.00</ele>
			<time>2020-01-20T03:16:05.31Z</time>
		</trkpt>
		<trkpt lat="34.441978" lon="126.860832">
			<ele>0.00</ele>
			<time>2020-01-20T03:16:05.90Z</time>
		</trkpt>
		<trkpt lat="34.441967" lon="126.860761">
			<ele>0.00</ele>
			<time>2020-01-20T03:16:06.29Z</time>
		</trkpt>
		<trkpt lat="34.441972" lon="126.860675">
			<ele>0.00</ele>
			<time>2020-01-20T03:16:06.77Z</time>
		</trkpt>
		<trkpt lat="34.441997" lon="126.860587">
			<ele>0.00</ele>
			<time>2020-01-20T03:16:07.28Z</time>
		</trkpt>
		<trkpt lat="34.442026" lon="126.860527">
			<ele>0.00</ele>
			<time>2020-01-20T03:16:07.66Z</time>
		</trkpt>
		<trkpt lat="34.442102" lon="126.860381">
			<ele>0.00</ele>
			<time>2020-01-20T03:16:08.61Z</time>
		</trkpt>
		<trkpt lat="34.442192" lon="126.860226">
			<ele>0.00</ele>
			<time>2020-01-20T03:16:09.66Z</time>
		</trkpt>
		<trkpt lat="34.442257" lon="126.860147">
			<ele>0.00</ele>
			<time>2020-01-20T03:16:10.27Z</time>
		</trkpt>
		<trkpt lat="34.442324" lon="126.860071">
			<ele>0.00</ele>
			<time>2020-01-20T03:16:10.88Z</time>
		</trkpt>
		<trkpt lat="34.442359" lon="126.860042">
			<ele>0.00</ele>
			<time>2020-01-20T03:16:11.16Z</time>
		</trkpt>
		<trkpt lat="34.442414" lon="126.859926">
			<ele>0.00</ele>
			<time>2020-01-20T03:16:11.90Z</time>
		</trkpt>
		<trkpt lat="34.442449" lon="126.859785">
			<ele>0.00</ele>
			<time>2020-01-20T03:16:12.71Z</time>
		</trkpt>
		<trkpt lat="34.442506" lon="126.859613">
			<ele>0.00</ele>
			<time>2020-01-20T03:16:13.73Z</time>
		</trkpt>
		<trkpt lat="34.442533" lon="126.859555">
			<ele>0.00</ele>
			<time>2020-01-20T03:16:14.10Z</time>
		</trkpt>
		<trkpt lat="34.442558" lon="126.859477">
			<ele>0.00</ele>
			<time>2020-01-20T03:16:14.56Z</time>
		</trkpt>
		<trkpt lat="34.442568" lon="126.859382">
			<ele>0.00</ele>
			<time>2020-01-20T03:16:15.08Z</time>
		</trkpt>
		<trkpt lat="34.442585" lon="126.859293">
			<ele>0.00</ele>
			<time>2020-01-20T03:16:15.58Z</time>
		</trkpt>
		<trkpt lat="34.442590" lon="126.859177">
			<ele>0.00</ele>
			<time>2020-01-20T03:16:16.23Z</time>
		</trkpt>
		<trkpt lat="34.442594" lon="126.859052">
			<ele>0.00</ele>
			<time>2020-01-20T03:16:16.91Z</time>
		</trkpt>
		<trkpt lat="34.442597" lon="126.858879">
			<ele>0.00</ele>
			<time>2020-01-20T03:16:17.86Z</time>
		</trkpt>
		<trkpt lat="34.442594" lon="126.858725">
			<ele>0.00</ele>
			<time>2020-01-20T03:16:18.71Z</time>
		</trkpt>
		<trkpt lat="34.442588" lon="126.858597">
			<ele>0.00</ele>
			<time>2020-01-20T03:16:19.42Z</time>
		</trkpt>
		<trkpt lat="34.442585" lon="126.858452">
			<ele>0.00</ele>
			<time>2020-01-20T03:16:20.21Z</time>
		</trkpt>
		<trkpt lat="34.442580" lon="126.858288">
			<ele>0.00</ele>
			<time>2020-01-20T03:16:21.12Z</time>
		</trkpt>
		<trkpt lat="34.442571" lon="126.858145">
			<ele>0.00</ele>
			<time>2020-01-20T03:16:21.90Z</time>
		</trkpt>
		<trkpt lat="34.442571" lon="126.858071">
			<ele>0.00</ele>
			<time>2020-01-20T03:16:22.31Z</time>
		</trkpt>
		<trkpt lat="34.442587" lon="126.858018">
			<ele>0.00</ele>
			<time>2020-01-20T03:16:22.62Z</time>
		</trkpt>
		<trkpt lat="34.442643" lon="126.857972">
			<ele>0.00</ele>
			<time>2020-01-20T03:16:23.07Z</time>
		</trkpt>
		<trkpt lat="34.442703" lon="126.857967">
			<ele>0.00</ele>
			<time>2020-01-20T03:16:23.47Z</time>
		</trkpt>
		<trkpt lat="34.442798" lon="126.858024">
			<ele>0.00</ele>
			<time>2020-01-20T03:16:24.18Z</time>
		</trkpt>
		<trkpt lat="34.442884" lon="126.858039">
			<ele>0.00</ele>
			<time>2020-01-20T03:16:24.76Z</time>
		</trkpt>
		<trkpt lat="34.443018" lon="126.858036">
			<ele>0.00</ele>
			<time>2020-01-20T03:16:25.65Z</time>
		</trkpt>
		<trkpt lat="34.443163" lon="126.857971">
			<ele>0.00</ele>
			<time>2020-01-20T03:16:26.68Z</time>
		</trkpt>
		<trkpt lat="34.443289" lon="126.857888">
			<ele>0.00</ele>
			<time>2020-01-20T03:16:27.64Z</time>
		</trkpt>
		<trkpt lat="34.443377" lon="126.857764">
			<ele>0.00</ele>
			<time>2020-01-20T03:16:28.54Z</time>
		</trkpt>
		<trkpt lat="34.443500" lon="126.857611">
			<ele>0.00</ele>
			<time>2020-01-20T03:16:29.71Z</time>
		</trkpt>
		<trkpt lat="34.443605" lon="126.857472">
			<ele>0.00</ele>
			<time>2020-01-20T03:16:30.74Z</time>
		</trkpt>
		<trkpt lat="34.443690" lon="126.857338">
			<ele>0.00</ele>
			<time>2020-01-20T03:16:31.68Z</time>
		</trkpt>
		<trkpt lat="34.443748" lon="126.857209">
			<ele>0.00</ele>
			<time>2020-01-20T03:16:32.48Z</time>
		</trkpt>
		<trkpt lat="34.443775" lon="126.857121">
			<ele>0.00</ele>
			<time>2020-01-20T03:16:33Z</time>
		</trkpt>
		<trkpt lat="34.443798" lon="126.857003">
			<ele>0.00</ele>
			<time>2020-01-20T03:16:33.67Z</time>
		</trkpt>
		<trkpt lat="34.443797" lon="126.857004">
			<ele>0.00</ele>
			<time>2020-01-20T03:16:33.73Z</time>
		</trkpt>
		<trkpt lat="34.443798" lon="126.856885">
			<ele>0.00</ele>
			<time>2020-01-20T03:16:34.38Z</time>
		</trkpt>
		<trkpt lat="34.443790" lon="126.856756">
			<ele>0.00</ele>
			<time>2020-01-20T03:16:35.09Z</time>
		</trkpt>
		<trkpt lat="34.443784" lon="126.856633">
			<ele>0.00</ele>
			<time>2020-01-20T03:16:35.77Z</time>
		</trkpt>
		<trkpt lat="34.443776" lon="126.856534">
			<ele>0.00</ele>
			<time>2020-01-20T03:16:36.32Z</time>
		</trkpt>
		<trkpt lat="34.443766" lon="126.856424">
			<ele>0.00</ele>
			<time>2020-01-20T03:16:36.92Z</time>
		</trkpt>
		<trkpt lat="34.443762" lon="126.856315">
			<ele>0.00</ele>
			<time>2020-01-20T03:16:37.52Z</time>
		</trkpt>
		<trkpt lat="34.443755" lon="126.856154">
			<ele>0.00</ele>
			<time>2020-01-20T03:16:38.41Z</time>
		</trkpt>
		<trkpt lat="34.443755" lon="126.856056">
			<ele>0.00</ele>
			<time>2020-01-20T03:16:38.95Z</time>
		</trkpt>
		<trkpt lat="34.443760" lon="126.855963">
			<ele>0.00</ele>
			<time>2020-01-20T03:16:39.46Z</time>
		</trkpt>
		<trkpt lat="34.443785" lon="126.855848">
			<ele>0.00</ele>
			<time>2020-01-20T03:16:40.11Z</time>
		</trkpt>
		<trkpt lat="34.443821" lon="126.855725">
			<ele>0.00</ele>
			<time>2020-01-20T03:16:40.83Z</time>
		</trkpt>
		<trkpt lat="34.443849" lon="126.855639">
			<ele>0.00</ele>
			<time>2020-01-20T03:16:41.34Z</time>
		</trkpt>
		<trkpt lat="34.443898" lon="126.855525">
			<ele>0.00</ele>
			<time>2020-01-20T03:16:42.04Z</time>
		</trkpt>
		<trkpt lat="34.443953" lon="126.855423">
			<ele>0.00</ele>
			<time>2020-01-20T03:16:42.72Z</time>
		</trkpt>
		<trkpt lat="34.444061" lon="126.855278">
			<ele>0.00</ele>
			<time>2020-01-20T03:16:43.79Z</time>
		</trkpt>
		<trkpt lat="34.444159" lon="126.855150">
			<ele>0.00</ele>
			<time>2020-01-20T03:16:44.75Z</time>
		</trkpt>
		<trkpt lat="34.444331" lon="126.854940">
			<ele>0.00</ele>
			<time>2020-01-20T03:16:46.38Z</time>
		</trkpt>
		<trkpt lat="34.444425" lon="126.854828">
			<ele>0.00</ele>
			<time>2020-01-20T03:16:47.26Z</time>
		</trkpt>
		<trkpt lat="34.444547" lon="126.854673">
			<ele>0.00</ele>
			<time>2020-01-20T03:16:48.43Z</time>
		</trkpt>
		<trkpt lat="34.444743" lon="126.854406">
			<ele>0.00</ele>
			<time>2020-01-20T03:16:50.40Z</time>
		</trkpt>
		<trkpt lat="34.444890" lon="126.854198">
			<ele>0.00</ele>
			<time>2020-01-20T03:16:51.90Z</time>
		</trkpt>
		<trkpt lat="34.445117" lon="126.853902">
			<ele>0.00</ele>
			<time>2020-01-20T03:16:54.13Z</time>
		</trkpt>
		<trkpt lat="34.445315" lon="126.853655">
			<ele>0.00</ele>
			<time>2020-01-20T03:16:56.02Z</time>
		</trkpt>
		<trkpt lat="34.445453" lon="126.853467">
			<ele>0.00</ele>
			<time>2020-01-20T03:16:57.41Z</time>
		</trkpt>
		<trkpt lat="34.445640" lon="126.853210">
			<ele>0.00</ele>
			<time>2020-01-20T03:16:59.29Z</time>
		</trkpt>
		<trkpt lat="34.445751" lon="126.853063">
			<ele>0.00</ele>
			<time>2020-01-20T03:17:00.38Z</time>
		</trkpt>
		<trkpt lat="34.445865" lon="126.852910">
			<ele>0.00</ele>
			<time>2020-01-20T03:17:01.52Z</time>
		</trkpt>
		<trkpt lat="34.445978" lon="126.852720">
			<ele>0.00</ele>
			<time>2020-01-20T03:17:02.81Z</time>
		</trkpt>
		<trkpt lat="34.446072" lon="126.852573">
			<ele>0.00</ele>
			<time>2020-01-20T03:17:03.83Z</time>
		</trkpt>
		<trkpt lat="34.446155" lon="126.852426">
			<ele>0.00</ele>
			<time>2020-01-20T03:17:04.81Z</time>
		</trkpt>
		<trkpt lat="34.446266" lon="126.852252">
			<ele>0.00</ele>
			<time>2020-01-20T03:17:06.02Z</time>
		</trkpt>
		<trkpt lat="34.446383" lon="126.852059">
			<ele>0.00</ele>
			<time>2020-01-20T03:17:07.34Z</time>
		</trkpt>
		<trkpt lat="34.446537" lon="126.851801">
			<ele>0.00</ele>
			<time>2020-01-20T03:17:09.08Z</time>
		</trkpt>
		<trkpt lat="34.446662" lon="126.851586">
			<ele>0.00</ele>
			<time>2020-01-20T03:17:10.53Z</time>
		</trkpt>
		<trkpt lat="34.446751" lon="126.851443">
			<ele>0.00</ele>
			<time>2020-01-20T03:17:11.52Z</time>
		</trkpt>
		<trkpt lat="34.446813" lon="126.851313">
			<ele>0.00</ele>
			<time>2020-01-20T03:17:12.35Z</time>
		</trkpt>
		<trkpt lat="34.446899" lon="126.851134">
			<ele>0.00</ele>
			<time>2020-01-20T03:17:13.48Z</time>
		</trkpt>
		<trkpt lat="34.446988" lon="126.850937">
			<ele>0.00</ele>
			<time>2020-01-20T03:17:14.72Z</time>
		</trkpt>
		<trkpt lat="34.447098" lon="126.850694">
			<ele>0.00</ele>
			<time>2020-01-20T03:17:16.24Z</time>
		</trkpt>
		<trkpt lat="34.447159" lon="126.850547">
			<ele>0.00</ele>
			<time>2020-01-20T03:17:17.14Z</time>
		</trkpt>
		<trkpt lat="34.447224" lon="126.850421">
			<ele>0.00</ele>
			<time>2020-01-20T03:17:17.97Z</time>
		</trkpt>
		<trkpt lat="34.447329" lon="126.850248">
			<ele>0.00</ele>
			<time>2020-01-20T03:17:19.14Z</time>
		</trkpt>
		<trkpt lat="34.447407" lon="126.850130">
			<ele>0.00</ele>
			<time>2020-01-20T03:17:19.97Z</time>
		</trkpt>
		<trkpt lat="34.447474" lon="126.850044">
			<ele>0.00</ele>
			<time>2020-01-20T03:17:20.63Z</time>
		</trkpt>
		<trkpt lat="34.447546" lon="126.849931">
			<ele>0.00</ele>
			<time>2020-01-20T03:17:21.41Z</time>
		</trkpt>
		<trkpt lat="34.447608" lon="126.849835">
			<ele>0.00</ele>
			<time>2020-01-20T03:17:22.08Z</time>
		</trkpt>
		<trkpt lat="34.447677" lon="126.849713">
			<ele>0.00</ele>
			<time>2020-01-20T03:17:22.90Z</time>
		</trkpt>
		<trkpt lat="34.447743" lon="126.849534">
			<ele>0.00</ele>
			<time>2020-01-20T03:17:23.97Z</time>
		</trkpt>
		<trkpt lat="34.447790" lon="126.849393">
			<ele>0.00</ele>
			<time>2020-01-20T03:17:24.81Z</time>
		</trkpt>
		<trkpt lat="34.447826" lon="126.849275">
			<ele>0.00</ele>
			<time>2020-01-20T03:17:25.50Z</time>
		</trkpt>
		<trkpt lat="34.447856" lon="126.849175">
			<ele>0.00</ele>
			<time>2020-01-20T03:17:26.09Z</time>
		</trkpt>
		<trkpt lat="34.447917" lon="126.848976">
			<ele>0.00</ele>
			<time>2020-01-20T03:17:27.25Z</time>
		</trkpt>
		<trkpt lat="34.447949" lon="126.848848">
			<ele>0.00</ele>
			<time>2020-01-20T03:17:27.99Z</time>
		</trkpt>
		<trkpt lat="34.447963" lon="126.848754">
			<ele>0.00</ele>
			<time>2020-01-20T03:17:28.51Z</time>
		</trkpt>
		<trkpt lat="34.447979" lon="126.848622">
			<ele>0.00</ele>
			<time>2020-01-20T03:17:29.25Z</time>
		</trkpt>
		<trkpt lat="34.447996" lon="126.848507">
			<ele>0.00</ele>
			<time>2020-01-20T03:17:29.89Z</time>
		</trkpt>
		<trkpt lat="34.447993" lon="126.848413">
			<ele>0.00</ele>
			<time>2020-01-20T03:17:30.40Z</time>
		</trkpt>
		<trkpt lat="34.447969" lon="126.848264">
			<ele>0.00</ele>
			<time>2020-01-20T03:17:31.24Z</time>
		</trkpt>
		<trkpt lat="34.447951" lon="126.848106">
			<ele>0.00</ele>
			<time>2020-01-20T03:17:32.12Z</time>
		</trkpt>
		<trkpt lat="34.447932" lon="126.847962">
			<ele>0.00</ele>
			<time>2020-01-20T03:17:32.92Z</time>
		</trkpt>
		<trkpt lat="34.447910" lon="126.847743">
			<ele>0.00</ele>
			<time>2020-01-20T03:17:34.13Z</time>
		</trkpt>
		<trkpt lat="34.447905" lon="126.847586">
			<ele>0.00</ele>
			<time>2020-01-20T03:17:35Z</time>
		</trkpt>
		<trkpt lat="34.447905" lon="126.847582">
			<ele>0.00</ele>
			<time>2020-01-20T03:17:35.06Z</time>
		</trkpt>
		<trkpt lat="34.447932" lon="126.847378">
			<ele>0.00</ele>
			<time>2020-01-20T03:17:36.19Z</time>
		</trkpt>
		<trkpt lat="34.447983" lon="126.847235">
			<ele>0.00</ele>
			<time>2020-01-20T03:17:37.05Z</time>
		</trkpt>
		<trkpt lat="34.448030" lon="126.847118">
			<ele>0.00</ele>
			<time>2020-01-20T03:17:37.77Z</time>
		</trkpt>
		<trkpt lat="34.448113" lon="126.847001">
			<ele>0.00</ele>
			<time>2020-01-20T03:17:38.61Z</time>
		</trkpt>
		<trkpt lat="34.448190" lon="126.846928">
			<ele>0.00</ele>
			<time>2020-01-20T03:17:39.26Z</time>
		</trkpt>
		<trkpt lat="34.448275" lon="126.846869">
			<ele>0.00</ele>
			<time>2020-01-20T03:17:39.92Z</time>
		</trkpt>
		<trkpt lat="34.448385" lon="126.846818">
			<ele>0.00</ele>
			<time>2020-01-20T03:17:40.70Z</time>
		</trkpt>
		<trkpt lat="34.448527" lon="126.846771">
			<ele>0.00</ele>
			<time>2020-01-20T03:17:41.68Z</time>
		</trkpt>
		<trkpt lat="34.448675" lon="126.846728">
			<ele>0.00</ele>
			<time>2020-01-20T03:17:42.70Z</time>
		</trkpt>
		<trkpt lat="34.448885" lon="126.846679">
			<ele>0.00</ele>
			<time>2020-01-20T03:17:44.12Z</time>
		</trkpt>
		<trkpt lat="34.449060" lon="126.846640">
			<ele>0.00</ele>
			<time>2020-01-20T03:17:45.31Z</time>
		</trkpt>
		<trkpt lat="34.449252" lon="126.846622">
			<ele>0.00</ele>
			<time>2020-01-20T03:17:46.59Z</time>
		</trkpt>
		<trkpt lat="34.449383" lon="126.846622">
			<ele>0.00</ele>
			<time>2020-01-20T03:17:47.47Z</time>
		</trkpt>
		<trkpt lat="34.449577" lon="126.846636">
			<ele>0.00</ele>
			<time>2020-01-20T03:17:48.76Z</time>
		</trkpt>
		<trkpt lat="34.449733" lon="126.846662">
			<ele>0.00</ele>
			<time>2020-01-20T03:17:49.81Z</time>
		</trkpt>
		<trkpt lat="34.449930" lon="126.846730">
			<ele>0.00</ele>
			<time>2020-01-20T03:17:51.18Z</time>
		</trkpt>
		<trkpt lat="34.450041" lon="126.846777">
			<ele>0.00</ele>
			<time>2020-01-20T03:17:51.96Z</time>
		</trkpt>
		<trkpt lat="34.450218" lon="126.846874">
			<ele>0.00</ele>
			<time>2020-01-20T03:17:53.26Z</time>
		</trkpt>
		<trkpt lat="34.450246" lon="126.846890">
			<ele>0.00</ele>
			<time>2020-01-20T03:17:53.46Z</time>
		</trkpt>
		<trkpt lat="34.450244" lon="126.846891">
			<ele>0.00</ele>
			<time>2020-01-20T03:17:53.52Z</time>
		</trkpt>
		<trkpt lat="34.450288" lon="126.846820">
			<ele>0.00</ele>
			<time>2020-01-20T03:17:54.01Z</time>
		</trkpt>
		<trkpt lat="34.450374" lon="126.846650">
			<ele>0.00</ele>
			<time>2020-01-20T03:17:55.11Z</time>
		</trkpt>
		<trkpt lat="34.450466" lon="126.846457">
			<ele>0.00</ele>
			<time>2020-01-20T03:17:56.33Z</time>
		</trkpt>
		<trkpt lat="34.450618" lon="126.846192">
			<ele>0.00</ele>
			<time>2020-01-20T03:17:58.10Z</time>
		</trkpt>
		<trkpt lat="34.450690" lon="126.846056">
			<ele>0.00</ele>
			<time>2020-01-20T03:17:58.99Z</time>
		</trkpt>
		<trkpt lat="34.450820" lon="126.845800">
			<ele>0.00</ele>
			<time>2020-01-20T03:18:00.65Z</time>
		</trkpt>
		<trkpt lat="34.450935" lon="126.845573">
			<ele>0.00</ele>
			<time>2020-01-20T03:18:02.11Z</time>
		</trkpt>
		<trkpt lat="34.451077" lon="126.845311">
			<ele>0.00</ele>
			<time>2020-01-20T03:18:03.83Z</time>
		</trkpt>
		<trkpt lat="34.451181" lon="126.845108">
			<ele>0.00</ele>
			<time>2020-01-20T03:18:05.15Z</time>
		</trkpt>
		<trkpt lat="34.451300" lon="126.844885">
			<ele>0.00</ele>
			<time>2020-01-20T03:18:06.61Z</time>
		</trkpt>
		<trkpt lat="34.451371" lon="126.844756">
			<ele>0.00</ele>
			<time>2020-01-20T03:18:07.46Z</time>
		</trkpt>
		<trkpt lat="34.451503" lon="126.844536">
			<ele>0.00</ele>
			<time>2020-01-20T03:18:08.96Z</time>
		</trkpt>
		<trkpt lat="34.451555" lon="126.844435">
			<ele>0.00</ele>
			<time>2020-01-20T03:18:09.61Z</time>
		</trkpt>
		<trkpt lat="34.451611" lon="126.844324">
			<ele>0.00</ele>
			<time>2020-01-20T03:18:10.33Z</time>
		</trkpt>
		<trkpt lat="34.451665" lon="126.844227">
			<ele>0.00</ele>
			<time>2020-01-20T03:18:10.97Z</time>
		</trkpt>
		<trkpt lat="34.451679" lon="126.844187">
			<ele>0.00</ele>
			<time>2020-01-20T03:18:11.21Z</time>
		</trkpt>
		<trkpt lat="34.451673" lon="126.844143">
			<ele>0.00</ele>
			<time>2020-01-20T03:18:11.45Z</time>
		</trkpt>
		<trkpt lat="34.451636" lon="126.844105">
			<ele>0.00</ele>
			<time>2020-01-20T03:18:11.78Z</time>
		</trkpt>
		<trkpt lat="34.451402" lon="126.843970">
			<ele>0.00</ele>
			<time>2020-01-20T03:18:13.51Z</time>
		</trkpt>
		<trkpt lat="34.451159" lon="126.843809">
			<ele>0.00</ele>
			<time>2020-01-20T03:18:15.35Z</time>
		</trkpt>
		<trkpt lat="34.451000" lon="126.843708">
			<ele>0.00</ele>
			<time>2020-01-20T03:18:16.55Z</time>
		</trkpt>
		<trkpt lat="34.450835" lon="126.843642">
			<ele>0.00</ele>
			<time>2020-01-20T03:18:17.71Z</time>
		</trkpt>
		<trkpt lat="34.450640" lon="126.843569">
			<ele>0.00</ele>
			<time>2020-01-20T03:18:19.07Z</time>
		</trkpt>
		<trkpt lat="34.450440" lon="126.843537">
			<ele>0.00</ele>
			<time>2020-01-20T03:18:20.42Z</time>
		</trkpt>
		<trkpt lat="34.450156" lon="126.843509">
			<ele>0.00</ele>
			<time>2020-01-20T03:18:22.31Z</time>
		</trkpt>
		<trkpt lat="34.449919" lon="126.843484">
			<ele>0.00</ele>
			<time>2020-01-20T03:18:23.90Z</time>
		</trkpt>
		<trkpt lat="34.449641" lon="126.843432">
			<ele>0.00</ele>
			<time>2020-01-20T03:18:25.77Z</time>
		</trkpt>
		<trkpt lat="34.449383" lon="126.843409">
			<ele>0.00</ele>
			<time>2020-01-20T03:18:27.50Z</time>
		</trkpt>
		<trkpt lat="34.449052" lon="126.843398">
			<ele>0.00</ele>
			<time>2020-01-20T03:18:29.70Z</time>
		</trkpt>
		<trkpt lat="34.448800" lon="126.843383">
			<ele>0.00</ele>
			<time>2020-01-20T03:18:31.39Z</time>
		</trkpt>
		<trkpt lat="34.448633" lon="126.843346">
			<ele>0.00</ele>
			<time>2020-01-20T03:18:32.52Z</time>
		</trkpt>
		<trkpt lat="34.448512" lon="126.843278">
			<ele>0.00</ele>
			<time>2020-01-20T03:18:33.41Z</time>
		</trkpt>
		<trkpt lat="34.448406" lon="126.843194">
			<ele>0.00</ele>
			<time>2020-01-20T03:18:34.25Z</time>
		</trkpt>
		<trkpt lat="34.448318" lon="126.843092">
			<ele>0.00</ele>
			<time>2020-01-20T03:18:35.06Z</time>
		</trkpt>
		<trkpt lat="34.448223" lon="126.842929">
			<ele>0.00</ele>
			<time>2020-01-20T03:18:36.16Z</time>
		</trkpt>
		<trkpt lat="34.448173" lon="126.842821">
			<ele>0.00</ele>
			<time>2020-01-20T03:18:36.84Z</time>
		</trkpt>
		<trkpt lat="34.448177" lon="126.842713">
			<ele>0.00</ele>
			<time>2020-01-20T03:18:37.43Z</time>
		</trkpt>
		<trkpt lat="34.448192" lon="126.842590">
			<ele>0.00</ele>
			<time>2020-01-20T03:18:38.12Z</time>
		</trkpt>
		<trkpt lat="34.448219" lon="126.842449">
			<ele>0.00</ele>
			<time>2020-01-20T03:18:38.92Z</time>
		</trkpt>
		<trkpt lat="34.448255" lon="126.842340">
			<ele>0.00</ele>
			<time>2020-01-20T03:18:39.56Z</time>
		</trkpt>
		<trkpt lat="34.448296" lon="126.842271">
			<ele>0.00</ele>
			<time>2020-01-20T03:18:40.03Z</time>
		</trkpt>
		<trkpt lat="34.448356" lon="126.842209">
			<ele>0.00</ele>
			<time>2020-01-20T03:18:40.55Z</time>
		</trkpt>
		<trkpt lat="34.448405" lon="126.842146">
			<ele>0.00</ele>
			<time>2020-01-20T03:18:41.03Z</time>
		</trkpt>
		<trkpt lat="34.448438" lon="126.842063">
			<ele>0.00</ele>
			<time>2020-01-20T03:18:41.54Z</time>
		</trkpt>
		<trkpt lat="34.448461" lon="126.841930">
			<ele>0.00</ele>
			<time>2020-01-20T03:18:42.28Z</time>
		</trkpt>
		<trkpt lat="34.448499" lon="126.841818">
			<ele>0.00</ele>
			<time>2020-01-20T03:18:42.95Z</time>
		</trkpt>
		<trkpt lat="34.448587" lon="126.841638">
			<ele>0.00</ele>
			<time>2020-01-20T03:18:44.10Z</time>
		</trkpt>
		<trkpt lat="34.448672" lon="126.841462">
			<ele>0.00</ele>
			<time>2020-01-20T03:18:45.23Z</time>
		</trkpt>
		<trkpt lat="34.448734" lon="126.841316">
			<ele>0.00</ele>
			<time>2020-01-20T03:18:46.12Z</time>
		</trkpt>
		<trkpt lat="34.448816" lon="126.841100">
			<ele>0.00</ele>
			<time>2020-01-20T03:18:47.43Z</time>
		</trkpt>
		<trkpt lat="34.448869" lon="126.840946">
			<ele>0.00</ele>
			<time>2020-01-20T03:18:48.35Z</time>
		</trkpt>
		<trkpt lat="34.448917" lon="126.840781">
			<ele>0.00</ele>
			<time>2020-01-20T03:18:49.31Z</time>
		</trkpt>
		<trkpt lat="34.448946" lon="126.840699">
			<ele>0.00</ele>
			<time>2020-01-20T03:18:49.80Z</time>
		</trkpt>
		<trkpt lat="34.448999" lon="126.840548">
			<ele>0.00</ele>
			<time>2020-01-20T03:18:50.71Z</time>
		</trkpt>
		<trkpt lat="34.449081" lon="126.840362">
			<ele>0.00</ele>
			<time>2020-01-20T03:18:51.86Z</time>
		</trkpt>
		<trkpt lat="34.449199" lon="126.840089">
			<ele>0.00</ele>
			<time>2020-01-20T03:18:53.56Z</time>
		</trkpt>
		<trkpt lat="34.449362" lon="126.839742">
			<ele>0.00</ele>
			<time>2020-01-20T03:18:55.75Z</time>
		</trkpt>
		<trkpt lat="34.449431" lon="126.839551">
			<ele>0.00</ele>
			<time>2020-01-20T03:18:56.90Z</time>
		</trkpt>
		<trkpt lat="34.449532" lon="126.839343">
			<ele>0.00</ele>
			<time>2020-01-20T03:18:58.23Z</time>
		</trkpt>
		<trkpt lat="34.449605" lon="126.839194">
			<ele>0.00</ele>
			<time>2020-01-20T03:18:59.18Z</time>
		</trkpt>
		<trkpt lat="34.449674" lon="126.839052">
			<ele>0.00</ele>
			<time>2020-01-20T03:19:00.08Z</time>
		</trkpt>
		<trkpt lat="34.449765" lon="126.838948">
			<ele>0.00</ele>
			<time>2020-01-20T03:19:00.92Z</time>
		</trkpt>
		<trkpt lat="34.449869" lon="126.838866">
			<ele>0.00</ele>
			<time>2020-01-20T03:19:01.75Z</time>
		</trkpt>
		<trkpt lat="34.450030" lon="126.838826">
			<ele>0.00</ele>
			<time>2020-01-20T03:19:02.84Z</time>
		</trkpt>
		<trkpt lat="34.450205" lon="126.838824">
			<ele>0.00</ele>
			<time>2020-01-20T03:19:04.01Z</time>
		</trkpt>
		<trkpt lat="34.450426" lon="126.838826">
			<ele>0.00</ele>
			<time>2020-01-20T03:19:05.48Z</time>
		</trkpt>
		<trkpt lat="34.450592" lon="126.838828">
			<ele>0.00</ele>
			<time>2020-01-20T03:19:06.59Z</time>
		</trkpt>
		<trkpt lat="34.450676" lon="126.838844">
			<ele>0.00</ele>
			<time>2020-01-20T03:19:07.15Z</time>
		</trkpt>
		<trkpt lat="34.450869" lon="126.838859">
			<ele>0.00</ele>
			<time>2020-01-20T03:19:08.44Z</time>
		</trkpt>
		<trkpt lat="34.451063" lon="126.838886">
			<ele>0.00</ele>
			<time>2020-01-20T03:19:09.75Z</time>
		</trkpt>
		<trkpt lat="34.451145" lon="126.838914">
			<ele>0.00</ele>
			<time>2020-01-20T03:19:10.32Z</time>
		</trkpt>
		<trkpt lat="34.451231" lon="126.838939">
			<ele>0.00</ele>
			<time>2020-01-20T03:19:10.90Z</time>
		</trkpt>
		<trkpt lat="34.451320" lon="126.838952">
			<ele>0.00</ele>
			<time>2020-01-20T03:19:11.50Z</time>
		</trkpt>
		<trkpt lat="34.451420" lon="126.838959">
			<ele>0.00</ele>
			<time>2020-01-20T03:19:12.17Z</time>
		</trkpt>
		<trkpt lat="34.451533" lon="126.838985">
			<ele>0.00</ele>
			<time>2020-01-20T03:19:12.93Z</time>
		</trkpt>
		<trkpt lat="34.451719" lon="126.839018">
			<ele>0.00</ele>
			<time>2020-01-20T03:19:14.19Z</time>
		</trkpt>
		<trkpt lat="34.451910" lon="126.839051">
			<ele>0.00</ele>
			<time>2020-01-20T03:19:15.48Z</time>
		</trkpt>
		<trkpt lat="34.452086" lon="126.839062">
			<ele>0.00</ele>
			<time>2020-01-20T03:19:16.65Z</time>
		</trkpt>
		<trkpt lat="34.452188" lon="126.839071">
			<ele>0.00</ele>
			<time>2020-01-20T03:19:17.33Z</time>
		</trkpt>
		<trkpt lat="34.452360" lon="126.839060">
			<ele>0.00</ele>
			<time>2020-01-20T03:19:18.48Z</time>
		</trkpt>
		<trkpt lat="34.452453" lon="126.839075">
			<ele>0.00</ele>
			<time>2020-01-20T03:19:19.10Z</time>
		</trkpt>
		<trkpt lat="34.452515" lon="126.839144">
			<ele>0.00</ele>
			<time>2020-01-20T03:19:19.66Z</time>
		</trkpt>
		<trkpt lat="34.452594" lon="126.839201">
			<ele>0.00</ele>
			<time>2020-01-20T03:19:20.28Z</time>
		</trkpt>
		<trkpt lat="34.452700" lon="126.839232">
			<ele>0.00</ele>
			<time>2020-01-20T03:19:21Z</time>
		</trkpt>
		<trkpt lat="34.452886" lon="126.839252">
			<ele>0.00</ele>
			<time>2020-01-20T03:19:22.25Z</time>
		</trkpt>
		<trkpt lat="34.453003" lon="126.839256">
			<ele>0.00</ele>
			<time>2020-01-20T03:19:23.03Z</time>
		</trkpt>
		<trkpt lat="34.453154" lon="126.839263">
			<ele>0.00</ele>
			<time>2020-01-20T03:19:24.04Z</time>
		</trkpt>
		<trkpt lat="34.453368" lon="126.839243">
			<ele>0.00</ele>
			<time>2020-01-20T03:19:25.47Z</time>
		</trkpt>
		<trkpt lat="34.453554" lon="126.839159">
			<ele>0.00</ele>
			<time>2020-01-20T03:19:26.79Z</time>
		</trkpt>
		<trkpt lat="34.453581" lon="126.839134">
			<ele>0.00</ele>
			<time>2020-01-20T03:19:27.02Z</time>
		</trkpt>
		<trkpt lat="34.453584" lon="126.839130">
			<ele>0.00</ele>
			<time>2020-01-20T03:19:27.08Z</time>
		</trkpt>
		<trkpt lat="34.453558" lon="126.839059">
			<ele>0.00</ele>
			<time>2020-01-20T03:19:27.51Z</time>
		</trkpt>
		<trkpt lat="34.453459" lon="126.838907">
			<ele>0.00</ele>
			<time>2020-01-20T03:19:28.57Z</time>
		</trkpt>
		<trkpt lat="34.453393" lon="126.838821">
			<ele>0.00</ele>
			<time>2020-01-20T03:19:29.22Z</time>
		</trkpt>
		<trkpt lat="34.453271" lon="126.838654">
			<ele>0.00</ele>
			<time>2020-01-20T03:19:30.45Z</time>
		</trkpt>
		<trkpt lat="34.453097" lon="126.838400">
			<ele>0.00</ele>
			<time>2020-01-20T03:19:32.26Z</time>
		</trkpt>
		<trkpt lat="34.452935" lon="126.838168">
			<ele>0.00</ele>
			<time>2020-01-20T03:19:33.93Z</time>
		</trkpt>
		<trkpt lat="34.452851" lon="126.838032">
			<ele>0.00</ele>
			<time>2020-01-20T03:19:34.86Z</time>
		</trkpt>
		<trkpt lat="34.452784" lon="126.837920">
			<ele>0.00</ele>
			<time>2020-01-20T03:19:35.63Z</time>
		</trkpt>
		<trkpt lat="34.452755" lon="126.837871">
			<ele>0.00</ele>
			<time>2020-01-20T03:19:35.96Z</time>
		</trkpt>
		<trkpt lat="34.452754" lon="126.837871">
			<ele>0.00</ele>
			<time>2020-01-20T03:19:36.02Z</time>
		</trkpt>
		<trkpt lat="34.452739" lon="126.837876">
			<ele>0.00</ele>
			<time>2020-01-20T03:19:36.12Z</time>
		</trkpt>
		<trkpt lat="34.452698" lon="126.837804">
			<ele>0.00</ele>
			<time>2020-01-20T03:19:36.60Z</time>
		</trkpt>
		<trkpt lat="34.452636" lon="126.837682">
			<ele>0.00</ele>
			<time>2020-01-20T03:19:37.38Z</time>
		</trkpt>
		<trkpt lat="34.452596" lon="126.837606">
			<ele>0.00</ele>
			<time>2020-01-20T03:19:37.88Z</time>
		</trkpt>
		<trkpt lat="34.452535" lon="126.837492">
			<ele>0.00</ele>
			<time>2020-01-20T03:19:38.63Z</time>
		</trkpt>
		<trkpt lat="34.452484" lon="126.837397">
			<ele>0.00</ele>
			<time>2020-01-20T03:19:39.25Z</time>
		</trkpt>
		<trkpt lat="34.452424" lon="126.837280">
			<ele>0.00</ele>
			<time>2020-01-20T03:19:40.01Z</time>
		</trkpt>
		<trkpt lat="34.452354" lon="126.837154">
			<ele>0.00</ele>
			<time>2020-01-20T03:19:40.85Z</time>
		</trkpt>
		<trkpt lat="34.452327" lon="126.837111">
			<ele>0.00</ele>
			<time>2020-01-20T03:19:41.14Z</time>
		</trkpt>
		<trkpt lat="34.452286" lon="126.837042">
			<ele>0.00</ele>
			<time>2020-01-20T03:19:41.61Z</time>
		</trkpt>
		<trkpt lat="34.452229" lon="126.836936">
			<ele>0.00</ele>
			<time>2020-01-20T03:19:42.31Z</time>
		</trkpt>
		<trkpt lat="34.452171" lon="126.836834">
			<ele>0.00</ele>
			<time>2020-01-20T03:19:42.99Z</time>
		</trkpt>
		<trkpt lat="34.452102" lon="126.836705">
			<ele>0.00</ele>
			<time>2020-01-20T03:19:43.83Z</time>
		</trkpt>
		<trkpt lat="34.452046" lon="126.836594">
			<ele>0.00</ele>
			<time>2020-01-20T03:19:44.55Z</time>
		</trkpt>
		<trkpt lat="34.451953" lon="126.836425">
			<ele>0.00</ele>
			<time>2020-01-20T03:19:45.67Z</time>
		</trkpt>
		<trkpt lat="34.451909" lon="126.836340">
			<ele>0.00</ele>
			<time>2020-01-20T03:19:46.22Z</time>
		</trkpt>
		<trkpt lat="34.451833" lon="126.836196">
			<ele>0.00</ele>
			<time>2020-01-20T03:19:47.15Z</time>
		</trkpt>
		<trkpt lat="34.451779" lon="126.836099">
			<ele>0.00</ele>
			<time>2020-01-20T03:19:47.80Z</time>
		</trkpt>
		<trkpt lat="34.451716" lon="126.835981">
			<ele>0.00</ele>
			<time>2020-01-20T03:19:48.57Z</time>
		</trkpt>
		<trkpt lat="34.451657" lon="126.835876">
			<ele>0.00</ele>
			<time>2020-01-20T03:19:49.27Z</time>
		</trkpt>
		<trkpt lat="34.451580" lon="126.835737">
			<ele>0.00</ele>
			<time>2020-01-20T03:19:50.19Z</time>
		</trkpt>
		<trkpt lat="34.451529" lon="126.835639">
			<ele>0.00</ele>
			<time>2020-01-20T03:19:50.83Z</time>
		</trkpt>
		<trkpt lat="34.451457" lon="126.835507">
			<ele>0.00</ele>
			<time>2020-01-20T03:19:51.70Z</time>
		</trkpt>
		<trkpt lat="34.451415" lon="126.835425">
			<ele>0.00</ele>
			<time>2020-01-20T03:19:52.23Z</time>
		</trkpt>
		<trkpt lat="34.451322" lon="126.835253">
			<ele>0.00</ele>
			<time>2020-01-20T03:19:53.36Z</time>
		</trkpt>
		<trkpt lat="34.451242" lon="126.835110">
			<ele>0.00</ele>
			<time>2020-01-20T03:19:54.31Z</time>
		</trkpt>
		<trkpt lat="34.451197" lon="126.835022">
			<ele>0.00</ele>
			<time>2020-01-20T03:19:54.88Z</time>
		</trkpt>
		<trkpt lat="34.451114" lon="126.834874">
			<ele>0.00</ele>
			<time>2020-01-20T03:19:55.86Z</time>
		</trkpt>
		<trkpt lat="34.451026" lon="126.834709">
			<ele>0.00</ele>
			<time>2020-01-20T03:19:56.94Z</time>
		</trkpt>
		<trkpt lat="34.450917" lon="126.834505">
			<ele>0.00</ele>
			<time>2020-01-20T03:19:58.28Z</time>
		</trkpt>
		<trkpt lat="34.450865" lon="126.834396">
			<ele>0.00</ele>
			<time>2020-01-20T03:19:58.97Z</time>
		</trkpt>
		<trkpt lat="34.450794" lon="126.834261">
			<ele>0.00</ele>
			<time>2020-01-20T03:19:59.85Z</time>
		</trkpt>
		<trkpt lat="34.450743" lon="126.834168">
			<ele>0.00</ele>
			<time>2020-01-20T03:20:00.47Z</time>
		</trkpt>
		<trkpt lat="34.450671" lon="126.834036">
			<ele>0.00</ele>
			<time>2020-01-20T03:20:01.34Z</time>
		</trkpt>
		<trkpt lat="34.450620" lon="126.833951">
			<ele>0.00</ele>
			<time>2020-01-20T03:20:01.91Z</time>
		</trkpt>
		<trkpt lat="34.450562" lon="126.833841">
			<ele>0.00</ele>
			<time>2020-01-20T03:20:02.63Z</time>
		</trkpt>
		<trkpt lat="34.450521" lon="126.833754">
			<ele>0.00</ele>
			<time>2020-01-20T03:20:03.18Z</time>
		</trkpt>
		<trkpt lat="34.450464" lon="126.833653">
			<ele>0.00</ele>
			<time>2020-01-20T03:20:03.85Z</time>
		</trkpt>
		<trkpt lat="34.450431" lon="126.833592">
			<ele>0.00</ele>
			<time>2020-01-20T03:20:04.25Z</time>
		</trkpt>
		<trkpt lat="34.450351" lon="126.833460">
			<ele>0.00</ele>
			<time>2020-01-20T03:20:05.15Z</time>
		</trkpt>
		<trkpt lat="34.450254" lon="126.833273">
			<ele>0.00</ele>
			<time>2020-01-20T03:20:06.37Z</time>
		</trkpt>
		<trkpt lat="34.450101" lon="126.832980">
			<ele>0.00</ele>
			<time>2020-01-20T03:20:08.28Z</time>
		</trkpt>
		<trkpt lat="34.450007" lon="126.832801">
			<ele>0.00</ele>
			<time>2020-01-20T03:20:09.45Z</time>
		</trkpt>
		<trkpt lat="34.449912" lon="126.832629">
			<ele>0.00</ele>
			<time>2020-01-20T03:20:10.58Z</time>
		</trkpt>
		<trkpt lat="34.449858" lon="126.832537">
			<ele>0.00</ele>
			<time>2020-01-20T03:20:11.20Z</time>
		</trkpt>
		<trkpt lat="34.449742" lon="126.832318">
			<ele>0.00</ele>
			<time>2020-01-20T03:20:12.64Z</time>
		</trkpt>
		<trkpt lat="34.449672" lon="126.832184">
			<ele>0.00</ele>
			<time>2020-01-20T03:20:13.51Z</time>
		</trkpt>
		<trkpt lat="34.449671" lon="126.832185">
			<ele>0.00</ele>
			<time>2020-01-20T03:20:13.57Z</time>
		</trkpt>
		<trkpt lat="34.449651" lon="126.832110">
			<ele>0.00</ele>
			<time>2020-01-20T03:20:14Z</time>
		</trkpt>
		<trkpt lat="34.449638" lon="126.832044">
			<ele>0.00</ele>
			<time>2020-01-20T03:20:14.37Z</time>
		</trkpt>
		<trkpt lat="34.449622" lon="126.831939">
			<ele>0.00</ele>
			<time>2020-01-20T03:20:14.96Z</time>
		</trkpt>
		<trkpt lat="34.449617" lon="126.831908">
			<ele>0.00</ele>
			<time>2020-01-20T03:20:15.13Z</time>
		</trkpt>
		<trkpt lat="34.449689" lon="126.831838">
			<ele>0.00</ele>
			<time>2020-01-20T03:20:15.75Z</time>
		</trkpt>
		<trkpt lat="34.449847" lon="126.831683">
			<ele>0.00</ele>
			<time>2020-01-20T03:20:17.10Z</time>
		</trkpt>
		<trkpt lat="34.449933" lon="126.831586">
			<ele>0.00</ele>
			<time>2020-01-20T03:20:17.89Z</time>
		</trkpt>
		<trkpt lat="34.449873" lon="126.831480">
			<ele>0.00</ele>
			<time>2020-01-20T03:20:18.60Z</time>
		</trkpt>
		<trkpt lat="34.449761" lon="126.831565">
			<ele>0.00</ele>
			<time>2020-01-20T03:20:19.47Z</time>
		</trkpt>
		<trkpt lat="34.449724" lon="126.831596">
			<ele>0.00</ele>
			<time>2020-01-20T03:20:19.77Z</time>
		</trkpt>
		<trkpt lat="34.449723" lon="126.831596">
			<ele>0.00</ele>
			<time>2020-01-20T03:20:19.83Z</time>
		</trkpt>
		<trkpt lat="34.449686" lon="126.831548">
			<ele>0.00</ele>
			<time>2020-01-20T03:20:20.20Z</time>
		</trkpt>
		<trkpt lat="34.449605" lon="126.831528">
			<ele>0.00</ele>
			<time>2020-01-20T03:20:20.75Z</time>
		</trkpt>
		<trkpt lat="34.449543" lon="126.831487">
			<ele>0.00</ele>
			<time>2020-01-20T03:20:21.22Z</time>
		</trkpt>
		<trkpt lat="34.449514" lon="126.831460">
			<ele>0.00</ele>
			<time>2020-01-20T03:20:21.46Z</time>
		</trkpt>
		<trkpt lat="34.449454" lon="126.831363">
			<ele>0.00</ele>
			<time>2020-01-20T03:20:22.13Z</time>
		</trkpt>
		<trkpt lat="34.449416" lon="126.831277">
			<ele>0.00</ele>
			<time>2020-01-20T03:20:22.67Z</time>
		</trkpt>
		<trkpt lat="34.449395" lon="126.831224">
			<ele>0.00</ele>
			<time>2020-01-20T03:20:22.99Z</time>
		</trkpt>
		<trkpt lat="34.449367" lon="126.831102">
			<ele>0.00</ele>
			<time>2020-01-20T03:20:23.68Z</time>
		</trkpt>
		<trkpt lat="34.449363" lon="126.831011">
			<ele>0.00</ele>
			<time>2020-01-20T03:20:24.18Z</time>
		</trkpt>
		<trkpt lat="34.449371" lon="126.830955">
			<ele>0.00</ele>
			<time>2020-01-20T03:20:24.50Z</time>
		</trkpt>
		<trkpt lat="34.449398" lon="126.830860">
			<ele>0.00</ele>
			<time>2020-01-20T03:20:25.05Z</time>
		</trkpt>
		<trkpt lat="34.449423" lon="126.830789">
			<ele>0.00</ele>
			<time>2020-01-20T03:20:25.48Z</time>
		</trkpt>
		<trkpt lat="34.449452" lon="126.830732">
			<ele>0.00</ele>
			<time>2020-01-20T03:20:25.84Z</time>
		</trkpt>
		<trkpt lat="34.449512" lon="126.830609">
			<ele>0.00</ele>
			<time>2020-01-20T03:20:26.63Z</time>
		</trkpt>
		<trkpt lat="34.449575" lon="126.830511">
			<ele>0.00</ele>
			<time>2020-01-20T03:20:27.31Z</time>
		</trkpt>
		<trkpt lat="34.449634" lon="126.830439">
			<ele>0.00</ele>
			<time>2020-01-20T03:20:27.87Z</time>
		</trkpt>
		<trkpt lat="34.449661" lon="126.830398">
			<ele>0.00</ele>
			<time>2020-01-20T03:20:28.16Z</time>
		</trkpt>
		<trkpt lat="34.449723" lon="126.830298">
			<ele>0.00</ele>
			<time>2020-01-20T03:20:28.84Z</time>
		</trkpt>
		<trkpt lat="34.449767" lon="126.830200">
			<ele>0.00</ele>
			<time>2020-01-20T03:20:29.46Z</time>
		</trkpt>
		<trkpt lat="34.449810" lon="126.830120">
			<ele>0.00</ele>
			<time>2020-01-20T03:20:29.98Z</time>
		</trkpt>
		<trkpt lat="34.449837" lon="126.830043">
			<ele>0.00</ele>
			<time>2020-01-20T03:20:30.44Z</time>
		</trkpt>
		<trkpt lat="34.449863" lon="126.829975">
			<ele>0.00</ele>
			<time>2020-01-20T03:20:30.86Z</time>
		</trkpt>
		<trkpt lat="34.449896" lon="126.829886">
			<ele>0.00</ele>
			<time>2020-01-20T03:20:31.39Z</time>
		</trkpt>
		<trkpt lat="34.449919" lon="126.829823">
			<ele>0.00</ele>
			<time>2020-01-20T03:20:31.77Z</time>
		</trkpt>
		<trkpt lat="34.449943" lon="126.829781">
			<ele>0.00</ele>
			<time>2020-01-20T03:20:32.05Z</time>
		</trkpt>
		<trkpt lat="34.449984" lon="126.829738">
			<ele>0.00</ele>
			<time>2020-01-20T03:20:32.41Z</time>
		</trkpt>
		<trkpt lat="34.450068" lon="126.829643">
			<ele>0.00</ele>
			<time>2020-01-20T03:20:33.18Z</time>
		</trkpt>
		<trkpt lat="34.450138" lon="126.829565">
			<ele>0.00</ele>
			<time>2020-01-20T03:20:33.81Z</time>
		</trkpt>
		<trkpt lat="34.450187" lon="126.829512">
			<ele>0.00</ele>
			<time>2020-01-20T03:20:34.25Z</time>
		</trkpt>
		<trkpt lat="34.450227" lon="126.829464">
			<ele>0.00</ele>
			<time>2020-01-20T03:20:34.63Z</time>
		</trkpt>
		<trkpt lat="34.450270" lon="126.829417">
			<ele>0.00</ele>
			<time>2020-01-20T03:20:35.01Z</time>
		</trkpt>
		<trkpt lat="34.450330" lon="126.829339">
			<ele>0.00</ele>
			<time>2020-01-20T03:20:35.60Z</time>
		</trkpt>
		<trkpt lat="34.450368" lon="126.829277">
			<ele>0.00</ele>
			<time>2020-01-20T03:20:36.02Z</time>
		</trkpt>
		<trkpt lat="34.450405" lon="126.829222">
			<ele>0.00</ele>
			<time>2020-01-20T03:20:36.42Z</time>
		</trkpt>
		<trkpt lat="34.450449" lon="126.829159">
			<ele>0.00</ele>
			<time>2020-01-20T03:20:36.86Z</time>
		</trkpt>
		<trkpt lat="34.450490" lon="126.829097">
			<ele>0.00</ele>
			<time>2020-01-20T03:20:37.30Z</time>
		</trkpt>
		<trkpt lat="34.450534" lon="126.829031">
			<ele>0.00</ele>
			<time>2020-01-20T03:20:37.77Z</time>
		</trkpt>
		<trkpt lat="34.450556" lon="126.828984">
			<ele>0.00</ele>
			<time>2020-01-20T03:20:38.07Z</time>
		</trkpt>
		<trkpt lat="34.450574" lon="126.828935">
			<ele>0.00</ele>
			<time>2020-01-20T03:20:38.36Z</time>
		</trkpt>
		<trkpt lat="34.450588" lon="126.828869">
			<ele>0.00</ele>
			<time>2020-01-20T03:20:38.74Z</time>
		</trkpt>
		<trkpt lat="34.450605" lon="126.828794">
			<ele>0.00</ele>
			<time>2020-01-20T03:20:39.17Z</time>
		</trkpt>
		<trkpt lat="34.450612" lon="126.828718">
			<ele>0.00</ele>
			<time>2020-01-20T03:20:39.58Z</time>
		</trkpt>
		<trkpt lat="34.450623" lon="126.828647">
			<ele>0.00</ele>
			<time>2020-01-20T03:20:39.98Z</time>
		</trkpt>
		<trkpt lat="34.450639" lon="126.828562">
			<ele>0.00</ele>
			<time>2020-01-20T03:20:40.46Z</time>
		</trkpt>
		<trkpt lat="34.450666" lon="126.828489">
			<ele>0.00</ele>
			<time>2020-01-20T03:20:40.90Z</time>
		</trkpt>
		<trkpt lat="34.450666" lon="126.828488">
			<ele>0.00</ele>
			<time>2020-01-20T03:20:40.96Z</time>
		</trkpt>
		<trkpt lat="34.450702" lon="126.828421">
			<ele>0.00</ele>
			<time>2020-01-20T03:20:41.40Z</time>
		</trkpt>
		<trkpt lat="34.450750" lon="126.828378">
			<ele>0.00</ele>
			<time>2020-01-20T03:20:41.79Z</time>
		</trkpt>
		<trkpt lat="34.450794" lon="126.828343">
			<ele>0.00</ele>
			<time>2020-01-20T03:20:42.15Z</time>
		</trkpt>
		<trkpt lat="34.450826" lon="126.828297">
			<ele>0.00</ele>
			<time>2020-01-20T03:20:42.48Z</time>
		</trkpt>
		<trkpt lat="34.450860" lon="126.828229">
			<ele>0.00</ele>
			<time>2020-01-20T03:20:42.92Z</time>
		</trkpt>
		<trkpt lat="34.450905" lon="126.828143">
			<ele>0.00</ele>
			<time>2020-01-20T03:20:43.47Z</time>
		</trkpt>
		<trkpt lat="34.450948" lon="126.828070">
			<ele>0.00</ele>
			<time>2020-01-20T03:20:43.97Z</time>
		</trkpt>
		<trkpt lat="34.451014" lon="126.827975">
			<ele>0.00</ele>
			<time>2020-01-20T03:20:44.65Z</time>
		</trkpt>
		<trkpt lat="34.451067" lon="126.827906">
			<ele>0.00</ele>
			<time>2020-01-20T03:20:45.17Z</time>
		</trkpt>
		<trkpt lat="34.451110" lon="126.827843">
			<ele>0.00</ele>
			<time>2020-01-20T03:20:45.62Z</time>
		</trkpt>
		<trkpt lat="34.451165" lon="126.827756">
			<ele>0.00</ele>
			<time>2020-01-20T03:20:46.22Z</time>
		</trkpt>
		<trkpt lat="34.451218" lon="126.827666">
			<ele>0.00</ele>
			<time>2020-01-20T03:20:46.83Z</time>
		</trkpt>
		<trkpt lat="34.451253" lon="126.827598">
			<ele>0.00</ele>
			<time>2020-01-20T03:20:47.27Z</time>
		</trkpt>
		<trkpt lat="34.451295" lon="126.827521">
			<ele>0.00</ele>
			<time>2020-01-20T03:20:47.78Z</time>
		</trkpt>
		<trkpt lat="34.451346" lon="126.827435">
			<ele>0.00</ele>
			<time>2020-01-20T03:20:48.36Z</time>
		</trkpt>
		<trkpt lat="34.451381" lon="126.827378">
			<ele>0.00</ele>
			<time>2020-01-20T03:20:48.75Z</time>
		</trkpt>
		<trkpt lat="34.451453" lon="126.827302">
			<ele>0.00</ele>
			<time>2020-01-20T03:20:49.39Z</time>
		</trkpt>
		<trkpt lat="34.451490" lon="126.827275">
			<ele>0.00</ele>
			<time>2020-01-20T03:20:49.67Z</time>
		</trkpt>
		<trkpt lat="34.451456" lon="126.827198">
			<ele>0.00</ele>
			<time>2020-01-20T03:20:50.15Z</time>
		</trkpt>
		<trkpt lat="34.451497" lon="126.827126">
			<ele>0.00</ele>
			<time>2020-01-20T03:20:50.63Z</time>
		</trkpt>
		<trkpt lat="34.451502" lon="126.827086">
			<ele>0.00</ele>
			<time>2020-01-20T03:20:50.85Z</time>
		</trkpt>
		<trkpt lat="34.451500" lon="126.827064">
			<ele>0.00</ele>
			<time>2020-01-20T03:20:50.98Z</time>
		</trkpt>
		<trkpt lat="34.451499" lon="126.827065">
			<ele>0.00</ele>
			<time>2020-01-20T03:20:51.04Z</time>
		</trkpt>
		<trkpt lat="34.451489" lon="126.826983">
			<ele>0.00</ele>
			<time>2020-01-20T03:20:51.49Z</time>
		</trkpt>
		<trkpt lat="34.451425" lon="126.826832">
			<ele>0.00</ele>
			<time>2020-01-20T03:20:52.42Z</time>
		</trkpt>
		<trkpt lat="34.451403" lon="126.826798">
			<ele>0.00</ele>
			<time>2020-01-20T03:20:52.66Z</time>
		</trkpt>
		<trkpt lat="34.451377" lon="126.826779">
			<ele>0.00</ele>
			<time>2020-01-20T03:20:52.87Z</time>
		</trkpt>
		<trkpt lat="34.451329" lon="126.826764">
			<ele>0.00</ele>
			<time>2020-01-20T03:20:53.20Z</time>
		</trkpt>
		<trkpt lat="34.451285" lon="126.826762">
			<ele>0.00</ele>
			<time>2020-01-20T03:20:53.49Z</time>
		</trkpt>
		<trkpt lat="34.451266" lon="126.826760">
			<ele>0.00</ele>
			<time>2020-01-20T03:20:53.62Z</time>
		</trkpt>
		<trkpt lat="34.451266" lon="126.826761">
			<ele>0.00</ele>
			<time>2020-01-20T03:20:53.68Z</time>
		</trkpt>
		<trkpt lat="34.451226" lon="126.826695">
			<ele>0.00</ele>
			<time>2020-01-20T03:20:54.13Z</time>
		</trkpt>
		<trkpt lat="34.451226" lon="126.826643">
			<ele>0.00</ele>
			<time>2020-01-20T03:20:54.42Z</time>
		</trkpt>
		<trkpt lat="34.451207" lon="126.826617">
			<ele>0.00</ele>
			<time>2020-01-20T03:20:54.61Z</time>
		</trkpt>
		<trkpt lat="34.451159" lon="126.826585">
			<ele>0.00</ele>
			<time>2020-01-20T03:20:54.98Z</time>
		</trkpt>
		<trkpt lat="34.451063" lon="126.826527">
			<ele>0.00</ele>
			<time>2020-01-20T03:20:55.69Z</time>
		</trkpt>
		<trkpt lat="34.450902" lon="126.826431">
			<ele>0.00</ele>
			<time>2020-01-20T03:20:56.89Z</time>
		</trkpt>
		<trkpt lat="34.450788" lon="126.826366">
			<ele>0.00</ele>
			<time>2020-01-20T03:20:57.73Z</time>
		</trkpt>
		<trkpt lat="34.450662" lon="126.826285">
			<ele>0.00</ele>
			<time>2020-01-20T03:20:58.68Z</time>
		</trkpt>
		<trkpt lat="34.450569" lon="126.826214">
			<ele>0.00</ele>
			<time>2020-01-20T03:20:59.41Z</time>
		</trkpt>
		<trkpt lat="34.450468" lon="126.826142">
			<ele>0.00</ele>
			<time>2020-01-20T03:21:00.19Z</time>
		</trkpt>
		<trkpt lat="34.450395" lon="126.826100">
			<ele>0.00</ele>
			<time>2020-01-20T03:21:00.73Z</time>
		</trkpt>
		<trkpt lat="34.450353" lon="126.826075">
			<ele>0.00</ele>
			<time>2020-01-20T03:21:01.04Z</time>
		</trkpt>
		<trkpt lat="34.450263" lon="126.826045">
			<ele>0.00</ele>
			<time>2020-01-20T03:21:01.66Z</time>
		</trkpt>
		<trkpt lat="34.450188" lon="126.826048">
			<ele>0.00</ele>
			<time>2020-01-20T03:21:02.17Z</time>
		</trkpt>
		<trkpt lat="34.450081" lon="126.826057">
			<ele>0.00</ele>
			<time>2020-01-20T03:21:02.88Z</time>
		</trkpt>
		<trkpt lat="34.450019" lon="126.826070">
			<ele>0.00</ele>
			<time>2020-01-20T03:21:03.30Z</time>
		</trkpt>
		<trkpt lat="34.449905" lon="126.826094">
			<ele>0.00</ele>
			<time>2020-01-20T03:21:04.07Z</time>
		</trkpt>
		<trkpt lat="34.449826" lon="126.826091">
			<ele>0.00</ele>
			<time>2020-01-20T03:21:04.60Z</time>
		</trkpt>
		<trkpt lat="34.449702" lon="126.826066">
			<ele>0.00</ele>
			<time>2020-01-20T03:21:05.43Z</time>
		</trkpt>
		<trkpt lat="34.449634" lon="126.826030">
			<ele>0.00</ele>
			<time>2020-01-20T03:21:05.93Z</time>
		</trkpt>
		<trkpt lat="34.449570" lon="126.825970">
			<ele>0.00</ele>
			<time>2020-01-20T03:21:06.47Z</time>
		</trkpt>
		<trkpt lat="34.449461" lon="126.825852">
			<ele>0.00</ele>
			<time>2020-01-20T03:21:07.44Z</time>
		</trkpt>
		<trkpt lat="34.449407" lon="126.825757">
			<ele>0.00</ele>
			<time>2020-01-20T03:21:08.08Z</time>
		</trkpt>
		<trkpt lat="34.449372" lon="126.825699">
			<ele>0.00</ele>
			<time>2020-01-20T03:21:08.47Z</time>
		</trkpt>
		<trkpt lat="34.449269" lon="126.825464">
			<ele>0.00</ele>
			<time>2020-01-20T03:21:09.93Z</time>
		</trkpt>
		<trkpt lat="34.449239" lon="126.825338">
			<ele>0.00</ele>
			<time>2020-01-20T03:21:10.65Z</time>
		</trkpt>
		<trkpt lat="34.449202" lon="126.825091">
			<ele>0.00</ele>
			<time>2020-01-20T03:21:12.03Z</time>
		</trkpt>
		<trkpt lat="34.449029" lon="126.824470">
			<ele>0.00</ele>
			<time>2020-01-20T03:21:15.64Z</time>
		</trkpt>
		<trkpt lat="34.448987" lon="126.824304">
			<ele>0.00</ele>
			<time>2020-01-20T03:21:16.59Z</time>
		</trkpt>
		<trkpt lat="34.448943" lon="126.824041">
			<ele>0.00</ele>
			<time>2020-01-20T03:21:18.07Z</time>
		</trkpt>
		<trkpt lat="34.448914" lon="126.823835">
			<ele>0.00</ele>
			<time>2020-01-20T03:21:19.22Z</time>
		</trkpt>
		<trkpt lat="34.448897" lon="126.823687">
			<ele>0.00</ele>
			<time>2020-01-20T03:21:20.04Z</time>
		</trkpt>
		<trkpt lat="34.448865" lon="126.823535">
			<ele>0.00</ele>
			<time>2020-01-20T03:21:20.90Z</time>
		</trkpt>
		<trkpt lat="34.448838" lon="126.823459">
			<ele>0.00</ele>
			<time>2020-01-20T03:21:21.35Z</time>
		</trkpt>
		<trkpt lat="34.448826" lon="126.823403">
			<ele>0.00</ele>
			<time>2020-01-20T03:21:21.67Z</time>
		</trkpt>
		<trkpt lat="34.448822" lon="126.823355">
			<ele>0.00</ele>
			<time>2020-01-20T03:21:21.94Z</time>
		</trkpt>
		<trkpt lat="34.448842" lon="126.823307">
			<ele>0.00</ele>
			<time>2020-01-20T03:21:22.24Z</time>
		</trkpt>
		<trkpt lat="34.448876" lon="126.823215">
			<ele>0.00</ele>
			<time>2020-01-20T03:21:22.79Z</time>
		</trkpt>
		<trkpt lat="34.448905" lon="126.823132">
			<ele>0.00</ele>
			<time>2020-01-20T03:21:23.28Z</time>
		</trkpt>
		<trkpt lat="34.448873" lon="126.823097">
			<ele>0.00</ele>
			<time>2020-01-20T03:21:23.57Z</time>
		</trkpt>
		<trkpt lat="34.448765" lon="126.823034">
			<ele>0.00</ele>
			<time>2020-01-20T03:21:24.37Z</time>
		</trkpt>
		<trkpt lat="34.448721" lon="126.823006">
			<ele>0.00</ele>
			<time>2020-01-20T03:21:24.70Z</time>
		</trkpt>
		<trkpt lat="34.448678" lon="126.822986">
			<ele>0.00</ele>
			<time>2020-01-20T03:21:25.01Z</time>
		</trkpt>
		<trkpt lat="34.448639" lon="126.822950">
			<ele>0.00</ele>
			<time>2020-01-20T03:21:25.34Z</time>
		</trkpt>
		<trkpt lat="34.448701" lon="126.822816">
			<ele>0.00</ele>
			<time>2020-01-20T03:21:26.18Z</time>
		</trkpt>
		<trkpt lat="34.448766" lon="126.822671">
			<ele>0.00</ele>
			<time>2020-01-20T03:21:27.09Z</time>
		</trkpt>
		<trkpt lat="34.448790" lon="126.822599">
			<ele>0.00</ele>
			<time>2020-01-20T03:21:27.52Z</time>
		</trkpt>
		<trkpt lat="34.448822" lon="126.822497">
			<ele>0.00</ele>
			<time>2020-01-20T03:21:28.12Z</time>
		</trkpt>
		<trkpt lat="34.448848" lon="126.822388">
			<ele>0.00</ele>
			<time>2020-01-20T03:21:28.74Z</time>
		</trkpt>
		<trkpt lat="34.448882" lon="126.822277">
			<ele>0.00</ele>
			<time>2020-01-20T03:21:29.39Z</time>
		</trkpt>
		<trkpt lat="34.448910" lon="126.822164">
			<ele>0.00</ele>
			<time>2020-01-20T03:21:30.04Z</time>
		</trkpt>
		<trkpt lat="34.448927" lon="126.822090">
			<ele>0.00</ele>
			<time>2020-01-20T03:21:30.46Z</time>
		</trkpt>
		<trkpt lat="34.448922" lon="126.821979">
			<ele>0.00</ele>
			<time>2020-01-20T03:21:31.07Z</time>
		</trkpt>
		<trkpt lat="34.448916" lon="126.821804">
			<ele>0.00</ele>
			<time>2020-01-20T03:21:32.04Z</time>
		</trkpt>
		<trkpt lat="34.448920" lon="126.821654">
			<ele>0.00</ele>
			<time>2020-01-20T03:21:32.86Z</time>
		</trkpt>
		<trkpt lat="34.448915" lon="126.821520">
			<ele>0.00</ele>
			<time>2020-01-20T03:21:33.60Z</time>
		</trkpt>
		<trkpt lat="34.448915" lon="126.821245">
			<ele>0.00</ele>
			<time>2020-01-20T03:21:35.11Z</time>
		</trkpt>
		<trkpt lat="34.448915" lon="126.821060">
			<ele>0.00</ele>
			<time>2020-01-20T03:21:36.13Z</time>
		</trkpt>
		<trkpt lat="34.448916" lon="126.820790">
			<ele>0.00</ele>
			<time>2020-01-20T03:21:37.61Z</time>
		</trkpt>
		<trkpt lat="34.448918" lon="126.820612">
			<ele>0.00</ele>
			<time>2020-01-20T03:21:38.59Z</time>
		</trkpt>
		<trkpt lat="34.448918" lon="126.820523">
			<ele>0.00</ele>
			<time>2020-01-20T03:21:39.08Z</time>
		</trkpt>
		<trkpt lat="34.448914" lon="126.820396">
			<ele>0.00</ele>
			<time>2020-01-20T03:21:39.78Z</time>
		</trkpt>
		<trkpt lat="34.448907" lon="126.820348">
			<ele>0.00</ele>
			<time>2020-01-20T03:21:40.05Z</time>
		</trkpt>
		<trkpt lat="34.448904" lon="126.820347">
			<ele>0.00</ele>
			<time>2020-01-20T03:21:40.11Z</time>
		</trkpt>
		<extensions>
			<gte:name>#453</gte:name>
			<gte:color>#00ce00</gte:color>
		</extensions>
	</trkseg>
</trk>
</gpx>