<?xml version="1.0" encoding="UTF-8"?>
<gpx version="1.1" creator="GPS Track Editor" xmlns="http://www.topografix.com/GPX/1/1" xmlns:xsi="http://www.w3.org/2001/XMLSchema-instance" xmlns:gte="http://www.gpstrackeditor.com/xmlschemas/General/1" xmlns:gpxtpx="http://www.garmin.com/xmlschemas/TrackPointExtension/v1" xmlns:gpxx="http://www.garmin.com/xmlschemas/GpxExtensions/v3" targetNamespace="http://www.topografix.com/GPX/1/1" elementFormDefault="qualified" xsi:schemaLocation="http://www.topografix.com/GPX/1/1 http://www.topografix.com/GPX/1/1/gpx.xsd">
<metadata>
	<name>GPS_2020-01-20_005439</name>
</metadata>
<trk>
	<name>073-고흥군 두원면 대전리 대전해수욕장~고흥군 과역면 노일리 내로마을회관 앞</name>
	<trkseg>
		<trkpt lat="34.712143" lon="127.269807">
			<ele>0.00</ele>
			<time>2020-01-20T00:54:39.01Z</time>
		</trkpt>
		<trkpt lat="34.712175" lon="127.269926">
			<ele>0.00</ele>
			<time>2020-01-20T00:54:39.71Z</time>
		</trkpt>
		<trkpt lat="34.712218" lon="127.270052">
			<ele>0.00</ele>
			<time>2020-01-20T00:54:40.45Z</time>
		</trkpt>
		<trkpt lat="34.712267" lon="127.270160">
			<ele>0.00</ele>
			<time>2020-01-20T00:54:41.12Z</time>
		</trkpt>
		<trkpt lat="34.712317" lon="127.270281">
			<ele>0.00</ele>
			<time>2020-01-20T00:54:41.86Z</time>
		</trkpt>
		<trkpt lat="34.712381" lon="127.270397">
			<ele>0.00</ele>
			<time>2020-01-20T00:54:42.63Z</time>
		</trkpt>
		<trkpt lat="34.712436" lon="127.270512">
			<ele>0.00</ele>
			<time>2020-01-20T00:54:43.37Z</time>
		</trkpt>
		<trkpt lat="34.712495" lon="127.270612">
			<ele>0.00</ele>
			<time>2020-01-20T00:54:44.04Z</time>
		</trkpt>
		<trkpt lat="34.712557" lon="127.270731">
			<ele>0.00</ele>
			<time>2020-01-20T00:54:44.81Z</time>
		</trkpt>
		<trkpt lat="34.712612" lon="127.270828">
			<ele>0.00</ele>
			<time>2020-01-20T00:54:45.45Z</time>
		</trkpt>
		<trkpt lat="34.712675" lon="127.270931">
			<ele>0.00</ele>
			<time>2020-01-20T00:54:46.16Z</time>
		</trkpt>
		<trkpt lat="34.712742" lon="127.271039">
			<ele>0.00</ele>
			<time>2020-01-20T00:54:46.90Z</time>
		</trkpt>
		<trkpt lat="34.712806" lon="127.271139">
			<ele>0.00</ele>
			<time>2020-01-20T00:54:47.60Z</time>
		</trkpt>
		<trkpt lat="34.712869" lon="127.271255">
			<ele>0.00</ele>
			<time>2020-01-20T00:54:48.36Z</time>
		</trkpt>
		<trkpt lat="34.712939" lon="127.271357">
			<ele>0.00</ele>
			<time>2020-01-20T00:54:49.09Z</time>
		</trkpt>
		<trkpt lat="34.713006" lon="127.271470">
			<ele>0.00</ele>
			<time>2020-01-20T00:54:49.85Z</time>
		</trkpt>
		<trkpt lat="34.713078" lon="127.271588">
			<ele>0.00</ele>
			<time>2020-01-20T00:54:50.65Z</time>
		</trkpt>
		<trkpt lat="34.713156" lon="127.271691">
			<ele>0.00</ele>
			<time>2020-01-20T00:54:51.42Z</time>
		</trkpt>
		<trkpt lat="34.713227" lon="127.271804">
			<ele>0.00</ele>
			<time>2020-01-20T00:54:52.20Z</time>
		</trkpt>
		<trkpt lat="34.713304" lon="127.271915">
			<ele>0.00</ele>
			<time>2020-01-20T00:54:53Z</time>
		</trkpt>
		<trkpt lat="34.713374" lon="127.272026">
			<ele>0.00</ele>
			<time>2020-01-20T00:54:53.76Z</time>
		</trkpt>
		<trkpt lat="34.713431" lon="127.272114">
			<ele>0.00</ele>
			<time>2020-01-20T00:54:54.38Z</time>
		</trkpt>
		<trkpt lat="34.713497" lon="127.272228">
			<ele>0.00</ele>
			<time>2020-01-20T00:54:55.14Z</time>
		</trkpt>
		<trkpt lat="34.713572" lon="127.272320">
			<ele>0.00</ele>
			<time>2020-01-20T00:54:55.85Z</time>
		</trkpt>
		<trkpt lat="34.713648" lon="127.272394">
			<ele>0.00</ele>
			<time>2020-01-20T00:54:56.50Z</time>
		</trkpt>
		<trkpt lat="34.713734" lon="127.272443">
			<ele>0.00</ele>
			<time>2020-01-20T00:54:57.13Z</time>
		</trkpt>
		<trkpt lat="34.713803" lon="127.272457">
			<ele>0.00</ele>
			<time>2020-01-20T00:54:57.60Z</time>
		</trkpt>
		<trkpt lat="34.713883" lon="127.272554">
			<ele>0.00</ele>
			<time>2020-01-20T00:54:58.35Z</time>
		</trkpt>
		<trkpt lat="34.713952" lon="127.272647">
			<ele>0.00</ele>
			<time>2020-01-20T00:54:59.04Z</time>
		</trkpt>
		<trkpt lat="34.714034" lon="127.272747">
			<ele>0.00</ele>
			<time>2020-01-20T00:54:59.81Z</time>
		</trkpt>
		<trkpt lat="34.714120" lon="127.272843">
			<ele>0.00</ele>
			<time>2020-01-20T00:55:00.59Z</time>
		</trkpt>
		<trkpt lat="34.714195" lon="127.272934">
			<ele>0.00</ele>
			<time>2020-01-20T00:55:01.30Z</time>
		</trkpt>
		<trkpt lat="34.714264" lon="127.273020">
			<ele>0.00</ele>
			<time>2020-01-20T00:55:01.95Z</time>
		</trkpt>
		<trkpt lat="34.714335" lon="127.273113">
			<ele>0.00</ele>
			<time>2020-01-20T00:55:02.65Z</time>
		</trkpt>
		<trkpt lat="34.714410" lon="127.273181">
			<ele>0.00</ele>
			<time>2020-01-20T00:55:03.28Z</time>
		</trkpt>
		<trkpt lat="34.714490" lon="127.273281">
			<ele>0.00</ele>
			<time>2020-01-20T00:55:04.04Z</time>
		</trkpt>
		<trkpt lat="34.714576" lon="127.273374">
			<ele>0.00</ele>
			<time>2020-01-20T00:55:04.81Z</time>
		</trkpt>
		<trkpt lat="34.714668" lon="127.273461">
			<ele>0.00</ele>
			<time>2020-01-20T00:55:05.59Z</time>
		</trkpt>
		<trkpt lat="34.714744" lon="127.273555">
			<ele>0.00</ele>
			<time>2020-01-20T00:55:06.31Z</time>
		</trkpt>
		<trkpt lat="34.714836" lon="127.273652">
			<ele>0.00</ele>
			<time>2020-01-20T00:55:07.12Z</time>
		</trkpt>
		<trkpt lat="34.714926" lon="127.273747">
			<ele>0.00</ele>
			<time>2020-01-20T00:55:07.92Z</time>
		</trkpt>
		<trkpt lat="34.715004" lon="127.273823">
			<ele>0.00</ele>
			<time>2020-01-20T00:55:08.58Z</time>
		</trkpt>
		<trkpt lat="34.715050" lon="127.273915">
			<ele>0.00</ele>
			<time>2020-01-20T00:55:09.17Z</time>
		</trkpt>
		<trkpt lat="34.715024" lon="127.274027">
			<ele>0.00</ele>
			<time>2020-01-20T00:55:09.81Z</time>
		</trkpt>
		<trkpt lat="34.715039" lon="127.274123">
			<ele>0.00</ele>
			<time>2020-01-20T00:55:10.34Z</time>
		</trkpt>
		<trkpt lat="34.715087" lon="127.274233">
			<ele>0.00</ele>
			<time>2020-01-20T00:55:11.03Z</time>
		</trkpt>
		<trkpt lat="34.715146" lon="127.274341">
			<ele>0.00</ele>
			<time>2020-01-20T00:55:11.74Z</time>
		</trkpt>
		<trkpt lat="34.715195" lon="127.274441">
			<ele>0.00</ele>
			<time>2020-01-20T00:55:12.37Z</time>
		</trkpt>
		<trkpt lat="34.715229" lon="127.274564">
			<ele>0.00</ele>
			<time>2020-01-20T00:55:13.08Z</time>
		</trkpt>
		<trkpt lat="34.715230" lon="127.274623">
			<ele>0.00</ele>
			<time>2020-01-20T00:55:13.41Z</time>
		</trkpt>
		<trkpt lat="34.715318" lon="127.274691">
			<ele>0.00</ele>
			<time>2020-01-20T00:55:14.10Z</time>
		</trkpt>
		<trkpt lat="34.715402" lon="127.274775">
			<ele>0.00</ele>
			<time>2020-01-20T00:55:14.83Z</time>
		</trkpt>
		<trkpt lat="34.715474" lon="127.274861">
			<ele>0.00</ele>
			<time>2020-01-20T00:55:15.50Z</time>
		</trkpt>
		<trkpt lat="34.715545" lon="127.274951">
			<ele>0.00</ele>
			<time>2020-01-20T00:55:16.18Z</time>
		</trkpt>
		<trkpt lat="34.715536" lon="127.275067">
			<ele>0.00</ele>
			<time>2020-01-20T00:55:16.82Z</time>
		</trkpt>
		<trkpt lat="34.715516" lon="127.275216">
			<ele>0.00</ele>
			<time>2020-01-20T00:55:17.65Z</time>
		</trkpt>
		<trkpt lat="34.715482" lon="127.275374">
			<ele>0.00</ele>
			<time>2020-01-20T00:55:18.54Z</time>
		</trkpt>
		<trkpt lat="34.715449" lon="127.275517">
			<ele>0.00</ele>
			<time>2020-01-20T00:55:19.36Z</time>
		</trkpt>
		<trkpt lat="34.715411" lon="127.275683">
			<ele>0.00</ele>
			<time>2020-01-20T00:55:20.30Z</time>
		</trkpt>
		<trkpt lat="34.715386" lon="127.275831">
			<ele>0.00</ele>
			<time>2020-01-20T00:55:21.13Z</time>
		</trkpt>
		<trkpt lat="34.715353" lon="127.275987">
			<ele>0.00</ele>
			<time>2020-01-20T00:55:22.01Z</time>
		</trkpt>
		<trkpt lat="34.715318" lon="127.276139">
			<ele>0.00</ele>
			<time>2020-01-20T00:55:22.88Z</time>
		</trkpt>
		<trkpt lat="34.715287" lon="127.276292">
			<ele>0.00</ele>
			<time>2020-01-20T00:55:23.74Z</time>
		</trkpt>
		<trkpt lat="34.715253" lon="127.276449">
			<ele>0.00</ele>
			<time>2020-01-20T00:55:24.63Z</time>
		</trkpt>
		<trkpt lat="34.715226" lon="127.276590">
			<ele>0.00</ele>
			<time>2020-01-20T00:55:25.42Z</time>
		</trkpt>
		<trkpt lat="34.715201" lon="127.276731">
			<ele>0.00</ele>
			<time>2020-01-20T00:55:26.21Z</time>
		</trkpt>
		<trkpt lat="34.715169" lon="127.276872">
			<ele>0.00</ele>
			<time>2020-01-20T00:55:27.01Z</time>
		</trkpt>
		<trkpt lat="34.715139" lon="127.277022">
			<ele>0.00</ele>
			<time>2020-01-20T00:55:27.86Z</time>
		</trkpt>
		<trkpt lat="34.715104" lon="127.277177">
			<ele>0.00</ele>
			<time>2020-01-20T00:55:28.74Z</time>
		</trkpt>
		<trkpt lat="34.715072" lon="127.277301">
			<ele>0.00</ele>
			<time>2020-01-20T00:55:29.45Z</time>
		</trkpt>
		<trkpt lat="34.715047" lon="127.277434">
			<ele>0.00</ele>
			<time>2020-01-20T00:55:30.20Z</time>
		</trkpt>
		<trkpt lat="34.715037" lon="127.277593">
			<ele>0.00</ele>
			<time>2020-01-20T00:55:31.07Z</time>
		</trkpt>
		<trkpt lat="34.715047" lon="127.277743">
			<ele>0.00</ele>
			<time>2020-01-20T00:55:31.90Z</time>
		</trkpt>
		<trkpt lat="34.715084" lon="127.277877">
			<ele>0.00</ele>
			<time>2020-01-20T00:55:32.67Z</time>
		</trkpt>
		<trkpt lat="34.715130" lon="127.277977">
			<ele>0.00</ele>
			<time>2020-01-20T00:55:33.30Z</time>
		</trkpt>
		<trkpt lat="34.715172" lon="127.278079">
			<ele>0.00</ele>
			<time>2020-01-20T00:55:33.93Z</time>
		</trkpt>
		<trkpt lat="34.715134" lon="127.278165">
			<ele>0.00</ele>
			<time>2020-01-20T00:55:34.46Z</time>
		</trkpt>
		<trkpt lat="34.715027" lon="127.278095">
			<ele>0.00</ele>
			<time>2020-01-20T00:55:35.27Z</time>
		</trkpt>
		<trkpt lat="34.714918" lon="127.278060">
			<ele>0.00</ele>
			<time>2020-01-20T00:55:36.02Z</time>
		</trkpt>
		<trkpt lat="34.714808" lon="127.278021">
			<ele>0.00</ele>
			<time>2020-01-20T00:55:36.78Z</time>
		</trkpt>
		<trkpt lat="34.714697" lon="127.277987">
			<ele>0.00</ele>
			<time>2020-01-20T00:55:37.55Z</time>
		</trkpt>
		<trkpt lat="34.714580" lon="127.277948">
			<ele>0.00</ele>
			<time>2020-01-20T00:55:38.36Z</time>
		</trkpt>
		<trkpt lat="34.714464" lon="127.277921">
			<ele>0.00</ele>
			<time>2020-01-20T00:55:39.14Z</time>
		</trkpt>
		<trkpt lat="34.714348" lon="127.277885">
			<ele>0.00</ele>
			<time>2020-01-20T00:55:39.94Z</time>
		</trkpt>
		<trkpt lat="34.714236" lon="127.277848">
			<ele>0.00</ele>
			<time>2020-01-20T00:55:40.72Z</time>
		</trkpt>
		<trkpt lat="34.714115" lon="127.277808">
			<ele>0.00</ele>
			<time>2020-01-20T00:55:41.55Z</time>
		</trkpt>
		<trkpt lat="34.713981" lon="127.277775">
			<ele>0.00</ele>
			<time>2020-01-20T00:55:42.46Z</time>
		</trkpt>
		<trkpt lat="34.713850" lon="127.277733">
			<ele>0.00</ele>
			<time>2020-01-20T00:55:43.37Z</time>
		</trkpt>
		<trkpt lat="34.713721" lon="127.277690">
			<ele>0.00</ele>
			<time>2020-01-20T00:55:44.26Z</time>
		</trkpt>
		<trkpt lat="34.713606" lon="127.277656">
			<ele>0.00</ele>
			<time>2020-01-20T00:55:45.05Z</time>
		</trkpt>
		<trkpt lat="34.713473" lon="127.277617">
			<ele>0.00</ele>
			<time>2020-01-20T00:55:45.96Z</time>
		</trkpt>
		<trkpt lat="34.713352" lon="127.277568">
			<ele>0.00</ele>
			<time>2020-01-20T00:55:46.81Z</time>
		</trkpt>
		<trkpt lat="34.713230" lon="127.277537">
			<ele>0.00</ele>
			<time>2020-01-20T00:55:47.64Z</time>
		</trkpt>
		<trkpt lat="34.713074" lon="127.277494">
			<ele>0.00</ele>
			<time>2020-01-20T00:55:48.70Z</time>
		</trkpt>
		<trkpt lat="34.712946" lon="127.277451">
			<ele>0.00</ele>
			<time>2020-01-20T00:55:49.59Z</time>
		</trkpt>
		<trkpt lat="34.712827" lon="127.277415">
			<ele>0.00</ele>
			<time>2020-01-20T00:55:50.41Z</time>
		</trkpt>
		<trkpt lat="34.712696" lon="127.277367">
			<ele>0.00</ele>
			<time>2020-01-20T00:55:51.32Z</time>
		</trkpt>
		<trkpt lat="34.712591" lon="127.277339">
			<ele>0.00</ele>
			<time>2020-01-20T00:55:52.04Z</time>
		</trkpt>
		<trkpt lat="34.712465" lon="127.277298">
			<ele>0.00</ele>
			<time>2020-01-20T00:55:52.91Z</time>
		</trkpt>
		<trkpt lat="34.712345" lon="127.277263">
			<ele>0.00</ele>
			<time>2020-01-20T00:55:53.73Z</time>
		</trkpt>
		<trkpt lat="34.712238" lon="127.277232">
			<ele>0.00</ele>
			<time>2020-01-20T00:55:54.46Z</time>
		</trkpt>
		<trkpt lat="34.712112" lon="127.277189">
			<ele>0.00</ele>
			<time>2020-01-20T00:55:55.34Z</time>
		</trkpt>
		<trkpt lat="34.711998" lon="127.277166">
			<ele>0.00</ele>
			<time>2020-01-20T00:55:56.11Z</time>
		</trkpt>
		<trkpt lat="34.711889" lon="127.277129">
			<ele>0.00</ele>
			<time>2020-01-20T00:55:56.86Z</time>
		</trkpt>
		<trkpt lat="34.711783" lon="127.277090">
			<ele>0.00</ele>
			<time>2020-01-20T00:55:57.60Z</time>
		</trkpt>
		<trkpt lat="34.711674" lon="127.277052">
			<ele>0.00</ele>
			<time>2020-01-20T00:55:58.35Z</time>
		</trkpt>
		<trkpt lat="34.711587" lon="127.277033">
			<ele>0.00</ele>
			<time>2020-01-20T00:55:58.95Z</time>
		</trkpt>
		<trkpt lat="34.711487" lon="127.277007">
			<ele>0.00</ele>
			<time>2020-01-20T00:55:59.62Z</time>
		</trkpt>
		<trkpt lat="34.711387" lon="127.276982">
			<ele>0.00</ele>
			<time>2020-01-20T00:56:00.31Z</time>
		</trkpt>
		<trkpt lat="34.711275" lon="127.276968">
			<ele>0.00</ele>
			<time>2020-01-20T00:56:01.06Z</time>
		</trkpt>
		<trkpt lat="34.711168" lon="127.276995">
			<ele>0.00</ele>
			<time>2020-01-20T00:56:01.78Z</time>
		</trkpt>
		<trkpt lat="34.711065" lon="127.277011">
			<ele>0.00</ele>
			<time>2020-01-20T00:56:02.48Z</time>
		</trkpt>
		<trkpt lat="34.710965" lon="127.277005">
			<ele>0.00</ele>
			<time>2020-01-20T00:56:03.15Z</time>
		</trkpt>
		<trkpt lat="34.710856" lon="127.276993">
			<ele>0.00</ele>
			<time>2020-01-20T00:56:03.87Z</time>
		</trkpt>
		<trkpt lat="34.710785" lon="127.276982">
			<ele>0.00</ele>
			<time>2020-01-20T00:56:04.36Z</time>
		</trkpt>
		<trkpt lat="34.710711" lon="127.276910">
			<ele>0.00</ele>
			<time>2020-01-20T00:56:04.99Z</time>
		</trkpt>
		<trkpt lat="34.710622" lon="127.276857">
			<ele>0.00</ele>
			<time>2020-01-20T00:56:05.65Z</time>
		</trkpt>
		<trkpt lat="34.710526" lon="127.276813">
			<ele>0.00</ele>
			<time>2020-01-20T00:56:06.33Z</time>
		</trkpt>
		<trkpt lat="34.710417" lon="127.276780">
			<ele>0.00</ele>
			<time>2020-01-20T00:56:07.08Z</time>
		</trkpt>
		<trkpt lat="34.710331" lon="127.276754">
			<ele>0.00</ele>
			<time>2020-01-20T00:56:07.67Z</time>
		</trkpt>
		<trkpt lat="34.710250" lon="127.276679">
			<ele>0.00</ele>
			<time>2020-01-20T00:56:08.35Z</time>
		</trkpt>
		<trkpt lat="34.710185" lon="127.276584">
			<ele>0.00</ele>
			<time>2020-01-20T00:56:09.03Z</time>
		</trkpt>
		<trkpt lat="34.710131" lon="127.276469">
			<ele>0.00</ele>
			<time>2020-01-20T00:56:09.75Z</time>
		</trkpt>
		<trkpt lat="34.710051" lon="127.276348">
			<ele>0.00</ele>
			<time>2020-01-20T00:56:10.60Z</time>
		</trkpt>
		<trkpt lat="34.709960" lon="127.276252">
			<ele>0.00</ele>
			<time>2020-01-20T00:56:11.41Z</time>
		</trkpt>
		<trkpt lat="34.709880" lon="127.276171">
			<ele>0.00</ele>
			<time>2020-01-20T00:56:12.10Z</time>
		</trkpt>
		<trkpt lat="34.709821" lon="127.276105">
			<ele>0.00</ele>
			<time>2020-01-20T00:56:12.64Z</time>
		</trkpt>
		<trkpt lat="34.709773" lon="127.276033">
			<ele>0.00</ele>
			<time>2020-01-20T00:56:13.14Z</time>
		</trkpt>
		<trkpt lat="34.709750" lon="127.275918">
			<ele>0.00</ele>
			<time>2020-01-20T00:56:13.79Z</time>
		</trkpt>
		<trkpt lat="34.709745" lon="127.275812">
			<ele>0.00</ele>
			<time>2020-01-20T00:56:14.37Z</time>
		</trkpt>
		<trkpt lat="34.709753" lon="127.275663">
			<ele>0.00</ele>
			<time>2020-01-20T00:56:15.19Z</time>
		</trkpt>
		<trkpt lat="34.709761" lon="127.275580">
			<ele>0.00</ele>
			<time>2020-01-20T00:56:15.65Z</time>
		</trkpt>
		<trkpt lat="34.709756" lon="127.275474">
			<ele>0.00</ele>
			<time>2020-01-20T00:56:16.23Z</time>
		</trkpt>
		<trkpt lat="34.709750" lon="127.275328">
			<ele>0.00</ele>
			<time>2020-01-20T00:56:17.03Z</time>
		</trkpt>
		<trkpt lat="34.709647" lon="127.275332">
			<ele>0.00</ele>
			<time>2020-01-20T00:56:17.72Z</time>
		</trkpt>
		<trkpt lat="34.709551" lon="127.275366">
			<ele>0.00</ele>
			<time>2020-01-20T00:56:18.39Z</time>
		</trkpt>
		<trkpt lat="34.709449" lon="127.275405">
			<ele>0.00</ele>
			<time>2020-01-20T00:56:19.10Z</time>
		</trkpt>
		<trkpt lat="34.709356" lon="127.275443">
			<ele>0.00</ele>
			<time>2020-01-20T00:56:19.75Z</time>
		</trkpt>
		<trkpt lat="34.709303" lon="127.275373">
			<ele>0.00</ele>
			<time>2020-01-20T00:56:20.27Z</time>
		</trkpt>
		<trkpt lat="34.709275" lon="127.275324">
			<ele>0.00</ele>
			<time>2020-01-20T00:56:20.60Z</time>
		</trkpt>
		<trkpt lat="34.709216" lon="127.275370">
			<ele>0.00</ele>
			<time>2020-01-20T00:56:21.06Z</time>
		</trkpt>
		<trkpt lat="34.709120" lon="127.275393">
			<ele>0.00</ele>
			<time>2020-01-20T00:56:21.72Z</time>
		</trkpt>
		<trkpt lat="34.709048" lon="127.275425">
			<ele>0.00</ele>
			<time>2020-01-20T00:56:22.23Z</time>
		</trkpt>
		<trkpt lat="34.708987" lon="127.275489">
			<ele>0.00</ele>
			<time>2020-01-20T00:56:22.77Z</time>
		</trkpt>
		<trkpt lat="34.708891" lon="127.275541">
			<ele>0.00</ele>
			<time>2020-01-20T00:56:23.47Z</time>
		</trkpt>
		<trkpt lat="34.708783" lon="127.275554">
			<ele>0.00</ele>
			<time>2020-01-20T00:56:24.19Z</time>
		</trkpt>
		<trkpt lat="34.708675" lon="127.275565">
			<ele>0.00</ele>
			<time>2020-01-20T00:56:24.91Z</time>
		</trkpt>
		<trkpt lat="34.708560" lon="127.275597">
			<ele>0.00</ele>
			<time>2020-01-20T00:56:25.69Z</time>
		</trkpt>
		<trkpt lat="34.708476" lon="127.275632">
			<ele>0.00</ele>
			<time>2020-01-20T00:56:26.29Z</time>
		</trkpt>
		<trkpt lat="34.708411" lon="127.275718">
			<ele>0.00</ele>
			<time>2020-01-20T00:56:26.93Z</time>
		</trkpt>
		<trkpt lat="34.708330" lon="127.275822">
			<ele>0.00</ele>
			<time>2020-01-20T00:56:27.72Z</time>
		</trkpt>
		<trkpt lat="34.708242" lon="127.275955">
			<ele>0.00</ele>
			<time>2020-01-20T00:56:28.65Z</time>
		</trkpt>
		<trkpt lat="34.708180" lon="127.276065">
			<ele>0.00</ele>
			<time>2020-01-20T00:56:29.39Z</time>
		</trkpt>
		<trkpt lat="34.708135" lon="127.276165">
			<ele>0.00</ele>
			<time>2020-01-20T00:56:30.01Z</time>
		</trkpt>
		<trkpt lat="34.708078" lon="127.276244">
			<ele>0.00</ele>
			<time>2020-01-20T00:56:30.58Z</time>
		</trkpt>
		<trkpt lat="34.707994" lon="127.276325">
			<ele>0.00</ele>
			<time>2020-01-20T00:56:31.29Z</time>
		</trkpt>
		<trkpt lat="34.707902" lon="127.276414">
			<ele>0.00</ele>
			<time>2020-01-20T00:56:32.08Z</time>
		</trkpt>
		<trkpt lat="34.707821" lon="127.276524">
			<ele>0.00</ele>
			<time>2020-01-20T00:56:32.89Z</time>
		</trkpt>
		<trkpt lat="34.707768" lon="127.276586">
			<ele>0.00</ele>
			<time>2020-01-20T00:56:33.38Z</time>
		</trkpt>
		<trkpt lat="34.707707" lon="127.276660">
			<ele>0.00</ele>
			<time>2020-01-20T00:56:33.95Z</time>
		</trkpt>
		<trkpt lat="34.707644" lon="127.276731">
			<ele>0.00</ele>
			<time>2020-01-20T00:56:34.53Z</time>
		</trkpt>
		<trkpt lat="34.707591" lon="127.276799">
			<ele>0.00</ele>
			<time>2020-01-20T00:56:35.04Z</time>
		</trkpt>
		<trkpt lat="34.707531" lon="127.276888">
			<ele>0.00</ele>
			<time>2020-01-20T00:56:35.67Z</time>
		</trkpt>
		<trkpt lat="34.707479" lon="127.276994">
			<ele>0.00</ele>
			<time>2020-01-20T00:56:36.35Z</time>
		</trkpt>
		<trkpt lat="34.707419" lon="127.277110">
			<ele>0.00</ele>
			<time>2020-01-20T00:56:37.10Z</time>
		</trkpt>
		<trkpt lat="34.707386" lon="127.277240">
			<ele>0.00</ele>
			<time>2020-01-20T00:56:37.85Z</time>
		</trkpt>
		<trkpt lat="34.707371" lon="127.277355">
			<ele>0.00</ele>
			<time>2020-01-20T00:56:38.48Z</time>
		</trkpt>
		<trkpt lat="34.707346" lon="127.277475">
			<ele>0.00</ele>
			<time>2020-01-20T00:56:39.16Z</time>
		</trkpt>
		<trkpt lat="34.707321" lon="127.277603">
			<ele>0.00</ele>
			<time>2020-01-20T00:56:39.88Z</time>
		</trkpt>
		<trkpt lat="34.707318" lon="127.277676">
			<ele>0.00</ele>
			<time>2020-01-20T00:56:40.28Z</time>
		</trkpt>
		<trkpt lat="34.707369" lon="127.277767">
			<ele>0.00</ele>
			<time>2020-01-20T00:56:40.89Z</time>
		</trkpt>
		<trkpt lat="34.707382" lon="127.277853">
			<ele>0.00</ele>
			<time>2020-01-20T00:56:41.37Z</time>
		</trkpt>
		<trkpt lat="34.707377" lon="127.277933">
			<ele>0.00</ele>
			<time>2020-01-20T00:56:41.81Z</time>
		</trkpt>
		<trkpt lat="34.707426" lon="127.278062">
			<ele>0.00</ele>
			<time>2020-01-20T00:56:42.58Z</time>
		</trkpt>
		<trkpt lat="34.707472" lon="127.278151">
			<ele>0.00</ele>
			<time>2020-01-20T00:56:43.16Z</time>
		</trkpt>
		<trkpt lat="34.707486" lon="127.278225">
			<ele>0.00</ele>
			<time>2020-01-20T00:56:43.58Z</time>
		</trkpt>
		<trkpt lat="34.707511" lon="127.278341">
			<ele>0.00</ele>
			<time>2020-01-20T00:56:44.24Z</time>
		</trkpt>
		<trkpt lat="34.707574" lon="127.278431">
			<ele>0.00</ele>
			<time>2020-01-20T00:56:44.88Z</time>
		</trkpt>
		<trkpt lat="34.707593" lon="127.278551">
			<ele>0.00</ele>
			<time>2020-01-20T00:56:45.55Z</time>
		</trkpt>
		<trkpt lat="34.707595" lon="127.278677">
			<ele>0.00</ele>
			<time>2020-01-20T00:56:46.24Z</time>
		</trkpt>
		<trkpt lat="34.707577" lon="127.278808">
			<ele>0.00</ele>
			<time>2020-01-20T00:56:46.97Z</time>
		</trkpt>
		<trkpt lat="34.707536" lon="127.278924">
			<ele>0.00</ele>
			<time>2020-01-20T00:56:47.66Z</time>
		</trkpt>
		<trkpt lat="34.707509" lon="127.279054">
			<ele>0.00</ele>
			<time>2020-01-20T00:56:48.39Z</time>
		</trkpt>
		<trkpt lat="34.707461" lon="127.279203">
			<ele>0.00</ele>
			<time>2020-01-20T00:56:49.27Z</time>
		</trkpt>
		<trkpt lat="34.707423" lon="127.279303">
			<ele>0.00</ele>
			<time>2020-01-20T00:56:49.88Z</time>
		</trkpt>
		<trkpt lat="34.707410" lon="127.279462">
			<ele>0.00</ele>
			<time>2020-01-20T00:56:50.75Z</time>
		</trkpt>
		<trkpt lat="34.707405" lon="127.279599">
			<ele>0.00</ele>
			<time>2020-01-20T00:56:51.50Z</time>
		</trkpt>
		<trkpt lat="34.707395" lon="127.279744">
			<ele>0.00</ele>
			<time>2020-01-20T00:56:52.30Z</time>
		</trkpt>
		<trkpt lat="34.707380" lon="127.279895">
			<ele>0.00</ele>
			<time>2020-01-20T00:56:53.13Z</time>
		</trkpt>
		<trkpt lat="34.707340" lon="127.280031">
			<ele>0.00</ele>
			<time>2020-01-20T00:56:53.93Z</time>
		</trkpt>
		<trkpt lat="34.707310" lon="127.280164">
			<ele>0.00</ele>
			<time>2020-01-20T00:56:54.68Z</time>
		</trkpt>
		<trkpt lat="34.707322" lon="127.280288">
			<ele>0.00</ele>
			<time>2020-01-20T00:56:55.37Z</time>
		</trkpt>
		<trkpt lat="34.707324" lon="127.280362">
			<ele>0.00</ele>
			<time>2020-01-20T00:56:55.77Z</time>
		</trkpt>
		<trkpt lat="34.707208" lon="127.280385">
			<ele>0.00</ele>
			<time>2020-01-20T00:56:56.55Z</time>
		</trkpt>
		<trkpt lat="34.707107" lon="127.280431">
			<ele>0.00</ele>
			<time>2020-01-20T00:56:57.28Z</time>
		</trkpt>
		<trkpt lat="34.707005" lon="127.280479">
			<ele>0.00</ele>
			<time>2020-01-20T00:56:58Z</time>
		</trkpt>
		<trkpt lat="34.706893" lon="127.280529">
			<ele>0.00</ele>
			<time>2020-01-20T00:56:58.80Z</time>
		</trkpt>
		<trkpt lat="34.706788" lon="127.280573">
			<ele>0.00</ele>
			<time>2020-01-20T00:56:59.54Z</time>
		</trkpt>
		<trkpt lat="34.706706" lon="127.280630">
			<ele>0.00</ele>
			<time>2020-01-20T00:57:00.17Z</time>
		</trkpt>
		<trkpt lat="34.706629" lon="127.280720">
			<ele>0.00</ele>
			<time>2020-01-20T00:57:00.88Z</time>
		</trkpt>
		<trkpt lat="34.706550" lon="127.280812">
			<ele>0.00</ele>
			<time>2020-01-20T00:57:01.61Z</time>
		</trkpt>
		<trkpt lat="34.706460" lon="127.280912">
			<ele>0.00</ele>
			<time>2020-01-20T00:57:02.42Z</time>
		</trkpt>
		<trkpt lat="34.706392" lon="127.281007">
			<ele>0.00</ele>
			<time>2020-01-20T00:57:03.12Z</time>
		</trkpt>
		<trkpt lat="34.706326" lon="127.281103">
			<ele>0.00</ele>
			<time>2020-01-20T00:57:03.80Z</time>
		</trkpt>
		<trkpt lat="34.706249" lon="127.281181">
			<ele>0.00</ele>
			<time>2020-01-20T00:57:04.47Z</time>
		</trkpt>
		<trkpt lat="34.706156" lon="127.281261">
			<ele>0.00</ele>
			<time>2020-01-20T00:57:05.22Z</time>
		</trkpt>
		<trkpt lat="34.706051" lon="127.281322">
			<ele>0.00</ele>
			<time>2020-01-20T00:57:06Z</time>
		</trkpt>
		<trkpt lat="34.705936" lon="127.281365">
			<ele>0.00</ele>
			<time>2020-01-20T00:57:06.80Z</time>
		</trkpt>
		<trkpt lat="34.705832" lon="127.281370">
			<ele>0.00</ele>
			<time>2020-01-20T00:57:07.50Z</time>
		</trkpt>
		<trkpt lat="34.705721" lon="127.281398">
			<ele>0.00</ele>
			<time>2020-01-20T00:57:08.25Z</time>
		</trkpt>
		<trkpt lat="34.705600" lon="127.281408">
			<ele>0.00</ele>
			<time>2020-01-20T00:57:09.06Z</time>
		</trkpt>
		<trkpt lat="34.705499" lon="127.281418">
			<ele>0.00</ele>
			<time>2020-01-20T00:57:09.73Z</time>
		</trkpt>
		<trkpt lat="34.705381" lon="127.281403">
			<ele>0.00</ele>
			<time>2020-01-20T00:57:10.53Z</time>
		</trkpt>
		<trkpt lat="34.705286" lon="127.281372">
			<ele>0.00</ele>
			<time>2020-01-20T00:57:11.18Z</time>
		</trkpt>
		<trkpt lat="34.705200" lon="127.281344">
			<ele>0.00</ele>
			<time>2020-01-20T00:57:11.77Z</time>
		</trkpt>
		<trkpt lat="34.705112" lon="127.281301">
			<ele>0.00</ele>
			<time>2020-01-20T00:57:12.41Z</time>
		</trkpt>
		<trkpt lat="34.705020" lon="127.281296">
			<ele>0.00</ele>
			<time>2020-01-20T00:57:13.02Z</time>
		</trkpt>
		<trkpt lat="34.704910" lon="127.281311">
			<ele>0.00</ele>
			<time>2020-01-20T00:57:13.76Z</time>
		</trkpt>
		<trkpt lat="34.704793" lon="127.281324">
			<ele>0.00</ele>
			<time>2020-01-20T00:57:14.54Z</time>
		</trkpt>
		<trkpt lat="34.704690" lon="127.281329">
			<ele>0.00</ele>
			<time>2020-01-20T00:57:15.23Z</time>
		</trkpt>
		<trkpt lat="34.704583" lon="127.281339">
			<ele>0.00</ele>
			<time>2020-01-20T00:57:15.95Z</time>
		</trkpt>
		<trkpt lat="34.704472" lon="127.281339">
			<ele>0.00</ele>
			<time>2020-01-20T00:57:16.69Z</time>
		</trkpt>
		<trkpt lat="34.704407" lon="127.281359">
			<ele>0.00</ele>
			<time>2020-01-20T00:57:17.13Z</time>
		</trkpt>
		<trkpt lat="34.704335" lon="127.281421">
			<ele>0.00</ele>
			<time>2020-01-20T00:57:17.72Z</time>
		</trkpt>
		<trkpt lat="34.704304" lon="127.281509">
			<ele>0.00</ele>
			<time>2020-01-20T00:57:18.24Z</time>
		</trkpt>
		<trkpt lat="34.704264" lon="127.281617">
			<ele>0.00</ele>
			<time>2020-01-20T00:57:18.89Z</time>
		</trkpt>
		<trkpt lat="34.704226" lon="127.281705">
			<ele>0.00</ele>
			<time>2020-01-20T00:57:19.44Z</time>
		</trkpt>
		<trkpt lat="34.704133" lon="127.281768">
			<ele>0.00</ele>
			<time>2020-01-20T00:57:20.15Z</time>
		</trkpt>
		<trkpt lat="34.704035" lon="127.281795">
			<ele>0.00</ele>
			<time>2020-01-20T00:57:20.82Z</time>
		</trkpt>
		<trkpt lat="34.703915" lon="127.281822">
			<ele>0.00</ele>
			<time>2020-01-20T00:57:21.63Z</time>
		</trkpt>
		<trkpt lat="34.703795" lon="127.281827">
			<ele>0.00</ele>
			<time>2020-01-20T00:57:22.43Z</time>
		</trkpt>
		<trkpt lat="34.703676" lon="127.281822">
			<ele>0.00</ele>
			<time>2020-01-20T00:57:23.22Z</time>
		</trkpt>
		<trkpt lat="34.703561" lon="127.281808">
			<ele>0.00</ele>
			<time>2020-01-20T00:57:23.99Z</time>
		</trkpt>
		<trkpt lat="34.703450" lon="127.281794">
			<ele>0.00</ele>
			<time>2020-01-20T00:57:24.74Z</time>
		</trkpt>
		<trkpt lat="34.703355" lon="127.281771">
			<ele>0.00</ele>
			<time>2020-01-20T00:57:25.39Z</time>
		</trkpt>
		<trkpt lat="34.703266" lon="127.281711">
			<ele>0.00</ele>
			<time>2020-01-20T00:57:26.06Z</time>
		</trkpt>
		<trkpt lat="34.703184" lon="127.281660">
			<ele>0.00</ele>
			<time>2020-01-20T00:57:26.68Z</time>
		</trkpt>
		<trkpt lat="34.703100" lon="127.281579">
			<ele>0.00</ele>
			<time>2020-01-20T00:57:27.39Z</time>
		</trkpt>
		<trkpt lat="34.703005" lon="127.281499">
			<ele>0.00</ele>
			<time>2020-01-20T00:57:28.16Z</time>
		</trkpt>
		<trkpt lat="34.702911" lon="127.281437">
			<ele>0.00</ele>
			<time>2020-01-20T00:57:28.87Z</time>
		</trkpt>
		<trkpt lat="34.702827" lon="127.281359">
			<ele>0.00</ele>
			<time>2020-01-20T00:57:29.58Z</time>
		</trkpt>
		<trkpt lat="34.702749" lon="127.281271">
			<ele>0.00</ele>
			<time>2020-01-20T00:57:30.29Z</time>
		</trkpt>
		<trkpt lat="34.702700" lon="127.281178">
			<ele>0.00</ele>
			<time>2020-01-20T00:57:30.89Z</time>
		</trkpt>
		<trkpt lat="34.702659" lon="127.281034">
			<ele>0.00</ele>
			<time>2020-01-20T00:57:31.73Z</time>
		</trkpt>
		<trkpt lat="34.702635" lon="127.280883">
			<ele>0.00</ele>
			<time>2020-01-20T00:57:32.57Z</time>
		</trkpt>
		<trkpt lat="34.702605" lon="127.280724">
			<ele>0.00</ele>
			<time>2020-01-20T00:57:33.46Z</time>
		</trkpt>
		<trkpt lat="34.702559" lon="127.280635">
			<ele>0.00</ele>
			<time>2020-01-20T00:57:34.04Z</time>
		</trkpt>
		<trkpt lat="34.702479" lon="127.280567">
			<ele>0.00</ele>
			<time>2020-01-20T00:57:34.69Z</time>
		</trkpt>
		<trkpt lat="34.702386" lon="127.280529">
			<ele>0.00</ele>
			<time>2020-01-20T00:57:35.35Z</time>
		</trkpt>
		<trkpt lat="34.702296" lon="127.280487">
			<ele>0.00</ele>
			<time>2020-01-20T00:57:35.99Z</time>
		</trkpt>
		<trkpt lat="34.702202" lon="127.280458">
			<ele>0.00</ele>
			<time>2020-01-20T00:57:36.64Z</time>
		</trkpt>
		<trkpt lat="34.702110" lon="127.280396">
			<ele>0.00</ele>
			<time>2020-01-20T00:57:37.34Z</time>
		</trkpt>
		<trkpt lat="34.702038" lon="127.280331">
			<ele>0.00</ele>
			<time>2020-01-20T00:57:37.94Z</time>
		</trkpt>
		<trkpt lat="34.701925" lon="127.280292">
			<ele>0.00</ele>
			<time>2020-01-20T00:57:38.72Z</time>
		</trkpt>
		<trkpt lat="34.701834" lon="127.280242">
			<ele>0.00</ele>
			<time>2020-01-20T00:57:39.38Z</time>
		</trkpt>
		<trkpt lat="34.701775" lon="127.280162">
			<ele>0.00</ele>
			<time>2020-01-20T00:57:39.97Z</time>
		</trkpt>
		<trkpt lat="34.701705" lon="127.280080">
			<ele>0.00</ele>
			<time>2020-01-20T00:57:40.62Z</time>
		</trkpt>
		<trkpt lat="34.701660" lon="127.280047">
			<ele>0.00</ele>
			<time>2020-01-20T00:57:40.97Z</time>
		</trkpt>
		<trkpt lat="34.701531" lon="127.280058">
			<ele>0.00</ele>
			<time>2020-01-20T00:57:41.83Z</time>
		</trkpt>
		<trkpt lat="34.701420" lon="127.280043">
			<ele>0.00</ele>
			<time>2020-01-20T00:57:42.58Z</time>
		</trkpt>
		<trkpt lat="34.701310" lon="127.280016">
			<ele>0.00</ele>
			<time>2020-01-20T00:57:43.33Z</time>
		</trkpt>
		<trkpt lat="34.701201" lon="127.279977">
			<ele>0.00</ele>
			<time>2020-01-20T00:57:44.09Z</time>
		</trkpt>
		<trkpt lat="34.701093" lon="127.279909">
			<ele>0.00</ele>
			<time>2020-01-20T00:57:44.89Z</time>
		</trkpt>
		<trkpt lat="34.701011" lon="127.279856">
			<ele>0.00</ele>
			<time>2020-01-20T00:57:45.51Z</time>
		</trkpt>
		<trkpt lat="34.700911" lon="127.279796">
			<ele>0.00</ele>
			<time>2020-01-20T00:57:46.25Z</time>
		</trkpt>
		<trkpt lat="34.700874" lon="127.279652">
			<ele>0.00</ele>
			<time>2020-01-20T00:57:47.08Z</time>
		</trkpt>
		<trkpt lat="34.700774" lon="127.279574">
			<ele>0.00</ele>
			<time>2020-01-20T00:57:47.87Z</time>
		</trkpt>
		<trkpt lat="34.700662" lon="127.279505">
			<ele>0.00</ele>
			<time>2020-01-20T00:57:48.71Z</time>
		</trkpt>
		<trkpt lat="34.700562" lon="127.279447">
			<ele>0.00</ele>
			<time>2020-01-20T00:57:49.45Z</time>
		</trkpt>
		<trkpt lat="34.700462" lon="127.279381">
			<ele>0.00</ele>
			<time>2020-01-20T00:57:50.21Z</time>
		</trkpt>
		<trkpt lat="34.700355" lon="127.279322">
			<ele>0.00</ele>
			<time>2020-01-20T00:57:50.99Z</time>
		</trkpt>
		<trkpt lat="34.700304" lon="127.279451">
			<ele>0.00</ele>
			<time>2020-01-20T00:57:51.77Z</time>
		</trkpt>
		<trkpt lat="34.700263" lon="127.279580">
			<ele>0.00</ele>
			<time>2020-01-20T00:57:52.53Z</time>
		</trkpt>
		<trkpt lat="34.700150" lon="127.279527">
			<ele>0.00</ele>
			<time>2020-01-20T00:57:53.34Z</time>
		</trkpt>
		<trkpt lat="34.700040" lon="127.279500">
			<ele>0.00</ele>
			<time>2020-01-20T00:57:54.09Z</time>
		</trkpt>
		<trkpt lat="34.699910" lon="127.279480">
			<ele>0.00</ele>
			<time>2020-01-20T00:57:54.96Z</time>
		</trkpt>
		<trkpt lat="34.699787" lon="127.279488">
			<ele>0.00</ele>
			<time>2020-01-20T00:57:55.78Z</time>
		</trkpt>
		<trkpt lat="34.699658" lon="127.279493">
			<ele>0.00</ele>
			<time>2020-01-20T00:57:56.64Z</time>
		</trkpt>
		<trkpt lat="34.699542" lon="127.279489">
			<ele>0.00</ele>
			<time>2020-01-20T00:57:57.42Z</time>
		</trkpt>
		<trkpt lat="34.699438" lon="127.279509">
			<ele>0.00</ele>
			<time>2020-01-20T00:57:58.12Z</time>
		</trkpt>
		<trkpt lat="34.699333" lon="127.279532">
			<ele>0.00</ele>
			<time>2020-01-20T00:57:58.83Z</time>
		</trkpt>
		<trkpt lat="34.699222" lon="127.279520">
			<ele>0.00</ele>
			<time>2020-01-20T00:57:59.57Z</time>
		</trkpt>
		<trkpt lat="34.699106" lon="127.279476">
			<ele>0.00</ele>
			<time>2020-01-20T00:58:00.38Z</time>
		</trkpt>
		<trkpt lat="34.698985" lon="127.279452">
			<ele>0.00</ele>
			<time>2020-01-20T00:58:01.20Z</time>
		</trkpt>
		<trkpt lat="34.698852" lon="127.279450">
			<ele>0.00</ele>
			<time>2020-01-20T00:58:02.09Z</time>
		</trkpt>
		<trkpt lat="34.698737" lon="127.279431">
			<ele>0.00</ele>
			<time>2020-01-20T00:58:02.86Z</time>
		</trkpt>
		<trkpt lat="34.698643" lon="127.279394">
			<ele>0.00</ele>
			<time>2020-01-20T00:58:03.52Z</time>
		</trkpt>
		<trkpt lat="34.698536" lon="127.279360">
			<ele>0.00</ele>
			<time>2020-01-20T00:58:04.26Z</time>
		</trkpt>
		<trkpt lat="34.698396" lon="127.279331">
			<ele>0.00</ele>
			<time>2020-01-20T00:58:05.20Z</time>
		</trkpt>
		<trkpt lat="34.698313" lon="127.279336">
			<ele>0.00</ele>
			<time>2020-01-20T00:58:05.76Z</time>
		</trkpt>
		<trkpt lat="34.698274" lon="127.279247">
			<ele>0.00</ele>
			<time>2020-01-20T00:58:06.31Z</time>
		</trkpt>
		<trkpt lat="34.698202" lon="127.279205">
			<ele>0.00</ele>
			<time>2020-01-20T00:58:06.85Z</time>
		</trkpt>
		<trkpt lat="34.698111" lon="127.279224">
			<ele>0.00</ele>
			<time>2020-01-20T00:58:07.46Z</time>
		</trkpt>
		<trkpt lat="34.698027" lon="127.279285">
			<ele>0.00</ele>
			<time>2020-01-20T00:58:08.12Z</time>
		</trkpt>
		<trkpt lat="34.697932" lon="127.279295">
			<ele>0.00</ele>
			<time>2020-01-20T00:58:08.75Z</time>
		</trkpt>
		<trkpt lat="34.697839" lon="127.279331">
			<ele>0.00</ele>
			<time>2020-01-20T00:58:09.40Z</time>
		</trkpt>
		<trkpt lat="34.697839" lon="127.279466">
			<ele>0.00</ele>
			<time>2020-01-20T00:58:10.14Z</time>
		</trkpt>
		<trkpt lat="34.697814" lon="127.279628">
			<ele>0.00</ele>
			<time>2020-01-20T00:58:11.05Z</time>
		</trkpt>
		<trkpt lat="34.697772" lon="127.279803">
			<ele>0.00</ele>
			<time>2020-01-20T00:58:12.04Z</time>
		</trkpt>
		<trkpt lat="34.697731" lon="127.279963">
			<ele>0.00</ele>
			<time>2020-01-20T00:58:12.96Z</time>
		</trkpt>
		<trkpt lat="34.697696" lon="127.280136">
			<ele>0.00</ele>
			<time>2020-01-20T00:58:13.94Z</time>
		</trkpt>
		<trkpt lat="34.697682" lon="127.280254">
			<ele>0.00</ele>
			<time>2020-01-20T00:58:14.59Z</time>
		</trkpt>
		<trkpt lat="34.697650" lon="127.280389">
			<ele>0.00</ele>
			<time>2020-01-20T00:58:15.36Z</time>
		</trkpt>
		<trkpt lat="34.697607" lon="127.280509">
			<ele>0.00</ele>
			<time>2020-01-20T00:58:16.08Z</time>
		</trkpt>
		<trkpt lat="34.697580" lon="127.280630">
			<ele>0.00</ele>
			<time>2020-01-20T00:58:16.77Z</time>
		</trkpt>
		<trkpt lat="34.697544" lon="127.280763">
			<ele>0.00</ele>
			<time>2020-01-20T00:58:17.53Z</time>
		</trkpt>
		<trkpt lat="34.697509" lon="127.280898">
			<ele>0.00</ele>
			<time>2020-01-20T00:58:18.31Z</time>
		</trkpt>
		<trkpt lat="34.697491" lon="127.281045">
			<ele>0.00</ele>
			<time>2020-01-20T00:58:19.13Z</time>
		</trkpt>
		<trkpt lat="34.697527" lon="127.281207">
			<ele>0.00</ele>
			<time>2020-01-20T00:58:20.05Z</time>
		</trkpt>
		<trkpt lat="34.697573" lon="127.281330">
			<ele>0.00</ele>
			<time>2020-01-20T00:58:20.78Z</time>
		</trkpt>
		<trkpt lat="34.697597" lon="127.281474">
			<ele>0.00</ele>
			<time>2020-01-20T00:58:21.59Z</time>
		</trkpt>
		<trkpt lat="34.697617" lon="127.281617">
			<ele>0.00</ele>
			<time>2020-01-20T00:58:22.38Z</time>
		</trkpt>
		<trkpt lat="34.697626" lon="127.281762">
			<ele>0.00</ele>
			<time>2020-01-20T00:58:23.18Z</time>
		</trkpt>
		<trkpt lat="34.697626" lon="127.281907">
			<ele>0.00</ele>
			<time>2020-01-20T00:58:23.98Z</time>
		</trkpt>
		<trkpt lat="34.697633" lon="127.282060">
			<ele>0.00</ele>
			<time>2020-01-20T00:58:24.82Z</time>
		</trkpt>
		<trkpt lat="34.697594" lon="127.282172">
			<ele>0.00</ele>
			<time>2020-01-20T00:58:25.48Z</time>
		</trkpt>
		<trkpt lat="34.697515" lon="127.282180">
			<ele>0.00</ele>
			<time>2020-01-20T00:58:26.01Z</time>
		</trkpt>
		<trkpt lat="34.697505" lon="127.282075">
			<ele>0.00</ele>
			<time>2020-01-20T00:58:26.59Z</time>
		</trkpt>
		<trkpt lat="34.697505" lon="127.282026">
			<ele>0.00</ele>
			<time>2020-01-20T00:58:26.86Z</time>
		</trkpt>
		<trkpt lat="34.697473" lon="127.281952">
			<ele>0.00</ele>
			<time>2020-01-20T00:58:27.32Z</time>
		</trkpt>
		<trkpt lat="34.697395" lon="127.281939">
			<ele>0.00</ele>
			<time>2020-01-20T00:58:27.84Z</time>
		</trkpt>
		<trkpt lat="34.697320" lon="127.281982">
			<ele>0.00</ele>
			<time>2020-01-20T00:58:28.39Z</time>
		</trkpt>
		<trkpt lat="34.697294" lon="127.282024">
			<ele>0.00</ele>
			<time>2020-01-20T00:58:28.69Z</time>
		</trkpt>
		<trkpt lat="34.697194" lon="127.282011">
			<ele>0.00</ele>
			<time>2020-01-20T00:58:29.35Z</time>
		</trkpt>
		<trkpt lat="34.697137" lon="127.281984">
			<ele>0.00</ele>
			<time>2020-01-20T00:58:29.76Z</time>
		</trkpt>
		<trkpt lat="34.697068" lon="127.281951">
			<ele>0.00</ele>
			<time>2020-01-20T00:58:30.26Z</time>
		</trkpt>
		<trkpt lat="34.697019" lon="127.282026">
			<ele>0.00</ele>
			<time>2020-01-20T00:58:30.78Z</time>
		</trkpt>
		<trkpt lat="34.696958" lon="127.282077">
			<ele>0.00</ele>
			<time>2020-01-20T00:58:31.28Z</time>
		</trkpt>
		<trkpt lat="34.696886" lon="127.282068">
			<ele>0.00</ele>
			<time>2020-01-20T00:58:31.76Z</time>
		</trkpt>
		<trkpt lat="34.696816" lon="127.282059">
			<ele>0.00</ele>
			<time>2020-01-20T00:58:32.23Z</time>
		</trkpt>
		<trkpt lat="34.696731" lon="127.282093">
			<ele>0.00</ele>
			<time>2020-01-20T00:58:32.82Z</time>
		</trkpt>
		<trkpt lat="34.696675" lon="127.282116">
			<ele>0.00</ele>
			<time>2020-01-20T00:58:33.21Z</time>
		</trkpt>
		<trkpt lat="34.696604" lon="127.282065">
			<ele>0.00</ele>
			<time>2020-01-20T00:58:33.77Z</time>
		</trkpt>
		<trkpt lat="34.696531" lon="127.282036">
			<ele>0.00</ele>
			<time>2020-01-20T00:58:34.28Z</time>
		</trkpt>
		<trkpt lat="34.696461" lon="127.282072">
			<ele>0.00</ele>
			<time>2020-01-20T00:58:34.78Z</time>
		</trkpt>
		<trkpt lat="34.696384" lon="127.282089">
			<ele>0.00</ele>
			<time>2020-01-20T00:58:35.31Z</time>
		</trkpt>
		<trkpt lat="34.696283" lon="127.282090">
			<ele>0.00</ele>
			<time>2020-01-20T00:58:35.98Z</time>
		</trkpt>
		<trkpt lat="34.696244" lon="127.281998">
			<ele>0.00</ele>
			<time>2020-01-20T00:58:36.55Z</time>
		</trkpt>
		<trkpt lat="34.696194" lon="127.281922">
			<ele>0.00</ele>
			<time>2020-01-20T00:58:37.08Z</time>
		</trkpt>
		<trkpt lat="34.696095" lon="127.281902">
			<ele>0.00</ele>
			<time>2020-01-20T00:58:37.75Z</time>
		</trkpt>
		<trkpt lat="34.696028" lon="127.281814">
			<ele>0.00</ele>
			<time>2020-01-20T00:58:38.41Z</time>
		</trkpt>
		<trkpt lat="34.695956" lon="127.281728">
			<ele>0.00</ele>
			<time>2020-01-20T00:58:39.08Z</time>
		</trkpt>
		<trkpt lat="34.695898" lon="127.281635">
			<ele>0.00</ele>
			<time>2020-01-20T00:58:39.72Z</time>
		</trkpt>
		<trkpt lat="34.695826" lon="127.281602">
			<ele>0.00</ele>
			<time>2020-01-20T00:58:40.24Z</time>
		</trkpt>
		<trkpt lat="34.695700" lon="127.281640">
			<ele>0.00</ele>
			<time>2020-01-20T00:58:41.10Z</time>
		</trkpt>
		<trkpt lat="34.695605" lon="127.281663">
			<ele>0.00</ele>
			<time>2020-01-20T00:58:41.75Z</time>
		</trkpt>
		<trkpt lat="34.695490" lon="127.281713">
			<ele>0.00</ele>
			<time>2020-01-20T00:58:42.56Z</time>
		</trkpt>
		<trkpt lat="34.695398" lon="127.281763">
			<ele>0.00</ele>
			<time>2020-01-20T00:58:43.24Z</time>
		</trkpt>
		<trkpt lat="34.695302" lon="127.281815">
			<ele>0.00</ele>
			<time>2020-01-20T00:58:43.94Z</time>
		</trkpt>
		<trkpt lat="34.695222" lon="127.281871">
			<ele>0.00</ele>
			<time>2020-01-20T00:58:44.55Z</time>
		</trkpt>
		<trkpt lat="34.695139" lon="127.281922">
			<ele>0.00</ele>
			<time>2020-01-20T00:58:45.17Z</time>
		</trkpt>
		<trkpt lat="34.695059" lon="127.281978">
			<ele>0.00</ele>
			<time>2020-01-20T00:58:45.79Z</time>
		</trkpt>
		<trkpt lat="34.694991" lon="127.282025">
			<ele>0.00</ele>
			<time>2020-01-20T00:58:46.31Z</time>
		</trkpt>
		<trkpt lat="34.694902" lon="127.282061">
			<ele>0.00</ele>
			<time>2020-01-20T00:58:46.93Z</time>
		</trkpt>
		<trkpt lat="34.694829" lon="127.282084">
			<ele>0.00</ele>
			<time>2020-01-20T00:58:47.44Z</time>
		</trkpt>
		<trkpt lat="34.694673" lon="127.282098">
			<ele>0.00</ele>
			<time>2020-01-20T00:58:48.48Z</time>
		</trkpt>
		<trkpt lat="34.694587" lon="127.282092">
			<ele>0.00</ele>
			<time>2020-01-20T00:58:49.05Z</time>
		</trkpt>
		<trkpt lat="34.694470" lon="127.282071">
			<ele>0.00</ele>
			<time>2020-01-20T00:58:49.84Z</time>
		</trkpt>
		<trkpt lat="34.694371" lon="127.282014">
			<ele>0.00</ele>
			<time>2020-01-20T00:58:50.57Z</time>
		</trkpt>
		<trkpt lat="34.694353" lon="127.281985">
			<ele>0.00</ele>
			<time>2020-01-20T00:58:50.77Z</time>
		</trkpt>
		<trkpt lat="34.694347" lon="127.281987">
			<ele>0.00</ele>
			<time>2020-01-20T00:58:50.83Z</time>
		</trkpt>
		<trkpt lat="34.694224" lon="127.281977">
			<ele>0.00</ele>
			<time>2020-01-20T00:58:51.65Z</time>
		</trkpt>
		<trkpt lat="34.694105" lon="127.281959">
			<ele>0.00</ele>
			<time>2020-01-20T00:58:52.45Z</time>
		</trkpt>
		<trkpt lat="34.694001" lon="127.281916">
			<ele>0.00</ele>
			<time>2020-01-20T00:58:53.18Z</time>
		</trkpt>
		<trkpt lat="34.693921" lon="127.281874">
			<ele>0.00</ele>
			<time>2020-01-20T00:58:53.76Z</time>
		</trkpt>
		<trkpt lat="34.693778" lon="127.281853">
			<ele>0.00</ele>
			<time>2020-01-20T00:58:54.72Z</time>
		</trkpt>
		<trkpt lat="34.693618" lon="127.281838">
			<ele>0.00</ele>
			<time>2020-01-20T00:58:55.79Z</time>
		</trkpt>
		<trkpt lat="34.693500" lon="127.281856">
			<ele>0.00</ele>
			<time>2020-01-20T00:58:56.59Z</time>
		</trkpt>
		<trkpt lat="34.693314" lon="127.281943">
			<ele>0.00</ele>
			<time>2020-01-20T00:58:57.92Z</time>
		</trkpt>
		<trkpt lat="34.693208" lon="127.282021">
			<ele>0.00</ele>
			<time>2020-01-20T00:58:58.74Z</time>
		</trkpt>
		<trkpt lat="34.693146" lon="127.282073">
			<ele>0.00</ele>
			<time>2020-01-20T00:58:59.25Z</time>
		</trkpt>
		<trkpt lat="34.693124" lon="127.282184">
			<ele>0.00</ele>
			<time>2020-01-20T00:58:59.87Z</time>
		</trkpt>
		<trkpt lat="34.693020" lon="127.282236">
			<ele>0.00</ele>
			<time>2020-01-20T00:59:00.62Z</time>
		</trkpt>
		<trkpt lat="34.692845" lon="127.282252">
			<ele>0.00</ele>
			<time>2020-01-20T00:59:01.79Z</time>
		</trkpt>
		<trkpt lat="34.692685" lon="127.282247">
			<ele>0.00</ele>
			<time>2020-01-20T00:59:02.86Z</time>
		</trkpt>
		<trkpt lat="34.692527" lon="127.282208">
			<ele>0.00</ele>
			<time>2020-01-20T00:59:03.93Z</time>
		</trkpt>
		<trkpt lat="34.692303" lon="127.282123">
			<ele>0.00</ele>
			<time>2020-01-20T00:59:05.50Z</time>
		</trkpt>
		<trkpt lat="34.692190" lon="127.282053">
			<ele>0.00</ele>
			<time>2020-01-20T00:59:06.34Z</time>
		</trkpt>
		<trkpt lat="34.692086" lon="127.281992">
			<ele>0.00</ele>
			<time>2020-01-20T00:59:07.11Z</time>
		</trkpt>
		<trkpt lat="34.691974" lon="127.281947">
			<ele>0.00</ele>
			<time>2020-01-20T00:59:07.90Z</time>
		</trkpt>
		<trkpt lat="34.691905" lon="127.281903">
			<ele>0.00</ele>
			<time>2020-01-20T00:59:08.42Z</time>
		</trkpt>
		<trkpt lat="34.691826" lon="127.281787">
			<ele>0.00</ele>
			<time>2020-01-20T00:59:09.24Z</time>
		</trkpt>
		<trkpt lat="34.691756" lon="127.281727">
			<ele>0.00</ele>
			<time>2020-01-20T00:59:09.81Z</time>
		</trkpt>
		<trkpt lat="34.691668" lon="127.281611">
			<ele>0.00</ele>
			<time>2020-01-20T00:59:10.68Z</time>
		</trkpt>
		<trkpt lat="34.691590" lon="127.281553">
			<ele>0.00</ele>
			<time>2020-01-20T00:59:11.29Z</time>
		</trkpt>
		<trkpt lat="34.691512" lon="127.281548">
			<ele>0.00</ele>
			<time>2020-01-20T00:59:11.81Z</time>
		</trkpt>
		<trkpt lat="34.691506" lon="127.281548">
			<ele>0.00</ele>
			<time>2020-01-20T00:59:11.87Z</time>
		</trkpt>
		<trkpt lat="34.691380" lon="127.281582">
			<ele>0.00</ele>
			<time>2020-01-20T00:59:12.72Z</time>
		</trkpt>
		<trkpt lat="34.691266" lon="127.281598">
			<ele>0.00</ele>
			<time>2020-01-20T00:59:13.49Z</time>
		</trkpt>
		<trkpt lat="34.691262" lon="127.281598">
			<ele>0.00</ele>
			<time>2020-01-20T00:59:13.55Z</time>
		</trkpt>
		<trkpt lat="34.691244" lon="127.281601">
			<ele>0.00</ele>
			<time>2020-01-20T00:59:13.67Z</time>
		</trkpt>
		<trkpt lat="34.691207" lon="127.281601">
			<ele>0.00</ele>
			<time>2020-01-20T00:59:13.91Z</time>
		</trkpt>
		<trkpt lat="34.691112" lon="127.281556">
			<ele>0.00</ele>
			<time>2020-01-20T00:59:14.59Z</time>
		</trkpt>
		<trkpt lat="34.691009" lon="127.281435">
			<ele>0.00</ele>
			<time>2020-01-20T00:59:15.55Z</time>
		</trkpt>
		<trkpt lat="34.690939" lon="127.281330">
			<ele>0.00</ele>
			<time>2020-01-20T00:59:16.29Z</time>
		</trkpt>
		<trkpt lat="34.690914" lon="127.281212">
			<ele>0.00</ele>
			<time>2020-01-20T00:59:16.96Z</time>
		</trkpt>
		<trkpt lat="34.690877" lon="127.281083">
			<ele>0.00</ele>
			<time>2020-01-20T00:59:17.71Z</time>
		</trkpt>
		<trkpt lat="34.690805" lon="127.280959">
			<ele>0.00</ele>
			<time>2020-01-20T00:59:18.53Z</time>
		</trkpt>
		<trkpt lat="34.690708" lon="127.280810">
			<ele>0.00</ele>
			<time>2020-01-20T00:59:19.58Z</time>
		</trkpt>
		<trkpt lat="34.690632" lon="127.280652">
			<ele>0.00</ele>
			<time>2020-01-20T00:59:20.58Z</time>
		</trkpt>
		<trkpt lat="34.690617" lon="127.280565">
			<ele>0.00</ele>
			<time>2020-01-20T00:59:21.07Z</time>
		</trkpt>
		<trkpt lat="34.690606" lon="127.280536">
			<ele>0.00</ele>
			<time>2020-01-20T00:59:21.24Z</time>
		</trkpt>
		<trkpt lat="34.690549" lon="127.280653">
			<ele>0.00</ele>
			<time>2020-01-20T00:59:21.99Z</time>
		</trkpt>
		<trkpt lat="34.690445" lon="127.280761">
			<ele>0.00</ele>
			<time>2020-01-20T00:59:22.90Z</time>
		</trkpt>
		<trkpt lat="34.690307" lon="127.280916">
			<ele>0.00</ele>
			<time>2020-01-20T00:59:24.15Z</time>
		</trkpt>
		<trkpt lat="34.690199" lon="127.281013">
			<ele>0.00</ele>
			<time>2020-01-20T00:59:25.05Z</time>
		</trkpt>
		<trkpt lat="34.690115" lon="127.281158">
			<ele>0.00</ele>
			<time>2020-01-20T00:59:26.02Z</time>
		</trkpt>
		<trkpt lat="34.690059" lon="127.281326">
			<ele>0.00</ele>
			<time>2020-01-20T00:59:27.01Z</time>
		</trkpt>
		<trkpt lat="34.690028" lon="127.281516">
			<ele>0.00</ele>
			<time>2020-01-20T00:59:28.07Z</time>
		</trkpt>
		<trkpt lat="34.690007" lon="127.281718">
			<ele>0.00</ele>
			<time>2020-01-20T00:59:29.19Z</time>
		</trkpt>
		<trkpt lat="34.689972" lon="127.281831">
			<ele>0.00</ele>
			<time>2020-01-20T00:59:29.85Z</time>
		</trkpt>
		<trkpt lat="34.689955" lon="127.281849">
			<ele>0.00</ele>
			<time>2020-01-20T00:59:30Z</time>
		</trkpt>
		<trkpt lat="34.689866" lon="127.281807">
			<ele>0.00</ele>
			<time>2020-01-20T00:59:30.64Z</time>
		</trkpt>
		<trkpt lat="34.689698" lon="127.281671">
			<ele>0.00</ele>
			<time>2020-01-20T00:59:31.99Z</time>
		</trkpt>
		<trkpt lat="34.689484" lon="127.281500">
			<ele>0.00</ele>
			<time>2020-01-20T00:59:33.70Z</time>
		</trkpt>
		<trkpt lat="34.689214" lon="127.281253">
			<ele>0.00</ele>
			<time>2020-01-20T00:59:35.95Z</time>
		</trkpt>
		<trkpt lat="34.688965" lon="127.281009">
			<ele>0.00</ele>
			<time>2020-01-20T00:59:38.08Z</time>
		</trkpt>
		<trkpt lat="34.688374" lon="127.280514">
			<ele>0.00</ele>
			<time>2020-01-20T00:59:42.87Z</time>
		</trkpt>
		<trkpt lat="34.687881" lon="127.280114">
			<ele>0.00</ele>
			<time>2020-01-20T00:59:46.81Z</time>
		</trkpt>
		<trkpt lat="34.687488" lon="127.279799">
			<ele>0.00</ele>
			<time>2020-01-20T00:59:49.95Z</time>
		</trkpt>
		<trkpt lat="34.687399" lon="127.279752">
			<ele>0.00</ele>
			<time>2020-01-20T00:59:50.60Z</time>
		</trkpt>
		<trkpt lat="34.687282" lon="127.279589">
			<ele>0.00</ele>
			<time>2020-01-20T00:59:51.79Z</time>
		</trkpt>
		<trkpt lat="34.687241" lon="127.279586">
			<ele>0.00</ele>
			<time>2020-01-20T00:59:52.06Z</time>
		</trkpt>
		<trkpt lat="34.687178" lon="127.279594">
			<ele>0.00</ele>
			<time>2020-01-20T00:59:52.48Z</time>
		</trkpt>
		<trkpt lat="34.687100" lon="127.279662">
			<ele>0.00</ele>
			<time>2020-01-20T00:59:53.12Z</time>
		</trkpt>
		<trkpt lat="34.687036" lon="127.279709">
			<ele>0.00</ele>
			<time>2020-01-20T00:59:53.62Z</time>
		</trkpt>
		<trkpt lat="34.686951" lon="127.279820">
			<ele>0.00</ele>
			<time>2020-01-20T00:59:54.45Z</time>
		</trkpt>
		<trkpt lat="34.686861" lon="127.279875">
			<ele>0.00</ele>
			<time>2020-01-20T00:59:55.13Z</time>
		</trkpt>
		<trkpt lat="34.686776" lon="127.279928">
			<ele>0.00</ele>
			<time>2020-01-20T00:59:55.76Z</time>
		</trkpt>
		<trkpt lat="34.686655" lon="127.279983">
			<ele>0.00</ele>
			<time>2020-01-20T00:59:56.62Z</time>
		</trkpt>
		<trkpt lat="34.686532" lon="127.279991">
			<ele>0.00</ele>
			<time>2020-01-20T00:59:57.44Z</time>
		</trkpt>
		<trkpt lat="34.686350" lon="127.279996">
			<ele>0.00</ele>
			<time>2020-01-20T00:59:58.65Z</time>
		</trkpt>
		<trkpt lat="34.686255" lon="127.279978">
			<ele>0.00</ele>
			<time>2020-01-20T00:59:59.30Z</time>
		</trkpt>
		<trkpt lat="34.686230" lon="127.280010">
			<ele>0.00</ele>
			<time>2020-01-20T00:59:59.54Z</time>
		</trkpt>
		<trkpt lat="34.686176" lon="127.280055">
			<ele>0.00</ele>
			<time>2020-01-20T00:59:59.98Z</time>
		</trkpt>
		<trkpt lat="34.686083" lon="127.280089">
			<ele>0.00</ele>
			<time>2020-01-20T01:00:00.62Z</time>
		</trkpt>
		<trkpt lat="34.685858" lon="127.280147">
			<ele>0.00</ele>
			<time>2020-01-20T01:00:02.16Z</time>
		</trkpt>
		<trkpt lat="34.685521" lon="127.280221">
			<ele>0.00</ele>
			<time>2020-01-20T01:00:04.44Z</time>
		</trkpt>
		<trkpt lat="34.685063" lon="127.280329">
			<ele>0.00</ele>
			<time>2020-01-20T01:00:07.55Z</time>
		</trkpt>
		<trkpt lat="34.684922" lon="127.280363">
			<ele>0.00</ele>
			<time>2020-01-20T01:00:08.51Z</time>
		</trkpt>
		<trkpt lat="34.684796" lon="127.280435">
			<ele>0.00</ele>
			<time>2020-01-20T01:00:09.44Z</time>
		</trkpt>
		<trkpt lat="34.684712" lon="127.280464">
			<ele>0.00</ele>
			<time>2020-01-20T01:00:10.02Z</time>
		</trkpt>
		<trkpt lat="34.684612" lon="127.280467">
			<ele>0.00</ele>
			<time>2020-01-20T01:00:10.68Z</time>
		</trkpt>
		<trkpt lat="34.684495" lon="127.280461">
			<ele>0.00</ele>
			<time>2020-01-20T01:00:11.46Z</time>
		</trkpt>
		<trkpt lat="34.684465" lon="127.280469">
			<ele>0.00</ele>
			<time>2020-01-20T01:00:11.67Z</time>
		</trkpt>
		<trkpt lat="34.683871" lon="127.281269">
			<ele>0.00</ele>
			<time>2020-01-20T01:00:17.58Z</time>
		</trkpt>
		<trkpt lat="34.683813" lon="127.281295">
			<ele>0.00</ele>
			<time>2020-01-20T01:00:17.99Z</time>
		</trkpt>
		<trkpt lat="34.683738" lon="127.281279">
			<ele>0.00</ele>
			<time>2020-01-20T01:00:18.50Z</time>
		</trkpt>
		<trkpt lat="34.683576" lon="127.281229">
			<ele>0.00</ele>
			<time>2020-01-20T01:00:19.61Z</time>
		</trkpt>
		<trkpt lat="34.682931" lon="127.280907">
			<ele>0.00</ele>
			<time>2020-01-20T01:00:24.26Z</time>
		</trkpt>
		<trkpt lat="34.682531" lon="127.280699">
			<ele>0.00</ele>
			<time>2020-01-20T01:00:27.16Z</time>
		</trkpt>
		<trkpt lat="34.682045" lon="127.280455">
			<ele>0.00</ele>
			<time>2020-01-20T01:00:30.67Z</time>
		</trkpt>
		<trkpt lat="34.681729" lon="127.280292">
			<ele>0.00</ele>
			<time>2020-01-20T01:00:32.95Z</time>
		</trkpt>
		<trkpt lat="34.681639" lon="127.280242">
			<ele>0.00</ele>
			<time>2020-01-20T01:00:33.62Z</time>
		</trkpt>
		<trkpt lat="34.681578" lon="127.280126">
			<ele>0.00</ele>
			<time>2020-01-20T01:00:34.37Z</time>
		</trkpt>
		<trkpt lat="34.681520" lon="127.280053">
			<ele>0.00</ele>
			<time>2020-01-20T01:00:34.93Z</time>
		</trkpt>
		<trkpt lat="34.681457" lon="127.280050">
			<ele>0.00</ele>
			<time>2020-01-20T01:00:35.35Z</time>
		</trkpt>
		<trkpt lat="34.681401" lon="127.280056">
			<ele>0.00</ele>
			<time>2020-01-20T01:00:35.72Z</time>
		</trkpt>
		<trkpt lat="34.681351" lon="127.280066">
			<ele>0.00</ele>
			<time>2020-01-20T01:00:36.06Z</time>
		</trkpt>
		<trkpt lat="34.681267" lon="127.280035">
			<ele>0.00</ele>
			<time>2020-01-20T01:00:36.64Z</time>
		</trkpt>
		<trkpt lat="34.681179" lon="127.279993">
			<ele>0.00</ele>
			<time>2020-01-20T01:00:37.27Z</time>
		</trkpt>
		<trkpt lat="34.681101" lon="127.279933">
			<ele>0.00</ele>
			<time>2020-01-20T01:00:37.89Z</time>
		</trkpt>
		<trkpt lat="34.681062" lon="127.279825">
			<ele>0.00</ele>
			<time>2020-01-20T01:00:38.53Z</time>
		</trkpt>
		<trkpt lat="34.681008" lon="127.279749">
			<ele>0.00</ele>
			<time>2020-01-20T01:00:39.09Z</time>
		</trkpt>
		<trkpt lat="34.680891" lon="127.279681">
			<ele>0.00</ele>
			<time>2020-01-20T01:00:39.95Z</time>
		</trkpt>
		<trkpt lat="34.680794" lon="127.279599">
			<ele>0.00</ele>
			<time>2020-01-20T01:00:40.74Z</time>
		</trkpt>
		<trkpt lat="34.680703" lon="127.279428">
			<ele>0.00</ele>
			<time>2020-01-20T01:00:41.85Z</time>
		</trkpt>
		<trkpt lat="34.680602" lon="127.279145">
			<ele>0.00</ele>
			<time>2020-01-20T01:00:43.55Z</time>
		</trkpt>
		<trkpt lat="34.680539" lon="127.279016">
			<ele>0.00</ele>
			<time>2020-01-20T01:00:44.37Z</time>
		</trkpt>
		<trkpt lat="34.680405" lon="127.278900">
			<ele>0.00</ele>
			<time>2020-01-20T01:00:45.47Z</time>
		</trkpt>
		<trkpt lat="34.680310" lon="127.278847">
			<ele>0.00</ele>
			<time>2020-01-20T01:00:46.16Z</time>
		</trkpt>
		<trkpt lat="34.680139" lon="127.278802">
			<ele>0.00</ele>
			<time>2020-01-20T01:00:47.33Z</time>
		</trkpt>
		<trkpt lat="34.679921" lon="127.278724">
			<ele>0.00</ele>
			<time>2020-01-20T01:00:48.85Z</time>
		</trkpt>
		<trkpt lat="34.679789" lon="127.278632">
			<ele>0.00</ele>
			<time>2020-01-20T01:00:49.86Z</time>
		</trkpt>
		<trkpt lat="34.679709" lon="127.278574">
			<ele>0.00</ele>
			<time>2020-01-20T01:00:50.48Z</time>
		</trkpt>
		<trkpt lat="34.679544" lon="127.278532">
			<ele>0.00</ele>
			<time>2020-01-20T01:00:51.60Z</time>
		</trkpt>
		<trkpt lat="34.679402" lon="127.278495">
			<ele>0.00</ele>
			<time>2020-01-20T01:00:52.57Z</time>
		</trkpt>
		<trkpt lat="34.679216" lon="127.278477">
			<ele>0.00</ele>
			<time>2020-01-20T01:00:53.81Z</time>
		</trkpt>
		<trkpt lat="34.679152" lon="127.278421">
			<ele>0.00</ele>
			<time>2020-01-20T01:00:54.34Z</time>
		</trkpt>
		<trkpt lat="34.679093" lon="127.278397">
			<ele>0.00</ele>
			<time>2020-01-20T01:00:54.75Z</time>
		</trkpt>
		<trkpt lat="34.678990" lon="127.278359">
			<ele>0.00</ele>
			<time>2020-01-20T01:00:55.47Z</time>
		</trkpt>
		<trkpt lat="34.678930" lon="127.278328">
			<ele>0.00</ele>
			<time>2020-01-20T01:00:55.90Z</time>
		</trkpt>
		<trkpt lat="34.678683" lon="127.277940">
			<ele>0.00</ele>
			<time>2020-01-20T01:00:58.60Z</time>
		</trkpt>
		<trkpt lat="34.678354" lon="127.277415">
			<ele>0.00</ele>
			<time>2020-01-20T01:01:02.21Z</time>
		</trkpt>
		<trkpt lat="34.678091" lon="127.276962">
			<ele>0.00</ele>
			<time>2020-01-20T01:01:05.25Z</time>
		</trkpt>
		<trkpt lat="34.677953" lon="127.276639">
			<ele>0.00</ele>
			<time>2020-01-20T01:01:07.25Z</time>
		</trkpt>
		<trkpt lat="34.677887" lon="127.276319">
			<ele>0.00</ele>
			<time>2020-01-20T01:01:09.06Z</time>
		</trkpt>
		<trkpt lat="34.677777" lon="127.276127">
			<ele>0.00</ele>
			<time>2020-01-20T01:01:10.34Z</time>
		</trkpt>
		<trkpt lat="34.677589" lon="127.275784">
			<ele>0.00</ele>
			<time>2020-01-20T01:01:12.60Z</time>
		</trkpt>
		<trkpt lat="34.677357" lon="127.275476">
			<ele>0.00</ele>
			<time>2020-01-20T01:01:14.89Z</time>
		</trkpt>
		<trkpt lat="34.677141" lon="127.275187">
			<ele>0.00</ele>
			<time>2020-01-20T01:01:17.03Z</time>
		</trkpt>
		<trkpt lat="34.676787" lon="127.274803">
			<ele>0.00</ele>
			<time>2020-01-20T01:01:20.19Z</time>
		</trkpt>
		<trkpt lat="34.676668" lon="127.274631">
			<ele>0.00</ele>
			<time>2020-01-20T01:01:21.42Z</time>
		</trkpt>
		<trkpt lat="34.676509" lon="127.274434">
			<ele>0.00</ele>
			<time>2020-01-20T01:01:22.94Z</time>
		</trkpt>
		<trkpt lat="34.676349" lon="127.274226">
			<ele>0.00</ele>
			<time>2020-01-20T01:01:24.50Z</time>
		</trkpt>
		<trkpt lat="34.676173" lon="127.273986">
			<ele>0.00</ele>
			<time>2020-01-20T01:01:26.26Z</time>
		</trkpt>
		<trkpt lat="34.676057" lon="127.273765">
			<ele>0.00</ele>
			<time>2020-01-20T01:01:27.70Z</time>
		</trkpt>
		<trkpt lat="34.675932" lon="127.273499">
			<ele>0.00</ele>
			<time>2020-01-20T01:01:29.38Z</time>
		</trkpt>
		<trkpt lat="34.675913" lon="127.273343">
			<ele>0.00</ele>
			<time>2020-01-20T01:01:30.25Z</time>
		</trkpt>
		<trkpt lat="34.675973" lon="127.272924">
			<ele>0.00</ele>
			<time>2020-01-20T01:01:32.58Z</time>
		</trkpt>
		<trkpt lat="34.676001" lon="127.272585">
			<ele>0.00</ele>
			<time>2020-01-20T01:01:34.44Z</time>
		</trkpt>
		<trkpt lat="34.676010" lon="127.272460">
			<ele>0.00</ele>
			<time>2020-01-20T01:01:35.13Z</time>
		</trkpt>
		<trkpt lat="34.676010" lon="127.272429">
			<ele>0.00</ele>
			<time>2020-01-20T01:01:35.30Z</time>
		</trkpt>
		<trkpt lat="34.676010" lon="127.272421">
			<ele>0.00</ele>
			<time>2020-01-20T01:01:35.36Z</time>
		</trkpt>
		<trkpt lat="34.675889" lon="127.272350">
			<ele>0.00</ele>
			<time>2020-01-20T01:01:36.26Z</time>
		</trkpt>
		<trkpt lat="34.675756" lon="127.272259">
			<ele>0.00</ele>
			<time>2020-01-20T01:01:37.28Z</time>
		</trkpt>
		<trkpt lat="34.675601" lon="127.272196">
			<ele>0.00</ele>
			<time>2020-01-20T01:01:38.37Z</time>
		</trkpt>
		<trkpt lat="34.675395" lon="127.272120">
			<ele>0.00</ele>
			<time>2020-01-20T01:01:39.80Z</time>
		</trkpt>
		<trkpt lat="34.675276" lon="127.272084">
			<ele>0.00</ele>
			<time>2020-01-20T01:01:40.62Z</time>
		</trkpt>
		<trkpt lat="34.675138" lon="127.272066">
			<ele>0.00</ele>
			<time>2020-01-20T01:01:41.54Z</time>
		</trkpt>
		<trkpt lat="34.675008" lon="127.272072">
			<ele>0.00</ele>
			<time>2020-01-20T01:01:42.41Z</time>
		</trkpt>
		<trkpt lat="34.674782" lon="127.272105">
			<ele>0.00</ele>
			<time>2020-01-20T01:01:43.93Z</time>
		</trkpt>
		<trkpt lat="34.674607" lon="127.272171">
			<ele>0.00</ele>
			<time>2020-01-20T01:01:45.15Z</time>
		</trkpt>
		<trkpt lat="34.674332" lon="127.272309">
			<ele>0.00</ele>
			<time>2020-01-20T01:01:47.13Z</time>
		</trkpt>
		<trkpt lat="34.674058" lon="127.272461">
			<ele>0.00</ele>
			<time>2020-01-20T01:01:49.14Z</time>
		</trkpt>
		<trkpt lat="34.673925" lon="127.272585">
			<ele>0.00</ele>
			<time>2020-01-20T01:01:50.26Z</time>
		</trkpt>
		<trkpt lat="34.673806" lon="127.272730">
			<ele>0.00</ele>
			<time>2020-01-20T01:01:51.38Z</time>
		</trkpt>
		<trkpt lat="34.673728" lon="127.272838">
			<ele>0.00</ele>
			<time>2020-01-20T01:01:52.17Z</time>
		</trkpt>
		<trkpt lat="34.673626" lon="127.273049">
			<ele>0.00</ele>
			<time>2020-01-20T01:01:53.51Z</time>
		</trkpt>
		<trkpt lat="34.673501" lon="127.273257">
			<ele>0.00</ele>
			<time>2020-01-20T01:01:54.92Z</time>
		</trkpt>
		<trkpt lat="34.673380" lon="127.273485">
			<ele>0.00</ele>
			<time>2020-01-20T01:01:56.41Z</time>
		</trkpt>
		<trkpt lat="34.673228" lon="127.273731">
			<ele>0.00</ele>
			<time>2020-01-20T01:01:58.10Z</time>
		</trkpt>
		<trkpt lat="34.673064" lon="127.273966">
			<ele>0.00</ele>
			<time>2020-01-20T01:01:59.79Z</time>
		</trkpt>
		<trkpt lat="34.672893" lon="127.274179">
			<ele>0.00</ele>
			<time>2020-01-20T01:02:01.42Z</time>
		</trkpt>
		<trkpt lat="34.672780" lon="127.274346">
			<ele>0.00</ele>
			<time>2020-01-20T01:02:02.61Z</time>
		</trkpt>
		<trkpt lat="34.672676" lon="127.274486">
			<ele>0.00</ele>
			<time>2020-01-20T01:02:03.64Z</time>
		</trkpt>
		<trkpt lat="34.672565" lon="127.274732">
			<ele>0.00</ele>
			<time>2020-01-20T01:02:05.18Z</time>
		</trkpt>
		<trkpt lat="34.672488" lon="127.275009">
			<ele>0.00</ele>
			<time>2020-01-20T01:02:06.78Z</time>
		</trkpt>
		<trkpt lat="34.672365" lon="127.275441">
			<ele>0.00</ele>
			<time>2020-01-20T01:02:09.28Z</time>
		</trkpt>
		<trkpt lat="34.672211" lon="127.275945">
			<ele>0.00</ele>
			<time>2020-01-20T01:02:12.24Z</time>
		</trkpt>
		<trkpt lat="34.672177" lon="127.276085">
			<ele>0.00</ele>
			<time>2020-01-20T01:02:13.03Z</time>
		</trkpt>
		<trkpt lat="34.672109" lon="127.276189">
			<ele>0.00</ele>
			<time>2020-01-20T01:02:13.77Z</time>
		</trkpt>
		<trkpt lat="34.671992" lon="127.276341">
			<ele>0.00</ele>
			<time>2020-01-20T01:02:14.91Z</time>
		</trkpt>
		<trkpt lat="34.671927" lon="127.276468">
			<ele>0.00</ele>
			<time>2020-01-20T01:02:15.73Z</time>
		</trkpt>
		<trkpt lat="34.671817" lon="127.276580">
			<ele>0.00</ele>
			<time>2020-01-20T01:02:16.68Z</time>
		</trkpt>
		<trkpt lat="34.671725" lon="127.276651">
			<ele>0.00</ele>
			<time>2020-01-20T01:02:17.41Z</time>
		</trkpt>
		<trkpt lat="34.671629" lon="127.276719">
			<ele>0.00</ele>
			<time>2020-01-20T01:02:18.15Z</time>
		</trkpt>
		<trkpt lat="34.671477" lon="127.276785">
			<ele>0.00</ele>
			<time>2020-01-20T01:02:19.23Z</time>
		</trkpt>
		<trkpt lat="34.671256" lon="127.276882">
			<ele>0.00</ele>
			<time>2020-01-20T01:02:20.79Z</time>
		</trkpt>
		<trkpt lat="34.670987" lon="127.277013">
			<ele>0.00</ele>
			<time>2020-01-20T01:02:22.73Z</time>
		</trkpt>
		<trkpt lat="34.670768" lon="127.277140">
			<ele>0.00</ele>
			<time>2020-01-20T01:02:24.35Z</time>
		</trkpt>
		<trkpt lat="34.670473" lon="127.277305">
			<ele>0.00</ele>
			<time>2020-01-20T01:02:26.51Z</time>
		</trkpt>
		<trkpt lat="34.670192" lon="127.277492">
			<ele>0.00</ele>
			<time>2020-01-20T01:02:28.64Z</time>
		</trkpt>
		<trkpt lat="34.669891" lon="127.277645">
			<ele>0.00</ele>
			<time>2020-01-20T01:02:30.81Z</time>
		</trkpt>
		<trkpt lat="34.669506" lon="127.277853">
			<ele>0.00</ele>
			<time>2020-01-20T01:02:33.63Z</time>
		</trkpt>
		<trkpt lat="34.669224" lon="127.277990">
			<ele>0.00</ele>
			<time>2020-01-20T01:02:35.65Z</time>
		</trkpt>
		<trkpt lat="34.669036" lon="127.278087">
			<ele>0.00</ele>
			<time>2020-01-20T01:02:37.01Z</time>
		</trkpt>
		<trkpt lat="34.669032" lon="127.278081">
			<ele>0.00</ele>
			<time>2020-01-20T01:02:37.07Z</time>
		</trkpt>
		<trkpt lat="34.669010" lon="127.278209">
			<ele>0.00</ele>
			<time>2020-01-20T01:02:37.79Z</time>
		</trkpt>
		<trkpt lat="34.669005" lon="127.278374">
			<ele>0.00</ele>
			<time>2020-01-20T01:02:38.69Z</time>
		</trkpt>
		<trkpt lat="34.669002" lon="127.278573">
			<ele>0.00</ele>
			<time>2020-01-20T01:02:39.78Z</time>
		</trkpt>
		<trkpt lat="34.669015" lon="127.278734">
			<ele>0.00</ele>
			<time>2020-01-20T01:02:40.67Z</time>
		</trkpt>
		<trkpt lat="34.669010" lon="127.278917">
			<ele>0.00</ele>
			<time>2020-01-20T01:02:41.67Z</time>
		</trkpt>
		<trkpt lat="34.669013" lon="127.279094">
			<ele>0.00</ele>
			<time>2020-01-20T01:02:42.64Z</time>
		</trkpt>
		<trkpt lat="34.668976" lon="127.279239">
			<ele>0.00</ele>
			<time>2020-01-20T01:02:43.48Z</time>
		</trkpt>
		<trkpt lat="34.668945" lon="127.279309">
			<ele>0.00</ele>
			<time>2020-01-20T01:02:43.91Z</time>
		</trkpt>
		<trkpt lat="34.668481" lon="127.279255">
			<ele>0.00</ele>
			<time>2020-01-20T01:02:47.02Z</time>
		</trkpt>
		<trkpt lat="34.668113" lon="127.279251">
			<ele>0.00</ele>
			<time>2020-01-20T01:02:49.47Z</time>
		</trkpt>
		<trkpt lat="34.667856" lon="127.279226">
			<ele>0.00</ele>
			<time>2020-01-20T01:02:51.19Z</time>
		</trkpt>
		<trkpt lat="34.667588" lon="127.279236">
			<ele>0.00</ele>
			<time>2020-01-20T01:02:52.98Z</time>
		</trkpt>
		<trkpt lat="34.667385" lon="127.279229">
			<ele>0.00</ele>
			<time>2020-01-20T01:02:54.33Z</time>
		</trkpt>
		<trkpt lat="34.667060" lon="127.279216">
			<ele>0.00</ele>
			<time>2020-01-20T01:02:56.50Z</time>
		</trkpt>
		<trkpt lat="34.666900" lon="127.279211">
			<ele>0.00</ele>
			<time>2020-01-20T01:02:57.57Z</time>
		</trkpt>
		<trkpt lat="34.666826" lon="127.279234">
			<ele>0.00</ele>
			<time>2020-01-20T01:02:58.08Z</time>
		</trkpt>
		<trkpt lat="34.666818" lon="127.279436">
			<ele>0.00</ele>
			<time>2020-01-20T01:02:59.18Z</time>
		</trkpt>
		<trkpt lat="34.666818" lon="127.279441">
			<ele>0.00</ele>
			<time>2020-01-20T01:02:59.24Z</time>
		</trkpt>
		<trkpt lat="34.666809" lon="127.279700">
			<ele>0.00</ele>
			<time>2020-01-20T01:03:00.67Z</time>
		</trkpt>
		<trkpt lat="34.666820" lon="127.279975">
			<ele>0.00</ele>
			<time>2020-01-20T01:03:02.18Z</time>
		</trkpt>
		<trkpt lat="34.666830" lon="127.280177">
			<ele>0.00</ele>
			<time>2020-01-20T01:03:03.28Z</time>
		</trkpt>
		<trkpt lat="34.666816" lon="127.280345">
			<ele>0.00</ele>
			<time>2020-01-20T01:03:04.22Z</time>
		</trkpt>
		<trkpt lat="34.666799" lon="127.280429">
			<ele>0.00</ele>
			<time>2020-01-20T01:03:04.68Z</time>
		</trkpt>
		<trkpt lat="34.666751" lon="127.280547">
			<ele>0.00</ele>
			<time>2020-01-20T01:03:05.41Z</time>
		</trkpt>
		<trkpt lat="34.666717" lon="127.280646">
			<ele>0.00</ele>
			<time>2020-01-20T01:03:06Z</time>
		</trkpt>
		<trkpt lat="34.666702" lon="127.280754">
			<ele>0.00</ele>
			<time>2020-01-20T01:03:06.60Z</time>
		</trkpt>
		<trkpt lat="34.666696" lon="127.280900">
			<ele>0.00</ele>
			<time>2020-01-20T01:03:07.40Z</time>
		</trkpt>
		<trkpt lat="34.666694" lon="127.281021">
			<ele>0.00</ele>
			<time>2020-01-20T01:03:08.06Z</time>
		</trkpt>
		<trkpt lat="34.666746" lon="127.281215">
			<ele>0.00</ele>
			<time>2020-01-20T01:03:09.18Z</time>
		</trkpt>
		<trkpt lat="34.666783" lon="127.281301">
			<ele>0.00</ele>
			<time>2020-01-20T01:03:09.71Z</time>
		</trkpt>
		<trkpt lat="34.666787" lon="127.281306">
			<ele>0.00</ele>
			<time>2020-01-20T01:03:09.77Z</time>
		</trkpt>
		<trkpt lat="34.666841" lon="127.281432">
			<ele>0.00</ele>
			<time>2020-01-20T01:03:10.55Z</time>
		</trkpt>
		<trkpt lat="34.666930" lon="127.281669">
			<ele>0.00</ele>
			<time>2020-01-20T01:03:11.98Z</time>
		</trkpt>
		<trkpt lat="34.666933" lon="127.281674">
			<ele>0.00</ele>
			<time>2020-01-20T01:03:12.04Z</time>
		</trkpt>
		<trkpt lat="34.666962" lon="127.281802">
			<ele>0.00</ele>
			<time>2020-01-20T01:03:12.77Z</time>
		</trkpt>
		<trkpt lat="34.666987" lon="127.281933">
			<ele>0.00</ele>
			<time>2020-01-20T01:03:13.51Z</time>
		</trkpt>
		<trkpt lat="34.666985" lon="127.282006">
			<ele>0.00</ele>
			<time>2020-01-20T01:03:13.91Z</time>
		</trkpt>
		<trkpt lat="34.666971" lon="127.282105">
			<ele>0.00</ele>
			<time>2020-01-20T01:03:14.46Z</time>
		</trkpt>
		<trkpt lat="34.666962" lon="127.282163">
			<ele>0.00</ele>
			<time>2020-01-20T01:03:14.78Z</time>
		</trkpt>
		<trkpt lat="34.666944" lon="127.282211">
			<ele>0.00</ele>
			<time>2020-01-20T01:03:15.07Z</time>
		</trkpt>
		<trkpt lat="34.666905" lon="127.282296">
			<ele>0.00</ele>
			<time>2020-01-20T01:03:15.61Z</time>
		</trkpt>
		<trkpt lat="34.666877" lon="127.282369">
			<ele>0.00</ele>
			<time>2020-01-20T01:03:16.05Z</time>
		</trkpt>
		<trkpt lat="34.666878" lon="127.282382">
			<ele>0.00</ele>
			<time>2020-01-20T01:03:16.12Z</time>
		</trkpt>
		<trkpt lat="34.666857" lon="127.282435">
			<ele>0.00</ele>
			<time>2020-01-20T01:03:16.44Z</time>
		</trkpt>
		<trkpt lat="34.666857" lon="127.282488">
			<ele>0.00</ele>
			<time>2020-01-20T01:03:16.73Z</time>
		</trkpt>
		<trkpt lat="34.666842" lon="127.282526">
			<ele>0.00</ele>
			<time>2020-01-20T01:03:16.96Z</time>
		</trkpt>
		<trkpt lat="34.666811" lon="127.282571">
			<ele>0.00</ele>
			<time>2020-01-20T01:03:17.28Z</time>
		</trkpt>
		<trkpt lat="34.666807" lon="127.282606">
			<ele>0.00</ele>
			<time>2020-01-20T01:03:17.48Z</time>
		</trkpt>
		<trkpt lat="34.666807" lon="127.282616">
			<ele>0.00</ele>
			<time>2020-01-20T01:03:17.54Z</time>
		</trkpt>
		<trkpt lat="34.666807" lon="127.282621">
			<ele>0.00</ele>
			<time>2020-01-20T01:03:17.60Z</time>
		</trkpt>
		<trkpt lat="34.666807" lon="127.282669">
			<ele>0.00</ele>
			<time>2020-01-20T01:03:17.86Z</time>
		</trkpt>
		<trkpt lat="34.666807" lon="127.282672">
			<ele>0.00</ele>
			<time>2020-01-20T01:03:17.92Z</time>
		</trkpt>
		<trkpt lat="34.666803" lon="127.282735">
			<ele>0.00</ele>
			<time>2020-01-20T01:03:18.27Z</time>
		</trkpt>
		<trkpt lat="34.666803" lon="127.282737">
			<ele>0.00</ele>
			<time>2020-01-20T01:03:18.33Z</time>
		</trkpt>
		<trkpt lat="34.666766" lon="127.282808">
			<ele>0.00</ele>
			<time>2020-01-20T01:03:18.79Z</time>
		</trkpt>
		<trkpt lat="34.666766" lon="127.282815">
			<ele>0.00</ele>
			<time>2020-01-20T01:03:18.85Z</time>
		</trkpt>
		<trkpt lat="34.666759" lon="127.282826">
			<ele>0.00</ele>
			<time>2020-01-20T01:03:18.92Z</time>
		</trkpt>
		<trkpt lat="34.666753" lon="127.282831">
			<ele>0.00</ele>
			<time>2020-01-20T01:03:18.98Z</time>
		</trkpt>
		<trkpt lat="34.666726" lon="127.282886">
			<ele>0.00</ele>
			<time>2020-01-20T01:03:19.33Z</time>
		</trkpt>
		<trkpt lat="34.666726" lon="127.282889">
			<ele>0.00</ele>
			<time>2020-01-20T01:03:19.39Z</time>
		</trkpt>
		<trkpt lat="34.666683" lon="127.282969">
			<ele>0.00</ele>
			<time>2020-01-20T01:03:19.92Z</time>
		</trkpt>
		<trkpt lat="34.666681" lon="127.282982">
			<ele>0.00</ele>
			<time>2020-01-20T01:03:19.99Z</time>
		</trkpt>
		<trkpt lat="34.666633" lon="127.283062">
			<ele>0.00</ele>
			<time>2020-01-20T01:03:20.53Z</time>
		</trkpt>
		<trkpt lat="34.666627" lon="127.283073">
			<ele>0.00</ele>
			<time>2020-01-20T01:03:20.60Z</time>
		</trkpt>
		<trkpt lat="34.666625" lon="127.283075">
			<ele>0.00</ele>
			<time>2020-01-20T01:03:20.66Z</time>
		</trkpt>
		<trkpt lat="34.666538" lon="127.283204">
			<ele>0.00</ele>
			<time>2020-01-20T01:03:21.57Z</time>
		</trkpt>
		<trkpt lat="34.666509" lon="127.283229">
			<ele>0.00</ele>
			<time>2020-01-20T01:03:21.81Z</time>
		</trkpt>
		<trkpt lat="34.666492" lon="127.283259">
			<ele>0.00</ele>
			<time>2020-01-20T01:03:22.01Z</time>
		</trkpt>
		<trkpt lat="34.666513" lon="127.283307">
			<ele>0.00</ele>
			<time>2020-01-20T01:03:22.31Z</time>
		</trkpt>
		<trkpt lat="34.666573" lon="127.283337">
			<ele>0.00</ele>
			<time>2020-01-20T01:03:22.74Z</time>
		</trkpt>
		<trkpt lat="34.666681" lon="127.283355">
			<ele>0.00</ele>
			<time>2020-01-20T01:03:23.47Z</time>
		</trkpt>
		<trkpt lat="34.666923" lon="127.283372">
			<ele>0.00</ele>
			<time>2020-01-20T01:03:25.09Z</time>
		</trkpt>
		<trkpt lat="34.667114" lon="127.283400">
			<ele>0.00</ele>
			<time>2020-01-20T01:03:26.37Z</time>
		</trkpt>
		<trkpt lat="34.667141" lon="127.283488">
			<ele>0.00</ele>
			<time>2020-01-20T01:03:26.88Z</time>
		</trkpt>
		<trkpt lat="34.667185" lon="127.283584">
			<ele>0.00</ele>
			<time>2020-01-20T01:03:27.48Z</time>
		</trkpt>
		<trkpt lat="34.667249" lon="127.283622">
			<ele>0.00</ele>
			<time>2020-01-20T01:03:27.96Z</time>
		</trkpt>
		<trkpt lat="34.667226" lon="127.283725">
			<ele>0.00</ele>
			<time>2020-01-20T01:03:28.54Z</time>
		</trkpt>
		<trkpt lat="34.667176" lon="127.283821">
			<ele>0.00</ele>
			<time>2020-01-20T01:03:29.17Z</time>
		</trkpt>
		<trkpt lat="34.667079" lon="127.284017">
			<ele>0.00</ele>
			<time>2020-01-20T01:03:30.42Z</time>
		</trkpt>
		<trkpt lat="34.667023" lon="127.284174">
			<ele>0.00</ele>
			<time>2020-01-20T01:03:31.36Z</time>
		</trkpt>
		<trkpt lat="34.667015" lon="127.284224">
			<ele>0.00</ele>
			<time>2020-01-20T01:03:31.64Z</time>
		</trkpt>
		<trkpt lat="34.667033" lon="127.284328">
			<ele>0.00</ele>
			<time>2020-01-20T01:03:32.22Z</time>
		</trkpt>
		<trkpt lat="34.667089" lon="127.284479">
			<ele>0.00</ele>
			<time>2020-01-20T01:03:33.13Z</time>
		</trkpt>
		<trkpt lat="34.667112" lon="127.284575">
			<ele>0.00</ele>
			<time>2020-01-20T01:03:33.68Z</time>
		</trkpt>
		<trkpt lat="34.667118" lon="127.284653">
			<ele>0.00</ele>
			<time>2020-01-20T01:03:34.11Z</time>
		</trkpt>
		<trkpt lat="34.667114" lon="127.284711">
			<ele>0.00</ele>
			<time>2020-01-20T01:03:34.43Z</time>
		</trkpt>
		<trkpt lat="34.667095" lon="127.284764">
			<ele>0.00</ele>
			<time>2020-01-20T01:03:34.74Z</time>
		</trkpt>
		<trkpt lat="34.667047" lon="127.284774">
			<ele>0.00</ele>
			<time>2020-01-20T01:03:35.07Z</time>
		</trkpt>
		<trkpt lat="34.667045" lon="127.284774">
			<ele>0.00</ele>
			<time>2020-01-20T01:03:35.13Z</time>
		</trkpt>
		<trkpt lat="34.666799" lon="127.284762">
			<ele>0.00</ele>
			<time>2020-01-20T01:03:36.77Z</time>
		</trkpt>
		<trkpt lat="34.666743" lon="127.284774">
			<ele>0.00</ele>
			<time>2020-01-20T01:03:37.15Z</time>
		</trkpt>
		<trkpt lat="34.666722" lon="127.284830">
			<ele>0.00</ele>
			<time>2020-01-20T01:03:37.49Z</time>
		</trkpt>
		<trkpt lat="34.666739" lon="127.285016">
			<ele>0.00</ele>
			<time>2020-01-20T01:03:38.51Z</time>
		</trkpt>
		<trkpt lat="34.666753" lon="127.285170">
			<ele>0.00</ele>
			<time>2020-01-20T01:03:39.36Z</time>
		</trkpt>
		<trkpt lat="34.666772" lon="127.285334">
			<ele>0.00</ele>
			<time>2020-01-20T01:03:40.27Z</time>
		</trkpt>
		<trkpt lat="34.666786" lon="127.285487">
			<ele>0.00</ele>
			<time>2020-01-20T01:03:41.12Z</time>
		</trkpt>
		<trkpt lat="34.666801" lon="127.285591">
			<ele>0.00</ele>
			<time>2020-01-20T01:03:41.69Z</time>
		</trkpt>
		<trkpt lat="34.666793" lon="127.285666">
			<ele>0.00</ele>
			<time>2020-01-20T01:03:42.11Z</time>
		</trkpt>
		<trkpt lat="34.666718" lon="127.285686">
			<ele>0.00</ele>
			<time>2020-01-20T01:03:42.62Z</time>
		</trkpt>
		<trkpt lat="34.666329" lon="127.285656">
			<ele>0.00</ele>
			<time>2020-01-20T01:03:45.22Z</time>
		</trkpt>
		<trkpt lat="34.666014" lon="127.285608">
			<ele>0.00</ele>
			<time>2020-01-20T01:03:47.33Z</time>
		</trkpt>
		<trkpt lat="34.665591" lon="127.285553">
			<ele>0.00</ele>
			<time>2020-01-20T01:03:50.17Z</time>
		</trkpt>
		<trkpt lat="34.665241" lon="127.285507">
			<ele>0.00</ele>
			<time>2020-01-20T01:03:52.52Z</time>
		</trkpt>
		<trkpt lat="34.665165" lon="127.285507">
			<ele>0.00</ele>
			<time>2020-01-20T01:03:53.03Z</time>
		</trkpt>
		<trkpt lat="34.665076" lon="127.285579">
			<ele>0.00</ele>
			<time>2020-01-20T01:03:53.73Z</time>
		</trkpt>
		<trkpt lat="34.664958" lon="127.285654">
			<ele>0.00</ele>
			<time>2020-01-20T01:03:54.62Z</time>
		</trkpt>
		<trkpt lat="34.664900" lon="127.285702">
			<ele>0.00</ele>
			<time>2020-01-20T01:03:55.09Z</time>
		</trkpt>
		<trkpt lat="34.664834" lon="127.285717">
			<ele>0.00</ele>
			<time>2020-01-20T01:03:55.54Z</time>
		</trkpt>
		<trkpt lat="34.664683" lon="127.285702">
			<ele>0.00</ele>
			<time>2020-01-20T01:03:56.55Z</time>
		</trkpt>
		<trkpt lat="34.664465" lon="127.285667">
			<ele>0.00</ele>
			<time>2020-01-20T01:03:58.02Z</time>
		</trkpt>
		<trkpt lat="34.664231" lon="127.285596">
			<ele>0.00</ele>
			<time>2020-01-20T01:03:59.62Z</time>
		</trkpt>
		<trkpt lat="34.663905" lon="127.285480">
			<ele>0.00</ele>
			<time>2020-01-20T01:04:01.89Z</time>
		</trkpt>
		<trkpt lat="34.663621" lon="127.285363">
			<ele>0.00</ele>
			<time>2020-01-20T01:04:03.89Z</time>
		</trkpt>
		<trkpt lat="34.663145" lon="127.285166">
			<ele>0.00</ele>
			<time>2020-01-20T01:04:07.24Z</time>
		</trkpt>
		<trkpt lat="34.662856" lon="127.285046">
			<ele>0.00</ele>
			<time>2020-01-20T01:04:09.28Z</time>
		</trkpt>
		<trkpt lat="34.662485" lon="127.284945">
			<ele>0.00</ele>
			<time>2020-01-20T01:04:11.81Z</time>
		</trkpt>
		<trkpt lat="34.662139" lon="127.284831">
			<ele>0.00</ele>
			<time>2020-01-20T01:04:14.20Z</time>
		</trkpt>
		<trkpt lat="34.661709" lon="127.284684">
			<ele>0.00</ele>
			<time>2020-01-20T01:04:17.18Z</time>
		</trkpt>
		<trkpt lat="34.661346" lon="127.284552">
			<ele>0.00</ele>
			<time>2020-01-20T01:04:19.70Z</time>
		</trkpt>
		<trkpt lat="34.660624" lon="127.284254">
			<ele>0.00</ele>
			<time>2020-01-20T01:04:24.79Z</time>
		</trkpt>
		<trkpt lat="34.660375" lon="127.284149">
			<ele>0.00</ele>
			<time>2020-01-20T01:04:26.55Z</time>
		</trkpt>
		<trkpt lat="34.660298" lon="127.284137">
			<ele>0.00</ele>
			<time>2020-01-20T01:04:27.06Z</time>
		</trkpt>
		<trkpt lat="34.660101" lon="127.284116">
			<ele>0.00</ele>
			<time>2020-01-20T01:04:28.38Z</time>
		</trkpt>
		<trkpt lat="34.659864" lon="127.284080">
			<ele>0.00</ele>
			<time>2020-01-20T01:04:29.98Z</time>
		</trkpt>
		<trkpt lat="34.659597" lon="127.283965">
			<ele>0.00</ele>
			<time>2020-01-20T01:04:31.86Z</time>
		</trkpt>
		<trkpt lat="34.659387" lon="127.283868">
			<ele>0.00</ele>
			<time>2020-01-20T01:04:33.36Z</time>
		</trkpt>
		<trkpt lat="34.659056" lon="127.283673">
			<ele>0.00</ele>
			<time>2020-01-20T01:04:35.81Z</time>
		</trkpt>
		<trkpt lat="34.658836" lon="127.283487">
			<ele>0.00</ele>
			<time>2020-01-20T01:04:37.60Z</time>
		</trkpt>
		<trkpt lat="34.658621" lon="127.283250">
			<ele>0.00</ele>
			<time>2020-01-20T01:04:39.53Z</time>
		</trkpt>
		<trkpt lat="34.658226" lon="127.282899">
			<ele>0.00</ele>
			<time>2020-01-20T01:04:42.80Z</time>
		</trkpt>
		<trkpt lat="34.657963" lon="127.282698">
			<ele>0.00</ele>
			<time>2020-01-20T01:04:44.86Z</time>
		</trkpt>
		<trkpt lat="34.657699" lon="127.282449">
			<ele>0.00</ele>
			<time>2020-01-20T01:04:47.09Z</time>
		</trkpt>
		<trkpt lat="34.657574" lon="127.282323">
			<ele>0.00</ele>
			<time>2020-01-20T01:04:48.18Z</time>
		</trkpt>
		<trkpt lat="34.657458" lon="127.282416">
			<ele>0.00</ele>
			<time>2020-01-20T01:04:49.11Z</time>
		</trkpt>
		<trkpt lat="34.657331" lon="127.282552">
			<ele>0.00</ele>
			<time>2020-01-20T01:04:50.23Z</time>
		</trkpt>
		<trkpt lat="34.657232" lon="127.282663">
			<ele>0.00</ele>
			<time>2020-01-20T01:04:51.13Z</time>
		</trkpt>
		<trkpt lat="34.657251" lon="127.282687">
			<ele>0.00</ele>
			<time>2020-01-20T01:04:51.31Z</time>
		</trkpt>
		<trkpt lat="34.657345" lon="127.282758">
			<ele>0.00</ele>
			<time>2020-01-20T01:04:52.05Z</time>
		</trkpt>
		<trkpt lat="34.657468" lon="127.282842">
			<ele>0.00</ele>
			<time>2020-01-20T01:04:52.99Z</time>
		</trkpt>
		<trkpt lat="34.657548" lon="127.282932">
			<ele>0.00</ele>
			<time>2020-01-20T01:04:53.72Z</time>
		</trkpt>
		<trkpt lat="34.657908" lon="127.283271">
			<ele>0.00</ele>
			<time>2020-01-20T01:04:56.75Z</time>
		</trkpt>
		<trkpt lat="34.658284" lon="127.283608">
			<ele>0.00</ele>
			<time>2020-01-20T01:04:59.86Z</time>
		</trkpt>
		<trkpt lat="34.658567" lon="127.283855">
			<ele>0.00</ele>
			<time>2020-01-20T01:05:02.19Z</time>
		</trkpt>
		<trkpt lat="34.658789" lon="127.284025">
			<ele>0.00</ele>
			<time>2020-01-20T01:05:03.94Z</time>
		</trkpt>
		<trkpt lat="34.659119" lon="127.284226">
			<ele>0.00</ele>
			<time>2020-01-20T01:05:06.40Z</time>
		</trkpt>
		<trkpt lat="34.659473" lon="127.284389">
			<ele>0.00</ele>
			<time>2020-01-20T01:05:08.92Z</time>
		</trkpt>
		<trkpt lat="34.659828" lon="127.284541">
			<ele>0.00</ele>
			<time>2020-01-20T01:05:11.43Z</time>
		</trkpt>
		<trkpt lat="34.660045" lon="127.284607">
			<ele>0.00</ele>
			<time>2020-01-20T01:05:12.92Z</time>
		</trkpt>
		<trkpt lat="34.660289" lon="127.284613">
			<ele>0.00</ele>
			<time>2020-01-20T01:05:14.55Z</time>
		</trkpt>
		<trkpt lat="34.660432" lon="127.284667">
			<ele>0.00</ele>
			<time>2020-01-20T01:05:15.55Z</time>
		</trkpt>
		<trkpt lat="34.660807" lon="127.284825">
			<ele>0.00</ele>
			<time>2020-01-20T01:05:18.19Z</time>
		</trkpt>
		<trkpt lat="34.661060" lon="127.284939">
			<ele>0.00</ele>
			<time>2020-01-20T01:05:19.99Z</time>
		</trkpt>
		<trkpt lat="34.661700" lon="127.285174">
			<ele>0.00</ele>
			<time>2020-01-20T01:05:24.45Z</time>
		</trkpt>
		<trkpt lat="34.662042" lon="127.285353">
			<ele>0.00</ele>
			<time>2020-01-20T01:05:26.93Z</time>
		</trkpt>
		<trkpt lat="34.662733" lon="127.285708">
			<ele>0.00</ele>
			<time>2020-01-20T01:05:31.93Z</time>
		</trkpt>
		<trkpt lat="34.662764" lon="127.285722">
			<ele>0.00</ele>
			<time>2020-01-20T01:05:32.15Z</time>
		</trkpt>
		<trkpt lat="34.662746" lon="127.285795">
			<ele>0.00</ele>
			<time>2020-01-20T01:05:32.57Z</time>
		</trkpt>
		<trkpt lat="34.662771" lon="127.285988">
			<ele>0.00</ele>
			<time>2020-01-20T01:05:33.64Z</time>
		</trkpt>
		<trkpt lat="34.662808" lon="127.286497">
			<ele>0.00</ele>
			<time>2020-01-20T01:05:36.45Z</time>
		</trkpt>
		<trkpt lat="34.662837" lon="127.286959">
			<ele>0.00</ele>
			<time>2020-01-20T01:05:38.99Z</time>
		</trkpt>
		<trkpt lat="34.662848" lon="127.287426">
			<ele>0.00</ele>
			<time>2020-01-20T01:05:41.55Z</time>
		</trkpt>
		<trkpt lat="34.662862" lon="127.287818">
			<ele>0.00</ele>
			<time>2020-01-20T01:05:43.70Z</time>
		</trkpt>
		<trkpt lat="34.662866" lon="127.288542">
			<ele>0.00</ele>
			<time>2020-01-20T01:05:47.67Z</time>
		</trkpt>
		<trkpt lat="34.663580" lon="127.289016">
			<ele>0.00</ele>
			<time>2020-01-20T01:05:53.09Z</time>
		</trkpt>
		<trkpt lat="34.663524" lon="127.289146">
			<ele>0.00</ele>
			<time>2020-01-20T01:05:53.89Z</time>
		</trkpt>
		<trkpt lat="34.663502" lon="127.289236">
			<ele>0.00</ele>
			<time>2020-01-20T01:05:54.41Z</time>
		</trkpt>
		<trkpt lat="34.663486" lon="127.289320">
			<ele>0.00</ele>
			<time>2020-01-20T01:05:54.88Z</time>
		</trkpt>
		<trkpt lat="34.663517" lon="127.289543">
			<ele>0.00</ele>
			<time>2020-01-20T01:05:56.12Z</time>
		</trkpt>
		<trkpt lat="34.663575" lon="127.290028">
			<ele>0.00</ele>
			<time>2020-01-20T01:05:58.81Z</time>
		</trkpt>
		<trkpt lat="34.663624" lon="127.290373">
			<ele>0.00</ele>
			<time>2020-01-20T01:06:00.73Z</time>
		</trkpt>
		<trkpt lat="34.663658" lon="127.290541">
			<ele>0.00</ele>
			<time>2020-01-20T01:06:01.68Z</time>
		</trkpt>
		<trkpt lat="34.663736" lon="127.290802">
			<ele>0.00</ele>
			<time>2020-01-20T01:06:03.20Z</time>
		</trkpt>
		<trkpt lat="34.663756" lon="127.290862">
			<ele>0.00</ele>
			<time>2020-01-20T01:06:03.55Z</time>
		</trkpt>
		<trkpt lat="34.663756" lon="127.291019">
			<ele>0.00</ele>
			<time>2020-01-20T01:06:04.42Z</time>
		</trkpt>
		<trkpt lat="34.663745" lon="127.291198">
			<ele>0.00</ele>
			<time>2020-01-20T01:06:05.40Z</time>
		</trkpt>
		<trkpt lat="34.663756" lon="127.291359">
			<ele>0.00</ele>
			<time>2020-01-20T01:06:06.29Z</time>
		</trkpt>
		<trkpt lat="34.663835" lon="127.291590">
			<ele>0.00</ele>
			<time>2020-01-20T01:06:07.66Z</time>
		</trkpt>
		<trkpt lat="34.663895" lon="127.291758">
			<ele>0.00</ele>
			<time>2020-01-20T01:06:08.66Z</time>
		</trkpt>
		<trkpt lat="34.663929" lon="127.291826">
			<ele>0.00</ele>
			<time>2020-01-20T01:06:09.10Z</time>
		</trkpt>
		<trkpt lat="34.664051" lon="127.291854">
			<ele>0.00</ele>
			<time>2020-01-20T01:06:09.93Z</time>
		</trkpt>
		<trkpt lat="34.664165" lon="127.291908">
			<ele>0.00</ele>
			<time>2020-01-20T01:06:10.74Z</time>
		</trkpt>
		<trkpt lat="34.664288" lon="127.291965">
			<ele>0.00</ele>
			<time>2020-01-20T01:06:11.62Z</time>
		</trkpt>
		<trkpt lat="34.664388" lon="127.292028">
			<ele>0.00</ele>
			<time>2020-01-20T01:06:12.37Z</time>
		</trkpt>
		<trkpt lat="34.664440" lon="127.292281">
			<ele>0.00</ele>
			<time>2020-01-20T01:06:13.80Z</time>
		</trkpt>
		<trkpt lat="34.664491" lon="127.292511">
			<ele>0.00</ele>
			<time>2020-01-20T01:06:15.11Z</time>
		</trkpt>
		<trkpt lat="34.664590" lon="127.293026">
			<ele>0.00</ele>
			<time>2020-01-20T01:06:18.01Z</time>
		</trkpt>
		<trkpt lat="34.664621" lon="127.293149">
			<ele>0.00</ele>
			<time>2020-01-20T01:06:18.71Z</time>
		</trkpt>
		<trkpt lat="34.664626" lon="127.293279">
			<ele>0.00</ele>
			<time>2020-01-20T01:06:19.43Z</time>
		</trkpt>
		<trkpt lat="34.664601" lon="127.293415">
			<ele>0.00</ele>
			<time>2020-01-20T01:06:20.19Z</time>
		</trkpt>
		<trkpt lat="34.664550" lon="127.293491">
			<ele>0.00</ele>
			<time>2020-01-20T01:06:20.73Z</time>
		</trkpt>
		<trkpt lat="34.664485" lon="127.293559">
			<ele>0.00</ele>
			<time>2020-01-20T01:06:21.30Z</time>
		</trkpt>
		<trkpt lat="34.664474" lon="127.293632">
			<ele>0.00</ele>
			<time>2020-01-20T01:06:21.71Z</time>
		</trkpt>
		<trkpt lat="34.664481" lon="127.293770">
			<ele>0.00</ele>
			<time>2020-01-20T01:06:22.47Z</time>
		</trkpt>
		<trkpt lat="34.664487" lon="127.294003">
			<ele>0.00</ele>
			<time>2020-01-20T01:06:23.74Z</time>
		</trkpt>
		<trkpt lat="34.664481" lon="127.294183">
			<ele>0.00</ele>
			<time>2020-01-20T01:06:24.73Z</time>
		</trkpt>
		<trkpt lat="34.664466" lon="127.294297">
			<ele>0.00</ele>
			<time>2020-01-20T01:06:25.37Z</time>
		</trkpt>
		<trkpt lat="34.664433" lon="127.294416">
			<ele>0.00</ele>
			<time>2020-01-20T01:06:26.06Z</time>
		</trkpt>
		<trkpt lat="34.664406" lon="127.294475">
			<ele>0.00</ele>
			<time>2020-01-20T01:06:26.42Z</time>
		</trkpt>
		<trkpt lat="34.664414" lon="127.294546">
			<ele>0.00</ele>
			<time>2020-01-20T01:06:26.82Z</time>
		</trkpt>
		<trkpt lat="34.664435" lon="127.294660">
			<ele>0.00</ele>
			<time>2020-01-20T01:06:27.46Z</time>
		</trkpt>
		<trkpt lat="34.664431" lon="127.294817">
			<ele>0.00</ele>
			<time>2020-01-20T01:06:28.32Z</time>
		</trkpt>
		<trkpt lat="34.664437" lon="127.294921">
			<ele>0.00</ele>
			<time>2020-01-20T01:06:28.89Z</time>
		</trkpt>
		<trkpt lat="34.664424" lon="127.295106">
			<ele>0.00</ele>
			<time>2020-01-20T01:06:29.91Z</time>
		</trkpt>
		<trkpt lat="34.664424" lon="127.295301">
			<ele>0.00</ele>
			<time>2020-01-20T01:06:30.98Z</time>
		</trkpt>
		<trkpt lat="34.664443" lon="127.295524">
			<ele>0.00</ele>
			<time>2020-01-20T01:06:32.21Z</time>
		</trkpt>
		<trkpt lat="34.664433" lon="127.295676">
			<ele>0.00</ele>
			<time>2020-01-20T01:06:33.05Z</time>
		</trkpt>
		<trkpt lat="34.664377" lon="127.295790">
			<ele>0.00</ele>
			<time>2020-01-20T01:06:33.78Z</time>
		</trkpt>
		<trkpt lat="34.664310" lon="127.295874">
			<ele>0.00</ele>
			<time>2020-01-20T01:06:34.42Z</time>
		</trkpt>
		<trkpt lat="34.664281" lon="127.295919">
			<ele>0.00</ele>
			<time>2020-01-20T01:06:34.73Z</time>
		</trkpt>
		<trkpt lat="34.664270" lon="127.296038">
			<ele>0.00</ele>
			<time>2020-01-20T01:06:35.39Z</time>
		</trkpt>
		<trkpt lat="34.664273" lon="127.296449">
			<ele>0.00</ele>
			<time>2020-01-20T01:06:37.64Z</time>
		</trkpt>
		<trkpt lat="34.664264" lon="127.296892">
			<ele>0.00</ele>
			<time>2020-01-20T01:06:40.07Z</time>
		</trkpt>
		<trkpt lat="34.664261" lon="127.297026">
			<ele>0.00</ele>
			<time>2020-01-20T01:06:40.80Z</time>
		</trkpt>
		<trkpt lat="34.664257" lon="127.297147">
			<ele>0.00</ele>
			<time>2020-01-20T01:06:41.47Z</time>
		</trkpt>
		<trkpt lat="34.664209" lon="127.297386">
			<ele>0.00</ele>
			<time>2020-01-20T01:06:42.82Z</time>
		</trkpt>
		<trkpt lat="34.664149" lon="127.297634">
			<ele>0.00</ele>
			<time>2020-01-20T01:06:44.24Z</time>
		</trkpt>
		<trkpt lat="34.664142" lon="127.297771">
			<ele>0.00</ele>
			<time>2020-01-20T01:06:44.99Z</time>
		</trkpt>
		<trkpt lat="34.664142" lon="127.297971">
			<ele>0.00</ele>
			<time>2020-01-20T01:06:46.09Z</time>
		</trkpt>
		<trkpt lat="34.664159" lon="127.298151">
			<ele>0.00</ele>
			<time>2020-01-20T01:06:47.08Z</time>
		</trkpt>
		<trkpt lat="34.664157" lon="127.298271">
			<ele>0.00</ele>
			<time>2020-01-20T01:06:47.73Z</time>
		</trkpt>
		<trkpt lat="34.664149" lon="127.298509">
			<ele>0.00</ele>
			<time>2020-01-20T01:06:49.04Z</time>
		</trkpt>
		<trkpt lat="34.664128" lon="127.298752">
			<ele>0.00</ele>
			<time>2020-01-20T01:06:50.38Z</time>
		</trkpt>
		<trkpt lat="34.664117" lon="127.298881">
			<ele>0.00</ele>
			<time>2020-01-20T01:06:51.09Z</time>
		</trkpt>
		<trkpt lat="34.664076" lon="127.299077">
			<ele>0.00</ele>
			<time>2020-01-20T01:06:52.20Z</time>
		</trkpt>
		<trkpt lat="34.664066" lon="127.299233">
			<ele>0.00</ele>
			<time>2020-01-20T01:06:53.06Z</time>
		</trkpt>
		<trkpt lat="34.664073" lon="127.299296">
			<ele>0.00</ele>
			<time>2020-01-20T01:06:53.41Z</time>
		</trkpt>
		<trkpt lat="34.664104" lon="127.299413">
			<ele>0.00</ele>
			<time>2020-01-20T01:06:54.08Z</time>
		</trkpt>
		<trkpt lat="34.664154" lon="127.299555">
			<ele>0.00</ele>
			<time>2020-01-20T01:06:54.93Z</time>
		</trkpt>
		<trkpt lat="34.664173" lon="127.299662">
			<ele>0.00</ele>
			<time>2020-01-20T01:06:55.53Z</time>
		</trkpt>
		<trkpt lat="34.664198" lon="127.299811">
			<ele>0.00</ele>
			<time>2020-01-20T01:06:56.36Z</time>
		</trkpt>
		<trkpt lat="34.664200" lon="127.299999">
			<ele>0.00</ele>
			<time>2020-01-20T01:06:57.39Z</time>
		</trkpt>
		<trkpt lat="34.664196" lon="127.300214">
			<ele>0.00</ele>
			<time>2020-01-20T01:06:58.57Z</time>
		</trkpt>
		<trkpt lat="34.664194" lon="127.300397">
			<ele>0.00</ele>
			<time>2020-01-20T01:06:59.58Z</time>
		</trkpt>
		<trkpt lat="34.664233" lon="127.300556">
			<ele>0.00</ele>
			<time>2020-01-20T01:07:00.49Z</time>
		</trkpt>
		<trkpt lat="34.664279" lon="127.300719">
			<ele>0.00</ele>
			<time>2020-01-20T01:07:01.43Z</time>
		</trkpt>
		<trkpt lat="34.664325" lon="127.300911">
			<ele>0.00</ele>
			<time>2020-01-20T01:07:02.53Z</time>
		</trkpt>
		<trkpt lat="34.664370" lon="127.301090">
			<ele>0.00</ele>
			<time>2020-01-20T01:07:03.56Z</time>
		</trkpt>
		<trkpt lat="34.664412" lon="127.301258">
			<ele>0.00</ele>
			<time>2020-01-20T01:07:04.52Z</time>
		</trkpt>
		<trkpt lat="34.664429" lon="127.301390">
			<ele>0.00</ele>
			<time>2020-01-20T01:07:05.25Z</time>
		</trkpt>
		<trkpt lat="34.664416" lon="127.301648">
			<ele>0.00</ele>
			<time>2020-01-20T01:07:06.67Z</time>
		</trkpt>
		<trkpt lat="34.664372" lon="127.301874">
			<ele>0.00</ele>
			<time>2020-01-20T01:07:07.94Z</time>
		</trkpt>
		<trkpt lat="34.664357" lon="127.302018">
			<ele>0.00</ele>
			<time>2020-01-20T01:07:08.74Z</time>
		</trkpt>
		<trkpt lat="34.664361" lon="127.302129">
			<ele>0.00</ele>
			<time>2020-01-20T01:07:09.35Z</time>
		</trkpt>
		<trkpt lat="34.664415" lon="127.302299">
			<ele>0.00</ele>
			<time>2020-01-20T01:07:10.35Z</time>
		</trkpt>
		<trkpt lat="34.664551" lon="127.302517">
			<ele>0.00</ele>
			<time>2020-01-20T01:07:11.85Z</time>
		</trkpt>
		<trkpt lat="34.664601" lon="127.302626">
			<ele>0.00</ele>
			<time>2020-01-20T01:07:12.53Z</time>
		</trkpt>
		<trkpt lat="34.664605" lon="127.302844">
			<ele>0.00</ele>
			<time>2020-01-20T01:07:13.73Z</time>
		</trkpt>
		<trkpt lat="34.664613" lon="127.303052">
			<ele>0.00</ele>
			<time>2020-01-20T01:07:14.87Z</time>
		</trkpt>
		<trkpt lat="34.664597" lon="127.303242">
			<ele>0.00</ele>
			<time>2020-01-20T01:07:15.92Z</time>
		</trkpt>
		<trkpt lat="34.664521" lon="127.303539">
			<ele>0.00</ele>
			<time>2020-01-20T01:07:17.62Z</time>
		</trkpt>
		<trkpt lat="34.664440" lon="127.303853">
			<ele>0.00</ele>
			<time>2020-01-20T01:07:19.42Z</time>
		</trkpt>
		<trkpt lat="34.664363" lon="127.304125">
			<ele>0.00</ele>
			<time>2020-01-20T01:07:21Z</time>
		</trkpt>
		<trkpt lat="34.664292" lon="127.304279">
			<ele>0.00</ele>
			<time>2020-01-20T01:07:21.97Z</time>
		</trkpt>
		<trkpt lat="34.664144" lon="127.304376">
			<ele>0.00</ele>
			<time>2020-01-20T01:07:23.09Z</time>
		</trkpt>
		<trkpt lat="34.663927" lon="127.304472">
			<ele>0.00</ele>
			<time>2020-01-20T01:07:24.63Z</time>
		</trkpt>
		<trkpt lat="34.663740" lon="127.304558">
			<ele>0.00</ele>
			<time>2020-01-20T01:07:25.97Z</time>
		</trkpt>
		<trkpt lat="34.663523" lon="127.304551">
			<ele>0.00</ele>
			<time>2020-01-20T01:07:27.41Z</time>
		</trkpt>
		<trkpt lat="34.663391" lon="127.304528">
			<ele>0.00</ele>
			<time>2020-01-20T01:07:28.30Z</time>
		</trkpt>
		<trkpt lat="34.663281" lon="127.304561">
			<ele>0.00</ele>
			<time>2020-01-20T01:07:29.05Z</time>
		</trkpt>
		<trkpt lat="34.663185" lon="127.304642">
			<ele>0.00</ele>
			<time>2020-01-20T01:07:29.83Z</time>
		</trkpt>
		<trkpt lat="34.663127" lon="127.304713">
			<ele>0.00</ele>
			<time>2020-01-20T01:07:30.38Z</time>
		</trkpt>
		<trkpt lat="34.663037" lon="127.304786">
			<ele>0.00</ele>
			<time>2020-01-20T01:07:31.10Z</time>
		</trkpt>
		<trkpt lat="34.662925" lon="127.304829">
			<ele>0.00</ele>
			<time>2020-01-20T01:07:31.89Z</time>
		</trkpt>
		<trkpt lat="34.662858" lon="127.304862">
			<ele>0.00</ele>
			<time>2020-01-20T01:07:32.37Z</time>
		</trkpt>
		<trkpt lat="34.662810" lon="127.304931">
			<ele>0.00</ele>
			<time>2020-01-20T01:07:32.86Z</time>
		</trkpt>
		<trkpt lat="34.662760" lon="127.305075">
			<ele>0.00</ele>
			<time>2020-01-20T01:07:33.72Z</time>
		</trkpt>
		<trkpt lat="34.662685" lon="127.305235">
			<ele>0.00</ele>
			<time>2020-01-20T01:07:34.73Z</time>
		</trkpt>
		<trkpt lat="34.662672" lon="127.305240">
			<ele>0.00</ele>
			<time>2020-01-20T01:07:34.82Z</time>
		</trkpt>
		<trkpt lat="34.662562" lon="127.305428">
			<ele>0.00</ele>
			<time>2020-01-20T01:07:36.09Z</time>
		</trkpt>
		<trkpt lat="34.662443" lon="127.305590">
			<ele>0.00</ele>
			<time>2020-01-20T01:07:37.28Z</time>
		</trkpt>
		<trkpt lat="34.662343" lon="127.305739">
			<ele>0.00</ele>
			<time>2020-01-20T01:07:38.33Z</time>
		</trkpt>
		<trkpt lat="34.662268" lon="127.305838">
			<ele>0.00</ele>
			<time>2020-01-20T01:07:39.07Z</time>
		</trkpt>
		<trkpt lat="34.662115" lon="127.306000">
			<ele>0.00</ele>
			<time>2020-01-20T01:07:40.42Z</time>
		</trkpt>
		<trkpt lat="34.662027" lon="127.306119">
			<ele>0.00</ele>
			<time>2020-01-20T01:07:41.30Z</time>
		</trkpt>
		<trkpt lat="34.661937" lon="127.306289">
			<ele>0.00</ele>
			<time>2020-01-20T01:07:42.41Z</time>
		</trkpt>
		<trkpt lat="34.661862" lon="127.306492">
			<ele>0.00</ele>
			<time>2020-01-20T01:07:43.63Z</time>
		</trkpt>
		<trkpt lat="34.661794" lon="127.306624">
			<ele>0.00</ele>
			<time>2020-01-20T01:07:44.48Z</time>
		</trkpt>
		<trkpt lat="34.661651" lon="127.306833">
			<ele>0.00</ele>
			<time>2020-01-20T01:07:45.97Z</time>
		</trkpt>
		<trkpt lat="34.661589" lon="127.306922">
			<ele>0.00</ele>
			<time>2020-01-20T01:07:46.61Z</time>
		</trkpt>
		<trkpt lat="34.661476" lon="127.307021">
			<ele>0.00</ele>
			<time>2020-01-20T01:07:47.54Z</time>
		</trkpt>
		<trkpt lat="34.661353" lon="127.307130">
			<ele>0.00</ele>
			<time>2020-01-20T01:07:48.55Z</time>
		</trkpt>
		<trkpt lat="34.661289" lon="127.307249">
			<ele>0.00</ele>
			<time>2020-01-20T01:07:49.34Z</time>
		</trkpt>
		<trkpt lat="34.661232" lon="127.307353">
			<ele>0.00</ele>
			<time>2020-01-20T01:07:50.02Z</time>
		</trkpt>
		<trkpt lat="34.661172" lon="127.307472">
			<ele>0.00</ele>
			<time>2020-01-20T01:07:50.79Z</time>
		</trkpt>
		<trkpt lat="34.661109" lon="127.307589">
			<ele>0.00</ele>
			<time>2020-01-20T01:07:51.55Z</time>
		</trkpt>
		<trkpt lat="34.661057" lon="127.307682">
			<ele>0.00</ele>
			<time>2020-01-20T01:07:52.17Z</time>
		</trkpt>
		<trkpt lat="34.660953" lon="127.307751">
			<ele>0.00</ele>
			<time>2020-01-20T01:07:52.96Z</time>
		</trkpt>
		<trkpt lat="34.660857" lon="127.307814">
			<ele>0.00</ele>
			<time>2020-01-20T01:07:53.69Z</time>
		</trkpt>
		<trkpt lat="34.660805" lon="127.307782">
			<ele>0.00</ele>
			<time>2020-01-20T01:07:54.08Z</time>
		</trkpt>
		<trkpt lat="34.660684" lon="127.307706">
			<ele>0.00</ele>
			<time>2020-01-20T01:07:54.98Z</time>
		</trkpt>
		<trkpt lat="34.660631" lon="127.307618">
			<ele>0.00</ele>
			<time>2020-01-20T01:07:55.59Z</time>
		</trkpt>
		<trkpt lat="34.660555" lon="127.307546">
			<ele>0.00</ele>
			<time>2020-01-20T01:07:56.23Z</time>
		</trkpt>
		<trkpt lat="34.660454" lon="127.307512">
			<ele>0.00</ele>
			<time>2020-01-20T01:07:56.93Z</time>
		</trkpt>
		<trkpt lat="34.660352" lon="127.307560">
			<ele>0.00</ele>
			<time>2020-01-20T01:07:57.65Z</time>
		</trkpt>
		<trkpt lat="34.660268" lon="127.307570">
			<ele>0.00</ele>
			<time>2020-01-20T01:07:58.22Z</time>
		</trkpt>
		<trkpt lat="34.660147" lon="127.307512">
			<ele>0.00</ele>
			<time>2020-01-20T01:07:59.08Z</time>
		</trkpt>
		<trkpt lat="34.660077" lon="127.307573">
			<ele>0.00</ele>
			<time>2020-01-20T01:07:59.66Z</time>
		</trkpt>
		<trkpt lat="34.660102" lon="127.307585">
			<ele>0.00</ele>
			<time>2020-01-20T01:07:59.84Z</time>
		</trkpt>
		<trkpt lat="34.660069" lon="127.307616">
			<ele>0.00</ele>
			<time>2020-01-20T01:08:00.12Z</time>
		</trkpt>
		<trkpt lat="34.660034" lon="127.307703">
			<ele>0.00</ele>
			<time>2020-01-20T01:08:00.64Z</time>
		</trkpt>
		<trkpt lat="34.659978" lon="127.307802">
			<ele>0.00</ele>
			<time>2020-01-20T01:08:01.31Z</time>
		</trkpt>
		<trkpt lat="34.659920" lon="127.307918">
			<ele>0.00</ele>
			<time>2020-01-20T01:08:02.05Z</time>
		</trkpt>
		<trkpt lat="34.659864" lon="127.307970">
			<ele>0.00</ele>
			<time>2020-01-20T01:08:02.52Z</time>
		</trkpt>
		<trkpt lat="34.659797" lon="127.307991">
			<ele>0.00</ele>
			<time>2020-01-20T01:08:02.98Z</time>
		</trkpt>
		<trkpt lat="34.659735" lon="127.308025">
			<ele>0.00</ele>
			<time>2020-01-20T01:08:03.44Z</time>
		</trkpt>
		<trkpt lat="34.659709" lon="127.308033">
			<ele>0.00</ele>
			<time>2020-01-20T01:08:03.61Z</time>
		</trkpt>
		<trkpt lat="34.659706" lon="127.308015">
			<ele>0.00</ele>
			<time>2020-01-20T01:08:03.72Z</time>
		</trkpt>
		<trkpt lat="34.659710" lon="127.308054">
			<ele>0.00</ele>
			<time>2020-01-20T01:08:03.94Z</time>
		</trkpt>
		<trkpt lat="34.659723" lon="127.308083">
			<ele>0.00</ele>
			<time>2020-01-20T01:08:04.11Z</time>
		</trkpt>
		<trkpt lat="34.659744" lon="127.308142">
			<ele>0.00</ele>
			<time>2020-01-20T01:08:04.46Z</time>
		</trkpt>
		<trkpt lat="34.659745" lon="127.308203">
			<ele>0.00</ele>
			<time>2020-01-20T01:08:04.80Z</time>
		</trkpt>
		<trkpt lat="34.659735" lon="127.308264">
			<ele>0.00</ele>
			<time>2020-01-20T01:08:05.14Z</time>
		</trkpt>
		<trkpt lat="34.659720" lon="127.308309">
			<ele>0.00</ele>
			<time>2020-01-20T01:08:05.41Z</time>
		</trkpt>
		<trkpt lat="34.659689" lon="127.308367">
			<ele>0.00</ele>
			<time>2020-01-20T01:08:05.79Z</time>
		</trkpt>
		<trkpt lat="34.659657" lon="127.308415">
			<ele>0.00</ele>
			<time>2020-01-20T01:08:06.13Z</time>
		</trkpt>
		<trkpt lat="34.659645" lon="127.308450">
			<ele>0.00</ele>
			<time>2020-01-20T01:08:06.34Z</time>
		</trkpt>
		<trkpt lat="34.659643" lon="127.308480">
			<ele>0.00</ele>
			<time>2020-01-20T01:08:06.50Z</time>
		</trkpt>
		<trkpt lat="34.659640" lon="127.308507">
			<ele>0.00</ele>
			<time>2020-01-20T01:08:06.65Z</time>
		</trkpt>
		<trkpt lat="34.659647" lon="127.308550">
			<ele>0.00</ele>
			<time>2020-01-20T01:08:06.89Z</time>
		</trkpt>
		<trkpt lat="34.659649" lon="127.308551">
			<ele>0.00</ele>
			<time>2020-01-20T01:08:06.95Z</time>
		</trkpt>
		<trkpt lat="34.659662" lon="127.308576">
			<ele>0.00</ele>
			<time>2020-01-20T01:08:07.11Z</time>
		</trkpt>
		<trkpt lat="34.659664" lon="127.308578">
			<ele>0.00</ele>
			<time>2020-01-20T01:08:07.17Z</time>
		</trkpt>
		<trkpt lat="34.659684" lon="127.308603">
			<ele>0.00</ele>
			<time>2020-01-20T01:08:07.36Z</time>
		</trkpt>
		<trkpt lat="34.659688" lon="127.308607">
			<ele>0.00</ele>
			<time>2020-01-20T01:08:07.42Z</time>
		</trkpt>
		<trkpt lat="34.659691" lon="127.308612">
			<ele>0.00</ele>
			<time>2020-01-20T01:08:07.48Z</time>
		</trkpt>
		<trkpt lat="34.659707" lon="127.308653">
			<ele>0.00</ele>
			<time>2020-01-20T01:08:07.72Z</time>
		</trkpt>
		<trkpt lat="34.659717" lon="127.308686">
			<ele>0.00</ele>
			<time>2020-01-20T01:08:07.91Z</time>
		</trkpt>
		<trkpt lat="34.659724" lon="127.308730">
			<ele>0.00</ele>
			<time>2020-01-20T01:08:08.16Z</time>
		</trkpt>
		<trkpt lat="34.659724" lon="127.308764">
			<ele>0.00</ele>
			<time>2020-01-20T01:08:08.35Z</time>
		</trkpt>
		<trkpt lat="34.659724" lon="127.308813">
			<ele>0.00</ele>
			<time>2020-01-20T01:08:08.62Z</time>
		</trkpt>
		<trkpt lat="34.659724" lon="127.308855">
			<ele>0.00</ele>
			<time>2020-01-20T01:08:08.85Z</time>
		</trkpt>
		<trkpt lat="34.659726" lon="127.308919">
			<ele>0.00</ele>
			<time>2020-01-20T01:08:09.20Z</time>
		</trkpt>
		<trkpt lat="34.659735" lon="127.308995">
			<ele>0.00</ele>
			<time>2020-01-20T01:08:09.62Z</time>
		</trkpt>
		<trkpt lat="34.659732" lon="127.309065">
			<ele>0.00</ele>
			<time>2020-01-20T01:08:10Z</time>
		</trkpt>
		<trkpt lat="34.659724" lon="127.309130">
			<ele>0.00</ele>
			<time>2020-01-20T01:08:10.36Z</time>
		</trkpt>
		<trkpt lat="34.659706" lon="127.309203">
			<ele>0.00</ele>
			<time>2020-01-20T01:08:10.78Z</time>
		</trkpt>
		<trkpt lat="34.659698" lon="127.309271">
			<ele>0.00</ele>
			<time>2020-01-20T01:08:11.16Z</time>
		</trkpt>
		<trkpt lat="34.659698" lon="127.309335">
			<ele>0.00</ele>
			<time>2020-01-20T01:08:11.51Z</time>
		</trkpt>
		<trkpt lat="34.659700" lon="127.309404">
			<ele>0.00</ele>
			<time>2020-01-20T01:08:11.89Z</time>
		</trkpt>
		<trkpt lat="34.659704" lon="127.309497">
			<ele>0.00</ele>
			<time>2020-01-20T01:08:12.40Z</time>
		</trkpt>
		<trkpt lat="34.659714" lon="127.309567">
			<ele>0.00</ele>
			<time>2020-01-20T01:08:12.79Z</time>
		</trkpt>
		<trkpt lat="34.659739" lon="127.309632">
			<ele>0.00</ele>
			<time>2020-01-20T01:08:13.18Z</time>
		</trkpt>
		<trkpt lat="34.659794" lon="127.309693">
			<ele>0.00</ele>
			<time>2020-01-20T01:08:13.68Z</time>
		</trkpt>
		<trkpt lat="34.659836" lon="127.309766">
			<ele>0.00</ele>
			<time>2020-01-20T01:08:14.16Z</time>
		</trkpt>
		<trkpt lat="34.659852" lon="127.309812">
			<ele>0.00</ele>
			<time>2020-01-20T01:08:14.44Z</time>
		</trkpt>
		<trkpt lat="34.659871" lon="127.309865">
			<ele>0.00</ele>
			<time>2020-01-20T01:08:14.75Z</time>
		</trkpt>
		<trkpt lat="34.659887" lon="127.309930">
			<ele>0.00</ele>
			<time>2020-01-20T01:08:15.13Z</time>
		</trkpt>
		<trkpt lat="34.659912" lon="127.309999">
			<ele>0.00</ele>
			<time>2020-01-20T01:08:15.54Z</time>
		</trkpt>
		<trkpt lat="34.659929" lon="127.310032">
			<ele>0.00</ele>
			<time>2020-01-20T01:08:15.76Z</time>
		</trkpt>
		<trkpt lat="34.659958" lon="127.310072">
			<ele>0.00</ele>
			<time>2020-01-20T01:08:16.05Z</time>
		</trkpt>
		<trkpt lat="34.659981" lon="127.310128">
			<ele>0.00</ele>
			<time>2020-01-20T01:08:16.39Z</time>
		</trkpt>
		<trkpt lat="34.659995" lon="127.310195">
			<ele>0.00</ele>
			<time>2020-01-20T01:08:16.77Z</time>
		</trkpt>
		<trkpt lat="34.659997" lon="127.310275">
			<ele>0.00</ele>
			<time>2020-01-20T01:08:17.21Z</time>
		</trkpt>
		<trkpt lat="34.659999" lon="127.310344">
			<ele>0.00</ele>
			<time>2020-01-20T01:08:17.58Z</time>
		</trkpt>
		<trkpt lat="34.659999" lon="127.310400">
			<ele>0.00</ele>
			<time>2020-01-20T01:08:17.89Z</time>
		</trkpt>
		<trkpt lat="34.659992" lon="127.310470">
			<ele>0.00</ele>
			<time>2020-01-20T01:08:18.28Z</time>
		</trkpt>
		<trkpt lat="34.659987" lon="127.310523">
			<ele>0.00</ele>
			<time>2020-01-20T01:08:18.57Z</time>
		</trkpt>
		<trkpt lat="34.659983" lon="127.310571">
			<ele>0.00</ele>
			<time>2020-01-20T01:08:18.84Z</time>
		</trkpt>
		<trkpt lat="34.659986" lon="127.310617">
			<ele>0.00</ele>
			<time>2020-01-20T01:08:19.09Z</time>
		</trkpt>
		<trkpt lat="34.659989" lon="127.310683">
			<ele>0.00</ele>
			<time>2020-01-20T01:08:19.45Z</time>
		</trkpt>
		<trkpt lat="34.659993" lon="127.310731">
			<ele>0.00</ele>
			<time>2020-01-20T01:08:19.72Z</time>
		</trkpt>
		<trkpt lat="34.659999" lon="127.310789">
			<ele>0.00</ele>
			<time>2020-01-20T01:08:20.04Z</time>
		</trkpt>
		<trkpt lat="34.659990" lon="127.310828">
			<ele>0.00</ele>
			<time>2020-01-20T01:08:20.26Z</time>
		</trkpt>
		<trkpt lat="34.659976" lon="127.310886">
			<ele>0.00</ele>
			<time>2020-01-20T01:08:20.59Z</time>
		</trkpt>
		<trkpt lat="34.659958" lon="127.310928">
			<ele>0.00</ele>
			<time>2020-01-20T01:08:20.85Z</time>
		</trkpt>
		<trkpt lat="34.659951" lon="127.310972">
			<ele>0.00</ele>
			<time>2020-01-20T01:08:21.10Z</time>
		</trkpt>
		<trkpt lat="34.659950" lon="127.311031">
			<ele>0.00</ele>
			<time>2020-01-20T01:08:21.42Z</time>
		</trkpt>
		<trkpt lat="34.659958" lon="127.311096">
			<ele>0.00</ele>
			<time>2020-01-20T01:08:21.78Z</time>
		</trkpt>
		<trkpt lat="34.659961" lon="127.311166">
			<ele>0.00</ele>
			<time>2020-01-20T01:08:22.17Z</time>
		</trkpt>
		<trkpt lat="34.659964" lon="127.311235">
			<ele>0.00</ele>
			<time>2020-01-20T01:08:22.54Z</time>
		</trkpt>
		<trkpt lat="34.659976" lon="127.311306">
			<ele>0.00</ele>
			<time>2020-01-20T01:08:22.94Z</time>
		</trkpt>
		<trkpt lat="34.659976" lon="127.311353">
			<ele>0.00</ele>
			<time>2020-01-20T01:08:23.20Z</time>
		</trkpt>
		<trkpt lat="34.659977" lon="127.311396">
			<ele>0.00</ele>
			<time>2020-01-20T01:08:23.43Z</time>
		</trkpt>
		<trkpt lat="34.659987" lon="127.311442">
			<ele>0.00</ele>
			<time>2020-01-20T01:08:23.69Z</time>
		</trkpt>
		<trkpt lat="34.659996" lon="127.311500">
			<ele>0.00</ele>
			<time>2020-01-20T01:08:24.02Z</time>
		</trkpt>
		<trkpt lat="34.660005" lon="127.311567">
			<ele>0.00</ele>
			<time>2020-01-20T01:08:24.39Z</time>
		</trkpt>
		<trkpt lat="34.660014" lon="127.311655">
			<ele>0.00</ele>
			<time>2020-01-20T01:08:24.88Z</time>
		</trkpt>
		<trkpt lat="34.660014" lon="127.311733">
			<ele>0.00</ele>
			<time>2020-01-20T01:08:25.30Z</time>
		</trkpt>
		<trkpt lat="34.660014" lon="127.311781">
			<ele>0.00</ele>
			<time>2020-01-20T01:08:25.57Z</time>
		</trkpt>
		<trkpt lat="34.660013" lon="127.311850">
			<ele>0.00</ele>
			<time>2020-01-20T01:08:25.95Z</time>
		</trkpt>
		<trkpt lat="34.660023" lon="127.311885">
			<ele>0.00</ele>
			<time>2020-01-20T01:08:26.15Z</time>
		</trkpt>
		<trkpt lat="34.660041" lon="127.311917">
			<ele>0.00</ele>
			<time>2020-01-20T01:08:26.36Z</time>
		</trkpt>
		<trkpt lat="34.660067" lon="127.311987">
			<ele>0.00</ele>
			<time>2020-01-20T01:08:26.78Z</time>
		</trkpt>
		<trkpt lat="34.660080" lon="127.312030">
			<ele>0.00</ele>
			<time>2020-01-20T01:08:27.03Z</time>
		</trkpt>
		<trkpt lat="34.660095" lon="127.312084">
			<ele>0.00</ele>
			<time>2020-01-20T01:08:27.35Z</time>
		</trkpt>
		<trkpt lat="34.660106" lon="127.312130">
			<ele>0.00</ele>
			<time>2020-01-20T01:08:27.61Z</time>
		</trkpt>
		<trkpt lat="34.660109" lon="127.312176">
			<ele>0.00</ele>
			<time>2020-01-20T01:08:27.86Z</time>
		</trkpt>
		<trkpt lat="34.660096" lon="127.312227">
			<ele>0.00</ele>
			<time>2020-01-20T01:08:28.16Z</time>
		</trkpt>
		<trkpt lat="34.660068" lon="127.312277">
			<ele>0.00</ele>
			<time>2020-01-20T01:08:28.48Z</time>
		</trkpt>
		<trkpt lat="34.660052" lon="127.312335">
			<ele>0.00</ele>
			<time>2020-01-20T01:08:28.82Z</time>
		</trkpt>
		<trkpt lat="34.660047" lon="127.312404">
			<ele>0.00</ele>
			<time>2020-01-20T01:08:29.20Z</time>
		</trkpt>
		<trkpt lat="34.660044" lon="127.312486">
			<ele>0.00</ele>
			<time>2020-01-20T01:08:29.65Z</time>
		</trkpt>
		<trkpt lat="34.660047" lon="127.312576">
			<ele>0.00</ele>
			<time>2020-01-20T01:08:30.15Z</time>
		</trkpt>
		<trkpt lat="34.660057" lon="127.312675">
			<ele>0.00</ele>
			<time>2020-01-20T01:08:30.69Z</time>
		</trkpt>
		<trkpt lat="34.660061" lon="127.312770">
			<ele>0.00</ele>
			<time>2020-01-20T01:08:31.22Z</time>
		</trkpt>
		<trkpt lat="34.660074" lon="127.312864">
			<ele>0.00</ele>
			<time>2020-01-20T01:08:31.73Z</time>
		</trkpt>
		<trkpt lat="34.660090" lon="127.312941">
			<ele>0.00</ele>
			<time>2020-01-20T01:08:32.17Z</time>
		</trkpt>
		<trkpt lat="34.660100" lon="127.313008">
			<ele>0.00</ele>
			<time>2020-01-20T01:08:32.55Z</time>
		</trkpt>
		<trkpt lat="34.660109" lon="127.313079">
			<ele>0.00</ele>
			<time>2020-01-20T01:08:32.94Z</time>
		</trkpt>
		<trkpt lat="34.660111" lon="127.313146">
			<ele>0.00</ele>
			<time>2020-01-20T01:08:33.31Z</time>
		</trkpt>
		<trkpt lat="34.660099" lon="127.313195">
			<ele>0.00</ele>
			<time>2020-01-20T01:08:33.59Z</time>
		</trkpt>
		<trkpt lat="34.660063" lon="127.313234">
			<ele>0.00</ele>
			<time>2020-01-20T01:08:33.91Z</time>
		</trkpt>
		<trkpt lat="34.660016" lon="127.313262">
			<ele>0.00</ele>
			<time>2020-01-20T01:08:34.25Z</time>
		</trkpt>
		<trkpt lat="34.659951" lon="127.313299">
			<ele>0.00</ele>
			<time>2020-01-20T01:08:34.74Z</time>
		</trkpt>
		<trkpt lat="34.659889" lon="127.313336">
			<ele>0.00</ele>
			<time>2020-01-20T01:08:35.20Z</time>
		</trkpt>
		<trkpt lat="34.659855" lon="127.313367">
			<ele>0.00</ele>
			<time>2020-01-20T01:08:35.48Z</time>
		</trkpt>
		<trkpt lat="34.659822" lon="127.313406">
			<ele>0.00</ele>
			<time>2020-01-20T01:08:35.78Z</time>
		</trkpt>
		<trkpt lat="34.659783" lon="127.313474">
			<ele>0.00</ele>
			<time>2020-01-20T01:08:36.24Z</time>
		</trkpt>
		<trkpt lat="34.659738" lon="127.313550">
			<ele>0.00</ele>
			<time>2020-01-20T01:08:36.75Z</time>
		</trkpt>
		<trkpt lat="34.659706" lon="127.313622">
			<ele>0.00</ele>
			<time>2020-01-20T01:08:37.21Z</time>
		</trkpt>
		<trkpt lat="34.659675" lon="127.313702">
			<ele>0.00</ele>
			<time>2020-01-20T01:08:37.69Z</time>
		</trkpt>
		<trkpt lat="34.659644" lon="127.313795">
			<ele>0.00</ele>
			<time>2020-01-20T01:08:38.24Z</time>
		</trkpt>
		<trkpt lat="34.659607" lon="127.313902">
			<ele>0.00</ele>
			<time>2020-01-20T01:08:38.88Z</time>
		</trkpt>
		<trkpt lat="34.659579" lon="127.314008">
			<ele>0.00</ele>
			<time>2020-01-20T01:08:39.49Z</time>
		</trkpt>
		<trkpt lat="34.659550" lon="127.314117">
			<ele>0.00</ele>
			<time>2020-01-20T01:08:40.12Z</time>
		</trkpt>
		<trkpt lat="34.659520" lon="127.314214">
			<ele>0.00</ele>
			<time>2020-01-20T01:08:40.68Z</time>
		</trkpt>
		<trkpt lat="34.659506" lon="127.314280">
			<ele>0.00</ele>
			<time>2020-01-20T01:08:41.05Z</time>
		</trkpt>
		<trkpt lat="34.659505" lon="127.314308">
			<ele>0.00</ele>
			<time>2020-01-20T01:08:41.21Z</time>
		</trkpt>
		<trkpt lat="34.659524" lon="127.314331">
			<ele>0.00</ele>
			<time>2020-01-20T01:08:41.39Z</time>
		</trkpt>
		<trkpt lat="34.659553" lon="127.314343">
			<ele>0.00</ele>
			<time>2020-01-20T01:08:41.59Z</time>
		</trkpt>
		<trkpt lat="34.659612" lon="127.314359">
			<ele>0.00</ele>
			<time>2020-01-20T01:08:42Z</time>
		</trkpt>
		<trkpt lat="34.659665" lon="127.314375">
			<ele>0.00</ele>
			<time>2020-01-20T01:08:42.35Z</time>
		</trkpt>
		<trkpt lat="34.659720" lon="127.314384">
			<ele>0.00</ele>
			<time>2020-01-20T01:08:42.73Z</time>
		</trkpt>
		<trkpt lat="34.659768" lon="127.314384">
			<ele>0.00</ele>
			<time>2020-01-20T01:08:43.04Z</time>
		</trkpt>
		<trkpt lat="34.659811" lon="127.314391">
			<ele>0.00</ele>
			<time>2020-01-20T01:08:43.34Z</time>
		</trkpt>
		<trkpt lat="34.659861" lon="127.314410">
			<ele>0.00</ele>
			<time>2020-01-20T01:08:43.68Z</time>
		</trkpt>
		<trkpt lat="34.659919" lon="127.314438">
			<ele>0.00</ele>
			<time>2020-01-20T01:08:44.10Z</time>
		</trkpt>
		<trkpt lat="34.659959" lon="127.314474">
			<ele>0.00</ele>
			<time>2020-01-20T01:08:44.43Z</time>
		</trkpt>
		<trkpt lat="34.660003" lon="127.314516">
			<ele>0.00</ele>
			<time>2020-01-20T01:08:44.80Z</time>
		</trkpt>
		<trkpt lat="34.660030" lon="127.314562">
			<ele>0.00</ele>
			<time>2020-01-20T01:08:45.12Z</time>
		</trkpt>
		<trkpt lat="34.660060" lon="127.314596">
			<ele>0.00</ele>
			<time>2020-01-20T01:08:45.39Z</time>
		</trkpt>
		<trkpt lat="34.660101" lon="127.314631">
			<ele>0.00</ele>
			<time>2020-01-20T01:08:45.72Z</time>
		</trkpt>
		<trkpt lat="34.660133" lon="127.314659">
			<ele>0.00</ele>
			<time>2020-01-20T01:08:45.99Z</time>
		</trkpt>
		<trkpt lat="34.660181" lon="127.314680">
			<ele>0.00</ele>
			<time>2020-01-20T01:08:46.32Z</time>
		</trkpt>
		<trkpt lat="34.660204" lon="127.314693">
			<ele>0.00</ele>
			<time>2020-01-20T01:08:46.49Z</time>
		</trkpt>
		<trkpt lat="34.660215" lon="127.314682">
			<ele>0.00</ele>
			<time>2020-01-20T01:08:46.59Z</time>
		</trkpt>
		<trkpt lat="34.660213" lon="127.314650">
			<ele>0.00</ele>
			<time>2020-01-20T01:08:46.77Z</time>
		</trkpt>
		<trkpt lat="34.660214" lon="127.314596">
			<ele>0.00</ele>
			<time>2020-01-20T01:08:47.07Z</time>
		</trkpt>
		<trkpt lat="34.660223" lon="127.314541">
			<ele>0.00</ele>
			<time>2020-01-20T01:08:47.37Z</time>
		</trkpt>
		<trkpt lat="34.660229" lon="127.314495">
			<ele>0.00</ele>
			<time>2020-01-20T01:08:47.63Z</time>
		</trkpt>
		<trkpt lat="34.660236" lon="127.314439">
			<ele>0.00</ele>
			<time>2020-01-20T01:08:47.94Z</time>
		</trkpt>
		<trkpt lat="34.660241" lon="127.314391">
			<ele>0.00</ele>
			<time>2020-01-20T01:08:48.20Z</time>
		</trkpt>
		<trkpt lat="34.660244" lon="127.314338">
			<ele>0.00</ele>
			<time>2020-01-20T01:08:48.49Z</time>
		</trkpt>
		<trkpt lat="34.660246" lon="127.314275">
			<ele>0.00</ele>
			<time>2020-01-20T01:08:48.84Z</time>
		</trkpt>
		<trkpt lat="34.660244" lon="127.314210">
			<ele>0.00</ele>
			<time>2020-01-20T01:08:49.20Z</time>
		</trkpt>
		<trkpt lat="34.660240" lon="127.314148">
			<ele>0.00</ele>
			<time>2020-01-20T01:08:49.54Z</time>
		</trkpt>
		<trkpt lat="34.660230" lon="127.314079">
			<ele>0.00</ele>
			<time>2020-01-20T01:08:49.92Z</time>
		</trkpt>
		<trkpt lat="34.660220" lon="127.314016">
			<ele>0.00</ele>
			<time>2020-01-20T01:08:50.28Z</time>
		</trkpt>
		<trkpt lat="34.660220" lon="127.313977">
			<ele>0.00</ele>
			<time>2020-01-20T01:08:50.49Z</time>
		</trkpt>
		<trkpt lat="34.660217" lon="127.313945">
			<ele>0.00</ele>
			<time>2020-01-20T01:08:50.66Z</time>
		</trkpt>
		<trkpt lat="34.660223" lon="127.313899">
			<ele>0.00</ele>
			<time>2020-01-20T01:08:50.92Z</time>
		</trkpt>
		<trkpt lat="34.660268" lon="127.313829">
			<ele>0.00</ele>
			<time>2020-01-20T01:08:51.41Z</time>
		</trkpt>
		<trkpt lat="34.660313" lon="127.313755">
			<ele>0.00</ele>
			<time>2020-01-20T01:08:51.91Z</time>
		</trkpt>
		<trkpt lat="34.660353" lon="127.313688">
			<ele>0.00</ele>
			<time>2020-01-20T01:08:52.37Z</time>
		</trkpt>
		<trkpt lat="34.660400" lon="127.313631">
			<ele>0.00</ele>
			<time>2020-01-20T01:08:52.80Z</time>
		</trkpt>
		<trkpt lat="34.660452" lon="127.313570">
			<ele>0.00</ele>
			<time>2020-01-20T01:08:53.29Z</time>
		</trkpt>
		<trkpt lat="34.660493" lon="127.313532">
			<ele>0.00</ele>
			<time>2020-01-20T01:08:53.63Z</time>
		</trkpt>
		<trkpt lat="34.660551" lon="127.313488">
			<ele>0.00</ele>
			<time>2020-01-20T01:08:54.09Z</time>
		</trkpt>
		<trkpt lat="34.660597" lon="127.313458">
			<ele>0.00</ele>
			<time>2020-01-20T01:08:54.44Z</time>
		</trkpt>
		<trkpt lat="34.660642" lon="127.313434">
			<ele>0.00</ele>
			<time>2020-01-20T01:08:54.76Z</time>
		</trkpt>
		<trkpt lat="34.660684" lon="127.313413">
			<ele>0.00</ele>
			<time>2020-01-20T01:08:55.07Z</time>
		</trkpt>
		<trkpt lat="34.660717" lon="127.313367">
			<ele>0.00</ele>
			<time>2020-01-20T01:08:55.40Z</time>
		</trkpt>
		<trkpt lat="34.660741" lon="127.313329">
			<ele>0.00</ele>
			<time>2020-01-20T01:08:55.66Z</time>
		</trkpt>
		<trkpt lat="34.660776" lon="127.313270">
			<ele>0.00</ele>
			<time>2020-01-20T01:08:56.06Z</time>
		</trkpt>
		<trkpt lat="34.660807" lon="127.313219">
			<ele>0.00</ele>
			<time>2020-01-20T01:08:56.41Z</time>
		</trkpt>
		<trkpt lat="34.660844" lon="127.313163">
			<ele>0.00</ele>
			<time>2020-01-20T01:08:56.80Z</time>
		</trkpt>
		<trkpt lat="34.660871" lon="127.313136">
			<ele>0.00</ele>
			<time>2020-01-20T01:08:57.04Z</time>
		</trkpt>
		<trkpt lat="34.660902" lon="127.313110">
			<ele>0.00</ele>
			<time>2020-01-20T01:08:57.29Z</time>
		</trkpt>
		<trkpt lat="34.660939" lon="127.313089">
			<ele>0.00</ele>
			<time>2020-01-20T01:08:57.56Z</time>
		</trkpt>
		<trkpt lat="34.660978" lon="127.313064">
			<ele>0.00</ele>
			<time>2020-01-20T01:08:57.86Z</time>
		</trkpt>
		<trkpt lat="34.661021" lon="127.313050">
			<ele>0.00</ele>
			<time>2020-01-20T01:08:58.15Z</time>
		</trkpt>
		<trkpt lat="34.661047" lon="127.313045">
			<ele>0.00</ele>
			<time>2020-01-20T01:08:58.33Z</time>
		</trkpt>
		<trkpt lat="34.661081" lon="127.313066">
			<ele>0.00</ele>
			<time>2020-01-20T01:08:58.58Z</time>
		</trkpt>
		<trkpt lat="34.661106" lon="127.313142">
			<ele>0.00</ele>
			<time>2020-01-20T01:08:59.03Z</time>
		</trkpt>
		<trkpt lat="34.661133" lon="127.313179">
			<ele>0.00</ele>
			<time>2020-01-20T01:08:59.30Z</time>
		</trkpt>
		<trkpt lat="34.661178" lon="127.313235">
			<ele>0.00</ele>
			<time>2020-01-20T01:08:59.73Z</time>
		</trkpt>
		<trkpt lat="34.661215" lon="127.313290">
			<ele>0.00</ele>
			<time>2020-01-20T01:09:00.12Z</time>
		</trkpt>
		<trkpt lat="34.661255" lon="127.313334">
			<ele>0.00</ele>
			<time>2020-01-20T01:09:00.48Z</time>
		</trkpt>
		<trkpt lat="34.661305" lon="127.313369">
			<ele>0.00</ele>
			<time>2020-01-20T01:09:00.86Z</time>
		</trkpt>
		<trkpt lat="34.661374" lon="127.313413">
			<ele>0.00</ele>
			<time>2020-01-20T01:09:01.39Z</time>
		</trkpt>
		<trkpt lat="34.661381" lon="127.313421">
			<ele>0.00</ele>
			<time>2020-01-20T01:09:01.45Z</time>
		</trkpt>
		<trkpt lat="34.661383" lon="127.313422">
			<ele>0.00</ele>
			<time>2020-01-20T01:09:01.51Z</time>
		</trkpt>
		<trkpt lat="34.661432" lon="127.313452">
			<ele>0.00</ele>
			<time>2020-01-20T01:09:01.88Z</time>
		</trkpt>
		<trkpt lat="34.661434" lon="127.313456">
			<ele>0.00</ele>
			<time>2020-01-20T01:09:01.94Z</time>
		</trkpt>
		<trkpt lat="34.661487" lon="127.313498">
			<ele>0.00</ele>
			<time>2020-01-20T01:09:02.36Z</time>
		</trkpt>
		<trkpt lat="34.661542" lon="127.313547">
			<ele>0.00</ele>
			<time>2020-01-20T01:09:02.82Z</time>
		</trkpt>
		<trkpt lat="34.661570" lon="127.313597">
			<ele>0.00</ele>
			<time>2020-01-20T01:09:03.15Z</time>
		</trkpt>
		<trkpt lat="34.661583" lon="127.313625">
			<ele>0.00</ele>
			<time>2020-01-20T01:09:03.32Z</time>
		</trkpt>
		<trkpt lat="34.661590" lon="127.313673">
			<ele>0.00</ele>
			<time>2020-01-20T01:09:03.59Z</time>
		</trkpt>
		<trkpt lat="34.661598" lon="127.313708">
			<ele>0.00</ele>
			<time>2020-01-20T01:09:03.79Z</time>
		</trkpt>
		<trkpt lat="34.661602" lon="127.313757">
			<ele>0.00</ele>
			<time>2020-01-20T01:09:04.06Z</time>
		</trkpt>
		<trkpt lat="34.661592" lon="127.313796">
			<ele>0.00</ele>
			<time>2020-01-20T01:09:04.28Z</time>
		</trkpt>
		<trkpt lat="34.661580" lon="127.313819">
			<ele>0.00</ele>
			<time>2020-01-20T01:09:04.43Z</time>
		</trkpt>
		<trkpt lat="34.661574" lon="127.313840">
			<ele>0.00</ele>
			<time>2020-01-20T01:09:04.55Z</time>
		</trkpt>
		<trkpt lat="34.661584" lon="127.313884">
			<ele>0.00</ele>
			<time>2020-01-20T01:09:04.80Z</time>
		</trkpt>
		<trkpt lat="34.661603" lon="127.313923">
			<ele>0.00</ele>
			<time>2020-01-20T01:09:05.05Z</time>
		</trkpt>
		<trkpt lat="34.661643" lon="127.313978">
			<ele>0.00</ele>
			<time>2020-01-20T01:09:05.45Z</time>
		</trkpt>
		<trkpt lat="34.661674" lon="127.314020">
			<ele>0.00</ele>
			<time>2020-01-20T01:09:05.76Z</time>
		</trkpt>
		<trkpt lat="34.661696" lon="127.314054">
			<ele>0.00</ele>
			<time>2020-01-20T01:09:06Z</time>
		</trkpt>
		<trkpt lat="34.661731" lon="127.314101">
			<ele>0.00</ele>
			<time>2020-01-20T01:09:06.34Z</time>
		</trkpt>
		<trkpt lat="34.661760" lon="127.314149">
			<ele>0.00</ele>
			<time>2020-01-20T01:09:06.67Z</time>
		</trkpt>
		<trkpt lat="34.661796" lon="127.314191">
			<ele>0.00</ele>
			<time>2020-01-20T01:09:07Z</time>
		</trkpt>
		<trkpt lat="34.661838" lon="127.314237">
			<ele>0.00</ele>
			<time>2020-01-20T01:09:07.38Z</time>
		</trkpt>
		<trkpt lat="34.661880" lon="127.314291">
			<ele>0.00</ele>
			<time>2020-01-20T01:09:07.79Z</time>
		</trkpt>
		<trkpt lat="34.661910" lon="127.314330">
			<ele>0.00</ele>
			<time>2020-01-20T01:09:08.09Z</time>
		</trkpt>
		<trkpt lat="34.661934" lon="127.314360">
			<ele>0.00</ele>
			<time>2020-01-20T01:09:08.31Z</time>
		</trkpt>
		<trkpt lat="34.661974" lon="127.314408">
			<ele>0.00</ele>
			<time>2020-01-20T01:09:08.69Z</time>
		</trkpt>
		<trkpt lat="34.662009" lon="127.314431">
			<ele>0.00</ele>
			<time>2020-01-20T01:09:08.95Z</time>
		</trkpt>
		<trkpt lat="34.662042" lon="127.314445">
			<ele>0.00</ele>
			<time>2020-01-20T01:09:09.19Z</time>
		</trkpt>
		<trkpt lat="34.662101" lon="127.314448">
			<ele>0.00</ele>
			<time>2020-01-20T01:09:09.57Z</time>
		</trkpt>
		<trkpt lat="34.662147" lon="127.314441">
			<ele>0.00</ele>
			<time>2020-01-20T01:09:09.89Z</time>
		</trkpt>
		<trkpt lat="34.662205" lon="127.314431">
			<ele>0.00</ele>
			<time>2020-01-20T01:09:10.28Z</time>
		</trkpt>
		<trkpt lat="34.662266" lon="127.314438">
			<ele>0.00</ele>
			<time>2020-01-20T01:09:10.69Z</time>
		</trkpt>
		<trkpt lat="34.662331" lon="127.314454">
			<ele>0.00</ele>
			<time>2020-01-20T01:09:11.13Z</time>
		</trkpt>
		<trkpt lat="34.662388" lon="127.314478">
			<ele>0.00</ele>
			<time>2020-01-20T01:09:11.53Z</time>
		</trkpt>
		<trkpt lat="34.662436" lon="127.314499">
			<ele>0.00</ele>
			<time>2020-01-20T01:09:11.87Z</time>
		</trkpt>
		<trkpt lat="34.662475" lon="127.314524">
			<ele>0.00</ele>
			<time>2020-01-20T01:09:12.16Z</time>
		</trkpt>
		<trkpt lat="34.662505" lon="127.314552">
			<ele>0.00</ele>
			<time>2020-01-20T01:09:12.42Z</time>
		</trkpt>
		<trkpt lat="34.662552" lon="127.314589">
			<ele>0.00</ele>
			<time>2020-01-20T01:09:12.79Z</time>
		</trkpt>
		<trkpt lat="34.662588" lon="127.314625">
			<ele>0.00</ele>
			<time>2020-01-20T01:09:13.10Z</time>
		</trkpt>
		<trkpt lat="34.662616" lon="127.314653">
			<ele>0.00</ele>
			<time>2020-01-20T01:09:13.34Z</time>
		</trkpt>
		<trkpt lat="34.662658" lon="127.314669">
			<ele>0.00</ele>
			<time>2020-01-20T01:09:13.63Z</time>
		</trkpt>
		<trkpt lat="34.662703" lon="127.314695">
			<ele>0.00</ele>
			<time>2020-01-20T01:09:13.97Z</time>
		</trkpt>
		<trkpt lat="34.662752" lon="127.314707">
			<ele>0.00</ele>
			<time>2020-01-20T01:09:14.30Z</time>
		</trkpt>
		<trkpt lat="34.662785" lon="127.314716">
			<ele>0.00</ele>
			<time>2020-01-20T01:09:14.53Z</time>
		</trkpt>
		<trkpt lat="34.662822" lon="127.314723">
			<ele>0.00</ele>
			<time>2020-01-20T01:09:14.77Z</time>
		</trkpt>
		<trkpt lat="34.662868" lon="127.314709">
			<ele>0.00</ele>
			<time>2020-01-20T01:09:15.09Z</time>
		</trkpt>
		<trkpt lat="34.662910" lon="127.314688">
			<ele>0.00</ele>
			<time>2020-01-20T01:09:15.40Z</time>
		</trkpt>
		<trkpt lat="34.662952" lon="127.314669">
			<ele>0.00</ele>
			<time>2020-01-20T01:09:15.70Z</time>
		</trkpt>
		<trkpt lat="34.663002" lon="127.314647">
			<ele>0.00</ele>
			<time>2020-01-20T01:09:16.05Z</time>
		</trkpt>
		<trkpt lat="34.663062" lon="127.314619">
			<ele>0.00</ele>
			<time>2020-01-20T01:09:16.48Z</time>
		</trkpt>
		<trkpt lat="34.663107" lon="127.314596">
			<ele>0.00</ele>
			<time>2020-01-20T01:09:16.80Z</time>
		</trkpt>
		<trkpt lat="34.663147" lon="127.314573">
			<ele>0.00</ele>
			<time>2020-01-20T01:09:17.09Z</time>
		</trkpt>
		<trkpt lat="34.663177" lon="127.314545">
			<ele>0.00</ele>
			<time>2020-01-20T01:09:17.35Z</time>
		</trkpt>
		<trkpt lat="34.663215" lon="127.314517">
			<ele>0.00</ele>
			<time>2020-01-20T01:09:17.65Z</time>
		</trkpt>
		<trkpt lat="34.663246" lon="127.314508">
			<ele>0.00</ele>
			<time>2020-01-20T01:09:17.86Z</time>
		</trkpt>
		<trkpt lat="34.663300" lon="127.314491">
			<ele>0.00</ele>
			<time>2020-01-20T01:09:18.23Z</time>
		</trkpt>
		<trkpt lat="34.663364" lon="127.314475">
			<ele>0.00</ele>
			<time>2020-01-20T01:09:18.67Z</time>
		</trkpt>
		<trkpt lat="34.663422" lon="127.314454">
			<ele>0.00</ele>
			<time>2020-01-20T01:09:19.07Z</time>
		</trkpt>
		<trkpt lat="34.663484" lon="127.314434">
			<ele>0.00</ele>
			<time>2020-01-20T01:09:19.50Z</time>
		</trkpt>
		<trkpt lat="34.663555" lon="127.314413">
			<ele>0.00</ele>
			<time>2020-01-20T01:09:19.99Z</time>
		</trkpt>
		<trkpt lat="34.663619" lon="127.314390">
			<ele>0.00</ele>
			<time>2020-01-20T01:09:20.43Z</time>
		</trkpt>
		<trkpt lat="34.663681" lon="127.314374">
			<ele>0.00</ele>
			<time>2020-01-20T01:09:20.85Z</time>
		</trkpt>
		<trkpt lat="34.663756" lon="127.314355">
			<ele>0.00</ele>
			<time>2020-01-20T01:09:21.37Z</time>
		</trkpt>
		<trkpt lat="34.663807" lon="127.314337">
			<ele>0.00</ele>
			<time>2020-01-20T01:09:21.72Z</time>
		</trkpt>
		<trkpt lat="34.663857" lon="127.314319">
			<ele>0.00</ele>
			<time>2020-01-20T01:09:22.06Z</time>
		</trkpt>
		<trkpt lat="34.663907" lon="127.314302">
			<ele>0.00</ele>
			<time>2020-01-20T01:09:22.41Z</time>
		</trkpt>
		<trkpt lat="34.663974" lon="127.314291">
			<ele>0.00</ele>
			<time>2020-01-20T01:09:22.86Z</time>
		</trkpt>
		<trkpt lat="34.664032" lon="127.314312">
			<ele>0.00</ele>
			<time>2020-01-20T01:09:23.27Z</time>
		</trkpt>
		<trkpt lat="34.664087" lon="127.314341">
			<ele>0.00</ele>
			<time>2020-01-20T01:09:23.67Z</time>
		</trkpt>
		<trkpt lat="34.664135" lon="127.314381">
			<ele>0.00</ele>
			<time>2020-01-20T01:09:24.05Z</time>
		</trkpt>
		<trkpt lat="34.664181" lon="127.314415">
			<ele>0.00</ele>
			<time>2020-01-20T01:09:24.41Z</time>
		</trkpt>
		<trkpt lat="34.664236" lon="127.314460">
			<ele>0.00</ele>
			<time>2020-01-20T01:09:24.86Z</time>
		</trkpt>
		<trkpt lat="34.664306" lon="127.314515">
			<ele>0.00</ele>
			<time>2020-01-20T01:09:25.41Z</time>
		</trkpt>
		<trkpt lat="34.664377" lon="127.314575">
			<ele>0.00</ele>
			<time>2020-01-20T01:09:25.99Z</time>
		</trkpt>
		<trkpt lat="34.664438" lon="127.314626">
			<ele>0.00</ele>
			<time>2020-01-20T01:09:26.48Z</time>
		</trkpt>
		<trkpt lat="34.664497" lon="127.314684">
			<ele>0.00</ele>
			<time>2020-01-20T01:09:26.99Z</time>
		</trkpt>
		<trkpt lat="34.664557" lon="127.314735">
			<ele>0.00</ele>
			<time>2020-01-20T01:09:27.47Z</time>
		</trkpt>
		<trkpt lat="34.664634" lon="127.314824">
			<ele>0.00</ele>
			<time>2020-01-20T01:09:28.18Z</time>
		</trkpt>
		<trkpt lat="34.664699" lon="127.314894">
			<ele>0.00</ele>
			<time>2020-01-20T01:09:28.76Z</time>
		</trkpt>
		<trkpt lat="34.664742" lon="127.314961">
			<ele>0.00</ele>
			<time>2020-01-20T01:09:29.23Z</time>
		</trkpt>
		<trkpt lat="34.664780" lon="127.315007">
			<ele>0.00</ele>
			<time>2020-01-20T01:09:29.58Z</time>
		</trkpt>
		<trkpt lat="34.664829" lon="127.315060">
			<ele>0.00</ele>
			<time>2020-01-20T01:09:30.02Z</time>
		</trkpt>
		<trkpt lat="34.664882" lon="127.315107">
			<ele>0.00</ele>
			<time>2020-01-20T01:09:30.46Z</time>
		</trkpt>
		<trkpt lat="34.664925" lon="127.315153">
			<ele>0.00</ele>
			<time>2020-01-20T01:09:30.84Z</time>
		</trkpt>
		<trkpt lat="34.664985" lon="127.315190">
			<ele>0.00</ele>
			<time>2020-01-20T01:09:31.29Z</time>
		</trkpt>
		<trkpt lat="34.665044" lon="127.315241">
			<ele>0.00</ele>
			<time>2020-01-20T01:09:31.77Z</time>
		</trkpt>
		<trkpt lat="34.665112" lon="127.315291">
			<ele>0.00</ele>
			<time>2020-01-20T01:09:32.30Z</time>
		</trkpt>
		<trkpt lat="34.665186" lon="127.315347">
			<ele>0.00</ele>
			<time>2020-01-20T01:09:32.88Z</time>
		</trkpt>
		<trkpt lat="34.665269" lon="127.315404">
			<ele>0.00</ele>
			<time>2020-01-20T01:09:33.52Z</time>
		</trkpt>
		<trkpt lat="34.665350" lon="127.315465">
			<ele>0.00</ele>
			<time>2020-01-20T01:09:34.15Z</time>
		</trkpt>
		<trkpt lat="34.665449" lon="127.315534">
			<ele>0.00</ele>
			<time>2020-01-20T01:09:34.91Z</time>
		</trkpt>
		<trkpt lat="34.665568" lon="127.315619">
			<ele>0.00</ele>
			<time>2020-01-20T01:09:35.83Z</time>
		</trkpt>
		<trkpt lat="34.665656" lon="127.315682">
			<ele>0.00</ele>
			<time>2020-01-20T01:09:36.52Z</time>
		</trkpt>
		<trkpt lat="34.665759" lon="127.315756">
			<ele>0.00</ele>
			<time>2020-01-20T01:09:37.31Z</time>
		</trkpt>
		<trkpt lat="34.665861" lon="127.315829">
			<ele>0.00</ele>
			<time>2020-01-20T01:09:38.10Z</time>
		</trkpt>
		<trkpt lat="34.665971" lon="127.315914">
			<ele>0.00</ele>
			<time>2020-01-20T01:09:38.97Z</time>
		</trkpt>
		<trkpt lat="34.666065" lon="127.315976">
			<ele>0.00</ele>
			<time>2020-01-20T01:09:39.68Z</time>
		</trkpt>
		<trkpt lat="34.666166" lon="127.316050">
			<ele>0.00</ele>
			<time>2020-01-20T01:09:40.47Z</time>
		</trkpt>
		<trkpt lat="34.666264" lon="127.316127">
			<ele>0.00</ele>
			<time>2020-01-20T01:09:41.25Z</time>
		</trkpt>
		<trkpt lat="34.666355" lon="127.316187">
			<ele>0.00</ele>
			<time>2020-01-20T01:09:41.94Z</time>
		</trkpt>
		<trkpt lat="34.666429" lon="127.316241">
			<ele>0.00</ele>
			<time>2020-01-20T01:09:42.51Z</time>
		</trkpt>
		<trkpt lat="34.666506" lon="127.316298">
			<ele>0.00</ele>
			<time>2020-01-20T01:09:43.11Z</time>
		</trkpt>
		<trkpt lat="34.666573" lon="127.316352">
			<ele>0.00</ele>
			<time>2020-01-20T01:09:43.65Z</time>
		</trkpt>
		<trkpt lat="34.666647" lon="127.316407">
			<ele>0.00</ele>
			<time>2020-01-20T01:09:44.23Z</time>
		</trkpt>
		<trkpt lat="34.666746" lon="127.316469">
			<ele>0.00</ele>
			<time>2020-01-20T01:09:44.97Z</time>
		</trkpt>
		<trkpt lat="34.666835" lon="127.316537">
			<ele>0.00</ele>
			<time>2020-01-20T01:09:45.67Z</time>
		</trkpt>
		<trkpt lat="34.666928" lon="127.316620">
			<ele>0.00</ele>
			<time>2020-01-20T01:09:46.44Z</time>
		</trkpt>
		<trkpt lat="34.667016" lon="127.316684">
			<ele>0.00</ele>
			<time>2020-01-20T01:09:47.12Z</time>
		</trkpt>
		<trkpt lat="34.667097" lon="127.316735">
			<ele>0.00</ele>
			<time>2020-01-20T01:09:47.73Z</time>
		</trkpt>
		<trkpt lat="34.667200" lon="127.316811">
			<ele>0.00</ele>
			<time>2020-01-20T01:09:48.53Z</time>
		</trkpt>
		<trkpt lat="34.667294" lon="127.316872">
			<ele>0.00</ele>
			<time>2020-01-20T01:09:49.25Z</time>
		</trkpt>
		<trkpt lat="34.667378" lon="127.316943">
			<ele>0.00</ele>
			<time>2020-01-20T01:09:49.93Z</time>
		</trkpt>
		<trkpt lat="34.667480" lon="127.317021">
			<ele>0.00</ele>
			<time>2020-01-20T01:09:50.73Z</time>
		</trkpt>
		<trkpt lat="34.667556" lon="127.317082">
			<ele>0.00</ele>
			<time>2020-01-20T01:09:51.34Z</time>
		</trkpt>
		<trkpt lat="34.667636" lon="127.317138">
			<ele>0.00</ele>
			<time>2020-01-20T01:09:51.95Z</time>
		</trkpt>
		<trkpt lat="34.667720" lon="127.317191">
			<ele>0.00</ele>
			<time>2020-01-20T01:09:52.59Z</time>
		</trkpt>
		<trkpt lat="34.667817" lon="127.317256">
			<ele>0.00</ele>
			<time>2020-01-20T01:09:53.33Z</time>
		</trkpt>
		<trkpt lat="34.667922" lon="127.317336">
			<ele>0.00</ele>
			<time>2020-01-20T01:09:54.15Z</time>
		</trkpt>
		<trkpt lat="34.668013" lon="127.317408">
			<ele>0.00</ele>
			<time>2020-01-20T01:09:54.87Z</time>
		</trkpt>
		<trkpt lat="34.668110" lon="127.317482">
			<ele>0.00</ele>
			<time>2020-01-20T01:09:55.64Z</time>
		</trkpt>
		<trkpt lat="34.668190" lon="127.317538">
			<ele>0.00</ele>
			<time>2020-01-20T01:09:56.25Z</time>
		</trkpt>
		<trkpt lat="34.668266" lon="127.317598">
			<ele>0.00</ele>
			<time>2020-01-20T01:09:56.85Z</time>
		</trkpt>
		<trkpt lat="34.668353" lon="127.317660">
			<ele>0.00</ele>
			<time>2020-01-20T01:09:57.52Z</time>
		</trkpt>
		<trkpt lat="34.668428" lon="127.317711">
			<ele>0.00</ele>
			<time>2020-01-20T01:09:58.10Z</time>
		</trkpt>
		<trkpt lat="34.668502" lon="127.317776">
			<ele>0.00</ele>
			<time>2020-01-20T01:09:58.71Z</time>
		</trkpt>
		<trkpt lat="34.668580" lon="127.317853">
			<ele>0.00</ele>
			<time>2020-01-20T01:09:59.38Z</time>
		</trkpt>
		<trkpt lat="34.668648" lon="127.317909">
			<ele>0.00</ele>
			<time>2020-01-20T01:09:59.93Z</time>
		</trkpt>
		<trkpt lat="34.668704" lon="127.317957">
			<ele>0.00</ele>
			<time>2020-01-20T01:10:00.39Z</time>
		</trkpt>
		<trkpt lat="34.668773" lon="127.318024">
			<ele>0.00</ele>
			<time>2020-01-20T01:10:00.97Z</time>
		</trkpt>
		<trkpt lat="34.668831" lon="127.318100">
			<ele>0.00</ele>
			<time>2020-01-20T01:10:01.54Z</time>
		</trkpt>
		<trkpt lat="34.668902" lon="127.318184">
			<ele>0.00</ele>
			<time>2020-01-20T01:10:02.20Z</time>
		</trkpt>
		<trkpt lat="34.668976" lon="127.318276">
			<ele>0.00</ele>
			<time>2020-01-20T01:10:02.90Z</time>
		</trkpt>
		<trkpt lat="34.669035" lon="127.318364">
			<ele>0.00</ele>
			<time>2020-01-20T01:10:03.53Z</time>
		</trkpt>
		<trkpt lat="34.669102" lon="127.318472">
			<ele>0.00</ele>
			<time>2020-01-20T01:10:04.27Z</time>
		</trkpt>
		<trkpt lat="34.669171" lon="127.318590">
			<ele>0.00</ele>
			<time>2020-01-20T01:10:05.06Z</time>
		</trkpt>
		<trkpt lat="34.669230" lon="127.318688">
			<ele>0.00</ele>
			<time>2020-01-20T01:10:05.73Z</time>
		</trkpt>
		<trkpt lat="34.669296" lon="127.318789">
			<ele>0.00</ele>
			<time>2020-01-20T01:10:06.44Z</time>
		</trkpt>
		<trkpt lat="34.669344" lon="127.318877">
			<ele>0.00</ele>
			<time>2020-01-20T01:10:07.02Z</time>
		</trkpt>
		<trkpt lat="34.669417" lon="127.318990">
			<ele>0.00</ele>
			<time>2020-01-20T01:10:07.80Z</time>
		</trkpt>
		<trkpt lat="34.669486" lon="127.319113">
			<ele>0.00</ele>
			<time>2020-01-20T01:10:08.62Z</time>
		</trkpt>
		<trkpt lat="34.669555" lon="127.319229">
			<ele>0.00</ele>
			<time>2020-01-20T01:10:09.41Z</time>
		</trkpt>
		<trkpt lat="34.669619" lon="127.319341">
			<ele>0.00</ele>
			<time>2020-01-20T01:10:10.15Z</time>
		</trkpt>
		<trkpt lat="34.669658" lon="127.319410">
			<ele>0.00</ele>
			<time>2020-01-20T01:10:10.61Z</time>
		</trkpt>
		<trkpt lat="34.669706" lon="127.319490">
			<ele>0.00</ele>
			<time>2020-01-20T01:10:11.15Z</time>
		</trkpt>
		<trkpt lat="34.669738" lon="127.319553">
			<ele>0.00</ele>
			<time>2020-01-20T01:10:11.56Z</time>
		</trkpt>
		<trkpt lat="34.669768" lon="127.319606">
			<ele>0.00</ele>
			<time>2020-01-20T01:10:11.91Z</time>
		</trkpt>
		<trkpt lat="34.669794" lon="127.319663">
			<ele>0.00</ele>
			<time>2020-01-20T01:10:12.27Z</time>
		</trkpt>
		<trkpt lat="34.669824" lon="127.319716">
			<ele>0.00</ele>
			<time>2020-01-20T01:10:12.62Z</time>
		</trkpt>
		<trkpt lat="34.669860" lon="127.319785">
			<ele>0.00</ele>
			<time>2020-01-20T01:10:13.07Z</time>
		</trkpt>
		<trkpt lat="34.669883" lon="127.319829">
			<ele>0.00</ele>
			<time>2020-01-20T01:10:13.36Z</time>
		</trkpt>
		<trkpt lat="34.669890" lon="127.319858">
			<ele>0.00</ele>
			<time>2020-01-20T01:10:13.52Z</time>
		</trkpt>
		<trkpt lat="34.669887" lon="127.319883">
			<ele>0.00</ele>
			<time>2020-01-20T01:10:13.66Z</time>
		</trkpt>
		<trkpt lat="34.669871" lon="127.319913">
			<ele>0.00</ele>
			<time>2020-01-20T01:10:13.85Z</time>
		</trkpt>
		<trkpt lat="34.669833" lon="127.319932">
			<ele>0.00</ele>
			<time>2020-01-20T01:10:14.13Z</time>
		</trkpt>
		<trkpt lat="34.669780" lon="127.319960">
			<ele>0.00</ele>
			<time>2020-01-20T01:10:14.52Z</time>
		</trkpt>
		<trkpt lat="34.669723" lon="127.319987">
			<ele>0.00</ele>
			<time>2020-01-20T01:10:14.93Z</time>
		</trkpt>
		<trkpt lat="34.669689" lon="127.320009">
			<ele>0.00</ele>
			<time>2020-01-20T01:10:15.18Z</time>
		</trkpt>
		<trkpt lat="34.669649" lon="127.320021">
			<ele>0.00</ele>
			<time>2020-01-20T01:10:15.46Z</time>
		</trkpt>
		<trkpt lat="34.669597" lon="127.320012">
			<ele>0.00</ele>
			<time>2020-01-20T01:10:15.81Z</time>
		</trkpt>
		<trkpt lat="34.669569" lon="127.320001">
			<ele>0.00</ele>
			<time>2020-01-20T01:10:16.01Z</time>
		</trkpt>
		<trkpt lat="34.669544" lon="127.319993">
			<ele>0.00</ele>
			<time>2020-01-20T01:10:16.18Z</time>
		</trkpt>
		<trkpt lat="34.669511" lon="127.319998">
			<ele>0.00</ele>
			<time>2020-01-20T01:10:16.40Z</time>
		</trkpt>
		<trkpt lat="34.669466" lon="127.320007">
			<ele>0.00</ele>
			<time>2020-01-20T01:10:16.70Z</time>
		</trkpt>
		<trkpt lat="34.669427" lon="127.320018">
			<ele>0.00</ele>
			<time>2020-01-20T01:10:16.97Z</time>
		</trkpt>
		<trkpt lat="34.669375" lon="127.320037">
			<ele>0.00</ele>
			<time>2020-01-20T01:10:17.33Z</time>
		</trkpt>
		<trkpt lat="34.669327" lon="127.320057">
			<ele>0.00</ele>
			<time>2020-01-20T01:10:17.67Z</time>
		</trkpt>
		<trkpt lat="34.669278" lon="127.320079">
			<ele>0.00</ele>
			<time>2020-01-20T01:10:18.02Z</time>
		</trkpt>
		<trkpt lat="34.669238" lon="127.320107">
			<ele>0.00</ele>
			<time>2020-01-20T01:10:18.33Z</time>
		</trkpt>
		<trkpt lat="34.669204" lon="127.320134">
			<ele>0.00</ele>
			<time>2020-01-20T01:10:18.60Z</time>
		</trkpt>
		<trkpt lat="34.669174" lon="127.320167">
			<ele>0.00</ele>
			<time>2020-01-20T01:10:18.86Z</time>
		</trkpt>
		<trkpt lat="34.669146" lon="127.320203">
			<ele>0.00</ele>
			<time>2020-01-20T01:10:19.14Z</time>
		</trkpt>
		<trkpt lat="34.669129" lon="127.320240">
			<ele>0.00</ele>
			<time>2020-01-20T01:10:19.37Z</time>
		</trkpt>
		<trkpt lat="34.669110" lon="127.320307">
			<ele>0.00</ele>
			<time>2020-01-20T01:10:19.76Z</time>
		</trkpt>
		<trkpt lat="34.669103" lon="127.320359">
			<ele>0.00</ele>
			<time>2020-01-20T01:10:20.05Z</time>
		</trkpt>
		<trkpt lat="34.669101" lon="127.320428">
			<ele>0.00</ele>
			<time>2020-01-20T01:10:20.43Z</time>
		</trkpt>
		<trkpt lat="34.669098" lon="127.320499">
			<ele>0.00</ele>
			<time>2020-01-20T01:10:20.82Z</time>
		</trkpt>
		<trkpt lat="34.669083" lon="127.320600">
			<ele>0.00</ele>
			<time>2020-01-20T01:10:21.38Z</time>
		</trkpt>
		<trkpt lat="34.669071" lon="127.320697">
			<ele>0.00</ele>
			<time>2020-01-20T01:10:21.92Z</time>
		</trkpt>
		<trkpt lat="34.669055" lon="127.320800">
			<ele>0.00</ele>
			<time>2020-01-20T01:10:22.49Z</time>
		</trkpt>
		<trkpt lat="34.669039" lon="127.320885">
			<ele>0.00</ele>
			<time>2020-01-20T01:10:22.97Z</time>
		</trkpt>
		<trkpt lat="34.669026" lon="127.320980">
			<ele>0.00</ele>
			<time>2020-01-20T01:10:23.50Z</time>
		</trkpt>
		<trkpt lat="34.669017" lon="127.321069">
			<ele>0.00</ele>
			<time>2020-01-20T01:10:23.99Z</time>
		</trkpt>
		<trkpt lat="34.669013" lon="127.321152">
			<ele>0.00</ele>
			<time>2020-01-20T01:10:24.44Z</time>
		</trkpt>
		<trkpt lat="34.669006" lon="127.321227">
			<ele>0.00</ele>
			<time>2020-01-20T01:10:24.86Z</time>
		</trkpt>
		<trkpt lat="34.669006" lon="127.321331">
			<ele>0.00</ele>
			<time>2020-01-20T01:10:25.43Z</time>
		</trkpt>
		<trkpt lat="34.669000" lon="127.321437">
			<ele>0.00</ele>
			<time>2020-01-20T01:10:26.01Z</time>
		</trkpt>
		<trkpt lat="34.668993" lon="127.321539">
			<ele>0.00</ele>
			<time>2020-01-20T01:10:26.57Z</time>
		</trkpt>
		<trkpt lat="34.668985" lon="127.321589">
			<ele>0.00</ele>
			<time>2020-01-20T01:10:26.85Z</time>
		</trkpt>
		<trkpt lat="34.668979" lon="127.321639">
			<ele>0.00</ele>
			<time>2020-01-20T01:10:27.13Z</time>
		</trkpt>
		<trkpt lat="34.668974" lon="127.321690">
			<ele>0.00</ele>
			<time>2020-01-20T01:10:27.41Z</time>
		</trkpt>
		<trkpt lat="34.668974" lon="127.321746">
			<ele>0.00</ele>
			<time>2020-01-20T01:10:27.72Z</time>
		</trkpt>
		<trkpt lat="34.668979" lon="127.321822">
			<ele>0.00</ele>
			<time>2020-01-20T01:10:28.13Z</time>
		</trkpt>
		<trkpt lat="34.668986" lon="127.321872">
			<ele>0.00</ele>
			<time>2020-01-20T01:10:28.41Z</time>
		</trkpt>
		<trkpt lat="34.668998" lon="127.321938">
			<ele>0.00</ele>
			<time>2020-01-20T01:10:28.78Z</time>
		</trkpt>
		<trkpt lat="34.669018" lon="127.322011">
			<ele>0.00</ele>
			<time>2020-01-20T01:10:29.20Z</time>
		</trkpt>
		<trkpt lat="34.669042" lon="127.322111">
			<ele>0.00</ele>
			<time>2020-01-20T01:10:29.78Z</time>
		</trkpt>
		<trkpt lat="34.669070" lon="127.322212">
			<ele>0.00</ele>
			<time>2020-01-20T01:10:30.36Z</time>
		</trkpt>
		<trkpt lat="34.669095" lon="127.322301">
			<ele>0.00</ele>
			<time>2020-01-20T01:10:30.88Z</time>
		</trkpt>
		<trkpt lat="34.669121" lon="127.322402">
			<ele>0.00</ele>
			<time>2020-01-20T01:10:31.46Z</time>
		</trkpt>
		<trkpt lat="34.669147" lon="127.322496">
			<ele>0.00</ele>
			<time>2020-01-20T01:10:32Z</time>
		</trkpt>
		<trkpt lat="34.669173" lon="127.322591">
			<ele>0.00</ele>
			<time>2020-01-20T01:10:32.55Z</time>
		</trkpt>
		<trkpt lat="34.669198" lon="127.322696">
			<ele>0.00</ele>
			<time>2020-01-20T01:10:33.15Z</time>
		</trkpt>
		<trkpt lat="34.669229" lon="127.322809">
			<ele>0.00</ele>
			<time>2020-01-20T01:10:33.80Z</time>
		</trkpt>
		<trkpt lat="34.669264" lon="127.322929">
			<ele>0.00</ele>
			<time>2020-01-20T01:10:34.50Z</time>
		</trkpt>
		<trkpt lat="34.669312" lon="127.323091">
			<ele>0.00</ele>
			<time>2020-01-20T01:10:35.44Z</time>
		</trkpt>
		<trkpt lat="34.669357" lon="127.323216">
			<ele>0.00</ele>
			<time>2020-01-20T01:10:36.19Z</time>
		</trkpt>
		<trkpt lat="34.669389" lon="127.323289">
			<ele>0.00</ele>
			<time>2020-01-20T01:10:36.64Z</time>
		</trkpt>
		<trkpt lat="34.669424" lon="127.323345">
			<ele>0.00</ele>
			<time>2020-01-20T01:10:37.03Z</time>
		</trkpt>
		<trkpt lat="34.669460" lon="127.323407">
			<ele>0.00</ele>
			<time>2020-01-20T01:10:37.45Z</time>
		</trkpt>
		<trkpt lat="34.669498" lon="127.323451">
			<ele>0.00</ele>
			<time>2020-01-20T01:10:37.79Z</time>
		</trkpt>
		<trkpt lat="34.669533" lon="127.323480">
			<ele>0.00</ele>
			<time>2020-01-20T01:10:38.08Z</time>
		</trkpt>
		<trkpt lat="34.669584" lon="127.323528">
			<ele>0.00</ele>
			<time>2020-01-20T01:10:38.51Z</time>
		</trkpt>
		<trkpt lat="34.669632" lon="127.323567">
			<ele>0.00</ele>
			<time>2020-01-20T01:10:38.89Z</time>
		</trkpt>
		<trkpt lat="34.669692" lon="127.323624">
			<ele>0.00</ele>
			<time>2020-01-20T01:10:39.40Z</time>
		</trkpt>
		<trkpt lat="34.669753" lon="127.323671">
			<ele>0.00</ele>
			<time>2020-01-20T01:10:39.88Z</time>
		</trkpt>
		<trkpt lat="34.669828" lon="127.323720">
			<ele>0.00</ele>
			<time>2020-01-20T01:10:40.45Z</time>
		</trkpt>
		<trkpt lat="34.669899" lon="127.323773">
			<ele>0.00</ele>
			<time>2020-01-20T01:10:41.01Z</time>
		</trkpt>
		<trkpt lat="34.669973" lon="127.323823">
			<ele>0.00</ele>
			<time>2020-01-20T01:10:41.57Z</time>
		</trkpt>
		<trkpt lat="34.670041" lon="127.323875">
			<ele>0.00</ele>
			<time>2020-01-20T01:10:42.11Z</time>
		</trkpt>
		<trkpt lat="34.670119" lon="127.323935">
			<ele>0.00</ele>
			<time>2020-01-20T01:10:42.72Z</time>
		</trkpt>
		<trkpt lat="34.670225" lon="127.324012">
			<ele>0.00</ele>
			<time>2020-01-20T01:10:43.55Z</time>
		</trkpt>
		<trkpt lat="34.670301" lon="127.324071">
			<ele>0.00</ele>
			<time>2020-01-20T01:10:44.14Z</time>
		</trkpt>
		<trkpt lat="34.670391" lon="127.324136">
			<ele>0.00</ele>
			<time>2020-01-20T01:10:44.84Z</time>
		</trkpt>
		<trkpt lat="34.670483" lon="127.324205">
			<ele>0.00</ele>
			<time>2020-01-20T01:10:45.56Z</time>
		</trkpt>
		<trkpt lat="34.670552" lon="127.324254">
			<ele>0.00</ele>
			<time>2020-01-20T01:10:46.09Z</time>
		</trkpt>
		<trkpt lat="34.670619" lon="127.324307">
			<ele>0.00</ele>
			<time>2020-01-20T01:10:46.63Z</time>
		</trkpt>
		<trkpt lat="34.670678" lon="127.324347">
			<ele>0.00</ele>
			<time>2020-01-20T01:10:47.08Z</time>
		</trkpt>
		<trkpt lat="34.670724" lon="127.324391">
			<ele>0.00</ele>
			<time>2020-01-20T01:10:47.47Z</time>
		</trkpt>
		<trkpt lat="34.670764" lon="127.324429">
			<ele>0.00</ele>
			<time>2020-01-20T01:10:47.81Z</time>
		</trkpt>
		<trkpt lat="34.670795" lon="127.324460">
			<ele>0.00</ele>
			<time>2020-01-20T01:10:48.08Z</time>
		</trkpt>
		<trkpt lat="34.670841" lon="127.324504">
			<ele>0.00</ele>
			<time>2020-01-20T01:10:48.47Z</time>
		</trkpt>
		<trkpt lat="34.670891" lon="127.324548">
			<ele>0.00</ele>
			<time>2020-01-20T01:10:48.88Z</time>
		</trkpt>
		<trkpt lat="34.670918" lon="127.324581">
			<ele>0.00</ele>
			<time>2020-01-20T01:10:49.14Z</time>
		</trkpt>
		<trkpt lat="34.670947" lon="127.324630">
			<ele>0.00</ele>
			<time>2020-01-20T01:10:49.46Z</time>
		</trkpt>
		<trkpt lat="34.670965" lon="127.324680">
			<ele>0.00</ele>
			<time>2020-01-20T01:10:49.76Z</time>
		</trkpt>
		<trkpt lat="34.670978" lon="127.324722">
			<ele>0.00</ele>
			<time>2020-01-20T01:10:50.01Z</time>
		</trkpt>
		<trkpt lat="34.670991" lon="127.324754">
			<ele>0.00</ele>
			<time>2020-01-20T01:10:50.20Z</time>
		</trkpt>
		<trkpt lat="34.671009" lon="127.324792">
			<ele>0.00</ele>
			<time>2020-01-20T01:10:50.44Z</time>
		</trkpt>
		<trkpt lat="34.671039" lon="127.324825">
			<ele>0.00</ele>
			<time>2020-01-20T01:10:50.71Z</time>
		</trkpt>
		<trkpt lat="34.671067" lon="127.324837">
			<ele>0.00</ele>
			<time>2020-01-20T01:10:50.91Z</time>
		</trkpt>
		<trkpt lat="34.671117" lon="127.324850">
			<ele>0.00</ele>
			<time>2020-01-20T01:10:51.26Z</time>
		</trkpt>
		<trkpt lat="34.671190" lon="127.324872">
			<ele>0.00</ele>
			<time>2020-01-20T01:10:51.76Z</time>
		</trkpt>
		<trkpt lat="34.671250" lon="127.324898">
			<ele>0.00</ele>
			<time>2020-01-20T01:10:52.18Z</time>
		</trkpt>
		<trkpt lat="34.671296" lon="127.324918">
			<ele>0.00</ele>
			<time>2020-01-20T01:10:52.51Z</time>
		</trkpt>
		<trkpt lat="34.671345" lon="127.324945">
			<ele>0.00</ele>
			<time>2020-01-20T01:10:52.87Z</time>
		</trkpt>
		<trkpt lat="34.671387" lon="127.324975">
			<ele>0.00</ele>
			<time>2020-01-20T01:10:53.19Z</time>
		</trkpt>
		<trkpt lat="34.671434" lon="127.325006">
			<ele>0.00</ele>
			<time>2020-01-20T01:10:53.55Z</time>
		</trkpt>
		<trkpt lat="34.671462" lon="127.325036">
			<ele>0.00</ele>
			<time>2020-01-20T01:10:53.79Z</time>
		</trkpt>
		<trkpt lat="34.671488" lon="127.325050">
			<ele>0.00</ele>
			<time>2020-01-20T01:10:53.98Z</time>
		</trkpt>
		<trkpt lat="34.671519" lon="127.325067">
			<ele>0.00</ele>
			<time>2020-01-20T01:10:54.21Z</time>
		</trkpt>
		<trkpt lat="34.671569" lon="127.325097">
			<ele>0.00</ele>
			<time>2020-01-20T01:10:54.58Z</time>
		</trkpt>
		<trkpt lat="34.671617" lon="127.325132">
			<ele>0.00</ele>
			<time>2020-01-20T01:10:54.96Z</time>
		</trkpt>
		<trkpt lat="34.671667" lon="127.325163">
			<ele>0.00</ele>
			<time>2020-01-20T01:10:55.33Z</time>
		</trkpt>
		<trkpt lat="34.671756" lon="127.325223">
			<ele>0.00</ele>
			<time>2020-01-20T01:10:56.01Z</time>
		</trkpt>
		<trkpt lat="34.671831" lon="127.325272">
			<ele>0.00</ele>
			<time>2020-01-20T01:10:56.58Z</time>
		</trkpt>
		<trkpt lat="34.671896" lon="127.325311">
			<ele>0.00</ele>
			<time>2020-01-20T01:10:57.06Z</time>
		</trkpt>
		<trkpt lat="34.671968" lon="127.325357">
			<ele>0.00</ele>
			<time>2020-01-20T01:10:57.60Z</time>
		</trkpt>
		<trkpt lat="34.672032" lon="127.325391">
			<ele>0.00</ele>
			<time>2020-01-20T01:10:58.07Z</time>
		</trkpt>
		<trkpt lat="34.672078" lon="127.325408">
			<ele>0.00</ele>
			<time>2020-01-20T01:10:58.39Z</time>
		</trkpt>
		<trkpt lat="34.672120" lon="127.325420">
			<ele>0.00</ele>
			<time>2020-01-20T01:10:58.68Z</time>
		</trkpt>
		<trkpt lat="34.672168" lon="127.325433">
			<ele>0.00</ele>
			<time>2020-01-20T01:10:59Z</time>
		</trkpt>
		<trkpt lat="34.672226" lon="127.325442">
			<ele>0.00</ele>
			<time>2020-01-20T01:10:59.39Z</time>
		</trkpt>
		<trkpt lat="34.672287" lon="127.325467">
			<ele>0.00</ele>
			<time>2020-01-20T01:10:59.82Z</time>
		</trkpt>
		<trkpt lat="34.672329" lon="127.325503">
			<ele>0.00</ele>
			<time>2020-01-20T01:11:00.17Z</time>
		</trkpt>
		<trkpt lat="34.672376" lon="127.325549">
			<ele>0.00</ele>
			<time>2020-01-20T01:11:00.57Z</time>
		</trkpt>
		<trkpt lat="34.672419" lon="127.325579">
			<ele>0.00</ele>
			<time>2020-01-20T01:11:00.90Z</time>
		</trkpt>
		<trkpt lat="34.672480" lon="127.325615">
			<ele>0.00</ele>
			<time>2020-01-20T01:11:01.35Z</time>
		</trkpt>
		<trkpt lat="34.672550" lon="127.325649">
			<ele>0.00</ele>
			<time>2020-01-20T01:11:01.85Z</time>
		</trkpt>
		<trkpt lat="34.672612" lon="127.325684">
			<ele>0.00</ele>
			<time>2020-01-20T01:11:02.31Z</time>
		</trkpt>
		<trkpt lat="34.672647" lon="127.325706">
			<ele>0.00</ele>
			<time>2020-01-20T01:11:02.57Z</time>
		</trkpt>
		<trkpt lat="34.672685" lon="127.325725">
			<ele>0.00</ele>
			<time>2020-01-20T01:11:02.84Z</time>
		</trkpt>
		<trkpt lat="34.672733" lon="127.325743">
			<ele>0.00</ele>
			<time>2020-01-20T01:11:03.18Z</time>
		</trkpt>
		<trkpt lat="34.672805" lon="127.325762">
			<ele>0.00</ele>
			<time>2020-01-20T01:11:03.67Z</time>
		</trkpt>
		<trkpt lat="34.672848" lon="127.325762">
			<ele>0.00</ele>
			<time>2020-01-20T01:11:03.96Z</time>
		</trkpt>
		<trkpt lat="34.672910" lon="127.325766">
			<ele>0.00</ele>
			<time>2020-01-20T01:11:04.37Z</time>
		</trkpt>
		<trkpt lat="34.672993" lon="127.325750">
			<ele>0.00</ele>
			<time>2020-01-20T01:11:04.93Z</time>
		</trkpt>
		<trkpt lat="34.673077" lon="127.325734">
			<ele>0.00</ele>
			<time>2020-01-20T01:11:05.50Z</time>
		</trkpt>
		<trkpt lat="34.673115" lon="127.325720">
			<ele>0.00</ele>
			<time>2020-01-20T01:11:05.77Z</time>
		</trkpt>
		<trkpt lat="34.673142" lon="127.325704">
			<ele>0.00</ele>
			<time>2020-01-20T01:11:05.97Z</time>
		</trkpt>
		<trkpt lat="34.673164" lon="127.325685">
			<ele>0.00</ele>
			<time>2020-01-20T01:11:06.15Z</time>
		</trkpt>
		<trkpt lat="34.673185" lon="127.325665">
			<ele>0.00</ele>
			<time>2020-01-20T01:11:06.32Z</time>
		</trkpt>
		<trkpt lat="34.673211" lon="127.325636">
			<ele>0.00</ele>
			<time>2020-01-20T01:11:06.56Z</time>
		</trkpt>
		<trkpt lat="34.673254" lon="127.325602">
			<ele>0.00</ele>
			<time>2020-01-20T01:11:06.90Z</time>
		</trkpt>
		<trkpt lat="34.673294" lon="127.325574">
			<ele>0.00</ele>
			<time>2020-01-20T01:11:07.21Z</time>
		</trkpt>
		<trkpt lat="34.673333" lon="127.325537">
			<ele>0.00</ele>
			<time>2020-01-20T01:11:07.53Z</time>
		</trkpt>
		<trkpt lat="34.673365" lon="127.325498">
			<ele>0.00</ele>
			<time>2020-01-20T01:11:07.84Z</time>
		</trkpt>
		<trkpt lat="34.673387" lon="127.325467">
			<ele>0.00</ele>
			<time>2020-01-20T01:11:08.06Z</time>
		</trkpt>
		<trkpt lat="34.673408" lon="127.325432">
			<ele>0.00</ele>
			<time>2020-01-20T01:11:08.30Z</time>
		</trkpt>
		<trkpt lat="34.673428" lon="127.325390">
			<ele>0.00</ele>
			<time>2020-01-20T01:11:08.57Z</time>
		</trkpt>
		<trkpt lat="34.673444" lon="127.325345">
			<ele>0.00</ele>
			<time>2020-01-20T01:11:08.83Z</time>
		</trkpt>
		<trkpt lat="34.673466" lon="127.325306">
			<ele>0.00</ele>
			<time>2020-01-20T01:11:09.09Z</time>
		</trkpt>
		<trkpt lat="34.673502" lon="127.325267">
			<ele>0.00</ele>
			<time>2020-01-20T01:11:09.41Z</time>
		</trkpt>
		<trkpt lat="34.673517" lon="127.325254">
			<ele>0.00</ele>
			<time>2020-01-20T01:11:09.54Z</time>
		</trkpt>
		<trkpt lat="34.673541" lon="127.325234">
			<ele>0.00</ele>
			<time>2020-01-20T01:11:09.73Z</time>
		</trkpt>
		<trkpt lat="34.673560" lon="127.325209">
			<ele>0.00</ele>
			<time>2020-01-20T01:11:09.92Z</time>
		</trkpt>
		<trkpt lat="34.673572" lon="127.325158">
			<ele>0.00</ele>
			<time>2020-01-20T01:11:10.21Z</time>
		</trkpt>
		<trkpt lat="34.673572" lon="127.325119">
			<ele>0.00</ele>
			<time>2020-01-20T01:11:10.42Z</time>
		</trkpt>
		<trkpt lat="34.673577" lon="127.325081">
			<ele>0.00</ele>
			<time>2020-01-20T01:11:10.63Z</time>
		</trkpt>
		<trkpt lat="34.673587" lon="127.325025">
			<ele>0.00</ele>
			<time>2020-01-20T01:11:10.95Z</time>
		</trkpt>
		<trkpt lat="34.673605" lon="127.324962">
			<ele>0.00</ele>
			<time>2020-01-20T01:11:11.32Z</time>
		</trkpt>
		<trkpt lat="34.673629" lon="127.324914">
			<ele>0.00</ele>
			<time>2020-01-20T01:11:11.62Z</time>
		</trkpt>
		<trkpt lat="34.673654" lon="127.324874">
			<ele>0.00</ele>
			<time>2020-01-20T01:11:11.90Z</time>
		</trkpt>
		<trkpt lat="34.673685" lon="127.324842">
			<ele>0.00</ele>
			<time>2020-01-20T01:11:12.17Z</time>
		</trkpt>
		<trkpt lat="34.673711" lon="127.324815">
			<ele>0.00</ele>
			<time>2020-01-20T01:11:12.40Z</time>
		</trkpt>
		<trkpt lat="34.673737" lon="127.324789">
			<ele>0.00</ele>
			<time>2020-01-20T01:11:12.62Z</time>
		</trkpt>
		<trkpt lat="34.673759" lon="127.324768">
			<ele>0.00</ele>
			<time>2020-01-20T01:11:12.81Z</time>
		</trkpt>
		<trkpt lat="34.673763" lon="127.324741">
			<ele>0.00</ele>
			<time>2020-01-20T01:11:12.96Z</time>
		</trkpt>
		<trkpt lat="34.673764" lon="127.324694">
			<ele>0.00</ele>
			<time>2020-01-20T01:11:13.21Z</time>
		</trkpt>
		<trkpt lat="34.673768" lon="127.324644">
			<ele>0.00</ele>
			<time>2020-01-20T01:11:13.49Z</time>
		</trkpt>
		<trkpt lat="34.673768" lon="127.324571">
			<ele>0.00</ele>
			<time>2020-01-20T01:11:13.89Z</time>
		</trkpt>
		<trkpt lat="34.673776" lon="127.324501">
			<ele>0.00</ele>
			<time>2020-01-20T01:11:14.28Z</time>
		</trkpt>
		<trkpt lat="34.673789" lon="127.324455">
			<ele>0.00</ele>
			<time>2020-01-20T01:11:14.54Z</time>
		</trkpt>
		<trkpt lat="34.673803" lon="127.324411">
			<ele>0.00</ele>
			<time>2020-01-20T01:11:14.80Z</time>
		</trkpt>
		<trkpt lat="34.673823" lon="127.324370">
			<ele>0.00</ele>
			<time>2020-01-20T01:11:15.06Z</time>
		</trkpt>
		<trkpt lat="34.673854" lon="127.324323">
			<ele>0.00</ele>
			<time>2020-01-20T01:11:15.39Z</time>
		</trkpt>
		<trkpt lat="34.673898" lon="127.324262">
			<ele>0.00</ele>
			<time>2020-01-20T01:11:15.84Z</time>
		</trkpt>
		<trkpt lat="34.673938" lon="127.324207">
			<ele>0.00</ele>
			<time>2020-01-20T01:11:16.24Z</time>
		</trkpt>
		<trkpt lat="34.673984" lon="127.324152">
			<ele>0.00</ele>
			<time>2020-01-20T01:11:16.68Z</time>
		</trkpt>
		<trkpt lat="34.674031" lon="127.324098">
			<ele>0.00</ele>
			<time>2020-01-20T01:11:17.10Z</time>
		</trkpt>
		<trkpt lat="34.674072" lon="127.324054">
			<ele>0.00</ele>
			<time>2020-01-20T01:11:17.47Z</time>
		</trkpt>
		<trkpt lat="34.674120" lon="127.324018">
			<ele>0.00</ele>
			<time>2020-01-20T01:11:17.85Z</time>
		</trkpt>
		<trkpt lat="34.674155" lon="127.323985">
			<ele>0.00</ele>
			<time>2020-01-20T01:11:18.14Z</time>
		</trkpt>
		<trkpt lat="34.674199" lon="127.323949">
			<ele>0.00</ele>
			<time>2020-01-20T01:11:18.49Z</time>
		</trkpt>
		<trkpt lat="34.674240" lon="127.323903">
			<ele>0.00</ele>
			<time>2020-01-20T01:11:18.87Z</time>
		</trkpt>
		<trkpt lat="34.674279" lon="127.323834">
			<ele>0.00</ele>
			<time>2020-01-20T01:11:19.33Z</time>
		</trkpt>
		<trkpt lat="34.674293" lon="127.323798">
			<ele>0.00</ele>
			<time>2020-01-20T01:11:19.55Z</time>
		</trkpt>
		<trkpt lat="34.674314" lon="127.323746">
			<ele>0.00</ele>
			<time>2020-01-20T01:11:19.86Z</time>
		</trkpt>
		<trkpt lat="34.674335" lon="127.323698">
			<ele>0.00</ele>
			<time>2020-01-20T01:11:20.16Z</time>
		</trkpt>
		<trkpt lat="34.674361" lon="127.323629">
			<ele>0.00</ele>
			<time>2020-01-20T01:11:20.57Z</time>
		</trkpt>
		<trkpt lat="34.674383" lon="127.323575">
			<ele>0.00</ele>
			<time>2020-01-20T01:11:20.90Z</time>
		</trkpt>
		<trkpt lat="34.674402" lon="127.323517">
			<ele>0.00</ele>
			<time>2020-01-20T01:11:21.25Z</time>
		</trkpt>
		<trkpt lat="34.674423" lon="127.323465">
			<ele>0.00</ele>
			<time>2020-01-20T01:11:21.56Z</time>
		</trkpt>
		<trkpt lat="34.674446" lon="127.323412">
			<ele>0.00</ele>
			<time>2020-01-20T01:11:21.89Z</time>
		</trkpt>
		<trkpt lat="34.674457" lon="127.323371">
			<ele>0.00</ele>
			<time>2020-01-20T01:11:22.13Z</time>
		</trkpt>
		<trkpt lat="34.674457" lon="127.323325">
			<ele>0.00</ele>
			<time>2020-01-20T01:11:22.38Z</time>
		</trkpt>
		<trkpt lat="34.674450" lon="127.323273">
			<ele>0.00</ele>
			<time>2020-01-20T01:11:22.67Z</time>
		</trkpt>
		<trkpt lat="34.674440" lon="127.323221">
			<ele>0.00</ele>
			<time>2020-01-20T01:11:22.96Z</time>
		</trkpt>
		<trkpt lat="34.674425" lon="127.323160">
			<ele>0.00</ele>
			<time>2020-01-20T01:11:23.31Z</time>
		</trkpt>
		<trkpt lat="34.674413" lon="127.323104">
			<ele>0.00</ele>
			<time>2020-01-20T01:11:23.63Z</time>
		</trkpt>
		<trkpt lat="34.674405" lon="127.323055">
			<ele>0.00</ele>
			<time>2020-01-20T01:11:23.90Z</time>
		</trkpt>
		<trkpt lat="34.674407" lon="127.323014">
			<ele>0.00</ele>
			<time>2020-01-20T01:11:24.13Z</time>
		</trkpt>
		<trkpt lat="34.674407" lon="127.322966">
			<ele>0.00</ele>
			<time>2020-01-20T01:11:24.39Z</time>
		</trkpt>
		<trkpt lat="34.674411" lon="127.322908">
			<ele>0.00</ele>
			<time>2020-01-20T01:11:24.71Z</time>
		</trkpt>
		<trkpt lat="34.674407" lon="127.322850">
			<ele>0.00</ele>
			<time>2020-01-20T01:11:25.03Z</time>
		</trkpt>
		<trkpt lat="34.674397" lon="127.322787">
			<ele>0.00</ele>
			<time>2020-01-20T01:11:25.38Z</time>
		</trkpt>
		<trkpt lat="34.674387" lon="127.322745">
			<ele>0.00</ele>
			<time>2020-01-20T01:11:25.62Z</time>
		</trkpt>
		<trkpt lat="34.674374" lon="127.322682">
			<ele>0.00</ele>
			<time>2020-01-20T01:11:25.98Z</time>
		</trkpt>
		<trkpt lat="34.674357" lon="127.322644">
			<ele>0.00</ele>
			<time>2020-01-20T01:11:26.22Z</time>
		</trkpt>
		<trkpt lat="34.674340" lon="127.322601">
			<ele>0.00</ele>
			<time>2020-01-20T01:11:26.47Z</time>
		</trkpt>
		<trkpt lat="34.674325" lon="127.322565">
			<ele>0.00</ele>
			<time>2020-01-20T01:11:26.70Z</time>
		</trkpt>
		<trkpt lat="34.674315" lon="127.322526">
			<ele>0.00</ele>
			<time>2020-01-20T01:11:26.92Z</time>
		</trkpt>
		<trkpt lat="34.674305" lon="127.322485">
			<ele>0.00</ele>
			<time>2020-01-20T01:11:27.16Z</time>
		</trkpt>
		<trkpt lat="34.674305" lon="127.322431">
			<ele>0.00</ele>
			<time>2020-01-20T01:11:27.45Z</time>
		</trkpt>
		<trkpt lat="34.674310" lon="127.322376">
			<ele>0.00</ele>
			<time>2020-01-20T01:11:27.75Z</time>
		</trkpt>
		<trkpt lat="34.674324" lon="127.322279">
			<ele>0.00</ele>
			<time>2020-01-20T01:11:28.30Z</time>
		</trkpt>
		<trkpt lat="34.674344" lon="127.322199">
			<ele>0.00</ele>
			<time>2020-01-20T01:11:28.75Z</time>
		</trkpt>
		<trkpt lat="34.674354" lon="127.322116">
			<ele>0.00</ele>
			<time>2020-01-20T01:11:29.22Z</time>
		</trkpt>
		<trkpt lat="34.674371" lon="127.322013">
			<ele>0.00</ele>
			<time>2020-01-20T01:11:29.79Z</time>
		</trkpt>
		<trkpt lat="34.674391" lon="127.321924">
			<ele>0.00</ele>
			<time>2020-01-20T01:11:30.30Z</time>
		</trkpt>
		<trkpt lat="34.674394" lon="127.321872">
			<ele>0.00</ele>
			<time>2020-01-20T01:11:30.58Z</time>
		</trkpt>
		<trkpt lat="34.674414" lon="127.321823">
			<ele>0.00</ele>
			<time>2020-01-20T01:11:30.88Z</time>
		</trkpt>
		<trkpt lat="34.674445" lon="127.321815">
			<ele>0.00</ele>
			<time>2020-01-20T01:11:31.09Z</time>
		</trkpt>
		<trkpt lat="34.674511" lon="127.321820">
			<ele>0.00</ele>
			<time>2020-01-20T01:11:31.53Z</time>
		</trkpt>
		<trkpt lat="34.674570" lon="127.321829">
			<ele>0.00</ele>
			<time>2020-01-20T01:11:31.93Z</time>
		</trkpt>
		<trkpt lat="34.674623" lon="127.321850">
			<ele>0.00</ele>
			<time>2020-01-20T01:11:32.30Z</time>
		</trkpt>
		<trkpt lat="34.674681" lon="127.321856">
			<ele>0.00</ele>
			<time>2020-01-20T01:11:32.69Z</time>
		</trkpt>
		<trkpt lat="34.674729" lon="127.321856">
			<ele>0.00</ele>
			<time>2020-01-20T01:11:33.01Z</time>
		</trkpt>
		<trkpt lat="34.674783" lon="127.321855">
			<ele>0.00</ele>
			<time>2020-01-20T01:11:33.37Z</time>
		</trkpt>
		<trkpt lat="34.674826" lon="127.321842">
			<ele>0.00</ele>
			<time>2020-01-20T01:11:33.66Z</time>
		</trkpt>
		<trkpt lat="34.674872" lon="127.321826">
			<ele>0.00</ele>
			<time>2020-01-20T01:11:33.98Z</time>
		</trkpt>
		<trkpt lat="34.674913" lon="127.321811">
			<ele>0.00</ele>
			<time>2020-01-20T01:11:34.27Z</time>
		</trkpt>
		<trkpt lat="34.674957" lon="127.321773">
			<ele>0.00</ele>
			<time>2020-01-20T01:11:34.63Z</time>
		</trkpt>
		<trkpt lat="34.675006" lon="127.321716">
			<ele>0.00</ele>
			<time>2020-01-20T01:11:35.08Z</time>
		</trkpt>
		<trkpt lat="34.675045" lon="127.321658">
			<ele>0.00</ele>
			<time>2020-01-20T01:11:35.49Z</time>
		</trkpt>
		<trkpt lat="34.675087" lon="127.321597">
			<ele>0.00</ele>
			<time>2020-01-20T01:11:35.93Z</time>
		</trkpt>
		<trkpt lat="34.675125" lon="127.321546">
			<ele>0.00</ele>
			<time>2020-01-20T01:11:36.30Z</time>
		</trkpt>
		<trkpt lat="34.675164" lon="127.321485">
			<ele>0.00</ele>
			<time>2020-01-20T01:11:36.73Z</time>
		</trkpt>
		<trkpt lat="34.675202" lon="127.321434">
			<ele>0.00</ele>
			<time>2020-01-20T01:11:37.11Z</time>
		</trkpt>
		<trkpt lat="34.675258" lon="127.321361">
			<ele>0.00</ele>
			<time>2020-01-20T01:11:37.65Z</time>
		</trkpt>
		<trkpt lat="34.675325" lon="127.321271">
			<ele>0.00</ele>
			<time>2020-01-20T01:11:38.31Z</time>
		</trkpt>
		<trkpt lat="34.675382" lon="127.321198">
			<ele>0.00</ele>
			<time>2020-01-20T01:11:38.87Z</time>
		</trkpt>
		<trkpt lat="34.675436" lon="127.321122">
			<ele>0.00</ele>
			<time>2020-01-20T01:11:39.42Z</time>
		</trkpt>
		<trkpt lat="34.675492" lon="127.321047">
			<ele>0.00</ele>
			<time>2020-01-20T01:11:39.97Z</time>
		</trkpt>
		<trkpt lat="34.675536" lon="127.321004">
			<ele>0.00</ele>
			<time>2020-01-20T01:11:40.35Z</time>
		</trkpt>
		<trkpt lat="34.675582" lon="127.320973">
			<ele>0.00</ele>
			<time>2020-01-20T01:11:40.70Z</time>
		</trkpt>
		<trkpt lat="34.675639" lon="127.320925">
			<ele>0.00</ele>
			<time>2020-01-20T01:11:41.16Z</time>
		</trkpt>
		<trkpt lat="34.675679" lon="127.320881">
			<ele>0.00</ele>
			<time>2020-01-20T01:11:41.52Z</time>
		</trkpt>
		<trkpt lat="34.675731" lon="127.320836">
			<ele>0.00</ele>
			<time>2020-01-20T01:11:41.95Z</time>
		</trkpt>
		<trkpt lat="34.675781" lon="127.320795">
			<ele>0.00</ele>
			<time>2020-01-20T01:11:42.35Z</time>
		</trkpt>
		<trkpt lat="34.675831" lon="127.320740">
			<ele>0.00</ele>
			<time>2020-01-20T01:11:42.80Z</time>
		</trkpt>
		<trkpt lat="34.675863" lon="127.320715">
			<ele>0.00</ele>
			<time>2020-01-20T01:11:43.06Z</time>
		</trkpt>
		<trkpt lat="34.675902" lon="127.320701">
			<ele>0.00</ele>
			<time>2020-01-20T01:11:43.33Z</time>
		</trkpt>
		<trkpt lat="34.675964" lon="127.320727">
			<ele>0.00</ele>
			<time>2020-01-20T01:11:43.76Z</time>
		</trkpt>
		<trkpt lat="34.676032" lon="127.320751">
			<ele>0.00</ele>
			<time>2020-01-20T01:11:44.24Z</time>
		</trkpt>
		<trkpt lat="34.676086" lon="127.320776">
			<ele>0.00</ele>
			<time>2020-01-20T01:11:44.62Z</time>
		</trkpt>
		<trkpt lat="34.676167" lon="127.320806">
			<ele>0.00</ele>
			<time>2020-01-20T01:11:45.18Z</time>
		</trkpt>
		<trkpt lat="34.676233" lon="127.320828">
			<ele>0.00</ele>
			<time>2020-01-20T01:11:45.64Z</time>
		</trkpt>
		<trkpt lat="34.676304" lon="127.320848">
			<ele>0.00</ele>
			<time>2020-01-20T01:11:46.13Z</time>
		</trkpt>
		<trkpt lat="34.676363" lon="127.320861">
			<ele>0.00</ele>
			<time>2020-01-20T01:11:46.53Z</time>
		</trkpt>
		<trkpt lat="34.676420" lon="127.320859">
			<ele>0.00</ele>
			<time>2020-01-20T01:11:46.91Z</time>
		</trkpt>
		<trkpt lat="34.676472" lon="127.320850">
			<ele>0.00</ele>
			<time>2020-01-20T01:11:47.26Z</time>
		</trkpt>
		<trkpt lat="34.676521" lon="127.320825">
			<ele>0.00</ele>
			<time>2020-01-20T01:11:47.61Z</time>
		</trkpt>
		<trkpt lat="34.676593" lon="127.320796">
			<ele>0.00</ele>
			<time>2020-01-20T01:11:48.12Z</time>
		</trkpt>
		<trkpt lat="34.676663" lon="127.320760">
			<ele>0.00</ele>
			<time>2020-01-20T01:11:48.63Z</time>
		</trkpt>
		<trkpt lat="34.676727" lon="127.320735">
			<ele>0.00</ele>
			<time>2020-01-20T01:11:49.07Z</time>
		</trkpt>
		<trkpt lat="34.676790" lon="127.320706">
			<ele>0.00</ele>
			<time>2020-01-20T01:11:49.52Z</time>
		</trkpt>
		<trkpt lat="34.676833" lon="127.320693">
			<ele>0.00</ele>
			<time>2020-01-20T01:11:49.81Z</time>
		</trkpt>
		<trkpt lat="34.676875" lon="127.320689">
			<ele>0.00</ele>
			<time>2020-01-20T01:11:50.10Z</time>
		</trkpt>
		<trkpt lat="34.676956" lon="127.320669">
			<ele>0.00</ele>
			<time>2020-01-20T01:11:50.65Z</time>
		</trkpt>
		<trkpt lat="34.677018" lon="127.320649">
			<ele>0.00</ele>
			<time>2020-01-20T01:11:51.07Z</time>
		</trkpt>
		<trkpt lat="34.677080" lon="127.320627">
			<ele>0.00</ele>
			<time>2020-01-20T01:11:51.51Z</time>
		</trkpt>
		<trkpt lat="34.677085" lon="127.320626">
			<ele>0.00</ele>
			<time>2020-01-20T01:11:51.57Z</time>
		</trkpt>
		<trkpt lat="34.677141" lon="127.320615">
			<ele>0.00</ele>
			<time>2020-01-20T01:11:51.94Z</time>
		</trkpt>
		<trkpt lat="34.677177" lon="127.320618">
			<ele>0.00</ele>
			<time>2020-01-20T01:11:52.18Z</time>
		</trkpt>
		<trkpt lat="34.677220" lon="127.320648">
			<ele>0.00</ele>
			<time>2020-01-20T01:11:52.51Z</time>
		</trkpt>
		<trkpt lat="34.677252" lon="127.320695">
			<ele>0.00</ele>
			<time>2020-01-20T01:11:52.85Z</time>
		</trkpt>
		<trkpt lat="34.677292" lon="127.320781">
			<ele>0.00</ele>
			<time>2020-01-20T01:11:53.39Z</time>
		</trkpt>
		<trkpt lat="34.677322" lon="127.320836">
			<ele>0.00</ele>
			<time>2020-01-20T01:11:53.76Z</time>
		</trkpt>
		<trkpt lat="34.677360" lon="127.320896">
			<ele>0.00</ele>
			<time>2020-01-20T01:11:54.17Z</time>
		</trkpt>
		<trkpt lat="34.677394" lon="127.320945">
			<ele>0.00</ele>
			<time>2020-01-20T01:11:54.52Z</time>
		</trkpt>
		<trkpt lat="34.677437" lon="127.320986">
			<ele>0.00</ele>
			<time>2020-01-20T01:11:54.88Z</time>
		</trkpt>
		<trkpt lat="34.677480" lon="127.321012">
			<ele>0.00</ele>
			<time>2020-01-20T01:11:55.20Z</time>
		</trkpt>
		<trkpt lat="34.677547" lon="127.321067">
			<ele>0.00</ele>
			<time>2020-01-20T01:11:55.74Z</time>
		</trkpt>
		<trkpt lat="34.677616" lon="127.321111">
			<ele>0.00</ele>
			<time>2020-01-20T01:11:56.26Z</time>
		</trkpt>
		<trkpt lat="34.677680" lon="127.321148">
			<ele>0.00</ele>
			<time>2020-01-20T01:11:56.74Z</time>
		</trkpt>
		<trkpt lat="34.677754" lon="127.321187">
			<ele>0.00</ele>
			<time>2020-01-20T01:11:57.27Z</time>
		</trkpt>
		<trkpt lat="34.677853" lon="127.321243">
			<ele>0.00</ele>
			<time>2020-01-20T01:11:58Z</time>
		</trkpt>
		<trkpt lat="34.677926" lon="127.321280">
			<ele>0.00</ele>
			<time>2020-01-20T01:11:58.53Z</time>
		</trkpt>
		<trkpt lat="34.677982" lon="127.321312">
			<ele>0.00</ele>
			<time>2020-01-20T01:11:58.94Z</time>
		</trkpt>
		<trkpt lat="34.678034" lon="127.321337">
			<ele>0.00</ele>
			<time>2020-01-20T01:11:59.31Z</time>
		</trkpt>
		<trkpt lat="34.678089" lon="127.321372">
			<ele>0.00</ele>
			<time>2020-01-20T01:11:59.72Z</time>
		</trkpt>
		<trkpt lat="34.678153" lon="127.321422">
			<ele>0.00</ele>
			<time>2020-01-20T01:12:00.23Z</time>
		</trkpt>
		<trkpt lat="34.678226" lon="127.321480">
			<ele>0.00</ele>
			<time>2020-01-20T01:12:00.81Z</time>
		</trkpt>
		<trkpt lat="34.678288" lon="127.321521">
			<ele>0.00</ele>
			<time>2020-01-20T01:12:01.28Z</time>
		</trkpt>
		<trkpt lat="34.678332" lon="127.321552">
			<ele>0.00</ele>
			<time>2020-01-20T01:12:01.63Z</time>
		</trkpt>
		<trkpt lat="34.678367" lon="127.321584">
			<ele>0.00</ele>
			<time>2020-01-20T01:12:01.92Z</time>
		</trkpt>
		<trkpt lat="34.678389" lon="127.321629">
			<ele>0.00</ele>
			<time>2020-01-20T01:12:02.21Z</time>
		</trkpt>
		<trkpt lat="34.678412" lon="127.321691">
			<ele>0.00</ele>
			<time>2020-01-20T01:12:02.58Z</time>
		</trkpt>
		<trkpt lat="34.678441" lon="127.321760">
			<ele>0.00</ele>
			<time>2020-01-20T01:12:03Z</time>
		</trkpt>
		<trkpt lat="34.678474" lon="127.321867">
			<ele>0.00</ele>
			<time>2020-01-20T01:12:03.63Z</time>
		</trkpt>
		<trkpt lat="34.678508" lon="127.321961">
			<ele>0.00</ele>
			<time>2020-01-20T01:12:04.19Z</time>
		</trkpt>
		<trkpt lat="34.678537" lon="127.322040">
			<ele>0.00</ele>
			<time>2020-01-20T01:12:04.66Z</time>
		</trkpt>
		<trkpt lat="34.678557" lon="127.322093">
			<ele>0.00</ele>
			<time>2020-01-20T01:12:04.99Z</time>
		</trkpt>
		<trkpt lat="34.678566" lon="127.322137">
			<ele>0.00</ele>
			<time>2020-01-20T01:12:05.24Z</time>
		</trkpt>
		<trkpt lat="34.678573" lon="127.322206">
			<ele>0.00</ele>
			<time>2020-01-20T01:12:05.62Z</time>
		</trkpt>
		<trkpt lat="34.678568" lon="127.322249">
			<ele>0.00</ele>
			<time>2020-01-20T01:12:05.85Z</time>
		</trkpt>
		<trkpt lat="34.678570" lon="127.322309">
			<ele>0.00</ele>
			<time>2020-01-20T01:12:06.18Z</time>
		</trkpt>
		<trkpt lat="34.678527" lon="127.322403">
			<ele>12.43</ele>
			<time>2020-01-20T01:12:06.77Z</time>
		</trkpt>
		<trkpt lat="34.678504" lon="127.322480">
			<ele>13.49</ele>
			<time>2020-01-20T01:12:07.22Z</time>
		</trkpt>
		<trkpt lat="34.678491" lon="127.322529">
			<ele>14.22</ele>
			<time>2020-01-20T01:12:07.51Z</time>
		</trkpt>
		<trkpt lat="34.678491" lon="127.322672">
			<ele>14.30</ele>
			<time>2020-01-20T01:12:08.29Z</time>
		</trkpt>
		<trkpt lat="34.678415" lon="127.322831">
			<ele>16.33</ele>
			<time>2020-01-20T01:12:09.30Z</time>
		</trkpt>
		<trkpt lat="34.678388" lon="127.322935">
			<ele>16.75</ele>
			<time>2020-01-20T01:12:09.90Z</time>
		</trkpt>
		<trkpt lat="34.678392" lon="127.322990">
			<ele>16.51</ele>
			<time>2020-01-20T01:12:10.20Z</time>
		</trkpt>
		<trkpt lat="34.678450" lon="127.322962">
			<ele>0.00</ele>
			<time>2020-01-20T01:12:10.61Z</time>
		</trkpt>
		<trkpt lat="34.678626" lon="127.322826">
			<ele>0.00</ele>
			<time>2020-01-20T01:12:12Z</time>
		</trkpt>
		<trkpt lat="34.678980" lon="127.322610">
			<ele>0.00</ele>
			<time>2020-01-20T01:12:14.65Z</time>
		</trkpt>
		<trkpt lat="34.679377" lon="127.322413">
			<ele>0.00</ele>
			<time>2020-01-20T01:12:17.50Z</time>
		</trkpt>
		<trkpt lat="34.679664" lon="127.322250">
			<ele>0.00</ele>
			<time>2020-01-20T01:12:19.62Z</time>
		</trkpt>
		<trkpt lat="34.680049" lon="127.322153">
			<ele>0.00</ele>
			<time>2020-01-20T01:12:22.23Z</time>
		</trkpt>
		<trkpt lat="34.680489" lon="127.322124">
			<ele>0.00</ele>
			<time>2020-01-20T01:12:25.17Z</time>
		</trkpt>
		<trkpt lat="34.680773" lon="127.322162">
			<ele>0.00</ele>
			<time>2020-01-20T01:12:27.08Z</time>
		</trkpt>
		<trkpt lat="34.680964" lon="127.322209">
			<ele>0.00</ele>
			<time>2020-01-20T01:12:28.38Z</time>
		</trkpt>
		<trkpt lat="34.681100" lon="127.322217">
			<ele>0.00</ele>
			<time>2020-01-20T01:12:29.29Z</time>
		</trkpt>
		<extensions>
			<gte:name>#446</gte:name>
			<gte:color>#efd973</gte:color>
		</extensions>
	</trkseg>
</trk>
</gpx>