<?xml version="1.0" encoding="UTF-8"?>
<gpx version="1.1" creator="GPS Track Editor" xmlns="http://www.topografix.com/GPX/1/1" xmlns:xsi="http://www.w3.org/2001/XMLSchema-instance" xmlns:gte="http://www.gpstrackeditor.com/xmlschemas/General/1" xmlns:gpxtpx="http://www.garmin.com/xmlschemas/TrackPointExtension/v1" xmlns:gpxx="http://www.garmin.com/xmlschemas/GpxExtensions/v3" targetNamespace="http://www.topografix.com/GPX/1/1" elementFormDefault="qualified" xsi:schemaLocation="http://www.topografix.com/GPX/1/1 http://www.topografix.com/GPX/1/1/gpx.xsd">
<metadata>
	<name>GPS_2020-01-20_001756</name>
</metadata>
<trk>
	<name>071-고흥군 도양읍 봉암리 녹동버스공용정류장~고흥군 도덕면 용동리 고흥만방조제공원</name>
	<trkseg>
		<trkpt lat="34.532353" lon="127.139330">
			<ele>0.00</ele>
			<time>2020-01-20T00:17:56.83Z</time>
		</trkpt>
		<trkpt lat="34.532326" lon="127.139496">
			<ele>0.00</ele>
			<time>2020-01-20T00:17:57.76Z</time>
		</trkpt>
		<trkpt lat="34.532317" lon="127.139643">
			<ele>0.00</ele>
			<time>2020-01-20T00:17:58.57Z</time>
		</trkpt>
		<trkpt lat="34.532296" lon="127.139789">
			<ele>0.00</ele>
			<time>2020-01-20T00:17:59.38Z</time>
		</trkpt>
		<trkpt lat="34.532273" lon="127.139924">
			<ele>0.00</ele>
			<time>2020-01-20T00:18:00.14Z</time>
		</trkpt>
		<trkpt lat="34.532237" lon="127.140063">
			<ele>0.00</ele>
			<time>2020-01-20T00:18:00.94Z</time>
		</trkpt>
		<trkpt lat="34.532239" lon="127.140245">
			<ele>0.00</ele>
			<time>2020-01-20T00:18:01.94Z</time>
		</trkpt>
		<trkpt lat="34.532274" lon="127.140350">
			<ele>0.00</ele>
			<time>2020-01-20T00:18:02.56Z</time>
		</trkpt>
		<trkpt lat="34.532277" lon="127.140494">
			<ele>0.00</ele>
			<time>2020-01-20T00:18:03.35Z</time>
		</trkpt>
		<trkpt lat="34.532266" lon="127.140633">
			<ele>0.00</ele>
			<time>2020-01-20T00:18:04.12Z</time>
		</trkpt>
		<trkpt lat="34.532264" lon="127.140766">
			<ele>0.00</ele>
			<time>2020-01-20T00:18:04.85Z</time>
		</trkpt>
		<trkpt lat="34.532252" lon="127.140845">
			<ele>0.00</ele>
			<time>2020-01-20T00:18:05.29Z</time>
		</trkpt>
		<trkpt lat="34.532376" lon="127.140904">
			<ele>0.00</ele>
			<time>2020-01-20T00:18:06.17Z</time>
		</trkpt>
		<trkpt lat="34.532488" lon="127.140925">
			<ele>0.00</ele>
			<time>2020-01-20T00:18:06.93Z</time>
		</trkpt>
		<trkpt lat="34.532590" lon="127.140963">
			<ele>0.00</ele>
			<time>2020-01-20T00:18:07.64Z</time>
		</trkpt>
		<trkpt lat="34.532700" lon="127.141015">
			<ele>0.00</ele>
			<time>2020-01-20T00:18:08.43Z</time>
		</trkpt>
		<trkpt lat="34.532783" lon="127.141056">
			<ele>0.00</ele>
			<time>2020-01-20T00:18:09.03Z</time>
		</trkpt>
		<trkpt lat="34.532879" lon="127.141115">
			<ele>0.00</ele>
			<time>2020-01-20T00:18:09.74Z</time>
		</trkpt>
		<trkpt lat="34.532982" lon="127.141151">
			<ele>0.00</ele>
			<time>2020-01-20T00:18:10.46Z</time>
		</trkpt>
		<trkpt lat="34.533078" lon="127.141190">
			<ele>0.00</ele>
			<time>2020-01-20T00:18:11.14Z</time>
		</trkpt>
		<trkpt lat="34.533193" lon="127.141242">
			<ele>0.00</ele>
			<time>2020-01-20T00:18:11.95Z</time>
		</trkpt>
		<trkpt lat="34.533310" lon="127.141291">
			<ele>0.00</ele>
			<time>2020-01-20T00:18:12.78Z</time>
		</trkpt>
		<trkpt lat="34.533426" lon="127.141345">
			<ele>0.00</ele>
			<time>2020-01-20T00:18:13.61Z</time>
		</trkpt>
		<trkpt lat="34.533518" lon="127.141372">
			<ele>0.00</ele>
			<time>2020-01-20T00:18:14.24Z</time>
		</trkpt>
		<trkpt lat="34.533600" lon="127.141400">
			<ele>0.00</ele>
			<time>2020-01-20T00:18:14.80Z</time>
		</trkpt>
		<trkpt lat="34.533704" lon="127.141455">
			<ele>0.00</ele>
			<time>2020-01-20T00:18:15.56Z</time>
		</trkpt>
		<trkpt lat="34.533820" lon="127.141507">
			<ele>0.00</ele>
			<time>2020-01-20T00:18:16.39Z</time>
		</trkpt>
		<trkpt lat="34.533932" lon="127.141567">
			<ele>0.00</ele>
			<time>2020-01-20T00:18:17.20Z</time>
		</trkpt>
		<trkpt lat="34.534037" lon="127.141632">
			<ele>0.00</ele>
			<time>2020-01-20T00:18:17.99Z</time>
		</trkpt>
		<trkpt lat="34.534127" lon="127.141708">
			<ele>0.00</ele>
			<time>2020-01-20T00:18:18.72Z</time>
		</trkpt>
		<trkpt lat="34.534213" lon="127.141793">
			<ele>0.00</ele>
			<time>2020-01-20T00:18:19.46Z</time>
		</trkpt>
		<trkpt lat="34.534303" lon="127.141876">
			<ele>0.00</ele>
			<time>2020-01-20T00:18:20.21Z</time>
		</trkpt>
		<trkpt lat="34.534399" lon="127.141938">
			<ele>0.00</ele>
			<time>2020-01-20T00:18:20.94Z</time>
		</trkpt>
		<trkpt lat="34.534510" lon="127.141965">
			<ele>0.00</ele>
			<time>2020-01-20T00:18:21.69Z</time>
		</trkpt>
		<trkpt lat="34.534636" lon="127.142004">
			<ele>0.00</ele>
			<time>2020-01-20T00:18:22.56Z</time>
		</trkpt>
		<trkpt lat="34.534748" lon="127.142028">
			<ele>0.00</ele>
			<time>2020-01-20T00:18:23.32Z</time>
		</trkpt>
		<trkpt lat="34.534861" lon="127.142062">
			<ele>0.00</ele>
			<time>2020-01-20T00:18:24.10Z</time>
		</trkpt>
		<trkpt lat="34.534974" lon="127.142090">
			<ele>0.00</ele>
			<time>2020-01-20T00:18:24.87Z</time>
		</trkpt>
		<trkpt lat="34.535077" lon="127.142115">
			<ele>0.00</ele>
			<time>2020-01-20T00:18:25.56Z</time>
		</trkpt>
		<trkpt lat="34.535207" lon="127.142125">
			<ele>0.00</ele>
			<time>2020-01-20T00:18:26.43Z</time>
		</trkpt>
		<trkpt lat="34.535336" lon="127.142112">
			<ele>0.00</ele>
			<time>2020-01-20T00:18:27.30Z</time>
		</trkpt>
		<trkpt lat="34.535460" lon="127.142091">
			<ele>0.00</ele>
			<time>2020-01-20T00:18:28.13Z</time>
		</trkpt>
		<trkpt lat="34.535561" lon="127.142063">
			<ele>0.00</ele>
			<time>2020-01-20T00:18:28.82Z</time>
		</trkpt>
		<trkpt lat="34.535651" lon="127.141995">
			<ele>0.00</ele>
			<time>2020-01-20T00:18:29.52Z</time>
		</trkpt>
		<trkpt lat="34.535736" lon="127.141915">
			<ele>0.00</ele>
			<time>2020-01-20T00:18:30.24Z</time>
		</trkpt>
		<trkpt lat="34.535817" lon="127.141819">
			<ele>0.00</ele>
			<time>2020-01-20T00:18:31Z</time>
		</trkpt>
		<trkpt lat="34.535894" lon="127.141733">
			<ele>0.00</ele>
			<time>2020-01-20T00:18:31.69Z</time>
		</trkpt>
		<trkpt lat="34.535969" lon="127.141648">
			<ele>0.00</ele>
			<time>2020-01-20T00:18:32.38Z</time>
		</trkpt>
		<trkpt lat="34.536052" lon="127.141575">
			<ele>0.00</ele>
			<time>2020-01-20T00:18:33.06Z</time>
		</trkpt>
		<trkpt lat="34.536140" lon="127.141482">
			<ele>0.00</ele>
			<time>2020-01-20T00:18:33.84Z</time>
		</trkpt>
		<trkpt lat="34.536218" lon="127.141401">
			<ele>0.00</ele>
			<time>2020-01-20T00:18:34.52Z</time>
		</trkpt>
		<trkpt lat="34.536295" lon="127.141331">
			<ele>0.00</ele>
			<time>2020-01-20T00:18:35.17Z</time>
		</trkpt>
		<trkpt lat="34.536384" lon="127.141281">
			<ele>0.00</ele>
			<time>2020-01-20T00:18:35.82Z</time>
		</trkpt>
		<trkpt lat="34.536504" lon="127.141256">
			<ele>0.00</ele>
			<time>2020-01-20T00:18:36.63Z</time>
		</trkpt>
		<trkpt lat="34.536620" lon="127.141272">
			<ele>0.00</ele>
			<time>2020-01-20T00:18:37.41Z</time>
		</trkpt>
		<trkpt lat="34.536722" lon="127.141277">
			<ele>0.00</ele>
			<time>2020-01-20T00:18:38.09Z</time>
		</trkpt>
		<trkpt lat="34.536825" lon="127.141295">
			<ele>0.00</ele>
			<time>2020-01-20T00:18:38.79Z</time>
		</trkpt>
		<trkpt lat="34.536928" lon="127.141303">
			<ele>0.00</ele>
			<time>2020-01-20T00:18:39.47Z</time>
		</trkpt>
		<trkpt lat="34.537049" lon="127.141309">
			<ele>0.00</ele>
			<time>2020-01-20T00:18:40.28Z</time>
		</trkpt>
		<trkpt lat="34.537153" lon="127.141312">
			<ele>0.00</ele>
			<time>2020-01-20T00:18:40.98Z</time>
		</trkpt>
		<trkpt lat="34.537265" lon="127.141312">
			<ele>0.00</ele>
			<time>2020-01-20T00:18:41.72Z</time>
		</trkpt>
		<trkpt lat="34.537345" lon="127.141284">
			<ele>0.00</ele>
			<time>2020-01-20T00:18:42.28Z</time>
		</trkpt>
		<trkpt lat="34.537434" lon="127.141230">
			<ele>0.00</ele>
			<time>2020-01-20T00:18:42.94Z</time>
		</trkpt>
		<trkpt lat="34.537529" lon="127.141143">
			<ele>0.00</ele>
			<time>2020-01-20T00:18:43.73Z</time>
		</trkpt>
		<trkpt lat="34.537609" lon="127.141077">
			<ele>0.00</ele>
			<time>2020-01-20T00:18:44.38Z</time>
		</trkpt>
		<trkpt lat="34.537696" lon="127.141010">
			<ele>0.00</ele>
			<time>2020-01-20T00:18:45.06Z</time>
		</trkpt>
		<trkpt lat="34.537765" lon="127.140951">
			<ele>0.00</ele>
			<time>2020-01-20T00:18:45.63Z</time>
		</trkpt>
		<trkpt lat="34.537872" lon="127.140863">
			<ele>0.00</ele>
			<time>2020-01-20T00:18:46.49Z</time>
		</trkpt>
		<trkpt lat="34.537870" lon="127.140864">
			<ele>0.00</ele>
			<time>2020-01-20T00:18:46.55Z</time>
		</trkpt>
		<trkpt lat="34.537974" lon="127.140779">
			<ele>0.00</ele>
			<time>2020-01-20T00:18:47.38Z</time>
		</trkpt>
		<trkpt lat="34.538055" lon="127.140696">
			<ele>0.00</ele>
			<time>2020-01-20T00:18:48.09Z</time>
		</trkpt>
		<trkpt lat="34.538137" lon="127.140562">
			<ele>0.00</ele>
			<time>2020-01-20T00:18:49Z</time>
		</trkpt>
		<trkpt lat="34.538203" lon="127.140446">
			<ele>0.00</ele>
			<time>2020-01-20T00:18:49.78Z</time>
		</trkpt>
		<trkpt lat="34.538277" lon="127.140363">
			<ele>0.00</ele>
			<time>2020-01-20T00:18:50.45Z</time>
		</trkpt>
		<trkpt lat="34.538354" lon="127.140251">
			<ele>0.00</ele>
			<time>2020-01-20T00:18:51.25Z</time>
		</trkpt>
		<trkpt lat="34.538433" lon="127.140160">
			<ele>0.00</ele>
			<time>2020-01-20T00:18:51.98Z</time>
		</trkpt>
		<trkpt lat="34.538494" lon="127.140081">
			<ele>0.00</ele>
			<time>2020-01-20T00:18:52.57Z</time>
		</trkpt>
		<trkpt lat="34.538571" lon="127.140052">
			<ele>0.00</ele>
			<time>2020-01-20T00:18:53.11Z</time>
		</trkpt>
		<trkpt lat="34.538574" lon="127.140055">
			<ele>0.00</ele>
			<time>2020-01-20T00:18:53.17Z</time>
		</trkpt>
		<trkpt lat="34.538663" lon="127.140045">
			<ele>0.00</ele>
			<time>2020-01-20T00:18:53.77Z</time>
		</trkpt>
		<trkpt lat="34.538765" lon="127.140068">
			<ele>0.00</ele>
			<time>2020-01-20T00:18:54.46Z</time>
		</trkpt>
		<trkpt lat="34.538838" lon="127.140089">
			<ele>0.00</ele>
			<time>2020-01-20T00:18:54.96Z</time>
		</trkpt>
		<trkpt lat="34.538907" lon="127.140184">
			<ele>0.00</ele>
			<time>2020-01-20T00:18:55.65Z</time>
		</trkpt>
		<trkpt lat="34.538976" lon="127.140263">
			<ele>0.00</ele>
			<time>2020-01-20T00:18:56.29Z</time>
		</trkpt>
		<trkpt lat="34.539040" lon="127.140329">
			<ele>0.00</ele>
			<time>2020-01-20T00:18:56.84Z</time>
		</trkpt>
		<trkpt lat="34.539099" lon="127.140396">
			<ele>0.00</ele>
			<time>2020-01-20T00:18:57.38Z</time>
		</trkpt>
		<trkpt lat="34.539172" lon="127.140460">
			<ele>0.00</ele>
			<time>2020-01-20T00:18:57.99Z</time>
		</trkpt>
		<trkpt lat="34.539257" lon="127.140513">
			<ele>0.00</ele>
			<time>2020-01-20T00:18:58.62Z</time>
		</trkpt>
		<trkpt lat="34.539353" lon="127.140553">
			<ele>0.00</ele>
			<time>2020-01-20T00:18:59.30Z</time>
		</trkpt>
		<trkpt lat="34.539434" lon="127.140605">
			<ele>0.00</ele>
			<time>2020-01-20T00:18:59.91Z</time>
		</trkpt>
		<trkpt lat="34.539520" lon="127.140646">
			<ele>0.00</ele>
			<time>2020-01-20T00:19:00.52Z</time>
		</trkpt>
		<trkpt lat="34.539614" lon="127.140682">
			<ele>0.00</ele>
			<time>2020-01-20T00:19:01.18Z</time>
		</trkpt>
		<trkpt lat="34.539701" lon="127.140722">
			<ele>0.00</ele>
			<time>2020-01-20T00:19:01.80Z</time>
		</trkpt>
		<trkpt lat="34.539764" lon="127.140792">
			<ele>0.00</ele>
			<time>2020-01-20T00:19:02.37Z</time>
		</trkpt>
		<trkpt lat="34.539797" lon="127.140896">
			<ele>0.00</ele>
			<time>2020-01-20T00:19:02.98Z</time>
		</trkpt>
		<trkpt lat="34.539888" lon="127.140946">
			<ele>0.00</ele>
			<time>2020-01-20T00:19:03.65Z</time>
		</trkpt>
		<trkpt lat="34.539989" lon="127.140986">
			<ele>0.00</ele>
			<time>2020-01-20T00:19:04.36Z</time>
		</trkpt>
		<trkpt lat="34.540089" lon="127.140997">
			<ele>0.00</ele>
			<time>2020-01-20T00:19:05.03Z</time>
		</trkpt>
		<trkpt lat="34.540183" lon="127.140996">
			<ele>0.00</ele>
			<time>2020-01-20T00:19:05.65Z</time>
		</trkpt>
		<trkpt lat="34.540280" lon="127.140993">
			<ele>0.00</ele>
			<time>2020-01-20T00:19:06.30Z</time>
		</trkpt>
		<trkpt lat="34.540375" lon="127.140996">
			<ele>0.00</ele>
			<time>2020-01-20T00:19:06.93Z</time>
		</trkpt>
		<trkpt lat="34.540469" lon="127.141008">
			<ele>0.00</ele>
			<time>2020-01-20T00:19:07.57Z</time>
		</trkpt>
		<trkpt lat="34.540561" lon="127.141023">
			<ele>0.00</ele>
			<time>2020-01-20T00:19:08.18Z</time>
		</trkpt>
		<trkpt lat="34.540626" lon="127.141104">
			<ele>0.00</ele>
			<time>2020-01-20T00:19:08.80Z</time>
		</trkpt>
		<trkpt lat="34.540741" lon="127.141128">
			<ele>0.00</ele>
			<time>2020-01-20T00:19:09.58Z</time>
		</trkpt>
		<trkpt lat="34.540841" lon="127.141122">
			<ele>0.00</ele>
			<time>2020-01-20T00:19:10.25Z</time>
		</trkpt>
		<trkpt lat="34.540956" lon="127.141125">
			<ele>0.00</ele>
			<time>2020-01-20T00:19:11.02Z</time>
		</trkpt>
		<trkpt lat="34.541069" lon="127.141112">
			<ele>0.00</ele>
			<time>2020-01-20T00:19:11.77Z</time>
		</trkpt>
		<trkpt lat="34.541196" lon="127.141108">
			<ele>0.00</ele>
			<time>2020-01-20T00:19:12.62Z</time>
		</trkpt>
		<trkpt lat="34.541276" lon="127.141090">
			<ele>0.00</ele>
			<time>2020-01-20T00:19:13.16Z</time>
		</trkpt>
		<trkpt lat="34.541360" lon="127.141096">
			<ele>0.00</ele>
			<time>2020-01-20T00:19:13.73Z</time>
		</trkpt>
		<trkpt lat="34.541466" lon="127.141135">
			<ele>0.00</ele>
			<time>2020-01-20T00:19:14.46Z</time>
		</trkpt>
		<trkpt lat="34.541585" lon="127.141163">
			<ele>0.00</ele>
			<time>2020-01-20T00:19:15.27Z</time>
		</trkpt>
		<trkpt lat="34.541707" lon="127.141185">
			<ele>0.00</ele>
			<time>2020-01-20T00:19:16.09Z</time>
		</trkpt>
		<trkpt lat="34.541818" lon="127.141190">
			<ele>0.00</ele>
			<time>2020-01-20T00:19:16.83Z</time>
		</trkpt>
		<trkpt lat="34.541912" lon="127.141167">
			<ele>0.00</ele>
			<time>2020-01-20T00:19:17.47Z</time>
		</trkpt>
		<trkpt lat="34.542007" lon="127.141130">
			<ele>0.00</ele>
			<time>2020-01-20T00:19:18.14Z</time>
		</trkpt>
		<trkpt lat="34.542082" lon="127.141099">
			<ele>0.00</ele>
			<time>2020-01-20T00:19:18.66Z</time>
		</trkpt>
		<trkpt lat="34.542170" lon="127.141053">
			<ele>0.00</ele>
			<time>2020-01-20T00:19:19.30Z</time>
		</trkpt>
		<trkpt lat="34.542169" lon="127.141054">
			<ele>0.00</ele>
			<time>2020-01-20T00:19:19.36Z</time>
		</trkpt>
		<trkpt lat="34.542243" lon="127.141061">
			<ele>0.00</ele>
			<time>2020-01-20T00:19:19.86Z</time>
		</trkpt>
		<trkpt lat="34.542319" lon="127.141090">
			<ele>0.00</ele>
			<time>2020-01-20T00:19:20.39Z</time>
		</trkpt>
		<trkpt lat="34.542400" lon="127.141121">
			<ele>0.00</ele>
			<time>2020-01-20T00:19:20.95Z</time>
		</trkpt>
		<trkpt lat="34.542481" lon="127.141182">
			<ele>0.00</ele>
			<time>2020-01-20T00:19:21.59Z</time>
		</trkpt>
		<trkpt lat="34.542553" lon="127.141229">
			<ele>0.00</ele>
			<time>2020-01-20T00:19:22.13Z</time>
		</trkpt>
		<trkpt lat="34.542615" lon="127.141291">
			<ele>0.00</ele>
			<time>2020-01-20T00:19:22.67Z</time>
		</trkpt>
		<trkpt lat="34.542678" lon="127.141340">
			<ele>0.00</ele>
			<time>2020-01-20T00:19:23.17Z</time>
		</trkpt>
		<trkpt lat="34.542740" lon="127.141396">
			<ele>0.00</ele>
			<time>2020-01-20T00:19:23.68Z</time>
		</trkpt>
		<trkpt lat="34.542800" lon="127.141443">
			<ele>0.00</ele>
			<time>2020-01-20T00:19:24.16Z</time>
		</trkpt>
		<trkpt lat="34.542868" lon="127.141499">
			<ele>0.00</ele>
			<time>2020-01-20T00:19:24.71Z</time>
		</trkpt>
		<trkpt lat="34.542934" lon="127.141558">
			<ele>0.00</ele>
			<time>2020-01-20T00:19:25.25Z</time>
		</trkpt>
		<trkpt lat="34.543000" lon="127.141611">
			<ele>0.00</ele>
			<time>2020-01-20T00:19:25.78Z</time>
		</trkpt>
		<trkpt lat="34.543063" lon="127.141666">
			<ele>0.00</ele>
			<time>2020-01-20T00:19:26.30Z</time>
		</trkpt>
		<trkpt lat="34.543121" lon="127.141715">
			<ele>0.00</ele>
			<time>2020-01-20T00:19:26.77Z</time>
		</trkpt>
		<trkpt lat="34.543178" lon="127.141761">
			<ele>0.00</ele>
			<time>2020-01-20T00:19:27.23Z</time>
		</trkpt>
		<trkpt lat="34.543235" lon="127.141811">
			<ele>0.00</ele>
			<time>2020-01-20T00:19:27.69Z</time>
		</trkpt>
		<trkpt lat="34.543299" lon="127.141867">
			<ele>0.00</ele>
			<time>2020-01-20T00:19:28.23Z</time>
		</trkpt>
		<trkpt lat="34.543361" lon="127.141917">
			<ele>0.00</ele>
			<time>2020-01-20T00:19:28.72Z</time>
		</trkpt>
		<trkpt lat="34.543426" lon="127.141981">
			<ele>0.00</ele>
			<time>2020-01-20T00:19:29.28Z</time>
		</trkpt>
		<trkpt lat="34.543490" lon="127.142029">
			<ele>0.00</ele>
			<time>2020-01-20T00:19:29.78Z</time>
		</trkpt>
		<trkpt lat="34.543553" lon="127.142079">
			<ele>0.00</ele>
			<time>2020-01-20T00:19:30.28Z</time>
		</trkpt>
		<trkpt lat="34.543618" lon="127.142129">
			<ele>0.00</ele>
			<time>2020-01-20T00:19:30.79Z</time>
		</trkpt>
		<trkpt lat="34.543698" lon="127.142184">
			<ele>0.00</ele>
			<time>2020-01-20T00:19:31.41Z</time>
		</trkpt>
		<trkpt lat="34.543776" lon="127.142246">
			<ele>0.00</ele>
			<time>2020-01-20T00:19:32.03Z</time>
		</trkpt>
		<trkpt lat="34.543850" lon="127.142307">
			<ele>0.00</ele>
			<time>2020-01-20T00:19:32.63Z</time>
		</trkpt>
		<trkpt lat="34.543920" lon="127.142360">
			<ele>0.00</ele>
			<time>2020-01-20T00:19:33.17Z</time>
		</trkpt>
		<trkpt lat="34.543994" lon="127.142427">
			<ele>0.00</ele>
			<time>2020-01-20T00:19:33.79Z</time>
		</trkpt>
		<trkpt lat="34.544053" lon="127.142484">
			<ele>0.00</ele>
			<time>2020-01-20T00:19:34.29Z</time>
		</trkpt>
		<trkpt lat="34.544120" lon="127.142536">
			<ele>0.00</ele>
			<time>2020-01-20T00:19:34.82Z</time>
		</trkpt>
		<trkpt lat="34.544187" lon="127.142590">
			<ele>0.00</ele>
			<time>2020-01-20T00:19:35.36Z</time>
		</trkpt>
		<trkpt lat="34.544245" lon="127.142642">
			<ele>0.00</ele>
			<time>2020-01-20T00:19:35.84Z</time>
		</trkpt>
		<trkpt lat="34.544310" lon="127.142694">
			<ele>0.00</ele>
			<time>2020-01-20T00:19:36.36Z</time>
		</trkpt>
		<trkpt lat="34.544379" lon="127.142754">
			<ele>0.00</ele>
			<time>2020-01-20T00:19:36.92Z</time>
		</trkpt>
		<trkpt lat="34.544444" lon="127.142812">
			<ele>0.00</ele>
			<time>2020-01-20T00:19:37.46Z</time>
		</trkpt>
		<trkpt lat="34.544505" lon="127.142882">
			<ele>0.00</ele>
			<time>2020-01-20T00:19:38.02Z</time>
		</trkpt>
		<trkpt lat="34.544553" lon="127.142977">
			<ele>0.00</ele>
			<time>2020-01-20T00:19:38.63Z</time>
		</trkpt>
		<trkpt lat="34.544592" lon="127.143078">
			<ele>0.00</ele>
			<time>2020-01-20T00:19:39.25Z</time>
		</trkpt>
		<trkpt lat="34.544626" lon="127.143183">
			<ele>0.00</ele>
			<time>2020-01-20T00:19:39.87Z</time>
		</trkpt>
		<trkpt lat="34.544652" lon="127.143300">
			<ele>0.00</ele>
			<time>2020-01-20T00:19:40.53Z</time>
		</trkpt>
		<trkpt lat="34.544667" lon="127.143396">
			<ele>0.00</ele>
			<time>2020-01-20T00:19:41.07Z</time>
		</trkpt>
		<trkpt lat="34.544685" lon="127.143496">
			<ele>0.00</ele>
			<time>2020-01-20T00:19:41.63Z</time>
		</trkpt>
		<trkpt lat="34.544700" lon="127.143601">
			<ele>0.00</ele>
			<time>2020-01-20T00:19:42.22Z</time>
		</trkpt>
		<trkpt lat="34.544726" lon="127.143703">
			<ele>0.00</ele>
			<time>2020-01-20T00:19:42.80Z</time>
		</trkpt>
		<trkpt lat="34.544745" lon="127.143809">
			<ele>0.00</ele>
			<time>2020-01-20T00:19:43.40Z</time>
		</trkpt>
		<trkpt lat="34.544765" lon="127.143899">
			<ele>0.00</ele>
			<time>2020-01-20T00:19:43.91Z</time>
		</trkpt>
		<trkpt lat="34.544789" lon="127.144004">
			<ele>0.00</ele>
			<time>2020-01-20T00:19:44.50Z</time>
		</trkpt>
		<trkpt lat="34.544807" lon="127.144100">
			<ele>0.00</ele>
			<time>2020-01-20T00:19:45.04Z</time>
		</trkpt>
		<trkpt lat="34.544826" lon="127.144199">
			<ele>0.00</ele>
			<time>2020-01-20T00:19:45.60Z</time>
		</trkpt>
		<trkpt lat="34.544841" lon="127.144294">
			<ele>0.00</ele>
			<time>2020-01-20T00:19:46.13Z</time>
		</trkpt>
		<trkpt lat="34.544879" lon="127.144385">
			<ele>0.00</ele>
			<time>2020-01-20T00:19:46.69Z</time>
		</trkpt>
		<trkpt lat="34.544917" lon="127.144457">
			<ele>0.00</ele>
			<time>2020-01-20T00:19:47.16Z</time>
		</trkpt>
		<trkpt lat="34.544965" lon="127.144536">
			<ele>0.00</ele>
			<time>2020-01-20T00:19:47.71Z</time>
		</trkpt>
		<trkpt lat="34.545015" lon="127.144608">
			<ele>0.00</ele>
			<time>2020-01-20T00:19:48.22Z</time>
		</trkpt>
		<trkpt lat="34.545071" lon="127.144679">
			<ele>0.00</ele>
			<time>2020-01-20T00:19:48.76Z</time>
		</trkpt>
		<trkpt lat="34.545127" lon="127.144745">
			<ele>0.00</ele>
			<time>2020-01-20T00:19:49.28Z</time>
		</trkpt>
		<trkpt lat="34.545196" lon="127.144798">
			<ele>0.00</ele>
			<time>2020-01-20T00:19:49.83Z</time>
		</trkpt>
		<trkpt lat="34.545270" lon="127.144826">
			<ele>0.00</ele>
			<time>2020-01-20T00:19:50.34Z</time>
		</trkpt>
		<trkpt lat="34.545354" lon="127.144830">
			<ele>0.00</ele>
			<time>2020-01-20T00:19:50.90Z</time>
		</trkpt>
		<trkpt lat="34.545436" lon="127.144841">
			<ele>0.00</ele>
			<time>2020-01-20T00:19:51.45Z</time>
		</trkpt>
		<trkpt lat="34.545513" lon="127.144845">
			<ele>0.00</ele>
			<time>2020-01-20T00:19:51.97Z</time>
		</trkpt>
		<trkpt lat="34.545579" lon="127.144846">
			<ele>0.00</ele>
			<time>2020-01-20T00:19:52.41Z</time>
		</trkpt>
		<trkpt lat="34.545652" lon="127.144854">
			<ele>0.00</ele>
			<time>2020-01-20T00:19:52.90Z</time>
		</trkpt>
		<trkpt lat="34.545730" lon="127.144882">
			<ele>0.00</ele>
			<time>2020-01-20T00:19:53.44Z</time>
		</trkpt>
		<trkpt lat="34.545798" lon="127.144913">
			<ele>0.00</ele>
			<time>2020-01-20T00:19:53.92Z</time>
		</trkpt>
		<trkpt lat="34.545864" lon="127.144944">
			<ele>0.00</ele>
			<time>2020-01-20T00:19:54.39Z</time>
		</trkpt>
		<trkpt lat="34.545943" lon="127.145006">
			<ele>0.00</ele>
			<time>2020-01-20T00:19:55.02Z</time>
		</trkpt>
		<trkpt lat="34.546018" lon="127.145063">
			<ele>0.00</ele>
			<time>2020-01-20T00:19:55.61Z</time>
		</trkpt>
		<trkpt lat="34.546087" lon="127.145114">
			<ele>0.00</ele>
			<time>2020-01-20T00:19:56.15Z</time>
		</trkpt>
		<trkpt lat="34.546166" lon="127.145189">
			<ele>0.00</ele>
			<time>2020-01-20T00:19:56.81Z</time>
		</trkpt>
		<trkpt lat="34.546237" lon="127.145255">
			<ele>0.00</ele>
			<time>2020-01-20T00:19:57.41Z</time>
		</trkpt>
		<trkpt lat="34.546298" lon="127.145333">
			<ele>0.00</ele>
			<time>2020-01-20T00:19:58Z</time>
		</trkpt>
		<trkpt lat="34.546366" lon="127.145408">
			<ele>0.00</ele>
			<time>2020-01-20T00:19:58.61Z</time>
		</trkpt>
		<trkpt lat="34.546436" lon="127.145467">
			<ele>0.00</ele>
			<time>2020-01-20T00:19:59.19Z</time>
		</trkpt>
		<trkpt lat="34.546514" lon="127.145508">
			<ele>0.00</ele>
			<time>2020-01-20T00:19:59.75Z</time>
		</trkpt>
		<trkpt lat="34.546606" lon="127.145533">
			<ele>0.00</ele>
			<time>2020-01-20T00:20:00.38Z</time>
		</trkpt>
		<trkpt lat="34.546704" lon="127.145526">
			<ele>0.00</ele>
			<time>2020-01-20T00:20:01.03Z</time>
		</trkpt>
		<trkpt lat="34.546794" lon="127.145523">
			<ele>0.00</ele>
			<time>2020-01-20T00:20:01.63Z</time>
		</trkpt>
		<trkpt lat="34.546888" lon="127.145525">
			<ele>0.00</ele>
			<time>2020-01-20T00:20:02.26Z</time>
		</trkpt>
		<trkpt lat="34.546977" lon="127.145523">
			<ele>0.00</ele>
			<time>2020-01-20T00:20:02.86Z</time>
		</trkpt>
		<trkpt lat="34.547067" lon="127.145540">
			<ele>0.00</ele>
			<time>2020-01-20T00:20:03.46Z</time>
		</trkpt>
		<trkpt lat="34.547154" lon="127.145580">
			<ele>0.00</ele>
			<time>2020-01-20T00:20:04.08Z</time>
		</trkpt>
		<trkpt lat="34.547223" lon="127.145654">
			<ele>0.00</ele>
			<time>2020-01-20T00:20:04.69Z</time>
		</trkpt>
		<trkpt lat="34.547274" lon="127.145747">
			<ele>0.00</ele>
			<time>2020-01-20T00:20:05.31Z</time>
		</trkpt>
		<trkpt lat="34.547333" lon="127.145847">
			<ele>0.00</ele>
			<time>2020-01-20T00:20:05.99Z</time>
		</trkpt>
		<trkpt lat="34.547390" lon="127.145962">
			<ele>0.00</ele>
			<time>2020-01-20T00:20:06.72Z</time>
		</trkpt>
		<trkpt lat="34.547436" lon="127.146048">
			<ele>0.00</ele>
			<time>2020-01-20T00:20:07.29Z</time>
		</trkpt>
		<trkpt lat="34.547480" lon="127.146140">
			<ele>0.00</ele>
			<time>2020-01-20T00:20:07.87Z</time>
		</trkpt>
		<trkpt lat="34.547522" lon="127.146236">
			<ele>0.00</ele>
			<time>2020-01-20T00:20:08.46Z</time>
		</trkpt>
		<trkpt lat="34.547573" lon="127.146342">
			<ele>0.00</ele>
			<time>2020-01-20T00:20:09.14Z</time>
		</trkpt>
		<trkpt lat="34.547618" lon="127.146453">
			<ele>0.00</ele>
			<time>2020-01-20T00:20:09.82Z</time>
		</trkpt>
		<trkpt lat="34.547663" lon="127.146558">
			<ele>0.00</ele>
			<time>2020-01-20T00:20:10.47Z</time>
		</trkpt>
		<trkpt lat="34.547710" lon="127.146661">
			<ele>0.00</ele>
			<time>2020-01-20T00:20:11.11Z</time>
		</trkpt>
		<trkpt lat="34.547749" lon="127.146759">
			<ele>0.00</ele>
			<time>2020-01-20T00:20:11.71Z</time>
		</trkpt>
		<trkpt lat="34.547796" lon="127.146863">
			<ele>0.00</ele>
			<time>2020-01-20T00:20:12.36Z</time>
		</trkpt>
		<trkpt lat="34.547841" lon="127.146959">
			<ele>0.00</ele>
			<time>2020-01-20T00:20:12.97Z</time>
		</trkpt>
		<trkpt lat="34.547893" lon="127.147070">
			<ele>0.00</ele>
			<time>2020-01-20T00:20:13.67Z</time>
		</trkpt>
		<trkpt lat="34.547891" lon="127.147068">
			<ele>0.00</ele>
			<time>2020-01-20T00:20:13.73Z</time>
		</trkpt>
		<trkpt lat="34.547816" lon="127.147127">
			<ele>0.00</ele>
			<time>2020-01-20T00:20:14.33Z</time>
		</trkpt>
		<trkpt lat="34.547735" lon="127.147186">
			<ele>0.00</ele>
			<time>2020-01-20T00:20:14.96Z</time>
		</trkpt>
		<trkpt lat="34.547653" lon="127.147252">
			<ele>0.00</ele>
			<time>2020-01-20T00:20:15.62Z</time>
		</trkpt>
		<trkpt lat="34.547568" lon="127.147313">
			<ele>0.00</ele>
			<time>2020-01-20T00:20:16.28Z</time>
		</trkpt>
		<trkpt lat="34.547459" lon="127.147379">
			<ele>0.00</ele>
			<time>2020-01-20T00:20:17.09Z</time>
		</trkpt>
		<trkpt lat="34.547370" lon="127.147449">
			<ele>0.00</ele>
			<time>2020-01-20T00:20:17.79Z</time>
		</trkpt>
		<trkpt lat="34.547283" lon="127.147514">
			<ele>0.00</ele>
			<time>2020-01-20T00:20:18.47Z</time>
		</trkpt>
		<trkpt lat="34.547202" lon="127.147584">
			<ele>0.00</ele>
			<time>2020-01-20T00:20:19.14Z</time>
		</trkpt>
		<trkpt lat="34.547147" lon="127.147659">
			<ele>0.00</ele>
			<time>2020-01-20T00:20:19.69Z</time>
		</trkpt>
		<trkpt lat="34.547190" lon="127.147760">
			<ele>0.00</ele>
			<time>2020-01-20T00:20:20.32Z</time>
		</trkpt>
		<trkpt lat="34.547257" lon="127.147875">
			<ele>0.00</ele>
			<time>2020-01-20T00:20:21.09Z</time>
		</trkpt>
		<trkpt lat="34.547319" lon="127.147977">
			<ele>0.00</ele>
			<time>2020-01-20T00:20:21.79Z</time>
		</trkpt>
		<trkpt lat="34.547373" lon="127.148077">
			<ele>0.00</ele>
			<time>2020-01-20T00:20:22.44Z</time>
		</trkpt>
		<trkpt lat="34.547426" lon="127.148167">
			<ele>0.00</ele>
			<time>2020-01-20T00:20:23.05Z</time>
		</trkpt>
		<trkpt lat="34.547477" lon="127.148271">
			<ele>0.00</ele>
			<time>2020-01-20T00:20:23.71Z</time>
		</trkpt>
		<trkpt lat="34.547530" lon="127.148367">
			<ele>0.00</ele>
			<time>2020-01-20T00:20:24.35Z</time>
		</trkpt>
		<trkpt lat="34.547578" lon="127.148468">
			<ele>0.00</ele>
			<time>2020-01-20T00:20:24.99Z</time>
		</trkpt>
		<trkpt lat="34.547629" lon="127.148564">
			<ele>0.00</ele>
			<time>2020-01-20T00:20:25.61Z</time>
		</trkpt>
		<trkpt lat="34.547686" lon="127.148667">
			<ele>0.00</ele>
			<time>2020-01-20T00:20:26.30Z</time>
		</trkpt>
		<trkpt lat="34.547735" lon="127.148771">
			<ele>0.00</ele>
			<time>2020-01-20T00:20:26.95Z</time>
		</trkpt>
		<trkpt lat="34.547790" lon="127.148881">
			<ele>0.00</ele>
			<time>2020-01-20T00:20:27.66Z</time>
		</trkpt>
		<trkpt lat="34.547840" lon="127.148998">
			<ele>0.00</ele>
			<time>2020-01-20T00:20:28.39Z</time>
		</trkpt>
		<trkpt lat="34.547899" lon="127.149123">
			<ele>0.00</ele>
			<time>2020-01-20T00:20:29.18Z</time>
		</trkpt>
		<trkpt lat="34.547954" lon="127.149237">
			<ele>0.00</ele>
			<time>2020-01-20T00:20:29.91Z</time>
		</trkpt>
		<trkpt lat="34.548017" lon="127.149352">
			<ele>0.00</ele>
			<time>2020-01-20T00:20:30.66Z</time>
		</trkpt>
		<trkpt lat="34.548082" lon="127.149476">
			<ele>0.00</ele>
			<time>2020-01-20T00:20:31.47Z</time>
		</trkpt>
		<trkpt lat="34.548141" lon="127.149593">
			<ele>0.00</ele>
			<time>2020-01-20T00:20:32.22Z</time>
		</trkpt>
		<trkpt lat="34.548205" lon="127.149724">
			<ele>0.00</ele>
			<time>2020-01-20T00:20:33.06Z</time>
		</trkpt>
		<trkpt lat="34.548274" lon="127.149856">
			<ele>0.00</ele>
			<time>2020-01-20T00:20:33.92Z</time>
		</trkpt>
		<trkpt lat="34.548344" lon="127.149990">
			<ele>0.00</ele>
			<time>2020-01-20T00:20:34.79Z</time>
		</trkpt>
		<trkpt lat="34.548409" lon="127.150119">
			<ele>0.00</ele>
			<time>2020-01-20T00:20:35.62Z</time>
		</trkpt>
		<trkpt lat="34.548474" lon="127.150259">
			<ele>0.00</ele>
			<time>2020-01-20T00:20:36.50Z</time>
		</trkpt>
		<trkpt lat="34.548535" lon="127.150386">
			<ele>0.00</ele>
			<time>2020-01-20T00:20:37.31Z</time>
		</trkpt>
		<trkpt lat="34.548594" lon="127.150510">
			<ele>0.00</ele>
			<time>2020-01-20T00:20:38.10Z</time>
		</trkpt>
		<trkpt lat="34.548659" lon="127.150640">
			<ele>0.00</ele>
			<time>2020-01-20T00:20:38.93Z</time>
		</trkpt>
		<trkpt lat="34.548714" lon="127.150752">
			<ele>0.00</ele>
			<time>2020-01-20T00:20:39.65Z</time>
		</trkpt>
		<trkpt lat="34.548771" lon="127.150865">
			<ele>0.00</ele>
			<time>2020-01-20T00:20:40.37Z</time>
		</trkpt>
		<trkpt lat="34.548822" lon="127.150977">
			<ele>0.00</ele>
			<time>2020-01-20T00:20:41.08Z</time>
		</trkpt>
		<trkpt lat="34.548884" lon="127.151095">
			<ele>0.00</ele>
			<time>2020-01-20T00:20:41.84Z</time>
		</trkpt>
		<trkpt lat="34.548949" lon="127.151219">
			<ele>0.00</ele>
			<time>2020-01-20T00:20:42.65Z</time>
		</trkpt>
		<trkpt lat="34.549002" lon="127.151335">
			<ele>0.00</ele>
			<time>2020-01-20T00:20:43.38Z</time>
		</trkpt>
		<trkpt lat="34.549067" lon="127.151456">
			<ele>0.00</ele>
			<time>2020-01-20T00:20:44.17Z</time>
		</trkpt>
		<trkpt lat="34.549122" lon="127.151571">
			<ele>0.00</ele>
			<time>2020-01-20T00:20:44.90Z</time>
		</trkpt>
		<trkpt lat="34.549189" lon="127.151690">
			<ele>0.00</ele>
			<time>2020-01-20T00:20:45.70Z</time>
		</trkpt>
		<trkpt lat="34.549251" lon="127.151824">
			<ele>0.00</ele>
			<time>2020-01-20T00:20:46.54Z</time>
		</trkpt>
		<trkpt lat="34.549324" lon="127.151964">
			<ele>0.00</ele>
			<time>2020-01-20T00:20:47.45Z</time>
		</trkpt>
		<trkpt lat="34.549385" lon="127.152100">
			<ele>0.00</ele>
			<time>2020-01-20T00:20:48.30Z</time>
		</trkpt>
		<trkpt lat="34.549449" lon="127.152233">
			<ele>0.00</ele>
			<time>2020-01-20T00:20:49.14Z</time>
		</trkpt>
		<trkpt lat="34.549506" lon="127.152356">
			<ele>0.00</ele>
			<time>2020-01-20T00:20:49.92Z</time>
		</trkpt>
		<trkpt lat="34.549552" lon="127.152440">
			<ele>0.00</ele>
			<time>2020-01-20T00:20:50.47Z</time>
		</trkpt>
		<trkpt lat="34.549595" lon="127.152528">
			<ele>0.00</ele>
			<time>2020-01-20T00:20:51.03Z</time>
		</trkpt>
		<trkpt lat="34.549683" lon="127.152464">
			<ele>0.00</ele>
			<time>2020-01-20T00:20:51.72Z</time>
		</trkpt>
		<trkpt lat="34.549764" lon="127.152406">
			<ele>0.00</ele>
			<time>2020-01-20T00:20:52.34Z</time>
		</trkpt>
		<trkpt lat="34.549842" lon="127.152351">
			<ele>0.00</ele>
			<time>2020-01-20T00:20:52.95Z</time>
		</trkpt>
		<trkpt lat="34.549917" lon="127.152297">
			<ele>0.00</ele>
			<time>2020-01-20T00:20:53.53Z</time>
		</trkpt>
		<trkpt lat="34.549990" lon="127.152242">
			<ele>0.00</ele>
			<time>2020-01-20T00:20:54.10Z</time>
		</trkpt>
		<trkpt lat="34.550070" lon="127.152188">
			<ele>0.00</ele>
			<time>2020-01-20T00:20:54.72Z</time>
		</trkpt>
		<trkpt lat="34.550149" lon="127.152136">
			<ele>0.00</ele>
			<time>2020-01-20T00:20:55.31Z</time>
		</trkpt>
		<trkpt lat="34.550228" lon="127.152079">
			<ele>0.00</ele>
			<time>2020-01-20T00:20:55.93Z</time>
		</trkpt>
		<trkpt lat="34.550308" lon="127.152019">
			<ele>0.00</ele>
			<time>2020-01-20T00:20:56.55Z</time>
		</trkpt>
		<trkpt lat="34.550391" lon="127.151961">
			<ele>0.00</ele>
			<time>2020-01-20T00:20:57.19Z</time>
		</trkpt>
		<trkpt lat="34.550468" lon="127.151907">
			<ele>0.00</ele>
			<time>2020-01-20T00:20:57.78Z</time>
		</trkpt>
		<trkpt lat="34.550560" lon="127.151866">
			<ele>0.00</ele>
			<time>2020-01-20T00:20:58.44Z</time>
		</trkpt>
		<trkpt lat="34.550658" lon="127.151851">
			<ele>0.00</ele>
			<time>2020-01-20T00:20:59.09Z</time>
		</trkpt>
		<trkpt lat="34.550752" lon="127.151850">
			<ele>0.00</ele>
			<time>2020-01-20T00:20:59.72Z</time>
		</trkpt>
		<trkpt lat="34.550849" lon="127.151853">
			<ele>0.00</ele>
			<time>2020-01-20T00:21:00.37Z</time>
		</trkpt>
		<trkpt lat="34.550947" lon="127.151871">
			<ele>0.00</ele>
			<time>2020-01-20T00:21:01.03Z</time>
		</trkpt>
		<trkpt lat="34.551034" lon="127.151865">
			<ele>0.00</ele>
			<time>2020-01-20T00:21:01.61Z</time>
		</trkpt>
		<trkpt lat="34.551108" lon="127.151804">
			<ele>0.00</ele>
			<time>2020-01-20T00:21:02.21Z</time>
		</trkpt>
		<trkpt lat="34.551049" lon="127.151720">
			<ele>0.00</ele>
			<time>2020-01-20T00:21:02.81Z</time>
		</trkpt>
		<trkpt lat="34.550992" lon="127.151640">
			<ele>0.00</ele>
			<time>2020-01-20T00:21:03.39Z</time>
		</trkpt>
		<trkpt lat="34.550939" lon="127.151550">
			<ele>0.00</ele>
			<time>2020-01-20T00:21:04Z</time>
		</trkpt>
		<trkpt lat="34.550890" lon="127.151443">
			<ele>0.00</ele>
			<time>2020-01-20T00:21:04.67Z</time>
		</trkpt>
		<trkpt lat="34.550989" lon="127.151455">
			<ele>0.00</ele>
			<time>2020-01-20T00:21:05.33Z</time>
		</trkpt>
		<trkpt lat="34.551085" lon="127.151475">
			<ele>0.00</ele>
			<time>2020-01-20T00:21:05.98Z</time>
		</trkpt>
		<trkpt lat="34.551180" lon="127.151498">
			<ele>0.00</ele>
			<time>2020-01-20T00:21:06.63Z</time>
		</trkpt>
		<trkpt lat="34.551282" lon="127.151535">
			<ele>0.00</ele>
			<time>2020-01-20T00:21:07.34Z</time>
		</trkpt>
		<trkpt lat="34.551400" lon="127.151558">
			<ele>0.00</ele>
			<time>2020-01-20T00:21:08.14Z</time>
		</trkpt>
		<trkpt lat="34.551517" lon="127.151578">
			<ele>0.00</ele>
			<time>2020-01-20T00:21:08.92Z</time>
		</trkpt>
		<trkpt lat="34.551645" lon="127.151606">
			<ele>0.00</ele>
			<time>2020-01-20T00:21:09.79Z</time>
		</trkpt>
		<trkpt lat="34.551763" lon="127.151617">
			<ele>0.00</ele>
			<time>2020-01-20T00:21:10.58Z</time>
		</trkpt>
		<trkpt lat="34.551866" lon="127.151643">
			<ele>0.00</ele>
			<time>2020-01-20T00:21:11.28Z</time>
		</trkpt>
		<trkpt lat="34.551975" lon="127.151675">
			<ele>0.00</ele>
			<time>2020-01-20T00:21:12.03Z</time>
		</trkpt>
		<trkpt lat="34.552067" lon="127.151741">
			<ele>0.00</ele>
			<time>2020-01-20T00:21:12.74Z</time>
		</trkpt>
		<trkpt lat="34.552131" lon="127.151864">
			<ele>0.00</ele>
			<time>2020-01-20T00:21:13.54Z</time>
		</trkpt>
		<trkpt lat="34.552232" lon="127.151912">
			<ele>0.00</ele>
			<time>2020-01-20T00:21:14.26Z</time>
		</trkpt>
		<trkpt lat="34.552333" lon="127.151941">
			<ele>0.00</ele>
			<time>2020-01-20T00:21:14.95Z</time>
		</trkpt>
		<trkpt lat="34.552420" lon="127.151925">
			<ele>0.00</ele>
			<time>2020-01-20T00:21:15.54Z</time>
		</trkpt>
		<trkpt lat="34.552515" lon="127.151891">
			<ele>0.00</ele>
			<time>2020-01-20T00:21:16.20Z</time>
		</trkpt>
		<trkpt lat="34.552625" lon="127.151867">
			<ele>0.00</ele>
			<time>2020-01-20T00:21:16.94Z</time>
		</trkpt>
		<trkpt lat="34.552728" lon="127.151841">
			<ele>0.00</ele>
			<time>2020-01-20T00:21:17.64Z</time>
		</trkpt>
		<trkpt lat="34.552828" lon="127.151803">
			<ele>0.00</ele>
			<time>2020-01-20T00:21:18.34Z</time>
		</trkpt>
		<trkpt lat="34.552934" lon="127.151765">
			<ele>0.00</ele>
			<time>2020-01-20T00:21:19.08Z</time>
		</trkpt>
		<trkpt lat="34.553026" lon="127.151723">
			<ele>0.00</ele>
			<time>2020-01-20T00:21:19.74Z</time>
		</trkpt>
		<trkpt lat="34.553112" lon="127.151650">
			<ele>0.00</ele>
			<time>2020-01-20T00:21:20.44Z</time>
		</trkpt>
		<trkpt lat="34.553220" lon="127.151583">
			<ele>0.00</ele>
			<time>2020-01-20T00:21:21.25Z</time>
		</trkpt>
		<trkpt lat="34.553311" lon="127.151536">
			<ele>0.00</ele>
			<time>2020-01-20T00:21:21.90Z</time>
		</trkpt>
		<trkpt lat="34.553384" lon="127.151492">
			<ele>0.00</ele>
			<time>2020-01-20T00:21:22.45Z</time>
		</trkpt>
		<trkpt lat="34.553472" lon="127.151441">
			<ele>0.00</ele>
			<time>2020-01-20T00:21:23.09Z</time>
		</trkpt>
		<trkpt lat="34.553568" lon="127.151369">
			<ele>0.00</ele>
			<time>2020-01-20T00:21:23.85Z</time>
		</trkpt>
		<trkpt lat="34.553645" lon="127.151308">
			<ele>0.00</ele>
			<time>2020-01-20T00:21:24.46Z</time>
		</trkpt>
		<trkpt lat="34.553723" lon="127.151222">
			<ele>0.00</ele>
			<time>2020-01-20T00:21:25.17Z</time>
		</trkpt>
		<trkpt lat="34.553789" lon="127.151130">
			<ele>0.00</ele>
			<time>2020-01-20T00:21:25.84Z</time>
		</trkpt>
		<trkpt lat="34.553860" lon="127.151044">
			<ele>0.00</ele>
			<time>2020-01-20T00:21:26.50Z</time>
		</trkpt>
		<trkpt lat="34.553921" lon="127.150965">
			<ele>0.00</ele>
			<time>2020-01-20T00:21:27.09Z</time>
		</trkpt>
		<trkpt lat="34.553994" lon="127.150874">
			<ele>0.00</ele>
			<time>2020-01-20T00:21:27.79Z</time>
		</trkpt>
		<trkpt lat="34.554067" lon="127.150789">
			<ele>0.00</ele>
			<time>2020-01-20T00:21:28.47Z</time>
		</trkpt>
		<trkpt lat="34.554148" lon="127.150696">
			<ele>0.00</ele>
			<time>2020-01-20T00:21:29.21Z</time>
		</trkpt>
		<trkpt lat="34.554217" lon="127.150621">
			<ele>0.00</ele>
			<time>2020-01-20T00:21:29.83Z</time>
		</trkpt>
		<trkpt lat="34.554290" lon="127.150542">
			<ele>0.00</ele>
			<time>2020-01-20T00:21:30.48Z</time>
		</trkpt>
		<trkpt lat="34.554364" lon="127.150459">
			<ele>0.00</ele>
			<time>2020-01-20T00:21:31.15Z</time>
		</trkpt>
		<trkpt lat="34.554444" lon="127.150376">
			<ele>0.00</ele>
			<time>2020-01-20T00:21:31.85Z</time>
		</trkpt>
		<trkpt lat="34.554528" lon="127.150300">
			<ele>0.00</ele>
			<time>2020-01-20T00:21:32.56Z</time>
		</trkpt>
		<trkpt lat="34.554611" lon="127.150235">
			<ele>0.00</ele>
			<time>2020-01-20T00:21:33.21Z</time>
		</trkpt>
		<trkpt lat="34.554712" lon="127.150181">
			<ele>0.00</ele>
			<time>2020-01-20T00:21:33.95Z</time>
		</trkpt>
		<trkpt lat="34.554814" lon="127.150144">
			<ele>0.00</ele>
			<time>2020-01-20T00:21:34.66Z</time>
		</trkpt>
		<trkpt lat="34.554910" lon="127.150097">
			<ele>0.00</ele>
			<time>2020-01-20T00:21:35.35Z</time>
		</trkpt>
		<trkpt lat="34.555003" lon="127.150064">
			<ele>0.00</ele>
			<time>2020-01-20T00:21:35.99Z</time>
		</trkpt>
		<trkpt lat="34.555082" lon="127.150031">
			<ele>0.00</ele>
			<time>2020-01-20T00:21:36.55Z</time>
		</trkpt>
		<trkpt lat="34.555165" lon="127.149996">
			<ele>0.00</ele>
			<time>2020-01-20T00:21:37.14Z</time>
		</trkpt>
		<trkpt lat="34.555246" lon="127.149964">
			<ele>0.00</ele>
			<time>2020-01-20T00:21:37.70Z</time>
		</trkpt>
		<trkpt lat="34.555326" lon="127.149935">
			<ele>0.00</ele>
			<time>2020-01-20T00:21:38.26Z</time>
		</trkpt>
		<trkpt lat="34.555402" lon="127.149905">
			<ele>0.00</ele>
			<time>2020-01-20T00:21:38.80Z</time>
		</trkpt>
		<trkpt lat="34.555481" lon="127.149868">
			<ele>0.00</ele>
			<time>2020-01-20T00:21:39.36Z</time>
		</trkpt>
		<trkpt lat="34.555563" lon="127.149835">
			<ele>0.00</ele>
			<time>2020-01-20T00:21:39.94Z</time>
		</trkpt>
		<trkpt lat="34.555640" lon="127.149807">
			<ele>0.00</ele>
			<time>2020-01-20T00:21:40.47Z</time>
		</trkpt>
		<trkpt lat="34.555715" lon="127.149775">
			<ele>0.00</ele>
			<time>2020-01-20T00:21:41Z</time>
		</trkpt>
		<trkpt lat="34.555779" lon="127.149750">
			<ele>0.00</ele>
			<time>2020-01-20T00:21:41.45Z</time>
		</trkpt>
		<trkpt lat="34.555866" lon="127.149717">
			<ele>0.00</ele>
			<time>2020-01-20T00:21:42.05Z</time>
		</trkpt>
		<trkpt lat="34.555953" lon="127.149689">
			<ele>0.00</ele>
			<time>2020-01-20T00:21:42.65Z</time>
		</trkpt>
		<trkpt lat="34.556035" lon="127.149651">
			<ele>0.00</ele>
			<time>2020-01-20T00:21:43.24Z</time>
		</trkpt>
		<trkpt lat="34.556113" lon="127.149620">
			<ele>0.00</ele>
			<time>2020-01-20T00:21:43.79Z</time>
		</trkpt>
		<trkpt lat="34.556195" lon="127.149591">
			<ele>0.00</ele>
			<time>2020-01-20T00:21:44.35Z</time>
		</trkpt>
		<trkpt lat="34.556283" lon="127.149558">
			<ele>0.00</ele>
			<time>2020-01-20T00:21:44.97Z</time>
		</trkpt>
		<trkpt lat="34.556366" lon="127.149521">
			<ele>0.00</ele>
			<time>2020-01-20T00:21:45.56Z</time>
		</trkpt>
		<trkpt lat="34.556446" lon="127.149490">
			<ele>0.00</ele>
			<time>2020-01-20T00:21:46.12Z</time>
		</trkpt>
		<trkpt lat="34.556528" lon="127.149460">
			<ele>0.00</ele>
			<time>2020-01-20T00:21:46.69Z</time>
		</trkpt>
		<trkpt lat="34.556605" lon="127.149429">
			<ele>0.00</ele>
			<time>2020-01-20T00:21:47.23Z</time>
		</trkpt>
		<trkpt lat="34.556686" lon="127.149400">
			<ele>0.00</ele>
			<time>2020-01-20T00:21:47.80Z</time>
		</trkpt>
		<trkpt lat="34.556761" lon="127.149368">
			<ele>0.00</ele>
			<time>2020-01-20T00:21:48.32Z</time>
		</trkpt>
		<trkpt lat="34.556833" lon="127.149337">
			<ele>0.00</ele>
			<time>2020-01-20T00:21:48.84Z</time>
		</trkpt>
		<trkpt lat="34.556910" lon="127.149306">
			<ele>0.00</ele>
			<time>2020-01-20T00:21:49.37Z</time>
		</trkpt>
		<trkpt lat="34.556983" lon="127.149279">
			<ele>0.00</ele>
			<time>2020-01-20T00:21:49.89Z</time>
		</trkpt>
		<trkpt lat="34.557071" lon="127.149246">
			<ele>0.00</ele>
			<time>2020-01-20T00:21:50.50Z</time>
		</trkpt>
		<trkpt lat="34.557148" lon="127.149215">
			<ele>0.00</ele>
			<time>2020-01-20T00:21:51.04Z</time>
		</trkpt>
		<trkpt lat="34.557229" lon="127.149184">
			<ele>0.00</ele>
			<time>2020-01-20T00:21:51.61Z</time>
		</trkpt>
		<trkpt lat="34.557311" lon="127.149151">
			<ele>0.00</ele>
			<time>2020-01-20T00:21:52.18Z</time>
		</trkpt>
		<trkpt lat="34.557389" lon="127.149122">
			<ele>0.00</ele>
			<time>2020-01-20T00:21:52.72Z</time>
		</trkpt>
		<trkpt lat="34.557462" lon="127.149096">
			<ele>0.00</ele>
			<time>2020-01-20T00:21:53.23Z</time>
		</trkpt>
		<trkpt lat="34.557529" lon="127.149071">
			<ele>0.00</ele>
			<time>2020-01-20T00:21:53.70Z</time>
		</trkpt>
		<trkpt lat="34.557593" lon="127.149040">
			<ele>0.00</ele>
			<time>2020-01-20T00:21:54.16Z</time>
		</trkpt>
		<trkpt lat="34.557667" lon="127.149016">
			<ele>0.00</ele>
			<time>2020-01-20T00:21:54.67Z</time>
		</trkpt>
		<trkpt lat="34.557742" lon="127.148989">
			<ele>0.00</ele>
			<time>2020-01-20T00:21:55.19Z</time>
		</trkpt>
		<trkpt lat="34.557824" lon="127.148958">
			<ele>0.00</ele>
			<time>2020-01-20T00:21:55.76Z</time>
		</trkpt>
		<trkpt lat="34.557902" lon="127.148933">
			<ele>0.00</ele>
			<time>2020-01-20T00:21:56.30Z</time>
		</trkpt>
		<trkpt lat="34.557980" lon="127.148905">
			<ele>0.00</ele>
			<time>2020-01-20T00:21:56.84Z</time>
		</trkpt>
		<trkpt lat="34.558056" lon="127.148876">
			<ele>0.00</ele>
			<time>2020-01-20T00:21:57.38Z</time>
		</trkpt>
		<trkpt lat="34.558134" lon="127.148838">
			<ele>0.00</ele>
			<time>2020-01-20T00:21:57.94Z</time>
		</trkpt>
		<trkpt lat="34.558221" lon="127.148804">
			<ele>0.00</ele>
			<time>2020-01-20T00:21:58.54Z</time>
		</trkpt>
		<trkpt lat="34.558294" lon="127.148774">
			<ele>0.00</ele>
			<time>2020-01-20T00:21:59.06Z</time>
		</trkpt>
		<trkpt lat="34.558363" lon="127.148745">
			<ele>0.00</ele>
			<time>2020-01-20T00:21:59.54Z</time>
		</trkpt>
		<trkpt lat="34.558439" lon="127.148719">
			<ele>0.00</ele>
			<time>2020-01-20T00:22:00.07Z</time>
		</trkpt>
		<trkpt lat="34.558533" lon="127.148680">
			<ele>0.00</ele>
			<time>2020-01-20T00:22:00.73Z</time>
		</trkpt>
		<trkpt lat="34.558622" lon="127.148642">
			<ele>0.00</ele>
			<time>2020-01-20T00:22:01.36Z</time>
		</trkpt>
		<trkpt lat="34.558717" lon="127.148613">
			<ele>0.00</ele>
			<time>2020-01-20T00:22:02.02Z</time>
		</trkpt>
		<trkpt lat="34.558793" lon="127.148573">
			<ele>0.00</ele>
			<time>2020-01-20T00:22:02.57Z</time>
		</trkpt>
		<trkpt lat="34.558870" lon="127.148543">
			<ele>0.00</ele>
			<time>2020-01-20T00:22:03.11Z</time>
		</trkpt>
		<trkpt lat="34.558963" lon="127.148533">
			<ele>0.00</ele>
			<time>2020-01-20T00:22:03.73Z</time>
		</trkpt>
		<trkpt lat="34.559054" lon="127.148513">
			<ele>0.00</ele>
			<time>2020-01-20T00:22:04.34Z</time>
		</trkpt>
		<trkpt lat="34.559145" lon="127.148499">
			<ele>0.00</ele>
			<time>2020-01-20T00:22:04.95Z</time>
		</trkpt>
		<trkpt lat="34.559237" lon="127.148452">
			<ele>0.00</ele>
			<time>2020-01-20T00:22:05.62Z</time>
		</trkpt>
		<trkpt lat="34.559310" lon="127.148409">
			<ele>0.00</ele>
			<time>2020-01-20T00:22:06.16Z</time>
		</trkpt>
		<trkpt lat="34.559378" lon="127.148358">
			<ele>0.00</ele>
			<time>2020-01-20T00:22:06.70Z</time>
		</trkpt>
		<trkpt lat="34.559455" lon="127.148321">
			<ele>0.00</ele>
			<time>2020-01-20T00:22:07.25Z</time>
		</trkpt>
		<trkpt lat="34.559540" lon="127.148287">
			<ele>0.00</ele>
			<time>2020-01-20T00:22:07.84Z</time>
		</trkpt>
		<trkpt lat="34.559625" lon="127.148255">
			<ele>0.00</ele>
			<time>2020-01-20T00:22:08.44Z</time>
		</trkpt>
		<trkpt lat="34.559705" lon="127.148225">
			<ele>0.00</ele>
			<time>2020-01-20T00:22:09Z</time>
		</trkpt>
		<trkpt lat="34.559778" lon="127.148189">
			<ele>0.00</ele>
			<time>2020-01-20T00:22:09.52Z</time>
		</trkpt>
		<trkpt lat="34.559850" lon="127.148168">
			<ele>0.00</ele>
			<time>2020-01-20T00:22:10.02Z</time>
		</trkpt>
		<trkpt lat="34.559934" lon="127.148130">
			<ele>0.00</ele>
			<time>2020-01-20T00:22:10.61Z</time>
		</trkpt>
		<trkpt lat="34.560023" lon="127.148092">
			<ele>0.00</ele>
			<time>2020-01-20T00:22:11.24Z</time>
		</trkpt>
		<trkpt lat="34.560102" lon="127.148060">
			<ele>0.00</ele>
			<time>2020-01-20T00:22:11.80Z</time>
		</trkpt>
		<trkpt lat="34.560185" lon="127.148033">
			<ele>0.00</ele>
			<time>2020-01-20T00:22:12.37Z</time>
		</trkpt>
		<trkpt lat="34.560246" lon="127.148008">
			<ele>0.00</ele>
			<time>2020-01-20T00:22:12.80Z</time>
		</trkpt>
		<trkpt lat="34.560271" lon="127.148123">
			<ele>0.00</ele>
			<time>2020-01-20T00:22:13.45Z</time>
		</trkpt>
		<trkpt lat="34.560304" lon="127.148259">
			<ele>0.00</ele>
			<time>2020-01-20T00:22:14.23Z</time>
		</trkpt>
		<trkpt lat="34.560345" lon="127.148400">
			<ele>0.00</ele>
			<time>2020-01-20T00:22:15.05Z</time>
		</trkpt>
		<trkpt lat="34.560381" lon="127.148529">
			<ele>0.00</ele>
			<time>2020-01-20T00:22:15.80Z</time>
		</trkpt>
		<trkpt lat="34.560408" lon="127.148632">
			<ele>0.00</ele>
			<time>2020-01-20T00:22:16.39Z</time>
		</trkpt>
		<trkpt lat="34.560450" lon="127.148760">
			<ele>0.00</ele>
			<time>2020-01-20T00:22:17.15Z</time>
		</trkpt>
		<trkpt lat="34.560482" lon="127.148882">
			<ele>0.00</ele>
			<time>2020-01-20T00:22:17.85Z</time>
		</trkpt>
		<trkpt lat="34.560519" lon="127.149019">
			<ele>0.00</ele>
			<time>2020-01-20T00:22:18.64Z</time>
		</trkpt>
		<trkpt lat="34.560553" lon="127.149146">
			<ele>0.00</ele>
			<time>2020-01-20T00:22:19.38Z</time>
		</trkpt>
		<trkpt lat="34.560591" lon="127.149282">
			<ele>0.00</ele>
			<time>2020-01-20T00:22:20.16Z</time>
		</trkpt>
		<trkpt lat="34.560630" lon="127.149420">
			<ele>0.00</ele>
			<time>2020-01-20T00:22:20.97Z</time>
		</trkpt>
		<trkpt lat="34.560665" lon="127.149551">
			<ele>0.00</ele>
			<time>2020-01-20T00:22:21.72Z</time>
		</trkpt>
		<trkpt lat="34.560702" lon="127.149684">
			<ele>0.00</ele>
			<time>2020-01-20T00:22:22.50Z</time>
		</trkpt>
		<trkpt lat="34.560738" lon="127.149802">
			<ele>0.00</ele>
			<time>2020-01-20T00:22:23.18Z</time>
		</trkpt>
		<trkpt lat="34.560781" lon="127.149951">
			<ele>0.00</ele>
			<time>2020-01-20T00:22:24.05Z</time>
		</trkpt>
		<trkpt lat="34.560815" lon="127.150075">
			<ele>0.00</ele>
			<time>2020-01-20T00:22:24.77Z</time>
		</trkpt>
		<trkpt lat="34.560855" lon="127.150200">
			<ele>0.00</ele>
			<time>2020-01-20T00:22:25.51Z</time>
		</trkpt>
		<trkpt lat="34.560895" lon="127.150345">
			<ele>0.00</ele>
			<time>2020-01-20T00:22:26.34Z</time>
		</trkpt>
		<trkpt lat="34.560930" lon="127.150477">
			<ele>0.00</ele>
			<time>2020-01-20T00:22:27.11Z</time>
		</trkpt>
		<trkpt lat="34.560964" lon="127.150602">
			<ele>0.00</ele>
			<time>2020-01-20T00:22:27.83Z</time>
		</trkpt>
		<trkpt lat="34.560999" lon="127.150737">
			<ele>0.00</ele>
			<time>2020-01-20T00:22:28.61Z</time>
		</trkpt>
		<trkpt lat="34.561034" lon="127.150875">
			<ele>0.00</ele>
			<time>2020-01-20T00:22:29.40Z</time>
		</trkpt>
		<trkpt lat="34.561068" lon="127.151002">
			<ele>0.00</ele>
			<time>2020-01-20T00:22:30.13Z</time>
		</trkpt>
		<trkpt lat="34.561102" lon="127.151136">
			<ele>0.00</ele>
			<time>2020-01-20T00:22:30.90Z</time>
		</trkpt>
		<trkpt lat="34.561135" lon="127.151249">
			<ele>0.00</ele>
			<time>2020-01-20T00:22:31.56Z</time>
		</trkpt>
		<trkpt lat="34.561158" lon="127.151377">
			<ele>0.00</ele>
			<time>2020-01-20T00:22:32.28Z</time>
		</trkpt>
		<trkpt lat="34.561185" lon="127.151492">
			<ele>0.00</ele>
			<time>2020-01-20T00:22:32.94Z</time>
		</trkpt>
		<trkpt lat="34.561216" lon="127.151585">
			<ele>0.00</ele>
			<time>2020-01-20T00:22:33.49Z</time>
		</trkpt>
		<trkpt lat="34.561237" lon="127.151677">
			<ele>0.00</ele>
			<time>2020-01-20T00:22:34.01Z</time>
		</trkpt>
		<trkpt lat="34.561261" lon="127.151778">
			<ele>0.00</ele>
			<time>2020-01-20T00:22:34.59Z</time>
		</trkpt>
		<trkpt lat="34.561292" lon="127.151887">
			<ele>0.00</ele>
			<time>2020-01-20T00:22:35.22Z</time>
		</trkpt>
		<trkpt lat="34.561328" lon="127.151979">
			<ele>0.00</ele>
			<time>2020-01-20T00:22:35.78Z</time>
		</trkpt>
		<trkpt lat="34.561369" lon="127.151982">
			<ele>0.00</ele>
			<time>2020-01-20T00:22:36.05Z</time>
		</trkpt>
		<trkpt lat="34.561449" lon="127.151981">
			<ele>0.00</ele>
			<time>2020-01-20T00:22:36.59Z</time>
		</trkpt>
		<trkpt lat="34.561450" lon="127.152076">
			<ele>0.00</ele>
			<time>2020-01-20T00:22:37.11Z</time>
		</trkpt>
		<trkpt lat="34.561449" lon="127.152166">
			<ele>0.00</ele>
			<time>2020-01-20T00:22:37.61Z</time>
		</trkpt>
		<trkpt lat="34.561455" lon="127.152258">
			<ele>0.00</ele>
			<time>2020-01-20T00:22:38.11Z</time>
		</trkpt>
		<trkpt lat="34.561461" lon="127.152372">
			<ele>0.00</ele>
			<time>2020-01-20T00:22:38.74Z</time>
		</trkpt>
		<trkpt lat="34.561472" lon="127.152469">
			<ele>0.00</ele>
			<time>2020-01-20T00:22:39.28Z</time>
		</trkpt>
		<trkpt lat="34.561489" lon="127.152582">
			<ele>0.00</ele>
			<time>2020-01-20T00:22:39.91Z</time>
		</trkpt>
		<trkpt lat="34.561498" lon="127.152670">
			<ele>0.00</ele>
			<time>2020-01-20T00:22:40.39Z</time>
		</trkpt>
		<trkpt lat="34.561508" lon="127.152789">
			<ele>0.00</ele>
			<time>2020-01-20T00:22:41.05Z</time>
		</trkpt>
		<trkpt lat="34.561516" lon="127.152913">
			<ele>0.00</ele>
			<time>2020-01-20T00:22:41.73Z</time>
		</trkpt>
		<trkpt lat="34.561529" lon="127.153029">
			<ele>0.00</ele>
			<time>2020-01-20T00:22:42.38Z</time>
		</trkpt>
		<trkpt lat="34.561537" lon="127.153151">
			<ele>0.00</ele>
			<time>2020-01-20T00:22:43.05Z</time>
		</trkpt>
		<trkpt lat="34.561552" lon="127.153274">
			<ele>0.00</ele>
			<time>2020-01-20T00:22:43.73Z</time>
		</trkpt>
		<trkpt lat="34.561560" lon="127.153389">
			<ele>0.00</ele>
			<time>2020-01-20T00:22:44.37Z</time>
		</trkpt>
		<trkpt lat="34.561573" lon="127.153490">
			<ele>0.00</ele>
			<time>2020-01-20T00:22:44.92Z</time>
		</trkpt>
		<trkpt lat="34.561586" lon="127.153586">
			<ele>0.00</ele>
			<time>2020-01-20T00:22:45.46Z</time>
		</trkpt>
		<trkpt lat="34.561596" lon="127.153674">
			<ele>0.00</ele>
			<time>2020-01-20T00:22:45.95Z</time>
		</trkpt>
		<trkpt lat="34.561604" lon="127.153785">
			<ele>0.00</ele>
			<time>2020-01-20T00:22:46.56Z</time>
		</trkpt>
		<trkpt lat="34.561615" lon="127.153898">
			<ele>0.00</ele>
			<time>2020-01-20T00:22:47.18Z</time>
		</trkpt>
		<trkpt lat="34.561630" lon="127.154028">
			<ele>0.00</ele>
			<time>2020-01-20T00:22:47.91Z</time>
		</trkpt>
		<trkpt lat="34.561646" lon="127.154156">
			<ele>0.00</ele>
			<time>2020-01-20T00:22:48.61Z</time>
		</trkpt>
		<trkpt lat="34.561658" lon="127.154286">
			<ele>0.00</ele>
			<time>2020-01-20T00:22:49.33Z</time>
		</trkpt>
		<trkpt lat="34.561667" lon="127.154393">
			<ele>0.00</ele>
			<time>2020-01-20T00:22:49.93Z</time>
		</trkpt>
		<trkpt lat="34.561676" lon="127.154536">
			<ele>0.00</ele>
			<time>2020-01-20T00:22:50.71Z</time>
		</trkpt>
		<trkpt lat="34.561675" lon="127.154659">
			<ele>0.00</ele>
			<time>2020-01-20T00:22:51.39Z</time>
		</trkpt>
		<trkpt lat="34.561675" lon="127.154757">
			<ele>0.00</ele>
			<time>2020-01-20T00:22:51.92Z</time>
		</trkpt>
		<trkpt lat="34.561684" lon="127.154866">
			<ele>0.00</ele>
			<time>2020-01-20T00:22:52.52Z</time>
		</trkpt>
		<trkpt lat="34.561680" lon="127.154971">
			<ele>0.00</ele>
			<time>2020-01-20T00:22:53.10Z</time>
		</trkpt>
		<trkpt lat="34.561672" lon="127.155061">
			<ele>0.00</ele>
			<time>2020-01-20T00:22:53.60Z</time>
		</trkpt>
		<trkpt lat="34.561657" lon="127.155142">
			<ele>0.00</ele>
			<time>2020-01-20T00:22:54.06Z</time>
		</trkpt>
		<trkpt lat="34.561615" lon="127.155253">
			<ele>0.00</ele>
			<time>2020-01-20T00:22:54.72Z</time>
		</trkpt>
		<trkpt lat="34.561580" lon="127.155356">
			<ele>0.00</ele>
			<time>2020-01-20T00:22:55.34Z</time>
		</trkpt>
		<trkpt lat="34.561553" lon="127.155436">
			<ele>0.00</ele>
			<time>2020-01-20T00:22:55.81Z</time>
		</trkpt>
		<trkpt lat="34.561518" lon="127.155529">
			<ele>0.00</ele>
			<time>2020-01-20T00:22:56.37Z</time>
		</trkpt>
		<trkpt lat="34.561485" lon="127.155632">
			<ele>0.00</ele>
			<time>2020-01-20T00:22:56.98Z</time>
		</trkpt>
		<trkpt lat="34.561451" lon="127.155723">
			<ele>0.00</ele>
			<time>2020-01-20T00:22:57.52Z</time>
		</trkpt>
		<trkpt lat="34.561419" lon="127.155810">
			<ele>0.00</ele>
			<time>2020-01-20T00:22:58.05Z</time>
		</trkpt>
		<trkpt lat="34.561386" lon="127.155906">
			<ele>0.00</ele>
			<time>2020-01-20T00:22:58.62Z</time>
		</trkpt>
		<trkpt lat="34.561347" lon="127.155994">
			<ele>0.00</ele>
			<time>2020-01-20T00:22:59.17Z</time>
		</trkpt>
		<trkpt lat="34.561313" lon="127.156087">
			<ele>0.00</ele>
			<time>2020-01-20T00:22:59.73Z</time>
		</trkpt>
		<trkpt lat="34.561284" lon="127.156176">
			<ele>0.00</ele>
			<time>2020-01-20T00:23:00.26Z</time>
		</trkpt>
		<trkpt lat="34.561251" lon="127.156273">
			<ele>0.00</ele>
			<time>2020-01-20T00:23:00.83Z</time>
		</trkpt>
		<trkpt lat="34.561208" lon="127.156390">
			<ele>0.00</ele>
			<time>2020-01-20T00:23:01.54Z</time>
		</trkpt>
		<trkpt lat="34.561169" lon="127.156508">
			<ele>0.00</ele>
			<time>2020-01-20T00:23:02.23Z</time>
		</trkpt>
		<trkpt lat="34.561135" lon="127.156648">
			<ele>0.00</ele>
			<time>2020-01-20T00:23:03.04Z</time>
		</trkpt>
		<trkpt lat="34.561092" lon="127.156810">
			<ele>0.00</ele>
			<time>2020-01-20T00:23:03.97Z</time>
		</trkpt>
		<trkpt lat="34.561060" lon="127.156928">
			<ele>0.00</ele>
			<time>2020-01-20T00:23:04.65Z</time>
		</trkpt>
		<trkpt lat="34.561032" lon="127.157102">
			<ele>0.00</ele>
			<time>2020-01-20T00:23:05.63Z</time>
		</trkpt>
		<trkpt lat="34.560994" lon="127.157265">
			<ele>0.00</ele>
			<time>2020-01-20T00:23:06.56Z</time>
		</trkpt>
		<trkpt lat="34.560967" lon="127.157414">
			<ele>0.00</ele>
			<time>2020-01-20T00:23:07.39Z</time>
		</trkpt>
		<trkpt lat="34.560940" lon="127.157564">
			<ele>0.00</ele>
			<time>2020-01-20T00:23:08.24Z</time>
		</trkpt>
		<trkpt lat="34.560915" lon="127.157679">
			<ele>0.00</ele>
			<time>2020-01-20T00:23:08.89Z</time>
		</trkpt>
		<trkpt lat="34.560887" lon="127.157837">
			<ele>0.00</ele>
			<time>2020-01-20T00:23:09.78Z</time>
		</trkpt>
		<trkpt lat="34.560865" lon="127.157971">
			<ele>0.00</ele>
			<time>2020-01-20T00:23:10.53Z</time>
		</trkpt>
		<trkpt lat="34.560837" lon="127.158124">
			<ele>0.00</ele>
			<time>2020-01-20T00:23:11.39Z</time>
		</trkpt>
		<trkpt lat="34.560814" lon="127.158254">
			<ele>0.00</ele>
			<time>2020-01-20T00:23:12.12Z</time>
		</trkpt>
		<trkpt lat="34.560794" lon="127.158397">
			<ele>0.00</ele>
			<time>2020-01-20T00:23:12.91Z</time>
		</trkpt>
		<trkpt lat="34.560781" lon="127.158539">
			<ele>0.00</ele>
			<time>2020-01-20T00:23:13.70Z</time>
		</trkpt>
		<trkpt lat="34.560780" lon="127.158665">
			<ele>0.00</ele>
			<time>2020-01-20T00:23:14.39Z</time>
		</trkpt>
		<trkpt lat="34.560779" lon="127.158795">
			<ele>0.00</ele>
			<time>2020-01-20T00:23:15.10Z</time>
		</trkpt>
		<trkpt lat="34.560784" lon="127.158923">
			<ele>0.00</ele>
			<time>2020-01-20T00:23:15.81Z</time>
		</trkpt>
		<trkpt lat="34.560800" lon="127.159088">
			<ele>0.00</ele>
			<time>2020-01-20T00:23:16.72Z</time>
		</trkpt>
		<trkpt lat="34.560812" lon="127.159236">
			<ele>0.00</ele>
			<time>2020-01-20T00:23:17.53Z</time>
		</trkpt>
		<trkpt lat="34.560823" lon="127.159386">
			<ele>0.00</ele>
			<time>2020-01-20T00:23:18.36Z</time>
		</trkpt>
		<trkpt lat="34.560835" lon="127.159502">
			<ele>0.00</ele>
			<time>2020-01-20T00:23:19Z</time>
		</trkpt>
		<trkpt lat="34.560837" lon="127.159504">
			<ele>0.00</ele>
			<time>2020-01-20T00:23:19.06Z</time>
		</trkpt>
		<trkpt lat="34.560918" lon="127.159522">
			<ele>0.00</ele>
			<time>2020-01-20T00:23:19.61Z</time>
		</trkpt>
		<trkpt lat="34.560994" lon="127.159513">
			<ele>0.00</ele>
			<time>2020-01-20T00:23:20.12Z</time>
		</trkpt>
		<trkpt lat="34.561081" lon="127.159487">
			<ele>0.00</ele>
			<time>2020-01-20T00:23:20.72Z</time>
		</trkpt>
		<trkpt lat="34.561176" lon="127.159446">
			<ele>0.00</ele>
			<time>2020-01-20T00:23:21.39Z</time>
		</trkpt>
		<trkpt lat="34.561262" lon="127.159405">
			<ele>0.00</ele>
			<time>2020-01-20T00:23:22.01Z</time>
		</trkpt>
		<trkpt lat="34.561353" lon="127.159345">
			<ele>0.00</ele>
			<time>2020-01-20T00:23:22.70Z</time>
		</trkpt>
		<trkpt lat="34.561440" lon="127.159282">
			<ele>0.00</ele>
			<time>2020-01-20T00:23:23.37Z</time>
		</trkpt>
		<trkpt lat="34.561521" lon="127.159207">
			<ele>0.00</ele>
			<time>2020-01-20T00:23:24.05Z</time>
		</trkpt>
		<trkpt lat="34.561587" lon="127.159134">
			<ele>0.00</ele>
			<time>2020-01-20T00:23:24.64Z</time>
		</trkpt>
		<trkpt lat="34.561654" lon="127.159068">
			<ele>0.00</ele>
			<time>2020-01-20T00:23:25.22Z</time>
		</trkpt>
		<trkpt lat="34.561745" lon="127.159013">
			<ele>0.00</ele>
			<time>2020-01-20T00:23:25.90Z</time>
		</trkpt>
		<trkpt lat="34.561827" lon="127.158967">
			<ele>0.00</ele>
			<time>2020-01-20T00:23:26.50Z</time>
		</trkpt>
		<trkpt lat="34.561904" lon="127.158917">
			<ele>0.00</ele>
			<time>2020-01-20T00:23:27.08Z</time>
		</trkpt>
		<trkpt lat="34.562008" lon="127.158904">
			<ele>0.00</ele>
			<time>2020-01-20T00:23:27.78Z</time>
		</trkpt>
		<trkpt lat="34.562114" lon="127.158900">
			<ele>0.00</ele>
			<time>2020-01-20T00:23:28.48Z</time>
		</trkpt>
		<trkpt lat="34.562212" lon="127.158939">
			<ele>0.00</ele>
			<time>2020-01-20T00:23:29.17Z</time>
		</trkpt>
		<trkpt lat="34.562290" lon="127.159034">
			<ele>0.00</ele>
			<time>2020-01-20T00:23:29.91Z</time>
		</trkpt>
		<trkpt lat="34.562331" lon="127.159148">
			<ele>0.00</ele>
			<time>2020-01-20T00:23:30.59Z</time>
		</trkpt>
		<trkpt lat="34.562334" lon="127.159290">
			<ele>0.00</ele>
			<time>2020-01-20T00:23:31.38Z</time>
		</trkpt>
		<trkpt lat="34.562289" lon="127.159402">
			<ele>0.00</ele>
			<time>2020-01-20T00:23:32.06Z</time>
		</trkpt>
		<trkpt lat="34.562227" lon="127.159504">
			<ele>0.00</ele>
			<time>2020-01-20T00:23:32.76Z</time>
		</trkpt>
		<trkpt lat="34.562148" lon="127.159598">
			<ele>0.00</ele>
			<time>2020-01-20T00:23:33.49Z</time>
		</trkpt>
		<trkpt lat="34.562063" lon="127.159699">
			<ele>0.00</ele>
			<time>2020-01-20T00:23:34.29Z</time>
		</trkpt>
		<trkpt lat="34.561979" lon="127.159804">
			<ele>0.00</ele>
			<time>2020-01-20T00:23:35.09Z</time>
		</trkpt>
		<trkpt lat="34.561898" lon="127.159909">
			<ele>0.00</ele>
			<time>2020-01-20T00:23:35.88Z</time>
		</trkpt>
		<trkpt lat="34.561819" lon="127.160005">
			<ele>0.00</ele>
			<time>2020-01-20T00:23:36.63Z</time>
		</trkpt>
		<trkpt lat="34.561744" lon="127.160119">
			<ele>0.00</ele>
			<time>2020-01-20T00:23:37.43Z</time>
		</trkpt>
		<trkpt lat="34.561676" lon="127.160222">
			<ele>0.00</ele>
			<time>2020-01-20T00:23:38.15Z</time>
		</trkpt>
		<trkpt lat="34.561602" lon="127.160338">
			<ele>0.00</ele>
			<time>2020-01-20T00:23:38.95Z</time>
		</trkpt>
		<trkpt lat="34.561540" lon="127.160453">
			<ele>0.00</ele>
			<time>2020-01-20T00:23:39.71Z</time>
		</trkpt>
		<trkpt lat="34.561469" lon="127.160579">
			<ele>0.00</ele>
			<time>2020-01-20T00:23:40.55Z</time>
		</trkpt>
		<trkpt lat="34.561422" lon="127.160724">
			<ele>0.00</ele>
			<time>2020-01-20T00:23:41.41Z</time>
		</trkpt>
		<trkpt lat="34.561380" lon="127.160883">
			<ele>0.00</ele>
			<time>2020-01-20T00:23:42.32Z</time>
		</trkpt>
		<trkpt lat="34.561340" lon="127.161037">
			<ele>0.00</ele>
			<time>2020-01-20T00:23:43.21Z</time>
		</trkpt>
		<trkpt lat="34.561303" lon="127.161198">
			<ele>0.00</ele>
			<time>2020-01-20T00:23:44.13Z</time>
		</trkpt>
		<trkpt lat="34.561277" lon="127.161358">
			<ele>0.00</ele>
			<time>2020-01-20T00:23:45.02Z</time>
		</trkpt>
		<trkpt lat="34.561242" lon="127.161528">
			<ele>0.00</ele>
			<time>2020-01-20T00:23:45.98Z</time>
		</trkpt>
		<trkpt lat="34.561206" lon="127.161716">
			<ele>0.00</ele>
			<time>2020-01-20T00:23:47.04Z</time>
		</trkpt>
		<trkpt lat="34.561175" lon="127.161893">
			<ele>0.00</ele>
			<time>2020-01-20T00:23:48.03Z</time>
		</trkpt>
		<trkpt lat="34.561152" lon="127.162044">
			<ele>0.00</ele>
			<time>2020-01-20T00:23:48.88Z</time>
		</trkpt>
		<trkpt lat="34.561133" lon="127.162201">
			<ele>0.00</ele>
			<time>2020-01-20T00:23:49.75Z</time>
		</trkpt>
		<trkpt lat="34.561109" lon="127.162361">
			<ele>0.00</ele>
			<time>2020-01-20T00:23:50.64Z</time>
		</trkpt>
		<trkpt lat="34.561084" lon="127.162525">
			<ele>0.00</ele>
			<time>2020-01-20T00:23:51.56Z</time>
		</trkpt>
		<trkpt lat="34.561062" lon="127.162684">
			<ele>0.00</ele>
			<time>2020-01-20T00:23:52.44Z</time>
		</trkpt>
		<trkpt lat="34.561035" lon="127.162841">
			<ele>0.00</ele>
			<time>2020-01-20T00:23:53.32Z</time>
		</trkpt>
		<trkpt lat="34.561007" lon="127.163036">
			<ele>0.00</ele>
			<time>2020-01-20T00:23:54.41Z</time>
		</trkpt>
		<trkpt lat="34.560978" lon="127.163222">
			<ele>0.00</ele>
			<time>2020-01-20T00:23:55.45Z</time>
		</trkpt>
		<trkpt lat="34.560947" lon="127.163405">
			<ele>0.00</ele>
			<time>2020-01-20T00:23:56.48Z</time>
		</trkpt>
		<trkpt lat="34.560920" lon="127.163586">
			<ele>0.00</ele>
			<time>2020-01-20T00:23:57.48Z</time>
		</trkpt>
		<trkpt lat="34.560890" lon="127.163769">
			<ele>0.00</ele>
			<time>2020-01-20T00:23:58.51Z</time>
		</trkpt>
		<trkpt lat="34.560857" lon="127.163946">
			<ele>0.00</ele>
			<time>2020-01-20T00:23:59.50Z</time>
		</trkpt>
		<trkpt lat="34.560820" lon="127.164139">
			<ele>0.00</ele>
			<time>2020-01-20T00:24:00.59Z</time>
		</trkpt>
		<trkpt lat="34.560794" lon="127.164316">
			<ele>0.00</ele>
			<time>2020-01-20T00:24:01.58Z</time>
		</trkpt>
		<trkpt lat="34.560788" lon="127.164507">
			<ele>0.00</ele>
			<time>2020-01-20T00:24:02.63Z</time>
		</trkpt>
		<trkpt lat="34.560784" lon="127.164662">
			<ele>0.00</ele>
			<time>2020-01-20T00:24:03.48Z</time>
		</trkpt>
		<trkpt lat="34.560791" lon="127.164862">
			<ele>0.00</ele>
			<time>2020-01-20T00:24:04.58Z</time>
		</trkpt>
		<trkpt lat="34.560804" lon="127.165062">
			<ele>0.00</ele>
			<time>2020-01-20T00:24:05.68Z</time>
		</trkpt>
		<trkpt lat="34.560823" lon="127.165273">
			<ele>0.00</ele>
			<time>2020-01-20T00:24:06.85Z</time>
		</trkpt>
		<trkpt lat="34.560861" lon="127.165448">
			<ele>0.00</ele>
			<time>2020-01-20T00:24:07.84Z</time>
		</trkpt>
		<trkpt lat="34.560933" lon="127.165610">
			<ele>0.00</ele>
			<time>2020-01-20T00:24:08.85Z</time>
		</trkpt>
		<trkpt lat="34.561028" lon="127.165698">
			<ele>0.00</ele>
			<time>2020-01-20T00:24:09.65Z</time>
		</trkpt>
		<trkpt lat="34.561139" lon="127.165716">
			<ele>0.00</ele>
			<time>2020-01-20T00:24:10.40Z</time>
		</trkpt>
		<trkpt lat="34.561254" lon="127.165731">
			<ele>0.00</ele>
			<time>2020-01-20T00:24:11.17Z</time>
		</trkpt>
		<trkpt lat="34.561372" lon="127.165741">
			<ele>0.00</ele>
			<time>2020-01-20T00:24:11.96Z</time>
		</trkpt>
		<trkpt lat="34.561486" lon="127.165744">
			<ele>0.00</ele>
			<time>2020-01-20T00:24:12.72Z</time>
		</trkpt>
		<trkpt lat="34.561588" lon="127.165744">
			<ele>0.00</ele>
			<time>2020-01-20T00:24:13.40Z</time>
		</trkpt>
		<trkpt lat="34.561695" lon="127.165786">
			<ele>0.00</ele>
			<time>2020-01-20T00:24:14.15Z</time>
		</trkpt>
		<trkpt lat="34.561783" lon="127.165889">
			<ele>0.00</ele>
			<time>2020-01-20T00:24:14.96Z</time>
		</trkpt>
		<trkpt lat="34.561864" lon="127.166035">
			<ele>0.00</ele>
			<time>2020-01-20T00:24:15.93Z</time>
		</trkpt>
		<trkpt lat="34.561926" lon="127.166145">
			<ele>0.00</ele>
			<time>2020-01-20T00:24:16.66Z</time>
		</trkpt>
		<trkpt lat="34.562014" lon="127.166236">
			<ele>0.00</ele>
			<time>2020-01-20T00:24:17.43Z</time>
		</trkpt>
		<trkpt lat="34.562084" lon="127.166317">
			<ele>0.00</ele>
			<time>2020-01-20T00:24:18.07Z</time>
		</trkpt>
		<trkpt lat="34.562164" lon="127.166372">
			<ele>0.00</ele>
			<time>2020-01-20T00:24:18.69Z</time>
		</trkpt>
		<trkpt lat="34.562279" lon="127.166432">
			<ele>0.00</ele>
			<time>2020-01-20T00:24:19.52Z</time>
		</trkpt>
		<trkpt lat="34.562383" lon="127.166456">
			<ele>0.00</ele>
			<time>2020-01-20T00:24:20.23Z</time>
		</trkpt>
		<trkpt lat="34.562487" lon="127.166504">
			<ele>0.00</ele>
			<time>2020-01-20T00:24:20.97Z</time>
		</trkpt>
		<trkpt lat="34.562599" lon="127.166538">
			<ele>0.00</ele>
			<time>2020-01-20T00:24:21.74Z</time>
		</trkpt>
		<trkpt lat="34.562706" lon="127.166574">
			<ele>0.00</ele>
			<time>2020-01-20T00:24:22.48Z</time>
		</trkpt>
		<trkpt lat="34.562830" lon="127.166620">
			<ele>0.00</ele>
			<time>2020-01-20T00:24:23.35Z</time>
		</trkpt>
		<trkpt lat="34.562927" lon="127.166654">
			<ele>0.00</ele>
			<time>2020-01-20T00:24:24.02Z</time>
		</trkpt>
		<trkpt lat="34.563053" lon="127.166697">
			<ele>0.00</ele>
			<time>2020-01-20T00:24:24.89Z</time>
		</trkpt>
		<trkpt lat="34.563175" lon="127.166740">
			<ele>0.00</ele>
			<time>2020-01-20T00:24:25.74Z</time>
		</trkpt>
		<trkpt lat="34.563292" lon="127.166791">
			<ele>0.00</ele>
			<time>2020-01-20T00:24:26.57Z</time>
		</trkpt>
		<trkpt lat="34.563414" lon="127.166826">
			<ele>0.00</ele>
			<time>2020-01-20T00:24:27.40Z</time>
		</trkpt>
		<trkpt lat="34.563524" lon="127.166869">
			<ele>0.00</ele>
			<time>2020-01-20T00:24:28.17Z</time>
		</trkpt>
		<trkpt lat="34.563638" lon="127.166922">
			<ele>0.00</ele>
			<time>2020-01-20T00:24:28.98Z</time>
		</trkpt>
		<trkpt lat="34.563721" lon="127.166996">
			<ele>0.00</ele>
			<time>2020-01-20T00:24:29.67Z</time>
		</trkpt>
		<trkpt lat="34.563792" lon="127.167082">
			<ele>0.00</ele>
			<time>2020-01-20T00:24:30.34Z</time>
		</trkpt>
		<trkpt lat="34.563828" lon="127.167214">
			<ele>0.00</ele>
			<time>2020-01-20T00:24:31.10Z</time>
		</trkpt>
		<trkpt lat="34.563793" lon="127.167346">
			<ele>0.00</ele>
			<time>2020-01-20T00:24:31.87Z</time>
		</trkpt>
		<trkpt lat="34.563736" lon="127.167528">
			<ele>0.00</ele>
			<time>2020-01-20T00:24:32.93Z</time>
		</trkpt>
		<trkpt lat="34.563668" lon="127.167681">
			<ele>0.00</ele>
			<time>2020-01-20T00:24:33.89Z</time>
		</trkpt>
		<trkpt lat="34.563620" lon="127.167820">
			<ele>0.00</ele>
			<time>2020-01-20T00:24:34.72Z</time>
		</trkpt>
		<trkpt lat="34.563583" lon="127.167932">
			<ele>0.00</ele>
			<time>2020-01-20T00:24:35.38Z</time>
		</trkpt>
		<trkpt lat="34.563519" lon="127.168074">
			<ele>0.00</ele>
			<time>2020-01-20T00:24:36.27Z</time>
		</trkpt>
		<trkpt lat="34.563472" lon="127.168194">
			<ele>0.00</ele>
			<time>2020-01-20T00:24:37Z</time>
		</trkpt>
		<trkpt lat="34.563429" lon="127.168329">
			<ele>0.00</ele>
			<time>2020-01-20T00:24:37.79Z</time>
		</trkpt>
		<trkpt lat="34.563382" lon="127.168483">
			<ele>0.00</ele>
			<time>2020-01-20T00:24:38.69Z</time>
		</trkpt>
		<trkpt lat="34.563357" lon="127.168616">
			<ele>0.00</ele>
			<time>2020-01-20T00:24:39.44Z</time>
		</trkpt>
		<trkpt lat="34.563331" lon="127.168779">
			<ele>0.00</ele>
			<time>2020-01-20T00:24:40.35Z</time>
		</trkpt>
		<trkpt lat="34.563322" lon="127.168971">
			<ele>0.00</ele>
			<time>2020-01-20T00:24:41.41Z</time>
		</trkpt>
		<trkpt lat="34.563312" lon="127.169158">
			<ele>0.00</ele>
			<time>2020-01-20T00:24:42.44Z</time>
		</trkpt>
		<trkpt lat="34.563300" lon="127.169303">
			<ele>0.00</ele>
			<time>2020-01-20T00:24:43.24Z</time>
		</trkpt>
		<trkpt lat="34.563291" lon="127.169461">
			<ele>0.00</ele>
			<time>2020-01-20T00:24:44.11Z</time>
		</trkpt>
		<trkpt lat="34.563284" lon="127.169627">
			<ele>0.00</ele>
			<time>2020-01-20T00:24:45.02Z</time>
		</trkpt>
		<trkpt lat="34.563264" lon="127.169792">
			<ele>0.00</ele>
			<time>2020-01-20T00:24:45.93Z</time>
		</trkpt>
		<trkpt lat="34.563256" lon="127.169942">
			<ele>0.00</ele>
			<time>2020-01-20T00:24:46.76Z</time>
		</trkpt>
		<trkpt lat="34.563248" lon="127.170085">
			<ele>0.00</ele>
			<time>2020-01-20T00:24:47.55Z</time>
		</trkpt>
		<trkpt lat="34.563251" lon="127.170217">
			<ele>0.00</ele>
			<time>2020-01-20T00:24:48.27Z</time>
		</trkpt>
		<trkpt lat="34.563254" lon="127.170213">
			<ele>0.00</ele>
			<time>2020-01-20T00:24:48.33Z</time>
		</trkpt>
		<trkpt lat="34.563286" lon="127.170363">
			<ele>0.00</ele>
			<time>2020-01-20T00:24:49.18Z</time>
		</trkpt>
		<trkpt lat="34.563348" lon="127.170532">
			<ele>0.00</ele>
			<time>2020-01-20T00:24:50.19Z</time>
		</trkpt>
		<trkpt lat="34.563410" lon="127.170729">
			<ele>0.00</ele>
			<time>2020-01-20T00:24:51.35Z</time>
		</trkpt>
		<trkpt lat="34.563481" lon="127.170922">
			<ele>0.00</ele>
			<time>2020-01-20T00:24:52.51Z</time>
		</trkpt>
		<trkpt lat="34.563554" lon="127.171099">
			<ele>0.00</ele>
			<time>2020-01-20T00:24:53.60Z</time>
		</trkpt>
		<trkpt lat="34.563629" lon="127.171284">
			<ele>0.00</ele>
			<time>2020-01-20T00:24:54.74Z</time>
		</trkpt>
		<trkpt lat="34.563724" lon="127.171446">
			<ele>0.00</ele>
			<time>2020-01-20T00:24:55.82Z</time>
		</trkpt>
		<trkpt lat="34.563820" lon="127.171588">
			<ele>0.00</ele>
			<time>2020-01-20T00:24:56.83Z</time>
		</trkpt>
		<trkpt lat="34.563930" lon="127.171740">
			<ele>0.00</ele>
			<time>2020-01-20T00:24:57.94Z</time>
		</trkpt>
		<trkpt lat="34.564031" lon="127.171854">
			<ele>0.00</ele>
			<time>2020-01-20T00:24:58.87Z</time>
		</trkpt>
		<trkpt lat="34.564156" lon="127.171991">
			<ele>0.00</ele>
			<time>2020-01-20T00:24:59.98Z</time>
		</trkpt>
		<trkpt lat="34.564256" lon="127.172094">
			<ele>0.00</ele>
			<time>2020-01-20T00:25:00.86Z</time>
		</trkpt>
		<trkpt lat="34.564354" lon="127.172202">
			<ele>0.00</ele>
			<time>2020-01-20T00:25:01.74Z</time>
		</trkpt>
		<trkpt lat="34.564459" lon="127.172323">
			<ele>0.00</ele>
			<time>2020-01-20T00:25:02.71Z</time>
		</trkpt>
		<trkpt lat="34.564559" lon="127.172437">
			<ele>0.00</ele>
			<time>2020-01-20T00:25:03.62Z</time>
		</trkpt>
		<trkpt lat="34.564661" lon="127.172559">
			<ele>0.00</ele>
			<time>2020-01-20T00:25:04.58Z</time>
		</trkpt>
		<trkpt lat="34.564783" lon="127.172697">
			<ele>0.00</ele>
			<time>2020-01-20T00:25:05.68Z</time>
		</trkpt>
		<trkpt lat="34.564877" lon="127.172793">
			<ele>0.00</ele>
			<time>2020-01-20T00:25:06.50Z</time>
		</trkpt>
		<trkpt lat="34.564979" lon="127.172905">
			<ele>0.00</ele>
			<time>2020-01-20T00:25:07.42Z</time>
		</trkpt>
		<trkpt lat="34.565086" lon="127.173012">
			<ele>0.00</ele>
			<time>2020-01-20T00:25:08.35Z</time>
		</trkpt>
		<trkpt lat="34.565198" lon="127.173117">
			<ele>0.00</ele>
			<time>2020-01-20T00:25:09.29Z</time>
		</trkpt>
		<trkpt lat="34.565293" lon="127.173241">
			<ele>0.00</ele>
			<time>2020-01-20T00:25:10.22Z</time>
		</trkpt>
		<trkpt lat="34.565432" lon="127.173368">
			<ele>0.00</ele>
			<time>2020-01-20T00:25:11.38Z</time>
		</trkpt>
		<trkpt lat="34.565537" lon="127.173488">
			<ele>0.00</ele>
			<time>2020-01-20T00:25:12.34Z</time>
		</trkpt>
		<trkpt lat="34.565537" lon="127.173486">
			<ele>0.00</ele>
			<time>2020-01-20T00:25:12.40Z</time>
		</trkpt>
		<trkpt lat="34.565670" lon="127.173527">
			<ele>0.00</ele>
			<time>2020-01-20T00:25:13.32Z</time>
		</trkpt>
		<trkpt lat="34.565784" lon="127.173579">
			<ele>0.00</ele>
			<time>2020-01-20T00:25:14.13Z</time>
		</trkpt>
		<trkpt lat="34.565911" lon="127.173636">
			<ele>0.00</ele>
			<time>2020-01-20T00:25:15.03Z</time>
		</trkpt>
		<trkpt lat="34.566033" lon="127.173704">
			<ele>0.00</ele>
			<time>2020-01-20T00:25:15.93Z</time>
		</trkpt>
		<trkpt lat="34.566132" lon="127.173761">
			<ele>0.00</ele>
			<time>2020-01-20T00:25:16.65Z</time>
		</trkpt>
		<trkpt lat="34.566226" lon="127.173880">
			<ele>0.00</ele>
			<time>2020-01-20T00:25:17.56Z</time>
		</trkpt>
		<trkpt lat="34.566294" lon="127.174044">
			<ele>0.00</ele>
			<time>2020-01-20T00:25:18.57Z</time>
		</trkpt>
		<trkpt lat="34.566367" lon="127.174214">
			<ele>0.00</ele>
			<time>2020-01-20T00:25:19.62Z</time>
		</trkpt>
		<trkpt lat="34.566415" lon="127.174373">
			<ele>0.00</ele>
			<time>2020-01-20T00:25:20.55Z</time>
		</trkpt>
		<trkpt lat="34.566431" lon="127.174549">
			<ele>0.00</ele>
			<time>2020-01-20T00:25:21.52Z</time>
		</trkpt>
		<trkpt lat="34.566423" lon="127.174683">
			<ele>0.00</ele>
			<time>2020-01-20T00:25:22.26Z</time>
		</trkpt>
		<trkpt lat="34.566416" lon="127.174756">
			<ele>0.00</ele>
			<time>2020-01-20T00:25:22.66Z</time>
		</trkpt>
		<trkpt lat="34.566525" lon="127.174761">
			<ele>0.00</ele>
			<time>2020-01-20T00:25:23.39Z</time>
		</trkpt>
		<trkpt lat="34.566629" lon="127.174752">
			<ele>0.00</ele>
			<time>2020-01-20T00:25:24.08Z</time>
		</trkpt>
		<trkpt lat="34.566743" lon="127.174745">
			<ele>0.00</ele>
			<time>2020-01-20T00:25:24.85Z</time>
		</trkpt>
		<trkpt lat="34.566862" lon="127.174742">
			<ele>0.00</ele>
			<time>2020-01-20T00:25:25.64Z</time>
		</trkpt>
		<trkpt lat="34.566982" lon="127.174753">
			<ele>0.00</ele>
			<time>2020-01-20T00:25:26.44Z</time>
		</trkpt>
		<trkpt lat="34.567127" lon="127.174751">
			<ele>0.00</ele>
			<time>2020-01-20T00:25:27.41Z</time>
		</trkpt>
		<trkpt lat="34.567242" lon="127.174759">
			<ele>0.00</ele>
			<time>2020-01-20T00:25:28.18Z</time>
		</trkpt>
		<trkpt lat="34.567357" lon="127.174835">
			<ele>0.00</ele>
			<time>2020-01-20T00:25:29.05Z</time>
		</trkpt>
		<trkpt lat="34.567467" lon="127.174935">
			<ele>0.00</ele>
			<time>2020-01-20T00:25:29.96Z</time>
		</trkpt>
		<trkpt lat="34.567564" lon="127.175003">
			<ele>0.00</ele>
			<time>2020-01-20T00:25:30.71Z</time>
		</trkpt>
		<trkpt lat="34.567659" lon="127.175084">
			<ele>0.00</ele>
			<time>2020-01-20T00:25:31.48Z</time>
		</trkpt>
		<trkpt lat="34.567775" lon="127.175170">
			<ele>0.00</ele>
			<time>2020-01-20T00:25:32.39Z</time>
		</trkpt>
		<trkpt lat="34.567869" lon="127.175206">
			<ele>0.00</ele>
			<time>2020-01-20T00:25:33.04Z</time>
		</trkpt>
		<trkpt lat="34.568001" lon="127.175212">
			<ele>0.00</ele>
			<time>2020-01-20T00:25:33.93Z</time>
		</trkpt>
		<trkpt lat="34.568126" lon="127.175223">
			<ele>0.00</ele>
			<time>2020-01-20T00:25:34.76Z</time>
		</trkpt>
		<trkpt lat="34.568263" lon="127.175234">
			<ele>0.00</ele>
			<time>2020-01-20T00:25:35.68Z</time>
		</trkpt>
		<trkpt lat="34.568388" lon="127.175224">
			<ele>0.00</ele>
			<time>2020-01-20T00:25:36.51Z</time>
		</trkpt>
		<trkpt lat="34.568507" lon="127.175236">
			<ele>0.00</ele>
			<time>2020-01-20T00:25:37.31Z</time>
		</trkpt>
		<trkpt lat="34.568596" lon="127.175238">
			<ele>0.00</ele>
			<time>2020-01-20T00:25:37.90Z</time>
		</trkpt>
		<trkpt lat="34.568693" lon="127.175197">
			<ele>0.00</ele>
			<time>2020-01-20T00:25:38.59Z</time>
		</trkpt>
		<trkpt lat="34.568682" lon="127.175201">
			<ele>0.00</ele>
			<time>2020-01-20T00:25:38.66Z</time>
		</trkpt>
		<trkpt lat="34.568792" lon="127.175158">
			<ele>0.00</ele>
			<time>2020-01-20T00:25:39.43Z</time>
		</trkpt>
		<trkpt lat="34.568905" lon="127.175118">
			<ele>0.00</ele>
			<time>2020-01-20T00:25:40.21Z</time>
		</trkpt>
		<trkpt lat="34.569022" lon="127.175079">
			<ele>0.00</ele>
			<time>2020-01-20T00:25:41.02Z</time>
		</trkpt>
		<trkpt lat="34.569145" lon="127.175049">
			<ele>0.00</ele>
			<time>2020-01-20T00:25:41.87Z</time>
		</trkpt>
		<trkpt lat="34.569311" lon="127.175041">
			<ele>0.00</ele>
			<time>2020-01-20T00:25:42.97Z</time>
		</trkpt>
		<trkpt lat="34.569463" lon="127.175046">
			<ele>0.00</ele>
			<time>2020-01-20T00:25:43.98Z</time>
		</trkpt>
		<trkpt lat="34.569605" lon="127.175057">
			<ele>0.00</ele>
			<time>2020-01-20T00:25:44.93Z</time>
		</trkpt>
		<trkpt lat="34.569753" lon="127.175086">
			<ele>0.00</ele>
			<time>2020-01-20T00:25:45.93Z</time>
		</trkpt>
		<trkpt lat="34.569875" lon="127.175117">
			<ele>0.00</ele>
			<time>2020-01-20T00:25:46.76Z</time>
		</trkpt>
		<trkpt lat="34.570003" lon="127.175145">
			<ele>0.00</ele>
			<time>2020-01-20T00:25:47.63Z</time>
		</trkpt>
		<trkpt lat="34.570113" lon="127.175173">
			<ele>0.00</ele>
			<time>2020-01-20T00:25:48.38Z</time>
		</trkpt>
		<trkpt lat="34.570260" lon="127.175204">
			<ele>0.00</ele>
			<time>2020-01-20T00:25:49.37Z</time>
		</trkpt>
		<trkpt lat="34.570257" lon="127.175202">
			<ele>0.00</ele>
			<time>2020-01-20T00:25:49.43Z</time>
		</trkpt>
		<trkpt lat="34.570328" lon="127.175089">
			<ele>0.00</ele>
			<time>2020-01-20T00:25:50.21Z</time>
		</trkpt>
		<trkpt lat="34.570354" lon="127.174910">
			<ele>0.00</ele>
			<time>2020-01-20T00:25:51.21Z</time>
		</trkpt>
		<trkpt lat="34.570358" lon="127.174724">
			<ele>0.00</ele>
			<time>2020-01-20T00:25:52.23Z</time>
		</trkpt>
		<trkpt lat="34.570337" lon="127.174561">
			<ele>0.00</ele>
			<time>2020-01-20T00:25:53.14Z</time>
		</trkpt>
		<trkpt lat="34.570337" lon="127.174450">
			<ele>0.00</ele>
			<time>2020-01-20T00:25:53.75Z</time>
		</trkpt>
		<trkpt lat="34.570392" lon="127.174331">
			<ele>0.00</ele>
			<time>2020-01-20T00:25:54.50Z</time>
		</trkpt>
		<trkpt lat="34.570484" lon="127.174246">
			<ele>0.00</ele>
			<time>2020-01-20T00:25:55.26Z</time>
		</trkpt>
		<trkpt lat="34.570601" lon="127.174179">
			<ele>0.00</ele>
			<time>2020-01-20T00:25:56.13Z</time>
		</trkpt>
		<trkpt lat="34.570720" lon="127.174140">
			<ele>0.00</ele>
			<time>2020-01-20T00:25:56.95Z</time>
		</trkpt>
		<trkpt lat="34.570824" lon="127.174073">
			<ele>0.00</ele>
			<time>2020-01-20T00:25:57.74Z</time>
		</trkpt>
		<trkpt lat="34.570905" lon="127.174003">
			<ele>0.00</ele>
			<time>2020-01-20T00:25:58.40Z</time>
		</trkpt>
		<trkpt lat="34.570979" lon="127.173905">
			<ele>0.00</ele>
			<time>2020-01-20T00:25:59.13Z</time>
		</trkpt>
		<trkpt lat="34.571044" lon="127.173793">
			<ele>0.00</ele>
			<time>2020-01-20T00:25:59.88Z</time>
		</trkpt>
		<trkpt lat="34.571105" lon="127.173670">
			<ele>0.00</ele>
			<time>2020-01-20T00:26:00.67Z</time>
		</trkpt>
		<trkpt lat="34.571151" lon="127.173552">
			<ele>0.00</ele>
			<time>2020-01-20T00:26:01.39Z</time>
		</trkpt>
		<trkpt lat="34.571179" lon="127.173392">
			<ele>0.00</ele>
			<time>2020-01-20T00:26:02.28Z</time>
		</trkpt>
		<trkpt lat="34.571232" lon="127.173248">
			<ele>0.00</ele>
			<time>2020-01-20T00:26:03.15Z</time>
		</trkpt>
		<trkpt lat="34.571285" lon="127.173127">
			<ele>0.00</ele>
			<time>2020-01-20T00:26:03.90Z</time>
		</trkpt>
		<trkpt lat="34.571332" lon="127.172984">
			<ele>0.00</ele>
			<time>2020-01-20T00:26:04.75Z</time>
		</trkpt>
		<trkpt lat="34.571370" lon="127.172844">
			<ele>0.00</ele>
			<time>2020-01-20T00:26:05.56Z</time>
		</trkpt>
		<trkpt lat="34.571423" lon="127.172687">
			<ele>0.00</ele>
			<time>2020-01-20T00:26:06.49Z</time>
		</trkpt>
		<trkpt lat="34.571473" lon="127.172556">
			<ele>0.00</ele>
			<time>2020-01-20T00:26:07.28Z</time>
		</trkpt>
		<trkpt lat="34.571529" lon="127.172448">
			<ele>0.00</ele>
			<time>2020-01-20T00:26:07.98Z</time>
		</trkpt>
		<trkpt lat="34.571604" lon="127.172337">
			<ele>0.00</ele>
			<time>2020-01-20T00:26:08.77Z</time>
		</trkpt>
		<trkpt lat="34.571682" lon="127.172242">
			<ele>0.00</ele>
			<time>2020-01-20T00:26:09.51Z</time>
		</trkpt>
		<trkpt lat="34.571765" lon="127.172151">
			<ele>0.00</ele>
			<time>2020-01-20T00:26:10.25Z</time>
		</trkpt>
		<trkpt lat="34.571853" lon="127.172037">
			<ele>0.00</ele>
			<time>2020-01-20T00:26:11.11Z</time>
		</trkpt>
		<trkpt lat="34.571939" lon="127.171937">
			<ele>0.00</ele>
			<time>2020-01-20T00:26:11.90Z</time>
		</trkpt>
		<trkpt lat="34.572030" lon="127.171860">
			<ele>0.00</ele>
			<time>2020-01-20T00:26:12.64Z</time>
		</trkpt>
		<trkpt lat="34.572112" lon="127.171812">
			<ele>0.00</ele>
			<time>2020-01-20T00:26:13.25Z</time>
		</trkpt>
		<trkpt lat="34.572207" lon="127.171791">
			<ele>0.00</ele>
			<time>2020-01-20T00:26:13.89Z</time>
		</trkpt>
		<trkpt lat="34.572303" lon="127.171779">
			<ele>0.00</ele>
			<time>2020-01-20T00:26:14.54Z</time>
		</trkpt>
		<trkpt lat="34.572383" lon="127.171730">
			<ele>0.00</ele>
			<time>2020-01-20T00:26:15.13Z</time>
		</trkpt>
		<trkpt lat="34.572454" lon="127.171638">
			<ele>0.00</ele>
			<time>2020-01-20T00:26:15.82Z</time>
		</trkpt>
		<trkpt lat="34.572506" lon="127.171517">
			<ele>0.00</ele>
			<time>2020-01-20T00:26:16.57Z</time>
		</trkpt>
		<trkpt lat="34.572569" lon="127.171402">
			<ele>0.00</ele>
			<time>2020-01-20T00:26:17.33Z</time>
		</trkpt>
		<trkpt lat="34.572649" lon="127.171319">
			<ele>0.00</ele>
			<time>2020-01-20T00:26:18.03Z</time>
		</trkpt>
		<trkpt lat="34.572746" lon="127.171238">
			<ele>0.00</ele>
			<time>2020-01-20T00:26:18.82Z</time>
		</trkpt>
		<trkpt lat="34.572844" lon="127.171129">
			<ele>0.00</ele>
			<time>2020-01-20T00:26:19.70Z</time>
		</trkpt>
		<trkpt lat="34.572925" lon="127.171023">
			<ele>0.00</ele>
			<time>2020-01-20T00:26:20.50Z</time>
		</trkpt>
		<trkpt lat="34.572999" lon="127.170923">
			<ele>0.00</ele>
			<time>2020-01-20T00:26:21.24Z</time>
		</trkpt>
		<trkpt lat="34.573070" lon="127.170828">
			<ele>0.00</ele>
			<time>2020-01-20T00:26:21.94Z</time>
		</trkpt>
		<trkpt lat="34.573140" lon="127.170700">
			<ele>0.00</ele>
			<time>2020-01-20T00:26:22.78Z</time>
		</trkpt>
		<trkpt lat="34.573223" lon="127.170547">
			<ele>0.00</ele>
			<time>2020-01-20T00:26:23.79Z</time>
		</trkpt>
		<trkpt lat="34.573302" lon="127.170418">
			<ele>0.00</ele>
			<time>2020-01-20T00:26:24.67Z</time>
		</trkpt>
		<trkpt lat="34.573366" lon="127.170298">
			<ele>0.00</ele>
			<time>2020-01-20T00:26:25.46Z</time>
		</trkpt>
		<trkpt lat="34.573429" lon="127.170163">
			<ele>0.00</ele>
			<time>2020-01-20T00:26:26.31Z</time>
		</trkpt>
		<trkpt lat="34.573478" lon="127.170035">
			<ele>0.00</ele>
			<time>2020-01-20T00:26:27.09Z</time>
		</trkpt>
		<trkpt lat="34.573529" lon="127.169908">
			<ele>0.00</ele>
			<time>2020-01-20T00:26:27.86Z</time>
		</trkpt>
		<trkpt lat="34.573594" lon="127.169799">
			<ele>0.00</ele>
			<time>2020-01-20T00:26:28.60Z</time>
		</trkpt>
		<trkpt lat="34.573675" lon="127.169674">
			<ele>0.00</ele>
			<time>2020-01-20T00:26:29.47Z</time>
		</trkpt>
		<trkpt lat="34.573744" lon="127.169588">
			<ele>0.00</ele>
			<time>2020-01-20T00:26:30.13Z</time>
		</trkpt>
		<trkpt lat="34.573827" lon="127.169489">
			<ele>0.00</ele>
			<time>2020-01-20T00:26:30.90Z</time>
		</trkpt>
		<trkpt lat="34.573906" lon="127.169427">
			<ele>0.00</ele>
			<time>2020-01-20T00:26:31.54Z</time>
		</trkpt>
		<trkpt lat="34.573995" lon="127.169355">
			<ele>0.00</ele>
			<time>2020-01-20T00:26:32.24Z</time>
		</trkpt>
		<trkpt lat="34.574088" lon="127.169293">
			<ele>0.00</ele>
			<time>2020-01-20T00:26:32.95Z</time>
		</trkpt>
		<trkpt lat="34.574188" lon="127.169236">
			<ele>0.00</ele>
			<time>2020-01-20T00:26:33.69Z</time>
		</trkpt>
		<trkpt lat="34.574298" lon="127.169174">
			<ele>0.00</ele>
			<time>2020-01-20T00:26:34.50Z</time>
		</trkpt>
		<trkpt lat="34.574393" lon="127.169129">
			<ele>0.00</ele>
			<time>2020-01-20T00:26:35.18Z</time>
		</trkpt>
		<trkpt lat="34.574498" lon="127.169084">
			<ele>0.00</ele>
			<time>2020-01-20T00:26:35.92Z</time>
		</trkpt>
		<trkpt lat="34.574609" lon="127.169037">
			<ele>0.00</ele>
			<time>2020-01-20T00:26:36.70Z</time>
		</trkpt>
		<trkpt lat="34.574708" lon="127.168992">
			<ele>0.00</ele>
			<time>2020-01-20T00:26:37.41Z</time>
		</trkpt>
		<trkpt lat="34.574802" lon="127.168949">
			<ele>0.00</ele>
			<time>2020-01-20T00:26:38.08Z</time>
		</trkpt>
		<trkpt lat="34.574907" lon="127.168902">
			<ele>0.00</ele>
			<time>2020-01-20T00:26:38.82Z</time>
		</trkpt>
		<trkpt lat="34.574983" lon="127.168862">
			<ele>0.00</ele>
			<time>2020-01-20T00:26:39.38Z</time>
		</trkpt>
		<trkpt lat="34.575085" lon="127.168807">
			<ele>0.00</ele>
			<time>2020-01-20T00:26:40.12Z</time>
		</trkpt>
		<trkpt lat="34.575181" lon="127.168763">
			<ele>0.00</ele>
			<time>2020-01-20T00:26:40.81Z</time>
		</trkpt>
		<trkpt lat="34.575272" lon="127.168711">
			<ele>0.00</ele>
			<time>2020-01-20T00:26:41.48Z</time>
		</trkpt>
		<trkpt lat="34.575376" lon="127.168663">
			<ele>0.00</ele>
			<time>2020-01-20T00:26:42.22Z</time>
		</trkpt>
		<trkpt lat="34.575494" lon="127.168607">
			<ele>0.00</ele>
			<time>2020-01-20T00:26:43.06Z</time>
		</trkpt>
		<trkpt lat="34.575604" lon="127.168551">
			<ele>0.00</ele>
			<time>2020-01-20T00:26:43.85Z</time>
		</trkpt>
		<trkpt lat="34.575712" lon="127.168480">
			<ele>0.00</ele>
			<time>2020-01-20T00:26:44.68Z</time>
		</trkpt>
		<trkpt lat="34.575811" lon="127.168391">
			<ele>0.00</ele>
			<time>2020-01-20T00:26:45.49Z</time>
		</trkpt>
		<trkpt lat="34.575877" lon="127.168289">
			<ele>0.00</ele>
			<time>2020-01-20T00:26:46.21Z</time>
		</trkpt>
		<trkpt lat="34.575953" lon="127.168168">
			<ele>0.00</ele>
			<time>2020-01-20T00:26:47.05Z</time>
		</trkpt>
		<trkpt lat="34.576032" lon="127.168045">
			<ele>0.00</ele>
			<time>2020-01-20T00:26:47.90Z</time>
		</trkpt>
		<trkpt lat="34.576100" lon="127.167930">
			<ele>0.00</ele>
			<time>2020-01-20T00:26:48.68Z</time>
		</trkpt>
		<trkpt lat="34.576173" lon="127.167812">
			<ele>0.00</ele>
			<time>2020-01-20T00:26:49.49Z</time>
		</trkpt>
		<trkpt lat="34.576242" lon="127.167707">
			<ele>0.00</ele>
			<time>2020-01-20T00:26:50.23Z</time>
		</trkpt>
		<trkpt lat="34.576331" lon="127.167612">
			<ele>0.00</ele>
			<time>2020-01-20T00:26:51.02Z</time>
		</trkpt>
		<trkpt lat="34.576434" lon="127.167555">
			<ele>0.00</ele>
			<time>2020-01-20T00:26:51.77Z</time>
		</trkpt>
		<trkpt lat="34.576528" lon="127.167524">
			<ele>0.00</ele>
			<time>2020-01-20T00:26:52.42Z</time>
		</trkpt>
		<trkpt lat="34.576622" lon="127.167474">
			<ele>0.00</ele>
			<time>2020-01-20T00:26:53.11Z</time>
		</trkpt>
		<trkpt lat="34.576719" lon="127.167415">
			<ele>0.00</ele>
			<time>2020-01-20T00:26:53.83Z</time>
		</trkpt>
		<trkpt lat="34.576799" lon="127.167347">
			<ele>0.00</ele>
			<time>2020-01-20T00:26:54.48Z</time>
		</trkpt>
		<trkpt lat="34.576867" lon="127.167268">
			<ele>0.00</ele>
			<time>2020-01-20T00:26:55.11Z</time>
		</trkpt>
		<trkpt lat="34.576924" lon="127.167176">
			<ele>0.00</ele>
			<time>2020-01-20T00:26:55.74Z</time>
		</trkpt>
		<trkpt lat="34.576959" lon="127.167068">
			<ele>0.00</ele>
			<time>2020-01-20T00:26:56.37Z</time>
		</trkpt>
		<trkpt lat="34.576947" lon="127.166954">
			<ele>0.00</ele>
			<time>2020-01-20T00:26:57Z</time>
		</trkpt>
		<trkpt lat="34.576923" lon="127.166851">
			<ele>0.00</ele>
			<time>2020-01-20T00:26:57.59Z</time>
		</trkpt>
		<trkpt lat="34.576904" lon="127.166738">
			<ele>0.00</ele>
			<time>2020-01-20T00:26:58.23Z</time>
		</trkpt>
		<trkpt lat="34.576935" lon="127.166625">
			<ele>0.00</ele>
			<time>2020-01-20T00:26:58.88Z</time>
		</trkpt>
		<trkpt lat="34.576995" lon="127.166505">
			<ele>0.00</ele>
			<time>2020-01-20T00:26:59.65Z</time>
		</trkpt>
		<trkpt lat="34.577055" lon="127.166392">
			<ele>0.00</ele>
			<time>2020-01-20T00:27:00.39Z</time>
		</trkpt>
		<trkpt lat="34.577098" lon="127.166277">
			<ele>0.00</ele>
			<time>2020-01-20T00:27:01.08Z</time>
		</trkpt>
		<trkpt lat="34.577138" lon="127.166135">
			<ele>0.00</ele>
			<time>2020-01-20T00:27:01.91Z</time>
		</trkpt>
		<trkpt lat="34.577165" lon="127.165980">
			<ele>0.00</ele>
			<time>2020-01-20T00:27:02.77Z</time>
		</trkpt>
		<trkpt lat="34.577185" lon="127.165845">
			<ele>0.00</ele>
			<time>2020-01-20T00:27:03.53Z</time>
		</trkpt>
		<trkpt lat="34.577190" lon="127.165695">
			<ele>0.00</ele>
			<time>2020-01-20T00:27:04.35Z</time>
		</trkpt>
		<trkpt lat="34.577188" lon="127.165551">
			<ele>0.00</ele>
			<time>2020-01-20T00:27:05.14Z</time>
		</trkpt>
		<trkpt lat="34.577174" lon="127.165406">
			<ele>0.00</ele>
			<time>2020-01-20T00:27:05.94Z</time>
		</trkpt>
		<trkpt lat="34.577159" lon="127.165280">
			<ele>0.00</ele>
			<time>2020-01-20T00:27:06.64Z</time>
		</trkpt>
		<trkpt lat="34.577195" lon="127.165167">
			<ele>0.00</ele>
			<time>2020-01-20T00:27:07.31Z</time>
		</trkpt>
		<trkpt lat="34.577277" lon="127.165063">
			<ele>0.00</ele>
			<time>2020-01-20T00:27:08.10Z</time>
		</trkpt>
		<trkpt lat="34.577347" lon="127.164949">
			<ele>0.00</ele>
			<time>2020-01-20T00:27:08.88Z</time>
		</trkpt>
		<trkpt lat="34.577388" lon="127.164859">
			<ele>0.00</ele>
			<time>2020-01-20T00:27:09.44Z</time>
		</trkpt>
		<trkpt lat="34.577413" lon="127.164727">
			<ele>0.00</ele>
			<time>2020-01-20T00:27:10.19Z</time>
		</trkpt>
		<trkpt lat="34.577417" lon="127.164574">
			<ele>0.00</ele>
			<time>2020-01-20T00:27:11.03Z</time>
		</trkpt>
		<trkpt lat="34.577417" lon="127.164435">
			<ele>0.00</ele>
			<time>2020-01-20T00:27:11.79Z</time>
		</trkpt>
		<trkpt lat="34.577419" lon="127.164312">
			<ele>0.00</ele>
			<time>2020-01-20T00:27:12.46Z</time>
		</trkpt>
		<trkpt lat="34.577436" lon="127.164205">
			<ele>0.00</ele>
			<time>2020-01-20T00:27:13.07Z</time>
		</trkpt>
		<trkpt lat="34.577511" lon="127.164136">
			<ele>0.00</ele>
			<time>2020-01-20T00:27:13.69Z</time>
		</trkpt>
		<trkpt lat="34.577567" lon="127.164031">
			<ele>0.00</ele>
			<time>2020-01-20T00:27:14.38Z</time>
		</trkpt>
		<trkpt lat="34.577617" lon="127.163925">
			<ele>0.00</ele>
			<time>2020-01-20T00:27:15.04Z</time>
		</trkpt>
		<trkpt lat="34.577673" lon="127.163838">
			<ele>0.00</ele>
			<time>2020-01-20T00:27:15.66Z</time>
		</trkpt>
		<trkpt lat="34.577768" lon="127.163822">
			<ele>0.00</ele>
			<time>2020-01-20T00:27:16.29Z</time>
		</trkpt>
		<trkpt lat="34.577839" lon="127.163803">
			<ele>0.00</ele>
			<time>2020-01-20T00:27:16.78Z</time>
		</trkpt>
		<trkpt lat="34.577917" lon="127.163708">
			<ele>0.00</ele>
			<time>2020-01-20T00:27:17.52Z</time>
		</trkpt>
		<trkpt lat="34.577989" lon="127.163616">
			<ele>0.00</ele>
			<time>2020-01-20T00:27:18.21Z</time>
		</trkpt>
		<trkpt lat="34.578094" lon="127.163616">
			<ele>0.00</ele>
			<time>2020-01-20T00:27:18.91Z</time>
		</trkpt>
		<trkpt lat="34.578218" lon="127.163608">
			<ele>0.00</ele>
			<time>2020-01-20T00:27:19.74Z</time>
		</trkpt>
		<trkpt lat="34.578329" lon="127.163611">
			<ele>0.00</ele>
			<time>2020-01-20T00:27:20.48Z</time>
		</trkpt>
		<trkpt lat="34.578398" lon="127.163604">
			<ele>0.00</ele>
			<time>2020-01-20T00:27:20.94Z</time>
		</trkpt>
		<trkpt lat="34.578441" lon="127.163540">
			<ele>0.00</ele>
			<time>2020-01-20T00:27:21.39Z</time>
		</trkpt>
		<trkpt lat="34.578474" lon="127.163419">
			<ele>0.00</ele>
			<time>2020-01-20T00:27:22.09Z</time>
		</trkpt>
		<trkpt lat="34.578550" lon="127.163353">
			<ele>0.00</ele>
			<time>2020-01-20T00:27:22.71Z</time>
		</trkpt>
		<trkpt lat="34.578612" lon="127.163275">
			<ele>0.00</ele>
			<time>2020-01-20T00:27:23.31Z</time>
		</trkpt>
		<trkpt lat="34.578641" lon="127.163139">
			<ele>0.00</ele>
			<time>2020-01-20T00:27:24.08Z</time>
		</trkpt>
		<trkpt lat="34.578656" lon="127.163010">
			<ele>0.00</ele>
			<time>2020-01-20T00:27:24.80Z</time>
		</trkpt>
		<trkpt lat="34.578664" lon="127.162894">
			<ele>0.00</ele>
			<time>2020-01-20T00:27:25.44Z</time>
		</trkpt>
		<trkpt lat="34.578686" lon="127.162782">
			<ele>0.00</ele>
			<time>2020-01-20T00:27:26.07Z</time>
		</trkpt>
		<trkpt lat="34.578762" lon="127.162681">
			<ele>0.00</ele>
			<time>2020-01-20T00:27:26.82Z</time>
		</trkpt>
		<trkpt lat="34.578864" lon="127.162646">
			<ele>0.00</ele>
			<time>2020-01-20T00:27:27.53Z</time>
		</trkpt>
		<trkpt lat="34.578961" lon="127.162607">
			<ele>0.00</ele>
			<time>2020-01-20T00:27:28.20Z</time>
		</trkpt>
		<trkpt lat="34.579062" lon="127.162559">
			<ele>0.00</ele>
			<time>2020-01-20T00:27:28.93Z</time>
		</trkpt>
		<trkpt lat="34.579165" lon="127.162460">
			<ele>0.00</ele>
			<time>2020-01-20T00:27:29.80Z</time>
		</trkpt>
		<trkpt lat="34.579236" lon="127.162323">
			<ele>0.00</ele>
			<time>2020-01-20T00:27:30.69Z</time>
		</trkpt>
		<trkpt lat="34.579278" lon="127.162153">
			<ele>0.00</ele>
			<time>2020-01-20T00:27:31.66Z</time>
		</trkpt>
		<trkpt lat="34.579344" lon="127.162013">
			<ele>0.00</ele>
			<time>2020-01-20T00:27:32.55Z</time>
		</trkpt>
		<trkpt lat="34.579417" lon="127.161894">
			<ele>0.00</ele>
			<time>2020-01-20T00:27:33.36Z</time>
		</trkpt>
		<trkpt lat="34.579501" lon="127.161759">
			<ele>0.00</ele>
			<time>2020-01-20T00:27:34.30Z</time>
		</trkpt>
		<trkpt lat="34.579581" lon="127.161640">
			<ele>0.00</ele>
			<time>2020-01-20T00:27:35.14Z</time>
		</trkpt>
		<trkpt lat="34.579653" lon="127.161521">
			<ele>0.00</ele>
			<time>2020-01-20T00:27:35.95Z</time>
		</trkpt>
		<trkpt lat="34.579714" lon="127.161400">
			<ele>0.00</ele>
			<time>2020-01-20T00:27:36.72Z</time>
		</trkpt>
		<trkpt lat="34.579785" lon="127.161285">
			<ele>0.00</ele>
			<time>2020-01-20T00:27:37.52Z</time>
		</trkpt>
		<trkpt lat="34.579877" lon="127.161191">
			<ele>0.00</ele>
			<time>2020-01-20T00:27:38.32Z</time>
		</trkpt>
		<trkpt lat="34.579979" lon="127.161097">
			<ele>0.00</ele>
			<time>2020-01-20T00:27:39.17Z</time>
		</trkpt>
		<trkpt lat="34.580076" lon="127.161037">
			<ele>0.00</ele>
			<time>2020-01-20T00:27:39.90Z</time>
		</trkpt>
		<trkpt lat="34.580162" lon="127.160976">
			<ele>0.00</ele>
			<time>2020-01-20T00:27:40.56Z</time>
		</trkpt>
		<trkpt lat="34.580249" lon="127.160901">
			<ele>0.00</ele>
			<time>2020-01-20T00:27:41.27Z</time>
		</trkpt>
		<trkpt lat="34.580342" lon="127.160816">
			<ele>0.00</ele>
			<time>2020-01-20T00:27:42.05Z</time>
		</trkpt>
		<trkpt lat="34.580447" lon="127.160802">
			<ele>0.00</ele>
			<time>2020-01-20T00:27:42.75Z</time>
		</trkpt>
		<trkpt lat="34.580567" lon="127.160780">
			<ele>0.00</ele>
			<time>2020-01-20T00:27:43.56Z</time>
		</trkpt>
		<trkpt lat="34.580677" lon="127.160753">
			<ele>0.00</ele>
			<time>2020-01-20T00:27:44.31Z</time>
		</trkpt>
		<trkpt lat="34.580787" lon="127.160736">
			<ele>0.00</ele>
			<time>2020-01-20T00:27:45.05Z</time>
		</trkpt>
		<trkpt lat="34.580879" lon="127.160630">
			<ele>0.00</ele>
			<time>2020-01-20T00:27:45.90Z</time>
		</trkpt>
		<trkpt lat="34.580950" lon="127.160489">
			<ele>0.00</ele>
			<time>2020-01-20T00:27:46.80Z</time>
		</trkpt>
		<trkpt lat="34.581048" lon="127.160358">
			<ele>0.00</ele>
			<time>2020-01-20T00:27:47.78Z</time>
		</trkpt>
		<trkpt lat="34.581130" lon="127.160231">
			<ele>0.00</ele>
			<time>2020-01-20T00:27:48.66Z</time>
		</trkpt>
		<trkpt lat="34.581214" lon="127.160111">
			<ele>0.00</ele>
			<time>2020-01-20T00:27:49.52Z</time>
		</trkpt>
		<trkpt lat="34.581283" lon="127.160023">
			<ele>0.00</ele>
			<time>2020-01-20T00:27:50.19Z</time>
		</trkpt>
		<trkpt lat="34.581333" lon="127.159971">
			<ele>0.00</ele>
			<time>2020-01-20T00:27:50.63Z</time>
		</trkpt>
		<trkpt lat="34.581432" lon="127.160064">
			<ele>0.00</ele>
			<time>2020-01-20T00:27:51.46Z</time>
		</trkpt>
		<trkpt lat="34.581493" lon="127.160183">
			<ele>0.00</ele>
			<time>2020-01-20T00:27:52.23Z</time>
		</trkpt>
		<trkpt lat="34.581569" lon="127.160276">
			<ele>0.00</ele>
			<time>2020-01-20T00:27:52.95Z</time>
		</trkpt>
		<trkpt lat="34.581663" lon="127.160360">
			<ele>0.00</ele>
			<time>2020-01-20T00:27:53.73Z</time>
		</trkpt>
		<trkpt lat="34.581758" lon="127.160429">
			<ele>0.00</ele>
			<time>2020-01-20T00:27:54.47Z</time>
		</trkpt>
		<trkpt lat="34.581845" lon="127.160535">
			<ele>0.00</ele>
			<time>2020-01-20T00:27:55.29Z</time>
		</trkpt>
		<trkpt lat="34.581939" lon="127.160639">
			<ele>0.00</ele>
			<time>2020-01-20T00:27:56.14Z</time>
		</trkpt>
		<trkpt lat="34.582056" lon="127.160726">
			<ele>0.00</ele>
			<time>2020-01-20T00:27:57.05Z</time>
		</trkpt>
		<trkpt lat="34.582160" lon="127.160813">
			<ele>0.00</ele>
			<time>2020-01-20T00:27:57.89Z</time>
		</trkpt>
		<trkpt lat="34.582273" lon="127.160899">
			<ele>0.00</ele>
			<time>2020-01-20T00:27:58.78Z</time>
		</trkpt>
		<trkpt lat="34.582384" lon="127.160988">
			<ele>0.00</ele>
			<time>2020-01-20T00:27:59.67Z</time>
		</trkpt>
		<trkpt lat="34.582471" lon="127.161102">
			<ele>0.00</ele>
			<time>2020-01-20T00:28:00.53Z</time>
		</trkpt>
		<trkpt lat="34.582522" lon="127.161189">
			<ele>0.00</ele>
			<time>2020-01-20T00:28:01.11Z</time>
		</trkpt>
		<trkpt lat="34.582622" lon="127.161242">
			<ele>0.00</ele>
			<time>2020-01-20T00:28:01.83Z</time>
		</trkpt>
		<trkpt lat="34.582736" lon="127.161258">
			<ele>0.00</ele>
			<time>2020-01-20T00:28:02.60Z</time>
		</trkpt>
		<trkpt lat="34.582842" lon="127.161316">
			<ele>0.00</ele>
			<time>2020-01-20T00:28:03.38Z</time>
		</trkpt>
		<trkpt lat="34.582907" lon="127.161439">
			<ele>0.00</ele>
			<time>2020-01-20T00:28:04.18Z</time>
		</trkpt>
		<trkpt lat="34.582940" lon="127.161599">
			<ele>0.00</ele>
			<time>2020-01-20T00:28:05.09Z</time>
		</trkpt>
		<trkpt lat="34.582971" lon="127.161768">
			<ele>0.00</ele>
			<time>2020-01-20T00:28:06.03Z</time>
		</trkpt>
		<trkpt lat="34.583009" lon="127.161961">
			<ele>0.00</ele>
			<time>2020-01-20T00:28:07.12Z</time>
		</trkpt>
		<trkpt lat="34.583058" lon="127.162142">
			<ele>0.00</ele>
			<time>2020-01-20T00:28:08.17Z</time>
		</trkpt>
		<trkpt lat="34.583099" lon="127.162330">
			<ele>0.00</ele>
			<time>2020-01-20T00:28:09.24Z</time>
		</trkpt>
		<trkpt lat="34.583137" lon="127.162492">
			<ele>0.00</ele>
			<time>2020-01-20T00:28:10.16Z</time>
		</trkpt>
		<trkpt lat="34.583174" lon="127.162651">
			<ele>0.00</ele>
			<time>2020-01-20T00:28:11.07Z</time>
		</trkpt>
		<trkpt lat="34.583199" lon="127.162731">
			<ele>0.00</ele>
			<time>2020-01-20T00:28:11.54Z</time>
		</trkpt>
		<trkpt lat="34.583294" lon="127.162834">
			<ele>0.00</ele>
			<time>2020-01-20T00:28:12.39Z</time>
		</trkpt>
		<trkpt lat="34.583359" lon="127.162988">
			<ele>0.00</ele>
			<time>2020-01-20T00:28:13.34Z</time>
		</trkpt>
		<trkpt lat="34.583421" lon="127.163104">
			<ele>0.00</ele>
			<time>2020-01-20T00:28:14.09Z</time>
		</trkpt>
		<trkpt lat="34.583540" lon="127.163149">
			<ele>0.00</ele>
			<time>2020-01-20T00:28:14.93Z</time>
		</trkpt>
		<trkpt lat="34.583647" lon="127.163167">
			<ele>0.00</ele>
			<time>2020-01-20T00:28:15.65Z</time>
		</trkpt>
		<trkpt lat="34.583731" lon="127.163340">
			<ele>0.00</ele>
			<time>2020-01-20T00:28:16.75Z</time>
		</trkpt>
		<trkpt lat="34.583819" lon="127.163518">
			<ele>0.00</ele>
			<time>2020-01-20T00:28:17.89Z</time>
		</trkpt>
		<trkpt lat="34.583902" lon="127.163667">
			<ele>0.00</ele>
			<time>2020-01-20T00:28:18.88Z</time>
		</trkpt>
		<trkpt lat="34.583996" lon="127.163797">
			<ele>0.00</ele>
			<time>2020-01-20T00:28:19.83Z</time>
		</trkpt>
		<trkpt lat="34.584078" lon="127.163963">
			<ele>0.00</ele>
			<time>2020-01-20T00:28:20.89Z</time>
		</trkpt>
		<trkpt lat="34.584157" lon="127.164132">
			<ele>0.00</ele>
			<time>2020-01-20T00:28:21.96Z</time>
		</trkpt>
		<trkpt lat="34.584221" lon="127.164273">
			<ele>0.00</ele>
			<time>2020-01-20T00:28:22.84Z</time>
		</trkpt>
		<trkpt lat="34.584324" lon="127.164402">
			<ele>0.00</ele>
			<time>2020-01-20T00:28:23.82Z</time>
		</trkpt>
		<trkpt lat="34.584425" lon="127.164513">
			<ele>0.00</ele>
			<time>2020-01-20T00:28:24.73Z</time>
		</trkpt>
		<trkpt lat="34.584526" lon="127.164641">
			<ele>0.00</ele>
			<time>2020-01-20T00:28:25.70Z</time>
		</trkpt>
		<trkpt lat="34.584634" lon="127.164772">
			<ele>0.00</ele>
			<time>2020-01-20T00:28:26.72Z</time>
		</trkpt>
		<trkpt lat="34.584721" lon="127.164906">
			<ele>0.00</ele>
			<time>2020-01-20T00:28:27.66Z</time>
		</trkpt>
		<trkpt lat="34.584806" lon="127.165065">
			<ele>0.00</ele>
			<time>2020-01-20T00:28:28.70Z</time>
		</trkpt>
		<trkpt lat="34.584902" lon="127.165213">
			<ele>0.00</ele>
			<time>2020-01-20T00:28:29.74Z</time>
		</trkpt>
		<trkpt lat="34.584989" lon="127.165350">
			<ele>0.00</ele>
			<time>2020-01-20T00:28:30.68Z</time>
		</trkpt>
		<trkpt lat="34.585098" lon="127.165498">
			<ele>0.00</ele>
			<time>2020-01-20T00:28:31.77Z</time>
		</trkpt>
		<trkpt lat="34.585200" lon="127.165664">
			<ele>0.00</ele>
			<time>2020-01-20T00:28:32.91Z</time>
		</trkpt>
		<trkpt lat="34.585309" lon="127.165820">
			<ele>0.00</ele>
			<time>2020-01-20T00:28:34.04Z</time>
		</trkpt>
		<trkpt lat="34.585390" lon="127.165943">
			<ele>0.00</ele>
			<time>2020-01-20T00:28:34.90Z</time>
		</trkpt>
		<trkpt lat="34.585496" lon="127.166080">
			<ele>0.00</ele>
			<time>2020-01-20T00:28:35.93Z</time>
		</trkpt>
		<trkpt lat="34.585609" lon="127.166198">
			<ele>0.00</ele>
			<time>2020-01-20T00:28:36.92Z</time>
		</trkpt>
		<trkpt lat="34.585717" lon="127.166289">
			<ele>0.00</ele>
			<time>2020-01-20T00:28:37.80Z</time>
		</trkpt>
		<trkpt lat="34.585810" lon="127.166327">
			<ele>0.00</ele>
			<time>2020-01-20T00:28:38.45Z</time>
		</trkpt>
		<trkpt lat="34.585951" lon="127.166317">
			<ele>0.00</ele>
			<time>2020-01-20T00:28:39.39Z</time>
		</trkpt>
		<trkpt lat="34.586080" lon="127.166338">
			<ele>0.00</ele>
			<time>2020-01-20T00:28:40.27Z</time>
		</trkpt>
		<trkpt lat="34.586217" lon="127.166336">
			<ele>0.00</ele>
			<time>2020-01-20T00:28:41.18Z</time>
		</trkpt>
		<trkpt lat="34.586351" lon="127.166349">
			<ele>0.00</ele>
			<time>2020-01-20T00:28:42.07Z</time>
		</trkpt>
		<trkpt lat="34.586509" lon="127.166365">
			<ele>0.00</ele>
			<time>2020-01-20T00:28:43.13Z</time>
		</trkpt>
		<trkpt lat="34.586657" lon="127.166411">
			<ele>0.00</ele>
			<time>2020-01-20T00:28:44.15Z</time>
		</trkpt>
		<trkpt lat="34.586794" lon="127.166456">
			<ele>0.00</ele>
			<time>2020-01-20T00:28:45.10Z</time>
		</trkpt>
		<trkpt lat="34.586958" lon="127.166495">
			<ele>0.00</ele>
			<time>2020-01-20T00:28:46.21Z</time>
		</trkpt>
		<trkpt lat="34.587120" lon="127.166532">
			<ele>0.00</ele>
			<time>2020-01-20T00:28:47.31Z</time>
		</trkpt>
		<trkpt lat="34.587245" lon="127.166557">
			<ele>0.00</ele>
			<time>2020-01-20T00:28:48.15Z</time>
		</trkpt>
		<trkpt lat="34.587400" lon="127.166588">
			<ele>0.00</ele>
			<time>2020-01-20T00:28:49.20Z</time>
		</trkpt>
		<trkpt lat="34.587528" lon="127.166608">
			<ele>0.00</ele>
			<time>2020-01-20T00:28:50.06Z</time>
		</trkpt>
		<trkpt lat="34.587635" lon="127.166625">
			<ele>0.00</ele>
			<time>2020-01-20T00:28:50.78Z</time>
		</trkpt>
		<trkpt lat="34.587774" lon="127.166675">
			<ele>0.00</ele>
			<time>2020-01-20T00:28:51.75Z</time>
		</trkpt>
		<trkpt lat="34.587919" lon="127.166737">
			<ele>0.00</ele>
			<time>2020-01-20T00:28:52.77Z</time>
		</trkpt>
		<trkpt lat="34.588078" lon="127.166784">
			<ele>0.00</ele>
			<time>2020-01-20T00:28:53.86Z</time>
		</trkpt>
		<trkpt lat="34.588232" lon="127.166858">
			<ele>0.00</ele>
			<time>2020-01-20T00:28:54.97Z</time>
		</trkpt>
		<trkpt lat="34.588393" lon="127.166927">
			<ele>0.00</ele>
			<time>2020-01-20T00:28:56.11Z</time>
		</trkpt>
		<trkpt lat="34.588549" lon="127.166984">
			<ele>0.00</ele>
			<time>2020-01-20T00:28:57.19Z</time>
		</trkpt>
		<trkpt lat="34.588693" lon="127.167046">
			<ele>0.00</ele>
			<time>2020-01-20T00:28:58.21Z</time>
		</trkpt>
		<trkpt lat="34.588846" lon="127.167111">
			<ele>0.00</ele>
			<time>2020-01-20T00:28:59.29Z</time>
		</trkpt>
		<trkpt lat="34.588966" lon="127.167172">
			<ele>0.00</ele>
			<time>2020-01-20T00:29:00.16Z</time>
		</trkpt>
		<trkpt lat="34.589058" lon="127.167262">
			<ele>0.00</ele>
			<time>2020-01-20T00:29:00.95Z</time>
		</trkpt>
		<trkpt lat="34.589139" lon="127.167392">
			<ele>0.00</ele>
			<time>2020-01-20T00:29:01.84Z</time>
		</trkpt>
		<trkpt lat="34.589213" lon="127.167549">
			<ele>0.00</ele>
			<time>2020-01-20T00:29:02.83Z</time>
		</trkpt>
		<trkpt lat="34.589261" lon="127.167695">
			<ele>0.00</ele>
			<time>2020-01-20T00:29:03.70Z</time>
		</trkpt>
		<trkpt lat="34.589266" lon="127.167897">
			<ele>0.00</ele>
			<time>2020-01-20T00:29:04.81Z</time>
		</trkpt>
		<trkpt lat="34.589270" lon="127.168107">
			<ele>0.00</ele>
			<time>2020-01-20T00:29:05.96Z</time>
		</trkpt>
		<trkpt lat="34.589303" lon="127.168323">
			<ele>0.00</ele>
			<time>2020-01-20T00:29:07.16Z</time>
		</trkpt>
		<trkpt lat="34.589338" lon="127.168490">
			<ele>0.00</ele>
			<time>2020-01-20T00:29:08.11Z</time>
		</trkpt>
		<trkpt lat="34.589373" lon="127.168639">
			<ele>0.00</ele>
			<time>2020-01-20T00:29:08.96Z</time>
		</trkpt>
		<trkpt lat="34.589402" lon="127.168758">
			<ele>0.00</ele>
			<time>2020-01-20T00:29:09.64Z</time>
		</trkpt>
		<trkpt lat="34.589561" lon="127.168725">
			<ele>0.00</ele>
			<time>2020-01-20T00:29:10.72Z</time>
		</trkpt>
		<trkpt lat="34.589713" lon="127.168718">
			<ele>0.00</ele>
			<time>2020-01-20T00:29:11.73Z</time>
		</trkpt>
		<trkpt lat="34.589855" lon="127.168693">
			<ele>0.00</ele>
			<time>2020-01-20T00:29:12.69Z</time>
		</trkpt>
		<trkpt lat="34.589988" lon="127.168674">
			<ele>0.00</ele>
			<time>2020-01-20T00:29:13.58Z</time>
		</trkpt>
		<trkpt lat="34.590142" lon="127.168665">
			<ele>0.00</ele>
			<time>2020-01-20T00:29:14.61Z</time>
		</trkpt>
		<trkpt lat="34.590306" lon="127.168646">
			<ele>0.00</ele>
			<time>2020-01-20T00:29:15.71Z</time>
		</trkpt>
		<trkpt lat="34.590468" lon="127.168644">
			<ele>0.00</ele>
			<time>2020-01-20T00:29:16.79Z</time>
		</trkpt>
		<trkpt lat="34.590626" lon="127.168629">
			<ele>0.00</ele>
			<time>2020-01-20T00:29:17.84Z</time>
		</trkpt>
		<trkpt lat="34.590730" lon="127.168588">
			<ele>0.00</ele>
			<time>2020-01-20T00:29:18.57Z</time>
		</trkpt>
		<trkpt lat="34.590874" lon="127.168639">
			<ele>0.00</ele>
			<time>2020-01-20T00:29:19.57Z</time>
		</trkpt>
		<trkpt lat="34.590942" lon="127.168766">
			<ele>0.00</ele>
			<time>2020-01-20T00:29:20.40Z</time>
		</trkpt>
		<trkpt lat="34.591022" lon="127.168925">
			<ele>0.00</ele>
			<time>2020-01-20T00:29:21.43Z</time>
		</trkpt>
		<trkpt lat="34.591107" lon="127.169084">
			<ele>0.00</ele>
			<time>2020-01-20T00:29:22.47Z</time>
		</trkpt>
		<trkpt lat="34.591213" lon="127.169225">
			<ele>0.00</ele>
			<time>2020-01-20T00:29:23.52Z</time>
		</trkpt>
		<trkpt lat="34.591320" lon="127.169391">
			<ele>0.00</ele>
			<time>2020-01-20T00:29:24.67Z</time>
		</trkpt>
		<trkpt lat="34.591407" lon="127.169545">
			<ele>0.00</ele>
			<time>2020-01-20T00:29:25.70Z</time>
		</trkpt>
		<trkpt lat="34.591467" lon="127.169619">
			<ele>0.00</ele>
			<time>2020-01-20T00:29:26.27Z</time>
		</trkpt>
		<trkpt lat="34.591591" lon="127.169533">
			<ele>0.00</ele>
			<time>2020-01-20T00:29:27.22Z</time>
		</trkpt>
		<trkpt lat="34.591678" lon="127.169659">
			<ele>0.00</ele>
			<time>2020-01-20T00:29:28.13Z</time>
		</trkpt>
		<trkpt lat="34.591762" lon="127.169816">
			<ele>0.00</ele>
			<time>2020-01-20T00:29:29.15Z</time>
		</trkpt>
		<trkpt lat="34.591862" lon="127.169983">
			<ele>0.00</ele>
			<time>2020-01-20T00:29:30.29Z</time>
		</trkpt>
		<trkpt lat="34.591960" lon="127.170153">
			<ele>0.00</ele>
			<time>2020-01-20T00:29:31.42Z</time>
		</trkpt>
		<trkpt lat="34.592073" lon="127.170339">
			<ele>0.00</ele>
			<time>2020-01-20T00:29:32.69Z</time>
		</trkpt>
		<trkpt lat="34.592175" lon="127.170485">
			<ele>0.00</ele>
			<time>2020-01-20T00:29:33.75Z</time>
		</trkpt>
		<trkpt lat="34.592264" lon="127.170618">
			<ele>0.00</ele>
			<time>2020-01-20T00:29:34.69Z</time>
		</trkpt>
		<trkpt lat="34.592363" lon="127.170750">
			<ele>0.00</ele>
			<time>2020-01-20T00:29:35.66Z</time>
		</trkpt>
		<trkpt lat="34.592467" lon="127.170872">
			<ele>0.00</ele>
			<time>2020-01-20T00:29:36.63Z</time>
		</trkpt>
		<trkpt lat="34.592590" lon="127.170979">
			<ele>0.00</ele>
			<time>2020-01-20T00:29:37.64Z</time>
		</trkpt>
		<trkpt lat="34.592686" lon="127.171073">
			<ele>0.00</ele>
			<time>2020-01-20T00:29:38.46Z</time>
		</trkpt>
		<trkpt lat="34.592783" lon="127.171192">
			<ele>0.00</ele>
			<time>2020-01-20T00:29:39.38Z</time>
		</trkpt>
		<trkpt lat="34.592825" lon="127.171284">
			<ele>0.00</ele>
			<time>2020-01-20T00:29:39.95Z</time>
		</trkpt>
		<trkpt lat="34.592866" lon="127.171453">
			<ele>0.00</ele>
			<time>2020-01-20T00:29:40.92Z</time>
		</trkpt>
		<trkpt lat="34.592911" lon="127.171607">
			<ele>0.00</ele>
			<time>2020-01-20T00:29:41.82Z</time>
		</trkpt>
		<trkpt lat="34.593028" lon="127.171741">
			<ele>0.00</ele>
			<time>2020-01-20T00:29:42.89Z</time>
		</trkpt>
		<trkpt lat="34.593125" lon="127.171852">
			<ele>0.00</ele>
			<time>2020-01-20T00:29:43.78Z</time>
		</trkpt>
		<trkpt lat="34.593218" lon="127.171984">
			<ele>0.00</ele>
			<time>2020-01-20T00:29:44.74Z</time>
		</trkpt>
		<trkpt lat="34.593295" lon="127.172134">
			<ele>0.00</ele>
			<time>2020-01-20T00:29:45.70Z</time>
		</trkpt>
		<trkpt lat="34.593376" lon="127.172294">
			<ele>0.00</ele>
			<time>2020-01-20T00:29:46.74Z</time>
		</trkpt>
		<trkpt lat="34.593469" lon="127.172444">
			<ele>0.00</ele>
			<time>2020-01-20T00:29:47.77Z</time>
		</trkpt>
		<trkpt lat="34.593560" lon="127.172582">
			<ele>0.00</ele>
			<time>2020-01-20T00:29:48.74Z</time>
		</trkpt>
		<trkpt lat="34.593596" lon="127.172667">
			<ele>0.00</ele>
			<time>2020-01-20T00:29:49.26Z</time>
		</trkpt>
		<trkpt lat="34.593597" lon="127.172857">
			<ele>0.00</ele>
			<time>2020-01-20T00:29:50.30Z</time>
		</trkpt>
		<trkpt lat="34.593651" lon="127.172998">
			<ele>0.00</ele>
			<time>2020-01-20T00:29:51.16Z</time>
		</trkpt>
		<trkpt lat="34.593745" lon="127.173137">
			<ele>0.00</ele>
			<time>2020-01-20T00:29:52.15Z</time>
		</trkpt>
		<trkpt lat="34.593810" lon="127.173211">
			<ele>0.00</ele>
			<time>2020-01-20T00:29:52.74Z</time>
		</trkpt>
		<trkpt lat="34.593814" lon="127.173211">
			<ele>0.00</ele>
			<time>2020-01-20T00:29:52.80Z</time>
		</trkpt>
		<trkpt lat="34.593894" lon="127.173184">
			<ele>0.00</ele>
			<time>2020-01-20T00:29:53.35Z</time>
		</trkpt>
		<trkpt lat="34.593990" lon="127.173147">
			<ele>0.00</ele>
			<time>2020-01-20T00:29:54.03Z</time>
		</trkpt>
		<trkpt lat="34.594101" lon="127.173093">
			<ele>0.00</ele>
			<time>2020-01-20T00:29:54.82Z</time>
		</trkpt>
		<trkpt lat="34.594219" lon="127.173047">
			<ele>0.00</ele>
			<time>2020-01-20T00:29:55.65Z</time>
		</trkpt>
		<trkpt lat="34.594344" lon="127.173016">
			<ele>0.00</ele>
			<time>2020-01-20T00:29:56.50Z</time>
		</trkpt>
		<trkpt lat="34.594472" lon="127.172981">
			<ele>0.00</ele>
			<time>2020-01-20T00:29:57.37Z</time>
		</trkpt>
		<trkpt lat="34.594612" lon="127.172987">
			<ele>0.00</ele>
			<time>2020-01-20T00:29:58.31Z</time>
		</trkpt>
		<trkpt lat="34.594756" lon="127.173002">
			<ele>0.00</ele>
			<time>2020-01-20T00:29:59.27Z</time>
		</trkpt>
		<trkpt lat="34.594879" lon="127.173027">
			<ele>0.00</ele>
			<time>2020-01-20T00:30:00.10Z</time>
		</trkpt>
		<trkpt lat="34.594992" lon="127.173047">
			<ele>0.00</ele>
			<time>2020-01-20T00:30:00.87Z</time>
		</trkpt>
		<trkpt lat="34.595129" lon="127.173079">
			<ele>0.00</ele>
			<time>2020-01-20T00:30:01.79Z</time>
		</trkpt>
		<trkpt lat="34.595127" lon="127.173074">
			<ele>0.00</ele>
			<time>2020-01-20T00:30:01.85Z</time>
		</trkpt>
		<trkpt lat="34.595239" lon="127.173034">
			<ele>0.00</ele>
			<time>2020-01-20T00:30:02.63Z</time>
		</trkpt>
		<trkpt lat="34.595388" lon="127.172985">
			<ele>0.00</ele>
			<time>2020-01-20T00:30:03.66Z</time>
		</trkpt>
		<trkpt lat="34.595526" lon="127.172920">
			<ele>0.00</ele>
			<time>2020-01-20T00:30:04.65Z</time>
		</trkpt>
		<trkpt lat="34.595675" lon="127.172863">
			<ele>0.00</ele>
			<time>2020-01-20T00:30:05.68Z</time>
		</trkpt>
		<trkpt lat="34.595832" lon="127.172809">
			<ele>0.00</ele>
			<time>2020-01-20T00:30:06.77Z</time>
		</trkpt>
		<trkpt lat="34.595961" lon="127.172758">
			<ele>0.00</ele>
			<time>2020-01-20T00:30:07.68Z</time>
		</trkpt>
		<trkpt lat="34.596102" lon="127.172698">
			<ele>0.00</ele>
			<time>2020-01-20T00:30:08.67Z</time>
		</trkpt>
		<trkpt lat="34.596219" lon="127.172649">
			<ele>0.00</ele>
			<time>2020-01-20T00:30:09.50Z</time>
		</trkpt>
		<trkpt lat="34.596345" lon="127.172561">
			<ele>0.00</ele>
			<time>2020-01-20T00:30:10.47Z</time>
		</trkpt>
		<trkpt lat="34.596458" lon="127.172464">
			<ele>0.00</ele>
			<time>2020-01-20T00:30:11.39Z</time>
		</trkpt>
		<trkpt lat="34.596568" lon="127.172361">
			<ele>0.00</ele>
			<time>2020-01-20T00:30:12.31Z</time>
		</trkpt>
		<trkpt lat="34.596676" lon="127.172285">
			<ele>0.00</ele>
			<time>2020-01-20T00:30:13.15Z</time>
		</trkpt>
		<trkpt lat="34.596808" lon="127.172198">
			<ele>0.00</ele>
			<time>2020-01-20T00:30:14.15Z</time>
		</trkpt>
		<trkpt lat="34.596953" lon="127.172118">
			<ele>0.00</ele>
			<time>2020-01-20T00:30:15.22Z</time>
		</trkpt>
		<trkpt lat="34.597097" lon="127.172060">
			<ele>0.00</ele>
			<time>2020-01-20T00:30:16.23Z</time>
		</trkpt>
		<trkpt lat="34.597221" lon="127.172022">
			<ele>0.00</ele>
			<time>2020-01-20T00:30:17.08Z</time>
		</trkpt>
		<trkpt lat="34.597354" lon="127.171987">
			<ele>0.00</ele>
			<time>2020-01-20T00:30:17.98Z</time>
		</trkpt>
		<trkpt lat="34.597468" lon="127.171938">
			<ele>0.00</ele>
			<time>2020-01-20T00:30:18.79Z</time>
		</trkpt>
		<trkpt lat="34.597589" lon="127.171920">
			<ele>0.00</ele>
			<time>2020-01-20T00:30:19.60Z</time>
		</trkpt>
		<trkpt lat="34.597727" lon="127.171902">
			<ele>0.00</ele>
			<time>2020-01-20T00:30:20.53Z</time>
		</trkpt>
		<trkpt lat="34.597858" lon="127.171911">
			<ele>0.00</ele>
			<time>2020-01-20T00:30:21.40Z</time>
		</trkpt>
		<trkpt lat="34.597977" lon="127.171932">
			<ele>0.00</ele>
			<time>2020-01-20T00:30:22.20Z</time>
		</trkpt>
		<trkpt lat="34.597970" lon="127.171941">
			<ele>0.00</ele>
			<time>2020-01-20T00:30:22.27Z</time>
		</trkpt>
		<trkpt lat="34.598083" lon="127.171940">
			<ele>0.00</ele>
			<time>2020-01-20T00:30:23.02Z</time>
		</trkpt>
		<trkpt lat="34.598207" lon="127.171917">
			<ele>0.00</ele>
			<time>2020-01-20T00:30:23.85Z</time>
		</trkpt>
		<trkpt lat="34.598309" lon="127.171856">
			<ele>0.00</ele>
			<time>2020-01-20T00:30:24.61Z</time>
		</trkpt>
		<trkpt lat="34.598397" lon="127.171789">
			<ele>0.00</ele>
			<time>2020-01-20T00:30:25.30Z</time>
		</trkpt>
		<trkpt lat="34.598494" lon="127.171710">
			<ele>0.00</ele>
			<time>2020-01-20T00:30:26.09Z</time>
		</trkpt>
		<trkpt lat="34.598581" lon="127.171644">
			<ele>0.00</ele>
			<time>2020-01-20T00:30:26.77Z</time>
		</trkpt>
		<trkpt lat="34.598674" lon="127.171567">
			<ele>0.00</ele>
			<time>2020-01-20T00:30:27.52Z</time>
		</trkpt>
		<trkpt lat="34.598772" lon="127.171489">
			<ele>0.00</ele>
			<time>2020-01-20T00:30:28.30Z</time>
		</trkpt>
		<trkpt lat="34.598859" lon="127.171413">
			<ele>0.00</ele>
			<time>2020-01-20T00:30:29.02Z</time>
		</trkpt>
		<trkpt lat="34.598937" lon="127.171331">
			<ele>0.00</ele>
			<time>2020-01-20T00:30:29.70Z</time>
		</trkpt>
		<trkpt lat="34.599042" lon="127.171230">
			<ele>0.00</ele>
			<time>2020-01-20T00:30:30.60Z</time>
		</trkpt>
		<trkpt lat="34.599136" lon="127.171146">
			<ele>0.00</ele>
			<time>2020-01-20T00:30:31.38Z</time>
		</trkpt>
		<trkpt lat="34.599260" lon="127.171066">
			<ele>0.00</ele>
			<time>2020-01-20T00:30:32.31Z</time>
		</trkpt>
		<trkpt lat="34.599381" lon="127.171015">
			<ele>0.00</ele>
			<time>2020-01-20T00:30:33.17Z</time>
		</trkpt>
		<trkpt lat="34.599503" lon="127.170971">
			<ele>0.00</ele>
			<time>2020-01-20T00:30:34.01Z</time>
		</trkpt>
		<trkpt lat="34.599623" lon="127.170924">
			<ele>0.00</ele>
			<time>2020-01-20T00:30:34.85Z</time>
		</trkpt>
		<trkpt lat="34.599730" lon="127.170885">
			<ele>0.00</ele>
			<time>2020-01-20T00:30:35.60Z</time>
		</trkpt>
		<trkpt lat="34.599860" lon="127.170850">
			<ele>0.00</ele>
			<time>2020-01-20T00:30:36.49Z</time>
		</trkpt>
		<trkpt lat="34.599991" lon="127.170845">
			<ele>0.00</ele>
			<time>2020-01-20T00:30:37.36Z</time>
		</trkpt>
		<trkpt lat="34.600136" lon="127.170878">
			<ele>0.00</ele>
			<time>2020-01-20T00:30:38.34Z</time>
		</trkpt>
		<trkpt lat="34.600258" lon="127.170922">
			<ele>0.00</ele>
			<time>2020-01-20T00:30:39.19Z</time>
		</trkpt>
		<trkpt lat="34.600386" lon="127.170968">
			<ele>0.00</ele>
			<time>2020-01-20T00:30:40.08Z</time>
		</trkpt>
		<trkpt lat="34.600526" lon="127.171046">
			<ele>0.00</ele>
			<time>2020-01-20T00:30:41.11Z</time>
		</trkpt>
		<trkpt lat="34.600648" lon="127.171140">
			<ele>0.00</ele>
			<time>2020-01-20T00:30:42.07Z</time>
		</trkpt>
		<trkpt lat="34.600743" lon="127.171257">
			<ele>0.00</ele>
			<time>2020-01-20T00:30:42.97Z</time>
		</trkpt>
		<trkpt lat="34.600811" lon="127.171418">
			<ele>0.00</ele>
			<time>2020-01-20T00:30:43.97Z</time>
		</trkpt>
		<trkpt lat="34.600859" lon="127.171619">
			<ele>0.00</ele>
			<time>2020-01-20T00:30:45.11Z</time>
		</trkpt>
		<trkpt lat="34.600896" lon="127.171789">
			<ele>0.00</ele>
			<time>2020-01-20T00:30:46.08Z</time>
		</trkpt>
		<trkpt lat="34.600943" lon="127.171965">
			<ele>0.00</ele>
			<time>2020-01-20T00:30:47.09Z</time>
		</trkpt>
		<trkpt lat="34.601030" lon="127.172125">
			<ele>0.00</ele>
			<time>2020-01-20T00:30:48.15Z</time>
		</trkpt>
		<trkpt lat="34.601129" lon="127.172258">
			<ele>0.00</ele>
			<time>2020-01-20T00:30:49.13Z</time>
		</trkpt>
		<trkpt lat="34.601219" lon="127.172376">
			<ele>0.00</ele>
			<time>2020-01-20T00:30:50.01Z</time>
		</trkpt>
		<trkpt lat="34.601293" lon="127.172515">
			<ele>0.00</ele>
			<time>2020-01-20T00:30:50.92Z</time>
		</trkpt>
		<trkpt lat="34.601343" lon="127.172701">
			<ele>0.00</ele>
			<time>2020-01-20T00:30:52Z</time>
		</trkpt>
		<trkpt lat="34.601374" lon="127.172868">
			<ele>0.00</ele>
			<time>2020-01-20T00:30:52.94Z</time>
		</trkpt>
		<trkpt lat="34.601403" lon="127.172994">
			<ele>0.00</ele>
			<time>2020-01-20T00:30:53.66Z</time>
		</trkpt>
		<trkpt lat="34.601518" lon="127.172900">
			<ele>0.00</ele>
			<time>2020-01-20T00:30:54.58Z</time>
		</trkpt>
		<trkpt lat="34.601616" lon="127.172837">
			<ele>0.00</ele>
			<time>2020-01-20T00:30:55.31Z</time>
		</trkpt>
		<trkpt lat="34.601702" lon="127.172767">
			<ele>0.00</ele>
			<time>2020-01-20T00:30:56Z</time>
		</trkpt>
		<trkpt lat="34.601825" lon="127.172947">
			<ele>0.00</ele>
			<time>2020-01-20T00:30:57.29Z</time>
		</trkpt>
		<trkpt lat="34.601917" lon="127.173081">
			<ele>0.00</ele>
			<time>2020-01-20T00:30:58.25Z</time>
		</trkpt>
		<trkpt lat="34.602008" lon="127.173218">
			<ele>0.00</ele>
			<time>2020-01-20T00:30:59.21Z</time>
		</trkpt>
		<trkpt lat="34.602108" lon="127.173372">
			<ele>0.00</ele>
			<time>2020-01-20T00:31:00.29Z</time>
		</trkpt>
		<trkpt lat="34.602196" lon="127.173507">
			<ele>0.00</ele>
			<time>2020-01-20T00:31:01.24Z</time>
		</trkpt>
		<trkpt lat="34.602293" lon="127.173612">
			<ele>0.00</ele>
			<time>2020-01-20T00:31:02.10Z</time>
		</trkpt>
		<trkpt lat="34.602396" lon="127.173557">
			<ele>0.00</ele>
			<time>2020-01-20T00:31:02.85Z</time>
		</trkpt>
		<trkpt lat="34.602479" lon="127.173508">
			<ele>0.00</ele>
			<time>2020-01-20T00:31:03.47Z</time>
		</trkpt>
		<trkpt lat="34.602610" lon="127.173474">
			<ele>0.00</ele>
			<time>2020-01-20T00:31:04.36Z</time>
		</trkpt>
		<trkpt lat="34.602749" lon="127.173434">
			<ele>0.00</ele>
			<time>2020-01-20T00:31:05.31Z</time>
		</trkpt>
		<trkpt lat="34.602880" lon="127.173410">
			<ele>0.00</ele>
			<time>2020-01-20T00:31:06.20Z</time>
		</trkpt>
		<trkpt lat="34.602999" lon="127.173379">
			<ele>0.00</ele>
			<time>2020-01-20T00:31:07.01Z</time>
		</trkpt>
		<trkpt lat="34.603110" lon="127.173360">
			<ele>0.00</ele>
			<time>2020-01-20T00:31:07.76Z</time>
		</trkpt>
		<trkpt lat="34.603189" lon="127.173354">
			<ele>0.00</ele>
			<time>2020-01-20T00:31:08.28Z</time>
		</trkpt>
		<trkpt lat="34.603290" lon="127.173267">
			<ele>0.00</ele>
			<time>2020-01-20T00:31:09.11Z</time>
		</trkpt>
		<trkpt lat="34.603388" lon="127.173185">
			<ele>0.00</ele>
			<time>2020-01-20T00:31:09.90Z</time>
		</trkpt>
		<trkpt lat="34.603489" lon="127.173093">
			<ele>0.00</ele>
			<time>2020-01-20T00:31:10.74Z</time>
		</trkpt>
		<trkpt lat="34.603587" lon="127.173014">
			<ele>0.00</ele>
			<time>2020-01-20T00:31:11.53Z</time>
		</trkpt>
		<trkpt lat="34.603673" lon="127.172934">
			<ele>0.00</ele>
			<time>2020-01-20T00:31:12.25Z</time>
		</trkpt>
		<trkpt lat="34.603766" lon="127.172851">
			<ele>0.00</ele>
			<time>2020-01-20T00:31:13.02Z</time>
		</trkpt>
		<trkpt lat="34.603865" lon="127.172762">
			<ele>0.00</ele>
			<time>2020-01-20T00:31:13.84Z</time>
		</trkpt>
		<trkpt lat="34.603964" lon="127.172695">
			<ele>0.00</ele>
			<time>2020-01-20T00:31:14.59Z</time>
		</trkpt>
		<trkpt lat="34.604063" lon="127.172611">
			<ele>0.00</ele>
			<time>2020-01-20T00:31:15.40Z</time>
		</trkpt>
		<trkpt lat="34.604159" lon="127.172528">
			<ele>0.00</ele>
			<time>2020-01-20T00:31:16.18Z</time>
		</trkpt>
		<trkpt lat="34.604253" lon="127.172445">
			<ele>0.00</ele>
			<time>2020-01-20T00:31:16.96Z</time>
		</trkpt>
		<trkpt lat="34.604352" lon="127.172365">
			<ele>0.00</ele>
			<time>2020-01-20T00:31:17.75Z</time>
		</trkpt>
		<trkpt lat="34.604441" lon="127.172276">
			<ele>0.00</ele>
			<time>2020-01-20T00:31:18.52Z</time>
		</trkpt>
		<trkpt lat="34.604525" lon="127.172192">
			<ele>0.00</ele>
			<time>2020-01-20T00:31:19.24Z</time>
		</trkpt>
		<trkpt lat="34.604601" lon="127.172205">
			<ele>0.00</ele>
			<time>2020-01-20T00:31:19.76Z</time>
		</trkpt>
		<trkpt lat="34.604711" lon="127.172316">
			<ele>0.00</ele>
			<time>2020-01-20T00:31:20.71Z</time>
		</trkpt>
		<trkpt lat="34.604849" lon="127.172445">
			<ele>0.00</ele>
			<time>2020-01-20T00:31:21.87Z</time>
		</trkpt>
		<trkpt lat="34.604966" lon="127.172544">
			<ele>0.00</ele>
			<time>2020-01-20T00:31:22.82Z</time>
		</trkpt>
		<trkpt lat="34.605090" lon="127.172613">
			<ele>0.00</ele>
			<time>2020-01-20T00:31:23.73Z</time>
		</trkpt>
		<trkpt lat="34.605240" lon="127.172668">
			<ele>0.00</ele>
			<time>2020-01-20T00:31:24.77Z</time>
		</trkpt>
		<trkpt lat="34.605370" lon="127.172730">
			<ele>0.00</ele>
			<time>2020-01-20T00:31:25.70Z</time>
		</trkpt>
		<trkpt lat="34.605492" lon="127.172804">
			<ele>0.00</ele>
			<time>2020-01-20T00:31:26.61Z</time>
		</trkpt>
		<trkpt lat="34.605599" lon="127.172850">
			<ele>0.00</ele>
			<time>2020-01-20T00:31:27.37Z</time>
		</trkpt>
		<trkpt lat="34.605748" lon="127.172909">
			<ele>0.00</ele>
			<time>2020-01-20T00:31:28.42Z</time>
		</trkpt>
		<trkpt lat="34.605878" lon="127.172952">
			<ele>0.00</ele>
			<time>2020-01-20T00:31:29.31Z</time>
		</trkpt>
		<trkpt lat="34.606004" lon="127.172977">
			<ele>0.00</ele>
			<time>2020-01-20T00:31:30.17Z</time>
		</trkpt>
		<trkpt lat="34.606174" lon="127.173008">
			<ele>0.00</ele>
			<time>2020-01-20T00:31:31.31Z</time>
		</trkpt>
		<trkpt lat="34.606321" lon="127.173020">
			<ele>0.00</ele>
			<time>2020-01-20T00:31:32.29Z</time>
		</trkpt>
		<trkpt lat="34.606405" lon="127.173020">
			<ele>0.00</ele>
			<time>2020-01-20T00:31:32.85Z</time>
		</trkpt>
		<trkpt lat="34.606382" lon="127.173248">
			<ele>0.00</ele>
			<time>2020-01-20T00:31:34.11Z</time>
		</trkpt>
		<trkpt lat="34.606385" lon="127.173485">
			<ele>0.00</ele>
			<time>2020-01-20T00:31:35.41Z</time>
		</trkpt>
		<trkpt lat="34.606392" lon="127.173706">
			<ele>0.00</ele>
			<time>2020-01-20T00:31:36.63Z</time>
		</trkpt>
		<trkpt lat="34.606380" lon="127.173928">
			<ele>0.00</ele>
			<time>2020-01-20T00:31:37.84Z</time>
		</trkpt>
		<trkpt lat="34.606380" lon="127.174151">
			<ele>0.00</ele>
			<time>2020-01-20T00:31:39.07Z</time>
		</trkpt>
		<trkpt lat="34.606382" lon="127.174376">
			<ele>0.00</ele>
			<time>2020-01-20T00:31:40.31Z</time>
		</trkpt>
		<trkpt lat="34.606372" lon="127.174580">
			<ele>0.00</ele>
			<time>2020-01-20T00:31:41.43Z</time>
		</trkpt>
		<trkpt lat="34.606375" lon="127.174731">
			<ele>0.00</ele>
			<time>2020-01-20T00:31:42.26Z</time>
		</trkpt>
		<trkpt lat="34.606388" lon="127.174835">
			<ele>0.00</ele>
			<time>2020-01-20T00:31:42.83Z</time>
		</trkpt>
		<trkpt lat="34.606493" lon="127.174902">
			<ele>0.00</ele>
			<time>2020-01-20T00:31:43.62Z</time>
		</trkpt>
		<trkpt lat="34.606613" lon="127.174942">
			<ele>0.00</ele>
			<time>2020-01-20T00:31:44.45Z</time>
		</trkpt>
		<trkpt lat="34.606733" lon="127.174938">
			<ele>0.00</ele>
			<time>2020-01-20T00:31:45.25Z</time>
		</trkpt>
		<trkpt lat="34.606843" lon="127.174870">
			<ele>0.00</ele>
			<time>2020-01-20T00:31:46.07Z</time>
		</trkpt>
		<trkpt lat="34.606953" lon="127.174824">
			<ele>0.00</ele>
			<time>2020-01-20T00:31:46.85Z</time>
		</trkpt>
		<trkpt lat="34.607055" lon="127.174797">
			<ele>0.00</ele>
			<time>2020-01-20T00:31:47.55Z</time>
		</trkpt>
		<trkpt lat="34.607192" lon="127.174863">
			<ele>0.00</ele>
			<time>2020-01-20T00:31:48.53Z</time>
		</trkpt>
		<trkpt lat="34.607323" lon="127.174931">
			<ele>0.00</ele>
			<time>2020-01-20T00:31:49.48Z</time>
		</trkpt>
		<trkpt lat="34.607460" lon="127.174982">
			<ele>0.00</ele>
			<time>2020-01-20T00:31:50.44Z</time>
		</trkpt>
		<trkpt lat="34.607582" lon="127.175028">
			<ele>0.00</ele>
			<time>2020-01-20T00:31:51.29Z</time>
		</trkpt>
		<trkpt lat="34.607737" lon="127.175055">
			<ele>0.00</ele>
			<time>2020-01-20T00:31:52.33Z</time>
		</trkpt>
		<trkpt lat="34.607881" lon="127.175059">
			<ele>0.00</ele>
			<time>2020-01-20T00:31:53.29Z</time>
		</trkpt>
		<trkpt lat="34.608030" lon="127.175053">
			<ele>0.00</ele>
			<time>2020-01-20T00:31:54.28Z</time>
		</trkpt>
		<trkpt lat="34.608174" lon="127.175024">
			<ele>0.00</ele>
			<time>2020-01-20T00:31:55.26Z</time>
		</trkpt>
		<trkpt lat="34.608299" lon="127.175063">
			<ele>0.00</ele>
			<time>2020-01-20T00:31:56.12Z</time>
		</trkpt>
		<trkpt lat="34.608425" lon="127.175168">
			<ele>0.00</ele>
			<time>2020-01-20T00:31:57.14Z</time>
		</trkpt>
		<trkpt lat="34.608534" lon="127.175285">
			<ele>0.00</ele>
			<time>2020-01-20T00:31:58.10Z</time>
		</trkpt>
		<trkpt lat="34.608647" lon="127.175407">
			<ele>0.00</ele>
			<time>2020-01-20T00:31:59.12Z</time>
		</trkpt>
		<trkpt lat="34.608730" lon="127.175535">
			<ele>0.00</ele>
			<time>2020-01-20T00:32:00Z</time>
		</trkpt>
		<trkpt lat="34.608775" lon="127.175727">
			<ele>0.00</ele>
			<time>2020-01-20T00:32:01.10Z</time>
		</trkpt>
		<trkpt lat="34.608859" lon="127.175887">
			<ele>0.00</ele>
			<time>2020-01-20T00:32:02.14Z</time>
		</trkpt>
		<trkpt lat="34.608963" lon="127.176020">
			<ele>0.00</ele>
			<time>2020-01-20T00:32:03.15Z</time>
		</trkpt>
		<trkpt lat="34.609056" lon="127.176103">
			<ele>0.00</ele>
			<time>2020-01-20T00:32:03.92Z</time>
		</trkpt>
		<trkpt lat="34.609120" lon="127.176185">
			<ele>0.00</ele>
			<time>2020-01-20T00:32:04.54Z</time>
		</trkpt>
		<trkpt lat="34.609248" lon="127.176046">
			<ele>0.00</ele>
			<time>2020-01-20T00:32:05.68Z</time>
		</trkpt>
		<trkpt lat="34.609341" lon="127.175932">
			<ele>0.00</ele>
			<time>2020-01-20T00:32:06.57Z</time>
		</trkpt>
		<trkpt lat="34.609435" lon="127.175848">
			<ele>0.00</ele>
			<time>2020-01-20T00:32:07.34Z</time>
		</trkpt>
		<trkpt lat="34.609537" lon="127.175744">
			<ele>0.00</ele>
			<time>2020-01-20T00:32:08.23Z</time>
		</trkpt>
		<trkpt lat="34.609621" lon="127.175651">
			<ele>0.00</ele>
			<time>2020-01-20T00:32:08.99Z</time>
		</trkpt>
		<trkpt lat="34.609688" lon="127.175584">
			<ele>0.00</ele>
			<time>2020-01-20T00:32:09.56Z</time>
		</trkpt>
		<trkpt lat="34.609769" lon="127.175547">
			<ele>0.00</ele>
			<time>2020-01-20T00:32:10.14Z</time>
		</trkpt>
		<trkpt lat="34.609901" lon="127.175616">
			<ele>0.00</ele>
			<time>2020-01-20T00:32:11.10Z</time>
		</trkpt>
		<trkpt lat="34.610019" lon="127.175723">
			<ele>0.00</ele>
			<time>2020-01-20T00:32:12.08Z</time>
		</trkpt>
		<trkpt lat="34.610087" lon="127.175584">
			<ele>0.00</ele>
			<time>2020-01-20T00:32:12.96Z</time>
		</trkpt>
		<trkpt lat="34.610150" lon="127.175410">
			<ele>0.00</ele>
			<time>2020-01-20T00:32:14.01Z</time>
		</trkpt>
		<trkpt lat="34.610206" lon="127.175243">
			<ele>0.00</ele>
			<time>2020-01-20T00:32:15Z</time>
		</trkpt>
		<trkpt lat="34.610277" lon="127.175067">
			<ele>0.00</ele>
			<time>2020-01-20T00:32:16.07Z</time>
		</trkpt>
		<trkpt lat="34.610326" lon="127.174921">
			<ele>0.00</ele>
			<time>2020-01-20T00:32:16.94Z</time>
		</trkpt>
		<trkpt lat="34.610400" lon="127.174747">
			<ele>0.00</ele>
			<time>2020-01-20T00:32:18.01Z</time>
		</trkpt>
		<trkpt lat="34.610451" lon="127.174609">
			<ele>0.00</ele>
			<time>2020-01-20T00:32:18.84Z</time>
		</trkpt>
		<trkpt lat="34.610512" lon="127.174486">
			<ele>0.00</ele>
			<time>2020-01-20T00:32:19.63Z</time>
		</trkpt>
		<trkpt lat="34.610604" lon="127.174361">
			<ele>0.00</ele>
			<time>2020-01-20T00:32:20.55Z</time>
		</trkpt>
		<trkpt lat="34.610720" lon="127.174500">
			<ele>0.00</ele>
			<time>2020-01-20T00:32:21.64Z</time>
		</trkpt>
		<trkpt lat="34.610802" lon="127.174647">
			<ele>0.00</ele>
			<time>2020-01-20T00:32:22.61Z</time>
		</trkpt>
		<trkpt lat="34.610877" lon="127.174794">
			<ele>0.00</ele>
			<time>2020-01-20T00:32:23.56Z</time>
		</trkpt>
		<trkpt lat="34.610958" lon="127.174956">
			<ele>0.00</ele>
			<time>2020-01-20T00:32:24.60Z</time>
		</trkpt>
		<trkpt lat="34.611045" lon="127.175104">
			<ele>0.00</ele>
			<time>2020-01-20T00:32:25.60Z</time>
		</trkpt>
		<trkpt lat="34.611148" lon="127.175251">
			<ele>0.00</ele>
			<time>2020-01-20T00:32:26.66Z</time>
		</trkpt>
		<trkpt lat="34.611250" lon="127.175421">
			<ele>0.00</ele>
			<time>2020-01-20T00:32:27.81Z</time>
		</trkpt>
		<trkpt lat="34.611338" lon="127.175553">
			<ele>0.00</ele>
			<time>2020-01-20T00:32:28.74Z</time>
		</trkpt>
		<trkpt lat="34.611429" lon="127.175707">
			<ele>0.00</ele>
			<time>2020-01-20T00:32:29.79Z</time>
		</trkpt>
		<trkpt lat="34.611541" lon="127.175801">
			<ele>0.00</ele>
			<time>2020-01-20T00:32:30.69Z</time>
		</trkpt>
		<trkpt lat="34.611640" lon="127.175909">
			<ele>0.00</ele>
			<time>2020-01-20T00:32:31.58Z</time>
		</trkpt>
		<trkpt lat="34.611748" lon="127.176024">
			<ele>0.00</ele>
			<time>2020-01-20T00:32:32.54Z</time>
		</trkpt>
		<trkpt lat="34.611863" lon="127.176124">
			<ele>0.00</ele>
			<time>2020-01-20T00:32:33.48Z</time>
		</trkpt>
		<trkpt lat="34.611978" lon="127.176235">
			<ele>0.00</ele>
			<time>2020-01-20T00:32:34.46Z</time>
		</trkpt>
		<trkpt lat="34.612106" lon="127.176342">
			<ele>0.00</ele>
			<time>2020-01-20T00:32:35.49Z</time>
		</trkpt>
		<trkpt lat="34.612227" lon="127.176440">
			<ele>0.00</ele>
			<time>2020-01-20T00:32:36.47Z</time>
		</trkpt>
		<trkpt lat="34.612297" lon="127.176540">
			<ele>0.00</ele>
			<time>2020-01-20T00:32:37.19Z</time>
		</trkpt>
		<trkpt lat="34.612365" lon="127.176701">
			<ele>0.00</ele>
			<time>2020-01-20T00:32:38.18Z</time>
		</trkpt>
		<trkpt lat="34.612429" lon="127.176825">
			<ele>0.00</ele>
			<time>2020-01-20T00:32:38.98Z</time>
		</trkpt>
		<trkpt lat="34.612546" lon="127.176921">
			<ele>0.00</ele>
			<time>2020-01-20T00:32:39.92Z</time>
		</trkpt>
		<trkpt lat="34.612649" lon="127.177034">
			<ele>0.00</ele>
			<time>2020-01-20T00:32:40.85Z</time>
		</trkpt>
		<trkpt lat="34.612747" lon="127.177131">
			<ele>0.00</ele>
			<time>2020-01-20T00:32:41.69Z</time>
		</trkpt>
		<trkpt lat="34.612862" lon="127.177220">
			<ele>0.00</ele>
			<time>2020-01-20T00:32:42.59Z</time>
		</trkpt>
		<trkpt lat="34.612974" lon="127.177302">
			<ele>0.00</ele>
			<time>2020-01-20T00:32:43.47Z</time>
		</trkpt>
		<trkpt lat="34.613093" lon="127.177418">
			<ele>0.00</ele>
			<time>2020-01-20T00:32:44.49Z</time>
		</trkpt>
		<trkpt lat="34.613208" lon="127.177514">
			<ele>0.00</ele>
			<time>2020-01-20T00:32:45.42Z</time>
		</trkpt>
		<trkpt lat="34.613290" lon="127.177616">
			<ele>0.00</ele>
			<time>2020-01-20T00:32:46.20Z</time>
		</trkpt>
		<trkpt lat="34.613344" lon="127.177769">
			<ele>0.00</ele>
			<time>2020-01-20T00:32:47.11Z</time>
		</trkpt>
		<trkpt lat="34.613384" lon="127.177941">
			<ele>0.00</ele>
			<time>2020-01-20T00:32:48.09Z</time>
		</trkpt>
		<trkpt lat="34.613446" lon="127.178121">
			<ele>0.00</ele>
			<time>2020-01-20T00:32:49.16Z</time>
		</trkpt>
		<trkpt lat="34.613524" lon="127.178263">
			<ele>0.00</ele>
			<time>2020-01-20T00:32:50.10Z</time>
		</trkpt>
		<trkpt lat="34.613663" lon="127.178288">
			<ele>0.00</ele>
			<time>2020-01-20T00:32:51.04Z</time>
		</trkpt>
		<trkpt lat="34.613800" lon="127.178299">
			<ele>0.00</ele>
			<time>2020-01-20T00:32:51.95Z</time>
		</trkpt>
		<trkpt lat="34.613948" lon="127.178306">
			<ele>0.00</ele>
			<time>2020-01-20T00:32:52.94Z</time>
		</trkpt>
		<trkpt lat="34.614077" lon="127.178315">
			<ele>0.00</ele>
			<time>2020-01-20T00:32:53.80Z</time>
		</trkpt>
		<trkpt lat="34.614206" lon="127.178314">
			<ele>0.00</ele>
			<time>2020-01-20T00:32:54.66Z</time>
		</trkpt>
		<trkpt lat="34.614331" lon="127.178289">
			<ele>0.00</ele>
			<time>2020-01-20T00:32:55.51Z</time>
		</trkpt>
		<trkpt lat="34.614442" lon="127.178257">
			<ele>0.00</ele>
			<time>2020-01-20T00:32:56.27Z</time>
		</trkpt>
		<trkpt lat="34.614564" lon="127.178210">
			<ele>0.00</ele>
			<time>2020-01-20T00:32:57.12Z</time>
		</trkpt>
		<trkpt lat="34.614689" lon="127.178168">
			<ele>0.00</ele>
			<time>2020-01-20T00:32:57.99Z</time>
		</trkpt>
		<trkpt lat="34.614798" lon="127.178138">
			<ele>0.00</ele>
			<time>2020-01-20T00:32:58.73Z</time>
		</trkpt>
		<trkpt lat="34.614945" lon="127.178091">
			<ele>0.00</ele>
			<time>2020-01-20T00:32:59.74Z</time>
		</trkpt>
		<trkpt lat="34.615081" lon="127.178035">
			<ele>0.00</ele>
			<time>2020-01-20T00:33:00.70Z</time>
		</trkpt>
		<trkpt lat="34.615201" lon="127.177986">
			<ele>0.00</ele>
			<time>2020-01-20T00:33:01.54Z</time>
		</trkpt>
		<trkpt lat="34.615319" lon="127.177940">
			<ele>0.00</ele>
			<time>2020-01-20T00:33:02.37Z</time>
		</trkpt>
		<trkpt lat="34.615442" lon="127.177902">
			<ele>0.00</ele>
			<time>2020-01-20T00:33:03.22Z</time>
		</trkpt>
		<trkpt lat="34.615551" lon="127.177889">
			<ele>0.00</ele>
			<time>2020-01-20T00:33:03.95Z</time>
		</trkpt>
		<trkpt lat="34.615549" lon="127.177891">
			<ele>0.00</ele>
			<time>2020-01-20T00:33:04.01Z</time>
		</trkpt>
		<trkpt lat="34.615608" lon="127.177832">
			<ele>0.00</ele>
			<time>2020-01-20T00:33:04.51Z</time>
		</trkpt>
		<trkpt lat="34.615667" lon="127.177770">
			<ele>0.00</ele>
			<time>2020-01-20T00:33:05.03Z</time>
		</trkpt>
		<trkpt lat="34.615770" lon="127.177646">
			<ele>0.00</ele>
			<time>2020-01-20T00:33:06Z</time>
		</trkpt>
		<trkpt lat="34.615898" lon="127.177559">
			<ele>0.00</ele>
			<time>2020-01-20T00:33:06.98Z</time>
		</trkpt>
		<trkpt lat="34.616017" lon="127.177450">
			<ele>0.00</ele>
			<time>2020-01-20T00:33:07.97Z</time>
		</trkpt>
		<trkpt lat="34.616151" lon="127.177280">
			<ele>0.00</ele>
			<time>2020-01-20T00:33:09.26Z</time>
		</trkpt>
		<trkpt lat="34.616267" lon="127.177133">
			<ele>0.00</ele>
			<time>2020-01-20T00:33:10.38Z</time>
		</trkpt>
		<trkpt lat="34.616385" lon="127.176981">
			<ele>0.00</ele>
			<time>2020-01-20T00:33:11.53Z</time>
		</trkpt>
		<trkpt lat="34.616504" lon="127.176832">
			<ele>0.00</ele>
			<time>2020-01-20T00:33:12.66Z</time>
		</trkpt>
		<trkpt lat="34.616630" lon="127.176694">
			<ele>0.00</ele>
			<time>2020-01-20T00:33:13.80Z</time>
		</trkpt>
		<trkpt lat="34.616790" lon="127.176545">
			<ele>0.00</ele>
			<time>2020-01-20T00:33:15.14Z</time>
		</trkpt>
		<trkpt lat="34.616960" lon="127.176449">
			<ele>0.00</ele>
			<time>2020-01-20T00:33:16.39Z</time>
		</trkpt>
		<trkpt lat="34.617142" lon="127.176396">
			<ele>0.00</ele>
			<time>2020-01-20T00:33:17.64Z</time>
		</trkpt>
		<trkpt lat="34.617305" lon="127.176347">
			<ele>0.00</ele>
			<time>2020-01-20T00:33:18.76Z</time>
		</trkpt>
		<trkpt lat="34.617470" lon="127.176323">
			<ele>0.00</ele>
			<time>2020-01-20T00:33:19.87Z</time>
		</trkpt>
		<trkpt lat="34.617496" lon="127.176457">
			<ele>0.00</ele>
			<time>2020-01-20T00:33:20.62Z</time>
		</trkpt>
		<trkpt lat="34.617496" lon="127.176455">
			<ele>0.00</ele>
			<time>2020-01-20T00:33:20.68Z</time>
		</trkpt>
		<trkpt lat="34.617531" lon="127.176587">
			<ele>0.00</ele>
			<time>2020-01-20T00:33:21.45Z</time>
		</trkpt>
		<trkpt lat="34.617569" lon="127.176696">
			<ele>0.00</ele>
			<time>2020-01-20T00:33:22.10Z</time>
		</trkpt>
		<trkpt lat="34.617617" lon="127.176843">
			<ele>0.00</ele>
			<time>2020-01-20T00:33:22.96Z</time>
		</trkpt>
		<trkpt lat="34.617699" lon="127.176934">
			<ele>0.00</ele>
			<time>2020-01-20T00:33:23.70Z</time>
		</trkpt>
		<trkpt lat="34.617784" lon="127.176988">
			<ele>0.00</ele>
			<time>2020-01-20T00:33:24.35Z</time>
		</trkpt>
		<trkpt lat="34.617888" lon="127.176961">
			<ele>0.00</ele>
			<time>2020-01-20T00:33:25.05Z</time>
		</trkpt>
		<trkpt lat="34.617981" lon="127.176862">
			<ele>0.00</ele>
			<time>2020-01-20T00:33:25.88Z</time>
		</trkpt>
		<trkpt lat="34.618063" lon="127.176790">
			<ele>0.00</ele>
			<time>2020-01-20T00:33:26.55Z</time>
		</trkpt>
		<trkpt lat="34.618179" lon="127.176764">
			<ele>0.00</ele>
			<time>2020-01-20T00:33:27.34Z</time>
		</trkpt>
		<trkpt lat="34.618265" lon="127.176693">
			<ele>0.00</ele>
			<time>2020-01-20T00:33:28.03Z</time>
		</trkpt>
		<trkpt lat="34.618373" lon="127.176602">
			<ele>0.00</ele>
			<time>2020-01-20T00:33:28.91Z</time>
		</trkpt>
		<trkpt lat="34.618440" lon="127.176509">
			<ele>0.00</ele>
			<time>2020-01-20T00:33:29.58Z</time>
		</trkpt>
		<trkpt lat="34.618535" lon="127.176398">
			<ele>0.00</ele>
			<time>2020-01-20T00:33:30.46Z</time>
		</trkpt>
		<trkpt lat="34.618597" lon="127.176340">
			<ele>0.00</ele>
			<time>2020-01-20T00:33:30.98Z</time>
		</trkpt>
		<trkpt lat="34.618704" lon="127.176413">
			<ele>0.00</ele>
			<time>2020-01-20T00:33:31.80Z</time>
		</trkpt>
		<trkpt lat="34.618767" lon="127.176520">
			<ele>0.00</ele>
			<time>2020-01-20T00:33:32.52Z</time>
		</trkpt>
		<trkpt lat="34.618841" lon="127.176664">
			<ele>0.00</ele>
			<time>2020-01-20T00:33:33.45Z</time>
		</trkpt>
		<trkpt lat="34.618944" lon="127.176802">
			<ele>0.00</ele>
			<time>2020-01-20T00:33:34.48Z</time>
		</trkpt>
		<trkpt lat="34.619031" lon="127.176840">
			<ele>0.00</ele>
			<time>2020-01-20T00:33:35.09Z</time>
		</trkpt>
		<trkpt lat="34.619125" lon="127.176830">
			<ele>0.00</ele>
			<time>2020-01-20T00:33:35.72Z</time>
		</trkpt>
		<trkpt lat="34.619210" lon="127.176787">
			<ele>0.00</ele>
			<time>2020-01-20T00:33:36.33Z</time>
		</trkpt>
		<trkpt lat="34.619310" lon="127.176762">
			<ele>0.00</ele>
			<time>2020-01-20T00:33:37.01Z</time>
		</trkpt>
		<trkpt lat="34.619426" lon="127.176771">
			<ele>0.00</ele>
			<time>2020-01-20T00:33:37.79Z</time>
		</trkpt>
		<trkpt lat="34.619541" lon="127.176791">
			<ele>0.00</ele>
			<time>2020-01-20T00:33:38.56Z</time>
		</trkpt>
		<trkpt lat="34.619627" lon="127.176825">
			<ele>0.00</ele>
			<time>2020-01-20T00:33:39.17Z</time>
		</trkpt>
		<trkpt lat="34.619725" lon="127.176824">
			<ele>0.00</ele>
			<time>2020-01-20T00:33:39.82Z</time>
		</trkpt>
		<trkpt lat="34.619819" lon="127.176827">
			<ele>0.00</ele>
			<time>2020-01-20T00:33:40.44Z</time>
		</trkpt>
		<trkpt lat="34.619894" lon="127.176809">
			<ele>0.00</ele>
			<time>2020-01-20T00:33:40.96Z</time>
		</trkpt>
		<trkpt lat="34.619975" lon="127.176784">
			<ele>0.00</ele>
			<time>2020-01-20T00:33:41.51Z</time>
		</trkpt>
		<trkpt lat="34.620043" lon="127.176681">
			<ele>0.00</ele>
			<time>2020-01-20T00:33:42.24Z</time>
		</trkpt>
		<trkpt lat="34.620109" lon="127.176601">
			<ele>0.00</ele>
			<time>2020-01-20T00:33:42.86Z</time>
		</trkpt>
		<trkpt lat="34.620197" lon="127.176539">
			<ele>0.00</ele>
			<time>2020-01-20T00:33:43.53Z</time>
		</trkpt>
		<trkpt lat="34.620296" lon="127.176489">
			<ele>0.00</ele>
			<time>2020-01-20T00:33:44.25Z</time>
		</trkpt>
		<trkpt lat="34.620393" lon="127.176429">
			<ele>0.00</ele>
			<time>2020-01-20T00:33:44.97Z</time>
		</trkpt>
		<trkpt lat="34.620492" lon="127.176361">
			<ele>0.00</ele>
			<time>2020-01-20T00:33:45.74Z</time>
		</trkpt>
		<trkpt lat="34.620591" lon="127.176307">
			<ele>0.00</ele>
			<time>2020-01-20T00:33:46.46Z</time>
		</trkpt>
		<trkpt lat="34.620686" lon="127.176292">
			<ele>0.00</ele>
			<time>2020-01-20T00:33:47.09Z</time>
		</trkpt>
		<trkpt lat="34.620791" lon="127.176248">
			<ele>0.00</ele>
			<time>2020-01-20T00:33:47.84Z</time>
		</trkpt>
		<trkpt lat="34.620900" lon="127.176193">
			<ele>0.00</ele>
			<time>2020-01-20T00:33:48.63Z</time>
		</trkpt>
		<trkpt lat="34.620998" lon="127.176148">
			<ele>0.00</ele>
			<time>2020-01-20T00:33:49.32Z</time>
		</trkpt>
		<trkpt lat="34.621093" lon="127.176157">
			<ele>0.00</ele>
			<time>2020-01-20T00:33:49.96Z</time>
		</trkpt>
		<trkpt lat="34.621182" lon="127.176225">
			<ele>0.00</ele>
			<time>2020-01-20T00:33:50.66Z</time>
		</trkpt>
		<trkpt lat="34.621259" lon="127.176300">
			<ele>0.00</ele>
			<time>2020-01-20T00:33:51.32Z</time>
		</trkpt>
		<trkpt lat="34.621361" lon="127.176374">
			<ele>0.00</ele>
			<time>2020-01-20T00:33:52.11Z</time>
		</trkpt>
		<trkpt lat="34.621430" lon="127.176474">
			<ele>0.00</ele>
			<time>2020-01-20T00:33:52.83Z</time>
		</trkpt>
		<trkpt lat="34.621474" lon="127.176558">
			<ele>0.00</ele>
			<time>2020-01-20T00:33:53.37Z</time>
		</trkpt>
		<trkpt lat="34.621556" lon="127.176599">
			<ele>0.00</ele>
			<time>2020-01-20T00:33:53.96Z</time>
		</trkpt>
		<trkpt lat="34.621644" lon="127.176556">
			<ele>0.00</ele>
			<time>2020-01-20T00:33:54.60Z</time>
		</trkpt>
		<trkpt lat="34.621761" lon="127.176528">
			<ele>0.00</ele>
			<time>2020-01-20T00:33:55.39Z</time>
		</trkpt>
		<trkpt lat="34.621858" lon="127.176516">
			<ele>0.00</ele>
			<time>2020-01-20T00:33:56.04Z</time>
		</trkpt>
		<trkpt lat="34.621962" lon="127.176510">
			<ele>0.00</ele>
			<time>2020-01-20T00:33:56.73Z</time>
		</trkpt>
		<trkpt lat="34.622039" lon="127.176539">
			<ele>0.00</ele>
			<time>2020-01-20T00:33:57.27Z</time>
		</trkpt>
		<trkpt lat="34.622131" lon="127.176543">
			<ele>0.00</ele>
			<time>2020-01-20T00:33:57.88Z</time>
		</trkpt>
		<trkpt lat="34.622212" lon="127.176495">
			<ele>0.00</ele>
			<time>2020-01-20T00:33:58.48Z</time>
		</trkpt>
		<trkpt lat="34.622258" lon="127.176427">
			<ele>0.00</ele>
			<time>2020-01-20T00:33:58.97Z</time>
		</trkpt>
		<trkpt lat="34.622307" lon="127.176363">
			<ele>0.00</ele>
			<time>2020-01-20T00:33:59.45Z</time>
		</trkpt>
		<trkpt lat="34.622370" lon="127.176316">
			<ele>0.00</ele>
			<time>2020-01-20T00:33:59.95Z</time>
		</trkpt>
		<trkpt lat="34.622440" lon="127.176304">
			<ele>0.00</ele>
			<time>2020-01-20T00:34:00.41Z</time>
		</trkpt>
		<trkpt lat="34.622528" lon="127.176361">
			<ele>0.00</ele>
			<time>2020-01-20T00:34:01.08Z</time>
		</trkpt>
		<trkpt lat="34.622612" lon="127.176407">
			<ele>0.00</ele>
			<time>2020-01-20T00:34:01.69Z</time>
		</trkpt>
		<trkpt lat="34.622681" lon="127.176397">
			<ele>0.00</ele>
			<time>2020-01-20T00:34:02.16Z</time>
		</trkpt>
		<trkpt lat="34.622726" lon="127.176329">
			<ele>0.00</ele>
			<time>2020-01-20T00:34:02.64Z</time>
		</trkpt>
		<trkpt lat="34.622749" lon="127.176216">
			<ele>0.00</ele>
			<time>2020-01-20T00:34:03.28Z</time>
		</trkpt>
		<trkpt lat="34.622806" lon="127.176132">
			<ele>0.00</ele>
			<time>2020-01-20T00:34:03.87Z</time>
		</trkpt>
		<trkpt lat="34.622881" lon="127.176082">
			<ele>0.00</ele>
			<time>2020-01-20T00:34:04.44Z</time>
		</trkpt>
		<trkpt lat="34.622972" lon="127.176061">
			<ele>0.00</ele>
			<time>2020-01-20T00:34:05.06Z</time>
		</trkpt>
		<trkpt lat="34.623056" lon="127.176086">
			<ele>0.00</ele>
			<time>2020-01-20T00:34:05.64Z</time>
		</trkpt>
		<trkpt lat="34.623134" lon="127.176151">
			<ele>0.00</ele>
			<time>2020-01-20T00:34:06.27Z</time>
		</trkpt>
		<trkpt lat="34.623203" lon="127.176213">
			<ele>0.00</ele>
			<time>2020-01-20T00:34:06.84Z</time>
		</trkpt>
		<trkpt lat="34.623268" lon="127.176270">
			<ele>0.00</ele>
			<time>2020-01-20T00:34:07.38Z</time>
		</trkpt>
		<trkpt lat="34.623347" lon="127.176292">
			<ele>0.00</ele>
			<time>2020-01-20T00:34:07.91Z</time>
		</trkpt>
		<trkpt lat="34.623440" lon="127.176245">
			<ele>0.00</ele>
			<time>2020-01-20T00:34:08.58Z</time>
		</trkpt>
		<trkpt lat="34.623530" lon="127.176186">
			<ele>0.00</ele>
			<time>2020-01-20T00:34:09.27Z</time>
		</trkpt>
		<trkpt lat="34.623628" lon="127.176137">
			<ele>0.00</ele>
			<time>2020-01-20T00:34:09.97Z</time>
		</trkpt>
		<trkpt lat="34.623722" lon="127.176116">
			<ele>0.00</ele>
			<time>2020-01-20T00:34:10.61Z</time>
		</trkpt>
		<trkpt lat="34.623809" lon="127.176104">
			<ele>0.00</ele>
			<time>2020-01-20T00:34:11.20Z</time>
		</trkpt>
		<trkpt lat="34.623931" lon="127.176147">
			<ele>0.00</ele>
			<time>2020-01-20T00:34:12.04Z</time>
		</trkpt>
		<trkpt lat="34.624027" lon="127.176160">
			<ele>0.00</ele>
			<time>2020-01-20T00:34:12.68Z</time>
		</trkpt>
		<trkpt lat="34.624119" lon="127.176152">
			<ele>0.00</ele>
			<time>2020-01-20T00:34:13.30Z</time>
		</trkpt>
		<trkpt lat="34.624195" lon="127.176151">
			<ele>0.00</ele>
			<time>2020-01-20T00:34:13.81Z</time>
		</trkpt>
		<trkpt lat="34.624276" lon="127.176140">
			<ele>0.00</ele>
			<time>2020-01-20T00:34:14.35Z</time>
		</trkpt>
		<trkpt lat="34.624362" lon="127.176114">
			<ele>0.00</ele>
			<time>2020-01-20T00:34:14.94Z</time>
		</trkpt>
		<trkpt lat="34.624453" lon="127.176055">
			<ele>0.00</ele>
			<time>2020-01-20T00:34:15.63Z</time>
		</trkpt>
		<trkpt lat="34.624535" lon="127.176013">
			<ele>0.00</ele>
			<time>2020-01-20T00:34:16.22Z</time>
		</trkpt>
		<trkpt lat="34.624602" lon="127.175922">
			<ele>0.00</ele>
			<time>2020-01-20T00:34:16.89Z</time>
		</trkpt>
		<trkpt lat="34.624654" lon="127.175806">
			<ele>0.00</ele>
			<time>2020-01-20T00:34:17.62Z</time>
		</trkpt>
		<trkpt lat="34.624680" lon="127.175699">
			<ele>0.00</ele>
			<time>2020-01-20T00:34:18.23Z</time>
		</trkpt>
		<trkpt lat="34.624712" lon="127.175575">
			<ele>0.00</ele>
			<time>2020-01-20T00:34:18.94Z</time>
		</trkpt>
		<trkpt lat="34.624738" lon="127.175471">
			<ele>0.00</ele>
			<time>2020-01-20T00:34:19.53Z</time>
		</trkpt>
		<trkpt lat="34.624799" lon="127.175397">
			<ele>0.00</ele>
			<time>2020-01-20T00:34:20.11Z</time>
		</trkpt>
		<trkpt lat="34.624896" lon="127.175399">
			<ele>0.00</ele>
			<time>2020-01-20T00:34:20.76Z</time>
		</trkpt>
		<trkpt lat="34.624987" lon="127.175428">
			<ele>0.00</ele>
			<time>2020-01-20T00:34:21.38Z</time>
		</trkpt>
		<trkpt lat="34.625057" lon="127.175516">
			<ele>0.00</ele>
			<time>2020-01-20T00:34:22.06Z</time>
		</trkpt>
		<trkpt lat="34.625098" lon="127.175622">
			<ele>0.00</ele>
			<time>2020-01-20T00:34:22.70Z</time>
		</trkpt>
		<trkpt lat="34.625102" lon="127.175747">
			<ele>0.00</ele>
			<time>2020-01-20T00:34:23.38Z</time>
		</trkpt>
		<trkpt lat="34.625062" lon="127.175861">
			<ele>0.00</ele>
			<time>2020-01-20T00:34:24.07Z</time>
		</trkpt>
		<trkpt lat="34.624990" lon="127.175960">
			<ele>0.00</ele>
			<time>2020-01-20T00:34:24.79Z</time>
		</trkpt>
		<trkpt lat="34.624918" lon="127.176026">
			<ele>0.00</ele>
			<time>2020-01-20T00:34:25.39Z</time>
		</trkpt>
		<trkpt lat="34.624885" lon="127.176123">
			<ele>0.00</ele>
			<time>2020-01-20T00:34:25.97Z</time>
		</trkpt>
		<trkpt lat="34.624872" lon="127.176230">
			<ele>0.00</ele>
			<time>2020-01-20T00:34:26.56Z</time>
		</trkpt>
		<trkpt lat="34.624892" lon="127.176352">
			<ele>0.00</ele>
			<time>2020-01-20T00:34:27.24Z</time>
		</trkpt>
		<trkpt lat="34.624952" lon="127.176453">
			<ele>0.00</ele>
			<time>2020-01-20T00:34:27.93Z</time>
		</trkpt>
		<trkpt lat="34.625004" lon="127.176505">
			<ele>0.00</ele>
			<time>2020-01-20T00:34:28.37Z</time>
		</trkpt>
		<trkpt lat="34.625078" lon="127.176512">
			<ele>0.00</ele>
			<time>2020-01-20T00:34:28.87Z</time>
		</trkpt>
		<trkpt lat="34.625173" lon="127.176503">
			<ele>0.00</ele>
			<time>2020-01-20T00:34:29.50Z</time>
		</trkpt>
		<trkpt lat="34.625269" lon="127.176483">
			<ele>0.00</ele>
			<time>2020-01-20T00:34:30.16Z</time>
		</trkpt>
		<trkpt lat="34.625356" lon="127.176500">
			<ele>0.00</ele>
			<time>2020-01-20T00:34:30.74Z</time>
		</trkpt>
		<trkpt lat="34.625446" lon="127.176578">
			<ele>0.00</ele>
			<time>2020-01-20T00:34:31.48Z</time>
		</trkpt>
		<trkpt lat="34.625525" lon="127.176647">
			<ele>0.00</ele>
			<time>2020-01-20T00:34:32.13Z</time>
		</trkpt>
		<trkpt lat="34.625569" lon="127.176761">
			<ele>0.00</ele>
			<time>2020-01-20T00:34:32.82Z</time>
		</trkpt>
		<trkpt lat="34.625554" lon="127.176841">
			<ele>0.00</ele>
			<time>2020-01-20T00:34:33.27Z</time>
		</trkpt>
		<trkpt lat="34.625474" lon="127.176937">
			<ele>0.00</ele>
			<time>2020-01-20T00:34:34.02Z</time>
		</trkpt>
		<trkpt lat="34.625394" lon="127.177029">
			<ele>0.00</ele>
			<time>2020-01-20T00:34:34.75Z</time>
		</trkpt>
		<trkpt lat="34.625322" lon="127.177087">
			<ele>0.00</ele>
			<time>2020-01-20T00:34:35.33Z</time>
		</trkpt>
		<trkpt lat="34.625259" lon="127.177139">
			<ele>0.00</ele>
			<time>2020-01-20T00:34:35.84Z</time>
		</trkpt>
		<trkpt lat="34.625201" lon="127.177208">
			<ele>0.00</ele>
			<time>2020-01-20T00:34:36.38Z</time>
		</trkpt>
		<trkpt lat="34.625157" lon="127.177316">
			<ele>0.00</ele>
			<time>2020-01-20T00:34:37.04Z</time>
		</trkpt>
		<trkpt lat="34.625168" lon="127.177414">
			<ele>0.00</ele>
			<time>2020-01-20T00:34:37.58Z</time>
		</trkpt>
		<trkpt lat="34.625225" lon="127.177521">
			<ele>0.00</ele>
			<time>2020-01-20T00:34:38.28Z</time>
		</trkpt>
		<trkpt lat="34.625282" lon="127.177617">
			<ele>0.00</ele>
			<time>2020-01-20T00:34:38.93Z</time>
		</trkpt>
		<trkpt lat="34.625332" lon="127.177741">
			<ele>0.00</ele>
			<time>2020-01-20T00:34:39.69Z</time>
		</trkpt>
		<trkpt lat="34.625359" lon="127.177853">
			<ele>0.00</ele>
			<time>2020-01-20T00:34:40.32Z</time>
		</trkpt>
		<trkpt lat="34.625411" lon="127.177961">
			<ele>0.00</ele>
			<time>2020-01-20T00:34:41.02Z</time>
		</trkpt>
		<trkpt lat="34.625474" lon="127.178060">
			<ele>0.00</ele>
			<time>2020-01-20T00:34:41.70Z</time>
		</trkpt>
		<trkpt lat="34.625548" lon="127.178112">
			<ele>0.00</ele>
			<time>2020-01-20T00:34:42.26Z</time>
		</trkpt>
		<trkpt lat="34.625605" lon="127.178178">
			<ele>0.00</ele>
			<time>2020-01-20T00:34:42.79Z</time>
		</trkpt>
		<trkpt lat="34.625592" lon="127.178294">
			<ele>0.00</ele>
			<time>2020-01-20T00:34:43.44Z</time>
		</trkpt>
		<trkpt lat="34.625556" lon="127.178396">
			<ele>0.00</ele>
			<time>2020-01-20T00:34:44.05Z</time>
		</trkpt>
		<trkpt lat="34.625492" lon="127.178481">
			<ele>0.00</ele>
			<time>2020-01-20T00:34:44.68Z</time>
		</trkpt>
		<trkpt lat="34.625408" lon="127.178530">
			<ele>0.00</ele>
			<time>2020-01-20T00:34:45.30Z</time>
		</trkpt>
		<trkpt lat="34.625338" lon="127.178557">
			<ele>0.00</ele>
			<time>2020-01-20T00:34:45.79Z</time>
		</trkpt>
		<trkpt lat="34.625251" lon="127.178570">
			<ele>0.00</ele>
			<time>2020-01-20T00:34:46.37Z</time>
		</trkpt>
		<trkpt lat="34.625161" lon="127.178590">
			<ele>0.00</ele>
			<time>2020-01-20T00:34:46.98Z</time>
		</trkpt>
		<trkpt lat="34.625075" lon="127.178597">
			<ele>0.00</ele>
			<time>2020-01-20T00:34:47.56Z</time>
		</trkpt>
		<trkpt lat="34.625020" lon="127.178606">
			<ele>0.00</ele>
			<time>2020-01-20T00:34:47.93Z</time>
		</trkpt>
		<trkpt lat="34.624946" lon="127.178666">
			<ele>0.00</ele>
			<time>2020-01-20T00:34:48.52Z</time>
		</trkpt>
		<trkpt lat="34.624911" lon="127.178746">
			<ele>0.00</ele>
			<time>2020-01-20T00:34:49.02Z</time>
		</trkpt>
		<trkpt lat="34.624944" lon="127.178847">
			<ele>0.00</ele>
			<time>2020-01-20T00:34:49.61Z</time>
		</trkpt>
		<trkpt lat="34.624990" lon="127.178952">
			<ele>0.00</ele>
			<time>2020-01-20T00:34:50.27Z</time>
		</trkpt>
		<trkpt lat="34.624944" lon="127.179034">
			<ele>0.00</ele>
			<time>2020-01-20T00:34:50.81Z</time>
		</trkpt>
		<trkpt lat="34.624853" lon="127.179115">
			<ele>0.00</ele>
			<time>2020-01-20T00:34:51.56Z</time>
		</trkpt>
		<trkpt lat="34.624763" lon="127.179160">
			<ele>0.00</ele>
			<time>2020-01-20T00:34:52.21Z</time>
		</trkpt>
		<trkpt lat="34.624685" lon="127.179213">
			<ele>0.00</ele>
			<time>2020-01-20T00:34:52.80Z</time>
		</trkpt>
		<trkpt lat="34.624605" lon="127.179276">
			<ele>0.00</ele>
			<time>2020-01-20T00:34:53.44Z</time>
		</trkpt>
		<trkpt lat="34.624524" lon="127.179327">
			<ele>0.00</ele>
			<time>2020-01-20T00:34:54.05Z</time>
		</trkpt>
		<trkpt lat="34.624428" lon="127.179358">
			<ele>0.00</ele>
			<time>2020-01-20T00:34:54.71Z</time>
		</trkpt>
		<trkpt lat="34.624343" lon="127.179391">
			<ele>0.00</ele>
			<time>2020-01-20T00:34:55.31Z</time>
		</trkpt>
		<trkpt lat="34.624261" lon="127.179437">
			<ele>0.00</ele>
			<time>2020-01-20T00:34:55.91Z</time>
		</trkpt>
		<trkpt lat="34.624206" lon="127.179529">
			<ele>0.00</ele>
			<time>2020-01-20T00:34:56.53Z</time>
		</trkpt>
		<trkpt lat="34.624190" lon="127.179658">
			<ele>0.00</ele>
			<time>2020-01-20T00:34:57.25Z</time>
		</trkpt>
		<trkpt lat="34.624169" lon="127.179780">
			<ele>0.00</ele>
			<time>2020-01-20T00:34:57.93Z</time>
		</trkpt>
		<trkpt lat="34.624116" lon="127.179877">
			<ele>0.00</ele>
			<time>2020-01-20T00:34:58.57Z</time>
		</trkpt>
		<trkpt lat="34.624020" lon="127.179927">
			<ele>0.00</ele>
			<time>2020-01-20T00:34:59.26Z</time>
		</trkpt>
		<trkpt lat="34.623950" lon="127.179992">
			<ele>0.00</ele>
			<time>2020-01-20T00:34:59.85Z</time>
		</trkpt>
		<trkpt lat="34.623894" lon="127.180047">
			<ele>0.00</ele>
			<time>2020-01-20T00:35:00.33Z</time>
		</trkpt>
		<trkpt lat="34.623818" lon="127.180121">
			<ele>0.00</ele>
			<time>2020-01-20T00:35:00.98Z</time>
		</trkpt>
		<trkpt lat="34.623758" lon="127.180171">
			<ele>0.00</ele>
			<time>2020-01-20T00:35:01.46Z</time>
		</trkpt>
		<trkpt lat="34.623713" lon="127.180230">
			<ele>0.00</ele>
			<time>2020-01-20T00:35:01.91Z</time>
		</trkpt>
		<trkpt lat="34.623700" lon="127.180323">
			<ele>0.00</ele>
			<time>2020-01-20T00:35:02.43Z</time>
		</trkpt>
		<trkpt lat="34.623729" lon="127.180430">
			<ele>0.00</ele>
			<time>2020-01-20T00:35:03.04Z</time>
		</trkpt>
		<trkpt lat="34.623787" lon="127.180512">
			<ele>0.00</ele>
			<time>2020-01-20T00:35:03.64Z</time>
		</trkpt>
		<trkpt lat="34.623840" lon="127.180583">
			<ele>0.00</ele>
			<time>2020-01-20T00:35:04.16Z</time>
		</trkpt>
		<trkpt lat="34.623924" lon="127.180633">
			<ele>0.00</ele>
			<time>2020-01-20T00:35:04.79Z</time>
		</trkpt>
		<trkpt lat="34.623979" lon="127.180675">
			<ele>0.00</ele>
			<time>2020-01-20T00:35:05.22Z</time>
		</trkpt>
		<trkpt lat="34.624044" lon="127.180740">
			<ele>0.00</ele>
			<time>2020-01-20T00:35:05.78Z</time>
		</trkpt>
		<trkpt lat="34.624089" lon="127.180809">
			<ele>0.00</ele>
			<time>2020-01-20T00:35:06.27Z</time>
		</trkpt>
		<trkpt lat="34.624102" lon="127.180898">
			<ele>0.00</ele>
			<time>2020-01-20T00:35:06.76Z</time>
		</trkpt>
		<trkpt lat="34.624088" lon="127.180984">
			<ele>0.00</ele>
			<time>2020-01-20T00:35:07.24Z</time>
		</trkpt>
		<trkpt lat="34.624064" lon="127.181061">
			<ele>0.00</ele>
			<time>2020-01-20T00:35:07.69Z</time>
		</trkpt>
		<trkpt lat="34.624017" lon="127.181138">
			<ele>0.00</ele>
			<time>2020-01-20T00:35:08.22Z</time>
		</trkpt>
		<trkpt lat="34.623979" lon="127.181221">
			<ele>0.00</ele>
			<time>2020-01-20T00:35:08.74Z</time>
		</trkpt>
		<trkpt lat="34.623966" lon="127.181327">
			<ele>0.00</ele>
			<time>2020-01-20T00:35:09.33Z</time>
		</trkpt>
		<trkpt lat="34.623949" lon="127.181421">
			<ele>0.00</ele>
			<time>2020-01-20T00:35:09.86Z</time>
		</trkpt>
		<trkpt lat="34.623929" lon="127.181526">
			<ele>0.00</ele>
			<time>2020-01-20T00:35:10.45Z</time>
		</trkpt>
		<trkpt lat="34.623944" lon="127.181646">
			<ele>0.00</ele>
			<time>2020-01-20T00:35:11.12Z</time>
		</trkpt>
		<trkpt lat="34.623959" lon="127.181741">
			<ele>0.00</ele>
			<time>2020-01-20T00:35:11.64Z</time>
		</trkpt>
		<trkpt lat="34.623958" lon="127.181867">
			<ele>0.00</ele>
			<time>2020-01-20T00:35:12.34Z</time>
		</trkpt>
		<trkpt lat="34.623930" lon="127.181993">
			<ele>0.00</ele>
			<time>2020-01-20T00:35:13.05Z</time>
		</trkpt>
		<trkpt lat="34.623908" lon="127.182087">
			<ele>0.00</ele>
			<time>2020-01-20T00:35:13.59Z</time>
		</trkpt>
		<trkpt lat="34.623892" lon="127.182207">
			<ele>0.00</ele>
			<time>2020-01-20T00:35:14.25Z</time>
		</trkpt>
		<trkpt lat="34.623877" lon="127.182328">
			<ele>0.00</ele>
			<time>2020-01-20T00:35:14.93Z</time>
		</trkpt>
		<trkpt lat="34.623857" lon="127.182441">
			<ele>0.00</ele>
			<time>2020-01-20T00:35:15.56Z</time>
		</trkpt>
		<trkpt lat="34.623815" lon="127.182553">
			<ele>0.00</ele>
			<time>2020-01-20T00:35:16.24Z</time>
		</trkpt>
		<trkpt lat="34.623759" lon="127.182648">
			<ele>0.00</ele>
			<time>2020-01-20T00:35:16.88Z</time>
		</trkpt>
		<trkpt lat="34.623707" lon="127.182754">
			<ele>0.00</ele>
			<time>2020-01-20T00:35:17.55Z</time>
		</trkpt>
		<trkpt lat="34.623638" lon="127.182865">
			<ele>0.00</ele>
			<time>2020-01-20T00:35:18.32Z</time>
		</trkpt>
		<trkpt lat="34.623578" lon="127.182939">
			<ele>0.00</ele>
			<time>2020-01-20T00:35:18.89Z</time>
		</trkpt>
		<trkpt lat="34.623533" lon="127.183028">
			<ele>0.00</ele>
			<time>2020-01-20T00:35:19.46Z</time>
		</trkpt>
		<trkpt lat="34.623506" lon="127.183110">
			<ele>0.00</ele>
			<time>2020-01-20T00:35:19.95Z</time>
		</trkpt>
		<trkpt lat="34.623509" lon="127.183217">
			<ele>0.00</ele>
			<time>2020-01-20T00:35:20.53Z</time>
		</trkpt>
		<trkpt lat="34.623524" lon="127.183347">
			<ele>0.00</ele>
			<time>2020-01-20T00:35:21.25Z</time>
		</trkpt>
		<trkpt lat="34.623514" lon="127.183453">
			<ele>0.00</ele>
			<time>2020-01-20T00:35:21.84Z</time>
		</trkpt>
		<trkpt lat="34.623471" lon="127.183552">
			<ele>0.00</ele>
			<time>2020-01-20T00:35:22.45Z</time>
		</trkpt>
		<trkpt lat="34.623402" lon="127.183641">
			<ele>0.00</ele>
			<time>2020-01-20T00:35:23.12Z</time>
		</trkpt>
		<trkpt lat="34.623343" lon="127.183743">
			<ele>0.00</ele>
			<time>2020-01-20T00:35:23.81Z</time>
		</trkpt>
		<trkpt lat="34.623307" lon="127.183844">
			<ele>0.00</ele>
			<time>2020-01-20T00:35:24.41Z</time>
		</trkpt>
		<trkpt lat="34.623277" lon="127.183957">
			<ele>0.00</ele>
			<time>2020-01-20T00:35:25.06Z</time>
		</trkpt>
		<trkpt lat="34.623242" lon="127.184065">
			<ele>0.00</ele>
			<time>2020-01-20T00:35:25.70Z</time>
		</trkpt>
		<trkpt lat="34.623199" lon="127.184172">
			<ele>0.00</ele>
			<time>2020-01-20T00:35:26.35Z</time>
		</trkpt>
		<trkpt lat="34.623173" lon="127.184282">
			<ele>0.00</ele>
			<time>2020-01-20T00:35:26.98Z</time>
		</trkpt>
		<trkpt lat="34.623158" lon="127.184411">
			<ele>0.00</ele>
			<time>2020-01-20T00:35:27.69Z</time>
		</trkpt>
		<trkpt lat="34.623149" lon="127.184524">
			<ele>0.00</ele>
			<time>2020-01-20T00:35:28.32Z</time>
		</trkpt>
		<trkpt lat="34.623153" lon="127.184639">
			<ele>0.00</ele>
			<time>2020-01-20T00:35:28.95Z</time>
		</trkpt>
		<trkpt lat="34.623118" lon="127.184711">
			<ele>0.00</ele>
			<time>2020-01-20T00:35:29.41Z</time>
		</trkpt>
		<trkpt lat="34.623063" lon="127.184815">
			<ele>0.00</ele>
			<time>2020-01-20T00:35:30.09Z</time>
		</trkpt>
		<trkpt lat="34.623026" lon="127.184928">
			<ele>0.00</ele>
			<time>2020-01-20T00:35:30.75Z</time>
		</trkpt>
		<trkpt lat="34.622991" lon="127.185052">
			<ele>0.00</ele>
			<time>2020-01-20T00:35:31.47Z</time>
		</trkpt>
		<trkpt lat="34.622943" lon="127.185138">
			<ele>0.00</ele>
			<time>2020-01-20T00:35:32.04Z</time>
		</trkpt>
		<trkpt lat="34.622890" lon="127.185196">
			<ele>0.00</ele>
			<time>2020-01-20T00:35:32.51Z</time>
		</trkpt>
		<trkpt lat="34.622813" lon="127.185253">
			<ele>0.00</ele>
			<time>2020-01-20T00:35:33.11Z</time>
		</trkpt>
		<trkpt lat="34.622791" lon="127.185399">
			<ele>0.00</ele>
			<time>2020-01-20T00:35:33.93Z</time>
		</trkpt>
		<trkpt lat="34.622779" lon="127.185549">
			<ele>0.00</ele>
			<time>2020-01-20T00:35:34.76Z</time>
		</trkpt>
		<trkpt lat="34.622791" lon="127.185678">
			<ele>0.00</ele>
			<time>2020-01-20T00:35:35.47Z</time>
		</trkpt>
		<trkpt lat="34.622836" lon="127.185804">
			<ele>0.00</ele>
			<time>2020-01-20T00:35:36.22Z</time>
		</trkpt>
		<trkpt lat="34.622904" lon="127.185903">
			<ele>0.00</ele>
			<time>2020-01-20T00:35:36.93Z</time>
		</trkpt>
		<trkpt lat="34.622961" lon="127.186036">
			<ele>0.00</ele>
			<time>2020-01-20T00:35:37.75Z</time>
		</trkpt>
		<trkpt lat="34.622965" lon="127.186167">
			<ele>0.00</ele>
			<time>2020-01-20T00:35:38.47Z</time>
		</trkpt>
		<trkpt lat="34.622934" lon="127.186298">
			<ele>0.00</ele>
			<time>2020-01-20T00:35:39.22Z</time>
		</trkpt>
		<trkpt lat="34.622891" lon="127.186419">
			<ele>0.00</ele>
			<time>2020-01-20T00:35:39.94Z</time>
		</trkpt>
		<trkpt lat="34.622852" lon="127.186526">
			<ele>0.00</ele>
			<time>2020-01-20T00:35:40.58Z</time>
		</trkpt>
		<trkpt lat="34.622808" lon="127.186627">
			<ele>0.00</ele>
			<time>2020-01-20T00:35:41.21Z</time>
		</trkpt>
		<trkpt lat="34.622822" lon="127.186750">
			<ele>0.00</ele>
			<time>2020-01-20T00:35:41.89Z</time>
		</trkpt>
		<trkpt lat="34.622885" lon="127.186849">
			<ele>0.00</ele>
			<time>2020-01-20T00:35:42.57Z</time>
		</trkpt>
		<trkpt lat="34.622971" lon="127.186898">
			<ele>0.00</ele>
			<time>2020-01-20T00:35:43.21Z</time>
		</trkpt>
		<trkpt lat="34.623080" lon="127.186924">
			<ele>0.00</ele>
			<time>2020-01-20T00:35:43.95Z</time>
		</trkpt>
		<trkpt lat="34.623191" lon="127.186971">
			<ele>0.00</ele>
			<time>2020-01-20T00:35:44.73Z</time>
		</trkpt>
		<trkpt lat="34.623301" lon="127.187016">
			<ele>0.00</ele>
			<time>2020-01-20T00:35:45.50Z</time>
		</trkpt>
		<trkpt lat="34.623411" lon="127.187038">
			<ele>0.00</ele>
			<time>2020-01-20T00:35:46.25Z</time>
		</trkpt>
		<trkpt lat="34.623508" lon="127.187041">
			<ele>0.00</ele>
			<time>2020-01-20T00:35:46.89Z</time>
		</trkpt>
		<trkpt lat="34.623604" lon="127.187033">
			<ele>0.00</ele>
			<time>2020-01-20T00:35:47.54Z</time>
		</trkpt>
		<trkpt lat="34.623678" lon="127.187001">
			<ele>0.00</ele>
			<time>2020-01-20T00:35:48.06Z</time>
		</trkpt>
		<trkpt lat="34.623769" lon="127.187009">
			<ele>0.00</ele>
			<time>2020-01-20T00:35:48.67Z</time>
		</trkpt>
		<trkpt lat="34.623866" lon="127.187040">
			<ele>0.00</ele>
			<time>2020-01-20T00:35:49.34Z</time>
		</trkpt>
		<trkpt lat="34.623939" lon="127.187095">
			<ele>0.00</ele>
			<time>2020-01-20T00:35:49.91Z</time>
		</trkpt>
		<trkpt lat="34.624004" lon="127.187182">
			<ele>0.00</ele>
			<time>2020-01-20T00:35:50.56Z</time>
		</trkpt>
		<trkpt lat="34.624063" lon="127.187292">
			<ele>0.00</ele>
			<time>2020-01-20T00:35:51.28Z</time>
		</trkpt>
		<trkpt lat="34.624077" lon="127.187439">
			<ele>0.00</ele>
			<time>2020-01-20T00:35:52.09Z</time>
		</trkpt>
		<trkpt lat="34.624067" lon="127.187554">
			<ele>0.00</ele>
			<time>2020-01-20T00:35:52.73Z</time>
		</trkpt>
		<trkpt lat="34.624061" lon="127.187687">
			<ele>0.00</ele>
			<time>2020-01-20T00:35:53.45Z</time>
		</trkpt>
		<trkpt lat="34.624083" lon="127.187784">
			<ele>0.00</ele>
			<time>2020-01-20T00:35:54.01Z</time>
		</trkpt>
		<trkpt lat="34.624148" lon="127.187866">
			<ele>0.00</ele>
			<time>2020-01-20T00:35:54.63Z</time>
		</trkpt>
		<trkpt lat="34.624226" lon="127.187950">
			<ele>0.00</ele>
			<time>2020-01-20T00:35:55.33Z</time>
		</trkpt>
		<trkpt lat="34.624301" lon="127.188032">
			<ele>0.00</ele>
			<time>2020-01-20T00:35:56Z</time>
		</trkpt>
		<trkpt lat="34.624364" lon="127.188079">
			<ele>0.00</ele>
			<time>2020-01-20T00:35:56.49Z</time>
		</trkpt>
		<trkpt lat="34.624431" lon="127.188151">
			<ele>0.00</ele>
			<time>2020-01-20T00:35:57.08Z</time>
		</trkpt>
		<trkpt lat="34.624500" lon="127.188193">
			<ele>0.00</ele>
			<time>2020-01-20T00:35:57.60Z</time>
		</trkpt>
		<trkpt lat="34.624538" lon="127.188240">
			<ele>0.00</ele>
			<time>2020-01-20T00:35:57.96Z</time>
		</trkpt>
		<trkpt lat="34.624485" lon="127.188397">
			<ele>0.00</ele>
			<time>2020-01-20T00:35:58.90Z</time>
		</trkpt>
		<trkpt lat="34.624440" lon="127.188517">
			<ele>0.00</ele>
			<time>2020-01-20T00:35:59.62Z</time>
		</trkpt>
		<trkpt lat="34.624405" lon="127.188636">
			<ele>0.00</ele>
			<time>2020-01-20T00:36:00.31Z</time>
		</trkpt>
		<trkpt lat="34.624357" lon="127.188752">
			<ele>0.00</ele>
			<time>2020-01-20T00:36:01.02Z</time>
		</trkpt>
		<trkpt lat="34.624333" lon="127.188875">
			<ele>0.00</ele>
			<time>2020-01-20T00:36:01.71Z</time>
		</trkpt>
		<trkpt lat="34.624335" lon="127.188983">
			<ele>0.00</ele>
			<time>2020-01-20T00:36:02.31Z</time>
		</trkpt>
		<trkpt lat="34.624384" lon="127.189097">
			<ele>0.00</ele>
			<time>2020-01-20T00:36:03.01Z</time>
		</trkpt>
		<trkpt lat="34.624434" lon="127.189194">
			<ele>0.00</ele>
			<time>2020-01-20T00:36:03.64Z</time>
		</trkpt>
		<trkpt lat="34.624486" lon="127.189289">
			<ele>0.00</ele>
			<time>2020-01-20T00:36:04.27Z</time>
		</trkpt>
		<trkpt lat="34.624524" lon="127.189371">
			<ele>0.00</ele>
			<time>2020-01-20T00:36:04.79Z</time>
		</trkpt>
		<trkpt lat="34.624526" lon="127.189367">
			<ele>0.00</ele>
			<time>2020-01-20T00:36:04.85Z</time>
		</trkpt>
		<trkpt lat="34.624579" lon="127.189323">
			<ele>0.00</ele>
			<time>2020-01-20T00:36:05.28Z</time>
		</trkpt>
		<trkpt lat="34.624628" lon="127.189254">
			<ele>0.00</ele>
			<time>2020-01-20T00:36:05.78Z</time>
		</trkpt>
		<trkpt lat="34.624688" lon="127.189193">
			<ele>0.00</ele>
			<time>2020-01-20T00:36:06.30Z</time>
		</trkpt>
		<trkpt lat="34.624755" lon="127.189126">
			<ele>0.00</ele>
			<time>2020-01-20T00:36:06.88Z</time>
		</trkpt>
		<trkpt lat="34.624825" lon="127.189054">
			<ele>0.00</ele>
			<time>2020-01-20T00:36:07.49Z</time>
		</trkpt>
		<trkpt lat="34.624888" lon="127.188999">
			<ele>0.00</ele>
			<time>2020-01-20T00:36:08Z</time>
		</trkpt>
		<trkpt lat="34.624962" lon="127.188956">
			<ele>0.00</ele>
			<time>2020-01-20T00:36:08.56Z</time>
		</trkpt>
		<trkpt lat="34.625030" lon="127.188914">
			<ele>0.00</ele>
			<time>2020-01-20T00:36:09.06Z</time>
		</trkpt>
		<trkpt lat="34.625110" lon="127.188865">
			<ele>0.00</ele>
			<time>2020-01-20T00:36:09.66Z</time>
		</trkpt>
		<trkpt lat="34.625176" lon="127.188833">
			<ele>0.00</ele>
			<time>2020-01-20T00:36:10.13Z</time>
		</trkpt>
		<trkpt lat="34.625252" lon="127.188803">
			<ele>0.00</ele>
			<time>2020-01-20T00:36:10.66Z</time>
		</trkpt>
		<trkpt lat="34.625336" lon="127.188782">
			<ele>0.00</ele>
			<time>2020-01-20T00:36:11.24Z</time>
		</trkpt>
		<trkpt lat="34.625422" lon="127.188756">
			<ele>0.00</ele>
			<time>2020-01-20T00:36:11.83Z</time>
		</trkpt>
		<trkpt lat="34.625516" lon="127.188738">
			<ele>0.00</ele>
			<time>2020-01-20T00:36:12.46Z</time>
		</trkpt>
		<trkpt lat="34.625608" lon="127.188722">
			<ele>0.00</ele>
			<time>2020-01-20T00:36:13.08Z</time>
		</trkpt>
		<trkpt lat="34.625702" lon="127.188713">
			<ele>0.00</ele>
			<time>2020-01-20T00:36:13.71Z</time>
		</trkpt>
		<trkpt lat="34.625803" lon="127.188691">
			<ele>0.00</ele>
			<time>2020-01-20T00:36:14.40Z</time>
		</trkpt>
		<trkpt lat="34.625900" lon="127.188684">
			<ele>0.00</ele>
			<time>2020-01-20T00:36:15.04Z</time>
		</trkpt>
		<trkpt lat="34.625992" lon="127.188680">
			<ele>0.00</ele>
			<time>2020-01-20T00:36:15.66Z</time>
		</trkpt>
		<trkpt lat="34.626082" lon="127.188676">
			<ele>0.00</ele>
			<time>2020-01-20T00:36:16.26Z</time>
		</trkpt>
		<trkpt lat="34.626169" lon="127.188676">
			<ele>0.00</ele>
			<time>2020-01-20T00:36:16.84Z</time>
		</trkpt>
		<trkpt lat="34.626257" lon="127.188680">
			<ele>0.00</ele>
			<time>2020-01-20T00:36:17.42Z</time>
		</trkpt>
		<trkpt lat="34.626356" lon="127.188686">
			<ele>0.00</ele>
			<time>2020-01-20T00:36:18.08Z</time>
		</trkpt>
		<trkpt lat="34.626440" lon="127.188689">
			<ele>0.00</ele>
			<time>2020-01-20T00:36:18.65Z</time>
		</trkpt>
		<trkpt lat="34.626534" lon="127.188690">
			<ele>0.00</ele>
			<time>2020-01-20T00:36:19.27Z</time>
		</trkpt>
		<trkpt lat="34.626615" lon="127.188686">
			<ele>0.00</ele>
			<time>2020-01-20T00:36:19.81Z</time>
		</trkpt>
		<trkpt lat="34.626705" lon="127.188678">
			<ele>0.00</ele>
			<time>2020-01-20T00:36:20.42Z</time>
		</trkpt>
		<trkpt lat="34.626796" lon="127.188661">
			<ele>0.00</ele>
			<time>2020-01-20T00:36:21.03Z</time>
		</trkpt>
		<trkpt lat="34.626885" lon="127.188640">
			<ele>0.00</ele>
			<time>2020-01-20T00:36:21.63Z</time>
		</trkpt>
		<trkpt lat="34.626981" lon="127.188621">
			<ele>0.00</ele>
			<time>2020-01-20T00:36:22.28Z</time>
		</trkpt>
		<trkpt lat="34.627074" lon="127.188596">
			<ele>0.00</ele>
			<time>2020-01-20T00:36:22.91Z</time>
		</trkpt>
		<trkpt lat="34.627155" lon="127.188567">
			<ele>0.00</ele>
			<time>2020-01-20T00:36:23.48Z</time>
		</trkpt>
		<trkpt lat="34.627236" lon="127.188546">
			<ele>0.00</ele>
			<time>2020-01-20T00:36:24.03Z</time>
		</trkpt>
		<trkpt lat="34.627325" lon="127.188518">
			<ele>0.00</ele>
			<time>2020-01-20T00:36:24.65Z</time>
		</trkpt>
		<trkpt lat="34.627426" lon="127.188491">
			<ele>0.00</ele>
			<time>2020-01-20T00:36:25.34Z</time>
		</trkpt>
		<trkpt lat="34.627523" lon="127.188463">
			<ele>0.00</ele>
			<time>2020-01-20T00:36:26Z</time>
		</trkpt>
		<trkpt lat="34.627631" lon="127.188435">
			<ele>0.00</ele>
			<time>2020-01-20T00:36:26.73Z</time>
		</trkpt>
		<trkpt lat="34.627733" lon="127.188403">
			<ele>0.00</ele>
			<time>2020-01-20T00:36:27.44Z</time>
		</trkpt>
		<trkpt lat="34.627822" lon="127.188376">
			<ele>0.00</ele>
			<time>2020-01-20T00:36:28.05Z</time>
		</trkpt>
		<trkpt lat="34.627911" lon="127.188343">
			<ele>0.00</ele>
			<time>2020-01-20T00:36:28.67Z</time>
		</trkpt>
		<trkpt lat="34.627988" lon="127.188316">
			<ele>0.00</ele>
			<time>2020-01-20T00:36:29.20Z</time>
		</trkpt>
		<trkpt lat="34.628071" lon="127.188278">
			<ele>0.00</ele>
			<time>2020-01-20T00:36:29.80Z</time>
		</trkpt>
		<trkpt lat="34.628180" lon="127.188241">
			<ele>0.00</ele>
			<time>2020-01-20T00:36:30.55Z</time>
		</trkpt>
		<trkpt lat="34.628281" lon="127.188193">
			<ele>0.00</ele>
			<time>2020-01-20T00:36:31.27Z</time>
		</trkpt>
		<trkpt lat="34.628382" lon="127.188145">
			<ele>0.00</ele>
			<time>2020-01-20T00:36:32Z</time>
		</trkpt>
		<trkpt lat="34.628472" lon="127.188101">
			<ele>0.00</ele>
			<time>2020-01-20T00:36:32.64Z</time>
		</trkpt>
		<trkpt lat="34.628562" lon="127.188054">
			<ele>0.00</ele>
			<time>2020-01-20T00:36:33.29Z</time>
		</trkpt>
		<trkpt lat="34.628652" lon="127.188002">
			<ele>0.00</ele>
			<time>2020-01-20T00:36:33.96Z</time>
		</trkpt>
		<trkpt lat="34.628749" lon="127.187934">
			<ele>0.00</ele>
			<time>2020-01-20T00:36:34.71Z</time>
		</trkpt>
		<trkpt lat="34.628837" lon="127.187887">
			<ele>0.00</ele>
			<time>2020-01-20T00:36:35.35Z</time>
		</trkpt>
		<trkpt lat="34.628919" lon="127.187827">
			<ele>0.00</ele>
			<time>2020-01-20T00:36:35.98Z</time>
		</trkpt>
		<trkpt lat="34.629009" lon="127.187762">
			<ele>0.00</ele>
			<time>2020-01-20T00:36:36.68Z</time>
		</trkpt>
		<trkpt lat="34.629007" lon="127.187762">
			<ele>0.00</ele>
			<time>2020-01-20T00:36:36.74Z</time>
		</trkpt>
		<trkpt lat="34.629067" lon="127.187664">
			<ele>0.00</ele>
			<time>2020-01-20T00:36:37.41Z</time>
		</trkpt>
		<trkpt lat="34.629141" lon="127.187590">
			<ele>0.00</ele>
			<time>2020-01-20T00:36:38.04Z</time>
		</trkpt>
		<trkpt lat="34.629189" lon="127.187521">
			<ele>0.00</ele>
			<time>2020-01-20T00:36:38.54Z</time>
		</trkpt>
		<trkpt lat="34.629194" lon="127.187414">
			<ele>0.00</ele>
			<time>2020-01-20T00:36:39.13Z</time>
		</trkpt>
		<trkpt lat="34.629148" lon="127.187358">
			<ele>0.00</ele>
			<time>2020-01-20T00:36:39.56Z</time>
		</trkpt>
		<trkpt lat="34.629102" lon="127.187300">
			<ele>0.00</ele>
			<time>2020-01-20T00:36:40Z</time>
		</trkpt>
		<trkpt lat="34.629134" lon="127.187197">
			<ele>0.00</ele>
			<time>2020-01-20T00:36:40.61Z</time>
		</trkpt>
		<trkpt lat="34.629177" lon="127.187114">
			<ele>0.00</ele>
			<time>2020-01-20T00:36:41.14Z</time>
		</trkpt>
		<trkpt lat="34.629200" lon="127.187023">
			<ele>0.00</ele>
			<time>2020-01-20T00:36:41.67Z</time>
		</trkpt>
		<trkpt lat="34.629215" lon="127.186928">
			<ele>0.00</ele>
			<time>2020-01-20T00:36:42.20Z</time>
		</trkpt>
		<trkpt lat="34.629257" lon="127.186855">
			<ele>0.00</ele>
			<time>2020-01-20T00:36:42.69Z</time>
		</trkpt>
		<trkpt lat="34.629311" lon="127.186796">
			<ele>0.00</ele>
			<time>2020-01-20T00:36:43.17Z</time>
		</trkpt>
		<trkpt lat="34.629361" lon="127.186715">
			<ele>0.00</ele>
			<time>2020-01-20T00:36:43.73Z</time>
		</trkpt>
		<trkpt lat="34.629406" lon="127.186642">
			<ele>0.00</ele>
			<time>2020-01-20T00:36:44.23Z</time>
		</trkpt>
		<trkpt lat="34.629438" lon="127.186571">
			<ele>0.00</ele>
			<time>2020-01-20T00:36:44.67Z</time>
		</trkpt>
		<trkpt lat="34.629413" lon="127.186462">
			<ele>0.00</ele>
			<time>2020-01-20T00:36:45.29Z</time>
		</trkpt>
		<trkpt lat="34.629395" lon="127.186361">
			<ele>0.00</ele>
			<time>2020-01-20T00:36:45.86Z</time>
		</trkpt>
		<trkpt lat="34.629499" lon="127.186324">
			<ele>0.00</ele>
			<time>2020-01-20T00:36:46.58Z</time>
		</trkpt>
		<trkpt lat="34.629529" lon="127.186211">
			<ele>0.00</ele>
			<time>2020-01-20T00:36:47.23Z</time>
		</trkpt>
		<trkpt lat="34.629546" lon="127.186082">
			<ele>0.00</ele>
			<time>2020-01-20T00:36:47.95Z</time>
		</trkpt>
		<trkpt lat="34.629539" lon="127.185959">
			<ele>0.00</ele>
			<time>2020-01-20T00:36:48.63Z</time>
		</trkpt>
		<trkpt lat="34.629490" lon="127.185835">
			<ele>0.00</ele>
			<time>2020-01-20T00:36:49.38Z</time>
		</trkpt>
		<trkpt lat="34.629466" lon="127.185771">
			<ele>0.00</ele>
			<time>2020-01-20T00:36:49.77Z</time>
		</trkpt>
		<trkpt lat="34.629533" lon="127.185674">
			<ele>0.00</ele>
			<time>2020-01-20T00:36:50.45Z</time>
		</trkpt>
		<trkpt lat="34.629614" lon="127.185566">
			<ele>0.00</ele>
			<time>2020-01-20T00:36:51.26Z</time>
		</trkpt>
		<trkpt lat="34.629633" lon="127.185449">
			<ele>0.00</ele>
			<time>2020-01-20T00:36:51.92Z</time>
		</trkpt>
		<trkpt lat="34.629661" lon="127.185372">
			<ele>0.00</ele>
			<time>2020-01-20T00:36:52.38Z</time>
		</trkpt>
		<trkpt lat="34.629734" lon="127.185344">
			<ele>0.00</ele>
			<time>2020-01-20T00:36:52.89Z</time>
		</trkpt>
		<trkpt lat="34.629855" lon="127.185336">
			<ele>0.00</ele>
			<time>2020-01-20T00:36:53.69Z</time>
		</trkpt>
		<trkpt lat="34.629911" lon="127.185297">
			<ele>0.00</ele>
			<time>2020-01-20T00:36:54.13Z</time>
		</trkpt>
		<trkpt lat="34.630000" lon="127.185305">
			<ele>0.00</ele>
			<time>2020-01-20T00:36:54.72Z</time>
		</trkpt>
		<trkpt lat="34.630079" lon="127.185232">
			<ele>0.00</ele>
			<time>2020-01-20T00:36:55.38Z</time>
		</trkpt>
		<trkpt lat="34.630157" lon="127.185165">
			<ele>0.00</ele>
			<time>2020-01-20T00:36:56.02Z</time>
		</trkpt>
		<trkpt lat="34.630239" lon="127.185141">
			<ele>0.00</ele>
			<time>2020-01-20T00:36:56.58Z</time>
		</trkpt>
		<trkpt lat="34.630240" lon="127.185144">
			<ele>0.00</ele>
			<time>2020-01-20T00:36:56.64Z</time>
		</trkpt>
		<trkpt lat="34.630266" lon="127.185197">
			<ele>0.00</ele>
			<time>2020-01-20T00:36:56.98Z</time>
		</trkpt>
		<trkpt lat="34.630289" lon="127.185246">
			<ele>0.00</ele>
			<time>2020-01-20T00:36:57.28Z</time>
		</trkpt>
		<trkpt lat="34.630349" lon="127.185279">
			<ele>0.00</ele>
			<time>2020-01-20T00:36:57.72Z</time>
		</trkpt>
		<trkpt lat="34.630441" lon="127.185292">
			<ele>0.00</ele>
			<time>2020-01-20T00:36:58.34Z</time>
		</trkpt>
		<trkpt lat="34.630515" lon="127.185295">
			<ele>0.00</ele>
			<time>2020-01-20T00:36:58.83Z</time>
		</trkpt>
		<trkpt lat="34.630515" lon="127.185295">
			<ele>0.00</ele>
			<time>2020-01-20T00:36:58.89Z</time>
		</trkpt>
		<trkpt lat="34.630539" lon="127.185279">
			<ele>0.00</ele>
			<time>2020-01-20T00:36:59.08Z</time>
		</trkpt>
		<trkpt lat="34.630600" lon="127.185111">
			<ele>0.00</ele>
			<time>2020-01-20T00:37:00.09Z</time>
		</trkpt>
		<trkpt lat="34.630625" lon="127.184949">
			<ele>0.00</ele>
			<time>2020-01-20T00:37:00.99Z</time>
		</trkpt>
		<trkpt lat="34.630637" lon="127.184803">
			<ele>0.00</ele>
			<time>2020-01-20T00:37:01.80Z</time>
		</trkpt>
		<trkpt lat="34.630637" lon="127.184666">
			<ele>0.00</ele>
			<time>2020-01-20T00:37:02.55Z</time>
		</trkpt>
		<trkpt lat="34.630648" lon="127.184603">
			<ele>0.00</ele>
			<time>2020-01-20T00:37:02.90Z</time>
		</trkpt>
		<trkpt lat="34.630650" lon="127.184425">
			<ele>0.00</ele>
			<time>2020-01-20T00:37:03.88Z</time>
		</trkpt>
		<trkpt lat="34.630616" lon="127.183958">
			<ele>0.00</ele>
			<time>2020-01-20T00:37:06.45Z</time>
		</trkpt>
		<trkpt lat="34.630589" lon="127.183586">
			<ele>0.00</ele>
			<time>2020-01-20T00:37:08.50Z</time>
		</trkpt>
		<trkpt lat="34.630588" lon="127.183497">
			<ele>0.00</ele>
			<time>2020-01-20T00:37:08.99Z</time>
		</trkpt>
		<trkpt lat="34.630877" lon="127.183274">
			<ele>0.00</ele>
			<time>2020-01-20T00:37:11.27Z</time>
		</trkpt>
		<trkpt lat="34.631088" lon="127.183124">
			<ele>0.00</ele>
			<time>2020-01-20T00:37:12.90Z</time>
		</trkpt>
		<trkpt lat="34.631433" lon="127.182842">
			<ele>0.00</ele>
			<time>2020-01-20T00:37:15.67Z</time>
		</trkpt>
		<trkpt lat="34.631499" lon="127.182674">
			<ele>0.00</ele>
			<time>2020-01-20T00:37:16.69Z</time>
		</trkpt>
		<trkpt lat="34.631507" lon="127.182499">
			<ele>0.00</ele>
			<time>2020-01-20T00:37:17.65Z</time>
		</trkpt>
		<trkpt lat="34.631463" lon="127.182388">
			<ele>0.00</ele>
			<time>2020-01-20T00:37:18.33Z</time>
		</trkpt>
		<trkpt lat="34.631402" lon="127.182328">
			<ele>0.00</ele>
			<time>2020-01-20T00:37:18.85Z</time>
		</trkpt>
		<trkpt lat="34.631618" lon="127.181989">
			<ele>0.00</ele>
			<time>2020-01-20T00:37:21.20Z</time>
		</trkpt>
		<trkpt lat="34.631723" lon="127.182023">
			<ele>0.00</ele>
			<time>2020-01-20T00:37:21.92Z</time>
		</trkpt>
		<trkpt lat="34.631826" lon="127.182132">
			<ele>0.00</ele>
			<time>2020-01-20T00:37:22.83Z</time>
		</trkpt>
		<trkpt lat="34.631913" lon="127.182225">
			<ele>0.00</ele>
			<time>2020-01-20T00:37:23.60Z</time>
		</trkpt>
		<trkpt lat="34.632025" lon="127.182329">
			<ele>0.00</ele>
			<time>2020-01-20T00:37:24.55Z</time>
		</trkpt>
		<trkpt lat="34.632478" lon="127.182786">
			<ele>0.00</ele>
			<time>2020-01-20T00:37:28.47Z</time>
		</trkpt>
		<trkpt lat="34.632723" lon="127.183056">
			<ele>0.00</ele>
			<time>2020-01-20T00:37:30.68Z</time>
		</trkpt>
		<trkpt lat="34.632980" lon="127.183325">
			<ele>0.00</ele>
			<time>2020-01-20T00:37:32.94Z</time>
		</trkpt>
		<trkpt lat="34.633129" lon="127.183484">
			<ele>0.00</ele>
			<time>2020-01-20T00:37:34.26Z</time>
		</trkpt>
		<trkpt lat="34.633392" lon="127.183712">
			<ele>0.00</ele>
			<time>2020-01-20T00:37:36.41Z</time>
		</trkpt>
		<trkpt lat="34.633571" lon="127.183900">
			<ele>0.00</ele>
			<time>2020-01-20T00:37:37.99Z</time>
		</trkpt>
		<trkpt lat="34.633797" lon="127.184057">
			<ele>0.00</ele>
			<time>2020-01-20T00:37:39.72Z</time>
		</trkpt>
		<trkpt lat="34.634057" lon="127.184211">
			<ele>0.00</ele>
			<time>2020-01-20T00:37:41.66Z</time>
		</trkpt>
		<trkpt lat="34.634232" lon="127.184333">
			<ele>0.00</ele>
			<time>2020-01-20T00:37:43Z</time>
		</trkpt>
		<trkpt lat="34.634520" lon="127.184589">
			<ele>0.00</ele>
			<time>2020-01-20T00:37:45.38Z</time>
		</trkpt>
		<trkpt lat="34.634783" lon="127.184804">
			<ele>0.00</ele>
			<time>2020-01-20T00:37:47.49Z</time>
		</trkpt>
		<trkpt lat="34.634879" lon="127.184886">
			<ele>0.00</ele>
			<time>2020-01-20T00:37:48.27Z</time>
		</trkpt>
		<trkpt lat="34.634989" lon="127.184975">
			<ele>0.00</ele>
			<time>2020-01-20T00:37:49.15Z</time>
		</trkpt>
		<trkpt lat="34.635162" lon="127.185145">
			<ele>0.00</ele>
			<time>2020-01-20T00:37:50.63Z</time>
		</trkpt>
		<trkpt lat="34.635317" lon="127.185278">
			<ele>0.00</ele>
			<time>2020-01-20T00:37:51.90Z</time>
		</trkpt>
		<trkpt lat="34.635478" lon="127.185425">
			<ele>0.00</ele>
			<time>2020-01-20T00:37:53.24Z</time>
		</trkpt>
		<trkpt lat="34.635696" lon="127.185506">
			<ele>0.00</ele>
			<time>2020-01-20T00:37:54.76Z</time>
		</trkpt>
		<trkpt lat="34.635989" lon="127.185542">
			<ele>0.00</ele>
			<time>2020-01-20T00:37:56.72Z</time>
		</trkpt>
		<trkpt lat="34.636221" lon="127.185574">
			<ele>0.00</ele>
			<time>2020-01-20T00:37:58.28Z</time>
		</trkpt>
		<trkpt lat="34.636375" lon="127.185556">
			<ele>0.00</ele>
			<time>2020-01-20T00:37:59.31Z</time>
		</trkpt>
		<trkpt lat="34.636547" lon="127.185498">
			<ele>0.00</ele>
			<time>2020-01-20T00:38:00.50Z</time>
		</trkpt>
		<trkpt lat="34.636726" lon="127.185388">
			<ele>0.00</ele>
			<time>2020-01-20T00:38:01.84Z</time>
		</trkpt>
		<trkpt lat="34.636928" lon="127.185430">
			<ele>0.00</ele>
			<time>2020-01-20T00:38:03.21Z</time>
		</trkpt>
		<trkpt lat="34.637120" lon="127.185433">
			<ele>0.00</ele>
			<time>2020-01-20T00:38:04.49Z</time>
		</trkpt>
		<trkpt lat="34.637331" lon="127.185383">
			<ele>0.00</ele>
			<time>2020-01-20T00:38:05.92Z</time>
		</trkpt>
		<trkpt lat="34.637490" lon="127.185432">
			<ele>0.00</ele>
			<time>2020-01-20T00:38:07.01Z</time>
		</trkpt>
		<trkpt lat="34.637615" lon="127.185591">
			<ele>0.00</ele>
			<time>2020-01-20T00:38:08.22Z</time>
		</trkpt>
		<trkpt lat="34.637789" lon="127.185801">
			<ele>0.00</ele>
			<time>2020-01-20T00:38:09.86Z</time>
		</trkpt>
		<trkpt lat="34.637923" lon="127.186007">
			<ele>0.00</ele>
			<time>2020-01-20T00:38:11.30Z</time>
		</trkpt>
		<trkpt lat="34.638149" lon="127.186280">
			<ele>0.00</ele>
			<time>2020-01-20T00:38:13.42Z</time>
		</trkpt>
		<trkpt lat="34.638373" lon="127.186526">
			<ele>0.00</ele>
			<time>2020-01-20T00:38:15.43Z</time>
		</trkpt>
		<trkpt lat="34.638636" lon="127.186803">
			<ele>0.00</ele>
			<time>2020-01-20T00:38:17.75Z</time>
		</trkpt>
		<trkpt lat="34.638916" lon="127.187078">
			<ele>0.00</ele>
			<time>2020-01-20T00:38:20.15Z</time>
		</trkpt>
		<trkpt lat="34.639183" lon="127.187292">
			<ele>0.00</ele>
			<time>2020-01-20T00:38:22.28Z</time>
		</trkpt>
		<trkpt lat="34.639383" lon="127.187499">
			<ele>0.00</ele>
			<time>2020-01-20T00:38:24.04Z</time>
		</trkpt>
		<trkpt lat="34.639684" lon="127.187774">
			<ele>0.00</ele>
			<time>2020-01-20T00:38:26.55Z</time>
		</trkpt>
		<trkpt lat="34.639974" lon="127.187968">
			<ele>0.00</ele>
			<time>2020-01-20T00:38:28.76Z</time>
		</trkpt>
		<trkpt lat="34.640241" lon="127.188154">
			<ele>0.00</ele>
			<time>2020-01-20T00:38:30.81Z</time>
		</trkpt>
		<trkpt lat="34.640517" lon="127.188342">
			<ele>0.00</ele>
			<time>2020-01-20T00:38:32.92Z</time>
		</trkpt>
		<trkpt lat="34.640808" lon="127.188542">
			<ele>0.00</ele>
			<time>2020-01-20T00:38:35.15Z</time>
		</trkpt>
		<trkpt lat="34.641071" lon="127.188728">
			<ele>0.00</ele>
			<time>2020-01-20T00:38:37.17Z</time>
		</trkpt>
		<trkpt lat="34.641291" lon="127.188922">
			<ele>0.00</ele>
			<time>2020-01-20T00:38:38.98Z</time>
		</trkpt>
		<trkpt lat="34.641530" lon="127.189063">
			<ele>0.00</ele>
			<time>2020-01-20T00:38:40.75Z</time>
		</trkpt>
		<trkpt lat="34.641717" lon="127.189149">
			<ele>0.00</ele>
			<time>2020-01-20T00:38:42.09Z</time>
		</trkpt>
		<trkpt lat="34.642076" lon="127.189242">
			<ele>0.00</ele>
			<time>2020-01-20T00:38:44.53Z</time>
		</trkpt>
		<trkpt lat="34.642283" lon="127.189276">
			<ele>0.00</ele>
			<time>2020-01-20T00:38:45.92Z</time>
		</trkpt>
		<trkpt lat="34.642491" lon="127.189263">
			<ele>0.00</ele>
			<time>2020-01-20T00:38:47.32Z</time>
		</trkpt>
		<trkpt lat="34.642674" lon="127.189302">
			<ele>0.00</ele>
			<time>2020-01-20T00:38:48.56Z</time>
		</trkpt>
		<trkpt lat="34.642903" lon="127.189373">
			<ele>0.00</ele>
			<time>2020-01-20T00:38:50.13Z</time>
		</trkpt>
		<trkpt lat="34.643058" lon="127.189446">
			<ele>0.00</ele>
			<time>2020-01-20T00:38:51.24Z</time>
		</trkpt>
		<trkpt lat="34.643226" lon="127.189639">
			<ele>0.00</ele>
			<time>2020-01-20T00:38:52.78Z</time>
		</trkpt>
		<trkpt lat="34.643343" lon="127.189810">
			<ele>0.00</ele>
			<time>2020-01-20T00:38:54Z</time>
		</trkpt>
		<trkpt lat="34.643423" lon="127.190027">
			<ele>0.00</ele>
			<time>2020-01-20T00:38:55.30Z</time>
		</trkpt>
		<trkpt lat="34.643470" lon="127.190223">
			<ele>0.00</ele>
			<time>2020-01-20T00:38:56.42Z</time>
		</trkpt>
		<trkpt lat="34.643459" lon="127.190603">
			<ele>0.00</ele>
			<time>2020-01-20T00:38:58.51Z</time>
		</trkpt>
		<trkpt lat="34.643461" lon="127.190875">
			<ele>0.00</ele>
			<time>2020-01-20T00:39:00Z</time>
		</trkpt>
		<trkpt lat="34.643476" lon="127.191073">
			<ele>0.00</ele>
			<time>2020-01-20T00:39:01.09Z</time>
		</trkpt>
		<trkpt lat="34.643538" lon="127.191421">
			<ele>0.00</ele>
			<time>2020-01-20T00:39:03.05Z</time>
		</trkpt>
		<trkpt lat="34.643588" lon="127.191777">
			<ele>0.00</ele>
			<time>2020-01-20T00:39:05.02Z</time>
		</trkpt>
		<trkpt lat="34.643668" lon="127.192238">
			<ele>0.00</ele>
			<time>2020-01-20T00:39:07.61Z</time>
		</trkpt>
		<trkpt lat="34.643735" lon="127.192685">
			<ele>0.00</ele>
			<time>2020-01-20T00:39:10.10Z</time>
		</trkpt>
		<trkpt lat="34.643814" lon="127.193138">
			<ele>0.00</ele>
			<time>2020-01-20T00:39:12.64Z</time>
		</trkpt>
		<trkpt lat="34.643870" lon="127.193620">
			<ele>0.00</ele>
			<time>2020-01-20T00:39:15.31Z</time>
		</trkpt>
		<trkpt lat="34.643925" lon="127.193904">
			<ele>0.00</ele>
			<time>2020-01-20T00:39:16.91Z</time>
		</trkpt>
		<trkpt lat="34.643990" lon="127.194116">
			<ele>0.00</ele>
			<time>2020-01-20T00:39:18.15Z</time>
		</trkpt>
		<trkpt lat="34.644073" lon="127.194307">
			<ele>0.00</ele>
			<time>2020-01-20T00:39:19.34Z</time>
		</trkpt>
		<trkpt lat="34.644113" lon="127.194370">
			<ele>0.00</ele>
			<time>2020-01-20T00:39:19.77Z</time>
		</trkpt>
		<trkpt lat="34.644216" lon="127.194556">
			<ele>0.00</ele>
			<time>2020-01-20T00:39:21Z</time>
		</trkpt>
		<trkpt lat="34.644302" lon="127.194666">
			<ele>0.00</ele>
			<time>2020-01-20T00:39:21.84Z</time>
		</trkpt>
		<trkpt lat="34.644508" lon="127.194840">
			<ele>0.00</ele>
			<time>2020-01-20T00:39:23.51Z</time>
		</trkpt>
		<trkpt lat="34.644916" lon="127.195173">
			<ele>0.00</ele>
			<time>2020-01-20T00:39:26.78Z</time>
		</trkpt>
		<trkpt lat="34.645250" lon="127.195442">
			<ele>0.00</ele>
			<time>2020-01-20T00:39:29.45Z</time>
		</trkpt>
		<trkpt lat="34.645461" lon="127.195586">
			<ele>0.00</ele>
			<time>2020-01-20T00:39:31.07Z</time>
		</trkpt>
		<trkpt lat="34.645696" lon="127.195785">
			<ele>0.00</ele>
			<time>2020-01-20T00:39:32.97Z</time>
		</trkpt>
		<trkpt lat="34.645868" lon="127.195910">
			<ele>0.00</ele>
			<time>2020-01-20T00:39:34.31Z</time>
		</trkpt>
		<trkpt lat="34.646091" lon="127.196085">
			<ele>0.00</ele>
			<time>2020-01-20T00:39:36.08Z</time>
		</trkpt>
		<trkpt lat="34.646310" lon="127.196270">
			<ele>0.00</ele>
			<time>2020-01-20T00:39:37.86Z</time>
		</trkpt>
		<trkpt lat="34.646480" lon="127.196418">
			<ele>0.00</ele>
			<time>2020-01-20T00:39:39.26Z</time>
		</trkpt>
		<trkpt lat="34.646639" lon="127.196566">
			<ele>0.00</ele>
			<time>2020-01-20T00:39:40.59Z</time>
		</trkpt>
		<trkpt lat="34.646764" lon="127.196705">
			<ele>0.00</ele>
			<time>2020-01-20T00:39:41.72Z</time>
		</trkpt>
		<trkpt lat="34.646934" lon="127.196822">
			<ele>0.00</ele>
			<time>2020-01-20T00:39:43.02Z</time>
		</trkpt>
		<extensions>
			<gte:name>#444</gte:name>
			<gte:color>#95ae2f</gte:color>
		</extensions>
	</trkseg>
</trk>
</gpx>