<?xml version="1.0" encoding="UTF-8"?>
<gpx version="1.1" creator="GPS Track Editor" xmlns="http://www.topografix.com/GPX/1/1" xmlns:xsi="http://www.w3.org/2001/XMLSchema-instance" xmlns:gte="http://www.gpstrackeditor.com/xmlschemas/General/1" xmlns:gpxtpx="http://www.garmin.com/xmlschemas/TrackPointExtension/v1" xmlns:gpxx="http://www.garmin.com/xmlschemas/GpxExtensions/v3" targetNamespace="http://www.topografix.com/GPX/1/1" elementFormDefault="qualified" xsi:schemaLocation="http://www.topografix.com/GPX/1/1 http://www.topografix.com/GPX/1/1/gpx.xsd">
<metadata>
	<name>GPS_2020-01-19_232832</name>
</metadata>
<trk>
	<name>068-고흥군 포두면 오취리 해창만오토캠핑장 앞~고흥군 도화면 당오리 도화버스터미널</name>
	<trkseg>
		<trkpt lat="34.582852" lon="127.394185">
			<ele>0.00</ele>
			<time>2020-01-19T23:28:32.21Z</time>
		</trkpt>
		<trkpt lat="34.582706" lon="127.394131">
			<ele>0.00</ele>
			<time>2020-01-19T23:28:33.22Z</time>
		</trkpt>
		<trkpt lat="34.582576" lon="127.394090">
			<ele>0.00</ele>
			<time>2020-01-19T23:28:34.12Z</time>
		</trkpt>
		<trkpt lat="34.582403" lon="127.394033">
			<ele>0.00</ele>
			<time>2020-01-19T23:28:35.31Z</time>
		</trkpt>
		<trkpt lat="34.582254" lon="127.393981">
			<ele>0.00</ele>
			<time>2020-01-19T23:28:36.35Z</time>
		</trkpt>
		<trkpt lat="34.582104" lon="127.393927">
			<ele>0.00</ele>
			<time>2020-01-19T23:28:37.39Z</time>
		</trkpt>
		<trkpt lat="34.581966" lon="127.393891">
			<ele>0.00</ele>
			<time>2020-01-19T23:28:38.33Z</time>
		</trkpt>
		<trkpt lat="34.581837" lon="127.393845">
			<ele>0.00</ele>
			<time>2020-01-19T23:28:39.22Z</time>
		</trkpt>
		<trkpt lat="34.581699" lon="127.393804">
			<ele>0.00</ele>
			<time>2020-01-19T23:28:40.17Z</time>
		</trkpt>
		<trkpt lat="34.581589" lon="127.393782">
			<ele>0.00</ele>
			<time>2020-01-19T23:28:40.92Z</time>
		</trkpt>
		<trkpt lat="34.581500" lon="127.393777">
			<ele>0.00</ele>
			<time>2020-01-19T23:28:41.51Z</time>
		</trkpt>
		<trkpt lat="34.581403" lon="127.393773">
			<ele>0.00</ele>
			<time>2020-01-19T23:28:42.16Z</time>
		</trkpt>
		<trkpt lat="34.581319" lon="127.393782">
			<ele>0.00</ele>
			<time>2020-01-19T23:28:42.72Z</time>
		</trkpt>
		<trkpt lat="34.581230" lon="127.393804">
			<ele>0.00</ele>
			<time>2020-01-19T23:28:43.33Z</time>
		</trkpt>
		<trkpt lat="34.581127" lon="127.393836">
			<ele>0.00</ele>
			<time>2020-01-19T23:28:44.04Z</time>
		</trkpt>
		<trkpt lat="34.581036" lon="127.393863">
			<ele>0.00</ele>
			<time>2020-01-19T23:28:44.66Z</time>
		</trkpt>
		<trkpt lat="34.581036" lon="127.393863">
			<ele>0.00</ele>
			<time>2020-01-19T23:28:44.72Z</time>
		</trkpt>
		<trkpt lat="34.580935" lon="127.393897">
			<ele>0.00</ele>
			<time>2020-01-19T23:28:45.42Z</time>
		</trkpt>
		<trkpt lat="34.580830" lon="127.393936">
			<ele>0.00</ele>
			<time>2020-01-19T23:28:46.15Z</time>
		</trkpt>
		<trkpt lat="34.580726" lon="127.393983">
			<ele>0.00</ele>
			<time>2020-01-19T23:28:46.89Z</time>
		</trkpt>
		<trkpt lat="34.580625" lon="127.394051">
			<ele>0.00</ele>
			<time>2020-01-19T23:28:47.66Z</time>
		</trkpt>
		<trkpt lat="34.580523" lon="127.394108">
			<ele>0.00</ele>
			<time>2020-01-19T23:28:48.41Z</time>
		</trkpt>
		<trkpt lat="34.580428" lon="127.394171">
			<ele>0.00</ele>
			<time>2020-01-19T23:28:49.13Z</time>
		</trkpt>
		<trkpt lat="34.580335" lon="127.394223">
			<ele>0.00</ele>
			<time>2020-01-19T23:28:49.81Z</time>
		</trkpt>
		<trkpt lat="34.580232" lon="127.394291">
			<ele>0.00</ele>
			<time>2020-01-19T23:28:50.59Z</time>
		</trkpt>
		<trkpt lat="34.580117" lon="127.394368">
			<ele>0.00</ele>
			<time>2020-01-19T23:28:51.47Z</time>
		</trkpt>
		<trkpt lat="34.580022" lon="127.394434">
			<ele>0.00</ele>
			<time>2020-01-19T23:28:52.20Z</time>
		</trkpt>
		<trkpt lat="34.579910" lon="127.394504">
			<ele>0.00</ele>
			<time>2020-01-19T23:28:53.04Z</time>
		</trkpt>
		<trkpt lat="34.579811" lon="127.394563">
			<ele>0.00</ele>
			<time>2020-01-19T23:28:53.77Z</time>
		</trkpt>
		<trkpt lat="34.579692" lon="127.394628">
			<ele>0.00</ele>
			<time>2020-01-19T23:28:54.65Z</time>
		</trkpt>
		<trkpt lat="34.579593" lon="127.394685">
			<ele>0.00</ele>
			<time>2020-01-19T23:28:55.37Z</time>
		</trkpt>
		<trkpt lat="34.579502" lon="127.394737">
			<ele>0.00</ele>
			<time>2020-01-19T23:28:56.05Z</time>
		</trkpt>
		<trkpt lat="34.579406" lon="127.394796">
			<ele>0.00</ele>
			<time>2020-01-19T23:28:56.76Z</time>
		</trkpt>
		<trkpt lat="34.579232" lon="127.394916">
			<ele>0.00</ele>
			<time>2020-01-19T23:28:58.10Z</time>
		</trkpt>
		<trkpt lat="34.579083" lon="127.395014">
			<ele>0.00</ele>
			<time>2020-01-19T23:28:59.23Z</time>
		</trkpt>
		<trkpt lat="34.578917" lon="127.395120">
			<ele>0.00</ele>
			<time>2020-01-19T23:29:00.48Z</time>
		</trkpt>
		<trkpt lat="34.578784" lon="127.395222">
			<ele>0.00</ele>
			<time>2020-01-19T23:29:01.52Z</time>
		</trkpt>
		<trkpt lat="34.578668" lon="127.395297">
			<ele>0.00</ele>
			<time>2020-01-19T23:29:02.40Z</time>
		</trkpt>
		<trkpt lat="34.578583" lon="127.395355">
			<ele>0.00</ele>
			<time>2020-01-19T23:29:03.06Z</time>
		</trkpt>
		<trkpt lat="34.578473" lon="127.395431">
			<ele>0.00</ele>
			<time>2020-01-19T23:29:03.90Z</time>
		</trkpt>
		<trkpt lat="34.578359" lon="127.395508">
			<ele>0.00</ele>
			<time>2020-01-19T23:29:04.77Z</time>
		</trkpt>
		<trkpt lat="34.578264" lon="127.395569">
			<ele>0.00</ele>
			<time>2020-01-19T23:29:05.48Z</time>
		</trkpt>
		<trkpt lat="34.578174" lon="127.395644">
			<ele>0.00</ele>
			<time>2020-01-19T23:29:06.21Z</time>
		</trkpt>
		<trkpt lat="34.578088" lon="127.395728">
			<ele>0.00</ele>
			<time>2020-01-19T23:29:06.94Z</time>
		</trkpt>
		<trkpt lat="34.578010" lon="127.395818">
			<ele>0.00</ele>
			<time>2020-01-19T23:29:07.66Z</time>
		</trkpt>
		<trkpt lat="34.577917" lon="127.395916">
			<ele>0.00</ele>
			<time>2020-01-19T23:29:08.48Z</time>
		</trkpt>
		<trkpt lat="34.577835" lon="127.396008">
			<ele>0.00</ele>
			<time>2020-01-19T23:29:09.23Z</time>
		</trkpt>
		<trkpt lat="34.577738" lon="127.396131">
			<ele>0.00</ele>
			<time>2020-01-19T23:29:10.16Z</time>
		</trkpt>
		<trkpt lat="34.577658" lon="127.396233">
			<ele>0.00</ele>
			<time>2020-01-19T23:29:10.94Z</time>
		</trkpt>
		<trkpt lat="34.577583" lon="127.396338">
			<ele>0.00</ele>
			<time>2020-01-19T23:29:11.69Z</time>
		</trkpt>
		<trkpt lat="34.577522" lon="127.396437">
			<ele>0.00</ele>
			<time>2020-01-19T23:29:12.38Z</time>
		</trkpt>
		<trkpt lat="34.577436" lon="127.396555">
			<ele>0.00</ele>
			<time>2020-01-19T23:29:13.24Z</time>
		</trkpt>
		<trkpt lat="34.577361" lon="127.396673">
			<ele>0.00</ele>
			<time>2020-01-19T23:29:14.06Z</time>
		</trkpt>
		<trkpt lat="34.577275" lon="127.396800">
			<ele>0.00</ele>
			<time>2020-01-19T23:29:14.96Z</time>
		</trkpt>
		<trkpt lat="34.577206" lon="127.396906">
			<ele>0.00</ele>
			<time>2020-01-19T23:29:15.70Z</time>
		</trkpt>
		<trkpt lat="34.577111" lon="127.397051">
			<ele>0.00</ele>
			<time>2020-01-19T23:29:16.72Z</time>
		</trkpt>
		<trkpt lat="34.577029" lon="127.397175">
			<ele>0.00</ele>
			<time>2020-01-19T23:29:17.60Z</time>
		</trkpt>
		<trkpt lat="34.576945" lon="127.397304">
			<ele>0.00</ele>
			<time>2020-01-19T23:29:18.50Z</time>
		</trkpt>
		<trkpt lat="34.576870" lon="127.397418">
			<ele>0.00</ele>
			<time>2020-01-19T23:29:19.30Z</time>
		</trkpt>
		<trkpt lat="34.576790" lon="127.397554">
			<ele>0.00</ele>
			<time>2020-01-19T23:29:20.21Z</time>
		</trkpt>
		<trkpt lat="34.576706" lon="127.397694">
			<ele>0.00</ele>
			<time>2020-01-19T23:29:21.17Z</time>
		</trkpt>
		<trkpt lat="34.576635" lon="127.397812">
			<ele>0.00</ele>
			<time>2020-01-19T23:29:21.97Z</time>
		</trkpt>
		<trkpt lat="34.576544" lon="127.397955">
			<ele>0.00</ele>
			<time>2020-01-19T23:29:22.96Z</time>
		</trkpt>
		<trkpt lat="34.576476" lon="127.398075">
			<ele>0.00</ele>
			<time>2020-01-19T23:29:23.76Z</time>
		</trkpt>
		<trkpt lat="34.576403" lon="127.398183">
			<ele>0.00</ele>
			<time>2020-01-19T23:29:24.53Z</time>
		</trkpt>
		<trkpt lat="34.576335" lon="127.398295">
			<ele>0.00</ele>
			<time>2020-01-19T23:29:25.29Z</time>
		</trkpt>
		<trkpt lat="34.576258" lon="127.398413">
			<ele>0.00</ele>
			<time>2020-01-19T23:29:26.12Z</time>
		</trkpt>
		<trkpt lat="34.576185" lon="127.398535">
			<ele>0.00</ele>
			<time>2020-01-19T23:29:26.95Z</time>
		</trkpt>
		<trkpt lat="34.576111" lon="127.398585">
			<ele>0.00</ele>
			<time>2020-01-19T23:29:27.51Z</time>
		</trkpt>
		<trkpt lat="34.576036" lon="127.398683">
			<ele>0.00</ele>
			<time>2020-01-19T23:29:28.24Z</time>
		</trkpt>
		<trkpt lat="34.575965" lon="127.398803">
			<ele>0.00</ele>
			<time>2020-01-19T23:29:29.06Z</time>
		</trkpt>
		<trkpt lat="34.575875" lon="127.398939">
			<ele>0.00</ele>
			<time>2020-01-19T23:29:30.01Z</time>
		</trkpt>
		<trkpt lat="34.575793" lon="127.399106">
			<ele>0.00</ele>
			<time>2020-01-19T23:29:31.08Z</time>
		</trkpt>
		<trkpt lat="34.575693" lon="127.399306">
			<ele>0.00</ele>
			<time>2020-01-19T23:29:32.37Z</time>
		</trkpt>
		<trkpt lat="34.575663" lon="127.399367">
			<ele>0.00</ele>
			<time>2020-01-19T23:29:32.76Z</time>
		</trkpt>
		<trkpt lat="34.575651" lon="127.399446">
			<ele>0.00</ele>
			<time>2020-01-19T23:29:33.20Z</time>
		</trkpt>
		<trkpt lat="34.575676" lon="127.399494">
			<ele>0.00</ele>
			<time>2020-01-19T23:29:33.51Z</time>
		</trkpt>
		<trkpt lat="34.575745" lon="127.399548">
			<ele>0.00</ele>
			<time>2020-01-19T23:29:34.05Z</time>
		</trkpt>
		<trkpt lat="34.575816" lon="127.399616">
			<ele>0.00</ele>
			<time>2020-01-19T23:29:34.66Z</time>
		</trkpt>
		<trkpt lat="34.575885" lon="127.399671">
			<ele>0.00</ele>
			<time>2020-01-19T23:29:35.21Z</time>
		</trkpt>
		<trkpt lat="34.575941" lon="127.399702">
			<ele>0.00</ele>
			<time>2020-01-19T23:29:35.62Z</time>
		</trkpt>
		<trkpt lat="34.576006" lon="127.399750">
			<ele>0.00</ele>
			<time>2020-01-19T23:29:36.13Z</time>
		</trkpt>
		<trkpt lat="34.576073" lon="127.399779">
			<ele>0.00</ele>
			<time>2020-01-19T23:29:36.60Z</time>
		</trkpt>
		<trkpt lat="34.576164" lon="127.399793">
			<ele>0.00</ele>
			<time>2020-01-19T23:29:37.21Z</time>
		</trkpt>
		<trkpt lat="34.576254" lon="127.399807">
			<ele>0.00</ele>
			<time>2020-01-19T23:29:37.82Z</time>
		</trkpt>
		<trkpt lat="34.576342" lon="127.399829">
			<ele>0.00</ele>
			<time>2020-01-19T23:29:38.41Z</time>
		</trkpt>
		<trkpt lat="34.576426" lon="127.399884">
			<ele>0.00</ele>
			<time>2020-01-19T23:29:39.05Z</time>
		</trkpt>
		<trkpt lat="34.576519" lon="127.399992">
			<ele>0.00</ele>
			<time>2020-01-19T23:29:39.91Z</time>
		</trkpt>
		<trkpt lat="34.576586" lon="127.400088">
			<ele>0.00</ele>
			<time>2020-01-19T23:29:40.60Z</time>
		</trkpt>
		<trkpt lat="34.576661" lon="127.400192">
			<ele>0.00</ele>
			<time>2020-01-19T23:29:41.36Z</time>
		</trkpt>
		<trkpt lat="34.576706" lon="127.400287">
			<ele>0.00</ele>
			<time>2020-01-19T23:29:41.96Z</time>
		</trkpt>
		<trkpt lat="34.576756" lon="127.400416">
			<ele>0.00</ele>
			<time>2020-01-19T23:29:42.74Z</time>
		</trkpt>
		<trkpt lat="34.576797" lon="127.400552">
			<ele>0.00</ele>
			<time>2020-01-19T23:29:43.54Z</time>
		</trkpt>
		<trkpt lat="34.576851" lon="127.400695">
			<ele>0.00</ele>
			<time>2020-01-19T23:29:44.40Z</time>
		</trkpt>
		<trkpt lat="34.576900" lon="127.400804">
			<ele>0.00</ele>
			<time>2020-01-19T23:29:45.08Z</time>
		</trkpt>
		<trkpt lat="34.576950" lon="127.400935">
			<ele>0.00</ele>
			<time>2020-01-19T23:29:45.88Z</time>
		</trkpt>
		<trkpt lat="34.576991" lon="127.401024">
			<ele>0.00</ele>
			<time>2020-01-19T23:29:46.44Z</time>
		</trkpt>
		<trkpt lat="34.577032" lon="127.401087">
			<ele>0.00</ele>
			<time>2020-01-19T23:29:46.88Z</time>
		</trkpt>
		<trkpt lat="34.577082" lon="127.401146">
			<ele>0.00</ele>
			<time>2020-01-19T23:29:47.34Z</time>
		</trkpt>
		<trkpt lat="34.577131" lon="127.401214">
			<ele>0.00</ele>
			<time>2020-01-19T23:29:47.84Z</time>
		</trkpt>
		<trkpt lat="34.577153" lon="127.401289">
			<ele>0.00</ele>
			<time>2020-01-19T23:29:48.27Z</time>
		</trkpt>
		<trkpt lat="34.577168" lon="127.401366">
			<ele>0.00</ele>
			<time>2020-01-19T23:29:48.71Z</time>
		</trkpt>
		<trkpt lat="34.577177" lon="127.401459">
			<ele>0.00</ele>
			<time>2020-01-19T23:29:49.22Z</time>
		</trkpt>
		<trkpt lat="34.577189" lon="127.401590">
			<ele>0.00</ele>
			<time>2020-01-19T23:29:49.95Z</time>
		</trkpt>
		<trkpt lat="34.577194" lon="127.401706">
			<ele>0.00</ele>
			<time>2020-01-19T23:29:50.58Z</time>
		</trkpt>
		<trkpt lat="34.577190" lon="127.401819">
			<ele>0.00</ele>
			<time>2020-01-19T23:29:51.21Z</time>
		</trkpt>
		<trkpt lat="34.577185" lon="127.401933">
			<ele>0.00</ele>
			<time>2020-01-19T23:29:51.83Z</time>
		</trkpt>
		<trkpt lat="34.577183" lon="127.401994">
			<ele>0.00</ele>
			<time>2020-01-19T23:29:52.17Z</time>
		</trkpt>
		<trkpt lat="34.577177" lon="127.402059">
			<ele>0.00</ele>
			<time>2020-01-19T23:29:52.53Z</time>
		</trkpt>
		<trkpt lat="34.577168" lon="127.402114">
			<ele>0.00</ele>
			<time>2020-01-19T23:29:52.83Z</time>
		</trkpt>
		<trkpt lat="34.577138" lon="127.402166">
			<ele>0.00</ele>
			<time>2020-01-19T23:29:53.18Z</time>
		</trkpt>
		<trkpt lat="34.577101" lon="127.402225">
			<ele>0.00</ele>
			<time>2020-01-19T23:29:53.59Z</time>
		</trkpt>
		<trkpt lat="34.577056" lon="127.402286">
			<ele>0.00</ele>
			<time>2020-01-19T23:29:54.04Z</time>
		</trkpt>
		<trkpt lat="34.577004" lon="127.402345">
			<ele>0.00</ele>
			<time>2020-01-19T23:29:54.51Z</time>
		</trkpt>
		<trkpt lat="34.576944" lon="127.402411">
			<ele>0.00</ele>
			<time>2020-01-19T23:29:55.05Z</time>
		</trkpt>
		<trkpt lat="34.576875" lon="127.402461">
			<ele>0.00</ele>
			<time>2020-01-19T23:29:55.59Z</time>
		</trkpt>
		<trkpt lat="34.576798" lon="127.402486">
			<ele>0.00</ele>
			<time>2020-01-19T23:29:56.12Z</time>
		</trkpt>
		<trkpt lat="34.576718" lon="127.402492">
			<ele>0.00</ele>
			<time>2020-01-19T23:29:56.65Z</time>
		</trkpt>
		<trkpt lat="34.576612" lon="127.402499">
			<ele>0.00</ele>
			<time>2020-01-19T23:29:57.36Z</time>
		</trkpt>
		<trkpt lat="34.576500" lon="127.402504">
			<ele>0.00</ele>
			<time>2020-01-19T23:29:58.11Z</time>
		</trkpt>
		<trkpt lat="34.576401" lon="127.402510">
			<ele>0.00</ele>
			<time>2020-01-19T23:29:58.77Z</time>
		</trkpt>
		<trkpt lat="34.576306" lon="127.402517">
			<ele>0.00</ele>
			<time>2020-01-19T23:29:59.40Z</time>
		</trkpt>
		<trkpt lat="34.576214" lon="127.402524">
			<ele>0.00</ele>
			<time>2020-01-19T23:30:00.02Z</time>
		</trkpt>
		<trkpt lat="34.576115" lon="127.402531">
			<ele>0.00</ele>
			<time>2020-01-19T23:30:00.68Z</time>
		</trkpt>
		<trkpt lat="34.576020" lon="127.402535">
			<ele>0.00</ele>
			<time>2020-01-19T23:30:01.31Z</time>
		</trkpt>
		<trkpt lat="34.575912" lon="127.402553">
			<ele>0.00</ele>
			<time>2020-01-19T23:30:02.04Z</time>
		</trkpt>
		<trkpt lat="34.575804" lon="127.402581">
			<ele>0.00</ele>
			<time>2020-01-19T23:30:02.78Z</time>
		</trkpt>
		<trkpt lat="34.575677" lon="127.402608">
			<ele>0.00</ele>
			<time>2020-01-19T23:30:03.63Z</time>
		</trkpt>
		<trkpt lat="34.575550" lon="127.402635">
			<ele>0.00</ele>
			<time>2020-01-19T23:30:04.49Z</time>
		</trkpt>
		<trkpt lat="34.575455" lon="127.402678">
			<ele>0.00</ele>
			<time>2020-01-19T23:30:05.17Z</time>
		</trkpt>
		<trkpt lat="34.575361" lon="127.402716">
			<ele>0.00</ele>
			<time>2020-01-19T23:30:05.83Z</time>
		</trkpt>
		<trkpt lat="34.575269" lon="127.402753">
			<ele>0.00</ele>
			<time>2020-01-19T23:30:06.47Z</time>
		</trkpt>
		<trkpt lat="34.575190" lon="127.402766">
			<ele>0.00</ele>
			<time>2020-01-19T23:30:07.01Z</time>
		</trkpt>
		<trkpt lat="34.575119" lon="127.402773">
			<ele>0.00</ele>
			<time>2020-01-19T23:30:07.49Z</time>
		</trkpt>
		<trkpt lat="34.575036" lon="127.402793">
			<ele>0.00</ele>
			<time>2020-01-19T23:30:08.04Z</time>
		</trkpt>
		<trkpt lat="34.574928" lon="127.402827">
			<ele>0.00</ele>
			<time>2020-01-19T23:30:08.79Z</time>
		</trkpt>
		<trkpt lat="34.574852" lon="127.402854">
			<ele>0.00</ele>
			<time>2020-01-19T23:30:09.32Z</time>
		</trkpt>
		<trkpt lat="34.574792" lon="127.402877">
			<ele>0.00</ele>
			<time>2020-01-19T23:30:09.74Z</time>
		</trkpt>
		<trkpt lat="34.574717" lon="127.402916">
			<ele>0.00</ele>
			<time>2020-01-19T23:30:10.28Z</time>
		</trkpt>
		<trkpt lat="34.574646" lon="127.402954">
			<ele>0.00</ele>
			<time>2020-01-19T23:30:10.80Z</time>
		</trkpt>
		<trkpt lat="34.574592" lon="127.403013">
			<ele>0.00</ele>
			<time>2020-01-19T23:30:11.28Z</time>
		</trkpt>
		<trkpt lat="34.574561" lon="127.403110">
			<ele>0.00</ele>
			<time>2020-01-19T23:30:11.86Z</time>
		</trkpt>
		<trkpt lat="34.574549" lon="127.403203">
			<ele>0.00</ele>
			<time>2020-01-19T23:30:12.37Z</time>
		</trkpt>
		<trkpt lat="34.574581" lon="127.403292">
			<ele>0.00</ele>
			<time>2020-01-19T23:30:12.90Z</time>
		</trkpt>
		<trkpt lat="34.574624" lon="127.403385">
			<ele>0.00</ele>
			<time>2020-01-19T23:30:13.48Z</time>
		</trkpt>
		<trkpt lat="34.574665" lon="127.403462">
			<ele>0.00</ele>
			<time>2020-01-19T23:30:13.99Z</time>
		</trkpt>
		<trkpt lat="34.574717" lon="127.403575">
			<ele>0.00</ele>
			<time>2020-01-19T23:30:14.70Z</time>
		</trkpt>
		<trkpt lat="34.574740" lon="127.403659">
			<ele>0.00</ele>
			<time>2020-01-19T23:30:15.18Z</time>
		</trkpt>
		<trkpt lat="34.574752" lon="127.403735">
			<ele>0.00</ele>
			<time>2020-01-19T23:30:15.61Z</time>
		</trkpt>
		<trkpt lat="34.574759" lon="127.403821">
			<ele>0.00</ele>
			<time>2020-01-19T23:30:16.09Z</time>
		</trkpt>
		<trkpt lat="34.574763" lon="127.403887">
			<ele>0.00</ele>
			<time>2020-01-19T23:30:16.45Z</time>
		</trkpt>
		<trkpt lat="34.574752" lon="127.403960">
			<ele>0.00</ele>
			<time>2020-01-19T23:30:16.85Z</time>
		</trkpt>
		<trkpt lat="34.574720" lon="127.404034">
			<ele>0.00</ele>
			<time>2020-01-19T23:30:17.32Z</time>
		</trkpt>
		<trkpt lat="34.574673" lon="127.404109">
			<ele>0.00</ele>
			<time>2020-01-19T23:30:17.83Z</time>
		</trkpt>
		<trkpt lat="34.574617" lon="127.404213">
			<ele>0.00</ele>
			<time>2020-01-19T23:30:18.51Z</time>
		</trkpt>
		<trkpt lat="34.574586" lon="127.404311">
			<ele>0.00</ele>
			<time>2020-01-19T23:30:19.09Z</time>
		</trkpt>
		<trkpt lat="34.574546" lon="127.404426">
			<ele>0.00</ele>
			<time>2020-01-19T23:30:19.78Z</time>
		</trkpt>
		<trkpt lat="34.574505" lon="127.404531">
			<ele>0.00</ele>
			<time>2020-01-19T23:30:20.41Z</time>
		</trkpt>
		<trkpt lat="34.574471" lon="127.404609">
			<ele>0.00</ele>
			<time>2020-01-19T23:30:20.90Z</time>
		</trkpt>
		<trkpt lat="34.574426" lon="127.404702">
			<ele>0.00</ele>
			<time>2020-01-19T23:30:21.49Z</time>
		</trkpt>
		<trkpt lat="34.574379" lon="127.404800">
			<ele>0.00</ele>
			<time>2020-01-19T23:30:22.11Z</time>
		</trkpt>
		<trkpt lat="34.574332" lon="127.404888">
			<ele>0.00</ele>
			<time>2020-01-19T23:30:22.69Z</time>
		</trkpt>
		<trkpt lat="34.574290" lon="127.404926">
			<ele>0.00</ele>
			<time>2020-01-19T23:30:23.04Z</time>
		</trkpt>
		<trkpt lat="34.574232" lon="127.404935">
			<ele>0.00</ele>
			<time>2020-01-19T23:30:23.43Z</time>
		</trkpt>
		<trkpt lat="34.574185" lon="127.404922">
			<ele>0.00</ele>
			<time>2020-01-19T23:30:23.75Z</time>
		</trkpt>
		<trkpt lat="34.574118" lon="127.404874">
			<ele>0.00</ele>
			<time>2020-01-19T23:30:24.27Z</time>
		</trkpt>
		<trkpt lat="34.574051" lon="127.404815">
			<ele>0.00</ele>
			<time>2020-01-19T23:30:24.82Z</time>
		</trkpt>
		<trkpt lat="34.573989" lon="127.404734">
			<ele>0.00</ele>
			<time>2020-01-19T23:30:25.43Z</time>
		</trkpt>
		<trkpt lat="34.573946" lon="127.404652">
			<ele>0.00</ele>
			<time>2020-01-19T23:30:25.96Z</time>
		</trkpt>
		<trkpt lat="34.573915" lon="127.404586">
			<ele>0.00</ele>
			<time>2020-01-19T23:30:26.38Z</time>
		</trkpt>
		<trkpt lat="34.573883" lon="127.404498">
			<ele>0.00</ele>
			<time>2020-01-19T23:30:26.91Z</time>
		</trkpt>
		<trkpt lat="34.573851" lon="127.404417">
			<ele>0.00</ele>
			<time>2020-01-19T23:30:27.40Z</time>
		</trkpt>
		<trkpt lat="34.573820" lon="127.404346">
			<ele>0.00</ele>
			<time>2020-01-19T23:30:27.84Z</time>
		</trkpt>
		<trkpt lat="34.573787" lon="127.404300">
			<ele>0.00</ele>
			<time>2020-01-19T23:30:28.18Z</time>
		</trkpt>
		<trkpt lat="34.573744" lon="127.404232">
			<ele>0.00</ele>
			<time>2020-01-19T23:30:28.65Z</time>
		</trkpt>
		<trkpt lat="34.573696" lon="127.404184">
			<ele>0.00</ele>
			<time>2020-01-19T23:30:29.06Z</time>
		</trkpt>
		<trkpt lat="34.573627" lon="127.404155">
			<ele>0.00</ele>
			<time>2020-01-19T23:30:29.55Z</time>
		</trkpt>
		<trkpt lat="34.573534" lon="127.404123">
			<ele>0.00</ele>
			<time>2020-01-19T23:30:30.20Z</time>
		</trkpt>
		<trkpt lat="34.573453" lon="127.404105">
			<ele>0.00</ele>
			<time>2020-01-19T23:30:30.74Z</time>
		</trkpt>
		<trkpt lat="34.573394" lon="127.404091">
			<ele>0.00</ele>
			<time>2020-01-19T23:30:31.14Z</time>
		</trkpt>
		<trkpt lat="34.573326" lon="127.404068">
			<ele>0.00</ele>
			<time>2020-01-19T23:30:31.61Z</time>
		</trkpt>
		<trkpt lat="34.573282" lon="127.404037">
			<ele>0.00</ele>
			<time>2020-01-19T23:30:31.95Z</time>
		</trkpt>
		<trkpt lat="34.573242" lon="127.404000">
			<ele>0.00</ele>
			<time>2020-01-19T23:30:32.28Z</time>
		</trkpt>
		<trkpt lat="34.573200" lon="127.403926">
			<ele>0.00</ele>
			<time>2020-01-19T23:30:32.78Z</time>
		</trkpt>
		<trkpt lat="34.573164" lon="127.403860">
			<ele>0.00</ele>
			<time>2020-01-19T23:30:33.21Z</time>
		</trkpt>
		<trkpt lat="34.573119" lon="127.403833">
			<ele>0.00</ele>
			<time>2020-01-19T23:30:33.55Z</time>
		</trkpt>
		<trkpt lat="34.573009" lon="127.403804">
			<ele>0.00</ele>
			<time>2020-01-19T23:30:34.30Z</time>
		</trkpt>
		<trkpt lat="34.572920" lon="127.403792">
			<ele>0.00</ele>
			<time>2020-01-19T23:30:34.90Z</time>
		</trkpt>
		<trkpt lat="34.572849" lon="127.403792">
			<ele>0.00</ele>
			<time>2020-01-19T23:30:35.37Z</time>
		</trkpt>
		<trkpt lat="34.572789" lon="127.403792">
			<ele>0.00</ele>
			<time>2020-01-19T23:30:35.77Z</time>
		</trkpt>
		<trkpt lat="34.572716" lon="127.403792">
			<ele>0.00</ele>
			<time>2020-01-19T23:30:36.26Z</time>
		</trkpt>
		<trkpt lat="34.572636" lon="127.403790">
			<ele>0.00</ele>
			<time>2020-01-19T23:30:36.79Z</time>
		</trkpt>
		<trkpt lat="34.572539" lon="127.403794">
			<ele>0.00</ele>
			<time>2020-01-19T23:30:37.44Z</time>
		</trkpt>
		<trkpt lat="34.572423" lon="127.403799">
			<ele>0.00</ele>
			<time>2020-01-19T23:30:38.21Z</time>
		</trkpt>
		<trkpt lat="34.572306" lon="127.403817">
			<ele>0.00</ele>
			<time>2020-01-19T23:30:39Z</time>
		</trkpt>
		<trkpt lat="34.572211" lon="127.403817">
			<ele>0.00</ele>
			<time>2020-01-19T23:30:39.63Z</time>
		</trkpt>
		<trkpt lat="34.572086" lon="127.403835">
			<ele>0.00</ele>
			<time>2020-01-19T23:30:40.47Z</time>
		</trkpt>
		<trkpt lat="34.571935" lon="127.403864">
			<ele>0.00</ele>
			<time>2020-01-19T23:30:41.49Z</time>
		</trkpt>
		<trkpt lat="34.571782" lon="127.403896">
			<ele>0.00</ele>
			<time>2020-01-19T23:30:42.52Z</time>
		</trkpt>
		<trkpt lat="34.571624" lon="127.403928">
			<ele>0.00</ele>
			<time>2020-01-19T23:30:43.59Z</time>
		</trkpt>
		<trkpt lat="34.571487" lon="127.403962">
			<ele>0.00</ele>
			<time>2020-01-19T23:30:44.52Z</time>
		</trkpt>
		<trkpt lat="34.571337" lon="127.403998">
			<ele>0.00</ele>
			<time>2020-01-19T23:30:45.54Z</time>
		</trkpt>
		<trkpt lat="34.571225" lon="127.404018">
			<ele>0.00</ele>
			<time>2020-01-19T23:30:46.30Z</time>
		</trkpt>
		<trkpt lat="34.571089" lon="127.404041">
			<ele>0.00</ele>
			<time>2020-01-19T23:30:47.22Z</time>
		</trkpt>
		<trkpt lat="34.570956" lon="127.404068">
			<ele>0.00</ele>
			<time>2020-01-19T23:30:48.11Z</time>
		</trkpt>
		<trkpt lat="34.570839" lon="127.404082">
			<ele>0.00</ele>
			<time>2020-01-19T23:30:48.90Z</time>
		</trkpt>
		<trkpt lat="34.570718" lon="127.404093">
			<ele>0.00</ele>
			<time>2020-01-19T23:30:49.71Z</time>
		</trkpt>
		<trkpt lat="34.570577" lon="127.404111">
			<ele>0.00</ele>
			<time>2020-01-19T23:30:50.65Z</time>
		</trkpt>
		<trkpt lat="34.570439" lon="127.404131">
			<ele>0.00</ele>
			<time>2020-01-19T23:30:51.58Z</time>
		</trkpt>
		<trkpt lat="34.570355" lon="127.404143">
			<ele>0.00</ele>
			<time>2020-01-19T23:30:52.14Z</time>
		</trkpt>
		<trkpt lat="34.570245" lon="127.404138">
			<ele>0.00</ele>
			<time>2020-01-19T23:30:52.88Z</time>
		</trkpt>
		<trkpt lat="34.570138" lon="127.404145">
			<ele>0.00</ele>
			<time>2020-01-19T23:30:53.59Z</time>
		</trkpt>
		<trkpt lat="34.570060" lon="127.404142">
			<ele>0.00</ele>
			<time>2020-01-19T23:30:54.11Z</time>
		</trkpt>
		<trkpt lat="34.569995" lon="127.404133">
			<ele>0.00</ele>
			<time>2020-01-19T23:30:54.55Z</time>
		</trkpt>
		<trkpt lat="34.569941" lon="127.404133">
			<ele>0.00</ele>
			<time>2020-01-19T23:30:54.90Z</time>
		</trkpt>
		<trkpt lat="34.569863" lon="127.404133">
			<ele>0.00</ele>
			<time>2020-01-19T23:30:55.43Z</time>
		</trkpt>
		<trkpt lat="34.569777" lon="127.404156">
			<ele>0.00</ele>
			<time>2020-01-19T23:30:56.01Z</time>
		</trkpt>
		<trkpt lat="34.569671" lon="127.404174">
			<ele>0.00</ele>
			<time>2020-01-19T23:30:56.73Z</time>
		</trkpt>
		<trkpt lat="34.569609" lon="127.404160">
			<ele>0.00</ele>
			<time>2020-01-19T23:30:57.15Z</time>
		</trkpt>
		<trkpt lat="34.569529" lon="127.404133">
			<ele>0.00</ele>
			<time>2020-01-19T23:30:57.70Z</time>
		</trkpt>
		<trkpt lat="34.569462" lon="127.404070">
			<ele>0.00</ele>
			<time>2020-01-19T23:30:58.27Z</time>
		</trkpt>
		<trkpt lat="34.569410" lon="127.404020">
			<ele>0.00</ele>
			<time>2020-01-19T23:30:58.71Z</time>
		</trkpt>
		<trkpt lat="34.569346" lon="127.403997">
			<ele>0.00</ele>
			<time>2020-01-19T23:30:59.15Z</time>
		</trkpt>
		<trkpt lat="34.569279" lon="127.403995">
			<ele>0.00</ele>
			<time>2020-01-19T23:30:59.60Z</time>
		</trkpt>
		<trkpt lat="34.569210" lon="127.403988">
			<ele>0.00</ele>
			<time>2020-01-19T23:31:00.06Z</time>
		</trkpt>
		<trkpt lat="34.569141" lon="127.403990">
			<ele>0.00</ele>
			<time>2020-01-19T23:31:00.52Z</time>
		</trkpt>
		<trkpt lat="34.569057" lon="127.403999">
			<ele>0.00</ele>
			<time>2020-01-19T23:31:01.08Z</time>
		</trkpt>
		<trkpt lat="34.569012" lon="127.403997">
			<ele>0.00</ele>
			<time>2020-01-19T23:31:01.38Z</time>
		</trkpt>
		<trkpt lat="34.568969" lon="127.403977">
			<ele>0.00</ele>
			<time>2020-01-19T23:31:01.69Z</time>
		</trkpt>
		<trkpt lat="34.568891" lon="127.403933">
			<ele>0.00</ele>
			<time>2020-01-19T23:31:02.26Z</time>
		</trkpt>
		<trkpt lat="34.568807" lon="127.403895">
			<ele>0.00</ele>
			<time>2020-01-19T23:31:02.86Z</time>
		</trkpt>
		<trkpt lat="34.568759" lon="127.403863">
			<ele>0.00</ele>
			<time>2020-01-19T23:31:03.22Z</time>
		</trkpt>
		<trkpt lat="34.568701" lon="127.403807">
			<ele>0.00</ele>
			<time>2020-01-19T23:31:03.72Z</time>
		</trkpt>
		<trkpt lat="34.568640" lon="127.403745">
			<ele>0.00</ele>
			<time>2020-01-19T23:31:04.25Z</time>
		</trkpt>
		<trkpt lat="34.568579" lon="127.403673">
			<ele>0.00</ele>
			<time>2020-01-19T23:31:04.81Z</time>
		</trkpt>
		<trkpt lat="34.568528" lon="127.403588">
			<ele>0.00</ele>
			<time>2020-01-19T23:31:05.39Z</time>
		</trkpt>
		<trkpt lat="34.568471" lon="127.403503">
			<ele>0.00</ele>
			<time>2020-01-19T23:31:05.99Z</time>
		</trkpt>
		<trkpt lat="34.568410" lon="127.403448">
			<ele>0.00</ele>
			<time>2020-01-19T23:31:06.50Z</time>
		</trkpt>
		<trkpt lat="34.568338" lon="127.403391">
			<ele>0.00</ele>
			<time>2020-01-19T23:31:07.08Z</time>
		</trkpt>
		<trkpt lat="34.568271" lon="127.403344">
			<ele>0.00</ele>
			<time>2020-01-19T23:31:07.59Z</time>
		</trkpt>
		<trkpt lat="34.568215" lon="127.403301">
			<ele>0.00</ele>
			<time>2020-01-19T23:31:08.04Z</time>
		</trkpt>
		<trkpt lat="34.568138" lon="127.403248">
			<ele>0.00</ele>
			<time>2020-01-19T23:31:08.62Z</time>
		</trkpt>
		<trkpt lat="34.568066" lon="127.403178">
			<ele>0.00</ele>
			<time>2020-01-19T23:31:09.24Z</time>
		</trkpt>
		<trkpt lat="34.568011" lon="127.403140">
			<ele>0.00</ele>
			<time>2020-01-19T23:31:09.66Z</time>
		</trkpt>
		<trkpt lat="34.567950" lon="127.403099">
			<ele>0.00</ele>
			<time>2020-01-19T23:31:10.12Z</time>
		</trkpt>
		<trkpt lat="34.567886" lon="127.403047">
			<ele>0.00</ele>
			<time>2020-01-19T23:31:10.64Z</time>
		</trkpt>
		<trkpt lat="34.567849" lon="127.402999">
			<ele>0.00</ele>
			<time>2020-01-19T23:31:11Z</time>
		</trkpt>
		<trkpt lat="34.567808" lon="127.402922">
			<ele>0.00</ele>
			<time>2020-01-19T23:31:11.50Z</time>
		</trkpt>
		<trkpt lat="34.567767" lon="127.402843">
			<ele>0.00</ele>
			<time>2020-01-19T23:31:12.01Z</time>
		</trkpt>
		<trkpt lat="34.567709" lon="127.402761">
			<ele>0.00</ele>
			<time>2020-01-19T23:31:12.61Z</time>
		</trkpt>
		<trkpt lat="34.567644" lon="127.402700">
			<ele>0.00</ele>
			<time>2020-01-19T23:31:13.16Z</time>
		</trkpt>
		<trkpt lat="34.567609" lon="127.402652">
			<ele>0.00</ele>
			<time>2020-01-19T23:31:13.51Z</time>
		</trkpt>
		<trkpt lat="34.567556" lon="127.402575">
			<ele>0.00</ele>
			<time>2020-01-19T23:31:14.06Z</time>
		</trkpt>
		<trkpt lat="34.567498" lon="127.402498">
			<ele>0.00</ele>
			<time>2020-01-19T23:31:14.63Z</time>
		</trkpt>
		<trkpt lat="34.567420" lon="127.402375">
			<ele>0.00</ele>
			<time>2020-01-19T23:31:15.48Z</time>
		</trkpt>
		<trkpt lat="34.567344" lon="127.402255">
			<ele>0.00</ele>
			<time>2020-01-19T23:31:16.31Z</time>
		</trkpt>
		<trkpt lat="34.567282" lon="127.402153">
			<ele>0.00</ele>
			<time>2020-01-19T23:31:17.01Z</time>
		</trkpt>
		<trkpt lat="34.567226" lon="127.402022">
			<ele>0.00</ele>
			<time>2020-01-19T23:31:17.82Z</time>
		</trkpt>
		<trkpt lat="34.567168" lon="127.401898">
			<ele>0.00</ele>
			<time>2020-01-19T23:31:18.60Z</time>
		</trkpt>
		<trkpt lat="34.567113" lon="127.401776">
			<ele>0.00</ele>
			<time>2020-01-19T23:31:19.37Z</time>
		</trkpt>
		<trkpt lat="34.567049" lon="127.401642">
			<ele>0.00</ele>
			<time>2020-01-19T23:31:20.22Z</time>
		</trkpt>
		<trkpt lat="34.566986" lon="127.401511">
			<ele>0.00</ele>
			<time>2020-01-19T23:31:21.05Z</time>
		</trkpt>
		<trkpt lat="34.566945" lon="127.401420">
			<ele>0.00</ele>
			<time>2020-01-19T23:31:21.62Z</time>
		</trkpt>
		<trkpt lat="34.566898" lon="127.401307">
			<ele>0.00</ele>
			<time>2020-01-19T23:31:22.31Z</time>
		</trkpt>
		<trkpt lat="34.566838" lon="127.401205">
			<ele>0.00</ele>
			<time>2020-01-19T23:31:23Z</time>
		</trkpt>
		<trkpt lat="34.566812" lon="127.401148">
			<ele>0.00</ele>
			<time>2020-01-19T23:31:23.36Z</time>
		</trkpt>
		<trkpt lat="34.566754" lon="127.401049">
			<ele>0.00</ele>
			<time>2020-01-19T23:31:24.03Z</time>
		</trkpt>
		<trkpt lat="34.566670" lon="127.400916">
			<ele>0.00</ele>
			<time>2020-01-19T23:31:24.95Z</time>
		</trkpt>
		<trkpt lat="34.566598" lon="127.400795">
			<ele>0.00</ele>
			<time>2020-01-19T23:31:25.77Z</time>
		</trkpt>
		<trkpt lat="34.566529" lon="127.400691">
			<ele>0.00</ele>
			<time>2020-01-19T23:31:26.50Z</time>
		</trkpt>
		<trkpt lat="34.566471" lon="127.400598">
			<ele>0.00</ele>
			<time>2020-01-19T23:31:27.14Z</time>
		</trkpt>
		<trkpt lat="34.566390" lon="127.400458">
			<ele>0.00</ele>
			<time>2020-01-19T23:31:28.08Z</time>
		</trkpt>
		<trkpt lat="34.566310" lon="127.400342">
			<ele>0.00</ele>
			<time>2020-01-19T23:31:28.91Z</time>
		</trkpt>
		<trkpt lat="34.566204" lon="127.400169">
			<ele>0.00</ele>
			<time>2020-01-19T23:31:30.09Z</time>
		</trkpt>
		<trkpt lat="34.566083" lon="127.399963">
			<ele>0.00</ele>
			<time>2020-01-19T23:31:31.48Z</time>
		</trkpt>
		<trkpt lat="34.566014" lon="127.399837">
			<ele>0.00</ele>
			<time>2020-01-19T23:31:32.32Z</time>
		</trkpt>
		<trkpt lat="34.565949" lon="127.399714">
			<ele>0.00</ele>
			<time>2020-01-19T23:31:33.12Z</time>
		</trkpt>
		<trkpt lat="34.565871" lon="127.399576">
			<ele>0.00</ele>
			<time>2020-01-19T23:31:34.04Z</time>
		</trkpt>
		<trkpt lat="34.565807" lon="127.399467">
			<ele>0.00</ele>
			<time>2020-01-19T23:31:34.77Z</time>
		</trkpt>
		<trkpt lat="34.565753" lon="127.399362">
			<ele>0.00</ele>
			<time>2020-01-19T23:31:35.45Z</time>
		</trkpt>
		<trkpt lat="34.565693" lon="127.399255">
			<ele>0.00</ele>
			<time>2020-01-19T23:31:36.16Z</time>
		</trkpt>
		<trkpt lat="34.565575" lon="127.399083">
			<ele>0.00</ele>
			<time>2020-01-19T23:31:37.39Z</time>
		</trkpt>
		<trkpt lat="34.565462" lon="127.398949">
			<ele>0.00</ele>
			<time>2020-01-19T23:31:38.44Z</time>
		</trkpt>
		<trkpt lat="34.565370" lon="127.398861">
			<ele>0.00</ele>
			<time>2020-01-19T23:31:39.22Z</time>
		</trkpt>
		<trkpt lat="34.565245" lon="127.398770">
			<ele>0.00</ele>
			<time>2020-01-19T23:31:40.19Z</time>
		</trkpt>
		<trkpt lat="34.565122" lon="127.398680">
			<ele>0.00</ele>
			<time>2020-01-19T23:31:41.15Z</time>
		</trkpt>
		<trkpt lat="34.564973" lon="127.398598">
			<ele>0.00</ele>
			<time>2020-01-19T23:31:42.24Z</time>
		</trkpt>
		<trkpt lat="34.564840" lon="127.398516">
			<ele>0.00</ele>
			<time>2020-01-19T23:31:43.23Z</time>
		</trkpt>
		<trkpt lat="34.564745" lon="127.398463">
			<ele>0.00</ele>
			<time>2020-01-19T23:31:43.94Z</time>
		</trkpt>
		<trkpt lat="34.564638" lon="127.398400">
			<ele>0.00</ele>
			<time>2020-01-19T23:31:44.73Z</time>
		</trkpt>
		<trkpt lat="34.564482" lon="127.398302">
			<ele>0.00</ele>
			<time>2020-01-19T23:31:45.90Z</time>
		</trkpt>
		<trkpt lat="34.564349" lon="127.398223">
			<ele>0.00</ele>
			<time>2020-01-19T23:31:46.88Z</time>
		</trkpt>
		<trkpt lat="34.564247" lon="127.398168">
			<ele>0.00</ele>
			<time>2020-01-19T23:31:47.63Z</time>
		</trkpt>
		<trkpt lat="34.564168" lon="127.398085">
			<ele>0.00</ele>
			<time>2020-01-19T23:31:48.33Z</time>
		</trkpt>
		<trkpt lat="34.564056" lon="127.397983">
			<ele>0.00</ele>
			<time>2020-01-19T23:31:49.26Z</time>
		</trkpt>
		<trkpt lat="34.563971" lon="127.397905">
			<ele>0.00</ele>
			<time>2020-01-19T23:31:49.97Z</time>
		</trkpt>
		<trkpt lat="34.563905" lon="127.397803">
			<ele>0.00</ele>
			<time>2020-01-19T23:31:50.68Z</time>
		</trkpt>
		<trkpt lat="34.563869" lon="127.397727">
			<ele>0.00</ele>
			<time>2020-01-19T23:31:51.16Z</time>
		</trkpt>
		<trkpt lat="34.563869" lon="127.397727">
			<ele>0.00</ele>
			<time>2020-01-19T23:31:51.22Z</time>
		</trkpt>
		<trkpt lat="34.563835" lon="127.397616">
			<ele>0.00</ele>
			<time>2020-01-19T23:31:51.87Z</time>
		</trkpt>
		<trkpt lat="34.563789" lon="127.397462">
			<ele>0.00</ele>
			<time>2020-01-19T23:31:52.78Z</time>
		</trkpt>
		<trkpt lat="34.563747" lon="127.397299">
			<ele>0.00</ele>
			<time>2020-01-19T23:31:53.71Z</time>
		</trkpt>
		<trkpt lat="34.563721" lon="127.397143">
			<ele>0.00</ele>
			<time>2020-01-19T23:31:54.59Z</time>
		</trkpt>
		<trkpt lat="34.563710" lon="127.397010">
			<ele>0.00</ele>
			<time>2020-01-19T23:31:55.32Z</time>
		</trkpt>
		<trkpt lat="34.563705" lon="127.396878">
			<ele>0.00</ele>
			<time>2020-01-19T23:31:56.04Z</time>
		</trkpt>
		<trkpt lat="34.563699" lon="127.396736">
			<ele>0.00</ele>
			<time>2020-01-19T23:31:56.83Z</time>
		</trkpt>
		<trkpt lat="34.563693" lon="127.396573">
			<ele>0.00</ele>
			<time>2020-01-19T23:31:57.72Z</time>
		</trkpt>
		<trkpt lat="34.563699" lon="127.396455">
			<ele>0.00</ele>
			<time>2020-01-19T23:31:58.37Z</time>
		</trkpt>
		<trkpt lat="34.563694" lon="127.396294">
			<ele>0.00</ele>
			<time>2020-01-19T23:31:59.26Z</time>
		</trkpt>
		<trkpt lat="34.563690" lon="127.396147">
			<ele>0.00</ele>
			<time>2020-01-19T23:32:00.06Z</time>
		</trkpt>
		<trkpt lat="34.563679" lon="127.396083">
			<ele>0.00</ele>
			<time>2020-01-19T23:32:00.42Z</time>
		</trkpt>
		<trkpt lat="34.563673" lon="127.396024">
			<ele>0.00</ele>
			<time>2020-01-19T23:32:00.75Z</time>
		</trkpt>
		<trkpt lat="34.563653" lon="127.395997">
			<ele>0.00</ele>
			<time>2020-01-19T23:32:00.95Z</time>
		</trkpt>
		<trkpt lat="34.563574" lon="127.395993">
			<ele>0.00</ele>
			<time>2020-01-19T23:32:01.47Z</time>
		</trkpt>
		<trkpt lat="34.563460" lon="127.395997">
			<ele>0.00</ele>
			<time>2020-01-19T23:32:02.23Z</time>
		</trkpt>
		<trkpt lat="34.563285" lon="127.396027">
			<ele>0.00</ele>
			<time>2020-01-19T23:32:03.41Z</time>
		</trkpt>
		<trkpt lat="34.563095" lon="127.396049">
			<ele>0.00</ele>
			<time>2020-01-19T23:32:04.68Z</time>
		</trkpt>
		<trkpt lat="34.562971" lon="127.396052">
			<ele>0.00</ele>
			<time>2020-01-19T23:32:05.51Z</time>
		</trkpt>
		<trkpt lat="34.562837" lon="127.396058">
			<ele>0.00</ele>
			<time>2020-01-19T23:32:06.41Z</time>
		</trkpt>
		<trkpt lat="34.562693" lon="127.396072">
			<ele>0.00</ele>
			<time>2020-01-19T23:32:07.37Z</time>
		</trkpt>
		<trkpt lat="34.562553" lon="127.396082">
			<ele>0.00</ele>
			<time>2020-01-19T23:32:08.31Z</time>
		</trkpt>
		<trkpt lat="34.562424" lon="127.396082">
			<ele>0.00</ele>
			<time>2020-01-19T23:32:09.16Z</time>
		</trkpt>
		<trkpt lat="34.562297" lon="127.396078">
			<ele>0.00</ele>
			<time>2020-01-19T23:32:10.01Z</time>
		</trkpt>
		<trkpt lat="34.562138" lon="127.396096">
			<ele>0.00</ele>
			<time>2020-01-19T23:32:11.07Z</time>
		</trkpt>
		<trkpt lat="34.561990" lon="127.396102">
			<ele>0.00</ele>
			<time>2020-01-19T23:32:12.07Z</time>
		</trkpt>
		<trkpt lat="34.561801" lon="127.396100">
			<ele>0.00</ele>
			<time>2020-01-19T23:32:13.32Z</time>
		</trkpt>
		<trkpt lat="34.561620" lon="127.396110">
			<ele>0.00</ele>
			<time>2020-01-19T23:32:14.53Z</time>
		</trkpt>
		<trkpt lat="34.561525" lon="127.396110">
			<ele>0.00</ele>
			<time>2020-01-19T23:32:15.16Z</time>
		</trkpt>
		<trkpt lat="34.561400" lon="127.396124">
			<ele>0.00</ele>
			<time>2020-01-19T23:32:16Z</time>
		</trkpt>
		<trkpt lat="34.561318" lon="127.396120">
			<ele>0.00</ele>
			<time>2020-01-19T23:32:16.55Z</time>
		</trkpt>
		<trkpt lat="34.561090" lon="127.396134">
			<ele>0.00</ele>
			<time>2020-01-19T23:32:18.07Z</time>
		</trkpt>
		<trkpt lat="34.560938" lon="127.396147">
			<ele>0.00</ele>
			<time>2020-01-19T23:32:19.08Z</time>
		</trkpt>
		<trkpt lat="34.560791" lon="127.396153">
			<ele>0.00</ele>
			<time>2020-01-19T23:32:20.07Z</time>
		</trkpt>
		<trkpt lat="34.560671" lon="127.396157">
			<ele>0.00</ele>
			<time>2020-01-19T23:32:20.87Z</time>
		</trkpt>
		<trkpt lat="34.560489" lon="127.396165">
			<ele>0.00</ele>
			<time>2020-01-19T23:32:22.08Z</time>
		</trkpt>
		<trkpt lat="34.560370" lon="127.396165">
			<ele>0.00</ele>
			<time>2020-01-19T23:32:22.87Z</time>
		</trkpt>
		<trkpt lat="34.560232" lon="127.396173">
			<ele>0.00</ele>
			<time>2020-01-19T23:32:23.80Z</time>
		</trkpt>
		<trkpt lat="34.560098" lon="127.396173">
			<ele>0.00</ele>
			<time>2020-01-19T23:32:24.69Z</time>
		</trkpt>
		<trkpt lat="34.559944" lon="127.396173">
			<ele>0.00</ele>
			<time>2020-01-19T23:32:25.71Z</time>
		</trkpt>
		<trkpt lat="34.559776" lon="127.396187">
			<ele>0.00</ele>
			<time>2020-01-19T23:32:26.84Z</time>
		</trkpt>
		<trkpt lat="34.559646" lon="127.396197">
			<ele>0.00</ele>
			<time>2020-01-19T23:32:27.71Z</time>
		</trkpt>
		<trkpt lat="34.559552" lon="127.396197">
			<ele>0.00</ele>
			<time>2020-01-19T23:32:28.33Z</time>
		</trkpt>
		<trkpt lat="34.559462" lon="127.396203">
			<ele>0.00</ele>
			<time>2020-01-19T23:32:28.93Z</time>
		</trkpt>
		<trkpt lat="34.559410" lon="127.396203">
			<ele>0.00</ele>
			<time>2020-01-19T23:32:29.28Z</time>
		</trkpt>
		<trkpt lat="34.559370" lon="127.396203">
			<ele>0.00</ele>
			<time>2020-01-19T23:32:29.55Z</time>
		</trkpt>
		<trkpt lat="34.559331" lon="127.396191">
			<ele>0.00</ele>
			<time>2020-01-19T23:32:29.81Z</time>
		</trkpt>
		<trkpt lat="34.559302" lon="127.396189">
			<ele>0.00</ele>
			<time>2020-01-19T23:32:30.01Z</time>
		</trkpt>
		<trkpt lat="34.559270" lon="127.396207">
			<ele>0.00</ele>
			<time>2020-01-19T23:32:30.24Z</time>
		</trkpt>
		<trkpt lat="34.559225" lon="127.396268">
			<ele>0.00</ele>
			<time>2020-01-19T23:32:30.69Z</time>
		</trkpt>
		<trkpt lat="34.559160" lon="127.396365">
			<ele>0.00</ele>
			<time>2020-01-19T23:32:31.38Z</time>
		</trkpt>
		<trkpt lat="34.559099" lon="127.396473">
			<ele>0.00</ele>
			<time>2020-01-19T23:32:32.10Z</time>
		</trkpt>
		<trkpt lat="34.559038" lon="127.396572">
			<ele>0.00</ele>
			<time>2020-01-19T23:32:32.78Z</time>
		</trkpt>
		<trkpt lat="34.558982" lon="127.396671">
			<ele>0.00</ele>
			<time>2020-01-19T23:32:33.43Z</time>
		</trkpt>
		<trkpt lat="34.558942" lon="127.396747">
			<ele>0.00</ele>
			<time>2020-01-19T23:32:33.93Z</time>
		</trkpt>
		<trkpt lat="34.558912" lon="127.396790">
			<ele>0.00</ele>
			<time>2020-01-19T23:32:34.24Z</time>
		</trkpt>
		<trkpt lat="34.558885" lon="127.396799">
			<ele>0.00</ele>
			<time>2020-01-19T23:32:34.43Z</time>
		</trkpt>
		<trkpt lat="34.558854" lon="127.396789">
			<ele>0.00</ele>
			<time>2020-01-19T23:32:34.65Z</time>
		</trkpt>
		<trkpt lat="34.558784" lon="127.396757">
			<ele>0.00</ele>
			<time>2020-01-19T23:32:35.15Z</time>
		</trkpt>
		<trkpt lat="34.558692" lon="127.396716">
			<ele>0.00</ele>
			<time>2020-01-19T23:32:35.80Z</time>
		</trkpt>
		<trkpt lat="34.558630" lon="127.396681">
			<ele>0.00</ele>
			<time>2020-01-19T23:32:36.25Z</time>
		</trkpt>
		<trkpt lat="34.558592" lon="127.396644">
			<ele>0.00</ele>
			<time>2020-01-19T23:32:36.58Z</time>
		</trkpt>
		<trkpt lat="34.558555" lon="127.396594">
			<ele>0.00</ele>
			<time>2020-01-19T23:32:36.95Z</time>
		</trkpt>
		<trkpt lat="34.558520" lon="127.396541">
			<ele>0.00</ele>
			<time>2020-01-19T23:32:37.32Z</time>
		</trkpt>
		<trkpt lat="34.558480" lon="127.396470">
			<ele>0.00</ele>
			<time>2020-01-19T23:32:37.79Z</time>
		</trkpt>
		<trkpt lat="34.558433" lon="127.396390">
			<ele>0.00</ele>
			<time>2020-01-19T23:32:38.33Z</time>
		</trkpt>
		<trkpt lat="34.558398" lon="127.396310">
			<ele>0.00</ele>
			<time>2020-01-19T23:32:38.83Z</time>
		</trkpt>
		<trkpt lat="34.558348" lon="127.396199">
			<ele>0.00</ele>
			<time>2020-01-19T23:32:39.52Z</time>
		</trkpt>
		<trkpt lat="34.558305" lon="127.396124">
			<ele>0.00</ele>
			<time>2020-01-19T23:32:40.03Z</time>
		</trkpt>
		<trkpt lat="34.558248" lon="127.396076">
			<ele>0.00</ele>
			<time>2020-01-19T23:32:40.49Z</time>
		</trkpt>
		<trkpt lat="34.558172" lon="127.396025">
			<ele>0.00</ele>
			<time>2020-01-19T23:32:41.06Z</time>
		</trkpt>
		<trkpt lat="34.558090" lon="127.395988">
			<ele>0.00</ele>
			<time>2020-01-19T23:32:41.65Z</time>
		</trkpt>
		<trkpt lat="34.557996" lon="127.395949">
			<ele>0.00</ele>
			<time>2020-01-19T23:32:42.31Z</time>
		</trkpt>
		<trkpt lat="34.557899" lon="127.395921">
			<ele>0.00</ele>
			<time>2020-01-19T23:32:42.98Z</time>
		</trkpt>
		<trkpt lat="34.557802" lon="127.395892">
			<ele>0.00</ele>
			<time>2020-01-19T23:32:43.64Z</time>
		</trkpt>
		<trkpt lat="34.557705" lon="127.395868">
			<ele>0.00</ele>
			<time>2020-01-19T23:32:44.30Z</time>
		</trkpt>
		<trkpt lat="34.557602" lon="127.395836">
			<ele>0.00</ele>
			<time>2020-01-19T23:32:45.01Z</time>
		</trkpt>
		<trkpt lat="34.557493" lon="127.395801">
			<ele>0.00</ele>
			<time>2020-01-19T23:32:45.76Z</time>
		</trkpt>
		<trkpt lat="34.557377" lon="127.395756">
			<ele>0.00</ele>
			<time>2020-01-19T23:32:46.57Z</time>
		</trkpt>
		<trkpt lat="34.557300" lon="127.395721">
			<ele>0.00</ele>
			<time>2020-01-19T23:32:47.12Z</time>
		</trkpt>
		<trkpt lat="34.557245" lon="127.395693">
			<ele>0.00</ele>
			<time>2020-01-19T23:32:47.52Z</time>
		</trkpt>
		<trkpt lat="34.557180" lon="127.395632">
			<ele>0.00</ele>
			<time>2020-01-19T23:32:48.07Z</time>
		</trkpt>
		<trkpt lat="34.557110" lon="127.395587">
			<ele>0.00</ele>
			<time>2020-01-19T23:32:48.59Z</time>
		</trkpt>
		<trkpt lat="34.557048" lon="127.395553">
			<ele>0.00</ele>
			<time>2020-01-19T23:32:49.05Z</time>
		</trkpt>
		<trkpt lat="34.556981" lon="127.395530">
			<ele>0.00</ele>
			<time>2020-01-19T23:32:49.51Z</time>
		</trkpt>
		<trkpt lat="34.556913" lon="127.395526">
			<ele>0.00</ele>
			<time>2020-01-19T23:32:49.97Z</time>
		</trkpt>
		<trkpt lat="34.556814" lon="127.395518">
			<ele>0.00</ele>
			<time>2020-01-19T23:32:50.63Z</time>
		</trkpt>
		<trkpt lat="34.556729" lon="127.395534">
			<ele>0.00</ele>
			<time>2020-01-19T23:32:51.20Z</time>
		</trkpt>
		<trkpt lat="34.556659" lon="127.395555">
			<ele>0.00</ele>
			<time>2020-01-19T23:32:51.68Z</time>
		</trkpt>
		<trkpt lat="34.556594" lon="127.395575">
			<ele>0.00</ele>
			<time>2020-01-19T23:32:52.13Z</time>
		</trkpt>
		<trkpt lat="34.556505" lon="127.395614">
			<ele>0.00</ele>
			<time>2020-01-19T23:32:52.76Z</time>
		</trkpt>
		<trkpt lat="34.556428" lon="127.395616">
			<ele>0.00</ele>
			<time>2020-01-19T23:32:53.27Z</time>
		</trkpt>
		<trkpt lat="34.556365" lon="127.395616">
			<ele>0.00</ele>
			<time>2020-01-19T23:32:53.69Z</time>
		</trkpt>
		<trkpt lat="34.556341" lon="127.395634">
			<ele>0.00</ele>
			<time>2020-01-19T23:32:53.88Z</time>
		</trkpt>
		<trkpt lat="34.556331" lon="127.395689">
			<ele>0.00</ele>
			<time>2020-01-19T23:32:54.19Z</time>
		</trkpt>
		<trkpt lat="34.556328" lon="127.395776">
			<ele>0.00</ele>
			<time>2020-01-19T23:32:54.67Z</time>
		</trkpt>
		<trkpt lat="34.556328" lon="127.395821">
			<ele>0.00</ele>
			<time>2020-01-19T23:32:54.91Z</time>
		</trkpt>
		<trkpt lat="34.556315" lon="127.395888">
			<ele>0.00</ele>
			<time>2020-01-19T23:32:55.29Z</time>
		</trkpt>
		<trkpt lat="34.556288" lon="127.395949">
			<ele>0.00</ele>
			<time>2020-01-19T23:32:55.67Z</time>
		</trkpt>
		<trkpt lat="34.556262" lon="127.396015">
			<ele>0.00</ele>
			<time>2020-01-19T23:32:56.08Z</time>
		</trkpt>
		<trkpt lat="34.556218" lon="127.396050">
			<ele>0.00</ele>
			<time>2020-01-19T23:32:56.42Z</time>
		</trkpt>
		<trkpt lat="34.556185" lon="127.396066">
			<ele>0.00</ele>
			<time>2020-01-19T23:32:56.66Z</time>
		</trkpt>
		<trkpt lat="34.556151" lon="127.396103">
			<ele>0.00</ele>
			<time>2020-01-19T23:32:56.96Z</time>
		</trkpt>
		<trkpt lat="34.556136" lon="127.396143">
			<ele>0.00</ele>
			<time>2020-01-19T23:32:57.21Z</time>
		</trkpt>
		<trkpt lat="34.556138" lon="127.396222">
			<ele>0.00</ele>
			<time>2020-01-19T23:32:57.64Z</time>
		</trkpt>
		<trkpt lat="34.556150" lon="127.396297">
			<ele>0.00</ele>
			<time>2020-01-19T23:32:58.06Z</time>
		</trkpt>
		<trkpt lat="34.556150" lon="127.396356">
			<ele>0.00</ele>
			<time>2020-01-19T23:32:58.39Z</time>
		</trkpt>
		<trkpt lat="34.556141" lon="127.396393">
			<ele>0.00</ele>
			<time>2020-01-19T23:32:58.59Z</time>
		</trkpt>
		<trkpt lat="34.556104" lon="127.396435">
			<ele>0.00</ele>
			<time>2020-01-19T23:32:58.93Z</time>
		</trkpt>
		<trkpt lat="34.556048" lon="127.396517">
			<ele>0.00</ele>
			<time>2020-01-19T23:32:59.52Z</time>
		</trkpt>
		<trkpt lat="34.556016" lon="127.396549">
			<ele>0.00</ele>
			<time>2020-01-19T23:32:59.79Z</time>
		</trkpt>
		<trkpt lat="34.555982" lon="127.396604">
			<ele>0.00</ele>
			<time>2020-01-19T23:33:00.17Z</time>
		</trkpt>
		<trkpt lat="34.555964" lon="127.396669">
			<ele>0.00</ele>
			<time>2020-01-19T23:33:00.55Z</time>
		</trkpt>
		<trkpt lat="34.555937" lon="127.396683">
			<ele>0.00</ele>
			<time>2020-01-19T23:33:00.74Z</time>
		</trkpt>
		<trkpt lat="34.555916" lon="127.396671">
			<ele>0.00</ele>
			<time>2020-01-19T23:33:00.90Z</time>
		</trkpt>
		<trkpt lat="34.555876" lon="127.396634">
			<ele>0.00</ele>
			<time>2020-01-19T23:33:01.23Z</time>
		</trkpt>
		<trkpt lat="34.555835" lon="127.396593">
			<ele>0.00</ele>
			<time>2020-01-19T23:33:01.58Z</time>
		</trkpt>
		<trkpt lat="34.555787" lon="127.396553">
			<ele>0.00</ele>
			<time>2020-01-19T23:33:01.97Z</time>
		</trkpt>
		<trkpt lat="34.555729" lon="127.396516">
			<ele>0.00</ele>
			<time>2020-01-19T23:33:02.41Z</time>
		</trkpt>
		<trkpt lat="34.555662" lon="127.396476">
			<ele>0.00</ele>
			<time>2020-01-19T23:33:02.91Z</time>
		</trkpt>
		<trkpt lat="34.555607" lon="127.396460">
			<ele>0.00</ele>
			<time>2020-01-19T23:33:03.29Z</time>
		</trkpt>
		<trkpt lat="34.555523" lon="127.396439">
			<ele>0.00</ele>
			<time>2020-01-19T23:33:03.85Z</time>
		</trkpt>
		<trkpt lat="34.555470" lon="127.396423">
			<ele>0.00</ele>
			<time>2020-01-19T23:33:04.22Z</time>
		</trkpt>
		<trkpt lat="34.555413" lon="127.396411">
			<ele>0.00</ele>
			<time>2020-01-19T23:33:04.61Z</time>
		</trkpt>
		<trkpt lat="34.555381" lon="127.396380">
			<ele>0.00</ele>
			<time>2020-01-19T23:33:04.88Z</time>
		</trkpt>
		<trkpt lat="34.555350" lon="127.396343">
			<ele>0.00</ele>
			<time>2020-01-19T23:33:05.17Z</time>
		</trkpt>
		<trkpt lat="34.555285" lon="127.396297">
			<ele>0.00</ele>
			<time>2020-01-19T23:33:05.67Z</time>
		</trkpt>
		<trkpt lat="34.555213" lon="127.396254">
			<ele>0.00</ele>
			<time>2020-01-19T23:33:06.20Z</time>
		</trkpt>
		<trkpt lat="34.555140" lon="127.396215">
			<ele>0.00</ele>
			<time>2020-01-19T23:33:06.74Z</time>
		</trkpt>
		<trkpt lat="34.555091" lon="127.396183">
			<ele>0.00</ele>
			<time>2020-01-19T23:33:07.11Z</time>
		</trkpt>
		<trkpt lat="34.555058" lon="127.396151">
			<ele>0.00</ele>
			<time>2020-01-19T23:33:07.39Z</time>
		</trkpt>
		<trkpt lat="34.554989" lon="127.396110">
			<ele>0.00</ele>
			<time>2020-01-19T23:33:07.90Z</time>
		</trkpt>
		<trkpt lat="34.554928" lon="127.396086">
			<ele>0.00</ele>
			<time>2020-01-19T23:33:08.33Z</time>
		</trkpt>
		<trkpt lat="34.554888" lon="127.396049">
			<ele>0.00</ele>
			<time>2020-01-19T23:33:08.67Z</time>
		</trkpt>
		<trkpt lat="34.554842" lon="127.396004">
			<ele>0.00</ele>
			<time>2020-01-19T23:33:09.06Z</time>
		</trkpt>
		<trkpt lat="34.554802" lon="127.395966">
			<ele>0.00</ele>
			<time>2020-01-19T23:33:09.40Z</time>
		</trkpt>
		<trkpt lat="34.554762" lon="127.395923">
			<ele>0.00</ele>
			<time>2020-01-19T23:33:09.75Z</time>
		</trkpt>
		<trkpt lat="34.554704" lon="127.395881">
			<ele>0.00</ele>
			<time>2020-01-19T23:33:10.21Z</time>
		</trkpt>
		<trkpt lat="34.554654" lon="127.395856">
			<ele>0.00</ele>
			<time>2020-01-19T23:33:10.57Z</time>
		</trkpt>
		<trkpt lat="34.554599" lon="127.395830">
			<ele>0.00</ele>
			<time>2020-01-19T23:33:10.96Z</time>
		</trkpt>
		<trkpt lat="34.554554" lon="127.395785">
			<ele>0.00</ele>
			<time>2020-01-19T23:33:11.35Z</time>
		</trkpt>
		<trkpt lat="34.554532" lon="127.395740">
			<ele>0.00</ele>
			<time>2020-01-19T23:33:11.63Z</time>
		</trkpt>
		<trkpt lat="34.554512" lon="127.395687">
			<ele>0.00</ele>
			<time>2020-01-19T23:33:11.95Z</time>
		</trkpt>
		<trkpt lat="34.554494" lon="127.395622">
			<ele>0.00</ele>
			<time>2020-01-19T23:33:12.33Z</time>
		</trkpt>
		<trkpt lat="34.554479" lon="127.395568">
			<ele>0.00</ele>
			<time>2020-01-19T23:33:12.65Z</time>
		</trkpt>
		<trkpt lat="34.554454" lon="127.395525">
			<ele>0.00</ele>
			<time>2020-01-19T23:33:12.93Z</time>
		</trkpt>
		<trkpt lat="34.554419" lon="127.395486">
			<ele>0.00</ele>
			<time>2020-01-19T23:33:13.25Z</time>
		</trkpt>
		<trkpt lat="34.554379" lon="127.395478">
			<ele>0.00</ele>
			<time>2020-01-19T23:33:13.52Z</time>
		</trkpt>
		<trkpt lat="34.554324" lon="127.395470">
			<ele>0.00</ele>
			<time>2020-01-19T23:33:13.89Z</time>
		</trkpt>
		<trkpt lat="34.554267" lon="127.395482">
			<ele>0.00</ele>
			<time>2020-01-19T23:33:14.27Z</time>
		</trkpt>
		<trkpt lat="34.554197" lon="127.395476">
			<ele>0.00</ele>
			<time>2020-01-19T23:33:14.74Z</time>
		</trkpt>
		<trkpt lat="34.554101" lon="127.395454">
			<ele>0.00</ele>
			<time>2020-01-19T23:33:15.39Z</time>
		</trkpt>
		<trkpt lat="34.554024" lon="127.395438">
			<ele>0.00</ele>
			<time>2020-01-19T23:33:15.91Z</time>
		</trkpt>
		<trkpt lat="34.553949" lon="127.395428">
			<ele>0.00</ele>
			<time>2020-01-19T23:33:16.42Z</time>
		</trkpt>
		<trkpt lat="34.553840" lon="127.395421">
			<ele>0.00</ele>
			<time>2020-01-19T23:33:17.14Z</time>
		</trkpt>
		<trkpt lat="34.553762" lon="127.395411">
			<ele>0.00</ele>
			<time>2020-01-19T23:33:17.67Z</time>
		</trkpt>
		<trkpt lat="34.553661" lon="127.395397">
			<ele>0.00</ele>
			<time>2020-01-19T23:33:18.34Z</time>
		</trkpt>
		<trkpt lat="34.553576" lon="127.395375">
			<ele>0.00</ele>
			<time>2020-01-19T23:33:18.92Z</time>
		</trkpt>
		<trkpt lat="34.553499" lon="127.395348">
			<ele>0.00</ele>
			<time>2020-01-19T23:33:19.46Z</time>
		</trkpt>
		<trkpt lat="34.553429" lon="127.395312">
			<ele>0.00</ele>
			<time>2020-01-19T23:33:19.96Z</time>
		</trkpt>
		<trkpt lat="34.553345" lon="127.395283">
			<ele>0.00</ele>
			<time>2020-01-19T23:33:20.54Z</time>
		</trkpt>
		<trkpt lat="34.553284" lon="127.395257">
			<ele>0.00</ele>
			<time>2020-01-19T23:33:20.98Z</time>
		</trkpt>
		<trkpt lat="34.553225" lon="127.395212">
			<ele>0.00</ele>
			<time>2020-01-19T23:33:21.44Z</time>
		</trkpt>
		<trkpt lat="34.553167" lon="127.395170">
			<ele>0.00</ele>
			<time>2020-01-19T23:33:21.89Z</time>
		</trkpt>
		<trkpt lat="34.553104" lon="127.395125">
			<ele>0.00</ele>
			<time>2020-01-19T23:33:22.38Z</time>
		</trkpt>
		<trkpt lat="34.553059" lon="127.395119">
			<ele>0.00</ele>
			<time>2020-01-19T23:33:22.68Z</time>
		</trkpt>
		<trkpt lat="34.552992" lon="127.395115">
			<ele>0.00</ele>
			<time>2020-01-19T23:33:23.13Z</time>
		</trkpt>
		<trkpt lat="34.552918" lon="127.395115">
			<ele>0.00</ele>
			<time>2020-01-19T23:33:23.62Z</time>
		</trkpt>
		<trkpt lat="34.552843" lon="127.395119">
			<ele>0.00</ele>
			<time>2020-01-19T23:33:24.12Z</time>
		</trkpt>
		<trkpt lat="34.552776" lon="127.395125">
			<ele>0.00</ele>
			<time>2020-01-19T23:33:24.57Z</time>
		</trkpt>
		<trkpt lat="34.552718" lon="127.395123">
			<ele>0.00</ele>
			<time>2020-01-19T23:33:24.96Z</time>
		</trkpt>
		<trkpt lat="34.552664" lon="127.395119">
			<ele>0.00</ele>
			<time>2020-01-19T23:33:25.32Z</time>
		</trkpt>
		<trkpt lat="34.552617" lon="127.395095">
			<ele>0.00</ele>
			<time>2020-01-19T23:33:25.66Z</time>
		</trkpt>
		<trkpt lat="34.552571" lon="127.395068">
			<ele>0.00</ele>
			<time>2020-01-19T23:33:26Z</time>
		</trkpt>
		<trkpt lat="34.552516" lon="127.395044">
			<ele>0.00</ele>
			<time>2020-01-19T23:33:26.39Z</time>
		</trkpt>
		<trkpt lat="34.552454" lon="127.395011">
			<ele>0.00</ele>
			<time>2020-01-19T23:33:26.84Z</time>
		</trkpt>
		<trkpt lat="34.552386" lon="127.395005">
			<ele>0.00</ele>
			<time>2020-01-19T23:33:27.29Z</time>
		</trkpt>
		<trkpt lat="34.552307" lon="127.395005">
			<ele>0.00</ele>
			<time>2020-01-19T23:33:27.82Z</time>
		</trkpt>
		<trkpt lat="34.552246" lon="127.395007">
			<ele>0.00</ele>
			<time>2020-01-19T23:33:28.23Z</time>
		</trkpt>
		<trkpt lat="34.552165" lon="127.395023">
			<ele>0.00</ele>
			<time>2020-01-19T23:33:28.77Z</time>
		</trkpt>
		<trkpt lat="34.552104" lon="127.395048">
			<ele>0.00</ele>
			<time>2020-01-19T23:33:29.20Z</time>
		</trkpt>
		<trkpt lat="34.552027" lon="127.395082">
			<ele>0.00</ele>
			<time>2020-01-19T23:33:29.75Z</time>
		</trkpt>
		<trkpt lat="34.551967" lon="127.395111">
			<ele>0.00</ele>
			<time>2020-01-19T23:33:30.18Z</time>
		</trkpt>
		<trkpt lat="34.551910" lon="127.395123">
			<ele>0.00</ele>
			<time>2020-01-19T23:33:30.56Z</time>
		</trkpt>
		<trkpt lat="34.551828" lon="127.395133">
			<ele>0.00</ele>
			<time>2020-01-19T23:33:31.11Z</time>
		</trkpt>
		<trkpt lat="34.551750" lon="127.395149">
			<ele>0.00</ele>
			<time>2020-01-19T23:33:31.64Z</time>
		</trkpt>
		<trkpt lat="34.551663" lon="127.395155">
			<ele>0.00</ele>
			<time>2020-01-19T23:33:32.22Z</time>
		</trkpt>
		<trkpt lat="34.551576" lon="127.395149">
			<ele>0.00</ele>
			<time>2020-01-19T23:33:32.80Z</time>
		</trkpt>
		<trkpt lat="34.551483" lon="127.395149">
			<ele>0.00</ele>
			<time>2020-01-19T23:33:33.42Z</time>
		</trkpt>
		<trkpt lat="34.551367" lon="127.395145">
			<ele>0.00</ele>
			<time>2020-01-19T23:33:34.19Z</time>
		</trkpt>
		<trkpt lat="34.551277" lon="127.395149">
			<ele>0.00</ele>
			<time>2020-01-19T23:33:34.80Z</time>
		</trkpt>
		<trkpt lat="34.551201" lon="127.395141">
			<ele>0.00</ele>
			<time>2020-01-19T23:33:35.31Z</time>
		</trkpt>
		<trkpt lat="34.551124" lon="127.395139">
			<ele>0.00</ele>
			<time>2020-01-19T23:33:35.82Z</time>
		</trkpt>
		<trkpt lat="34.551022" lon="127.395141">
			<ele>0.00</ele>
			<time>2020-01-19T23:33:36.50Z</time>
		</trkpt>
		<trkpt lat="34.550948" lon="127.395145">
			<ele>0.00</ele>
			<time>2020-01-19T23:33:36.99Z</time>
		</trkpt>
		<trkpt lat="34.550880" lon="127.395163">
			<ele>0.00</ele>
			<time>2020-01-19T23:33:37.46Z</time>
		</trkpt>
		<trkpt lat="34.550835" lon="127.395163">
			<ele>0.00</ele>
			<time>2020-01-19T23:33:37.76Z</time>
		</trkpt>
		<trkpt lat="34.550768" lon="127.395147">
			<ele>0.00</ele>
			<time>2020-01-19T23:33:38.21Z</time>
		</trkpt>
		<trkpt lat="34.550710" lon="127.395100">
			<ele>0.00</ele>
			<time>2020-01-19T23:33:38.68Z</time>
		</trkpt>
		<trkpt lat="34.550655" lon="127.395054">
			<ele>0.00</ele>
			<time>2020-01-19T23:33:39.13Z</time>
		</trkpt>
		<trkpt lat="34.550601" lon="127.394993">
			<ele>0.00</ele>
			<time>2020-01-19T23:33:39.62Z</time>
		</trkpt>
		<trkpt lat="34.550548" lon="127.394958">
			<ele>0.00</ele>
			<time>2020-01-19T23:33:40.02Z</time>
		</trkpt>
		<trkpt lat="34.550491" lon="127.394916">
			<ele>0.00</ele>
			<time>2020-01-19T23:33:40.46Z</time>
		</trkpt>
		<trkpt lat="34.550462" lon="127.394893">
			<ele>0.00</ele>
			<time>2020-01-19T23:33:40.69Z</time>
		</trkpt>
		<trkpt lat="34.550397" lon="127.394847">
			<ele>0.00</ele>
			<time>2020-01-19T23:33:41.20Z</time>
		</trkpt>
		<trkpt lat="34.550394" lon="127.394850">
			<ele>0.00</ele>
			<time>2020-01-19T23:33:41.26Z</time>
		</trkpt>
		<trkpt lat="34.550392" lon="127.394858">
			<ele>0.00</ele>
			<time>2020-01-19T23:33:41.32Z</time>
		</trkpt>
		<trkpt lat="34.550257" lon="127.394736">
			<ele>0.00</ele>
			<time>2020-01-19T23:33:42.44Z</time>
		</trkpt>
		<trkpt lat="34.550156" lon="127.394728">
			<ele>0.00</ele>
			<time>2020-01-19T23:33:43.11Z</time>
		</trkpt>
		<trkpt lat="34.549980" lon="127.394936">
			<ele>0.00</ele>
			<time>2020-01-19T23:33:44.75Z</time>
		</trkpt>
		<trkpt lat="34.549668" lon="127.395351">
			<ele>0.00</ele>
			<time>2020-01-19T23:33:47.84Z</time>
		</trkpt>
		<trkpt lat="34.549338" lon="127.395798">
			<ele>0.00</ele>
			<time>2020-01-19T23:33:51.13Z</time>
		</trkpt>
		<trkpt lat="34.549020" lon="127.396285">
			<ele>0.00</ele>
			<time>2020-01-19T23:33:54.54Z</time>
		</trkpt>
		<trkpt lat="34.548829" lon="127.396522">
			<ele>0.00</ele>
			<time>2020-01-19T23:33:56.36Z</time>
		</trkpt>
		<trkpt lat="34.548632" lon="127.396733">
			<ele>0.00</ele>
			<time>2020-01-19T23:33:58.11Z</time>
		</trkpt>
		<trkpt lat="34.548396" lon="127.396864">
			<ele>0.00</ele>
			<time>2020-01-19T23:33:59.85Z</time>
		</trkpt>
		<trkpt lat="34.547764" lon="127.397264">
			<ele>0.00</ele>
			<time>2020-01-19T23:34:04.60Z</time>
		</trkpt>
		<trkpt lat="34.547333" lon="127.397500">
			<ele>0.00</ele>
			<time>2020-01-19T23:34:07.75Z</time>
		</trkpt>
		<trkpt lat="34.546888" lon="127.397768">
			<ele>0.00</ele>
			<time>2020-01-19T23:34:11.06Z</time>
		</trkpt>
		<trkpt lat="34.546522" lon="127.397994">
			<ele>0.00</ele>
			<time>2020-01-19T23:34:13.80Z</time>
		</trkpt>
		<trkpt lat="34.546102" lon="127.398218">
			<ele>0.00</ele>
			<time>2020-01-19T23:34:16.86Z</time>
		</trkpt>
		<trkpt lat="34.545832" lon="127.398403">
			<ele>0.00</ele>
			<time>2020-01-19T23:34:18.92Z</time>
		</trkpt>
		<trkpt lat="34.545514" lon="127.398741">
			<ele>0.00</ele>
			<time>2020-01-19T23:34:21.74Z</time>
		</trkpt>
		<trkpt lat="34.545195" lon="127.399053">
			<ele>0.00</ele>
			<time>2020-01-19T23:34:24.48Z</time>
		</trkpt>
		<trkpt lat="34.545013" lon="127.399154">
			<ele>0.00</ele>
			<time>2020-01-19T23:34:25.81Z</time>
		</trkpt>
		<trkpt lat="34.544802" lon="127.399215">
			<ele>0.00</ele>
			<time>2020-01-19T23:34:27.26Z</time>
		</trkpt>
		<trkpt lat="34.544387" lon="127.399323">
			<ele>0.00</ele>
			<time>2020-01-19T23:34:30.08Z</time>
		</trkpt>
		<trkpt lat="34.544053" lon="127.399395">
			<ele>0.00</ele>
			<time>2020-01-19T23:34:32.34Z</time>
		</trkpt>
		<trkpt lat="34.543699" lon="127.399610">
			<ele>0.00</ele>
			<time>2020-01-19T23:34:34.98Z</time>
		</trkpt>
		<trkpt lat="34.543228" lon="127.399897">
			<ele>0.00</ele>
			<time>2020-01-19T23:34:38.50Z</time>
		</trkpt>
		<trkpt lat="34.542546" lon="127.400349">
			<ele>0.00</ele>
			<time>2020-01-19T23:34:43.67Z</time>
		</trkpt>
		<trkpt lat="34.542195" lon="127.400563">
			<ele>0.00</ele>
			<time>2020-01-19T23:34:46.30Z</time>
		</trkpt>
		<trkpt lat="34.542084" lon="127.400693">
			<ele>0.00</ele>
			<time>2020-01-19T23:34:47.32Z</time>
		</trkpt>
		<trkpt lat="34.541458" lon="127.401144">
			<ele>0.00</ele>
			<time>2020-01-19T23:34:52.17Z</time>
		</trkpt>
		<trkpt lat="34.540942" lon="127.401419">
			<ele>0.00</ele>
			<time>2020-01-19T23:34:55.93Z</time>
		</trkpt>
		<trkpt lat="34.540613" lon="127.401621">
			<ele>0.00</ele>
			<time>2020-01-19T23:34:58.39Z</time>
		</trkpt>
		<trkpt lat="34.540444" lon="127.401820">
			<ele>0.00</ele>
			<time>2020-01-19T23:34:59.96Z</time>
		</trkpt>
		<trkpt lat="34.540322" lon="127.401964">
			<ele>0.00</ele>
			<time>2020-01-19T23:35:01.09Z</time>
		</trkpt>
		<trkpt lat="34.540188" lon="127.402005">
			<ele>0.00</ele>
			<time>2020-01-19T23:35:02.01Z</time>
		</trkpt>
		<trkpt lat="34.539866" lon="127.402160">
			<ele>0.00</ele>
			<time>2020-01-19T23:35:04.33Z</time>
		</trkpt>
		<trkpt lat="34.539561" lon="127.402278">
			<ele>0.00</ele>
			<time>2020-01-19T23:35:06.46Z</time>
		</trkpt>
		<trkpt lat="34.539225" lon="127.402357">
			<ele>0.00</ele>
			<time>2020-01-19T23:35:08.74Z</time>
		</trkpt>
		<trkpt lat="34.538877" lon="127.402515">
			<ele>0.00</ele>
			<time>2020-01-19T23:35:11.22Z</time>
		</trkpt>
		<trkpt lat="34.538601" lon="127.402637">
			<ele>0.00</ele>
			<time>2020-01-19T23:35:13.17Z</time>
		</trkpt>
		<trkpt lat="34.538097" lon="127.402881">
			<ele>0.00</ele>
			<time>2020-01-19T23:35:16.79Z</time>
		</trkpt>
		<trkpt lat="34.537538" lon="127.403119">
			<ele>0.00</ele>
			<time>2020-01-19T23:35:20.74Z</time>
		</trkpt>
		<trkpt lat="34.537323" lon="127.403229">
			<ele>0.00</ele>
			<time>2020-01-19T23:35:22.30Z</time>
		</trkpt>
		<trkpt lat="34.537143" lon="127.403290">
			<ele>0.00</ele>
			<time>2020-01-19T23:35:23.54Z</time>
		</trkpt>
		<trkpt lat="34.536945" lon="127.403355">
			<ele>0.00</ele>
			<time>2020-01-19T23:35:24.91Z</time>
		</trkpt>
		<trkpt lat="34.536749" lon="127.403355">
			<ele>0.00</ele>
			<time>2020-01-19T23:35:26.22Z</time>
		</trkpt>
		<trkpt lat="34.536667" lon="127.403380">
			<ele>0.00</ele>
			<time>2020-01-19T23:35:26.78Z</time>
		</trkpt>
		<trkpt lat="34.536594" lon="127.403507">
			<ele>0.00</ele>
			<time>2020-01-19T23:35:27.63Z</time>
		</trkpt>
		<trkpt lat="34.536561" lon="127.403741">
			<ele>0.00</ele>
			<time>2020-01-19T23:35:28.94Z</time>
		</trkpt>
		<trkpt lat="34.536531" lon="127.403938">
			<ele>0.00</ele>
			<time>2020-01-19T23:35:30.03Z</time>
		</trkpt>
		<trkpt lat="34.536457" lon="127.404078">
			<ele>0.00</ele>
			<time>2020-01-19T23:35:30.95Z</time>
		</trkpt>
		<trkpt lat="34.536267" lon="127.404325">
			<ele>0.00</ele>
			<time>2020-01-19T23:35:32.81Z</time>
		</trkpt>
		<trkpt lat="34.536201" lon="127.404418">
			<ele>0.00</ele>
			<time>2020-01-19T23:35:33.48Z</time>
		</trkpt>
		<trkpt lat="34.536142" lon="127.404469">
			<ele>0.00</ele>
			<time>2020-01-19T23:35:33.96Z</time>
		</trkpt>
		<trkpt lat="34.536056" lon="127.404505">
			<ele>0.00</ele>
			<time>2020-01-19T23:35:34.57Z</time>
		</trkpt>
		<trkpt lat="34.536105" lon="127.404457">
			<ele>0.00</ele>
			<time>2020-01-19T23:35:34.99Z</time>
		</trkpt>
		<trkpt lat="34.536151" lon="127.404368">
			<ele>0.00</ele>
			<time>2020-01-19T23:35:35.56Z</time>
		</trkpt>
		<trkpt lat="34.536204" lon="127.404247">
			<ele>0.00</ele>
			<time>2020-01-19T23:35:36.32Z</time>
		</trkpt>
		<trkpt lat="34.536257" lon="127.404148">
			<ele>0.00</ele>
			<time>2020-01-19T23:35:36.97Z</time>
		</trkpt>
		<trkpt lat="34.536320" lon="127.403954">
			<ele>0.00</ele>
			<time>2020-01-19T23:35:38.11Z</time>
		</trkpt>
		<trkpt lat="34.536305" lon="127.403877">
			<ele>0.00</ele>
			<time>2020-01-19T23:35:38.54Z</time>
		</trkpt>
		<trkpt lat="34.536261" lon="127.403775">
			<ele>0.00</ele>
			<time>2020-01-19T23:35:39.18Z</time>
		</trkpt>
		<trkpt lat="34.536224" lon="127.403617">
			<ele>0.00</ele>
			<time>2020-01-19T23:35:40.08Z</time>
		</trkpt>
		<trkpt lat="34.536145" lon="127.403438">
			<ele>0.00</ele>
			<time>2020-01-19T23:35:41.20Z</time>
		</trkpt>
		<trkpt lat="34.536070" lon="127.403333">
			<ele>0.00</ele>
			<time>2020-01-19T23:35:41.96Z</time>
		</trkpt>
		<trkpt lat="34.536011" lon="127.403234">
			<ele>0.00</ele>
			<time>2020-01-19T23:35:42.63Z</time>
		</trkpt>
		<trkpt lat="34.535996" lon="127.403224">
			<ele>0.00</ele>
			<time>2020-01-19T23:35:42.74Z</time>
		</trkpt>
		<trkpt lat="34.535993" lon="127.403224">
			<ele>0.00</ele>
			<time>2020-01-19T23:35:42.80Z</time>
		</trkpt>
		<trkpt lat="34.535965" lon="127.403111">
			<ele>0.00</ele>
			<time>2020-01-19T23:35:43.45Z</time>
		</trkpt>
		<trkpt lat="34.536016" lon="127.403053">
			<ele>0.00</ele>
			<time>2020-01-19T23:35:43.92Z</time>
		</trkpt>
		<trkpt lat="34.536115" lon="127.403019">
			<ele>0.00</ele>
			<time>2020-01-19T23:35:44.61Z</time>
		</trkpt>
		<trkpt lat="34.536253" lon="127.402961">
			<ele>0.00</ele>
			<time>2020-01-19T23:35:45.58Z</time>
		</trkpt>
		<trkpt lat="34.536353" lon="127.402912">
			<ele>0.00</ele>
			<time>2020-01-19T23:35:46.30Z</time>
		</trkpt>
		<trkpt lat="34.536472" lon="127.402816">
			<ele>0.00</ele>
			<time>2020-01-19T23:35:47.25Z</time>
		</trkpt>
		<trkpt lat="34.536604" lon="127.402702">
			<ele>0.00</ele>
			<time>2020-01-19T23:35:48.33Z</time>
		</trkpt>
		<trkpt lat="34.536727" lon="127.402568">
			<ele>0.00</ele>
			<time>2020-01-19T23:35:49.44Z</time>
		</trkpt>
		<trkpt lat="34.536823" lon="127.402443">
			<ele>0.00</ele>
			<time>2020-01-19T23:35:50.37Z</time>
		</trkpt>
		<trkpt lat="34.536826" lon="127.402439">
			<ele>0.00</ele>
			<time>2020-01-19T23:35:50.43Z</time>
		</trkpt>
		<trkpt lat="34.536831" lon="127.402266">
			<ele>0.00</ele>
			<time>2020-01-19T23:35:51.38Z</time>
		</trkpt>
		<trkpt lat="34.536665" lon="127.402276">
			<ele>0.00</ele>
			<time>2020-01-19T23:35:52.49Z</time>
		</trkpt>
		<trkpt lat="34.536523" lon="127.402398">
			<ele>0.00</ele>
			<time>2020-01-19T23:35:53.65Z</time>
		</trkpt>
		<trkpt lat="34.536403" lon="127.402515">
			<ele>0.00</ele>
			<time>2020-01-19T23:35:54.68Z</time>
		</trkpt>
		<trkpt lat="34.536344" lon="127.402565">
			<ele>0.00</ele>
			<time>2020-01-19T23:35:55.16Z</time>
		</trkpt>
		<trkpt lat="34.536326" lon="127.402580">
			<ele>0.00</ele>
			<time>2020-01-19T23:35:55.30Z</time>
		</trkpt>
		<trkpt lat="34.536216" lon="127.402643">
			<ele>0.00</ele>
			<time>2020-01-19T23:35:56.11Z</time>
		</trkpt>
		<trkpt lat="34.536057" lon="127.402720">
			<ele>0.00</ele>
			<time>2020-01-19T23:35:57.25Z</time>
		</trkpt>
		<trkpt lat="34.535966" lon="127.402740">
			<ele>0.00</ele>
			<time>2020-01-19T23:35:57.87Z</time>
		</trkpt>
		<trkpt lat="34.535951" lon="127.402740">
			<ele>0.00</ele>
			<time>2020-01-19T23:35:57.97Z</time>
		</trkpt>
		<trkpt lat="34.535781" lon="127.402786">
			<ele>0.00</ele>
			<time>2020-01-19T23:35:59.13Z</time>
		</trkpt>
		<trkpt lat="34.535645" lon="127.402804">
			<ele>0.00</ele>
			<time>2020-01-19T23:36:00.04Z</time>
		</trkpt>
		<trkpt lat="34.535525" lon="127.402878">
			<ele>0.00</ele>
			<time>2020-01-19T23:36:00.94Z</time>
		</trkpt>
		<trkpt lat="34.535522" lon="127.402878">
			<ele>0.00</ele>
			<time>2020-01-19T23:36:01Z</time>
		</trkpt>
		<trkpt lat="34.535490" lon="127.402894">
			<ele>0.00</ele>
			<time>2020-01-19T23:36:01.23Z</time>
		</trkpt>
		<trkpt lat="34.535372" lon="127.402964">
			<ele>0.00</ele>
			<time>2020-01-19T23:36:02.10Z</time>
		</trkpt>
		<trkpt lat="34.535282" lon="127.403044">
			<ele>0.00</ele>
			<time>2020-01-19T23:36:02.85Z</time>
		</trkpt>
		<trkpt lat="34.535194" lon="127.403183">
			<ele>0.00</ele>
			<time>2020-01-19T23:36:03.81Z</time>
		</trkpt>
		<trkpt lat="34.535085" lon="127.403336">
			<ele>0.00</ele>
			<time>2020-01-19T23:36:04.92Z</time>
		</trkpt>
		<trkpt lat="34.534898" lon="127.403643">
			<ele>0.00</ele>
			<time>2020-01-19T23:36:07.02Z</time>
		</trkpt>
		<trkpt lat="34.534756" lon="127.403862">
			<ele>0.00</ele>
			<time>2020-01-19T23:36:08.55Z</time>
		</trkpt>
		<trkpt lat="34.534678" lon="127.403976">
			<ele>0.00</ele>
			<time>2020-01-19T23:36:09.36Z</time>
		</trkpt>
		<trkpt lat="34.534754" lon="127.404103">
			<ele>0.00</ele>
			<time>2020-01-19T23:36:10.23Z</time>
		</trkpt>
		<trkpt lat="34.534806" lon="127.404213">
			<ele>0.00</ele>
			<time>2020-01-19T23:36:10.92Z</time>
		</trkpt>
		<trkpt lat="34.534813" lon="127.404220">
			<ele>0.00</ele>
			<time>2020-01-19T23:36:10.98Z</time>
		</trkpt>
		<trkpt lat="34.534822" lon="127.404244">
			<ele>0.00</ele>
			<time>2020-01-19T23:36:11.13Z</time>
		</trkpt>
		<trkpt lat="34.534848" lon="127.404327">
			<ele>0.00</ele>
			<time>2020-01-19T23:36:11.61Z</time>
		</trkpt>
		<trkpt lat="34.534899" lon="127.404467">
			<ele>0.00</ele>
			<time>2020-01-19T23:36:12.46Z</time>
		</trkpt>
		<trkpt lat="34.534899" lon="127.404470">
			<ele>0.00</ele>
			<time>2020-01-19T23:36:12.52Z</time>
		</trkpt>
		<trkpt lat="34.534904" lon="127.404673">
			<ele>0.00</ele>
			<time>2020-01-19T23:36:13.63Z</time>
		</trkpt>
		<trkpt lat="34.534884" lon="127.404800">
			<ele>0.00</ele>
			<time>2020-01-19T23:36:14.34Z</time>
		</trkpt>
		<trkpt lat="34.534782" lon="127.405126">
			<ele>0.00</ele>
			<time>2020-01-19T23:36:16.25Z</time>
		</trkpt>
		<trkpt lat="34.534687" lon="127.405346">
			<ele>0.00</ele>
			<time>2020-01-19T23:36:17.62Z</time>
		</trkpt>
		<trkpt lat="34.534617" lon="127.405551">
			<ele>0.00</ele>
			<time>2020-01-19T23:36:18.84Z</time>
		</trkpt>
		<trkpt lat="34.534587" lon="127.405613">
			<ele>0.00</ele>
			<time>2020-01-19T23:36:19.23Z</time>
		</trkpt>
		<trkpt lat="34.534489" lon="127.405792">
			<ele>0.00</ele>
			<time>2020-01-19T23:36:20.42Z</time>
		</trkpt>
		<trkpt lat="34.534411" lon="127.405857">
			<ele>0.00</ele>
			<time>2020-01-19T23:36:21.04Z</time>
		</trkpt>
		<trkpt lat="34.534415" lon="127.405826">
			<ele>0.00</ele>
			<time>2020-01-19T23:36:21.21Z</time>
		</trkpt>
		<trkpt lat="34.534496" lon="127.405521">
			<ele>0.00</ele>
			<time>2020-01-19T23:36:22.98Z</time>
		</trkpt>
		<trkpt lat="34.534578" lon="127.405301">
			<ele>0.00</ele>
			<time>2020-01-19T23:36:24.30Z</time>
		</trkpt>
		<trkpt lat="34.534592" lon="127.405009">
			<ele>0.00</ele>
			<time>2020-01-19T23:36:25.91Z</time>
		</trkpt>
		<trkpt lat="34.534612" lon="127.404724">
			<ele>0.00</ele>
			<time>2020-01-19T23:36:27.48Z</time>
		</trkpt>
		<trkpt lat="34.534431" lon="127.404464">
			<ele>0.00</ele>
			<time>2020-01-19T23:36:29.35Z</time>
		</trkpt>
		<trkpt lat="34.534311" lon="127.404437">
			<ele>0.00</ele>
			<time>2020-01-19T23:36:30.16Z</time>
		</trkpt>
		<trkpt lat="34.534300" lon="127.404432">
			<ele>0.00</ele>
			<time>2020-01-19T23:36:30.24Z</time>
		</trkpt>
		<trkpt lat="34.534280" lon="127.404422">
			<ele>0.00</ele>
			<time>2020-01-19T23:36:30.38Z</time>
		</trkpt>
		<trkpt lat="34.534039" lon="127.404329">
			<ele>0.00</ele>
			<time>2020-01-19T23:36:32.07Z</time>
		</trkpt>
		<trkpt lat="34.534019" lon="127.404319">
			<ele>0.00</ele>
			<time>2020-01-19T23:36:32.21Z</time>
		</trkpt>
		<trkpt lat="34.534007" lon="127.404314">
			<ele>0.00</ele>
			<time>2020-01-19T23:36:32.30Z</time>
		</trkpt>
		<trkpt lat="34.533846" lon="127.404213">
			<ele>0.00</ele>
			<time>2020-01-19T23:36:33.51Z</time>
		</trkpt>
		<trkpt lat="34.533826" lon="127.404182">
			<ele>0.00</ele>
			<time>2020-01-19T23:36:33.73Z</time>
		</trkpt>
		<trkpt lat="34.533817" lon="127.404171">
			<ele>0.00</ele>
			<time>2020-01-19T23:36:33.81Z</time>
		</trkpt>
		<trkpt lat="34.533793" lon="127.404062">
			<ele>0.00</ele>
			<time>2020-01-19T23:36:34.43Z</time>
		</trkpt>
		<trkpt lat="34.533902" lon="127.403772">
			<ele>0.00</ele>
			<time>2020-01-19T23:36:36.18Z</time>
		</trkpt>
		<trkpt lat="34.534172" lon="127.403492">
			<ele>0.00</ele>
			<time>2020-01-19T23:36:38.55Z</time>
		</trkpt>
		<trkpt lat="34.534285" lon="127.403279">
			<ele>0.00</ele>
			<time>2020-01-19T23:36:39.94Z</time>
		</trkpt>
		<trkpt lat="34.534103" lon="127.402885">
			<ele>0.00</ele>
			<time>2020-01-19T23:36:42.42Z</time>
		</trkpt>
		<trkpt lat="34.533868" lon="127.402811">
			<ele>0.00</ele>
			<time>2020-01-19T23:36:44.04Z</time>
		</trkpt>
		<trkpt lat="34.533851" lon="127.402810">
			<ele>0.00</ele>
			<time>2020-01-19T23:36:44.15Z</time>
		</trkpt>
		<trkpt lat="34.533843" lon="127.402809">
			<ele>0.00</ele>
			<time>2020-01-19T23:36:44.21Z</time>
		</trkpt>
		<trkpt lat="34.533814" lon="127.402801">
			<ele>0.00</ele>
			<time>2020-01-19T23:36:44.41Z</time>
		</trkpt>
		<trkpt lat="34.533376" lon="127.402611">
			<ele>0.00</ele>
			<time>2020-01-19T23:36:47.51Z</time>
		</trkpt>
		<trkpt lat="34.533363" lon="127.402610">
			<ele>0.00</ele>
			<time>2020-01-19T23:36:47.60Z</time>
		</trkpt>
		<trkpt lat="34.533354" lon="127.402605">
			<ele>0.00</ele>
			<time>2020-01-19T23:36:47.66Z</time>
		</trkpt>
		<trkpt lat="34.533040" lon="127.402545">
			<ele>0.00</ele>
			<time>2020-01-19T23:36:49.78Z</time>
		</trkpt>
		<trkpt lat="34.533022" lon="127.402544">
			<ele>0.00</ele>
			<time>2020-01-19T23:36:49.90Z</time>
		</trkpt>
		<trkpt lat="34.532796" lon="127.402540">
			<ele>0.00</ele>
			<time>2020-01-19T23:36:51.41Z</time>
		</trkpt>
		<trkpt lat="34.532791" lon="127.402545">
			<ele>0.00</ele>
			<time>2020-01-19T23:36:51.47Z</time>
		</trkpt>
		<trkpt lat="34.532622" lon="127.402570">
			<ele>0.00</ele>
			<time>2020-01-19T23:36:52.61Z</time>
		</trkpt>
		<trkpt lat="34.532603" lon="127.402585">
			<ele>0.00</ele>
			<time>2020-01-19T23:36:52.76Z</time>
		</trkpt>
		<trkpt lat="34.532594" lon="127.402585">
			<ele>0.00</ele>
			<time>2020-01-19T23:36:52.82Z</time>
		</trkpt>
		<trkpt lat="34.532464" lon="127.402672">
			<ele>0.00</ele>
			<time>2020-01-19T23:36:53.81Z</time>
		</trkpt>
		<trkpt lat="34.532427" lon="127.402687">
			<ele>0.00</ele>
			<time>2020-01-19T23:36:54.07Z</time>
		</trkpt>
		<trkpt lat="34.532399" lon="127.402703">
			<ele>0.00</ele>
			<time>2020-01-19T23:36:54.28Z</time>
		</trkpt>
		<trkpt lat="34.532188" lon="127.402800">
			<ele>0.00</ele>
			<time>2020-01-19T23:36:55.78Z</time>
		</trkpt>
		<trkpt lat="34.531974" lon="127.402863">
			<ele>0.00</ele>
			<time>2020-01-19T23:36:57.25Z</time>
		</trkpt>
		<trkpt lat="34.531838" lon="127.402874">
			<ele>0.00</ele>
			<time>2020-01-19T23:36:58.16Z</time>
		</trkpt>
		<trkpt lat="34.531693" lon="127.402903">
			<ele>0.00</ele>
			<time>2020-01-19T23:36:59.14Z</time>
		</trkpt>
		<trkpt lat="34.531557" lon="127.402873">
			<ele>0.00</ele>
			<time>2020-01-19T23:37:00.06Z</time>
		</trkpt>
		<trkpt lat="34.531390" lon="127.402885">
			<ele>0.00</ele>
			<time>2020-01-19T23:37:01.17Z</time>
		</trkpt>
		<trkpt lat="34.531224" lon="127.402961">
			<ele>0.00</ele>
			<time>2020-01-19T23:37:02.36Z</time>
		</trkpt>
		<trkpt lat="34.530951" lon="127.403000">
			<ele>0.00</ele>
			<time>2020-01-19T23:37:04.19Z</time>
		</trkpt>
		<trkpt lat="34.530710" lon="127.402983">
			<ele>0.00</ele>
			<time>2020-01-19T23:37:05.80Z</time>
		</trkpt>
		<trkpt lat="34.530460" lon="127.403022">
			<ele>0.00</ele>
			<time>2020-01-19T23:37:07.48Z</time>
		</trkpt>
		<trkpt lat="34.530446" lon="127.403022">
			<ele>0.00</ele>
			<time>2020-01-19T23:37:07.57Z</time>
		</trkpt>
		<trkpt lat="34.530246" lon="127.403094">
			<ele>0.00</ele>
			<time>2020-01-19T23:37:08.96Z</time>
		</trkpt>
		<trkpt lat="34.530053" lon="127.403186">
			<ele>0.00</ele>
			<time>2020-01-19T23:37:10.34Z</time>
		</trkpt>
		<trkpt lat="34.529939" lon="127.403240">
			<ele>0.00</ele>
			<time>2020-01-19T23:37:11.16Z</time>
		</trkpt>
		<trkpt lat="34.529847" lon="127.403322">
			<ele>0.00</ele>
			<time>2020-01-19T23:37:11.92Z</time>
		</trkpt>
		<trkpt lat="34.529824" lon="127.403553">
			<ele>0.00</ele>
			<time>2020-01-19T23:37:13.20Z</time>
		</trkpt>
		<trkpt lat="34.529818" lon="127.403834">
			<ele>0.00</ele>
			<time>2020-01-19T23:37:14.74Z</time>
		</trkpt>
		<trkpt lat="34.529717" lon="127.403902">
			<ele>0.00</ele>
			<time>2020-01-19T23:37:15.51Z</time>
		</trkpt>
		<trkpt lat="34.529606" lon="127.404026">
			<ele>0.00</ele>
			<time>2020-01-19T23:37:16.52Z</time>
		</trkpt>
		<trkpt lat="34.529379" lon="127.404123">
			<ele>0.00</ele>
			<time>2020-01-19T23:37:18.12Z</time>
		</trkpt>
		<trkpt lat="34.529112" lon="127.404086">
			<ele>0.00</ele>
			<time>2020-01-19T23:37:19.91Z</time>
		</trkpt>
		<trkpt lat="34.528797" lon="127.404074">
			<ele>0.00</ele>
			<time>2020-01-19T23:37:22.01Z</time>
		</trkpt>
		<trkpt lat="34.528525" lon="127.404106">
			<ele>0.00</ele>
			<time>2020-01-19T23:37:23.83Z</time>
		</trkpt>
		<trkpt lat="34.528122" lon="127.404139">
			<ele>0.00</ele>
			<time>2020-01-19T23:37:26.53Z</time>
		</trkpt>
		<trkpt lat="34.527885" lon="127.404126">
			<ele>0.00</ele>
			<time>2020-01-19T23:37:28.11Z</time>
		</trkpt>
		<trkpt lat="34.527714" lon="127.404051">
			<ele>0.00</ele>
			<time>2020-01-19T23:37:29.32Z</time>
		</trkpt>
		<trkpt lat="34.527504" lon="127.403969">
			<ele>0.00</ele>
			<time>2020-01-19T23:37:30.80Z</time>
		</trkpt>
		<trkpt lat="34.527330" lon="127.403903">
			<ele>0.00</ele>
			<time>2020-01-19T23:37:32.01Z</time>
		</trkpt>
		<trkpt lat="34.527231" lon="127.403895">
			<ele>0.00</ele>
			<time>2020-01-19T23:37:32.67Z</time>
		</trkpt>
		<trkpt lat="34.527127" lon="127.403898">
			<ele>0.00</ele>
			<time>2020-01-19T23:37:33.37Z</time>
		</trkpt>
		<trkpt lat="34.527040" lon="127.403783">
			<ele>0.00</ele>
			<time>2020-01-19T23:37:34.22Z</time>
		</trkpt>
		<trkpt lat="34.526937" lon="127.403646">
			<ele>0.00</ele>
			<time>2020-01-19T23:37:35.24Z</time>
		</trkpt>
		<trkpt lat="34.526822" lon="127.403569">
			<ele>0.00</ele>
			<time>2020-01-19T23:37:36.12Z</time>
		</trkpt>
		<trkpt lat="34.526718" lon="127.403588">
			<ele>0.00</ele>
			<time>2020-01-19T23:37:36.82Z</time>
		</trkpt>
		<trkpt lat="34.526634" lon="127.403656">
			<ele>0.00</ele>
			<time>2020-01-19T23:37:37.49Z</time>
		</trkpt>
		<trkpt lat="34.526579" lon="127.403708">
			<ele>0.00</ele>
			<time>2020-01-19T23:37:37.95Z</time>
		</trkpt>
		<trkpt lat="34.526482" lon="127.403659">
			<ele>0.00</ele>
			<time>2020-01-19T23:37:38.66Z</time>
		</trkpt>
		<trkpt lat="34.526409" lon="127.403599">
			<ele>0.00</ele>
			<time>2020-01-19T23:37:39.24Z</time>
		</trkpt>
		<trkpt lat="34.526314" lon="127.403541">
			<ele>0.00</ele>
			<time>2020-01-19T23:37:39.95Z</time>
		</trkpt>
		<trkpt lat="34.526233" lon="127.403531">
			<ele>0.00</ele>
			<time>2020-01-19T23:37:40.50Z</time>
		</trkpt>
		<trkpt lat="34.526149" lon="127.403517">
			<ele>0.00</ele>
			<time>2020-01-19T23:37:41.06Z</time>
		</trkpt>
		<trkpt lat="34.526061" lon="127.403468">
			<ele>0.00</ele>
			<time>2020-01-19T23:37:41.70Z</time>
		</trkpt>
		<trkpt lat="34.526057" lon="127.403462">
			<ele>0.00</ele>
			<time>2020-01-19T23:37:41.76Z</time>
		</trkpt>
		<trkpt lat="34.525971" lon="127.403403">
			<ele>0.00</ele>
			<time>2020-01-19T23:37:42.42Z</time>
		</trkpt>
		<trkpt lat="34.525935" lon="127.403400">
			<ele>0.00</ele>
			<time>2020-01-19T23:37:42.66Z</time>
		</trkpt>
		<trkpt lat="34.525880" lon="127.403484">
			<ele>0.00</ele>
			<time>2020-01-19T23:37:43.25Z</time>
		</trkpt>
		<trkpt lat="34.525863" lon="127.403636">
			<ele>0.00</ele>
			<time>2020-01-19T23:37:44.10Z</time>
		</trkpt>
		<trkpt lat="34.525877" lon="127.403773">
			<ele>0.00</ele>
			<time>2020-01-19T23:37:44.85Z</time>
		</trkpt>
		<trkpt lat="34.525900" lon="127.403899">
			<ele>0.00</ele>
			<time>2020-01-19T23:37:45.56Z</time>
		</trkpt>
		<trkpt lat="34.525926" lon="127.404022">
			<ele>0.00</ele>
			<time>2020-01-19T23:37:46.26Z</time>
		</trkpt>
		<trkpt lat="34.525898" lon="127.404220">
			<ele>0.00</ele>
			<time>2020-01-19T23:37:47.37Z</time>
		</trkpt>
		<trkpt lat="34.525859" lon="127.404289">
			<ele>0.00</ele>
			<time>2020-01-19T23:37:47.83Z</time>
		</trkpt>
		<trkpt lat="34.525746" lon="127.404361">
			<ele>0.00</ele>
			<time>2020-01-19T23:37:48.68Z</time>
		</trkpt>
		<trkpt lat="34.525595" lon="127.404436">
			<ele>0.00</ele>
			<time>2020-01-19T23:37:49.76Z</time>
		</trkpt>
		<trkpt lat="34.525520" lon="127.404533">
			<ele>0.00</ele>
			<time>2020-01-19T23:37:50.50Z</time>
		</trkpt>
		<trkpt lat="34.525419" lon="127.404647">
			<ele>0.00</ele>
			<time>2020-01-19T23:37:51.42Z</time>
		</trkpt>
		<trkpt lat="34.525286" lon="127.404788">
			<ele>0.00</ele>
			<time>2020-01-19T23:37:52.59Z</time>
		</trkpt>
		<trkpt lat="34.525165" lon="127.404881">
			<ele>0.00</ele>
			<time>2020-01-19T23:37:53.55Z</time>
		</trkpt>
		<trkpt lat="34.525070" lon="127.404994">
			<ele>0.00</ele>
			<time>2020-01-19T23:37:54.43Z</time>
		</trkpt>
		<trkpt lat="34.525000" lon="127.405138">
			<ele>0.00</ele>
			<time>2020-01-19T23:37:55.35Z</time>
		</trkpt>
		<trkpt lat="34.524921" lon="127.405239">
			<ele>0.00</ele>
			<time>2020-01-19T23:37:56.12Z</time>
		</trkpt>
		<trkpt lat="34.524837" lon="127.405355">
			<ele>0.00</ele>
			<time>2020-01-19T23:37:56.97Z</time>
		</trkpt>
		<trkpt lat="34.524734" lon="127.405427">
			<ele>0.00</ele>
			<time>2020-01-19T23:37:57.76Z</time>
		</trkpt>
		<trkpt lat="34.524636" lon="127.405447">
			<ele>0.00</ele>
			<time>2020-01-19T23:37:58.42Z</time>
		</trkpt>
		<trkpt lat="34.524327" lon="127.405489">
			<ele>0.00</ele>
			<time>2020-01-19T23:38:00.49Z</time>
		</trkpt>
		<trkpt lat="34.524190" lon="127.405503">
			<ele>0.00</ele>
			<time>2020-01-19T23:38:01.41Z</time>
		</trkpt>
		<trkpt lat="34.524094" lon="127.405625">
			<ele>0.00</ele>
			<time>2020-01-19T23:38:02.34Z</time>
		</trkpt>
		<trkpt lat="34.523934" lon="127.405668">
			<ele>0.00</ele>
			<time>2020-01-19T23:38:03.43Z</time>
		</trkpt>
		<trkpt lat="34.523886" lon="127.405599">
			<ele>0.00</ele>
			<time>2020-01-19T23:38:03.93Z</time>
		</trkpt>
		<trkpt lat="34.523849" lon="127.405622">
			<ele>0.00</ele>
			<time>2020-01-19T23:38:04.20Z</time>
		</trkpt>
		<trkpt lat="34.523792" lon="127.405474">
			<ele>0.00</ele>
			<time>2020-01-19T23:38:05.10Z</time>
		</trkpt>
		<trkpt lat="34.523740" lon="127.405317">
			<ele>0.00</ele>
			<time>2020-01-19T23:38:06.03Z</time>
		</trkpt>
		<trkpt lat="34.523685" lon="127.405183">
			<ele>0.00</ele>
			<time>2020-01-19T23:38:06.85Z</time>
		</trkpt>
		<trkpt lat="34.523660" lon="127.405065">
			<ele>0.00</ele>
			<time>2020-01-19T23:38:07.52Z</time>
		</trkpt>
		<trkpt lat="34.523604" lon="127.404763">
			<ele>0.00</ele>
			<time>2020-01-19T23:38:09.22Z</time>
		</trkpt>
		<trkpt lat="34.523560" lon="127.404493">
			<ele>0.00</ele>
			<time>2020-01-19T23:38:10.73Z</time>
		</trkpt>
		<trkpt lat="34.523531" lon="127.404340">
			<ele>0.00</ele>
			<time>2020-01-19T23:38:11.59Z</time>
		</trkpt>
		<trkpt lat="34.523471" lon="127.404159">
			<ele>0.00</ele>
			<time>2020-01-19T23:38:12.66Z</time>
		</trkpt>
		<trkpt lat="34.523391" lon="127.403957">
			<ele>0.00</ele>
			<time>2020-01-19T23:38:13.89Z</time>
		</trkpt>
		<trkpt lat="34.523295" lon="127.403765">
			<ele>0.00</ele>
			<time>2020-01-19T23:38:15.13Z</time>
		</trkpt>
		<trkpt lat="34.523161" lon="127.403511">
			<ele>0.00</ele>
			<time>2020-01-19T23:38:16.78Z</time>
		</trkpt>
		<trkpt lat="34.522973" lon="127.403170">
			<ele>0.00</ele>
			<time>2020-01-19T23:38:19.04Z</time>
		</trkpt>
		<trkpt lat="34.522794" lon="127.402872">
			<ele>0.00</ele>
			<time>2020-01-19T23:38:21.07Z</time>
		</trkpt>
		<trkpt lat="34.522703" lon="127.402688">
			<ele>0.00</ele>
			<time>2020-01-19T23:38:22.24Z</time>
		</trkpt>
		<trkpt lat="34.522531" lon="127.402379">
			<ele>0.00</ele>
			<time>2020-01-19T23:38:24.29Z</time>
		</trkpt>
		<trkpt lat="34.522308" lon="127.401975">
			<ele>0.00</ele>
			<time>2020-01-19T23:38:26.96Z</time>
		</trkpt>
		<trkpt lat="34.522196" lon="127.401757">
			<ele>0.00</ele>
			<time>2020-01-19T23:38:28.37Z</time>
		</trkpt>
		<trkpt lat="34.521963" lon="127.401358">
			<ele>0.00</ele>
			<time>2020-01-19T23:38:31.06Z</time>
		</trkpt>
		<trkpt lat="34.521790" lon="127.401045">
			<ele>0.00</ele>
			<time>2020-01-19T23:38:33.13Z</time>
		</trkpt>
		<trkpt lat="34.521436" lon="127.400477">
			<ele>0.00</ele>
			<time>2020-01-19T23:38:37.04Z</time>
		</trkpt>
		<trkpt lat="34.521276" lon="127.400179">
			<ele>0.00</ele>
			<time>2020-01-19T23:38:39Z</time>
		</trkpt>
		<trkpt lat="34.521120" lon="127.399851">
			<ele>0.00</ele>
			<time>2020-01-19T23:38:41.08Z</time>
		</trkpt>
		<trkpt lat="34.521052" lon="127.399668">
			<ele>0.00</ele>
			<time>2020-01-19T23:38:42.18Z</time>
		</trkpt>
		<trkpt lat="34.520979" lon="127.399440">
			<ele>0.00</ele>
			<time>2020-01-19T23:38:43.52Z</time>
		</trkpt>
		<trkpt lat="34.520930" lon="127.399210">
			<ele>0.00</ele>
			<time>2020-01-19T23:38:44.83Z</time>
		</trkpt>
		<trkpt lat="34.520922" lon="127.399032">
			<ele>0.00</ele>
			<time>2020-01-19T23:38:45.81Z</time>
		</trkpt>
		<trkpt lat="34.520938" lon="127.398924">
			<ele>0.00</ele>
			<time>2020-01-19T23:38:46.41Z</time>
		</trkpt>
		<trkpt lat="34.520932" lon="127.398781">
			<ele>0.00</ele>
			<time>2020-01-19T23:38:47.20Z</time>
		</trkpt>
		<trkpt lat="34.520922" lon="127.398466">
			<ele>0.00</ele>
			<time>2020-01-19T23:38:48.93Z</time>
		</trkpt>
		<trkpt lat="34.520909" lon="127.398203">
			<ele>0.00</ele>
			<time>2020-01-19T23:38:50.37Z</time>
		</trkpt>
		<trkpt lat="34.520892" lon="127.397995">
			<ele>0.00</ele>
			<time>2020-01-19T23:38:51.52Z</time>
		</trkpt>
		<trkpt lat="34.520861" lon="127.397784">
			<ele>0.00</ele>
			<time>2020-01-19T23:38:52.70Z</time>
		</trkpt>
		<trkpt lat="34.520778" lon="127.397437">
			<ele>0.00</ele>
			<time>2020-01-19T23:38:54.69Z</time>
		</trkpt>
		<trkpt lat="34.520652" lon="127.397122">
			<ele>0.00</ele>
			<time>2020-01-19T23:38:56.61Z</time>
		</trkpt>
		<trkpt lat="34.520551" lon="127.396909">
			<ele>0.00</ele>
			<time>2020-01-19T23:38:57.96Z</time>
		</trkpt>
		<trkpt lat="34.520496" lon="127.396815">
			<ele>0.00</ele>
			<time>2020-01-19T23:38:58.59Z</time>
		</trkpt>
		<trkpt lat="34.520235" lon="127.396533">
			<ele>0.00</ele>
			<time>2020-01-19T23:39:00.92Z</time>
		</trkpt>
		<trkpt lat="34.520125" lon="127.396402">
			<ele>0.00</ele>
			<time>2020-01-19T23:39:01.95Z</time>
		</trkpt>
		<trkpt lat="34.520007" lon="127.396228">
			<ele>0.00</ele>
			<time>2020-01-19T23:39:03.19Z</time>
		</trkpt>
		<trkpt lat="34.519900" lon="127.396064">
			<ele>0.00</ele>
			<time>2020-01-19T23:39:04.33Z</time>
		</trkpt>
		<trkpt lat="34.519800" lon="127.395883">
			<ele>0.00</ele>
			<time>2020-01-19T23:39:05.53Z</time>
		</trkpt>
		<trkpt lat="34.519659" lon="127.395682">
			<ele>0.00</ele>
			<time>2020-01-19T23:39:06.98Z</time>
		</trkpt>
		<trkpt lat="34.519423" lon="127.395419">
			<ele>0.00</ele>
			<time>2020-01-19T23:39:09.12Z</time>
		</trkpt>
		<trkpt lat="34.519174" lon="127.395196">
			<ele>0.00</ele>
			<time>2020-01-19T23:39:11.18Z</time>
		</trkpt>
		<trkpt lat="34.518926" lon="127.394966">
			<ele>0.00</ele>
			<time>2020-01-19T23:39:13.26Z</time>
		</trkpt>
		<trkpt lat="34.518632" lon="127.394688">
			<ele>0.00</ele>
			<time>2020-01-19T23:39:15.75Z</time>
		</trkpt>
		<trkpt lat="34.518417" lon="127.394477">
			<ele>0.00</ele>
			<time>2020-01-19T23:39:17.59Z</time>
		</trkpt>
		<trkpt lat="34.518154" lon="127.394245">
			<ele>0.00</ele>
			<time>2020-01-19T23:39:19.76Z</time>
		</trkpt>
		<trkpt lat="34.518152" lon="127.394240">
			<ele>0.00</ele>
			<time>2020-01-19T23:39:19.82Z</time>
		</trkpt>
		<trkpt lat="34.517895" lon="127.394029">
			<ele>0.00</ele>
			<time>2020-01-19T23:39:21.89Z</time>
		</trkpt>
		<trkpt lat="34.517597" lon="127.393759">
			<ele>0.00</ele>
			<time>2020-01-19T23:39:24.37Z</time>
		</trkpt>
		<trkpt lat="34.517378" lon="127.393564">
			<ele>0.00</ele>
			<time>2020-01-19T23:39:26.18Z</time>
		</trkpt>
		<trkpt lat="34.516892" lon="127.393125">
			<ele>0.00</ele>
			<time>2020-01-19T23:39:30.21Z</time>
		</trkpt>
		<trkpt lat="34.516747" lon="127.393000">
			<ele>0.00</ele>
			<time>2020-01-19T23:39:31.40Z</time>
		</trkpt>
		<trkpt lat="34.516537" lon="127.392822">
			<ele>0.00</ele>
			<time>2020-01-19T23:39:33.11Z</time>
		</trkpt>
		<trkpt lat="34.516295" lon="127.392634">
			<ele>0.00</ele>
			<time>2020-01-19T23:39:35.03Z</time>
		</trkpt>
		<trkpt lat="34.516076" lon="127.392479">
			<ele>0.00</ele>
			<time>2020-01-19T23:39:36.71Z</time>
		</trkpt>
		<trkpt lat="34.515820" lon="127.392285">
			<ele>0.00</ele>
			<time>2020-01-19T23:39:38.73Z</time>
		</trkpt>
		<trkpt lat="34.515564" lon="127.392111">
			<ele>0.00</ele>
			<time>2020-01-19T23:39:40.68Z</time>
		</trkpt>
		<trkpt lat="34.515332" lon="127.391975">
			<ele>0.00</ele>
			<time>2020-01-19T23:39:42.40Z</time>
		</trkpt>
		<trkpt lat="34.514964" lon="127.391769">
			<ele>0.00</ele>
			<time>2020-01-19T23:39:45.10Z</time>
		</trkpt>
		<trkpt lat="34.514660" lon="127.391612">
			<ele>0.00</ele>
			<time>2020-01-19T23:39:47.30Z</time>
		</trkpt>
		<trkpt lat="34.514436" lon="127.391478">
			<ele>0.00</ele>
			<time>2020-01-19T23:39:48.97Z</time>
		</trkpt>
		<trkpt lat="34.514269" lon="127.391417">
			<ele>0.00</ele>
			<time>2020-01-19T23:39:50.13Z</time>
		</trkpt>
		<trkpt lat="34.514130" lon="127.391356">
			<ele>0.00</ele>
			<time>2020-01-19T23:39:51.12Z</time>
		</trkpt>
		<trkpt lat="34.513985" lon="127.391295">
			<ele>0.00</ele>
			<time>2020-01-19T23:39:52.14Z</time>
		</trkpt>
		<trkpt lat="34.513786" lon="127.391216">
			<ele>0.00</ele>
			<time>2020-01-19T23:39:53.54Z</time>
		</trkpt>
		<trkpt lat="34.513666" lon="127.391153">
			<ele>0.00</ele>
			<time>2020-01-19T23:39:54.41Z</time>
		</trkpt>
		<trkpt lat="34.513482" lon="127.391075">
			<ele>0.00</ele>
			<time>2020-01-19T23:39:55.71Z</time>
		</trkpt>
		<trkpt lat="34.513277" lon="127.390948">
			<ele>0.00</ele>
			<time>2020-01-19T23:39:57.24Z</time>
		</trkpt>
		<trkpt lat="34.512929" lon="127.390767">
			<ele>0.00</ele>
			<time>2020-01-19T23:39:59.76Z</time>
		</trkpt>
		<trkpt lat="34.512741" lon="127.390673">
			<ele>0.00</ele>
			<time>2020-01-19T23:40:01.12Z</time>
		</trkpt>
		<trkpt lat="34.512579" lon="127.390582">
			<ele>0.00</ele>
			<time>2020-01-19T23:40:02.31Z</time>
		</trkpt>
		<trkpt lat="34.512417" lon="127.390512">
			<ele>0.00</ele>
			<time>2020-01-19T23:40:03.46Z</time>
		</trkpt>
		<trkpt lat="34.512291" lon="127.390446">
			<ele>0.00</ele>
			<time>2020-01-19T23:40:04.37Z</time>
		</trkpt>
		<trkpt lat="34.512152" lon="127.390420">
			<ele>0.00</ele>
			<time>2020-01-19T23:40:05.31Z</time>
		</trkpt>
		<trkpt lat="34.511956" lon="127.390408">
			<ele>0.00</ele>
			<time>2020-01-19T23:40:06.62Z</time>
		</trkpt>
		<trkpt lat="34.511809" lon="127.390408">
			<ele>0.00</ele>
			<time>2020-01-19T23:40:07.60Z</time>
		</trkpt>
		<trkpt lat="34.511772" lon="127.390422">
			<ele>0.00</ele>
			<time>2020-01-19T23:40:07.86Z</time>
		</trkpt>
		<trkpt lat="34.511776" lon="127.390424">
			<ele>0.00</ele>
			<time>2020-01-19T23:40:07.92Z</time>
		</trkpt>
		<trkpt lat="34.511579" lon="127.390481">
			<ele>0.00</ele>
			<time>2020-01-19T23:40:09.27Z</time>
		</trkpt>
		<trkpt lat="34.511389" lon="127.390561">
			<ele>0.00</ele>
			<time>2020-01-19T23:40:10.60Z</time>
		</trkpt>
		<trkpt lat="34.511190" lon="127.390692">
			<ele>0.00</ele>
			<time>2020-01-19T23:40:12.12Z</time>
		</trkpt>
		<trkpt lat="34.510968" lon="127.390826">
			<ele>0.00</ele>
			<time>2020-01-19T23:40:13.77Z</time>
		</trkpt>
		<trkpt lat="34.510797" lon="127.390928">
			<ele>0.00</ele>
			<time>2020-01-19T23:40:15.04Z</time>
		</trkpt>
		<trkpt lat="34.510644" lon="127.391099">
			<ele>0.00</ele>
			<time>2020-01-19T23:40:16.43Z</time>
		</trkpt>
		<trkpt lat="34.510549" lon="127.391303">
			<ele>0.00</ele>
			<time>2020-01-19T23:40:17.71Z</time>
		</trkpt>
		<trkpt lat="34.510544" lon="127.391313">
			<ele>0.00</ele>
			<time>2020-01-19T23:40:17.78Z</time>
		</trkpt>
		<trkpt lat="34.510451" lon="127.391487">
			<ele>0.00</ele>
			<time>2020-01-19T23:40:18.92Z</time>
		</trkpt>
		<trkpt lat="34.510414" lon="127.391611">
			<ele>0.00</ele>
			<time>2020-01-19T23:40:19.64Z</time>
		</trkpt>
		<trkpt lat="34.510364" lon="127.391681">
			<ele>0.00</ele>
			<time>2020-01-19T23:40:20.15Z</time>
		</trkpt>
		<trkpt lat="34.510298" lon="127.391695">
			<ele>0.00</ele>
			<time>2020-01-19T23:40:20.60Z</time>
		</trkpt>
		<trkpt lat="34.510263" lon="127.391679">
			<ele>0.00</ele>
			<time>2020-01-19T23:40:20.85Z</time>
		</trkpt>
		<trkpt lat="34.510223" lon="127.391644">
			<ele>0.00</ele>
			<time>2020-01-19T23:40:21.18Z</time>
		</trkpt>
		<trkpt lat="34.510205" lon="127.391595">
			<ele>0.00</ele>
			<time>2020-01-19T23:40:21.47Z</time>
		</trkpt>
		<trkpt lat="34.510207" lon="127.391491">
			<ele>0.00</ele>
			<time>2020-01-19T23:40:22.04Z</time>
		</trkpt>
		<trkpt lat="34.510219" lon="127.391355">
			<ele>0.00</ele>
			<time>2020-01-19T23:40:22.79Z</time>
		</trkpt>
		<trkpt lat="34.510213" lon="127.391189">
			<ele>0.00</ele>
			<time>2020-01-19T23:40:23.71Z</time>
		</trkpt>
		<trkpt lat="34.510219" lon="127.391132">
			<ele>0.00</ele>
			<time>2020-01-19T23:40:24.02Z</time>
		</trkpt>
		<trkpt lat="34.510215" lon="127.390996">
			<ele>0.00</ele>
			<time>2020-01-19T23:40:24.77Z</time>
		</trkpt>
		<trkpt lat="34.510234" lon="127.390764">
			<ele>0.00</ele>
			<time>2020-01-19T23:40:26.05Z</time>
		</trkpt>
		<trkpt lat="34.510234" lon="127.390602">
			<ele>0.00</ele>
			<time>2020-01-19T23:40:26.94Z</time>
		</trkpt>
		<trkpt lat="34.510228" lon="127.390440">
			<ele>0.00</ele>
			<time>2020-01-19T23:40:27.83Z</time>
		</trkpt>
		<trkpt lat="34.510201" lon="127.390346">
			<ele>0.00</ele>
			<time>2020-01-19T23:40:28.38Z</time>
		</trkpt>
		<trkpt lat="34.510176" lon="127.390252">
			<ele>0.00</ele>
			<time>2020-01-19T23:40:28.92Z</time>
		</trkpt>
		<trkpt lat="34.510153" lon="127.390081">
			<ele>0.00</ele>
			<time>2020-01-19T23:40:29.88Z</time>
		</trkpt>
		<trkpt lat="34.510122" lon="127.389933">
			<ele>0.00</ele>
			<time>2020-01-19T23:40:30.71Z</time>
		</trkpt>
		<trkpt lat="34.510087" lon="127.389778">
			<ele>0.00</ele>
			<time>2020-01-19T23:40:31.60Z</time>
		</trkpt>
		<trkpt lat="34.510083" lon="127.389677">
			<ele>0.00</ele>
			<time>2020-01-19T23:40:32.15Z</time>
		</trkpt>
		<trkpt lat="34.510069" lon="127.389574">
			<ele>0.00</ele>
			<time>2020-01-19T23:40:32.73Z</time>
		</trkpt>
		<trkpt lat="34.510071" lon="127.389431">
			<ele>0.00</ele>
			<time>2020-01-19T23:40:33.51Z</time>
		</trkpt>
		<trkpt lat="34.510091" lon="127.389347">
			<ele>0.00</ele>
			<time>2020-01-19T23:40:33.99Z</time>
		</trkpt>
		<trkpt lat="34.510128" lon="127.389249">
			<ele>0.00</ele>
			<time>2020-01-19T23:40:34.58Z</time>
		</trkpt>
		<trkpt lat="34.510176" lon="127.389105">
			<ele>0.00</ele>
			<time>2020-01-19T23:40:35.43Z</time>
		</trkpt>
		<trkpt lat="34.510234" lon="127.388965">
			<ele>0.00</ele>
			<time>2020-01-19T23:40:36.30Z</time>
		</trkpt>
		<trkpt lat="34.510277" lon="127.388812">
			<ele>0.00</ele>
			<time>2020-01-19T23:40:37.18Z</time>
		</trkpt>
		<trkpt lat="34.510309" lon="127.388678">
			<ele>0.00</ele>
			<time>2020-01-19T23:40:37.95Z</time>
		</trkpt>
		<trkpt lat="34.510331" lon="127.388641">
			<ele>0.00</ele>
			<time>2020-01-19T23:40:38.20Z</time>
		</trkpt>
		<trkpt lat="34.510402" lon="127.388628">
			<ele>0.00</ele>
			<time>2020-01-19T23:40:38.68Z</time>
		</trkpt>
		<trkpt lat="34.510374" lon="127.388599">
			<ele>0.00</ele>
			<time>2020-01-19T23:40:38.93Z</time>
		</trkpt>
		<trkpt lat="34.510345" lon="127.388568">
			<ele>0.00</ele>
			<time>2020-01-19T23:40:39.19Z</time>
		</trkpt>
		<trkpt lat="34.510294" lon="127.388512">
			<ele>0.00</ele>
			<time>2020-01-19T23:40:39.64Z</time>
		</trkpt>
		<trkpt lat="34.510233" lon="127.388433">
			<ele>0.00</ele>
			<time>2020-01-19T23:40:40.24Z</time>
		</trkpt>
		<trkpt lat="34.510180" lon="127.388365">
			<ele>0.00</ele>
			<time>2020-01-19T23:40:40.76Z</time>
		</trkpt>
		<trkpt lat="34.510106" lon="127.388270">
			<ele>0.00</ele>
			<time>2020-01-19T23:40:41.47Z</time>
		</trkpt>
		<trkpt lat="34.510028" lon="127.388161">
			<ele>0.00</ele>
			<time>2020-01-19T23:40:42.27Z</time>
		</trkpt>
		<trkpt lat="34.509956" lon="127.388069">
			<ele>0.00</ele>
			<time>2020-01-19T23:40:42.96Z</time>
		</trkpt>
		<trkpt lat="34.509861" lon="127.387956">
			<ele>0.00</ele>
			<time>2020-01-19T23:40:43.85Z</time>
		</trkpt>
		<trkpt lat="34.509776" lon="127.387855">
			<ele>0.00</ele>
			<time>2020-01-19T23:40:44.64Z</time>
		</trkpt>
		<trkpt lat="34.509688" lon="127.387742">
			<ele>0.00</ele>
			<time>2020-01-19T23:40:45.50Z</time>
		</trkpt>
		<trkpt lat="34.509614" lon="127.387668">
			<ele>0.00</ele>
			<time>2020-01-19T23:40:46.14Z</time>
		</trkpt>
		<trkpt lat="34.509551" lon="127.387595">
			<ele>0.00</ele>
			<time>2020-01-19T23:40:46.72Z</time>
		</trkpt>
		<trkpt lat="34.509463" lon="127.387514">
			<ele>0.00</ele>
			<time>2020-01-19T23:40:47.46Z</time>
		</trkpt>
		<trkpt lat="34.509415" lon="127.387449">
			<ele>0.00</ele>
			<time>2020-01-19T23:40:47.93Z</time>
		</trkpt>
		<trkpt lat="34.509352" lon="127.387387">
			<ele>0.00</ele>
			<time>2020-01-19T23:40:48.48Z</time>
		</trkpt>
		<trkpt lat="34.509295" lon="127.387347">
			<ele>0.00</ele>
			<time>2020-01-19T23:40:48.91Z</time>
		</trkpt>
		<trkpt lat="34.509211" lon="127.387289">
			<ele>0.00</ele>
			<time>2020-01-19T23:40:49.56Z</time>
		</trkpt>
		<trkpt lat="34.509110" lon="127.387229">
			<ele>0.00</ele>
			<time>2020-01-19T23:40:50.31Z</time>
		</trkpt>
		<trkpt lat="34.509055" lon="127.387190">
			<ele>0.00</ele>
			<time>2020-01-19T23:40:50.73Z</time>
		</trkpt>
		<trkpt lat="34.509008" lon="127.387162">
			<ele>0.00</ele>
			<time>2020-01-19T23:40:51.08Z</time>
		</trkpt>
		<trkpt lat="34.508958" lon="127.387128">
			<ele>0.00</ele>
			<time>2020-01-19T23:40:51.46Z</time>
		</trkpt>
		<trkpt lat="34.508890" lon="127.387088">
			<ele>0.00</ele>
			<time>2020-01-19T23:40:51.97Z</time>
		</trkpt>
		<trkpt lat="34.508807" lon="127.387045">
			<ele>0.00</ele>
			<time>2020-01-19T23:40:52.57Z</time>
		</trkpt>
		<trkpt lat="34.508713" lon="127.387032">
			<ele>0.00</ele>
			<time>2020-01-19T23:40:53.20Z</time>
		</trkpt>
		<trkpt lat="34.508636" lon="127.387032">
			<ele>0.00</ele>
			<time>2020-01-19T23:40:53.71Z</time>
		</trkpt>
		<trkpt lat="34.508557" lon="127.387042">
			<ele>0.00</ele>
			<time>2020-01-19T23:40:54.25Z</time>
		</trkpt>
		<trkpt lat="34.508462" lon="127.387046">
			<ele>0.00</ele>
			<time>2020-01-19T23:40:54.88Z</time>
		</trkpt>
		<trkpt lat="34.508344" lon="127.387059">
			<ele>0.00</ele>
			<time>2020-01-19T23:40:55.67Z</time>
		</trkpt>
		<trkpt lat="34.508245" lon="127.387075">
			<ele>0.00</ele>
			<time>2020-01-19T23:40:56.34Z</time>
		</trkpt>
		<trkpt lat="34.508151" lon="127.387084">
			<ele>0.00</ele>
			<time>2020-01-19T23:40:56.96Z</time>
		</trkpt>
		<trkpt lat="34.508062" lon="127.387088">
			<ele>0.00</ele>
			<time>2020-01-19T23:40:57.55Z</time>
		</trkpt>
		<trkpt lat="34.507979" lon="127.387093">
			<ele>0.00</ele>
			<time>2020-01-19T23:40:58.11Z</time>
		</trkpt>
		<trkpt lat="34.507895" lon="127.387086">
			<ele>0.00</ele>
			<time>2020-01-19T23:40:58.67Z</time>
		</trkpt>
		<trkpt lat="34.507827" lon="127.387081">
			<ele>0.00</ele>
			<time>2020-01-19T23:40:59.13Z</time>
		</trkpt>
		<trkpt lat="34.507764" lon="127.387070">
			<ele>0.00</ele>
			<time>2020-01-19T23:40:59.55Z</time>
		</trkpt>
		<trkpt lat="34.507690" lon="127.387040">
			<ele>0.00</ele>
			<time>2020-01-19T23:41:00.07Z</time>
		</trkpt>
		<trkpt lat="34.507608" lon="127.386991">
			<ele>0.00</ele>
			<time>2020-01-19T23:41:00.68Z</time>
		</trkpt>
		<trkpt lat="34.507540" lon="127.386947">
			<ele>0.00</ele>
			<time>2020-01-19T23:41:01.19Z</time>
		</trkpt>
		<trkpt lat="34.507481" lon="127.386899">
			<ele>0.00</ele>
			<time>2020-01-19T23:41:01.67Z</time>
		</trkpt>
		<trkpt lat="34.507418" lon="127.386853">
			<ele>0.00</ele>
			<time>2020-01-19T23:41:02.16Z</time>
		</trkpt>
		<trkpt lat="34.507351" lon="127.386782">
			<ele>0.00</ele>
			<time>2020-01-19T23:41:02.75Z</time>
		</trkpt>
		<trkpt lat="34.507278" lon="127.386706">
			<ele>0.00</ele>
			<time>2020-01-19T23:41:03.39Z</time>
		</trkpt>
		<trkpt lat="34.507195" lon="127.386637">
			<ele>0.00</ele>
			<time>2020-01-19T23:41:04.06Z</time>
		</trkpt>
		<trkpt lat="34.507123" lon="127.386577">
			<ele>0.00</ele>
			<time>2020-01-19T23:41:04.65Z</time>
		</trkpt>
		<trkpt lat="34.507035" lon="127.386508">
			<ele>0.00</ele>
			<time>2020-01-19T23:41:05.34Z</time>
		</trkpt>
		<trkpt lat="34.507003" lon="127.386479">
			<ele>0.00</ele>
			<time>2020-01-19T23:41:05.61Z</time>
		</trkpt>
		<trkpt lat="34.506902" lon="127.386386">
			<ele>0.00</ele>
			<time>2020-01-19T23:41:06.45Z</time>
		</trkpt>
		<trkpt lat="34.506845" lon="127.386340">
			<ele>0.00</ele>
			<time>2020-01-19T23:41:06.91Z</time>
		</trkpt>
		<trkpt lat="34.506779" lon="127.386294">
			<ele>0.00</ele>
			<time>2020-01-19T23:41:07.42Z</time>
		</trkpt>
		<trkpt lat="34.506703" lon="127.386211">
			<ele>0.00</ele>
			<time>2020-01-19T23:41:08.10Z</time>
		</trkpt>
		<trkpt lat="34.506634" lon="127.386153">
			<ele>0.00</ele>
			<time>2020-01-19T23:41:08.65Z</time>
		</trkpt>
		<trkpt lat="34.506572" lon="127.386098">
			<ele>0.00</ele>
			<time>2020-01-19T23:41:09.17Z</time>
		</trkpt>
		<trkpt lat="34.506498" lon="127.386003">
			<ele>0.00</ele>
			<time>2020-01-19T23:41:09.89Z</time>
		</trkpt>
		<trkpt lat="34.506458" lon="127.385952">
			<ele>0.00</ele>
			<time>2020-01-19T23:41:10.28Z</time>
		</trkpt>
		<trkpt lat="34.506405" lon="127.385899">
			<ele>0.00</ele>
			<time>2020-01-19T23:41:10.74Z</time>
		</trkpt>
		<trkpt lat="34.506355" lon="127.385839">
			<ele>0.00</ele>
			<time>2020-01-19T23:41:11.20Z</time>
		</trkpt>
		<trkpt lat="34.506289" lon="127.385781">
			<ele>0.00</ele>
			<time>2020-01-19T23:41:11.75Z</time>
		</trkpt>
		<trkpt lat="34.506219" lon="127.385717">
			<ele>0.00</ele>
			<time>2020-01-19T23:41:12.33Z</time>
		</trkpt>
		<trkpt lat="34.506169" lon="127.385663">
			<ele>0.00</ele>
			<time>2020-01-19T23:41:12.77Z</time>
		</trkpt>
		<trkpt lat="34.506099" lon="127.385589">
			<ele>0.00</ele>
			<time>2020-01-19T23:41:13.39Z</time>
		</trkpt>
		<trkpt lat="34.506036" lon="127.385520">
			<ele>0.00</ele>
			<time>2020-01-19T23:41:13.96Z</time>
		</trkpt>
		<trkpt lat="34.505969" lon="127.385442">
			<ele>0.00</ele>
			<time>2020-01-19T23:41:14.58Z</time>
		</trkpt>
		<trkpt lat="34.505904" lon="127.385359">
			<ele>0.00</ele>
			<time>2020-01-19T23:41:15.21Z</time>
		</trkpt>
		<trkpt lat="34.505854" lon="127.385287">
			<ele>0.00</ele>
			<time>2020-01-19T23:41:15.72Z</time>
		</trkpt>
		<trkpt lat="34.505798" lon="127.385202">
			<ele>0.00</ele>
			<time>2020-01-19T23:41:16.33Z</time>
		</trkpt>
		<trkpt lat="34.505733" lon="127.385109">
			<ele>0.00</ele>
			<time>2020-01-19T23:41:16.99Z</time>
		</trkpt>
		<trkpt lat="34.505682" lon="127.385022">
			<ele>0.00</ele>
			<time>2020-01-19T23:41:17.58Z</time>
		</trkpt>
		<trkpt lat="34.505638" lon="127.384939">
			<ele>0.00</ele>
			<time>2020-01-19T23:41:18.12Z</time>
		</trkpt>
		<trkpt lat="34.505604" lon="127.384867">
			<ele>0.00</ele>
			<time>2020-01-19T23:41:18.58Z</time>
		</trkpt>
		<trkpt lat="34.505566" lon="127.384786">
			<ele>0.00</ele>
			<time>2020-01-19T23:41:19.09Z</time>
		</trkpt>
		<trkpt lat="34.505510" lon="127.384664">
			<ele>0.00</ele>
			<time>2020-01-19T23:41:19.86Z</time>
		</trkpt>
		<trkpt lat="34.505463" lon="127.384530">
			<ele>0.00</ele>
			<time>2020-01-19T23:41:20.66Z</time>
		</trkpt>
		<trkpt lat="34.505411" lon="127.384367">
			<ele>0.00</ele>
			<time>2020-01-19T23:41:21.62Z</time>
		</trkpt>
		<trkpt lat="34.505370" lon="127.384221">
			<ele>0.00</ele>
			<time>2020-01-19T23:41:22.46Z</time>
		</trkpt>
		<trkpt lat="34.505343" lon="127.384094">
			<ele>0.00</ele>
			<time>2020-01-19T23:41:23.18Z</time>
		</trkpt>
		<trkpt lat="34.505320" lon="127.383981">
			<ele>0.00</ele>
			<time>2020-01-19T23:41:23.82Z</time>
		</trkpt>
		<trkpt lat="34.505292" lon="127.383871">
			<ele>0.00</ele>
			<time>2020-01-19T23:41:24.46Z</time>
		</trkpt>
		<trkpt lat="34.505263" lon="127.383765">
			<ele>0.00</ele>
			<time>2020-01-19T23:41:25.07Z</time>
		</trkpt>
		<trkpt lat="34.505235" lon="127.383640">
			<ele>0.00</ele>
			<time>2020-01-19T23:41:25.78Z</time>
		</trkpt>
		<trkpt lat="34.505210" lon="127.383532">
			<ele>0.00</ele>
			<time>2020-01-19T23:41:26.40Z</time>
		</trkpt>
		<trkpt lat="34.505188" lon="127.383419">
			<ele>0.00</ele>
			<time>2020-01-19T23:41:27.04Z</time>
		</trkpt>
		<trkpt lat="34.505157" lon="127.383292">
			<ele>0.00</ele>
			<time>2020-01-19T23:41:27.76Z</time>
		</trkpt>
		<trkpt lat="34.505133" lon="127.383189">
			<ele>0.00</ele>
			<time>2020-01-19T23:41:28.35Z</time>
		</trkpt>
		<trkpt lat="34.505104" lon="127.383057">
			<ele>0.00</ele>
			<time>2020-01-19T23:41:29.10Z</time>
		</trkpt>
		<trkpt lat="34.505074" lon="127.382923">
			<ele>0.00</ele>
			<time>2020-01-19T23:41:29.86Z</time>
		</trkpt>
		<trkpt lat="34.505036" lon="127.382760">
			<ele>0.00</ele>
			<time>2020-01-19T23:41:30.80Z</time>
		</trkpt>
		<trkpt lat="34.504996" lon="127.382610">
			<ele>0.00</ele>
			<time>2020-01-19T23:41:31.66Z</time>
		</trkpt>
		<trkpt lat="34.504968" lon="127.382511">
			<ele>0.00</ele>
			<time>2020-01-19T23:41:32.24Z</time>
		</trkpt>
		<trkpt lat="34.504941" lon="127.382402">
			<ele>0.00</ele>
			<time>2020-01-19T23:41:32.86Z</time>
		</trkpt>
		<trkpt lat="34.504903" lon="127.382283">
			<ele>0.00</ele>
			<time>2020-01-19T23:41:33.56Z</time>
		</trkpt>
		<trkpt lat="34.504871" lon="127.382152">
			<ele>0.00</ele>
			<time>2020-01-19T23:41:34.32Z</time>
		</trkpt>
		<trkpt lat="34.504829" lon="127.382025">
			<ele>0.00</ele>
			<time>2020-01-19T23:41:35.07Z</time>
		</trkpt>
		<trkpt lat="34.504791" lon="127.381893">
			<ele>0.00</ele>
			<time>2020-01-19T23:41:35.83Z</time>
		</trkpt>
		<trkpt lat="34.504767" lon="127.381789">
			<ele>0.00</ele>
			<time>2020-01-19T23:41:36.43Z</time>
		</trkpt>
		<trkpt lat="34.504736" lon="127.381653">
			<ele>0.00</ele>
			<time>2020-01-19T23:41:37.20Z</time>
		</trkpt>
		<trkpt lat="34.504704" lon="127.381550">
			<ele>0.00</ele>
			<time>2020-01-19T23:41:37.81Z</time>
		</trkpt>
		<trkpt lat="34.504664" lon="127.381388">
			<ele>0.00</ele>
			<time>2020-01-19T23:41:38.74Z</time>
		</trkpt>
		<trkpt lat="34.504632" lon="127.381261">
			<ele>0.00</ele>
			<time>2020-01-19T23:41:39.47Z</time>
		</trkpt>
		<trkpt lat="34.504588" lon="127.381116">
			<ele>0.00</ele>
			<time>2020-01-19T23:41:40.31Z</time>
		</trkpt>
		<trkpt lat="34.504548" lon="127.380966">
			<ele>0.00</ele>
			<time>2020-01-19T23:41:41.18Z</time>
		</trkpt>
		<trkpt lat="34.504518" lon="127.380851">
			<ele>0.00</ele>
			<time>2020-01-19T23:41:41.85Z</time>
		</trkpt>
		<trkpt lat="34.504493" lon="127.380759">
			<ele>0.00</ele>
			<time>2020-01-19T23:41:42.38Z</time>
		</trkpt>
		<trkpt lat="34.504476" lon="127.380669">
			<ele>0.00</ele>
			<time>2020-01-19T23:41:42.89Z</time>
		</trkpt>
		<trkpt lat="34.504465" lon="127.380570">
			<ele>0.00</ele>
			<time>2020-01-19T23:41:43.44Z</time>
		</trkpt>
		<trkpt lat="34.504455" lon="127.380475">
			<ele>0.00</ele>
			<time>2020-01-19T23:41:43.96Z</time>
		</trkpt>
		<trkpt lat="34.504446" lon="127.380378">
			<ele>0.00</ele>
			<time>2020-01-19T23:41:44.49Z</time>
		</trkpt>
		<trkpt lat="34.504446" lon="127.380274">
			<ele>0.00</ele>
			<time>2020-01-19T23:41:45.07Z</time>
		</trkpt>
		<trkpt lat="34.504448" lon="127.380142">
			<ele>0.00</ele>
			<time>2020-01-19T23:41:45.79Z</time>
		</trkpt>
		<trkpt lat="34.504463" lon="127.380015">
			<ele>0.00</ele>
			<time>2020-01-19T23:41:46.50Z</time>
		</trkpt>
		<trkpt lat="34.504482" lon="127.379845">
			<ele>0.00</ele>
			<time>2020-01-19T23:41:47.44Z</time>
		</trkpt>
		<trkpt lat="34.504532" lon="127.379669">
			<ele>0.00</ele>
			<time>2020-01-19T23:41:48.47Z</time>
		</trkpt>
		<trkpt lat="34.504582" lon="127.379452">
			<ele>0.00</ele>
			<time>2020-01-19T23:41:49.70Z</time>
		</trkpt>
		<trkpt lat="34.504637" lon="127.379254">
			<ele>0.00</ele>
			<time>2020-01-19T23:41:50.85Z</time>
		</trkpt>
		<trkpt lat="34.504715" lon="127.379019">
			<ele>0.00</ele>
			<time>2020-01-19T23:41:52.24Z</time>
		</trkpt>
		<trkpt lat="34.504804" lon="127.378720">
			<ele>0.00</ele>
			<time>2020-01-19T23:41:53.99Z</time>
		</trkpt>
		<trkpt lat="34.504846" lon="127.378522">
			<ele>0.00</ele>
			<time>2020-01-19T23:41:55.11Z</time>
		</trkpt>
		<trkpt lat="34.504927" lon="127.378227">
			<ele>0.00</ele>
			<time>2020-01-19T23:41:56.82Z</time>
		</trkpt>
		<trkpt lat="34.504948" lon="127.378132">
			<ele>0.00</ele>
			<time>2020-01-19T23:41:57.36Z</time>
		</trkpt>
		<trkpt lat="34.504951" lon="127.378037">
			<ele>0.00</ele>
			<time>2020-01-19T23:41:57.88Z</time>
		</trkpt>
		<trkpt lat="34.504943" lon="127.378010">
			<ele>0.00</ele>
			<time>2020-01-19T23:41:58.04Z</time>
		</trkpt>
		<trkpt lat="34.504966" lon="127.377969">
			<ele>0.00</ele>
			<time>2020-01-19T23:41:58.31Z</time>
		</trkpt>
		<trkpt lat="34.504989" lon="127.377900">
			<ele>0.00</ele>
			<time>2020-01-19T23:41:58.72Z</time>
		</trkpt>
		<trkpt lat="34.505004" lon="127.377831">
			<ele>0.00</ele>
			<time>2020-01-19T23:41:59.11Z</time>
		</trkpt>
		<trkpt lat="34.505029" lon="127.377738">
			<ele>0.00</ele>
			<time>2020-01-19T23:41:59.65Z</time>
		</trkpt>
		<trkpt lat="34.505044" lon="127.377605">
			<ele>0.00</ele>
			<time>2020-01-19T23:42:00.39Z</time>
		</trkpt>
		<trkpt lat="34.505057" lon="127.377497">
			<ele>0.00</ele>
			<time>2020-01-19T23:42:00.99Z</time>
		</trkpt>
		<trkpt lat="34.505061" lon="127.377382">
			<ele>0.00</ele>
			<time>2020-01-19T23:42:01.62Z</time>
		</trkpt>
		<trkpt lat="34.505059" lon="127.377285">
			<ele>0.00</ele>
			<time>2020-01-19T23:42:02.15Z</time>
		</trkpt>
		<trkpt lat="34.505054" lon="127.377169">
			<ele>0.00</ele>
			<time>2020-01-19T23:42:02.79Z</time>
		</trkpt>
		<trkpt lat="34.505050" lon="127.377091">
			<ele>0.00</ele>
			<time>2020-01-19T23:42:03.22Z</time>
		</trkpt>
		<trkpt lat="34.505040" lon="127.377004">
			<ele>0.00</ele>
			<time>2020-01-19T23:42:03.70Z</time>
		</trkpt>
		<trkpt lat="34.505027" lon="127.376939">
			<ele>0.00</ele>
			<time>2020-01-19T23:42:04.07Z</time>
		</trkpt>
		<trkpt lat="34.505012" lon="127.376874">
			<ele>0.00</ele>
			<time>2020-01-19T23:42:04.44Z</time>
		</trkpt>
		<trkpt lat="34.504999" lon="127.376803">
			<ele>0.00</ele>
			<time>2020-01-19T23:42:04.84Z</time>
		</trkpt>
		<trkpt lat="34.504982" lon="127.376736">
			<ele>0.00</ele>
			<time>2020-01-19T23:42:05.22Z</time>
		</trkpt>
		<trkpt lat="34.504951" lon="127.376649">
			<ele>0.00</ele>
			<time>2020-01-19T23:42:05.75Z</time>
		</trkpt>
		<trkpt lat="34.504923" lon="127.376589">
			<ele>0.00</ele>
			<time>2020-01-19T23:42:06.13Z</time>
		</trkpt>
		<trkpt lat="34.504868" lon="127.376490">
			<ele>0.00</ele>
			<time>2020-01-19T23:42:06.78Z</time>
		</trkpt>
		<trkpt lat="34.504820" lon="127.376400">
			<ele>0.00</ele>
			<time>2020-01-19T23:42:07.37Z</time>
		</trkpt>
		<trkpt lat="34.504761" lon="127.376305">
			<ele>0.00</ele>
			<time>2020-01-19T23:42:08.02Z</time>
		</trkpt>
		<trkpt lat="34.504718" lon="127.376240">
			<ele>0.00</ele>
			<time>2020-01-19T23:42:08.48Z</time>
		</trkpt>
		<trkpt lat="34.504676" lon="127.376171">
			<ele>0.00</ele>
			<time>2020-01-19T23:42:08.95Z</time>
		</trkpt>
		<trkpt lat="34.504651" lon="127.376125">
			<ele>0.00</ele>
			<time>2020-01-19T23:42:09.25Z</time>
		</trkpt>
		<trkpt lat="34.504608" lon="127.376037">
			<ele>0.00</ele>
			<time>2020-01-19T23:42:09.82Z</time>
		</trkpt>
		<trkpt lat="34.504571" lon="127.375984">
			<ele>0.00</ele>
			<time>2020-01-19T23:42:10.20Z</time>
		</trkpt>
		<trkpt lat="34.504535" lon="127.375931">
			<ele>0.00</ele>
			<time>2020-01-19T23:42:10.57Z</time>
		</trkpt>
		<trkpt lat="34.504497" lon="127.375883">
			<ele>0.00</ele>
			<time>2020-01-19T23:42:10.94Z</time>
		</trkpt>
		<trkpt lat="34.504490" lon="127.375867">
			<ele>0.00</ele>
			<time>2020-01-19T23:42:11.04Z</time>
		</trkpt>
		<trkpt lat="34.504511" lon="127.375823">
			<ele>0.00</ele>
			<time>2020-01-19T23:42:11.32Z</time>
		</trkpt>
		<trkpt lat="34.504536" lon="127.375786">
			<ele>0.00</ele>
			<time>2020-01-19T23:42:11.58Z</time>
		</trkpt>
		<trkpt lat="34.504593" lon="127.375685">
			<ele>0.00</ele>
			<time>2020-01-19T23:42:12.26Z</time>
		</trkpt>
		<trkpt lat="34.504640" lon="127.375555">
			<ele>0.00</ele>
			<time>2020-01-19T23:42:13.03Z</time>
		</trkpt>
		<trkpt lat="34.504671" lon="127.375454">
			<ele>0.00</ele>
			<time>2020-01-19T23:42:13.63Z</time>
		</trkpt>
		<trkpt lat="34.504695" lon="127.375346">
			<ele>0.00</ele>
			<time>2020-01-19T23:42:14.24Z</time>
		</trkpt>
		<trkpt lat="34.504724" lon="127.375213">
			<ele>0.00</ele>
			<time>2020-01-19T23:42:15Z</time>
		</trkpt>
		<trkpt lat="34.504753" lon="127.375067">
			<ele>0.00</ele>
			<time>2020-01-19T23:42:15.82Z</time>
		</trkpt>
		<trkpt lat="34.504775" lon="127.374924">
			<ele>0.00</ele>
			<time>2020-01-19T23:42:16.62Z</time>
		</trkpt>
		<trkpt lat="34.504800" lon="127.374798">
			<ele>0.00</ele>
			<time>2020-01-19T23:42:17.34Z</time>
		</trkpt>
		<trkpt lat="34.504823" lon="127.374666">
			<ele>0.00</ele>
			<time>2020-01-19T23:42:18.07Z</time>
		</trkpt>
		<trkpt lat="34.504854" lon="127.374532">
			<ele>0.00</ele>
			<time>2020-01-19T23:42:18.84Z</time>
		</trkpt>
		<trkpt lat="34.504886" lon="127.374408">
			<ele>0.00</ele>
			<time>2020-01-19T23:42:19.55Z</time>
		</trkpt>
		<trkpt lat="34.504914" lon="127.374253">
			<ele>0.00</ele>
			<time>2020-01-19T23:42:20.42Z</time>
		</trkpt>
		<trkpt lat="34.504943" lon="127.374144">
			<ele>0.00</ele>
			<time>2020-01-19T23:42:21.05Z</time>
		</trkpt>
		<trkpt lat="34.504953" lon="127.374033">
			<ele>0.00</ele>
			<time>2020-01-19T23:42:21.67Z</time>
		</trkpt>
		<trkpt lat="34.504964" lon="127.373918">
			<ele>0.00</ele>
			<time>2020-01-19T23:42:22.30Z</time>
		</trkpt>
		<trkpt lat="34.504976" lon="127.373803">
			<ele>0.00</ele>
			<time>2020-01-19T23:42:22.94Z</time>
		</trkpt>
		<trkpt lat="34.504991" lon="127.373699">
			<ele>0.00</ele>
			<time>2020-01-19T23:42:23.52Z</time>
		</trkpt>
		<trkpt lat="34.504998" lon="127.373558">
			<ele>0.00</ele>
			<time>2020-01-19T23:42:24.30Z</time>
		</trkpt>
		<trkpt lat="34.504998" lon="127.373427">
			<ele>0.00</ele>
			<time>2020-01-19T23:42:25.02Z</time>
		</trkpt>
		<trkpt lat="34.504987" lon="127.373323">
			<ele>0.00</ele>
			<time>2020-01-19T23:42:25.59Z</time>
		</trkpt>
		<trkpt lat="34.504957" lon="127.373161">
			<ele>0.00</ele>
			<time>2020-01-19T23:42:26.50Z</time>
		</trkpt>
		<trkpt lat="34.504921" lon="127.373041">
			<ele>0.00</ele>
			<time>2020-01-19T23:42:27.21Z</time>
		</trkpt>
		<trkpt lat="34.504892" lon="127.372928">
			<ele>0.00</ele>
			<time>2020-01-19T23:42:27.86Z</time>
		</trkpt>
		<trkpt lat="34.504868" lon="127.372822">
			<ele>0.00</ele>
			<time>2020-01-19T23:42:28.46Z</time>
		</trkpt>
		<trkpt lat="34.504843" lon="127.372713">
			<ele>0.00</ele>
			<time>2020-01-19T23:42:29.08Z</time>
		</trkpt>
		<trkpt lat="34.504813" lon="127.372610">
			<ele>0.00</ele>
			<time>2020-01-19T23:42:29.69Z</time>
		</trkpt>
		<trkpt lat="34.504777" lon="127.372489">
			<ele>0.00</ele>
			<time>2020-01-19T23:42:30.39Z</time>
		</trkpt>
		<trkpt lat="34.504748" lon="127.372355">
			<ele>0.00</ele>
			<time>2020-01-19T23:42:31.15Z</time>
		</trkpt>
		<trkpt lat="34.504717" lon="127.372198">
			<ele>0.00</ele>
			<time>2020-01-19T23:42:32.04Z</time>
		</trkpt>
		<trkpt lat="34.504701" lon="127.372133">
			<ele>0.00</ele>
			<time>2020-01-19T23:42:32.41Z</time>
		</trkpt>
		<trkpt lat="34.504681" lon="127.372048">
			<ele>0.00</ele>
			<time>2020-01-19T23:42:32.89Z</time>
		</trkpt>
		<trkpt lat="34.504664" lon="127.371940">
			<ele>0.00</ele>
			<time>2020-01-19T23:42:33.50Z</time>
		</trkpt>
		<trkpt lat="34.504649" lon="127.371820">
			<ele>0.00</ele>
			<time>2020-01-19T23:42:34.17Z</time>
		</trkpt>
		<trkpt lat="34.504636" lon="127.371735">
			<ele>0.00</ele>
			<time>2020-01-19T23:42:34.64Z</time>
		</trkpt>
		<trkpt lat="34.504628" lon="127.371656">
			<ele>0.00</ele>
			<time>2020-01-19T23:42:35.08Z</time>
		</trkpt>
		<trkpt lat="34.504625" lon="127.371574">
			<ele>0.00</ele>
			<time>2020-01-19T23:42:35.53Z</time>
		</trkpt>
		<trkpt lat="34.504628" lon="127.371471">
			<ele>0.00</ele>
			<time>2020-01-19T23:42:36.09Z</time>
		</trkpt>
		<trkpt lat="34.504636" lon="127.371395">
			<ele>0.00</ele>
			<time>2020-01-19T23:42:36.52Z</time>
		</trkpt>
		<trkpt lat="34.504649" lon="127.371298">
			<ele>0.00</ele>
			<time>2020-01-19T23:42:37.06Z</time>
		</trkpt>
		<trkpt lat="34.504669" lon="127.371194">
			<ele>0.00</ele>
			<time>2020-01-19T23:42:37.64Z</time>
		</trkpt>
		<trkpt lat="34.504695" lon="127.371111">
			<ele>0.00</ele>
			<time>2020-01-19T23:42:38.13Z</time>
		</trkpt>
		<trkpt lat="34.504721" lon="127.371015">
			<ele>0.00</ele>
			<time>2020-01-19T23:42:38.69Z</time>
		</trkpt>
		<trkpt lat="34.504750" lon="127.370922">
			<ele>0.00</ele>
			<time>2020-01-19T23:42:39.23Z</time>
		</trkpt>
		<trkpt lat="34.504776" lon="127.370844">
			<ele>0.00</ele>
			<time>2020-01-19T23:42:39.70Z</time>
		</trkpt>
		<trkpt lat="34.504801" lon="127.370773">
			<ele>0.00</ele>
			<time>2020-01-19T23:42:40.12Z</time>
		</trkpt>
		<trkpt lat="34.504827" lon="127.370669">
			<ele>0.00</ele>
			<time>2020-01-19T23:42:40.71Z</time>
		</trkpt>
		<trkpt lat="34.504852" lon="127.370543">
			<ele>0.00</ele>
			<time>2020-01-19T23:42:41.43Z</time>
		</trkpt>
		<trkpt lat="34.504880" lon="127.370435">
			<ele>0.00</ele>
			<time>2020-01-19T23:42:42.05Z</time>
		</trkpt>
		<trkpt lat="34.504901" lon="127.370331">
			<ele>0.00</ele>
			<time>2020-01-19T23:42:42.64Z</time>
		</trkpt>
		<trkpt lat="34.504924" lon="127.370215">
			<ele>0.00</ele>
			<time>2020-01-19T23:42:43.29Z</time>
		</trkpt>
		<trkpt lat="34.504953" lon="127.370097">
			<ele>0.00</ele>
			<time>2020-01-19T23:42:43.97Z</time>
		</trkpt>
		<trkpt lat="34.504984" lon="127.369965">
			<ele>0.00</ele>
			<time>2020-01-19T23:42:44.72Z</time>
		</trkpt>
		<trkpt lat="34.504999" lon="127.369910">
			<ele>0.00</ele>
			<time>2020-01-19T23:42:45.04Z</time>
		</trkpt>
		<trkpt lat="34.505017" lon="127.369841">
			<ele>0.00</ele>
			<time>2020-01-19T23:42:45.44Z</time>
		</trkpt>
		<trkpt lat="34.505031" lon="127.369774">
			<ele>0.00</ele>
			<time>2020-01-19T23:42:45.82Z</time>
		</trkpt>
		<trkpt lat="34.505034" lon="127.369714">
			<ele>0.00</ele>
			<time>2020-01-19T23:42:46.15Z</time>
		</trkpt>
		<trkpt lat="34.505034" lon="127.369696">
			<ele>0.00</ele>
			<time>2020-01-19T23:42:46.25Z</time>
		</trkpt>
		<trkpt lat="34.505034" lon="127.369697">
			<ele>0.00</ele>
			<time>2020-01-19T23:42:46.31Z</time>
		</trkpt>
		<trkpt lat="34.504996" lon="127.369686">
			<ele>0.00</ele>
			<time>2020-01-19T23:42:46.57Z</time>
		</trkpt>
		<trkpt lat="34.504947" lon="127.369678">
			<ele>0.00</ele>
			<time>2020-01-19T23:42:46.90Z</time>
		</trkpt>
		<trkpt lat="34.504845" lon="127.369669">
			<ele>0.00</ele>
			<time>2020-01-19T23:42:47.58Z</time>
		</trkpt>
		<trkpt lat="34.504731" lon="127.369661">
			<ele>0.00</ele>
			<time>2020-01-19T23:42:48.34Z</time>
		</trkpt>
		<trkpt lat="34.504615" lon="127.369646">
			<ele>0.00</ele>
			<time>2020-01-19T23:42:49.12Z</time>
		</trkpt>
		<trkpt lat="34.504494" lon="127.369640">
			<ele>0.00</ele>
			<time>2020-01-19T23:42:49.92Z</time>
		</trkpt>
		<trkpt lat="34.504377" lon="127.369631">
			<ele>0.00</ele>
			<time>2020-01-19T23:42:50.70Z</time>
		</trkpt>
		<trkpt lat="34.504264" lon="127.369627">
			<ele>0.00</ele>
			<time>2020-01-19T23:42:51.46Z</time>
		</trkpt>
		<trkpt lat="34.504120" lon="127.369622">
			<ele>0.00</ele>
			<time>2020-01-19T23:42:52.42Z</time>
		</trkpt>
		<trkpt lat="34.503990" lon="127.369622">
			<ele>0.00</ele>
			<time>2020-01-19T23:42:53.29Z</time>
		</trkpt>
		<trkpt lat="34.503873" lon="127.369629">
			<ele>0.00</ele>
			<time>2020-01-19T23:42:54.07Z</time>
		</trkpt>
		<trkpt lat="34.503765" lon="127.369631">
			<ele>0.00</ele>
			<time>2020-01-19T23:42:54.78Z</time>
		</trkpt>
		<trkpt lat="34.503659" lon="127.369630">
			<ele>0.00</ele>
			<time>2020-01-19T23:42:55.49Z</time>
		</trkpt>
		<trkpt lat="34.503550" lon="127.369627">
			<ele>0.00</ele>
			<time>2020-01-19T23:42:56.22Z</time>
		</trkpt>
		<trkpt lat="34.503423" lon="127.369627">
			<ele>0.00</ele>
			<time>2020-01-19T23:42:57.07Z</time>
		</trkpt>
		<trkpt lat="34.503317" lon="127.369636">
			<ele>0.00</ele>
			<time>2020-01-19T23:42:57.78Z</time>
		</trkpt>
		<trkpt lat="34.503186" lon="127.369644">
			<ele>0.00</ele>
			<time>2020-01-19T23:42:58.65Z</time>
		</trkpt>
		<trkpt lat="34.503083" lon="127.369639">
			<ele>0.00</ele>
			<time>2020-01-19T23:42:59.34Z</time>
		</trkpt>
		<trkpt lat="34.502992" lon="127.369641">
			<ele>0.00</ele>
			<time>2020-01-19T23:42:59.94Z</time>
		</trkpt>
		<trkpt lat="34.502899" lon="127.369639">
			<ele>0.00</ele>
			<time>2020-01-19T23:43:00.57Z</time>
		</trkpt>
		<trkpt lat="34.502855" lon="127.369641">
			<ele>0.00</ele>
			<time>2020-01-19T23:43:00.86Z</time>
		</trkpt>
		<trkpt lat="34.502855" lon="127.369638">
			<ele>0.00</ele>
			<time>2020-01-19T23:43:00.92Z</time>
		</trkpt>
		<trkpt lat="34.502863" lon="127.369591">
			<ele>0.00</ele>
			<time>2020-01-19T23:43:01.18Z</time>
		</trkpt>
		<trkpt lat="34.502867" lon="127.369533">
			<ele>0.00</ele>
			<time>2020-01-19T23:43:01.50Z</time>
		</trkpt>
		<trkpt lat="34.502870" lon="127.369459">
			<ele>0.00</ele>
			<time>2020-01-19T23:43:01.91Z</time>
		</trkpt>
		<trkpt lat="34.502870" lon="127.369392">
			<ele>0.00</ele>
			<time>2020-01-19T23:43:02.28Z</time>
		</trkpt>
		<trkpt lat="34.502874" lon="127.369340">
			<ele>0.00</ele>
			<time>2020-01-19T23:43:02.56Z</time>
		</trkpt>
		<trkpt lat="34.502876" lon="127.369284">
			<ele>0.00</ele>
			<time>2020-01-19T23:43:02.87Z</time>
		</trkpt>
		<trkpt lat="34.502878" lon="127.369240">
			<ele>0.00</ele>
			<time>2020-01-19T23:43:03.11Z</time>
		</trkpt>
		<trkpt lat="34.502875" lon="127.369193">
			<ele>0.00</ele>
			<time>2020-01-19T23:43:03.37Z</time>
		</trkpt>
		<trkpt lat="34.502864" lon="127.369165">
			<ele>0.00</ele>
			<time>2020-01-19T23:43:03.54Z</time>
		</trkpt>
		<trkpt lat="34.502832" lon="127.369157">
			<ele>0.00</ele>
			<time>2020-01-19T23:43:03.76Z</time>
		</trkpt>
		<trkpt lat="34.502779" lon="127.369149">
			<ele>0.00</ele>
			<time>2020-01-19T23:43:04.12Z</time>
		</trkpt>
		<trkpt lat="34.502744" lon="127.369146">
			<ele>0.00</ele>
			<time>2020-01-19T23:43:04.35Z</time>
		</trkpt>
		<trkpt lat="34.502714" lon="127.369131">
			<ele>0.00</ele>
			<time>2020-01-19T23:43:04.57Z</time>
		</trkpt>
		<trkpt lat="34.502667" lon="127.369093">
			<ele>0.00</ele>
			<time>2020-01-19T23:43:04.94Z</time>
		</trkpt>
		<trkpt lat="34.502623" lon="127.369042">
			<ele>0.00</ele>
			<time>2020-01-19T23:43:05.35Z</time>
		</trkpt>
		<trkpt lat="34.502600" lon="127.369007">
			<ele>0.00</ele>
			<time>2020-01-19T23:43:05.60Z</time>
		</trkpt>
		<trkpt lat="34.502581" lon="127.368969">
			<ele>0.00</ele>
			<time>2020-01-19T23:43:05.84Z</time>
		</trkpt>
		<trkpt lat="34.502560" lon="127.368919">
			<ele>0.00</ele>
			<time>2020-01-19T23:43:06.15Z</time>
		</trkpt>
		<trkpt lat="34.502540" lon="127.368867">
			<ele>0.00</ele>
			<time>2020-01-19T23:43:06.46Z</time>
		</trkpt>
		<trkpt lat="34.502515" lon="127.368798">
			<ele>0.00</ele>
			<time>2020-01-19T23:43:06.88Z</time>
		</trkpt>
		<trkpt lat="34.502494" lon="127.368739">
			<ele>0.00</ele>
			<time>2020-01-19T23:43:07.23Z</time>
		</trkpt>
		<trkpt lat="34.502475" lon="127.368694">
			<ele>0.00</ele>
			<time>2020-01-19T23:43:07.51Z</time>
		</trkpt>
		<trkpt lat="34.502454" lon="127.368653">
			<ele>0.00</ele>
			<time>2020-01-19T23:43:07.77Z</time>
		</trkpt>
		<trkpt lat="34.502433" lon="127.368607">
			<ele>0.00</ele>
			<time>2020-01-19T23:43:08.06Z</time>
		</trkpt>
		<trkpt lat="34.502406" lon="127.368562">
			<ele>0.00</ele>
			<time>2020-01-19T23:43:08.37Z</time>
		</trkpt>
		<trkpt lat="34.502383" lon="127.368536">
			<ele>0.00</ele>
			<time>2020-01-19T23:43:08.58Z</time>
		</trkpt>
		<trkpt lat="34.502354" lon="127.368512">
			<ele>0.00</ele>
			<time>2020-01-19T23:43:08.81Z</time>
		</trkpt>
		<trkpt lat="34.502321" lon="127.368497">
			<ele>0.00</ele>
			<time>2020-01-19T23:43:09.05Z</time>
		</trkpt>
		<trkpt lat="34.502277" lon="127.368484">
			<ele>0.00</ele>
			<time>2020-01-19T23:43:09.35Z</time>
		</trkpt>
		<trkpt lat="34.502226" lon="127.368484">
			<ele>0.00</ele>
			<time>2020-01-19T23:43:09.69Z</time>
		</trkpt>
		<trkpt lat="34.502187" lon="127.368471">
			<ele>0.00</ele>
			<time>2020-01-19T23:43:09.96Z</time>
		</trkpt>
		<trkpt lat="34.502167" lon="127.368461">
			<ele>0.00</ele>
			<time>2020-01-19T23:43:10.10Z</time>
		</trkpt>
		<trkpt lat="34.502147" lon="127.368439">
			<ele>0.00</ele>
			<time>2020-01-19T23:43:10.28Z</time>
		</trkpt>
		<trkpt lat="34.502147" lon="127.368439">
			<ele>0.00</ele>
			<time>2020-01-19T23:43:10.34Z</time>
		</trkpt>
		<trkpt lat="34.502117" lon="127.368405">
			<ele>0.00</ele>
			<time>2020-01-19T23:43:10.61Z</time>
		</trkpt>
		<trkpt lat="34.502098" lon="127.368372">
			<ele>0.00</ele>
			<time>2020-01-19T23:43:10.83Z</time>
		</trkpt>
		<trkpt lat="34.502079" lon="127.368325">
			<ele>0.00</ele>
			<time>2020-01-19T23:43:11.13Z</time>
		</trkpt>
		<trkpt lat="34.502067" lon="127.368256">
			<ele>0.00</ele>
			<time>2020-01-19T23:43:11.51Z</time>
		</trkpt>
		<trkpt lat="34.502051" lon="127.368125">
			<ele>0.00</ele>
			<time>2020-01-19T23:43:12.24Z</time>
		</trkpt>
		<trkpt lat="34.502054" lon="127.368002">
			<ele>0.00</ele>
			<time>2020-01-19T23:43:12.91Z</time>
		</trkpt>
		<trkpt lat="34.502046" lon="127.367914">
			<ele>0.00</ele>
			<time>2020-01-19T23:43:13.40Z</time>
		</trkpt>
		<trkpt lat="34.502039" lon="127.367840">
			<ele>0.00</ele>
			<time>2020-01-19T23:43:13.81Z</time>
		</trkpt>
		<trkpt lat="34.502034" lon="127.367760">
			<ele>0.00</ele>
			<time>2020-01-19T23:43:14.25Z</time>
		</trkpt>
		<trkpt lat="34.502030" lon="127.367682">
			<ele>0.00</ele>
			<time>2020-01-19T23:43:14.68Z</time>
		</trkpt>
		<trkpt lat="34.502042" lon="127.367596">
			<ele>0.00</ele>
			<time>2020-01-19T23:43:15.16Z</time>
		</trkpt>
		<trkpt lat="34.502069" lon="127.367506">
			<ele>0.00</ele>
			<time>2020-01-19T23:43:15.69Z</time>
		</trkpt>
		<trkpt lat="34.502103" lon="127.367444">
			<ele>0.00</ele>
			<time>2020-01-19T23:43:16.09Z</time>
		</trkpt>
		<trkpt lat="34.502135" lon="127.367367">
			<ele>0.00</ele>
			<time>2020-01-19T23:43:16.57Z</time>
		</trkpt>
		<trkpt lat="34.502164" lon="127.367313">
			<ele>0.00</ele>
			<time>2020-01-19T23:43:16.92Z</time>
		</trkpt>
		<trkpt lat="34.502181" lon="127.367237">
			<ele>0.00</ele>
			<time>2020-01-19T23:43:17.35Z</time>
		</trkpt>
		<trkpt lat="34.502193" lon="127.367138">
			<ele>0.00</ele>
			<time>2020-01-19T23:43:17.90Z</time>
		</trkpt>
		<trkpt lat="34.502206" lon="127.367067">
			<ele>0.00</ele>
			<time>2020-01-19T23:43:18.31Z</time>
		</trkpt>
		<trkpt lat="34.502208" lon="127.366987">
			<ele>0.00</ele>
			<time>2020-01-19T23:43:18.75Z</time>
		</trkpt>
		<trkpt lat="34.502196" lon="127.366902">
			<ele>0.00</ele>
			<time>2020-01-19T23:43:19.22Z</time>
		</trkpt>
		<trkpt lat="34.502161" lon="127.366829">
			<ele>0.00</ele>
			<time>2020-01-19T23:43:19.68Z</time>
		</trkpt>
		<trkpt lat="34.502136" lon="127.366775">
			<ele>0.00</ele>
			<time>2020-01-19T23:43:20.02Z</time>
		</trkpt>
		<trkpt lat="34.502112" lon="127.366722">
			<ele>0.00</ele>
			<time>2020-01-19T23:43:20.36Z</time>
		</trkpt>
		<trkpt lat="34.502095" lon="127.366669">
			<ele>0.00</ele>
			<time>2020-01-19T23:43:20.67Z</time>
		</trkpt>
		<trkpt lat="34.502078" lon="127.366601">
			<ele>0.00</ele>
			<time>2020-01-19T23:43:21.06Z</time>
		</trkpt>
		<trkpt lat="34.502072" lon="127.366539">
			<ele>0.00</ele>
			<time>2020-01-19T23:43:21.40Z</time>
		</trkpt>
		<trkpt lat="34.502068" lon="127.366458">
			<ele>0.00</ele>
			<time>2020-01-19T23:43:21.85Z</time>
		</trkpt>
		<trkpt lat="34.502075" lon="127.366378">
			<ele>0.00</ele>
			<time>2020-01-19T23:43:22.29Z</time>
		</trkpt>
		<trkpt lat="34.502082" lon="127.366322">
			<ele>0.00</ele>
			<time>2020-01-19T23:43:22.60Z</time>
		</trkpt>
		<trkpt lat="34.502095" lon="127.366265">
			<ele>0.00</ele>
			<time>2020-01-19T23:43:22.93Z</time>
		</trkpt>
		<trkpt lat="34.502124" lon="127.366214">
			<ele>0.00</ele>
			<time>2020-01-19T23:43:23.27Z</time>
		</trkpt>
		<trkpt lat="34.502158" lon="127.366183">
			<ele>0.00</ele>
			<time>2020-01-19T23:43:23.55Z</time>
		</trkpt>
		<trkpt lat="34.502210" lon="127.366181">
			<ele>0.00</ele>
			<time>2020-01-19T23:43:23.90Z</time>
		</trkpt>
		<trkpt lat="34.502269" lon="127.366179">
			<ele>0.00</ele>
			<time>2020-01-19T23:43:24.29Z</time>
		</trkpt>
		<trkpt lat="34.502350" lon="127.366189">
			<ele>0.00</ele>
			<time>2020-01-19T23:43:24.84Z</time>
		</trkpt>
		<trkpt lat="34.502408" lon="127.366199">
			<ele>0.00</ele>
			<time>2020-01-19T23:43:25.22Z</time>
		</trkpt>
		<trkpt lat="34.502462" lon="127.366193">
			<ele>0.00</ele>
			<time>2020-01-19T23:43:25.59Z</time>
		</trkpt>
		<trkpt lat="34.502481" lon="127.366173">
			<ele>0.00</ele>
			<time>2020-01-19T23:43:25.75Z</time>
		</trkpt>
		<trkpt lat="34.502491" lon="127.366113">
			<ele>0.00</ele>
			<time>2020-01-19T23:43:26.09Z</time>
		</trkpt>
		<trkpt lat="34.502491" lon="127.365984">
			<ele>0.00</ele>
			<time>2020-01-19T23:43:26.80Z</time>
		</trkpt>
		<trkpt lat="34.502498" lon="127.365820">
			<ele>0.00</ele>
			<time>2020-01-19T23:43:27.70Z</time>
		</trkpt>
		<trkpt lat="34.502498" lon="127.365681">
			<ele>0.00</ele>
			<time>2020-01-19T23:43:28.46Z</time>
		</trkpt>
		<trkpt lat="34.502501" lon="127.365531">
			<ele>0.00</ele>
			<time>2020-01-19T23:43:29.29Z</time>
		</trkpt>
		<trkpt lat="34.502499" lon="127.365431">
			<ele>0.00</ele>
			<time>2020-01-19T23:43:29.84Z</time>
		</trkpt>
		<trkpt lat="34.502501" lon="127.365295">
			<ele>0.00</ele>
			<time>2020-01-19T23:43:30.58Z</time>
		</trkpt>
		<trkpt lat="34.502494" lon="127.365178">
			<ele>0.00</ele>
			<time>2020-01-19T23:43:31.23Z</time>
		</trkpt>
		<trkpt lat="34.502500" lon="127.365100">
			<ele>0.00</ele>
			<time>2020-01-19T23:43:31.66Z</time>
		</trkpt>
		<trkpt lat="34.502501" lon="127.365025">
			<ele>0.00</ele>
			<time>2020-01-19T23:43:32.07Z</time>
		</trkpt>
		<trkpt lat="34.502522" lon="127.364949">
			<ele>0.00</ele>
			<time>2020-01-19T23:43:32.51Z</time>
		</trkpt>
		<trkpt lat="34.502549" lon="127.364910">
			<ele>0.00</ele>
			<time>2020-01-19T23:43:32.79Z</time>
		</trkpt>
		<trkpt lat="34.502603" lon="127.364867">
			<ele>0.00</ele>
			<time>2020-01-19T23:43:33.22Z</time>
		</trkpt>
		<trkpt lat="34.502666" lon="127.364819">
			<ele>0.00</ele>
			<time>2020-01-19T23:43:33.72Z</time>
		</trkpt>
		<trkpt lat="34.502724" lon="127.364782">
			<ele>0.00</ele>
			<time>2020-01-19T23:43:34.15Z</time>
		</trkpt>
		<trkpt lat="34.502790" lon="127.364735">
			<ele>0.00</ele>
			<time>2020-01-19T23:43:34.66Z</time>
		</trkpt>
		<trkpt lat="34.502849" lon="127.364684">
			<ele>0.00</ele>
			<time>2020-01-19T23:43:35.15Z</time>
		</trkpt>
		<trkpt lat="34.502889" lon="127.364639">
			<ele>0.00</ele>
			<time>2020-01-19T23:43:35.52Z</time>
		</trkpt>
		<trkpt lat="34.502949" lon="127.364561">
			<ele>0.00</ele>
			<time>2020-01-19T23:43:36.10Z</time>
		</trkpt>
		<trkpt lat="34.502992" lon="127.364474">
			<ele>0.00</ele>
			<time>2020-01-19T23:43:36.66Z</time>
		</trkpt>
		<trkpt lat="34.503008" lon="127.364380">
			<ele>0.00</ele>
			<time>2020-01-19T23:43:37.18Z</time>
		</trkpt>
		<trkpt lat="34.503021" lon="127.364281">
			<ele>0.00</ele>
			<time>2020-01-19T23:43:37.73Z</time>
		</trkpt>
		<trkpt lat="34.503044" lon="127.364187">
			<ele>0.00</ele>
			<time>2020-01-19T23:43:38.27Z</time>
		</trkpt>
		<trkpt lat="34.503061" lon="127.364074">
			<ele>0.00</ele>
			<time>2020-01-19T23:43:38.90Z</time>
		</trkpt>
		<trkpt lat="34.503084" lon="127.363975">
			<ele>0.00</ele>
			<time>2020-01-19T23:43:39.47Z</time>
		</trkpt>
		<trkpt lat="34.503098" lon="127.363904">
			<ele>0.00</ele>
			<time>2020-01-19T23:43:39.87Z</time>
		</trkpt>
		<trkpt lat="34.503096" lon="127.363825">
			<ele>0.00</ele>
			<time>2020-01-19T23:43:40.30Z</time>
		</trkpt>
		<trkpt lat="34.503075" lon="127.363749">
			<ele>0.00</ele>
			<time>2020-01-19T23:43:40.74Z</time>
		</trkpt>
		<trkpt lat="34.503038" lon="127.363646">
			<ele>0.00</ele>
			<time>2020-01-19T23:43:41.36Z</time>
		</trkpt>
		<trkpt lat="34.503000" lon="127.363545">
			<ele>0.00</ele>
			<time>2020-01-19T23:43:41.98Z</time>
		</trkpt>
		<trkpt lat="34.502954" lon="127.363407">
			<ele>0.00</ele>
			<time>2020-01-19T23:43:42.79Z</time>
		</trkpt>
		<trkpt lat="34.502933" lon="127.363303">
			<ele>0.00</ele>
			<time>2020-01-19T23:43:43.38Z</time>
		</trkpt>
		<trkpt lat="34.502905" lon="127.363211">
			<ele>0.00</ele>
			<time>2020-01-19T23:43:43.92Z</time>
		</trkpt>
		<trkpt lat="34.502882" lon="127.363094">
			<ele>0.00</ele>
			<time>2020-01-19T23:43:44.58Z</time>
		</trkpt>
		<trkpt lat="34.502860" lon="127.362979">
			<ele>0.00</ele>
			<time>2020-01-19T23:43:45.23Z</time>
		</trkpt>
		<trkpt lat="34.502848" lon="127.362838">
			<ele>0.00</ele>
			<time>2020-01-19T23:43:46Z</time>
		</trkpt>
		<trkpt lat="34.502841" lon="127.362710">
			<ele>0.00</ele>
			<time>2020-01-19T23:43:46.71Z</time>
		</trkpt>
		<trkpt lat="34.502841" lon="127.362657">
			<ele>0.00</ele>
			<time>2020-01-19T23:43:47Z</time>
		</trkpt>
		<trkpt lat="34.502841" lon="127.362565">
			<ele>0.00</ele>
			<time>2020-01-19T23:43:47.51Z</time>
		</trkpt>
		<trkpt lat="34.502877" lon="127.362491">
			<ele>0.00</ele>
			<time>2020-01-19T23:43:47.98Z</time>
		</trkpt>
		<trkpt lat="34.502911" lon="127.362425">
			<ele>0.00</ele>
			<time>2020-01-19T23:43:48.41Z</time>
		</trkpt>
		<trkpt lat="34.502975" lon="127.362314">
			<ele>0.00</ele>
			<time>2020-01-19T23:43:49.15Z</time>
		</trkpt>
		<trkpt lat="34.503031" lon="127.362220">
			<ele>0.00</ele>
			<time>2020-01-19T23:43:49.79Z</time>
		</trkpt>
		<trkpt lat="34.503082" lon="127.362128">
			<ele>0.00</ele>
			<time>2020-01-19T23:43:50.40Z</time>
		</trkpt>
		<trkpt lat="34.503133" lon="127.362047">
			<ele>0.00</ele>
			<time>2020-01-19T23:43:50.96Z</time>
		</trkpt>
		<trkpt lat="34.503165" lon="127.361951">
			<ele>0.00</ele>
			<time>2020-01-19T23:43:51.53Z</time>
		</trkpt>
		<trkpt lat="34.503194" lon="127.361889">
			<ele>0.00</ele>
			<time>2020-01-19T23:43:51.92Z</time>
		</trkpt>
		<trkpt lat="34.503230" lon="127.361787">
			<ele>0.00</ele>
			<time>2020-01-19T23:43:52.53Z</time>
		</trkpt>
		<trkpt lat="34.503266" lon="127.361688">
			<ele>0.00</ele>
			<time>2020-01-19T23:43:53.12Z</time>
		</trkpt>
		<trkpt lat="34.503302" lon="127.361566">
			<ele>0.00</ele>
			<time>2020-01-19T23:43:53.83Z</time>
		</trkpt>
		<trkpt lat="34.503329" lon="127.361428">
			<ele>0.00</ele>
			<time>2020-01-19T23:43:54.61Z</time>
		</trkpt>
		<trkpt lat="34.503365" lon="127.361290">
			<ele>0.00</ele>
			<time>2020-01-19T23:43:55.41Z</time>
		</trkpt>
		<trkpt lat="34.503393" lon="127.361157">
			<ele>0.00</ele>
			<time>2020-01-19T23:43:56.17Z</time>
		</trkpt>
		<trkpt lat="34.503422" lon="127.361044">
			<ele>0.00</ele>
			<time>2020-01-19T23:43:56.81Z</time>
		</trkpt>
		<trkpt lat="34.503441" lon="127.360929">
			<ele>0.00</ele>
			<time>2020-01-19T23:43:57.46Z</time>
		</trkpt>
		<trkpt lat="34.503463" lon="127.360809">
			<ele>0.00</ele>
			<time>2020-01-19T23:43:58.13Z</time>
		</trkpt>
		<trkpt lat="34.503479" lon="127.360699">
			<ele>0.00</ele>
			<time>2020-01-19T23:43:58.75Z</time>
		</trkpt>
		<trkpt lat="34.503498" lon="127.360554">
			<ele>0.00</ele>
			<time>2020-01-19T23:43:59.55Z</time>
		</trkpt>
		<trkpt lat="34.503520" lon="127.360430">
			<ele>0.00</ele>
			<time>2020-01-19T23:44:00.25Z</time>
		</trkpt>
		<trkpt lat="34.503552" lon="127.360313">
			<ele>0.00</ele>
			<time>2020-01-19T23:44:00.93Z</time>
		</trkpt>
		<trkpt lat="34.503581" lon="127.360193">
			<ele>0.00</ele>
			<time>2020-01-19T23:44:01.62Z</time>
		</trkpt>
		<trkpt lat="34.503610" lon="127.360103">
			<ele>0.00</ele>
			<time>2020-01-19T23:44:02.14Z</time>
		</trkpt>
		<trkpt lat="34.503663" lon="127.359991">
			<ele>0.00</ele>
			<time>2020-01-19T23:44:02.86Z</time>
		</trkpt>
		<trkpt lat="34.503718" lon="127.359901">
			<ele>0.00</ele>
			<time>2020-01-19T23:44:03.47Z</time>
		</trkpt>
		<trkpt lat="34.503775" lon="127.359805">
			<ele>0.00</ele>
			<time>2020-01-19T23:44:04.12Z</time>
		</trkpt>
		<trkpt lat="34.503832" lon="127.359720">
			<ele>0.00</ele>
			<time>2020-01-19T23:44:04.73Z</time>
		</trkpt>
		<trkpt lat="34.503884" lon="127.359648">
			<ele>0.00</ele>
			<time>2020-01-19T23:44:05.25Z</time>
		</trkpt>
		<trkpt lat="34.503933" lon="127.359589">
			<ele>0.00</ele>
			<time>2020-01-19T23:44:05.71Z</time>
		</trkpt>
		<trkpt lat="34.503965" lon="127.359517">
			<ele>0.00</ele>
			<time>2020-01-19T23:44:06.16Z</time>
		</trkpt>
		<trkpt lat="34.503988" lon="127.359451">
			<ele>0.00</ele>
			<time>2020-01-19T23:44:06.55Z</time>
		</trkpt>
		<trkpt lat="34.504033" lon="127.359382">
			<ele>0.00</ele>
			<time>2020-01-19T23:44:07.04Z</time>
		</trkpt>
		<trkpt lat="34.504092" lon="127.359299">
			<ele>0.00</ele>
			<time>2020-01-19T23:44:07.64Z</time>
		</trkpt>
		<trkpt lat="34.504140" lon="127.359214">
			<ele>0.00</ele>
			<time>2020-01-19T23:44:08.20Z</time>
		</trkpt>
		<trkpt lat="34.504199" lon="127.359109">
			<ele>0.00</ele>
			<time>2020-01-19T23:44:08.91Z</time>
		</trkpt>
		<trkpt lat="34.504245" lon="127.359012">
			<ele>0.00</ele>
			<time>2020-01-19T23:44:09.52Z</time>
		</trkpt>
		<trkpt lat="34.504296" lon="127.358900">
			<ele>0.00</ele>
			<time>2020-01-19T23:44:10.22Z</time>
		</trkpt>
		<trkpt lat="34.504347" lon="127.358810">
			<ele>0.00</ele>
			<time>2020-01-19T23:44:10.82Z</time>
		</trkpt>
		<trkpt lat="34.504395" lon="127.358706">
			<ele>0.00</ele>
			<time>2020-01-19T23:44:11.47Z</time>
		</trkpt>
		<trkpt lat="34.504463" lon="127.358584">
			<ele>0.00</ele>
			<time>2020-01-19T23:44:12.28Z</time>
		</trkpt>
		<trkpt lat="34.504503" lon="127.358522">
			<ele>0.00</ele>
			<time>2020-01-19T23:44:12.72Z</time>
		</trkpt>
		<trkpt lat="34.504531" lon="127.358444">
			<ele>0.00</ele>
			<time>2020-01-19T23:44:13.18Z</time>
		</trkpt>
		<trkpt lat="34.504552" lon="127.358387">
			<ele>0.00</ele>
			<time>2020-01-19T23:44:13.53Z</time>
		</trkpt>
		<trkpt lat="34.504537" lon="127.358318">
			<ele>0.00</ele>
			<time>2020-01-19T23:44:13.92Z</time>
		</trkpt>
		<trkpt lat="34.504510" lon="127.358244">
			<ele>0.00</ele>
			<time>2020-01-19T23:44:14.36Z</time>
		</trkpt>
		<trkpt lat="34.504492" lon="127.358184">
			<ele>0.00</ele>
			<time>2020-01-19T23:44:14.72Z</time>
		</trkpt>
		<trkpt lat="34.504492" lon="127.358108">
			<ele>0.00</ele>
			<time>2020-01-19T23:44:15.13Z</time>
		</trkpt>
		<trkpt lat="34.504495" lon="127.357989">
			<ele>0.00</ele>
			<time>2020-01-19T23:44:15.79Z</time>
		</trkpt>
		<trkpt lat="34.504499" lon="127.357873">
			<ele>0.00</ele>
			<time>2020-01-19T23:44:16.43Z</time>
		</trkpt>
		<trkpt lat="34.504509" lon="127.357744">
			<ele>0.00</ele>
			<time>2020-01-19T23:44:17.14Z</time>
		</trkpt>
		<trkpt lat="34.504514" lon="127.357576">
			<ele>0.00</ele>
			<time>2020-01-19T23:44:18.06Z</time>
		</trkpt>
		<trkpt lat="34.504526" lon="127.357465">
			<ele>0.00</ele>
			<time>2020-01-19T23:44:18.68Z</time>
		</trkpt>
		<trkpt lat="34.504539" lon="127.357311">
			<ele>0.00</ele>
			<time>2020-01-19T23:44:19.53Z</time>
		</trkpt>
		<trkpt lat="34.504556" lon="127.357215">
			<ele>0.00</ele>
			<time>2020-01-19T23:44:20.07Z</time>
		</trkpt>
		<trkpt lat="34.504575" lon="127.357126">
			<ele>0.00</ele>
			<time>2020-01-19T23:44:20.57Z</time>
		</trkpt>
		<trkpt lat="34.504611" lon="127.357042">
			<ele>0.00</ele>
			<time>2020-01-19T23:44:21.09Z</time>
		</trkpt>
		<trkpt lat="34.504666" lon="127.356961">
			<ele>0.00</ele>
			<time>2020-01-19T23:44:21.67Z</time>
		</trkpt>
		<trkpt lat="34.504716" lon="127.356873">
			<ele>0.00</ele>
			<time>2020-01-19T23:44:22.25Z</time>
		</trkpt>
		<trkpt lat="34.504776" lon="127.356793">
			<ele>0.00</ele>
			<time>2020-01-19T23:44:22.85Z</time>
		</trkpt>
		<trkpt lat="34.504837" lon="127.356742">
			<ele>0.00</ele>
			<time>2020-01-19T23:44:23.34Z</time>
		</trkpt>
		<trkpt lat="34.504907" lon="127.356712">
			<ele>0.00</ele>
			<time>2020-01-19T23:44:23.84Z</time>
		</trkpt>
		<trkpt lat="34.504977" lon="127.356696">
			<ele>0.00</ele>
			<time>2020-01-19T23:44:24.31Z</time>
		</trkpt>
		<trkpt lat="34.505055" lon="127.356696">
			<ele>0.00</ele>
			<time>2020-01-19T23:44:24.83Z</time>
		</trkpt>
		<trkpt lat="34.505123" lon="127.356721">
			<ele>0.00</ele>
			<time>2020-01-19T23:44:25.30Z</time>
		</trkpt>
		<trkpt lat="34.505204" lon="127.356767">
			<ele>0.00</ele>
			<time>2020-01-19T23:44:25.90Z</time>
		</trkpt>
		<trkpt lat="34.505271" lon="127.356802">
			<ele>0.00</ele>
			<time>2020-01-19T23:44:26.39Z</time>
		</trkpt>
		<trkpt lat="34.505329" lon="127.356813">
			<ele>0.00</ele>
			<time>2020-01-19T23:44:26.78Z</time>
		</trkpt>
		<trkpt lat="34.505375" lon="127.356825">
			<ele>0.00</ele>
			<time>2020-01-19T23:44:27.09Z</time>
		</trkpt>
		<trkpt lat="34.505415" lon="127.356799">
			<ele>0.00</ele>
			<time>2020-01-19T23:44:27.39Z</time>
		</trkpt>
		<trkpt lat="34.505456" lon="127.356714">
			<ele>0.00</ele>
			<time>2020-01-19T23:44:27.94Z</time>
		</trkpt>
		<trkpt lat="34.505500" lon="127.356638">
			<ele>0.00</ele>
			<time>2020-01-19T23:44:28.44Z</time>
		</trkpt>
		<trkpt lat="34.505541" lon="127.356565">
			<ele>0.00</ele>
			<time>2020-01-19T23:44:28.93Z</time>
		</trkpt>
		<trkpt lat="34.505602" lon="127.356464">
			<ele>0.00</ele>
			<time>2020-01-19T23:44:29.62Z</time>
		</trkpt>
		<trkpt lat="34.505642" lon="127.356388">
			<ele>0.00</ele>
			<time>2020-01-19T23:44:30.11Z</time>
		</trkpt>
		<trkpt lat="34.505676" lon="127.356291">
			<ele>0.00</ele>
			<time>2020-01-19T23:44:30.69Z</time>
		</trkpt>
		<trkpt lat="34.505695" lon="127.356217">
			<ele>0.00</ele>
			<time>2020-01-19T23:44:31.12Z</time>
		</trkpt>
		<trkpt lat="34.505704" lon="127.356149">
			<ele>0.00</ele>
			<time>2020-01-19T23:44:31.50Z</time>
		</trkpt>
		<trkpt lat="34.505719" lon="127.356054">
			<ele>0.00</ele>
			<time>2020-01-19T23:44:32.03Z</time>
		</trkpt>
		<trkpt lat="34.505727" lon="127.355969">
			<ele>0.00</ele>
			<time>2020-01-19T23:44:32.50Z</time>
		</trkpt>
		<trkpt lat="34.505729" lon="127.355895">
			<ele>0.00</ele>
			<time>2020-01-19T23:44:32.90Z</time>
		</trkpt>
		<trkpt lat="34.505737" lon="127.355808">
			<ele>0.00</ele>
			<time>2020-01-19T23:44:33.38Z</time>
		</trkpt>
		<trkpt lat="34.505737" lon="127.355730">
			<ele>0.00</ele>
			<time>2020-01-19T23:44:33.81Z</time>
		</trkpt>
		<trkpt lat="34.505735" lon="127.355684">
			<ele>0.00</ele>
			<time>2020-01-19T23:44:34.07Z</time>
		</trkpt>
		<trkpt lat="34.505716" lon="127.355626">
			<ele>0.00</ele>
			<time>2020-01-19T23:44:34.41Z</time>
		</trkpt>
		<trkpt lat="34.505670" lon="127.355541">
			<ele>0.00</ele>
			<time>2020-01-19T23:44:34.96Z</time>
		</trkpt>
		<trkpt lat="34.505610" lon="127.355445">
			<ele>0.00</ele>
			<time>2020-01-19T23:44:35.63Z</time>
		</trkpt>
		<trkpt lat="34.505580" lon="127.355385">
			<ele>0.00</ele>
			<time>2020-01-19T23:44:36.02Z</time>
		</trkpt>
		<trkpt lat="34.505553" lon="127.355332">
			<ele>0.00</ele>
			<time>2020-01-19T23:44:36.36Z</time>
		</trkpt>
		<trkpt lat="34.505538" lon="127.355261">
			<ele>0.00</ele>
			<time>2020-01-19T23:44:36.76Z</time>
		</trkpt>
		<trkpt lat="34.505525" lon="127.355176">
			<ele>0.00</ele>
			<time>2020-01-19T23:44:37.24Z</time>
		</trkpt>
		<trkpt lat="34.505519" lon="127.355093">
			<ele>0.00</ele>
			<time>2020-01-19T23:44:37.69Z</time>
		</trkpt>
		<trkpt lat="34.505515" lon="127.354996">
			<ele>0.00</ele>
			<time>2020-01-19T23:44:38.22Z</time>
		</trkpt>
		<trkpt lat="34.505517" lon="127.354916">
			<ele>0.00</ele>
			<time>2020-01-19T23:44:38.67Z</time>
		</trkpt>
		<trkpt lat="34.505519" lon="127.354840">
			<ele>0.00</ele>
			<time>2020-01-19T23:44:39.08Z</time>
		</trkpt>
		<trkpt lat="34.505517" lon="127.354753">
			<ele>0.00</ele>
			<time>2020-01-19T23:44:39.56Z</time>
		</trkpt>
		<trkpt lat="34.505513" lon="127.354681">
			<ele>0.00</ele>
			<time>2020-01-19T23:44:39.96Z</time>
		</trkpt>
		<trkpt lat="34.505496" lon="127.354608">
			<ele>0.00</ele>
			<time>2020-01-19T23:44:40.38Z</time>
		</trkpt>
		<trkpt lat="34.505470" lon="127.354500">
			<ele>0.00</ele>
			<time>2020-01-19T23:44:41Z</time>
		</trkpt>
		<trkpt lat="34.505434" lon="127.354405">
			<ele>0.00</ele>
			<time>2020-01-19T23:44:41.57Z</time>
		</trkpt>
		<trkpt lat="34.505404" lon="127.354332">
			<ele>0.00</ele>
			<time>2020-01-19T23:44:42.02Z</time>
		</trkpt>
		<trkpt lat="34.505371" lon="127.354265">
			<ele>0.00</ele>
			<time>2020-01-19T23:44:42.45Z</time>
		</trkpt>
		<trkpt lat="34.505348" lon="127.354212">
			<ele>0.00</ele>
			<time>2020-01-19T23:44:42.77Z</time>
		</trkpt>
		<trkpt lat="34.505326" lon="127.354145">
			<ele>0.00</ele>
			<time>2020-01-19T23:44:43.17Z</time>
		</trkpt>
		<trkpt lat="34.505305" lon="127.354069">
			<ele>0.00</ele>
			<time>2020-01-19T23:44:43.61Z</time>
		</trkpt>
		<trkpt lat="34.505296" lon="127.354006">
			<ele>0.00</ele>
			<time>2020-01-19T23:44:43.96Z</time>
		</trkpt>
		<trkpt lat="34.505311" lon="127.353942">
			<ele>0.00</ele>
			<time>2020-01-19T23:44:44.33Z</time>
		</trkpt>
		<trkpt lat="34.505333" lon="127.353900">
			<ele>0.00</ele>
			<time>2020-01-19T23:44:44.60Z</time>
		</trkpt>
		<trkpt lat="34.505353" lon="127.353859">
			<ele>0.00</ele>
			<time>2020-01-19T23:44:44.86Z</time>
		</trkpt>
		<trkpt lat="34.505371" lon="127.353818">
			<ele>0.00</ele>
			<time>2020-01-19T23:44:45.12Z</time>
		</trkpt>
		<trkpt lat="34.505383" lon="127.353769">
			<ele>0.00</ele>
			<time>2020-01-19T23:44:45.40Z</time>
		</trkpt>
		<trkpt lat="34.505387" lon="127.353703">
			<ele>0.00</ele>
			<time>2020-01-19T23:44:45.77Z</time>
		</trkpt>
		<trkpt lat="34.505387" lon="127.353640">
			<ele>0.00</ele>
			<time>2020-01-19T23:44:46.11Z</time>
		</trkpt>
		<trkpt lat="34.505360" lon="127.353583">
			<ele>0.00</ele>
			<time>2020-01-19T23:44:46.47Z</time>
		</trkpt>
		<trkpt lat="34.505303" lon="127.353505">
			<ele>0.00</ele>
			<time>2020-01-19T23:44:47.04Z</time>
		</trkpt>
		<trkpt lat="34.505252" lon="127.353438">
			<ele>0.00</ele>
			<time>2020-01-19T23:44:47.54Z</time>
		</trkpt>
		<trkpt lat="34.505212" lon="127.353399">
			<ele>0.00</ele>
			<time>2020-01-19T23:44:47.89Z</time>
		</trkpt>
		<trkpt lat="34.505186" lon="127.353346">
			<ele>0.00</ele>
			<time>2020-01-19T23:44:48.23Z</time>
		</trkpt>
		<trkpt lat="34.505148" lon="127.353272">
			<ele>0.00</ele>
			<time>2020-01-19T23:44:48.70Z</time>
		</trkpt>
		<trkpt lat="34.505110" lon="127.353173">
			<ele>0.00</ele>
			<time>2020-01-19T23:44:49.30Z</time>
		</trkpt>
		<trkpt lat="34.505076" lon="127.353087">
			<ele>0.00</ele>
			<time>2020-01-19T23:44:49.83Z</time>
		</trkpt>
		<trkpt lat="34.505068" lon="127.353041">
			<ele>0.00</ele>
			<time>2020-01-19T23:44:50.09Z</time>
		</trkpt>
		<trkpt lat="34.505070" lon="127.352995">
			<ele>0.00</ele>
			<time>2020-01-19T23:44:50.34Z</time>
		</trkpt>
		<trkpt lat="34.505086" lon="127.352947">
			<ele>0.00</ele>
			<time>2020-01-19T23:44:50.62Z</time>
		</trkpt>
		<trkpt lat="34.505112" lon="127.352878">
			<ele>0.00</ele>
			<time>2020-01-19T23:44:51.04Z</time>
		</trkpt>
		<trkpt lat="34.505144" lon="127.352830">
			<ele>0.00</ele>
			<time>2020-01-19T23:44:51.38Z</time>
		</trkpt>
		<trkpt lat="34.505171" lon="127.352795">
			<ele>0.00</ele>
			<time>2020-01-19T23:44:51.64Z</time>
		</trkpt>
		<trkpt lat="34.505190" lon="127.352740">
			<ele>0.00</ele>
			<time>2020-01-19T23:44:51.97Z</time>
		</trkpt>
		<trkpt lat="34.505197" lon="127.352698">
			<ele>0.00</ele>
			<time>2020-01-19T23:44:52.20Z</time>
		</trkpt>
		<trkpt lat="34.505207" lon="127.352623">
			<ele>0.00</ele>
			<time>2020-01-19T23:44:52.62Z</time>
		</trkpt>
		<trkpt lat="34.505205" lon="127.352480">
			<ele>0.00</ele>
			<time>2020-01-19T23:44:53.41Z</time>
		</trkpt>
		<trkpt lat="34.505211" lon="127.352380">
			<ele>0.00</ele>
			<time>2020-01-19T23:44:53.96Z</time>
		</trkpt>
		<trkpt lat="34.505211" lon="127.352297">
			<ele>0.00</ele>
			<time>2020-01-19T23:44:54.41Z</time>
		</trkpt>
		<trkpt lat="34.505215" lon="127.352219">
			<ele>0.00</ele>
			<time>2020-01-19T23:44:54.84Z</time>
		</trkpt>
		<trkpt lat="34.505215" lon="127.352159">
			<ele>0.00</ele>
			<time>2020-01-19T23:44:55.17Z</time>
		</trkpt>
		<trkpt lat="34.505226" lon="127.352106">
			<ele>0.00</ele>
			<time>2020-01-19T23:44:55.47Z</time>
		</trkpt>
		<trkpt lat="34.505251" lon="127.352058">
			<ele>0.00</ele>
			<time>2020-01-19T23:44:55.79Z</time>
		</trkpt>
		<trkpt lat="34.505304" lon="127.351998">
			<ele>0.00</ele>
			<time>2020-01-19T23:44:56.27Z</time>
		</trkpt>
		<trkpt lat="34.505353" lon="127.351947">
			<ele>0.00</ele>
			<time>2020-01-19T23:44:56.70Z</time>
		</trkpt>
		<trkpt lat="34.505393" lon="127.351918">
			<ele>0.00</ele>
			<time>2020-01-19T23:44:57.01Z</time>
		</trkpt>
		<trkpt lat="34.505427" lon="127.351883">
			<ele>0.00</ele>
			<time>2020-01-19T23:44:57.31Z</time>
		</trkpt>
		<trkpt lat="34.505467" lon="127.351828">
			<ele>0.00</ele>
			<time>2020-01-19T23:44:57.71Z</time>
		</trkpt>
		<trkpt lat="34.505486" lon="127.351773">
			<ele>0.00</ele>
			<time>2020-01-19T23:44:58.04Z</time>
		</trkpt>
		<trkpt lat="34.505488" lon="127.351701">
			<ele>0.00</ele>
			<time>2020-01-19T23:44:58.43Z</time>
		</trkpt>
		<trkpt lat="34.505473" lon="127.351626">
			<ele>0.00</ele>
			<time>2020-01-19T23:44:58.86Z</time>
		</trkpt>
		<trkpt lat="34.505463" lon="127.351584">
			<ele>0.00</ele>
			<time>2020-01-19T23:44:59.10Z</time>
		</trkpt>
		<trkpt lat="34.505450" lon="127.351524">
			<ele>0.00</ele>
			<time>2020-01-19T23:44:59.44Z</time>
		</trkpt>
		<trkpt lat="34.505446" lon="127.351435">
			<ele>0.00</ele>
			<time>2020-01-19T23:44:59.93Z</time>
		</trkpt>
		<trkpt lat="34.505437" lon="127.351344">
			<ele>0.00</ele>
			<time>2020-01-19T23:45:00.43Z</time>
		</trkpt>
		<trkpt lat="34.505427" lon="127.351213">
			<ele>0.00</ele>
			<time>2020-01-19T23:45:01.15Z</time>
		</trkpt>
		<trkpt lat="34.505427" lon="127.351091">
			<ele>0.00</ele>
			<time>2020-01-19T23:45:01.82Z</time>
		</trkpt>
		<trkpt lat="34.505418" lon="127.350971">
			<ele>0.00</ele>
			<time>2020-01-19T23:45:02.48Z</time>
		</trkpt>
		<trkpt lat="34.505422" lon="127.350875">
			<ele>0.00</ele>
			<time>2020-01-19T23:45:03.02Z</time>
		</trkpt>
		<trkpt lat="34.505435" lon="127.350780">
			<ele>0.00</ele>
			<time>2020-01-19T23:45:03.54Z</time>
		</trkpt>
		<trkpt lat="34.505448" lon="127.350695">
			<ele>0.00</ele>
			<time>2020-01-19T23:45:04.02Z</time>
		</trkpt>
		<trkpt lat="34.505460" lon="127.350610">
			<ele>0.00</ele>
			<time>2020-01-19T23:45:04.49Z</time>
		</trkpt>
		<trkpt lat="34.505460" lon="127.350513">
			<ele>0.00</ele>
			<time>2020-01-19T23:45:05.03Z</time>
		</trkpt>
		<trkpt lat="34.505460" lon="127.350416">
			<ele>0.00</ele>
			<time>2020-01-19T23:45:05.56Z</time>
		</trkpt>
		<trkpt lat="34.505456" lon="127.350324">
			<ele>0.00</ele>
			<time>2020-01-19T23:45:06.06Z</time>
		</trkpt>
		<trkpt lat="34.505445" lon="127.350228">
			<ele>0.00</ele>
			<time>2020-01-19T23:45:06.60Z</time>
		</trkpt>
		<trkpt lat="34.505424" lon="127.350145">
			<ele>0.00</ele>
			<time>2020-01-19T23:45:07.07Z</time>
		</trkpt>
		<trkpt lat="34.505380" lon="127.350057">
			<ele>0.00</ele>
			<time>2020-01-19T23:45:07.64Z</time>
		</trkpt>
		<trkpt lat="34.505340" lon="127.349997">
			<ele>0.00</ele>
			<time>2020-01-19T23:45:08.06Z</time>
		</trkpt>
		<trkpt lat="34.505301" lon="127.349921">
			<ele>0.00</ele>
			<time>2020-01-19T23:45:08.55Z</time>
		</trkpt>
		<trkpt lat="34.505267" lon="127.349836">
			<ele>0.00</ele>
			<time>2020-01-19T23:45:09.07Z</time>
		</trkpt>
		<trkpt lat="34.505234" lon="127.349756">
			<ele>0.00</ele>
			<time>2020-01-19T23:45:09.56Z</time>
		</trkpt>
		<trkpt lat="34.505219" lon="127.349657">
			<ele>0.00</ele>
			<time>2020-01-19T23:45:10.12Z</time>
		</trkpt>
		<trkpt lat="34.505198" lon="127.349533">
			<ele>0.00</ele>
			<time>2020-01-19T23:45:10.81Z</time>
		</trkpt>
		<trkpt lat="34.505189" lon="127.349411">
			<ele>0.00</ele>
			<time>2020-01-19T23:45:11.49Z</time>
		</trkpt>
		<trkpt lat="34.505159" lon="127.349283">
			<ele>0.00</ele>
			<time>2020-01-19T23:45:12.22Z</time>
		</trkpt>
		<trkpt lat="34.505130" lon="127.349140">
			<ele>0.00</ele>
			<time>2020-01-19T23:45:13.02Z</time>
		</trkpt>
		<trkpt lat="34.505111" lon="127.349020">
			<ele>0.00</ele>
			<time>2020-01-19T23:45:13.69Z</time>
		</trkpt>
		<trkpt lat="34.505091" lon="127.348887">
			<ele>0.00</ele>
			<time>2020-01-19T23:45:14.44Z</time>
		</trkpt>
		<trkpt lat="34.505070" lon="127.348756">
			<ele>0.00</ele>
			<time>2020-01-19T23:45:15.17Z</time>
		</trkpt>
		<trkpt lat="34.505051" lon="127.348632">
			<ele>0.00</ele>
			<time>2020-01-19T23:45:15.87Z</time>
		</trkpt>
		<trkpt lat="34.505028" lon="127.348521">
			<ele>0.00</ele>
			<time>2020-01-19T23:45:16.49Z</time>
		</trkpt>
		<trkpt lat="34.504999" lon="127.348418">
			<ele>0.00</ele>
			<time>2020-01-19T23:45:17.09Z</time>
		</trkpt>
		<trkpt lat="34.504958" lon="127.348347">
			<ele>0.00</ele>
			<time>2020-01-19T23:45:17.57Z</time>
		</trkpt>
		<trkpt lat="34.504905" lon="127.348271">
			<ele>0.00</ele>
			<time>2020-01-19T23:45:18.12Z</time>
		</trkpt>
		<trkpt lat="34.504846" lon="127.348200">
			<ele>0.00</ele>
			<time>2020-01-19T23:45:18.67Z</time>
		</trkpt>
		<trkpt lat="34.504784" lon="127.348137">
			<ele>0.00</ele>
			<time>2020-01-19T23:45:19.21Z</time>
		</trkpt>
		<trkpt lat="34.504746" lon="127.348073">
			<ele>0.00</ele>
			<time>2020-01-19T23:45:19.65Z</time>
		</trkpt>
		<trkpt lat="34.504719" lon="127.348022">
			<ele>0.00</ele>
			<time>2020-01-19T23:45:19.98Z</time>
		</trkpt>
		<trkpt lat="34.504717" lon="127.347981">
			<ele>0.00</ele>
			<time>2020-01-19T23:45:20.20Z</time>
		</trkpt>
		<trkpt lat="34.504732" lon="127.347903">
			<ele>0.00</ele>
			<time>2020-01-19T23:45:20.64Z</time>
		</trkpt>
		<trkpt lat="34.504744" lon="127.347806">
			<ele>0.00</ele>
			<time>2020-01-19T23:45:21.18Z</time>
		</trkpt>
		<trkpt lat="34.504751" lon="127.347718">
			<ele>0.00</ele>
			<time>2020-01-19T23:45:21.67Z</time>
		</trkpt>
		<trkpt lat="34.504784" lon="127.347626">
			<ele>0.00</ele>
			<time>2020-01-19T23:45:22.21Z</time>
		</trkpt>
		<trkpt lat="34.504825" lon="127.347551">
			<ele>0.00</ele>
			<time>2020-01-19T23:45:22.71Z</time>
		</trkpt>
		<trkpt lat="34.504865" lon="127.347470">
			<ele>0.00</ele>
			<time>2020-01-19T23:45:23.23Z</time>
		</trkpt>
		<trkpt lat="34.504901" lon="127.347403">
			<ele>0.00</ele>
			<time>2020-01-19T23:45:23.67Z</time>
		</trkpt>
		<trkpt lat="34.504945" lon="127.347332">
			<ele>0.00</ele>
			<time>2020-01-19T23:45:24.16Z</time>
		</trkpt>
		<trkpt lat="34.504975" lon="127.347268">
			<ele>0.00</ele>
			<time>2020-01-19T23:45:24.56Z</time>
		</trkpt>
		<trkpt lat="34.505011" lon="127.347215">
			<ele>0.00</ele>
			<time>2020-01-19T23:45:24.94Z</time>
		</trkpt>
		<trkpt lat="34.505030" lon="127.347148">
			<ele>0.00</ele>
			<time>2020-01-19T23:45:25.33Z</time>
		</trkpt>
		<trkpt lat="34.505030" lon="127.347093">
			<ele>0.00</ele>
			<time>2020-01-19T23:45:25.63Z</time>
		</trkpt>
		<trkpt lat="34.505030" lon="127.347026">
			<ele>0.00</ele>
			<time>2020-01-19T23:45:26Z</time>
		</trkpt>
		<trkpt lat="34.505023" lon="127.346978">
			<ele>0.00</ele>
			<time>2020-01-19T23:45:26.27Z</time>
		</trkpt>
		<trkpt lat="34.505004" lon="127.346943">
			<ele>0.00</ele>
			<time>2020-01-19T23:45:26.50Z</time>
		</trkpt>
		<trkpt lat="34.504972" lon="127.346937">
			<ele>0.00</ele>
			<time>2020-01-19T23:45:26.71Z</time>
		</trkpt>
		<trkpt lat="34.504905" lon="127.346955">
			<ele>0.00</ele>
			<time>2020-01-19T23:45:27.17Z</time>
		</trkpt>
		<trkpt lat="34.504832" lon="127.346963">
			<ele>0.00</ele>
			<time>2020-01-19T23:45:27.66Z</time>
		</trkpt>
		<trkpt lat="34.504747" lon="127.346981">
			<ele>0.00</ele>
			<time>2020-01-19T23:45:28.24Z</time>
		</trkpt>
		<trkpt lat="34.504656" lon="127.346988">
			<ele>0.00</ele>
			<time>2020-01-19T23:45:28.84Z</time>
		</trkpt>
		<trkpt lat="34.504574" lon="127.346993">
			<ele>0.00</ele>
			<time>2020-01-19T23:45:29.39Z</time>
		</trkpt>
		<trkpt lat="34.504483" lon="127.346988">
			<ele>0.00</ele>
			<time>2020-01-19T23:45:29.99Z</time>
		</trkpt>
		<trkpt lat="34.504392" lon="127.346988">
			<ele>0.00</ele>
			<time>2020-01-19T23:45:30.60Z</time>
		</trkpt>
		<trkpt lat="34.504210" lon="127.346988">
			<ele>0.00</ele>
			<time>2020-01-19T23:45:31.82Z</time>
		</trkpt>
		<trkpt lat="34.504100" lon="127.346995">
			<ele>0.00</ele>
			<time>2020-01-19T23:45:32.55Z</time>
		</trkpt>
		<trkpt lat="34.504011" lon="127.346997">
			<ele>0.00</ele>
			<time>2020-01-19T23:45:33.15Z</time>
		</trkpt>
		<trkpt lat="34.503914" lon="127.347018">
			<ele>0.00</ele>
			<time>2020-01-19T23:45:33.80Z</time>
		</trkpt>
		<trkpt lat="34.503804" lon="127.347034">
			<ele>0.00</ele>
			<time>2020-01-19T23:45:34.54Z</time>
		</trkpt>
		<trkpt lat="34.503713" lon="127.347052">
			<ele>0.00</ele>
			<time>2020-01-19T23:45:35.15Z</time>
		</trkpt>
		<trkpt lat="34.503611" lon="127.347082">
			<ele>0.00</ele>
			<time>2020-01-19T23:45:35.86Z</time>
		</trkpt>
		<trkpt lat="34.503497" lon="127.347128">
			<ele>0.00</ele>
			<time>2020-01-19T23:45:36.65Z</time>
		</trkpt>
		<trkpt lat="34.503410" lon="127.347172">
			<ele>0.00</ele>
			<time>2020-01-19T23:45:37.28Z</time>
		</trkpt>
		<trkpt lat="34.503360" lon="127.347202">
			<ele>0.00</ele>
			<time>2020-01-19T23:45:37.66Z</time>
		</trkpt>
		<trkpt lat="34.503297" lon="127.347211">
			<ele>0.00</ele>
			<time>2020-01-19T23:45:38.08Z</time>
		</trkpt>
		<trkpt lat="34.503240" lon="127.347211">
			<ele>0.00</ele>
			<time>2020-01-19T23:45:38.46Z</time>
		</trkpt>
		<trkpt lat="34.503185" lon="127.347211">
			<ele>0.00</ele>
			<time>2020-01-19T23:45:38.82Z</time>
		</trkpt>
		<trkpt lat="34.503151" lon="127.347211">
			<ele>0.00</ele>
			<time>2020-01-19T23:45:39.05Z</time>
		</trkpt>
		<trkpt lat="34.503107" lon="127.347220">
			<ele>0.00</ele>
			<time>2020-01-19T23:45:39.34Z</time>
		</trkpt>
		<trkpt lat="34.503075" lon="127.347220">
			<ele>0.00</ele>
			<time>2020-01-19T23:45:39.56Z</time>
		</trkpt>
		<trkpt lat="34.503054" lon="127.347208">
			<ele>0.00</ele>
			<time>2020-01-19T23:45:39.71Z</time>
		</trkpt>
		<trkpt lat="34.503047" lon="127.347162">
			<ele>0.00</ele>
			<time>2020-01-19T23:45:39.97Z</time>
		</trkpt>
		<trkpt lat="34.503030" lon="127.347107">
			<ele>0.00</ele>
			<time>2020-01-19T23:45:40.29Z</time>
		</trkpt>
		<trkpt lat="34.503007" lon="127.347059">
			<ele>0.00</ele>
			<time>2020-01-19T23:45:40.60Z</time>
		</trkpt>
		<trkpt lat="34.502982" lon="127.347027">
			<ele>0.00</ele>
			<time>2020-01-19T23:45:40.84Z</time>
		</trkpt>
		<trkpt lat="34.502944" lon="127.346985">
			<ele>0.00</ele>
			<time>2020-01-19T23:45:41.18Z</time>
		</trkpt>
		<trkpt lat="34.502905" lon="127.346971">
			<ele>0.00</ele>
			<time>2020-01-19T23:45:41.46Z</time>
		</trkpt>
		<trkpt lat="34.502886" lon="127.346960">
			<ele>0.00</ele>
			<time>2020-01-19T23:45:41.60Z</time>
		</trkpt>
		<trkpt lat="34.502872" lon="127.346923">
			<ele>0.00</ele>
			<time>2020-01-19T23:45:41.82Z</time>
		</trkpt>
		<trkpt lat="34.502861" lon="127.346897">
			<ele>0.00</ele>
			<time>2020-01-19T23:45:41.98Z</time>
		</trkpt>
		<trkpt lat="34.502854" lon="127.346870">
			<ele>0.00</ele>
			<time>2020-01-19T23:45:42.14Z</time>
		</trkpt>
		<trkpt lat="34.502847" lon="127.346837">
			<ele>0.00</ele>
			<time>2020-01-19T23:45:42.32Z</time>
		</trkpt>
		<trkpt lat="34.502836" lon="127.346816">
			<ele>0.00</ele>
			<time>2020-01-19T23:45:42.46Z</time>
		</trkpt>
		<trkpt lat="34.502845" lon="127.346803">
			<ele>0.00</ele>
			<time>2020-01-19T23:45:42.56Z</time>
		</trkpt>
		<trkpt lat="34.502858" lon="127.346780">
			<ele>0.00</ele>
			<time>2020-01-19T23:45:42.71Z</time>
		</trkpt>
		<trkpt lat="34.502872" lon="127.346753">
			<ele>0.00</ele>
			<time>2020-01-19T23:45:42.89Z</time>
		</trkpt>
		<trkpt lat="34.502888" lon="127.346725">
			<ele>0.00</ele>
			<time>2020-01-19T23:45:43.07Z</time>
		</trkpt>
		<trkpt lat="34.502895" lon="127.346704">
			<ele>0.00</ele>
			<time>2020-01-19T23:45:43.20Z</time>
		</trkpt>
		<trkpt lat="34.502884" lon="127.346666">
			<ele>0.00</ele>
			<time>2020-01-19T23:45:43.42Z</time>
		</trkpt>
		<trkpt lat="34.502858" lon="127.346620">
			<ele>0.00</ele>
			<time>2020-01-19T23:45:43.73Z</time>
		</trkpt>
		<trkpt lat="34.502834" lon="127.346582">
			<ele>0.00</ele>
			<time>2020-01-19T23:45:43.99Z</time>
		</trkpt>
		<trkpt lat="34.502821" lon="127.346532">
			<ele>0.00</ele>
			<time>2020-01-19T23:45:44.28Z</time>
		</trkpt>
		<trkpt lat="34.502811" lon="127.346487">
			<ele>0.00</ele>
			<time>2020-01-19T23:45:44.53Z</time>
		</trkpt>
		<trkpt lat="34.502796" lon="127.346425">
			<ele>0.00</ele>
			<time>2020-01-19T23:45:44.89Z</time>
		</trkpt>
		<trkpt lat="34.502772" lon="127.346349">
			<ele>0.00</ele>
			<time>2020-01-19T23:45:45.34Z</time>
		</trkpt>
		<trkpt lat="34.502761" lon="127.346296">
			<ele>0.00</ele>
			<time>2020-01-19T23:45:45.63Z</time>
		</trkpt>
		<trkpt lat="34.502754" lon="127.346266">
			<ele>0.00</ele>
			<time>2020-01-19T23:45:45.81Z</time>
		</trkpt>
		<trkpt lat="34.502779" lon="127.346251">
			<ele>0.00</ele>
			<time>2020-01-19T23:45:46Z</time>
		</trkpt>
		<trkpt lat="34.502817" lon="127.346238">
			<ele>0.00</ele>
			<time>2020-01-19T23:45:46.26Z</time>
		</trkpt>
		<trkpt lat="34.502858" lon="127.346231">
			<ele>0.00</ele>
			<time>2020-01-19T23:45:46.54Z</time>
		</trkpt>
		<trkpt lat="34.502894" lon="127.346214">
			<ele>0.00</ele>
			<time>2020-01-19T23:45:46.79Z</time>
		</trkpt>
		<trkpt lat="34.502927" lon="127.346174">
			<ele>0.00</ele>
			<time>2020-01-19T23:45:47.10Z</time>
		</trkpt>
		<trkpt lat="34.502957" lon="127.346128">
			<ele>0.00</ele>
			<time>2020-01-19T23:45:47.42Z</time>
		</trkpt>
		<trkpt lat="34.503009" lon="127.346026">
			<ele>0.00</ele>
			<time>2020-01-19T23:45:48.09Z</time>
		</trkpt>
		<trkpt lat="34.503051" lon="127.345929">
			<ele>0.00</ele>
			<time>2020-01-19T23:45:48.68Z</time>
		</trkpt>
		<trkpt lat="34.503067" lon="127.345886">
			<ele>0.00</ele>
			<time>2020-01-19T23:45:48.95Z</time>
		</trkpt>
		<trkpt lat="34.503096" lon="127.345838">
			<ele>0.00</ele>
			<time>2020-01-19T23:45:49.27Z</time>
		</trkpt>
		<trkpt lat="34.503139" lon="127.345792">
			<ele>0.00</ele>
			<time>2020-01-19T23:45:49.66Z</time>
		</trkpt>
		<trkpt lat="34.503190" lon="127.345724">
			<ele>0.00</ele>
			<time>2020-01-19T23:45:50.16Z</time>
		</trkpt>
		<trkpt lat="34.503235" lon="127.345672">
			<ele>0.00</ele>
			<time>2020-01-19T23:45:50.57Z</time>
		</trkpt>
		<trkpt lat="34.503276" lon="127.345630">
			<ele>0.00</ele>
			<time>2020-01-19T23:45:50.93Z</time>
		</trkpt>
		<trkpt lat="34.503319" lon="127.345593">
			<ele>0.00</ele>
			<time>2020-01-19T23:45:51.28Z</time>
		</trkpt>
		<trkpt lat="34.503346" lon="127.345565">
			<ele>0.00</ele>
			<time>2020-01-19T23:45:51.52Z</time>
		</trkpt>
		<trkpt lat="34.503373" lon="127.345532">
			<ele>0.00</ele>
			<time>2020-01-19T23:45:51.78Z</time>
		</trkpt>
		<trkpt lat="34.503413" lon="127.345451">
			<ele>0.00</ele>
			<time>2020-01-19T23:45:52.29Z</time>
		</trkpt>
		<trkpt lat="34.503445" lon="127.345375">
			<ele>0.00</ele>
			<time>2020-01-19T23:45:52.77Z</time>
		</trkpt>
		<trkpt lat="34.503476" lon="127.345311">
			<ele>0.00</ele>
			<time>2020-01-19T23:45:53.17Z</time>
		</trkpt>
		<trkpt lat="34.503507" lon="127.345244">
			<ele>0.00</ele>
			<time>2020-01-19T23:45:53.59Z</time>
		</trkpt>
		<trkpt lat="34.503543" lon="127.345185">
			<ele>0.00</ele>
			<time>2020-01-19T23:45:54Z</time>
		</trkpt>
		<trkpt lat="34.503587" lon="127.345096">
			<ele>0.00</ele>
			<time>2020-01-19T23:45:54.57Z</time>
		</trkpt>
		<trkpt lat="34.503630" lon="127.345046">
			<ele>0.00</ele>
			<time>2020-01-19T23:45:54.97Z</time>
		</trkpt>
		<trkpt lat="34.503670" lon="127.344993">
			<ele>0.00</ele>
			<time>2020-01-19T23:45:55.36Z</time>
		</trkpt>
		<trkpt lat="34.503726" lon="127.344932">
			<ele>0.00</ele>
			<time>2020-01-19T23:45:55.86Z</time>
		</trkpt>
		<trkpt lat="34.503767" lon="127.344875">
			<ele>0.00</ele>
			<time>2020-01-19T23:45:56.28Z</time>
		</trkpt>
		<trkpt lat="34.503812" lon="127.344810">
			<ele>0.00</ele>
			<time>2020-01-19T23:45:56.74Z</time>
		</trkpt>
		<trkpt lat="34.503846" lon="127.344757">
			<ele>0.00</ele>
			<time>2020-01-19T23:45:57.11Z</time>
		</trkpt>
		<trkpt lat="34.503880" lon="127.344679">
			<ele>0.00</ele>
			<time>2020-01-19T23:45:57.60Z</time>
		</trkpt>
		<trkpt lat="34.503897" lon="127.344619">
			<ele>0.00</ele>
			<time>2020-01-19T23:45:57.94Z</time>
		</trkpt>
		<trkpt lat="34.503933" lon="127.344547">
			<ele>0.00</ele>
			<time>2020-01-19T23:45:58.41Z</time>
		</trkpt>
		<trkpt lat="34.503962" lon="127.344478">
			<ele>0.00</ele>
			<time>2020-01-19T23:45:58.84Z</time>
		</trkpt>
		<trkpt lat="34.504003" lon="127.344401">
			<ele>0.00</ele>
			<time>2020-01-19T23:45:59.34Z</time>
		</trkpt>
		<trkpt lat="34.504059" lon="127.344307">
			<ele>0.00</ele>
			<time>2020-01-19T23:45:59.97Z</time>
		</trkpt>
		<trkpt lat="34.504091" lon="127.344242">
			<ele>0.00</ele>
			<time>2020-01-19T23:46:00.39Z</time>
		</trkpt>
		<trkpt lat="34.504106" lon="127.344204">
			<ele>0.00</ele>
			<time>2020-01-19T23:46:00.62Z</time>
		</trkpt>
		<trkpt lat="34.504095" lon="127.344150">
			<ele>0.00</ele>
			<time>2020-01-19T23:46:00.93Z</time>
		</trkpt>
		<trkpt lat="34.504070" lon="127.344086">
			<ele>0.00</ele>
			<time>2020-01-19T23:46:01.32Z</time>
		</trkpt>
		<trkpt lat="34.504041" lon="127.344014">
			<ele>0.00</ele>
			<time>2020-01-19T23:46:01.76Z</time>
		</trkpt>
		<trkpt lat="34.504010" lon="127.343944">
			<ele>0.00</ele>
			<time>2020-01-19T23:46:02.19Z</time>
		</trkpt>
		<trkpt lat="34.503976" lon="127.343863">
			<ele>0.00</ele>
			<time>2020-01-19T23:46:02.69Z</time>
		</trkpt>
		<trkpt lat="34.503937" lon="127.343765">
			<ele>0.00</ele>
			<time>2020-01-19T23:46:03.29Z</time>
		</trkpt>
		<trkpt lat="34.503897" lon="127.343665">
			<ele>0.00</ele>
			<time>2020-01-19T23:46:03.90Z</time>
		</trkpt>
		<trkpt lat="34.503864" lon="127.343565">
			<ele>0.00</ele>
			<time>2020-01-19T23:46:04.49Z</time>
		</trkpt>
		<trkpt lat="34.503819" lon="127.343433">
			<ele>0.00</ele>
			<time>2020-01-19T23:46:05.27Z</time>
		</trkpt>
		<trkpt lat="34.503782" lon="127.343333">
			<ele>0.00</ele>
			<time>2020-01-19T23:46:05.88Z</time>
		</trkpt>
		<trkpt lat="34.503738" lon="127.343210">
			<ele>0.00</ele>
			<time>2020-01-19T23:46:06.61Z</time>
		</trkpt>
		<trkpt lat="34.503688" lon="127.343075">
			<ele>0.00</ele>
			<time>2020-01-19T23:46:07.43Z</time>
		</trkpt>
		<trkpt lat="34.503648" lon="127.342965">
			<ele>0.00</ele>
			<time>2020-01-19T23:46:08.09Z</time>
		</trkpt>
		<trkpt lat="34.503609" lon="127.342856">
			<ele>0.00</ele>
			<time>2020-01-19T23:46:08.74Z</time>
		</trkpt>
		<trkpt lat="34.503573" lon="127.342773">
			<ele>0.00</ele>
			<time>2020-01-19T23:46:09.26Z</time>
		</trkpt>
		<trkpt lat="34.503539" lon="127.342692">
			<ele>0.00</ele>
			<time>2020-01-19T23:46:09.76Z</time>
		</trkpt>
		<trkpt lat="34.503504" lon="127.342609">
			<ele>0.00</ele>
			<time>2020-01-19T23:46:10.27Z</time>
		</trkpt>
		<trkpt lat="34.503452" lon="127.342506">
			<ele>0.00</ele>
			<time>2020-01-19T23:46:10.93Z</time>
		</trkpt>
		<trkpt lat="34.503402" lon="127.342421">
			<ele>0.00</ele>
			<time>2020-01-19T23:46:11.51Z</time>
		</trkpt>
		<trkpt lat="34.503353" lon="127.342333">
			<ele>0.00</ele>
			<time>2020-01-19T23:46:12.09Z</time>
		</trkpt>
		<trkpt lat="34.503308" lon="127.342257">
			<ele>0.00</ele>
			<time>2020-01-19T23:46:12.61Z</time>
		</trkpt>
		<trkpt lat="34.503250" lon="127.342151">
			<ele>0.00</ele>
			<time>2020-01-19T23:46:13.30Z</time>
		</trkpt>
		<trkpt lat="34.503187" lon="127.342027">
			<ele>0.00</ele>
			<time>2020-01-19T23:46:14.11Z</time>
		</trkpt>
		<trkpt lat="34.503138" lon="127.341924">
			<ele>0.00</ele>
			<time>2020-01-19T23:46:14.76Z</time>
		</trkpt>
		<trkpt lat="34.503100" lon="127.341841">
			<ele>0.00</ele>
			<time>2020-01-19T23:46:15.28Z</time>
		</trkpt>
		<trkpt lat="34.503041" lon="127.341730">
			<ele>0.00</ele>
			<time>2020-01-19T23:46:16.01Z</time>
		</trkpt>
		<trkpt lat="34.502983" lon="127.341618">
			<ele>0.00</ele>
			<time>2020-01-19T23:46:16.73Z</time>
		</trkpt>
		<trkpt lat="34.502927" lon="127.341511">
			<ele>0.00</ele>
			<time>2020-01-19T23:46:17.43Z</time>
		</trkpt>
		<trkpt lat="34.502888" lon="127.341423">
			<ele>0.00</ele>
			<time>2020-01-19T23:46:17.98Z</time>
		</trkpt>
		<trkpt lat="34.502857" lon="127.341349">
			<ele>0.00</ele>
			<time>2020-01-19T23:46:18.44Z</time>
		</trkpt>
		<trkpt lat="34.502832" lon="127.341294">
			<ele>0.00</ele>
			<time>2020-01-19T23:46:18.78Z</time>
		</trkpt>
		<trkpt lat="34.502814" lon="127.341239">
			<ele>0.00</ele>
			<time>2020-01-19T23:46:19.10Z</time>
		</trkpt>
		<trkpt lat="34.502791" lon="127.341178">
			<ele>0.00</ele>
			<time>2020-01-19T23:46:19.47Z</time>
		</trkpt>
		<trkpt lat="34.502764" lon="127.341106">
			<ele>0.00</ele>
			<time>2020-01-19T23:46:19.91Z</time>
		</trkpt>
		<trkpt lat="34.502755" lon="127.341034">
			<ele>0.00</ele>
			<time>2020-01-19T23:46:20.31Z</time>
		</trkpt>
		<trkpt lat="34.502758" lon="127.340970">
			<ele>0.00</ele>
			<time>2020-01-19T23:46:20.66Z</time>
		</trkpt>
		<trkpt lat="34.502767" lon="127.340903">
			<ele>0.00</ele>
			<time>2020-01-19T23:46:21.04Z</time>
		</trkpt>
		<trkpt lat="34.502791" lon="127.340828">
			<ele>0.00</ele>
			<time>2020-01-19T23:46:21.47Z</time>
		</trkpt>
		<trkpt lat="34.502834" lon="127.340756">
			<ele>0.00</ele>
			<time>2020-01-19T23:46:21.96Z</time>
		</trkpt>
		<trkpt lat="34.502877" lon="127.340693">
			<ele>0.00</ele>
			<time>2020-01-19T23:46:22.41Z</time>
		</trkpt>
		<trkpt lat="34.502922" lon="127.340614">
			<ele>0.00</ele>
			<time>2020-01-19T23:46:22.94Z</time>
		</trkpt>
		<trkpt lat="34.502971" lon="127.340529">
			<ele>0.00</ele>
			<time>2020-01-19T23:46:23.51Z</time>
		</trkpt>
		<trkpt lat="34.503007" lon="127.340478">
			<ele>0.00</ele>
			<time>2020-01-19T23:46:23.88Z</time>
		</trkpt>
		<trkpt lat="34.503036" lon="127.340420">
			<ele>0.00</ele>
			<time>2020-01-19T23:46:24.25Z</time>
		</trkpt>
		<trkpt lat="34.503056" lon="127.340369">
			<ele>0.00</ele>
			<time>2020-01-19T23:46:24.56Z</time>
		</trkpt>
		<trkpt lat="34.503070" lon="127.340299">
			<ele>0.00</ele>
			<time>2020-01-19T23:46:24.96Z</time>
		</trkpt>
		<trkpt lat="34.503093" lon="127.340223">
			<ele>0.00</ele>
			<time>2020-01-19T23:46:25.40Z</time>
		</trkpt>
		<trkpt lat="34.503112" lon="127.340157">
			<ele>0.00</ele>
			<time>2020-01-19T23:46:25.78Z</time>
		</trkpt>
		<trkpt lat="34.503121" lon="127.340090">
			<ele>0.00</ele>
			<time>2020-01-19T23:46:26.16Z</time>
		</trkpt>
		<trkpt lat="34.503131" lon="127.340011">
			<ele>0.00</ele>
			<time>2020-01-19T23:46:26.60Z</time>
		</trkpt>
		<trkpt lat="34.503139" lon="127.339954">
			<ele>0.00</ele>
			<time>2020-01-19T23:46:26.92Z</time>
		</trkpt>
		<trkpt lat="34.503153" lon="127.339882">
			<ele>0.00</ele>
			<time>2020-01-19T23:46:27.32Z</time>
		</trkpt>
		<trkpt lat="34.503171" lon="127.339832">
			<ele>0.00</ele>
			<time>2020-01-19T23:46:27.62Z</time>
		</trkpt>
		<trkpt lat="34.503185" lon="127.339775">
			<ele>0.00</ele>
			<time>2020-01-19T23:46:27.95Z</time>
		</trkpt>
		<trkpt lat="34.503185" lon="127.339716">
			<ele>0.00</ele>
			<time>2020-01-19T23:46:28.27Z</time>
		</trkpt>
		<trkpt lat="34.503178" lon="127.339620">
			<ele>0.00</ele>
			<time>2020-01-19T23:46:28.81Z</time>
		</trkpt>
		<trkpt lat="34.503158" lon="127.339543">
			<ele>0.00</ele>
			<time>2020-01-19T23:46:29.25Z</time>
		</trkpt>
		<trkpt lat="34.503131" lon="127.339434">
			<ele>0.00</ele>
			<time>2020-01-19T23:46:29.87Z</time>
		</trkpt>
		<trkpt lat="34.503121" lon="127.339356">
			<ele>0.00</ele>
			<time>2020-01-19T23:46:30.31Z</time>
		</trkpt>
		<trkpt lat="34.503106" lon="127.339242">
			<ele>0.00</ele>
			<time>2020-01-19T23:46:30.94Z</time>
		</trkpt>
		<trkpt lat="34.503092" lon="127.339135">
			<ele>0.00</ele>
			<time>2020-01-19T23:46:31.54Z</time>
		</trkpt>
		<trkpt lat="34.503078" lon="127.339019">
			<ele>0.00</ele>
			<time>2020-01-19T23:46:32.18Z</time>
		</trkpt>
		<trkpt lat="34.503081" lon="127.338919">
			<ele>0.00</ele>
			<time>2020-01-19T23:46:32.73Z</time>
		</trkpt>
		<trkpt lat="34.503079" lon="127.338805">
			<ele>0.00</ele>
			<time>2020-01-19T23:46:33.36Z</time>
		</trkpt>
		<trkpt lat="34.503083" lon="127.338691">
			<ele>0.00</ele>
			<time>2020-01-19T23:46:33.98Z</time>
		</trkpt>
		<trkpt lat="34.503092" lon="127.338571">
			<ele>0.00</ele>
			<time>2020-01-19T23:46:34.65Z</time>
		</trkpt>
		<trkpt lat="34.503099" lon="127.338440">
			<ele>0.00</ele>
			<time>2020-01-19T23:46:35.37Z</time>
		</trkpt>
		<trkpt lat="34.503101" lon="127.338315">
			<ele>0.00</ele>
			<time>2020-01-19T23:46:36.05Z</time>
		</trkpt>
		<trkpt lat="34.503105" lon="127.338208">
			<ele>0.00</ele>
			<time>2020-01-19T23:46:36.64Z</time>
		</trkpt>
		<trkpt lat="34.503105" lon="127.338108">
			<ele>0.00</ele>
			<time>2020-01-19T23:46:37.19Z</time>
		</trkpt>
		<trkpt lat="34.503105" lon="127.337994">
			<ele>0.00</ele>
			<time>2020-01-19T23:46:37.82Z</time>
		</trkpt>
		<trkpt lat="34.503107" lon="127.337898">
			<ele>0.00</ele>
			<time>2020-01-19T23:46:38.35Z</time>
		</trkpt>
		<trkpt lat="34.503121" lon="127.337828">
			<ele>0.00</ele>
			<time>2020-01-19T23:46:38.74Z</time>
		</trkpt>
		<trkpt lat="34.503143" lon="127.337758">
			<ele>0.00</ele>
			<time>2020-01-19T23:46:39.15Z</time>
		</trkpt>
		<trkpt lat="34.503164" lon="127.337721">
			<ele>0.00</ele>
			<time>2020-01-19T23:46:39.40Z</time>
		</trkpt>
		<trkpt lat="34.503173" lon="127.337684">
			<ele>0.00</ele>
			<time>2020-01-19T23:46:39.61Z</time>
		</trkpt>
		<trkpt lat="34.503173" lon="127.337640">
			<ele>0.00</ele>
			<time>2020-01-19T23:46:39.85Z</time>
		</trkpt>
		<trkpt lat="34.503157" lon="127.337594">
			<ele>0.00</ele>
			<time>2020-01-19T23:46:40.13Z</time>
		</trkpt>
		<trkpt lat="34.503134" lon="127.337540">
			<ele>0.00</ele>
			<time>2020-01-19T23:46:40.47Z</time>
		</trkpt>
		<trkpt lat="34.503107" lon="127.337492">
			<ele>0.00</ele>
			<time>2020-01-19T23:46:40.79Z</time>
		</trkpt>
		<trkpt lat="34.503092" lon="127.337428">
			<ele>0.00</ele>
			<time>2020-01-19T23:46:41.15Z</time>
		</trkpt>
		<trkpt lat="34.503073" lon="127.337343">
			<ele>0.00</ele>
			<time>2020-01-19T23:46:41.63Z</time>
		</trkpt>
		<trkpt lat="34.503051" lon="127.337278">
			<ele>0.00</ele>
			<time>2020-01-19T23:46:42.02Z</time>
		</trkpt>
		<trkpt lat="34.503035" lon="127.337210">
			<ele>0.00</ele>
			<time>2020-01-19T23:46:42.41Z</time>
		</trkpt>
		<trkpt lat="34.503009" lon="127.337155">
			<ele>0.00</ele>
			<time>2020-01-19T23:46:42.75Z</time>
		</trkpt>
		<trkpt lat="34.502977" lon="127.337072">
			<ele>0.00</ele>
			<time>2020-01-19T23:46:43.26Z</time>
		</trkpt>
		<trkpt lat="34.502934" lon="127.336989">
			<ele>0.00</ele>
			<time>2020-01-19T23:46:43.80Z</time>
		</trkpt>
		<trkpt lat="34.502894" lon="127.336880">
			<ele>0.00</ele>
			<time>2020-01-19T23:46:44.45Z</time>
		</trkpt>
		<trkpt lat="34.502862" lon="127.336817">
			<ele>0.00</ele>
			<time>2020-01-19T23:46:44.86Z</time>
		</trkpt>
		<trkpt lat="34.502842" lon="127.336749">
			<ele>0.00</ele>
			<time>2020-01-19T23:46:45.26Z</time>
		</trkpt>
		<trkpt lat="34.502824" lon="127.336668">
			<ele>0.00</ele>
			<time>2020-01-19T23:46:45.72Z</time>
		</trkpt>
		<trkpt lat="34.502812" lon="127.336592">
			<ele>0.00</ele>
			<time>2020-01-19T23:46:46.14Z</time>
		</trkpt>
		<trkpt lat="34.502810" lon="127.336518">
			<ele>0.00</ele>
			<time>2020-01-19T23:46:46.55Z</time>
		</trkpt>
		<trkpt lat="34.502815" lon="127.336450">
			<ele>0.00</ele>
			<time>2020-01-19T23:46:46.93Z</time>
		</trkpt>
		<trkpt lat="34.502826" lon="127.336387">
			<ele>0.00</ele>
			<time>2020-01-19T23:46:47.28Z</time>
		</trkpt>
		<trkpt lat="34.502842" lon="127.336319">
			<ele>0.00</ele>
			<time>2020-01-19T23:46:47.67Z</time>
		</trkpt>
		<trkpt lat="34.502860" lon="127.336253">
			<ele>0.00</ele>
			<time>2020-01-19T23:46:48.05Z</time>
		</trkpt>
		<trkpt lat="34.502869" lon="127.336181">
			<ele>0.00</ele>
			<time>2020-01-19T23:46:48.45Z</time>
		</trkpt>
		<trkpt lat="34.502862" lon="127.336087">
			<ele>0.00</ele>
			<time>2020-01-19T23:46:48.97Z</time>
		</trkpt>
		<trkpt lat="34.502844" lon="127.335973">
			<ele>0.00</ele>
			<time>2020-01-19T23:46:49.60Z</time>
		</trkpt>
		<trkpt lat="34.502819" lon="127.335834">
			<ele>0.00</ele>
			<time>2020-01-19T23:46:50.39Z</time>
		</trkpt>
		<trkpt lat="34.502790" lon="127.335694">
			<ele>0.00</ele>
			<time>2020-01-19T23:46:51.18Z</time>
		</trkpt>
		<trkpt lat="34.502768" lon="127.335593">
			<ele>0.00</ele>
			<time>2020-01-19T23:46:51.75Z</time>
		</trkpt>
		<trkpt lat="34.502754" lon="127.335490">
			<ele>0.00</ele>
			<time>2020-01-19T23:46:52.33Z</time>
		</trkpt>
		<trkpt lat="34.502733" lon="127.335396">
			<ele>0.00</ele>
			<time>2020-01-19T23:46:52.86Z</time>
		</trkpt>
		<trkpt lat="34.502709" lon="127.335272">
			<ele>0.00</ele>
			<time>2020-01-19T23:46:53.56Z</time>
		</trkpt>
		<trkpt lat="34.502686" lon="127.335110">
			<ele>0.00</ele>
			<time>2020-01-19T23:46:54.47Z</time>
		</trkpt>
		<trkpt lat="34.502671" lon="127.334988">
			<ele>0.00</ele>
			<time>2020-01-19T23:46:55.15Z</time>
		</trkpt>
		<trkpt lat="34.502653" lon="127.334909">
			<ele>0.00</ele>
			<time>2020-01-19T23:46:55.59Z</time>
		</trkpt>
		<trkpt lat="34.502635" lon="127.334828">
			<ele>0.00</ele>
			<time>2020-01-19T23:46:56.05Z</time>
		</trkpt>
		<trkpt lat="34.502618" lon="127.334767">
			<ele>0.00</ele>
			<time>2020-01-19T23:46:56.41Z</time>
		</trkpt>
		<trkpt lat="34.502595" lon="127.334697">
			<ele>0.00</ele>
			<time>2020-01-19T23:46:56.82Z</time>
		</trkpt>
		<trkpt lat="34.502566" lon="127.334597">
			<ele>0.00</ele>
			<time>2020-01-19T23:46:57.41Z</time>
		</trkpt>
		<trkpt lat="34.502547" lon="127.334529">
			<ele>0.00</ele>
			<time>2020-01-19T23:46:57.80Z</time>
		</trkpt>
		<trkpt lat="34.502523" lon="127.334455">
			<ele>0.00</ele>
			<time>2020-01-19T23:46:58.24Z</time>
		</trkpt>
		<trkpt lat="34.502502" lon="127.334385">
			<ele>0.00</ele>
			<time>2020-01-19T23:46:58.65Z</time>
		</trkpt>
		<trkpt lat="34.502487" lon="127.334317">
			<ele>0.00</ele>
			<time>2020-01-19T23:46:59.03Z</time>
		</trkpt>
		<trkpt lat="34.502480" lon="127.334236">
			<ele>0.00</ele>
			<time>2020-01-19T23:46:59.48Z</time>
		</trkpt>
		<trkpt lat="34.502474" lon="127.334170">
			<ele>0.00</ele>
			<time>2020-01-19T23:46:59.84Z</time>
		</trkpt>
		<trkpt lat="34.502487" lon="127.334103">
			<ele>0.00</ele>
			<time>2020-01-19T23:47:00.22Z</time>
		</trkpt>
		<trkpt lat="34.502516" lon="127.334039">
			<ele>0.00</ele>
			<time>2020-01-19T23:47:00.62Z</time>
		</trkpt>
		<trkpt lat="34.502536" lon="127.333965">
			<ele>0.00</ele>
			<time>2020-01-19T23:47:01.05Z</time>
		</trkpt>
		<trkpt lat="34.502561" lon="127.333884">
			<ele>0.00</ele>
			<time>2020-01-19T23:47:01.53Z</time>
		</trkpt>
		<trkpt lat="34.502572" lon="127.333806">
			<ele>0.00</ele>
			<time>2020-01-19T23:47:01.96Z</time>
		</trkpt>
		<trkpt lat="34.502579" lon="127.333721">
			<ele>0.00</ele>
			<time>2020-01-19T23:47:02.43Z</time>
		</trkpt>
		<trkpt lat="34.502590" lon="127.333616">
			<ele>0.00</ele>
			<time>2020-01-19T23:47:03.01Z</time>
		</trkpt>
		<trkpt lat="34.502610" lon="127.333474">
			<ele>0.00</ele>
			<time>2020-01-19T23:47:03.81Z</time>
		</trkpt>
		<trkpt lat="34.502624" lon="127.333327">
			<ele>0.00</ele>
			<time>2020-01-19T23:47:04.62Z</time>
		</trkpt>
		<trkpt lat="34.502631" lon="127.333194">
			<ele>0.00</ele>
			<time>2020-01-19T23:47:05.35Z</time>
		</trkpt>
		<trkpt lat="34.502631" lon="127.333087">
			<ele>0.00</ele>
			<time>2020-01-19T23:47:05.94Z</time>
		</trkpt>
		<trkpt lat="34.502633" lon="127.332951">
			<ele>0.00</ele>
			<time>2020-01-19T23:47:06.68Z</time>
		</trkpt>
		<trkpt lat="34.502633" lon="127.332794">
			<ele>0.00</ele>
			<time>2020-01-19T23:47:07.55Z</time>
		</trkpt>
		<trkpt lat="34.502631" lon="127.332676">
			<ele>0.00</ele>
			<time>2020-01-19T23:47:08.20Z</time>
		</trkpt>
		<trkpt lat="34.502624" lon="127.332602">
			<ele>0.00</ele>
			<time>2020-01-19T23:47:08.61Z</time>
		</trkpt>
		<trkpt lat="34.502639" lon="127.332534">
			<ele>0.00</ele>
			<time>2020-01-19T23:47:08.99Z</time>
		</trkpt>
		<trkpt lat="34.502660" lon="127.332475">
			<ele>0.00</ele>
			<time>2020-01-19T23:47:09.35Z</time>
		</trkpt>
		<trkpt lat="34.502684" lon="127.332442">
			<ele>0.00</ele>
			<time>2020-01-19T23:47:09.58Z</time>
		</trkpt>
		<trkpt lat="34.502711" lon="127.332414">
			<ele>0.00</ele>
			<time>2020-01-19T23:47:09.82Z</time>
		</trkpt>
		<trkpt lat="34.502725" lon="127.332364">
			<ele>0.00</ele>
			<time>2020-01-19T23:47:10.11Z</time>
		</trkpt>
		<trkpt lat="34.502741" lon="127.332311">
			<ele>0.00</ele>
			<time>2020-01-19T23:47:10.42Z</time>
		</trkpt>
		<trkpt lat="34.502754" lon="127.332248">
			<ele>0.00</ele>
			<time>2020-01-19T23:47:10.78Z</time>
		</trkpt>
		<trkpt lat="34.502761" lon="127.332174">
			<ele>0.00</ele>
			<time>2020-01-19T23:47:11.19Z</time>
		</trkpt>
		<trkpt lat="34.502763" lon="127.332088">
			<ele>0.00</ele>
			<time>2020-01-19T23:47:11.66Z</time>
		</trkpt>
		<trkpt lat="34.502765" lon="127.332005">
			<ele>0.00</ele>
			<time>2020-01-19T23:47:12.12Z</time>
		</trkpt>
		<trkpt lat="34.502765" lon="127.331938">
			<ele>0.00</ele>
			<time>2020-01-19T23:47:12.49Z</time>
		</trkpt>
		<trkpt lat="34.502761" lon="127.331846">
			<ele>0.00</ele>
			<time>2020-01-19T23:47:12.99Z</time>
		</trkpt>
		<trkpt lat="34.502759" lon="127.331760">
			<ele>0.00</ele>
			<time>2020-01-19T23:47:13.46Z</time>
		</trkpt>
		<trkpt lat="34.502761" lon="127.331682">
			<ele>0.00</ele>
			<time>2020-01-19T23:47:13.89Z</time>
		</trkpt>
		<trkpt lat="34.502772" lon="127.331610">
			<ele>0.00</ele>
			<time>2020-01-19T23:47:14.30Z</time>
		</trkpt>
		<trkpt lat="34.502785" lon="127.331537">
			<ele>0.00</ele>
			<time>2020-01-19T23:47:14.70Z</time>
		</trkpt>
		<trkpt lat="34.502795" lon="127.331450">
			<ele>0.00</ele>
			<time>2020-01-19T23:47:15.19Z</time>
		</trkpt>
		<trkpt lat="34.502795" lon="127.331391">
			<ele>0.00</ele>
			<time>2020-01-19T23:47:15.51Z</time>
		</trkpt>
		<trkpt lat="34.502783" lon="127.331293">
			<ele>0.00</ele>
			<time>2020-01-19T23:47:16.06Z</time>
		</trkpt>
		<trkpt lat="34.502781" lon="127.331172">
			<ele>0.00</ele>
			<time>2020-01-19T23:47:16.72Z</time>
		</trkpt>
		<trkpt lat="34.502769" lon="127.331035">
			<ele>0.00</ele>
			<time>2020-01-19T23:47:17.48Z</time>
		</trkpt>
		<trkpt lat="34.502767" lon="127.330948">
			<ele>0.00</ele>
			<time>2020-01-19T23:47:17.96Z</time>
		</trkpt>
		<trkpt lat="34.502758" lon="127.330814">
			<ele>0.00</ele>
			<time>2020-01-19T23:47:18.70Z</time>
		</trkpt>
		<trkpt lat="34.502761" lon="127.330672">
			<ele>0.00</ele>
			<time>2020-01-19T23:47:19.48Z</time>
		</trkpt>
		<trkpt lat="34.502764" lon="127.330575">
			<ele>0.00</ele>
			<time>2020-01-19T23:47:20.01Z</time>
		</trkpt>
		<trkpt lat="34.502755" lon="127.330475">
			<ele>0.00</ele>
			<time>2020-01-19T23:47:20.56Z</time>
		</trkpt>
		<trkpt lat="34.502735" lon="127.330358">
			<ele>0.00</ele>
			<time>2020-01-19T23:47:21.22Z</time>
		</trkpt>
		<trkpt lat="34.502704" lon="127.330261">
			<ele>0.00</ele>
			<time>2020-01-19T23:47:21.79Z</time>
		</trkpt>
		<trkpt lat="34.502659" lon="127.330171">
			<ele>0.00</ele>
			<time>2020-01-19T23:47:22.37Z</time>
		</trkpt>
		<trkpt lat="34.502616" lon="127.330057">
			<ele>0.00</ele>
			<time>2020-01-19T23:47:23.06Z</time>
		</trkpt>
		<trkpt lat="34.502576" lon="127.329971">
			<ele>0.00</ele>
			<time>2020-01-19T23:47:23.60Z</time>
		</trkpt>
		<trkpt lat="34.502545" lon="127.329923">
			<ele>0.00</ele>
			<time>2020-01-19T23:47:23.94Z</time>
		</trkpt>
		<trkpt lat="34.502512" lon="127.329868">
			<ele>0.00</ele>
			<time>2020-01-19T23:47:24.31Z</time>
		</trkpt>
		<trkpt lat="34.502522" lon="127.329803">
			<ele>0.00</ele>
			<time>2020-01-19T23:47:24.68Z</time>
		</trkpt>
		<trkpt lat="34.502583" lon="127.329797">
			<ele>0.00</ele>
			<time>2020-01-19T23:47:25.08Z</time>
		</trkpt>
		<trkpt lat="34.502671" lon="127.329808">
			<ele>0.00</ele>
			<time>2020-01-19T23:47:25.67Z</time>
		</trkpt>
		<trkpt lat="34.502798" lon="127.329826">
			<ele>0.00</ele>
			<time>2020-01-19T23:47:26.53Z</time>
		</trkpt>
		<trkpt lat="34.502884" lon="127.329839">
			<ele>0.00</ele>
			<time>2020-01-19T23:47:27.10Z</time>
		</trkpt>
		<trkpt lat="34.502938" lon="127.329844">
			<ele>0.00</ele>
			<time>2020-01-19T23:47:27.46Z</time>
		</trkpt>
		<trkpt lat="34.502981" lon="127.329842">
			<ele>0.00</ele>
			<time>2020-01-19T23:47:27.75Z</time>
		</trkpt>
		<trkpt lat="34.503005" lon="127.329779">
			<ele>0.00</ele>
			<time>2020-01-19T23:47:28.13Z</time>
		</trkpt>
		<trkpt lat="34.503033" lon="127.329732">
			<ele>0.00</ele>
			<time>2020-01-19T23:47:28.45Z</time>
		</trkpt>
		<trkpt lat="34.503066" lon="127.329659">
			<ele>0.00</ele>
			<time>2020-01-19T23:47:28.91Z</time>
		</trkpt>
		<trkpt lat="34.503115" lon="127.329557">
			<ele>0.00</ele>
			<time>2020-01-19T23:47:29.56Z</time>
		</trkpt>
		<trkpt lat="34.503163" lon="127.329463">
			<ele>0.00</ele>
			<time>2020-01-19T23:47:30.16Z</time>
		</trkpt>
		<trkpt lat="34.503219" lon="127.329356">
			<ele>0.00</ele>
			<time>2020-01-19T23:47:30.86Z</time>
		</trkpt>
		<trkpt lat="34.503268" lon="127.329249">
			<ele>0.00</ele>
			<time>2020-01-19T23:47:31.54Z</time>
		</trkpt>
		<trkpt lat="34.503324" lon="127.329128">
			<ele>0.00</ele>
			<time>2020-01-19T23:47:32.29Z</time>
		</trkpt>
		<trkpt lat="34.503385" lon="127.329024">
			<ele>0.00</ele>
			<time>2020-01-19T23:47:33Z</time>
		</trkpt>
		<trkpt lat="34.503430" lon="127.328953">
			<ele>0.00</ele>
			<time>2020-01-19T23:47:33.49Z</time>
		</trkpt>
		<trkpt lat="34.503488" lon="127.328867">
			<ele>0.00</ele>
			<time>2020-01-19T23:47:34.10Z</time>
		</trkpt>
		<trkpt lat="34.503541" lon="127.328759">
			<ele>0.00</ele>
			<time>2020-01-19T23:47:34.79Z</time>
		</trkpt>
		<trkpt lat="34.503597" lon="127.328655">
			<ele>0.00</ele>
			<time>2020-01-19T23:47:35.47Z</time>
		</trkpt>
		<trkpt lat="34.503657" lon="127.328540">
			<ele>0.00</ele>
			<time>2020-01-19T23:47:36.22Z</time>
		</trkpt>
		<trkpt lat="34.503698" lon="127.328456">
			<ele>0.00</ele>
			<time>2020-01-19T23:47:36.76Z</time>
		</trkpt>
		<trkpt lat="34.503728" lon="127.328406">
			<ele>0.00</ele>
			<time>2020-01-19T23:47:37.09Z</time>
		</trkpt>
		<trkpt lat="34.503760" lon="127.328336">
			<ele>0.00</ele>
			<time>2020-01-19T23:47:37.54Z</time>
		</trkpt>
		<trkpt lat="34.503797" lon="127.328270">
			<ele>0.00</ele>
			<time>2020-01-19T23:47:37.97Z</time>
		</trkpt>
		<trkpt lat="34.503855" lon="127.328212">
			<ele>0.00</ele>
			<time>2020-01-19T23:47:38.48Z</time>
		</trkpt>
		<trkpt lat="34.503935" lon="127.328144">
			<ele>0.00</ele>
			<time>2020-01-19T23:47:39.12Z</time>
		</trkpt>
		<trkpt lat="34.504014" lon="127.328065">
			<ele>0.00</ele>
			<time>2020-01-19T23:47:39.81Z</time>
		</trkpt>
		<trkpt lat="34.504116" lon="127.327982">
			<ele>0.00</ele>
			<time>2020-01-19T23:47:40.63Z</time>
		</trkpt>
		<trkpt lat="34.504206" lon="127.327911">
			<ele>0.00</ele>
			<time>2020-01-19T23:47:41.34Z</time>
		</trkpt>
		<trkpt lat="34.504329" lon="127.327801">
			<ele>0.00</ele>
			<time>2020-01-19T23:47:42.36Z</time>
		</trkpt>
		<trkpt lat="34.504441" lon="127.327705">
			<ele>0.00</ele>
			<time>2020-01-19T23:47:43.28Z</time>
		</trkpt>
		<trkpt lat="34.504557" lon="127.327606">
			<ele>0.00</ele>
			<time>2020-01-19T23:47:44.22Z</time>
		</trkpt>
		<trkpt lat="34.504693" lon="127.327496">
			<ele>0.00</ele>
			<time>2020-01-19T23:47:45.31Z</time>
		</trkpt>
		<trkpt lat="34.504823" lon="127.327384">
			<ele>0.00</ele>
			<time>2020-01-19T23:47:46.37Z</time>
		</trkpt>
		<trkpt lat="34.504966" lon="127.327251">
			<ele>0.00</ele>
			<time>2020-01-19T23:47:47.57Z</time>
		</trkpt>
		<trkpt lat="34.505057" lon="127.327177">
			<ele>0.00</ele>
			<time>2020-01-19T23:47:48.30Z</time>
		</trkpt>
		<trkpt lat="34.505136" lon="127.327113">
			<ele>0.00</ele>
			<time>2020-01-19T23:47:48.94Z</time>
		</trkpt>
		<trkpt lat="34.505204" lon="127.327061">
			<ele>0.00</ele>
			<time>2020-01-19T23:47:49.47Z</time>
		</trkpt>
		<trkpt lat="34.505273" lon="127.327001">
			<ele>0.00</ele>
			<time>2020-01-19T23:47:50.04Z</time>
		</trkpt>
		<trkpt lat="34.505351" lon="127.326934">
			<ele>0.00</ele>
			<time>2020-01-19T23:47:50.68Z</time>
		</trkpt>
		<trkpt lat="34.505445" lon="127.326855">
			<ele>0.00</ele>
			<time>2020-01-19T23:47:51.44Z</time>
		</trkpt>
		<trkpt lat="34.505526" lon="127.326776">
			<ele>0.00</ele>
			<time>2020-01-19T23:47:52.13Z</time>
		</trkpt>
		<trkpt lat="34.505595" lon="127.326716">
			<ele>0.00</ele>
			<time>2020-01-19T23:47:52.70Z</time>
		</trkpt>
		<trkpt lat="34.505670" lon="127.326652">
			<ele>0.00</ele>
			<time>2020-01-19T23:47:53.31Z</time>
		</trkpt>
		<trkpt lat="34.505734" lon="127.326593">
			<ele>0.00</ele>
			<time>2020-01-19T23:47:53.85Z</time>
		</trkpt>
		<trkpt lat="34.505805" lon="127.326538">
			<ele>0.00</ele>
			<time>2020-01-19T23:47:54.40Z</time>
		</trkpt>
		<trkpt lat="34.505889" lon="127.326471">
			<ele>0.00</ele>
			<time>2020-01-19T23:47:55.08Z</time>
		</trkpt>
		<trkpt lat="34.505965" lon="127.326397">
			<ele>0.00</ele>
			<time>2020-01-19T23:47:55.73Z</time>
		</trkpt>
		<trkpt lat="34.506030" lon="127.326345">
			<ele>0.00</ele>
			<time>2020-01-19T23:47:56.24Z</time>
		</trkpt>
		<trkpt lat="34.506119" lon="127.326275">
			<ele>0.00</ele>
			<time>2020-01-19T23:47:56.95Z</time>
		</trkpt>
		<trkpt lat="34.506192" lon="127.326212">
			<ele>0.00</ele>
			<time>2020-01-19T23:47:57.55Z</time>
		</trkpt>
		<trkpt lat="34.506275" lon="127.326148">
			<ele>0.00</ele>
			<time>2020-01-19T23:47:58.20Z</time>
		</trkpt>
		<trkpt lat="34.506363" lon="127.326082">
			<ele>0.00</ele>
			<time>2020-01-19T23:47:58.89Z</time>
		</trkpt>
		<trkpt lat="34.506439" lon="127.326024">
			<ele>0.00</ele>
			<time>2020-01-19T23:47:59.49Z</time>
		</trkpt>
		<trkpt lat="34.506498" lon="127.325970">
			<ele>0.00</ele>
			<time>2020-01-19T23:47:59.99Z</time>
		</trkpt>
		<trkpt lat="34.506557" lon="127.325914">
			<ele>0.00</ele>
			<time>2020-01-19T23:48:00.48Z</time>
		</trkpt>
		<trkpt lat="34.506629" lon="127.325862">
			<ele>0.00</ele>
			<time>2020-01-19T23:48:01.05Z</time>
		</trkpt>
		<trkpt lat="34.506686" lon="127.325815">
			<ele>0.00</ele>
			<time>2020-01-19T23:48:01.50Z</time>
		</trkpt>
		<trkpt lat="34.506763" lon="127.325756">
			<ele>0.00</ele>
			<time>2020-01-19T23:48:02.11Z</time>
		</trkpt>
		<trkpt lat="34.506825" lon="127.325708">
			<ele>0.00</ele>
			<time>2020-01-19T23:48:02.60Z</time>
		</trkpt>
		<trkpt lat="34.506864" lon="127.325676">
			<ele>0.00</ele>
			<time>2020-01-19T23:48:02.91Z</time>
		</trkpt>
		<trkpt lat="34.506889" lon="127.325642">
			<ele>0.00</ele>
			<time>2020-01-19T23:48:03.17Z</time>
		</trkpt>
		<trkpt lat="34.506921" lon="127.325591">
			<ele>0.00</ele>
			<time>2020-01-19T23:48:03.51Z</time>
		</trkpt>
		<trkpt lat="34.506966" lon="127.325520">
			<ele>0.00</ele>
			<time>2020-01-19T23:48:04.01Z</time>
		</trkpt>
		<trkpt lat="34.507007" lon="127.325450">
			<ele>0.00</ele>
			<time>2020-01-19T23:48:04.48Z</time>
		</trkpt>
		<trkpt lat="34.507061" lon="127.325373">
			<ele>0.00</ele>
			<time>2020-01-19T23:48:05.04Z</time>
		</trkpt>
		<trkpt lat="34.507114" lon="127.325284">
			<ele>0.00</ele>
			<time>2020-01-19T23:48:05.64Z</time>
		</trkpt>
		<trkpt lat="34.507174" lon="127.325185">
			<ele>0.00</ele>
			<time>2020-01-19T23:48:06.32Z</time>
		</trkpt>
		<trkpt lat="34.507234" lon="127.325082">
			<ele>0.00</ele>
			<time>2020-01-19T23:48:07.01Z</time>
		</trkpt>
		<trkpt lat="34.507304" lon="127.324982">
			<ele>0.00</ele>
			<time>2020-01-19T23:48:07.73Z</time>
		</trkpt>
		<trkpt lat="34.507372" lon="127.324880">
			<ele>0.00</ele>
			<time>2020-01-19T23:48:08.45Z</time>
		</trkpt>
		<trkpt lat="34.507444" lon="127.324762">
			<ele>0.00</ele>
			<time>2020-01-19T23:48:09.25Z</time>
		</trkpt>
		<trkpt lat="34.507503" lon="127.324667">
			<ele>0.00</ele>
			<time>2020-01-19T23:48:09.91Z</time>
		</trkpt>
		<trkpt lat="34.507554" lon="127.324592">
			<ele>0.00</ele>
			<time>2020-01-19T23:48:10.44Z</time>
		</trkpt>
		<trkpt lat="34.507601" lon="127.324521">
			<ele>0.00</ele>
			<time>2020-01-19T23:48:10.94Z</time>
		</trkpt>
		<trkpt lat="34.507647" lon="127.324450">
			<ele>0.00</ele>
			<time>2020-01-19T23:48:11.44Z</time>
		</trkpt>
		<trkpt lat="34.507695" lon="127.324373">
			<ele>0.00</ele>
			<time>2020-01-19T23:48:11.97Z</time>
		</trkpt>
		<trkpt lat="34.507740" lon="127.324304">
			<ele>0.00</ele>
			<time>2020-01-19T23:48:12.45Z</time>
		</trkpt>
		<trkpt lat="34.507788" lon="127.324228">
			<ele>0.00</ele>
			<time>2020-01-19T23:48:12.98Z</time>
		</trkpt>
		<trkpt lat="34.507831" lon="127.324150">
			<ele>0.00</ele>
			<time>2020-01-19T23:48:13.50Z</time>
		</trkpt>
		<trkpt lat="34.507892" lon="127.324060">
			<ele>0.00</ele>
			<time>2020-01-19T23:48:14.14Z</time>
		</trkpt>
		<trkpt lat="34.507931" lon="127.324008">
			<ele>0.00</ele>
			<time>2020-01-19T23:48:14.52Z</time>
		</trkpt>
		<trkpt lat="34.507991" lon="127.323916">
			<ele>0.00</ele>
			<time>2020-01-19T23:48:15.16Z</time>
		</trkpt>
		<trkpt lat="34.508049" lon="127.323833">
			<ele>0.00</ele>
			<time>2020-01-19T23:48:15.76Z</time>
		</trkpt>
		<trkpt lat="34.508107" lon="127.323748">
			<ele>0.00</ele>
			<time>2020-01-19T23:48:16.37Z</time>
		</trkpt>
		<trkpt lat="34.508170" lon="127.323646">
			<ele>0.00</ele>
			<time>2020-01-19T23:48:17.07Z</time>
		</trkpt>
		<trkpt lat="34.508237" lon="127.323550">
			<ele>0.00</ele>
			<time>2020-01-19T23:48:17.76Z</time>
		</trkpt>
		<trkpt lat="34.508311" lon="127.323433">
			<ele>0.00</ele>
			<time>2020-01-19T23:48:18.57Z</time>
		</trkpt>
		<trkpt lat="34.508352" lon="127.323363">
			<ele>0.00</ele>
			<time>2020-01-19T23:48:19.04Z</time>
		</trkpt>
		<trkpt lat="34.508398" lon="127.323285">
			<ele>0.00</ele>
			<time>2020-01-19T23:48:19.57Z</time>
		</trkpt>
		<trkpt lat="34.508450" lon="127.323211">
			<ele>0.00</ele>
			<time>2020-01-19T23:48:20.11Z</time>
		</trkpt>
		<trkpt lat="34.508502" lon="127.323144">
			<ele>0.00</ele>
			<time>2020-01-19T23:48:20.61Z</time>
		</trkpt>
		<trkpt lat="34.508547" lon="127.323073">
			<ele>0.00</ele>
			<time>2020-01-19T23:48:21.11Z</time>
		</trkpt>
		<trkpt lat="34.508594" lon="127.323006">
			<ele>0.00</ele>
			<time>2020-01-19T23:48:21.59Z</time>
		</trkpt>
		<trkpt lat="34.508604" lon="127.322983">
			<ele>0.00</ele>
			<time>2020-01-19T23:48:21.73Z</time>
		</trkpt>
		<trkpt lat="34.508608" lon="127.322936">
			<ele>0.00</ele>
			<time>2020-01-19T23:48:21.99Z</time>
		</trkpt>
		<trkpt lat="34.508606" lon="127.322894">
			<ele>0.00</ele>
			<time>2020-01-19T23:48:22.22Z</time>
		</trkpt>
		<trkpt lat="34.508616" lon="127.322850">
			<ele>0.00</ele>
			<time>2020-01-19T23:48:22.47Z</time>
		</trkpt>
		<trkpt lat="34.508603" lon="127.322491">
			<ele>0.00</ele>
			<time>2020-01-19T23:48:24.44Z</time>
		</trkpt>
		<trkpt lat="34.508587" lon="127.321799">
			<ele>0.00</ele>
			<time>2020-01-19T23:48:28.25Z</time>
		</trkpt>
		<trkpt lat="34.508548" lon="127.321007">
			<ele>0.00</ele>
			<time>2020-01-19T23:48:32.60Z</time>
		</trkpt>
		<trkpt lat="34.508509" lon="127.319853">
			<ele>0.00</ele>
			<time>2020-01-19T23:48:38.95Z</time>
		</trkpt>
		<trkpt lat="34.508478" lon="127.318963">
			<ele>0.00</ele>
			<time>2020-01-19T23:48:43.84Z</time>
		</trkpt>
		<trkpt lat="34.508449" lon="127.318124">
			<ele>0.00</ele>
			<time>2020-01-19T23:48:48.46Z</time>
		</trkpt>
		<trkpt lat="34.508401" lon="127.317497">
			<ele>0.00</ele>
			<time>2020-01-19T23:48:51.92Z</time>
		</trkpt>
		<trkpt lat="34.508502" lon="127.317500">
			<ele>0.00</ele>
			<time>2020-01-19T23:48:52.59Z</time>
		</trkpt>
		<trkpt lat="34.508489" lon="127.317246">
			<ele>0.00</ele>
			<time>2020-01-19T23:48:53.99Z</time>
		</trkpt>
		<trkpt lat="34.508524" lon="127.317122">
			<ele>0.00</ele>
			<time>2020-01-19T23:48:54.71Z</time>
		</trkpt>
		<trkpt lat="34.508590" lon="127.317120">
			<ele>0.00</ele>
			<time>2020-01-19T23:48:55.14Z</time>
		</trkpt>
		<trkpt lat="34.508675" lon="127.317218">
			<ele>0.00</ele>
			<time>2020-01-19T23:48:55.93Z</time>
		</trkpt>
		<trkpt lat="34.508786" lon="127.317401">
			<ele>0.00</ele>
			<time>2020-01-19T23:48:57.17Z</time>
		</trkpt>
		<trkpt lat="34.508905" lon="127.317621">
			<ele>0.00</ele>
			<time>2020-01-19T23:48:58.62Z</time>
		</trkpt>
		<trkpt lat="34.509046" lon="127.317516">
			<ele>0.00</ele>
			<time>2020-01-19T23:48:59.72Z</time>
		</trkpt>
		<extensions>
			<gte:name>#441</gte:name>
			<gte:color>#be5800</gte:color>
		</extensions>
	</trkseg>
</trk>
</gpx>