<?xml version="1.0" encoding="UTF-8"?>
<gpx version="1.1" creator="GPS Track Editor" xmlns="http://www.topografix.com/GPX/1/1" xmlns:xsi="http://www.w3.org/2001/XMLSchema-instance" xmlns:gte="http://www.gpstrackeditor.com/xmlschemas/General/1" xmlns:gpxtpx="http://www.garmin.com/xmlschemas/TrackPointExtension/v1" xmlns:gpxx="http://www.garmin.com/xmlschemas/GpxExtensions/v3" targetNamespace="http://www.topografix.com/GPX/1/1" elementFormDefault="qualified" xsi:schemaLocation="http://www.topografix.com/GPX/1/1 http://www.topografix.com/GPX/1/1/gpx.xsd">
<metadata>
	<name>GPS_2020-01-15_213544</name>
</metadata>
<trk>
	<name>005[1203 수정} 신평동교차로~송정공원(20191009 윤)</name>
	<trkseg>
		<trkpt lat="35.096395" lon="128.955336">
			<ele>0.00</ele>
			<time>2020-01-15T21:35:44.89Z</time>
		</trkpt>
		<trkpt lat="35.096436" lon="128.955336">
			<ele>0.00</ele>
			<time>2020-01-15T21:35:45.16Z</time>
		</trkpt>
		<trkpt lat="35.096466" lon="128.955326">
			<ele>0.00</ele>
			<time>2020-01-15T21:35:45.36Z</time>
		</trkpt>
		<trkpt lat="35.096512" lon="128.955330">
			<ele>0.00</ele>
			<time>2020-01-15T21:35:45.67Z</time>
		</trkpt>
		<trkpt lat="35.096567" lon="128.955343">
			<ele>0.00</ele>
			<time>2020-01-15T21:35:46.05Z</time>
		</trkpt>
		<trkpt lat="35.096624" lon="128.955346">
			<ele>0.00</ele>
			<time>2020-01-15T21:35:46.43Z</time>
		</trkpt>
		<trkpt lat="35.096693" lon="128.955353">
			<ele>0.00</ele>
			<time>2020-01-15T21:35:46.89Z</time>
		</trkpt>
		<trkpt lat="35.096754" lon="128.955354">
			<ele>0.00</ele>
			<time>2020-01-15T21:35:47.30Z</time>
		</trkpt>
		<trkpt lat="35.096816" lon="128.955358">
			<ele>0.00</ele>
			<time>2020-01-15T21:35:47.71Z</time>
		</trkpt>
		<trkpt lat="35.096872" lon="128.955361">
			<ele>0.00</ele>
			<time>2020-01-15T21:35:48.08Z</time>
		</trkpt>
		<trkpt lat="35.096939" lon="128.955372">
			<ele>0.00</ele>
			<time>2020-01-15T21:35:48.53Z</time>
		</trkpt>
		<trkpt lat="35.097004" lon="128.955375">
			<ele>0.00</ele>
			<time>2020-01-15T21:35:48.97Z</time>
		</trkpt>
		<trkpt lat="35.097086" lon="128.955376">
			<ele>0.00</ele>
			<time>2020-01-15T21:35:49.51Z</time>
		</trkpt>
		<trkpt lat="35.097152" lon="128.955381">
			<ele>0.00</ele>
			<time>2020-01-15T21:35:49.95Z</time>
		</trkpt>
		<trkpt lat="35.097215" lon="128.955390">
			<ele>0.00</ele>
			<time>2020-01-15T21:35:50.38Z</time>
		</trkpt>
		<trkpt lat="35.097276" lon="128.955394">
			<ele>0.00</ele>
			<time>2020-01-15T21:35:50.78Z</time>
		</trkpt>
		<trkpt lat="35.097330" lon="128.955400">
			<ele>0.00</ele>
			<time>2020-01-15T21:35:51.15Z</time>
		</trkpt>
		<trkpt lat="35.097392" lon="128.955413">
			<ele>0.00</ele>
			<time>2020-01-15T21:35:51.57Z</time>
		</trkpt>
		<trkpt lat="35.097451" lon="128.955421">
			<ele>0.00</ele>
			<time>2020-01-15T21:35:51.97Z</time>
		</trkpt>
		<trkpt lat="35.097506" lon="128.955428">
			<ele>0.00</ele>
			<time>2020-01-15T21:35:52.33Z</time>
		</trkpt>
		<trkpt lat="35.097563" lon="128.955431">
			<ele>0.00</ele>
			<time>2020-01-15T21:35:52.71Z</time>
		</trkpt>
		<trkpt lat="35.097614" lon="128.955438">
			<ele>0.00</ele>
			<time>2020-01-15T21:35:53.05Z</time>
		</trkpt>
		<trkpt lat="35.097668" lon="128.955443">
			<ele>0.00</ele>
			<time>2020-01-15T21:35:53.42Z</time>
		</trkpt>
		<trkpt lat="35.097738" lon="128.955449">
			<ele>0.00</ele>
			<time>2020-01-15T21:35:53.88Z</time>
		</trkpt>
		<trkpt lat="35.097792" lon="128.955459">
			<ele>0.00</ele>
			<time>2020-01-15T21:35:54.25Z</time>
		</trkpt>
		<trkpt lat="35.097844" lon="128.955465">
			<ele>0.00</ele>
			<time>2020-01-15T21:35:54.60Z</time>
		</trkpt>
		<trkpt lat="35.097907" lon="128.955472">
			<ele>0.00</ele>
			<time>2020-01-15T21:35:55.02Z</time>
		</trkpt>
		<trkpt lat="35.097962" lon="128.955477">
			<ele>0.00</ele>
			<time>2020-01-15T21:35:55.38Z</time>
		</trkpt>
		<trkpt lat="35.098018" lon="128.955484">
			<ele>0.00</ele>
			<time>2020-01-15T21:35:55.76Z</time>
		</trkpt>
		<trkpt lat="35.098088" lon="128.955492">
			<ele>0.00</ele>
			<time>2020-01-15T21:35:56.23Z</time>
		</trkpt>
		<trkpt lat="35.098154" lon="128.955499">
			<ele>0.00</ele>
			<time>2020-01-15T21:35:56.67Z</time>
		</trkpt>
		<trkpt lat="35.098211" lon="128.955502">
			<ele>0.00</ele>
			<time>2020-01-15T21:35:57.05Z</time>
		</trkpt>
		<trkpt lat="35.098267" lon="128.955512">
			<ele>0.00</ele>
			<time>2020-01-15T21:35:57.43Z</time>
		</trkpt>
		<trkpt lat="35.098333" lon="128.955519">
			<ele>0.00</ele>
			<time>2020-01-15T21:35:57.87Z</time>
		</trkpt>
		<trkpt lat="35.098394" lon="128.955527">
			<ele>0.00</ele>
			<time>2020-01-15T21:35:58.27Z</time>
		</trkpt>
		<trkpt lat="35.098455" lon="128.955532">
			<ele>0.00</ele>
			<time>2020-01-15T21:35:58.68Z</time>
		</trkpt>
		<trkpt lat="35.098517" lon="128.955538">
			<ele>0.00</ele>
			<time>2020-01-15T21:35:59.10Z</time>
		</trkpt>
		<trkpt lat="35.098574" lon="128.955546">
			<ele>0.00</ele>
			<time>2020-01-15T21:35:59.48Z</time>
		</trkpt>
		<trkpt lat="35.098624" lon="128.955551">
			<ele>0.00</ele>
			<time>2020-01-15T21:35:59.82Z</time>
		</trkpt>
		<trkpt lat="35.098690" lon="128.955556">
			<ele>0.00</ele>
			<time>2020-01-15T21:36:00.26Z</time>
		</trkpt>
		<trkpt lat="35.098753" lon="128.955569">
			<ele>0.00</ele>
			<time>2020-01-15T21:36:00.69Z</time>
		</trkpt>
		<trkpt lat="35.098812" lon="128.955577">
			<ele>0.00</ele>
			<time>2020-01-15T21:36:01.08Z</time>
		</trkpt>
		<trkpt lat="35.098875" lon="128.955585">
			<ele>0.00</ele>
			<time>2020-01-15T21:36:01.50Z</time>
		</trkpt>
		<trkpt lat="35.098936" lon="128.955592">
			<ele>0.00</ele>
			<time>2020-01-15T21:36:01.91Z</time>
		</trkpt>
		<trkpt lat="35.098983" lon="128.955597">
			<ele>0.00</ele>
			<time>2020-01-15T21:36:02.22Z</time>
		</trkpt>
		<trkpt lat="35.099040" lon="128.955597">
			<ele>0.00</ele>
			<time>2020-01-15T21:36:02.61Z</time>
		</trkpt>
		<trkpt lat="35.099091" lon="128.955605">
			<ele>0.00</ele>
			<time>2020-01-15T21:36:02.95Z</time>
		</trkpt>
		<trkpt lat="35.099156" lon="128.955616">
			<ele>0.00</ele>
			<time>2020-01-15T21:36:03.38Z</time>
		</trkpt>
		<trkpt lat="35.099218" lon="128.955624">
			<ele>0.00</ele>
			<time>2020-01-15T21:36:03.80Z</time>
		</trkpt>
		<trkpt lat="35.099281" lon="128.955628">
			<ele>0.00</ele>
			<time>2020-01-15T21:36:04.22Z</time>
		</trkpt>
		<trkpt lat="35.099337" lon="128.955633">
			<ele>0.00</ele>
			<time>2020-01-15T21:36:04.60Z</time>
		</trkpt>
		<trkpt lat="35.099390" lon="128.955633">
			<ele>0.00</ele>
			<time>2020-01-15T21:36:04.95Z</time>
		</trkpt>
		<trkpt lat="35.099429" lon="128.955644">
			<ele>0.00</ele>
			<time>2020-01-15T21:36:05.21Z</time>
		</trkpt>
		<trkpt lat="35.099476" lon="128.955650">
			<ele>0.00</ele>
			<time>2020-01-15T21:36:05.53Z</time>
		</trkpt>
		<trkpt lat="35.099535" lon="128.955656">
			<ele>0.00</ele>
			<time>2020-01-15T21:36:05.93Z</time>
		</trkpt>
		<trkpt lat="35.099588" lon="128.955661">
			<ele>0.00</ele>
			<time>2020-01-15T21:36:06.28Z</time>
		</trkpt>
		<trkpt lat="35.099650" lon="128.955666">
			<ele>0.00</ele>
			<time>2020-01-15T21:36:06.69Z</time>
		</trkpt>
		<trkpt lat="35.099709" lon="128.955676">
			<ele>0.00</ele>
			<time>2020-01-15T21:36:07.09Z</time>
		</trkpt>
		<trkpt lat="35.099757" lon="128.955682">
			<ele>0.00</ele>
			<time>2020-01-15T21:36:07.41Z</time>
		</trkpt>
		<trkpt lat="35.099818" lon="128.955690">
			<ele>0.00</ele>
			<time>2020-01-15T21:36:07.82Z</time>
		</trkpt>
		<trkpt lat="35.099871" lon="128.955698">
			<ele>0.00</ele>
			<time>2020-01-15T21:36:08.17Z</time>
		</trkpt>
		<trkpt lat="35.099938" lon="128.955703">
			<ele>0.00</ele>
			<time>2020-01-15T21:36:08.62Z</time>
		</trkpt>
		<trkpt lat="35.100000" lon="128.955713">
			<ele>0.00</ele>
			<time>2020-01-15T21:36:09.04Z</time>
		</trkpt>
		<trkpt lat="35.100064" lon="128.955722">
			<ele>0.00</ele>
			<time>2020-01-15T21:36:09.47Z</time>
		</trkpt>
		<trkpt lat="35.100126" lon="128.955728">
			<ele>0.00</ele>
			<time>2020-01-15T21:36:09.88Z</time>
		</trkpt>
		<trkpt lat="35.100182" lon="128.955734">
			<ele>0.00</ele>
			<time>2020-01-15T21:36:10.26Z</time>
		</trkpt>
		<trkpt lat="35.100240" lon="128.955739">
			<ele>0.00</ele>
			<time>2020-01-15T21:36:10.65Z</time>
		</trkpt>
		<trkpt lat="35.100311" lon="128.955745">
			<ele>0.00</ele>
			<time>2020-01-15T21:36:11.12Z</time>
		</trkpt>
		<trkpt lat="35.100376" lon="128.955754">
			<ele>0.00</ele>
			<time>2020-01-15T21:36:11.56Z</time>
		</trkpt>
		<trkpt lat="35.100430" lon="128.955764">
			<ele>0.00</ele>
			<time>2020-01-15T21:36:11.92Z</time>
		</trkpt>
		<trkpt lat="35.100489" lon="128.955775">
			<ele>0.00</ele>
			<time>2020-01-15T21:36:12.32Z</time>
		</trkpt>
		<trkpt lat="35.100540" lon="128.955782">
			<ele>0.00</ele>
			<time>2020-01-15T21:36:12.66Z</time>
		</trkpt>
		<trkpt lat="35.100604" lon="128.955787">
			<ele>0.00</ele>
			<time>2020-01-15T21:36:13.09Z</time>
		</trkpt>
		<trkpt lat="35.100661" lon="128.955795">
			<ele>0.00</ele>
			<time>2020-01-15T21:36:13.47Z</time>
		</trkpt>
		<trkpt lat="35.100718" lon="128.955803">
			<ele>0.00</ele>
			<time>2020-01-15T21:36:13.86Z</time>
		</trkpt>
		<trkpt lat="35.100769" lon="128.955809">
			<ele>0.00</ele>
			<time>2020-01-15T21:36:14.19Z</time>
		</trkpt>
		<trkpt lat="35.100820" lon="128.955811">
			<ele>0.00</ele>
			<time>2020-01-15T21:36:14.54Z</time>
		</trkpt>
		<trkpt lat="35.100874" lon="128.955817">
			<ele>0.00</ele>
			<time>2020-01-15T21:36:14.90Z</time>
		</trkpt>
		<trkpt lat="35.100920" lon="128.955822">
			<ele>0.00</ele>
			<time>2020-01-15T21:36:15.21Z</time>
		</trkpt>
		<trkpt lat="35.100976" lon="128.955828">
			<ele>0.00</ele>
			<time>2020-01-15T21:36:15.58Z</time>
		</trkpt>
		<trkpt lat="35.101025" lon="128.955833">
			<ele>0.00</ele>
			<time>2020-01-15T21:36:15.91Z</time>
		</trkpt>
		<trkpt lat="35.101072" lon="128.955839">
			<ele>0.00</ele>
			<time>2020-01-15T21:36:16.23Z</time>
		</trkpt>
		<trkpt lat="35.101125" lon="128.955846">
			<ele>0.00</ele>
			<time>2020-01-15T21:36:16.58Z</time>
		</trkpt>
		<trkpt lat="35.101186" lon="128.955851">
			<ele>0.00</ele>
			<time>2020-01-15T21:36:16.99Z</time>
		</trkpt>
		<trkpt lat="35.101248" lon="128.955860">
			<ele>0.00</ele>
			<time>2020-01-15T21:36:17.40Z</time>
		</trkpt>
		<trkpt lat="35.101299" lon="128.955870">
			<ele>0.00</ele>
			<time>2020-01-15T21:36:17.75Z</time>
		</trkpt>
		<trkpt lat="35.101357" lon="128.955873">
			<ele>0.00</ele>
			<time>2020-01-15T21:36:18.14Z</time>
		</trkpt>
		<trkpt lat="35.101414" lon="128.955878">
			<ele>0.00</ele>
			<time>2020-01-15T21:36:18.52Z</time>
		</trkpt>
		<trkpt lat="35.101465" lon="128.955883">
			<ele>0.00</ele>
			<time>2020-01-15T21:36:18.86Z</time>
		</trkpt>
		<trkpt lat="35.101515" lon="128.955888">
			<ele>0.00</ele>
			<time>2020-01-15T21:36:19.19Z</time>
		</trkpt>
		<trkpt lat="35.101578" lon="128.955898">
			<ele>0.00</ele>
			<time>2020-01-15T21:36:19.62Z</time>
		</trkpt>
		<trkpt lat="35.101628" lon="128.955903">
			<ele>0.00</ele>
			<time>2020-01-15T21:36:19.95Z</time>
		</trkpt>
		<trkpt lat="35.101674" lon="128.955909">
			<ele>0.00</ele>
			<time>2020-01-15T21:36:20.26Z</time>
		</trkpt>
		<trkpt lat="35.101730" lon="128.955916">
			<ele>0.00</ele>
			<time>2020-01-15T21:36:20.63Z</time>
		</trkpt>
		<trkpt lat="35.101783" lon="128.955922">
			<ele>0.00</ele>
			<time>2020-01-15T21:36:20.99Z</time>
		</trkpt>
		<trkpt lat="35.101821" lon="128.955924">
			<ele>0.00</ele>
			<time>2020-01-15T21:36:21.24Z</time>
		</trkpt>
		<trkpt lat="35.101851" lon="128.955934">
			<ele>0.00</ele>
			<time>2020-01-15T21:36:21.45Z</time>
		</trkpt>
		<trkpt lat="35.101888" lon="128.955953">
			<ele>0.00</ele>
			<time>2020-01-15T21:36:21.72Z</time>
		</trkpt>
		<trkpt lat="35.101943" lon="128.955961">
			<ele>0.00</ele>
			<time>2020-01-15T21:36:22.09Z</time>
		</trkpt>
		<trkpt lat="35.101979" lon="128.955962">
			<ele>0.00</ele>
			<time>2020-01-15T21:36:22.33Z</time>
		</trkpt>
		<trkpt lat="35.102024" lon="128.955963">
			<ele>0.00</ele>
			<time>2020-01-15T21:36:22.63Z</time>
		</trkpt>
		<trkpt lat="35.102076" lon="128.955969">
			<ele>0.00</ele>
			<time>2020-01-15T21:36:22.98Z</time>
		</trkpt>
		<trkpt lat="35.102121" lon="128.955967">
			<ele>0.00</ele>
			<time>2020-01-15T21:36:23.27Z</time>
		</trkpt>
		<trkpt lat="35.102178" lon="128.955968">
			<ele>0.00</ele>
			<time>2020-01-15T21:36:23.65Z</time>
		</trkpt>
		<trkpt lat="35.102244" lon="128.955980">
			<ele>0.00</ele>
			<time>2020-01-15T21:36:24.10Z</time>
		</trkpt>
		<trkpt lat="35.102289" lon="128.956017">
			<ele>0.00</ele>
			<time>2020-01-15T21:36:24.46Z</time>
		</trkpt>
		<trkpt lat="35.102314" lon="128.956061">
			<ele>0.00</ele>
			<time>2020-01-15T21:36:24.75Z</time>
		</trkpt>
		<trkpt lat="35.102348" lon="128.956098">
			<ele>0.00</ele>
			<time>2020-01-15T21:36:25.05Z</time>
		</trkpt>
		<trkpt lat="35.102395" lon="128.956123">
			<ele>0.00</ele>
			<time>2020-01-15T21:36:25.40Z</time>
		</trkpt>
		<trkpt lat="35.102397" lon="128.956123">
			<ele>0.00</ele>
			<time>2020-01-15T21:36:25.46Z</time>
		</trkpt>
		<trkpt lat="35.102460" lon="128.956129">
			<ele>0.00</ele>
			<time>2020-01-15T21:36:25.88Z</time>
		</trkpt>
		<trkpt lat="35.102504" lon="128.956139">
			<ele>0.00</ele>
			<time>2020-01-15T21:36:26.18Z</time>
		</trkpt>
		<trkpt lat="35.102556" lon="128.956148">
			<ele>0.00</ele>
			<time>2020-01-15T21:36:26.53Z</time>
		</trkpt>
		<trkpt lat="35.102609" lon="128.956154">
			<ele>0.00</ele>
			<time>2020-01-15T21:36:26.88Z</time>
		</trkpt>
		<trkpt lat="35.102669" lon="128.956151">
			<ele>0.00</ele>
			<time>2020-01-15T21:36:27.28Z</time>
		</trkpt>
		<trkpt lat="35.102725" lon="128.956155">
			<ele>0.00</ele>
			<time>2020-01-15T21:36:27.66Z</time>
		</trkpt>
		<trkpt lat="35.102768" lon="128.956150">
			<ele>0.00</ele>
			<time>2020-01-15T21:36:27.94Z</time>
		</trkpt>
		<trkpt lat="35.102819" lon="128.956145">
			<ele>0.00</ele>
			<time>2020-01-15T21:36:28.28Z</time>
		</trkpt>
		<trkpt lat="35.102869" lon="128.956140">
			<ele>0.00</ele>
			<time>2020-01-15T21:36:28.62Z</time>
		</trkpt>
		<trkpt lat="35.102933" lon="128.956138">
			<ele>0.00</ele>
			<time>2020-01-15T21:36:29.05Z</time>
		</trkpt>
		<trkpt lat="35.102985" lon="128.956139">
			<ele>0.00</ele>
			<time>2020-01-15T21:36:29.39Z</time>
		</trkpt>
		<trkpt lat="35.103028" lon="128.956142">
			<ele>0.00</ele>
			<time>2020-01-15T21:36:29.68Z</time>
		</trkpt>
		<trkpt lat="35.103084" lon="128.956144">
			<ele>0.00</ele>
			<time>2020-01-15T21:36:30.05Z</time>
		</trkpt>
		<trkpt lat="35.103141" lon="128.956151">
			<ele>0.00</ele>
			<time>2020-01-15T21:36:30.44Z</time>
		</trkpt>
		<trkpt lat="35.103187" lon="128.956154">
			<ele>0.00</ele>
			<time>2020-01-15T21:36:30.74Z</time>
		</trkpt>
		<trkpt lat="35.103238" lon="128.956164">
			<ele>0.00</ele>
			<time>2020-01-15T21:36:31.08Z</time>
		</trkpt>
		<trkpt lat="35.103278" lon="128.956173">
			<ele>0.00</ele>
			<time>2020-01-15T21:36:31.36Z</time>
		</trkpt>
		<trkpt lat="35.103325" lon="128.956182">
			<ele>0.00</ele>
			<time>2020-01-15T21:36:31.67Z</time>
		</trkpt>
		<trkpt lat="35.103381" lon="128.956186">
			<ele>0.00</ele>
			<time>2020-01-15T21:36:32.05Z</time>
		</trkpt>
		<trkpt lat="35.103419" lon="128.956193">
			<ele>0.00</ele>
			<time>2020-01-15T21:36:32.30Z</time>
		</trkpt>
		<trkpt lat="35.103466" lon="128.956196">
			<ele>0.00</ele>
			<time>2020-01-15T21:36:32.62Z</time>
		</trkpt>
		<trkpt lat="35.103510" lon="128.956204">
			<ele>0.00</ele>
			<time>2020-01-15T21:36:32.92Z</time>
		</trkpt>
		<trkpt lat="35.103558" lon="128.956218">
			<ele>0.00</ele>
			<time>2020-01-15T21:36:33.24Z</time>
		</trkpt>
		<trkpt lat="35.103617" lon="128.956231">
			<ele>0.00</ele>
			<time>2020-01-15T21:36:33.65Z</time>
		</trkpt>
		<trkpt lat="35.103671" lon="128.956243">
			<ele>0.00</ele>
			<time>2020-01-15T21:36:34.01Z</time>
		</trkpt>
		<trkpt lat="35.103729" lon="128.956249">
			<ele>0.00</ele>
			<time>2020-01-15T21:36:34.39Z</time>
		</trkpt>
		<trkpt lat="35.103775" lon="128.956269">
			<ele>0.00</ele>
			<time>2020-01-15T21:36:34.72Z</time>
		</trkpt>
		<trkpt lat="35.103834" lon="128.956285">
			<ele>0.00</ele>
			<time>2020-01-15T21:36:35.12Z</time>
		</trkpt>
		<trkpt lat="35.103884" lon="128.956294">
			<ele>0.00</ele>
			<time>2020-01-15T21:36:35.47Z</time>
		</trkpt>
		<trkpt lat="35.103927" lon="128.956304">
			<ele>0.00</ele>
			<time>2020-01-15T21:36:35.75Z</time>
		</trkpt>
		<trkpt lat="35.103985" lon="128.956314">
			<ele>0.00</ele>
			<time>2020-01-15T21:36:36.15Z</time>
		</trkpt>
		<trkpt lat="35.104038" lon="128.956321">
			<ele>0.00</ele>
			<time>2020-01-15T21:36:36.50Z</time>
		</trkpt>
		<trkpt lat="35.104089" lon="128.956328">
			<ele>0.00</ele>
			<time>2020-01-15T21:36:36.84Z</time>
		</trkpt>
		<trkpt lat="35.104132" lon="128.956337">
			<ele>0.00</ele>
			<time>2020-01-15T21:36:37.13Z</time>
		</trkpt>
		<trkpt lat="35.104180" lon="128.956346">
			<ele>0.00</ele>
			<time>2020-01-15T21:36:37.46Z</time>
		</trkpt>
		<trkpt lat="35.104222" lon="128.956347">
			<ele>0.00</ele>
			<time>2020-01-15T21:36:37.74Z</time>
		</trkpt>
		<trkpt lat="35.104265" lon="128.956350">
			<ele>0.00</ele>
			<time>2020-01-15T21:36:38.02Z</time>
		</trkpt>
		<trkpt lat="35.104320" lon="128.956356">
			<ele>0.00</ele>
			<time>2020-01-15T21:36:38.39Z</time>
		</trkpt>
		<trkpt lat="35.104375" lon="128.956369">
			<ele>0.00</ele>
			<time>2020-01-15T21:36:38.76Z</time>
		</trkpt>
		<trkpt lat="35.104430" lon="128.956383">
			<ele>0.00</ele>
			<time>2020-01-15T21:36:39.14Z</time>
		</trkpt>
		<trkpt lat="35.104482" lon="128.956392">
			<ele>0.00</ele>
			<time>2020-01-15T21:36:39.49Z</time>
		</trkpt>
		<trkpt lat="35.104547" lon="128.956396">
			<ele>0.00</ele>
			<time>2020-01-15T21:36:39.92Z</time>
		</trkpt>
		<trkpt lat="35.104594" lon="128.956407">
			<ele>0.00</ele>
			<time>2020-01-15T21:36:40.24Z</time>
		</trkpt>
		<trkpt lat="35.104650" lon="128.956413">
			<ele>0.00</ele>
			<time>2020-01-15T21:36:40.62Z</time>
		</trkpt>
		<trkpt lat="35.104702" lon="128.956412">
			<ele>0.00</ele>
			<time>2020-01-15T21:36:40.96Z</time>
		</trkpt>
		<trkpt lat="35.104759" lon="128.956418">
			<ele>0.00</ele>
			<time>2020-01-15T21:36:41.35Z</time>
		</trkpt>
		<trkpt lat="35.104810" lon="128.956422">
			<ele>0.00</ele>
			<time>2020-01-15T21:36:41.69Z</time>
		</trkpt>
		<trkpt lat="35.104862" lon="128.956427">
			<ele>0.00</ele>
			<time>2020-01-15T21:36:42.04Z</time>
		</trkpt>
		<trkpt lat="35.104912" lon="128.956434">
			<ele>0.00</ele>
			<time>2020-01-15T21:36:42.37Z</time>
		</trkpt>
		<trkpt lat="35.104972" lon="128.956438">
			<ele>0.00</ele>
			<time>2020-01-15T21:36:42.77Z</time>
		</trkpt>
		<trkpt lat="35.105024" lon="128.956443">
			<ele>0.00</ele>
			<time>2020-01-15T21:36:43.12Z</time>
		</trkpt>
		<trkpt lat="35.105074" lon="128.956444">
			<ele>0.00</ele>
			<time>2020-01-15T21:36:43.45Z</time>
		</trkpt>
		<trkpt lat="35.105122" lon="128.956450">
			<ele>0.00</ele>
			<time>2020-01-15T21:36:43.78Z</time>
		</trkpt>
		<trkpt lat="35.105175" lon="128.956458">
			<ele>0.00</ele>
			<time>2020-01-15T21:36:44.13Z</time>
		</trkpt>
		<trkpt lat="35.105226" lon="128.956467">
			<ele>0.00</ele>
			<time>2020-01-15T21:36:44.47Z</time>
		</trkpt>
		<trkpt lat="35.105274" lon="128.956473">
			<ele>0.00</ele>
			<time>2020-01-15T21:36:44.79Z</time>
		</trkpt>
		<trkpt lat="35.105325" lon="128.956472">
			<ele>0.00</ele>
			<time>2020-01-15T21:36:45.14Z</time>
		</trkpt>
		<trkpt lat="35.105372" lon="128.956473">
			<ele>0.00</ele>
			<time>2020-01-15T21:36:45.44Z</time>
		</trkpt>
		<trkpt lat="35.105426" lon="128.956480">
			<ele>0.00</ele>
			<time>2020-01-15T21:36:45.81Z</time>
		</trkpt>
		<trkpt lat="35.105484" lon="128.956485">
			<ele>0.00</ele>
			<time>2020-01-15T21:36:46.20Z</time>
		</trkpt>
		<trkpt lat="35.105532" lon="128.956491">
			<ele>0.00</ele>
			<time>2020-01-15T21:36:46.52Z</time>
		</trkpt>
		<trkpt lat="35.105578" lon="128.956498">
			<ele>0.00</ele>
			<time>2020-01-15T21:36:46.83Z</time>
		</trkpt>
		<trkpt lat="35.105629" lon="128.956497">
			<ele>0.00</ele>
			<time>2020-01-15T21:36:47.17Z</time>
		</trkpt>
		<trkpt lat="35.105687" lon="128.956505">
			<ele>0.00</ele>
			<time>2020-01-15T21:36:47.56Z</time>
		</trkpt>
		<trkpt lat="35.105746" lon="128.956506">
			<ele>0.00</ele>
			<time>2020-01-15T21:36:47.95Z</time>
		</trkpt>
		<trkpt lat="35.105795" lon="128.956513">
			<ele>0.00</ele>
			<time>2020-01-15T21:36:48.28Z</time>
		</trkpt>
		<trkpt lat="35.105853" lon="128.956522">
			<ele>0.00</ele>
			<time>2020-01-15T21:36:48.67Z</time>
		</trkpt>
		<trkpt lat="35.105891" lon="128.956531">
			<ele>0.00</ele>
			<time>2020-01-15T21:36:48.93Z</time>
		</trkpt>
		<trkpt lat="35.105941" lon="128.956534">
			<ele>0.00</ele>
			<time>2020-01-15T21:36:49.26Z</time>
		</trkpt>
		<trkpt lat="35.105984" lon="128.956531">
			<ele>0.00</ele>
			<time>2020-01-15T21:36:49.54Z</time>
		</trkpt>
		<trkpt lat="35.106040" lon="128.956528">
			<ele>0.00</ele>
			<time>2020-01-15T21:36:49.92Z</time>
		</trkpt>
		<trkpt lat="35.106084" lon="128.956525">
			<ele>0.00</ele>
			<time>2020-01-15T21:36:50.22Z</time>
		</trkpt>
		<trkpt lat="35.106118" lon="128.956518">
			<ele>0.00</ele>
			<time>2020-01-15T21:36:50.44Z</time>
		</trkpt>
		<trkpt lat="35.106165" lon="128.956500">
			<ele>0.00</ele>
			<time>2020-01-15T21:36:50.77Z</time>
		</trkpt>
		<trkpt lat="35.106203" lon="128.956482">
			<ele>0.00</ele>
			<time>2020-01-15T21:36:51.04Z</time>
		</trkpt>
		<trkpt lat="35.106246" lon="128.956451">
			<ele>0.00</ele>
			<time>2020-01-15T21:36:51.38Z</time>
		</trkpt>
		<trkpt lat="35.106289" lon="128.956415">
			<ele>0.00</ele>
			<time>2020-01-15T21:36:51.72Z</time>
		</trkpt>
		<trkpt lat="35.106311" lon="128.956388">
			<ele>0.00</ele>
			<time>2020-01-15T21:36:51.93Z</time>
		</trkpt>
		<trkpt lat="35.106341" lon="128.956351">
			<ele>0.00</ele>
			<time>2020-01-15T21:36:52.22Z</time>
		</trkpt>
		<trkpt lat="35.106365" lon="128.956312">
			<ele>0.00</ele>
			<time>2020-01-15T21:36:52.48Z</time>
		</trkpt>
		<trkpt lat="35.106368" lon="128.956309">
			<ele>0.00</ele>
			<time>2020-01-15T21:36:52.54Z</time>
		</trkpt>
		<trkpt lat="35.106391" lon="128.956248">
			<ele>0.00</ele>
			<time>2020-01-15T21:36:52.91Z</time>
		</trkpt>
		<trkpt lat="35.106408" lon="128.956206">
			<ele>0.00</ele>
			<time>2020-01-15T21:36:53.16Z</time>
		</trkpt>
		<trkpt lat="35.106425" lon="128.956144">
			<ele>0.00</ele>
			<time>2020-01-15T21:36:53.52Z</time>
		</trkpt>
		<trkpt lat="35.106432" lon="128.956078">
			<ele>0.00</ele>
			<time>2020-01-15T21:36:53.89Z</time>
		</trkpt>
		<trkpt lat="35.106442" lon="128.956020">
			<ele>0.00</ele>
			<time>2020-01-15T21:36:54.21Z</time>
		</trkpt>
		<trkpt lat="35.106456" lon="128.955963">
			<ele>0.00</ele>
			<time>2020-01-15T21:36:54.54Z</time>
		</trkpt>
		<trkpt lat="35.106463" lon="128.955890">
			<ele>0.00</ele>
			<time>2020-01-15T21:36:54.94Z</time>
		</trkpt>
		<trkpt lat="35.106480" lon="128.955817">
			<ele>0.00</ele>
			<time>2020-01-15T21:36:55.35Z</time>
		</trkpt>
		<trkpt lat="35.106486" lon="128.955740">
			<ele>0.00</ele>
			<time>2020-01-15T21:36:55.77Z</time>
		</trkpt>
		<trkpt lat="35.106495" lon="128.955664">
			<ele>0.00</ele>
			<time>2020-01-15T21:36:56.19Z</time>
		</trkpt>
		<trkpt lat="35.106505" lon="128.955596">
			<ele>0.00</ele>
			<time>2020-01-15T21:36:56.57Z</time>
		</trkpt>
		<trkpt lat="35.106515" lon="128.955518">
			<ele>0.00</ele>
			<time>2020-01-15T21:36:57Z</time>
		</trkpt>
		<trkpt lat="35.106530" lon="128.955416">
			<ele>0.00</ele>
			<time>2020-01-15T21:36:57.56Z</time>
		</trkpt>
		<trkpt lat="35.106543" lon="128.955355">
			<ele>0.00</ele>
			<time>2020-01-15T21:36:57.91Z</time>
		</trkpt>
		<trkpt lat="35.106556" lon="128.955279">
			<ele>0.00</ele>
			<time>2020-01-15T21:36:58.33Z</time>
		</trkpt>
		<trkpt lat="35.106567" lon="128.955201">
			<ele>0.00</ele>
			<time>2020-01-15T21:36:58.76Z</time>
		</trkpt>
		<trkpt lat="35.106577" lon="128.955123">
			<ele>0.00</ele>
			<time>2020-01-15T21:36:59.19Z</time>
		</trkpt>
		<trkpt lat="35.106586" lon="128.955049">
			<ele>0.00</ele>
			<time>2020-01-15T21:36:59.60Z</time>
		</trkpt>
		<trkpt lat="35.106594" lon="128.954979">
			<ele>0.00</ele>
			<time>2020-01-15T21:36:59.99Z</time>
		</trkpt>
		<trkpt lat="35.106604" lon="128.954914">
			<ele>0.00</ele>
			<time>2020-01-15T21:37:00.35Z</time>
		</trkpt>
		<trkpt lat="35.106613" lon="128.954845">
			<ele>0.00</ele>
			<time>2020-01-15T21:37:00.73Z</time>
		</trkpt>
		<trkpt lat="35.106623" lon="128.954763">
			<ele>0.00</ele>
			<time>2020-01-15T21:37:01.18Z</time>
		</trkpt>
		<trkpt lat="35.106634" lon="128.954698">
			<ele>0.00</ele>
			<time>2020-01-15T21:37:01.54Z</time>
		</trkpt>
		<trkpt lat="35.106644" lon="128.954619">
			<ele>0.00</ele>
			<time>2020-01-15T21:37:01.98Z</time>
		</trkpt>
		<trkpt lat="35.106654" lon="128.954552">
			<ele>0.00</ele>
			<time>2020-01-15T21:37:02.35Z</time>
		</trkpt>
		<trkpt lat="35.106667" lon="128.954482">
			<ele>0.00</ele>
			<time>2020-01-15T21:37:02.74Z</time>
		</trkpt>
		<trkpt lat="35.106675" lon="128.954408">
			<ele>0.00</ele>
			<time>2020-01-15T21:37:03.15Z</time>
		</trkpt>
		<trkpt lat="35.106689" lon="128.954331">
			<ele>0.00</ele>
			<time>2020-01-15T21:37:03.58Z</time>
		</trkpt>
		<trkpt lat="35.106697" lon="128.954262">
			<ele>0.00</ele>
			<time>2020-01-15T21:37:03.96Z</time>
		</trkpt>
		<trkpt lat="35.106713" lon="128.954180">
			<ele>0.00</ele>
			<time>2020-01-15T21:37:04.42Z</time>
		</trkpt>
		<trkpt lat="35.106720" lon="128.954110">
			<ele>0.00</ele>
			<time>2020-01-15T21:37:04.80Z</time>
		</trkpt>
		<trkpt lat="35.106730" lon="128.954032">
			<ele>0.00</ele>
			<time>2020-01-15T21:37:05.23Z</time>
		</trkpt>
		<trkpt lat="35.106740" lon="128.953962">
			<ele>0.00</ele>
			<time>2020-01-15T21:37:05.62Z</time>
		</trkpt>
		<trkpt lat="35.106751" lon="128.953890">
			<ele>0.00</ele>
			<time>2020-01-15T21:37:06.02Z</time>
		</trkpt>
		<trkpt lat="35.106760" lon="128.953822">
			<ele>0.00</ele>
			<time>2020-01-15T21:37:06.40Z</time>
		</trkpt>
		<trkpt lat="35.106769" lon="128.953761">
			<ele>0.00</ele>
			<time>2020-01-15T21:37:06.73Z</time>
		</trkpt>
		<trkpt lat="35.106775" lon="128.953700">
			<ele>0.00</ele>
			<time>2020-01-15T21:37:07.07Z</time>
		</trkpt>
		<trkpt lat="35.106787" lon="128.953630">
			<ele>0.00</ele>
			<time>2020-01-15T21:37:07.46Z</time>
		</trkpt>
		<trkpt lat="35.106797" lon="128.953553">
			<ele>0.00</ele>
			<time>2020-01-15T21:37:07.89Z</time>
		</trkpt>
		<trkpt lat="35.106807" lon="128.953486">
			<ele>0.00</ele>
			<time>2020-01-15T21:37:08.26Z</time>
		</trkpt>
		<trkpt lat="35.106817" lon="128.953432">
			<ele>0.00</ele>
			<time>2020-01-15T21:37:08.56Z</time>
		</trkpt>
		<trkpt lat="35.106828" lon="128.953376">
			<ele>0.00</ele>
			<time>2020-01-15T21:37:08.87Z</time>
		</trkpt>
		<trkpt lat="35.106835" lon="128.953319">
			<ele>0.00</ele>
			<time>2020-01-15T21:37:09.18Z</time>
		</trkpt>
		<trkpt lat="35.106846" lon="128.953254">
			<ele>0.00</ele>
			<time>2020-01-15T21:37:09.55Z</time>
		</trkpt>
		<trkpt lat="35.106852" lon="128.953200">
			<ele>0.00</ele>
			<time>2020-01-15T21:37:09.85Z</time>
		</trkpt>
		<trkpt lat="35.106862" lon="128.953143">
			<ele>0.00</ele>
			<time>2020-01-15T21:37:10.16Z</time>
		</trkpt>
		<trkpt lat="35.106874" lon="128.953070">
			<ele>0.00</ele>
			<time>2020-01-15T21:37:10.57Z</time>
		</trkpt>
		<trkpt lat="35.106884" lon="128.952993">
			<ele>0.00</ele>
			<time>2020-01-15T21:37:11Z</time>
		</trkpt>
		<trkpt lat="35.106897" lon="128.952922">
			<ele>0.00</ele>
			<time>2020-01-15T21:37:11.39Z</time>
		</trkpt>
		<trkpt lat="35.106904" lon="128.952863">
			<ele>0.00</ele>
			<time>2020-01-15T21:37:11.72Z</time>
		</trkpt>
		<trkpt lat="35.106911" lon="128.952814">
			<ele>0.00</ele>
			<time>2020-01-15T21:37:11.99Z</time>
		</trkpt>
		<trkpt lat="35.106920" lon="128.952748">
			<ele>0.00</ele>
			<time>2020-01-15T21:37:12.35Z</time>
		</trkpt>
		<trkpt lat="35.106929" lon="128.952694">
			<ele>0.00</ele>
			<time>2020-01-15T21:37:12.65Z</time>
		</trkpt>
		<trkpt lat="35.106938" lon="128.952629">
			<ele>0.00</ele>
			<time>2020-01-15T21:37:13.01Z</time>
		</trkpt>
		<trkpt lat="35.106945" lon="128.952575">
			<ele>0.00</ele>
			<time>2020-01-15T21:37:13.31Z</time>
		</trkpt>
		<trkpt lat="35.106954" lon="128.952507">
			<ele>0.00</ele>
			<time>2020-01-15T21:37:13.69Z</time>
		</trkpt>
		<trkpt lat="35.106963" lon="128.952459">
			<ele>0.00</ele>
			<time>2020-01-15T21:37:13.95Z</time>
		</trkpt>
		<trkpt lat="35.106967" lon="128.952407">
			<ele>0.00</ele>
			<time>2020-01-15T21:37:14.24Z</time>
		</trkpt>
		<trkpt lat="35.106977" lon="128.952350">
			<ele>0.00</ele>
			<time>2020-01-15T21:37:14.56Z</time>
		</trkpt>
		<trkpt lat="35.106987" lon="128.952286">
			<ele>0.00</ele>
			<time>2020-01-15T21:37:14.92Z</time>
		</trkpt>
		<trkpt lat="35.106995" lon="128.952217">
			<ele>0.00</ele>
			<time>2020-01-15T21:37:15.29Z</time>
		</trkpt>
		<trkpt lat="35.107007" lon="128.952135">
			<ele>0.00</ele>
			<time>2020-01-15T21:37:15.74Z</time>
		</trkpt>
		<trkpt lat="35.107019" lon="128.952064">
			<ele>0.00</ele>
			<time>2020-01-15T21:37:16.14Z</time>
		</trkpt>
		<trkpt lat="35.107030" lon="128.951979">
			<ele>0.00</ele>
			<time>2020-01-15T21:37:16.61Z</time>
		</trkpt>
		<trkpt lat="35.107041" lon="128.951920">
			<ele>0.00</ele>
			<time>2020-01-15T21:37:16.94Z</time>
		</trkpt>
		<trkpt lat="35.107054" lon="128.951850">
			<ele>0.00</ele>
			<time>2020-01-15T21:37:17.33Z</time>
		</trkpt>
		<trkpt lat="35.107064" lon="128.951768">
			<ele>0.00</ele>
			<time>2020-01-15T21:37:17.78Z</time>
		</trkpt>
		<trkpt lat="35.107077" lon="128.951687">
			<ele>0.00</ele>
			<time>2020-01-15T21:37:18.24Z</time>
		</trkpt>
		<trkpt lat="35.107088" lon="128.951617">
			<ele>0.00</ele>
			<time>2020-01-15T21:37:18.63Z</time>
		</trkpt>
		<trkpt lat="35.107096" lon="128.951557">
			<ele>0.00</ele>
			<time>2020-01-15T21:37:18.96Z</time>
		</trkpt>
		<trkpt lat="35.107109" lon="128.951483">
			<ele>0.00</ele>
			<time>2020-01-15T21:37:19.37Z</time>
		</trkpt>
		<trkpt lat="35.107118" lon="128.951423">
			<ele>0.00</ele>
			<time>2020-01-15T21:37:19.70Z</time>
		</trkpt>
		<trkpt lat="35.107128" lon="128.951356">
			<ele>0.00</ele>
			<time>2020-01-15T21:37:20.07Z</time>
		</trkpt>
		<trkpt lat="35.107137" lon="128.951289">
			<ele>0.00</ele>
			<time>2020-01-15T21:37:20.44Z</time>
		</trkpt>
		<trkpt lat="35.107150" lon="128.951222">
			<ele>0.00</ele>
			<time>2020-01-15T21:37:20.82Z</time>
		</trkpt>
		<trkpt lat="35.107155" lon="128.951151">
			<ele>0.00</ele>
			<time>2020-01-15T21:37:21.21Z</time>
		</trkpt>
		<trkpt lat="35.107163" lon="128.951093">
			<ele>0.00</ele>
			<time>2020-01-15T21:37:21.53Z</time>
		</trkpt>
		<trkpt lat="35.107172" lon="128.951035">
			<ele>0.00</ele>
			<time>2020-01-15T21:37:21.85Z</time>
		</trkpt>
		<trkpt lat="35.107181" lon="128.950975">
			<ele>0.00</ele>
			<time>2020-01-15T21:37:22.18Z</time>
		</trkpt>
		<trkpt lat="35.107193" lon="128.950904">
			<ele>0.00</ele>
			<time>2020-01-15T21:37:22.58Z</time>
		</trkpt>
		<trkpt lat="35.107201" lon="128.950842">
			<ele>0.00</ele>
			<time>2020-01-15T21:37:22.92Z</time>
		</trkpt>
		<trkpt lat="35.107212" lon="128.950763">
			<ele>0.00</ele>
			<time>2020-01-15T21:37:23.36Z</time>
		</trkpt>
		<trkpt lat="35.107221" lon="128.950688">
			<ele>0.00</ele>
			<time>2020-01-15T21:37:23.77Z</time>
		</trkpt>
		<trkpt lat="35.107230" lon="128.950608">
			<ele>0.00</ele>
			<time>2020-01-15T21:37:24.21Z</time>
		</trkpt>
		<trkpt lat="35.107240" lon="128.950560">
			<ele>0.00</ele>
			<time>2020-01-15T21:37:24.48Z</time>
		</trkpt>
		<trkpt lat="35.107252" lon="128.950507">
			<ele>0.00</ele>
			<time>2020-01-15T21:37:24.78Z</time>
		</trkpt>
		<trkpt lat="35.107259" lon="128.950443">
			<ele>0.00</ele>
			<time>2020-01-15T21:37:25.14Z</time>
		</trkpt>
		<trkpt lat="35.107266" lon="128.950373">
			<ele>0.00</ele>
			<time>2020-01-15T21:37:25.52Z</time>
		</trkpt>
		<trkpt lat="35.107272" lon="128.950310">
			<ele>0.00</ele>
			<time>2020-01-15T21:37:25.86Z</time>
		</trkpt>
		<trkpt lat="35.107279" lon="128.950257">
			<ele>0.00</ele>
			<time>2020-01-15T21:37:26.16Z</time>
		</trkpt>
		<trkpt lat="35.107292" lon="128.950186">
			<ele>0.00</ele>
			<time>2020-01-15T21:37:26.55Z</time>
		</trkpt>
		<trkpt lat="35.107300" lon="128.950137">
			<ele>0.00</ele>
			<time>2020-01-15T21:37:26.83Z</time>
		</trkpt>
		<trkpt lat="35.107310" lon="128.950070">
			<ele>0.00</ele>
			<time>2020-01-15T21:37:27.20Z</time>
		</trkpt>
		<trkpt lat="35.107319" lon="128.950005">
			<ele>0.00</ele>
			<time>2020-01-15T21:37:27.56Z</time>
		</trkpt>
		<trkpt lat="35.107328" lon="128.949938">
			<ele>0.00</ele>
			<time>2020-01-15T21:37:27.93Z</time>
		</trkpt>
		<trkpt lat="35.107340" lon="128.949870">
			<ele>0.00</ele>
			<time>2020-01-15T21:37:28.31Z</time>
		</trkpt>
		<trkpt lat="35.107354" lon="128.949781">
			<ele>0.00</ele>
			<time>2020-01-15T21:37:28.81Z</time>
		</trkpt>
		<trkpt lat="35.107365" lon="128.949706">
			<ele>0.00</ele>
			<time>2020-01-15T21:37:29.22Z</time>
		</trkpt>
		<trkpt lat="35.107375" lon="128.949637">
			<ele>0.00</ele>
			<time>2020-01-15T21:37:29.60Z</time>
		</trkpt>
		<trkpt lat="35.107384" lon="128.949566">
			<ele>0.00</ele>
			<time>2020-01-15T21:37:29.99Z</time>
		</trkpt>
		<trkpt lat="35.107394" lon="128.949508">
			<ele>0.00</ele>
			<time>2020-01-15T21:37:30.31Z</time>
		</trkpt>
		<trkpt lat="35.107401" lon="128.949456">
			<ele>0.00</ele>
			<time>2020-01-15T21:37:30.60Z</time>
		</trkpt>
		<trkpt lat="35.107411" lon="128.949403">
			<ele>0.00</ele>
			<time>2020-01-15T21:37:30.90Z</time>
		</trkpt>
		<trkpt lat="35.107421" lon="128.949341">
			<ele>0.00</ele>
			<time>2020-01-15T21:37:31.25Z</time>
		</trkpt>
		<trkpt lat="35.107424" lon="128.949295">
			<ele>0.00</ele>
			<time>2020-01-15T21:37:31.50Z</time>
		</trkpt>
		<trkpt lat="35.107431" lon="128.949252">
			<ele>0.00</ele>
			<time>2020-01-15T21:37:31.74Z</time>
		</trkpt>
		<trkpt lat="35.107438" lon="128.949199">
			<ele>0.00</ele>
			<time>2020-01-15T21:37:32.03Z</time>
		</trkpt>
		<trkpt lat="35.107442" lon="128.949154">
			<ele>0.00</ele>
			<time>2020-01-15T21:37:32.27Z</time>
		</trkpt>
		<trkpt lat="35.107451" lon="128.949100">
			<ele>0.00</ele>
			<time>2020-01-15T21:37:32.57Z</time>
		</trkpt>
		<trkpt lat="35.107456" lon="128.949046">
			<ele>0.00</ele>
			<time>2020-01-15T21:37:32.87Z</time>
		</trkpt>
		<trkpt lat="35.107465" lon="128.949003">
			<ele>0.00</ele>
			<time>2020-01-15T21:37:33.12Z</time>
		</trkpt>
		<trkpt lat="35.107472" lon="128.948948">
			<ele>0.00</ele>
			<time>2020-01-15T21:37:33.42Z</time>
		</trkpt>
		<trkpt lat="35.107477" lon="128.948898">
			<ele>0.00</ele>
			<time>2020-01-15T21:37:33.69Z</time>
		</trkpt>
		<trkpt lat="35.107481" lon="128.948843">
			<ele>0.00</ele>
			<time>2020-01-15T21:37:33.99Z</time>
		</trkpt>
		<trkpt lat="35.107490" lon="128.948787">
			<ele>0.00</ele>
			<time>2020-01-15T21:37:34.30Z</time>
		</trkpt>
		<trkpt lat="35.107497" lon="128.948736">
			<ele>0.00</ele>
			<time>2020-01-15T21:37:34.58Z</time>
		</trkpt>
		<trkpt lat="35.107503" lon="128.948690">
			<ele>0.00</ele>
			<time>2020-01-15T21:37:34.84Z</time>
		</trkpt>
		<trkpt lat="35.107509" lon="128.948649">
			<ele>0.00</ele>
			<time>2020-01-15T21:37:35.06Z</time>
		</trkpt>
		<trkpt lat="35.107514" lon="128.948600">
			<ele>0.00</ele>
			<time>2020-01-15T21:37:35.34Z</time>
		</trkpt>
		<trkpt lat="35.107521" lon="128.948540">
			<ele>0.00</ele>
			<time>2020-01-15T21:37:35.66Z</time>
		</trkpt>
		<trkpt lat="35.107522" lon="128.948496">
			<ele>0.00</ele>
			<time>2020-01-15T21:37:35.91Z</time>
		</trkpt>
		<trkpt lat="35.107527" lon="128.948448">
			<ele>0.00</ele>
			<time>2020-01-15T21:37:36.17Z</time>
		</trkpt>
		<trkpt lat="35.107529" lon="128.948410">
			<ele>0.00</ele>
			<time>2020-01-15T21:37:36.38Z</time>
		</trkpt>
		<trkpt lat="35.107535" lon="128.948364">
			<ele>0.00</ele>
			<time>2020-01-15T21:37:36.64Z</time>
		</trkpt>
		<trkpt lat="35.107540" lon="128.948317">
			<ele>0.00</ele>
			<time>2020-01-15T21:37:36.89Z</time>
		</trkpt>
		<trkpt lat="35.107545" lon="128.948263">
			<ele>0.00</ele>
			<time>2020-01-15T21:37:37.19Z</time>
		</trkpt>
		<trkpt lat="35.107552" lon="128.948207">
			<ele>0.00</ele>
			<time>2020-01-15T21:37:37.50Z</time>
		</trkpt>
		<trkpt lat="35.107559" lon="128.948167">
			<ele>0.00</ele>
			<time>2020-01-15T21:37:37.72Z</time>
		</trkpt>
		<trkpt lat="35.107570" lon="128.948115">
			<ele>0.00</ele>
			<time>2020-01-15T21:37:38.01Z</time>
		</trkpt>
		<trkpt lat="35.107579" lon="128.948072">
			<ele>0.00</ele>
			<time>2020-01-15T21:37:38.26Z</time>
		</trkpt>
		<trkpt lat="35.107590" lon="128.948024">
			<ele>0.00</ele>
			<time>2020-01-15T21:37:38.53Z</time>
		</trkpt>
		<trkpt lat="35.107597" lon="128.947990">
			<ele>0.00</ele>
			<time>2020-01-15T21:37:38.72Z</time>
		</trkpt>
		<trkpt lat="35.107603" lon="128.947956">
			<ele>0.00</ele>
			<time>2020-01-15T21:37:38.91Z</time>
		</trkpt>
		<trkpt lat="35.107611" lon="128.947919">
			<ele>0.00</ele>
			<time>2020-01-15T21:37:39.12Z</time>
		</trkpt>
		<trkpt lat="35.107621" lon="128.947876">
			<ele>0.00</ele>
			<time>2020-01-15T21:37:39.36Z</time>
		</trkpt>
		<trkpt lat="35.107631" lon="128.947826">
			<ele>0.00</ele>
			<time>2020-01-15T21:37:39.64Z</time>
		</trkpt>
		<trkpt lat="35.107636" lon="128.947786">
			<ele>0.00</ele>
			<time>2020-01-15T21:37:39.86Z</time>
		</trkpt>
		<trkpt lat="35.107643" lon="128.947750">
			<ele>0.00</ele>
			<time>2020-01-15T21:37:40.06Z</time>
		</trkpt>
		<trkpt lat="35.107649" lon="128.947714">
			<ele>0.00</ele>
			<time>2020-01-15T21:37:40.26Z</time>
		</trkpt>
		<trkpt lat="35.107659" lon="128.947667">
			<ele>0.00</ele>
			<time>2020-01-15T21:37:40.53Z</time>
		</trkpt>
		<trkpt lat="35.107669" lon="128.947613">
			<ele>0.00</ele>
			<time>2020-01-15T21:37:40.83Z</time>
		</trkpt>
		<trkpt lat="35.107678" lon="128.947564">
			<ele>0.00</ele>
			<time>2020-01-15T21:37:41.10Z</time>
		</trkpt>
		<trkpt lat="35.107684" lon="128.947533">
			<ele>0.00</ele>
			<time>2020-01-15T21:37:41.28Z</time>
		</trkpt>
		<trkpt lat="35.107688" lon="128.947507">
			<ele>0.00</ele>
			<time>2020-01-15T21:37:41.42Z</time>
		</trkpt>
		<trkpt lat="35.107693" lon="128.947459">
			<ele>0.00</ele>
			<time>2020-01-15T21:37:41.68Z</time>
		</trkpt>
		<trkpt lat="35.107698" lon="128.947422">
			<ele>0.00</ele>
			<time>2020-01-15T21:37:41.89Z</time>
		</trkpt>
		<trkpt lat="35.107703" lon="128.947366">
			<ele>0.00</ele>
			<time>2020-01-15T21:37:42.20Z</time>
		</trkpt>
		<trkpt lat="35.107717" lon="128.947292">
			<ele>0.00</ele>
			<time>2020-01-15T21:37:42.61Z</time>
		</trkpt>
		<trkpt lat="35.107730" lon="128.947228">
			<ele>0.00</ele>
			<time>2020-01-15T21:37:42.97Z</time>
		</trkpt>
		<trkpt lat="35.107734" lon="128.947160">
			<ele>0.00</ele>
			<time>2020-01-15T21:37:43.34Z</time>
		</trkpt>
		<trkpt lat="35.107746" lon="128.947097">
			<ele>0.00</ele>
			<time>2020-01-15T21:37:43.70Z</time>
		</trkpt>
		<trkpt lat="35.107755" lon="128.947018">
			<ele>0.00</ele>
			<time>2020-01-15T21:37:44.13Z</time>
		</trkpt>
		<trkpt lat="35.107766" lon="128.946961">
			<ele>0.00</ele>
			<time>2020-01-15T21:37:44.45Z</time>
		</trkpt>
		<trkpt lat="35.107779" lon="128.946898">
			<ele>0.00</ele>
			<time>2020-01-15T21:37:44.80Z</time>
		</trkpt>
		<trkpt lat="35.107795" lon="128.946838">
			<ele>0.00</ele>
			<time>2020-01-15T21:37:45.15Z</time>
		</trkpt>
		<trkpt lat="35.107816" lon="128.946780">
			<ele>0.00</ele>
			<time>2020-01-15T21:37:45.49Z</time>
		</trkpt>
		<trkpt lat="35.107829" lon="128.946734">
			<ele>0.00</ele>
			<time>2020-01-15T21:37:45.76Z</time>
		</trkpt>
		<trkpt lat="35.107839" lon="128.946675">
			<ele>0.00</ele>
			<time>2020-01-15T21:37:46.09Z</time>
		</trkpt>
		<trkpt lat="35.107841" lon="128.946620">
			<ele>0.00</ele>
			<time>2020-01-15T21:37:46.39Z</time>
		</trkpt>
		<trkpt lat="35.107843" lon="128.946570">
			<ele>0.00</ele>
			<time>2020-01-15T21:37:46.66Z</time>
		</trkpt>
		<trkpt lat="35.107842" lon="128.946506">
			<ele>0.00</ele>
			<time>2020-01-15T21:37:47.01Z</time>
		</trkpt>
		<trkpt lat="35.107838" lon="128.946438">
			<ele>0.00</ele>
			<time>2020-01-15T21:37:47.39Z</time>
		</trkpt>
		<trkpt lat="35.107842" lon="128.946374">
			<ele>0.00</ele>
			<time>2020-01-15T21:37:47.73Z</time>
		</trkpt>
		<trkpt lat="35.107853" lon="128.946316">
			<ele>0.00</ele>
			<time>2020-01-15T21:37:48.06Z</time>
		</trkpt>
		<trkpt lat="35.107866" lon="128.946247">
			<ele>0.00</ele>
			<time>2020-01-15T21:37:48.44Z</time>
		</trkpt>
		<trkpt lat="35.107872" lon="128.946186">
			<ele>0.00</ele>
			<time>2020-01-15T21:37:48.78Z</time>
		</trkpt>
		<trkpt lat="35.107890" lon="128.946129">
			<ele>0.00</ele>
			<time>2020-01-15T21:37:49.11Z</time>
		</trkpt>
		<trkpt lat="35.107898" lon="128.946075">
			<ele>0.00</ele>
			<time>2020-01-15T21:37:49.41Z</time>
		</trkpt>
		<trkpt lat="35.107884" lon="128.946018">
			<ele>0.00</ele>
			<time>2020-01-15T21:37:49.73Z</time>
		</trkpt>
		<trkpt lat="35.107863" lon="128.945974">
			<ele>0.00</ele>
			<time>2020-01-15T21:37:50.01Z</time>
		</trkpt>
		<trkpt lat="35.107844" lon="128.945930">
			<ele>0.00</ele>
			<time>2020-01-15T21:37:50.28Z</time>
		</trkpt>
		<trkpt lat="35.107856" lon="128.945866">
			<ele>0.00</ele>
			<time>2020-01-15T21:37:50.64Z</time>
		</trkpt>
		<trkpt lat="35.107875" lon="128.945766">
			<ele>0.00</ele>
			<time>2020-01-15T21:37:51.20Z</time>
		</trkpt>
		<trkpt lat="35.107887" lon="128.945707">
			<ele>0.00</ele>
			<time>2020-01-15T21:37:51.54Z</time>
		</trkpt>
		<trkpt lat="35.107900" lon="128.945654">
			<ele>0.00</ele>
			<time>2020-01-15T21:37:51.83Z</time>
		</trkpt>
		<trkpt lat="35.107911" lon="128.945591">
			<ele>0.00</ele>
			<time>2020-01-15T21:37:52.19Z</time>
		</trkpt>
		<trkpt lat="35.107919" lon="128.945536">
			<ele>0.00</ele>
			<time>2020-01-15T21:37:52.49Z</time>
		</trkpt>
		<trkpt lat="35.107928" lon="128.945485">
			<ele>0.00</ele>
			<time>2020-01-15T21:37:52.78Z</time>
		</trkpt>
		<trkpt lat="35.107939" lon="128.945424">
			<ele>0.00</ele>
			<time>2020-01-15T21:37:53.12Z</time>
		</trkpt>
		<trkpt lat="35.107953" lon="128.945364">
			<ele>0.00</ele>
			<time>2020-01-15T21:37:53.46Z</time>
		</trkpt>
		<trkpt lat="35.107963" lon="128.945294">
			<ele>0.00</ele>
			<time>2020-01-15T21:37:53.85Z</time>
		</trkpt>
		<trkpt lat="35.107975" lon="128.945231">
			<ele>0.00</ele>
			<time>2020-01-15T21:37:54.20Z</time>
		</trkpt>
		<trkpt lat="35.107983" lon="128.945169">
			<ele>0.00</ele>
			<time>2020-01-15T21:37:54.54Z</time>
		</trkpt>
		<trkpt lat="35.107993" lon="128.945102">
			<ele>0.00</ele>
			<time>2020-01-15T21:37:54.91Z</time>
		</trkpt>
		<trkpt lat="35.108008" lon="128.945035">
			<ele>0.00</ele>
			<time>2020-01-15T21:37:55.29Z</time>
		</trkpt>
		<trkpt lat="35.108017" lon="128.944973">
			<ele>0.00</ele>
			<time>2020-01-15T21:37:55.63Z</time>
		</trkpt>
		<trkpt lat="35.108029" lon="128.944915">
			<ele>0.00</ele>
			<time>2020-01-15T21:37:55.96Z</time>
		</trkpt>
		<trkpt lat="35.108052" lon="128.944863">
			<ele>0.00</ele>
			<time>2020-01-15T21:37:56.28Z</time>
		</trkpt>
		<trkpt lat="35.108075" lon="128.944810">
			<ele>0.00</ele>
			<time>2020-01-15T21:37:56.61Z</time>
		</trkpt>
		<trkpt lat="35.108099" lon="128.944741">
			<ele>0.00</ele>
			<time>2020-01-15T21:37:57.02Z</time>
		</trkpt>
		<trkpt lat="35.108116" lon="128.944674">
			<ele>0.00</ele>
			<time>2020-01-15T21:37:57.40Z</time>
		</trkpt>
		<trkpt lat="35.108129" lon="128.944612">
			<ele>0.00</ele>
			<time>2020-01-15T21:37:57.75Z</time>
		</trkpt>
		<trkpt lat="35.108133" lon="128.944553">
			<ele>0.00</ele>
			<time>2020-01-15T21:37:58.07Z</time>
		</trkpt>
		<trkpt lat="35.108139" lon="128.944493">
			<ele>0.00</ele>
			<time>2020-01-15T21:37:58.40Z</time>
		</trkpt>
		<trkpt lat="35.108149" lon="128.944441">
			<ele>0.00</ele>
			<time>2020-01-15T21:37:58.69Z</time>
		</trkpt>
		<trkpt lat="35.108157" lon="128.944377">
			<ele>0.00</ele>
			<time>2020-01-15T21:37:59.04Z</time>
		</trkpt>
		<trkpt lat="35.108164" lon="128.944328">
			<ele>0.00</ele>
			<time>2020-01-15T21:37:59.32Z</time>
		</trkpt>
		<trkpt lat="35.108172" lon="128.944275">
			<ele>0.00</ele>
			<time>2020-01-15T21:37:59.61Z</time>
		</trkpt>
		<trkpt lat="35.108175" lon="128.944223">
			<ele>0.00</ele>
			<time>2020-01-15T21:37:59.89Z</time>
		</trkpt>
		<trkpt lat="35.108180" lon="128.944166">
			<ele>0.00</ele>
			<time>2020-01-15T21:38:00.21Z</time>
		</trkpt>
		<trkpt lat="35.108185" lon="128.944114">
			<ele>0.00</ele>
			<time>2020-01-15T21:38:00.49Z</time>
		</trkpt>
		<trkpt lat="35.108190" lon="128.944050">
			<ele>0.00</ele>
			<time>2020-01-15T21:38:00.84Z</time>
		</trkpt>
		<trkpt lat="35.108196" lon="128.943990">
			<ele>0.00</ele>
			<time>2020-01-15T21:38:01.17Z</time>
		</trkpt>
		<trkpt lat="35.108201" lon="128.943930">
			<ele>0.00</ele>
			<time>2020-01-15T21:38:01.50Z</time>
		</trkpt>
		<trkpt lat="35.108205" lon="128.943882">
			<ele>0.00</ele>
			<time>2020-01-15T21:38:01.77Z</time>
		</trkpt>
		<trkpt lat="35.108216" lon="128.943830">
			<ele>0.00</ele>
			<time>2020-01-15T21:38:02.06Z</time>
		</trkpt>
		<trkpt lat="35.108226" lon="128.943771">
			<ele>0.00</ele>
			<time>2020-01-15T21:38:02.39Z</time>
		</trkpt>
		<trkpt lat="35.108240" lon="128.943712">
			<ele>0.00</ele>
			<time>2020-01-15T21:38:02.72Z</time>
		</trkpt>
		<trkpt lat="35.108248" lon="128.943642">
			<ele>0.00</ele>
			<time>2020-01-15T21:38:03.11Z</time>
		</trkpt>
		<trkpt lat="35.108253" lon="128.943592">
			<ele>0.00</ele>
			<time>2020-01-15T21:38:03.38Z</time>
		</trkpt>
		<trkpt lat="35.108259" lon="128.943529">
			<ele>0.00</ele>
			<time>2020-01-15T21:38:03.73Z</time>
		</trkpt>
		<trkpt lat="35.108262" lon="128.943485">
			<ele>0.00</ele>
			<time>2020-01-15T21:38:03.97Z</time>
		</trkpt>
		<trkpt lat="35.108266" lon="128.943447">
			<ele>0.00</ele>
			<time>2020-01-15T21:38:04.17Z</time>
		</trkpt>
		<trkpt lat="35.108274" lon="128.943379">
			<ele>0.00</ele>
			<time>2020-01-15T21:38:04.55Z</time>
		</trkpt>
		<trkpt lat="35.108282" lon="128.943309">
			<ele>0.00</ele>
			<time>2020-01-15T21:38:04.94Z</time>
		</trkpt>
		<trkpt lat="35.108290" lon="128.943247">
			<ele>0.00</ele>
			<time>2020-01-15T21:38:05.28Z</time>
		</trkpt>
		<trkpt lat="35.108293" lon="128.943186">
			<ele>0.00</ele>
			<time>2020-01-15T21:38:05.61Z</time>
		</trkpt>
		<trkpt lat="35.108305" lon="128.943108">
			<ele>0.00</ele>
			<time>2020-01-15T21:38:06.05Z</time>
		</trkpt>
		<trkpt lat="35.108319" lon="128.943030">
			<ele>0.00</ele>
			<time>2020-01-15T21:38:06.48Z</time>
		</trkpt>
		<trkpt lat="35.108331" lon="128.942958">
			<ele>0.00</ele>
			<time>2020-01-15T21:38:06.88Z</time>
		</trkpt>
		<trkpt lat="35.108346" lon="128.942899">
			<ele>0.00</ele>
			<time>2020-01-15T21:38:07.22Z</time>
		</trkpt>
		<trkpt lat="35.108354" lon="128.942834">
			<ele>0.00</ele>
			<time>2020-01-15T21:38:07.58Z</time>
		</trkpt>
		<trkpt lat="35.108366" lon="128.942774">
			<ele>0.00</ele>
			<time>2020-01-15T21:38:07.91Z</time>
		</trkpt>
		<trkpt lat="35.108371" lon="128.942714">
			<ele>0.00</ele>
			<time>2020-01-15T21:38:08.24Z</time>
		</trkpt>
		<trkpt lat="35.108388" lon="128.942644">
			<ele>0.00</ele>
			<time>2020-01-15T21:38:08.64Z</time>
		</trkpt>
		<trkpt lat="35.108398" lon="128.942561">
			<ele>0.00</ele>
			<time>2020-01-15T21:38:09.10Z</time>
		</trkpt>
		<trkpt lat="35.108408" lon="128.942499">
			<ele>0.00</ele>
			<time>2020-01-15T21:38:09.44Z</time>
		</trkpt>
		<trkpt lat="35.108417" lon="128.942417">
			<ele>0.00</ele>
			<time>2020-01-15T21:38:09.89Z</time>
		</trkpt>
		<trkpt lat="35.108429" lon="128.942345">
			<ele>0.00</ele>
			<time>2020-01-15T21:38:10.29Z</time>
		</trkpt>
		<trkpt lat="35.108443" lon="128.942264">
			<ele>0.00</ele>
			<time>2020-01-15T21:38:10.75Z</time>
		</trkpt>
		<trkpt lat="35.108449" lon="128.942202">
			<ele>0.00</ele>
			<time>2020-01-15T21:38:11.08Z</time>
		</trkpt>
		<trkpt lat="35.108457" lon="128.942144">
			<ele>0.00</ele>
			<time>2020-01-15T21:38:11.41Z</time>
		</trkpt>
		<trkpt lat="35.108468" lon="128.942068">
			<ele>0.00</ele>
			<time>2020-01-15T21:38:11.83Z</time>
		</trkpt>
		<trkpt lat="35.108486" lon="128.941969">
			<ele>0.00</ele>
			<time>2020-01-15T21:38:12.38Z</time>
		</trkpt>
		<trkpt lat="35.108493" lon="128.941916">
			<ele>0.00</ele>
			<time>2020-01-15T21:38:12.67Z</time>
		</trkpt>
		<trkpt lat="35.108504" lon="128.941846">
			<ele>0.00</ele>
			<time>2020-01-15T21:38:13.06Z</time>
		</trkpt>
		<trkpt lat="35.108518" lon="128.941766">
			<ele>0.00</ele>
			<time>2020-01-15T21:38:13.51Z</time>
		</trkpt>
		<trkpt lat="35.108532" lon="128.941687">
			<ele>0.00</ele>
			<time>2020-01-15T21:38:13.95Z</time>
		</trkpt>
		<trkpt lat="35.108551" lon="128.941582">
			<ele>0.00</ele>
			<time>2020-01-15T21:38:14.53Z</time>
		</trkpt>
		<trkpt lat="35.108562" lon="128.941500">
			<ele>0.00</ele>
			<time>2020-01-15T21:38:14.99Z</time>
		</trkpt>
		<trkpt lat="35.108578" lon="128.941417">
			<ele>0.00</ele>
			<time>2020-01-15T21:38:15.45Z</time>
		</trkpt>
		<trkpt lat="35.108588" lon="128.941336">
			<ele>0.00</ele>
			<time>2020-01-15T21:38:15.90Z</time>
		</trkpt>
		<trkpt lat="35.108603" lon="128.941269">
			<ele>0.00</ele>
			<time>2020-01-15T21:38:16.28Z</time>
		</trkpt>
		<trkpt lat="35.108614" lon="128.941183">
			<ele>0.00</ele>
			<time>2020-01-15T21:38:16.76Z</time>
		</trkpt>
		<trkpt lat="35.108627" lon="128.941110">
			<ele>0.00</ele>
			<time>2020-01-15T21:38:17.16Z</time>
		</trkpt>
		<trkpt lat="35.108639" lon="128.941043">
			<ele>0.00</ele>
			<time>2020-01-15T21:38:17.53Z</time>
		</trkpt>
		<trkpt lat="35.108649" lon="128.940987">
			<ele>0.00</ele>
			<time>2020-01-15T21:38:17.85Z</time>
		</trkpt>
		<trkpt lat="35.108662" lon="128.940919">
			<ele>0.00</ele>
			<time>2020-01-15T21:38:18.23Z</time>
		</trkpt>
		<trkpt lat="35.108673" lon="128.940848">
			<ele>0.00</ele>
			<time>2020-01-15T21:38:18.62Z</time>
		</trkpt>
		<trkpt lat="35.108691" lon="128.940750">
			<ele>0.00</ele>
			<time>2020-01-15T21:38:19.17Z</time>
		</trkpt>
		<trkpt lat="35.108702" lon="128.940687">
			<ele>0.00</ele>
			<time>2020-01-15T21:38:19.52Z</time>
		</trkpt>
		<trkpt lat="35.108708" lon="128.940646">
			<ele>0.00</ele>
			<time>2020-01-15T21:38:19.75Z</time>
		</trkpt>
		<trkpt lat="35.108718" lon="128.940596">
			<ele>0.00</ele>
			<time>2020-01-15T21:38:20.03Z</time>
		</trkpt>
		<trkpt lat="35.108719" lon="128.940586">
			<ele>0.00</ele>
			<time>2020-01-15T21:38:20.09Z</time>
		</trkpt>
		<trkpt lat="35.108725" lon="128.940533">
			<ele>0.00</ele>
			<time>2020-01-15T21:38:20.38Z</time>
		</trkpt>
		<trkpt lat="35.108748" lon="128.940442">
			<ele>0.00</ele>
			<time>2020-01-15T21:38:20.90Z</time>
		</trkpt>
		<trkpt lat="35.108769" lon="128.940367">
			<ele>0.00</ele>
			<time>2020-01-15T21:38:21.33Z</time>
		</trkpt>
		<trkpt lat="35.108796" lon="128.940280">
			<ele>0.00</ele>
			<time>2020-01-15T21:38:21.84Z</time>
		</trkpt>
		<trkpt lat="35.108816" lon="128.940194">
			<ele>0.00</ele>
			<time>2020-01-15T21:38:22.33Z</time>
		</trkpt>
		<trkpt lat="35.108836" lon="128.940081">
			<ele>0.00</ele>
			<time>2020-01-15T21:38:22.96Z</time>
		</trkpt>
		<trkpt lat="35.108856" lon="128.939987">
			<ele>0.00</ele>
			<time>2020-01-15T21:38:23.49Z</time>
		</trkpt>
		<trkpt lat="35.108871" lon="128.939897">
			<ele>0.00</ele>
			<time>2020-01-15T21:38:23.99Z</time>
		</trkpt>
		<trkpt lat="35.108891" lon="128.939817">
			<ele>0.00</ele>
			<time>2020-01-15T21:38:24.45Z</time>
		</trkpt>
		<trkpt lat="35.108910" lon="128.939749">
			<ele>0.00</ele>
			<time>2020-01-15T21:38:24.84Z</time>
		</trkpt>
		<trkpt lat="35.108924" lon="128.939678">
			<ele>0.00</ele>
			<time>2020-01-15T21:38:25.24Z</time>
		</trkpt>
		<trkpt lat="35.108937" lon="128.939601">
			<ele>0.00</ele>
			<time>2020-01-15T21:38:25.66Z</time>
		</trkpt>
		<trkpt lat="35.108952" lon="128.939540">
			<ele>0.00</ele>
			<time>2020-01-15T21:38:26.01Z</time>
		</trkpt>
		<trkpt lat="35.108970" lon="128.939458">
			<ele>0.00</ele>
			<time>2020-01-15T21:38:26.48Z</time>
		</trkpt>
		<trkpt lat="35.108996" lon="128.939363">
			<ele>0.00</ele>
			<time>2020-01-15T21:38:27.02Z</time>
		</trkpt>
		<trkpt lat="35.109012" lon="128.939284">
			<ele>0.00</ele>
			<time>2020-01-15T21:38:27.47Z</time>
		</trkpt>
		<trkpt lat="35.109036" lon="128.939186">
			<ele>0.00</ele>
			<time>2020-01-15T21:38:28.02Z</time>
		</trkpt>
		<trkpt lat="35.109058" lon="128.939103">
			<ele>0.00</ele>
			<time>2020-01-15T21:38:28.50Z</time>
		</trkpt>
		<trkpt lat="35.109076" lon="128.939016">
			<ele>0.00</ele>
			<time>2020-01-15T21:38:28.99Z</time>
		</trkpt>
		<trkpt lat="35.109097" lon="128.938916">
			<ele>0.00</ele>
			<time>2020-01-15T21:38:29.55Z</time>
		</trkpt>
		<trkpt lat="35.109125" lon="128.938819">
			<ele>0.00</ele>
			<time>2020-01-15T21:38:30.11Z</time>
		</trkpt>
		<trkpt lat="35.109152" lon="128.938717">
			<ele>0.00</ele>
			<time>2020-01-15T21:38:30.70Z</time>
		</trkpt>
		<trkpt lat="35.109165" lon="128.938648">
			<ele>0.00</ele>
			<time>2020-01-15T21:38:31.09Z</time>
		</trkpt>
		<trkpt lat="35.109183" lon="128.938573">
			<ele>0.00</ele>
			<time>2020-01-15T21:38:31.51Z</time>
		</trkpt>
		<trkpt lat="35.109203" lon="128.938487">
			<ele>0.00</ele>
			<time>2020-01-15T21:38:32Z</time>
		</trkpt>
		<trkpt lat="35.109213" lon="128.938404">
			<ele>0.00</ele>
			<time>2020-01-15T21:38:32.46Z</time>
		</trkpt>
		<trkpt lat="35.109231" lon="128.938313">
			<ele>0.00</ele>
			<time>2020-01-15T21:38:32.96Z</time>
		</trkpt>
		<trkpt lat="35.109257" lon="128.938221">
			<ele>0.00</ele>
			<time>2020-01-15T21:38:33.50Z</time>
		</trkpt>
		<trkpt lat="35.109280" lon="128.938130">
			<ele>0.00</ele>
			<time>2020-01-15T21:38:34.02Z</time>
		</trkpt>
		<trkpt lat="35.109298" lon="128.938057">
			<ele>0.00</ele>
			<time>2020-01-15T21:38:34.43Z</time>
		</trkpt>
		<trkpt lat="35.109305" lon="128.937980">
			<ele>0.00</ele>
			<time>2020-01-15T21:38:34.86Z</time>
		</trkpt>
		<trkpt lat="35.109328" lon="128.937900">
			<ele>0.00</ele>
			<time>2020-01-15T21:38:35.32Z</time>
		</trkpt>
		<trkpt lat="35.109345" lon="128.937827">
			<ele>0.00</ele>
			<time>2020-01-15T21:38:35.73Z</time>
		</trkpt>
		<trkpt lat="35.109365" lon="128.937745">
			<ele>0.00</ele>
			<time>2020-01-15T21:38:36.20Z</time>
		</trkpt>
		<trkpt lat="35.109375" lon="128.937671">
			<ele>0.00</ele>
			<time>2020-01-15T21:38:36.61Z</time>
		</trkpt>
		<trkpt lat="35.109392" lon="128.937595">
			<ele>0.00</ele>
			<time>2020-01-15T21:38:37.04Z</time>
		</trkpt>
		<trkpt lat="35.109405" lon="128.937517">
			<ele>0.00</ele>
			<time>2020-01-15T21:38:37.47Z</time>
		</trkpt>
		<trkpt lat="35.109430" lon="128.937411">
			<ele>0.00</ele>
			<time>2020-01-15T21:38:38.07Z</time>
		</trkpt>
		<trkpt lat="35.109452" lon="128.937304">
			<ele>0.00</ele>
			<time>2020-01-15T21:38:38.68Z</time>
		</trkpt>
		<trkpt lat="35.109474" lon="128.937218">
			<ele>0.00</ele>
			<time>2020-01-15T21:38:39.17Z</time>
		</trkpt>
		<trkpt lat="35.109497" lon="128.937130">
			<ele>0.00</ele>
			<time>2020-01-15T21:38:39.67Z</time>
		</trkpt>
		<trkpt lat="35.109521" lon="128.937028">
			<ele>0.00</ele>
			<time>2020-01-15T21:38:40.25Z</time>
		</trkpt>
		<trkpt lat="35.109541" lon="128.936952">
			<ele>0.00</ele>
			<time>2020-01-15T21:38:40.68Z</time>
		</trkpt>
		<trkpt lat="35.109562" lon="128.936863">
			<ele>0.00</ele>
			<time>2020-01-15T21:38:41.19Z</time>
		</trkpt>
		<trkpt lat="35.109581" lon="128.936779">
			<ele>0.00</ele>
			<time>2020-01-15T21:38:41.67Z</time>
		</trkpt>
		<trkpt lat="35.109603" lon="128.936695">
			<ele>0.00</ele>
			<time>2020-01-15T21:38:42.14Z</time>
		</trkpt>
		<trkpt lat="35.109623" lon="128.936625">
			<ele>0.00</ele>
			<time>2020-01-15T21:38:42.55Z</time>
		</trkpt>
		<trkpt lat="35.109646" lon="128.936548">
			<ele>0.00</ele>
			<time>2020-01-15T21:38:43Z</time>
		</trkpt>
		<trkpt lat="35.109666" lon="128.936454">
			<ele>0.00</ele>
			<time>2020-01-15T21:38:43.53Z</time>
		</trkpt>
		<trkpt lat="35.109688" lon="128.936348">
			<ele>0.00</ele>
			<time>2020-01-15T21:38:44.12Z</time>
		</trkpt>
		<trkpt lat="35.109710" lon="128.936270">
			<ele>0.00</ele>
			<time>2020-01-15T21:38:44.57Z</time>
		</trkpt>
		<trkpt lat="35.109730" lon="128.936186">
			<ele>0.00</ele>
			<time>2020-01-15T21:38:45.05Z</time>
		</trkpt>
		<trkpt lat="35.109753" lon="128.936085">
			<ele>0.00</ele>
			<time>2020-01-15T21:38:45.62Z</time>
		</trkpt>
		<trkpt lat="35.109777" lon="128.935999">
			<ele>0.00</ele>
			<time>2020-01-15T21:38:46.12Z</time>
		</trkpt>
		<trkpt lat="35.109797" lon="128.935903">
			<ele>0.00</ele>
			<time>2020-01-15T21:38:46.66Z</time>
		</trkpt>
		<trkpt lat="35.109815" lon="128.935819">
			<ele>0.00</ele>
			<time>2020-01-15T21:38:47.13Z</time>
		</trkpt>
		<trkpt lat="35.109839" lon="128.935732">
			<ele>0.00</ele>
			<time>2020-01-15T21:38:47.63Z</time>
		</trkpt>
		<trkpt lat="35.109858" lon="128.935645">
			<ele>0.00</ele>
			<time>2020-01-15T21:38:48.12Z</time>
		</trkpt>
		<trkpt lat="35.109883" lon="128.935541">
			<ele>0.00</ele>
			<time>2020-01-15T21:38:48.71Z</time>
		</trkpt>
		<trkpt lat="35.109909" lon="128.935440">
			<ele>0.00</ele>
			<time>2020-01-15T21:38:49.29Z</time>
		</trkpt>
		<trkpt lat="35.109935" lon="128.935334">
			<ele>0.00</ele>
			<time>2020-01-15T21:38:49.89Z</time>
		</trkpt>
		<trkpt lat="35.109956" lon="128.935252">
			<ele>0.00</ele>
			<time>2020-01-15T21:38:50.36Z</time>
		</trkpt>
		<trkpt lat="35.109976" lon="128.935168">
			<ele>0.00</ele>
			<time>2020-01-15T21:38:50.84Z</time>
		</trkpt>
		<trkpt lat="35.109990" lon="128.935089">
			<ele>0.00</ele>
			<time>2020-01-15T21:38:51.28Z</time>
		</trkpt>
		<trkpt lat="35.110023" lon="128.934967">
			<ele>0.00</ele>
			<time>2020-01-15T21:38:51.98Z</time>
		</trkpt>
		<trkpt lat="35.110043" lon="128.934886">
			<ele>0.00</ele>
			<time>2020-01-15T21:38:52.44Z</time>
		</trkpt>
		<trkpt lat="35.110060" lon="128.934794">
			<ele>0.00</ele>
			<time>2020-01-15T21:38:52.96Z</time>
		</trkpt>
		<trkpt lat="35.110085" lon="128.934702">
			<ele>0.00</ele>
			<time>2020-01-15T21:38:53.49Z</time>
		</trkpt>
		<trkpt lat="35.110104" lon="128.934617">
			<ele>0.00</ele>
			<time>2020-01-15T21:38:53.97Z</time>
		</trkpt>
		<trkpt lat="35.110117" lon="128.934537">
			<ele>0.00</ele>
			<time>2020-01-15T21:38:54.41Z</time>
		</trkpt>
		<trkpt lat="35.110142" lon="128.934425">
			<ele>0.00</ele>
			<time>2020-01-15T21:38:55.05Z</time>
		</trkpt>
		<trkpt lat="35.110158" lon="128.934335">
			<ele>0.00</ele>
			<time>2020-01-15T21:38:55.55Z</time>
		</trkpt>
		<trkpt lat="35.110194" lon="128.934226">
			<ele>0.00</ele>
			<time>2020-01-15T21:38:56.19Z</time>
		</trkpt>
		<trkpt lat="35.110221" lon="128.934154">
			<ele>0.00</ele>
			<time>2020-01-15T21:38:56.62Z</time>
		</trkpt>
		<trkpt lat="35.110244" lon="128.934088">
			<ele>0.00</ele>
			<time>2020-01-15T21:38:57.01Z</time>
		</trkpt>
		<trkpt lat="35.110267" lon="128.933995">
			<ele>0.00</ele>
			<time>2020-01-15T21:38:57.54Z</time>
		</trkpt>
		<trkpt lat="35.110267" lon="128.933991">
			<ele>0.00</ele>
			<time>2020-01-15T21:38:57.60Z</time>
		</trkpt>
		<trkpt lat="35.110272" lon="128.933902">
			<ele>0.00</ele>
			<time>2020-01-15T21:38:58.09Z</time>
		</trkpt>
		<trkpt lat="35.110287" lon="128.933801">
			<ele>0.00</ele>
			<time>2020-01-15T21:38:58.65Z</time>
		</trkpt>
		<trkpt lat="35.110289" lon="128.933732">
			<ele>0.00</ele>
			<time>2020-01-15T21:38:59.02Z</time>
		</trkpt>
		<trkpt lat="35.110312" lon="128.933661">
			<ele>0.00</ele>
			<time>2020-01-15T21:38:59.44Z</time>
		</trkpt>
		<trkpt lat="35.110340" lon="128.933552">
			<ele>0.00</ele>
			<time>2020-01-15T21:39:00.06Z</time>
		</trkpt>
		<trkpt lat="35.110354" lon="128.933467">
			<ele>0.00</ele>
			<time>2020-01-15T21:39:00.54Z</time>
		</trkpt>
		<trkpt lat="35.110371" lon="128.933402">
			<ele>0.00</ele>
			<time>2020-01-15T21:39:00.91Z</time>
		</trkpt>
		<trkpt lat="35.110392" lon="128.933326">
			<ele>0.00</ele>
			<time>2020-01-15T21:39:01.35Z</time>
		</trkpt>
		<trkpt lat="35.110411" lon="128.933263">
			<ele>0.00</ele>
			<time>2020-01-15T21:39:01.71Z</time>
		</trkpt>
		<trkpt lat="35.110416" lon="128.933206">
			<ele>0.00</ele>
			<time>2020-01-15T21:39:02.03Z</time>
		</trkpt>
		<trkpt lat="35.110402" lon="128.933131">
			<ele>0.00</ele>
			<time>2020-01-15T21:39:02.44Z</time>
		</trkpt>
		<trkpt lat="35.110372" lon="128.933062">
			<ele>0.00</ele>
			<time>2020-01-15T21:39:02.87Z</time>
		</trkpt>
		<trkpt lat="35.110345" lon="128.933001">
			<ele>0.00</ele>
			<time>2020-01-15T21:39:03.25Z</time>
		</trkpt>
		<trkpt lat="35.110315" lon="128.932944">
			<ele>0.00</ele>
			<time>2020-01-15T21:39:03.62Z</time>
		</trkpt>
		<trkpt lat="35.110281" lon="128.932879">
			<ele>0.00</ele>
			<time>2020-01-15T21:39:04.04Z</time>
		</trkpt>
		<trkpt lat="35.110245" lon="128.932805">
			<ele>0.00</ele>
			<time>2020-01-15T21:39:04.51Z</time>
		</trkpt>
		<trkpt lat="35.110223" lon="128.932751">
			<ele>0.00</ele>
			<time>2020-01-15T21:39:04.84Z</time>
		</trkpt>
		<trkpt lat="35.110173" lon="128.932690">
			<ele>0.00</ele>
			<time>2020-01-15T21:39:05.31Z</time>
		</trkpt>
		<trkpt lat="35.110122" lon="128.932664">
			<ele>0.00</ele>
			<time>2020-01-15T21:39:05.68Z</time>
		</trkpt>
		<trkpt lat="35.110062" lon="128.932644">
			<ele>0.00</ele>
			<time>2020-01-15T21:39:06.09Z</time>
		</trkpt>
		<trkpt lat="35.109996" lon="128.932629">
			<ele>0.00</ele>
			<time>2020-01-15T21:39:06.54Z</time>
		</trkpt>
		<trkpt lat="35.109910" lon="128.932613">
			<ele>0.00</ele>
			<time>2020-01-15T21:39:07.12Z</time>
		</trkpt>
		<trkpt lat="35.109833" lon="128.932598">
			<ele>0.00</ele>
			<time>2020-01-15T21:39:07.64Z</time>
		</trkpt>
		<trkpt lat="35.109759" lon="128.932587">
			<ele>0.00</ele>
			<time>2020-01-15T21:39:08.14Z</time>
		</trkpt>
		<trkpt lat="35.109695" lon="128.932578">
			<ele>0.00</ele>
			<time>2020-01-15T21:39:08.57Z</time>
		</trkpt>
		<trkpt lat="35.109615" lon="128.932560">
			<ele>0.00</ele>
			<time>2020-01-15T21:39:09.11Z</time>
		</trkpt>
		<trkpt lat="35.109559" lon="128.932549">
			<ele>0.00</ele>
			<time>2020-01-15T21:39:09.49Z</time>
		</trkpt>
		<trkpt lat="35.109491" lon="128.932531">
			<ele>0.00</ele>
			<time>2020-01-15T21:39:09.95Z</time>
		</trkpt>
		<trkpt lat="35.109430" lon="128.932512">
			<ele>0.00</ele>
			<time>2020-01-15T21:39:10.37Z</time>
		</trkpt>
		<trkpt lat="35.109364" lon="128.932492">
			<ele>0.00</ele>
			<time>2020-01-15T21:39:10.83Z</time>
		</trkpt>
		<trkpt lat="35.109299" lon="128.932478">
			<ele>0.00</ele>
			<time>2020-01-15T21:39:11.27Z</time>
		</trkpt>
		<trkpt lat="35.109241" lon="128.932465">
			<ele>0.00</ele>
			<time>2020-01-15T21:39:11.66Z</time>
		</trkpt>
		<trkpt lat="35.109171" lon="128.932454">
			<ele>0.00</ele>
			<time>2020-01-15T21:39:12.13Z</time>
		</trkpt>
		<trkpt lat="35.109123" lon="128.932442">
			<ele>0.00</ele>
			<time>2020-01-15T21:39:12.46Z</time>
		</trkpt>
		<trkpt lat="35.109054" lon="128.932427">
			<ele>0.00</ele>
			<time>2020-01-15T21:39:12.93Z</time>
		</trkpt>
		<trkpt lat="35.109008" lon="128.932403">
			<ele>0.00</ele>
			<time>2020-01-15T21:39:13.25Z</time>
		</trkpt>
		<trkpt lat="35.108945" lon="128.932379">
			<ele>0.00</ele>
			<time>2020-01-15T21:39:13.70Z</time>
		</trkpt>
		<trkpt lat="35.108876" lon="128.932358">
			<ele>0.00</ele>
			<time>2020-01-15T21:39:14.17Z</time>
		</trkpt>
		<trkpt lat="35.108803" lon="128.932332">
			<ele>0.00</ele>
			<time>2020-01-15T21:39:14.68Z</time>
		</trkpt>
		<trkpt lat="35.108748" lon="128.932307">
			<ele>0.00</ele>
			<time>2020-01-15T21:39:15.07Z</time>
		</trkpt>
		<trkpt lat="35.108685" lon="128.932284">
			<ele>0.00</ele>
			<time>2020-01-15T21:39:15.51Z</time>
		</trkpt>
		<trkpt lat="35.108627" lon="128.932268">
			<ele>0.00</ele>
			<time>2020-01-15T21:39:15.91Z</time>
		</trkpt>
		<trkpt lat="35.108573" lon="128.932248">
			<ele>0.00</ele>
			<time>2020-01-15T21:39:16.28Z</time>
		</trkpt>
		<trkpt lat="35.108516" lon="128.932230">
			<ele>0.00</ele>
			<time>2020-01-15T21:39:16.67Z</time>
		</trkpt>
		<trkpt lat="35.108461" lon="128.932209">
			<ele>0.00</ele>
			<time>2020-01-15T21:39:17.06Z</time>
		</trkpt>
		<trkpt lat="35.108400" lon="128.932188">
			<ele>0.00</ele>
			<time>2020-01-15T21:39:17.48Z</time>
		</trkpt>
		<trkpt lat="35.108349" lon="128.932170">
			<ele>0.00</ele>
			<time>2020-01-15T21:39:17.83Z</time>
		</trkpt>
		<trkpt lat="35.108278" lon="128.932150">
			<ele>0.00</ele>
			<time>2020-01-15T21:39:18.32Z</time>
		</trkpt>
		<trkpt lat="35.108221" lon="128.932129">
			<ele>0.00</ele>
			<time>2020-01-15T21:39:18.71Z</time>
		</trkpt>
		<trkpt lat="35.108169" lon="128.932104">
			<ele>0.00</ele>
			<time>2020-01-15T21:39:19.09Z</time>
		</trkpt>
		<trkpt lat="35.108121" lon="128.932097">
			<ele>0.00</ele>
			<time>2020-01-15T21:39:19.41Z</time>
		</trkpt>
		<trkpt lat="35.108056" lon="128.932077">
			<ele>0.00</ele>
			<time>2020-01-15T21:39:19.86Z</time>
		</trkpt>
		<trkpt lat="35.107994" lon="128.932052">
			<ele>0.00</ele>
			<time>2020-01-15T21:39:20.29Z</time>
		</trkpt>
		<trkpt lat="35.107913" lon="128.932031">
			<ele>0.00</ele>
			<time>2020-01-15T21:39:20.85Z</time>
		</trkpt>
		<trkpt lat="35.107847" lon="128.932007">
			<ele>0.00</ele>
			<time>2020-01-15T21:39:21.30Z</time>
		</trkpt>
		<trkpt lat="35.107785" lon="128.931986">
			<ele>0.00</ele>
			<time>2020-01-15T21:39:21.73Z</time>
		</trkpt>
		<trkpt lat="35.107721" lon="128.931961">
			<ele>0.00</ele>
			<time>2020-01-15T21:39:22.18Z</time>
		</trkpt>
		<trkpt lat="35.107661" lon="128.931934">
			<ele>0.00</ele>
			<time>2020-01-15T21:39:22.60Z</time>
		</trkpt>
		<trkpt lat="35.107610" lon="128.931916">
			<ele>0.00</ele>
			<time>2020-01-15T21:39:22.96Z</time>
		</trkpt>
		<trkpt lat="35.107558" lon="128.931899">
			<ele>0.00</ele>
			<time>2020-01-15T21:39:23.32Z</time>
		</trkpt>
		<trkpt lat="35.107502" lon="128.931879">
			<ele>0.00</ele>
			<time>2020-01-15T21:39:23.71Z</time>
		</trkpt>
		<trkpt lat="35.107431" lon="128.931857">
			<ele>0.00</ele>
			<time>2020-01-15T21:39:24.20Z</time>
		</trkpt>
		<trkpt lat="35.107372" lon="128.931839">
			<ele>0.00</ele>
			<time>2020-01-15T21:39:24.60Z</time>
		</trkpt>
		<trkpt lat="35.107302" lon="128.931816">
			<ele>0.00</ele>
			<time>2020-01-15T21:39:25.08Z</time>
		</trkpt>
		<trkpt lat="35.107232" lon="128.931786">
			<ele>0.00</ele>
			<time>2020-01-15T21:39:25.58Z</time>
		</trkpt>
		<trkpt lat="35.107161" lon="128.931758">
			<ele>0.00</ele>
			<time>2020-01-15T21:39:26.08Z</time>
		</trkpt>
		<trkpt lat="35.107082" lon="128.931726">
			<ele>0.00</ele>
			<time>2020-01-15T21:39:26.63Z</time>
		</trkpt>
		<trkpt lat="35.107031" lon="128.931699">
			<ele>0.00</ele>
			<time>2020-01-15T21:39:27Z</time>
		</trkpt>
		<trkpt lat="35.106975" lon="128.931680">
			<ele>0.00</ele>
			<time>2020-01-15T21:39:27.39Z</time>
		</trkpt>
		<trkpt lat="35.106906" lon="128.931641">
			<ele>0.00</ele>
			<time>2020-01-15T21:39:27.90Z</time>
		</trkpt>
		<trkpt lat="35.106839" lon="128.931603">
			<ele>0.00</ele>
			<time>2020-01-15T21:39:28.39Z</time>
		</trkpt>
		<trkpt lat="35.106787" lon="128.931580">
			<ele>0.00</ele>
			<time>2020-01-15T21:39:28.75Z</time>
		</trkpt>
		<trkpt lat="35.106729" lon="128.931559">
			<ele>0.00</ele>
			<time>2020-01-15T21:39:29.16Z</time>
		</trkpt>
		<trkpt lat="35.106676" lon="128.931525">
			<ele>0.00</ele>
			<time>2020-01-15T21:39:29.56Z</time>
		</trkpt>
		<trkpt lat="35.106628" lon="128.931500">
			<ele>0.00</ele>
			<time>2020-01-15T21:39:29.91Z</time>
		</trkpt>
		<trkpt lat="35.106575" lon="128.931470">
			<ele>0.00</ele>
			<time>2020-01-15T21:39:30.29Z</time>
		</trkpt>
		<trkpt lat="35.106523" lon="128.931450">
			<ele>0.00</ele>
			<time>2020-01-15T21:39:30.66Z</time>
		</trkpt>
		<trkpt lat="35.106459" lon="128.931431">
			<ele>0.00</ele>
			<time>2020-01-15T21:39:31.10Z</time>
		</trkpt>
		<trkpt lat="35.106404" lon="128.931402">
			<ele>0.00</ele>
			<time>2020-01-15T21:39:31.49Z</time>
		</trkpt>
		<trkpt lat="35.106366" lon="128.931370">
			<ele>0.00</ele>
			<time>2020-01-15T21:39:31.80Z</time>
		</trkpt>
		<trkpt lat="35.106323" lon="128.931340">
			<ele>0.00</ele>
			<time>2020-01-15T21:39:32.13Z</time>
		</trkpt>
		<trkpt lat="35.106293" lon="128.931312">
			<ele>0.00</ele>
			<time>2020-01-15T21:39:32.38Z</time>
		</trkpt>
		<trkpt lat="35.106281" lon="128.931268">
			<ele>0.00</ele>
			<time>2020-01-15T21:39:32.64Z</time>
		</trkpt>
		<trkpt lat="35.106286" lon="128.931207">
			<ele>0.00</ele>
			<time>2020-01-15T21:39:32.97Z</time>
		</trkpt>
		<trkpt lat="35.106295" lon="128.931150">
			<ele>0.00</ele>
			<time>2020-01-15T21:39:33.29Z</time>
		</trkpt>
		<trkpt lat="35.106326" lon="128.931110">
			<ele>0.00</ele>
			<time>2020-01-15T21:39:33.59Z</time>
		</trkpt>
		<trkpt lat="35.106378" lon="128.931054">
			<ele>0.00</ele>
			<time>2020-01-15T21:39:34.06Z</time>
		</trkpt>
		<trkpt lat="35.106423" lon="128.931011">
			<ele>0.00</ele>
			<time>2020-01-15T21:39:34.43Z</time>
		</trkpt>
		<trkpt lat="35.106464" lon="128.930959">
			<ele>0.00</ele>
			<time>2020-01-15T21:39:34.83Z</time>
		</trkpt>
		<trkpt lat="35.106508" lon="128.930898">
			<ele>0.00</ele>
			<time>2020-01-15T21:39:35.27Z</time>
		</trkpt>
		<trkpt lat="35.106551" lon="128.930858">
			<ele>0.00</ele>
			<time>2020-01-15T21:39:35.63Z</time>
		</trkpt>
		<trkpt lat="35.106590" lon="128.930814">
			<ele>0.00</ele>
			<time>2020-01-15T21:39:35.99Z</time>
		</trkpt>
		<trkpt lat="35.106638" lon="128.930762">
			<ele>0.00</ele>
			<time>2020-01-15T21:39:36.41Z</time>
		</trkpt>
		<trkpt lat="35.106681" lon="128.930714">
			<ele>0.00</ele>
			<time>2020-01-15T21:39:36.80Z</time>
		</trkpt>
		<trkpt lat="35.106717" lon="128.930670">
			<ele>0.00</ele>
			<time>2020-01-15T21:39:37.14Z</time>
		</trkpt>
		<trkpt lat="35.106749" lon="128.930639">
			<ele>0.00</ele>
			<time>2020-01-15T21:39:37.41Z</time>
		</trkpt>
		<trkpt lat="35.106811" lon="128.930622">
			<ele>0.00</ele>
			<time>2020-01-15T21:39:37.84Z</time>
		</trkpt>
		<trkpt lat="35.106857" lon="128.930617">
			<ele>0.00</ele>
			<time>2020-01-15T21:39:38.14Z</time>
		</trkpt>
		<trkpt lat="35.106926" lon="128.930617">
			<ele>0.00</ele>
			<time>2020-01-15T21:39:38.61Z</time>
		</trkpt>
		<trkpt lat="35.106977" lon="128.930628">
			<ele>0.00</ele>
			<time>2020-01-15T21:39:38.95Z</time>
		</trkpt>
		<trkpt lat="35.107016" lon="128.930624">
			<ele>0.00</ele>
			<time>2020-01-15T21:39:39.21Z</time>
		</trkpt>
		<trkpt lat="35.107065" lon="128.930616">
			<ele>0.00</ele>
			<time>2020-01-15T21:39:39.54Z</time>
		</trkpt>
		<trkpt lat="35.107113" lon="128.930597">
			<ele>0.00</ele>
			<time>2020-01-15T21:39:39.88Z</time>
		</trkpt>
		<trkpt lat="35.107149" lon="128.930561">
			<ele>0.00</ele>
			<time>2020-01-15T21:39:40.19Z</time>
		</trkpt>
		<trkpt lat="35.107179" lon="128.930500">
			<ele>0.00</ele>
			<time>2020-01-15T21:39:40.57Z</time>
		</trkpt>
		<trkpt lat="35.107203" lon="128.930445">
			<ele>0.00</ele>
			<time>2020-01-15T21:39:40.91Z</time>
		</trkpt>
		<trkpt lat="35.107253" lon="128.930423">
			<ele>0.00</ele>
			<time>2020-01-15T21:39:41.27Z</time>
		</trkpt>
		<trkpt lat="35.107325" lon="128.930415">
			<ele>0.00</ele>
			<time>2020-01-15T21:39:41.75Z</time>
		</trkpt>
		<trkpt lat="35.107383" lon="128.930392">
			<ele>0.00</ele>
			<time>2020-01-15T21:39:42.16Z</time>
		</trkpt>
		<trkpt lat="35.107441" lon="128.930353">
			<ele>0.00</ele>
			<time>2020-01-15T21:39:42.60Z</time>
		</trkpt>
		<trkpt lat="35.107496" lon="128.930312">
			<ele>0.00</ele>
			<time>2020-01-15T21:39:43.03Z</time>
		</trkpt>
		<trkpt lat="35.107537" lon="128.930285">
			<ele>0.00</ele>
			<time>2020-01-15T21:39:43.34Z</time>
		</trkpt>
		<trkpt lat="35.107585" lon="128.930245">
			<ele>0.00</ele>
			<time>2020-01-15T21:39:43.72Z</time>
		</trkpt>
		<trkpt lat="35.107589" lon="128.930216">
			<ele>0.00</ele>
			<time>2020-01-15T21:39:43.88Z</time>
		</trkpt>
		<trkpt lat="35.107548" lon="128.930176">
			<ele>0.00</ele>
			<time>2020-01-15T21:39:44.23Z</time>
		</trkpt>
		<trkpt lat="35.107497" lon="128.930151">
			<ele>0.00</ele>
			<time>2020-01-15T21:39:44.60Z</time>
		</trkpt>
		<trkpt lat="35.107444" lon="128.930125">
			<ele>0.00</ele>
			<time>2020-01-15T21:39:44.99Z</time>
		</trkpt>
		<trkpt lat="35.107387" lon="128.930107">
			<ele>0.00</ele>
			<time>2020-01-15T21:39:45.38Z</time>
		</trkpt>
		<trkpt lat="35.107342" lon="128.930093">
			<ele>0.00</ele>
			<time>2020-01-15T21:39:45.69Z</time>
		</trkpt>
		<trkpt lat="35.107281" lon="128.930061">
			<ele>0.00</ele>
			<time>2020-01-15T21:39:46.13Z</time>
		</trkpt>
		<trkpt lat="35.107202" lon="128.930045">
			<ele>0.00</ele>
			<time>2020-01-15T21:39:46.66Z</time>
		</trkpt>
		<trkpt lat="35.107137" lon="128.930025">
			<ele>0.00</ele>
			<time>2020-01-15T21:39:47.11Z</time>
		</trkpt>
		<trkpt lat="35.107081" lon="128.930000">
			<ele>0.00</ele>
			<time>2020-01-15T21:39:47.50Z</time>
		</trkpt>
		<trkpt lat="35.107028" lon="128.929986">
			<ele>0.00</ele>
			<time>2020-01-15T21:39:47.87Z</time>
		</trkpt>
		<trkpt lat="35.106977" lon="128.929972">
			<ele>0.00</ele>
			<time>2020-01-15T21:39:48.22Z</time>
		</trkpt>
		<trkpt lat="35.106918" lon="128.929947">
			<ele>0.00</ele>
			<time>2020-01-15T21:39:48.63Z</time>
		</trkpt>
		<trkpt lat="35.106851" lon="128.929921">
			<ele>0.00</ele>
			<time>2020-01-15T21:39:49.10Z</time>
		</trkpt>
		<trkpt lat="35.106788" lon="128.929905">
			<ele>0.00</ele>
			<time>2020-01-15T21:39:49.53Z</time>
		</trkpt>
		<trkpt lat="35.106717" lon="128.929876">
			<ele>0.00</ele>
			<time>2020-01-15T21:39:50.03Z</time>
		</trkpt>
		<trkpt lat="35.106669" lon="128.929869">
			<ele>0.00</ele>
			<time>2020-01-15T21:39:50.35Z</time>
		</trkpt>
		<trkpt lat="35.106602" lon="128.929846">
			<ele>0.00</ele>
			<time>2020-01-15T21:39:50.81Z</time>
		</trkpt>
		<trkpt lat="35.106545" lon="128.929826">
			<ele>0.00</ele>
			<time>2020-01-15T21:39:51.21Z</time>
		</trkpt>
		<trkpt lat="35.106490" lon="128.929805">
			<ele>0.00</ele>
			<time>2020-01-15T21:39:51.60Z</time>
		</trkpt>
		<trkpt lat="35.106436" lon="128.929791">
			<ele>0.00</ele>
			<time>2020-01-15T21:39:51.96Z</time>
		</trkpt>
		<trkpt lat="35.106377" lon="128.929771">
			<ele>0.00</ele>
			<time>2020-01-15T21:39:52.37Z</time>
		</trkpt>
		<trkpt lat="35.106312" lon="128.929752">
			<ele>0.00</ele>
			<time>2020-01-15T21:39:52.82Z</time>
		</trkpt>
		<trkpt lat="35.106246" lon="128.929730">
			<ele>0.00</ele>
			<time>2020-01-15T21:39:53.27Z</time>
		</trkpt>
		<trkpt lat="35.106174" lon="128.929714">
			<ele>0.00</ele>
			<time>2020-01-15T21:39:53.76Z</time>
		</trkpt>
		<trkpt lat="35.106117" lon="128.929694">
			<ele>0.00</ele>
			<time>2020-01-15T21:39:54.15Z</time>
		</trkpt>
		<trkpt lat="35.106050" lon="128.929677">
			<ele>0.00</ele>
			<time>2020-01-15T21:39:54.61Z</time>
		</trkpt>
		<trkpt lat="35.105986" lon="128.929655">
			<ele>0.00</ele>
			<time>2020-01-15T21:39:55.05Z</time>
		</trkpt>
		<trkpt lat="35.105928" lon="128.929636">
			<ele>0.00</ele>
			<time>2020-01-15T21:39:55.45Z</time>
		</trkpt>
		<trkpt lat="35.105863" lon="128.929616">
			<ele>0.00</ele>
			<time>2020-01-15T21:39:55.90Z</time>
		</trkpt>
		<trkpt lat="35.105800" lon="128.929596">
			<ele>0.00</ele>
			<time>2020-01-15T21:39:56.33Z</time>
		</trkpt>
		<trkpt lat="35.105739" lon="128.929582">
			<ele>0.00</ele>
			<time>2020-01-15T21:39:56.75Z</time>
		</trkpt>
		<trkpt lat="35.105682" lon="128.929562">
			<ele>0.00</ele>
			<time>2020-01-15T21:39:57.14Z</time>
		</trkpt>
		<trkpt lat="35.105617" lon="128.929542">
			<ele>0.00</ele>
			<time>2020-01-15T21:39:57.59Z</time>
		</trkpt>
		<trkpt lat="35.105560" lon="128.929519">
			<ele>0.00</ele>
			<time>2020-01-15T21:39:57.99Z</time>
		</trkpt>
		<trkpt lat="35.105498" lon="128.929501">
			<ele>0.00</ele>
			<time>2020-01-15T21:39:58.41Z</time>
		</trkpt>
		<trkpt lat="35.105444" lon="128.929489">
			<ele>0.00</ele>
			<time>2020-01-15T21:39:58.78Z</time>
		</trkpt>
		<trkpt lat="35.105372" lon="128.929465">
			<ele>0.00</ele>
			<time>2020-01-15T21:39:59.28Z</time>
		</trkpt>
		<trkpt lat="35.105328" lon="128.929447">
			<ele>0.00</ele>
			<time>2020-01-15T21:39:59.59Z</time>
		</trkpt>
		<trkpt lat="35.105270" lon="128.929437">
			<ele>0.00</ele>
			<time>2020-01-15T21:39:59.98Z</time>
		</trkpt>
		<trkpt lat="35.105202" lon="128.929419">
			<ele>0.00</ele>
			<time>2020-01-15T21:40:00.44Z</time>
		</trkpt>
		<trkpt lat="35.105139" lon="128.929401">
			<ele>0.00</ele>
			<time>2020-01-15T21:40:00.87Z</time>
		</trkpt>
		<trkpt lat="35.105085" lon="128.929386">
			<ele>0.00</ele>
			<time>2020-01-15T21:40:01.24Z</time>
		</trkpt>
		<trkpt lat="35.105028" lon="128.929370">
			<ele>0.00</ele>
			<time>2020-01-15T21:40:01.63Z</time>
		</trkpt>
		<trkpt lat="35.104948" lon="128.929347">
			<ele>0.00</ele>
			<time>2020-01-15T21:40:02.18Z</time>
		</trkpt>
		<trkpt lat="35.104880" lon="128.929331">
			<ele>0.00</ele>
			<time>2020-01-15T21:40:02.64Z</time>
		</trkpt>
		<trkpt lat="35.104814" lon="128.929307">
			<ele>0.00</ele>
			<time>2020-01-15T21:40:03.10Z</time>
		</trkpt>
		<trkpt lat="35.104742" lon="128.929293">
			<ele>0.00</ele>
			<time>2020-01-15T21:40:03.59Z</time>
		</trkpt>
		<trkpt lat="35.104673" lon="128.929273">
			<ele>0.00</ele>
			<time>2020-01-15T21:40:04.06Z</time>
		</trkpt>
		<trkpt lat="35.104617" lon="128.929260">
			<ele>0.00</ele>
			<time>2020-01-15T21:40:04.44Z</time>
		</trkpt>
		<trkpt lat="35.104543" lon="128.929230">
			<ele>0.00</ele>
			<time>2020-01-15T21:40:04.96Z</time>
		</trkpt>
		<trkpt lat="35.104483" lon="128.929219">
			<ele>0.00</ele>
			<time>2020-01-15T21:40:05.36Z</time>
		</trkpt>
		<trkpt lat="35.104427" lon="128.929192">
			<ele>0.00</ele>
			<time>2020-01-15T21:40:05.76Z</time>
		</trkpt>
		<trkpt lat="35.104376" lon="128.929181">
			<ele>0.00</ele>
			<time>2020-01-15T21:40:06.11Z</time>
		</trkpt>
		<trkpt lat="35.104315" lon="128.929156">
			<ele>0.00</ele>
			<time>2020-01-15T21:40:06.54Z</time>
		</trkpt>
		<trkpt lat="35.104258" lon="128.929140">
			<ele>0.00</ele>
			<time>2020-01-15T21:40:06.93Z</time>
		</trkpt>
		<trkpt lat="35.104189" lon="128.929117">
			<ele>0.00</ele>
			<time>2020-01-15T21:40:07.40Z</time>
		</trkpt>
		<trkpt lat="35.104115" lon="128.929097">
			<ele>0.00</ele>
			<time>2020-01-15T21:40:07.91Z</time>
		</trkpt>
		<trkpt lat="35.104062" lon="128.929084">
			<ele>0.00</ele>
			<time>2020-01-15T21:40:08.27Z</time>
		</trkpt>
		<trkpt lat="35.104004" lon="128.929065">
			<ele>0.00</ele>
			<time>2020-01-15T21:40:08.67Z</time>
		</trkpt>
		<trkpt lat="35.103936" lon="128.929045">
			<ele>0.00</ele>
			<time>2020-01-15T21:40:09.14Z</time>
		</trkpt>
		<trkpt lat="35.103859" lon="128.929034">
			<ele>0.00</ele>
			<time>2020-01-15T21:40:09.66Z</time>
		</trkpt>
		<trkpt lat="35.103792" lon="128.929014">
			<ele>0.00</ele>
			<time>2020-01-15T21:40:10.12Z</time>
		</trkpt>
		<trkpt lat="35.103722" lon="128.928991">
			<ele>0.00</ele>
			<time>2020-01-15T21:40:10.60Z</time>
		</trkpt>
		<trkpt lat="35.103660" lon="128.928977">
			<ele>0.00</ele>
			<time>2020-01-15T21:40:11.02Z</time>
		</trkpt>
		<trkpt lat="35.103600" lon="128.928963">
			<ele>0.00</ele>
			<time>2020-01-15T21:40:11.42Z</time>
		</trkpt>
		<trkpt lat="35.103535" lon="128.928945">
			<ele>0.00</ele>
			<time>2020-01-15T21:40:11.87Z</time>
		</trkpt>
		<trkpt lat="35.103478" lon="128.928922">
			<ele>0.00</ele>
			<time>2020-01-15T21:40:12.27Z</time>
		</trkpt>
		<trkpt lat="35.103413" lon="128.928901">
			<ele>0.00</ele>
			<time>2020-01-15T21:40:12.72Z</time>
		</trkpt>
		<trkpt lat="35.103350" lon="128.928888">
			<ele>0.00</ele>
			<time>2020-01-15T21:40:13.14Z</time>
		</trkpt>
		<trkpt lat="35.103276" lon="128.928868">
			<ele>0.00</ele>
			<time>2020-01-15T21:40:13.65Z</time>
		</trkpt>
		<trkpt lat="35.103211" lon="128.928845">
			<ele>0.00</ele>
			<time>2020-01-15T21:40:14.10Z</time>
		</trkpt>
		<trkpt lat="35.103152" lon="128.928829">
			<ele>0.00</ele>
			<time>2020-01-15T21:40:14.50Z</time>
		</trkpt>
		<trkpt lat="35.103098" lon="128.928811">
			<ele>0.00</ele>
			<time>2020-01-15T21:40:14.88Z</time>
		</trkpt>
		<trkpt lat="35.103047" lon="128.928794">
			<ele>0.00</ele>
			<time>2020-01-15T21:40:15.23Z</time>
		</trkpt>
		<trkpt lat="35.102997" lon="128.928782">
			<ele>0.00</ele>
			<time>2020-01-15T21:40:15.57Z</time>
		</trkpt>
		<trkpt lat="35.102927" lon="128.928759">
			<ele>0.00</ele>
			<time>2020-01-15T21:40:16.05Z</time>
		</trkpt>
		<trkpt lat="35.102845" lon="128.928737">
			<ele>0.00</ele>
			<time>2020-01-15T21:40:16.61Z</time>
		</trkpt>
		<trkpt lat="35.102779" lon="128.928715">
			<ele>0.00</ele>
			<time>2020-01-15T21:40:17.07Z</time>
		</trkpt>
		<trkpt lat="35.102725" lon="128.928704">
			<ele>0.00</ele>
			<time>2020-01-15T21:40:17.43Z</time>
		</trkpt>
		<trkpt lat="35.102648" lon="128.928686">
			<ele>0.00</ele>
			<time>2020-01-15T21:40:17.96Z</time>
		</trkpt>
		<trkpt lat="35.102586" lon="128.928672">
			<ele>0.00</ele>
			<time>2020-01-15T21:40:18.37Z</time>
		</trkpt>
		<trkpt lat="35.102514" lon="128.928641">
			<ele>0.00</ele>
			<time>2020-01-15T21:40:18.88Z</time>
		</trkpt>
		<trkpt lat="35.102433" lon="128.928616">
			<ele>0.00</ele>
			<time>2020-01-15T21:40:19.44Z</time>
		</trkpt>
		<trkpt lat="35.102362" lon="128.928598">
			<ele>0.00</ele>
			<time>2020-01-15T21:40:19.93Z</time>
		</trkpt>
		<trkpt lat="35.102302" lon="128.928568">
			<ele>0.00</ele>
			<time>2020-01-15T21:40:20.36Z</time>
		</trkpt>
		<trkpt lat="35.102238" lon="128.928554">
			<ele>0.00</ele>
			<time>2020-01-15T21:40:20.79Z</time>
		</trkpt>
		<trkpt lat="35.102168" lon="128.928522">
			<ele>0.00</ele>
			<time>2020-01-15T21:40:21.29Z</time>
		</trkpt>
		<trkpt lat="35.102118" lon="128.928504">
			<ele>0.00</ele>
			<time>2020-01-15T21:40:21.64Z</time>
		</trkpt>
		<trkpt lat="35.102044" lon="128.928479">
			<ele>0.00</ele>
			<time>2020-01-15T21:40:22.15Z</time>
		</trkpt>
		<trkpt lat="35.101968" lon="128.928457">
			<ele>0.00</ele>
			<time>2020-01-15T21:40:22.67Z</time>
		</trkpt>
		<trkpt lat="35.101909" lon="128.928443">
			<ele>0.00</ele>
			<time>2020-01-15T21:40:23.07Z</time>
		</trkpt>
		<trkpt lat="35.101844" lon="128.928421">
			<ele>0.00</ele>
			<time>2020-01-15T21:40:23.52Z</time>
		</trkpt>
		<trkpt lat="35.101796" lon="128.928411">
			<ele>0.00</ele>
			<time>2020-01-15T21:40:23.84Z</time>
		</trkpt>
		<trkpt lat="35.101745" lon="128.928400">
			<ele>0.00</ele>
			<time>2020-01-15T21:40:24.19Z</time>
		</trkpt>
		<trkpt lat="35.101687" lon="128.928385">
			<ele>0.00</ele>
			<time>2020-01-15T21:40:24.58Z</time>
		</trkpt>
		<trkpt lat="35.101623" lon="128.928364">
			<ele>0.00</ele>
			<time>2020-01-15T21:40:25.03Z</time>
		</trkpt>
		<trkpt lat="35.101550" lon="128.928340">
			<ele>0.00</ele>
			<time>2020-01-15T21:40:25.53Z</time>
		</trkpt>
		<trkpt lat="35.101472" lon="128.928310">
			<ele>0.00</ele>
			<time>2020-01-15T21:40:26.08Z</time>
		</trkpt>
		<trkpt lat="35.101398" lon="128.928290">
			<ele>0.00</ele>
			<time>2020-01-15T21:40:26.58Z</time>
		</trkpt>
		<trkpt lat="35.101340" lon="128.928274">
			<ele>0.00</ele>
			<time>2020-01-15T21:40:26.97Z</time>
		</trkpt>
		<trkpt lat="35.101291" lon="128.928252">
			<ele>0.00</ele>
			<time>2020-01-15T21:40:27.33Z</time>
		</trkpt>
		<trkpt lat="35.101209" lon="128.928232">
			<ele>0.00</ele>
			<time>2020-01-15T21:40:27.88Z</time>
		</trkpt>
		<trkpt lat="35.101139" lon="128.928218">
			<ele>0.00</ele>
			<time>2020-01-15T21:40:28.35Z</time>
		</trkpt>
		<trkpt lat="35.101067" lon="128.928208">
			<ele>0.00</ele>
			<time>2020-01-15T21:40:28.83Z</time>
		</trkpt>
		<trkpt lat="35.100998" lon="128.928181">
			<ele>0.00</ele>
			<time>2020-01-15T21:40:29.32Z</time>
		</trkpt>
		<trkpt lat="35.100937" lon="128.928165">
			<ele>0.00</ele>
			<time>2020-01-15T21:40:29.74Z</time>
		</trkpt>
		<trkpt lat="35.100893" lon="128.928124">
			<ele>0.00</ele>
			<time>2020-01-15T21:40:30.11Z</time>
		</trkpt>
		<trkpt lat="35.100828" lon="128.928112">
			<ele>0.00</ele>
			<time>2020-01-15T21:40:30.54Z</time>
		</trkpt>
		<trkpt lat="35.100760" lon="128.928093">
			<ele>0.00</ele>
			<time>2020-01-15T21:40:31.01Z</time>
		</trkpt>
		<trkpt lat="35.100701" lon="128.928077">
			<ele>0.00</ele>
			<time>2020-01-15T21:40:31.41Z</time>
		</trkpt>
		<trkpt lat="35.100641" lon="128.928052">
			<ele>0.00</ele>
			<time>2020-01-15T21:40:31.83Z</time>
		</trkpt>
		<trkpt lat="35.100576" lon="128.928036">
			<ele>0.00</ele>
			<time>2020-01-15T21:40:32.27Z</time>
		</trkpt>
		<trkpt lat="35.100518" lon="128.928025">
			<ele>0.00</ele>
			<time>2020-01-15T21:40:32.67Z</time>
		</trkpt>
		<trkpt lat="35.100452" lon="128.928008">
			<ele>0.00</ele>
			<time>2020-01-15T21:40:33.11Z</time>
		</trkpt>
		<trkpt lat="35.100391" lon="128.927985">
			<ele>0.00</ele>
			<time>2020-01-15T21:40:33.54Z</time>
		</trkpt>
		<trkpt lat="35.100340" lon="128.927971">
			<ele>0.00</ele>
			<time>2020-01-15T21:40:33.89Z</time>
		</trkpt>
		<trkpt lat="35.100284" lon="128.927947">
			<ele>0.00</ele>
			<time>2020-01-15T21:40:34.28Z</time>
		</trkpt>
		<trkpt lat="35.100228" lon="128.927935">
			<ele>0.00</ele>
			<time>2020-01-15T21:40:34.66Z</time>
		</trkpt>
		<trkpt lat="35.100177" lon="128.927924">
			<ele>0.00</ele>
			<time>2020-01-15T21:40:35.01Z</time>
		</trkpt>
		<trkpt lat="35.100132" lon="128.927913">
			<ele>0.00</ele>
			<time>2020-01-15T21:40:35.31Z</time>
		</trkpt>
		<trkpt lat="35.100074" lon="128.927897">
			<ele>0.00</ele>
			<time>2020-01-15T21:40:35.71Z</time>
		</trkpt>
		<trkpt lat="35.100002" lon="128.927870">
			<ele>0.00</ele>
			<time>2020-01-15T21:40:36.21Z</time>
		</trkpt>
		<trkpt lat="35.099928" lon="128.927855">
			<ele>0.00</ele>
			<time>2020-01-15T21:40:36.71Z</time>
		</trkpt>
		<trkpt lat="35.099876" lon="128.927837">
			<ele>0.00</ele>
			<time>2020-01-15T21:40:37.07Z</time>
		</trkpt>
		<trkpt lat="35.099825" lon="128.927819">
			<ele>0.00</ele>
			<time>2020-01-15T21:40:37.43Z</time>
		</trkpt>
		<trkpt lat="35.099765" lon="128.927805">
			<ele>0.00</ele>
			<time>2020-01-15T21:40:37.83Z</time>
		</trkpt>
		<trkpt lat="35.099692" lon="128.927790">
			<ele>0.00</ele>
			<time>2020-01-15T21:40:38.33Z</time>
		</trkpt>
		<trkpt lat="35.099623" lon="128.927772">
			<ele>0.00</ele>
			<time>2020-01-15T21:40:38.80Z</time>
		</trkpt>
		<trkpt lat="35.099563" lon="128.927750">
			<ele>0.00</ele>
			<time>2020-01-15T21:40:39.22Z</time>
		</trkpt>
		<trkpt lat="35.099496" lon="128.927732">
			<ele>0.00</ele>
			<time>2020-01-15T21:40:39.68Z</time>
		</trkpt>
		<trkpt lat="35.099442" lon="128.927714">
			<ele>0.00</ele>
			<time>2020-01-15T21:40:40.04Z</time>
		</trkpt>
		<trkpt lat="35.099379" lon="128.927694">
			<ele>0.00</ele>
			<time>2020-01-15T21:40:40.48Z</time>
		</trkpt>
		<trkpt lat="35.099311" lon="128.927667">
			<ele>0.00</ele>
			<time>2020-01-15T21:40:40.96Z</time>
		</trkpt>
		<trkpt lat="35.099240" lon="128.927647">
			<ele>0.00</ele>
			<time>2020-01-15T21:40:41.44Z</time>
		</trkpt>
		<trkpt lat="35.099192" lon="128.927624">
			<ele>0.00</ele>
			<time>2020-01-15T21:40:41.79Z</time>
		</trkpt>
		<trkpt lat="35.099119" lon="128.927601">
			<ele>0.00</ele>
			<time>2020-01-15T21:40:42.29Z</time>
		</trkpt>
		<trkpt lat="35.099047" lon="128.927579">
			<ele>0.00</ele>
			<time>2020-01-15T21:40:42.78Z</time>
		</trkpt>
		<trkpt lat="35.098987" lon="128.927558">
			<ele>0.00</ele>
			<time>2020-01-15T21:40:43.20Z</time>
		</trkpt>
		<trkpt lat="35.098917" lon="128.927531">
			<ele>0.00</ele>
			<time>2020-01-15T21:40:43.69Z</time>
		</trkpt>
		<trkpt lat="35.098851" lon="128.927522">
			<ele>0.00</ele>
			<time>2020-01-15T21:40:44.13Z</time>
		</trkpt>
		<trkpt lat="35.098784" lon="128.927498">
			<ele>0.00</ele>
			<time>2020-01-15T21:40:44.60Z</time>
		</trkpt>
		<trkpt lat="35.098716" lon="128.927486">
			<ele>0.00</ele>
			<time>2020-01-15T21:40:45.05Z</time>
		</trkpt>
		<trkpt lat="35.098649" lon="128.927459">
			<ele>0.00</ele>
			<time>2020-01-15T21:40:45.52Z</time>
		</trkpt>
		<trkpt lat="35.098591" lon="128.927445">
			<ele>0.00</ele>
			<time>2020-01-15T21:40:45.92Z</time>
		</trkpt>
		<trkpt lat="35.098518" lon="128.927423">
			<ele>0.00</ele>
			<time>2020-01-15T21:40:46.42Z</time>
		</trkpt>
		<trkpt lat="35.098433" lon="128.927400">
			<ele>0.00</ele>
			<time>2020-01-15T21:40:47Z</time>
		</trkpt>
		<trkpt lat="35.098373" lon="128.927383">
			<ele>0.00</ele>
			<time>2020-01-15T21:40:47.41Z</time>
		</trkpt>
		<trkpt lat="35.098318" lon="128.927365">
			<ele>0.00</ele>
			<time>2020-01-15T21:40:47.79Z</time>
		</trkpt>
		<trkpt lat="35.098265" lon="128.927353">
			<ele>0.00</ele>
			<time>2020-01-15T21:40:48.15Z</time>
		</trkpt>
		<trkpt lat="35.098215" lon="128.927340">
			<ele>0.00</ele>
			<time>2020-01-15T21:40:48.49Z</time>
		</trkpt>
		<trkpt lat="35.098165" lon="128.927331">
			<ele>0.00</ele>
			<time>2020-01-15T21:40:48.83Z</time>
		</trkpt>
		<trkpt lat="35.098108" lon="128.927313">
			<ele>0.00</ele>
			<time>2020-01-15T21:40:49.22Z</time>
		</trkpt>
		<trkpt lat="35.098045" lon="128.927295">
			<ele>0.00</ele>
			<time>2020-01-15T21:40:49.65Z</time>
		</trkpt>
		<trkpt lat="35.097987" lon="128.927275">
			<ele>0.00</ele>
			<time>2020-01-15T21:40:50.06Z</time>
		</trkpt>
		<trkpt lat="35.097941" lon="128.927261">
			<ele>0.00</ele>
			<time>2020-01-15T21:40:50.37Z</time>
		</trkpt>
		<trkpt lat="35.097888" lon="128.927246">
			<ele>0.00</ele>
			<time>2020-01-15T21:40:50.73Z</time>
		</trkpt>
		<trkpt lat="35.097809" lon="128.927225">
			<ele>0.00</ele>
			<time>2020-01-15T21:40:51.27Z</time>
		</trkpt>
		<trkpt lat="35.097737" lon="128.927208">
			<ele>0.00</ele>
			<time>2020-01-15T21:40:51.76Z</time>
		</trkpt>
		<trkpt lat="35.097677" lon="128.927183">
			<ele>0.00</ele>
			<time>2020-01-15T21:40:52.18Z</time>
		</trkpt>
		<trkpt lat="35.097611" lon="128.927160">
			<ele>0.00</ele>
			<time>2020-01-15T21:40:52.64Z</time>
		</trkpt>
		<trkpt lat="35.097536" lon="128.927138">
			<ele>0.00</ele>
			<time>2020-01-15T21:40:53.16Z</time>
		</trkpt>
		<trkpt lat="35.097478" lon="128.927124">
			<ele>0.00</ele>
			<time>2020-01-15T21:40:53.54Z</time>
		</trkpt>
		<trkpt lat="35.097418" lon="128.927108">
			<ele>0.00</ele>
			<time>2020-01-15T21:40:53.95Z</time>
		</trkpt>
		<trkpt lat="35.097350" lon="128.927088">
			<ele>0.00</ele>
			<time>2020-01-15T21:40:54.42Z</time>
		</trkpt>
		<trkpt lat="35.097290" lon="128.927074">
			<ele>0.00</ele>
			<time>2020-01-15T21:40:54.83Z</time>
		</trkpt>
		<trkpt lat="35.097229" lon="128.927054">
			<ele>0.00</ele>
			<time>2020-01-15T21:40:55.25Z</time>
		</trkpt>
		<trkpt lat="35.097169" lon="128.927031">
			<ele>0.00</ele>
			<time>2020-01-15T21:40:55.67Z</time>
		</trkpt>
		<trkpt lat="35.097110" lon="128.927013">
			<ele>0.00</ele>
			<time>2020-01-15T21:40:56.07Z</time>
		</trkpt>
		<trkpt lat="35.097045" lon="128.926998">
			<ele>0.00</ele>
			<time>2020-01-15T21:40:56.52Z</time>
		</trkpt>
		<trkpt lat="35.097001" lon="128.926984">
			<ele>0.00</ele>
			<time>2020-01-15T21:40:56.82Z</time>
		</trkpt>
		<trkpt lat="35.096931" lon="128.926965">
			<ele>0.00</ele>
			<time>2020-01-15T21:40:57.30Z</time>
		</trkpt>
		<trkpt lat="35.096880" lon="128.926950">
			<ele>0.00</ele>
			<time>2020-01-15T21:40:57.65Z</time>
		</trkpt>
		<trkpt lat="35.096819" lon="128.926932">
			<ele>0.00</ele>
			<time>2020-01-15T21:40:58.07Z</time>
		</trkpt>
		<trkpt lat="35.096759" lon="128.926913">
			<ele>0.00</ele>
			<time>2020-01-15T21:40:58.48Z</time>
		</trkpt>
		<trkpt lat="35.096682" lon="128.926888">
			<ele>0.00</ele>
			<time>2020-01-15T21:40:59.01Z</time>
		</trkpt>
		<trkpt lat="35.096628" lon="128.926869">
			<ele>0.00</ele>
			<time>2020-01-15T21:40:59.39Z</time>
		</trkpt>
		<trkpt lat="35.096568" lon="128.926858">
			<ele>0.00</ele>
			<time>2020-01-15T21:40:59.79Z</time>
		</trkpt>
		<trkpt lat="35.096516" lon="128.926845">
			<ele>0.00</ele>
			<time>2020-01-15T21:41:00.14Z</time>
		</trkpt>
		<trkpt lat="35.096443" lon="128.926817">
			<ele>0.00</ele>
			<time>2020-01-15T21:41:00.65Z</time>
		</trkpt>
		<trkpt lat="35.096377" lon="128.926793">
			<ele>0.00</ele>
			<time>2020-01-15T21:41:01.11Z</time>
		</trkpt>
		<trkpt lat="35.096311" lon="128.926773">
			<ele>0.00</ele>
			<time>2020-01-15T21:41:01.57Z</time>
		</trkpt>
		<trkpt lat="35.096244" lon="128.926751">
			<ele>0.00</ele>
			<time>2020-01-15T21:41:02.03Z</time>
		</trkpt>
		<trkpt lat="35.096157" lon="128.926724">
			<ele>0.00</ele>
			<time>2020-01-15T21:41:02.63Z</time>
		</trkpt>
		<trkpt lat="35.096099" lon="128.926699">
			<ele>0.00</ele>
			<time>2020-01-15T21:41:03.04Z</time>
		</trkpt>
		<trkpt lat="35.096026" lon="128.926677">
			<ele>0.00</ele>
			<time>2020-01-15T21:41:03.54Z</time>
		</trkpt>
		<trkpt lat="35.095961" lon="128.926654">
			<ele>0.00</ele>
			<time>2020-01-15T21:41:03.99Z</time>
		</trkpt>
		<trkpt lat="35.095888" lon="128.926635">
			<ele>0.00</ele>
			<time>2020-01-15T21:41:04.49Z</time>
		</trkpt>
		<trkpt lat="35.095801" lon="128.926611">
			<ele>0.00</ele>
			<time>2020-01-15T21:41:05.08Z</time>
		</trkpt>
		<trkpt lat="35.095744" lon="128.926595">
			<ele>0.00</ele>
			<time>2020-01-15T21:41:05.47Z</time>
		</trkpt>
		<trkpt lat="35.095685" lon="128.926570">
			<ele>0.00</ele>
			<time>2020-01-15T21:41:05.89Z</time>
		</trkpt>
		<trkpt lat="35.095619" lon="128.926552">
			<ele>0.00</ele>
			<time>2020-01-15T21:41:06.34Z</time>
		</trkpt>
		<trkpt lat="35.095555" lon="128.926529">
			<ele>0.00</ele>
			<time>2020-01-15T21:41:06.78Z</time>
		</trkpt>
		<trkpt lat="35.095479" lon="128.926502">
			<ele>0.00</ele>
			<time>2020-01-15T21:41:07.31Z</time>
		</trkpt>
		<trkpt lat="35.095405" lon="128.926487">
			<ele>0.00</ele>
			<time>2020-01-15T21:41:07.81Z</time>
		</trkpt>
		<trkpt lat="35.095331" lon="128.926465">
			<ele>0.00</ele>
			<time>2020-01-15T21:41:08.32Z</time>
		</trkpt>
		<trkpt lat="35.095271" lon="128.926451">
			<ele>0.00</ele>
			<time>2020-01-15T21:41:08.73Z</time>
		</trkpt>
		<trkpt lat="35.095203" lon="128.926435">
			<ele>0.00</ele>
			<time>2020-01-15T21:41:09.19Z</time>
		</trkpt>
		<trkpt lat="35.095149" lon="128.926417">
			<ele>0.00</ele>
			<time>2020-01-15T21:41:09.56Z</time>
		</trkpt>
		<trkpt lat="35.095090" lon="128.926399">
			<ele>0.00</ele>
			<time>2020-01-15T21:41:09.96Z</time>
		</trkpt>
		<trkpt lat="35.095016" lon="128.926377">
			<ele>0.00</ele>
			<time>2020-01-15T21:41:10.47Z</time>
		</trkpt>
		<trkpt lat="35.094950" lon="128.926361">
			<ele>0.00</ele>
			<time>2020-01-15T21:41:10.92Z</time>
		</trkpt>
		<trkpt lat="35.094886" lon="128.926345">
			<ele>0.00</ele>
			<time>2020-01-15T21:41:11.36Z</time>
		</trkpt>
		<trkpt lat="35.094812" lon="128.926328">
			<ele>0.00</ele>
			<time>2020-01-15T21:41:11.86Z</time>
		</trkpt>
		<trkpt lat="35.094746" lon="128.926298">
			<ele>0.00</ele>
			<time>2020-01-15T21:41:12.33Z</time>
		</trkpt>
		<trkpt lat="35.094676" lon="128.926278">
			<ele>0.00</ele>
			<time>2020-01-15T21:41:12.81Z</time>
		</trkpt>
		<trkpt lat="35.094613" lon="128.926249">
			<ele>0.00</ele>
			<time>2020-01-15T21:41:13.26Z</time>
		</trkpt>
		<trkpt lat="35.094541" lon="128.926229">
			<ele>0.00</ele>
			<time>2020-01-15T21:41:13.75Z</time>
		</trkpt>
		<trkpt lat="35.094475" lon="128.926211">
			<ele>0.00</ele>
			<time>2020-01-15T21:41:14.20Z</time>
		</trkpt>
		<trkpt lat="35.094417" lon="128.926183">
			<ele>0.00</ele>
			<time>2020-01-15T21:41:14.62Z</time>
		</trkpt>
		<trkpt lat="35.094360" lon="128.926165">
			<ele>0.00</ele>
			<time>2020-01-15T21:41:15.01Z</time>
		</trkpt>
		<trkpt lat="35.094290" lon="128.926136">
			<ele>0.00</ele>
			<time>2020-01-15T21:41:15.51Z</time>
		</trkpt>
		<trkpt lat="35.094228" lon="128.926109">
			<ele>0.00</ele>
			<time>2020-01-15T21:41:15.94Z</time>
		</trkpt>
		<trkpt lat="35.094161" lon="128.926079">
			<ele>0.00</ele>
			<time>2020-01-15T21:41:16.42Z</time>
		</trkpt>
		<trkpt lat="35.094087" lon="128.926035">
			<ele>0.00</ele>
			<time>2020-01-15T21:41:16.96Z</time>
		</trkpt>
		<trkpt lat="35.094025" lon="128.926010">
			<ele>0.00</ele>
			<time>2020-01-15T21:41:17.40Z</time>
		</trkpt>
		<trkpt lat="35.093964" lon="128.925971">
			<ele>0.00</ele>
			<time>2020-01-15T21:41:17.86Z</time>
		</trkpt>
		<trkpt lat="35.093906" lon="128.925939">
			<ele>0.00</ele>
			<time>2020-01-15T21:41:18.29Z</time>
		</trkpt>
		<trkpt lat="35.093839" lon="128.925903">
			<ele>0.00</ele>
			<time>2020-01-15T21:41:18.77Z</time>
		</trkpt>
		<trkpt lat="35.093778" lon="128.925864">
			<ele>0.00</ele>
			<time>2020-01-15T21:41:19.23Z</time>
		</trkpt>
		<trkpt lat="35.093716" lon="128.925827">
			<ele>0.00</ele>
			<time>2020-01-15T21:41:19.69Z</time>
		</trkpt>
		<trkpt lat="35.093667" lon="128.925793">
			<ele>0.00</ele>
			<time>2020-01-15T21:41:20.07Z</time>
		</trkpt>
		<trkpt lat="35.093611" lon="128.925754">
			<ele>0.00</ele>
			<time>2020-01-15T21:41:20.49Z</time>
		</trkpt>
		<trkpt lat="35.093563" lon="128.925712">
			<ele>0.00</ele>
			<time>2020-01-15T21:41:20.89Z</time>
		</trkpt>
		<trkpt lat="35.093509" lon="128.925670">
			<ele>0.00</ele>
			<time>2020-01-15T21:41:21.32Z</time>
		</trkpt>
		<trkpt lat="35.093462" lon="128.925622">
			<ele>0.00</ele>
			<time>2020-01-15T21:41:21.72Z</time>
		</trkpt>
		<trkpt lat="35.093404" lon="128.925576">
			<ele>0.00</ele>
			<time>2020-01-15T21:41:22.18Z</time>
		</trkpt>
		<trkpt lat="35.093353" lon="128.925531">
			<ele>0.00</ele>
			<time>2020-01-15T21:41:22.61Z</time>
		</trkpt>
		<trkpt lat="35.093298" lon="128.925481">
			<ele>0.00</ele>
			<time>2020-01-15T21:41:23.06Z</time>
		</trkpt>
		<trkpt lat="35.093248" lon="128.925430">
			<ele>0.00</ele>
			<time>2020-01-15T21:41:23.49Z</time>
		</trkpt>
		<trkpt lat="35.093197" lon="128.925379">
			<ele>0.00</ele>
			<time>2020-01-15T21:41:23.93Z</time>
		</trkpt>
		<trkpt lat="35.093153" lon="128.925330">
			<ele>0.00</ele>
			<time>2020-01-15T21:41:24.33Z</time>
		</trkpt>
		<trkpt lat="35.093101" lon="128.925281">
			<ele>0.00</ele>
			<time>2020-01-15T21:41:24.77Z</time>
		</trkpt>
		<trkpt lat="35.093057" lon="128.925228">
			<ele>0.00</ele>
			<time>2020-01-15T21:41:25.18Z</time>
		</trkpt>
		<trkpt lat="35.093013" lon="128.925166">
			<ele>0.00</ele>
			<time>2020-01-15T21:41:25.63Z</time>
		</trkpt>
		<trkpt lat="35.092969" lon="128.925109">
			<ele>0.00</ele>
			<time>2020-01-15T21:41:26.06Z</time>
		</trkpt>
		<trkpt lat="35.092918" lon="128.925051">
			<ele>0.00</ele>
			<time>2020-01-15T21:41:26.52Z</time>
		</trkpt>
		<trkpt lat="35.092872" lon="128.924995">
			<ele>0.00</ele>
			<time>2020-01-15T21:41:26.95Z</time>
		</trkpt>
		<trkpt lat="35.092818" lon="128.924930">
			<ele>0.00</ele>
			<time>2020-01-15T21:41:27.46Z</time>
		</trkpt>
		<trkpt lat="35.092774" lon="128.924870">
			<ele>0.00</ele>
			<time>2020-01-15T21:41:27.90Z</time>
		</trkpt>
		<trkpt lat="35.092737" lon="128.924828">
			<ele>0.00</ele>
			<time>2020-01-15T21:41:28.24Z</time>
		</trkpt>
		<trkpt lat="35.092698" lon="128.924771">
			<ele>0.00</ele>
			<time>2020-01-15T21:41:28.64Z</time>
		</trkpt>
		<trkpt lat="35.092656" lon="128.924704">
			<ele>0.00</ele>
			<time>2020-01-15T21:41:29.10Z</time>
		</trkpt>
		<trkpt lat="35.092609" lon="128.924648">
			<ele>0.00</ele>
			<time>2020-01-15T21:41:29.54Z</time>
		</trkpt>
		<trkpt lat="35.092579" lon="128.924591">
			<ele>0.00</ele>
			<time>2020-01-15T21:41:29.91Z</time>
		</trkpt>
		<trkpt lat="35.092545" lon="128.924545">
			<ele>0.00</ele>
			<time>2020-01-15T21:41:30.25Z</time>
		</trkpt>
		<trkpt lat="35.092505" lon="128.924482">
			<ele>0.00</ele>
			<time>2020-01-15T21:41:30.68Z</time>
		</trkpt>
		<trkpt lat="35.092471" lon="128.924424">
			<ele>0.00</ele>
			<time>2020-01-15T21:41:31.07Z</time>
		</trkpt>
		<trkpt lat="35.092435" lon="128.924354">
			<ele>0.00</ele>
			<time>2020-01-15T21:41:31.52Z</time>
		</trkpt>
		<trkpt lat="35.092404" lon="128.924290">
			<ele>0.00</ele>
			<time>2020-01-15T21:41:31.93Z</time>
		</trkpt>
		<trkpt lat="35.092355" lon="128.924233">
			<ele>0.00</ele>
			<time>2020-01-15T21:41:32.38Z</time>
		</trkpt>
		<trkpt lat="35.092341" lon="128.924195">
			<ele>0.00</ele>
			<time>2020-01-15T21:41:32.61Z</time>
		</trkpt>
		<trkpt lat="35.092313" lon="128.924139">
			<ele>0.00</ele>
			<time>2020-01-15T21:41:32.97Z</time>
		</trkpt>
		<trkpt lat="35.092286" lon="128.924079">
			<ele>0.00</ele>
			<time>2020-01-15T21:41:33.34Z</time>
		</trkpt>
		<trkpt lat="35.092257" lon="128.924025">
			<ele>0.00</ele>
			<time>2020-01-15T21:41:33.69Z</time>
		</trkpt>
		<trkpt lat="35.092227" lon="128.923960">
			<ele>0.00</ele>
			<time>2020-01-15T21:41:34.10Z</time>
		</trkpt>
		<trkpt lat="35.092200" lon="128.923912">
			<ele>0.00</ele>
			<time>2020-01-15T21:41:34.41Z</time>
		</trkpt>
		<trkpt lat="35.092172" lon="128.923847">
			<ele>0.00</ele>
			<time>2020-01-15T21:41:34.82Z</time>
		</trkpt>
		<trkpt lat="35.092135" lon="128.923786">
			<ele>0.00</ele>
			<time>2020-01-15T21:41:35.23Z</time>
		</trkpt>
		<trkpt lat="35.092112" lon="128.923728">
			<ele>0.00</ele>
			<time>2020-01-15T21:41:35.58Z</time>
		</trkpt>
		<trkpt lat="35.092081" lon="128.923656">
			<ele>0.00</ele>
			<time>2020-01-15T21:41:36.03Z</time>
		</trkpt>
		<trkpt lat="35.092057" lon="128.923593">
			<ele>0.00</ele>
			<time>2020-01-15T21:41:36.41Z</time>
		</trkpt>
		<trkpt lat="35.092034" lon="128.923536">
			<ele>0.00</ele>
			<time>2020-01-15T21:41:36.75Z</time>
		</trkpt>
		<trkpt lat="35.092013" lon="128.923464">
			<ele>0.00</ele>
			<time>2020-01-15T21:41:37.17Z</time>
		</trkpt>
		<trkpt lat="35.091982" lon="128.923383">
			<ele>0.00</ele>
			<time>2020-01-15T21:41:37.65Z</time>
		</trkpt>
		<trkpt lat="35.091960" lon="128.923322">
			<ele>0.00</ele>
			<time>2020-01-15T21:41:38.02Z</time>
		</trkpt>
		<trkpt lat="35.091935" lon="128.923245">
			<ele>0.00</ele>
			<time>2020-01-15T21:41:38.47Z</time>
		</trkpt>
		<trkpt lat="35.091918" lon="128.923190">
			<ele>0.00</ele>
			<time>2020-01-15T21:41:38.79Z</time>
		</trkpt>
		<trkpt lat="35.091889" lon="128.923129">
			<ele>0.00</ele>
			<time>2020-01-15T21:41:39.17Z</time>
		</trkpt>
		<trkpt lat="35.091867" lon="128.923066">
			<ele>0.00</ele>
			<time>2020-01-15T21:41:39.55Z</time>
		</trkpt>
		<trkpt lat="35.091842" lon="128.922989">
			<ele>0.00</ele>
			<time>2020-01-15T21:41:40Z</time>
		</trkpt>
		<trkpt lat="35.091816" lon="128.922933">
			<ele>0.00</ele>
			<time>2020-01-15T21:41:40.35Z</time>
		</trkpt>
		<trkpt lat="35.091792" lon="128.922871">
			<ele>0.00</ele>
			<time>2020-01-15T21:41:40.73Z</time>
		</trkpt>
		<trkpt lat="35.091772" lon="128.922813">
			<ele>0.00</ele>
			<time>2020-01-15T21:41:41.07Z</time>
		</trkpt>
		<trkpt lat="35.091754" lon="128.922760">
			<ele>0.00</ele>
			<time>2020-01-15T21:41:41.38Z</time>
		</trkpt>
		<trkpt lat="35.091730" lon="128.922693">
			<ele>0.00</ele>
			<time>2020-01-15T21:41:41.78Z</time>
		</trkpt>
		<trkpt lat="35.091710" lon="128.922628">
			<ele>0.00</ele>
			<time>2020-01-15T21:41:42.16Z</time>
		</trkpt>
		<trkpt lat="35.091683" lon="128.922565">
			<ele>0.00</ele>
			<time>2020-01-15T21:41:42.55Z</time>
		</trkpt>
		<trkpt lat="35.091660" lon="128.922501">
			<ele>0.00</ele>
			<time>2020-01-15T21:41:42.93Z</time>
		</trkpt>
		<trkpt lat="35.091642" lon="128.922443">
			<ele>0.00</ele>
			<time>2020-01-15T21:41:43.27Z</time>
		</trkpt>
		<trkpt lat="35.091621" lon="128.922378">
			<ele>0.00</ele>
			<time>2020-01-15T21:41:43.65Z</time>
		</trkpt>
		<trkpt lat="35.091595" lon="128.922307">
			<ele>0.00</ele>
			<time>2020-01-15T21:41:44.07Z</time>
		</trkpt>
		<trkpt lat="35.091573" lon="128.922237">
			<ele>0.00</ele>
			<time>2020-01-15T21:41:44.48Z</time>
		</trkpt>
		<trkpt lat="35.091551" lon="128.922177">
			<ele>0.00</ele>
			<time>2020-01-15T21:41:44.84Z</time>
		</trkpt>
		<trkpt lat="35.091520" lon="128.922085">
			<ele>0.00</ele>
			<time>2020-01-15T21:41:45.38Z</time>
		</trkpt>
		<trkpt lat="35.091497" lon="128.922021">
			<ele>0.00</ele>
			<time>2020-01-15T21:41:45.76Z</time>
		</trkpt>
		<trkpt lat="35.091467" lon="128.921944">
			<ele>0.00</ele>
			<time>2020-01-15T21:41:46.23Z</time>
		</trkpt>
		<trkpt lat="35.091449" lon="128.921871">
			<ele>0.00</ele>
			<time>2020-01-15T21:41:46.64Z</time>
		</trkpt>
		<trkpt lat="35.091426" lon="128.921795">
			<ele>0.00</ele>
			<time>2020-01-15T21:41:47.09Z</time>
		</trkpt>
		<trkpt lat="35.091401" lon="128.921707">
			<ele>0.00</ele>
			<time>2020-01-15T21:41:47.59Z</time>
		</trkpt>
		<trkpt lat="35.091381" lon="128.921640">
			<ele>0.00</ele>
			<time>2020-01-15T21:41:47.98Z</time>
		</trkpt>
		<trkpt lat="35.091348" lon="128.921558">
			<ele>0.00</ele>
			<time>2020-01-15T21:41:48.48Z</time>
		</trkpt>
		<trkpt lat="35.091316" lon="128.921477">
			<ele>0.00</ele>
			<time>2020-01-15T21:41:48.97Z</time>
		</trkpt>
		<trkpt lat="35.091291" lon="128.921410">
			<ele>0.00</ele>
			<time>2020-01-15T21:41:49.38Z</time>
		</trkpt>
		<trkpt lat="35.091262" lon="128.921327">
			<ele>0.00</ele>
			<time>2020-01-15T21:41:49.87Z</time>
		</trkpt>
		<trkpt lat="35.091236" lon="128.921258">
			<ele>0.00</ele>
			<time>2020-01-15T21:41:50.29Z</time>
		</trkpt>
		<trkpt lat="35.091207" lon="128.921178">
			<ele>0.00</ele>
			<time>2020-01-15T21:41:50.76Z</time>
		</trkpt>
		<trkpt lat="35.091177" lon="128.921099">
			<ele>0.00</ele>
			<time>2020-01-15T21:41:51.23Z</time>
		</trkpt>
		<trkpt lat="35.091151" lon="128.921020">
			<ele>0.00</ele>
			<time>2020-01-15T21:41:51.70Z</time>
		</trkpt>
		<trkpt lat="35.091128" lon="128.920953">
			<ele>0.00</ele>
			<time>2020-01-15T21:41:52.10Z</time>
		</trkpt>
		<trkpt lat="35.091103" lon="128.920886">
			<ele>0.00</ele>
			<time>2020-01-15T21:41:52.50Z</time>
		</trkpt>
		<trkpt lat="35.091079" lon="128.920803">
			<ele>0.00</ele>
			<time>2020-01-15T21:41:52.98Z</time>
		</trkpt>
		<trkpt lat="35.091059" lon="128.920742">
			<ele>0.00</ele>
			<time>2020-01-15T21:41:53.34Z</time>
		</trkpt>
		<trkpt lat="35.091032" lon="128.920668">
			<ele>0.00</ele>
			<time>2020-01-15T21:41:53.78Z</time>
		</trkpt>
		<trkpt lat="35.091005" lon="128.920605">
			<ele>0.00</ele>
			<time>2020-01-15T21:41:54.17Z</time>
		</trkpt>
		<trkpt lat="35.090983" lon="128.920531">
			<ele>0.00</ele>
			<time>2020-01-15T21:41:54.59Z</time>
		</trkpt>
		<trkpt lat="35.090952" lon="128.920438">
			<ele>0.00</ele>
			<time>2020-01-15T21:41:55.14Z</time>
		</trkpt>
		<trkpt lat="35.090924" lon="128.920350">
			<ele>0.00</ele>
			<time>2020-01-15T21:41:55.66Z</time>
		</trkpt>
		<trkpt lat="35.090898" lon="128.920272">
			<ele>0.00</ele>
			<time>2020-01-15T21:41:56.12Z</time>
		</trkpt>
		<trkpt lat="35.090873" lon="128.920198">
			<ele>0.00</ele>
			<time>2020-01-15T21:41:56.55Z</time>
		</trkpt>
		<trkpt lat="35.090844" lon="128.920123">
			<ele>0.00</ele>
			<time>2020-01-15T21:41:57.01Z</time>
		</trkpt>
		<trkpt lat="35.090818" lon="128.920056">
			<ele>0.00</ele>
			<time>2020-01-15T21:41:57.41Z</time>
		</trkpt>
		<trkpt lat="35.090795" lon="128.919993">
			<ele>0.00</ele>
			<time>2020-01-15T21:41:57.79Z</time>
		</trkpt>
		<trkpt lat="35.090774" lon="128.919926">
			<ele>0.00</ele>
			<time>2020-01-15T21:41:58.18Z</time>
		</trkpt>
		<trkpt lat="35.090748" lon="128.919858">
			<ele>0.00</ele>
			<time>2020-01-15T21:41:58.59Z</time>
		</trkpt>
		<trkpt lat="35.090724" lon="128.919774">
			<ele>0.00</ele>
			<time>2020-01-15T21:41:59.07Z</time>
		</trkpt>
		<trkpt lat="35.090698" lon="128.919700">
			<ele>0.00</ele>
			<time>2020-01-15T21:41:59.52Z</time>
		</trkpt>
		<trkpt lat="35.090681" lon="128.919637">
			<ele>0.00</ele>
			<time>2020-01-15T21:41:59.88Z</time>
		</trkpt>
		<trkpt lat="35.090658" lon="128.919548">
			<ele>0.00</ele>
			<time>2020-01-15T21:42:00.39Z</time>
		</trkpt>
		<trkpt lat="35.090632" lon="128.919470">
			<ele>0.00</ele>
			<time>2020-01-15T21:42:00.84Z</time>
		</trkpt>
		<trkpt lat="35.090610" lon="128.919402">
			<ele>0.00</ele>
			<time>2020-01-15T21:42:01.24Z</time>
		</trkpt>
		<trkpt lat="35.090584" lon="128.919325">
			<ele>0.00</ele>
			<time>2020-01-15T21:42:01.70Z</time>
		</trkpt>
		<trkpt lat="35.090563" lon="128.919247">
			<ele>0.00</ele>
			<time>2020-01-15T21:42:02.14Z</time>
		</trkpt>
		<trkpt lat="35.090536" lon="128.919164">
			<ele>0.00</ele>
			<time>2020-01-15T21:42:02.63Z</time>
		</trkpt>
		<trkpt lat="35.090505" lon="128.919083">
			<ele>0.00</ele>
			<time>2020-01-15T21:42:03.12Z</time>
		</trkpt>
		<trkpt lat="35.090480" lon="128.919004">
			<ele>0.00</ele>
			<time>2020-01-15T21:42:03.58Z</time>
		</trkpt>
		<trkpt lat="35.090451" lon="128.918917">
			<ele>0.00</ele>
			<time>2020-01-15T21:42:04.09Z</time>
		</trkpt>
		<trkpt lat="35.090428" lon="128.918834">
			<ele>0.00</ele>
			<time>2020-01-15T21:42:04.57Z</time>
		</trkpt>
		<trkpt lat="35.090403" lon="128.918747">
			<ele>0.00</ele>
			<time>2020-01-15T21:42:05.07Z</time>
		</trkpt>
		<trkpt lat="35.090369" lon="128.918662">
			<ele>0.00</ele>
			<time>2020-01-15T21:42:05.59Z</time>
		</trkpt>
		<trkpt lat="35.090353" lon="128.918564">
			<ele>0.00</ele>
			<time>2020-01-15T21:42:06.14Z</time>
		</trkpt>
		<trkpt lat="35.090315" lon="128.918470">
			<ele>0.00</ele>
			<time>2020-01-15T21:42:06.71Z</time>
		</trkpt>
		<trkpt lat="35.090295" lon="128.918393">
			<ele>0.00</ele>
			<time>2020-01-15T21:42:07.15Z</time>
		</trkpt>
		<trkpt lat="35.090263" lon="128.918319">
			<ele>0.00</ele>
			<time>2020-01-15T21:42:07.60Z</time>
		</trkpt>
		<trkpt lat="35.090237" lon="128.918232">
			<ele>0.00</ele>
			<time>2020-01-15T21:42:08.11Z</time>
		</trkpt>
		<trkpt lat="35.090213" lon="128.918147">
			<ele>0.00</ele>
			<time>2020-01-15T21:42:08.60Z</time>
		</trkpt>
		<trkpt lat="35.090181" lon="128.918052">
			<ele>0.00</ele>
			<time>2020-01-15T21:42:09.16Z</time>
		</trkpt>
		<trkpt lat="35.090146" lon="128.917960">
			<ele>0.00</ele>
			<time>2020-01-15T21:42:09.71Z</time>
		</trkpt>
		<trkpt lat="35.090118" lon="128.917870">
			<ele>0.00</ele>
			<time>2020-01-15T21:42:10.24Z</time>
		</trkpt>
		<trkpt lat="35.090092" lon="128.917803">
			<ele>0.00</ele>
			<time>2020-01-15T21:42:10.64Z</time>
		</trkpt>
		<trkpt lat="35.090062" lon="128.917717">
			<ele>0.00</ele>
			<time>2020-01-15T21:42:11.15Z</time>
		</trkpt>
		<trkpt lat="35.090038" lon="128.917637">
			<ele>0.00</ele>
			<time>2020-01-15T21:42:11.62Z</time>
		</trkpt>
		<trkpt lat="35.090008" lon="128.917559">
			<ele>0.00</ele>
			<time>2020-01-15T21:42:12.09Z</time>
		</trkpt>
		<trkpt lat="35.089978" lon="128.917465">
			<ele>0.00</ele>
			<time>2020-01-15T21:42:12.64Z</time>
		</trkpt>
		<trkpt lat="35.089949" lon="128.917372">
			<ele>0.00</ele>
			<time>2020-01-15T21:42:13.18Z</time>
		</trkpt>
		<trkpt lat="35.089931" lon="128.917322">
			<ele>0.00</ele>
			<time>2020-01-15T21:42:13.48Z</time>
		</trkpt>
		<trkpt lat="35.089910" lon="128.917256">
			<ele>0.00</ele>
			<time>2020-01-15T21:42:13.87Z</time>
		</trkpt>
		<trkpt lat="35.089877" lon="128.917180">
			<ele>0.00</ele>
			<time>2020-01-15T21:42:14.33Z</time>
		</trkpt>
		<trkpt lat="35.089851" lon="128.917112">
			<ele>0.00</ele>
			<time>2020-01-15T21:42:14.75Z</time>
		</trkpt>
		<trkpt lat="35.089823" lon="128.917034">
			<ele>0.00</ele>
			<time>2020-01-15T21:42:15.21Z</time>
		</trkpt>
		<trkpt lat="35.089792" lon="128.916966">
			<ele>0.00</ele>
			<time>2020-01-15T21:42:15.63Z</time>
		</trkpt>
		<trkpt lat="35.089762" lon="128.916890">
			<ele>0.00</ele>
			<time>2020-01-15T21:42:16.09Z</time>
		</trkpt>
		<trkpt lat="35.089738" lon="128.916827">
			<ele>0.00</ele>
			<time>2020-01-15T21:42:16.47Z</time>
		</trkpt>
		<trkpt lat="35.089706" lon="128.916748">
			<ele>0.00</ele>
			<time>2020-01-15T21:42:16.95Z</time>
		</trkpt>
		<trkpt lat="35.089675" lon="128.916662">
			<ele>0.00</ele>
			<time>2020-01-15T21:42:17.47Z</time>
		</trkpt>
		<trkpt lat="35.089658" lon="128.916597">
			<ele>0.00</ele>
			<time>2020-01-15T21:42:17.84Z</time>
		</trkpt>
		<trkpt lat="35.089636" lon="128.916535">
			<ele>0.00</ele>
			<time>2020-01-15T21:42:18.21Z</time>
		</trkpt>
		<trkpt lat="35.089607" lon="128.916454">
			<ele>0.00</ele>
			<time>2020-01-15T21:42:18.69Z</time>
		</trkpt>
		<trkpt lat="35.089574" lon="128.916374">
			<ele>0.00</ele>
			<time>2020-01-15T21:42:19.18Z</time>
		</trkpt>
		<trkpt lat="35.089544" lon="128.916290">
			<ele>0.00</ele>
			<time>2020-01-15T21:42:19.68Z</time>
		</trkpt>
		<trkpt lat="35.089509" lon="128.916214">
			<ele>0.00</ele>
			<time>2020-01-15T21:42:20.15Z</time>
		</trkpt>
		<trkpt lat="35.089482" lon="128.916146">
			<ele>0.00</ele>
			<time>2020-01-15T21:42:20.57Z</time>
		</trkpt>
		<trkpt lat="35.089456" lon="128.916074">
			<ele>0.00</ele>
			<time>2020-01-15T21:42:21Z</time>
		</trkpt>
		<trkpt lat="35.089426" lon="128.916000">
			<ele>0.00</ele>
			<time>2020-01-15T21:42:21.45Z</time>
		</trkpt>
		<trkpt lat="35.089400" lon="128.915930">
			<ele>0.00</ele>
			<time>2020-01-15T21:42:21.86Z</time>
		</trkpt>
		<trkpt lat="35.089367" lon="128.915831">
			<ele>0.00</ele>
			<time>2020-01-15T21:42:22.45Z</time>
		</trkpt>
		<trkpt lat="35.089340" lon="128.915752">
			<ele>0.00</ele>
			<time>2020-01-15T21:42:22.92Z</time>
		</trkpt>
		<trkpt lat="35.089313" lon="128.915661">
			<ele>0.00</ele>
			<time>2020-01-15T21:42:23.44Z</time>
		</trkpt>
		<trkpt lat="35.089282" lon="128.915566">
			<ele>0.00</ele>
			<time>2020-01-15T21:42:24Z</time>
		</trkpt>
		<trkpt lat="35.089256" lon="128.915500">
			<ele>0.00</ele>
			<time>2020-01-15T21:42:24.40Z</time>
		</trkpt>
		<trkpt lat="35.089231" lon="128.915420">
			<ele>0.00</ele>
			<time>2020-01-15T21:42:24.87Z</time>
		</trkpt>
		<trkpt lat="35.089206" lon="128.915341">
			<ele>0.00</ele>
			<time>2020-01-15T21:42:25.33Z</time>
		</trkpt>
		<trkpt lat="35.089190" lon="128.915279">
			<ele>0.00</ele>
			<time>2020-01-15T21:42:25.69Z</time>
		</trkpt>
		<trkpt lat="35.089172" lon="128.915205">
			<ele>0.00</ele>
			<time>2020-01-15T21:42:26.11Z</time>
		</trkpt>
		<trkpt lat="35.089149" lon="128.915136">
			<ele>0.00</ele>
			<time>2020-01-15T21:42:26.51Z</time>
		</trkpt>
		<trkpt lat="35.089131" lon="128.915057">
			<ele>0.00</ele>
			<time>2020-01-15T21:42:26.96Z</time>
		</trkpt>
		<trkpt lat="35.089113" lon="128.914980">
			<ele>0.00</ele>
			<time>2020-01-15T21:42:27.40Z</time>
		</trkpt>
		<trkpt lat="35.089088" lon="128.914889">
			<ele>0.00</ele>
			<time>2020-01-15T21:42:27.92Z</time>
		</trkpt>
		<trkpt lat="35.089071" lon="128.914825">
			<ele>0.00</ele>
			<time>2020-01-15T21:42:28.29Z</time>
		</trkpt>
		<trkpt lat="35.089058" lon="128.914748">
			<ele>0.00</ele>
			<time>2020-01-15T21:42:28.72Z</time>
		</trkpt>
		<trkpt lat="35.089041" lon="128.914671">
			<ele>0.00</ele>
			<time>2020-01-15T21:42:29.15Z</time>
		</trkpt>
		<trkpt lat="35.089022" lon="128.914586">
			<ele>0.00</ele>
			<time>2020-01-15T21:42:29.63Z</time>
		</trkpt>
		<trkpt lat="35.089008" lon="128.914492">
			<ele>0.00</ele>
			<time>2020-01-15T21:42:30.15Z</time>
		</trkpt>
		<trkpt lat="35.088995" lon="128.914419">
			<ele>0.00</ele>
			<time>2020-01-15T21:42:30.56Z</time>
		</trkpt>
		<trkpt lat="35.088984" lon="128.914330">
			<ele>0.00</ele>
			<time>2020-01-15T21:42:31.05Z</time>
		</trkpt>
		<trkpt lat="35.088969" lon="128.914244">
			<ele>0.00</ele>
			<time>2020-01-15T21:42:31.53Z</time>
		</trkpt>
		<trkpt lat="35.088960" lon="128.914163">
			<ele>0.00</ele>
			<time>2020-01-15T21:42:31.98Z</time>
		</trkpt>
		<trkpt lat="35.088950" lon="128.914084">
			<ele>0.00</ele>
			<time>2020-01-15T21:42:32.41Z</time>
		</trkpt>
		<trkpt lat="35.088941" lon="128.914014">
			<ele>0.00</ele>
			<time>2020-01-15T21:42:32.80Z</time>
		</trkpt>
		<trkpt lat="35.088936" lon="128.913939">
			<ele>0.00</ele>
			<time>2020-01-15T21:42:33.21Z</time>
		</trkpt>
		<trkpt lat="35.088930" lon="128.913849">
			<ele>0.00</ele>
			<time>2020-01-15T21:42:33.70Z</time>
		</trkpt>
		<trkpt lat="35.088929" lon="128.913769">
			<ele>0.00</ele>
			<time>2020-01-15T21:42:34.14Z</time>
		</trkpt>
		<trkpt lat="35.088921" lon="128.913671">
			<ele>0.00</ele>
			<time>2020-01-15T21:42:34.67Z</time>
		</trkpt>
		<trkpt lat="35.088917" lon="128.913594">
			<ele>0.00</ele>
			<time>2020-01-15T21:42:35.10Z</time>
		</trkpt>
		<trkpt lat="35.088912" lon="128.913525">
			<ele>0.00</ele>
			<time>2020-01-15T21:42:35.48Z</time>
		</trkpt>
		<trkpt lat="35.088914" lon="128.913449">
			<ele>0.00</ele>
			<time>2020-01-15T21:42:35.89Z</time>
		</trkpt>
		<trkpt lat="35.088908" lon="128.913352">
			<ele>0.00</ele>
			<time>2020-01-15T21:42:36.42Z</time>
		</trkpt>
		<trkpt lat="35.088911" lon="128.913277">
			<ele>0.00</ele>
			<time>2020-01-15T21:42:36.83Z</time>
		</trkpt>
		<trkpt lat="35.088911" lon="128.913202">
			<ele>0.00</ele>
			<time>2020-01-15T21:42:37.24Z</time>
		</trkpt>
		<trkpt lat="35.088909" lon="128.913123">
			<ele>0.00</ele>
			<time>2020-01-15T21:42:37.67Z</time>
		</trkpt>
		<trkpt lat="35.088914" lon="128.913035">
			<ele>0.00</ele>
			<time>2020-01-15T21:42:38.15Z</time>
		</trkpt>
		<trkpt lat="35.088909" lon="128.912950">
			<ele>0.00</ele>
			<time>2020-01-15T21:42:38.61Z</time>
		</trkpt>
		<trkpt lat="35.088903" lon="128.912861">
			<ele>0.00</ele>
			<time>2020-01-15T21:42:39.11Z</time>
		</trkpt>
		<trkpt lat="35.088899" lon="128.912756">
			<ele>0.00</ele>
			<time>2020-01-15T21:42:39.68Z</time>
		</trkpt>
		<trkpt lat="35.088903" lon="128.912686">
			<ele>0.00</ele>
			<time>2020-01-15T21:42:40.06Z</time>
		</trkpt>
		<trkpt lat="35.088907" lon="128.912628">
			<ele>0.00</ele>
			<time>2020-01-15T21:42:40.38Z</time>
		</trkpt>
		<trkpt lat="35.088909" lon="128.912575">
			<ele>0.00</ele>
			<time>2020-01-15T21:42:40.67Z</time>
		</trkpt>
		<trkpt lat="35.088910" lon="128.912516">
			<ele>0.00</ele>
			<time>2020-01-15T21:42:40.99Z</time>
		</trkpt>
		<trkpt lat="35.088898" lon="128.912467">
			<ele>0.00</ele>
			<time>2020-01-15T21:42:41.27Z</time>
		</trkpt>
		<trkpt lat="35.088867" lon="128.912413">
			<ele>0.00</ele>
			<time>2020-01-15T21:42:41.63Z</time>
		</trkpt>
		<trkpt lat="35.088838" lon="128.912369">
			<ele>0.00</ele>
			<time>2020-01-15T21:42:41.93Z</time>
		</trkpt>
		<trkpt lat="35.088774" lon="128.912344">
			<ele>0.00</ele>
			<time>2020-01-15T21:42:42.39Z</time>
		</trkpt>
		<trkpt lat="35.088697" lon="128.912316">
			<ele>0.00</ele>
			<time>2020-01-15T21:42:42.92Z</time>
		</trkpt>
		<trkpt lat="35.088626" lon="128.912300">
			<ele>0.00</ele>
			<time>2020-01-15T21:42:43.40Z</time>
		</trkpt>
		<trkpt lat="35.088552" lon="128.912285">
			<ele>0.00</ele>
			<time>2020-01-15T21:42:43.90Z</time>
		</trkpt>
		<trkpt lat="35.088483" lon="128.912267">
			<ele>0.00</ele>
			<time>2020-01-15T21:42:44.37Z</time>
		</trkpt>
		<trkpt lat="35.088428" lon="128.912254">
			<ele>0.00</ele>
			<time>2020-01-15T21:42:44.75Z</time>
		</trkpt>
		<trkpt lat="35.088359" lon="128.912245">
			<ele>0.00</ele>
			<time>2020-01-15T21:42:45.21Z</time>
		</trkpt>
		<trkpt lat="35.088303" lon="128.912236">
			<ele>0.00</ele>
			<time>2020-01-15T21:42:45.58Z</time>
		</trkpt>
		<trkpt lat="35.088237" lon="128.912230">
			<ele>0.00</ele>
			<time>2020-01-15T21:42:46.03Z</time>
		</trkpt>
		<trkpt lat="35.088177" lon="128.912219">
			<ele>0.00</ele>
			<time>2020-01-15T21:42:46.43Z</time>
		</trkpt>
		<trkpt lat="35.088113" lon="128.912217">
			<ele>0.00</ele>
			<time>2020-01-15T21:42:46.86Z</time>
		</trkpt>
		<trkpt lat="35.088053" lon="128.912212">
			<ele>0.00</ele>
			<time>2020-01-15T21:42:47.26Z</time>
		</trkpt>
		<trkpt lat="35.087987" lon="128.912201">
			<ele>0.00</ele>
			<time>2020-01-15T21:42:47.70Z</time>
		</trkpt>
		<trkpt lat="35.087927" lon="128.912185">
			<ele>0.00</ele>
			<time>2020-01-15T21:42:48.11Z</time>
		</trkpt>
		<trkpt lat="35.087859" lon="128.912167">
			<ele>0.00</ele>
			<time>2020-01-15T21:42:48.57Z</time>
		</trkpt>
		<trkpt lat="35.087789" lon="128.912150">
			<ele>0.00</ele>
			<time>2020-01-15T21:42:49.05Z</time>
		</trkpt>
		<trkpt lat="35.087717" lon="128.912132">
			<ele>0.00</ele>
			<time>2020-01-15T21:42:49.54Z</time>
		</trkpt>
		<trkpt lat="35.087643" lon="128.912114">
			<ele>0.00</ele>
			<time>2020-01-15T21:42:50.04Z</time>
		</trkpt>
		<trkpt lat="35.087583" lon="128.912103">
			<ele>0.00</ele>
			<time>2020-01-15T21:42:50.45Z</time>
		</trkpt>
		<trkpt lat="35.087531" lon="128.912086">
			<ele>0.00</ele>
			<time>2020-01-15T21:42:50.81Z</time>
		</trkpt>
		<trkpt lat="35.087474" lon="128.912070">
			<ele>0.00</ele>
			<time>2020-01-15T21:42:51.20Z</time>
		</trkpt>
		<trkpt lat="35.087408" lon="128.912057">
			<ele>0.00</ele>
			<time>2020-01-15T21:42:51.65Z</time>
		</trkpt>
		<trkpt lat="35.087335" lon="128.912044">
			<ele>0.00</ele>
			<time>2020-01-15T21:42:52.13Z</time>
		</trkpt>
		<trkpt lat="35.087285" lon="128.912036">
			<ele>0.00</ele>
			<time>2020-01-15T21:42:52.47Z</time>
		</trkpt>
		<trkpt lat="35.087216" lon="128.912016">
			<ele>0.00</ele>
			<time>2020-01-15T21:42:52.95Z</time>
		</trkpt>
		<trkpt lat="35.087152" lon="128.912001">
			<ele>0.00</ele>
			<time>2020-01-15T21:42:53.38Z</time>
		</trkpt>
		<trkpt lat="35.087092" lon="128.911995">
			<ele>0.00</ele>
			<time>2020-01-15T21:42:53.78Z</time>
		</trkpt>
		<trkpt lat="35.087032" lon="128.911984">
			<ele>0.00</ele>
			<time>2020-01-15T21:42:54.19Z</time>
		</trkpt>
		<trkpt lat="35.086964" lon="128.911963">
			<ele>0.00</ele>
			<time>2020-01-15T21:42:54.65Z</time>
		</trkpt>
		<trkpt lat="35.086911" lon="128.911956">
			<ele>0.00</ele>
			<time>2020-01-15T21:42:55.01Z</time>
		</trkpt>
		<trkpt lat="35.086869" lon="128.911941">
			<ele>0.00</ele>
			<time>2020-01-15T21:42:55.30Z</time>
		</trkpt>
		<trkpt lat="35.086816" lon="128.911919">
			<ele>0.00</ele>
			<time>2020-01-15T21:42:55.67Z</time>
		</trkpt>
		<trkpt lat="35.086794" lon="128.912013">
			<ele>0.00</ele>
			<time>2020-01-15T21:42:56.20Z</time>
		</trkpt>
		<trkpt lat="35.086764" lon="128.912073">
			<ele>0.00</ele>
			<time>2020-01-15T21:42:56.59Z</time>
		</trkpt>
		<trkpt lat="35.086744" lon="128.912132">
			<ele>0.00</ele>
			<time>2020-01-15T21:42:56.94Z</time>
		</trkpt>
		<trkpt lat="35.086712" lon="128.912206">
			<ele>0.00</ele>
			<time>2020-01-15T21:42:57.40Z</time>
		</trkpt>
		<trkpt lat="35.086692" lon="128.912256">
			<ele>0.00</ele>
			<time>2020-01-15T21:42:57.70Z</time>
		</trkpt>
		<trkpt lat="35.086661" lon="128.912326">
			<ele>0.00</ele>
			<time>2020-01-15T21:42:58.14Z</time>
		</trkpt>
		<trkpt lat="35.086605" lon="128.912291">
			<ele>0.00</ele>
			<time>2020-01-15T21:42:58.55Z</time>
		</trkpt>
		<trkpt lat="35.086574" lon="128.912261">
			<ele>0.00</ele>
			<time>2020-01-15T21:42:58.81Z</time>
		</trkpt>
		<trkpt lat="35.086535" lon="128.912232">
			<ele>0.00</ele>
			<time>2020-01-15T21:42:59.12Z</time>
		</trkpt>
		<trkpt lat="35.086494" lon="128.912197">
			<ele>0.00</ele>
			<time>2020-01-15T21:42:59.45Z</time>
		</trkpt>
		<trkpt lat="35.086443" lon="128.912160">
			<ele>0.00</ele>
			<time>2020-01-15T21:42:59.85Z</time>
		</trkpt>
		<trkpt lat="35.086373" lon="128.912156">
			<ele>0.00</ele>
			<time>2020-01-15T21:43:00.32Z</time>
		</trkpt>
		<trkpt lat="35.086300" lon="128.912158">
			<ele>0.00</ele>
			<time>2020-01-15T21:43:00.80Z</time>
		</trkpt>
		<trkpt lat="35.086228" lon="128.912162">
			<ele>0.00</ele>
			<time>2020-01-15T21:43:01.29Z</time>
		</trkpt>
		<trkpt lat="35.086155" lon="128.912158">
			<ele>0.00</ele>
			<time>2020-01-15T21:43:01.77Z</time>
		</trkpt>
		<trkpt lat="35.086078" lon="128.912161">
			<ele>0.00</ele>
			<time>2020-01-15T21:43:02.28Z</time>
		</trkpt>
		<trkpt lat="35.086004" lon="128.912163">
			<ele>0.00</ele>
			<time>2020-01-15T21:43:02.78Z</time>
		</trkpt>
		<trkpt lat="35.085921" lon="128.912162">
			<ele>0.00</ele>
			<time>2020-01-15T21:43:03.33Z</time>
		</trkpt>
		<trkpt lat="35.085843" lon="128.912164">
			<ele>0.00</ele>
			<time>2020-01-15T21:43:03.86Z</time>
		</trkpt>
		<trkpt lat="35.085762" lon="128.912165">
			<ele>0.00</ele>
			<time>2020-01-15T21:43:04.39Z</time>
		</trkpt>
		<trkpt lat="35.085688" lon="128.912163">
			<ele>0.00</ele>
			<time>2020-01-15T21:43:04.89Z</time>
		</trkpt>
		<trkpt lat="35.085613" lon="128.912160">
			<ele>0.00</ele>
			<time>2020-01-15T21:43:05.39Z</time>
		</trkpt>
		<trkpt lat="35.085539" lon="128.912162">
			<ele>0.00</ele>
			<time>2020-01-15T21:43:05.88Z</time>
		</trkpt>
		<trkpt lat="35.085468" lon="128.912166">
			<ele>0.00</ele>
			<time>2020-01-15T21:43:06.35Z</time>
		</trkpt>
		<trkpt lat="35.085393" lon="128.912169">
			<ele>0.00</ele>
			<time>2020-01-15T21:43:06.85Z</time>
		</trkpt>
		<trkpt lat="35.085333" lon="128.912168">
			<ele>0.00</ele>
			<time>2020-01-15T21:43:07.26Z</time>
		</trkpt>
		<trkpt lat="35.085265" lon="128.912168">
			<ele>0.00</ele>
			<time>2020-01-15T21:43:07.71Z</time>
		</trkpt>
		<trkpt lat="35.085201" lon="128.912172">
			<ele>0.00</ele>
			<time>2020-01-15T21:43:08.14Z</time>
		</trkpt>
		<trkpt lat="35.085124" lon="128.912171">
			<ele>0.00</ele>
			<time>2020-01-15T21:43:08.65Z</time>
		</trkpt>
		<trkpt lat="35.085037" lon="128.912171">
			<ele>0.00</ele>
			<time>2020-01-15T21:43:09.23Z</time>
		</trkpt>
		<trkpt lat="35.084937" lon="128.912175">
			<ele>0.00</ele>
			<time>2020-01-15T21:43:09.89Z</time>
		</trkpt>
		<trkpt lat="35.084854" lon="128.912172">
			<ele>0.00</ele>
			<time>2020-01-15T21:43:10.45Z</time>
		</trkpt>
		<trkpt lat="35.084770" lon="128.912177">
			<ele>0.00</ele>
			<time>2020-01-15T21:43:11.01Z</time>
		</trkpt>
		<trkpt lat="35.084690" lon="128.912177">
			<ele>0.00</ele>
			<time>2020-01-15T21:43:11.54Z</time>
		</trkpt>
		<trkpt lat="35.084621" lon="128.912179">
			<ele>0.00</ele>
			<time>2020-01-15T21:43:12Z</time>
		</trkpt>
		<trkpt lat="35.084545" lon="128.912177">
			<ele>0.00</ele>
			<time>2020-01-15T21:43:12.51Z</time>
		</trkpt>
		<trkpt lat="35.084467" lon="128.912177">
			<ele>0.00</ele>
			<time>2020-01-15T21:43:13.03Z</time>
		</trkpt>
		<trkpt lat="35.084383" lon="128.912177">
			<ele>0.00</ele>
			<time>2020-01-15T21:43:13.59Z</time>
		</trkpt>
		<trkpt lat="35.084307" lon="128.912177">
			<ele>0.00</ele>
			<time>2020-01-15T21:43:14.10Z</time>
		</trkpt>
		<trkpt lat="35.084229" lon="128.912179">
			<ele>0.00</ele>
			<time>2020-01-15T21:43:14.62Z</time>
		</trkpt>
		<trkpt lat="35.084156" lon="128.912177">
			<ele>0.00</ele>
			<time>2020-01-15T21:43:15.10Z</time>
		</trkpt>
		<trkpt lat="35.084068" lon="128.912173">
			<ele>0.00</ele>
			<time>2020-01-15T21:43:15.69Z</time>
		</trkpt>
		<trkpt lat="35.083987" lon="128.912176">
			<ele>0.00</ele>
			<time>2020-01-15T21:43:16.23Z</time>
		</trkpt>
		<trkpt lat="35.083912" lon="128.912174">
			<ele>0.00</ele>
			<time>2020-01-15T21:43:16.73Z</time>
		</trkpt>
		<trkpt lat="35.083841" lon="128.912170">
			<ele>0.00</ele>
			<time>2020-01-15T21:43:17.20Z</time>
		</trkpt>
		<trkpt lat="35.083763" lon="128.912173">
			<ele>0.00</ele>
			<time>2020-01-15T21:43:17.73Z</time>
		</trkpt>
		<trkpt lat="35.083687" lon="128.912171">
			<ele>0.00</ele>
			<time>2020-01-15T21:43:18.23Z</time>
		</trkpt>
		<trkpt lat="35.083616" lon="128.912169">
			<ele>0.00</ele>
			<time>2020-01-15T21:43:18.70Z</time>
		</trkpt>
		<trkpt lat="35.083545" lon="128.912170">
			<ele>0.00</ele>
			<time>2020-01-15T21:43:19.18Z</time>
		</trkpt>
		<trkpt lat="35.083478" lon="128.912170">
			<ele>0.00</ele>
			<time>2020-01-15T21:43:19.62Z</time>
		</trkpt>
		<trkpt lat="35.083411" lon="128.912170">
			<ele>0.00</ele>
			<time>2020-01-15T21:43:20.07Z</time>
		</trkpt>
		<trkpt lat="35.083352" lon="128.912169">
			<ele>0.00</ele>
			<time>2020-01-15T21:43:20.47Z</time>
		</trkpt>
		<trkpt lat="35.083293" lon="128.912170">
			<ele>0.00</ele>
			<time>2020-01-15T21:43:20.86Z</time>
		</trkpt>
		<trkpt lat="35.083230" lon="128.912167">
			<ele>0.00</ele>
			<time>2020-01-15T21:43:21.28Z</time>
		</trkpt>
		<trkpt lat="35.083172" lon="128.912166">
			<ele>0.00</ele>
			<time>2020-01-15T21:43:21.66Z</time>
		</trkpt>
		<trkpt lat="35.083118" lon="128.912169">
			<ele>0.00</ele>
			<time>2020-01-15T21:43:22.03Z</time>
		</trkpt>
		<trkpt lat="35.083055" lon="128.912169">
			<ele>0.00</ele>
			<time>2020-01-15T21:43:22.45Z</time>
		</trkpt>
		<trkpt lat="35.082992" lon="128.912170">
			<ele>0.00</ele>
			<time>2020-01-15T21:43:22.87Z</time>
		</trkpt>
		<trkpt lat="35.082926" lon="128.912169">
			<ele>0.00</ele>
			<time>2020-01-15T21:43:23.31Z</time>
		</trkpt>
		<trkpt lat="35.082861" lon="128.912172">
			<ele>0.00</ele>
			<time>2020-01-15T21:43:23.74Z</time>
		</trkpt>
		<trkpt lat="35.082800" lon="128.912171">
			<ele>0.00</ele>
			<time>2020-01-15T21:43:24.14Z</time>
		</trkpt>
		<trkpt lat="35.082734" lon="128.912168">
			<ele>0.00</ele>
			<time>2020-01-15T21:43:24.58Z</time>
		</trkpt>
		<trkpt lat="35.082668" lon="128.912169">
			<ele>0.00</ele>
			<time>2020-01-15T21:43:25.03Z</time>
		</trkpt>
		<trkpt lat="35.082605" lon="128.912171">
			<ele>0.00</ele>
			<time>2020-01-15T21:43:25.45Z</time>
		</trkpt>
		<trkpt lat="35.082546" lon="128.912170">
			<ele>0.00</ele>
			<time>2020-01-15T21:43:25.84Z</time>
		</trkpt>
		<trkpt lat="35.082485" lon="128.912169">
			<ele>0.00</ele>
			<time>2020-01-15T21:43:26.24Z</time>
		</trkpt>
		<trkpt lat="35.082432" lon="128.912171">
			<ele>0.00</ele>
			<time>2020-01-15T21:43:26.60Z</time>
		</trkpt>
		<trkpt lat="35.082377" lon="128.912168">
			<ele>0.00</ele>
			<time>2020-01-15T21:43:26.97Z</time>
		</trkpt>
		<trkpt lat="35.082320" lon="128.912164">
			<ele>0.00</ele>
			<time>2020-01-15T21:43:27.35Z</time>
		</trkpt>
		<trkpt lat="35.082274" lon="128.912165">
			<ele>0.00</ele>
			<time>2020-01-15T21:43:27.66Z</time>
		</trkpt>
		<trkpt lat="35.082219" lon="128.912168">
			<ele>0.00</ele>
			<time>2020-01-15T21:43:28.02Z</time>
		</trkpt>
		<trkpt lat="35.082159" lon="128.912166">
			<ele>0.00</ele>
			<time>2020-01-15T21:43:28.42Z</time>
		</trkpt>
		<trkpt lat="35.082107" lon="128.912165">
			<ele>0.00</ele>
			<time>2020-01-15T21:43:28.77Z</time>
		</trkpt>
		<trkpt lat="35.082036" lon="128.912166">
			<ele>0.00</ele>
			<time>2020-01-15T21:43:29.24Z</time>
		</trkpt>
		<trkpt lat="35.081974" lon="128.912166">
			<ele>0.00</ele>
			<time>2020-01-15T21:43:29.65Z</time>
		</trkpt>
		<trkpt lat="35.081918" lon="128.912167">
			<ele>0.00</ele>
			<time>2020-01-15T21:43:30.03Z</time>
		</trkpt>
		<trkpt lat="35.081864" lon="128.912166">
			<ele>0.00</ele>
			<time>2020-01-15T21:43:30.39Z</time>
		</trkpt>
		<trkpt lat="35.081808" lon="128.912166">
			<ele>0.00</ele>
			<time>2020-01-15T21:43:30.76Z</time>
		</trkpt>
		<trkpt lat="35.081752" lon="128.912167">
			<ele>0.00</ele>
			<time>2020-01-15T21:43:31.13Z</time>
		</trkpt>
		<trkpt lat="35.081685" lon="128.912166">
			<ele>0.00</ele>
			<time>2020-01-15T21:43:31.58Z</time>
		</trkpt>
		<trkpt lat="35.081614" lon="128.912164">
			<ele>0.00</ele>
			<time>2020-01-15T21:43:32.06Z</time>
		</trkpt>
		<trkpt lat="35.081555" lon="128.912165">
			<ele>0.00</ele>
			<time>2020-01-15T21:43:32.45Z</time>
		</trkpt>
		<trkpt lat="35.081491" lon="128.912163">
			<ele>0.00</ele>
			<time>2020-01-15T21:43:32.88Z</time>
		</trkpt>
		<trkpt lat="35.081428" lon="128.912167">
			<ele>0.00</ele>
			<time>2020-01-15T21:43:33.30Z</time>
		</trkpt>
		<trkpt lat="35.081365" lon="128.912168">
			<ele>0.00</ele>
			<time>2020-01-15T21:43:33.71Z</time>
		</trkpt>
		<trkpt lat="35.081299" lon="128.912168">
			<ele>0.00</ele>
			<time>2020-01-15T21:43:34.16Z</time>
		</trkpt>
		<trkpt lat="35.081211" lon="128.912170">
			<ele>0.00</ele>
			<time>2020-01-15T21:43:34.74Z</time>
		</trkpt>
		<trkpt lat="35.081138" lon="128.912168">
			<ele>0.00</ele>
			<time>2020-01-15T21:43:35.23Z</time>
		</trkpt>
		<trkpt lat="35.081079" lon="128.912166">
			<ele>0.00</ele>
			<time>2020-01-15T21:43:35.62Z</time>
		</trkpt>
		<trkpt lat="35.081011" lon="128.912167">
			<ele>0.00</ele>
			<time>2020-01-15T21:43:36.08Z</time>
		</trkpt>
		<trkpt lat="35.080947" lon="128.912165">
			<ele>0.00</ele>
			<time>2020-01-15T21:43:36.50Z</time>
		</trkpt>
		<trkpt lat="35.080885" lon="128.912167">
			<ele>0.00</ele>
			<time>2020-01-15T21:43:36.92Z</time>
		</trkpt>
		<trkpt lat="35.080822" lon="128.912165">
			<ele>0.00</ele>
			<time>2020-01-15T21:43:37.33Z</time>
		</trkpt>
		<trkpt lat="35.080760" lon="128.912165">
			<ele>0.00</ele>
			<time>2020-01-15T21:43:37.75Z</time>
		</trkpt>
		<trkpt lat="35.080694" lon="128.912163">
			<ele>0.00</ele>
			<time>2020-01-15T21:43:38.19Z</time>
		</trkpt>
		<trkpt lat="35.080634" lon="128.912164">
			<ele>0.00</ele>
			<time>2020-01-15T21:43:38.59Z</time>
		</trkpt>
		<trkpt lat="35.080572" lon="128.912164">
			<ele>0.00</ele>
			<time>2020-01-15T21:43:39Z</time>
		</trkpt>
		<trkpt lat="35.080506" lon="128.912164">
			<ele>0.00</ele>
			<time>2020-01-15T21:43:39.45Z</time>
		</trkpt>
		<trkpt lat="35.080449" lon="128.912166">
			<ele>0.00</ele>
			<time>2020-01-15T21:43:39.83Z</time>
		</trkpt>
		<trkpt lat="35.080394" lon="128.912164">
			<ele>0.00</ele>
			<time>2020-01-15T21:43:40.19Z</time>
		</trkpt>
		<trkpt lat="35.080339" lon="128.912164">
			<ele>0.00</ele>
			<time>2020-01-15T21:43:40.56Z</time>
		</trkpt>
		<trkpt lat="35.080275" lon="128.912166">
			<ele>0.00</ele>
			<time>2020-01-15T21:43:40.98Z</time>
		</trkpt>
		<trkpt lat="35.080214" lon="128.912167">
			<ele>0.00</ele>
			<time>2020-01-15T21:43:41.39Z</time>
		</trkpt>
		<trkpt lat="35.080157" lon="128.912168">
			<ele>0.00</ele>
			<time>2020-01-15T21:43:41.77Z</time>
		</trkpt>
		<trkpt lat="35.080098" lon="128.912167">
			<ele>0.00</ele>
			<time>2020-01-15T21:43:42.16Z</time>
		</trkpt>
		<trkpt lat="35.080037" lon="128.912168">
			<ele>0.00</ele>
			<time>2020-01-15T21:43:42.57Z</time>
		</trkpt>
		<trkpt lat="35.079979" lon="128.912169">
			<ele>0.00</ele>
			<time>2020-01-15T21:43:42.96Z</time>
		</trkpt>
		<trkpt lat="35.079923" lon="128.912170">
			<ele>0.00</ele>
			<time>2020-01-15T21:43:43.33Z</time>
		</trkpt>
		<trkpt lat="35.079865" lon="128.912168">
			<ele>0.00</ele>
			<time>2020-01-15T21:43:43.72Z</time>
		</trkpt>
		<trkpt lat="35.079817" lon="128.912169">
			<ele>0.00</ele>
			<time>2020-01-15T21:43:44.04Z</time>
		</trkpt>
		<trkpt lat="35.079776" lon="128.912162">
			<ele>0.00</ele>
			<time>2020-01-15T21:43:44.31Z</time>
		</trkpt>
		<trkpt lat="35.079746" lon="128.912118">
			<ele>0.00</ele>
			<time>2020-01-15T21:43:44.63Z</time>
		</trkpt>
		<trkpt lat="35.079722" lon="128.912078">
			<ele>0.00</ele>
			<time>2020-01-15T21:43:44.89Z</time>
		</trkpt>
		<trkpt lat="35.079697" lon="128.912043">
			<ele>0.00</ele>
			<time>2020-01-15T21:43:45.15Z</time>
		</trkpt>
		<trkpt lat="35.079674" lon="128.912001">
			<ele>0.00</ele>
			<time>2020-01-15T21:43:45.42Z</time>
		</trkpt>
		<trkpt lat="35.079645" lon="128.911956">
			<ele>0.00</ele>
			<time>2020-01-15T21:43:45.74Z</time>
		</trkpt>
		<trkpt lat="35.079612" lon="128.911903">
			<ele>0.00</ele>
			<time>2020-01-15T21:43:46.10Z</time>
		</trkpt>
		<trkpt lat="35.079579" lon="128.911852">
			<ele>0.00</ele>
			<time>2020-01-15T21:43:46.45Z</time>
		</trkpt>
		<trkpt lat="35.079542" lon="128.911797">
			<ele>0.00</ele>
			<time>2020-01-15T21:43:46.84Z</time>
		</trkpt>
		<trkpt lat="35.079511" lon="128.911731">
			<ele>0.00</ele>
			<time>2020-01-15T21:43:47.26Z</time>
		</trkpt>
		<trkpt lat="35.079477" lon="128.911676">
			<ele>0.00</ele>
			<time>2020-01-15T21:43:47.64Z</time>
		</trkpt>
		<trkpt lat="35.079448" lon="128.911622">
			<ele>0.00</ele>
			<time>2020-01-15T21:43:47.99Z</time>
		</trkpt>
		<trkpt lat="35.079416" lon="128.911571">
			<ele>0.00</ele>
			<time>2020-01-15T21:43:48.34Z</time>
		</trkpt>
		<trkpt lat="35.079382" lon="128.911515">
			<ele>0.00</ele>
			<time>2020-01-15T21:43:48.72Z</time>
		</trkpt>
		<trkpt lat="35.079349" lon="128.911465">
			<ele>0.00</ele>
			<time>2020-01-15T21:43:49.07Z</time>
		</trkpt>
		<trkpt lat="35.079311" lon="128.911403">
			<ele>0.00</ele>
			<time>2020-01-15T21:43:49.49Z</time>
		</trkpt>
		<trkpt lat="35.079274" lon="128.911353">
			<ele>0.00</ele>
			<time>2020-01-15T21:43:49.86Z</time>
		</trkpt>
		<trkpt lat="35.079242" lon="128.911291">
			<ele>0.00</ele>
			<time>2020-01-15T21:43:50.26Z</time>
		</trkpt>
		<trkpt lat="35.079210" lon="128.911238">
			<ele>0.00</ele>
			<time>2020-01-15T21:43:50.62Z</time>
		</trkpt>
		<trkpt lat="35.079170" lon="128.911178">
			<ele>0.00</ele>
			<time>2020-01-15T21:43:51.04Z</time>
		</trkpt>
		<trkpt lat="35.079139" lon="128.911128">
			<ele>0.00</ele>
			<time>2020-01-15T21:43:51.38Z</time>
		</trkpt>
		<trkpt lat="35.079121" lon="128.911085">
			<ele>0.00</ele>
			<time>2020-01-15T21:43:51.65Z</time>
		</trkpt>
		<trkpt lat="35.079121" lon="128.911011">
			<ele>0.00</ele>
			<time>2020-01-15T21:43:52.05Z</time>
		</trkpt>
		<trkpt lat="35.079122" lon="128.910928">
			<ele>0.00</ele>
			<time>2020-01-15T21:43:52.50Z</time>
		</trkpt>
		<trkpt lat="35.079123" lon="128.910853">
			<ele>0.00</ele>
			<time>2020-01-15T21:43:52.91Z</time>
		</trkpt>
		<trkpt lat="35.079122" lon="128.910774">
			<ele>0.00</ele>
			<time>2020-01-15T21:43:53.34Z</time>
		</trkpt>
		<trkpt lat="35.079122" lon="128.910696">
			<ele>0.00</ele>
			<time>2020-01-15T21:43:53.77Z</time>
		</trkpt>
		<trkpt lat="35.079123" lon="128.910629">
			<ele>0.00</ele>
			<time>2020-01-15T21:43:54.13Z</time>
		</trkpt>
		<trkpt lat="35.079120" lon="128.910564">
			<ele>0.00</ele>
			<time>2020-01-15T21:43:54.49Z</time>
		</trkpt>
		<trkpt lat="35.079118" lon="128.910496">
			<ele>0.00</ele>
			<time>2020-01-15T21:43:54.86Z</time>
		</trkpt>
		<trkpt lat="35.079117" lon="128.910438">
			<ele>0.00</ele>
			<time>2020-01-15T21:43:55.17Z</time>
		</trkpt>
		<trkpt lat="35.079117" lon="128.910365">
			<ele>0.00</ele>
			<time>2020-01-15T21:43:55.58Z</time>
		</trkpt>
		<trkpt lat="35.079118" lon="128.910304">
			<ele>0.00</ele>
			<time>2020-01-15T21:43:55.91Z</time>
		</trkpt>
		<trkpt lat="35.079116" lon="128.910225">
			<ele>0.00</ele>
			<time>2020-01-15T21:43:56.34Z</time>
		</trkpt>
		<trkpt lat="35.079116" lon="128.910148">
			<ele>0.00</ele>
			<time>2020-01-15T21:43:56.76Z</time>
		</trkpt>
		<trkpt lat="35.079117" lon="128.910075">
			<ele>0.00</ele>
			<time>2020-01-15T21:43:57.16Z</time>
		</trkpt>
		<trkpt lat="35.079118" lon="128.909988">
			<ele>0.00</ele>
			<time>2020-01-15T21:43:57.63Z</time>
		</trkpt>
		<trkpt lat="35.079118" lon="128.909920">
			<ele>0.00</ele>
			<time>2020-01-15T21:43:58Z</time>
		</trkpt>
		<trkpt lat="35.079121" lon="128.909835">
			<ele>0.00</ele>
			<time>2020-01-15T21:43:58.47Z</time>
		</trkpt>
		<trkpt lat="35.079121" lon="128.909754">
			<ele>0.00</ele>
			<time>2020-01-15T21:43:58.91Z</time>
		</trkpt>
		<trkpt lat="35.079124" lon="128.909684">
			<ele>0.00</ele>
			<time>2020-01-15T21:43:59.29Z</time>
		</trkpt>
		<trkpt lat="35.079125" lon="128.909606">
			<ele>0.00</ele>
			<time>2020-01-15T21:43:59.72Z</time>
		</trkpt>
		<trkpt lat="35.079126" lon="128.909552">
			<ele>0.00</ele>
			<time>2020-01-15T21:44:00.01Z</time>
		</trkpt>
		<trkpt lat="35.079126" lon="128.909481">
			<ele>0.00</ele>
			<time>2020-01-15T21:44:00.40Z</time>
		</trkpt>
		<trkpt lat="35.079126" lon="128.909415">
			<ele>0.00</ele>
			<time>2020-01-15T21:44:00.76Z</time>
		</trkpt>
		<trkpt lat="35.079127" lon="128.909356">
			<ele>0.00</ele>
			<time>2020-01-15T21:44:01.08Z</time>
		</trkpt>
		<trkpt lat="35.079127" lon="128.909304">
			<ele>0.00</ele>
			<time>2020-01-15T21:44:01.36Z</time>
		</trkpt>
		<trkpt lat="35.079129" lon="128.909241">
			<ele>0.00</ele>
			<time>2020-01-15T21:44:01.71Z</time>
		</trkpt>
		<trkpt lat="35.079127" lon="128.909189">
			<ele>0.00</ele>
			<time>2020-01-15T21:44:01.99Z</time>
		</trkpt>
		<trkpt lat="35.079127" lon="128.909129">
			<ele>0.00</ele>
			<time>2020-01-15T21:44:02.32Z</time>
		</trkpt>
		<trkpt lat="35.079126" lon="128.909073">
			<ele>0.00</ele>
			<time>2020-01-15T21:44:02.63Z</time>
		</trkpt>
		<trkpt lat="35.079126" lon="128.909007">
			<ele>0.00</ele>
			<time>2020-01-15T21:44:02.99Z</time>
		</trkpt>
		<trkpt lat="35.079127" lon="128.908947">
			<ele>0.00</ele>
			<time>2020-01-15T21:44:03.32Z</time>
		</trkpt>
		<trkpt lat="35.079125" lon="128.908879">
			<ele>0.00</ele>
			<time>2020-01-15T21:44:03.68Z</time>
		</trkpt>
		<trkpt lat="35.079124" lon="128.908804">
			<ele>0.00</ele>
			<time>2020-01-15T21:44:04.10Z</time>
		</trkpt>
		<trkpt lat="35.079123" lon="128.908723">
			<ele>0.00</ele>
			<time>2020-01-15T21:44:04.54Z</time>
		</trkpt>
		<trkpt lat="35.079120" lon="128.908648">
			<ele>0.00</ele>
			<time>2020-01-15T21:44:04.94Z</time>
		</trkpt>
		<trkpt lat="35.079120" lon="128.908572">
			<ele>0.00</ele>
			<time>2020-01-15T21:44:05.36Z</time>
		</trkpt>
		<trkpt lat="35.079120" lon="128.908496">
			<ele>0.00</ele>
			<time>2020-01-15T21:44:05.78Z</time>
		</trkpt>
		<trkpt lat="35.079120" lon="128.908408">
			<ele>0.00</ele>
			<time>2020-01-15T21:44:06.26Z</time>
		</trkpt>
		<trkpt lat="35.079120" lon="128.908331">
			<ele>0.00</ele>
			<time>2020-01-15T21:44:06.67Z</time>
		</trkpt>
		<trkpt lat="35.079119" lon="128.908243">
			<ele>0.00</ele>
			<time>2020-01-15T21:44:07.15Z</time>
		</trkpt>
		<trkpt lat="35.079120" lon="128.908158">
			<ele>0.00</ele>
			<time>2020-01-15T21:44:07.62Z</time>
		</trkpt>
		<trkpt lat="35.079120" lon="128.908078">
			<ele>0.00</ele>
			<time>2020-01-15T21:44:08.06Z</time>
		</trkpt>
		<trkpt lat="35.079122" lon="128.908003">
			<ele>0.00</ele>
			<time>2020-01-15T21:44:08.46Z</time>
		</trkpt>
		<trkpt lat="35.079121" lon="128.907927">
			<ele>0.00</ele>
			<time>2020-01-15T21:44:08.88Z</time>
		</trkpt>
		<trkpt lat="35.079123" lon="128.907850">
			<ele>0.00</ele>
			<time>2020-01-15T21:44:09.30Z</time>
		</trkpt>
		<trkpt lat="35.079123" lon="128.907771">
			<ele>0.00</ele>
			<time>2020-01-15T21:44:09.73Z</time>
		</trkpt>
		<trkpt lat="35.079123" lon="128.907691">
			<ele>0.00</ele>
			<time>2020-01-15T21:44:10.17Z</time>
		</trkpt>
		<trkpt lat="35.079123" lon="128.907598">
			<ele>0.00</ele>
			<time>2020-01-15T21:44:10.68Z</time>
		</trkpt>
		<trkpt lat="35.079121" lon="128.907502">
			<ele>0.00</ele>
			<time>2020-01-15T21:44:11.20Z</time>
		</trkpt>
		<trkpt lat="35.079122" lon="128.907439">
			<ele>0.00</ele>
			<time>2020-01-15T21:44:11.54Z</time>
		</trkpt>
		<trkpt lat="35.079120" lon="128.907353">
			<ele>0.00</ele>
			<time>2020-01-15T21:44:12.01Z</time>
		</trkpt>
		<trkpt lat="35.079121" lon="128.907284">
			<ele>0.00</ele>
			<time>2020-01-15T21:44:12.39Z</time>
		</trkpt>
		<trkpt lat="35.079117" lon="128.907202">
			<ele>0.00</ele>
			<time>2020-01-15T21:44:12.84Z</time>
		</trkpt>
		<trkpt lat="35.079116" lon="128.907126">
			<ele>0.00</ele>
			<time>2020-01-15T21:44:13.25Z</time>
		</trkpt>
		<trkpt lat="35.079119" lon="128.907047">
			<ele>0.00</ele>
			<time>2020-01-15T21:44:13.68Z</time>
		</trkpt>
		<trkpt lat="35.079118" lon="128.906977">
			<ele>0.00</ele>
			<time>2020-01-15T21:44:14.06Z</time>
		</trkpt>
		<trkpt lat="35.079120" lon="128.906895">
			<ele>0.00</ele>
			<time>2020-01-15T21:44:14.51Z</time>
		</trkpt>
		<trkpt lat="35.079118" lon="128.906806">
			<ele>0.00</ele>
			<time>2020-01-15T21:44:15Z</time>
		</trkpt>
		<trkpt lat="35.079117" lon="128.906732">
			<ele>0.00</ele>
			<time>2020-01-15T21:44:15.40Z</time>
		</trkpt>
		<trkpt lat="35.079116" lon="128.906665">
			<ele>0.00</ele>
			<time>2020-01-15T21:44:15.77Z</time>
		</trkpt>
		<trkpt lat="35.079116" lon="128.906603">
			<ele>0.00</ele>
			<time>2020-01-15T21:44:16.11Z</time>
		</trkpt>
		<trkpt lat="35.079116" lon="128.906535">
			<ele>0.00</ele>
			<time>2020-01-15T21:44:16.48Z</time>
		</trkpt>
		<trkpt lat="35.079114" lon="128.906450">
			<ele>0.00</ele>
			<time>2020-01-15T21:44:16.94Z</time>
		</trkpt>
		<trkpt lat="35.079115" lon="128.906363">
			<ele>0.00</ele>
			<time>2020-01-15T21:44:17.41Z</time>
		</trkpt>
		<trkpt lat="35.079116" lon="128.906287">
			<ele>0.00</ele>
			<time>2020-01-15T21:44:17.83Z</time>
		</trkpt>
		<trkpt lat="35.079115" lon="128.906206">
			<ele>0.00</ele>
			<time>2020-01-15T21:44:18.27Z</time>
		</trkpt>
		<trkpt lat="35.079117" lon="128.906130">
			<ele>0.00</ele>
			<time>2020-01-15T21:44:18.69Z</time>
		</trkpt>
		<trkpt lat="35.079119" lon="128.906032">
			<ele>0.00</ele>
			<time>2020-01-15T21:44:19.22Z</time>
		</trkpt>
		<trkpt lat="35.079118" lon="128.905940">
			<ele>0.00</ele>
			<time>2020-01-15T21:44:19.72Z</time>
		</trkpt>
		<trkpt lat="35.079117" lon="128.905862">
			<ele>0.00</ele>
			<time>2020-01-15T21:44:20.15Z</time>
		</trkpt>
		<trkpt lat="35.079119" lon="128.905786">
			<ele>0.00</ele>
			<time>2020-01-15T21:44:20.57Z</time>
		</trkpt>
		<trkpt lat="35.079119" lon="128.905702">
			<ele>0.00</ele>
			<time>2020-01-15T21:44:21.02Z</time>
		</trkpt>
		<trkpt lat="35.079120" lon="128.905618">
			<ele>0.00</ele>
			<time>2020-01-15T21:44:21.48Z</time>
		</trkpt>
		<trkpt lat="35.079119" lon="128.905537">
			<ele>0.00</ele>
			<time>2020-01-15T21:44:21.92Z</time>
		</trkpt>
		<trkpt lat="35.079116" lon="128.905455">
			<ele>0.00</ele>
			<time>2020-01-15T21:44:22.37Z</time>
		</trkpt>
		<trkpt lat="35.079120" lon="128.905379">
			<ele>0.00</ele>
			<time>2020-01-15T21:44:22.79Z</time>
		</trkpt>
		<trkpt lat="35.079119" lon="128.905298">
			<ele>0.00</ele>
			<time>2020-01-15T21:44:23.23Z</time>
		</trkpt>
		<trkpt lat="35.079120" lon="128.905218">
			<ele>0.00</ele>
			<time>2020-01-15T21:44:23.66Z</time>
		</trkpt>
		<trkpt lat="35.079117" lon="128.905140">
			<ele>0.00</ele>
			<time>2020-01-15T21:44:24.09Z</time>
		</trkpt>
		<trkpt lat="35.079114" lon="128.905063">
			<ele>0.00</ele>
			<time>2020-01-15T21:44:24.51Z</time>
		</trkpt>
		<trkpt lat="35.079114" lon="128.904988">
			<ele>0.00</ele>
			<time>2020-01-15T21:44:24.92Z</time>
		</trkpt>
		<trkpt lat="35.079110" lon="128.904896">
			<ele>0.00</ele>
			<time>2020-01-15T21:44:25.42Z</time>
		</trkpt>
		<trkpt lat="35.079111" lon="128.904807">
			<ele>0.00</ele>
			<time>2020-01-15T21:44:25.91Z</time>
		</trkpt>
		<trkpt lat="35.079111" lon="128.904720">
			<ele>0.00</ele>
			<time>2020-01-15T21:44:26.38Z</time>
		</trkpt>
		<trkpt lat="35.079109" lon="128.904640">
			<ele>0.00</ele>
			<time>2020-01-15T21:44:26.82Z</time>
		</trkpt>
		<trkpt lat="35.079109" lon="128.904535">
			<ele>0.00</ele>
			<time>2020-01-15T21:44:27.39Z</time>
		</trkpt>
		<trkpt lat="35.079110" lon="128.904436">
			<ele>0.00</ele>
			<time>2020-01-15T21:44:27.93Z</time>
		</trkpt>
		<trkpt lat="35.079108" lon="128.904338">
			<ele>0.00</ele>
			<time>2020-01-15T21:44:28.47Z</time>
		</trkpt>
		<trkpt lat="35.079111" lon="128.904249">
			<ele>0.00</ele>
			<time>2020-01-15T21:44:28.95Z</time>
		</trkpt>
		<trkpt lat="35.079111" lon="128.904152">
			<ele>0.00</ele>
			<time>2020-01-15T21:44:29.48Z</time>
		</trkpt>
		<trkpt lat="35.079111" lon="128.904053">
			<ele>0.00</ele>
			<time>2020-01-15T21:44:30.02Z</time>
		</trkpt>
		<trkpt lat="35.079112" lon="128.903978">
			<ele>0.00</ele>
			<time>2020-01-15T21:44:30.43Z</time>
		</trkpt>
		<trkpt lat="35.079114" lon="128.903889">
			<ele>0.00</ele>
			<time>2020-01-15T21:44:30.92Z</time>
		</trkpt>
		<trkpt lat="35.079113" lon="128.903812">
			<ele>0.00</ele>
			<time>2020-01-15T21:44:31.34Z</time>
		</trkpt>
		<trkpt lat="35.079113" lon="128.903716">
			<ele>0.00</ele>
			<time>2020-01-15T21:44:31.86Z</time>
		</trkpt>
		<trkpt lat="35.079112" lon="128.903634">
			<ele>0.00</ele>
			<time>2020-01-15T21:44:32.31Z</time>
		</trkpt>
		<trkpt lat="35.079112" lon="128.903547">
			<ele>0.00</ele>
			<time>2020-01-15T21:44:32.78Z</time>
		</trkpt>
		<trkpt lat="35.079112" lon="128.903472">
			<ele>0.00</ele>
			<time>2020-01-15T21:44:33.19Z</time>
		</trkpt>
		<trkpt lat="35.079112" lon="128.903391">
			<ele>0.00</ele>
			<time>2020-01-15T21:44:33.63Z</time>
		</trkpt>
		<trkpt lat="35.079109" lon="128.903313">
			<ele>0.00</ele>
			<time>2020-01-15T21:44:34.06Z</time>
		</trkpt>
		<trkpt lat="35.079111" lon="128.903222">
			<ele>0.00</ele>
			<time>2020-01-15T21:44:34.56Z</time>
		</trkpt>
		<trkpt lat="35.079109" lon="128.903135">
			<ele>0.00</ele>
			<time>2020-01-15T21:44:35.03Z</time>
		</trkpt>
		<trkpt lat="35.079108" lon="128.903061">
			<ele>0.00</ele>
			<time>2020-01-15T21:44:35.44Z</time>
		</trkpt>
		<trkpt lat="35.079107" lon="128.902984">
			<ele>0.00</ele>
			<time>2020-01-15T21:44:35.86Z</time>
		</trkpt>
		<trkpt lat="35.079107" lon="128.902888">
			<ele>0.00</ele>
			<time>2020-01-15T21:44:36.38Z</time>
		</trkpt>
		<trkpt lat="35.079106" lon="128.902808">
			<ele>0.00</ele>
			<time>2020-01-15T21:44:36.82Z</time>
		</trkpt>
		<trkpt lat="35.079108" lon="128.902719">
			<ele>0.00</ele>
			<time>2020-01-15T21:44:37.30Z</time>
		</trkpt>
		<trkpt lat="35.079111" lon="128.902632">
			<ele>0.00</ele>
			<time>2020-01-15T21:44:37.78Z</time>
		</trkpt>
		<trkpt lat="35.079110" lon="128.902524">
			<ele>0.00</ele>
			<time>2020-01-15T21:44:38.37Z</time>
		</trkpt>
		<trkpt lat="35.079112" lon="128.902436">
			<ele>0.00</ele>
			<time>2020-01-15T21:44:38.85Z</time>
		</trkpt>
		<trkpt lat="35.079113" lon="128.902345">
			<ele>0.00</ele>
			<time>2020-01-15T21:44:39.34Z</time>
		</trkpt>
		<trkpt lat="35.079112" lon="128.902255">
			<ele>0.00</ele>
			<time>2020-01-15T21:44:39.84Z</time>
		</trkpt>
		<trkpt lat="35.079113" lon="128.902156">
			<ele>0.00</ele>
			<time>2020-01-15T21:44:40.38Z</time>
		</trkpt>
		<trkpt lat="35.079114" lon="128.902057">
			<ele>0.00</ele>
			<time>2020-01-15T21:44:40.92Z</time>
		</trkpt>
		<trkpt lat="35.079112" lon="128.901973">
			<ele>0.00</ele>
			<time>2020-01-15T21:44:41.37Z</time>
		</trkpt>
		<trkpt lat="35.079110" lon="128.901883">
			<ele>0.00</ele>
			<time>2020-01-15T21:44:41.87Z</time>
		</trkpt>
		<trkpt lat="35.079110" lon="128.901797">
			<ele>0.00</ele>
			<time>2020-01-15T21:44:42.33Z</time>
		</trkpt>
		<trkpt lat="35.079108" lon="128.901713">
			<ele>0.00</ele>
			<time>2020-01-15T21:44:42.79Z</time>
		</trkpt>
		<trkpt lat="35.079111" lon="128.901616">
			<ele>0.00</ele>
			<time>2020-01-15T21:44:43.32Z</time>
		</trkpt>
		<trkpt lat="35.079112" lon="128.901529">
			<ele>0.00</ele>
			<time>2020-01-15T21:44:43.80Z</time>
		</trkpt>
		<trkpt lat="35.079117" lon="128.901438">
			<ele>0.00</ele>
			<time>2020-01-15T21:44:44.29Z</time>
		</trkpt>
		<trkpt lat="35.079114" lon="128.901354">
			<ele>0.00</ele>
			<time>2020-01-15T21:44:44.75Z</time>
		</trkpt>
		<trkpt lat="35.079120" lon="128.901248">
			<ele>0.00</ele>
			<time>2020-01-15T21:44:45.33Z</time>
		</trkpt>
		<trkpt lat="35.079120" lon="128.901159">
			<ele>0.00</ele>
			<time>2020-01-15T21:44:45.82Z</time>
		</trkpt>
		<trkpt lat="35.079120" lon="128.901077">
			<ele>0.00</ele>
			<time>2020-01-15T21:44:46.26Z</time>
		</trkpt>
		<trkpt lat="35.079118" lon="128.900984">
			<ele>0.00</ele>
			<time>2020-01-15T21:44:46.78Z</time>
		</trkpt>
		<trkpt lat="35.079121" lon="128.900893">
			<ele>0.00</ele>
			<time>2020-01-15T21:44:47.27Z</time>
		</trkpt>
		<trkpt lat="35.079120" lon="128.900813">
			<ele>0.00</ele>
			<time>2020-01-15T21:44:47.70Z</time>
		</trkpt>
		<trkpt lat="35.079118" lon="128.900732">
			<ele>0.00</ele>
			<time>2020-01-15T21:44:48.15Z</time>
		</trkpt>
		<trkpt lat="35.079115" lon="128.900652">
			<ele>0.00</ele>
			<time>2020-01-15T21:44:48.59Z</time>
		</trkpt>
		<trkpt lat="35.079114" lon="128.900565">
			<ele>0.00</ele>
			<time>2020-01-15T21:44:49.06Z</time>
		</trkpt>
		<trkpt lat="35.079113" lon="128.900488">
			<ele>0.00</ele>
			<time>2020-01-15T21:44:49.48Z</time>
		</trkpt>
		<trkpt lat="35.079112" lon="128.900400">
			<ele>0.00</ele>
			<time>2020-01-15T21:44:49.96Z</time>
		</trkpt>
		<trkpt lat="35.079112" lon="128.900315">
			<ele>0.00</ele>
			<time>2020-01-15T21:44:50.43Z</time>
		</trkpt>
		<trkpt lat="35.079113" lon="128.900228">
			<ele>0.00</ele>
			<time>2020-01-15T21:44:50.90Z</time>
		</trkpt>
		<trkpt lat="35.079112" lon="128.900139">
			<ele>0.00</ele>
			<time>2020-01-15T21:44:51.38Z</time>
		</trkpt>
		<trkpt lat="35.079114" lon="128.900059">
			<ele>0.00</ele>
			<time>2020-01-15T21:44:51.82Z</time>
		</trkpt>
		<trkpt lat="35.079113" lon="128.899977">
			<ele>0.00</ele>
			<time>2020-01-15T21:44:52.27Z</time>
		</trkpt>
		<trkpt lat="35.079114" lon="128.899899">
			<ele>0.00</ele>
			<time>2020-01-15T21:44:52.69Z</time>
		</trkpt>
		<trkpt lat="35.079113" lon="128.899823">
			<ele>0.00</ele>
			<time>2020-01-15T21:44:53.11Z</time>
		</trkpt>
		<trkpt lat="35.079112" lon="128.899738">
			<ele>0.00</ele>
			<time>2020-01-15T21:44:53.58Z</time>
		</trkpt>
		<trkpt lat="35.079114" lon="128.899642">
			<ele>0.00</ele>
			<time>2020-01-15T21:44:54.10Z</time>
		</trkpt>
		<trkpt lat="35.079117" lon="128.899553">
			<ele>0.00</ele>
			<time>2020-01-15T21:44:54.58Z</time>
		</trkpt>
		<trkpt lat="35.079118" lon="128.899456">
			<ele>0.00</ele>
			<time>2020-01-15T21:44:55.11Z</time>
		</trkpt>
		<trkpt lat="35.079120" lon="128.899371">
			<ele>0.00</ele>
			<time>2020-01-15T21:44:55.58Z</time>
		</trkpt>
		<trkpt lat="35.079123" lon="128.899292">
			<ele>0.00</ele>
			<time>2020-01-15T21:44:56Z</time>
		</trkpt>
		<trkpt lat="35.079123" lon="128.899209">
			<ele>0.00</ele>
			<time>2020-01-15T21:44:56.46Z</time>
		</trkpt>
		<trkpt lat="35.079122" lon="128.899145">
			<ele>0.00</ele>
			<time>2020-01-15T21:44:56.81Z</time>
		</trkpt>
		<trkpt lat="35.079121" lon="128.899058">
			<ele>0.00</ele>
			<time>2020-01-15T21:44:57.28Z</time>
		</trkpt>
		<trkpt lat="35.079119" lon="128.898972">
			<ele>0.00</ele>
			<time>2020-01-15T21:44:57.75Z</time>
		</trkpt>
		<trkpt lat="35.079119" lon="128.898887">
			<ele>0.00</ele>
			<time>2020-01-15T21:44:58.22Z</time>
		</trkpt>
		<trkpt lat="35.079117" lon="128.898804">
			<ele>0.00</ele>
			<time>2020-01-15T21:44:58.67Z</time>
		</trkpt>
		<trkpt lat="35.079119" lon="128.898710">
			<ele>0.00</ele>
			<time>2020-01-15T21:44:59.18Z</time>
		</trkpt>
		<trkpt lat="35.079115" lon="128.898625">
			<ele>0.00</ele>
			<time>2020-01-15T21:44:59.65Z</time>
		</trkpt>
		<trkpt lat="35.079113" lon="128.898528">
			<ele>0.00</ele>
			<time>2020-01-15T21:45:00.18Z</time>
		</trkpt>
		<trkpt lat="35.079112" lon="128.898441">
			<ele>0.00</ele>
			<time>2020-01-15T21:45:00.65Z</time>
		</trkpt>
		<trkpt lat="35.079114" lon="128.898361">
			<ele>0.00</ele>
			<time>2020-01-15T21:45:01.09Z</time>
		</trkpt>
		<trkpt lat="35.079110" lon="128.898286">
			<ele>0.00</ele>
			<time>2020-01-15T21:45:01.50Z</time>
		</trkpt>
		<trkpt lat="35.079106" lon="128.898186">
			<ele>0.00</ele>
			<time>2020-01-15T21:45:02.04Z</time>
		</trkpt>
		<trkpt lat="35.079107" lon="128.898077">
			<ele>0.00</ele>
			<time>2020-01-15T21:45:02.64Z</time>
		</trkpt>
		<trkpt lat="35.079104" lon="128.897980">
			<ele>0.00</ele>
			<time>2020-01-15T21:45:03.17Z</time>
		</trkpt>
		<trkpt lat="35.079101" lon="128.897890">
			<ele>0.00</ele>
			<time>2020-01-15T21:45:03.66Z</time>
		</trkpt>
		<trkpt lat="35.079098" lon="128.897805">
			<ele>0.00</ele>
			<time>2020-01-15T21:45:04.13Z</time>
		</trkpt>
		<trkpt lat="35.079099" lon="128.897735">
			<ele>0.00</ele>
			<time>2020-01-15T21:45:04.51Z</time>
		</trkpt>
		<trkpt lat="35.079096" lon="128.897655">
			<ele>0.00</ele>
			<time>2020-01-15T21:45:04.94Z</time>
		</trkpt>
		<trkpt lat="35.079097" lon="128.897577">
			<ele>0.00</ele>
			<time>2020-01-15T21:45:05.37Z</time>
		</trkpt>
		<trkpt lat="35.079097" lon="128.897488">
			<ele>0.00</ele>
			<time>2020-01-15T21:45:05.85Z</time>
		</trkpt>
		<trkpt lat="35.079096" lon="128.897396">
			<ele>0.00</ele>
			<time>2020-01-15T21:45:06.36Z</time>
		</trkpt>
		<trkpt lat="35.079096" lon="128.897323">
			<ele>0.00</ele>
			<time>2020-01-15T21:45:06.76Z</time>
		</trkpt>
		<trkpt lat="35.079097" lon="128.897229">
			<ele>0.00</ele>
			<time>2020-01-15T21:45:07.27Z</time>
		</trkpt>
		<trkpt lat="35.079096" lon="128.897135">
			<ele>0.00</ele>
			<time>2020-01-15T21:45:07.78Z</time>
		</trkpt>
		<trkpt lat="35.079096" lon="128.897047">
			<ele>0.00</ele>
			<time>2020-01-15T21:45:08.26Z</time>
		</trkpt>
		<trkpt lat="35.079094" lon="128.896933">
			<ele>0.00</ele>
			<time>2020-01-15T21:45:08.88Z</time>
		</trkpt>
		<trkpt lat="35.079096" lon="128.896844">
			<ele>0.00</ele>
			<time>2020-01-15T21:45:09.37Z</time>
		</trkpt>
		<trkpt lat="35.079095" lon="128.896753">
			<ele>0.00</ele>
			<time>2020-01-15T21:45:09.86Z</time>
		</trkpt>
		<trkpt lat="35.079093" lon="128.896669">
			<ele>0.00</ele>
			<time>2020-01-15T21:45:10.32Z</time>
		</trkpt>
		<trkpt lat="35.079093" lon="128.896591">
			<ele>0.00</ele>
			<time>2020-01-15T21:45:10.75Z</time>
		</trkpt>
		<trkpt lat="35.079095" lon="128.896507">
			<ele>0.00</ele>
			<time>2020-01-15T21:45:11.21Z</time>
		</trkpt>
		<trkpt lat="35.079094" lon="128.896430">
			<ele>0.00</ele>
			<time>2020-01-15T21:45:11.63Z</time>
		</trkpt>
		<trkpt lat="35.079095" lon="128.896341">
			<ele>0.00</ele>
			<time>2020-01-15T21:45:12.11Z</time>
		</trkpt>
		<trkpt lat="35.079098" lon="128.896244">
			<ele>0.00</ele>
			<time>2020-01-15T21:45:12.64Z</time>
		</trkpt>
		<trkpt lat="35.079099" lon="128.896150">
			<ele>0.00</ele>
			<time>2020-01-15T21:45:13.16Z</time>
		</trkpt>
		<trkpt lat="35.079101" lon="128.896055">
			<ele>0.00</ele>
			<time>2020-01-15T21:45:13.68Z</time>
		</trkpt>
		<trkpt lat="35.079106" lon="128.895958">
			<ele>0.00</ele>
			<time>2020-01-15T21:45:14.20Z</time>
		</trkpt>
		<trkpt lat="35.079108" lon="128.895857">
			<ele>0.00</ele>
			<time>2020-01-15T21:45:14.76Z</time>
		</trkpt>
		<trkpt lat="35.079108" lon="128.895774">
			<ele>0.00</ele>
			<time>2020-01-15T21:45:15.21Z</time>
		</trkpt>
		<trkpt lat="35.079110" lon="128.895693">
			<ele>0.00</ele>
			<time>2020-01-15T21:45:15.65Z</time>
		</trkpt>
		<trkpt lat="35.079112" lon="128.895608">
			<ele>0.00</ele>
			<time>2020-01-15T21:45:16.12Z</time>
		</trkpt>
		<trkpt lat="35.079115" lon="128.895515">
			<ele>0.00</ele>
			<time>2020-01-15T21:45:16.62Z</time>
		</trkpt>
		<trkpt lat="35.079114" lon="128.895435">
			<ele>0.00</ele>
			<time>2020-01-15T21:45:17.06Z</time>
		</trkpt>
		<trkpt lat="35.079178" lon="128.895435">
			<ele>0.00</ele>
			<time>2020-01-15T21:45:17.49Z</time>
		</trkpt>
		<trkpt lat="35.079251" lon="128.895431">
			<ele>0.00</ele>
			<time>2020-01-15T21:45:17.97Z</time>
		</trkpt>
		<trkpt lat="35.079313" lon="128.895429">
			<ele>0.00</ele>
			<time>2020-01-15T21:45:18.39Z</time>
		</trkpt>
		<trkpt lat="35.079379" lon="128.895426">
			<ele>0.00</ele>
			<time>2020-01-15T21:45:18.82Z</time>
		</trkpt>
		<trkpt lat="35.079454" lon="128.895419">
			<ele>0.00</ele>
			<time>2020-01-15T21:45:19.33Z</time>
		</trkpt>
		<trkpt lat="35.079511" lon="128.895419">
			<ele>0.00</ele>
			<time>2020-01-15T21:45:19.71Z</time>
		</trkpt>
		<trkpt lat="35.079575" lon="128.895420">
			<ele>0.00</ele>
			<time>2020-01-15T21:45:20.13Z</time>
		</trkpt>
		<trkpt lat="35.079639" lon="128.895418">
			<ele>0.00</ele>
			<time>2020-01-15T21:45:20.56Z</time>
		</trkpt>
		<trkpt lat="35.079704" lon="128.895416">
			<ele>0.00</ele>
			<time>2020-01-15T21:45:21Z</time>
		</trkpt>
		<trkpt lat="35.079763" lon="128.895419">
			<ele>0.00</ele>
			<time>2020-01-15T21:45:21.39Z</time>
		</trkpt>
		<trkpt lat="35.079822" lon="128.895422">
			<ele>0.00</ele>
			<time>2020-01-15T21:45:21.79Z</time>
		</trkpt>
		<trkpt lat="35.079884" lon="128.895420">
			<ele>0.00</ele>
			<time>2020-01-15T21:45:22.20Z</time>
		</trkpt>
		<trkpt lat="35.079957" lon="128.895418">
			<ele>0.00</ele>
			<time>2020-01-15T21:45:22.68Z</time>
		</trkpt>
		<trkpt lat="35.080014" lon="128.895416">
			<ele>0.00</ele>
			<time>2020-01-15T21:45:23.06Z</time>
		</trkpt>
		<trkpt lat="35.080080" lon="128.895415">
			<ele>0.00</ele>
			<time>2020-01-15T21:45:23.50Z</time>
		</trkpt>
		<trkpt lat="35.080155" lon="128.895416">
			<ele>0.00</ele>
			<time>2020-01-15T21:45:24Z</time>
		</trkpt>
		<trkpt lat="35.080223" lon="128.895415">
			<ele>0.00</ele>
			<time>2020-01-15T21:45:24.46Z</time>
		</trkpt>
		<trkpt lat="35.080299" lon="128.895415">
			<ele>0.00</ele>
			<time>2020-01-15T21:45:24.96Z</time>
		</trkpt>
		<trkpt lat="35.080363" lon="128.895414">
			<ele>0.00</ele>
			<time>2020-01-15T21:45:25.39Z</time>
		</trkpt>
		<trkpt lat="35.080433" lon="128.895418">
			<ele>0.00</ele>
			<time>2020-01-15T21:45:25.86Z</time>
		</trkpt>
		<trkpt lat="35.080495" lon="128.895415">
			<ele>0.00</ele>
			<time>2020-01-15T21:45:26.27Z</time>
		</trkpt>
		<trkpt lat="35.080562" lon="128.895412">
			<ele>0.00</ele>
			<time>2020-01-15T21:45:26.72Z</time>
		</trkpt>
		<trkpt lat="35.080630" lon="128.895409">
			<ele>0.00</ele>
			<time>2020-01-15T21:45:27.17Z</time>
		</trkpt>
		<trkpt lat="35.080703" lon="128.895410">
			<ele>0.00</ele>
			<time>2020-01-15T21:45:27.66Z</time>
		</trkpt>
		<trkpt lat="35.080777" lon="128.895409">
			<ele>0.00</ele>
			<time>2020-01-15T21:45:28.15Z</time>
		</trkpt>
		<trkpt lat="35.080841" lon="128.895411">
			<ele>0.00</ele>
			<time>2020-01-15T21:45:28.58Z</time>
		</trkpt>
		<trkpt lat="35.080928" lon="128.895409">
			<ele>0.00</ele>
			<time>2020-01-15T21:45:29.16Z</time>
		</trkpt>
		<trkpt lat="35.081000" lon="128.895411">
			<ele>0.00</ele>
			<time>2020-01-15T21:45:29.64Z</time>
		</trkpt>
		<trkpt lat="35.081069" lon="128.895411">
			<ele>0.00</ele>
			<time>2020-01-15T21:45:30.10Z</time>
		</trkpt>
		<trkpt lat="35.081141" lon="128.895414">
			<ele>0.00</ele>
			<time>2020-01-15T21:45:30.58Z</time>
		</trkpt>
		<trkpt lat="35.081215" lon="128.895416">
			<ele>0.00</ele>
			<time>2020-01-15T21:45:31.07Z</time>
		</trkpt>
		<trkpt lat="35.081284" lon="128.895415">
			<ele>0.00</ele>
			<time>2020-01-15T21:45:31.53Z</time>
		</trkpt>
		<trkpt lat="35.081365" lon="128.895414">
			<ele>0.00</ele>
			<time>2020-01-15T21:45:32.07Z</time>
		</trkpt>
		<trkpt lat="35.081443" lon="128.895416">
			<ele>0.00</ele>
			<time>2020-01-15T21:45:32.59Z</time>
		</trkpt>
		<trkpt lat="35.081508" lon="128.895413">
			<ele>0.00</ele>
			<time>2020-01-15T21:45:33.03Z</time>
		</trkpt>
		<trkpt lat="35.081582" lon="128.895412">
			<ele>0.00</ele>
			<time>2020-01-15T21:45:33.52Z</time>
		</trkpt>
		<trkpt lat="35.081657" lon="128.895413">
			<ele>0.00</ele>
			<time>2020-01-15T21:45:34.02Z</time>
		</trkpt>
		<trkpt lat="35.081734" lon="128.895415">
			<ele>0.00</ele>
			<time>2020-01-15T21:45:34.53Z</time>
		</trkpt>
		<trkpt lat="35.081815" lon="128.895412">
			<ele>0.00</ele>
			<time>2020-01-15T21:45:35.07Z</time>
		</trkpt>
		<trkpt lat="35.081883" lon="128.895415">
			<ele>0.00</ele>
			<time>2020-01-15T21:45:35.53Z</time>
		</trkpt>
		<trkpt lat="35.081948" lon="128.895415">
			<ele>0.00</ele>
			<time>2020-01-15T21:45:35.96Z</time>
		</trkpt>
		<trkpt lat="35.082022" lon="128.895416">
			<ele>0.00</ele>
			<time>2020-01-15T21:45:36.45Z</time>
		</trkpt>
		<trkpt lat="35.082093" lon="128.895414">
			<ele>0.00</ele>
			<time>2020-01-15T21:45:36.93Z</time>
		</trkpt>
		<trkpt lat="35.082164" lon="128.895417">
			<ele>0.00</ele>
			<time>2020-01-15T21:45:37.40Z</time>
		</trkpt>
		<trkpt lat="35.082241" lon="128.895419">
			<ele>0.00</ele>
			<time>2020-01-15T21:45:37.91Z</time>
		</trkpt>
		<trkpt lat="35.082308" lon="128.895420">
			<ele>0.00</ele>
			<time>2020-01-15T21:45:38.36Z</time>
		</trkpt>
		<trkpt lat="35.082389" lon="128.895422">
			<ele>0.00</ele>
			<time>2020-01-15T21:45:38.90Z</time>
		</trkpt>
		<trkpt lat="35.082459" lon="128.895419">
			<ele>0.00</ele>
			<time>2020-01-15T21:45:39.37Z</time>
		</trkpt>
		<trkpt lat="35.082519" lon="128.895416">
			<ele>0.00</ele>
			<time>2020-01-15T21:45:39.77Z</time>
		</trkpt>
		<trkpt lat="35.082582" lon="128.895415">
			<ele>0.00</ele>
			<time>2020-01-15T21:45:40.19Z</time>
		</trkpt>
		<trkpt lat="35.082642" lon="128.895419">
			<ele>0.00</ele>
			<time>2020-01-15T21:45:40.59Z</time>
		</trkpt>
		<trkpt lat="35.082719" lon="128.895416">
			<ele>0.00</ele>
			<time>2020-01-15T21:45:41.10Z</time>
		</trkpt>
		<trkpt lat="35.082792" lon="128.895415">
			<ele>0.00</ele>
			<time>2020-01-15T21:45:41.59Z</time>
		</trkpt>
		<trkpt lat="35.082859" lon="128.895416">
			<ele>0.00</ele>
			<time>2020-01-15T21:45:42.03Z</time>
		</trkpt>
		<trkpt lat="35.082927" lon="128.895416">
			<ele>0.00</ele>
			<time>2020-01-15T21:45:42.49Z</time>
		</trkpt>
		<trkpt lat="35.083000" lon="128.895418">
			<ele>0.00</ele>
			<time>2020-01-15T21:45:42.97Z</time>
		</trkpt>
		<trkpt lat="35.083073" lon="128.895417">
			<ele>0.00</ele>
			<time>2020-01-15T21:45:43.46Z</time>
		</trkpt>
		<trkpt lat="35.083136" lon="128.895413">
			<ele>0.00</ele>
			<time>2020-01-15T21:45:43.88Z</time>
		</trkpt>
		<trkpt lat="35.083200" lon="128.895408">
			<ele>0.00</ele>
			<time>2020-01-15T21:45:44.31Z</time>
		</trkpt>
		<trkpt lat="35.083258" lon="128.895405">
			<ele>0.00</ele>
			<time>2020-01-15T21:45:44.70Z</time>
		</trkpt>
		<trkpt lat="35.083329" lon="128.895407">
			<ele>0.00</ele>
			<time>2020-01-15T21:45:45.17Z</time>
		</trkpt>
		<trkpt lat="35.083389" lon="128.895403">
			<ele>0.00</ele>
			<time>2020-01-15T21:45:45.57Z</time>
		</trkpt>
		<trkpt lat="35.083465" lon="128.895407">
			<ele>0.00</ele>
			<time>2020-01-15T21:45:46.08Z</time>
		</trkpt>
		<trkpt lat="35.083546" lon="128.895405">
			<ele>0.00</ele>
			<time>2020-01-15T21:45:46.62Z</time>
		</trkpt>
		<trkpt lat="35.083613" lon="128.895406">
			<ele>0.00</ele>
			<time>2020-01-15T21:45:47.06Z</time>
		</trkpt>
		<trkpt lat="35.083685" lon="128.895405">
			<ele>0.00</ele>
			<time>2020-01-15T21:45:47.55Z</time>
		</trkpt>
		<trkpt lat="35.083750" lon="128.895407">
			<ele>0.00</ele>
			<time>2020-01-15T21:45:47.98Z</time>
		</trkpt>
		<trkpt lat="35.083838" lon="128.895408">
			<ele>0.00</ele>
			<time>2020-01-15T21:45:48.56Z</time>
		</trkpt>
		<trkpt lat="35.083913" lon="128.895408">
			<ele>0.00</ele>
			<time>2020-01-15T21:45:49.06Z</time>
		</trkpt>
		<trkpt lat="35.083980" lon="128.895411">
			<ele>0.00</ele>
			<time>2020-01-15T21:45:49.51Z</time>
		</trkpt>
		<trkpt lat="35.084056" lon="128.895409">
			<ele>0.00</ele>
			<time>2020-01-15T21:45:50.02Z</time>
		</trkpt>
		<trkpt lat="35.084119" lon="128.895405">
			<ele>0.00</ele>
			<time>2020-01-15T21:45:50.44Z</time>
		</trkpt>
		<trkpt lat="35.084190" lon="128.895405">
			<ele>0.00</ele>
			<time>2020-01-15T21:45:50.91Z</time>
		</trkpt>
		<trkpt lat="35.084275" lon="128.895393">
			<ele>0.00</ele>
			<time>2020-01-15T21:45:51.49Z</time>
		</trkpt>
		<trkpt lat="35.084341" lon="128.895419">
			<ele>0.00</ele>
			<time>2020-01-15T21:45:51.94Z</time>
		</trkpt>
		<trkpt lat="35.084399" lon="128.895394">
			<ele>0.00</ele>
			<time>2020-01-15T21:45:52.36Z</time>
		</trkpt>
		<trkpt lat="35.084459" lon="128.895397">
			<ele>0.00</ele>
			<time>2020-01-15T21:45:52.76Z</time>
		</trkpt>
		<trkpt lat="35.084512" lon="128.895411">
			<ele>0.00</ele>
			<time>2020-01-15T21:45:53.12Z</time>
		</trkpt>
		<trkpt lat="35.084551" lon="128.895412">
			<ele>0.00</ele>
			<time>2020-01-15T21:45:53.38Z</time>
		</trkpt>
		<trkpt lat="35.084612" lon="128.895416">
			<ele>0.00</ele>
			<time>2020-01-15T21:45:53.79Z</time>
		</trkpt>
		<trkpt lat="35.084676" lon="128.895416">
			<ele>0.00</ele>
			<time>2020-01-15T21:45:54.21Z</time>
		</trkpt>
		<trkpt lat="35.084747" lon="128.895418">
			<ele>0.00</ele>
			<time>2020-01-15T21:45:54.69Z</time>
		</trkpt>
		<trkpt lat="35.084807" lon="128.895417">
			<ele>0.00</ele>
			<time>2020-01-15T21:45:55.09Z</time>
		</trkpt>
		<trkpt lat="35.084875" lon="128.895414">
			<ele>0.00</ele>
			<time>2020-01-15T21:45:55.54Z</time>
		</trkpt>
		<trkpt lat="35.084939" lon="128.895413">
			<ele>0.00</ele>
			<time>2020-01-15T21:45:55.97Z</time>
		</trkpt>
		<trkpt lat="35.085001" lon="128.895410">
			<ele>0.00</ele>
			<time>2020-01-15T21:45:56.38Z</time>
		</trkpt>
		<trkpt lat="35.085060" lon="128.895411">
			<ele>0.00</ele>
			<time>2020-01-15T21:45:56.78Z</time>
		</trkpt>
		<trkpt lat="35.085124" lon="128.895413">
			<ele>0.00</ele>
			<time>2020-01-15T21:45:57.20Z</time>
		</trkpt>
		<trkpt lat="35.085192" lon="128.895410">
			<ele>0.00</ele>
			<time>2020-01-15T21:45:57.65Z</time>
		</trkpt>
		<trkpt lat="35.085252" lon="128.895407">
			<ele>0.00</ele>
			<time>2020-01-15T21:45:58.05Z</time>
		</trkpt>
		<trkpt lat="35.085317" lon="128.895409">
			<ele>0.00</ele>
			<time>2020-01-15T21:45:58.49Z</time>
		</trkpt>
		<trkpt lat="35.085382" lon="128.895413">
			<ele>0.00</ele>
			<time>2020-01-15T21:45:58.92Z</time>
		</trkpt>
		<trkpt lat="35.085451" lon="128.895410">
			<ele>0.00</ele>
			<time>2020-01-15T21:45:59.38Z</time>
		</trkpt>
		<trkpt lat="35.085518" lon="128.895409">
			<ele>0.00</ele>
			<time>2020-01-15T21:45:59.83Z</time>
		</trkpt>
		<trkpt lat="35.085586" lon="128.895410">
			<ele>0.00</ele>
			<time>2020-01-15T21:46:00.28Z</time>
		</trkpt>
		<trkpt lat="35.085664" lon="128.895412">
			<ele>0.00</ele>
			<time>2020-01-15T21:46:00.80Z</time>
		</trkpt>
		<trkpt lat="35.085748" lon="128.895409">
			<ele>0.00</ele>
			<time>2020-01-15T21:46:01.36Z</time>
		</trkpt>
		<trkpt lat="35.085813" lon="128.895410">
			<ele>0.00</ele>
			<time>2020-01-15T21:46:01.80Z</time>
		</trkpt>
		<trkpt lat="35.085883" lon="128.895416">
			<ele>0.00</ele>
			<time>2020-01-15T21:46:02.26Z</time>
		</trkpt>
		<trkpt lat="35.085971" lon="128.895413">
			<ele>0.00</ele>
			<time>2020-01-15T21:46:02.85Z</time>
		</trkpt>
		<trkpt lat="35.086053" lon="128.895412">
			<ele>0.00</ele>
			<time>2020-01-15T21:46:03.39Z</time>
		</trkpt>
		<trkpt lat="35.086126" lon="128.895409">
			<ele>0.00</ele>
			<time>2020-01-15T21:46:03.88Z</time>
		</trkpt>
		<trkpt lat="35.086210" lon="128.895410">
			<ele>0.00</ele>
			<time>2020-01-15T21:46:04.44Z</time>
		</trkpt>
		<trkpt lat="35.086291" lon="128.895407">
			<ele>0.00</ele>
			<time>2020-01-15T21:46:04.98Z</time>
		</trkpt>
		<trkpt lat="35.086369" lon="128.895402">
			<ele>0.00</ele>
			<time>2020-01-15T21:46:05.50Z</time>
		</trkpt>
		<trkpt lat="35.086434" lon="128.895399">
			<ele>0.00</ele>
			<time>2020-01-15T21:46:05.94Z</time>
		</trkpt>
		<trkpt lat="35.086513" lon="128.895424">
			<ele>0.00</ele>
			<time>2020-01-15T21:46:06.48Z</time>
		</trkpt>
		<trkpt lat="35.086580" lon="128.895452">
			<ele>0.00</ele>
			<time>2020-01-15T21:46:06.95Z</time>
		</trkpt>
		<trkpt lat="35.086652" lon="128.895487">
			<ele>0.00</ele>
			<time>2020-01-15T21:46:07.47Z</time>
		</trkpt>
		<trkpt lat="35.086721" lon="128.895516">
			<ele>0.00</ele>
			<time>2020-01-15T21:46:07.95Z</time>
		</trkpt>
		<trkpt lat="35.086788" lon="128.895547">
			<ele>0.00</ele>
			<time>2020-01-15T21:46:08.43Z</time>
		</trkpt>
		<trkpt lat="35.086864" lon="128.895572">
			<ele>0.00</ele>
			<time>2020-01-15T21:46:08.96Z</time>
		</trkpt>
		<trkpt lat="35.086936" lon="128.895595">
			<ele>0.00</ele>
			<time>2020-01-15T21:46:09.45Z</time>
		</trkpt>
		<trkpt lat="35.087004" lon="128.895621">
			<ele>0.00</ele>
			<time>2020-01-15T21:46:09.93Z</time>
		</trkpt>
		<trkpt lat="35.087061" lon="128.895642">
			<ele>0.00</ele>
			<time>2020-01-15T21:46:10.33Z</time>
		</trkpt>
		<trkpt lat="35.087126" lon="128.895670">
			<ele>0.00</ele>
			<time>2020-01-15T21:46:10.78Z</time>
		</trkpt>
		<trkpt lat="35.087195" lon="128.895693">
			<ele>0.00</ele>
			<time>2020-01-15T21:46:11.27Z</time>
		</trkpt>
		<trkpt lat="35.087260" lon="128.895712">
			<ele>0.00</ele>
			<time>2020-01-15T21:46:11.71Z</time>
		</trkpt>
		<trkpt lat="35.087324" lon="128.895738">
			<ele>0.00</ele>
			<time>2020-01-15T21:46:12.16Z</time>
		</trkpt>
		<trkpt lat="35.087389" lon="128.895762">
			<ele>0.00</ele>
			<time>2020-01-15T21:46:12.61Z</time>
		</trkpt>
		<trkpt lat="35.087470" lon="128.895790">
			<ele>0.00</ele>
			<time>2020-01-15T21:46:13.17Z</time>
		</trkpt>
		<trkpt lat="35.087548" lon="128.895818">
			<ele>0.00</ele>
			<time>2020-01-15T21:46:13.71Z</time>
		</trkpt>
		<trkpt lat="35.087619" lon="128.895846">
			<ele>0.00</ele>
			<time>2020-01-15T21:46:14.21Z</time>
		</trkpt>
		<trkpt lat="35.087686" lon="128.895871">
			<ele>0.00</ele>
			<time>2020-01-15T21:46:14.68Z</time>
		</trkpt>
		<trkpt lat="35.087760" lon="128.895895">
			<ele>0.00</ele>
			<time>2020-01-15T21:46:15.19Z</time>
		</trkpt>
		<trkpt lat="35.087831" lon="128.895923">
			<ele>0.00</ele>
			<time>2020-01-15T21:46:15.69Z</time>
		</trkpt>
		<trkpt lat="35.087899" lon="128.895949">
			<ele>0.00</ele>
			<time>2020-01-15T21:46:16.16Z</time>
		</trkpt>
		<trkpt lat="35.087961" lon="128.895972">
			<ele>0.00</ele>
			<time>2020-01-15T21:46:16.60Z</time>
		</trkpt>
		<trkpt lat="35.088022" lon="128.895996">
			<ele>0.00</ele>
			<time>2020-01-15T21:46:17.02Z</time>
		</trkpt>
		<trkpt lat="35.088073" lon="128.896019">
			<ele>0.00</ele>
			<time>2020-01-15T21:46:17.39Z</time>
		</trkpt>
		<trkpt lat="35.088127" lon="128.896040">
			<ele>0.00</ele>
			<time>2020-01-15T21:46:17.76Z</time>
		</trkpt>
		<trkpt lat="35.088188" lon="128.896064">
			<ele>0.00</ele>
			<time>2020-01-15T21:46:18.19Z</time>
		</trkpt>
		<trkpt lat="35.088255" lon="128.896087">
			<ele>0.00</ele>
			<time>2020-01-15T21:46:18.65Z</time>
		</trkpt>
		<trkpt lat="35.088321" lon="128.896111">
			<ele>0.00</ele>
			<time>2020-01-15T21:46:19.11Z</time>
		</trkpt>
		<trkpt lat="35.088380" lon="128.896133">
			<ele>0.00</ele>
			<time>2020-01-15T21:46:19.52Z</time>
		</trkpt>
		<trkpt lat="35.088444" lon="128.896159">
			<ele>0.00</ele>
			<time>2020-01-15T21:46:19.97Z</time>
		</trkpt>
		<trkpt lat="35.088502" lon="128.896175">
			<ele>0.00</ele>
			<time>2020-01-15T21:46:20.37Z</time>
		</trkpt>
		<trkpt lat="35.088562" lon="128.896199">
			<ele>0.00</ele>
			<time>2020-01-15T21:46:20.79Z</time>
		</trkpt>
		<trkpt lat="35.088611" lon="128.896218">
			<ele>0.00</ele>
			<time>2020-01-15T21:46:21.13Z</time>
		</trkpt>
		<trkpt lat="35.088664" lon="128.896242">
			<ele>0.00</ele>
			<time>2020-01-15T21:46:21.51Z</time>
		</trkpt>
		<trkpt lat="35.088718" lon="128.896263">
			<ele>0.00</ele>
			<time>2020-01-15T21:46:21.88Z</time>
		</trkpt>
		<trkpt lat="35.088747" lon="128.896275">
			<ele>0.00</ele>
			<time>2020-01-15T21:46:22.09Z</time>
		</trkpt>
		<trkpt lat="35.088763" lon="128.896331">
			<ele>0.00</ele>
			<time>2020-01-15T21:46:22.41Z</time>
		</trkpt>
		<trkpt lat="35.088769" lon="128.896400">
			<ele>0.00</ele>
			<time>2020-01-15T21:46:22.79Z</time>
		</trkpt>
		<trkpt lat="35.088770" lon="128.896470">
			<ele>0.00</ele>
			<time>2020-01-15T21:46:23.18Z</time>
		</trkpt>
		<trkpt lat="35.088775" lon="128.896529">
			<ele>0.00</ele>
			<time>2020-01-15T21:46:23.50Z</time>
		</trkpt>
		<trkpt lat="35.088776" lon="128.896568">
			<ele>0.00</ele>
			<time>2020-01-15T21:46:23.71Z</time>
		</trkpt>
		<trkpt lat="35.088774" lon="128.896629">
			<ele>0.00</ele>
			<time>2020-01-15T21:46:24.04Z</time>
		</trkpt>
		<trkpt lat="35.088774" lon="128.896667">
			<ele>0.00</ele>
			<time>2020-01-15T21:46:24.25Z</time>
		</trkpt>
		<trkpt lat="35.088776" lon="128.896711">
			<ele>0.00</ele>
			<time>2020-01-15T21:46:24.49Z</time>
		</trkpt>
		<trkpt lat="35.088789" lon="128.896738">
			<ele>0.00</ele>
			<time>2020-01-15T21:46:24.66Z</time>
		</trkpt>
		<trkpt lat="35.088822" lon="128.896760">
			<ele>0.00</ele>
			<time>2020-01-15T21:46:24.91Z</time>
		</trkpt>
		<trkpt lat="35.088864" lon="128.896755">
			<ele>0.00</ele>
			<time>2020-01-15T21:46:25.20Z</time>
		</trkpt>
		<trkpt lat="35.088902" lon="128.896734">
			<ele>0.00</ele>
			<time>2020-01-15T21:46:25.47Z</time>
		</trkpt>
		<trkpt lat="35.088905" lon="128.896665">
			<ele>0.00</ele>
			<time>2020-01-15T21:46:25.85Z</time>
		</trkpt>
		<trkpt lat="35.088902" lon="128.896574">
			<ele>0.00</ele>
			<time>2020-01-15T21:46:26.34Z</time>
		</trkpt>
		<trkpt lat="35.088904" lon="128.896493">
			<ele>0.00</ele>
			<time>2020-01-15T21:46:26.78Z</time>
		</trkpt>
		<trkpt lat="35.088905" lon="128.896402">
			<ele>0.00</ele>
			<time>2020-01-15T21:46:27.28Z</time>
		</trkpt>
		<trkpt lat="35.088901" lon="128.896323">
			<ele>0.00</ele>
			<time>2020-01-15T21:46:27.71Z</time>
		</trkpt>
		<trkpt lat="35.088904" lon="128.896224">
			<ele>0.00</ele>
			<time>2020-01-15T21:46:28.25Z</time>
		</trkpt>
		<trkpt lat="35.088901" lon="128.896131">
			<ele>0.00</ele>
			<time>2020-01-15T21:46:28.76Z</time>
		</trkpt>
		<trkpt lat="35.088900" lon="128.896031">
			<ele>0.00</ele>
			<time>2020-01-15T21:46:29.31Z</time>
		</trkpt>
		<trkpt lat="35.088895" lon="128.895922">
			<ele>0.00</ele>
			<time>2020-01-15T21:46:29.91Z</time>
		</trkpt>
		<trkpt lat="35.088895" lon="128.895824">
			<ele>0.00</ele>
			<time>2020-01-15T21:46:30.44Z</time>
		</trkpt>
		<trkpt lat="35.088896" lon="128.895721">
			<ele>0.00</ele>
			<time>2020-01-15T21:46:31Z</time>
		</trkpt>
		<trkpt lat="35.088896" lon="128.895628">
			<ele>0.00</ele>
			<time>2020-01-15T21:46:31.51Z</time>
		</trkpt>
		<trkpt lat="35.088895" lon="128.895535">
			<ele>0.00</ele>
			<time>2020-01-15T21:46:32.01Z</time>
		</trkpt>
		<trkpt lat="35.088896" lon="128.895449">
			<ele>0.00</ele>
			<time>2020-01-15T21:46:32.48Z</time>
		</trkpt>
		<trkpt lat="35.088896" lon="128.895365">
			<ele>0.00</ele>
			<time>2020-01-15T21:46:32.94Z</time>
		</trkpt>
		<trkpt lat="35.088894" lon="128.895282">
			<ele>0.00</ele>
			<time>2020-01-15T21:46:33.40Z</time>
		</trkpt>
		<trkpt lat="35.088895" lon="128.895175">
			<ele>0.00</ele>
			<time>2020-01-15T21:46:33.98Z</time>
		</trkpt>
		<trkpt lat="35.088897" lon="128.895090">
			<ele>0.00</ele>
			<time>2020-01-15T21:46:34.44Z</time>
		</trkpt>
		<trkpt lat="35.088895" lon="128.894999">
			<ele>0.00</ele>
			<time>2020-01-15T21:46:34.94Z</time>
		</trkpt>
		<trkpt lat="35.088897" lon="128.894918">
			<ele>0.00</ele>
			<time>2020-01-15T21:46:35.38Z</time>
		</trkpt>
		<trkpt lat="35.088896" lon="128.894825">
			<ele>0.00</ele>
			<time>2020-01-15T21:46:35.89Z</time>
		</trkpt>
		<trkpt lat="35.088899" lon="128.894710">
			<ele>0.00</ele>
			<time>2020-01-15T21:46:36.52Z</time>
		</trkpt>
		<trkpt lat="35.088899" lon="128.894620">
			<ele>0.00</ele>
			<time>2020-01-15T21:46:37.01Z</time>
		</trkpt>
		<trkpt lat="35.088898" lon="128.894527">
			<ele>0.00</ele>
			<time>2020-01-15T21:46:37.51Z</time>
		</trkpt>
		<trkpt lat="35.088895" lon="128.894443">
			<ele>0.00</ele>
			<time>2020-01-15T21:46:37.97Z</time>
		</trkpt>
		<trkpt lat="35.088899" lon="128.894343">
			<ele>0.00</ele>
			<time>2020-01-15T21:46:38.52Z</time>
		</trkpt>
		<trkpt lat="35.088898" lon="128.894247">
			<ele>0.00</ele>
			<time>2020-01-15T21:46:39.04Z</time>
		</trkpt>
		<trkpt lat="35.088897" lon="128.894156">
			<ele>0.00</ele>
			<time>2020-01-15T21:46:39.54Z</time>
		</trkpt>
		<trkpt lat="35.088899" lon="128.894061">
			<ele>0.00</ele>
			<time>2020-01-15T21:46:40.06Z</time>
		</trkpt>
		<trkpt lat="35.088899" lon="128.893973">
			<ele>0.00</ele>
			<time>2020-01-15T21:46:40.54Z</time>
		</trkpt>
		<trkpt lat="35.088897" lon="128.893889">
			<ele>0.00</ele>
			<time>2020-01-15T21:46:41Z</time>
		</trkpt>
		<trkpt lat="35.088900" lon="128.893807">
			<ele>0.00</ele>
			<time>2020-01-15T21:46:41.45Z</time>
		</trkpt>
		<trkpt lat="35.088895" lon="128.893727">
			<ele>0.00</ele>
			<time>2020-01-15T21:46:41.88Z</time>
		</trkpt>
		<trkpt lat="35.088894" lon="128.893619">
			<ele>0.00</ele>
			<time>2020-01-15T21:46:42.47Z</time>
		</trkpt>
		<trkpt lat="35.088897" lon="128.893498">
			<ele>0.00</ele>
			<time>2020-01-15T21:46:43.13Z</time>
		</trkpt>
		<trkpt lat="35.088896" lon="128.893419">
			<ele>0.00</ele>
			<time>2020-01-15T21:46:43.56Z</time>
		</trkpt>
		<trkpt lat="35.088897" lon="128.893342">
			<ele>0.00</ele>
			<time>2020-01-15T21:46:43.98Z</time>
		</trkpt>
		<trkpt lat="35.088895" lon="128.893246">
			<ele>0.00</ele>
			<time>2020-01-15T21:46:44.51Z</time>
		</trkpt>
		<trkpt lat="35.088895" lon="128.893158">
			<ele>0.00</ele>
			<time>2020-01-15T21:46:44.99Z</time>
		</trkpt>
		<trkpt lat="35.088895" lon="128.893065">
			<ele>0.00</ele>
			<time>2020-01-15T21:46:45.49Z</time>
		</trkpt>
		<trkpt lat="35.088896" lon="128.892984">
			<ele>0.00</ele>
			<time>2020-01-15T21:46:45.94Z</time>
		</trkpt>
		<trkpt lat="35.088894" lon="128.892881">
			<ele>0.00</ele>
			<time>2020-01-15T21:46:46.50Z</time>
		</trkpt>
		<trkpt lat="35.088893" lon="128.892781">
			<ele>0.00</ele>
			<time>2020-01-15T21:46:47.04Z</time>
		</trkpt>
		<trkpt lat="35.088890" lon="128.892691">
			<ele>0.00</ele>
			<time>2020-01-15T21:46:47.53Z</time>
		</trkpt>
		<trkpt lat="35.088891" lon="128.892592">
			<ele>0.00</ele>
			<time>2020-01-15T21:46:48.07Z</time>
		</trkpt>
		<trkpt lat="35.088889" lon="128.892501">
			<ele>0.00</ele>
			<time>2020-01-15T21:46:48.57Z</time>
		</trkpt>
		<trkpt lat="35.088891" lon="128.892408">
			<ele>0.00</ele>
			<time>2020-01-15T21:46:49.08Z</time>
		</trkpt>
		<trkpt lat="35.088890" lon="128.892315">
			<ele>0.00</ele>
			<time>2020-01-15T21:46:49.59Z</time>
		</trkpt>
		<trkpt lat="35.088889" lon="128.892232">
			<ele>0.00</ele>
			<time>2020-01-15T21:46:50.04Z</time>
		</trkpt>
		<trkpt lat="35.088889" lon="128.892143">
			<ele>0.00</ele>
			<time>2020-01-15T21:46:50.52Z</time>
		</trkpt>
		<trkpt lat="35.088890" lon="128.892052">
			<ele>0.00</ele>
			<time>2020-01-15T21:46:51.02Z</time>
		</trkpt>
		<trkpt lat="35.088889" lon="128.891978">
			<ele>0.00</ele>
			<time>2020-01-15T21:46:51.43Z</time>
		</trkpt>
		<trkpt lat="35.088889" lon="128.891892">
			<ele>0.00</ele>
			<time>2020-01-15T21:46:51.90Z</time>
		</trkpt>
		<trkpt lat="35.088887" lon="128.891823">
			<ele>0.00</ele>
			<time>2020-01-15T21:46:52.27Z</time>
		</trkpt>
		<trkpt lat="35.088886" lon="128.891751">
			<ele>0.00</ele>
			<time>2020-01-15T21:46:52.67Z</time>
		</trkpt>
		<trkpt lat="35.088885" lon="128.891677">
			<ele>0.00</ele>
			<time>2020-01-15T21:46:53.07Z</time>
		</trkpt>
		<trkpt lat="35.088885" lon="128.891603">
			<ele>0.00</ele>
			<time>2020-01-15T21:46:53.47Z</time>
		</trkpt>
		<trkpt lat="35.088883" lon="128.891506">
			<ele>0.00</ele>
			<time>2020-01-15T21:46:54Z</time>
		</trkpt>
		<trkpt lat="35.088884" lon="128.891415">
			<ele>0.00</ele>
			<time>2020-01-15T21:46:54.50Z</time>
		</trkpt>
		<trkpt lat="35.088883" lon="128.891339">
			<ele>0.00</ele>
			<time>2020-01-15T21:46:54.91Z</time>
		</trkpt>
		<trkpt lat="35.088881" lon="128.891242">
			<ele>0.00</ele>
			<time>2020-01-15T21:46:55.44Z</time>
		</trkpt>
		<trkpt lat="35.088879" lon="128.891167">
			<ele>0.00</ele>
			<time>2020-01-15T21:46:55.85Z</time>
		</trkpt>
		<trkpt lat="35.088876" lon="128.891079">
			<ele>0.00</ele>
			<time>2020-01-15T21:46:56.33Z</time>
		</trkpt>
		<trkpt lat="35.088875" lon="128.891000">
			<ele>0.00</ele>
			<time>2020-01-15T21:46:56.76Z</time>
		</trkpt>
		<trkpt lat="35.088876" lon="128.890898">
			<ele>0.00</ele>
			<time>2020-01-15T21:46:57.32Z</time>
		</trkpt>
		<trkpt lat="35.088874" lon="128.890821">
			<ele>0.00</ele>
			<time>2020-01-15T21:46:57.74Z</time>
		</trkpt>
		<trkpt lat="35.088873" lon="128.890737">
			<ele>0.00</ele>
			<time>2020-01-15T21:46:58.20Z</time>
		</trkpt>
		<trkpt lat="35.088873" lon="128.890661">
			<ele>0.00</ele>
			<time>2020-01-15T21:46:58.61Z</time>
		</trkpt>
		<trkpt lat="35.088873" lon="128.890570">
			<ele>0.00</ele>
			<time>2020-01-15T21:46:59.11Z</time>
		</trkpt>
		<trkpt lat="35.088873" lon="128.890484">
			<ele>0.00</ele>
			<time>2020-01-15T21:46:59.58Z</time>
		</trkpt>
		<trkpt lat="35.088873" lon="128.890413">
			<ele>0.00</ele>
			<time>2020-01-15T21:46:59.96Z</time>
		</trkpt>
		<trkpt lat="35.088872" lon="128.890318">
			<ele>0.00</ele>
			<time>2020-01-15T21:47:00.48Z</time>
		</trkpt>
		<trkpt lat="35.088872" lon="128.890224">
			<ele>0.00</ele>
			<time>2020-01-15T21:47:01Z</time>
		</trkpt>
		<trkpt lat="35.088873" lon="128.890148">
			<ele>0.00</ele>
			<time>2020-01-15T21:47:01.41Z</time>
		</trkpt>
		<trkpt lat="35.088875" lon="128.890071">
			<ele>0.00</ele>
			<time>2020-01-15T21:47:01.83Z</time>
		</trkpt>
		<trkpt lat="35.088874" lon="128.889976">
			<ele>0.00</ele>
			<time>2020-01-15T21:47:02.35Z</time>
		</trkpt>
		<trkpt lat="35.088877" lon="128.889885">
			<ele>0.00</ele>
			<time>2020-01-15T21:47:02.85Z</time>
		</trkpt>
		<trkpt lat="35.088880" lon="128.889775">
			<ele>0.00</ele>
			<time>2020-01-15T21:47:03.45Z</time>
		</trkpt>
		<trkpt lat="35.088880" lon="128.889675">
			<ele>0.00</ele>
			<time>2020-01-15T21:47:03.99Z</time>
		</trkpt>
		<trkpt lat="35.088879" lon="128.889584">
			<ele>0.00</ele>
			<time>2020-01-15T21:47:04.49Z</time>
		</trkpt>
		<trkpt lat="35.088879" lon="128.889487">
			<ele>0.00</ele>
			<time>2020-01-15T21:47:05.01Z</time>
		</trkpt>
		<trkpt lat="35.088881" lon="128.889389">
			<ele>0.00</ele>
			<time>2020-01-15T21:47:05.55Z</time>
		</trkpt>
		<trkpt lat="35.088880" lon="128.889308">
			<ele>0.00</ele>
			<time>2020-01-15T21:47:05.99Z</time>
		</trkpt>
		<trkpt lat="35.088879" lon="128.889214">
			<ele>0.00</ele>
			<time>2020-01-15T21:47:06.51Z</time>
		</trkpt>
		<trkpt lat="35.088880" lon="128.889126">
			<ele>0.00</ele>
			<time>2020-01-15T21:47:06.99Z</time>
		</trkpt>
		<trkpt lat="35.088880" lon="128.889037">
			<ele>0.00</ele>
			<time>2020-01-15T21:47:07.47Z</time>
		</trkpt>
		<trkpt lat="35.088878" lon="128.888952">
			<ele>0.00</ele>
			<time>2020-01-15T21:47:07.93Z</time>
		</trkpt>
		<trkpt lat="35.088878" lon="128.888861">
			<ele>0.00</ele>
			<time>2020-01-15T21:47:08.43Z</time>
		</trkpt>
		<trkpt lat="35.088877" lon="128.888763">
			<ele>0.00</ele>
			<time>2020-01-15T21:47:08.96Z</time>
		</trkpt>
		<trkpt lat="35.088877" lon="128.888679">
			<ele>0.00</ele>
			<time>2020-01-15T21:47:09.42Z</time>
		</trkpt>
		<trkpt lat="35.088879" lon="128.888591">
			<ele>0.00</ele>
			<time>2020-01-15T21:47:09.90Z</time>
		</trkpt>
		<trkpt lat="35.088881" lon="128.888505">
			<ele>0.00</ele>
			<time>2020-01-15T21:47:10.37Z</time>
		</trkpt>
		<trkpt lat="35.088881" lon="128.888417">
			<ele>0.00</ele>
			<time>2020-01-15T21:47:10.85Z</time>
		</trkpt>
		<trkpt lat="35.088880" lon="128.888340">
			<ele>0.00</ele>
			<time>2020-01-15T21:47:11.27Z</time>
		</trkpt>
		<trkpt lat="35.088880" lon="128.888254">
			<ele>0.00</ele>
			<time>2020-01-15T21:47:11.74Z</time>
		</trkpt>
		<trkpt lat="35.088881" lon="128.888145">
			<ele>0.00</ele>
			<time>2020-01-15T21:47:12.34Z</time>
		</trkpt>
		<trkpt lat="35.088878" lon="128.888044">
			<ele>0.00</ele>
			<time>2020-01-15T21:47:12.89Z</time>
		</trkpt>
		<trkpt lat="35.088879" lon="128.887977">
			<ele>0.00</ele>
			<time>2020-01-15T21:47:13.25Z</time>
		</trkpt>
		<trkpt lat="35.088880" lon="128.887889">
			<ele>0.00</ele>
			<time>2020-01-15T21:47:13.73Z</time>
		</trkpt>
		<trkpt lat="35.088877" lon="128.887815">
			<ele>0.00</ele>
			<time>2020-01-15T21:47:14.14Z</time>
		</trkpt>
		<trkpt lat="35.088877" lon="128.887719">
			<ele>0.00</ele>
			<time>2020-01-15T21:47:14.66Z</time>
		</trkpt>
		<trkpt lat="35.088875" lon="128.887632">
			<ele>0.00</ele>
			<time>2020-01-15T21:47:15.14Z</time>
		</trkpt>
		<trkpt lat="35.088875" lon="128.887549">
			<ele>0.00</ele>
			<time>2020-01-15T21:47:15.59Z</time>
		</trkpt>
		<trkpt lat="35.088874" lon="128.887463">
			<ele>0.00</ele>
			<time>2020-01-15T21:47:16.06Z</time>
		</trkpt>
		<trkpt lat="35.088879" lon="128.887394">
			<ele>0.00</ele>
			<time>2020-01-15T21:47:16.44Z</time>
		</trkpt>
		<trkpt lat="35.088882" lon="128.887300">
			<ele>0.00</ele>
			<time>2020-01-15T21:47:16.95Z</time>
		</trkpt>
		<trkpt lat="35.088878" lon="128.887215">
			<ele>0.00</ele>
			<time>2020-01-15T21:47:17.41Z</time>
		</trkpt>
		<trkpt lat="35.088881" lon="128.887147">
			<ele>0.00</ele>
			<time>2020-01-15T21:47:17.79Z</time>
		</trkpt>
		<trkpt lat="35.088877" lon="128.887063">
			<ele>0.00</ele>
			<time>2020-01-15T21:47:18.25Z</time>
		</trkpt>
		<trkpt lat="35.088875" lon="128.886988">
			<ele>0.00</ele>
			<time>2020-01-15T21:47:18.66Z</time>
		</trkpt>
		<trkpt lat="35.088870" lon="128.886883">
			<ele>0.00</ele>
			<time>2020-01-15T21:47:19.23Z</time>
		</trkpt>
		<trkpt lat="35.088867" lon="128.886806">
			<ele>0.00</ele>
			<time>2020-01-15T21:47:19.65Z</time>
		</trkpt>
		<trkpt lat="35.088864" lon="128.886731">
			<ele>0.00</ele>
			<time>2020-01-15T21:47:20.06Z</time>
		</trkpt>
		<trkpt lat="35.088860" lon="128.886639">
			<ele>0.00</ele>
			<time>2020-01-15T21:47:20.56Z</time>
		</trkpt>
		<trkpt lat="35.088861" lon="128.886537">
			<ele>0.00</ele>
			<time>2020-01-15T21:47:21.12Z</time>
		</trkpt>
		<trkpt lat="35.088838" lon="128.886519">
			<ele>0.00</ele>
			<time>2020-01-15T21:47:21.30Z</time>
		</trkpt>
		<trkpt lat="35.088811" lon="128.886505">
			<ele>0.00</ele>
			<time>2020-01-15T21:47:21.50Z</time>
		</trkpt>
		<trkpt lat="35.088804" lon="128.886455">
			<ele>0.00</ele>
			<time>2020-01-15T21:47:21.77Z</time>
		</trkpt>
		<trkpt lat="35.088806" lon="128.886388">
			<ele>0.00</ele>
			<time>2020-01-15T21:47:22.14Z</time>
		</trkpt>
		<trkpt lat="35.088819" lon="128.886368">
			<ele>0.00</ele>
			<time>2020-01-15T21:47:22.28Z</time>
		</trkpt>
		<trkpt lat="35.088860" lon="128.886337">
			<ele>0.00</ele>
			<time>2020-01-15T21:47:22.60Z</time>
		</trkpt>
		<trkpt lat="35.088869" lon="128.886291">
			<ele>0.00</ele>
			<time>2020-01-15T21:47:22.86Z</time>
		</trkpt>
		<trkpt lat="35.088864" lon="128.886187">
			<ele>0.00</ele>
			<time>2020-01-15T21:47:23.43Z</time>
		</trkpt>
		<trkpt lat="35.088866" lon="128.886102">
			<ele>0.00</ele>
			<time>2020-01-15T21:47:23.89Z</time>
		</trkpt>
		<trkpt lat="35.088866" lon="128.886011">
			<ele>0.00</ele>
			<time>2020-01-15T21:47:24.39Z</time>
		</trkpt>
		<trkpt lat="35.088863" lon="128.885914">
			<ele>0.00</ele>
			<time>2020-01-15T21:47:24.92Z</time>
		</trkpt>
		<trkpt lat="35.088869" lon="128.885814">
			<ele>0.00</ele>
			<time>2020-01-15T21:47:25.46Z</time>
		</trkpt>
		<trkpt lat="35.088858" lon="128.885710">
			<ele>0.00</ele>
			<time>2020-01-15T21:47:26.03Z</time>
		</trkpt>
		<trkpt lat="35.088838" lon="128.885624">
			<ele>0.00</ele>
			<time>2020-01-15T21:47:26.52Z</time>
		</trkpt>
		<trkpt lat="35.088807" lon="128.885510">
			<ele>0.00</ele>
			<time>2020-01-15T21:47:27.18Z</time>
		</trkpt>
		<trkpt lat="35.088845" lon="128.885454">
			<ele>0.00</ele>
			<time>2020-01-15T21:47:27.57Z</time>
		</trkpt>
		<trkpt lat="35.088873" lon="128.885428">
			<ele>0.00</ele>
			<time>2020-01-15T21:47:27.81Z</time>
		</trkpt>
		<trkpt lat="35.088872" lon="128.885325">
			<ele>0.00</ele>
			<time>2020-01-15T21:47:28.37Z</time>
		</trkpt>
		<trkpt lat="35.088868" lon="128.885223">
			<ele>0.00</ele>
			<time>2020-01-15T21:47:28.93Z</time>
		</trkpt>
		<trkpt lat="35.088865" lon="128.885138">
			<ele>0.00</ele>
			<time>2020-01-15T21:47:29.39Z</time>
		</trkpt>
		<trkpt lat="35.088864" lon="128.885038">
			<ele>0.00</ele>
			<time>2020-01-15T21:47:29.94Z</time>
		</trkpt>
		<trkpt lat="35.088862" lon="128.884939">
			<ele>0.00</ele>
			<time>2020-01-15T21:47:30.48Z</time>
		</trkpt>
		<trkpt lat="35.088862" lon="128.884847">
			<ele>0.00</ele>
			<time>2020-01-15T21:47:30.98Z</time>
		</trkpt>
		<trkpt lat="35.088862" lon="128.884744">
			<ele>0.00</ele>
			<time>2020-01-15T21:47:31.54Z</time>
		</trkpt>
		<trkpt lat="35.088865" lon="128.884614">
			<ele>0.00</ele>
			<time>2020-01-15T21:47:32.25Z</time>
		</trkpt>
		<trkpt lat="35.088868" lon="128.884471">
			<ele>0.00</ele>
			<time>2020-01-15T21:47:33.03Z</time>
		</trkpt>
		<trkpt lat="35.088866" lon="128.884307">
			<ele>0.00</ele>
			<time>2020-01-15T21:47:33.93Z</time>
		</trkpt>
		<trkpt lat="35.088870" lon="128.884239">
			<ele>0.00</ele>
			<time>2020-01-15T21:47:34.30Z</time>
		</trkpt>
		<trkpt lat="35.088841" lon="128.884183">
			<ele>0.00</ele>
			<time>2020-01-15T21:47:34.66Z</time>
		</trkpt>
		<trkpt lat="35.088794" lon="128.884142">
			<ele>0.00</ele>
			<time>2020-01-15T21:47:35.04Z</time>
		</trkpt>
		<trkpt lat="35.088765" lon="128.884109">
			<ele>0.00</ele>
			<time>2020-01-15T21:47:35.30Z</time>
		</trkpt>
		<trkpt lat="35.088767" lon="128.884043">
			<ele>0.00</ele>
			<time>2020-01-15T21:47:35.66Z</time>
		</trkpt>
		<trkpt lat="35.088789" lon="128.883952">
			<ele>0.00</ele>
			<time>2020-01-15T21:47:36.18Z</time>
		</trkpt>
		<trkpt lat="35.088807" lon="128.883883">
			<ele>0.00</ele>
			<time>2020-01-15T21:47:36.58Z</time>
		</trkpt>
		<trkpt lat="35.088822" lon="128.883834">
			<ele>0.00</ele>
			<time>2020-01-15T21:47:36.86Z</time>
		</trkpt>
		<trkpt lat="35.088844" lon="128.883774">
			<ele>0.00</ele>
			<time>2020-01-15T21:47:37.22Z</time>
		</trkpt>
		<trkpt lat="35.088851" lon="128.883655">
			<ele>0.00</ele>
			<time>2020-01-15T21:47:37.87Z</time>
		</trkpt>
		<trkpt lat="35.088848" lon="128.883562">
			<ele>0.00</ele>
			<time>2020-01-15T21:47:38.38Z</time>
		</trkpt>
		<trkpt lat="35.088856" lon="128.883466">
			<ele>0.00</ele>
			<time>2020-01-15T21:47:38.90Z</time>
		</trkpt>
		<trkpt lat="35.088853" lon="128.883370">
			<ele>0.00</ele>
			<time>2020-01-15T21:47:39.43Z</time>
		</trkpt>
		<trkpt lat="35.088855" lon="128.883275">
			<ele>0.00</ele>
			<time>2020-01-15T21:47:39.95Z</time>
		</trkpt>
		<trkpt lat="35.088855" lon="128.883183">
			<ele>0.00</ele>
			<time>2020-01-15T21:47:40.45Z</time>
		</trkpt>
		<trkpt lat="35.088858" lon="128.883075">
			<ele>0.00</ele>
			<time>2020-01-15T21:47:41.04Z</time>
		</trkpt>
		<trkpt lat="35.088853" lon="128.882965">
			<ele>0.00</ele>
			<time>2020-01-15T21:47:41.64Z</time>
		</trkpt>
		<trkpt lat="35.088859" lon="128.882864">
			<ele>0.00</ele>
			<time>2020-01-15T21:47:42.19Z</time>
		</trkpt>
		<trkpt lat="35.088860" lon="128.882776">
			<ele>0.00</ele>
			<time>2020-01-15T21:47:42.67Z</time>
		</trkpt>
		<trkpt lat="35.088862" lon="128.882664">
			<ele>0.00</ele>
			<time>2020-01-15T21:47:43.28Z</time>
		</trkpt>
		<trkpt lat="35.088860" lon="128.882579">
			<ele>0.00</ele>
			<time>2020-01-15T21:47:43.75Z</time>
		</trkpt>
		<trkpt lat="35.088863" lon="128.882483">
			<ele>0.00</ele>
			<time>2020-01-15T21:47:44.27Z</time>
		</trkpt>
		<trkpt lat="35.088865" lon="128.882386">
			<ele>0.00</ele>
			<time>2020-01-15T21:47:44.80Z</time>
		</trkpt>
		<trkpt lat="35.088863" lon="128.882276">
			<ele>0.00</ele>
			<time>2020-01-15T21:47:45.40Z</time>
		</trkpt>
		<trkpt lat="35.088848" lon="128.882184">
			<ele>0.00</ele>
			<time>2020-01-15T21:47:45.91Z</time>
		</trkpt>
		<trkpt lat="35.088827" lon="128.882148">
			<ele>0.00</ele>
			<time>2020-01-15T21:47:46.15Z</time>
		</trkpt>
		<trkpt lat="35.088771" lon="128.882096">
			<ele>0.00</ele>
			<time>2020-01-15T21:47:46.62Z</time>
		</trkpt>
		<trkpt lat="35.088743" lon="128.882077">
			<ele>0.00</ele>
			<time>2020-01-15T21:47:46.84Z</time>
		</trkpt>
		<trkpt lat="35.088635" lon="128.881988">
			<ele>0.00</ele>
			<time>2020-01-15T21:47:47.71Z</time>
		</trkpt>
		<trkpt lat="35.088088" lon="128.881991">
			<ele>0.00</ele>
			<time>2020-01-15T21:47:51.35Z</time>
		</trkpt>
		<trkpt lat="35.087378" lon="128.882021">
			<ele>0.00</ele>
			<time>2020-01-15T21:47:56.09Z</time>
		</trkpt>
		<trkpt lat="35.086761" lon="128.882040">
			<ele>0.00</ele>
			<time>2020-01-15T21:48:00.20Z</time>
		</trkpt>
		<trkpt lat="35.085233" lon="128.882049">
			<ele>0.00</ele>
			<time>2020-01-15T21:48:10.39Z</time>
		</trkpt>
		<trkpt lat="35.083961" lon="128.882074">
			<ele>0.00</ele>
			<time>2020-01-15T21:48:18.87Z</time>
		</trkpt>
		<trkpt lat="35.082716" lon="128.882069">
			<ele>0.00</ele>
			<time>2020-01-15T21:48:27.17Z</time>
		</trkpt>
		<trkpt lat="35.082258" lon="128.881954">
			<ele>0.00</ele>
			<time>2020-01-15T21:48:30.29Z</time>
		</trkpt>
		<trkpt lat="35.081822" lon="128.881686">
			<ele>0.00</ele>
			<time>2020-01-15T21:48:33.54Z</time>
		</trkpt>
		<trkpt lat="35.081700" lon="128.881586">
			<ele>0.00</ele>
			<time>2020-01-15T21:48:34.52Z</time>
		</trkpt>
		<trkpt lat="35.081487" lon="128.881214">
			<ele>0.00</ele>
			<time>2020-01-15T21:48:36.99Z</time>
		</trkpt>
		<trkpt lat="35.081394" lon="128.880962">
			<ele>0.00</ele>
			<time>2020-01-15T21:48:38.51Z</time>
		</trkpt>
		<trkpt lat="35.080546" lon="128.880960">
			<ele>0.00</ele>
			<time>2020-01-15T21:48:44.16Z</time>
		</trkpt>
		<trkpt lat="35.079852" lon="128.880956">
			<ele>0.00</ele>
			<time>2020-01-15T21:48:48.79Z</time>
		</trkpt>
		<trkpt lat="35.079709" lon="128.880937">
			<ele>0.00</ele>
			<time>2020-01-15T21:48:49.75Z</time>
		</trkpt>
		<trkpt lat="35.079731" lon="128.880236">
			<ele>0.00</ele>
			<time>2020-01-15T21:48:53.57Z</time>
		</trkpt>
		<trkpt lat="35.079928" lon="128.878639">
			<ele>0.00</ele>
			<time>2020-01-15T21:49:02.39Z</time>
		</trkpt>
		<trkpt lat="35.080079" lon="128.877515">
			<ele>0.00</ele>
			<time>2020-01-15T21:49:08.60Z</time>
		</trkpt>
		<trkpt lat="35.080264" lon="128.876244">
			<ele>0.00</ele>
			<time>2020-01-15T21:49:15.65Z</time>
		</trkpt>
		<trkpt lat="35.080414" lon="128.875434">
			<ele>0.00</ele>
			<time>2020-01-15T21:49:20.17Z</time>
		</trkpt>
		<trkpt lat="35.080487" lon="128.875062">
			<ele>0.00</ele>
			<time>2020-01-15T21:49:22.26Z</time>
		</trkpt>
		<trkpt lat="35.080451" lon="128.874716">
			<ele>0.00</ele>
			<time>2020-01-15T21:49:24.16Z</time>
		</trkpt>
		<trkpt lat="35.080349" lon="128.874474">
			<ele>0.00</ele>
			<time>2020-01-15T21:49:25.65Z</time>
		</trkpt>
		<trkpt lat="35.080267" lon="128.874293">
			<ele>0.00</ele>
			<time>2020-01-15T21:49:26.78Z</time>
		</trkpt>
		<trkpt lat="35.080387" lon="128.873562">
			<ele>0.00</ele>
			<time>2020-01-15T21:49:30.85Z</time>
		</trkpt>
		<trkpt lat="35.080527" lon="128.872836">
			<ele>0.00</ele>
			<time>2020-01-15T21:49:34.91Z</time>
		</trkpt>
		<trkpt lat="35.080675" lon="128.872162">
			<ele>0.00</ele>
			<time>2020-01-15T21:49:38.72Z</time>
		</trkpt>
		<trkpt lat="35.080729" lon="128.871920">
			<ele>0.00</ele>
			<time>2020-01-15T21:49:40.09Z</time>
		</trkpt>
		<trkpt lat="35.080796" lon="128.870877">
			<ele>0.00</ele>
			<time>2020-01-15T21:49:45.80Z</time>
		</trkpt>
		<trkpt lat="35.080833" lon="128.870361">
			<ele>0.00</ele>
			<time>2020-01-15T21:49:48.62Z</time>
		</trkpt>
		<trkpt lat="35.081222" lon="128.869620">
			<ele>0.00</ele>
			<time>2020-01-15T21:49:53.43Z</time>
		</trkpt>
		<trkpt lat="35.081559" lon="128.869131">
			<ele>0.00</ele>
			<time>2020-01-15T21:49:56.91Z</time>
		</trkpt>
		<trkpt lat="35.081768" lon="128.868964">
			<ele>0.00</ele>
			<time>2020-01-15T21:49:58.58Z</time>
		</trkpt>
		<trkpt lat="35.081842" lon="128.868933">
			<ele>0.00</ele>
			<time>2020-01-15T21:49:59.10Z</time>
		</trkpt>
		<trkpt lat="35.082143" lon="128.869073">
			<ele>0.00</ele>
			<time>2020-01-15T21:50:01.25Z</time>
		</trkpt>
		<trkpt lat="35.082580" lon="128.869399">
			<ele>0.00</ele>
			<time>2020-01-15T21:50:04.66Z</time>
		</trkpt>
		<trkpt lat="35.082979" lon="128.869699">
			<ele>0.00</ele>
			<time>2020-01-15T21:50:07.78Z</time>
		</trkpt>
		<trkpt lat="35.083264" lon="128.869933">
			<ele>0.00</ele>
			<time>2020-01-15T21:50:10.07Z</time>
		</trkpt>
		<trkpt lat="35.083324" lon="128.869986">
			<ele>0.00</ele>
			<time>2020-01-15T21:50:10.56Z</time>
		</trkpt>
		<trkpt lat="35.083601" lon="128.870027">
			<ele>0.00</ele>
			<time>2020-01-15T21:50:12.43Z</time>
		</trkpt>
		<trkpt lat="35.083759" lon="128.870178">
			<ele>0.00</ele>
			<time>2020-01-15T21:50:13.76Z</time>
		</trkpt>
		<trkpt lat="35.083938" lon="128.870525">
			<ele>0.00</ele>
			<time>2020-01-15T21:50:16Z</time>
		</trkpt>
		<trkpt lat="35.084033" lon="128.870803">
			<ele>0.00</ele>
			<time>2020-01-15T21:50:17.65Z</time>
		</trkpt>
		<trkpt lat="35.084078" lon="128.871077">
			<ele>0.00</ele>
			<time>2020-01-15T21:50:19.17Z</time>
		</trkpt>
		<trkpt lat="35.084050" lon="128.871269">
			<ele>0.00</ele>
			<time>2020-01-15T21:50:20.24Z</time>
		</trkpt>
		<trkpt lat="35.084019" lon="128.871411">
			<ele>0.00</ele>
			<time>2020-01-15T21:50:21.03Z</time>
		</trkpt>
		<trkpt lat="35.083927" lon="128.871401">
			<ele>0.00</ele>
			<time>2020-01-15T21:50:21.65Z</time>
		</trkpt>
		<trkpt lat="35.083851" lon="128.871328">
			<ele>0.00</ele>
			<time>2020-01-15T21:50:22.29Z</time>
		</trkpt>
		<trkpt lat="35.083851" lon="128.871323">
			<ele>0.00</ele>
			<time>2020-01-15T21:50:22.35Z</time>
		</trkpt>
		<trkpt lat="35.083847" lon="128.871304">
			<ele>0.00</ele>
			<time>2020-01-15T21:50:22.46Z</time>
		</trkpt>
		<trkpt lat="35.083839" lon="128.871270">
			<ele>0.00</ele>
			<time>2020-01-15T21:50:22.66Z</time>
		</trkpt>
		<trkpt lat="35.083795" lon="128.871216">
			<ele>0.00</ele>
			<time>2020-01-15T21:50:23.07Z</time>
		</trkpt>
		<trkpt lat="35.083616" lon="128.871231">
			<ele>0.00</ele>
			<time>2020-01-15T21:50:24.27Z</time>
		</trkpt>
		<trkpt lat="35.083377" lon="128.871270">
			<ele>0.00</ele>
			<time>2020-01-15T21:50:25.87Z</time>
		</trkpt>
		<trkpt lat="35.083266" lon="128.871305">
			<ele>0.00</ele>
			<time>2020-01-15T21:50:26.64Z</time>
		</trkpt>
		<trkpt lat="35.083106" lon="128.871427">
			<ele>0.00</ele>
			<time>2020-01-15T21:50:27.89Z</time>
		</trkpt>
		<trkpt lat="35.082923" lon="128.871670">
			<ele>0.00</ele>
			<time>2020-01-15T21:50:29.70Z</time>
		</trkpt>
		<trkpt lat="35.082765" lon="128.871879">
			<ele>0.00</ele>
			<time>2020-01-15T21:50:31.25Z</time>
		</trkpt>
		<trkpt lat="35.082719" lon="128.871942">
			<ele>0.00</ele>
			<time>2020-01-15T21:50:31.71Z</time>
		</trkpt>
		<trkpt lat="35.082645" lon="128.872298">
			<ele>0.00</ele>
			<time>2020-01-15T21:50:33.72Z</time>
		</trkpt>
		<trkpt lat="35.082671" lon="128.872601">
			<ele>0.00</ele>
			<time>2020-01-15T21:50:35.38Z</time>
		</trkpt>
		<trkpt lat="35.082684" lon="128.872752">
			<ele>0.00</ele>
			<time>2020-01-15T21:50:36.21Z</time>
		</trkpt>
		<trkpt lat="35.083234" lon="128.872811">
			<ele>0.00</ele>
			<time>2020-01-15T21:50:39.89Z</time>
		</trkpt>
		<trkpt lat="35.083995" lon="128.872838">
			<ele>0.00</ele>
			<time>2020-01-15T21:50:44.96Z</time>
		</trkpt>
		<trkpt lat="35.084529" lon="128.872877">
			<ele>0.00</ele>
			<time>2020-01-15T21:50:48.53Z</time>
		</trkpt>
		<trkpt lat="35.084906" lon="128.872869">
			<ele>0.00</ele>
			<time>2020-01-15T21:50:51.04Z</time>
		</trkpt>
		<trkpt lat="35.085514" lon="128.872853">
			<ele>0.00</ele>
			<time>2020-01-15T21:50:55.10Z</time>
		</trkpt>
		<trkpt lat="35.085618" lon="128.872853">
			<ele>0.00</ele>
			<time>2020-01-15T21:50:55.79Z</time>
		</trkpt>
		<trkpt lat="35.085623" lon="128.872474">
			<ele>0.00</ele>
			<time>2020-01-15T21:50:57.86Z</time>
		</trkpt>
		<trkpt lat="35.085623" lon="128.872462">
			<ele>0.00</ele>
			<time>2020-01-15T21:50:57.93Z</time>
		</trkpt>
		<trkpt lat="35.085602" lon="128.872006">
			<ele>0.00</ele>
			<time>2020-01-15T21:51:00.42Z</time>
		</trkpt>
		<trkpt lat="35.085597" lon="128.871638">
			<ele>0.00</ele>
			<time>2020-01-15T21:51:02.43Z</time>
		</trkpt>
		<trkpt lat="35.085830" lon="128.871686">
			<ele>0.00</ele>
			<time>2020-01-15T21:51:04Z</time>
		</trkpt>
		<trkpt lat="35.086326" lon="128.871819">
			<ele>0.00</ele>
			<time>2020-01-15T21:51:07.38Z</time>
		</trkpt>
		<trkpt lat="35.086597" lon="128.871848">
			<ele>0.00</ele>
			<time>2020-01-15T21:51:09.20Z</time>
		</trkpt>
		<trkpt lat="35.086769" lon="128.871853">
			<ele>0.00</ele>
			<time>2020-01-15T21:51:10.34Z</time>
		</trkpt>
		<trkpt lat="35.087109" lon="128.871684">
			<ele>0.00</ele>
			<time>2020-01-15T21:51:12.79Z</time>
		</trkpt>
		<trkpt lat="35.087564" lon="128.871475">
			<ele>0.00</ele>
			<time>2020-01-15T21:51:16.04Z</time>
		</trkpt>
		<trkpt lat="35.087549" lon="128.872112">
			<ele>0.00</ele>
			<time>2020-01-15T21:51:19.51Z</time>
		</trkpt>
		<trkpt lat="35.087556" lon="128.872542">
			<ele>0.00</ele>
			<time>2020-01-15T21:51:21.86Z</time>
		</trkpt>
		<trkpt lat="35.087564" lon="128.872795">
			<ele>0.00</ele>
			<time>2020-01-15T21:51:23.24Z</time>
		</trkpt>
		<trkpt lat="35.087631" lon="128.872896">
			<ele>0.00</ele>
			<time>2020-01-15T21:51:23.95Z</time>
		</trkpt>
		<trkpt lat="35.088274" lon="128.872894">
			<ele>0.00</ele>
			<time>2020-01-15T21:51:28.24Z</time>
		</trkpt>
		<trkpt lat="35.088671" lon="128.872854">
			<ele>0.00</ele>
			<time>2020-01-15T21:51:30.90Z</time>
		</trkpt>
		<trkpt lat="35.088755" lon="128.872843">
			<ele>0.00</ele>
			<time>2020-01-15T21:51:31.46Z</time>
		</trkpt>
		<trkpt lat="35.088798" lon="128.872814">
			<ele>0.00</ele>
			<time>2020-01-15T21:51:31.78Z</time>
		</trkpt>
		<trkpt lat="35.088845" lon="128.872755">
			<ele>0.00</ele>
			<time>2020-01-15T21:51:32.23Z</time>
		</trkpt>
		<trkpt lat="35.088856" lon="128.872679">
			<ele>0.00</ele>
			<time>2020-01-15T21:51:32.65Z</time>
		</trkpt>
		<trkpt lat="35.088857" lon="128.872589">
			<ele>0.00</ele>
			<time>2020-01-15T21:51:33.15Z</time>
		</trkpt>
		<trkpt lat="35.088852" lon="128.872463">
			<ele>0.00</ele>
			<time>2020-01-15T21:51:33.84Z</time>
		</trkpt>
		<trkpt lat="35.088855" lon="128.872363">
			<ele>0.00</ele>
			<time>2020-01-15T21:51:34.38Z</time>
		</trkpt>
		<trkpt lat="35.088855" lon="128.872239">
			<ele>0.00</ele>
			<time>2020-01-15T21:51:35.06Z</time>
		</trkpt>
		<trkpt lat="35.088856" lon="128.872140">
			<ele>0.00</ele>
			<time>2020-01-15T21:51:35.60Z</time>
		</trkpt>
		<trkpt lat="35.088865" lon="128.872008">
			<ele>0.00</ele>
			<time>2020-01-15T21:51:36.32Z</time>
		</trkpt>
		<trkpt lat="35.088863" lon="128.871923">
			<ele>0.00</ele>
			<time>2020-01-15T21:51:36.78Z</time>
		</trkpt>
		<trkpt lat="35.088864" lon="128.871813">
			<ele>0.00</ele>
			<time>2020-01-15T21:51:37.38Z</time>
		</trkpt>
		<trkpt lat="35.088864" lon="128.871687">
			<ele>0.00</ele>
			<time>2020-01-15T21:51:38.07Z</time>
		</trkpt>
		<trkpt lat="35.088871" lon="128.871584">
			<ele>0.00</ele>
			<time>2020-01-15T21:51:38.63Z</time>
		</trkpt>
		<trkpt lat="35.088868" lon="128.871486">
			<ele>0.00</ele>
			<time>2020-01-15T21:51:39.17Z</time>
		</trkpt>
		<trkpt lat="35.088868" lon="128.871365">
			<ele>0.00</ele>
			<time>2020-01-15T21:51:39.83Z</time>
		</trkpt>
		<trkpt lat="35.088873" lon="128.871239">
			<ele>0.00</ele>
			<time>2020-01-15T21:51:40.52Z</time>
		</trkpt>
		<trkpt lat="35.088870" lon="128.871095">
			<ele>0.00</ele>
			<time>2020-01-15T21:51:41.30Z</time>
		</trkpt>
		<trkpt lat="35.088873" lon="128.870986">
			<ele>0.00</ele>
			<time>2020-01-15T21:51:41.90Z</time>
		</trkpt>
		<trkpt lat="35.088873" lon="128.870901">
			<ele>0.00</ele>
			<time>2020-01-15T21:51:42.36Z</time>
		</trkpt>
		<trkpt lat="35.088873" lon="128.870791">
			<ele>0.00</ele>
			<time>2020-01-15T21:51:42.96Z</time>
		</trkpt>
		<trkpt lat="35.088868" lon="128.870690">
			<ele>0.00</ele>
			<time>2020-01-15T21:51:43.51Z</time>
		</trkpt>
		<trkpt lat="35.088862" lon="128.870611">
			<ele>0.00</ele>
			<time>2020-01-15T21:51:43.94Z</time>
		</trkpt>
		<trkpt lat="35.088781" lon="128.870606">
			<ele>0.00</ele>
			<time>2020-01-15T21:51:44.49Z</time>
		</trkpt>
		<trkpt lat="35.088680" lon="128.870597">
			<ele>0.00</ele>
			<time>2020-01-15T21:51:45.16Z</time>
		</trkpt>
		<trkpt lat="35.088571" lon="128.870601">
			<ele>0.00</ele>
			<time>2020-01-15T21:51:45.89Z</time>
		</trkpt>
		<trkpt lat="35.088480" lon="128.870607">
			<ele>0.00</ele>
			<time>2020-01-15T21:51:46.50Z</time>
		</trkpt>
		<trkpt lat="35.088383" lon="128.870611">
			<ele>0.00</ele>
			<time>2020-01-15T21:51:47.15Z</time>
		</trkpt>
		<trkpt lat="35.088275" lon="128.870613">
			<ele>0.00</ele>
			<time>2020-01-15T21:51:47.86Z</time>
		</trkpt>
		<trkpt lat="35.088196" lon="128.870620">
			<ele>0.00</ele>
			<time>2020-01-15T21:51:48.40Z</time>
		</trkpt>
		<trkpt lat="35.088121" lon="128.870622">
			<ele>0.00</ele>
			<time>2020-01-15T21:51:48.90Z</time>
		</trkpt>
		<trkpt lat="35.088025" lon="128.870622">
			<ele>0.00</ele>
			<time>2020-01-15T21:51:49.53Z</time>
		</trkpt>
		<trkpt lat="35.087936" lon="128.870626">
			<ele>0.00</ele>
			<time>2020-01-15T21:51:50.13Z</time>
		</trkpt>
		<trkpt lat="35.087850" lon="128.870624">
			<ele>0.00</ele>
			<time>2020-01-15T21:51:50.70Z</time>
		</trkpt>
		<trkpt lat="35.087752" lon="128.870630">
			<ele>0.00</ele>
			<time>2020-01-15T21:51:51.36Z</time>
		</trkpt>
		<trkpt lat="35.087661" lon="128.870624">
			<ele>0.00</ele>
			<time>2020-01-15T21:51:51.96Z</time>
		</trkpt>
		<trkpt lat="35.087570" lon="128.870626">
			<ele>0.00</ele>
			<time>2020-01-15T21:51:52.57Z</time>
		</trkpt>
		<trkpt lat="35.087468" lon="128.870623">
			<ele>0.00</ele>
			<time>2020-01-15T21:51:53.25Z</time>
		</trkpt>
		<trkpt lat="35.087374" lon="128.870623">
			<ele>0.00</ele>
			<time>2020-01-15T21:51:53.87Z</time>
		</trkpt>
		<trkpt lat="35.087289" lon="128.870623">
			<ele>0.00</ele>
			<time>2020-01-15T21:51:54.44Z</time>
		</trkpt>
		<trkpt lat="35.087200" lon="128.870619">
			<ele>0.00</ele>
			<time>2020-01-15T21:51:55.04Z</time>
		</trkpt>
		<trkpt lat="35.087096" lon="128.870619">
			<ele>0.00</ele>
			<time>2020-01-15T21:51:55.73Z</time>
		</trkpt>
		<trkpt lat="35.087003" lon="128.870621">
			<ele>0.00</ele>
			<time>2020-01-15T21:51:56.35Z</time>
		</trkpt>
		<trkpt lat="35.086913" lon="128.870627">
			<ele>0.00</ele>
			<time>2020-01-15T21:51:56.95Z</time>
		</trkpt>
		<trkpt lat="35.086840" lon="128.870623">
			<ele>0.00</ele>
			<time>2020-01-15T21:51:57.44Z</time>
		</trkpt>
		<trkpt lat="35.086758" lon="128.870623">
			<ele>0.00</ele>
			<time>2020-01-15T21:51:57.99Z</time>
		</trkpt>
		<trkpt lat="35.086681" lon="128.870630">
			<ele>0.00</ele>
			<time>2020-01-15T21:51:58.50Z</time>
		</trkpt>
		<trkpt lat="35.086576" lon="128.870629">
			<ele>0.00</ele>
			<time>2020-01-15T21:51:59.20Z</time>
		</trkpt>
		<trkpt lat="35.086483" lon="128.870634">
			<ele>0.00</ele>
			<time>2020-01-15T21:51:59.82Z</time>
		</trkpt>
		<trkpt lat="35.086396" lon="128.870634">
			<ele>0.00</ele>
			<time>2020-01-15T21:52:00.40Z</time>
		</trkpt>
		<trkpt lat="35.086306" lon="128.870633">
			<ele>0.00</ele>
			<time>2020-01-15T21:52:01Z</time>
		</trkpt>
		<trkpt lat="35.086222" lon="128.870629">
			<ele>0.00</ele>
			<time>2020-01-15T21:52:01.56Z</time>
		</trkpt>
		<trkpt lat="35.086127" lon="128.870626">
			<ele>0.00</ele>
			<time>2020-01-15T21:52:02.20Z</time>
		</trkpt>
		<trkpt lat="35.086034" lon="128.870629">
			<ele>0.00</ele>
			<time>2020-01-15T21:52:02.81Z</time>
		</trkpt>
		<trkpt lat="35.085950" lon="128.870626">
			<ele>0.00</ele>
			<time>2020-01-15T21:52:03.37Z</time>
		</trkpt>
		<trkpt lat="35.085862" lon="128.870631">
			<ele>0.00</ele>
			<time>2020-01-15T21:52:03.96Z</time>
		</trkpt>
		<trkpt lat="35.085772" lon="128.870635">
			<ele>0.00</ele>
			<time>2020-01-15T21:52:04.56Z</time>
		</trkpt>
		<trkpt lat="35.085684" lon="128.870637">
			<ele>0.00</ele>
			<time>2020-01-15T21:52:05.15Z</time>
		</trkpt>
		<trkpt lat="35.085597" lon="128.870642">
			<ele>0.00</ele>
			<time>2020-01-15T21:52:05.73Z</time>
		</trkpt>
		<trkpt lat="35.085505" lon="128.870639">
			<ele>0.00</ele>
			<time>2020-01-15T21:52:06.35Z</time>
		</trkpt>
		<trkpt lat="35.085434" lon="128.870644">
			<ele>0.00</ele>
			<time>2020-01-15T21:52:06.82Z</time>
		</trkpt>
		<trkpt lat="35.085362" lon="128.870639">
			<ele>0.00</ele>
			<time>2020-01-15T21:52:07.30Z</time>
		</trkpt>
		<trkpt lat="35.085279" lon="128.870640">
			<ele>0.00</ele>
			<time>2020-01-15T21:52:07.85Z</time>
		</trkpt>
		<trkpt lat="35.085198" lon="128.870644">
			<ele>0.00</ele>
			<time>2020-01-15T21:52:08.39Z</time>
		</trkpt>
		<trkpt lat="35.085153" lon="128.870590">
			<ele>0.00</ele>
			<time>2020-01-15T21:52:08.81Z</time>
		</trkpt>
		<trkpt lat="35.085100" lon="128.870515">
			<ele>0.00</ele>
			<time>2020-01-15T21:52:09.36Z</time>
		</trkpt>
		<trkpt lat="35.085030" lon="128.870425">
			<ele>0.00</ele>
			<time>2020-01-15T21:52:10.03Z</time>
		</trkpt>
		<trkpt lat="35.084988" lon="128.870360">
			<ele>0.00</ele>
			<time>2020-01-15T21:52:10.48Z</time>
		</trkpt>
		<trkpt lat="35.084933" lon="128.870284">
			<ele>0.00</ele>
			<time>2020-01-15T21:52:11.03Z</time>
		</trkpt>
		<trkpt lat="35.084884" lon="128.870211">
			<ele>0.00</ele>
			<time>2020-01-15T21:52:11.55Z</time>
		</trkpt>
		<trkpt lat="35.084828" lon="128.870140">
			<ele>0.00</ele>
			<time>2020-01-15T21:52:12.09Z</time>
		</trkpt>
		<trkpt lat="35.084766" lon="128.870045">
			<ele>0.00</ele>
			<time>2020-01-15T21:52:12.75Z</time>
		</trkpt>
		<trkpt lat="35.084718" lon="128.869975">
			<ele>0.00</ele>
			<time>2020-01-15T21:52:13.25Z</time>
		</trkpt>
		<trkpt lat="35.084668" lon="128.869908">
			<ele>0.00</ele>
			<time>2020-01-15T21:52:13.75Z</time>
		</trkpt>
		<trkpt lat="35.084614" lon="128.869818">
			<ele>0.00</ele>
			<time>2020-01-15T21:52:14.35Z</time>
		</trkpt>
		<trkpt lat="35.084549" lon="128.869733">
			<ele>0.00</ele>
			<time>2020-01-15T21:52:14.99Z</time>
		</trkpt>
		<trkpt lat="35.084484" lon="128.869641">
			<ele>0.00</ele>
			<time>2020-01-15T21:52:15.65Z</time>
		</trkpt>
		<trkpt lat="35.084421" lon="128.869551">
			<ele>0.00</ele>
			<time>2020-01-15T21:52:16.29Z</time>
		</trkpt>
		<trkpt lat="35.084368" lon="128.869482">
			<ele>0.00</ele>
			<time>2020-01-15T21:52:16.81Z</time>
		</trkpt>
		<trkpt lat="35.084311" lon="128.869410">
			<ele>0.00</ele>
			<time>2020-01-15T21:52:17.36Z</time>
		</trkpt>
		<trkpt lat="35.084258" lon="128.869339">
			<ele>0.00</ele>
			<time>2020-01-15T21:52:17.89Z</time>
		</trkpt>
		<trkpt lat="35.084198" lon="128.869268">
			<ele>0.00</ele>
			<time>2020-01-15T21:52:18.44Z</time>
		</trkpt>
		<trkpt lat="35.084154" lon="128.869203">
			<ele>0.00</ele>
			<time>2020-01-15T21:52:18.90Z</time>
		</trkpt>
		<trkpt lat="35.084106" lon="128.869137">
			<ele>0.00</ele>
			<time>2020-01-15T21:52:19.38Z</time>
		</trkpt>
		<trkpt lat="35.084062" lon="128.869077">
			<ele>0.00</ele>
			<time>2020-01-15T21:52:19.82Z</time>
		</trkpt>
		<trkpt lat="35.084019" lon="128.869018">
			<ele>0.00</ele>
			<time>2020-01-15T21:52:20.26Z</time>
		</trkpt>
		<trkpt lat="35.083959" lon="128.868943">
			<ele>0.00</ele>
			<time>2020-01-15T21:52:20.82Z</time>
		</trkpt>
		<trkpt lat="35.083912" lon="128.868880">
			<ele>0.00</ele>
			<time>2020-01-15T21:52:21.29Z</time>
		</trkpt>
		<trkpt lat="35.083857" lon="128.868800">
			<ele>0.00</ele>
			<time>2020-01-15T21:52:21.86Z</time>
		</trkpt>
		<trkpt lat="35.083794" lon="128.868723">
			<ele>0.00</ele>
			<time>2020-01-15T21:52:22.46Z</time>
		</trkpt>
		<trkpt lat="35.083748" lon="128.868662">
			<ele>0.00</ele>
			<time>2020-01-15T21:52:22.91Z</time>
		</trkpt>
		<trkpt lat="35.083691" lon="128.868576">
			<ele>0.00</ele>
			<time>2020-01-15T21:52:23.51Z</time>
		</trkpt>
		<trkpt lat="35.083640" lon="128.868512">
			<ele>0.00</ele>
			<time>2020-01-15T21:52:24Z</time>
		</trkpt>
		<trkpt lat="35.083593" lon="128.868453">
			<ele>0.00</ele>
			<time>2020-01-15T21:52:24.44Z</time>
		</trkpt>
		<trkpt lat="35.083527" lon="128.868366">
			<ele>0.00</ele>
			<time>2020-01-15T21:52:25.09Z</time>
		</trkpt>
		<trkpt lat="35.083475" lon="128.868276">
			<ele>0.00</ele>
			<time>2020-01-15T21:52:25.69Z</time>
		</trkpt>
		<trkpt lat="35.083436" lon="128.868203">
			<ele>0.00</ele>
			<time>2020-01-15T21:52:26.17Z</time>
		</trkpt>
		<trkpt lat="35.083414" lon="128.868104">
			<ele>0.00</ele>
			<time>2020-01-15T21:52:26.73Z</time>
		</trkpt>
		<trkpt lat="35.083414" lon="128.868000">
			<ele>0.00</ele>
			<time>2020-01-15T21:52:27.30Z</time>
		</trkpt>
		<trkpt lat="35.083413" lon="128.867882">
			<ele>0.00</ele>
			<time>2020-01-15T21:52:27.94Z</time>
		</trkpt>
		<trkpt lat="35.083410" lon="128.867750">
			<ele>0.00</ele>
			<time>2020-01-15T21:52:28.66Z</time>
		</trkpt>
		<trkpt lat="35.083409" lon="128.867613">
			<ele>0.00</ele>
			<time>2020-01-15T21:52:29.41Z</time>
		</trkpt>
		<trkpt lat="35.083405" lon="128.867483">
			<ele>0.00</ele>
			<time>2020-01-15T21:52:30.12Z</time>
		</trkpt>
		<trkpt lat="35.083410" lon="128.867391">
			<ele>0.00</ele>
			<time>2020-01-15T21:52:30.62Z</time>
		</trkpt>
		<trkpt lat="35.083416" lon="128.867315">
			<ele>0.00</ele>
			<time>2020-01-15T21:52:31.04Z</time>
		</trkpt>
		<trkpt lat="35.083417" lon="128.867228">
			<ele>0.00</ele>
			<time>2020-01-15T21:52:31.51Z</time>
		</trkpt>
		<trkpt lat="35.083415" lon="128.867145">
			<ele>0.00</ele>
			<time>2020-01-15T21:52:31.97Z</time>
		</trkpt>
		<trkpt lat="35.083410" lon="128.867058">
			<ele>0.00</ele>
			<time>2020-01-15T21:52:32.44Z</time>
		</trkpt>
		<trkpt lat="35.083413" lon="128.866982">
			<ele>0.00</ele>
			<time>2020-01-15T21:52:32.86Z</time>
		</trkpt>
		<trkpt lat="35.083410" lon="128.866907">
			<ele>0.00</ele>
			<time>2020-01-15T21:52:33.27Z</time>
		</trkpt>
		<trkpt lat="35.083414" lon="128.866809">
			<ele>0.00</ele>
			<time>2020-01-15T21:52:33.81Z</time>
		</trkpt>
		<trkpt lat="35.083414" lon="128.866709">
			<ele>0.00</ele>
			<time>2020-01-15T21:52:34.35Z</time>
		</trkpt>
		<trkpt lat="35.083411" lon="128.866627">
			<ele>0.00</ele>
			<time>2020-01-15T21:52:34.80Z</time>
		</trkpt>
		<trkpt lat="35.083410" lon="128.866555">
			<ele>0.00</ele>
			<time>2020-01-15T21:52:35.19Z</time>
		</trkpt>
		<trkpt lat="35.083410" lon="128.866488">
			<ele>0.00</ele>
			<time>2020-01-15T21:52:35.56Z</time>
		</trkpt>
		<trkpt lat="35.083410" lon="128.866423">
			<ele>0.00</ele>
			<time>2020-01-15T21:52:35.91Z</time>
		</trkpt>
		<trkpt lat="35.083402" lon="128.866348">
			<ele>0.00</ele>
			<time>2020-01-15T21:52:36.32Z</time>
		</trkpt>
		<trkpt lat="35.083407" lon="128.866257">
			<ele>0.00</ele>
			<time>2020-01-15T21:52:36.82Z</time>
		</trkpt>
		<trkpt lat="35.083412" lon="128.866170">
			<ele>0.00</ele>
			<time>2020-01-15T21:52:37.30Z</time>
		</trkpt>
		<trkpt lat="35.083441" lon="128.866049">
			<ele>0.00</ele>
			<time>2020-01-15T21:52:37.98Z</time>
		</trkpt>
		<trkpt lat="35.083465" lon="128.865960">
			<ele>0.00</ele>
			<time>2020-01-15T21:52:38.49Z</time>
		</trkpt>
		<trkpt lat="35.083482" lon="128.865880">
			<ele>0.00</ele>
			<time>2020-01-15T21:52:38.94Z</time>
		</trkpt>
		<trkpt lat="35.083490" lon="128.865825">
			<ele>0.00</ele>
			<time>2020-01-15T21:52:39.25Z</time>
		</trkpt>
		<trkpt lat="35.083494" lon="128.865749">
			<ele>0.00</ele>
			<time>2020-01-15T21:52:39.66Z</time>
		</trkpt>
		<trkpt lat="35.083492" lon="128.865678">
			<ele>0.00</ele>
			<time>2020-01-15T21:52:40.05Z</time>
		</trkpt>
		<trkpt lat="35.083483" lon="128.865606">
			<ele>0.00</ele>
			<time>2020-01-15T21:52:40.45Z</time>
		</trkpt>
		<trkpt lat="35.083467" lon="128.865524">
			<ele>0.00</ele>
			<time>2020-01-15T21:52:40.91Z</time>
		</trkpt>
		<trkpt lat="35.083452" lon="128.865451">
			<ele>0.00</ele>
			<time>2020-01-15T21:52:41.32Z</time>
		</trkpt>
		<trkpt lat="35.083433" lon="128.865386">
			<ele>0.00</ele>
			<time>2020-01-15T21:52:41.70Z</time>
		</trkpt>
		<trkpt lat="35.083406" lon="128.865309">
			<ele>0.00</ele>
			<time>2020-01-15T21:52:42.16Z</time>
		</trkpt>
		<trkpt lat="35.083407" lon="128.865236">
			<ele>0.00</ele>
			<time>2020-01-15T21:52:42.55Z</time>
		</trkpt>
		<trkpt lat="35.083408" lon="128.865146">
			<ele>0.00</ele>
			<time>2020-01-15T21:52:43.04Z</time>
		</trkpt>
		<trkpt lat="35.083409" lon="128.865054">
			<ele>0.00</ele>
			<time>2020-01-15T21:52:43.55Z</time>
		</trkpt>
		<trkpt lat="35.083405" lon="128.864965">
			<ele>0.00</ele>
			<time>2020-01-15T21:52:44.03Z</time>
		</trkpt>
		<trkpt lat="35.083403" lon="128.864853">
			<ele>0.00</ele>
			<time>2020-01-15T21:52:44.64Z</time>
		</trkpt>
		<trkpt lat="35.083400" lon="128.864742">
			<ele>0.00</ele>
			<time>2020-01-15T21:52:45.25Z</time>
		</trkpt>
		<trkpt lat="35.083396" lon="128.864641">
			<ele>0.00</ele>
			<time>2020-01-15T21:52:45.80Z</time>
		</trkpt>
		<trkpt lat="35.083398" lon="128.864541">
			<ele>0.00</ele>
			<time>2020-01-15T21:52:46.35Z</time>
		</trkpt>
		<trkpt lat="35.083396" lon="128.864441">
			<ele>0.00</ele>
			<time>2020-01-15T21:52:46.89Z</time>
		</trkpt>
		<trkpt lat="35.083395" lon="128.864329">
			<ele>0.00</ele>
			<time>2020-01-15T21:52:47.50Z</time>
		</trkpt>
		<trkpt lat="35.083397" lon="128.864203">
			<ele>0.00</ele>
			<time>2020-01-15T21:52:48.19Z</time>
		</trkpt>
		<trkpt lat="35.083398" lon="128.864099">
			<ele>0.00</ele>
			<time>2020-01-15T21:52:48.76Z</time>
		</trkpt>
		<trkpt lat="35.083401" lon="128.863997">
			<ele>0.00</ele>
			<time>2020-01-15T21:52:49.32Z</time>
		</trkpt>
		<trkpt lat="35.083400" lon="128.863885">
			<ele>0.00</ele>
			<time>2020-01-15T21:52:49.93Z</time>
		</trkpt>
		<trkpt lat="35.083400" lon="128.863777">
			<ele>0.00</ele>
			<time>2020-01-15T21:52:50.51Z</time>
		</trkpt>
		<trkpt lat="35.083401" lon="128.863673">
			<ele>0.00</ele>
			<time>2020-01-15T21:52:51.08Z</time>
		</trkpt>
		<trkpt lat="35.083398" lon="128.863576">
			<ele>0.00</ele>
			<time>2020-01-15T21:52:51.61Z</time>
		</trkpt>
		<trkpt lat="35.083399" lon="128.863474">
			<ele>0.00</ele>
			<time>2020-01-15T21:52:52.17Z</time>
		</trkpt>
		<trkpt lat="35.083395" lon="128.863382">
			<ele>0.00</ele>
			<time>2020-01-15T21:52:52.67Z</time>
		</trkpt>
		<trkpt lat="35.083397" lon="128.863278">
			<ele>0.00</ele>
			<time>2020-01-15T21:52:53.24Z</time>
		</trkpt>
		<trkpt lat="35.083396" lon="128.863168">
			<ele>0.00</ele>
			<time>2020-01-15T21:52:53.84Z</time>
		</trkpt>
		<trkpt lat="35.083396" lon="128.863070">
			<ele>0.00</ele>
			<time>2020-01-15T21:52:54.37Z</time>
		</trkpt>
		<trkpt lat="35.083395" lon="128.862978">
			<ele>0.00</ele>
			<time>2020-01-15T21:52:54.87Z</time>
		</trkpt>
		<trkpt lat="35.083395" lon="128.862894">
			<ele>0.00</ele>
			<time>2020-01-15T21:52:55.34Z</time>
		</trkpt>
		<trkpt lat="35.083395" lon="128.862788">
			<ele>0.00</ele>
			<time>2020-01-15T21:52:55.91Z</time>
		</trkpt>
		<trkpt lat="35.083395" lon="128.862686">
			<ele>0.00</ele>
			<time>2020-01-15T21:52:56.47Z</time>
		</trkpt>
		<trkpt lat="35.083404" lon="128.862602">
			<ele>0.00</ele>
			<time>2020-01-15T21:52:56.93Z</time>
		</trkpt>
		<trkpt lat="35.083408" lon="128.862536">
			<ele>0.00</ele>
			<time>2020-01-15T21:52:57.29Z</time>
		</trkpt>
		<trkpt lat="35.083436" lon="128.862422">
			<ele>0.00</ele>
			<time>2020-01-15T21:52:57.94Z</time>
		</trkpt>
		<trkpt lat="35.083457" lon="128.862343">
			<ele>0.00</ele>
			<time>2020-01-15T21:52:58.39Z</time>
		</trkpt>
		<trkpt lat="35.083470" lon="128.862275">
			<ele>0.00</ele>
			<time>2020-01-15T21:52:58.77Z</time>
		</trkpt>
		<trkpt lat="35.083491" lon="128.862199">
			<ele>0.00</ele>
			<time>2020-01-15T21:52:59.21Z</time>
		</trkpt>
		<trkpt lat="35.083497" lon="128.862129">
			<ele>0.00</ele>
			<time>2020-01-15T21:52:59.60Z</time>
		</trkpt>
		<trkpt lat="35.083497" lon="128.862058">
			<ele>0.00</ele>
			<time>2020-01-15T21:52:59.99Z</time>
		</trkpt>
		<trkpt lat="35.083487" lon="128.861966">
			<ele>0.00</ele>
			<time>2020-01-15T21:53:00.49Z</time>
		</trkpt>
		<trkpt lat="35.083461" lon="128.861874">
			<ele>0.00</ele>
			<time>2020-01-15T21:53:01.02Z</time>
		</trkpt>
		<trkpt lat="35.083424" lon="128.861780">
			<ele>0.00</ele>
			<time>2020-01-15T21:53:01.59Z</time>
		</trkpt>
		<trkpt lat="35.083402" lon="128.861699">
			<ele>0.00</ele>
			<time>2020-01-15T21:53:02.06Z</time>
		</trkpt>
		<trkpt lat="35.083371" lon="128.861621">
			<ele>0.00</ele>
			<time>2020-01-15T21:53:02.53Z</time>
		</trkpt>
		<trkpt lat="35.083354" lon="128.861544">
			<ele>0.00</ele>
			<time>2020-01-15T21:53:02.96Z</time>
		</trkpt>
		<trkpt lat="35.083348" lon="128.861464">
			<ele>0.00</ele>
			<time>2020-01-15T21:53:03.40Z</time>
		</trkpt>
		<trkpt lat="35.083347" lon="128.861364">
			<ele>0.00</ele>
			<time>2020-01-15T21:53:03.95Z</time>
		</trkpt>
		<trkpt lat="35.083345" lon="128.861254">
			<ele>0.00</ele>
			<time>2020-01-15T21:53:04.54Z</time>
		</trkpt>
		<trkpt lat="35.083350" lon="128.861141">
			<ele>0.00</ele>
			<time>2020-01-15T21:53:05.16Z</time>
		</trkpt>
		<trkpt lat="35.083350" lon="128.861029">
			<ele>0.00</ele>
			<time>2020-01-15T21:53:05.77Z</time>
		</trkpt>
		<trkpt lat="35.083352" lon="128.860928">
			<ele>0.00</ele>
			<time>2020-01-15T21:53:06.33Z</time>
		</trkpt>
		<trkpt lat="35.083354" lon="128.860831">
			<ele>0.00</ele>
			<time>2020-01-15T21:53:06.86Z</time>
		</trkpt>
		<trkpt lat="35.083351" lon="128.860709">
			<ele>0.00</ele>
			<time>2020-01-15T21:53:07.52Z</time>
		</trkpt>
		<trkpt lat="35.083349" lon="128.860614">
			<ele>0.00</ele>
			<time>2020-01-15T21:53:08.04Z</time>
		</trkpt>
		<trkpt lat="35.083351" lon="128.860528">
			<ele>0.00</ele>
			<time>2020-01-15T21:53:08.51Z</time>
		</trkpt>
		<trkpt lat="35.083352" lon="128.860426">
			<ele>0.00</ele>
			<time>2020-01-15T21:53:09.06Z</time>
		</trkpt>
		<trkpt lat="35.083353" lon="128.860325">
			<ele>0.00</ele>
			<time>2020-01-15T21:53:09.62Z</time>
		</trkpt>
		<trkpt lat="35.083355" lon="128.860222">
			<ele>0.00</ele>
			<time>2020-01-15T21:53:10.18Z</time>
		</trkpt>
		<trkpt lat="35.083351" lon="128.860134">
			<ele>0.00</ele>
			<time>2020-01-15T21:53:10.66Z</time>
		</trkpt>
		<trkpt lat="35.083351" lon="128.860039">
			<ele>0.00</ele>
			<time>2020-01-15T21:53:11.18Z</time>
		</trkpt>
		<trkpt lat="35.083354" lon="128.859966">
			<ele>0.00</ele>
			<time>2020-01-15T21:53:11.58Z</time>
		</trkpt>
		<trkpt lat="35.083356" lon="128.859865">
			<ele>0.00</ele>
			<time>2020-01-15T21:53:12.13Z</time>
		</trkpt>
		<trkpt lat="35.083353" lon="128.859760">
			<ele>0.00</ele>
			<time>2020-01-15T21:53:12.70Z</time>
		</trkpt>
		<trkpt lat="35.083350" lon="128.859686">
			<ele>0.00</ele>
			<time>2020-01-15T21:53:13.10Z</time>
		</trkpt>
		<trkpt lat="35.083353" lon="128.859616">
			<ele>0.00</ele>
			<time>2020-01-15T21:53:13.48Z</time>
		</trkpt>
		<trkpt lat="35.083375" lon="128.859537">
			<ele>0.00</ele>
			<time>2020-01-15T21:53:13.94Z</time>
		</trkpt>
		<trkpt lat="35.083401" lon="128.859465">
			<ele>0.00</ele>
			<time>2020-01-15T21:53:14.37Z</time>
		</trkpt>
		<trkpt lat="35.083426" lon="128.859401">
			<ele>0.00</ele>
			<time>2020-01-15T21:53:14.76Z</time>
		</trkpt>
		<trkpt lat="35.083450" lon="128.859334">
			<ele>0.00</ele>
			<time>2020-01-15T21:53:15.16Z</time>
		</trkpt>
		<trkpt lat="35.083474" lon="128.859260">
			<ele>0.00</ele>
			<time>2020-01-15T21:53:15.59Z</time>
		</trkpt>
		<trkpt lat="35.083488" lon="128.859197">
			<ele>0.00</ele>
			<time>2020-01-15T21:53:15.95Z</time>
		</trkpt>
		<trkpt lat="35.083486" lon="128.859130">
			<ele>0.00</ele>
			<time>2020-01-15T21:53:16.31Z</time>
		</trkpt>
		<trkpt lat="35.083472" lon="128.859045">
			<ele>0.00</ele>
			<time>2020-01-15T21:53:16.79Z</time>
		</trkpt>
		<trkpt lat="35.083443" lon="128.858962">
			<ele>0.00</ele>
			<time>2020-01-15T21:53:17.28Z</time>
		</trkpt>
		<trkpt lat="35.083410" lon="128.858889">
			<ele>0.00</ele>
			<time>2020-01-15T21:53:17.73Z</time>
		</trkpt>
		<trkpt lat="35.083382" lon="128.858825">
			<ele>0.00</ele>
			<time>2020-01-15T21:53:18.13Z</time>
		</trkpt>
		<trkpt lat="35.083354" lon="128.858764">
			<ele>0.00</ele>
			<time>2020-01-15T21:53:18.51Z</time>
		</trkpt>
		<trkpt lat="35.083348" lon="128.858703">
			<ele>0.00</ele>
			<time>2020-01-15T21:53:18.85Z</time>
		</trkpt>
		<trkpt lat="35.083353" lon="128.858582">
			<ele>0.00</ele>
			<time>2020-01-15T21:53:19.51Z</time>
		</trkpt>
		<trkpt lat="35.083353" lon="128.858477">
			<ele>0.00</ele>
			<time>2020-01-15T21:53:20.08Z</time>
		</trkpt>
		<trkpt lat="35.083347" lon="128.858383">
			<ele>0.00</ele>
			<time>2020-01-15T21:53:20.59Z</time>
		</trkpt>
		<trkpt lat="35.083348" lon="128.858271">
			<ele>0.00</ele>
			<time>2020-01-15T21:53:21.20Z</time>
		</trkpt>
		<trkpt lat="35.083348" lon="128.858170">
			<ele>0.00</ele>
			<time>2020-01-15T21:53:21.76Z</time>
		</trkpt>
		<trkpt lat="35.083350" lon="128.858078">
			<ele>0.00</ele>
			<time>2020-01-15T21:53:22.26Z</time>
		</trkpt>
		<trkpt lat="35.083350" lon="128.858002">
			<ele>0.00</ele>
			<time>2020-01-15T21:53:22.67Z</time>
		</trkpt>
		<trkpt lat="35.083350" lon="128.857911">
			<ele>0.00</ele>
			<time>2020-01-15T21:53:23.17Z</time>
		</trkpt>
		<trkpt lat="35.083351" lon="128.857825">
			<ele>0.00</ele>
			<time>2020-01-15T21:53:23.64Z</time>
		</trkpt>
		<trkpt lat="35.083351" lon="128.857727">
			<ele>0.00</ele>
			<time>2020-01-15T21:53:24.17Z</time>
		</trkpt>
		<trkpt lat="35.083348" lon="128.857670">
			<ele>0.00</ele>
			<time>2020-01-15T21:53:24.49Z</time>
		</trkpt>
		<trkpt lat="35.083352" lon="128.857569">
			<ele>0.00</ele>
			<time>2020-01-15T21:53:25.04Z</time>
		</trkpt>
		<trkpt lat="35.083354" lon="128.857517">
			<ele>0.00</ele>
			<time>2020-01-15T21:53:25.32Z</time>
		</trkpt>
		<trkpt lat="35.083380" lon="128.857454">
			<ele>0.00</ele>
			<time>2020-01-15T21:53:25.71Z</time>
		</trkpt>
		<trkpt lat="35.083405" lon="128.857383">
			<ele>0.00</ele>
			<time>2020-01-15T21:53:26.13Z</time>
		</trkpt>
		<trkpt lat="35.083442" lon="128.857315">
			<ele>0.00</ele>
			<time>2020-01-15T21:53:26.57Z</time>
		</trkpt>
		<trkpt lat="35.083465" lon="128.857254">
			<ele>0.00</ele>
			<time>2020-01-15T21:53:26.94Z</time>
		</trkpt>
		<trkpt lat="35.083478" lon="128.857180">
			<ele>0.00</ele>
			<time>2020-01-15T21:53:27.35Z</time>
		</trkpt>
		<trkpt lat="35.083481" lon="128.857086">
			<ele>0.00</ele>
			<time>2020-01-15T21:53:27.87Z</time>
		</trkpt>
		<trkpt lat="35.083478" lon="128.857027">
			<ele>0.00</ele>
			<time>2020-01-15T21:53:28.19Z</time>
		</trkpt>
		<trkpt lat="35.083459" lon="128.856969">
			<ele>0.00</ele>
			<time>2020-01-15T21:53:28.53Z</time>
		</trkpt>
		<trkpt lat="35.083437" lon="128.856908">
			<ele>0.00</ele>
			<time>2020-01-15T21:53:28.90Z</time>
		</trkpt>
		<trkpt lat="35.083410" lon="128.856854">
			<ele>0.00</ele>
			<time>2020-01-15T21:53:29.24Z</time>
		</trkpt>
		<trkpt lat="35.083381" lon="128.856784">
			<ele>0.00</ele>
			<time>2020-01-15T21:53:29.67Z</time>
		</trkpt>
		<trkpt lat="35.083357" lon="128.856710">
			<ele>0.00</ele>
			<time>2020-01-15T21:53:30.10Z</time>
		</trkpt>
		<trkpt lat="35.083357" lon="128.856615">
			<ele>0.00</ele>
			<time>2020-01-15T21:53:30.62Z</time>
		</trkpt>
		<trkpt lat="35.083356" lon="128.856509">
			<ele>0.00</ele>
			<time>2020-01-15T21:53:31.20Z</time>
		</trkpt>
		<trkpt lat="35.083356" lon="128.856421">
			<ele>0.00</ele>
			<time>2020-01-15T21:53:31.67Z</time>
		</trkpt>
		<trkpt lat="35.083353" lon="128.856330">
			<ele>0.00</ele>
			<time>2020-01-15T21:53:32.17Z</time>
		</trkpt>
		<trkpt lat="35.083356" lon="128.856237">
			<ele>0.00</ele>
			<time>2020-01-15T21:53:32.68Z</time>
		</trkpt>
		<trkpt lat="35.083356" lon="128.856233">
			<ele>0.00</ele>
			<time>2020-01-15T21:53:32.74Z</time>
		</trkpt>
		<trkpt lat="35.083357" lon="128.856125">
			<ele>0.00</ele>
			<time>2020-01-15T21:53:33.33Z</time>
		</trkpt>
		<trkpt lat="35.083356" lon="128.856024">
			<ele>0.00</ele>
			<time>2020-01-15T21:53:33.88Z</time>
		</trkpt>
		<trkpt lat="35.083359" lon="128.855897">
			<ele>0.00</ele>
			<time>2020-01-15T21:53:34.57Z</time>
		</trkpt>
		<trkpt lat="35.083357" lon="128.855796">
			<ele>0.00</ele>
			<time>2020-01-15T21:53:35.13Z</time>
		</trkpt>
		<trkpt lat="35.083353" lon="128.855691">
			<ele>0.00</ele>
			<time>2020-01-15T21:53:35.70Z</time>
		</trkpt>
		<trkpt lat="35.083352" lon="128.855601">
			<ele>0.00</ele>
			<time>2020-01-15T21:53:36.19Z</time>
		</trkpt>
		<trkpt lat="35.083352" lon="128.855510">
			<ele>0.00</ele>
			<time>2020-01-15T21:53:36.69Z</time>
		</trkpt>
		<trkpt lat="35.083349" lon="128.855421">
			<ele>0.00</ele>
			<time>2020-01-15T21:53:37.18Z</time>
		</trkpt>
		<trkpt lat="35.083349" lon="128.855326">
			<ele>0.00</ele>
			<time>2020-01-15T21:53:37.69Z</time>
		</trkpt>
		<trkpt lat="35.083352" lon="128.855241">
			<ele>0.00</ele>
			<time>2020-01-15T21:53:38.15Z</time>
		</trkpt>
		<trkpt lat="35.083352" lon="128.855141">
			<ele>0.00</ele>
			<time>2020-01-15T21:53:38.70Z</time>
		</trkpt>
		<trkpt lat="35.083353" lon="128.855049">
			<ele>0.00</ele>
			<time>2020-01-15T21:53:39.20Z</time>
		</trkpt>
		<trkpt lat="35.083353" lon="128.854952">
			<ele>0.00</ele>
			<time>2020-01-15T21:53:39.73Z</time>
		</trkpt>
		<trkpt lat="35.083354" lon="128.854846">
			<ele>0.00</ele>
			<time>2020-01-15T21:53:40.31Z</time>
		</trkpt>
		<trkpt lat="35.083358" lon="128.854741">
			<ele>0.00</ele>
			<time>2020-01-15T21:53:40.89Z</time>
		</trkpt>
		<trkpt lat="35.083358" lon="128.854656">
			<ele>0.00</ele>
			<time>2020-01-15T21:53:41.35Z</time>
		</trkpt>
		<trkpt lat="35.083358" lon="128.854649">
			<ele>0.00</ele>
			<time>2020-01-15T21:53:41.41Z</time>
		</trkpt>
		<trkpt lat="35.083360" lon="128.854567">
			<ele>0.00</ele>
			<time>2020-01-15T21:53:41.86Z</time>
		</trkpt>
		<trkpt lat="35.083370" lon="128.854467">
			<ele>0.00</ele>
			<time>2020-01-15T21:53:42.41Z</time>
		</trkpt>
		<trkpt lat="35.083400" lon="128.854376">
			<ele>0.00</ele>
			<time>2020-01-15T21:53:42.94Z</time>
		</trkpt>
		<trkpt lat="35.083403" lon="128.854307">
			<ele>0.00</ele>
			<time>2020-01-15T21:53:43.32Z</time>
		</trkpt>
		<trkpt lat="35.083404" lon="128.854214">
			<ele>0.00</ele>
			<time>2020-01-15T21:53:43.82Z</time>
		</trkpt>
		<trkpt lat="35.083406" lon="128.854122">
			<ele>0.00</ele>
			<time>2020-01-15T21:53:44.33Z</time>
		</trkpt>
		<trkpt lat="35.083407" lon="128.854029">
			<ele>0.00</ele>
			<time>2020-01-15T21:53:44.83Z</time>
		</trkpt>
		<trkpt lat="35.083403" lon="128.853929">
			<ele>0.00</ele>
			<time>2020-01-15T21:53:45.38Z</time>
		</trkpt>
		<trkpt lat="35.083404" lon="128.853819">
			<ele>0.00</ele>
			<time>2020-01-15T21:53:45.98Z</time>
		</trkpt>
		<trkpt lat="35.083399" lon="128.853719">
			<ele>0.00</ele>
			<time>2020-01-15T21:53:46.53Z</time>
		</trkpt>
		<trkpt lat="35.083397" lon="128.853611">
			<ele>0.00</ele>
			<time>2020-01-15T21:53:47.12Z</time>
		</trkpt>
		<trkpt lat="35.083395" lon="128.853518">
			<ele>0.00</ele>
			<time>2020-01-15T21:53:47.63Z</time>
		</trkpt>
		<trkpt lat="35.083395" lon="128.853437">
			<ele>0.00</ele>
			<time>2020-01-15T21:53:48.07Z</time>
		</trkpt>
		<trkpt lat="35.083396" lon="128.853332">
			<ele>0.00</ele>
			<time>2020-01-15T21:53:48.64Z</time>
		</trkpt>
		<trkpt lat="35.083395" lon="128.853267">
			<ele>0.00</ele>
			<time>2020-01-15T21:53:49Z</time>
		</trkpt>
		<trkpt lat="35.083397" lon="128.853190">
			<ele>0.00</ele>
			<time>2020-01-15T21:53:49.41Z</time>
		</trkpt>
		<trkpt lat="35.083395" lon="128.853137">
			<ele>0.00</ele>
			<time>2020-01-15T21:53:49.71Z</time>
		</trkpt>
		<trkpt lat="35.083421" lon="128.853052">
			<ele>0.00</ele>
			<time>2020-01-15T21:53:50.20Z</time>
		</trkpt>
		<trkpt lat="35.083443" lon="128.852974">
			<ele>0.00</ele>
			<time>2020-01-15T21:53:50.65Z</time>
		</trkpt>
		<trkpt lat="35.083466" lon="128.852883">
			<ele>0.00</ele>
			<time>2020-01-15T21:53:51.17Z</time>
		</trkpt>
		<trkpt lat="35.083477" lon="128.852793">
			<ele>0.00</ele>
			<time>2020-01-15T21:53:51.66Z</time>
		</trkpt>
		<trkpt lat="35.083481" lon="128.852707">
			<ele>0.00</ele>
			<time>2020-01-15T21:53:52.13Z</time>
		</trkpt>
		<trkpt lat="35.083475" lon="128.852604">
			<ele>0.00</ele>
			<time>2020-01-15T21:53:52.70Z</time>
		</trkpt>
		<trkpt lat="35.083456" lon="128.852515">
			<ele>0.00</ele>
			<time>2020-01-15T21:53:53.20Z</time>
		</trkpt>
		<trkpt lat="35.083437" lon="128.852419">
			<ele>0.00</ele>
			<time>2020-01-15T21:53:53.74Z</time>
		</trkpt>
		<trkpt lat="35.083416" lon="128.852340">
			<ele>0.00</ele>
			<time>2020-01-15T21:53:54.19Z</time>
		</trkpt>
		<trkpt lat="35.083401" lon="128.852265">
			<ele>0.00</ele>
			<time>2020-01-15T21:53:54.61Z</time>
		</trkpt>
		<trkpt lat="35.083400" lon="128.852143">
			<ele>0.00</ele>
			<time>2020-01-15T21:53:55.28Z</time>
		</trkpt>
		<trkpt lat="35.083400" lon="128.852036">
			<ele>0.00</ele>
			<time>2020-01-15T21:53:55.86Z</time>
		</trkpt>
		<trkpt lat="35.083401" lon="128.851921">
			<ele>0.00</ele>
			<time>2020-01-15T21:53:56.49Z</time>
		</trkpt>
		<trkpt lat="35.083398" lon="128.851818">
			<ele>0.00</ele>
			<time>2020-01-15T21:53:57.05Z</time>
		</trkpt>
		<trkpt lat="35.083395" lon="128.851711">
			<ele>0.00</ele>
			<time>2020-01-15T21:53:57.63Z</time>
		</trkpt>
		<trkpt lat="35.083389" lon="128.851588">
			<ele>0.00</ele>
			<time>2020-01-15T21:53:58.31Z</time>
		</trkpt>
		<trkpt lat="35.083391" lon="128.851500">
			<ele>0.00</ele>
			<time>2020-01-15T21:53:58.79Z</time>
		</trkpt>
		<trkpt lat="35.083388" lon="128.851383">
			<ele>0.00</ele>
			<time>2020-01-15T21:53:59.42Z</time>
		</trkpt>
		<trkpt lat="35.083387" lon="128.851275">
			<ele>0.00</ele>
			<time>2020-01-15T21:54:00.02Z</time>
		</trkpt>
		<trkpt lat="35.083389" lon="128.851177">
			<ele>0.00</ele>
			<time>2020-01-15T21:54:00.55Z</time>
		</trkpt>
		<trkpt lat="35.083387" lon="128.851087">
			<ele>0.00</ele>
			<time>2020-01-15T21:54:01.04Z</time>
		</trkpt>
		<trkpt lat="35.083386" lon="128.850989">
			<ele>0.00</ele>
			<time>2020-01-15T21:54:01.57Z</time>
		</trkpt>
		<trkpt lat="35.083384" lon="128.850888">
			<ele>0.00</ele>
			<time>2020-01-15T21:54:02.13Z</time>
		</trkpt>
		<trkpt lat="35.083382" lon="128.850790">
			<ele>0.00</ele>
			<time>2020-01-15T21:54:02.66Z</time>
		</trkpt>
		<trkpt lat="35.083382" lon="128.850690">
			<ele>0.00</ele>
			<time>2020-01-15T21:54:03.21Z</time>
		</trkpt>
		<trkpt lat="35.083388" lon="128.850573">
			<ele>0.00</ele>
			<time>2020-01-15T21:54:03.85Z</time>
		</trkpt>
		<trkpt lat="35.083388" lon="128.850476">
			<ele>0.00</ele>
			<time>2020-01-15T21:54:04.37Z</time>
		</trkpt>
		<trkpt lat="35.083386" lon="128.850383">
			<ele>0.00</ele>
			<time>2020-01-15T21:54:04.88Z</time>
		</trkpt>
		<trkpt lat="35.083386" lon="128.850288">
			<ele>0.00</ele>
			<time>2020-01-15T21:54:05.40Z</time>
		</trkpt>
		<trkpt lat="35.083386" lon="128.850205">
			<ele>0.00</ele>
			<time>2020-01-15T21:54:05.86Z</time>
		</trkpt>
		<trkpt lat="35.083385" lon="128.850141">
			<ele>0.00</ele>
			<time>2020-01-15T21:54:06.20Z</time>
		</trkpt>
		<trkpt lat="35.083381" lon="128.850033">
			<ele>0.00</ele>
			<time>2020-01-15T21:54:06.79Z</time>
		</trkpt>
		<trkpt lat="35.083386" lon="128.849918">
			<ele>0.00</ele>
			<time>2020-01-15T21:54:07.42Z</time>
		</trkpt>
		<trkpt lat="35.083385" lon="128.849815">
			<ele>0.00</ele>
			<time>2020-01-15T21:54:07.99Z</time>
		</trkpt>
		<trkpt lat="35.083383" lon="128.849750">
			<ele>0.00</ele>
			<time>2020-01-15T21:54:08.34Z</time>
		</trkpt>
		<trkpt lat="35.083391" lon="128.849646">
			<ele>0.00</ele>
			<time>2020-01-15T21:54:08.91Z</time>
		</trkpt>
		<trkpt lat="35.083423" lon="128.849541">
			<ele>0.00</ele>
			<time>2020-01-15T21:54:09.52Z</time>
		</trkpt>
		<trkpt lat="35.083453" lon="128.849443">
			<ele>0.00</ele>
			<time>2020-01-15T21:54:10.09Z</time>
		</trkpt>
		<trkpt lat="35.083467" lon="128.849354">
			<ele>0.00</ele>
			<time>2020-01-15T21:54:10.58Z</time>
		</trkpt>
		<trkpt lat="35.083470" lon="128.849238">
			<ele>0.00</ele>
			<time>2020-01-15T21:54:11.22Z</time>
		</trkpt>
		<trkpt lat="35.083468" lon="128.849125">
			<ele>0.00</ele>
			<time>2020-01-15T21:54:11.83Z</time>
		</trkpt>
		<trkpt lat="35.083464" lon="128.849013">
			<ele>0.00</ele>
			<time>2020-01-15T21:54:12.45Z</time>
		</trkpt>
		<trkpt lat="35.083468" lon="128.848911">
			<ele>0.00</ele>
			<time>2020-01-15T21:54:13Z</time>
		</trkpt>
		<trkpt lat="35.083464" lon="128.848799">
			<ele>0.00</ele>
			<time>2020-01-15T21:54:13.62Z</time>
		</trkpt>
		<trkpt lat="35.083438" lon="128.848708">
			<ele>0.00</ele>
			<time>2020-01-15T21:54:14.14Z</time>
		</trkpt>
		<trkpt lat="35.083416" lon="128.848605">
			<ele>0.00</ele>
			<time>2020-01-15T21:54:14.72Z</time>
		</trkpt>
		<trkpt lat="35.083399" lon="128.848530">
			<ele>0.00</ele>
			<time>2020-01-15T21:54:15.15Z</time>
		</trkpt>
		<trkpt lat="35.083378" lon="128.848480">
			<ele>0.00</ele>
			<time>2020-01-15T21:54:15.45Z</time>
		</trkpt>
		<trkpt lat="35.083373" lon="128.848373">
			<ele>0.00</ele>
			<time>2020-01-15T21:54:16.03Z</time>
		</trkpt>
		<trkpt lat="35.083371" lon="128.848263">
			<ele>0.00</ele>
			<time>2020-01-15T21:54:16.63Z</time>
		</trkpt>
		<trkpt lat="35.083370" lon="128.848173">
			<ele>0.00</ele>
			<time>2020-01-15T21:54:17.12Z</time>
		</trkpt>
		<trkpt lat="35.083370" lon="128.848075">
			<ele>0.00</ele>
			<time>2020-01-15T21:54:17.66Z</time>
		</trkpt>
		<trkpt lat="35.083377" lon="128.847947">
			<ele>0.00</ele>
			<time>2020-01-15T21:54:18.36Z</time>
		</trkpt>
		<trkpt lat="35.083374" lon="128.847852">
			<ele>0.00</ele>
			<time>2020-01-15T21:54:18.88Z</time>
		</trkpt>
		<trkpt lat="35.083372" lon="128.847785">
			<ele>0.00</ele>
			<time>2020-01-15T21:54:19.25Z</time>
		</trkpt>
		<trkpt lat="35.083378" lon="128.847674">
			<ele>0.00</ele>
			<time>2020-01-15T21:54:19.85Z</time>
		</trkpt>
		<trkpt lat="35.083379" lon="128.847573">
			<ele>0.00</ele>
			<time>2020-01-15T21:54:20.40Z</time>
		</trkpt>
		<trkpt lat="35.083375" lon="128.847464">
			<ele>0.00</ele>
			<time>2020-01-15T21:54:21Z</time>
		</trkpt>
		<trkpt lat="35.083380" lon="128.847341">
			<ele>0.00</ele>
			<time>2020-01-15T21:54:21.67Z</time>
		</trkpt>
		<trkpt lat="35.083382" lon="128.847224">
			<ele>0.00</ele>
			<time>2020-01-15T21:54:22.31Z</time>
		</trkpt>
		<trkpt lat="35.083379" lon="128.847132">
			<ele>0.00</ele>
			<time>2020-01-15T21:54:22.81Z</time>
		</trkpt>
		<trkpt lat="35.083381" lon="128.847024">
			<ele>0.00</ele>
			<time>2020-01-15T21:54:23.40Z</time>
		</trkpt>
		<trkpt lat="35.083377" lon="128.846904">
			<ele>0.00</ele>
			<time>2020-01-15T21:54:24.05Z</time>
		</trkpt>
		<trkpt lat="35.083379" lon="128.846801">
			<ele>0.00</ele>
			<time>2020-01-15T21:54:24.62Z</time>
		</trkpt>
		<trkpt lat="35.083380" lon="128.846676">
			<ele>0.00</ele>
			<time>2020-01-15T21:54:25.30Z</time>
		</trkpt>
		<trkpt lat="35.083383" lon="128.846582">
			<ele>0.00</ele>
			<time>2020-01-15T21:54:25.81Z</time>
		</trkpt>
		<trkpt lat="35.083380" lon="128.846521">
			<ele>0.00</ele>
			<time>2020-01-15T21:54:26.15Z</time>
		</trkpt>
		<trkpt lat="35.083393" lon="128.846437">
			<ele>0.00</ele>
			<time>2020-01-15T21:54:26.61Z</time>
		</trkpt>
		<trkpt lat="35.083416" lon="128.846359">
			<ele>0.00</ele>
			<time>2020-01-15T21:54:27.07Z</time>
		</trkpt>
		<trkpt lat="35.083434" lon="128.846296">
			<ele>0.00</ele>
			<time>2020-01-15T21:54:27.43Z</time>
		</trkpt>
		<trkpt lat="35.083446" lon="128.846226">
			<ele>0.00</ele>
			<time>2020-01-15T21:54:27.82Z</time>
		</trkpt>
		<trkpt lat="35.083454" lon="128.846119">
			<ele>0.00</ele>
			<time>2020-01-15T21:54:28.40Z</time>
		</trkpt>
		<trkpt lat="35.083459" lon="128.846039">
			<ele>0.00</ele>
			<time>2020-01-15T21:54:28.84Z</time>
		</trkpt>
		<trkpt lat="35.083459" lon="128.845971">
			<ele>0.00</ele>
			<time>2020-01-15T21:54:29.21Z</time>
		</trkpt>
		<trkpt lat="35.083446" lon="128.845889">
			<ele>0.00</ele>
			<time>2020-01-15T21:54:29.67Z</time>
		</trkpt>
		<trkpt lat="35.083430" lon="128.845800">
			<ele>0.00</ele>
			<time>2020-01-15T21:54:30.16Z</time>
		</trkpt>
		<trkpt lat="35.083405" lon="128.845722">
			<ele>0.00</ele>
			<time>2020-01-15T21:54:30.62Z</time>
		</trkpt>
		<trkpt lat="35.083391" lon="128.845644">
			<ele>0.00</ele>
			<time>2020-01-15T21:54:31.06Z</time>
		</trkpt>
		<trkpt lat="35.083388" lon="128.845524">
			<ele>0.00</ele>
			<time>2020-01-15T21:54:31.71Z</time>
		</trkpt>
		<trkpt lat="35.083385" lon="128.845432">
			<ele>0.00</ele>
			<time>2020-01-15T21:54:32.21Z</time>
		</trkpt>
		<trkpt lat="35.083387" lon="128.845329">
			<ele>0.00</ele>
			<time>2020-01-15T21:54:32.77Z</time>
		</trkpt>
		<trkpt lat="35.083382" lon="128.845230">
			<ele>0.00</ele>
			<time>2020-01-15T21:54:33.32Z</time>
		</trkpt>
		<trkpt lat="35.083385" lon="128.845103">
			<ele>0.00</ele>
			<time>2020-01-15T21:54:34.01Z</time>
		</trkpt>
		<trkpt lat="35.083386" lon="128.844981">
			<ele>0.00</ele>
			<time>2020-01-15T21:54:34.67Z</time>
		</trkpt>
		<trkpt lat="35.083386" lon="128.844860">
			<ele>0.00</ele>
			<time>2020-01-15T21:54:35.34Z</time>
		</trkpt>
		<trkpt lat="35.083386" lon="128.844747">
			<ele>0.00</ele>
			<time>2020-01-15T21:54:35.95Z</time>
		</trkpt>
		<trkpt lat="35.083384" lon="128.844634">
			<ele>0.00</ele>
			<time>2020-01-15T21:54:36.57Z</time>
		</trkpt>
		<trkpt lat="35.083387" lon="128.844527">
			<ele>0.00</ele>
			<time>2020-01-15T21:54:37.15Z</time>
		</trkpt>
		<trkpt lat="35.083390" lon="128.844437">
			<ele>0.00</ele>
			<time>2020-01-15T21:54:37.64Z</time>
		</trkpt>
		<trkpt lat="35.083390" lon="128.844324">
			<ele>0.00</ele>
			<time>2020-01-15T21:54:38.26Z</time>
		</trkpt>
		<trkpt lat="35.083387" lon="128.844216">
			<ele>0.00</ele>
			<time>2020-01-15T21:54:38.85Z</time>
		</trkpt>
		<trkpt lat="35.083390" lon="128.844090">
			<ele>0.00</ele>
			<time>2020-01-15T21:54:39.54Z</time>
		</trkpt>
		<trkpt lat="35.083392" lon="128.843977">
			<ele>0.00</ele>
			<time>2020-01-15T21:54:40.15Z</time>
		</trkpt>
		<trkpt lat="35.083390" lon="128.843885">
			<ele>0.00</ele>
			<time>2020-01-15T21:54:40.66Z</time>
		</trkpt>
		<trkpt lat="35.083395" lon="128.843774">
			<ele>0.00</ele>
			<time>2020-01-15T21:54:41.27Z</time>
		</trkpt>
		<trkpt lat="35.083391" lon="128.843667">
			<ele>0.00</ele>
			<time>2020-01-15T21:54:41.85Z</time>
		</trkpt>
		<trkpt lat="35.083393" lon="128.843548">
			<ele>0.00</ele>
			<time>2020-01-15T21:54:42.50Z</time>
		</trkpt>
		<trkpt lat="35.083393" lon="128.843443">
			<ele>0.00</ele>
			<time>2020-01-15T21:54:43.07Z</time>
		</trkpt>
		<trkpt lat="35.083390" lon="128.843329">
			<ele>0.00</ele>
			<time>2020-01-15T21:54:43.69Z</time>
		</trkpt>
		<trkpt lat="35.083387" lon="128.843235">
			<ele>0.00</ele>
			<time>2020-01-15T21:54:44.21Z</time>
		</trkpt>
		<trkpt lat="35.083397" lon="128.843133">
			<ele>0.00</ele>
			<time>2020-01-15T21:54:44.76Z</time>
		</trkpt>
		<trkpt lat="35.083413" lon="128.843055">
			<ele>0.00</ele>
			<time>2020-01-15T21:54:45.21Z</time>
		</trkpt>
		<trkpt lat="35.083435" lon="128.842971">
			<ele>0.00</ele>
			<time>2020-01-15T21:54:45.69Z</time>
		</trkpt>
		<trkpt lat="35.083449" lon="128.842897">
			<ele>0.00</ele>
			<time>2020-01-15T21:54:46.10Z</time>
		</trkpt>
		<trkpt lat="35.083462" lon="128.842814">
			<ele>0.00</ele>
			<time>2020-01-15T21:54:46.56Z</time>
		</trkpt>
		<trkpt lat="35.083469" lon="128.842731">
			<ele>0.00</ele>
			<time>2020-01-15T21:54:47.02Z</time>
		</trkpt>
		<trkpt lat="35.083453" lon="128.842659">
			<ele>0.00</ele>
			<time>2020-01-15T21:54:47.42Z</time>
		</trkpt>
		<trkpt lat="35.083438" lon="128.842584">
			<ele>0.00</ele>
			<time>2020-01-15T21:54:47.85Z</time>
		</trkpt>
		<trkpt lat="35.083423" lon="128.842497">
			<ele>0.00</ele>
			<time>2020-01-15T21:54:48.33Z</time>
		</trkpt>
		<trkpt lat="35.083401" lon="128.842415">
			<ele>0.00</ele>
			<time>2020-01-15T21:54:48.80Z</time>
		</trkpt>
		<trkpt lat="35.083391" lon="128.842361">
			<ele>0.00</ele>
			<time>2020-01-15T21:54:49.11Z</time>
		</trkpt>
		<trkpt lat="35.083386" lon="128.842260">
			<ele>0.00</ele>
			<time>2020-01-15T21:54:49.65Z</time>
		</trkpt>
		<trkpt lat="35.083385" lon="128.842150">
			<ele>0.00</ele>
			<time>2020-01-15T21:54:50.26Z</time>
		</trkpt>
		<trkpt lat="35.083384" lon="128.842023">
			<ele>0.00</ele>
			<time>2020-01-15T21:54:50.95Z</time>
		</trkpt>
		<trkpt lat="35.083382" lon="128.841900">
			<ele>0.00</ele>
			<time>2020-01-15T21:54:51.62Z</time>
		</trkpt>
		<trkpt lat="35.083379" lon="128.841780">
			<ele>0.00</ele>
			<time>2020-01-15T21:54:52.27Z</time>
		</trkpt>
		<trkpt lat="35.083383" lon="128.841682">
			<ele>0.00</ele>
			<time>2020-01-15T21:54:52.81Z</time>
		</trkpt>
		<trkpt lat="35.083382" lon="128.841543">
			<ele>0.00</ele>
			<time>2020-01-15T21:54:53.57Z</time>
		</trkpt>
		<trkpt lat="35.083381" lon="128.841460">
			<ele>0.00</ele>
			<time>2020-01-15T21:54:54.02Z</time>
		</trkpt>
		<trkpt lat="35.083376" lon="128.841337">
			<ele>0.00</ele>
			<time>2020-01-15T21:54:54.69Z</time>
		</trkpt>
		<trkpt lat="35.083377" lon="128.841229">
			<ele>0.00</ele>
			<time>2020-01-15T21:54:55.28Z</time>
		</trkpt>
		<trkpt lat="35.083378" lon="128.841122">
			<ele>0.00</ele>
			<time>2020-01-15T21:54:55.87Z</time>
		</trkpt>
		<trkpt lat="35.083378" lon="128.840994">
			<ele>0.00</ele>
			<time>2020-01-15T21:54:56.56Z</time>
		</trkpt>
		<trkpt lat="35.083377" lon="128.840889">
			<ele>0.00</ele>
			<time>2020-01-15T21:54:57.14Z</time>
		</trkpt>
		<trkpt lat="35.083376" lon="128.840801">
			<ele>0.00</ele>
			<time>2020-01-15T21:54:57.62Z</time>
		</trkpt>
		<trkpt lat="35.083372" lon="128.840707">
			<ele>0.00</ele>
			<time>2020-01-15T21:54:58.13Z</time>
		</trkpt>
		<trkpt lat="35.083373" lon="128.840608">
			<ele>0.00</ele>
			<time>2020-01-15T21:54:58.67Z</time>
		</trkpt>
		<trkpt lat="35.083371" lon="128.840501">
			<ele>0.00</ele>
			<time>2020-01-15T21:54:59.25Z</time>
		</trkpt>
		<trkpt lat="35.083373" lon="128.840394">
			<ele>0.00</ele>
			<time>2020-01-15T21:54:59.84Z</time>
		</trkpt>
		<trkpt lat="35.083375" lon="128.840325">
			<ele>0.00</ele>
			<time>2020-01-15T21:55:00.21Z</time>
		</trkpt>
		<trkpt lat="35.083372" lon="128.840205">
			<ele>0.00</ele>
			<time>2020-01-15T21:55:00.87Z</time>
		</trkpt>
		<trkpt lat="35.083374" lon="128.840111">
			<ele>0.00</ele>
			<time>2020-01-15T21:55:01.38Z</time>
		</trkpt>
		<trkpt lat="35.083375" lon="128.840007">
			<ele>0.00</ele>
			<time>2020-01-15T21:55:01.95Z</time>
		</trkpt>
		<trkpt lat="35.083380" lon="128.839866">
			<ele>0.00</ele>
			<time>2020-01-15T21:55:02.72Z</time>
		</trkpt>
		<trkpt lat="35.083382" lon="128.839774">
			<ele>0.00</ele>
			<time>2020-01-15T21:55:03.22Z</time>
		</trkpt>
		<trkpt lat="35.083392" lon="128.839662">
			<ele>0.00</ele>
			<time>2020-01-15T21:55:03.84Z</time>
		</trkpt>
		<trkpt lat="35.083414" lon="128.839537">
			<ele>0.00</ele>
			<time>2020-01-15T21:55:04.53Z</time>
		</trkpt>
		<trkpt lat="35.083424" lon="128.839450">
			<ele>0.00</ele>
			<time>2020-01-15T21:55:05.02Z</time>
		</trkpt>
		<trkpt lat="35.083443" lon="128.839367">
			<ele>0.00</ele>
			<time>2020-01-15T21:55:05.49Z</time>
		</trkpt>
		<trkpt lat="35.083461" lon="128.839216">
			<ele>0.00</ele>
			<time>2020-01-15T21:55:06.31Z</time>
		</trkpt>
		<trkpt lat="35.083464" lon="128.839095">
			<ele>0.00</ele>
			<time>2020-01-15T21:55:06.98Z</time>
		</trkpt>
		<trkpt lat="35.083463" lon="128.838977">
			<ele>0.00</ele>
			<time>2020-01-15T21:55:07.62Z</time>
		</trkpt>
		<trkpt lat="35.083469" lon="128.838841">
			<ele>0.00</ele>
			<time>2020-01-15T21:55:08.36Z</time>
		</trkpt>
		<trkpt lat="35.083473" lon="128.838714">
			<ele>0.00</ele>
			<time>2020-01-15T21:55:09.06Z</time>
		</trkpt>
		<trkpt lat="35.083476" lon="128.838585">
			<ele>0.00</ele>
			<time>2020-01-15T21:55:09.76Z</time>
		</trkpt>
		<trkpt lat="35.083476" lon="128.838459">
			<ele>0.00</ele>
			<time>2020-01-15T21:55:10.45Z</time>
		</trkpt>
		<trkpt lat="35.083477" lon="128.838361">
			<ele>0.00</ele>
			<time>2020-01-15T21:55:10.99Z</time>
		</trkpt>
		<trkpt lat="35.083474" lon="128.838244">
			<ele>0.00</ele>
			<time>2020-01-15T21:55:11.62Z</time>
		</trkpt>
		<trkpt lat="35.083477" lon="128.838136">
			<ele>0.00</ele>
			<time>2020-01-15T21:55:12.21Z</time>
		</trkpt>
		<trkpt lat="35.083471" lon="128.838024">
			<ele>0.00</ele>
			<time>2020-01-15T21:55:12.83Z</time>
		</trkpt>
		<trkpt lat="35.083467" lon="128.837938">
			<ele>0.00</ele>
			<time>2020-01-15T21:55:13.29Z</time>
		</trkpt>
		<trkpt lat="35.083466" lon="128.837836">
			<ele>0.00</ele>
			<time>2020-01-15T21:55:13.85Z</time>
		</trkpt>
		<trkpt lat="35.083469" lon="128.837733">
			<ele>0.00</ele>
			<time>2020-01-15T21:55:14.41Z</time>
		</trkpt>
		<trkpt lat="35.083463" lon="128.837617">
			<ele>0.00</ele>
			<time>2020-01-15T21:55:15.05Z</time>
		</trkpt>
		<trkpt lat="35.083513" lon="128.837575">
			<ele>0.00</ele>
			<time>2020-01-15T21:55:15.45Z</time>
		</trkpt>
		<trkpt lat="35.083589" lon="128.837545">
			<ele>0.00</ele>
			<time>2020-01-15T21:55:15.98Z</time>
		</trkpt>
		<trkpt lat="35.083660" lon="128.837510">
			<ele>0.00</ele>
			<time>2020-01-15T21:55:16.49Z</time>
		</trkpt>
		<trkpt lat="35.083731" lon="128.837472">
			<ele>0.00</ele>
			<time>2020-01-15T21:55:17.01Z</time>
		</trkpt>
		<trkpt lat="35.083816" lon="128.837434">
			<ele>0.00</ele>
			<time>2020-01-15T21:55:17.62Z</time>
		</trkpt>
		<trkpt lat="35.083899" lon="128.837395">
			<ele>0.00</ele>
			<time>2020-01-15T21:55:18.21Z</time>
		</trkpt>
		<trkpt lat="35.083985" lon="128.837364">
			<ele>0.00</ele>
			<time>2020-01-15T21:55:18.81Z</time>
		</trkpt>
		<trkpt lat="35.084075" lon="128.837319">
			<ele>0.00</ele>
			<time>2020-01-15T21:55:19.46Z</time>
		</trkpt>
		<trkpt lat="35.084158" lon="128.837280">
			<ele>0.00</ele>
			<time>2020-01-15T21:55:20.05Z</time>
		</trkpt>
		<trkpt lat="35.084220" lon="128.837247">
			<ele>0.00</ele>
			<time>2020-01-15T21:55:20.50Z</time>
		</trkpt>
		<trkpt lat="35.084277" lon="128.837215">
			<ele>0.00</ele>
			<time>2020-01-15T21:55:20.92Z</time>
		</trkpt>
		<trkpt lat="35.084352" lon="128.837177">
			<ele>0.00</ele>
			<time>2020-01-15T21:55:21.46Z</time>
		</trkpt>
		<trkpt lat="35.084411" lon="128.837143">
			<ele>0.00</ele>
			<time>2020-01-15T21:55:21.89Z</time>
		</trkpt>
		<trkpt lat="35.084502" lon="128.837106">
			<ele>0.00</ele>
			<time>2020-01-15T21:55:22.53Z</time>
		</trkpt>
		<trkpt lat="35.084571" lon="128.837060">
			<ele>0.00</ele>
			<time>2020-01-15T21:55:23.05Z</time>
		</trkpt>
		<trkpt lat="35.084636" lon="128.837021">
			<ele>0.00</ele>
			<time>2020-01-15T21:55:23.54Z</time>
		</trkpt>
		<trkpt lat="35.084718" lon="128.836981">
			<ele>0.00</ele>
			<time>2020-01-15T21:55:24.13Z</time>
		</trkpt>
		<trkpt lat="35.084811" lon="128.836930">
			<ele>0.00</ele>
			<time>2020-01-15T21:55:24.81Z</time>
		</trkpt>
		<trkpt lat="35.084896" lon="128.836883">
			<ele>0.00</ele>
			<time>2020-01-15T21:55:25.43Z</time>
		</trkpt>
		<trkpt lat="35.084967" lon="128.836848">
			<ele>0.00</ele>
			<time>2020-01-15T21:55:25.94Z</time>
		</trkpt>
		<trkpt lat="35.085049" lon="128.836807">
			<ele>0.00</ele>
			<time>2020-01-15T21:55:26.53Z</time>
		</trkpt>
		<trkpt lat="35.085131" lon="128.836762">
			<ele>0.00</ele>
			<time>2020-01-15T21:55:27.13Z</time>
		</trkpt>
		<trkpt lat="35.085193" lon="128.836727">
			<ele>0.00</ele>
			<time>2020-01-15T21:55:27.59Z</time>
		</trkpt>
		<trkpt lat="35.085263" lon="128.836691">
			<ele>0.00</ele>
			<time>2020-01-15T21:55:28.09Z</time>
		</trkpt>
		<trkpt lat="35.085335" lon="128.836654">
			<ele>0.00</ele>
			<time>2020-01-15T21:55:28.61Z</time>
		</trkpt>
		<trkpt lat="35.085401" lon="128.836624">
			<ele>0.00</ele>
			<time>2020-01-15T21:55:29.08Z</time>
		</trkpt>
		<trkpt lat="35.085478" lon="128.836574">
			<ele>0.00</ele>
			<time>2020-01-15T21:55:29.66Z</time>
		</trkpt>
		<trkpt lat="35.085556" lon="128.836536">
			<ele>0.00</ele>
			<time>2020-01-15T21:55:30.22Z</time>
		</trkpt>
		<trkpt lat="35.085610" lon="128.836514">
			<ele>0.00</ele>
			<time>2020-01-15T21:55:30.60Z</time>
		</trkpt>
		<trkpt lat="35.085680" lon="128.836513">
			<ele>0.00</ele>
			<time>2020-01-15T21:55:31.06Z</time>
		</trkpt>
		<trkpt lat="35.085773" lon="128.836516">
			<ele>0.00</ele>
			<time>2020-01-15T21:55:31.69Z</time>
		</trkpt>
		<trkpt lat="35.085843" lon="128.836519">
			<ele>0.00</ele>
			<time>2020-01-15T21:55:32.15Z</time>
		</trkpt>
		<trkpt lat="35.085926" lon="128.836516">
			<ele>0.00</ele>
			<time>2020-01-15T21:55:32.71Z</time>
		</trkpt>
		<trkpt lat="35.086007" lon="128.836513">
			<ele>0.00</ele>
			<time>2020-01-15T21:55:33.25Z</time>
		</trkpt>
		<trkpt lat="35.086089" lon="128.836511">
			<ele>0.00</ele>
			<time>2020-01-15T21:55:33.79Z</time>
		</trkpt>
		<trkpt lat="35.086170" lon="128.836509">
			<ele>0.00</ele>
			<time>2020-01-15T21:55:34.33Z</time>
		</trkpt>
		<trkpt lat="35.086268" lon="128.836509">
			<ele>0.00</ele>
			<time>2020-01-15T21:55:34.99Z</time>
		</trkpt>
		<trkpt lat="35.086345" lon="128.836507">
			<ele>0.00</ele>
			<time>2020-01-15T21:55:35.50Z</time>
		</trkpt>
		<trkpt lat="35.086425" lon="128.836510">
			<ele>0.00</ele>
			<time>2020-01-15T21:55:36.03Z</time>
		</trkpt>
		<trkpt lat="35.086513" lon="128.836510">
			<ele>0.00</ele>
			<time>2020-01-15T21:55:36.62Z</time>
		</trkpt>
		<trkpt lat="35.086587" lon="128.836512">
			<ele>0.00</ele>
			<time>2020-01-15T21:55:37.12Z</time>
		</trkpt>
		<trkpt lat="35.086657" lon="128.836510">
			<ele>0.00</ele>
			<time>2020-01-15T21:55:37.58Z</time>
		</trkpt>
		<trkpt lat="35.086736" lon="128.836518">
			<ele>0.00</ele>
			<time>2020-01-15T21:55:38.11Z</time>
		</trkpt>
		<trkpt lat="35.086808" lon="128.836520">
			<ele>0.00</ele>
			<time>2020-01-15T21:55:38.59Z</time>
		</trkpt>
		<trkpt lat="35.086879" lon="128.836521">
			<ele>0.00</ele>
			<time>2020-01-15T21:55:39.06Z</time>
		</trkpt>
		<trkpt lat="35.086951" lon="128.836523">
			<ele>0.00</ele>
			<time>2020-01-15T21:55:39.54Z</time>
		</trkpt>
		<trkpt lat="35.087000" lon="128.836501">
			<ele>0.00</ele>
			<time>2020-01-15T21:55:39.89Z</time>
		</trkpt>
		<trkpt lat="35.087085" lon="128.836434">
			<ele>0.00</ele>
			<time>2020-01-15T21:55:40.56Z</time>
		</trkpt>
		<trkpt lat="35.087162" lon="128.836364">
			<ele>0.00</ele>
			<time>2020-01-15T21:55:41.21Z</time>
		</trkpt>
		<trkpt lat="35.087251" lon="128.836301">
			<ele>0.00</ele>
			<time>2020-01-15T21:55:41.89Z</time>
		</trkpt>
		<trkpt lat="35.087333" lon="128.836236">
			<ele>0.00</ele>
			<time>2020-01-15T21:55:42.54Z</time>
		</trkpt>
		<trkpt lat="35.087396" lon="128.836181">
			<ele>0.00</ele>
			<time>2020-01-15T21:55:43.06Z</time>
		</trkpt>
		<trkpt lat="35.087466" lon="128.836119">
			<ele>0.00</ele>
			<time>2020-01-15T21:55:43.64Z</time>
		</trkpt>
		<trkpt lat="35.087537" lon="128.836060">
			<ele>0.00</ele>
			<time>2020-01-15T21:55:44.21Z</time>
		</trkpt>
		<trkpt lat="35.087619" lon="128.835999">
			<ele>0.00</ele>
			<time>2020-01-15T21:55:44.85Z</time>
		</trkpt>
		<trkpt lat="35.087697" lon="128.835937">
			<ele>0.00</ele>
			<time>2020-01-15T21:55:45.47Z</time>
		</trkpt>
		<trkpt lat="35.087797" lon="128.835868">
			<ele>0.00</ele>
			<time>2020-01-15T21:55:46.23Z</time>
		</trkpt>
		<trkpt lat="35.087874" lon="128.835799">
			<ele>0.00</ele>
			<time>2020-01-15T21:55:46.87Z</time>
		</trkpt>
		<trkpt lat="35.087950" lon="128.835746">
			<ele>0.00</ele>
			<time>2020-01-15T21:55:47.46Z</time>
		</trkpt>
		<trkpt lat="35.088041" lon="128.835685">
			<ele>0.00</ele>
			<time>2020-01-15T21:55:48.14Z</time>
		</trkpt>
		<trkpt lat="35.088102" lon="128.835632">
			<ele>0.00</ele>
			<time>2020-01-15T21:55:48.65Z</time>
		</trkpt>
		<trkpt lat="35.088164" lon="128.835586">
			<ele>0.00</ele>
			<time>2020-01-15T21:55:49.13Z</time>
		</trkpt>
		<trkpt lat="35.088247" lon="128.835521">
			<ele>0.00</ele>
			<time>2020-01-15T21:55:49.79Z</time>
		</trkpt>
		<trkpt lat="35.088330" lon="128.835457">
			<ele>0.00</ele>
			<time>2020-01-15T21:55:50.44Z</time>
		</trkpt>
		<trkpt lat="35.088389" lon="128.835403">
			<ele>0.00</ele>
			<time>2020-01-15T21:55:50.93Z</time>
		</trkpt>
		<trkpt lat="35.088467" lon="128.835403">
			<ele>0.00</ele>
			<time>2020-01-15T21:55:51.45Z</time>
		</trkpt>
		<trkpt lat="35.088555" lon="128.835405">
			<ele>0.00</ele>
			<time>2020-01-15T21:55:52.04Z</time>
		</trkpt>
		<trkpt lat="35.088674" lon="128.835406">
			<ele>0.00</ele>
			<time>2020-01-15T21:55:52.84Z</time>
		</trkpt>
		<trkpt lat="35.088755" lon="128.835398">
			<ele>0.00</ele>
			<time>2020-01-15T21:55:53.38Z</time>
		</trkpt>
		<trkpt lat="35.088817" lon="128.835397">
			<ele>0.00</ele>
			<time>2020-01-15T21:55:53.79Z</time>
		</trkpt>
		<trkpt lat="35.088822" lon="128.835261">
			<ele>0.00</ele>
			<time>2020-01-15T21:55:54.53Z</time>
		</trkpt>
		<trkpt lat="35.088818" lon="128.835138">
			<ele>0.00</ele>
			<time>2020-01-15T21:55:55.20Z</time>
		</trkpt>
		<trkpt lat="35.088824" lon="128.835011">
			<ele>0.00</ele>
			<time>2020-01-15T21:55:55.90Z</time>
		</trkpt>
		<trkpt lat="35.088822" lon="128.834895">
			<ele>0.00</ele>
			<time>2020-01-15T21:55:56.53Z</time>
		</trkpt>
		<trkpt lat="35.088819" lon="128.834809">
			<ele>0.00</ele>
			<time>2020-01-15T21:55:57Z</time>
		</trkpt>
		<trkpt lat="35.088822" lon="128.834736">
			<ele>0.00</ele>
			<time>2020-01-15T21:55:57.40Z</time>
		</trkpt>
		<trkpt lat="35.088819" lon="128.834638">
			<ele>0.00</ele>
			<time>2020-01-15T21:55:57.93Z</time>
		</trkpt>
		<trkpt lat="35.088821" lon="128.834517">
			<ele>0.00</ele>
			<time>2020-01-15T21:55:58.59Z</time>
		</trkpt>
		<trkpt lat="35.088823" lon="128.834383">
			<ele>0.00</ele>
			<time>2020-01-15T21:55:59.32Z</time>
		</trkpt>
		<trkpt lat="35.088826" lon="128.834229">
			<ele>0.00</ele>
			<time>2020-01-15T21:56:00.16Z</time>
		</trkpt>
		<trkpt lat="35.088822" lon="128.834106">
			<ele>0.00</ele>
			<time>2020-01-15T21:56:00.83Z</time>
		</trkpt>
		<trkpt lat="35.088820" lon="128.833999">
			<ele>0.00</ele>
			<time>2020-01-15T21:56:01.42Z</time>
		</trkpt>
		<trkpt lat="35.088827" lon="128.833871">
			<ele>0.00</ele>
			<time>2020-01-15T21:56:02.12Z</time>
		</trkpt>
		<trkpt lat="35.088835" lon="128.833762">
			<ele>0.00</ele>
			<time>2020-01-15T21:56:02.72Z</time>
		</trkpt>
		<trkpt lat="35.088842" lon="128.833634">
			<ele>0.00</ele>
			<time>2020-01-15T21:56:03.42Z</time>
		</trkpt>
		<trkpt lat="35.088865" lon="128.833576">
			<ele>0.00</ele>
			<time>2020-01-15T21:56:03.77Z</time>
		</trkpt>
		<trkpt lat="35.088944" lon="128.833600">
			<ele>0.00</ele>
			<time>2020-01-15T21:56:04.31Z</time>
		</trkpt>
		<trkpt lat="35.089013" lon="128.833620">
			<ele>0.00</ele>
			<time>2020-01-15T21:56:04.79Z</time>
		</trkpt>
		<trkpt lat="35.089073" lon="128.833635">
			<ele>0.00</ele>
			<time>2020-01-15T21:56:05.19Z</time>
		</trkpt>
		<trkpt lat="35.089126" lon="128.833645">
			<ele>0.00</ele>
			<time>2020-01-15T21:56:05.55Z</time>
		</trkpt>
		<trkpt lat="35.089162" lon="128.833631">
			<ele>0.00</ele>
			<time>2020-01-15T21:56:05.80Z</time>
		</trkpt>
		<trkpt lat="35.089185" lon="128.833535">
			<ele>0.00</ele>
			<time>2020-01-15T21:56:06.34Z</time>
		</trkpt>
		<trkpt lat="35.089228" lon="128.833406">
			<ele>0.00</ele>
			<time>2020-01-15T21:56:07.11Z</time>
		</trkpt>
		<trkpt lat="35.089276" lon="128.833308">
			<ele>0.00</ele>
			<time>2020-01-15T21:56:07.73Z</time>
		</trkpt>
		<trkpt lat="35.089314" lon="128.833226">
			<ele>0.00</ele>
			<time>2020-01-15T21:56:08.24Z</time>
		</trkpt>
		<trkpt lat="35.089357" lon="128.833130">
			<ele>0.00</ele>
			<time>2020-01-15T21:56:08.84Z</time>
		</trkpt>
		<trkpt lat="35.089399" lon="128.833045">
			<ele>0.00</ele>
			<time>2020-01-15T21:56:09.38Z</time>
		</trkpt>
		<trkpt lat="35.089439" lon="128.832985">
			<ele>0.00</ele>
			<time>2020-01-15T21:56:09.80Z</time>
		</trkpt>
		<trkpt lat="35.089503" lon="128.832907">
			<ele>0.00</ele>
			<time>2020-01-15T21:56:10.40Z</time>
		</trkpt>
		<trkpt lat="35.089556" lon="128.832835">
			<ele>0.00</ele>
			<time>2020-01-15T21:56:10.93Z</time>
		</trkpt>
		<trkpt lat="35.089618" lon="128.832754">
			<ele>0.00</ele>
			<time>2020-01-15T21:56:11.54Z</time>
		</trkpt>
		<trkpt lat="35.089691" lon="128.832671">
			<ele>0.00</ele>
			<time>2020-01-15T21:56:12.20Z</time>
		</trkpt>
		<trkpt lat="35.089759" lon="128.832583">
			<ele>0.00</ele>
			<time>2020-01-15T21:56:12.86Z</time>
		</trkpt>
		<trkpt lat="35.089815" lon="128.832513">
			<ele>0.00</ele>
			<time>2020-01-15T21:56:13.40Z</time>
		</trkpt>
		<trkpt lat="35.089861" lon="128.832454">
			<ele>0.00</ele>
			<time>2020-01-15T21:56:13.84Z</time>
		</trkpt>
		<trkpt lat="35.089913" lon="128.832385">
			<ele>0.00</ele>
			<time>2020-01-15T21:56:14.35Z</time>
		</trkpt>
		<trkpt lat="35.089969" lon="128.832316">
			<ele>0.00</ele>
			<time>2020-01-15T21:56:14.89Z</time>
		</trkpt>
		<trkpt lat="35.090020" lon="128.832250">
			<ele>0.00</ele>
			<time>2020-01-15T21:56:15.38Z</time>
		</trkpt>
		<trkpt lat="35.090088" lon="128.832171">
			<ele>0.00</ele>
			<time>2020-01-15T21:56:16Z</time>
		</trkpt>
		<trkpt lat="35.090135" lon="128.832113">
			<ele>0.00</ele>
			<time>2020-01-15T21:56:16.45Z</time>
		</trkpt>
		<trkpt lat="35.090210" lon="128.832014">
			<ele>0.00</ele>
			<time>2020-01-15T21:56:17.19Z</time>
		</trkpt>
		<trkpt lat="35.090285" lon="128.831926">
			<ele>0.00</ele>
			<time>2020-01-15T21:56:17.88Z</time>
		</trkpt>
		<trkpt lat="35.090348" lon="128.831855">
			<ele>0.00</ele>
			<time>2020-01-15T21:56:18.45Z</time>
		</trkpt>
		<trkpt lat="35.090400" lon="128.831776">
			<ele>0.00</ele>
			<time>2020-01-15T21:56:19.01Z</time>
		</trkpt>
		<trkpt lat="35.090469" lon="128.831692">
			<ele>0.00</ele>
			<time>2020-01-15T21:56:19.65Z</time>
		</trkpt>
		<trkpt lat="35.090510" lon="128.831641">
			<ele>0.00</ele>
			<time>2020-01-15T21:56:20.04Z</time>
		</trkpt>
		<trkpt lat="35.090567" lon="128.831577">
			<ele>0.00</ele>
			<time>2020-01-15T21:56:20.56Z</time>
		</trkpt>
		<trkpt lat="35.090624" lon="128.831512">
			<ele>0.00</ele>
			<time>2020-01-15T21:56:21.08Z</time>
		</trkpt>
		<trkpt lat="35.090686" lon="128.831429">
			<ele>0.00</ele>
			<time>2020-01-15T21:56:21.69Z</time>
		</trkpt>
		<trkpt lat="35.090735" lon="128.831363">
			<ele>0.00</ele>
			<time>2020-01-15T21:56:22.18Z</time>
		</trkpt>
		<trkpt lat="35.090788" lon="128.831317">
			<ele>0.00</ele>
			<time>2020-01-15T21:56:22.61Z</time>
		</trkpt>
		<trkpt lat="35.090836" lon="128.831266">
			<ele>0.00</ele>
			<time>2020-01-15T21:56:23.03Z</time>
		</trkpt>
		<trkpt lat="35.090839" lon="128.831266">
			<ele>0.00</ele>
			<time>2020-01-15T21:56:23.09Z</time>
		</trkpt>
		<trkpt lat="35.090891" lon="128.831261">
			<ele>0.00</ele>
			<time>2020-01-15T21:56:23.44Z</time>
		</trkpt>
		<trkpt lat="35.090894" lon="128.831263">
			<ele>0.00</ele>
			<time>2020-01-15T21:56:23.50Z</time>
		</trkpt>
		<trkpt lat="35.090947" lon="128.831311">
			<ele>0.00</ele>
			<time>2020-01-15T21:56:23.94Z</time>
		</trkpt>
		<trkpt lat="35.090969" lon="128.831307">
			<ele>0.00</ele>
			<time>2020-01-15T21:56:24.09Z</time>
		</trkpt>
		<trkpt lat="35.091018" lon="128.831232">
			<ele>0.00</ele>
			<time>2020-01-15T21:56:24.62Z</time>
		</trkpt>
		<trkpt lat="35.090986" lon="128.831178">
			<ele>0.00</ele>
			<time>2020-01-15T21:56:24.98Z</time>
		</trkpt>
		<trkpt lat="35.090978" lon="128.831139">
			<ele>0.00</ele>
			<time>2020-01-15T21:56:25.20Z</time>
		</trkpt>
		<trkpt lat="35.091012" lon="128.831060">
			<ele>0.00</ele>
			<time>2020-01-15T21:56:25.68Z</time>
		</trkpt>
		<trkpt lat="35.091066" lon="128.830976">
			<ele>0.00</ele>
			<time>2020-01-15T21:56:26.26Z</time>
		</trkpt>
		<trkpt lat="35.091140" lon="128.830905">
			<ele>0.00</ele>
			<time>2020-01-15T21:56:26.89Z</time>
		</trkpt>
		<trkpt lat="35.091201" lon="128.830835">
			<ele>0.00</ele>
			<time>2020-01-15T21:56:27.45Z</time>
		</trkpt>
		<trkpt lat="35.091256" lon="128.830766">
			<ele>0.00</ele>
			<time>2020-01-15T21:56:27.98Z</time>
		</trkpt>
		<trkpt lat="35.091317" lon="128.830697">
			<ele>0.00</ele>
			<time>2020-01-15T21:56:28.53Z</time>
		</trkpt>
		<trkpt lat="35.091398" lon="128.830604">
			<ele>0.00</ele>
			<time>2020-01-15T21:56:29.27Z</time>
		</trkpt>
		<trkpt lat="35.091470" lon="128.830527">
			<ele>0.00</ele>
			<time>2020-01-15T21:56:29.91Z</time>
		</trkpt>
		<trkpt lat="35.091534" lon="128.830444">
			<ele>0.00</ele>
			<time>2020-01-15T21:56:30.53Z</time>
		</trkpt>
		<trkpt lat="35.091601" lon="128.830353">
			<ele>0.00</ele>
			<time>2020-01-15T21:56:31.20Z</time>
		</trkpt>
		<trkpt lat="35.091679" lon="128.830261">
			<ele>0.00</ele>
			<time>2020-01-15T21:56:31.92Z</time>
		</trkpt>
		<trkpt lat="35.091759" lon="128.830159">
			<ele>0.00</ele>
			<time>2020-01-15T21:56:32.69Z</time>
		</trkpt>
		<trkpt lat="35.091819" lon="128.830071">
			<ele>0.00</ele>
			<time>2020-01-15T21:56:33.31Z</time>
		</trkpt>
		<trkpt lat="35.091885" lon="128.829976">
			<ele>0.00</ele>
			<time>2020-01-15T21:56:34Z</time>
		</trkpt>
		<trkpt lat="35.091952" lon="128.829883">
			<ele>0.00</ele>
			<time>2020-01-15T21:56:34.67Z</time>
		</trkpt>
		<trkpt lat="35.092018" lon="128.829813">
			<ele>0.00</ele>
			<time>2020-01-15T21:56:35.26Z</time>
		</trkpt>
		<trkpt lat="35.092088" lon="128.829735">
			<ele>0.00</ele>
			<time>2020-01-15T21:56:35.89Z</time>
		</trkpt>
		<trkpt lat="35.092132" lon="128.829673">
			<ele>0.00</ele>
			<time>2020-01-15T21:56:36.33Z</time>
		</trkpt>
		<trkpt lat="35.092170" lon="128.829634">
			<ele>0.00</ele>
			<time>2020-01-15T21:56:36.67Z</time>
		</trkpt>
		<trkpt lat="35.092227" lon="128.829636">
			<ele>0.00</ele>
			<time>2020-01-15T21:56:37.05Z</time>
		</trkpt>
		<trkpt lat="35.092276" lon="128.829686">
			<ele>0.00</ele>
			<time>2020-01-15T21:56:37.47Z</time>
		</trkpt>
		<trkpt lat="35.092358" lon="128.829577">
			<ele>0.00</ele>
			<time>2020-01-15T21:56:38.28Z</time>
		</trkpt>
		<trkpt lat="35.092324" lon="128.829533">
			<ele>0.00</ele>
			<time>2020-01-15T21:56:38.60Z</time>
		</trkpt>
		<trkpt lat="35.092307" lon="128.829494">
			<ele>0.00</ele>
			<time>2020-01-15T21:56:38.84Z</time>
		</trkpt>
		<trkpt lat="35.092321" lon="128.829435">
			<ele>0.00</ele>
			<time>2020-01-15T21:56:39.18Z</time>
		</trkpt>
		<trkpt lat="35.092394" lon="128.829319">
			<ele>0.00</ele>
			<time>2020-01-15T21:56:39.98Z</time>
		</trkpt>
		<trkpt lat="35.092448" lon="128.829245">
			<ele>0.00</ele>
			<time>2020-01-15T21:56:40.52Z</time>
		</trkpt>
		<trkpt lat="35.092512" lon="128.829166">
			<ele>0.00</ele>
			<time>2020-01-15T21:56:41.13Z</time>
		</trkpt>
		<trkpt lat="35.092579" lon="128.829093">
			<ele>0.00</ele>
			<time>2020-01-15T21:56:41.73Z</time>
		</trkpt>
		<trkpt lat="35.092643" lon="128.828999">
			<ele>0.00</ele>
			<time>2020-01-15T21:56:42.39Z</time>
		</trkpt>
		<trkpt lat="35.092706" lon="128.828931">
			<ele>0.00</ele>
			<time>2020-01-15T21:56:42.95Z</time>
		</trkpt>
		<trkpt lat="35.092787" lon="128.828842">
			<ele>0.00</ele>
			<time>2020-01-15T21:56:43.68Z</time>
		</trkpt>
		<trkpt lat="35.092863" lon="128.828750">
			<ele>0.00</ele>
			<time>2020-01-15T21:56:44.39Z</time>
		</trkpt>
		<trkpt lat="35.092929" lon="128.828674">
			<ele>0.00</ele>
			<time>2020-01-15T21:56:45Z</time>
		</trkpt>
		<trkpt lat="35.092990" lon="128.828590">
			<ele>0.00</ele>
			<time>2020-01-15T21:56:45.61Z</time>
		</trkpt>
		<trkpt lat="35.093044" lon="128.828518">
			<ele>0.00</ele>
			<time>2020-01-15T21:56:46.14Z</time>
		</trkpt>
		<trkpt lat="35.093110" lon="128.828424">
			<ele>0.00</ele>
			<time>2020-01-15T21:56:46.82Z</time>
		</trkpt>
		<trkpt lat="35.093171" lon="128.828337">
			<ele>0.00</ele>
			<time>2020-01-15T21:56:47.44Z</time>
		</trkpt>
		<trkpt lat="35.093239" lon="128.828260">
			<ele>0.00</ele>
			<time>2020-01-15T21:56:48.06Z</time>
		</trkpt>
		<trkpt lat="35.093289" lon="128.828193">
			<ele>0.00</ele>
			<time>2020-01-15T21:56:48.56Z</time>
		</trkpt>
		<trkpt lat="35.093339" lon="128.828143">
			<ele>0.00</ele>
			<time>2020-01-15T21:56:48.99Z</time>
		</trkpt>
		<trkpt lat="35.093394" lon="128.828138">
			<ele>0.00</ele>
			<time>2020-01-15T21:56:49.35Z</time>
		</trkpt>
		<trkpt lat="35.093439" lon="128.828161">
			<ele>0.00</ele>
			<time>2020-01-15T21:56:49.68Z</time>
		</trkpt>
		<trkpt lat="35.093463" lon="128.828187">
			<ele>0.00</ele>
			<time>2020-01-15T21:56:49.90Z</time>
		</trkpt>
		<trkpt lat="35.093532" lon="128.828089">
			<ele>0.00</ele>
			<time>2020-01-15T21:56:50.60Z</time>
		</trkpt>
		<trkpt lat="35.093510" lon="128.828004">
			<ele>0.00</ele>
			<time>2020-01-15T21:56:51.09Z</time>
		</trkpt>
		<trkpt lat="35.093532" lon="128.827951">
			<ele>0.00</ele>
			<time>2020-01-15T21:56:51.41Z</time>
		</trkpt>
		<trkpt lat="35.093569" lon="128.827891">
			<ele>0.00</ele>
			<time>2020-01-15T21:56:51.82Z</time>
		</trkpt>
		<trkpt lat="35.093635" lon="128.827813">
			<ele>0.00</ele>
			<time>2020-01-15T21:56:52.43Z</time>
		</trkpt>
		<trkpt lat="35.093695" lon="128.827731">
			<ele>0.00</ele>
			<time>2020-01-15T21:56:53.03Z</time>
		</trkpt>
		<trkpt lat="35.093765" lon="128.827629">
			<ele>0.00</ele>
			<time>2020-01-15T21:56:53.76Z</time>
		</trkpt>
		<trkpt lat="35.093835" lon="128.827528">
			<ele>0.00</ele>
			<time>2020-01-15T21:56:54.48Z</time>
		</trkpt>
		<trkpt lat="35.093900" lon="128.827436">
			<ele>0.00</ele>
			<time>2020-01-15T21:56:55.14Z</time>
		</trkpt>
		<trkpt lat="35.093970" lon="128.827350">
			<ele>0.00</ele>
			<time>2020-01-15T21:56:55.80Z</time>
		</trkpt>
		<trkpt lat="35.094027" lon="128.827273">
			<ele>0.00</ele>
			<time>2020-01-15T21:56:56.37Z</time>
		</trkpt>
		<trkpt lat="35.094100" lon="128.827188">
			<ele>0.00</ele>
			<time>2020-01-15T21:56:57.04Z</time>
		</trkpt>
		<trkpt lat="35.094148" lon="128.827112">
			<ele>0.00</ele>
			<time>2020-01-15T21:56:57.57Z</time>
		</trkpt>
		<trkpt lat="35.094207" lon="128.827052">
			<ele>0.00</ele>
			<time>2020-01-15T21:56:58.08Z</time>
		</trkpt>
		<trkpt lat="35.094257" lon="128.827048">
			<ele>0.00</ele>
			<time>2020-01-15T21:56:58.41Z</time>
		</trkpt>
		<trkpt lat="35.094307" lon="128.827065">
			<ele>0.00</ele>
			<time>2020-01-15T21:56:58.76Z</time>
		</trkpt>
		<trkpt lat="35.094347" lon="128.827102">
			<ele>0.00</ele>
			<time>2020-01-15T21:56:59.10Z</time>
		</trkpt>
		<trkpt lat="35.094436" lon="128.826982">
			<ele>0.00</ele>
			<time>2020-01-15T21:56:59.98Z</time>
		</trkpt>
		<trkpt lat="35.094475" lon="128.826931">
			<ele>0.00</ele>
			<time>2020-01-15T21:57:00.36Z</time>
		</trkpt>
		<trkpt lat="35.094436" lon="128.826864">
			<ele>0.00</ele>
			<time>2020-01-15T21:57:00.81Z</time>
		</trkpt>
		<trkpt lat="35.094476" lon="128.826803">
			<ele>0.00</ele>
			<time>2020-01-15T21:57:01.24Z</time>
		</trkpt>
		<trkpt lat="35.094554" lon="128.826704">
			<ele>0.00</ele>
			<time>2020-01-15T21:57:01.99Z</time>
		</trkpt>
		<trkpt lat="35.094614" lon="128.826627">
			<ele>0.00</ele>
			<time>2020-01-15T21:57:02.57Z</time>
		</trkpt>
		<trkpt lat="35.094683" lon="128.826528">
			<ele>0.00</ele>
			<time>2020-01-15T21:57:03.27Z</time>
		</trkpt>
		<trkpt lat="35.094758" lon="128.826423">
			<ele>0.00</ele>
			<time>2020-01-15T21:57:04.04Z</time>
		</trkpt>
		<trkpt lat="35.094837" lon="128.826308">
			<ele>0.00</ele>
			<time>2020-01-15T21:57:04.86Z</time>
		</trkpt>
		<trkpt lat="35.094914" lon="128.826209">
			<ele>0.00</ele>
			<time>2020-01-15T21:57:05.60Z</time>
		</trkpt>
		<trkpt lat="35.094974" lon="128.826148">
			<ele>0.00</ele>
			<time>2020-01-15T21:57:06.12Z</time>
		</trkpt>
		<trkpt lat="35.095034" lon="128.826071">
			<ele>0.00</ele>
			<time>2020-01-15T21:57:06.70Z</time>
		</trkpt>
		<trkpt lat="35.095086" lon="128.826002">
			<ele>0.00</ele>
			<time>2020-01-15T21:57:07.21Z</time>
		</trkpt>
		<trkpt lat="35.095136" lon="128.825948">
			<ele>0.00</ele>
			<time>2020-01-15T21:57:07.65Z</time>
		</trkpt>
		<trkpt lat="35.095208" lon="128.825850">
			<ele>0.00</ele>
			<time>2020-01-15T21:57:08.37Z</time>
		</trkpt>
		<trkpt lat="35.095291" lon="128.825758">
			<ele>0.00</ele>
			<time>2020-01-15T21:57:09.12Z</time>
		</trkpt>
		<trkpt lat="35.095369" lon="128.825660">
			<ele>0.00</ele>
			<time>2020-01-15T21:57:09.87Z</time>
		</trkpt>
		<trkpt lat="35.095436" lon="128.825574">
			<ele>0.00</ele>
			<time>2020-01-15T21:57:10.52Z</time>
		</trkpt>
		<trkpt lat="35.095523" lon="128.825469">
			<ele>0.00</ele>
			<time>2020-01-15T21:57:11.33Z</time>
		</trkpt>
		<trkpt lat="35.095593" lon="128.825377">
			<ele>0.00</ele>
			<time>2020-01-15T21:57:12.02Z</time>
		</trkpt>
		<trkpt lat="35.095660" lon="128.825282">
			<ele>0.00</ele>
			<time>2020-01-15T21:57:12.70Z</time>
		</trkpt>
		<trkpt lat="35.095740" lon="128.825195">
			<ele>0.00</ele>
			<time>2020-01-15T21:57:13.41Z</time>
		</trkpt>
		<trkpt lat="35.095808" lon="128.825109">
			<ele>0.00</ele>
			<time>2020-01-15T21:57:14.06Z</time>
		</trkpt>
		<trkpt lat="35.095873" lon="128.825026">
			<ele>0.00</ele>
			<time>2020-01-15T21:57:14.70Z</time>
		</trkpt>
		<trkpt lat="35.095951" lon="128.824936">
			<ele>0.00</ele>
			<time>2020-01-15T21:57:15.41Z</time>
		</trkpt>
		<trkpt lat="35.096005" lon="128.824860">
			<ele>0.00</ele>
			<time>2020-01-15T21:57:15.95Z</time>
		</trkpt>
		<trkpt lat="35.096062" lon="128.824786">
			<ele>0.00</ele>
			<time>2020-01-15T21:57:16.51Z</time>
		</trkpt>
		<trkpt lat="35.096140" lon="128.824686">
			<ele>0.00</ele>
			<time>2020-01-15T21:57:17.27Z</time>
		</trkpt>
		<trkpt lat="35.096198" lon="128.824619">
			<ele>0.00</ele>
			<time>2020-01-15T21:57:17.80Z</time>
		</trkpt>
		<trkpt lat="35.096259" lon="128.824542">
			<ele>0.00</ele>
			<time>2020-01-15T21:57:18.38Z</time>
		</trkpt>
		<trkpt lat="35.096319" lon="128.824467">
			<ele>0.00</ele>
			<time>2020-01-15T21:57:18.96Z</time>
		</trkpt>
		<trkpt lat="35.096353" lon="128.824401">
			<ele>0.00</ele>
			<time>2020-01-15T21:57:19.38Z</time>
		</trkpt>
		<trkpt lat="35.096404" lon="128.824342">
			<ele>0.00</ele>
			<time>2020-01-15T21:57:19.85Z</time>
		</trkpt>
		<trkpt lat="35.096468" lon="128.824320">
			<ele>0.00</ele>
			<time>2020-01-15T21:57:20.29Z</time>
		</trkpt>
		<trkpt lat="35.096532" lon="128.824356">
			<ele>0.00</ele>
			<time>2020-01-15T21:57:20.76Z</time>
		</trkpt>
		<trkpt lat="35.096606" lon="128.824258">
			<ele>0.00</ele>
			<time>2020-01-15T21:57:21.49Z</time>
		</trkpt>
		<trkpt lat="35.096591" lon="128.824225">
			<ele>0.00</ele>
			<time>2020-01-15T21:57:21.69Z</time>
		</trkpt>
		<trkpt lat="35.096585" lon="128.824151">
			<ele>0.00</ele>
			<time>2020-01-15T21:57:22.10Z</time>
		</trkpt>
		<trkpt lat="35.096626" lon="128.824081">
			<ele>0.00</ele>
			<time>2020-01-15T21:57:22.57Z</time>
		</trkpt>
		<trkpt lat="35.096672" lon="128.824017">
			<ele>0.00</ele>
			<time>2020-01-15T21:57:23.04Z</time>
		</trkpt>
		<trkpt lat="35.096746" lon="128.823918">
			<ele>0.00</ele>
			<time>2020-01-15T21:57:23.77Z</time>
		</trkpt>
		<trkpt lat="35.096823" lon="128.823828">
			<ele>0.00</ele>
			<time>2020-01-15T21:57:24.48Z</time>
		</trkpt>
		<trkpt lat="35.096898" lon="128.823741">
			<ele>0.00</ele>
			<time>2020-01-15T21:57:25.17Z</time>
		</trkpt>
		<trkpt lat="35.096959" lon="128.823669">
			<ele>0.00</ele>
			<time>2020-01-15T21:57:25.74Z</time>
		</trkpt>
		<trkpt lat="35.097009" lon="128.823587">
			<ele>0.00</ele>
			<time>2020-01-15T21:57:26.29Z</time>
		</trkpt>
		<trkpt lat="35.097091" lon="128.823470">
			<ele>0.00</ele>
			<time>2020-01-15T21:57:27.13Z</time>
		</trkpt>
		<trkpt lat="35.097140" lon="128.823408">
			<ele>0.00</ele>
			<time>2020-01-15T21:57:27.60Z</time>
		</trkpt>
		<trkpt lat="35.097188" lon="128.823405">
			<ele>0.00</ele>
			<time>2020-01-15T21:57:27.93Z</time>
		</trkpt>
		<trkpt lat="35.097241" lon="128.823419">
			<ele>0.00</ele>
			<time>2020-01-15T21:57:28.28Z</time>
		</trkpt>
		<trkpt lat="35.097270" lon="128.823429">
			<ele>0.00</ele>
			<time>2020-01-15T21:57:28.49Z</time>
		</trkpt>
		<trkpt lat="35.097336" lon="128.823324">
			<ele>0.00</ele>
			<time>2020-01-15T21:57:29.21Z</time>
		</trkpt>
		<trkpt lat="35.097325" lon="128.823293">
			<ele>0.00</ele>
			<time>2020-01-15T21:57:29.39Z</time>
		</trkpt>
		<trkpt lat="35.097330" lon="128.823224">
			<ele>0.00</ele>
			<time>2020-01-15T21:57:29.77Z</time>
		</trkpt>
		<trkpt lat="35.097391" lon="128.823147">
			<ele>0.00</ele>
			<time>2020-01-15T21:57:30.35Z</time>
		</trkpt>
		<trkpt lat="35.097464" lon="128.823048">
			<ele>0.00</ele>
			<time>2020-01-15T21:57:31.08Z</time>
		</trkpt>
		<trkpt lat="35.097531" lon="128.822961">
			<ele>0.00</ele>
			<time>2020-01-15T21:57:31.73Z</time>
		</trkpt>
		<trkpt lat="35.097599" lon="128.822878">
			<ele>0.00</ele>
			<time>2020-01-15T21:57:32.37Z</time>
		</trkpt>
		<trkpt lat="35.097670" lon="128.822790">
			<ele>0.00</ele>
			<time>2020-01-15T21:57:33.05Z</time>
		</trkpt>
		<trkpt lat="35.097740" lon="128.822680">
			<ele>0.00</ele>
			<time>2020-01-15T21:57:33.80Z</time>
		</trkpt>
		<trkpt lat="35.097789" lon="128.822611">
			<ele>0.00</ele>
			<time>2020-01-15T21:57:34.31Z</time>
		</trkpt>
		<trkpt lat="35.097857" lon="128.822525">
			<ele>0.00</ele>
			<time>2020-01-15T21:57:34.96Z</time>
		</trkpt>
		<trkpt lat="35.097910" lon="128.822460">
			<ele>0.00</ele>
			<time>2020-01-15T21:57:35.46Z</time>
		</trkpt>
		<trkpt lat="35.097951" lon="128.822423">
			<ele>0.00</ele>
			<time>2020-01-15T21:57:35.80Z</time>
		</trkpt>
		<trkpt lat="35.097954" lon="128.822422">
			<ele>0.00</ele>
			<time>2020-01-15T21:57:35.86Z</time>
		</trkpt>
		<trkpt lat="35.097999" lon="128.822409">
			<ele>0.00</ele>
			<time>2020-01-15T21:57:36.17Z</time>
		</trkpt>
		<trkpt lat="35.098044" lon="128.822390">
			<ele>0.00</ele>
			<time>2020-01-15T21:57:36.48Z</time>
		</trkpt>
		<extensions>
			<gte:name>#12</gte:name>
			<gte:color>#efd973</gte:color>
		</extensions>
	</trkseg>
</trk>
</gpx>