<?xml version="1.0" encoding="UTF-8"?>
<gpx version="1.1" creator="GPS Track Editor" xmlns="http://www.topografix.com/GPX/1/1" xmlns:xsi="http://www.w3.org/2001/XMLSchema-instance" xmlns:gte="http://www.gpstrackeditor.com/xmlschemas/General/1" xmlns:gpxtpx="http://www.garmin.com/xmlschemas/TrackPointExtension/v1" xmlns:gpxx="http://www.garmin.com/xmlschemas/GpxExtensions/v3" targetNamespace="http://www.topografix.com/GPX/1/1" elementFormDefault="qualified" xsi:schemaLocation="http://www.topografix.com/GPX/1/1 http://www.topografix.com/GPX/1/1/gpx.xsd">
<metadata>
	<name>GPS_2020-01-19_154141</name>
</metadata>
<trk>
	<name>050-광양시 중동 중동근린공원~광양시 광양읍 인동리 광양터미널</name>
	<trkseg>
		<trkpt lat="34.930507" lon="127.694286">
			<ele>0.00</ele>
			<time>2020-01-19T15:41:41.36Z</time>
		</trkpt>
		<trkpt lat="34.930517" lon="127.694263">
			<ele>0.00</ele>
			<time>2020-01-19T15:41:41.51Z</time>
		</trkpt>
		<trkpt lat="34.930544" lon="127.694219">
			<ele>0.00</ele>
			<time>2020-01-19T15:41:41.81Z</time>
		</trkpt>
		<trkpt lat="34.930561" lon="127.694176">
			<ele>0.00</ele>
			<time>2020-01-19T15:41:42.07Z</time>
		</trkpt>
		<trkpt lat="34.930574" lon="127.694129">
			<ele>0.00</ele>
			<time>2020-01-19T15:41:42.34Z</time>
		</trkpt>
		<trkpt lat="34.930582" lon="127.694069">
			<ele>0.00</ele>
			<time>2020-01-19T15:41:42.67Z</time>
		</trkpt>
		<trkpt lat="34.930582" lon="127.694000">
			<ele>0.00</ele>
			<time>2020-01-19T15:41:43.05Z</time>
		</trkpt>
		<trkpt lat="34.930577" lon="127.693952">
			<ele>0.00</ele>
			<time>2020-01-19T15:41:43.31Z</time>
		</trkpt>
		<trkpt lat="34.930575" lon="127.693897">
			<ele>0.00</ele>
			<time>2020-01-19T15:41:43.61Z</time>
		</trkpt>
		<trkpt lat="34.930572" lon="127.693829">
			<ele>0.00</ele>
			<time>2020-01-19T15:41:43.99Z</time>
		</trkpt>
		<trkpt lat="34.930571" lon="127.693756">
			<ele>0.00</ele>
			<time>2020-01-19T15:41:44.39Z</time>
		</trkpt>
		<trkpt lat="34.930589" lon="127.693681">
			<ele>0.00</ele>
			<time>2020-01-19T15:41:44.81Z</time>
		</trkpt>
		<trkpt lat="34.930609" lon="127.693597">
			<ele>0.00</ele>
			<time>2020-01-19T15:41:45.29Z</time>
		</trkpt>
		<trkpt lat="34.930640" lon="127.693521">
			<ele>0.00</ele>
			<time>2020-01-19T15:41:45.76Z</time>
		</trkpt>
		<trkpt lat="34.930653" lon="127.693462">
			<ele>0.00</ele>
			<time>2020-01-19T15:41:46.09Z</time>
		</trkpt>
		<trkpt lat="34.930664" lon="127.693409">
			<ele>0.00</ele>
			<time>2020-01-19T15:41:46.39Z</time>
		</trkpt>
		<trkpt lat="34.930660" lon="127.693355">
			<ele>0.00</ele>
			<time>2020-01-19T15:41:46.68Z</time>
		</trkpt>
		<trkpt lat="34.930664" lon="127.693304">
			<ele>0.00</ele>
			<time>2020-01-19T15:41:46.96Z</time>
		</trkpt>
		<trkpt lat="34.930660" lon="127.693263">
			<ele>0.00</ele>
			<time>2020-01-19T15:41:47.19Z</time>
		</trkpt>
		<trkpt lat="34.930645" lon="127.693233">
			<ele>0.00</ele>
			<time>2020-01-19T15:41:47.38Z</time>
		</trkpt>
		<trkpt lat="34.930634" lon="127.693174">
			<ele>0.00</ele>
			<time>2020-01-19T15:41:47.71Z</time>
		</trkpt>
		<trkpt lat="34.930637" lon="127.693118">
			<ele>0.00</ele>
			<time>2020-01-19T15:41:48.02Z</time>
		</trkpt>
		<trkpt lat="34.930642" lon="127.693046">
			<ele>0.00</ele>
			<time>2020-01-19T15:41:48.42Z</time>
		</trkpt>
		<trkpt lat="34.930647" lon="127.692980">
			<ele>0.00</ele>
			<time>2020-01-19T15:41:48.78Z</time>
		</trkpt>
		<trkpt lat="34.930656" lon="127.692909">
			<ele>0.00</ele>
			<time>2020-01-19T15:41:49.17Z</time>
		</trkpt>
		<trkpt lat="34.930674" lon="127.692858">
			<ele>0.00</ele>
			<time>2020-01-19T15:41:49.47Z</time>
		</trkpt>
		<trkpt lat="34.930720" lon="127.692807">
			<ele>0.00</ele>
			<time>2020-01-19T15:41:49.89Z</time>
		</trkpt>
		<trkpt lat="34.930754" lon="127.692746">
			<ele>0.00</ele>
			<time>2020-01-19T15:41:50.29Z</time>
		</trkpt>
		<trkpt lat="34.930777" lon="127.692675">
			<ele>0.00</ele>
			<time>2020-01-19T15:41:50.71Z</time>
		</trkpt>
		<trkpt lat="34.930800" lon="127.692577">
			<ele>0.00</ele>
			<time>2020-01-19T15:41:51.26Z</time>
		</trkpt>
		<trkpt lat="34.930814" lon="127.692493">
			<ele>0.00</ele>
			<time>2020-01-19T15:41:51.73Z</time>
		</trkpt>
		<trkpt lat="34.930826" lon="127.692394">
			<ele>0.00</ele>
			<time>2020-01-19T15:41:52.28Z</time>
		</trkpt>
		<trkpt lat="34.930829" lon="127.692291">
			<ele>0.00</ele>
			<time>2020-01-19T15:41:52.84Z</time>
		</trkpt>
		<trkpt lat="34.930826" lon="127.692205">
			<ele>0.00</ele>
			<time>2020-01-19T15:41:53.31Z</time>
		</trkpt>
		<trkpt lat="34.930828" lon="127.692138">
			<ele>0.00</ele>
			<time>2020-01-19T15:41:53.68Z</time>
		</trkpt>
		<trkpt lat="34.930857" lon="127.692063">
			<ele>0.00</ele>
			<time>2020-01-19T15:41:54.14Z</time>
		</trkpt>
		<trkpt lat="34.930886" lon="127.691971">
			<ele>0.00</ele>
			<time>2020-01-19T15:41:54.67Z</time>
		</trkpt>
		<trkpt lat="34.930905" lon="127.691901">
			<ele>0.00</ele>
			<time>2020-01-19T15:41:55.08Z</time>
		</trkpt>
		<trkpt lat="34.930912" lon="127.691810">
			<ele>0.00</ele>
			<time>2020-01-19T15:41:55.57Z</time>
		</trkpt>
		<trkpt lat="34.930907" lon="127.691700">
			<ele>0.00</ele>
			<time>2020-01-19T15:41:56.18Z</time>
		</trkpt>
		<trkpt lat="34.930902" lon="127.691595">
			<ele>0.00</ele>
			<time>2020-01-19T15:41:56.75Z</time>
		</trkpt>
		<trkpt lat="34.930899" lon="127.691487">
			<ele>0.00</ele>
			<time>2020-01-19T15:41:57.35Z</time>
		</trkpt>
		<trkpt lat="34.930920" lon="127.691390">
			<ele>0.00</ele>
			<time>2020-01-19T15:41:57.89Z</time>
		</trkpt>
		<trkpt lat="34.930961" lon="127.691267">
			<ele>0.00</ele>
			<time>2020-01-19T15:41:58.62Z</time>
		</trkpt>
		<trkpt lat="34.931010" lon="127.691155">
			<ele>0.00</ele>
			<time>2020-01-19T15:41:59.31Z</time>
		</trkpt>
		<trkpt lat="34.931056" lon="127.691015">
			<ele>0.00</ele>
			<time>2020-01-19T15:42:00.13Z</time>
		</trkpt>
		<trkpt lat="34.931072" lon="127.690893">
			<ele>0.00</ele>
			<time>2020-01-19T15:42:00.81Z</time>
		</trkpt>
		<trkpt lat="34.931053" lon="127.690776">
			<ele>0.00</ele>
			<time>2020-01-19T15:42:01.46Z</time>
		</trkpt>
		<trkpt lat="34.931052" lon="127.690651">
			<ele>0.00</ele>
			<time>2020-01-19T15:42:02.15Z</time>
		</trkpt>
		<trkpt lat="34.931054" lon="127.690540">
			<ele>0.00</ele>
			<time>2020-01-19T15:42:02.75Z</time>
		</trkpt>
		<trkpt lat="34.931055" lon="127.690418">
			<ele>0.00</ele>
			<time>2020-01-19T15:42:03.42Z</time>
		</trkpt>
		<trkpt lat="34.931087" lon="127.690316">
			<ele>0.00</ele>
			<time>2020-01-19T15:42:04.02Z</time>
		</trkpt>
		<trkpt lat="34.931122" lon="127.690214">
			<ele>0.00</ele>
			<time>2020-01-19T15:42:04.62Z</time>
		</trkpt>
		<trkpt lat="34.931147" lon="127.690118">
			<ele>0.00</ele>
			<time>2020-01-19T15:42:05.17Z</time>
		</trkpt>
		<trkpt lat="34.931158" lon="127.690006">
			<ele>0.00</ele>
			<time>2020-01-19T15:42:05.78Z</time>
		</trkpt>
		<trkpt lat="34.931161" lon="127.689952">
			<ele>0.00</ele>
			<time>2020-01-19T15:42:06.08Z</time>
		</trkpt>
		<trkpt lat="34.931159" lon="127.689893">
			<ele>0.00</ele>
			<time>2020-01-19T15:42:06.41Z</time>
		</trkpt>
		<trkpt lat="34.931150" lon="127.689819">
			<ele>0.00</ele>
			<time>2020-01-19T15:42:06.81Z</time>
		</trkpt>
		<trkpt lat="34.931150" lon="127.689743">
			<ele>0.00</ele>
			<time>2020-01-19T15:42:07.23Z</time>
		</trkpt>
		<trkpt lat="34.931150" lon="127.689671">
			<ele>0.00</ele>
			<time>2020-01-19T15:42:07.62Z</time>
		</trkpt>
		<trkpt lat="34.931146" lon="127.689606">
			<ele>0.00</ele>
			<time>2020-01-19T15:42:07.98Z</time>
		</trkpt>
		<trkpt lat="34.931199" lon="127.689542">
			<ele>0.00</ele>
			<time>2020-01-19T15:42:08.48Z</time>
		</trkpt>
		<trkpt lat="34.931263" lon="127.689478">
			<ele>0.00</ele>
			<time>2020-01-19T15:42:09.03Z</time>
		</trkpt>
		<trkpt lat="34.931336" lon="127.689392">
			<ele>0.00</ele>
			<time>2020-01-19T15:42:09.70Z</time>
		</trkpt>
		<trkpt lat="34.931384" lon="127.689351">
			<ele>0.00</ele>
			<time>2020-01-19T15:42:10.10Z</time>
		</trkpt>
		<trkpt lat="34.931333" lon="127.689263">
			<ele>0.00</ele>
			<time>2020-01-19T15:42:10.68Z</time>
		</trkpt>
		<trkpt lat="34.931291" lon="127.689211">
			<ele>0.00</ele>
			<time>2020-01-19T15:42:11.08Z</time>
		</trkpt>
		<trkpt lat="34.931227" lon="127.689205">
			<ele>0.00</ele>
			<time>2020-01-19T15:42:11.50Z</time>
		</trkpt>
		<trkpt lat="34.931238" lon="127.689068">
			<ele>0.00</ele>
			<time>2020-01-19T15:42:12.26Z</time>
		</trkpt>
		<trkpt lat="34.931259" lon="127.688934">
			<ele>0.00</ele>
			<time>2020-01-19T15:42:13Z</time>
		</trkpt>
		<trkpt lat="34.931285" lon="127.688858">
			<ele>0.00</ele>
			<time>2020-01-19T15:42:13.45Z</time>
		</trkpt>
		<trkpt lat="34.931316" lon="127.688794">
			<ele>0.00</ele>
			<time>2020-01-19T15:42:13.86Z</time>
		</trkpt>
		<trkpt lat="34.931344" lon="127.688740">
			<ele>0.00</ele>
			<time>2020-01-19T15:42:14.21Z</time>
		</trkpt>
		<trkpt lat="34.931376" lon="127.688685">
			<ele>0.00</ele>
			<time>2020-01-19T15:42:14.58Z</time>
		</trkpt>
		<trkpt lat="34.931345" lon="127.688628">
			<ele>0.00</ele>
			<time>2020-01-19T15:42:14.96Z</time>
		</trkpt>
		<trkpt lat="34.931317" lon="127.688562">
			<ele>0.00</ele>
			<time>2020-01-19T15:42:15.36Z</time>
		</trkpt>
		<trkpt lat="34.931315" lon="127.688479">
			<ele>0.00</ele>
			<time>2020-01-19T15:42:15.81Z</time>
		</trkpt>
		<trkpt lat="34.931332" lon="127.688343">
			<ele>0.00</ele>
			<time>2020-01-19T15:42:16.57Z</time>
		</trkpt>
		<trkpt lat="34.931365" lon="127.688196">
			<ele>0.00</ele>
			<time>2020-01-19T15:42:17.40Z</time>
		</trkpt>
		<trkpt lat="34.931384" lon="127.688001">
			<ele>0.00</ele>
			<time>2020-01-19T15:42:18.47Z</time>
		</trkpt>
		<trkpt lat="34.931416" lon="127.687837">
			<ele>0.00</ele>
			<time>2020-01-19T15:42:19.39Z</time>
		</trkpt>
		<trkpt lat="34.931431" lon="127.687705">
			<ele>0.00</ele>
			<time>2020-01-19T15:42:20.12Z</time>
		</trkpt>
		<trkpt lat="34.931449" lon="127.687518">
			<ele>0.00</ele>
			<time>2020-01-19T15:42:21.15Z</time>
		</trkpt>
		<trkpt lat="34.931474" lon="127.687359">
			<ele>0.00</ele>
			<time>2020-01-19T15:42:22.03Z</time>
		</trkpt>
		<trkpt lat="34.931501" lon="127.687170">
			<ele>0.00</ele>
			<time>2020-01-19T15:42:23.09Z</time>
		</trkpt>
		<trkpt lat="34.931519" lon="127.686964">
			<ele>0.00</ele>
			<time>2020-01-19T15:42:24.22Z</time>
		</trkpt>
		<trkpt lat="34.931546" lon="127.686822">
			<ele>0.00</ele>
			<time>2020-01-19T15:42:25.02Z</time>
		</trkpt>
		<trkpt lat="34.931562" lon="127.686641">
			<ele>0.00</ele>
			<time>2020-01-19T15:42:26.01Z</time>
		</trkpt>
		<trkpt lat="34.931594" lon="127.686465">
			<ele>0.00</ele>
			<time>2020-01-19T15:42:27Z</time>
		</trkpt>
		<trkpt lat="34.931616" lon="127.686305">
			<ele>0.00</ele>
			<time>2020-01-19T15:42:27.88Z</time>
		</trkpt>
		<trkpt lat="34.931646" lon="127.686143">
			<ele>0.00</ele>
			<time>2020-01-19T15:42:28.79Z</time>
		</trkpt>
		<trkpt lat="34.931679" lon="127.685950">
			<ele>0.00</ele>
			<time>2020-01-19T15:42:29.86Z</time>
		</trkpt>
		<trkpt lat="34.931705" lon="127.685819">
			<ele>0.00</ele>
			<time>2020-01-19T15:42:30.60Z</time>
		</trkpt>
		<trkpt lat="34.931722" lon="127.685684">
			<ele>0.00</ele>
			<time>2020-01-19T15:42:31.35Z</time>
		</trkpt>
		<trkpt lat="34.931744" lon="127.685545">
			<ele>0.00</ele>
			<time>2020-01-19T15:42:32.12Z</time>
		</trkpt>
		<trkpt lat="34.931765" lon="127.685385">
			<ele>0.00</ele>
			<time>2020-01-19T15:42:33.01Z</time>
		</trkpt>
		<trkpt lat="34.931782" lon="127.685245">
			<ele>0.00</ele>
			<time>2020-01-19T15:42:33.78Z</time>
		</trkpt>
		<trkpt lat="34.931806" lon="127.685093">
			<ele>0.00</ele>
			<time>2020-01-19T15:42:34.63Z</time>
		</trkpt>
		<trkpt lat="34.931813" lon="127.684981">
			<ele>0.00</ele>
			<time>2020-01-19T15:42:35.24Z</time>
		</trkpt>
		<trkpt lat="34.931841" lon="127.684822">
			<ele>0.00</ele>
			<time>2020-01-19T15:42:36.13Z</time>
		</trkpt>
		<trkpt lat="34.931858" lon="127.684680">
			<ele>0.00</ele>
			<time>2020-01-19T15:42:36.92Z</time>
		</trkpt>
		<trkpt lat="34.931887" lon="127.684497">
			<ele>0.00</ele>
			<time>2020-01-19T15:42:37.93Z</time>
		</trkpt>
		<trkpt lat="34.931911" lon="127.684310">
			<ele>0.00</ele>
			<time>2020-01-19T15:42:38.97Z</time>
		</trkpt>
		<trkpt lat="34.931935" lon="127.684171">
			<ele>0.00</ele>
			<time>2020-01-19T15:42:39.75Z</time>
		</trkpt>
		<trkpt lat="34.931956" lon="127.683987">
			<ele>0.00</ele>
			<time>2020-01-19T15:42:40.76Z</time>
		</trkpt>
		<trkpt lat="34.931972" lon="127.683812">
			<ele>0.00</ele>
			<time>2020-01-19T15:42:41.72Z</time>
		</trkpt>
		<trkpt lat="34.931994" lon="127.683604">
			<ele>0.00</ele>
			<time>2020-01-19T15:42:42.87Z</time>
		</trkpt>
		<trkpt lat="34.932019" lon="127.683437">
			<ele>0.00</ele>
			<time>2020-01-19T15:42:43.80Z</time>
		</trkpt>
		<trkpt lat="34.932039" lon="127.683258">
			<ele>0.00</ele>
			<time>2020-01-19T15:42:44.79Z</time>
		</trkpt>
		<trkpt lat="34.932059" lon="127.683069">
			<ele>0.00</ele>
			<time>2020-01-19T15:42:45.82Z</time>
		</trkpt>
		<trkpt lat="34.932074" lon="127.682919">
			<ele>0.00</ele>
			<time>2020-01-19T15:42:46.65Z</time>
		</trkpt>
		<trkpt lat="34.932102" lon="127.682730">
			<ele>0.00</ele>
			<time>2020-01-19T15:42:47.70Z</time>
		</trkpt>
		<trkpt lat="34.932133" lon="127.682533">
			<ele>0.00</ele>
			<time>2020-01-19T15:42:48.80Z</time>
		</trkpt>
		<trkpt lat="34.932168" lon="127.682276">
			<ele>0.00</ele>
			<time>2020-01-19T15:42:50.22Z</time>
		</trkpt>
		<trkpt lat="34.932189" lon="127.682079">
			<ele>0.00</ele>
			<time>2020-01-19T15:42:51.31Z</time>
		</trkpt>
		<trkpt lat="34.932218" lon="127.681898">
			<ele>0.00</ele>
			<time>2020-01-19T15:42:52.32Z</time>
		</trkpt>
		<trkpt lat="34.932239" lon="127.681728">
			<ele>0.00</ele>
			<time>2020-01-19T15:42:53.25Z</time>
		</trkpt>
		<trkpt lat="34.932264" lon="127.681541">
			<ele>0.00</ele>
			<time>2020-01-19T15:42:54.29Z</time>
		</trkpt>
		<trkpt lat="34.932279" lon="127.681395">
			<ele>0.00</ele>
			<time>2020-01-19T15:42:55.10Z</time>
		</trkpt>
		<trkpt lat="34.932299" lon="127.681203">
			<ele>0.00</ele>
			<time>2020-01-19T15:42:56.15Z</time>
		</trkpt>
		<trkpt lat="34.932322" lon="127.681029">
			<ele>0.00</ele>
			<time>2020-01-19T15:42:57.11Z</time>
		</trkpt>
		<trkpt lat="34.932346" lon="127.680828">
			<ele>0.00</ele>
			<time>2020-01-19T15:42:58.22Z</time>
		</trkpt>
		<trkpt lat="34.932374" lon="127.680641">
			<ele>0.00</ele>
			<time>2020-01-19T15:42:59.26Z</time>
		</trkpt>
		<trkpt lat="34.932404" lon="127.680457">
			<ele>0.00</ele>
			<time>2020-01-19T15:43:00.29Z</time>
		</trkpt>
		<trkpt lat="34.932429" lon="127.680264">
			<ele>0.00</ele>
			<time>2020-01-19T15:43:01.36Z</time>
		</trkpt>
		<trkpt lat="34.932456" lon="127.680039">
			<ele>0.00</ele>
			<time>2020-01-19T15:43:02.60Z</time>
		</trkpt>
		<trkpt lat="34.932482" lon="127.679812">
			<ele>0.00</ele>
			<time>2020-01-19T15:43:03.85Z</time>
		</trkpt>
		<trkpt lat="34.932509" lon="127.679611">
			<ele>0.00</ele>
			<time>2020-01-19T15:43:04.97Z</time>
		</trkpt>
		<trkpt lat="34.932540" lon="127.679373">
			<ele>0.00</ele>
			<time>2020-01-19T15:43:06.28Z</time>
		</trkpt>
		<trkpt lat="34.932565" lon="127.679185">
			<ele>0.00</ele>
			<time>2020-01-19T15:43:07.33Z</time>
		</trkpt>
		<trkpt lat="34.932594" lon="127.678972">
			<ele>0.00</ele>
			<time>2020-01-19T15:43:08.51Z</time>
		</trkpt>
		<trkpt lat="34.932616" lon="127.678802">
			<ele>0.00</ele>
			<time>2020-01-19T15:43:09.45Z</time>
		</trkpt>
		<trkpt lat="34.932650" lon="127.678586">
			<ele>0.00</ele>
			<time>2020-01-19T15:43:10.65Z</time>
		</trkpt>
		<trkpt lat="34.932701" lon="127.678239">
			<ele>0.00</ele>
			<time>2020-01-19T15:43:12.58Z</time>
		</trkpt>
		<trkpt lat="34.932741" lon="127.677992">
			<ele>0.00</ele>
			<time>2020-01-19T15:43:13.95Z</time>
		</trkpt>
		<trkpt lat="34.932792" lon="127.677762">
			<ele>0.00</ele>
			<time>2020-01-19T15:43:15.26Z</time>
		</trkpt>
		<trkpt lat="34.932823" lon="127.677556">
			<ele>0.00</ele>
			<time>2020-01-19T15:43:16.40Z</time>
		</trkpt>
		<trkpt lat="34.932859" lon="127.677328">
			<ele>0.00</ele>
			<time>2020-01-19T15:43:17.67Z</time>
		</trkpt>
		<trkpt lat="34.932882" lon="127.677093">
			<ele>0.00</ele>
			<time>2020-01-19T15:43:18.96Z</time>
		</trkpt>
		<trkpt lat="34.932929" lon="127.676841">
			<ele>0.00</ele>
			<time>2020-01-19T15:43:20.37Z</time>
		</trkpt>
		<trkpt lat="34.932960" lon="127.676563">
			<ele>0.00</ele>
			<time>2020-01-19T15:43:21.91Z</time>
		</trkpt>
		<trkpt lat="34.932997" lon="127.676312">
			<ele>0.00</ele>
			<time>2020-01-19T15:43:23.30Z</time>
		</trkpt>
		<trkpt lat="34.933039" lon="127.676011">
			<ele>0.00</ele>
			<time>2020-01-19T15:43:24.97Z</time>
		</trkpt>
		<trkpt lat="34.933100" lon="127.675703">
			<ele>0.00</ele>
			<time>2020-01-19T15:43:26.70Z</time>
		</trkpt>
		<trkpt lat="34.933131" lon="127.675433">
			<ele>0.00</ele>
			<time>2020-01-19T15:43:28.19Z</time>
		</trkpt>
		<trkpt lat="34.933173" lon="127.675146">
			<ele>0.00</ele>
			<time>2020-01-19T15:43:29.78Z</time>
		</trkpt>
		<trkpt lat="34.933201" lon="127.674791">
			<ele>0.00</ele>
			<time>2020-01-19T15:43:31.73Z</time>
		</trkpt>
		<trkpt lat="34.933221" lon="127.674473">
			<ele>0.00</ele>
			<time>2020-01-19T15:43:33.48Z</time>
		</trkpt>
		<trkpt lat="34.933241" lon="127.674140">
			<ele>0.00</ele>
			<time>2020-01-19T15:43:35.30Z</time>
		</trkpt>
		<trkpt lat="34.933226" lon="127.673915">
			<ele>0.00</ele>
			<time>2020-01-19T15:43:36.53Z</time>
		</trkpt>
		<trkpt lat="34.933225" lon="127.673673">
			<ele>0.00</ele>
			<time>2020-01-19T15:43:37.86Z</time>
		</trkpt>
		<trkpt lat="34.933213" lon="127.673463">
			<ele>0.00</ele>
			<time>2020-01-19T15:43:39.01Z</time>
		</trkpt>
		<trkpt lat="34.933197" lon="127.673247">
			<ele>0.00</ele>
			<time>2020-01-19T15:43:40.20Z</time>
		</trkpt>
		<trkpt lat="34.933179" lon="127.673064">
			<ele>0.00</ele>
			<time>2020-01-19T15:43:41.20Z</time>
		</trkpt>
		<trkpt lat="34.933148" lon="127.672865">
			<ele>0.00</ele>
			<time>2020-01-19T15:43:42.31Z</time>
		</trkpt>
		<trkpt lat="34.933112" lon="127.672671">
			<ele>0.00</ele>
			<time>2020-01-19T15:43:43.40Z</time>
		</trkpt>
		<trkpt lat="34.933057" lon="127.672422">
			<ele>0.00</ele>
			<time>2020-01-19T15:43:44.80Z</time>
		</trkpt>
		<trkpt lat="34.933011" lon="127.672226">
			<ele>0.00</ele>
			<time>2020-01-19T15:43:45.92Z</time>
		</trkpt>
		<trkpt lat="34.932998" lon="127.672109">
			<ele>0.00</ele>
			<time>2020-01-19T15:43:46.57Z</time>
		</trkpt>
		<trkpt lat="34.932942" lon="127.672042">
			<ele>0.00</ele>
			<time>2020-01-19T15:43:47.08Z</time>
		</trkpt>
		<trkpt lat="34.932918" lon="127.672010">
			<ele>0.00</ele>
			<time>2020-01-19T15:43:47.32Z</time>
		</trkpt>
		<trkpt lat="34.932953" lon="127.671931">
			<ele>0.00</ele>
			<time>2020-01-19T15:43:47.81Z</time>
		</trkpt>
		<trkpt lat="34.932974" lon="127.671876">
			<ele>0.00</ele>
			<time>2020-01-19T15:43:48.14Z</time>
		</trkpt>
		<trkpt lat="34.932923" lon="127.671797">
			<ele>0.00</ele>
			<time>2020-01-19T15:43:48.69Z</time>
		</trkpt>
		<trkpt lat="34.932835" lon="127.671630">
			<ele>0.00</ele>
			<time>2020-01-19T15:43:49.78Z</time>
		</trkpt>
		<trkpt lat="34.932738" lon="127.671446">
			<ele>0.00</ele>
			<time>2020-01-19T15:43:50.97Z</time>
		</trkpt>
		<trkpt lat="34.932619" lon="127.671229">
			<ele>0.00</ele>
			<time>2020-01-19T15:43:52.40Z</time>
		</trkpt>
		<trkpt lat="34.932520" lon="127.671031">
			<ele>0.00</ele>
			<time>2020-01-19T15:43:53.67Z</time>
		</trkpt>
		<trkpt lat="34.932379" lon="127.670813">
			<ele>0.00</ele>
			<time>2020-01-19T15:43:55.18Z</time>
		</trkpt>
		<trkpt lat="34.932269" lon="127.670643">
			<ele>0.00</ele>
			<time>2020-01-19T15:43:56.37Z</time>
		</trkpt>
		<trkpt lat="34.932179" lon="127.670490">
			<ele>0.00</ele>
			<time>2020-01-19T15:43:57.40Z</time>
		</trkpt>
		<trkpt lat="34.932087" lon="127.670349">
			<ele>0.00</ele>
			<time>2020-01-19T15:43:58.38Z</time>
		</trkpt>
		<trkpt lat="34.931971" lon="127.670187">
			<ele>0.00</ele>
			<time>2020-01-19T15:43:59.56Z</time>
		</trkpt>
		<trkpt lat="34.931816" lon="127.670014">
			<ele>0.00</ele>
			<time>2020-01-19T15:44:00.96Z</time>
		</trkpt>
		<trkpt lat="34.931663" lon="127.669869">
			<ele>0.00</ele>
			<time>2020-01-19T15:44:02.25Z</time>
		</trkpt>
		<trkpt lat="34.931515" lon="127.669731">
			<ele>0.00</ele>
			<time>2020-01-19T15:44:03.49Z</time>
		</trkpt>
		<trkpt lat="34.931336" lon="127.669563">
			<ele>0.00</ele>
			<time>2020-01-19T15:44:05Z</time>
		</trkpt>
		<trkpt lat="34.931137" lon="127.669409">
			<ele>0.00</ele>
			<time>2020-01-19T15:44:06.57Z</time>
		</trkpt>
		<trkpt lat="34.930951" lon="127.669274">
			<ele>0.00</ele>
			<time>2020-01-19T15:44:08.01Z</time>
		</trkpt>
		<trkpt lat="34.930805" lon="127.669166">
			<ele>0.00</ele>
			<time>2020-01-19T15:44:09.15Z</time>
		</trkpt>
		<trkpt lat="34.930632" lon="127.669034">
			<ele>0.00</ele>
			<time>2020-01-19T15:44:10.51Z</time>
		</trkpt>
		<trkpt lat="34.930487" lon="127.668945">
			<ele>0.00</ele>
			<time>2020-01-19T15:44:11.59Z</time>
		</trkpt>
		<trkpt lat="34.930310" lon="127.668821">
			<ele>0.00</ele>
			<time>2020-01-19T15:44:12.95Z</time>
		</trkpt>
		<trkpt lat="34.930089" lon="127.668699">
			<ele>0.00</ele>
			<time>2020-01-19T15:44:14.57Z</time>
		</trkpt>
		<trkpt lat="34.929908" lon="127.668576">
			<ele>0.00</ele>
			<time>2020-01-19T15:44:15.95Z</time>
		</trkpt>
		<trkpt lat="34.929727" lon="127.668447">
			<ele>0.00</ele>
			<time>2020-01-19T15:44:17.35Z</time>
		</trkpt>
		<trkpt lat="34.929504" lon="127.668295">
			<ele>0.00</ele>
			<time>2020-01-19T15:44:19.05Z</time>
		</trkpt>
		<trkpt lat="34.929352" lon="127.668191">
			<ele>0.00</ele>
			<time>2020-01-19T15:44:20.22Z</time>
		</trkpt>
		<trkpt lat="34.929197" lon="127.668092">
			<ele>0.00</ele>
			<time>2020-01-19T15:44:21.38Z</time>
		</trkpt>
		<trkpt lat="34.929009" lon="127.667967">
			<ele>0.00</ele>
			<time>2020-01-19T15:44:22.81Z</time>
		</trkpt>
		<trkpt lat="34.928840" lon="127.667852">
			<ele>0.00</ele>
			<time>2020-01-19T15:44:24.10Z</time>
		</trkpt>
		<trkpt lat="34.928668" lon="127.667742">
			<ele>0.00</ele>
			<time>2020-01-19T15:44:25.39Z</time>
		</trkpt>
		<trkpt lat="34.928511" lon="127.667623">
			<ele>0.00</ele>
			<time>2020-01-19T15:44:26.63Z</time>
		</trkpt>
		<trkpt lat="34.928357" lon="127.667516">
			<ele>0.00</ele>
			<time>2020-01-19T15:44:27.81Z</time>
		</trkpt>
		<trkpt lat="34.928277" lon="127.667440">
			<ele>0.00</ele>
			<time>2020-01-19T15:44:28.48Z</time>
		</trkpt>
		<trkpt lat="34.928207" lon="127.667373">
			<ele>0.00</ele>
			<time>2020-01-19T15:44:29.08Z</time>
		</trkpt>
		<trkpt lat="34.928190" lon="127.667320">
			<ele>0.00</ele>
			<time>2020-01-19T15:44:29.38Z</time>
		</trkpt>
		<trkpt lat="34.928192" lon="127.667262">
			<ele>0.00</ele>
			<time>2020-01-19T15:44:29.70Z</time>
		</trkpt>
		<trkpt lat="34.928202" lon="127.667197">
			<ele>0.00</ele>
			<time>2020-01-19T15:44:30.06Z</time>
		</trkpt>
		<trkpt lat="34.928212" lon="127.667134">
			<ele>0.00</ele>
			<time>2020-01-19T15:44:30.42Z</time>
		</trkpt>
		<trkpt lat="34.928220" lon="127.667081">
			<ele>0.00</ele>
			<time>2020-01-19T15:44:30.71Z</time>
		</trkpt>
		<trkpt lat="34.928262" lon="127.667035">
			<ele>0.00</ele>
			<time>2020-01-19T15:44:31.09Z</time>
		</trkpt>
		<trkpt lat="34.928311" lon="127.667001">
			<ele>0.00</ele>
			<time>2020-01-19T15:44:31.46Z</time>
		</trkpt>
		<trkpt lat="34.928369" lon="127.666966">
			<ele>0.00</ele>
			<time>2020-01-19T15:44:31.89Z</time>
		</trkpt>
		<trkpt lat="34.928432" lon="127.666957">
			<ele>0.00</ele>
			<time>2020-01-19T15:44:32.32Z</time>
		</trkpt>
		<trkpt lat="34.928494" lon="127.666959">
			<ele>0.00</ele>
			<time>2020-01-19T15:44:32.73Z</time>
		</trkpt>
		<trkpt lat="34.928537" lon="127.666922">
			<ele>0.00</ele>
			<time>2020-01-19T15:44:33.08Z</time>
		</trkpt>
		<trkpt lat="34.928577" lon="127.666853">
			<ele>0.00</ele>
			<time>2020-01-19T15:44:33.55Z</time>
		</trkpt>
		<trkpt lat="34.928586" lon="127.666778">
			<ele>0.00</ele>
			<time>2020-01-19T15:44:33.95Z</time>
		</trkpt>
		<trkpt lat="34.928606" lon="127.666717">
			<ele>0.00</ele>
			<time>2020-01-19T15:44:34.32Z</time>
		</trkpt>
		<trkpt lat="34.928662" lon="127.666687">
			<ele>0.00</ele>
			<time>2020-01-19T15:44:34.73Z</time>
		</trkpt>
		<trkpt lat="34.928749" lon="127.666679">
			<ele>0.00</ele>
			<time>2020-01-19T15:44:35.31Z</time>
		</trkpt>
		<trkpt lat="34.928830" lon="127.666680">
			<ele>0.00</ele>
			<time>2020-01-19T15:44:35.85Z</time>
		</trkpt>
		<trkpt lat="34.928890" lon="127.666696">
			<ele>0.00</ele>
			<time>2020-01-19T15:44:36.26Z</time>
		</trkpt>
		<trkpt lat="34.928956" lon="127.666712">
			<ele>0.00</ele>
			<time>2020-01-19T15:44:36.71Z</time>
		</trkpt>
		<trkpt lat="34.929037" lon="127.666740">
			<ele>0.00</ele>
			<time>2020-01-19T15:44:37.27Z</time>
		</trkpt>
		<trkpt lat="34.929099" lon="127.666742">
			<ele>0.00</ele>
			<time>2020-01-19T15:44:37.68Z</time>
		</trkpt>
		<trkpt lat="34.929178" lon="127.666727">
			<ele>0.00</ele>
			<time>2020-01-19T15:44:38.21Z</time>
		</trkpt>
		<trkpt lat="34.929258" lon="127.666699">
			<ele>0.00</ele>
			<time>2020-01-19T15:44:38.77Z</time>
		</trkpt>
		<trkpt lat="34.929353" lon="127.666681">
			<ele>0.00</ele>
			<time>2020-01-19T15:44:39.41Z</time>
		</trkpt>
		<trkpt lat="34.929431" lon="127.666682">
			<ele>0.00</ele>
			<time>2020-01-19T15:44:39.93Z</time>
		</trkpt>
		<trkpt lat="34.929499" lon="127.666727">
			<ele>0.00</ele>
			<time>2020-01-19T15:44:40.45Z</time>
		</trkpt>
		<trkpt lat="34.929563" lon="127.666809">
			<ele>0.00</ele>
			<time>2020-01-19T15:44:41.06Z</time>
		</trkpt>
		<trkpt lat="34.929628" lon="127.666891">
			<ele>0.00</ele>
			<time>2020-01-19T15:44:41.69Z</time>
		</trkpt>
		<trkpt lat="34.929690" lon="127.666976">
			<ele>0.00</ele>
			<time>2020-01-19T15:44:42.31Z</time>
		</trkpt>
		<trkpt lat="34.929763" lon="127.667069">
			<ele>0.00</ele>
			<time>2020-01-19T15:44:43.01Z</time>
		</trkpt>
		<trkpt lat="34.929818" lon="127.667138">
			<ele>0.00</ele>
			<time>2020-01-19T15:44:43.54Z</time>
		</trkpt>
		<trkpt lat="34.929876" lon="127.667202">
			<ele>0.00</ele>
			<time>2020-01-19T15:44:44.06Z</time>
		</trkpt>
		<trkpt lat="34.929925" lon="127.667246">
			<ele>0.00</ele>
			<time>2020-01-19T15:44:44.47Z</time>
		</trkpt>
		<trkpt lat="34.929958" lon="127.667259">
			<ele>0.00</ele>
			<time>2020-01-19T15:44:44.70Z</time>
		</trkpt>
		<trkpt lat="34.929995" lon="127.667242">
			<ele>0.00</ele>
			<time>2020-01-19T15:44:44.96Z</time>
		</trkpt>
		<trkpt lat="34.929996" lon="127.667205">
			<ele>0.00</ele>
			<time>2020-01-19T15:44:45.17Z</time>
		</trkpt>
		<trkpt lat="34.929965" lon="127.667129">
			<ele>0.00</ele>
			<time>2020-01-19T15:44:45.63Z</time>
		</trkpt>
		<trkpt lat="34.929900" lon="127.667027">
			<ele>0.00</ele>
			<time>2020-01-19T15:44:46.33Z</time>
		</trkpt>
		<trkpt lat="34.929837" lon="127.666938">
			<ele>0.00</ele>
			<time>2020-01-19T15:44:46.98Z</time>
		</trkpt>
		<trkpt lat="34.929779" lon="127.666828">
			<ele>0.00</ele>
			<time>2020-01-19T15:44:47.69Z</time>
		</trkpt>
		<trkpt lat="34.929740" lon="127.666711">
			<ele>0.00</ele>
			<time>2020-01-19T15:44:48.38Z</time>
		</trkpt>
		<trkpt lat="34.929714" lon="127.666607">
			<ele>0.00</ele>
			<time>2020-01-19T15:44:48.98Z</time>
		</trkpt>
		<trkpt lat="34.929689" lon="127.666508">
			<ele>0.00</ele>
			<time>2020-01-19T15:44:49.55Z</time>
		</trkpt>
		<trkpt lat="34.929668" lon="127.666442">
			<ele>0.00</ele>
			<time>2020-01-19T15:44:49.93Z</time>
		</trkpt>
		<trkpt lat="34.929619" lon="127.666393">
			<ele>0.00</ele>
			<time>2020-01-19T15:44:50.35Z</time>
		</trkpt>
		<trkpt lat="34.929552" lon="127.666362">
			<ele>0.00</ele>
			<time>2020-01-19T15:44:50.83Z</time>
		</trkpt>
		<trkpt lat="34.929473" lon="127.666339">
			<ele>0.00</ele>
			<time>2020-01-19T15:44:51.37Z</time>
		</trkpt>
		<trkpt lat="34.929411" lon="127.666332">
			<ele>0.00</ele>
			<time>2020-01-19T15:44:51.79Z</time>
		</trkpt>
		<trkpt lat="34.929351" lon="127.666306">
			<ele>0.00</ele>
			<time>2020-01-19T15:44:52.21Z</time>
		</trkpt>
		<trkpt lat="34.929272" lon="127.666243">
			<ele>0.00</ele>
			<time>2020-01-19T15:44:52.84Z</time>
		</trkpt>
		<trkpt lat="34.929188" lon="127.666176">
			<ele>0.00</ele>
			<time>2020-01-19T15:44:53.51Z</time>
		</trkpt>
		<trkpt lat="34.929108" lon="127.666124">
			<ele>0.00</ele>
			<time>2020-01-19T15:44:54.11Z</time>
		</trkpt>
		<trkpt lat="34.929010" lon="127.666084">
			<ele>0.00</ele>
			<time>2020-01-19T15:44:54.81Z</time>
		</trkpt>
		<trkpt lat="34.928872" lon="127.666022">
			<ele>0.00</ele>
			<time>2020-01-19T15:44:55.78Z</time>
		</trkpt>
		<trkpt lat="34.928758" lon="127.665974">
			<ele>0.00</ele>
			<time>2020-01-19T15:44:56.59Z</time>
		</trkpt>
		<trkpt lat="34.928616" lon="127.665906">
			<ele>0.00</ele>
			<time>2020-01-19T15:44:57.61Z</time>
		</trkpt>
		<trkpt lat="34.928484" lon="127.665831">
			<ele>0.00</ele>
			<time>2020-01-19T15:44:58.58Z</time>
		</trkpt>
		<trkpt lat="34.928369" lon="127.665764">
			<ele>0.00</ele>
			<time>2020-01-19T15:44:59.42Z</time>
		</trkpt>
		<trkpt lat="34.928274" lon="127.665707">
			<ele>0.00</ele>
			<time>2020-01-19T15:45:00.13Z</time>
		</trkpt>
		<trkpt lat="34.928197" lon="127.665678">
			<ele>0.00</ele>
			<time>2020-01-19T15:45:00.67Z</time>
		</trkpt>
		<trkpt lat="34.928120" lon="127.665713">
			<ele>0.00</ele>
			<time>2020-01-19T15:45:01.22Z</time>
		</trkpt>
		<trkpt lat="34.928028" lon="127.665746">
			<ele>0.00</ele>
			<time>2020-01-19T15:45:01.85Z</time>
		</trkpt>
		<trkpt lat="34.927941" lon="127.665778">
			<ele>0.00</ele>
			<time>2020-01-19T15:45:02.46Z</time>
		</trkpt>
		<trkpt lat="34.927861" lon="127.665750">
			<ele>0.00</ele>
			<time>2020-01-19T15:45:03.02Z</time>
		</trkpt>
		<trkpt lat="34.927828" lon="127.665694">
			<ele>0.00</ele>
			<time>2020-01-19T15:45:03.40Z</time>
		</trkpt>
		<trkpt lat="34.927830" lon="127.665628">
			<ele>0.00</ele>
			<time>2020-01-19T15:45:03.75Z</time>
		</trkpt>
		<trkpt lat="34.927864" lon="127.665555">
			<ele>0.00</ele>
			<time>2020-01-19T15:45:04.22Z</time>
		</trkpt>
		<trkpt lat="34.927944" lon="127.665485">
			<ele>0.00</ele>
			<time>2020-01-19T15:45:04.87Z</time>
		</trkpt>
		<trkpt lat="34.928025" lon="127.665401">
			<ele>0.00</ele>
			<time>2020-01-19T15:45:05.58Z</time>
		</trkpt>
		<trkpt lat="34.928089" lon="127.665343">
			<ele>0.00</ele>
			<time>2020-01-19T15:45:06.11Z</time>
		</trkpt>
		<trkpt lat="34.928144" lon="127.665281">
			<ele>0.00</ele>
			<time>2020-01-19T15:45:06.61Z</time>
		</trkpt>
		<trkpt lat="34.928212" lon="127.665175">
			<ele>0.00</ele>
			<time>2020-01-19T15:45:07.35Z</time>
		</trkpt>
		<trkpt lat="34.928251" lon="127.665085">
			<ele>0.00</ele>
			<time>2020-01-19T15:45:07.90Z</time>
		</trkpt>
		<trkpt lat="34.928292" lon="127.664980">
			<ele>0.00</ele>
			<time>2020-01-19T15:45:08.54Z</time>
		</trkpt>
		<trkpt lat="34.928330" lon="127.664887">
			<ele>0.00</ele>
			<time>2020-01-19T15:45:09.11Z</time>
		</trkpt>
		<trkpt lat="34.928371" lon="127.664815">
			<ele>0.00</ele>
			<time>2020-01-19T15:45:09.58Z</time>
		</trkpt>
		<trkpt lat="34.928431" lon="127.664730">
			<ele>0.00</ele>
			<time>2020-01-19T15:45:10.20Z</time>
		</trkpt>
		<trkpt lat="34.928500" lon="127.664676">
			<ele>0.00</ele>
			<time>2020-01-19T15:45:10.75Z</time>
		</trkpt>
		<trkpt lat="34.928567" lon="127.664620">
			<ele>0.00</ele>
			<time>2020-01-19T15:45:11.28Z</time>
		</trkpt>
		<trkpt lat="34.928648" lon="127.664558">
			<ele>0.00</ele>
			<time>2020-01-19T15:45:11.92Z</time>
		</trkpt>
		<trkpt lat="34.928708" lon="127.664489">
			<ele>0.00</ele>
			<time>2020-01-19T15:45:12.47Z</time>
		</trkpt>
		<trkpt lat="34.928781" lon="127.664398">
			<ele>0.00</ele>
			<time>2020-01-19T15:45:13.17Z</time>
		</trkpt>
		<trkpt lat="34.928856" lon="127.664324">
			<ele>0.00</ele>
			<time>2020-01-19T15:45:13.82Z</time>
		</trkpt>
		<trkpt lat="34.928930" lon="127.664244">
			<ele>0.00</ele>
			<time>2020-01-19T15:45:14.47Z</time>
		</trkpt>
		<trkpt lat="34.928970" lon="127.664154">
			<ele>0.00</ele>
			<time>2020-01-19T15:45:15.03Z</time>
		</trkpt>
		<trkpt lat="34.929029" lon="127.664041">
			<ele>0.00</ele>
			<time>2020-01-19T15:45:15.76Z</time>
		</trkpt>
		<trkpt lat="34.929070" lon="127.663921">
			<ele>0.00</ele>
			<time>2020-01-19T15:45:16.47Z</time>
		</trkpt>
		<trkpt lat="34.929107" lon="127.663814">
			<ele>0.00</ele>
			<time>2020-01-19T15:45:17.11Z</time>
		</trkpt>
		<trkpt lat="34.929134" lon="127.663737">
			<ele>0.00</ele>
			<time>2020-01-19T15:45:17.56Z</time>
		</trkpt>
		<trkpt lat="34.929145" lon="127.663614">
			<ele>0.00</ele>
			<time>2020-01-19T15:45:18.24Z</time>
		</trkpt>
		<trkpt lat="34.929138" lon="127.663515">
			<ele>0.00</ele>
			<time>2020-01-19T15:45:18.79Z</time>
		</trkpt>
		<trkpt lat="34.929121" lon="127.663425">
			<ele>0.00</ele>
			<time>2020-01-19T15:45:19.29Z</time>
		</trkpt>
		<trkpt lat="34.929099" lon="127.663344">
			<ele>0.00</ele>
			<time>2020-01-19T15:45:19.76Z</time>
		</trkpt>
		<trkpt lat="34.929085" lon="127.663248">
			<ele>0.00</ele>
			<time>2020-01-19T15:45:20.29Z</time>
		</trkpt>
		<trkpt lat="34.929080" lon="127.663141">
			<ele>0.00</ele>
			<time>2020-01-19T15:45:20.88Z</time>
		</trkpt>
		<trkpt lat="34.929076" lon="127.663039">
			<ele>0.00</ele>
			<time>2020-01-19T15:45:21.43Z</time>
		</trkpt>
		<trkpt lat="34.929052" lon="127.662940">
			<ele>0.00</ele>
			<time>2020-01-19T15:45:22Z</time>
		</trkpt>
		<trkpt lat="34.929003" lon="127.662840">
			<ele>0.00</ele>
			<time>2020-01-19T15:45:22.63Z</time>
		</trkpt>
		<trkpt lat="34.928945" lon="127.662774">
			<ele>0.00</ele>
			<time>2020-01-19T15:45:23.16Z</time>
		</trkpt>
		<trkpt lat="34.928872" lon="127.662698">
			<ele>0.00</ele>
			<time>2020-01-19T15:45:23.80Z</time>
		</trkpt>
		<trkpt lat="34.928792" lon="127.662616">
			<ele>0.00</ele>
			<time>2020-01-19T15:45:24.50Z</time>
		</trkpt>
		<trkpt lat="34.928715" lon="127.662529">
			<ele>0.00</ele>
			<time>2020-01-19T15:45:25.20Z</time>
		</trkpt>
		<trkpt lat="34.928656" lon="127.662444">
			<ele>0.00</ele>
			<time>2020-01-19T15:45:25.81Z</time>
		</trkpt>
		<trkpt lat="34.928587" lon="127.662359">
			<ele>0.00</ele>
			<time>2020-01-19T15:45:26.46Z</time>
		</trkpt>
		<trkpt lat="34.928519" lon="127.662289">
			<ele>0.00</ele>
			<time>2020-01-19T15:45:27.05Z</time>
		</trkpt>
		<trkpt lat="34.928457" lon="127.662259">
			<ele>0.00</ele>
			<time>2020-01-19T15:45:27.50Z</time>
		</trkpt>
		<trkpt lat="34.928363" lon="127.662212">
			<ele>0.00</ele>
			<time>2020-01-19T15:45:28.17Z</time>
		</trkpt>
		<trkpt lat="34.928251" lon="127.662171">
			<ele>0.00</ele>
			<time>2020-01-19T15:45:28.96Z</time>
		</trkpt>
		<trkpt lat="34.928138" lon="127.662120">
			<ele>0.00</ele>
			<time>2020-01-19T15:45:29.76Z</time>
		</trkpt>
		<trkpt lat="34.928024" lon="127.662071">
			<ele>0.00</ele>
			<time>2020-01-19T15:45:30.56Z</time>
		</trkpt>
		<trkpt lat="34.927945" lon="127.662031">
			<ele>0.00</ele>
			<time>2020-01-19T15:45:31.14Z</time>
		</trkpt>
		<trkpt lat="34.927854" lon="127.661960">
			<ele>0.00</ele>
			<time>2020-01-19T15:45:31.85Z</time>
		</trkpt>
		<trkpt lat="34.927783" lon="127.661888">
			<ele>0.00</ele>
			<time>2020-01-19T15:45:32.47Z</time>
		</trkpt>
		<trkpt lat="34.927725" lon="127.661787">
			<ele>0.00</ele>
			<time>2020-01-19T15:45:33.14Z</time>
		</trkpt>
		<trkpt lat="34.927694" lon="127.661707">
			<ele>0.00</ele>
			<time>2020-01-19T15:45:33.63Z</time>
		</trkpt>
		<trkpt lat="34.927687" lon="127.661624">
			<ele>0.00</ele>
			<time>2020-01-19T15:45:34.08Z</time>
		</trkpt>
		<trkpt lat="34.927692" lon="127.661565">
			<ele>0.00</ele>
			<time>2020-01-19T15:45:34.41Z</time>
		</trkpt>
		<trkpt lat="34.927708" lon="127.661502">
			<ele>0.00</ele>
			<time>2020-01-19T15:45:34.77Z</time>
		</trkpt>
		<trkpt lat="34.927773" lon="127.661444">
			<ele>0.00</ele>
			<time>2020-01-19T15:45:35.30Z</time>
		</trkpt>
		<trkpt lat="34.927852" lon="127.661388">
			<ele>0.00</ele>
			<time>2020-01-19T15:45:35.91Z</time>
		</trkpt>
		<trkpt lat="34.927943" lon="127.661357">
			<ele>0.00</ele>
			<time>2020-01-19T15:45:36.55Z</time>
		</trkpt>
		<trkpt lat="34.928048" lon="127.661318">
			<ele>0.00</ele>
			<time>2020-01-19T15:45:37.28Z</time>
		</trkpt>
		<trkpt lat="34.928181" lon="127.661281">
			<ele>0.00</ele>
			<time>2020-01-19T15:45:38.19Z</time>
		</trkpt>
		<trkpt lat="34.928289" lon="127.661266">
			<ele>0.00</ele>
			<time>2020-01-19T15:45:38.91Z</time>
		</trkpt>
		<trkpt lat="34.928417" lon="127.661236">
			<ele>0.00</ele>
			<time>2020-01-19T15:45:39.78Z</time>
		</trkpt>
		<trkpt lat="34.928547" lon="127.661212">
			<ele>0.00</ele>
			<time>2020-01-19T15:45:40.66Z</time>
		</trkpt>
		<trkpt lat="34.928653" lon="127.661186">
			<ele>0.00</ele>
			<time>2020-01-19T15:45:41.38Z</time>
		</trkpt>
		<trkpt lat="34.928762" lon="127.661144">
			<ele>0.00</ele>
			<time>2020-01-19T15:45:42.14Z</time>
		</trkpt>
		<trkpt lat="34.928884" lon="127.661116">
			<ele>0.00</ele>
			<time>2020-01-19T15:45:42.96Z</time>
		</trkpt>
		<trkpt lat="34.929020" lon="127.661116">
			<ele>0.00</ele>
			<time>2020-01-19T15:45:43.87Z</time>
		</trkpt>
		<trkpt lat="34.929113" lon="127.661106">
			<ele>0.00</ele>
			<time>2020-01-19T15:45:44.50Z</time>
		</trkpt>
		<trkpt lat="34.929208" lon="127.661089">
			<ele>0.00</ele>
			<time>2020-01-19T15:45:45.13Z</time>
		</trkpt>
		<trkpt lat="34.929304" lon="127.661070">
			<ele>0.00</ele>
			<time>2020-01-19T15:45:45.78Z</time>
		</trkpt>
		<trkpt lat="34.929393" lon="127.661047">
			<ele>0.00</ele>
			<time>2020-01-19T15:45:46.39Z</time>
		</trkpt>
		<trkpt lat="34.929483" lon="127.661006">
			<ele>0.00</ele>
			<time>2020-01-19T15:45:47.03Z</time>
		</trkpt>
		<trkpt lat="34.929589" lon="127.660962">
			<ele>0.00</ele>
			<time>2020-01-19T15:45:47.78Z</time>
		</trkpt>
		<trkpt lat="34.929718" lon="127.660917">
			<ele>0.00</ele>
			<time>2020-01-19T15:45:48.67Z</time>
		</trkpt>
		<trkpt lat="34.929842" lon="127.660878">
			<ele>0.00</ele>
			<time>2020-01-19T15:45:49.53Z</time>
		</trkpt>
		<trkpt lat="34.929957" lon="127.660828">
			<ele>0.00</ele>
			<time>2020-01-19T15:45:50.34Z</time>
		</trkpt>
		<trkpt lat="34.930070" lon="127.660763">
			<ele>0.00</ele>
			<time>2020-01-19T15:45:51.17Z</time>
		</trkpt>
		<trkpt lat="34.930170" lon="127.660693">
			<ele>0.00</ele>
			<time>2020-01-19T15:45:51.94Z</time>
		</trkpt>
		<trkpt lat="34.930274" lon="127.660606">
			<ele>0.00</ele>
			<time>2020-01-19T15:45:52.78Z</time>
		</trkpt>
		<trkpt lat="34.930360" lon="127.660540">
			<ele>0.00</ele>
			<time>2020-01-19T15:45:53.46Z</time>
		</trkpt>
		<trkpt lat="34.930444" lon="127.660493">
			<ele>0.00</ele>
			<time>2020-01-19T15:45:54.08Z</time>
		</trkpt>
		<trkpt lat="34.930519" lon="127.660456">
			<ele>0.00</ele>
			<time>2020-01-19T15:45:54.61Z</time>
		</trkpt>
		<trkpt lat="34.930600" lon="127.660410">
			<ele>0.00</ele>
			<time>2020-01-19T15:45:55.21Z</time>
		</trkpt>
		<trkpt lat="34.930672" lon="127.660343">
			<ele>0.00</ele>
			<time>2020-01-19T15:45:55.81Z</time>
		</trkpt>
		<trkpt lat="34.930733" lon="127.660237">
			<ele>0.00</ele>
			<time>2020-01-19T15:45:56.52Z</time>
		</trkpt>
		<trkpt lat="34.930773" lon="127.660136">
			<ele>0.00</ele>
			<time>2020-01-19T15:45:57.13Z</time>
		</trkpt>
		<trkpt lat="34.930812" lon="127.660033">
			<ele>0.00</ele>
			<time>2020-01-19T15:45:57.75Z</time>
		</trkpt>
		<trkpt lat="34.930848" lon="127.659928">
			<ele>0.00</ele>
			<time>2020-01-19T15:45:58.38Z</time>
		</trkpt>
		<trkpt lat="34.930875" lon="127.659815">
			<ele>0.00</ele>
			<time>2020-01-19T15:45:59.02Z</time>
		</trkpt>
		<trkpt lat="34.930902" lon="127.659674">
			<ele>0.00</ele>
			<time>2020-01-19T15:45:59.81Z</time>
		</trkpt>
		<trkpt lat="34.930922" lon="127.659544">
			<ele>0.00</ele>
			<time>2020-01-19T15:46:00.54Z</time>
		</trkpt>
		<trkpt lat="34.930912" lon="127.659448">
			<ele>0.00</ele>
			<time>2020-01-19T15:46:01.06Z</time>
		</trkpt>
		<trkpt lat="34.930875" lon="127.659344">
			<ele>0.00</ele>
			<time>2020-01-19T15:46:01.68Z</time>
		</trkpt>
		<trkpt lat="34.930843" lon="127.659259">
			<ele>0.00</ele>
			<time>2020-01-19T15:46:02.19Z</time>
		</trkpt>
		<trkpt lat="34.930823" lon="127.659169">
			<ele>0.00</ele>
			<time>2020-01-19T15:46:02.70Z</time>
		</trkpt>
		<trkpt lat="34.930834" lon="127.659077">
			<ele>0.00</ele>
			<time>2020-01-19T15:46:03.21Z</time>
		</trkpt>
		<trkpt lat="34.930866" lon="127.659003">
			<ele>0.00</ele>
			<time>2020-01-19T15:46:03.67Z</time>
		</trkpt>
		<trkpt lat="34.930902" lon="127.658927">
			<ele>0.00</ele>
			<time>2020-01-19T15:46:04.15Z</time>
		</trkpt>
		<trkpt lat="34.930944" lon="127.658818">
			<ele>0.00</ele>
			<time>2020-01-19T15:46:04.81Z</time>
		</trkpt>
		<trkpt lat="34.930983" lon="127.658750">
			<ele>0.00</ele>
			<time>2020-01-19T15:46:05.26Z</time>
		</trkpt>
		<trkpt lat="34.931025" lon="127.658692">
			<ele>0.00</ele>
			<time>2020-01-19T15:46:05.69Z</time>
		</trkpt>
		<trkpt lat="34.931068" lon="127.658649">
			<ele>0.00</ele>
			<time>2020-01-19T15:46:06.05Z</time>
		</trkpt>
		<trkpt lat="34.931125" lon="127.658614">
			<ele>0.00</ele>
			<time>2020-01-19T15:46:06.48Z</time>
		</trkpt>
		<trkpt lat="34.931185" lon="127.658597">
			<ele>0.00</ele>
			<time>2020-01-19T15:46:06.89Z</time>
		</trkpt>
		<trkpt lat="34.931268" lon="127.658594">
			<ele>0.00</ele>
			<time>2020-01-19T15:46:07.44Z</time>
		</trkpt>
		<trkpt lat="34.931347" lon="127.658587">
			<ele>0.00</ele>
			<time>2020-01-19T15:46:07.97Z</time>
		</trkpt>
		<trkpt lat="34.931431" lon="127.658572">
			<ele>0.00</ele>
			<time>2020-01-19T15:46:08.54Z</time>
		</trkpt>
		<trkpt lat="34.931509" lon="127.658547">
			<ele>0.00</ele>
			<time>2020-01-19T15:46:09.08Z</time>
		</trkpt>
		<trkpt lat="34.931583" lon="127.658518">
			<ele>0.00</ele>
			<time>2020-01-19T15:46:09.59Z</time>
		</trkpt>
		<trkpt lat="34.931671" lon="127.658497">
			<ele>0.00</ele>
			<time>2020-01-19T15:46:10.19Z</time>
		</trkpt>
		<trkpt lat="34.931741" lon="127.658499">
			<ele>0.00</ele>
			<time>2020-01-19T15:46:10.66Z</time>
		</trkpt>
		<trkpt lat="34.931818" lon="127.658490">
			<ele>0.00</ele>
			<time>2020-01-19T15:46:11.18Z</time>
		</trkpt>
		<trkpt lat="34.931866" lon="127.658471">
			<ele>0.00</ele>
			<time>2020-01-19T15:46:11.51Z</time>
		</trkpt>
		<trkpt lat="34.931924" lon="127.658442">
			<ele>0.00</ele>
			<time>2020-01-19T15:46:11.93Z</time>
		</trkpt>
		<trkpt lat="34.931985" lon="127.658396">
			<ele>0.00</ele>
			<time>2020-01-19T15:46:12.41Z</time>
		</trkpt>
		<trkpt lat="34.932025" lon="127.658353">
			<ele>0.00</ele>
			<time>2020-01-19T15:46:12.76Z</time>
		</trkpt>
		<trkpt lat="34.932083" lon="127.658283">
			<ele>0.00</ele>
			<time>2020-01-19T15:46:13.31Z</time>
		</trkpt>
		<trkpt lat="34.932128" lon="127.658214">
			<ele>0.00</ele>
			<time>2020-01-19T15:46:13.79Z</time>
		</trkpt>
		<trkpt lat="34.932182" lon="127.658147">
			<ele>0.00</ele>
			<time>2020-01-19T15:46:14.30Z</time>
		</trkpt>
		<trkpt lat="34.932225" lon="127.658096">
			<ele>0.00</ele>
			<time>2020-01-19T15:46:14.70Z</time>
		</trkpt>
		<trkpt lat="34.932269" lon="127.658049">
			<ele>0.00</ele>
			<time>2020-01-19T15:46:15.09Z</time>
		</trkpt>
		<trkpt lat="34.932335" lon="127.658005">
			<ele>0.00</ele>
			<time>2020-01-19T15:46:15.59Z</time>
		</trkpt>
		<trkpt lat="34.932388" lon="127.657984">
			<ele>0.00</ele>
			<time>2020-01-19T15:46:15.96Z</time>
		</trkpt>
		<trkpt lat="34.932463" lon="127.657979">
			<ele>0.00</ele>
			<time>2020-01-19T15:46:16.46Z</time>
		</trkpt>
		<trkpt lat="34.932559" lon="127.657984">
			<ele>0.00</ele>
			<time>2020-01-19T15:46:17.10Z</time>
		</trkpt>
		<trkpt lat="34.932624" lon="127.657984">
			<ele>0.00</ele>
			<time>2020-01-19T15:46:17.54Z</time>
		</trkpt>
		<trkpt lat="34.932696" lon="127.657966">
			<ele>0.00</ele>
			<time>2020-01-19T15:46:18.03Z</time>
		</trkpt>
		<trkpt lat="34.932783" lon="127.657933">
			<ele>0.00</ele>
			<time>2020-01-19T15:46:18.63Z</time>
		</trkpt>
		<trkpt lat="34.932859" lon="127.657911">
			<ele>0.00</ele>
			<time>2020-01-19T15:46:19.15Z</time>
		</trkpt>
		<trkpt lat="34.932960" lon="127.657871">
			<ele>0.00</ele>
			<time>2020-01-19T15:46:19.86Z</time>
		</trkpt>
		<trkpt lat="34.933017" lon="127.657832">
			<ele>0.00</ele>
			<time>2020-01-19T15:46:20.30Z</time>
		</trkpt>
		<trkpt lat="34.933073" lon="127.657799">
			<ele>0.00</ele>
			<time>2020-01-19T15:46:20.72Z</time>
		</trkpt>
		<trkpt lat="34.933130" lon="127.657755">
			<ele>0.00</ele>
			<time>2020-01-19T15:46:21.17Z</time>
		</trkpt>
		<trkpt lat="34.933190" lon="127.657711">
			<ele>0.00</ele>
			<time>2020-01-19T15:46:21.63Z</time>
		</trkpt>
		<trkpt lat="34.933239" lon="127.657657">
			<ele>0.00</ele>
			<time>2020-01-19T15:46:22.07Z</time>
		</trkpt>
		<trkpt lat="34.933272" lon="127.657604">
			<ele>0.00</ele>
			<time>2020-01-19T15:46:22.44Z</time>
		</trkpt>
		<trkpt lat="34.933292" lon="127.657506">
			<ele>0.00</ele>
			<time>2020-01-19T15:46:22.99Z</time>
		</trkpt>
		<trkpt lat="34.933290" lon="127.657419">
			<ele>0.00</ele>
			<time>2020-01-19T15:46:23.47Z</time>
		</trkpt>
		<trkpt lat="34.933269" lon="127.657298">
			<ele>0.00</ele>
			<time>2020-01-19T15:46:24.14Z</time>
		</trkpt>
		<trkpt lat="34.933257" lon="127.657205">
			<ele>0.00</ele>
			<time>2020-01-19T15:46:24.65Z</time>
		</trkpt>
		<trkpt lat="34.933240" lon="127.657141">
			<ele>0.00</ele>
			<time>2020-01-19T15:46:25.02Z</time>
		</trkpt>
		<trkpt lat="34.933231" lon="127.657054">
			<ele>0.00</ele>
			<time>2020-01-19T15:46:25.50Z</time>
		</trkpt>
		<trkpt lat="34.933224" lon="127.656960">
			<ele>0.00</ele>
			<time>2020-01-19T15:46:26.02Z</time>
		</trkpt>
		<trkpt lat="34.933215" lon="127.656854">
			<ele>0.00</ele>
			<time>2020-01-19T15:46:26.60Z</time>
		</trkpt>
		<trkpt lat="34.933203" lon="127.656729">
			<ele>0.00</ele>
			<time>2020-01-19T15:46:27.28Z</time>
		</trkpt>
		<trkpt lat="34.933190" lon="127.656643">
			<ele>0.00</ele>
			<time>2020-01-19T15:46:27.77Z</time>
		</trkpt>
		<trkpt lat="34.933172" lon="127.656572">
			<ele>0.00</ele>
			<time>2020-01-19T15:46:28.17Z</time>
		</trkpt>
		<trkpt lat="34.933142" lon="127.656498">
			<ele>0.00</ele>
			<time>2020-01-19T15:46:28.62Z</time>
		</trkpt>
		<trkpt lat="34.933104" lon="127.656402">
			<ele>0.00</ele>
			<time>2020-01-19T15:46:29.20Z</time>
		</trkpt>
		<trkpt lat="34.933056" lon="127.656313">
			<ele>0.00</ele>
			<time>2020-01-19T15:46:29.79Z</time>
		</trkpt>
		<trkpt lat="34.933016" lon="127.656247">
			<ele>0.00</ele>
			<time>2020-01-19T15:46:30.23Z</time>
		</trkpt>
		<trkpt lat="34.932978" lon="127.656193">
			<ele>0.00</ele>
			<time>2020-01-19T15:46:30.63Z</time>
		</trkpt>
		<trkpt lat="34.932956" lon="127.656136">
			<ele>0.00</ele>
			<time>2020-01-19T15:46:30.97Z</time>
		</trkpt>
		<trkpt lat="34.932945" lon="127.656092">
			<ele>0.00</ele>
			<time>2020-01-19T15:46:31.22Z</time>
		</trkpt>
		<trkpt lat="34.932932" lon="127.656007">
			<ele>0.00</ele>
			<time>2020-01-19T15:46:31.69Z</time>
		</trkpt>
		<trkpt lat="34.932917" lon="127.655949">
			<ele>0.00</ele>
			<time>2020-01-19T15:46:32.02Z</time>
		</trkpt>
		<trkpt lat="34.932897" lon="127.655908">
			<ele>0.00</ele>
			<time>2020-01-19T15:46:32.29Z</time>
		</trkpt>
		<trkpt lat="34.932856" lon="127.655874">
			<ele>0.00</ele>
			<time>2020-01-19T15:46:32.62Z</time>
		</trkpt>
		<trkpt lat="34.932792" lon="127.655852">
			<ele>0.00</ele>
			<time>2020-01-19T15:46:33.06Z</time>
		</trkpt>
		<trkpt lat="34.932718" lon="127.655840">
			<ele>0.00</ele>
			<time>2020-01-19T15:46:33.56Z</time>
		</trkpt>
		<trkpt lat="34.932648" lon="127.655840">
			<ele>0.00</ele>
			<time>2020-01-19T15:46:34.02Z</time>
		</trkpt>
		<trkpt lat="34.932596" lon="127.655828">
			<ele>0.00</ele>
			<time>2020-01-19T15:46:34.38Z</time>
		</trkpt>
		<trkpt lat="34.932545" lon="127.655808">
			<ele>0.00</ele>
			<time>2020-01-19T15:46:34.73Z</time>
		</trkpt>
		<trkpt lat="34.932477" lon="127.655762">
			<ele>0.00</ele>
			<time>2020-01-19T15:46:35.25Z</time>
		</trkpt>
		<trkpt lat="34.932415" lon="127.655687">
			<ele>0.00</ele>
			<time>2020-01-19T15:46:35.84Z</time>
		</trkpt>
		<trkpt lat="34.932377" lon="127.655613">
			<ele>0.00</ele>
			<time>2020-01-19T15:46:36.31Z</time>
		</trkpt>
		<trkpt lat="34.932352" lon="127.655543">
			<ele>0.00</ele>
			<time>2020-01-19T15:46:36.73Z</time>
		</trkpt>
		<trkpt lat="34.932343" lon="127.655458">
			<ele>0.00</ele>
			<time>2020-01-19T15:46:37.20Z</time>
		</trkpt>
		<trkpt lat="34.932347" lon="127.655369">
			<ele>0.00</ele>
			<time>2020-01-19T15:46:37.69Z</time>
		</trkpt>
		<trkpt lat="34.932354" lon="127.655282">
			<ele>0.00</ele>
			<time>2020-01-19T15:46:38.16Z</time>
		</trkpt>
		<trkpt lat="34.932368" lon="127.655215">
			<ele>0.00</ele>
			<time>2020-01-19T15:46:38.54Z</time>
		</trkpt>
		<trkpt lat="34.932398" lon="127.655131">
			<ele>0.00</ele>
			<time>2020-01-19T15:46:39.04Z</time>
		</trkpt>
		<trkpt lat="34.932429" lon="127.655048">
			<ele>0.00</ele>
			<time>2020-01-19T15:46:39.54Z</time>
		</trkpt>
		<trkpt lat="34.932474" lon="127.654962">
			<ele>0.00</ele>
			<time>2020-01-19T15:46:40.10Z</time>
		</trkpt>
		<trkpt lat="34.932516" lon="127.654894">
			<ele>0.00</ele>
			<time>2020-01-19T15:46:40.57Z</time>
		</trkpt>
		<trkpt lat="34.932548" lon="127.654822">
			<ele>0.00</ele>
			<time>2020-01-19T15:46:41.01Z</time>
		</trkpt>
		<trkpt lat="34.932588" lon="127.654737">
			<ele>0.00</ele>
			<time>2020-01-19T15:46:41.54Z</time>
		</trkpt>
		<trkpt lat="34.932610" lon="127.654674">
			<ele>0.00</ele>
			<time>2020-01-19T15:46:41.92Z</time>
		</trkpt>
		<trkpt lat="34.932622" lon="127.654598">
			<ele>0.00</ele>
			<time>2020-01-19T15:46:42.34Z</time>
		</trkpt>
		<trkpt lat="34.932620" lon="127.654522">
			<ele>0.00</ele>
			<time>2020-01-19T15:46:42.76Z</time>
		</trkpt>
		<trkpt lat="34.932606" lon="127.654434">
			<ele>0.00</ele>
			<time>2020-01-19T15:46:43.25Z</time>
		</trkpt>
		<trkpt lat="34.932578" lon="127.654365">
			<ele>0.00</ele>
			<time>2020-01-19T15:46:43.67Z</time>
		</trkpt>
		<trkpt lat="34.932543" lon="127.654284">
			<ele>0.00</ele>
			<time>2020-01-19T15:46:44.17Z</time>
		</trkpt>
		<trkpt lat="34.932504" lon="127.654205">
			<ele>0.00</ele>
			<time>2020-01-19T15:46:44.67Z</time>
		</trkpt>
		<trkpt lat="34.932451" lon="127.654133">
			<ele>0.00</ele>
			<time>2020-01-19T15:46:45.21Z</time>
		</trkpt>
		<trkpt lat="34.932395" lon="127.654078">
			<ele>0.00</ele>
			<time>2020-01-19T15:46:45.69Z</time>
		</trkpt>
		<trkpt lat="34.932320" lon="127.654044">
			<ele>0.00</ele>
			<time>2020-01-19T15:46:46.22Z</time>
		</trkpt>
		<trkpt lat="34.932253" lon="127.654011">
			<ele>0.00</ele>
			<time>2020-01-19T15:46:46.70Z</time>
		</trkpt>
		<trkpt lat="34.932193" lon="127.653960">
			<ele>0.00</ele>
			<time>2020-01-19T15:46:47.19Z</time>
		</trkpt>
		<trkpt lat="34.932160" lon="127.653881">
			<ele>0.00</ele>
			<time>2020-01-19T15:46:47.67Z</time>
		</trkpt>
		<trkpt lat="34.932158" lon="127.653802">
			<ele>0.00</ele>
			<time>2020-01-19T15:46:48.10Z</time>
		</trkpt>
		<trkpt lat="34.932168" lon="127.653711">
			<ele>0.00</ele>
			<time>2020-01-19T15:46:48.60Z</time>
		</trkpt>
		<trkpt lat="34.932170" lon="127.653612">
			<ele>0.00</ele>
			<time>2020-01-19T15:46:49.14Z</time>
		</trkpt>
		<trkpt lat="34.932168" lon="127.653525">
			<ele>0.00</ele>
			<time>2020-01-19T15:46:49.62Z</time>
		</trkpt>
		<trkpt lat="34.932153" lon="127.653416">
			<ele>0.00</ele>
			<time>2020-01-19T15:46:50.22Z</time>
		</trkpt>
		<trkpt lat="34.932146" lon="127.653330">
			<ele>0.00</ele>
			<time>2020-01-19T15:46:50.70Z</time>
		</trkpt>
		<trkpt lat="34.932148" lon="127.653232">
			<ele>0.00</ele>
			<time>2020-01-19T15:46:51.23Z</time>
		</trkpt>
		<trkpt lat="34.932164" lon="127.653135">
			<ele>0.00</ele>
			<time>2020-01-19T15:46:51.77Z</time>
		</trkpt>
		<trkpt lat="34.932204" lon="127.653057">
			<ele>0.00</ele>
			<time>2020-01-19T15:46:52.28Z</time>
		</trkpt>
		<trkpt lat="34.932243" lon="127.652976">
			<ele>0.00</ele>
			<time>2020-01-19T15:46:52.79Z</time>
		</trkpt>
		<trkpt lat="34.932291" lon="127.652895">
			<ele>0.00</ele>
			<time>2020-01-19T15:46:53.34Z</time>
		</trkpt>
		<trkpt lat="34.932326" lon="127.652814">
			<ele>0.00</ele>
			<time>2020-01-19T15:46:53.84Z</time>
		</trkpt>
		<trkpt lat="34.932360" lon="127.652720">
			<ele>0.00</ele>
			<time>2020-01-19T15:46:54.40Z</time>
		</trkpt>
		<trkpt lat="34.932400" lon="127.652621">
			<ele>0.00</ele>
			<time>2020-01-19T15:46:55Z</time>
		</trkpt>
		<trkpt lat="34.932425" lon="127.652517">
			<ele>0.00</ele>
			<time>2020-01-19T15:46:55.59Z</time>
		</trkpt>
		<trkpt lat="34.932455" lon="127.652424">
			<ele>0.00</ele>
			<time>2020-01-19T15:46:56.14Z</time>
		</trkpt>
		<trkpt lat="34.932472" lon="127.652322">
			<ele>0.00</ele>
			<time>2020-01-19T15:46:56.71Z</time>
		</trkpt>
		<trkpt lat="34.932487" lon="127.652244">
			<ele>0.00</ele>
			<time>2020-01-19T15:46:57.14Z</time>
		</trkpt>
		<trkpt lat="34.932522" lon="127.652154">
			<ele>0.00</ele>
			<time>2020-01-19T15:46:57.69Z</time>
		</trkpt>
		<trkpt lat="34.932550" lon="127.652079">
			<ele>0.00</ele>
			<time>2020-01-19T15:46:58.14Z</time>
		</trkpt>
		<trkpt lat="34.932584" lon="127.652015">
			<ele>0.00</ele>
			<time>2020-01-19T15:46:58.56Z</time>
		</trkpt>
		<trkpt lat="34.932620" lon="127.651963">
			<ele>0.00</ele>
			<time>2020-01-19T15:46:58.93Z</time>
		</trkpt>
		<trkpt lat="34.932655" lon="127.651902">
			<ele>0.00</ele>
			<time>2020-01-19T15:46:59.34Z</time>
		</trkpt>
		<trkpt lat="34.932699" lon="127.651831">
			<ele>0.00</ele>
			<time>2020-01-19T15:46:59.83Z</time>
		</trkpt>
		<trkpt lat="34.932747" lon="127.651752">
			<ele>0.00</ele>
			<time>2020-01-19T15:47:00.36Z</time>
		</trkpt>
		<trkpt lat="34.932797" lon="127.651679">
			<ele>0.00</ele>
			<time>2020-01-19T15:47:00.88Z</time>
		</trkpt>
		<trkpt lat="34.932843" lon="127.651626">
			<ele>0.00</ele>
			<time>2020-01-19T15:47:01.30Z</time>
		</trkpt>
		<trkpt lat="34.932872" lon="127.651579">
			<ele>0.00</ele>
			<time>2020-01-19T15:47:01.63Z</time>
		</trkpt>
		<trkpt lat="34.932932" lon="127.651519">
			<ele>0.00</ele>
			<time>2020-01-19T15:47:02.14Z</time>
		</trkpt>
		<trkpt lat="34.933011" lon="127.651458">
			<ele>0.00</ele>
			<time>2020-01-19T15:47:02.77Z</time>
		</trkpt>
		<trkpt lat="34.933090" lon="127.651410">
			<ele>0.00</ele>
			<time>2020-01-19T15:47:03.35Z</time>
		</trkpt>
		<trkpt lat="34.933150" lon="127.651376">
			<ele>0.00</ele>
			<time>2020-01-19T15:47:03.80Z</time>
		</trkpt>
		<trkpt lat="34.933215" lon="127.651345">
			<ele>0.00</ele>
			<time>2020-01-19T15:47:04.26Z</time>
		</trkpt>
		<trkpt lat="34.933278" lon="127.651312">
			<ele>0.00</ele>
			<time>2020-01-19T15:47:04.72Z</time>
		</trkpt>
		<trkpt lat="34.933326" lon="127.651267">
			<ele>0.00</ele>
			<time>2020-01-19T15:47:05.12Z</time>
		</trkpt>
		<trkpt lat="34.933370" lon="127.651196">
			<ele>0.00</ele>
			<time>2020-01-19T15:47:05.61Z</time>
		</trkpt>
		<trkpt lat="34.933416" lon="127.651111">
			<ele>0.00</ele>
			<time>2020-01-19T15:47:06.16Z</time>
		</trkpt>
		<trkpt lat="34.933461" lon="127.651027">
			<ele>0.00</ele>
			<time>2020-01-19T15:47:06.71Z</time>
		</trkpt>
		<trkpt lat="34.933497" lon="127.650945">
			<ele>0.00</ele>
			<time>2020-01-19T15:47:07.22Z</time>
		</trkpt>
		<trkpt lat="34.933529" lon="127.650851">
			<ele>0.00</ele>
			<time>2020-01-19T15:47:07.77Z</time>
		</trkpt>
		<trkpt lat="34.933554" lon="127.650758">
			<ele>0.00</ele>
			<time>2020-01-19T15:47:08.31Z</time>
		</trkpt>
		<trkpt lat="34.933600" lon="127.650632">
			<ele>0.00</ele>
			<time>2020-01-19T15:47:09.06Z</time>
		</trkpt>
		<trkpt lat="34.933646" lon="127.650526">
			<ele>0.00</ele>
			<time>2020-01-19T15:47:09.72Z</time>
		</trkpt>
		<trkpt lat="34.933707" lon="127.650418">
			<ele>0.00</ele>
			<time>2020-01-19T15:47:10.44Z</time>
		</trkpt>
		<trkpt lat="34.933774" lon="127.650294">
			<ele>0.00</ele>
			<time>2020-01-19T15:47:11.25Z</time>
		</trkpt>
		<trkpt lat="34.933819" lon="127.650213">
			<ele>0.00</ele>
			<time>2020-01-19T15:47:11.79Z</time>
		</trkpt>
		<trkpt lat="34.933869" lon="127.650116">
			<ele>0.00</ele>
			<time>2020-01-19T15:47:12.41Z</time>
		</trkpt>
		<trkpt lat="34.933912" lon="127.650051">
			<ele>0.00</ele>
			<time>2020-01-19T15:47:12.87Z</time>
		</trkpt>
		<trkpt lat="34.933976" lon="127.649999">
			<ele>0.00</ele>
			<time>2020-01-19T15:47:13.38Z</time>
		</trkpt>
		<trkpt lat="34.934045" lon="127.649944">
			<ele>0.00</ele>
			<time>2020-01-19T15:47:13.93Z</time>
		</trkpt>
		<trkpt lat="34.934143" lon="127.649866">
			<ele>0.00</ele>
			<time>2020-01-19T15:47:14.71Z</time>
		</trkpt>
		<trkpt lat="34.934241" lon="127.649793">
			<ele>0.00</ele>
			<time>2020-01-19T15:47:15.47Z</time>
		</trkpt>
		<trkpt lat="34.934299" lon="127.649756">
			<ele>0.00</ele>
			<time>2020-01-19T15:47:15.91Z</time>
		</trkpt>
		<trkpt lat="34.934362" lon="127.649715">
			<ele>0.00</ele>
			<time>2020-01-19T15:47:16.39Z</time>
		</trkpt>
		<trkpt lat="34.934442" lon="127.649669">
			<ele>0.00</ele>
			<time>2020-01-19T15:47:16.98Z</time>
		</trkpt>
		<trkpt lat="34.934511" lon="127.649618">
			<ele>0.00</ele>
			<time>2020-01-19T15:47:17.51Z</time>
		</trkpt>
		<trkpt lat="34.934581" lon="127.649562">
			<ele>0.00</ele>
			<time>2020-01-19T15:47:18.07Z</time>
		</trkpt>
		<trkpt lat="34.934606" lon="127.649505">
			<ele>0.00</ele>
			<time>2020-01-19T15:47:18.43Z</time>
		</trkpt>
		<trkpt lat="34.934625" lon="127.649431">
			<ele>0.00</ele>
			<time>2020-01-19T15:47:18.85Z</time>
		</trkpt>
		<trkpt lat="34.934634" lon="127.649347">
			<ele>0.00</ele>
			<time>2020-01-19T15:47:19.31Z</time>
		</trkpt>
		<trkpt lat="34.934626" lon="127.649279">
			<ele>0.00</ele>
			<time>2020-01-19T15:47:19.69Z</time>
		</trkpt>
		<trkpt lat="34.934603" lon="127.649234">
			<ele>0.00</ele>
			<time>2020-01-19T15:47:19.98Z</time>
		</trkpt>
		<trkpt lat="34.934553" lon="127.649194">
			<ele>0.00</ele>
			<time>2020-01-19T15:47:20.38Z</time>
		</trkpt>
		<trkpt lat="34.934499" lon="127.649156">
			<ele>0.00</ele>
			<time>2020-01-19T15:47:20.79Z</time>
		</trkpt>
		<trkpt lat="34.934414" lon="127.649115">
			<ele>0.00</ele>
			<time>2020-01-19T15:47:21.40Z</time>
		</trkpt>
		<trkpt lat="34.934328" lon="127.649075">
			<ele>0.00</ele>
			<time>2020-01-19T15:47:22.02Z</time>
		</trkpt>
		<trkpt lat="34.934232" lon="127.648998">
			<ele>0.00</ele>
			<time>2020-01-19T15:47:22.78Z</time>
		</trkpt>
		<trkpt lat="34.934168" lon="127.648929">
			<ele>0.00</ele>
			<time>2020-01-19T15:47:23.35Z</time>
		</trkpt>
		<trkpt lat="34.934116" lon="127.648844">
			<ele>0.00</ele>
			<time>2020-01-19T15:47:23.94Z</time>
		</trkpt>
		<trkpt lat="34.934087" lon="127.648724">
			<ele>0.00</ele>
			<time>2020-01-19T15:47:24.62Z</time>
		</trkpt>
		<trkpt lat="34.934073" lon="127.648598">
			<ele>0.00</ele>
			<time>2020-01-19T15:47:25.31Z</time>
		</trkpt>
		<trkpt lat="34.934057" lon="127.648460">
			<ele>0.00</ele>
			<time>2020-01-19T15:47:26.07Z</time>
		</trkpt>
		<trkpt lat="34.934050" lon="127.648360">
			<ele>0.00</ele>
			<time>2020-01-19T15:47:26.62Z</time>
		</trkpt>
		<trkpt lat="34.934034" lon="127.648266">
			<ele>0.00</ele>
			<time>2020-01-19T15:47:27.14Z</time>
		</trkpt>
		<trkpt lat="34.934020" lon="127.648170">
			<ele>0.00</ele>
			<time>2020-01-19T15:47:27.68Z</time>
		</trkpt>
		<trkpt lat="34.934001" lon="127.648073">
			<ele>0.00</ele>
			<time>2020-01-19T15:47:28.23Z</time>
		</trkpt>
		<trkpt lat="34.933984" lon="127.647976">
			<ele>0.00</ele>
			<time>2020-01-19T15:47:28.76Z</time>
		</trkpt>
		<trkpt lat="34.933966" lon="127.647903">
			<ele>0.00</ele>
			<time>2020-01-19T15:47:29.18Z</time>
		</trkpt>
		<trkpt lat="34.933945" lon="127.647807">
			<ele>0.00</ele>
			<time>2020-01-19T15:47:29.73Z</time>
		</trkpt>
		<trkpt lat="34.933930" lon="127.647739">
			<ele>0.00</ele>
			<time>2020-01-19T15:47:30.11Z</time>
		</trkpt>
		<trkpt lat="34.933913" lon="127.647659">
			<ele>0.00</ele>
			<time>2020-01-19T15:47:30.56Z</time>
		</trkpt>
		<trkpt lat="34.933892" lon="127.647579">
			<ele>0.00</ele>
			<time>2020-01-19T15:47:31.02Z</time>
		</trkpt>
		<trkpt lat="34.933876" lon="127.647501">
			<ele>0.00</ele>
			<time>2020-01-19T15:47:31.46Z</time>
		</trkpt>
		<trkpt lat="34.933853" lon="127.647434">
			<ele>0.00</ele>
			<time>2020-01-19T15:47:31.85Z</time>
		</trkpt>
		<trkpt lat="34.933823" lon="127.647384">
			<ele>0.00</ele>
			<time>2020-01-19T15:47:32.20Z</time>
		</trkpt>
		<trkpt lat="34.933792" lon="127.647347">
			<ele>0.00</ele>
			<time>2020-01-19T15:47:32.49Z</time>
		</trkpt>
		<trkpt lat="34.933755" lon="127.647328">
			<ele>0.00</ele>
			<time>2020-01-19T15:47:32.75Z</time>
		</trkpt>
		<trkpt lat="34.933702" lon="127.647322">
			<ele>0.00</ele>
			<time>2020-01-19T15:47:33.11Z</time>
		</trkpt>
		<trkpt lat="34.933646" lon="127.647334">
			<ele>0.00</ele>
			<time>2020-01-19T15:47:33.49Z</time>
		</trkpt>
		<trkpt lat="34.933588" lon="127.647370">
			<ele>0.00</ele>
			<time>2020-01-19T15:47:33.92Z</time>
		</trkpt>
		<trkpt lat="34.933537" lon="127.647427">
			<ele>0.00</ele>
			<time>2020-01-19T15:47:34.38Z</time>
		</trkpt>
		<trkpt lat="34.933478" lon="127.647508">
			<ele>0.00</ele>
			<time>2020-01-19T15:47:34.97Z</time>
		</trkpt>
		<trkpt lat="34.933429" lon="127.647561">
			<ele>0.00</ele>
			<time>2020-01-19T15:47:35.41Z</time>
		</trkpt>
		<trkpt lat="34.933385" lon="127.647614">
			<ele>0.00</ele>
			<time>2020-01-19T15:47:35.82Z</time>
		</trkpt>
		<trkpt lat="34.933333" lon="127.647667">
			<ele>0.00</ele>
			<time>2020-01-19T15:47:36.27Z</time>
		</trkpt>
		<trkpt lat="34.933284" lon="127.647705">
			<ele>0.00</ele>
			<time>2020-01-19T15:47:36.66Z</time>
		</trkpt>
		<trkpt lat="34.933227" lon="127.647727">
			<ele>0.00</ele>
			<time>2020-01-19T15:47:37.06Z</time>
		</trkpt>
		<trkpt lat="34.933163" lon="127.647729">
			<ele>0.00</ele>
			<time>2020-01-19T15:47:37.49Z</time>
		</trkpt>
		<trkpt lat="34.933090" lon="127.647727">
			<ele>0.00</ele>
			<time>2020-01-19T15:47:37.97Z</time>
		</trkpt>
		<trkpt lat="34.933032" lon="127.647727">
			<ele>0.00</ele>
			<time>2020-01-19T15:47:38.36Z</time>
		</trkpt>
		<trkpt lat="34.932969" lon="127.647744">
			<ele>0.00</ele>
			<time>2020-01-19T15:47:38.79Z</time>
		</trkpt>
		<trkpt lat="34.932938" lon="127.647794">
			<ele>0.00</ele>
			<time>2020-01-19T15:47:39.13Z</time>
		</trkpt>
		<trkpt lat="34.932912" lon="127.647871">
			<ele>0.00</ele>
			<time>2020-01-19T15:47:39.59Z</time>
		</trkpt>
		<trkpt lat="34.932905" lon="127.647966">
			<ele>0.00</ele>
			<time>2020-01-19T15:47:40.11Z</time>
		</trkpt>
		<trkpt lat="34.932895" lon="127.648069">
			<ele>0.00</ele>
			<time>2020-01-19T15:47:40.67Z</time>
		</trkpt>
		<trkpt lat="34.932875" lon="127.648152">
			<ele>0.00</ele>
			<time>2020-01-19T15:47:41.15Z</time>
		</trkpt>
		<trkpt lat="34.932807" lon="127.648241">
			<ele>0.00</ele>
			<time>2020-01-19T15:47:41.81Z</time>
		</trkpt>
		<trkpt lat="34.932760" lon="127.648305">
			<ele>0.00</ele>
			<time>2020-01-19T15:47:42.28Z</time>
		</trkpt>
		<trkpt lat="34.932692" lon="127.648360">
			<ele>0.00</ele>
			<time>2020-01-19T15:47:42.82Z</time>
		</trkpt>
		<trkpt lat="34.932610" lon="127.648411">
			<ele>0.00</ele>
			<time>2020-01-19T15:47:43.44Z</time>
		</trkpt>
		<trkpt lat="34.932488" lon="127.648449">
			<ele>0.00</ele>
			<time>2020-01-19T15:47:44.28Z</time>
		</trkpt>
		<trkpt lat="34.932367" lon="127.648482">
			<ele>0.00</ele>
			<time>2020-01-19T15:47:45.11Z</time>
		</trkpt>
		<trkpt lat="34.932270" lon="127.648502">
			<ele>0.00</ele>
			<time>2020-01-19T15:47:45.76Z</time>
		</trkpt>
		<trkpt lat="34.932169" lon="127.648521">
			<ele>0.00</ele>
			<time>2020-01-19T15:47:46.44Z</time>
		</trkpt>
		<trkpt lat="34.932081" lon="127.648543">
			<ele>0.00</ele>
			<time>2020-01-19T15:47:47.04Z</time>
		</trkpt>
		<trkpt lat="34.931985" lon="127.648579">
			<ele>0.00</ele>
			<time>2020-01-19T15:47:47.71Z</time>
		</trkpt>
		<trkpt lat="34.931911" lon="127.648614">
			<ele>0.00</ele>
			<time>2020-01-19T15:47:48.24Z</time>
		</trkpt>
		<trkpt lat="34.931810" lon="127.648652">
			<ele>0.00</ele>
			<time>2020-01-19T15:47:48.94Z</time>
		</trkpt>
		<trkpt lat="34.931698" lon="127.648697">
			<ele>0.00</ele>
			<time>2020-01-19T15:47:49.73Z</time>
		</trkpt>
		<trkpt lat="34.931592" lon="127.648707">
			<ele>0.00</ele>
			<time>2020-01-19T15:47:50.44Z</time>
		</trkpt>
		<trkpt lat="34.931477" lon="127.648712">
			<ele>0.00</ele>
			<time>2020-01-19T15:47:51.21Z</time>
		</trkpt>
		<trkpt lat="34.931371" lon="127.648698">
			<ele>0.00</ele>
			<time>2020-01-19T15:47:51.92Z</time>
		</trkpt>
		<trkpt lat="34.931253" lon="127.648674">
			<ele>0.00</ele>
			<time>2020-01-19T15:47:52.71Z</time>
		</trkpt>
		<trkpt lat="34.931179" lon="127.648630">
			<ele>0.00</ele>
			<time>2020-01-19T15:47:53.26Z</time>
		</trkpt>
		<trkpt lat="34.931109" lon="127.648570">
			<ele>0.00</ele>
			<time>2020-01-19T15:47:53.83Z</time>
		</trkpt>
		<trkpt lat="34.931029" lon="127.648499">
			<ele>0.00</ele>
			<time>2020-01-19T15:47:54.49Z</time>
		</trkpt>
		<trkpt lat="34.930950" lon="127.648437">
			<ele>0.00</ele>
			<time>2020-01-19T15:47:55.12Z</time>
		</trkpt>
		<trkpt lat="34.930859" lon="127.648399">
			<ele>0.00</ele>
			<time>2020-01-19T15:47:55.76Z</time>
		</trkpt>
		<trkpt lat="34.930776" lon="127.648417">
			<ele>0.00</ele>
			<time>2020-01-19T15:47:56.32Z</time>
		</trkpt>
		<trkpt lat="34.930678" lon="127.648441">
			<ele>0.00</ele>
			<time>2020-01-19T15:47:56.99Z</time>
		</trkpt>
		<trkpt lat="34.930575" lon="127.648488">
			<ele>0.00</ele>
			<time>2020-01-19T15:47:57.73Z</time>
		</trkpt>
		<trkpt lat="34.930470" lon="127.648534">
			<ele>0.00</ele>
			<time>2020-01-19T15:47:58.47Z</time>
		</trkpt>
		<trkpt lat="34.930383" lon="127.648591">
			<ele>0.00</ele>
			<time>2020-01-19T15:47:59.12Z</time>
		</trkpt>
		<trkpt lat="34.930263" lon="127.648685">
			<ele>0.00</ele>
			<time>2020-01-19T15:48:00.08Z</time>
		</trkpt>
		<trkpt lat="34.930158" lon="127.648744">
			<ele>0.00</ele>
			<time>2020-01-19T15:48:00.85Z</time>
		</trkpt>
		<trkpt lat="34.930064" lon="127.648798">
			<ele>0.00</ele>
			<time>2020-01-19T15:48:01.54Z</time>
		</trkpt>
		<trkpt lat="34.929979" lon="127.648828">
			<ele>0.00</ele>
			<time>2020-01-19T15:48:02.13Z</time>
		</trkpt>
		<trkpt lat="34.929894" lon="127.648818">
			<ele>0.00</ele>
			<time>2020-01-19T15:48:02.70Z</time>
		</trkpt>
		<trkpt lat="34.929791" lon="127.648770">
			<ele>0.00</ele>
			<time>2020-01-19T15:48:03.43Z</time>
		</trkpt>
		<trkpt lat="34.929706" lon="127.648708">
			<ele>0.00</ele>
			<time>2020-01-19T15:48:04.09Z</time>
		</trkpt>
		<trkpt lat="34.929617" lon="127.648632">
			<ele>0.00</ele>
			<time>2020-01-19T15:48:04.82Z</time>
		</trkpt>
		<trkpt lat="34.929526" lon="127.648577">
			<ele>0.00</ele>
			<time>2020-01-19T15:48:05.50Z</time>
		</trkpt>
		<trkpt lat="34.929465" lon="127.648549">
			<ele>0.00</ele>
			<time>2020-01-19T15:48:05.93Z</time>
		</trkpt>
		<trkpt lat="34.929397" lon="127.648540">
			<ele>0.00</ele>
			<time>2020-01-19T15:48:06.38Z</time>
		</trkpt>
		<trkpt lat="34.929306" lon="127.648564">
			<ele>0.00</ele>
			<time>2020-01-19T15:48:07Z</time>
		</trkpt>
		<trkpt lat="34.929197" lon="127.648592">
			<ele>0.00</ele>
			<time>2020-01-19T15:48:07.75Z</time>
		</trkpt>
		<trkpt lat="34.929081" lon="127.648639">
			<ele>0.00</ele>
			<time>2020-01-19T15:48:08.56Z</time>
		</trkpt>
		<trkpt lat="34.928956" lon="127.648666">
			<ele>0.00</ele>
			<time>2020-01-19T15:48:09.41Z</time>
		</trkpt>
		<trkpt lat="34.928840" lon="127.648727">
			<ele>0.00</ele>
			<time>2020-01-19T15:48:10.25Z</time>
		</trkpt>
		<trkpt lat="34.928723" lon="127.648819">
			<ele>0.00</ele>
			<time>2020-01-19T15:48:11.18Z</time>
		</trkpt>
		<trkpt lat="34.928656" lon="127.648859">
			<ele>0.00</ele>
			<time>2020-01-19T15:48:11.68Z</time>
		</trkpt>
		<trkpt lat="34.928616" lon="127.648855">
			<ele>0.00</ele>
			<time>2020-01-19T15:48:11.94Z</time>
		</trkpt>
		<trkpt lat="34.928590" lon="127.648817">
			<ele>0.00</ele>
			<time>2020-01-19T15:48:12.22Z</time>
		</trkpt>
		<trkpt lat="34.928574" lon="127.648724">
			<ele>0.00</ele>
			<time>2020-01-19T15:48:12.74Z</time>
		</trkpt>
		<trkpt lat="34.928568" lon="127.648591">
			<ele>0.00</ele>
			<time>2020-01-19T15:48:13.47Z</time>
		</trkpt>
		<trkpt lat="34.928568" lon="127.648466">
			<ele>0.00</ele>
			<time>2020-01-19T15:48:14.15Z</time>
		</trkpt>
		<trkpt lat="34.928569" lon="127.648311">
			<ele>0.00</ele>
			<time>2020-01-19T15:48:14.99Z</time>
		</trkpt>
		<trkpt lat="34.928572" lon="127.648187">
			<ele>0.00</ele>
			<time>2020-01-19T15:48:15.67Z</time>
		</trkpt>
		<trkpt lat="34.928565" lon="127.648074">
			<ele>0.00</ele>
			<time>2020-01-19T15:48:16.29Z</time>
		</trkpt>
		<trkpt lat="34.928589" lon="127.647973">
			<ele>0.00</ele>
			<time>2020-01-19T15:48:16.87Z</time>
		</trkpt>
		<trkpt lat="34.928619" lon="127.647890">
			<ele>0.00</ele>
			<time>2020-01-19T15:48:17.36Z</time>
		</trkpt>
		<trkpt lat="34.928656" lon="127.647836">
			<ele>0.00</ele>
			<time>2020-01-19T15:48:17.74Z</time>
		</trkpt>
		<trkpt lat="34.928713" lon="127.647738">
			<ele>0.00</ele>
			<time>2020-01-19T15:48:18.40Z</time>
		</trkpt>
		<trkpt lat="34.928760" lon="127.647656">
			<ele>0.00</ele>
			<time>2020-01-19T15:48:18.95Z</time>
		</trkpt>
		<trkpt lat="34.928793" lon="127.647591">
			<ele>0.00</ele>
			<time>2020-01-19T15:48:19.37Z</time>
		</trkpt>
		<trkpt lat="34.928832" lon="127.647510">
			<ele>0.00</ele>
			<time>2020-01-19T15:48:19.88Z</time>
		</trkpt>
		<trkpt lat="34.928848" lon="127.647424">
			<ele>0.00</ele>
			<time>2020-01-19T15:48:20.36Z</time>
		</trkpt>
		<trkpt lat="34.928848" lon="127.647354">
			<ele>0.00</ele>
			<time>2020-01-19T15:48:20.74Z</time>
		</trkpt>
		<trkpt lat="34.928832" lon="127.647287">
			<ele>0.00</ele>
			<time>2020-01-19T15:48:21.13Z</time>
		</trkpt>
		<trkpt lat="34.928803" lon="127.647246">
			<ele>0.00</ele>
			<time>2020-01-19T15:48:21.43Z</time>
		</trkpt>
		<trkpt lat="34.928757" lon="127.647214">
			<ele>0.00</ele>
			<time>2020-01-19T15:48:21.78Z</time>
		</trkpt>
		<trkpt lat="34.928681" lon="127.647179">
			<ele>0.00</ele>
			<time>2020-01-19T15:48:22.32Z</time>
		</trkpt>
		<trkpt lat="34.928598" lon="127.647159">
			<ele>0.00</ele>
			<time>2020-01-19T15:48:22.88Z</time>
		</trkpt>
		<trkpt lat="34.928513" lon="127.647130">
			<ele>0.00</ele>
			<time>2020-01-19T15:48:23.47Z</time>
		</trkpt>
		<trkpt lat="34.928454" lon="127.647099">
			<ele>0.00</ele>
			<time>2020-01-19T15:48:23.90Z</time>
		</trkpt>
		<trkpt lat="34.928373" lon="127.647042">
			<ele>0.00</ele>
			<time>2020-01-19T15:48:24.52Z</time>
		</trkpt>
		<trkpt lat="34.928295" lon="127.646973">
			<ele>0.00</ele>
			<time>2020-01-19T15:48:25.16Z</time>
		</trkpt>
		<trkpt lat="34.928243" lon="127.646895">
			<ele>0.00</ele>
			<time>2020-01-19T15:48:25.71Z</time>
		</trkpt>
		<trkpt lat="34.928200" lon="127.646827">
			<ele>0.00</ele>
			<time>2020-01-19T15:48:26.18Z</time>
		</trkpt>
		<trkpt lat="34.928163" lon="127.646742">
			<ele>0.00</ele>
			<time>2020-01-19T15:48:26.71Z</time>
		</trkpt>
		<trkpt lat="34.928127" lon="127.646653">
			<ele>0.00</ele>
			<time>2020-01-19T15:48:27.25Z</time>
		</trkpt>
		<trkpt lat="34.928105" lon="127.646587">
			<ele>0.00</ele>
			<time>2020-01-19T15:48:27.64Z</time>
		</trkpt>
		<trkpt lat="34.928086" lon="127.646518">
			<ele>0.00</ele>
			<time>2020-01-19T15:48:28.04Z</time>
		</trkpt>
		<trkpt lat="34.928051" lon="127.646456">
			<ele>0.00</ele>
			<time>2020-01-19T15:48:28.45Z</time>
		</trkpt>
		<trkpt lat="34.928017" lon="127.646411">
			<ele>0.00</ele>
			<time>2020-01-19T15:48:28.79Z</time>
		</trkpt>
		<trkpt lat="34.927966" lon="127.646376">
			<ele>0.00</ele>
			<time>2020-01-19T15:48:29.18Z</time>
		</trkpt>
		<trkpt lat="34.927903" lon="127.646343">
			<ele>0.00</ele>
			<time>2020-01-19T15:48:29.63Z</time>
		</trkpt>
		<trkpt lat="34.927842" lon="127.646313">
			<ele>0.00</ele>
			<time>2020-01-19T15:48:30.07Z</time>
		</trkpt>
		<trkpt lat="34.927792" lon="127.646293">
			<ele>0.00</ele>
			<time>2020-01-19T15:48:30.42Z</time>
		</trkpt>
		<trkpt lat="34.927728" lon="127.646273">
			<ele>0.00</ele>
			<time>2020-01-19T15:48:30.86Z</time>
		</trkpt>
		<trkpt lat="34.927670" lon="127.646248">
			<ele>0.00</ele>
			<time>2020-01-19T15:48:31.27Z</time>
		</trkpt>
		<trkpt lat="34.927607" lon="127.646205">
			<ele>0.00</ele>
			<time>2020-01-19T15:48:31.75Z</time>
		</trkpt>
		<trkpt lat="34.927557" lon="127.646166">
			<ele>0.00</ele>
			<time>2020-01-19T15:48:32.14Z</time>
		</trkpt>
		<trkpt lat="34.927519" lon="127.646119">
			<ele>0.00</ele>
			<time>2020-01-19T15:48:32.50Z</time>
		</trkpt>
		<trkpt lat="34.927483" lon="127.646060">
			<ele>0.00</ele>
			<time>2020-01-19T15:48:32.91Z</time>
		</trkpt>
		<trkpt lat="34.927445" lon="127.645975">
			<ele>0.00</ele>
			<time>2020-01-19T15:48:33.44Z</time>
		</trkpt>
		<trkpt lat="34.927411" lon="127.645918">
			<ele>0.00</ele>
			<time>2020-01-19T15:48:33.82Z</time>
		</trkpt>
		<trkpt lat="34.927366" lon="127.645875">
			<ele>0.00</ele>
			<time>2020-01-19T15:48:34.21Z</time>
		</trkpt>
		<trkpt lat="34.927321" lon="127.645843">
			<ele>0.00</ele>
			<time>2020-01-19T15:48:34.55Z</time>
		</trkpt>
		<trkpt lat="34.927268" lon="127.645830">
			<ele>0.00</ele>
			<time>2020-01-19T15:48:34.92Z</time>
		</trkpt>
		<trkpt lat="34.927211" lon="127.645819">
			<ele>0.00</ele>
			<time>2020-01-19T15:48:35.30Z</time>
		</trkpt>
		<trkpt lat="34.927134" lon="127.645818">
			<ele>0.00</ele>
			<time>2020-01-19T15:48:35.81Z</time>
		</trkpt>
		<trkpt lat="34.927028" lon="127.645823">
			<ele>0.00</ele>
			<time>2020-01-19T15:48:36.52Z</time>
		</trkpt>
		<trkpt lat="34.926922" lon="127.645838">
			<ele>0.00</ele>
			<time>2020-01-19T15:48:37.23Z</time>
		</trkpt>
		<trkpt lat="34.926834" lon="127.645859">
			<ele>0.00</ele>
			<time>2020-01-19T15:48:37.83Z</time>
		</trkpt>
		<trkpt lat="34.926747" lon="127.645899">
			<ele>0.00</ele>
			<time>2020-01-19T15:48:38.45Z</time>
		</trkpt>
		<trkpt lat="34.926681" lon="127.645919">
			<ele>0.00</ele>
			<time>2020-01-19T15:48:38.90Z</time>
		</trkpt>
		<trkpt lat="34.926614" lon="127.645927">
			<ele>0.00</ele>
			<time>2020-01-19T15:48:39.35Z</time>
		</trkpt>
		<trkpt lat="34.926551" lon="127.645917">
			<ele>0.00</ele>
			<time>2020-01-19T15:48:39.77Z</time>
		</trkpt>
		<trkpt lat="34.926495" lon="127.645897">
			<ele>0.00</ele>
			<time>2020-01-19T15:48:40.17Z</time>
		</trkpt>
		<trkpt lat="34.926416" lon="127.645854">
			<ele>0.00</ele>
			<time>2020-01-19T15:48:40.74Z</time>
		</trkpt>
		<trkpt lat="34.926337" lon="127.645805">
			<ele>0.00</ele>
			<time>2020-01-19T15:48:41.33Z</time>
		</trkpt>
		<trkpt lat="34.926251" lon="127.645759">
			<ele>0.00</ele>
			<time>2020-01-19T15:48:41.96Z</time>
		</trkpt>
		<trkpt lat="34.926163" lon="127.645711">
			<ele>0.00</ele>
			<time>2020-01-19T15:48:42.60Z</time>
		</trkpt>
		<trkpt lat="34.926060" lon="127.645675">
			<ele>0.00</ele>
			<time>2020-01-19T15:48:43.31Z</time>
		</trkpt>
		<trkpt lat="34.925960" lon="127.645645">
			<ele>0.00</ele>
			<time>2020-01-19T15:48:44Z</time>
		</trkpt>
		<trkpt lat="34.925886" lon="127.645623">
			<ele>0.00</ele>
			<time>2020-01-19T15:48:44.51Z</time>
		</trkpt>
		<trkpt lat="34.925815" lon="127.645592">
			<ele>0.00</ele>
			<time>2020-01-19T15:48:45.01Z</time>
		</trkpt>
		<trkpt lat="34.925728" lon="127.645556">
			<ele>0.00</ele>
			<time>2020-01-19T15:48:45.62Z</time>
		</trkpt>
		<trkpt lat="34.925649" lon="127.645522">
			<ele>0.00</ele>
			<time>2020-01-19T15:48:46.18Z</time>
		</trkpt>
		<trkpt lat="34.925575" lon="127.645495">
			<ele>0.00</ele>
			<time>2020-01-19T15:48:46.70Z</time>
		</trkpt>
		<trkpt lat="34.925484" lon="127.645467">
			<ele>0.00</ele>
			<time>2020-01-19T15:48:47.32Z</time>
		</trkpt>
		<trkpt lat="34.925420" lon="127.645444">
			<ele>0.00</ele>
			<time>2020-01-19T15:48:47.77Z</time>
		</trkpt>
		<trkpt lat="34.925380" lon="127.645419">
			<ele>0.00</ele>
			<time>2020-01-19T15:48:48.06Z</time>
		</trkpt>
		<trkpt lat="34.925357" lon="127.645381">
			<ele>0.00</ele>
			<time>2020-01-19T15:48:48.32Z</time>
		</trkpt>
		<trkpt lat="34.925338" lon="127.645337">
			<ele>0.00</ele>
			<time>2020-01-19T15:48:48.60Z</time>
		</trkpt>
		<trkpt lat="34.925329" lon="127.645257">
			<ele>0.00</ele>
			<time>2020-01-19T15:48:49.04Z</time>
		</trkpt>
		<trkpt lat="34.925337" lon="127.645179">
			<ele>0.00</ele>
			<time>2020-01-19T15:48:49.47Z</time>
		</trkpt>
		<trkpt lat="34.925367" lon="127.645084">
			<ele>0.00</ele>
			<time>2020-01-19T15:48:50.03Z</time>
		</trkpt>
		<trkpt lat="34.925407" lon="127.645003">
			<ele>0.00</ele>
			<time>2020-01-19T15:48:50.54Z</time>
		</trkpt>
		<trkpt lat="34.925453" lon="127.644916">
			<ele>0.00</ele>
			<time>2020-01-19T15:48:51.11Z</time>
		</trkpt>
		<trkpt lat="34.925499" lon="127.644839">
			<ele>0.00</ele>
			<time>2020-01-19T15:48:51.63Z</time>
		</trkpt>
		<trkpt lat="34.925536" lon="127.644777">
			<ele>0.00</ele>
			<time>2020-01-19T15:48:52.04Z</time>
		</trkpt>
		<trkpt lat="34.925580" lon="127.644724">
			<ele>0.00</ele>
			<time>2020-01-19T15:48:52.46Z</time>
		</trkpt>
		<trkpt lat="34.925630" lon="127.644666">
			<ele>0.00</ele>
			<time>2020-01-19T15:48:52.92Z</time>
		</trkpt>
		<trkpt lat="34.925724" lon="127.644617">
			<ele>0.00</ele>
			<time>2020-01-19T15:48:53.60Z</time>
		</trkpt>
		<trkpt lat="34.925824" lon="127.644571">
			<ele>0.00</ele>
			<time>2020-01-19T15:48:54.31Z</time>
		</trkpt>
		<trkpt lat="34.925882" lon="127.644535">
			<ele>0.00</ele>
			<time>2020-01-19T15:48:54.75Z</time>
		</trkpt>
		<trkpt lat="34.925974" lon="127.644457">
			<ele>0.00</ele>
			<time>2020-01-19T15:48:55.49Z</time>
		</trkpt>
		<trkpt lat="34.926049" lon="127.644398">
			<ele>0.00</ele>
			<time>2020-01-19T15:48:56.09Z</time>
		</trkpt>
		<trkpt lat="34.926105" lon="127.644321">
			<ele>0.00</ele>
			<time>2020-01-19T15:48:56.65Z</time>
		</trkpt>
		<trkpt lat="34.926146" lon="127.644247">
			<ele>0.00</ele>
			<time>2020-01-19T15:48:57.14Z</time>
		</trkpt>
		<trkpt lat="34.926210" lon="127.644169">
			<ele>0.00</ele>
			<time>2020-01-19T15:48:57.74Z</time>
		</trkpt>
		<trkpt lat="34.926296" lon="127.644056">
			<ele>0.00</ele>
			<time>2020-01-19T15:48:58.59Z</time>
		</trkpt>
		<trkpt lat="34.926375" lon="127.643946">
			<ele>0.00</ele>
			<time>2020-01-19T15:48:59.38Z</time>
		</trkpt>
		<trkpt lat="34.926438" lon="127.643887">
			<ele>0.00</ele>
			<time>2020-01-19T15:48:59.91Z</time>
		</trkpt>
		<trkpt lat="34.926504" lon="127.643816">
			<ele>0.00</ele>
			<time>2020-01-19T15:49:00.51Z</time>
		</trkpt>
		<trkpt lat="34.926565" lon="127.643759">
			<ele>0.00</ele>
			<time>2020-01-19T15:49:01.01Z</time>
		</trkpt>
		<trkpt lat="34.926638" lon="127.643681">
			<ele>0.00</ele>
			<time>2020-01-19T15:49:01.66Z</time>
		</trkpt>
		<trkpt lat="34.926703" lon="127.643608">
			<ele>0.00</ele>
			<time>2020-01-19T15:49:02.25Z</time>
		</trkpt>
		<trkpt lat="34.926796" lon="127.643521">
			<ele>0.00</ele>
			<time>2020-01-19T15:49:03.03Z</time>
		</trkpt>
		<trkpt lat="34.926861" lon="127.643450">
			<ele>0.00</ele>
			<time>2020-01-19T15:49:03.61Z</time>
		</trkpt>
		<trkpt lat="34.926942" lon="127.643394">
			<ele>0.00</ele>
			<time>2020-01-19T15:49:04.23Z</time>
		</trkpt>
		<trkpt lat="34.927013" lon="127.643354">
			<ele>0.00</ele>
			<time>2020-01-19T15:49:04.75Z</time>
		</trkpt>
		<trkpt lat="34.927089" lon="127.643309">
			<ele>0.00</ele>
			<time>2020-01-19T15:49:05.32Z</time>
		</trkpt>
		<trkpt lat="34.927185" lon="127.643265">
			<ele>0.00</ele>
			<time>2020-01-19T15:49:06Z</time>
		</trkpt>
		<trkpt lat="34.927249" lon="127.643229">
			<ele>0.00</ele>
			<time>2020-01-19T15:49:06.47Z</time>
		</trkpt>
		<trkpt lat="34.927339" lon="127.643180">
			<ele>0.00</ele>
			<time>2020-01-19T15:49:07.13Z</time>
		</trkpt>
		<trkpt lat="34.927416" lon="127.643129">
			<ele>0.00</ele>
			<time>2020-01-19T15:49:07.71Z</time>
		</trkpt>
		<trkpt lat="34.927479" lon="127.643074">
			<ele>0.00</ele>
			<time>2020-01-19T15:49:08.23Z</time>
		</trkpt>
		<trkpt lat="34.927540" lon="127.643021">
			<ele>0.00</ele>
			<time>2020-01-19T15:49:08.73Z</time>
		</trkpt>
		<trkpt lat="34.927596" lon="127.642977">
			<ele>0.00</ele>
			<time>2020-01-19T15:49:09.17Z</time>
		</trkpt>
		<trkpt lat="34.927645" lon="127.642951">
			<ele>0.00</ele>
			<time>2020-01-19T15:49:09.53Z</time>
		</trkpt>
		<trkpt lat="34.927693" lon="127.642932">
			<ele>0.00</ele>
			<time>2020-01-19T15:49:09.87Z</time>
		</trkpt>
		<trkpt lat="34.927772" lon="127.642916">
			<ele>0.00</ele>
			<time>2020-01-19T15:49:10.40Z</time>
		</trkpt>
		<trkpt lat="34.927848" lon="127.642908">
			<ele>0.00</ele>
			<time>2020-01-19T15:49:10.91Z</time>
		</trkpt>
		<trkpt lat="34.927913" lon="127.642908">
			<ele>0.00</ele>
			<time>2020-01-19T15:49:11.34Z</time>
		</trkpt>
		<trkpt lat="34.927992" lon="127.642908">
			<ele>0.00</ele>
			<time>2020-01-19T15:49:11.87Z</time>
		</trkpt>
		<trkpt lat="34.928057" lon="127.642898">
			<ele>0.00</ele>
			<time>2020-01-19T15:49:12.31Z</time>
		</trkpt>
		<trkpt lat="34.928141" lon="127.642885">
			<ele>0.00</ele>
			<time>2020-01-19T15:49:12.87Z</time>
		</trkpt>
		<trkpt lat="34.928234" lon="127.642874">
			<ele>0.00</ele>
			<time>2020-01-19T15:49:13.49Z</time>
		</trkpt>
		<trkpt lat="34.928314" lon="127.642860">
			<ele>0.00</ele>
			<time>2020-01-19T15:49:14.03Z</time>
		</trkpt>
		<trkpt lat="34.928386" lon="127.642859">
			<ele>0.00</ele>
			<time>2020-01-19T15:49:14.51Z</time>
		</trkpt>
		<trkpt lat="34.928486" lon="127.642859">
			<ele>0.00</ele>
			<time>2020-01-19T15:49:15.18Z</time>
		</trkpt>
		<trkpt lat="34.928560" lon="127.642875">
			<ele>0.00</ele>
			<time>2020-01-19T15:49:15.68Z</time>
		</trkpt>
		<trkpt lat="34.928661" lon="127.642897">
			<ele>0.00</ele>
			<time>2020-01-19T15:49:16.36Z</time>
		</trkpt>
		<trkpt lat="34.928739" lon="127.642910">
			<ele>0.00</ele>
			<time>2020-01-19T15:49:16.89Z</time>
		</trkpt>
		<trkpt lat="34.928820" lon="127.642913">
			<ele>0.00</ele>
			<time>2020-01-19T15:49:17.43Z</time>
		</trkpt>
		<trkpt lat="34.928878" lon="127.642908">
			<ele>0.00</ele>
			<time>2020-01-19T15:49:17.82Z</time>
		</trkpt>
		<trkpt lat="34.928944" lon="127.642895">
			<ele>0.00</ele>
			<time>2020-01-19T15:49:18.26Z</time>
		</trkpt>
		<trkpt lat="34.928997" lon="127.642866">
			<ele>0.00</ele>
			<time>2020-01-19T15:49:18.65Z</time>
		</trkpt>
		<trkpt lat="34.929050" lon="127.642812">
			<ele>0.00</ele>
			<time>2020-01-19T15:49:19.11Z</time>
		</trkpt>
		<trkpt lat="34.929083" lon="127.642759">
			<ele>0.00</ele>
			<time>2020-01-19T15:49:19.48Z</time>
		</trkpt>
		<trkpt lat="34.929124" lon="127.642677">
			<ele>0.00</ele>
			<time>2020-01-19T15:49:20Z</time>
		</trkpt>
		<trkpt lat="34.929158" lon="127.642596">
			<ele>0.00</ele>
			<time>2020-01-19T15:49:20.50Z</time>
		</trkpt>
		<trkpt lat="34.929195" lon="127.642519">
			<ele>0.00</ele>
			<time>2020-01-19T15:49:20.99Z</time>
		</trkpt>
		<trkpt lat="34.929235" lon="127.642441">
			<ele>0.00</ele>
			<time>2020-01-19T15:49:21.49Z</time>
		</trkpt>
		<trkpt lat="34.929271" lon="127.642387">
			<ele>0.00</ele>
			<time>2020-01-19T15:49:21.86Z</time>
		</trkpt>
		<trkpt lat="34.929317" lon="127.642359">
			<ele>0.00</ele>
			<time>2020-01-19T15:49:22.21Z</time>
		</trkpt>
		<trkpt lat="34.929384" lon="127.642340">
			<ele>0.00</ele>
			<time>2020-01-19T15:49:22.67Z</time>
		</trkpt>
		<trkpt lat="34.929457" lon="127.642325">
			<ele>0.00</ele>
			<time>2020-01-19T15:49:23.16Z</time>
		</trkpt>
		<trkpt lat="34.929549" lon="127.642313">
			<ele>0.00</ele>
			<time>2020-01-19T15:49:23.78Z</time>
		</trkpt>
		<trkpt lat="34.929621" lon="127.642309">
			<ele>0.00</ele>
			<time>2020-01-19T15:49:24.26Z</time>
		</trkpt>
		<trkpt lat="34.929690" lon="127.642293">
			<ele>0.00</ele>
			<time>2020-01-19T15:49:24.73Z</time>
		</trkpt>
		<trkpt lat="34.929751" lon="127.642278">
			<ele>0.00</ele>
			<time>2020-01-19T15:49:25.14Z</time>
		</trkpt>
		<trkpt lat="34.929823" lon="127.642262">
			<ele>0.00</ele>
			<time>2020-01-19T15:49:25.63Z</time>
		</trkpt>
		<trkpt lat="34.929894" lon="127.642240">
			<ele>0.00</ele>
			<time>2020-01-19T15:49:26.12Z</time>
		</trkpt>
		<trkpt lat="34.929972" lon="127.642220">
			<ele>0.00</ele>
			<time>2020-01-19T15:49:26.65Z</time>
		</trkpt>
		<trkpt lat="34.930059" lon="127.642203">
			<ele>0.00</ele>
			<time>2020-01-19T15:49:27.24Z</time>
		</trkpt>
		<trkpt lat="34.930145" lon="127.642185">
			<ele>0.00</ele>
			<time>2020-01-19T15:49:27.82Z</time>
		</trkpt>
		<trkpt lat="34.930212" lon="127.642163">
			<ele>0.00</ele>
			<time>2020-01-19T15:49:28.29Z</time>
		</trkpt>
		<trkpt lat="34.930279" lon="127.642120">
			<ele>0.00</ele>
			<time>2020-01-19T15:49:28.79Z</time>
		</trkpt>
		<trkpt lat="34.930333" lon="127.642075">
			<ele>0.00</ele>
			<time>2020-01-19T15:49:29.22Z</time>
		</trkpt>
		<trkpt lat="34.930380" lon="127.642010">
			<ele>0.00</ele>
			<time>2020-01-19T15:49:29.70Z</time>
		</trkpt>
		<trkpt lat="34.930424" lon="127.641954">
			<ele>0.00</ele>
			<time>2020-01-19T15:49:30.12Z</time>
		</trkpt>
		<trkpt lat="34.930465" lon="127.641904">
			<ele>0.00</ele>
			<time>2020-01-19T15:49:30.51Z</time>
		</trkpt>
		<trkpt lat="34.930505" lon="127.641848">
			<ele>0.00</ele>
			<time>2020-01-19T15:49:30.91Z</time>
		</trkpt>
		<trkpt lat="34.930554" lon="127.641796">
			<ele>0.00</ele>
			<time>2020-01-19T15:49:31.35Z</time>
		</trkpt>
		<trkpt lat="34.930605" lon="127.641759">
			<ele>0.00</ele>
			<time>2020-01-19T15:49:31.74Z</time>
		</trkpt>
		<trkpt lat="34.930674" lon="127.641736">
			<ele>0.00</ele>
			<time>2020-01-19T15:49:32.22Z</time>
		</trkpt>
		<trkpt lat="34.930753" lon="127.641716">
			<ele>0.00</ele>
			<time>2020-01-19T15:49:32.76Z</time>
		</trkpt>
		<trkpt lat="34.930815" lon="127.641695">
			<ele>0.00</ele>
			<time>2020-01-19T15:49:33.18Z</time>
		</trkpt>
		<trkpt lat="34.930884" lon="127.641669">
			<ele>0.00</ele>
			<time>2020-01-19T15:49:33.67Z</time>
		</trkpt>
		<trkpt lat="34.930950" lon="127.641636">
			<ele>0.00</ele>
			<time>2020-01-19T15:49:34.14Z</time>
		</trkpt>
		<trkpt lat="34.931001" lon="127.641584">
			<ele>0.00</ele>
			<time>2020-01-19T15:49:34.59Z</time>
		</trkpt>
		<trkpt lat="34.931047" lon="127.641507">
			<ele>0.00</ele>
			<time>2020-01-19T15:49:35.11Z</time>
		</trkpt>
		<trkpt lat="34.931091" lon="127.641431">
			<ele>0.00</ele>
			<time>2020-01-19T15:49:35.61Z</time>
		</trkpt>
		<trkpt lat="34.931138" lon="127.641379">
			<ele>0.00</ele>
			<time>2020-01-19T15:49:36.04Z</time>
		</trkpt>
		<trkpt lat="34.931200" lon="127.641331">
			<ele>0.00</ele>
			<time>2020-01-19T15:49:36.53Z</time>
		</trkpt>
		<trkpt lat="34.931302" lon="127.641292">
			<ele>0.00</ele>
			<time>2020-01-19T15:49:37.24Z</time>
		</trkpt>
		<trkpt lat="34.931382" lon="127.641258">
			<ele>0.00</ele>
			<time>2020-01-19T15:49:37.80Z</time>
		</trkpt>
		<trkpt lat="34.931466" lon="127.641210">
			<ele>0.00</ele>
			<time>2020-01-19T15:49:38.42Z</time>
		</trkpt>
		<trkpt lat="34.931530" lon="127.641173">
			<ele>0.00</ele>
			<time>2020-01-19T15:49:38.90Z</time>
		</trkpt>
		<trkpt lat="34.931596" lon="127.641140">
			<ele>0.00</ele>
			<time>2020-01-19T15:49:39.37Z</time>
		</trkpt>
		<trkpt lat="34.931630" lon="127.641096">
			<ele>0.00</ele>
			<time>2020-01-19T15:49:39.70Z</time>
		</trkpt>
		<trkpt lat="34.931649" lon="127.641024">
			<ele>0.00</ele>
			<time>2020-01-19T15:49:40.12Z</time>
		</trkpt>
		<trkpt lat="34.931655" lon="127.640932">
			<ele>0.00</ele>
			<time>2020-01-19T15:49:40.62Z</time>
		</trkpt>
		<trkpt lat="34.931663" lon="127.640849">
			<ele>0.00</ele>
			<time>2020-01-19T15:49:41.08Z</time>
		</trkpt>
		<trkpt lat="34.931679" lon="127.640761">
			<ele>0.00</ele>
			<time>2020-01-19T15:49:41.57Z</time>
		</trkpt>
		<trkpt lat="34.931704" lon="127.640683">
			<ele>0.00</ele>
			<time>2020-01-19T15:49:42.03Z</time>
		</trkpt>
		<trkpt lat="34.931734" lon="127.640614">
			<ele>0.00</ele>
			<time>2020-01-19T15:49:42.46Z</time>
		</trkpt>
		<trkpt lat="34.931763" lon="127.640554">
			<ele>0.00</ele>
			<time>2020-01-19T15:49:42.84Z</time>
		</trkpt>
		<trkpt lat="34.931799" lon="127.640511">
			<ele>0.00</ele>
			<time>2020-01-19T15:49:43.17Z</time>
		</trkpt>
		<trkpt lat="34.931851" lon="127.640457">
			<ele>0.00</ele>
			<time>2020-01-19T15:49:43.63Z</time>
		</trkpt>
		<trkpt lat="34.931885" lon="127.640414">
			<ele>0.00</ele>
			<time>2020-01-19T15:49:43.95Z</time>
		</trkpt>
		<trkpt lat="34.931938" lon="127.640354">
			<ele>0.00</ele>
			<time>2020-01-19T15:49:44.43Z</time>
		</trkpt>
		<trkpt lat="34.931992" lon="127.640288">
			<ele>0.00</ele>
			<time>2020-01-19T15:49:44.94Z</time>
		</trkpt>
		<trkpt lat="34.932057" lon="127.640223">
			<ele>0.00</ele>
			<time>2020-01-19T15:49:45.50Z</time>
		</trkpt>
		<trkpt lat="34.932112" lon="127.640154">
			<ele>0.00</ele>
			<time>2020-01-19T15:49:46.03Z</time>
		</trkpt>
		<trkpt lat="34.932167" lon="127.640099">
			<ele>0.00</ele>
			<time>2020-01-19T15:49:46.50Z</time>
		</trkpt>
		<trkpt lat="34.932232" lon="127.640038">
			<ele>0.00</ele>
			<time>2020-01-19T15:49:47.05Z</time>
		</trkpt>
		<trkpt lat="34.932289" lon="127.639985">
			<ele>0.00</ele>
			<time>2020-01-19T15:49:47.53Z</time>
		</trkpt>
		<trkpt lat="34.932347" lon="127.639930">
			<ele>0.00</ele>
			<time>2020-01-19T15:49:48.02Z</time>
		</trkpt>
		<trkpt lat="34.932416" lon="127.639859">
			<ele>0.00</ele>
			<time>2020-01-19T15:49:48.62Z</time>
		</trkpt>
		<trkpt lat="34.932482" lon="127.639805">
			<ele>0.00</ele>
			<time>2020-01-19T15:49:49.15Z</time>
		</trkpt>
		<trkpt lat="34.932536" lon="127.639758">
			<ele>0.00</ele>
			<time>2020-01-19T15:49:49.59Z</time>
		</trkpt>
		<trkpt lat="34.932585" lon="127.639719">
			<ele>0.00</ele>
			<time>2020-01-19T15:49:49.98Z</time>
		</trkpt>
		<trkpt lat="34.932642" lon="127.639667">
			<ele>0.00</ele>
			<time>2020-01-19T15:49:50.46Z</time>
		</trkpt>
		<trkpt lat="34.932689" lon="127.639601">
			<ele>0.00</ele>
			<time>2020-01-19T15:49:50.94Z</time>
		</trkpt>
		<trkpt lat="34.932723" lon="127.639542">
			<ele>0.00</ele>
			<time>2020-01-19T15:49:51.33Z</time>
		</trkpt>
		<trkpt lat="34.932748" lon="127.639487">
			<ele>0.00</ele>
			<time>2020-01-19T15:49:51.67Z</time>
		</trkpt>
		<trkpt lat="34.932764" lon="127.639409">
			<ele>0.00</ele>
			<time>2020-01-19T15:49:52.11Z</time>
		</trkpt>
		<trkpt lat="34.932763" lon="127.639328">
			<ele>0.00</ele>
			<time>2020-01-19T15:49:52.55Z</time>
		</trkpt>
		<trkpt lat="34.932759" lon="127.639261">
			<ele>0.00</ele>
			<time>2020-01-19T15:49:52.92Z</time>
		</trkpt>
		<trkpt lat="34.932751" lon="127.639185">
			<ele>0.00</ele>
			<time>2020-01-19T15:49:53.34Z</time>
		</trkpt>
		<trkpt lat="34.932735" lon="127.639105">
			<ele>0.00</ele>
			<time>2020-01-19T15:49:53.79Z</time>
		</trkpt>
		<trkpt lat="34.932705" lon="127.639018">
			<ele>0.00</ele>
			<time>2020-01-19T15:49:54.31Z</time>
		</trkpt>
		<trkpt lat="34.932686" lon="127.638961">
			<ele>0.00</ele>
			<time>2020-01-19T15:49:54.64Z</time>
		</trkpt>
		<trkpt lat="34.932644" lon="127.638899">
			<ele>0.00</ele>
			<time>2020-01-19T15:49:55.08Z</time>
		</trkpt>
		<trkpt lat="34.932599" lon="127.638850">
			<ele>0.00</ele>
			<time>2020-01-19T15:49:55.49Z</time>
		</trkpt>
		<trkpt lat="34.932558" lon="127.638798">
			<ele>0.00</ele>
			<time>2020-01-19T15:49:55.88Z</time>
		</trkpt>
		<trkpt lat="34.932523" lon="127.638734">
			<ele>0.00</ele>
			<time>2020-01-19T15:49:56.30Z</time>
		</trkpt>
		<trkpt lat="34.932486" lon="127.638668">
			<ele>0.00</ele>
			<time>2020-01-19T15:49:56.74Z</time>
		</trkpt>
		<trkpt lat="34.932458" lon="127.638602">
			<ele>0.00</ele>
			<time>2020-01-19T15:49:57.15Z</time>
		</trkpt>
		<trkpt lat="34.932420" lon="127.638539">
			<ele>0.00</ele>
			<time>2020-01-19T15:49:57.57Z</time>
		</trkpt>
		<trkpt lat="34.932375" lon="127.638489">
			<ele>0.00</ele>
			<time>2020-01-19T15:49:57.98Z</time>
		</trkpt>
		<trkpt lat="34.932310" lon="127.638437">
			<ele>0.00</ele>
			<time>2020-01-19T15:49:58.49Z</time>
		</trkpt>
		<trkpt lat="34.932253" lon="127.638374">
			<ele>0.00</ele>
			<time>2020-01-19T15:49:59.01Z</time>
		</trkpt>
		<trkpt lat="34.932191" lon="127.638305">
			<ele>0.00</ele>
			<time>2020-01-19T15:49:59.57Z</time>
		</trkpt>
		<trkpt lat="34.932131" lon="127.638247">
			<ele>0.00</ele>
			<time>2020-01-19T15:50:00.08Z</time>
		</trkpt>
		<trkpt lat="34.932079" lon="127.638176">
			<ele>0.00</ele>
			<time>2020-01-19T15:50:00.60Z</time>
		</trkpt>
		<trkpt lat="34.932031" lon="127.638105">
			<ele>0.00</ele>
			<time>2020-01-19T15:50:01.10Z</time>
		</trkpt>
		<trkpt lat="34.931979" lon="127.638039">
			<ele>0.00</ele>
			<time>2020-01-19T15:50:01.60Z</time>
		</trkpt>
		<trkpt lat="34.931928" lon="127.637971">
			<ele>0.00</ele>
			<time>2020-01-19T15:50:02.11Z</time>
		</trkpt>
		<trkpt lat="34.931869" lon="127.637895">
			<ele>0.00</ele>
			<time>2020-01-19T15:50:02.68Z</time>
		</trkpt>
		<trkpt lat="34.931830" lon="127.637837">
			<ele>0.00</ele>
			<time>2020-01-19T15:50:03.09Z</time>
		</trkpt>
		<trkpt lat="34.931795" lon="127.637768">
			<ele>0.00</ele>
			<time>2020-01-19T15:50:03.53Z</time>
		</trkpt>
		<trkpt lat="34.931769" lon="127.637676">
			<ele>0.00</ele>
			<time>2020-01-19T15:50:04.06Z</time>
		</trkpt>
		<trkpt lat="34.931760" lon="127.637587">
			<ele>0.00</ele>
			<time>2020-01-19T15:50:04.55Z</time>
		</trkpt>
		<trkpt lat="34.931750" lon="127.637522">
			<ele>0.00</ele>
			<time>2020-01-19T15:50:04.91Z</time>
		</trkpt>
		<trkpt lat="34.931735" lon="127.637458">
			<ele>0.00</ele>
			<time>2020-01-19T15:50:05.28Z</time>
		</trkpt>
		<trkpt lat="34.931711" lon="127.637370">
			<ele>0.00</ele>
			<time>2020-01-19T15:50:05.78Z</time>
		</trkpt>
		<trkpt lat="34.931681" lon="127.637285">
			<ele>0.00</ele>
			<time>2020-01-19T15:50:06.29Z</time>
		</trkpt>
		<trkpt lat="34.931638" lon="127.637186">
			<ele>0.00</ele>
			<time>2020-01-19T15:50:06.91Z</time>
		</trkpt>
		<trkpt lat="34.931573" lon="127.637061">
			<ele>0.00</ele>
			<time>2020-01-19T15:50:07.71Z</time>
		</trkpt>
		<trkpt lat="34.931504" lon="127.636960">
			<ele>0.00</ele>
			<time>2020-01-19T15:50:08.43Z</time>
		</trkpt>
		<trkpt lat="34.931429" lon="127.636864">
			<ele>0.00</ele>
			<time>2020-01-19T15:50:09.15Z</time>
		</trkpt>
		<trkpt lat="34.931350" lon="127.636789">
			<ele>0.00</ele>
			<time>2020-01-19T15:50:09.82Z</time>
		</trkpt>
		<trkpt lat="34.931273" lon="127.636726">
			<ele>0.00</ele>
			<time>2020-01-19T15:50:10.44Z</time>
		</trkpt>
		<trkpt lat="34.931185" lon="127.636675">
			<ele>0.00</ele>
			<time>2020-01-19T15:50:11.09Z</time>
		</trkpt>
		<trkpt lat="34.931124" lon="127.636633">
			<ele>0.00</ele>
			<time>2020-01-19T15:50:11.56Z</time>
		</trkpt>
		<trkpt lat="34.931070" lon="127.636591">
			<ele>0.00</ele>
			<time>2020-01-19T15:50:11.99Z</time>
		</trkpt>
		<trkpt lat="34.931028" lon="127.636539">
			<ele>0.00</ele>
			<time>2020-01-19T15:50:12.38Z</time>
		</trkpt>
		<trkpt lat="34.930987" lon="127.636440">
			<ele>0.00</ele>
			<time>2020-01-19T15:50:12.99Z</time>
		</trkpt>
		<trkpt lat="34.930956" lon="127.636357">
			<ele>0.00</ele>
			<time>2020-01-19T15:50:13.49Z</time>
		</trkpt>
		<trkpt lat="34.930917" lon="127.636275">
			<ele>0.00</ele>
			<time>2020-01-19T15:50:14Z</time>
		</trkpt>
		<trkpt lat="34.930868" lon="127.636187">
			<ele>0.00</ele>
			<time>2020-01-19T15:50:14.59Z</time>
		</trkpt>
		<trkpt lat="34.930815" lon="127.636105">
			<ele>0.00</ele>
			<time>2020-01-19T15:50:15.16Z</time>
		</trkpt>
		<trkpt lat="34.930748" lon="127.636017">
			<ele>0.00</ele>
			<time>2020-01-19T15:50:15.81Z</time>
		</trkpt>
		<trkpt lat="34.930673" lon="127.635901">
			<ele>0.00</ele>
			<time>2020-01-19T15:50:16.62Z</time>
		</trkpt>
		<trkpt lat="34.930615" lon="127.635808">
			<ele>0.00</ele>
			<time>2020-01-19T15:50:17.26Z</time>
		</trkpt>
		<trkpt lat="34.930537" lon="127.635715">
			<ele>0.00</ele>
			<time>2020-01-19T15:50:17.99Z</time>
		</trkpt>
		<trkpt lat="34.930474" lon="127.635652">
			<ele>0.00</ele>
			<time>2020-01-19T15:50:18.53Z</time>
		</trkpt>
		<trkpt lat="34.930409" lon="127.635605">
			<ele>0.00</ele>
			<time>2020-01-19T15:50:19.04Z</time>
		</trkpt>
		<trkpt lat="34.930342" lon="127.635566">
			<ele>0.00</ele>
			<time>2020-01-19T15:50:19.53Z</time>
		</trkpt>
		<trkpt lat="34.930256" lon="127.635543">
			<ele>0.00</ele>
			<time>2020-01-19T15:50:20.11Z</time>
		</trkpt>
		<trkpt lat="34.930178" lon="127.635519">
			<ele>0.00</ele>
			<time>2020-01-19T15:50:20.66Z</time>
		</trkpt>
		<trkpt lat="34.930096" lon="127.635494">
			<ele>0.00</ele>
			<time>2020-01-19T15:50:21.22Z</time>
		</trkpt>
		<trkpt lat="34.930023" lon="127.635468">
			<ele>0.00</ele>
			<time>2020-01-19T15:50:21.73Z</time>
		</trkpt>
		<trkpt lat="34.929929" lon="127.635442">
			<ele>0.00</ele>
			<time>2020-01-19T15:50:22.36Z</time>
		</trkpt>
		<trkpt lat="34.929845" lon="127.635430">
			<ele>0.00</ele>
			<time>2020-01-19T15:50:22.93Z</time>
		</trkpt>
		<trkpt lat="34.929741" lon="127.635424">
			<ele>0.00</ele>
			<time>2020-01-19T15:50:23.63Z</time>
		</trkpt>
		<trkpt lat="34.929637" lon="127.635424">
			<ele>0.00</ele>
			<time>2020-01-19T15:50:24.31Z</time>
		</trkpt>
		<trkpt lat="34.929558" lon="127.635421">
			<ele>0.00</ele>
			<time>2020-01-19T15:50:24.84Z</time>
		</trkpt>
		<trkpt lat="34.929509" lon="127.635404">
			<ele>0.00</ele>
			<time>2020-01-19T15:50:25.18Z</time>
		</trkpt>
		<trkpt lat="34.929464" lon="127.635361">
			<ele>0.00</ele>
			<time>2020-01-19T15:50:25.56Z</time>
		</trkpt>
		<trkpt lat="34.929389" lon="127.635249">
			<ele>0.00</ele>
			<time>2020-01-19T15:50:26.35Z</time>
		</trkpt>
		<trkpt lat="34.929336" lon="127.635155">
			<ele>0.00</ele>
			<time>2020-01-19T15:50:26.97Z</time>
		</trkpt>
		<trkpt lat="34.929273" lon="127.635062">
			<ele>0.00</ele>
			<time>2020-01-19T15:50:27.64Z</time>
		</trkpt>
		<trkpt lat="34.929225" lon="127.634979">
			<ele>0.00</ele>
			<time>2020-01-19T15:50:28.19Z</time>
		</trkpt>
		<trkpt lat="34.929180" lon="127.634893">
			<ele>0.00</ele>
			<time>2020-01-19T15:50:28.75Z</time>
		</trkpt>
		<trkpt lat="34.929134" lon="127.634811">
			<ele>0.00</ele>
			<time>2020-01-19T15:50:29.29Z</time>
		</trkpt>
		<trkpt lat="34.929066" lon="127.634713">
			<ele>0.00</ele>
			<time>2020-01-19T15:50:29.99Z</time>
		</trkpt>
		<trkpt lat="34.929003" lon="127.634639">
			<ele>0.00</ele>
			<time>2020-01-19T15:50:30.58Z</time>
		</trkpt>
		<trkpt lat="34.928946" lon="127.634592">
			<ele>0.00</ele>
			<time>2020-01-19T15:50:31.04Z</time>
		</trkpt>
		<trkpt lat="34.928864" lon="127.634526">
			<ele>0.00</ele>
			<time>2020-01-19T15:50:31.69Z</time>
		</trkpt>
		<trkpt lat="34.928804" lon="127.634493">
			<ele>0.00</ele>
			<time>2020-01-19T15:50:32.13Z</time>
		</trkpt>
		<trkpt lat="34.928734" lon="127.634460">
			<ele>0.00</ele>
			<time>2020-01-19T15:50:32.63Z</time>
		</trkpt>
		<trkpt lat="34.928642" lon="127.634418">
			<ele>0.00</ele>
			<time>2020-01-19T15:50:33.29Z</time>
		</trkpt>
		<trkpt lat="34.928547" lon="127.634379">
			<ele>0.00</ele>
			<time>2020-01-19T15:50:33.95Z</time>
		</trkpt>
		<trkpt lat="34.928441" lon="127.634319">
			<ele>0.00</ele>
			<time>2020-01-19T15:50:34.73Z</time>
		</trkpt>
		<trkpt lat="34.928377" lon="127.634279">
			<ele>0.00</ele>
			<time>2020-01-19T15:50:35.21Z</time>
		</trkpt>
		<trkpt lat="34.928324" lon="127.634220">
			<ele>0.00</ele>
			<time>2020-01-19T15:50:35.69Z</time>
		</trkpt>
		<trkpt lat="34.928268" lon="127.634154">
			<ele>0.00</ele>
			<time>2020-01-19T15:50:36.21Z</time>
		</trkpt>
		<trkpt lat="34.928239" lon="127.634088">
			<ele>0.00</ele>
			<time>2020-01-19T15:50:36.62Z</time>
		</trkpt>
		<trkpt lat="34.928227" lon="127.634042">
			<ele>0.00</ele>
			<time>2020-01-19T15:50:36.88Z</time>
		</trkpt>
		<trkpt lat="34.928228" lon="127.633956">
			<ele>0.00</ele>
			<time>2020-01-19T15:50:37.35Z</time>
		</trkpt>
		<trkpt lat="34.928236" lon="127.633878">
			<ele>0.00</ele>
			<time>2020-01-19T15:50:37.78Z</time>
		</trkpt>
		<trkpt lat="34.928266" lon="127.633789">
			<ele>0.00</ele>
			<time>2020-01-19T15:50:38.31Z</time>
		</trkpt>
		<trkpt lat="34.928293" lon="127.633695">
			<ele>0.00</ele>
			<time>2020-01-19T15:50:38.85Z</time>
		</trkpt>
		<trkpt lat="34.928329" lon="127.633583">
			<ele>0.00</ele>
			<time>2020-01-19T15:50:39.51Z</time>
		</trkpt>
		<trkpt lat="34.928352" lon="127.633497">
			<ele>0.00</ele>
			<time>2020-01-19T15:50:40Z</time>
		</trkpt>
		<trkpt lat="34.928382" lon="127.633426">
			<ele>0.00</ele>
			<time>2020-01-19T15:50:40.44Z</time>
		</trkpt>
		<trkpt lat="34.928408" lon="127.633351">
			<ele>0.00</ele>
			<time>2020-01-19T15:50:40.89Z</time>
		</trkpt>
		<trkpt lat="34.928451" lon="127.633261">
			<ele>0.00</ele>
			<time>2020-01-19T15:50:41.46Z</time>
		</trkpt>
		<trkpt lat="34.928505" lon="127.633185">
			<ele>0.00</ele>
			<time>2020-01-19T15:50:42Z</time>
		</trkpt>
		<trkpt lat="34.928567" lon="127.633115">
			<ele>0.00</ele>
			<time>2020-01-19T15:50:42.57Z</time>
		</trkpt>
		<trkpt lat="34.928631" lon="127.633058">
			<ele>0.00</ele>
			<time>2020-01-19T15:50:43.09Z</time>
		</trkpt>
		<trkpt lat="34.928671" lon="127.633004">
			<ele>0.00</ele>
			<time>2020-01-19T15:50:43.49Z</time>
		</trkpt>
		<trkpt lat="34.928737" lon="127.632910">
			<ele>0.00</ele>
			<time>2020-01-19T15:50:44.17Z</time>
		</trkpt>
		<trkpt lat="34.928789" lon="127.632827">
			<ele>0.00</ele>
			<time>2020-01-19T15:50:44.74Z</time>
		</trkpt>
		<trkpt lat="34.928837" lon="127.632748">
			<ele>0.00</ele>
			<time>2020-01-19T15:50:45.28Z</time>
		</trkpt>
		<trkpt lat="34.928887" lon="127.632665">
			<ele>0.00</ele>
			<time>2020-01-19T15:50:45.84Z</time>
		</trkpt>
		<trkpt lat="34.928928" lon="127.632570">
			<ele>0.00</ele>
			<time>2020-01-19T15:50:46.43Z</time>
		</trkpt>
		<trkpt lat="34.928954" lon="127.632491">
			<ele>0.00</ele>
			<time>2020-01-19T15:50:46.90Z</time>
		</trkpt>
		<trkpt lat="34.928994" lon="127.632387">
			<ele>0.00</ele>
			<time>2020-01-19T15:50:47.52Z</time>
		</trkpt>
		<trkpt lat="34.929025" lon="127.632306">
			<ele>0.00</ele>
			<time>2020-01-19T15:50:48.01Z</time>
		</trkpt>
		<trkpt lat="34.929079" lon="127.632182">
			<ele>0.00</ele>
			<time>2020-01-19T15:50:48.78Z</time>
		</trkpt>
		<trkpt lat="34.929125" lon="127.632093">
			<ele>0.00</ele>
			<time>2020-01-19T15:50:49.35Z</time>
		</trkpt>
		<trkpt lat="34.929206" lon="127.631973">
			<ele>0.00</ele>
			<time>2020-01-19T15:50:50.20Z</time>
		</trkpt>
		<trkpt lat="34.929283" lon="127.631884">
			<ele>0.00</ele>
			<time>2020-01-19T15:50:50.91Z</time>
		</trkpt>
		<trkpt lat="34.929341" lon="127.631833">
			<ele>0.00</ele>
			<time>2020-01-19T15:50:51.39Z</time>
		</trkpt>
		<trkpt lat="34.929413" lon="127.631792">
			<ele>0.00</ele>
			<time>2020-01-19T15:50:51.92Z</time>
		</trkpt>
		<trkpt lat="34.929493" lon="127.631746">
			<ele>0.00</ele>
			<time>2020-01-19T15:50:52.50Z</time>
		</trkpt>
		<trkpt lat="34.929593" lon="127.631715">
			<ele>0.00</ele>
			<time>2020-01-19T15:50:53.20Z</time>
		</trkpt>
		<trkpt lat="34.929681" lon="127.631688">
			<ele>0.00</ele>
			<time>2020-01-19T15:50:53.80Z</time>
		</trkpt>
		<trkpt lat="34.929731" lon="127.631676">
			<ele>0.00</ele>
			<time>2020-01-19T15:50:54.14Z</time>
		</trkpt>
		<trkpt lat="34.929777" lon="127.631676">
			<ele>0.00</ele>
			<time>2020-01-19T15:50:54.45Z</time>
		</trkpt>
		<trkpt lat="34.929800" lon="127.631694">
			<ele>0.00</ele>
			<time>2020-01-19T15:50:54.63Z</time>
		</trkpt>
		<trkpt lat="34.929821" lon="127.631732">
			<ele>0.00</ele>
			<time>2020-01-19T15:50:54.88Z</time>
		</trkpt>
		<trkpt lat="34.929842" lon="127.631774">
			<ele>0.00</ele>
			<time>2020-01-19T15:50:55.15Z</time>
		</trkpt>
		<trkpt lat="34.929855" lon="127.631856">
			<ele>0.00</ele>
			<time>2020-01-19T15:50:55.60Z</time>
		</trkpt>
		<trkpt lat="34.929880" lon="127.631954">
			<ele>0.00</ele>
			<time>2020-01-19T15:50:56.16Z</time>
		</trkpt>
		<trkpt lat="34.929895" lon="127.632043">
			<ele>0.00</ele>
			<time>2020-01-19T15:50:56.66Z</time>
		</trkpt>
		<trkpt lat="34.929925" lon="127.632132">
			<ele>0.00</ele>
			<time>2020-01-19T15:50:57.18Z</time>
		</trkpt>
		<trkpt lat="34.929942" lon="127.632198">
			<ele>0.00</ele>
			<time>2020-01-19T15:50:57.56Z</time>
		</trkpt>
		<trkpt lat="34.929982" lon="127.632274">
			<ele>0.00</ele>
			<time>2020-01-19T15:50:58.06Z</time>
		</trkpt>
		<trkpt lat="34.930041" lon="127.632340">
			<ele>0.00</ele>
			<time>2020-01-19T15:50:58.59Z</time>
		</trkpt>
		<trkpt lat="34.930102" lon="127.632399">
			<ele>0.00</ele>
			<time>2020-01-19T15:50:59.11Z</time>
		</trkpt>
		<trkpt lat="34.930186" lon="127.632467">
			<ele>0.00</ele>
			<time>2020-01-19T15:50:59.78Z</time>
		</trkpt>
		<trkpt lat="34.930271" lon="127.632514">
			<ele>0.00</ele>
			<time>2020-01-19T15:51:00.40Z</time>
		</trkpt>
		<trkpt lat="34.930333" lon="127.632547">
			<ele>0.00</ele>
			<time>2020-01-19T15:51:00.86Z</time>
		</trkpt>
		<trkpt lat="34.930418" lon="127.632581">
			<ele>0.00</ele>
			<time>2020-01-19T15:51:01.45Z</time>
		</trkpt>
		<trkpt lat="34.930483" lon="127.632630">
			<ele>0.00</ele>
			<time>2020-01-19T15:51:01.96Z</time>
		</trkpt>
		<trkpt lat="34.930568" lon="127.632686">
			<ele>0.00</ele>
			<time>2020-01-19T15:51:02.61Z</time>
		</trkpt>
		<trkpt lat="34.930635" lon="127.632741">
			<ele>0.00</ele>
			<time>2020-01-19T15:51:03.14Z</time>
		</trkpt>
		<trkpt lat="34.930703" lon="127.632787">
			<ele>0.00</ele>
			<time>2020-01-19T15:51:03.66Z</time>
		</trkpt>
		<trkpt lat="34.930784" lon="127.632847">
			<ele>0.00</ele>
			<time>2020-01-19T15:51:04.29Z</time>
		</trkpt>
		<trkpt lat="34.930842" lon="127.632893">
			<ele>0.00</ele>
			<time>2020-01-19T15:51:04.76Z</time>
		</trkpt>
		<trkpt lat="34.930905" lon="127.632917">
			<ele>0.00</ele>
			<time>2020-01-19T15:51:05.19Z</time>
		</trkpt>
		<trkpt lat="34.930988" lon="127.632930">
			<ele>0.00</ele>
			<time>2020-01-19T15:51:05.75Z</time>
		</trkpt>
		<trkpt lat="34.931093" lon="127.632945">
			<ele>0.00</ele>
			<time>2020-01-19T15:51:06.46Z</time>
		</trkpt>
		<trkpt lat="34.931200" lon="127.632968">
			<ele>0.00</ele>
			<time>2020-01-19T15:51:07.18Z</time>
		</trkpt>
		<trkpt lat="34.931283" lon="127.632980">
			<ele>0.00</ele>
			<time>2020-01-19T15:51:07.74Z</time>
		</trkpt>
		<trkpt lat="34.931369" lon="127.632999">
			<ele>0.00</ele>
			<time>2020-01-19T15:51:08.32Z</time>
		</trkpt>
		<trkpt lat="34.931432" lon="127.633015">
			<ele>0.00</ele>
			<time>2020-01-19T15:51:08.75Z</time>
		</trkpt>
		<trkpt lat="34.931511" lon="127.633044">
			<ele>0.00</ele>
			<time>2020-01-19T15:51:09.30Z</time>
		</trkpt>
		<trkpt lat="34.931601" lon="127.633080">
			<ele>0.00</ele>
			<time>2020-01-19T15:51:09.93Z</time>
		</trkpt>
		<trkpt lat="34.931723" lon="127.633131">
			<ele>0.00</ele>
			<time>2020-01-19T15:51:10.79Z</time>
		</trkpt>
		<trkpt lat="34.931817" lon="127.633156">
			<ele>0.00</ele>
			<time>2020-01-19T15:51:11.43Z</time>
		</trkpt>
		<trkpt lat="34.931908" lon="127.633194">
			<ele>0.00</ele>
			<time>2020-01-19T15:51:12.08Z</time>
		</trkpt>
		<trkpt lat="34.932005" lon="127.633216">
			<ele>0.00</ele>
			<time>2020-01-19T15:51:12.73Z</time>
		</trkpt>
		<trkpt lat="34.932103" lon="127.633241">
			<ele>0.00</ele>
			<time>2020-01-19T15:51:13.40Z</time>
		</trkpt>
		<trkpt lat="34.932184" lon="127.633258">
			<ele>0.00</ele>
			<time>2020-01-19T15:51:13.95Z</time>
		</trkpt>
		<trkpt lat="34.932277" lon="127.633281">
			<ele>0.00</ele>
			<time>2020-01-19T15:51:14.58Z</time>
		</trkpt>
		<trkpt lat="34.932336" lon="127.633300">
			<ele>0.00</ele>
			<time>2020-01-19T15:51:14.99Z</time>
		</trkpt>
		<trkpt lat="34.932401" lon="127.633313">
			<ele>0.00</ele>
			<time>2020-01-19T15:51:15.43Z</time>
		</trkpt>
		<trkpt lat="34.932487" lon="127.633317">
			<ele>0.00</ele>
			<time>2020-01-19T15:51:16Z</time>
		</trkpt>
		<trkpt lat="34.932533" lon="127.633300">
			<ele>0.00</ele>
			<time>2020-01-19T15:51:16.32Z</time>
		</trkpt>
		<trkpt lat="34.932588" lon="127.633265">
			<ele>0.00</ele>
			<time>2020-01-19T15:51:16.73Z</time>
		</trkpt>
		<trkpt lat="34.932644" lon="127.633220">
			<ele>0.00</ele>
			<time>2020-01-19T15:51:17.18Z</time>
		</trkpt>
		<trkpt lat="34.932696" lon="127.633172">
			<ele>0.00</ele>
			<time>2020-01-19T15:51:17.62Z</time>
		</trkpt>
		<trkpt lat="34.932728" lon="127.633113">
			<ele>0.00</ele>
			<time>2020-01-19T15:51:18Z</time>
		</trkpt>
		<trkpt lat="34.932748" lon="127.633055">
			<ele>0.00</ele>
			<time>2020-01-19T15:51:18.35Z</time>
		</trkpt>
		<trkpt lat="34.932768" lon="127.632989">
			<ele>0.00</ele>
			<time>2020-01-19T15:51:18.73Z</time>
		</trkpt>
		<trkpt lat="34.932794" lon="127.632890">
			<ele>0.00</ele>
			<time>2020-01-19T15:51:19.29Z</time>
		</trkpt>
		<trkpt lat="34.932803" lon="127.632828">
			<ele>0.00</ele>
			<time>2020-01-19T15:51:19.64Z</time>
		</trkpt>
		<trkpt lat="34.932815" lon="127.632766">
			<ele>0.00</ele>
			<time>2020-01-19T15:51:19.99Z</time>
		</trkpt>
		<trkpt lat="34.932838" lon="127.632714">
			<ele>0.00</ele>
			<time>2020-01-19T15:51:20.31Z</time>
		</trkpt>
		<trkpt lat="34.932868" lon="127.632670">
			<ele>0.00</ele>
			<time>2020-01-19T15:51:20.63Z</time>
		</trkpt>
		<trkpt lat="34.932900" lon="127.632623">
			<ele>0.00</ele>
			<time>2020-01-19T15:51:20.96Z</time>
		</trkpt>
		<trkpt lat="34.932938" lon="127.632591">
			<ele>0.00</ele>
			<time>2020-01-19T15:51:21.27Z</time>
		</trkpt>
		<trkpt lat="34.932991" lon="127.632559">
			<ele>0.00</ele>
			<time>2020-01-19T15:51:21.66Z</time>
		</trkpt>
		<trkpt lat="34.933059" lon="127.632535">
			<ele>0.00</ele>
			<time>2020-01-19T15:51:22.13Z</time>
		</trkpt>
		<trkpt lat="34.933149" lon="127.632517">
			<ele>0.00</ele>
			<time>2020-01-19T15:51:22.74Z</time>
		</trkpt>
		<trkpt lat="34.933244" lon="127.632495">
			<ele>0.00</ele>
			<time>2020-01-19T15:51:23.38Z</time>
		</trkpt>
		<trkpt lat="34.933330" lon="127.632470">
			<ele>0.00</ele>
			<time>2020-01-19T15:51:23.97Z</time>
		</trkpt>
		<trkpt lat="34.933429" lon="127.632435">
			<ele>0.00</ele>
			<time>2020-01-19T15:51:24.66Z</time>
		</trkpt>
		<trkpt lat="34.933510" lon="127.632394">
			<ele>0.00</ele>
			<time>2020-01-19T15:51:25.25Z</time>
		</trkpt>
		<trkpt lat="34.933594" lon="127.632356">
			<ele>0.00</ele>
			<time>2020-01-19T15:51:25.84Z</time>
		</trkpt>
		<trkpt lat="34.933648" lon="127.632331">
			<ele>0.00</ele>
			<time>2020-01-19T15:51:26.23Z</time>
		</trkpt>
		<trkpt lat="34.933671" lon="127.632299">
			<ele>0.00</ele>
			<time>2020-01-19T15:51:26.46Z</time>
		</trkpt>
		<trkpt lat="34.933680" lon="127.632251">
			<ele>0.00</ele>
			<time>2020-01-19T15:51:26.73Z</time>
		</trkpt>
		<trkpt lat="34.933694" lon="127.632198">
			<ele>0.00</ele>
			<time>2020-01-19T15:51:27.03Z</time>
		</trkpt>
		<trkpt lat="34.933706" lon="127.632126">
			<ele>0.00</ele>
			<time>2020-01-19T15:51:27.44Z</time>
		</trkpt>
		<trkpt lat="34.933714" lon="127.632041">
			<ele>0.00</ele>
			<time>2020-01-19T15:51:27.90Z</time>
		</trkpt>
		<trkpt lat="34.933720" lon="127.631968">
			<ele>0.00</ele>
			<time>2020-01-19T15:51:28.30Z</time>
		</trkpt>
		<trkpt lat="34.933717" lon="127.631877">
			<ele>0.00</ele>
			<time>2020-01-19T15:51:28.80Z</time>
		</trkpt>
		<trkpt lat="34.933712" lon="127.631773">
			<ele>0.00</ele>
			<time>2020-01-19T15:51:29.37Z</time>
		</trkpt>
		<trkpt lat="34.933711" lon="127.631690">
			<ele>0.00</ele>
			<time>2020-01-19T15:51:29.82Z</time>
		</trkpt>
		<trkpt lat="34.933715" lon="127.631625">
			<ele>0.00</ele>
			<time>2020-01-19T15:51:30.18Z</time>
		</trkpt>
		<trkpt lat="34.933727" lon="127.631566">
			<ele>0.00</ele>
			<time>2020-01-19T15:51:30.51Z</time>
		</trkpt>
		<trkpt lat="34.933742" lon="127.631512">
			<ele>0.00</ele>
			<time>2020-01-19T15:51:30.83Z</time>
		</trkpt>
		<trkpt lat="34.933770" lon="127.631456">
			<ele>0.00</ele>
			<time>2020-01-19T15:51:31.18Z</time>
		</trkpt>
		<trkpt lat="34.933793" lon="127.631409">
			<ele>0.00</ele>
			<time>2020-01-19T15:51:31.48Z</time>
		</trkpt>
		<trkpt lat="34.933835" lon="127.631345">
			<ele>0.00</ele>
			<time>2020-01-19T15:51:31.93Z</time>
		</trkpt>
		<trkpt lat="34.933888" lon="127.631289">
			<ele>0.00</ele>
			<time>2020-01-19T15:51:32.40Z</time>
		</trkpt>
		<trkpt lat="34.933929" lon="127.631243">
			<ele>0.00</ele>
			<time>2020-01-19T15:51:32.77Z</time>
		</trkpt>
		<trkpt lat="34.933992" lon="127.631182">
			<ele>0.00</ele>
			<time>2020-01-19T15:51:33.31Z</time>
		</trkpt>
		<trkpt lat="34.934072" lon="127.631121">
			<ele>0.00</ele>
			<time>2020-01-19T15:51:33.94Z</time>
		</trkpt>
		<trkpt lat="34.934154" lon="127.631067">
			<ele>0.00</ele>
			<time>2020-01-19T15:51:34.56Z</time>
		</trkpt>
		<trkpt lat="34.934241" lon="127.631019">
			<ele>0.00</ele>
			<time>2020-01-19T15:51:35.20Z</time>
		</trkpt>
		<trkpt lat="34.934298" lon="127.630986">
			<ele>0.00</ele>
			<time>2020-01-19T15:51:35.61Z</time>
		</trkpt>
		<trkpt lat="34.934346" lon="127.630940">
			<ele>0.00</ele>
			<time>2020-01-19T15:51:36.02Z</time>
		</trkpt>
		<trkpt lat="34.934382" lon="127.630895">
			<ele>0.00</ele>
			<time>2020-01-19T15:51:36.36Z</time>
		</trkpt>
		<trkpt lat="34.934426" lon="127.630842">
			<ele>0.00</ele>
			<time>2020-01-19T15:51:36.78Z</time>
		</trkpt>
		<trkpt lat="34.934467" lon="127.630795">
			<ele>0.00</ele>
			<time>2020-01-19T15:51:37.15Z</time>
		</trkpt>
		<trkpt lat="34.934536" lon="127.630740">
			<ele>0.00</ele>
			<time>2020-01-19T15:51:37.70Z</time>
		</trkpt>
		<trkpt lat="34.934629" lon="127.630681">
			<ele>0.00</ele>
			<time>2020-01-19T15:51:38.40Z</time>
		</trkpt>
		<trkpt lat="34.934688" lon="127.630618">
			<ele>0.00</ele>
			<time>2020-01-19T15:51:38.92Z</time>
		</trkpt>
		<trkpt lat="34.934730" lon="127.630563">
			<ele>0.00</ele>
			<time>2020-01-19T15:51:39.34Z</time>
		</trkpt>
		<trkpt lat="34.934786" lon="127.630462">
			<ele>0.00</ele>
			<time>2020-01-19T15:51:40Z</time>
		</trkpt>
		<trkpt lat="34.934822" lon="127.630378">
			<ele>0.00</ele>
			<time>2020-01-19T15:51:40.52Z</time>
		</trkpt>
		<trkpt lat="34.934850" lon="127.630319">
			<ele>0.00</ele>
			<time>2020-01-19T15:51:40.89Z</time>
		</trkpt>
		<trkpt lat="34.934879" lon="127.630270">
			<ele>0.00</ele>
			<time>2020-01-19T15:51:41.22Z</time>
		</trkpt>
		<trkpt lat="34.934916" lon="127.630208">
			<ele>0.00</ele>
			<time>2020-01-19T15:51:41.64Z</time>
		</trkpt>
		<trkpt lat="34.934955" lon="127.630140">
			<ele>0.00</ele>
			<time>2020-01-19T15:51:42.09Z</time>
		</trkpt>
		<trkpt lat="34.934988" lon="127.630082">
			<ele>0.00</ele>
			<time>2020-01-19T15:51:42.48Z</time>
		</trkpt>
		<trkpt lat="34.935015" lon="127.629999">
			<ele>0.00</ele>
			<time>2020-01-19T15:51:42.97Z</time>
		</trkpt>
		<trkpt lat="34.935041" lon="127.629912">
			<ele>0.00</ele>
			<time>2020-01-19T15:51:43.47Z</time>
		</trkpt>
		<trkpt lat="34.935060" lon="127.629861">
			<ele>0.00</ele>
			<time>2020-01-19T15:51:43.78Z</time>
		</trkpt>
		<trkpt lat="34.935085" lon="127.629827">
			<ele>0.00</ele>
			<time>2020-01-19T15:51:44.03Z</time>
		</trkpt>
		<trkpt lat="34.935128" lon="127.629810">
			<ele>0.00</ele>
			<time>2020-01-19T15:51:44.33Z</time>
		</trkpt>
		<trkpt lat="34.935201" lon="127.629799">
			<ele>0.00</ele>
			<time>2020-01-19T15:51:44.82Z</time>
		</trkpt>
		<trkpt lat="34.935279" lon="127.629808">
			<ele>0.00</ele>
			<time>2020-01-19T15:51:45.34Z</time>
		</trkpt>
		<trkpt lat="34.935346" lon="127.629835">
			<ele>0.00</ele>
			<time>2020-01-19T15:51:45.81Z</time>
		</trkpt>
		<trkpt lat="34.935406" lon="127.629871">
			<ele>0.00</ele>
			<time>2020-01-19T15:51:46.26Z</time>
		</trkpt>
		<trkpt lat="34.935453" lon="127.629897">
			<ele>0.00</ele>
			<time>2020-01-19T15:51:46.60Z</time>
		</trkpt>
		<trkpt lat="34.935517" lon="127.629909">
			<ele>0.00</ele>
			<time>2020-01-19T15:51:47.03Z</time>
		</trkpt>
		<trkpt lat="34.935597" lon="127.629913">
			<ele>0.00</ele>
			<time>2020-01-19T15:51:47.57Z</time>
		</trkpt>
		<trkpt lat="34.935681" lon="127.629914">
			<ele>0.00</ele>
			<time>2020-01-19T15:51:48.13Z</time>
		</trkpt>
		<trkpt lat="34.935749" lon="127.629932">
			<ele>0.00</ele>
			<time>2020-01-19T15:51:48.59Z</time>
		</trkpt>
		<trkpt lat="34.935814" lon="127.629944">
			<ele>0.00</ele>
			<time>2020-01-19T15:51:49.03Z</time>
		</trkpt>
		<trkpt lat="34.935882" lon="127.629952">
			<ele>0.00</ele>
			<time>2020-01-19T15:51:49.49Z</time>
		</trkpt>
		<trkpt lat="34.935930" lon="127.629944">
			<ele>0.00</ele>
			<time>2020-01-19T15:51:49.81Z</time>
		</trkpt>
		<trkpt lat="34.935973" lon="127.629895">
			<ele>0.00</ele>
			<time>2020-01-19T15:51:50.21Z</time>
		</trkpt>
		<trkpt lat="34.936026" lon="127.629832">
			<ele>0.00</ele>
			<time>2020-01-19T15:51:50.70Z</time>
		</trkpt>
		<trkpt lat="34.936082" lon="127.629763">
			<ele>0.00</ele>
			<time>2020-01-19T15:51:51.23Z</time>
		</trkpt>
		<trkpt lat="34.936124" lon="127.629707">
			<ele>0.00</ele>
			<time>2020-01-19T15:51:51.64Z</time>
		</trkpt>
		<trkpt lat="34.936182" lon="127.629640">
			<ele>0.00</ele>
			<time>2020-01-19T15:51:52.17Z</time>
		</trkpt>
		<trkpt lat="34.936237" lon="127.629581">
			<ele>0.00</ele>
			<time>2020-01-19T15:51:52.66Z</time>
		</trkpt>
		<trkpt lat="34.936291" lon="127.629519">
			<ele>0.00</ele>
			<time>2020-01-19T15:51:53.15Z</time>
		</trkpt>
		<trkpt lat="34.936345" lon="127.629446">
			<ele>0.00</ele>
			<time>2020-01-19T15:51:53.70Z</time>
		</trkpt>
		<trkpt lat="34.936395" lon="127.629374">
			<ele>0.00</ele>
			<time>2020-01-19T15:51:54.21Z</time>
		</trkpt>
		<trkpt lat="34.936460" lon="127.629294">
			<ele>0.00</ele>
			<time>2020-01-19T15:51:54.83Z</time>
		</trkpt>
		<trkpt lat="34.936542" lon="127.629196">
			<ele>0.00</ele>
			<time>2020-01-19T15:51:55.59Z</time>
		</trkpt>
		<trkpt lat="34.936600" lon="127.629115">
			<ele>0.00</ele>
			<time>2020-01-19T15:51:56.18Z</time>
		</trkpt>
		<trkpt lat="34.936653" lon="127.629044">
			<ele>0.00</ele>
			<time>2020-01-19T15:51:56.71Z</time>
		</trkpt>
		<trkpt lat="34.936732" lon="127.628964">
			<ele>0.00</ele>
			<time>2020-01-19T15:51:57.39Z</time>
		</trkpt>
		<trkpt lat="34.936793" lon="127.628892">
			<ele>0.00</ele>
			<time>2020-01-19T15:51:57.96Z</time>
		</trkpt>
		<trkpt lat="34.936871" lon="127.628792">
			<ele>0.00</ele>
			<time>2020-01-19T15:51:58.71Z</time>
		</trkpt>
		<trkpt lat="34.936925" lon="127.628722">
			<ele>0.00</ele>
			<time>2020-01-19T15:51:59.23Z</time>
		</trkpt>
		<trkpt lat="34.936979" lon="127.628655">
			<ele>0.00</ele>
			<time>2020-01-19T15:51:59.75Z</time>
		</trkpt>
		<trkpt lat="34.937016" lon="127.628607">
			<ele>0.00</ele>
			<time>2020-01-19T15:52:00.11Z</time>
		</trkpt>
		<trkpt lat="34.937056" lon="127.628564">
			<ele>0.00</ele>
			<time>2020-01-19T15:52:00.47Z</time>
		</trkpt>
		<trkpt lat="34.937111" lon="127.628531">
			<ele>0.00</ele>
			<time>2020-01-19T15:52:00.87Z</time>
		</trkpt>
		<trkpt lat="34.937174" lon="127.628528">
			<ele>0.00</ele>
			<time>2020-01-19T15:52:01.29Z</time>
		</trkpt>
		<trkpt lat="34.937264" lon="127.628539">
			<ele>0.00</ele>
			<time>2020-01-19T15:52:01.90Z</time>
		</trkpt>
		<trkpt lat="34.937352" lon="127.628554">
			<ele>0.00</ele>
			<time>2020-01-19T15:52:02.48Z</time>
		</trkpt>
		<trkpt lat="34.937449" lon="127.628564">
			<ele>0.00</ele>
			<time>2020-01-19T15:52:03.14Z</time>
		</trkpt>
		<trkpt lat="34.937541" lon="127.628560">
			<ele>0.00</ele>
			<time>2020-01-19T15:52:03.75Z</time>
		</trkpt>
		<trkpt lat="34.937613" lon="127.628535">
			<ele>0.00</ele>
			<time>2020-01-19T15:52:04.25Z</time>
		</trkpt>
		<trkpt lat="34.937674" lon="127.628511">
			<ele>0.00</ele>
			<time>2020-01-19T15:52:04.68Z</time>
		</trkpt>
		<trkpt lat="34.937756" lon="127.628503">
			<ele>0.00</ele>
			<time>2020-01-19T15:52:05.22Z</time>
		</trkpt>
		<trkpt lat="34.937840" lon="127.628506">
			<ele>0.00</ele>
			<time>2020-01-19T15:52:05.79Z</time>
		</trkpt>
		<trkpt lat="34.937925" lon="127.628507">
			<ele>0.00</ele>
			<time>2020-01-19T15:52:06.35Z</time>
		</trkpt>
		<trkpt lat="34.938014" lon="127.628519">
			<ele>0.00</ele>
			<time>2020-01-19T15:52:06.95Z</time>
		</trkpt>
		<trkpt lat="34.938096" lon="127.628530">
			<ele>0.00</ele>
			<time>2020-01-19T15:52:07.50Z</time>
		</trkpt>
		<trkpt lat="34.938217" lon="127.628554">
			<ele>0.00</ele>
			<time>2020-01-19T15:52:08.32Z</time>
		</trkpt>
		<trkpt lat="34.938328" lon="127.628563">
			<ele>0.00</ele>
			<time>2020-01-19T15:52:09.06Z</time>
		</trkpt>
		<trkpt lat="34.938426" lon="127.628561">
			<ele>0.00</ele>
			<time>2020-01-19T15:52:09.71Z</time>
		</trkpt>
		<trkpt lat="34.938517" lon="127.628538">
			<ele>0.00</ele>
			<time>2020-01-19T15:52:10.33Z</time>
		</trkpt>
		<trkpt lat="34.938592" lon="127.628496">
			<ele>0.00</ele>
			<time>2020-01-19T15:52:10.88Z</time>
		</trkpt>
		<trkpt lat="34.938683" lon="127.628414">
			<ele>0.00</ele>
			<time>2020-01-19T15:52:11.64Z</time>
		</trkpt>
		<trkpt lat="34.938748" lon="127.628344">
			<ele>0.00</ele>
			<time>2020-01-19T15:52:12.22Z</time>
		</trkpt>
		<trkpt lat="34.938794" lon="127.628249">
			<ele>0.00</ele>
			<time>2020-01-19T15:52:12.81Z</time>
		</trkpt>
		<trkpt lat="34.938836" lon="127.628150">
			<ele>0.00</ele>
			<time>2020-01-19T15:52:13.42Z</time>
		</trkpt>
		<trkpt lat="34.938875" lon="127.628075">
			<ele>0.00</ele>
			<time>2020-01-19T15:52:13.91Z</time>
		</trkpt>
		<trkpt lat="34.938912" lon="127.628004">
			<ele>0.00</ele>
			<time>2020-01-19T15:52:14.37Z</time>
		</trkpt>
		<trkpt lat="34.938971" lon="127.627946">
			<ele>0.00</ele>
			<time>2020-01-19T15:52:14.88Z</time>
		</trkpt>
		<trkpt lat="34.939049" lon="127.627894">
			<ele>0.00</ele>
			<time>2020-01-19T15:52:15.47Z</time>
		</trkpt>
		<trkpt lat="34.939148" lon="127.627846">
			<ele>0.00</ele>
			<time>2020-01-19T15:52:16.18Z</time>
		</trkpt>
		<trkpt lat="34.939235" lon="127.627803">
			<ele>0.00</ele>
			<time>2020-01-19T15:52:16.81Z</time>
		</trkpt>
		<trkpt lat="34.939332" lon="127.627759">
			<ele>0.00</ele>
			<time>2020-01-19T15:52:17.50Z</time>
		</trkpt>
		<trkpt lat="34.939417" lon="127.627709">
			<ele>0.00</ele>
			<time>2020-01-19T15:52:18.12Z</time>
		</trkpt>
		<trkpt lat="34.939497" lon="127.627652">
			<ele>0.00</ele>
			<time>2020-01-19T15:52:18.74Z</time>
		</trkpt>
		<trkpt lat="34.939554" lon="127.627570">
			<ele>0.00</ele>
			<time>2020-01-19T15:52:19.33Z</time>
		</trkpt>
		<trkpt lat="34.939602" lon="127.627477">
			<ele>0.00</ele>
			<time>2020-01-19T15:52:19.93Z</time>
		</trkpt>
		<trkpt lat="34.939662" lon="127.627378">
			<ele>0.00</ele>
			<time>2020-01-19T15:52:20.60Z</time>
		</trkpt>
		<trkpt lat="34.939694" lon="127.627295">
			<ele>0.00</ele>
			<time>2020-01-19T15:52:21.11Z</time>
		</trkpt>
		<trkpt lat="34.939731" lon="127.627189">
			<ele>0.00</ele>
			<time>2020-01-19T15:52:21.73Z</time>
		</trkpt>
		<trkpt lat="34.939758" lon="127.627090">
			<ele>0.00</ele>
			<time>2020-01-19T15:52:22.30Z</time>
		</trkpt>
		<trkpt lat="34.939800" lon="127.626997">
			<ele>0.00</ele>
			<time>2020-01-19T15:52:22.88Z</time>
		</trkpt>
		<trkpt lat="34.939853" lon="127.626893">
			<ele>0.00</ele>
			<time>2020-01-19T15:52:23.56Z</time>
		</trkpt>
		<trkpt lat="34.939931" lon="127.626824">
			<ele>0.00</ele>
			<time>2020-01-19T15:52:24.20Z</time>
		</trkpt>
		<trkpt lat="34.939999" lon="127.626774">
			<ele>0.00</ele>
			<time>2020-01-19T15:52:24.73Z</time>
		</trkpt>
		<trkpt lat="34.940084" lon="127.626682">
			<ele>0.00</ele>
			<time>2020-01-19T15:52:25.48Z</time>
		</trkpt>
		<trkpt lat="34.940157" lon="127.626570">
			<ele>0.00</ele>
			<time>2020-01-19T15:52:26.27Z</time>
		</trkpt>
		<trkpt lat="34.940233" lon="127.626492">
			<ele>0.00</ele>
			<time>2020-01-19T15:52:26.93Z</time>
		</trkpt>
		<trkpt lat="34.940317" lon="127.626403">
			<ele>0.00</ele>
			<time>2020-01-19T15:52:27.67Z</time>
		</trkpt>
		<trkpt lat="34.940445" lon="127.626283">
			<ele>0.00</ele>
			<time>2020-01-19T15:52:28.75Z</time>
		</trkpt>
		<trkpt lat="34.940525" lon="127.626186">
			<ele>0.00</ele>
			<time>2020-01-19T15:52:29.50Z</time>
		</trkpt>
		<trkpt lat="34.940603" lon="127.626097">
			<ele>0.00</ele>
			<time>2020-01-19T15:52:30.21Z</time>
		</trkpt>
		<trkpt lat="34.940695" lon="127.626012">
			<ele>0.00</ele>
			<time>2020-01-19T15:52:30.98Z</time>
		</trkpt>
		<trkpt lat="34.940803" lon="127.625927">
			<ele>0.00</ele>
			<time>2020-01-19T15:52:31.84Z</time>
		</trkpt>
		<trkpt lat="34.940880" lon="127.625888">
			<ele>0.00</ele>
			<time>2020-01-19T15:52:32.39Z</time>
		</trkpt>
		<trkpt lat="34.940951" lon="127.625833">
			<ele>0.00</ele>
			<time>2020-01-19T15:52:32.95Z</time>
		</trkpt>
		<trkpt lat="34.941023" lon="127.625783">
			<ele>0.00</ele>
			<time>2020-01-19T15:52:33.50Z</time>
		</trkpt>
		<trkpt lat="34.941050" lon="127.625700">
			<ele>0.00</ele>
			<time>2020-01-19T15:52:33.99Z</time>
		</trkpt>
		<trkpt lat="34.941072" lon="127.625589">
			<ele>0.00</ele>
			<time>2020-01-19T15:52:34.62Z</time>
		</trkpt>
		<trkpt lat="34.941089" lon="127.625519">
			<ele>0.00</ele>
			<time>2020-01-19T15:52:35.01Z</time>
		</trkpt>
		<trkpt lat="34.941137" lon="127.625476">
			<ele>0.00</ele>
			<time>2020-01-19T15:52:35.41Z</time>
		</trkpt>
		<trkpt lat="34.941198" lon="127.625455">
			<ele>0.00</ele>
			<time>2020-01-19T15:52:35.84Z</time>
		</trkpt>
		<trkpt lat="34.941295" lon="127.625442">
			<ele>0.00</ele>
			<time>2020-01-19T15:52:36.49Z</time>
		</trkpt>
		<trkpt lat="34.941355" lon="127.625396">
			<ele>0.00</ele>
			<time>2020-01-19T15:52:36.96Z</time>
		</trkpt>
		<trkpt lat="34.941442" lon="127.625338">
			<ele>0.00</ele>
			<time>2020-01-19T15:52:37.62Z</time>
		</trkpt>
		<trkpt lat="34.941489" lon="127.625277">
			<ele>0.00</ele>
			<time>2020-01-19T15:52:38.07Z</time>
		</trkpt>
		<trkpt lat="34.941549" lon="127.625215">
			<ele>0.00</ele>
			<time>2020-01-19T15:52:38.60Z</time>
		</trkpt>
		<trkpt lat="34.941594" lon="127.625164">
			<ele>0.00</ele>
			<time>2020-01-19T15:52:39.01Z</time>
		</trkpt>
		<trkpt lat="34.941659" lon="127.625126">
			<ele>0.00</ele>
			<time>2020-01-19T15:52:39.49Z</time>
		</trkpt>
		<trkpt lat="34.941746" lon="127.625094">
			<ele>0.00</ele>
			<time>2020-01-19T15:52:40.10Z</time>
		</trkpt>
		<trkpt lat="34.941854" lon="127.625073">
			<ele>0.00</ele>
			<time>2020-01-19T15:52:40.83Z</time>
		</trkpt>
		<trkpt lat="34.941948" lon="127.625020">
			<ele>0.00</ele>
			<time>2020-01-19T15:52:41.51Z</time>
		</trkpt>
		<trkpt lat="34.942038" lon="127.624964">
			<ele>0.00</ele>
			<time>2020-01-19T15:52:42.19Z</time>
		</trkpt>
		<trkpt lat="34.942129" lon="127.624894">
			<ele>0.00</ele>
			<time>2020-01-19T15:52:42.90Z</time>
		</trkpt>
		<trkpt lat="34.942232" lon="127.624799">
			<ele>0.00</ele>
			<time>2020-01-19T15:52:43.77Z</time>
		</trkpt>
		<trkpt lat="34.942308" lon="127.624733">
			<ele>0.00</ele>
			<time>2020-01-19T15:52:44.39Z</time>
		</trkpt>
		<trkpt lat="34.942369" lon="127.624674">
			<ele>0.00</ele>
			<time>2020-01-19T15:52:44.91Z</time>
		</trkpt>
		<trkpt lat="34.942458" lon="127.624619">
			<ele>0.00</ele>
			<time>2020-01-19T15:52:45.57Z</time>
		</trkpt>
		<trkpt lat="34.942554" lon="127.624572">
			<ele>0.00</ele>
			<time>2020-01-19T15:52:46.26Z</time>
		</trkpt>
		<trkpt lat="34.942665" lon="127.624541">
			<ele>0.00</ele>
			<time>2020-01-19T15:52:47.02Z</time>
		</trkpt>
		<trkpt lat="34.942798" lon="127.624526">
			<ele>0.00</ele>
			<time>2020-01-19T15:52:47.91Z</time>
		</trkpt>
		<trkpt lat="34.942904" lon="127.624541">
			<ele>0.00</ele>
			<time>2020-01-19T15:52:48.62Z</time>
		</trkpt>
		<trkpt lat="34.942997" lon="127.624551">
			<ele>0.00</ele>
			<time>2020-01-19T15:52:49.24Z</time>
		</trkpt>
		<trkpt lat="34.943113" lon="127.624561">
			<ele>0.00</ele>
			<time>2020-01-19T15:52:50.02Z</time>
		</trkpt>
		<trkpt lat="34.943193" lon="127.624542">
			<ele>0.00</ele>
			<time>2020-01-19T15:52:50.56Z</time>
		</trkpt>
		<trkpt lat="34.943266" lon="127.624508">
			<ele>0.00</ele>
			<time>2020-01-19T15:52:51.09Z</time>
		</trkpt>
		<trkpt lat="34.943344" lon="127.624440">
			<ele>0.00</ele>
			<time>2020-01-19T15:52:51.73Z</time>
		</trkpt>
		<trkpt lat="34.943417" lon="127.624404">
			<ele>0.00</ele>
			<time>2020-01-19T15:52:52.25Z</time>
		</trkpt>
		<trkpt lat="34.943526" lon="127.624382">
			<ele>0.00</ele>
			<time>2020-01-19T15:52:52.99Z</time>
		</trkpt>
		<trkpt lat="34.943631" lon="127.624395">
			<ele>0.00</ele>
			<time>2020-01-19T15:52:53.69Z</time>
		</trkpt>
		<trkpt lat="34.943745" lon="127.624436">
			<ele>0.00</ele>
			<time>2020-01-19T15:52:54.48Z</time>
		</trkpt>
		<trkpt lat="34.943827" lon="127.624463">
			<ele>0.00</ele>
			<time>2020-01-19T15:52:55.05Z</time>
		</trkpt>
		<trkpt lat="34.943920" lon="127.624503">
			<ele>0.00</ele>
			<time>2020-01-19T15:52:55.70Z</time>
		</trkpt>
		<trkpt lat="34.944026" lon="127.624508">
			<ele>0.00</ele>
			<time>2020-01-19T15:52:56.41Z</time>
		</trkpt>
		<trkpt lat="34.944092" lon="127.624497">
			<ele>0.00</ele>
			<time>2020-01-19T15:52:56.86Z</time>
		</trkpt>
		<trkpt lat="34.944182" lon="127.624445">
			<ele>0.00</ele>
			<time>2020-01-19T15:52:57.52Z</time>
		</trkpt>
		<trkpt lat="34.944255" lon="127.624402">
			<ele>0.00</ele>
			<time>2020-01-19T15:52:58.06Z</time>
		</trkpt>
		<trkpt lat="34.944315" lon="127.624379">
			<ele>0.00</ele>
			<time>2020-01-19T15:52:58.48Z</time>
		</trkpt>
		<trkpt lat="34.944403" lon="127.624377">
			<ele>0.00</ele>
			<time>2020-01-19T15:52:59.07Z</time>
		</trkpt>
		<trkpt lat="34.944485" lon="127.624450">
			<ele>0.00</ele>
			<time>2020-01-19T15:52:59.74Z</time>
		</trkpt>
		<trkpt lat="34.944525" lon="127.624559">
			<ele>0.00</ele>
			<time>2020-01-19T15:53:00.40Z</time>
		</trkpt>
		<trkpt lat="34.944525" lon="127.624564">
			<ele>0.00</ele>
			<time>2020-01-19T15:53:00.46Z</time>
		</trkpt>
		<trkpt lat="34.944574" lon="127.624706">
			<ele>0.00</ele>
			<time>2020-01-19T15:53:01.30Z</time>
		</trkpt>
		<trkpt lat="34.944635" lon="127.624891">
			<ele>0.00</ele>
			<time>2020-01-19T15:53:02.39Z</time>
		</trkpt>
		<trkpt lat="34.944751" lon="127.625061">
			<ele>0.00</ele>
			<time>2020-01-19T15:53:03.60Z</time>
		</trkpt>
		<trkpt lat="34.944835" lon="127.625167">
			<ele>0.00</ele>
			<time>2020-01-19T15:53:04.41Z</time>
		</trkpt>
		<trkpt lat="34.944932" lon="127.625294">
			<ele>0.00</ele>
			<time>2020-01-19T15:53:05.35Z</time>
		</trkpt>
		<trkpt lat="34.945072" lon="127.625470">
			<ele>0.00</ele>
			<time>2020-01-19T15:53:06.70Z</time>
		</trkpt>
		<trkpt lat="34.945167" lon="127.625558">
			<ele>0.00</ele>
			<time>2020-01-19T15:53:07.49Z</time>
		</trkpt>
		<trkpt lat="34.945278" lon="127.625664">
			<ele>0.00</ele>
			<time>2020-01-19T15:53:08.43Z</time>
		</trkpt>
		<trkpt lat="34.945373" lon="127.625719">
			<ele>0.00</ele>
			<time>2020-01-19T15:53:09.13Z</time>
		</trkpt>
		<trkpt lat="34.945484" lon="127.625767">
			<ele>0.00</ele>
			<time>2020-01-19T15:53:09.92Z</time>
		</trkpt>
		<trkpt lat="34.945619" lon="127.625808">
			<ele>0.00</ele>
			<time>2020-01-19T15:53:10.85Z</time>
		</trkpt>
		<trkpt lat="34.945763" lon="127.625816">
			<ele>0.00</ele>
			<time>2020-01-19T15:53:11.80Z</time>
		</trkpt>
		<trkpt lat="34.945899" lon="127.625809">
			<ele>0.00</ele>
			<time>2020-01-19T15:53:12.72Z</time>
		</trkpt>
		<trkpt lat="34.946026" lon="127.625817">
			<ele>0.00</ele>
			<time>2020-01-19T15:53:13.56Z</time>
		</trkpt>
		<trkpt lat="34.946130" lon="127.625804">
			<ele>0.00</ele>
			<time>2020-01-19T15:53:14.26Z</time>
		</trkpt>
		<trkpt lat="34.946256" lon="127.625784">
			<ele>0.00</ele>
			<time>2020-01-19T15:53:15.11Z</time>
		</trkpt>
		<trkpt lat="34.946408" lon="127.625757">
			<ele>0.00</ele>
			<time>2020-01-19T15:53:16.13Z</time>
		</trkpt>
		<trkpt lat="34.946529" lon="127.625720">
			<ele>0.00</ele>
			<time>2020-01-19T15:53:16.96Z</time>
		</trkpt>
		<trkpt lat="34.946686" lon="127.625662">
			<ele>0.00</ele>
			<time>2020-01-19T15:53:18.05Z</time>
		</trkpt>
		<trkpt lat="34.946846" lon="127.625621">
			<ele>0.00</ele>
			<time>2020-01-19T15:53:19.14Z</time>
		</trkpt>
		<trkpt lat="34.946983" lon="127.625581">
			<ele>0.00</ele>
			<time>2020-01-19T15:53:20.08Z</time>
		</trkpt>
		<trkpt lat="34.947155" lon="127.625529">
			<ele>0.00</ele>
			<time>2020-01-19T15:53:21.26Z</time>
		</trkpt>
		<trkpt lat="34.947287" lon="127.625518">
			<ele>0.00</ele>
			<time>2020-01-19T15:53:22.14Z</time>
		</trkpt>
		<trkpt lat="34.947414" lon="127.625511">
			<ele>0.00</ele>
			<time>2020-01-19T15:53:23Z</time>
		</trkpt>
		<trkpt lat="34.947588" lon="127.625509">
			<ele>0.00</ele>
			<time>2020-01-19T15:53:24.15Z</time>
		</trkpt>
		<trkpt lat="34.947782" lon="127.625516">
			<ele>0.00</ele>
			<time>2020-01-19T15:53:25.45Z</time>
		</trkpt>
		<trkpt lat="34.947893" lon="127.625515">
			<ele>0.00</ele>
			<time>2020-01-19T15:53:26.19Z</time>
		</trkpt>
		<trkpt lat="34.948013" lon="127.625514">
			<ele>0.00</ele>
			<time>2020-01-19T15:53:26.99Z</time>
		</trkpt>
		<trkpt lat="34.948172" lon="127.625492">
			<ele>0.00</ele>
			<time>2020-01-19T15:53:28.06Z</time>
		</trkpt>
		<trkpt lat="34.948319" lon="127.625454">
			<ele>0.00</ele>
			<time>2020-01-19T15:53:29.05Z</time>
		</trkpt>
		<trkpt lat="34.948456" lon="127.625413">
			<ele>0.00</ele>
			<time>2020-01-19T15:53:29.99Z</time>
		</trkpt>
		<trkpt lat="34.948566" lon="127.625368">
			<ele>0.00</ele>
			<time>2020-01-19T15:53:30.77Z</time>
		</trkpt>
		<trkpt lat="34.948710" lon="127.625326">
			<ele>0.00</ele>
			<time>2020-01-19T15:53:31.76Z</time>
		</trkpt>
		<trkpt lat="34.948870" lon="127.625247">
			<ele>0.00</ele>
			<time>2020-01-19T15:53:32.91Z</time>
		</trkpt>
		<trkpt lat="34.949015" lon="127.625165">
			<ele>0.00</ele>
			<time>2020-01-19T15:53:33.97Z</time>
		</trkpt>
		<trkpt lat="34.949133" lon="127.625067">
			<ele>0.00</ele>
			<time>2020-01-19T15:53:34.92Z</time>
		</trkpt>
		<trkpt lat="34.949254" lon="127.624966">
			<ele>0.00</ele>
			<time>2020-01-19T15:53:35.90Z</time>
		</trkpt>
		<trkpt lat="34.949337" lon="127.624887">
			<ele>0.00</ele>
			<time>2020-01-19T15:53:36.60Z</time>
		</trkpt>
		<trkpt lat="34.949455" lon="127.624802">
			<ele>0.00</ele>
			<time>2020-01-19T15:53:37.52Z</time>
		</trkpt>
		<trkpt lat="34.949549" lon="127.624749">
			<ele>0.00</ele>
			<time>2020-01-19T15:53:38.21Z</time>
		</trkpt>
		<trkpt lat="34.949660" lon="127.624696">
			<ele>0.00</ele>
			<time>2020-01-19T15:53:39Z</time>
		</trkpt>
		<trkpt lat="34.949763" lon="127.624655">
			<ele>0.00</ele>
			<time>2020-01-19T15:53:39.72Z</time>
		</trkpt>
		<trkpt lat="34.949911" lon="127.624599">
			<ele>0.00</ele>
			<time>2020-01-19T15:53:40.76Z</time>
		</trkpt>
		<trkpt lat="34.950072" lon="127.624552">
			<ele>0.00</ele>
			<time>2020-01-19T15:53:41.86Z</time>
		</trkpt>
		<trkpt lat="34.950220" lon="127.624511">
			<ele>0.00</ele>
			<time>2020-01-19T15:53:42.87Z</time>
		</trkpt>
		<trkpt lat="34.950344" lon="127.624452">
			<ele>0.00</ele>
			<time>2020-01-19T15:53:43.76Z</time>
		</trkpt>
		<trkpt lat="34.950528" lon="127.624405">
			<ele>0.00</ele>
			<time>2020-01-19T15:53:45.01Z</time>
		</trkpt>
		<trkpt lat="34.950651" lon="127.624361">
			<ele>0.00</ele>
			<time>2020-01-19T15:53:45.87Z</time>
		</trkpt>
		<trkpt lat="34.950792" lon="127.624292">
			<ele>0.00</ele>
			<time>2020-01-19T15:53:46.88Z</time>
		</trkpt>
		<trkpt lat="34.950992" lon="127.624239">
			<ele>0.00</ele>
			<time>2020-01-19T15:53:48.24Z</time>
		</trkpt>
		<trkpt lat="34.951187" lon="127.624209">
			<ele>0.00</ele>
			<time>2020-01-19T15:53:49.56Z</time>
		</trkpt>
		<trkpt lat="34.951394" lon="127.624189">
			<ele>0.00</ele>
			<time>2020-01-19T15:53:50.94Z</time>
		</trkpt>
		<trkpt lat="34.951554" lon="127.624203">
			<ele>0.00</ele>
			<time>2020-01-19T15:53:52.01Z</time>
		</trkpt>
		<trkpt lat="34.951689" lon="127.624225">
			<ele>0.00</ele>
			<time>2020-01-19T15:53:52.91Z</time>
		</trkpt>
		<trkpt lat="34.951822" lon="127.624252">
			<ele>0.00</ele>
			<time>2020-01-19T15:53:53.81Z</time>
		</trkpt>
		<trkpt lat="34.951955" lon="127.624263">
			<ele>0.00</ele>
			<time>2020-01-19T15:53:54.70Z</time>
		</trkpt>
		<trkpt lat="34.952113" lon="127.624284">
			<ele>0.00</ele>
			<time>2020-01-19T15:53:55.76Z</time>
		</trkpt>
		<trkpt lat="34.952288" lon="127.624322">
			<ele>0.00</ele>
			<time>2020-01-19T15:53:56.95Z</time>
		</trkpt>
		<trkpt lat="34.952410" lon="127.624349">
			<ele>0.00</ele>
			<time>2020-01-19T15:53:57.77Z</time>
		</trkpt>
		<trkpt lat="34.952523" lon="127.624395">
			<ele>0.00</ele>
			<time>2020-01-19T15:53:58.57Z</time>
		</trkpt>
		<trkpt lat="34.952674" lon="127.624427">
			<ele>0.00</ele>
			<time>2020-01-19T15:53:59.59Z</time>
		</trkpt>
		<trkpt lat="34.952811" lon="127.624441">
			<ele>0.00</ele>
			<time>2020-01-19T15:54:00.50Z</time>
		</trkpt>
		<trkpt lat="34.952952" lon="127.624448">
			<ele>0.00</ele>
			<time>2020-01-19T15:54:01.45Z</time>
		</trkpt>
		<trkpt lat="34.953093" lon="127.624443">
			<ele>0.00</ele>
			<time>2020-01-19T15:54:02.39Z</time>
		</trkpt>
		<trkpt lat="34.953265" lon="127.624443">
			<ele>0.00</ele>
			<time>2020-01-19T15:54:03.53Z</time>
		</trkpt>
		<trkpt lat="34.953419" lon="127.624400">
			<ele>0.00</ele>
			<time>2020-01-19T15:54:04.59Z</time>
		</trkpt>
		<trkpt lat="34.953538" lon="127.624382">
			<ele>0.00</ele>
			<time>2020-01-19T15:54:05.39Z</time>
		</trkpt>
		<trkpt lat="34.953636" lon="127.624405">
			<ele>0.00</ele>
			<time>2020-01-19T15:54:06.05Z</time>
		</trkpt>
		<trkpt lat="34.953708" lon="127.624434">
			<ele>0.00</ele>
			<time>2020-01-19T15:54:06.56Z</time>
		</trkpt>
		<trkpt lat="34.953778" lon="127.624502">
			<ele>0.00</ele>
			<time>2020-01-19T15:54:07.15Z</time>
		</trkpt>
		<trkpt lat="34.953876" lon="127.624591">
			<ele>0.00</ele>
			<time>2020-01-19T15:54:07.97Z</time>
		</trkpt>
		<trkpt lat="34.953977" lon="127.624701">
			<ele>0.00</ele>
			<time>2020-01-19T15:54:08.87Z</time>
		</trkpt>
		<trkpt lat="34.954084" lon="127.624814">
			<ele>0.00</ele>
			<time>2020-01-19T15:54:09.82Z</time>
		</trkpt>
		<trkpt lat="34.954191" lon="127.624867">
			<ele>0.00</ele>
			<time>2020-01-19T15:54:10.58Z</time>
		</trkpt>
		<trkpt lat="34.954326" lon="127.624909">
			<ele>0.00</ele>
			<time>2020-01-19T15:54:11.51Z</time>
		</trkpt>
		<trkpt lat="34.954486" lon="127.624973">
			<ele>0.00</ele>
			<time>2020-01-19T15:54:12.64Z</time>
		</trkpt>
		<trkpt lat="34.954618" lon="127.625035">
			<ele>0.00</ele>
			<time>2020-01-19T15:54:13.58Z</time>
		</trkpt>
		<trkpt lat="34.954714" lon="127.625132">
			<ele>0.00</ele>
			<time>2020-01-19T15:54:14.41Z</time>
		</trkpt>
		<trkpt lat="34.954811" lon="127.625245">
			<ele>0.00</ele>
			<time>2020-01-19T15:54:15.30Z</time>
		</trkpt>
		<trkpt lat="34.954930" lon="127.625421">
			<ele>0.00</ele>
			<time>2020-01-19T15:54:16.55Z</time>
		</trkpt>
		<trkpt lat="34.955052" lon="127.625612">
			<ele>0.00</ele>
			<time>2020-01-19T15:54:17.87Z</time>
		</trkpt>
		<trkpt lat="34.955175" lon="127.625779">
			<ele>0.00</ele>
			<time>2020-01-19T15:54:19.10Z</time>
		</trkpt>
		<trkpt lat="34.955282" lon="127.625924">
			<ele>0.00</ele>
			<time>2020-01-19T15:54:20.17Z</time>
		</trkpt>
		<trkpt lat="34.955363" lon="127.626043">
			<ele>0.00</ele>
			<time>2020-01-19T15:54:21.01Z</time>
		</trkpt>
		<trkpt lat="34.955459" lon="127.626132">
			<ele>0.00</ele>
			<time>2020-01-19T15:54:21.82Z</time>
		</trkpt>
		<trkpt lat="34.955581" lon="127.626194">
			<ele>0.00</ele>
			<time>2020-01-19T15:54:22.69Z</time>
		</trkpt>
		<trkpt lat="34.955712" lon="127.626238">
			<ele>0.00</ele>
			<time>2020-01-19T15:54:23.60Z</time>
		</trkpt>
		<trkpt lat="34.955907" lon="127.626244">
			<ele>0.00</ele>
			<time>2020-01-19T15:54:24.90Z</time>
		</trkpt>
		<trkpt lat="34.956059" lon="127.626255">
			<ele>0.00</ele>
			<time>2020-01-19T15:54:25.92Z</time>
		</trkpt>
		<trkpt lat="34.956220" lon="127.626252">
			<ele>0.00</ele>
			<time>2020-01-19T15:54:26.99Z</time>
		</trkpt>
		<trkpt lat="34.956323" lon="127.626249">
			<ele>0.00</ele>
			<time>2020-01-19T15:54:27.68Z</time>
		</trkpt>
		<trkpt lat="34.956504" lon="127.626240">
			<ele>0.00</ele>
			<time>2020-01-19T15:54:28.89Z</time>
		</trkpt>
		<trkpt lat="34.956643" lon="127.626244">
			<ele>0.00</ele>
			<time>2020-01-19T15:54:29.81Z</time>
		</trkpt>
		<trkpt lat="34.956790" lon="127.626248">
			<ele>0.00</ele>
			<time>2020-01-19T15:54:30.79Z</time>
		</trkpt>
		<trkpt lat="34.956935" lon="127.626236">
			<ele>0.00</ele>
			<time>2020-01-19T15:54:31.76Z</time>
		</trkpt>
		<trkpt lat="34.957064" lon="127.626238">
			<ele>0.00</ele>
			<time>2020-01-19T15:54:32.62Z</time>
		</trkpt>
		<trkpt lat="34.957235" lon="127.626245">
			<ele>0.00</ele>
			<time>2020-01-19T15:54:33.76Z</time>
		</trkpt>
		<trkpt lat="34.957353" lon="127.626258">
			<ele>0.00</ele>
			<time>2020-01-19T15:54:34.55Z</time>
		</trkpt>
		<trkpt lat="34.957457" lon="127.626302">
			<ele>0.00</ele>
			<time>2020-01-19T15:54:35.28Z</time>
		</trkpt>
		<trkpt lat="34.957578" lon="127.626393">
			<ele>0.00</ele>
			<time>2020-01-19T15:54:36.23Z</time>
		</trkpt>
		<trkpt lat="34.957673" lon="127.626512">
			<ele>0.00</ele>
			<time>2020-01-19T15:54:37.14Z</time>
		</trkpt>
		<trkpt lat="34.957787" lon="127.626645">
			<ele>0.00</ele>
			<time>2020-01-19T15:54:38.19Z</time>
		</trkpt>
		<trkpt lat="34.957927" lon="127.626804">
			<ele>0.00</ele>
			<time>2020-01-19T15:54:39.47Z</time>
		</trkpt>
		<trkpt lat="34.958057" lon="127.626957">
			<ele>0.00</ele>
			<time>2020-01-19T15:54:40.68Z</time>
		</trkpt>
		<trkpt lat="34.958170" lon="127.627106">
			<ele>0.00</ele>
			<time>2020-01-19T15:54:41.78Z</time>
		</trkpt>
		<trkpt lat="34.958306" lon="127.627250">
			<ele>0.00</ele>
			<time>2020-01-19T15:54:42.98Z</time>
		</trkpt>
		<trkpt lat="34.958443" lon="127.627402">
			<ele>0.00</ele>
			<time>2020-01-19T15:54:44.22Z</time>
		</trkpt>
		<trkpt lat="34.958579" lon="127.627526">
			<ele>0.00</ele>
			<time>2020-01-19T15:54:45.35Z</time>
		</trkpt>
		<trkpt lat="34.958689" lon="127.627626">
			<ele>0.00</ele>
			<time>2020-01-19T15:54:46.26Z</time>
		</trkpt>
		<trkpt lat="34.958788" lon="127.627668">
			<ele>0.00</ele>
			<time>2020-01-19T15:54:46.97Z</time>
		</trkpt>
		<trkpt lat="34.958939" lon="127.627711">
			<ele>0.00</ele>
			<time>2020-01-19T15:54:47.99Z</time>
		</trkpt>
		<trkpt lat="34.959076" lon="127.627711">
			<ele>0.00</ele>
			<time>2020-01-19T15:54:48.91Z</time>
		</trkpt>
		<trkpt lat="34.959196" lon="127.627696">
			<ele>0.00</ele>
			<time>2020-01-19T15:54:49.71Z</time>
		</trkpt>
		<trkpt lat="34.959322" lon="127.627670">
			<ele>0.00</ele>
			<time>2020-01-19T15:54:50.57Z</time>
		</trkpt>
		<trkpt lat="34.959482" lon="127.627631">
			<ele>0.00</ele>
			<time>2020-01-19T15:54:51.65Z</time>
		</trkpt>
		<trkpt lat="34.959638" lon="127.627579">
			<ele>0.00</ele>
			<time>2020-01-19T15:54:52.73Z</time>
		</trkpt>
		<trkpt lat="34.959822" lon="127.627538">
			<ele>0.00</ele>
			<time>2020-01-19T15:54:53.98Z</time>
		</trkpt>
		<trkpt lat="34.960032" lon="127.627483">
			<ele>0.00</ele>
			<time>2020-01-19T15:54:55.41Z</time>
		</trkpt>
		<trkpt lat="34.960193" lon="127.627444">
			<ele>0.00</ele>
			<time>2020-01-19T15:54:56.51Z</time>
		</trkpt>
		<trkpt lat="34.960371" lon="127.627416">
			<ele>0.00</ele>
			<time>2020-01-19T15:54:57.70Z</time>
		</trkpt>
		<trkpt lat="34.960450" lon="127.627394">
			<ele>0.00</ele>
			<time>2020-01-19T15:54:58.24Z</time>
		</trkpt>
		<trkpt lat="34.960526" lon="127.627349">
			<ele>0.00</ele>
			<time>2020-01-19T15:54:58.81Z</time>
		</trkpt>
		<trkpt lat="34.960626" lon="127.627300">
			<ele>0.00</ele>
			<time>2020-01-19T15:54:59.52Z</time>
		</trkpt>
		<trkpt lat="34.960733" lon="127.627233">
			<ele>0.00</ele>
			<time>2020-01-19T15:55:00.33Z</time>
		</trkpt>
		<trkpt lat="34.960895" lon="127.627135">
			<ele>0.00</ele>
			<time>2020-01-19T15:55:01.53Z</time>
		</trkpt>
		<trkpt lat="34.961002" lon="127.627060">
			<ele>0.00</ele>
			<time>2020-01-19T15:55:02.35Z</time>
		</trkpt>
		<trkpt lat="34.961072" lon="127.627018">
			<ele>0.00</ele>
			<time>2020-01-19T15:55:02.87Z</time>
		</trkpt>
		<trkpt lat="34.961148" lon="127.626950">
			<ele>0.00</ele>
			<time>2020-01-19T15:55:03.50Z</time>
		</trkpt>
		<trkpt lat="34.961175" lon="127.626860">
			<ele>0.00</ele>
			<time>2020-01-19T15:55:04.02Z</time>
		</trkpt>
		<trkpt lat="34.961202" lon="127.626766">
			<ele>0.00</ele>
			<time>2020-01-19T15:55:04.57Z</time>
		</trkpt>
		<trkpt lat="34.961204" lon="127.626642">
			<ele>0.00</ele>
			<time>2020-01-19T15:55:05.25Z</time>
		</trkpt>
		<trkpt lat="34.961208" lon="127.626511">
			<ele>0.00</ele>
			<time>2020-01-19T15:55:05.96Z</time>
		</trkpt>
		<trkpt lat="34.961211" lon="127.626406">
			<ele>0.00</ele>
			<time>2020-01-19T15:55:06.54Z</time>
		</trkpt>
		<trkpt lat="34.961238" lon="127.626288">
			<ele>0.00</ele>
			<time>2020-01-19T15:55:07.20Z</time>
		</trkpt>
		<trkpt lat="34.961292" lon="127.626174">
			<ele>0.00</ele>
			<time>2020-01-19T15:55:07.92Z</time>
		</trkpt>
		<trkpt lat="34.961333" lon="127.626055">
			<ele>0.00</ele>
			<time>2020-01-19T15:55:08.63Z</time>
		</trkpt>
		<trkpt lat="34.961383" lon="127.625955">
			<ele>0.00</ele>
			<time>2020-01-19T15:55:09.27Z</time>
		</trkpt>
		<trkpt lat="34.961439" lon="127.625858">
			<ele>0.00</ele>
			<time>2020-01-19T15:55:09.92Z</time>
		</trkpt>
		<trkpt lat="34.961510" lon="127.625754">
			<ele>0.00</ele>
			<time>2020-01-19T15:55:10.65Z</time>
		</trkpt>
		<trkpt lat="34.961565" lon="127.625659">
			<ele>0.00</ele>
			<time>2020-01-19T15:55:11.29Z</time>
		</trkpt>
		<trkpt lat="34.961664" lon="127.625483">
			<ele>0.00</ele>
			<time>2020-01-19T15:55:12.46Z</time>
		</trkpt>
		<trkpt lat="34.961722" lon="127.625372">
			<ele>0.00</ele>
			<time>2020-01-19T15:55:13.18Z</time>
		</trkpt>
		<trkpt lat="34.961771" lon="127.625287">
			<ele>0.00</ele>
			<time>2020-01-19T15:55:13.75Z</time>
		</trkpt>
		<trkpt lat="34.961817" lon="127.625181">
			<ele>0.00</ele>
			<time>2020-01-19T15:55:14.40Z</time>
		</trkpt>
		<trkpt lat="34.961859" lon="127.625070">
			<ele>0.00</ele>
			<time>2020-01-19T15:55:15.07Z</time>
		</trkpt>
		<trkpt lat="34.961892" lon="127.624942">
			<ele>0.00</ele>
			<time>2020-01-19T15:55:15.80Z</time>
		</trkpt>
		<trkpt lat="34.961926" lon="127.624822">
			<ele>0.00</ele>
			<time>2020-01-19T15:55:16.49Z</time>
		</trkpt>
		<trkpt lat="34.961947" lon="127.624741">
			<ele>0.00</ele>
			<time>2020-01-19T15:55:16.96Z</time>
		</trkpt>
		<trkpt lat="34.961965" lon="127.624666">
			<ele>0.00</ele>
			<time>2020-01-19T15:55:17.39Z</time>
		</trkpt>
		<trkpt lat="34.961988" lon="127.624559">
			<ele>0.00</ele>
			<time>2020-01-19T15:55:17.99Z</time>
		</trkpt>
		<trkpt lat="34.961996" lon="127.624455">
			<ele>0.00</ele>
			<time>2020-01-19T15:55:18.56Z</time>
		</trkpt>
		<trkpt lat="34.961993" lon="127.624380">
			<ele>0.00</ele>
			<time>2020-01-19T15:55:18.97Z</time>
		</trkpt>
		<trkpt lat="34.961981" lon="127.624310">
			<ele>0.00</ele>
			<time>2020-01-19T15:55:19.37Z</time>
		</trkpt>
		<trkpt lat="34.961963" lon="127.624255">
			<ele>0.00</ele>
			<time>2020-01-19T15:55:19.69Z</time>
		</trkpt>
		<trkpt lat="34.961917" lon="127.624148">
			<ele>0.00</ele>
			<time>2020-01-19T15:55:20.35Z</time>
		</trkpt>
		<trkpt lat="34.961863" lon="127.624032">
			<ele>0.00</ele>
			<time>2020-01-19T15:55:21.07Z</time>
		</trkpt>
		<trkpt lat="34.961831" lon="127.623949">
			<ele>0.00</ele>
			<time>2020-01-19T15:55:21.58Z</time>
		</trkpt>
		<trkpt lat="34.961793" lon="127.623847">
			<ele>0.00</ele>
			<time>2020-01-19T15:55:22.19Z</time>
		</trkpt>
		<trkpt lat="34.961770" lon="127.623755">
			<ele>0.00</ele>
			<time>2020-01-19T15:55:22.71Z</time>
		</trkpt>
		<trkpt lat="34.961749" lon="127.623641">
			<ele>0.00</ele>
			<time>2020-01-19T15:55:23.35Z</time>
		</trkpt>
		<trkpt lat="34.961736" lon="127.623534">
			<ele>0.00</ele>
			<time>2020-01-19T15:55:23.94Z</time>
		</trkpt>
		<trkpt lat="34.961729" lon="127.623440">
			<ele>0.00</ele>
			<time>2020-01-19T15:55:24.46Z</time>
		</trkpt>
		<trkpt lat="34.961712" lon="127.623327">
			<ele>0.00</ele>
			<time>2020-01-19T15:55:25.09Z</time>
		</trkpt>
		<trkpt lat="34.961693" lon="127.623217">
			<ele>0.00</ele>
			<time>2020-01-19T15:55:25.70Z</time>
		</trkpt>
		<trkpt lat="34.961672" lon="127.623094">
			<ele>0.00</ele>
			<time>2020-01-19T15:55:26.39Z</time>
		</trkpt>
		<trkpt lat="34.961650" lon="127.622959">
			<ele>0.00</ele>
			<time>2020-01-19T15:55:27.14Z</time>
		</trkpt>
		<trkpt lat="34.961629" lon="127.622810">
			<ele>0.00</ele>
			<time>2020-01-19T15:55:27.97Z</time>
		</trkpt>
		<trkpt lat="34.961602" lon="127.622660">
			<ele>0.00</ele>
			<time>2020-01-19T15:55:28.81Z</time>
		</trkpt>
		<trkpt lat="34.961576" lon="127.622502">
			<ele>0.00</ele>
			<time>2020-01-19T15:55:29.68Z</time>
		</trkpt>
		<trkpt lat="34.961552" lon="127.622352">
			<ele>0.00</ele>
			<time>2020-01-19T15:55:30.52Z</time>
		</trkpt>
		<trkpt lat="34.961524" lon="127.622193">
			<ele>0.00</ele>
			<time>2020-01-19T15:55:31.41Z</time>
		</trkpt>
		<trkpt lat="34.961490" lon="127.622023">
			<ele>0.00</ele>
			<time>2020-01-19T15:55:32.37Z</time>
		</trkpt>
		<trkpt lat="34.961464" lon="127.621886">
			<ele>0.00</ele>
			<time>2020-01-19T15:55:33.13Z</time>
		</trkpt>
		<trkpt lat="34.961433" lon="127.621733">
			<ele>0.00</ele>
			<time>2020-01-19T15:55:33.99Z</time>
		</trkpt>
		<trkpt lat="34.961402" lon="127.621624">
			<ele>0.00</ele>
			<time>2020-01-19T15:55:34.63Z</time>
		</trkpt>
		<trkpt lat="34.961364" lon="127.621496">
			<ele>0.00</ele>
			<time>2020-01-19T15:55:35.37Z</time>
		</trkpt>
		<trkpt lat="34.961316" lon="127.621343">
			<ele>0.00</ele>
			<time>2020-01-19T15:55:36.26Z</time>
		</trkpt>
		<trkpt lat="34.961272" lon="127.621219">
			<ele>0.00</ele>
			<time>2020-01-19T15:55:37Z</time>
		</trkpt>
		<trkpt lat="34.961233" lon="127.621068">
			<ele>0.00</ele>
			<time>2020-01-19T15:55:37.87Z</time>
		</trkpt>
		<trkpt lat="34.961196" lon="127.620925">
			<ele>0.00</ele>
			<time>2020-01-19T15:55:38.69Z</time>
		</trkpt>
		<trkpt lat="34.961163" lon="127.620796">
			<ele>0.00</ele>
			<time>2020-01-19T15:55:39.43Z</time>
		</trkpt>
		<trkpt lat="34.961133" lon="127.620671">
			<ele>0.00</ele>
			<time>2020-01-19T15:55:40.13Z</time>
		</trkpt>
		<trkpt lat="34.961091" lon="127.620509">
			<ele>0.00</ele>
			<time>2020-01-19T15:55:41.07Z</time>
		</trkpt>
		<trkpt lat="34.961048" lon="127.620378">
			<ele>0.00</ele>
			<time>2020-01-19T15:55:41.83Z</time>
		</trkpt>
		<trkpt lat="34.960996" lon="127.620249">
			<ele>0.00</ele>
			<time>2020-01-19T15:55:42.62Z</time>
		</trkpt>
		<trkpt lat="34.960966" lon="127.620165">
			<ele>0.00</ele>
			<time>2020-01-19T15:55:43.12Z</time>
		</trkpt>
		<trkpt lat="34.960922" lon="127.620084">
			<ele>0.00</ele>
			<time>2020-01-19T15:55:43.65Z</time>
		</trkpt>
		<trkpt lat="34.960831" lon="127.619920">
			<ele>0.00</ele>
			<time>2020-01-19T15:55:44.73Z</time>
		</trkpt>
		<trkpt lat="34.960780" lon="127.619825">
			<ele>0.00</ele>
			<time>2020-01-19T15:55:45.35Z</time>
		</trkpt>
		<trkpt lat="34.960722" lon="127.619733">
			<ele>0.00</ele>
			<time>2020-01-19T15:55:45.99Z</time>
		</trkpt>
		<trkpt lat="34.960669" lon="127.619629">
			<ele>0.00</ele>
			<time>2020-01-19T15:55:46.66Z</time>
		</trkpt>
		<trkpt lat="34.960611" lon="127.619493">
			<ele>0.00</ele>
			<time>2020-01-19T15:55:47.50Z</time>
		</trkpt>
		<trkpt lat="34.960567" lon="127.619370">
			<ele>0.00</ele>
			<time>2020-01-19T15:55:48.23Z</time>
		</trkpt>
		<trkpt lat="34.960512" lon="127.619238">
			<ele>0.00</ele>
			<time>2020-01-19T15:55:49.04Z</time>
		</trkpt>
		<trkpt lat="34.960467" lon="127.619112">
			<ele>0.00</ele>
			<time>2020-01-19T15:55:49.79Z</time>
		</trkpt>
		<trkpt lat="34.960432" lon="127.618988">
			<ele>0.00</ele>
			<time>2020-01-19T15:55:50.51Z</time>
		</trkpt>
		<trkpt lat="34.960369" lon="127.618839">
			<ele>0.00</ele>
			<time>2020-01-19T15:55:51.42Z</time>
		</trkpt>
		<trkpt lat="34.960354" lon="127.618749">
			<ele>0.00</ele>
			<time>2020-01-19T15:55:51.92Z</time>
		</trkpt>
		<trkpt lat="34.960356" lon="127.618616">
			<ele>0.00</ele>
			<time>2020-01-19T15:55:52.65Z</time>
		</trkpt>
		<trkpt lat="34.960377" lon="127.618462">
			<ele>0.00</ele>
			<time>2020-01-19T15:55:53.50Z</time>
		</trkpt>
		<trkpt lat="34.960392" lon="127.618351">
			<ele>0.00</ele>
			<time>2020-01-19T15:55:54.12Z</time>
		</trkpt>
		<trkpt lat="34.960431" lon="127.618231">
			<ele>0.00</ele>
			<time>2020-01-19T15:55:54.82Z</time>
		</trkpt>
		<trkpt lat="34.960488" lon="127.618069">
			<ele>0.00</ele>
			<time>2020-01-19T15:55:55.79Z</time>
		</trkpt>
		<trkpt lat="34.960545" lon="127.617914">
			<ele>0.00</ele>
			<time>2020-01-19T15:55:56.71Z</time>
		</trkpt>
		<trkpt lat="34.960611" lon="127.617746">
			<ele>0.00</ele>
			<time>2020-01-19T15:55:57.73Z</time>
		</trkpt>
		<trkpt lat="34.960701" lon="127.617550">
			<ele>0.00</ele>
			<time>2020-01-19T15:55:58.96Z</time>
		</trkpt>
		<trkpt lat="34.960777" lon="127.617357">
			<ele>0.00</ele>
			<time>2020-01-19T15:56:00.13Z</time>
		</trkpt>
		<trkpt lat="34.960825" lon="127.617229">
			<ele>0.00</ele>
			<time>2020-01-19T15:56:00.90Z</time>
		</trkpt>
		<trkpt lat="34.960886" lon="127.617079">
			<ele>0.00</ele>
			<time>2020-01-19T15:56:01.81Z</time>
		</trkpt>
		<trkpt lat="34.960945" lon="127.616921">
			<ele>0.00</ele>
			<time>2020-01-19T15:56:02.76Z</time>
		</trkpt>
		<trkpt lat="34.961004" lon="127.616745">
			<ele>0.00</ele>
			<time>2020-01-19T15:56:03.80Z</time>
		</trkpt>
		<trkpt lat="34.961095" lon="127.616507">
			<ele>0.00</ele>
			<time>2020-01-19T15:56:05.23Z</time>
		</trkpt>
		<trkpt lat="34.961168" lon="127.616316">
			<ele>0.00</ele>
			<time>2020-01-19T15:56:06.38Z</time>
		</trkpt>
		<trkpt lat="34.961235" lon="127.616145">
			<ele>0.00</ele>
			<time>2020-01-19T15:56:07.42Z</time>
		</trkpt>
		<trkpt lat="34.961304" lon="127.615955">
			<ele>0.00</ele>
			<time>2020-01-19T15:56:08.56Z</time>
		</trkpt>
		<trkpt lat="34.961382" lon="127.615730">
			<ele>0.00</ele>
			<time>2020-01-19T15:56:09.89Z</time>
		</trkpt>
		<trkpt lat="34.961424" lon="127.615604">
			<ele>0.00</ele>
			<time>2020-01-19T15:56:10.63Z</time>
		</trkpt>
		<trkpt lat="34.961466" lon="127.615471">
			<ele>0.00</ele>
			<time>2020-01-19T15:56:11.42Z</time>
		</trkpt>
		<trkpt lat="34.961513" lon="127.615314">
			<ele>0.00</ele>
			<time>2020-01-19T15:56:12.33Z</time>
		</trkpt>
		<trkpt lat="34.961557" lon="127.615183">
			<ele>0.00</ele>
			<time>2020-01-19T15:56:13.10Z</time>
		</trkpt>
		<trkpt lat="34.961605" lon="127.615012">
			<ele>0.00</ele>
			<time>2020-01-19T15:56:14.09Z</time>
		</trkpt>
		<trkpt lat="34.961651" lon="127.614839">
			<ele>0.00</ele>
			<time>2020-01-19T15:56:15.08Z</time>
		</trkpt>
		<trkpt lat="34.961708" lon="127.614648">
			<ele>0.00</ele>
			<time>2020-01-19T15:56:16.19Z</time>
		</trkpt>
		<trkpt lat="34.961782" lon="127.614442">
			<ele>0.00</ele>
			<time>2020-01-19T15:56:17.42Z</time>
		</trkpt>
		<trkpt lat="34.961841" lon="127.614233">
			<ele>0.00</ele>
			<time>2020-01-19T15:56:18.63Z</time>
		</trkpt>
		<trkpt lat="34.961914" lon="127.614011">
			<ele>0.00</ele>
			<time>2020-01-19T15:56:19.93Z</time>
		</trkpt>
		<trkpt lat="34.962005" lon="127.613807">
			<ele>0.00</ele>
			<time>2020-01-19T15:56:21.21Z</time>
		</trkpt>
		<trkpt lat="34.962073" lon="127.613636">
			<ele>0.00</ele>
			<time>2020-01-19T15:56:22.24Z</time>
		</trkpt>
		<trkpt lat="34.962163" lon="127.613392">
			<ele>0.00</ele>
			<time>2020-01-19T15:56:23.71Z</time>
		</trkpt>
		<trkpt lat="34.962275" lon="127.613160">
			<ele>0.00</ele>
			<time>2020-01-19T15:56:25.18Z</time>
		</trkpt>
		<trkpt lat="34.962441" lon="127.612871">
			<ele>0.00</ele>
			<time>2020-01-19T15:56:27.11Z</time>
		</trkpt>
		<trkpt lat="34.962547" lon="127.612689">
			<ele>0.00</ele>
			<time>2020-01-19T15:56:28.33Z</time>
		</trkpt>
		<trkpt lat="34.962702" lon="127.612445">
			<ele>0.00</ele>
			<time>2020-01-19T15:56:30.01Z</time>
		</trkpt>
		<trkpt lat="34.962810" lon="127.612246">
			<ele>0.00</ele>
			<time>2020-01-19T15:56:31.31Z</time>
		</trkpt>
		<trkpt lat="34.962969" lon="127.612018">
			<ele>0.00</ele>
			<time>2020-01-19T15:56:32.95Z</time>
		</trkpt>
		<trkpt lat="34.963090" lon="127.611829">
			<ele>0.00</ele>
			<time>2020-01-19T15:56:34.26Z</time>
		</trkpt>
		<trkpt lat="34.963202" lon="127.611659">
			<ele>0.00</ele>
			<time>2020-01-19T15:56:35.45Z</time>
		</trkpt>
		<trkpt lat="34.963298" lon="127.611499">
			<ele>0.00</ele>
			<time>2020-01-19T15:56:36.54Z</time>
		</trkpt>
		<trkpt lat="34.963418" lon="127.611257">
			<ele>0.00</ele>
			<time>2020-01-19T15:56:38.08Z</time>
		</trkpt>
		<trkpt lat="34.963558" lon="127.611008">
			<ele>0.00</ele>
			<time>2020-01-19T15:56:39.73Z</time>
		</trkpt>
		<trkpt lat="34.963673" lon="127.610814">
			<ele>0.00</ele>
			<time>2020-01-19T15:56:41.04Z</time>
		</trkpt>
		<trkpt lat="34.963780" lon="127.610605">
			<ele>0.00</ele>
			<time>2020-01-19T15:56:42.39Z</time>
		</trkpt>
		<trkpt lat="34.963960" lon="127.610318">
			<ele>0.00</ele>
			<time>2020-01-19T15:56:44.36Z</time>
		</trkpt>
		<trkpt lat="34.964102" lon="127.610109">
			<ele>0.00</ele>
			<time>2020-01-19T15:56:45.84Z</time>
		</trkpt>
		<trkpt lat="34.964220" lon="127.609905">
			<ele>0.00</ele>
			<time>2020-01-19T15:56:47.21Z</time>
		</trkpt>
		<trkpt lat="34.964330" lon="127.609714">
			<ele>0.00</ele>
			<time>2020-01-19T15:56:48.48Z</time>
		</trkpt>
		<trkpt lat="34.964417" lon="127.609582">
			<ele>0.00</ele>
			<time>2020-01-19T15:56:49.41Z</time>
		</trkpt>
		<trkpt lat="34.964529" lon="127.609426">
			<ele>0.00</ele>
			<time>2020-01-19T15:56:50.54Z</time>
		</trkpt>
		<trkpt lat="34.964659" lon="127.609240">
			<ele>0.00</ele>
			<time>2020-01-19T15:56:51.88Z</time>
		</trkpt>
		<trkpt lat="34.964802" lon="127.609031">
			<ele>0.00</ele>
			<time>2020-01-19T15:56:53.36Z</time>
		</trkpt>
		<trkpt lat="34.964943" lon="127.608832">
			<ele>0.00</ele>
			<time>2020-01-19T15:56:54.80Z</time>
		</trkpt>
		<trkpt lat="34.965068" lon="127.608659">
			<ele>0.00</ele>
			<time>2020-01-19T15:56:56.06Z</time>
		</trkpt>
		<trkpt lat="34.965199" lon="127.608519">
			<ele>0.00</ele>
			<time>2020-01-19T15:56:57.22Z</time>
		</trkpt>
		<trkpt lat="34.965302" lon="127.608400">
			<ele>0.00</ele>
			<time>2020-01-19T15:56:58.17Z</time>
		</trkpt>
		<trkpt lat="34.965421" lon="127.608253">
			<ele>0.00</ele>
			<time>2020-01-19T15:56:59.30Z</time>
		</trkpt>
		<trkpt lat="34.965513" lon="127.608146">
			<ele>0.00</ele>
			<time>2020-01-19T15:57:00.14Z</time>
		</trkpt>
		<trkpt lat="34.965615" lon="127.608024">
			<ele>0.00</ele>
			<time>2020-01-19T15:57:01.10Z</time>
		</trkpt>
		<trkpt lat="34.965688" lon="127.607920">
			<ele>0.00</ele>
			<time>2020-01-19T15:57:01.84Z</time>
		</trkpt>
		<trkpt lat="34.965762" lon="127.607800">
			<ele>0.00</ele>
			<time>2020-01-19T15:57:02.66Z</time>
		</trkpt>
		<trkpt lat="34.965791" lon="127.607683">
			<ele>0.00</ele>
			<time>2020-01-19T15:57:03.33Z</time>
		</trkpt>
		<trkpt lat="34.965791" lon="127.607575">
			<ele>0.00</ele>
			<time>2020-01-19T15:57:03.92Z</time>
		</trkpt>
		<trkpt lat="34.965764" lon="127.607442">
			<ele>0.00</ele>
			<time>2020-01-19T15:57:04.67Z</time>
		</trkpt>
		<trkpt lat="34.965702" lon="127.607336">
			<ele>0.00</ele>
			<time>2020-01-19T15:57:05.38Z</time>
		</trkpt>
		<trkpt lat="34.965619" lon="127.607240">
			<ele>0.00</ele>
			<time>2020-01-19T15:57:06.14Z</time>
		</trkpt>
		<trkpt lat="34.965558" lon="127.607156">
			<ele>0.00</ele>
			<time>2020-01-19T15:57:06.76Z</time>
		</trkpt>
		<trkpt lat="34.965491" lon="127.607021">
			<ele>0.00</ele>
			<time>2020-01-19T15:57:07.62Z</time>
		</trkpt>
		<trkpt lat="34.965445" lon="127.606846">
			<ele>0.00</ele>
			<time>2020-01-19T15:57:08.62Z</time>
		</trkpt>
		<trkpt lat="34.965403" lon="127.606633">
			<ele>0.00</ele>
			<time>2020-01-19T15:57:09.82Z</time>
		</trkpt>
		<trkpt lat="34.965381" lon="127.606419">
			<ele>0.00</ele>
			<time>2020-01-19T15:57:11Z</time>
		</trkpt>
		<trkpt lat="34.965380" lon="127.606270">
			<ele>0.00</ele>
			<time>2020-01-19T15:57:11.81Z</time>
		</trkpt>
		<trkpt lat="34.965376" lon="127.606140">
			<ele>0.00</ele>
			<time>2020-01-19T15:57:12.52Z</time>
		</trkpt>
		<trkpt lat="34.965394" lon="127.606063">
			<ele>0.00</ele>
			<time>2020-01-19T15:57:12.96Z</time>
		</trkpt>
		<trkpt lat="34.965429" lon="127.606001">
			<ele>0.00</ele>
			<time>2020-01-19T15:57:13.37Z</time>
		</trkpt>
		<trkpt lat="34.965509" lon="127.605961">
			<ele>0.00</ele>
			<time>2020-01-19T15:57:13.95Z</time>
		</trkpt>
		<trkpt lat="34.965597" lon="127.605928">
			<ele>0.00</ele>
			<time>2020-01-19T15:57:14.56Z</time>
		</trkpt>
		<trkpt lat="34.965709" lon="127.605888">
			<ele>0.00</ele>
			<time>2020-01-19T15:57:15.34Z</time>
		</trkpt>
		<trkpt lat="34.965781" lon="127.605858">
			<ele>0.00</ele>
			<time>2020-01-19T15:57:15.85Z</time>
		</trkpt>
		<trkpt lat="34.965840" lon="127.605834">
			<ele>0.00</ele>
			<time>2020-01-19T15:57:16.26Z</time>
		</trkpt>
		<trkpt lat="34.965853" lon="127.605785">
			<ele>0.00</ele>
			<time>2020-01-19T15:57:16.54Z</time>
		</trkpt>
		<trkpt lat="34.965864" lon="127.605700">
			<ele>0.00</ele>
			<time>2020-01-19T15:57:17.01Z</time>
		</trkpt>
		<trkpt lat="34.965860" lon="127.605583">
			<ele>0.00</ele>
			<time>2020-01-19T15:57:17.66Z</time>
		</trkpt>
		<trkpt lat="34.965849" lon="127.605488">
			<ele>0.00</ele>
			<time>2020-01-19T15:57:18.18Z</time>
		</trkpt>
		<trkpt lat="34.965833" lon="127.605379">
			<ele>0.00</ele>
			<time>2020-01-19T15:57:18.78Z</time>
		</trkpt>
		<trkpt lat="34.965786" lon="127.605284">
			<ele>0.00</ele>
			<time>2020-01-19T15:57:19.39Z</time>
		</trkpt>
		<trkpt lat="34.965727" lon="127.605178">
			<ele>0.00</ele>
			<time>2020-01-19T15:57:20.09Z</time>
		</trkpt>
		<trkpt lat="34.965651" lon="127.605078">
			<ele>0.00</ele>
			<time>2020-01-19T15:57:20.84Z</time>
		</trkpt>
		<trkpt lat="34.965563" lon="127.604978">
			<ele>0.00</ele>
			<time>2020-01-19T15:57:21.64Z</time>
		</trkpt>
		<trkpt lat="34.965494" lon="127.604911">
			<ele>0.00</ele>
			<time>2020-01-19T15:57:22.23Z</time>
		</trkpt>
		<trkpt lat="34.965421" lon="127.604859">
			<ele>0.00</ele>
			<time>2020-01-19T15:57:22.79Z</time>
		</trkpt>
		<trkpt lat="34.965344" lon="127.604803">
			<ele>0.00</ele>
			<time>2020-01-19T15:57:23.39Z</time>
		</trkpt>
		<trkpt lat="34.965271" lon="127.604739">
			<ele>0.00</ele>
			<time>2020-01-19T15:57:23.99Z</time>
		</trkpt>
		<trkpt lat="34.965217" lon="127.604658">
			<ele>0.00</ele>
			<time>2020-01-19T15:57:24.56Z</time>
		</trkpt>
		<trkpt lat="34.965170" lon="127.604531">
			<ele>0.00</ele>
			<time>2020-01-19T15:57:25.32Z</time>
		</trkpt>
		<trkpt lat="34.965138" lon="127.604416">
			<ele>0.00</ele>
			<time>2020-01-19T15:57:25.98Z</time>
		</trkpt>
		<trkpt lat="34.965103" lon="127.604325">
			<ele>0.00</ele>
			<time>2020-01-19T15:57:26.53Z</time>
		</trkpt>
		<trkpt lat="34.965045" lon="127.604194">
			<ele>0.00</ele>
			<time>2020-01-19T15:57:27.34Z</time>
		</trkpt>
		<trkpt lat="34.964996" lon="127.604092">
			<ele>0.00</ele>
			<time>2020-01-19T15:57:27.99Z</time>
		</trkpt>
		<trkpt lat="34.964921" lon="127.603978">
			<ele>0.00</ele>
			<time>2020-01-19T15:57:28.78Z</time>
		</trkpt>
		<trkpt lat="34.964849" lon="127.603874">
			<ele>0.00</ele>
			<time>2020-01-19T15:57:29.53Z</time>
		</trkpt>
		<trkpt lat="34.964771" lon="127.603796">
			<ele>0.00</ele>
			<time>2020-01-19T15:57:30.20Z</time>
		</trkpt>
		<trkpt lat="34.964697" lon="127.603756">
			<ele>0.00</ele>
			<time>2020-01-19T15:57:30.74Z</time>
		</trkpt>
		<trkpt lat="34.964644" lon="127.603768">
			<ele>0.00</ele>
			<time>2020-01-19T15:57:31.10Z</time>
		</trkpt>
		<trkpt lat="34.964603" lon="127.603797">
			<ele>0.00</ele>
			<time>2020-01-19T15:57:31.42Z</time>
		</trkpt>
		<trkpt lat="34.964596" lon="127.603855">
			<ele>0.00</ele>
			<time>2020-01-19T15:57:31.74Z</time>
		</trkpt>
		<trkpt lat="34.964598" lon="127.603925">
			<ele>0.00</ele>
			<time>2020-01-19T15:57:32.12Z</time>
		</trkpt>
		<trkpt lat="34.964598" lon="127.603976">
			<ele>0.00</ele>
			<time>2020-01-19T15:57:32.39Z</time>
		</trkpt>
		<trkpt lat="34.964528" lon="127.603996">
			<ele>0.00</ele>
			<time>2020-01-19T15:57:32.88Z</time>
		</trkpt>
		<trkpt lat="34.964439" lon="127.604028">
			<ele>0.00</ele>
			<time>2020-01-19T15:57:33.50Z</time>
		</trkpt>
		<trkpt lat="34.964407" lon="127.603985">
			<ele>0.00</ele>
			<time>2020-01-19T15:57:33.82Z</time>
		</trkpt>
		<trkpt lat="34.964386" lon="127.603903">
			<ele>0.00</ele>
			<time>2020-01-19T15:57:34.28Z</time>
		</trkpt>
		<trkpt lat="34.964352" lon="127.603775">
			<ele>0.00</ele>
			<time>2020-01-19T15:57:35.02Z</time>
		</trkpt>
		<trkpt lat="34.964318" lon="127.603679">
			<ele>0.00</ele>
			<time>2020-01-19T15:57:35.59Z</time>
		</trkpt>
		<trkpt lat="34.964281" lon="127.603553">
			<ele>0.00</ele>
			<time>2020-01-19T15:57:36.32Z</time>
		</trkpt>
		<trkpt lat="34.964253" lon="127.603462">
			<ele>0.00</ele>
			<time>2020-01-19T15:57:36.85Z</time>
		</trkpt>
		<trkpt lat="34.964203" lon="127.603432">
			<ele>0.00</ele>
			<time>2020-01-19T15:57:37.22Z</time>
		</trkpt>
		<trkpt lat="34.964159" lon="127.603396">
			<ele>0.00</ele>
			<time>2020-01-19T15:57:37.58Z</time>
		</trkpt>
		<trkpt lat="34.964098" lon="127.603344">
			<ele>0.00</ele>
			<time>2020-01-19T15:57:38.08Z</time>
		</trkpt>
		<trkpt lat="34.964059" lon="127.603310">
			<ele>0.00</ele>
			<time>2020-01-19T15:57:38.39Z</time>
		</trkpt>
		<trkpt lat="34.963998" lon="127.603236">
			<ele>0.00</ele>
			<time>2020-01-19T15:57:38.97Z</time>
		</trkpt>
		<trkpt lat="34.963943" lon="127.603165">
			<ele>0.00</ele>
			<time>2020-01-19T15:57:39.50Z</time>
		</trkpt>
		<trkpt lat="34.963896" lon="127.603094">
			<ele>0.00</ele>
			<time>2020-01-19T15:57:40Z</time>
		</trkpt>
		<trkpt lat="34.963890" lon="127.603055">
			<ele>0.00</ele>
			<time>2020-01-19T15:57:40.22Z</time>
		</trkpt>
		<trkpt lat="34.963969" lon="127.602966">
			<ele>0.00</ele>
			<time>2020-01-19T15:57:40.94Z</time>
		</trkpt>
		<trkpt lat="34.964124" lon="127.602827">
			<ele>0.00</ele>
			<time>2020-01-19T15:57:42.22Z</time>
		</trkpt>
		<trkpt lat="34.964288" lon="127.602651">
			<ele>0.00</ele>
			<time>2020-01-19T15:57:43.67Z</time>
		</trkpt>
		<trkpt lat="34.964462" lon="127.602480">
			<ele>0.00</ele>
			<time>2020-01-19T15:57:45.16Z</time>
		</trkpt>
		<trkpt lat="34.964584" lon="127.602336">
			<ele>0.00</ele>
			<time>2020-01-19T15:57:46.29Z</time>
		</trkpt>
		<trkpt lat="34.964663" lon="127.602259">
			<ele>0.00</ele>
			<time>2020-01-19T15:57:46.97Z</time>
		</trkpt>
		<trkpt lat="34.964764" lon="127.602145">
			<ele>0.00</ele>
			<time>2020-01-19T15:57:47.89Z</time>
		</trkpt>
		<trkpt lat="34.964876" lon="127.602050">
			<ele>0.00</ele>
			<time>2020-01-19T15:57:48.80Z</time>
		</trkpt>
		<trkpt lat="34.964982" lon="127.601956">
			<ele>0.00</ele>
			<time>2020-01-19T15:57:49.67Z</time>
		</trkpt>
		<trkpt lat="34.965079" lon="127.601862">
			<ele>0.00</ele>
			<time>2020-01-19T15:57:50.50Z</time>
		</trkpt>
		<trkpt lat="34.965164" lon="127.601764">
			<ele>0.00</ele>
			<time>2020-01-19T15:57:51.27Z</time>
		</trkpt>
		<trkpt lat="34.965255" lon="127.601635">
			<ele>0.00</ele>
			<time>2020-01-19T15:57:52.20Z</time>
		</trkpt>
		<trkpt lat="34.965361" lon="127.601458">
			<ele>0.00</ele>
			<time>2020-01-19T15:57:53.40Z</time>
		</trkpt>
		<trkpt lat="34.965442" lon="127.601285">
			<ele>0.00</ele>
			<time>2020-01-19T15:57:54.49Z</time>
		</trkpt>
		<trkpt lat="34.965504" lon="127.601154">
			<ele>0.00</ele>
			<time>2020-01-19T15:57:55.32Z</time>
		</trkpt>
		<trkpt lat="34.965554" lon="127.601058">
			<ele>0.00</ele>
			<time>2020-01-19T15:57:55.94Z</time>
		</trkpt>
		<trkpt lat="34.965617" lon="127.600943">
			<ele>0.00</ele>
			<time>2020-01-19T15:57:56.69Z</time>
		</trkpt>
		<trkpt lat="34.965684" lon="127.600785">
			<ele>0.00</ele>
			<time>2020-01-19T15:57:57.67Z</time>
		</trkpt>
		<trkpt lat="34.965759" lon="127.600608">
			<ele>0.00</ele>
			<time>2020-01-19T15:57:58.75Z</time>
		</trkpt>
		<trkpt lat="34.965827" lon="127.600461">
			<ele>0.00</ele>
			<time>2020-01-19T15:57:59.68Z</time>
		</trkpt>
		<trkpt lat="34.965898" lon="127.600285">
			<ele>0.00</ele>
			<time>2020-01-19T15:58:00.75Z</time>
		</trkpt>
		<trkpt lat="34.965987" lon="127.600099">
			<ele>0.00</ele>
			<time>2020-01-19T15:58:01.92Z</time>
		</trkpt>
		<trkpt lat="34.966055" lon="127.599914">
			<ele>0.00</ele>
			<time>2020-01-19T15:58:03.03Z</time>
		</trkpt>
		<trkpt lat="34.966133" lon="127.599706">
			<ele>0.00</ele>
			<time>2020-01-19T15:58:04.28Z</time>
		</trkpt>
		<trkpt lat="34.966201" lon="127.599553">
			<ele>0.00</ele>
			<time>2020-01-19T15:58:05.23Z</time>
		</trkpt>
		<trkpt lat="34.966278" lon="127.599374">
			<ele>0.00</ele>
			<time>2020-01-19T15:58:06.34Z</time>
		</trkpt>
		<trkpt lat="34.966341" lon="127.599185">
			<ele>0.00</ele>
			<time>2020-01-19T15:58:07.45Z</time>
		</trkpt>
		<trkpt lat="34.966383" lon="127.599051">
			<ele>0.00</ele>
			<time>2020-01-19T15:58:08.24Z</time>
		</trkpt>
		<trkpt lat="34.966411" lon="127.598943">
			<ele>0.00</ele>
			<time>2020-01-19T15:58:08.86Z</time>
		</trkpt>
		<trkpt lat="34.966407" lon="127.598871">
			<ele>0.00</ele>
			<time>2020-01-19T15:58:09.25Z</time>
		</trkpt>
		<trkpt lat="34.966406" lon="127.598825">
			<ele>0.00</ele>
			<time>2020-01-19T15:58:09.50Z</time>
		</trkpt>
		<trkpt lat="34.966408" lon="127.598781">
			<ele>0.00</ele>
			<time>2020-01-19T15:58:09.74Z</time>
		</trkpt>
		<trkpt lat="34.966410" lon="127.598728">
			<ele>0.00</ele>
			<time>2020-01-19T15:58:10.03Z</time>
		</trkpt>
		<trkpt lat="34.966435" lon="127.598684">
			<ele>0.00</ele>
			<time>2020-01-19T15:58:10.33Z</time>
		</trkpt>
		<trkpt lat="34.966515" lon="127.598609">
			<ele>0.00</ele>
			<time>2020-01-19T15:58:11Z</time>
		</trkpt>
		<trkpt lat="34.966583" lon="127.598540">
			<ele>0.00</ele>
			<time>2020-01-19T15:58:11.58Z</time>
		</trkpt>
		<trkpt lat="34.966640" lon="127.598468">
			<ele>0.00</ele>
			<time>2020-01-19T15:58:12.13Z</time>
		</trkpt>
		<trkpt lat="34.966680" lon="127.598409">
			<ele>0.00</ele>
			<time>2020-01-19T15:58:12.55Z</time>
		</trkpt>
		<trkpt lat="34.966738" lon="127.598300">
			<ele>0.00</ele>
			<time>2020-01-19T15:58:13.26Z</time>
		</trkpt>
		<trkpt lat="34.966796" lon="127.598151">
			<ele>0.00</ele>
			<time>2020-01-19T15:58:14.16Z</time>
		</trkpt>
		<trkpt lat="34.966850" lon="127.598024">
			<ele>0.00</ele>
			<time>2020-01-19T15:58:14.95Z</time>
		</trkpt>
		<trkpt lat="34.966900" lon="127.597895">
			<ele>0.00</ele>
			<time>2020-01-19T15:58:15.72Z</time>
		</trkpt>
		<trkpt lat="34.966958" lon="127.597764">
			<ele>0.00</ele>
			<time>2020-01-19T15:58:16.54Z</time>
		</trkpt>
		<trkpt lat="34.967006" lon="127.597660">
			<ele>0.00</ele>
			<time>2020-01-19T15:58:17.19Z</time>
		</trkpt>
		<trkpt lat="34.967072" lon="127.597534">
			<ele>0.00</ele>
			<time>2020-01-19T15:58:18.01Z</time>
		</trkpt>
		<trkpt lat="34.967143" lon="127.597400">
			<ele>0.00</ele>
			<time>2020-01-19T15:58:18.88Z</time>
		</trkpt>
		<trkpt lat="34.967227" lon="127.597274">
			<ele>0.00</ele>
			<time>2020-01-19T15:58:19.77Z</time>
		</trkpt>
		<trkpt lat="34.967311" lon="127.597143">
			<ele>0.00</ele>
			<time>2020-01-19T15:58:20.67Z</time>
		</trkpt>
		<trkpt lat="34.967429" lon="127.596972">
			<ele>0.00</ele>
			<time>2020-01-19T15:58:21.89Z</time>
		</trkpt>
		<trkpt lat="34.967540" lon="127.596836">
			<ele>0.00</ele>
			<time>2020-01-19T15:58:22.95Z</time>
		</trkpt>
		<trkpt lat="34.967665" lon="127.596700">
			<ele>0.00</ele>
			<time>2020-01-19T15:58:24.06Z</time>
		</trkpt>
		<trkpt lat="34.967779" lon="127.596569">
			<ele>0.00</ele>
			<time>2020-01-19T15:58:25.11Z</time>
		</trkpt>
		<trkpt lat="34.967901" lon="127.596461">
			<ele>0.00</ele>
			<time>2020-01-19T15:58:26.11Z</time>
		</trkpt>
		<trkpt lat="34.968003" lon="127.596381">
			<ele>0.00</ele>
			<time>2020-01-19T15:58:26.92Z</time>
		</trkpt>
		<trkpt lat="34.968105" lon="127.596297">
			<ele>0.00</ele>
			<time>2020-01-19T15:58:27.74Z</time>
		</trkpt>
		<trkpt lat="34.968165" lon="127.596223">
			<ele>0.00</ele>
			<time>2020-01-19T15:58:28.31Z</time>
		</trkpt>
		<trkpt lat="34.968182" lon="127.596157">
			<ele>0.00</ele>
			<time>2020-01-19T15:58:28.68Z</time>
		</trkpt>
		<trkpt lat="34.968188" lon="127.596084">
			<ele>0.00</ele>
			<time>2020-01-19T15:58:29.09Z</time>
		</trkpt>
		<trkpt lat="34.968246" lon="127.596091">
			<ele>0.00</ele>
			<time>2020-01-19T15:58:29.47Z</time>
		</trkpt>
		<trkpt lat="34.968290" lon="127.596081">
			<ele>0.00</ele>
			<time>2020-01-19T15:58:29.77Z</time>
		</trkpt>
		<trkpt lat="34.968341" lon="127.596029">
			<ele>0.00</ele>
			<time>2020-01-19T15:58:30.22Z</time>
		</trkpt>
		<trkpt lat="34.968391" lon="127.595992">
			<ele>0.00</ele>
			<time>2020-01-19T15:58:30.60Z</time>
		</trkpt>
		<trkpt lat="34.968441" lon="127.595958">
			<ele>0.00</ele>
			<time>2020-01-19T15:58:30.98Z</time>
		</trkpt>
		<trkpt lat="34.968472" lon="127.595936">
			<ele>0.00</ele>
			<time>2020-01-19T15:58:31.23Z</time>
		</trkpt>
		<trkpt lat="34.968478" lon="127.595851">
			<ele>0.00</ele>
			<time>2020-01-19T15:58:31.69Z</time>
		</trkpt>
		<trkpt lat="34.968575" lon="127.595843">
			<ele>0.00</ele>
			<time>2020-01-19T15:58:32.34Z</time>
		</trkpt>
		<trkpt lat="34.968664" lon="127.595806">
			<ele>0.00</ele>
			<time>2020-01-19T15:58:32.97Z</time>
		</trkpt>
		<trkpt lat="34.968783" lon="127.595713">
			<ele>0.00</ele>
			<time>2020-01-19T15:58:33.91Z</time>
		</trkpt>
		<trkpt lat="34.968899" lon="127.595632">
			<ele>0.00</ele>
			<time>2020-01-19T15:58:34.80Z</time>
		</trkpt>
		<trkpt lat="34.969014" lon="127.595524">
			<ele>0.00</ele>
			<time>2020-01-19T15:58:35.77Z</time>
		</trkpt>
		<trkpt lat="34.969127" lon="127.595417">
			<ele>0.00</ele>
			<time>2020-01-19T15:58:36.72Z</time>
		</trkpt>
		<trkpt lat="34.969237" lon="127.595319">
			<ele>0.00</ele>
			<time>2020-01-19T15:58:37.63Z</time>
		</trkpt>
		<trkpt lat="34.969348" lon="127.595195">
			<ele>0.00</ele>
			<time>2020-01-19T15:58:38.63Z</time>
		</trkpt>
		<trkpt lat="34.969454" lon="127.595082">
			<ele>0.00</ele>
			<time>2020-01-19T15:58:39.57Z</time>
		</trkpt>
		<trkpt lat="34.969555" lon="127.594965">
			<ele>0.00</ele>
			<time>2020-01-19T15:58:40.50Z</time>
		</trkpt>
		<trkpt lat="34.969662" lon="127.594848">
			<ele>0.00</ele>
			<time>2020-01-19T15:58:41.46Z</time>
		</trkpt>
		<trkpt lat="34.969808" lon="127.594680">
			<ele>0.00</ele>
			<time>2020-01-19T15:58:42.79Z</time>
		</trkpt>
		<trkpt lat="34.969912" lon="127.594549">
			<ele>0.00</ele>
			<time>2020-01-19T15:58:43.79Z</time>
		</trkpt>
		<trkpt lat="34.970004" lon="127.594423">
			<ele>0.00</ele>
			<time>2020-01-19T15:58:44.71Z</time>
		</trkpt>
		<trkpt lat="34.970100" lon="127.594293">
			<ele>0.00</ele>
			<time>2020-01-19T15:58:45.67Z</time>
		</trkpt>
		<trkpt lat="34.970219" lon="127.594150">
			<ele>0.00</ele>
			<time>2020-01-19T15:58:46.79Z</time>
		</trkpt>
		<trkpt lat="34.970331" lon="127.593995">
			<ele>0.00</ele>
			<time>2020-01-19T15:58:47.91Z</time>
		</trkpt>
		<trkpt lat="34.970452" lon="127.593837">
			<ele>0.00</ele>
			<time>2020-01-19T15:58:49.09Z</time>
		</trkpt>
		<trkpt lat="34.970550" lon="127.593699">
			<ele>0.00</ele>
			<time>2020-01-19T15:58:50.09Z</time>
		</trkpt>
		<trkpt lat="34.970701" lon="127.593521">
			<ele>0.00</ele>
			<time>2020-01-19T15:58:51.49Z</time>
		</trkpt>
		<trkpt lat="34.970772" lon="127.593431">
			<ele>0.00</ele>
			<time>2020-01-19T15:58:52.17Z</time>
		</trkpt>
		<trkpt lat="34.970854" lon="127.593317">
			<ele>0.00</ele>
			<time>2020-01-19T15:58:53Z</time>
		</trkpt>
		<trkpt lat="34.970906" lon="127.593202">
			<ele>0.00</ele>
			<time>2020-01-19T15:58:53.72Z</time>
		</trkpt>
		<trkpt lat="34.970952" lon="127.593004">
			<ele>0.00</ele>
			<time>2020-01-19T15:58:54.84Z</time>
		</trkpt>
		<trkpt lat="34.970957" lon="127.592844">
			<ele>0.00</ele>
			<time>2020-01-19T15:58:55.72Z</time>
		</trkpt>
		<trkpt lat="34.970942" lon="127.592649">
			<ele>0.00</ele>
			<time>2020-01-19T15:58:56.79Z</time>
		</trkpt>
		<trkpt lat="34.970931" lon="127.592536">
			<ele>0.00</ele>
			<time>2020-01-19T15:58:57.41Z</time>
		</trkpt>
		<trkpt lat="34.970916" lon="127.592396">
			<ele>0.00</ele>
			<time>2020-01-19T15:58:58.18Z</time>
		</trkpt>
		<trkpt lat="34.970911" lon="127.592258">
			<ele>0.00</ele>
			<time>2020-01-19T15:58:58.93Z</time>
		</trkpt>
		<trkpt lat="34.970897" lon="127.592089">
			<ele>0.00</ele>
			<time>2020-01-19T15:58:59.87Z</time>
		</trkpt>
		<trkpt lat="34.970891" lon="127.591897">
			<ele>0.00</ele>
			<time>2020-01-19T15:59:00.91Z</time>
		</trkpt>
		<trkpt lat="34.970872" lon="127.591685">
			<ele>0.00</ele>
			<time>2020-01-19T15:59:02.08Z</time>
		</trkpt>
		<trkpt lat="34.970859" lon="127.591451">
			<ele>0.00</ele>
			<time>2020-01-19T15:59:03.36Z</time>
		</trkpt>
		<trkpt lat="34.970837" lon="127.591219">
			<ele>0.00</ele>
			<time>2020-01-19T15:59:04.63Z</time>
		</trkpt>
		<trkpt lat="34.970826" lon="127.590982">
			<ele>0.00</ele>
			<time>2020-01-19T15:59:05.93Z</time>
		</trkpt>
		<trkpt lat="34.970809" lon="127.590768">
			<ele>0.00</ele>
			<time>2020-01-19T15:59:07.11Z</time>
		</trkpt>
		<trkpt lat="34.970795" lon="127.590613">
			<ele>0.00</ele>
			<time>2020-01-19T15:59:07.96Z</time>
		</trkpt>
		<trkpt lat="34.970794" lon="127.590448">
			<ele>0.00</ele>
			<time>2020-01-19T15:59:08.86Z</time>
		</trkpt>
		<trkpt lat="34.970792" lon="127.590332">
			<ele>0.00</ele>
			<time>2020-01-19T15:59:09.49Z</time>
		</trkpt>
		<trkpt lat="34.970791" lon="127.590188">
			<ele>0.00</ele>
			<time>2020-01-19T15:59:10.28Z</time>
		</trkpt>
		<trkpt lat="34.970786" lon="127.590104">
			<ele>0.00</ele>
			<time>2020-01-19T15:59:10.74Z</time>
		</trkpt>
		<trkpt lat="34.970760" lon="127.590026">
			<ele>0.00</ele>
			<time>2020-01-19T15:59:11.20Z</time>
		</trkpt>
		<trkpt lat="34.970711" lon="127.589941">
			<ele>0.00</ele>
			<time>2020-01-19T15:59:11.77Z</time>
		</trkpt>
		<trkpt lat="34.970652" lon="127.589867">
			<ele>0.00</ele>
			<time>2020-01-19T15:59:12.33Z</time>
		</trkpt>
		<trkpt lat="34.970579" lon="127.589797">
			<ele>0.00</ele>
			<time>2020-01-19T15:59:12.95Z</time>
		</trkpt>
		<trkpt lat="34.970519" lon="127.589744">
			<ele>0.00</ele>
			<time>2020-01-19T15:59:13.44Z</time>
		</trkpt>
		<trkpt lat="34.970464" lon="127.589697">
			<ele>0.00</ele>
			<time>2020-01-19T15:59:13.89Z</time>
		</trkpt>
		<trkpt lat="34.970349" lon="127.589688">
			<ele>0.00</ele>
			<time>2020-01-19T15:59:14.66Z</time>
		</trkpt>
		<trkpt lat="34.970189" lon="127.589701">
			<ele>0.00</ele>
			<time>2020-01-19T15:59:15.73Z</time>
		</trkpt>
		<trkpt lat="34.970117" lon="127.589709">
			<ele>0.00</ele>
			<time>2020-01-19T15:59:16.21Z</time>
		</trkpt>
		<trkpt lat="34.970026" lon="127.589718">
			<ele>0.00</ele>
			<time>2020-01-19T15:59:16.82Z</time>
		</trkpt>
		<extensions>
			<gte:name>#416</gte:name>
			<gte:color>#fc00fc</gte:color>
		</extensions>
	</trkseg>
</trk>
</gpx>