<?xml version="1.0" encoding="UTF-8"?>
<gpx version="1.1" creator="GPS Track Editor" xmlns="http://www.topografix.com/GPX/1/1" xmlns:xsi="http://www.w3.org/2001/XMLSchema-instance" xmlns:gte="http://www.gpstrackeditor.com/xmlschemas/General/1" xmlns:gpxtpx="http://www.garmin.com/xmlschemas/TrackPointExtension/v1" xmlns:gpxx="http://www.garmin.com/xmlschemas/GpxExtensions/v3" targetNamespace="http://www.topografix.com/GPX/1/1" elementFormDefault="qualified" xsi:schemaLocation="http://www.topografix.com/GPX/1/1 http://www.topografix.com/GPX/1/1/gpx.xsd">
<metadata>
	<name>GPS_2020-01-20_003943</name>
</metadata>
<trk>
	<name>072-고흥군 도덕면 용동리 고흥만방조제공원~고흥군 두원면 대전리 대전해수욕장</name>
	<trkseg>
		<trkpt lat="34.646934" lon="127.196822">
			<ele>0.00</ele>
			<time>2020-01-20T00:39:43.08Z</time>
		</trkpt>
		<trkpt lat="34.647047" lon="127.196878">
			<ele>0.00</ele>
			<time>2020-01-20T00:39:43.89Z</time>
		</trkpt>
		<trkpt lat="34.647074" lon="127.196987">
			<ele>0.00</ele>
			<time>2020-01-20T00:39:44.52Z</time>
		</trkpt>
		<trkpt lat="34.647175" lon="127.197104">
			<ele>0.00</ele>
			<time>2020-01-20T00:39:45.45Z</time>
		</trkpt>
		<trkpt lat="34.647113" lon="127.197238">
			<ele>0.00</ele>
			<time>2020-01-20T00:39:46.29Z</time>
		</trkpt>
		<trkpt lat="34.647126" lon="127.197261">
			<ele>0.00</ele>
			<time>2020-01-20T00:39:46.45Z</time>
		</trkpt>
		<trkpt lat="34.647126" lon="127.197261">
			<ele>0.00</ele>
			<time>2020-01-20T00:39:46.51Z</time>
		</trkpt>
		<trkpt lat="34.647213" lon="127.197347">
			<ele>0.00</ele>
			<time>2020-01-20T00:39:47.25Z</time>
		</trkpt>
		<trkpt lat="34.647263" lon="127.197401">
			<ele>0.00</ele>
			<time>2020-01-20T00:39:47.70Z</time>
		</trkpt>
		<trkpt lat="34.647293" lon="127.197480">
			<ele>0.00</ele>
			<time>2020-01-20T00:39:48.17Z</time>
		</trkpt>
		<trkpt lat="34.647322" lon="127.197581">
			<ele>0.00</ele>
			<time>2020-01-20T00:39:48.76Z</time>
		</trkpt>
		<trkpt lat="34.647327" lon="127.197582">
			<ele>0.00</ele>
			<time>2020-01-20T00:39:48.82Z</time>
		</trkpt>
		<trkpt lat="34.647337" lon="127.197646">
			<ele>0.00</ele>
			<time>2020-01-20T00:39:49.18Z</time>
		</trkpt>
		<trkpt lat="34.647361" lon="127.197718">
			<ele>0.00</ele>
			<time>2020-01-20T00:39:49.60Z</time>
		</trkpt>
		<trkpt lat="34.647382" lon="127.197805">
			<ele>0.00</ele>
			<time>2020-01-20T00:39:50.11Z</time>
		</trkpt>
		<trkpt lat="34.647422" lon="127.197967">
			<ele>0.00</ele>
			<time>2020-01-20T00:39:51.03Z</time>
		</trkpt>
		<trkpt lat="34.647478" lon="127.198177">
			<ele>0.00</ele>
			<time>2020-01-20T00:39:52.24Z</time>
		</trkpt>
		<trkpt lat="34.647530" lon="127.198398">
			<ele>0.00</ele>
			<time>2020-01-20T00:39:53.50Z</time>
		</trkpt>
		<trkpt lat="34.647577" lon="127.198628">
			<ele>0.00</ele>
			<time>2020-01-20T00:39:54.80Z</time>
		</trkpt>
		<trkpt lat="34.647643" lon="127.198890">
			<ele>0.00</ele>
			<time>2020-01-20T00:39:56.30Z</time>
		</trkpt>
		<trkpt lat="34.647669" lon="127.199034">
			<ele>0.00</ele>
			<time>2020-01-20T00:39:57.11Z</time>
		</trkpt>
		<trkpt lat="34.647692" lon="127.199125">
			<ele>0.00</ele>
			<time>2020-01-20T00:39:57.64Z</time>
		</trkpt>
		<trkpt lat="34.647710" lon="127.199193">
			<ele>0.00</ele>
			<time>2020-01-20T00:39:58.03Z</time>
		</trkpt>
		<trkpt lat="34.647768" lon="127.199160">
			<ele>0.00</ele>
			<time>2020-01-20T00:39:58.45Z</time>
		</trkpt>
		<trkpt lat="34.647840" lon="127.199123">
			<ele>0.00</ele>
			<time>2020-01-20T00:39:58.97Z</time>
		</trkpt>
		<trkpt lat="34.647843" lon="127.199121">
			<ele>0.00</ele>
			<time>2020-01-20T00:39:59.03Z</time>
		</trkpt>
		<trkpt lat="34.647964" lon="127.199621">
			<ele>0.00</ele>
			<time>2020-01-20T00:40:01.89Z</time>
		</trkpt>
		<trkpt lat="34.648079" lon="127.200113">
			<ele>0.00</ele>
			<time>2020-01-20T00:40:04.70Z</time>
		</trkpt>
		<trkpt lat="34.648198" lon="127.200645">
			<ele>0.00</ele>
			<time>2020-01-20T00:40:07.72Z</time>
		</trkpt>
		<trkpt lat="34.648362" lon="127.201359">
			<ele>0.00</ele>
			<time>2020-01-20T00:40:11.79Z</time>
		</trkpt>
		<trkpt lat="34.648533" lon="127.202109">
			<ele>0.00</ele>
			<time>2020-01-20T00:40:16.05Z</time>
		</trkpt>
		<trkpt lat="34.648867" lon="127.203588">
			<ele>0.00</ele>
			<time>2020-01-20T00:40:24.47Z</time>
		</trkpt>
		<trkpt lat="34.649055" lon="127.204384">
			<ele>0.00</ele>
			<time>2020-01-20T00:40:29.01Z</time>
		</trkpt>
		<trkpt lat="34.649258" lon="127.205254">
			<ele>0.00</ele>
			<time>2020-01-20T00:40:33.97Z</time>
		</trkpt>
		<trkpt lat="34.649402" lon="127.205880">
			<ele>0.00</ele>
			<time>2020-01-20T00:40:37.53Z</time>
		</trkpt>
		<trkpt lat="34.649639" lon="127.206916">
			<ele>0.00</ele>
			<time>2020-01-20T00:40:43.43Z</time>
		</trkpt>
		<trkpt lat="34.649815" lon="127.207664">
			<ele>0.00</ele>
			<time>2020-01-20T00:40:47.70Z</time>
		</trkpt>
		<trkpt lat="34.649915" lon="127.208104">
			<ele>0.00</ele>
			<time>2020-01-20T00:40:50.20Z</time>
		</trkpt>
		<trkpt lat="34.650171" lon="127.209190">
			<ele>0.00</ele>
			<time>2020-01-20T00:40:56.40Z</time>
		</trkpt>
		<trkpt lat="34.650315" lon="127.209822">
			<ele>0.00</ele>
			<time>2020-01-20T00:40:59.99Z</time>
		</trkpt>
		<trkpt lat="34.650606" lon="127.211073">
			<ele>0.00</ele>
			<time>2020-01-20T00:41:07.12Z</time>
		</trkpt>
		<trkpt lat="34.650835" lon="127.212018">
			<ele>0.00</ele>
			<time>2020-01-20T00:41:12.52Z</time>
		</trkpt>
		<trkpt lat="34.651005" lon="127.212827">
			<ele>0.00</ele>
			<time>2020-01-20T00:41:17.10Z</time>
		</trkpt>
		<trkpt lat="34.651326" lon="127.214162">
			<ele>0.00</ele>
			<time>2020-01-20T00:41:24.73Z</time>
		</trkpt>
		<trkpt lat="34.651502" lon="127.214895">
			<ele>0.00</ele>
			<time>2020-01-20T00:41:28.92Z</time>
		</trkpt>
		<trkpt lat="34.651621" lon="127.215411">
			<ele>0.00</ele>
			<time>2020-01-20T00:41:31.86Z</time>
		</trkpt>
		<trkpt lat="34.651923" lon="127.216728">
			<ele>0.00</ele>
			<time>2020-01-20T00:41:39.35Z</time>
		</trkpt>
		<trkpt lat="34.652119" lon="127.217539">
			<ele>0.00</ele>
			<time>2020-01-20T00:41:43.99Z</time>
		</trkpt>
		<trkpt lat="34.652257" lon="127.218195">
			<ele>0.00</ele>
			<time>2020-01-20T00:41:47.71Z</time>
		</trkpt>
		<trkpt lat="34.652601" lon="127.219676">
			<ele>0.00</ele>
			<time>2020-01-20T00:41:56.14Z</time>
		</trkpt>
		<trkpt lat="34.652802" lon="127.220538">
			<ele>0.00</ele>
			<time>2020-01-20T00:42:01.06Z</time>
		</trkpt>
		<trkpt lat="34.652960" lon="127.221207">
			<ele>0.00</ele>
			<time>2020-01-20T00:42:04.87Z</time>
		</trkpt>
		<trkpt lat="34.653242" lon="127.222447">
			<ele>0.00</ele>
			<time>2020-01-20T00:42:11.93Z</time>
		</trkpt>
		<trkpt lat="34.653434" lon="127.223226">
			<ele>0.00</ele>
			<time>2020-01-20T00:42:16.39Z</time>
		</trkpt>
		<trkpt lat="34.653774" lon="127.224754">
			<ele>0.00</ele>
			<time>2020-01-20T00:42:25.07Z</time>
		</trkpt>
		<trkpt lat="34.653902" lon="127.225261">
			<ele>0.00</ele>
			<time>2020-01-20T00:42:27.98Z</time>
		</trkpt>
		<trkpt lat="34.654120" lon="127.226229">
			<ele>0.00</ele>
			<time>2020-01-20T00:42:33.48Z</time>
		</trkpt>
		<trkpt lat="34.654328" lon="127.227130">
			<ele>0.00</ele>
			<time>2020-01-20T00:42:38.61Z</time>
		</trkpt>
		<trkpt lat="34.654452" lon="127.227692">
			<ele>0.00</ele>
			<time>2020-01-20T00:42:41.80Z</time>
		</trkpt>
		<trkpt lat="34.654513" lon="127.227970">
			<ele>0.00</ele>
			<time>2020-01-20T00:42:43.38Z</time>
		</trkpt>
		<trkpt lat="34.654516" lon="127.227979">
			<ele>0.00</ele>
			<time>2020-01-20T00:42:43.44Z</time>
		</trkpt>
		<trkpt lat="34.654554" lon="127.227996">
			<ele>0.00</ele>
			<time>2020-01-20T00:42:43.71Z</time>
		</trkpt>
		<trkpt lat="34.654676" lon="127.227968">
			<ele>0.00</ele>
			<time>2020-01-20T00:42:44.54Z</time>
		</trkpt>
		<trkpt lat="34.654914" lon="127.227885">
			<ele>0.00</ele>
			<time>2020-01-20T00:42:46.19Z</time>
		</trkpt>
		<trkpt lat="34.655058" lon="127.227852">
			<ele>0.00</ele>
			<time>2020-01-20T00:42:47.17Z</time>
		</trkpt>
		<trkpt lat="34.655279" lon="127.227859">
			<ele>0.00</ele>
			<time>2020-01-20T00:42:48.64Z</time>
		</trkpt>
		<trkpt lat="34.655875" lon="127.227896">
			<ele>0.00</ele>
			<time>2020-01-20T00:42:52.62Z</time>
		</trkpt>
		<trkpt lat="34.656033" lon="127.227885">
			<ele>0.00</ele>
			<time>2020-01-20T00:42:53.68Z</time>
		</trkpt>
		<trkpt lat="34.656190" lon="127.227848">
			<ele>0.00</ele>
			<time>2020-01-20T00:42:54.74Z</time>
		</trkpt>
		<trkpt lat="34.656359" lon="127.227754">
			<ele>0.00</ele>
			<time>2020-01-20T00:42:55.98Z</time>
		</trkpt>
		<trkpt lat="34.656456" lon="127.227673">
			<ele>0.00</ele>
			<time>2020-01-20T00:42:56.77Z</time>
		</trkpt>
		<trkpt lat="34.656705" lon="127.227687">
			<ele>0.00</ele>
			<time>2020-01-20T00:42:58.43Z</time>
		</trkpt>
		<trkpt lat="34.656781" lon="127.227731">
			<ele>0.00</ele>
			<time>2020-01-20T00:42:58.99Z</time>
		</trkpt>
		<trkpt lat="34.657114" lon="127.227984">
			<ele>0.00</ele>
			<time>2020-01-20T00:43:01.61Z</time>
		</trkpt>
		<trkpt lat="34.657407" lon="127.228184">
			<ele>0.00</ele>
			<time>2020-01-20T00:43:03.84Z</time>
		</trkpt>
		<trkpt lat="34.657684" lon="127.228274">
			<ele>0.00</ele>
			<time>2020-01-20T00:43:05.75Z</time>
		</trkpt>
		<trkpt lat="34.657883" lon="127.228365">
			<ele>0.00</ele>
			<time>2020-01-20T00:43:07.18Z</time>
		</trkpt>
		<trkpt lat="34.658147" lon="127.228407">
			<ele>0.00</ele>
			<time>2020-01-20T00:43:08.95Z</time>
		</trkpt>
		<trkpt lat="34.658420" lon="127.228451">
			<ele>0.00</ele>
			<time>2020-01-20T00:43:10.78Z</time>
		</trkpt>
		<trkpt lat="34.658695" lon="127.228513">
			<ele>0.00</ele>
			<time>2020-01-20T00:43:12.65Z</time>
		</trkpt>
		<trkpt lat="34.658954" lon="127.228565">
			<ele>0.00</ele>
			<time>2020-01-20T00:43:14.40Z</time>
		</trkpt>
		<trkpt lat="34.659203" lon="127.228627">
			<ele>0.00</ele>
			<time>2020-01-20T00:43:16.10Z</time>
		</trkpt>
		<trkpt lat="34.659435" lon="127.228684">
			<ele>0.00</ele>
			<time>2020-01-20T00:43:17.67Z</time>
		</trkpt>
		<trkpt lat="34.659716" lon="127.228773">
			<ele>0.00</ele>
			<time>2020-01-20T00:43:19.61Z</time>
		</trkpt>
		<trkpt lat="34.659955" lon="127.228813">
			<ele>0.00</ele>
			<time>2020-01-20T00:43:21.22Z</time>
		</trkpt>
		<trkpt lat="34.660261" lon="127.228827">
			<ele>0.00</ele>
			<time>2020-01-20T00:43:23.26Z</time>
		</trkpt>
		<trkpt lat="34.660398" lon="127.228788">
			<ele>0.00</ele>
			<time>2020-01-20T00:43:24.20Z</time>
		</trkpt>
		<trkpt lat="34.660556" lon="127.228673">
			<ele>0.00</ele>
			<time>2020-01-20T00:43:25.43Z</time>
		</trkpt>
		<trkpt lat="34.660674" lon="127.228503">
			<ele>0.00</ele>
			<time>2020-01-20T00:43:26.65Z</time>
		</trkpt>
		<trkpt lat="34.660800" lon="127.228318">
			<ele>0.00</ele>
			<time>2020-01-20T00:43:27.96Z</time>
		</trkpt>
		<trkpt lat="34.660887" lon="127.228225">
			<ele>0.00</ele>
			<time>2020-01-20T00:43:28.73Z</time>
		</trkpt>
		<trkpt lat="34.661105" lon="127.228156">
			<ele>0.00</ele>
			<time>2020-01-20T00:43:30.24Z</time>
		</trkpt>
		<trkpt lat="34.661253" lon="127.228119">
			<ele>0.00</ele>
			<time>2020-01-20T00:43:31.25Z</time>
		</trkpt>
		<trkpt lat="34.661602" lon="127.228037">
			<ele>0.00</ele>
			<time>2020-01-20T00:43:33.62Z</time>
		</trkpt>
		<trkpt lat="34.661730" lon="127.227993">
			<ele>0.00</ele>
			<time>2020-01-20T00:43:34.50Z</time>
		</trkpt>
		<trkpt lat="34.661821" lon="127.227973">
			<ele>0.00</ele>
			<time>2020-01-20T00:43:35.12Z</time>
		</trkpt>
		<trkpt lat="34.661878" lon="127.227966">
			<ele>0.00</ele>
			<time>2020-01-20T00:43:35.50Z</time>
		</trkpt>
		<trkpt lat="34.661938" lon="127.228007">
			<ele>0.00</ele>
			<time>2020-01-20T00:43:35.96Z</time>
		</trkpt>
		<trkpt lat="34.661997" lon="127.228111">
			<ele>0.00</ele>
			<time>2020-01-20T00:43:36.65Z</time>
		</trkpt>
		<trkpt lat="34.662048" lon="127.228227">
			<ele>0.00</ele>
			<time>2020-01-20T00:43:37.37Z</time>
		</trkpt>
		<trkpt lat="34.662115" lon="127.228431">
			<ele>0.00</ele>
			<time>2020-01-20T00:43:38.58Z</time>
		</trkpt>
		<trkpt lat="34.662187" lon="127.228653">
			<ele>0.00</ele>
			<time>2020-01-20T00:43:39.89Z</time>
		</trkpt>
		<trkpt lat="34.662244" lon="127.228879">
			<ele>0.00</ele>
			<time>2020-01-20T00:43:41.18Z</time>
		</trkpt>
		<trkpt lat="34.662299" lon="127.229032">
			<ele>0.00</ele>
			<time>2020-01-20T00:43:42.10Z</time>
		</trkpt>
		<trkpt lat="34.662315" lon="127.229083">
			<ele>0.00</ele>
			<time>2020-01-20T00:43:42.40Z</time>
		</trkpt>
		<trkpt lat="34.662359" lon="127.229229">
			<ele>0.00</ele>
			<time>2020-01-20T00:43:43.25Z</time>
		</trkpt>
		<trkpt lat="34.662357" lon="127.229232">
			<ele>0.00</ele>
			<time>2020-01-20T00:43:43.31Z</time>
		</trkpt>
		<trkpt lat="34.662406" lon="127.229407">
			<ele>0.00</ele>
			<time>2020-01-20T00:43:44.32Z</time>
		</trkpt>
		<trkpt lat="34.662449" lon="127.229575">
			<ele>0.00</ele>
			<time>2020-01-20T00:43:45.28Z</time>
		</trkpt>
		<trkpt lat="34.662461" lon="127.229779">
			<ele>0.00</ele>
			<time>2020-01-20T00:43:46.41Z</time>
		</trkpt>
		<trkpt lat="34.662436" lon="127.230018">
			<ele>0.00</ele>
			<time>2020-01-20T00:43:47.73Z</time>
		</trkpt>
		<trkpt lat="34.662386" lon="127.230237">
			<ele>0.00</ele>
			<time>2020-01-20T00:43:48.97Z</time>
		</trkpt>
		<trkpt lat="34.662394" lon="127.230439">
			<ele>0.00</ele>
			<time>2020-01-20T00:43:50.08Z</time>
		</trkpt>
		<trkpt lat="34.662406" lon="127.230717">
			<ele>0.00</ele>
			<time>2020-01-20T00:43:51.61Z</time>
		</trkpt>
		<trkpt lat="34.662446" lon="127.231064">
			<ele>0.00</ele>
			<time>2020-01-20T00:43:53.53Z</time>
		</trkpt>
		<trkpt lat="34.662487" lon="127.231340">
			<ele>0.00</ele>
			<time>2020-01-20T00:43:55.07Z</time>
		</trkpt>
		<trkpt lat="34.662525" lon="127.231647">
			<ele>0.00</ele>
			<time>2020-01-20T00:43:56.77Z</time>
		</trkpt>
		<trkpt lat="34.662559" lon="127.231936">
			<ele>0.00</ele>
			<time>2020-01-20T00:43:58.37Z</time>
		</trkpt>
		<trkpt lat="34.662557" lon="127.232083">
			<ele>0.00</ele>
			<time>2020-01-20T00:43:59.18Z</time>
		</trkpt>
		<trkpt lat="34.662558" lon="127.232231">
			<ele>0.00</ele>
			<time>2020-01-20T00:43:59.99Z</time>
		</trkpt>
		<trkpt lat="34.662512" lon="127.232400">
			<ele>0.00</ele>
			<time>2020-01-20T00:44:00.97Z</time>
		</trkpt>
		<trkpt lat="34.662447" lon="127.232565">
			<ele>0.00</ele>
			<time>2020-01-20T00:44:01.97Z</time>
		</trkpt>
		<trkpt lat="34.662390" lon="127.232728">
			<ele>0.00</ele>
			<time>2020-01-20T00:44:02.94Z</time>
		</trkpt>
		<trkpt lat="34.662313" lon="127.232971">
			<ele>0.00</ele>
			<time>2020-01-20T00:44:04.37Z</time>
		</trkpt>
		<trkpt lat="34.662279" lon="127.233208">
			<ele>0.00</ele>
			<time>2020-01-20T00:44:05.69Z</time>
		</trkpt>
		<trkpt lat="34.662291" lon="127.233314">
			<ele>0.00</ele>
			<time>2020-01-20T00:44:06.27Z</time>
		</trkpt>
		<trkpt lat="34.662273" lon="127.233476">
			<ele>0.00</ele>
			<time>2020-01-20T00:44:07.17Z</time>
		</trkpt>
		<trkpt lat="34.662299" lon="127.233720">
			<ele>0.00</ele>
			<time>2020-01-20T00:44:08.52Z</time>
		</trkpt>
		<trkpt lat="34.662374" lon="127.233932">
			<ele>0.00</ele>
			<time>2020-01-20T00:44:09.78Z</time>
		</trkpt>
		<trkpt lat="34.662493" lon="127.234153">
			<ele>0.00</ele>
			<time>2020-01-20T00:44:11.24Z</time>
		</trkpt>
		<trkpt lat="34.662657" lon="127.234338">
			<ele>0.00</ele>
			<time>2020-01-20T00:44:12.73Z</time>
		</trkpt>
		<trkpt lat="34.662740" lon="127.234497">
			<ele>0.00</ele>
			<time>2020-01-20T00:44:13.76Z</time>
		</trkpt>
		<trkpt lat="34.662811" lon="127.234664">
			<ele>0.00</ele>
			<time>2020-01-20T00:44:14.79Z</time>
		</trkpt>
		<trkpt lat="34.662855" lon="127.234790">
			<ele>0.00</ele>
			<time>2020-01-20T00:44:15.54Z</time>
		</trkpt>
		<trkpt lat="34.662890" lon="127.234923">
			<ele>0.00</ele>
			<time>2020-01-20T00:44:16.31Z</time>
		</trkpt>
		<trkpt lat="34.662910" lon="127.235019">
			<ele>0.00</ele>
			<time>2020-01-20T00:44:16.85Z</time>
		</trkpt>
		<trkpt lat="34.662989" lon="127.235130">
			<ele>0.00</ele>
			<time>2020-01-20T00:44:17.65Z</time>
		</trkpt>
		<trkpt lat="34.663080" lon="127.235241">
			<ele>0.00</ele>
			<time>2020-01-20T00:44:18.51Z</time>
		</trkpt>
		<trkpt lat="34.663189" lon="127.235388">
			<ele>0.00</ele>
			<time>2020-01-20T00:44:19.60Z</time>
		</trkpt>
		<trkpt lat="34.663337" lon="127.235504">
			<ele>0.00</ele>
			<time>2020-01-20T00:44:20.77Z</time>
		</trkpt>
		<trkpt lat="34.663568" lon="127.235659">
			<ele>0.00</ele>
			<time>2020-01-20T00:44:22.53Z</time>
		</trkpt>
		<trkpt lat="34.663786" lon="127.235837">
			<ele>0.00</ele>
			<time>2020-01-20T00:44:24.28Z</time>
		</trkpt>
		<trkpt lat="34.664082" lon="127.236115">
			<ele>0.00</ele>
			<time>2020-01-20T00:44:26.78Z</time>
		</trkpt>
		<trkpt lat="34.664268" lon="127.236287">
			<ele>0.00</ele>
			<time>2020-01-20T00:44:28.34Z</time>
		</trkpt>
		<trkpt lat="34.664443" lon="127.236422">
			<ele>0.00</ele>
			<time>2020-01-20T00:44:29.72Z</time>
		</trkpt>
		<trkpt lat="34.664638" lon="127.236543">
			<ele>0.00</ele>
			<time>2020-01-20T00:44:31.17Z</time>
		</trkpt>
		<trkpt lat="34.664868" lon="127.236661">
			<ele>0.00</ele>
			<time>2020-01-20T00:44:32.84Z</time>
		</trkpt>
		<trkpt lat="34.665093" lon="127.236767">
			<ele>0.00</ele>
			<time>2020-01-20T00:44:34.45Z</time>
		</trkpt>
		<trkpt lat="34.665205" lon="127.236853">
			<ele>0.00</ele>
			<time>2020-01-20T00:44:35.33Z</time>
		</trkpt>
		<trkpt lat="34.665308" lon="127.236944">
			<ele>0.00</ele>
			<time>2020-01-20T00:44:36.18Z</time>
		</trkpt>
		<trkpt lat="34.665446" lon="127.237065">
			<ele>0.00</ele>
			<time>2020-01-20T00:44:37.31Z</time>
		</trkpt>
		<trkpt lat="34.665610" lon="127.237146">
			<ele>0.00</ele>
			<time>2020-01-20T00:44:38.49Z</time>
		</trkpt>
		<trkpt lat="34.665784" lon="127.237180">
			<ele>0.00</ele>
			<time>2020-01-20T00:44:39.67Z</time>
		</trkpt>
		<trkpt lat="34.665897" lon="127.237210">
			<ele>0.00</ele>
			<time>2020-01-20T00:44:40.44Z</time>
		</trkpt>
		<trkpt lat="34.665954" lon="127.237235">
			<ele>0.00</ele>
			<time>2020-01-20T00:44:40.84Z</time>
		</trkpt>
		<trkpt lat="34.666005" lon="127.237267">
			<ele>0.00</ele>
			<time>2020-01-20T00:44:41.22Z</time>
		</trkpt>
		<trkpt lat="34.666025" lon="127.237272">
			<ele>0.00</ele>
			<time>2020-01-20T00:44:41.36Z</time>
		</trkpt>
		<trkpt lat="34.666104" lon="127.237334">
			<ele>0.00</ele>
			<time>2020-01-20T00:44:41.99Z</time>
		</trkpt>
		<trkpt lat="34.666132" lon="127.237369">
			<ele>0.00</ele>
			<time>2020-01-20T00:44:42.26Z</time>
		</trkpt>
		<trkpt lat="34.666171" lon="127.237410">
			<ele>0.00</ele>
			<time>2020-01-20T00:44:42.60Z</time>
		</trkpt>
		<trkpt lat="34.666238" lon="127.237440">
			<ele>0.00</ele>
			<time>2020-01-20T00:44:43.07Z</time>
		</trkpt>
		<trkpt lat="34.666328" lon="127.237464">
			<ele>0.00</ele>
			<time>2020-01-20T00:44:43.69Z</time>
		</trkpt>
		<trkpt lat="34.666403" lon="127.237486">
			<ele>0.00</ele>
			<time>2020-01-20T00:44:44.21Z</time>
		</trkpt>
		<trkpt lat="34.666491" lon="127.237527">
			<ele>0.00</ele>
			<time>2020-01-20T00:44:44.83Z</time>
		</trkpt>
		<trkpt lat="34.666555" lon="127.237536">
			<ele>0.00</ele>
			<time>2020-01-20T00:44:45.26Z</time>
		</trkpt>
		<trkpt lat="34.666642" lon="127.237546">
			<ele>0.00</ele>
			<time>2020-01-20T00:44:45.85Z</time>
		</trkpt>
		<trkpt lat="34.666715" lon="127.237551">
			<ele>0.00</ele>
			<time>2020-01-20T00:44:46.33Z</time>
		</trkpt>
		<trkpt lat="34.666777" lon="127.237546">
			<ele>0.00</ele>
			<time>2020-01-20T00:44:46.75Z</time>
		</trkpt>
		<trkpt lat="34.666841" lon="127.237546">
			<ele>0.00</ele>
			<time>2020-01-20T00:44:47.18Z</time>
		</trkpt>
		<trkpt lat="34.666957" lon="127.237527">
			<ele>0.00</ele>
			<time>2020-01-20T00:44:47.96Z</time>
		</trkpt>
		<trkpt lat="34.667020" lon="127.237518">
			<ele>0.00</ele>
			<time>2020-01-20T00:44:48.38Z</time>
		</trkpt>
		<trkpt lat="34.667105" lon="127.237514">
			<ele>0.00</ele>
			<time>2020-01-20T00:44:48.95Z</time>
		</trkpt>
		<trkpt lat="34.667200" lon="127.237518">
			<ele>0.00</ele>
			<time>2020-01-20T00:44:49.58Z</time>
		</trkpt>
		<trkpt lat="34.667278" lon="127.237527">
			<ele>0.00</ele>
			<time>2020-01-20T00:44:50.10Z</time>
		</trkpt>
		<trkpt lat="34.667341" lon="127.237542">
			<ele>0.00</ele>
			<time>2020-01-20T00:44:50.53Z</time>
		</trkpt>
		<trkpt lat="34.667410" lon="127.237570">
			<ele>0.00</ele>
			<time>2020-01-20T00:44:51.02Z</time>
		</trkpt>
		<trkpt lat="34.667476" lon="127.237596">
			<ele>0.00</ele>
			<time>2020-01-20T00:44:51.48Z</time>
		</trkpt>
		<trkpt lat="34.667555" lon="127.237635">
			<ele>0.00</ele>
			<time>2020-01-20T00:44:52.04Z</time>
		</trkpt>
		<trkpt lat="34.667651" lon="127.237679">
			<ele>0.00</ele>
			<time>2020-01-20T00:44:52.73Z</time>
		</trkpt>
		<trkpt lat="34.667741" lon="127.237707">
			<ele>0.00</ele>
			<time>2020-01-20T00:44:53.35Z</time>
		</trkpt>
		<trkpt lat="34.667798" lon="127.237713">
			<ele>0.00</ele>
			<time>2020-01-20T00:44:53.73Z</time>
		</trkpt>
		<trkpt lat="34.667882" lon="127.237718">
			<ele>0.00</ele>
			<time>2020-01-20T00:44:54.29Z</time>
		</trkpt>
		<trkpt lat="34.667958" lon="127.237722">
			<ele>0.00</ele>
			<time>2020-01-20T00:44:54.80Z</time>
		</trkpt>
		<trkpt lat="34.668040" lon="127.237741">
			<ele>0.00</ele>
			<time>2020-01-20T00:44:55.36Z</time>
		</trkpt>
		<trkpt lat="34.668092" lon="127.237772">
			<ele>0.00</ele>
			<time>2020-01-20T00:44:55.74Z</time>
		</trkpt>
		<trkpt lat="34.668137" lon="127.237798">
			<ele>0.00</ele>
			<time>2020-01-20T00:44:56.07Z</time>
		</trkpt>
		<trkpt lat="34.668169" lon="127.237830">
			<ele>0.00</ele>
			<time>2020-01-20T00:44:56.35Z</time>
		</trkpt>
		<trkpt lat="34.668203" lon="127.237876">
			<ele>0.00</ele>
			<time>2020-01-20T00:44:56.68Z</time>
		</trkpt>
		<trkpt lat="34.668247" lon="127.237941">
			<ele>0.00</ele>
			<time>2020-01-20T00:44:57.15Z</time>
		</trkpt>
		<trkpt lat="34.668283" lon="127.237986">
			<ele>0.00</ele>
			<time>2020-01-20T00:44:57.49Z</time>
		</trkpt>
		<trkpt lat="34.668326" lon="127.238023">
			<ele>0.00</ele>
			<time>2020-01-20T00:44:57.84Z</time>
		</trkpt>
		<trkpt lat="34.668386" lon="127.238067">
			<ele>0.00</ele>
			<time>2020-01-20T00:44:58.31Z</time>
		</trkpt>
		<trkpt lat="34.668457" lon="127.238106">
			<ele>0.00</ele>
			<time>2020-01-20T00:44:58.83Z</time>
		</trkpt>
		<trkpt lat="34.668553" lon="127.238151">
			<ele>0.00</ele>
			<time>2020-01-20T00:44:59.52Z</time>
		</trkpt>
		<trkpt lat="34.668636" lon="127.238184">
			<ele>0.00</ele>
			<time>2020-01-20T00:45:00.10Z</time>
		</trkpt>
		<trkpt lat="34.668717" lon="127.238214">
			<ele>0.00</ele>
			<time>2020-01-20T00:45:00.66Z</time>
		</trkpt>
		<trkpt lat="34.668815" lon="127.238249">
			<ele>0.00</ele>
			<time>2020-01-20T00:45:01.35Z</time>
		</trkpt>
		<trkpt lat="34.668908" lon="127.238281">
			<ele>0.00</ele>
			<time>2020-01-20T00:45:01.99Z</time>
		</trkpt>
		<trkpt lat="34.668979" lon="127.238288">
			<ele>0.00</ele>
			<time>2020-01-20T00:45:02.47Z</time>
		</trkpt>
		<trkpt lat="34.669069" lon="127.238303">
			<ele>0.00</ele>
			<time>2020-01-20T00:45:03.07Z</time>
		</trkpt>
		<trkpt lat="34.669168" lon="127.238316">
			<ele>0.00</ele>
			<time>2020-01-20T00:45:03.73Z</time>
		</trkpt>
		<trkpt lat="34.669283" lon="127.238323">
			<ele>0.00</ele>
			<time>2020-01-20T00:45:04.50Z</time>
		</trkpt>
		<trkpt lat="34.669393" lon="127.238323">
			<ele>0.00</ele>
			<time>2020-01-20T00:45:05.23Z</time>
		</trkpt>
		<trkpt lat="34.669524" lon="127.238323">
			<ele>0.00</ele>
			<time>2020-01-20T00:45:06.11Z</time>
		</trkpt>
		<trkpt lat="34.669620" lon="127.238303">
			<ele>0.00</ele>
			<time>2020-01-20T00:45:06.76Z</time>
		</trkpt>
		<trkpt lat="34.669742" lon="127.238284">
			<ele>0.00</ele>
			<time>2020-01-20T00:45:07.58Z</time>
		</trkpt>
		<trkpt lat="34.669857" lon="127.238265">
			<ele>0.00</ele>
			<time>2020-01-20T00:45:08.35Z</time>
		</trkpt>
		<trkpt lat="34.669975" lon="127.238248">
			<ele>0.00</ele>
			<time>2020-01-20T00:45:09.14Z</time>
		</trkpt>
		<trkpt lat="34.670102" lon="127.238226">
			<ele>0.00</ele>
			<time>2020-01-20T00:45:10Z</time>
		</trkpt>
		<trkpt lat="34.670232" lon="127.238204">
			<ele>0.00</ele>
			<time>2020-01-20T00:45:10.87Z</time>
		</trkpt>
		<trkpt lat="34.670343" lon="127.238197">
			<ele>0.00</ele>
			<time>2020-01-20T00:45:11.61Z</time>
		</trkpt>
		<trkpt lat="34.670444" lon="127.238173">
			<ele>0.00</ele>
			<time>2020-01-20T00:45:12.30Z</time>
		</trkpt>
		<trkpt lat="34.670548" lon="127.238139">
			<ele>0.00</ele>
			<time>2020-01-20T00:45:13.02Z</time>
		</trkpt>
		<trkpt lat="34.670645" lon="127.238122">
			<ele>0.00</ele>
			<time>2020-01-20T00:45:13.67Z</time>
		</trkpt>
		<trkpt lat="34.670715" lon="127.238112">
			<ele>0.00</ele>
			<time>2020-01-20T00:45:14.14Z</time>
		</trkpt>
		<trkpt lat="34.670803" lon="127.238114">
			<ele>0.00</ele>
			<time>2020-01-20T00:45:14.72Z</time>
		</trkpt>
		<trkpt lat="34.670892" lon="127.238114">
			<ele>0.00</ele>
			<time>2020-01-20T00:45:15.32Z</time>
		</trkpt>
		<trkpt lat="34.670970" lon="127.238110">
			<ele>0.00</ele>
			<time>2020-01-20T00:45:15.84Z</time>
		</trkpt>
		<trkpt lat="34.671063" lon="127.238105">
			<ele>0.00</ele>
			<time>2020-01-20T00:45:16.46Z</time>
		</trkpt>
		<trkpt lat="34.671171" lon="127.238100">
			<ele>0.00</ele>
			<time>2020-01-20T00:45:17.18Z</time>
		</trkpt>
		<trkpt lat="34.671270" lon="127.238102">
			<ele>0.00</ele>
			<time>2020-01-20T00:45:17.85Z</time>
		</trkpt>
		<trkpt lat="34.671371" lon="127.238100">
			<ele>0.00</ele>
			<time>2020-01-20T00:45:18.52Z</time>
		</trkpt>
		<trkpt lat="34.671475" lon="127.238090">
			<ele>0.00</ele>
			<time>2020-01-20T00:45:19.21Z</time>
		</trkpt>
		<trkpt lat="34.671538" lon="127.238083">
			<ele>0.00</ele>
			<time>2020-01-20T00:45:19.64Z</time>
		</trkpt>
		<trkpt lat="34.671626" lon="127.238078">
			<ele>0.00</ele>
			<time>2020-01-20T00:45:20.22Z</time>
		</trkpt>
		<trkpt lat="34.671714" lon="127.238071">
			<ele>0.00</ele>
			<time>2020-01-20T00:45:20.81Z</time>
		</trkpt>
		<trkpt lat="34.671797" lon="127.238066">
			<ele>0.00</ele>
			<time>2020-01-20T00:45:21.36Z</time>
		</trkpt>
		<trkpt lat="34.671885" lon="127.238071">
			<ele>0.00</ele>
			<time>2020-01-20T00:45:21.95Z</time>
		</trkpt>
		<trkpt lat="34.671965" lon="127.238076">
			<ele>0.00</ele>
			<time>2020-01-20T00:45:22.48Z</time>
		</trkpt>
		<trkpt lat="34.672046" lon="127.238085">
			<ele>0.00</ele>
			<time>2020-01-20T00:45:23.03Z</time>
		</trkpt>
		<trkpt lat="34.672134" lon="127.238110">
			<ele>0.00</ele>
			<time>2020-01-20T00:45:23.63Z</time>
		</trkpt>
		<trkpt lat="34.672228" lon="127.238139">
			<ele>0.00</ele>
			<time>2020-01-20T00:45:24.28Z</time>
		</trkpt>
		<trkpt lat="34.672290" lon="127.238153">
			<ele>0.00</ele>
			<time>2020-01-20T00:45:24.69Z</time>
		</trkpt>
		<trkpt lat="34.672368" lon="127.238185">
			<ele>0.00</ele>
			<time>2020-01-20T00:45:25.24Z</time>
		</trkpt>
		<trkpt lat="34.672425" lon="127.238221">
			<ele>0.00</ele>
			<time>2020-01-20T00:45:25.67Z</time>
		</trkpt>
		<trkpt lat="34.672513" lon="127.238248">
			<ele>0.00</ele>
			<time>2020-01-20T00:45:26.28Z</time>
		</trkpt>
		<trkpt lat="34.672598" lon="127.238255">
			<ele>0.00</ele>
			<time>2020-01-20T00:45:26.85Z</time>
		</trkpt>
		<trkpt lat="34.672712" lon="127.238257">
			<ele>0.00</ele>
			<time>2020-01-20T00:45:27.60Z</time>
		</trkpt>
		<trkpt lat="34.672801" lon="127.238260">
			<ele>0.00</ele>
			<time>2020-01-20T00:45:28.20Z</time>
		</trkpt>
		<trkpt lat="34.672901" lon="127.238265">
			<ele>0.00</ele>
			<time>2020-01-20T00:45:28.87Z</time>
		</trkpt>
		<trkpt lat="34.672983" lon="127.238265">
			<ele>0.00</ele>
			<time>2020-01-20T00:45:29.41Z</time>
		</trkpt>
		<trkpt lat="34.673068" lon="127.238267">
			<ele>0.00</ele>
			<time>2020-01-20T00:45:29.98Z</time>
		</trkpt>
		<trkpt lat="34.673149" lon="127.238269">
			<ele>0.00</ele>
			<time>2020-01-20T00:45:30.52Z</time>
		</trkpt>
		<trkpt lat="34.673241" lon="127.238277">
			<ele>0.00</ele>
			<time>2020-01-20T00:45:31.13Z</time>
		</trkpt>
		<trkpt lat="34.673348" lon="127.238289">
			<ele>0.00</ele>
			<time>2020-01-20T00:45:31.85Z</time>
		</trkpt>
		<trkpt lat="34.673452" lon="127.238291">
			<ele>0.00</ele>
			<time>2020-01-20T00:45:32.54Z</time>
		</trkpt>
		<trkpt lat="34.673565" lon="127.238296">
			<ele>0.00</ele>
			<time>2020-01-20T00:45:33.30Z</time>
		</trkpt>
		<trkpt lat="34.673657" lon="127.238301">
			<ele>0.00</ele>
			<time>2020-01-20T00:45:33.91Z</time>
		</trkpt>
		<trkpt lat="34.673754" lon="127.238308">
			<ele>0.00</ele>
			<time>2020-01-20T00:45:34.56Z</time>
		</trkpt>
		<trkpt lat="34.673850" lon="127.238311">
			<ele>0.00</ele>
			<time>2020-01-20T00:45:35.20Z</time>
		</trkpt>
		<trkpt lat="34.673926" lon="127.238303">
			<ele>0.00</ele>
			<time>2020-01-20T00:45:35.70Z</time>
		</trkpt>
		<trkpt lat="34.674023" lon="127.238294">
			<ele>0.00</ele>
			<time>2020-01-20T00:45:36.36Z</time>
		</trkpt>
		<trkpt lat="34.674101" lon="127.238286">
			<ele>0.00</ele>
			<time>2020-01-20T00:45:36.87Z</time>
		</trkpt>
		<trkpt lat="34.674202" lon="127.238284">
			<ele>0.00</ele>
			<time>2020-01-20T00:45:37.55Z</time>
		</trkpt>
		<trkpt lat="34.674304" lon="127.238277">
			<ele>0.00</ele>
			<time>2020-01-20T00:45:38.23Z</time>
		</trkpt>
		<trkpt lat="34.674407" lon="127.238274">
			<ele>0.00</ele>
			<time>2020-01-20T00:45:38.92Z</time>
		</trkpt>
		<trkpt lat="34.674511" lon="127.238281">
			<ele>0.00</ele>
			<time>2020-01-20T00:45:39.61Z</time>
		</trkpt>
		<trkpt lat="34.674600" lon="127.238303">
			<ele>0.00</ele>
			<time>2020-01-20T00:45:40.22Z</time>
		</trkpt>
		<trkpt lat="34.674670" lon="127.238342">
			<ele>0.00</ele>
			<time>2020-01-20T00:45:40.73Z</time>
		</trkpt>
		<trkpt lat="34.674722" lon="127.238381">
			<ele>0.00</ele>
			<time>2020-01-20T00:45:41.14Z</time>
		</trkpt>
		<trkpt lat="34.674771" lon="127.238436">
			<ele>0.00</ele>
			<time>2020-01-20T00:45:41.59Z</time>
		</trkpt>
		<trkpt lat="34.674835" lon="127.238478">
			<ele>0.00</ele>
			<time>2020-01-20T00:45:42.07Z</time>
		</trkpt>
		<trkpt lat="34.674923" lon="127.238509">
			<ele>0.00</ele>
			<time>2020-01-20T00:45:42.68Z</time>
		</trkpt>
		<trkpt lat="34.674959" lon="127.238519">
			<ele>0.00</ele>
			<time>2020-01-20T00:45:42.92Z</time>
		</trkpt>
		<trkpt lat="34.674969" lon="127.238596">
			<ele>0.00</ele>
			<time>2020-01-20T00:45:43.36Z</time>
		</trkpt>
		<trkpt lat="34.674967" lon="127.238643">
			<ele>0.00</ele>
			<time>2020-01-20T00:45:43.61Z</time>
		</trkpt>
		<trkpt lat="34.674978" lon="127.238734">
			<ele>0.00</ele>
			<time>2020-01-20T00:45:44.12Z</time>
		</trkpt>
		<trkpt lat="34.674984" lon="127.238808">
			<ele>0.00</ele>
			<time>2020-01-20T00:45:44.52Z</time>
		</trkpt>
		<trkpt lat="34.674988" lon="127.238902">
			<ele>0.00</ele>
			<time>2020-01-20T00:45:45.04Z</time>
		</trkpt>
		<trkpt lat="34.674999" lon="127.238973">
			<ele>0.00</ele>
			<time>2020-01-20T00:45:45.44Z</time>
		</trkpt>
		<trkpt lat="34.675011" lon="127.239072">
			<ele>0.00</ele>
			<time>2020-01-20T00:45:45.99Z</time>
		</trkpt>
		<trkpt lat="34.675027" lon="127.239162">
			<ele>0.00</ele>
			<time>2020-01-20T00:45:46.49Z</time>
		</trkpt>
		<trkpt lat="34.675032" lon="127.239254">
			<ele>0.00</ele>
			<time>2020-01-20T00:45:46.99Z</time>
		</trkpt>
		<trkpt lat="34.675044" lon="127.239351">
			<ele>0.00</ele>
			<time>2020-01-20T00:45:47.53Z</time>
		</trkpt>
		<trkpt lat="34.675058" lon="127.239469">
			<ele>0.00</ele>
			<time>2020-01-20T00:45:48.18Z</time>
		</trkpt>
		<trkpt lat="34.675069" lon="127.239569">
			<ele>0.00</ele>
			<time>2020-01-20T00:45:48.74Z</time>
		</trkpt>
		<trkpt lat="34.675085" lon="127.239692">
			<ele>0.00</ele>
			<time>2020-01-20T00:45:49.42Z</time>
		</trkpt>
		<trkpt lat="34.675095" lon="127.239820">
			<ele>0.00</ele>
			<time>2020-01-20T00:45:50.12Z</time>
		</trkpt>
		<trkpt lat="34.675112" lon="127.239933">
			<ele>0.00</ele>
			<time>2020-01-20T00:45:50.76Z</time>
		</trkpt>
		<trkpt lat="34.675120" lon="127.240044">
			<ele>0.00</ele>
			<time>2020-01-20T00:45:51.37Z</time>
		</trkpt>
		<trkpt lat="34.675122" lon="127.240134">
			<ele>0.00</ele>
			<time>2020-01-20T00:45:51.86Z</time>
		</trkpt>
		<trkpt lat="34.675116" lon="127.240214">
			<ele>0.00</ele>
			<time>2020-01-20T00:45:52.30Z</time>
		</trkpt>
		<trkpt lat="34.675106" lon="127.240297">
			<ele>0.00</ele>
			<time>2020-01-20T00:45:52.76Z</time>
		</trkpt>
		<trkpt lat="34.675095" lon="127.240383">
			<ele>0.00</ele>
			<time>2020-01-20T00:45:53.24Z</time>
		</trkpt>
		<trkpt lat="34.675081" lon="127.240515">
			<ele>0.00</ele>
			<time>2020-01-20T00:45:53.97Z</time>
		</trkpt>
		<trkpt lat="34.675067" lon="127.240628">
			<ele>0.00</ele>
			<time>2020-01-20T00:45:54.60Z</time>
		</trkpt>
		<trkpt lat="34.675058" lon="127.240772">
			<ele>0.00</ele>
			<time>2020-01-20T00:45:55.39Z</time>
		</trkpt>
		<trkpt lat="34.675054" lon="127.240876">
			<ele>0.00</ele>
			<time>2020-01-20T00:45:55.96Z</time>
		</trkpt>
		<trkpt lat="34.675048" lon="127.240968">
			<ele>0.00</ele>
			<time>2020-01-20T00:45:56.46Z</time>
		</trkpt>
		<trkpt lat="34.675042" lon="127.241077">
			<ele>0.00</ele>
			<time>2020-01-20T00:45:57.06Z</time>
		</trkpt>
		<trkpt lat="34.675038" lon="127.241167">
			<ele>0.00</ele>
			<time>2020-01-20T00:45:57.55Z</time>
		</trkpt>
		<trkpt lat="34.675035" lon="127.241254">
			<ele>0.00</ele>
			<time>2020-01-20T00:45:58.03Z</time>
		</trkpt>
		<trkpt lat="34.675052" lon="127.241370">
			<ele>0.00</ele>
			<time>2020-01-20T00:45:58.68Z</time>
		</trkpt>
		<trkpt lat="34.675087" lon="127.241486">
			<ele>0.00</ele>
			<time>2020-01-20T00:45:59.35Z</time>
		</trkpt>
		<trkpt lat="34.675128" lon="127.241601">
			<ele>0.00</ele>
			<time>2020-01-20T00:46:00.05Z</time>
		</trkpt>
		<trkpt lat="34.675156" lon="127.241693">
			<ele>0.00</ele>
			<time>2020-01-20T00:46:00.58Z</time>
		</trkpt>
		<trkpt lat="34.675190" lon="127.241756">
			<ele>0.00</ele>
			<time>2020-01-20T00:46:01Z</time>
		</trkpt>
		<trkpt lat="34.675233" lon="127.241839">
			<ele>0.00</ele>
			<time>2020-01-20T00:46:01.54Z</time>
		</trkpt>
		<trkpt lat="34.675282" lon="127.241919">
			<ele>0.00</ele>
			<time>2020-01-20T00:46:02.08Z</time>
		</trkpt>
		<trkpt lat="34.675342" lon="127.242004">
			<ele>0.00</ele>
			<time>2020-01-20T00:46:02.70Z</time>
		</trkpt>
		<trkpt lat="34.675388" lon="127.242059">
			<ele>0.00</ele>
			<time>2020-01-20T00:46:03.13Z</time>
		</trkpt>
		<trkpt lat="34.675451" lon="127.242125">
			<ele>0.00</ele>
			<time>2020-01-20T00:46:03.68Z</time>
		</trkpt>
		<trkpt lat="34.675505" lon="127.242189">
			<ele>0.00</ele>
			<time>2020-01-20T00:46:04.18Z</time>
		</trkpt>
		<trkpt lat="34.675557" lon="127.242262">
			<ele>0.00</ele>
			<time>2020-01-20T00:46:04.71Z</time>
		</trkpt>
		<trkpt lat="34.675610" lon="127.242370">
			<ele>0.00</ele>
			<time>2020-01-20T00:46:05.40Z</time>
		</trkpt>
		<trkpt lat="34.675657" lon="127.242465">
			<ele>0.00</ele>
			<time>2020-01-20T00:46:06.01Z</time>
		</trkpt>
		<trkpt lat="34.675701" lon="127.242574">
			<ele>0.00</ele>
			<time>2020-01-20T00:46:06.67Z</time>
		</trkpt>
		<trkpt lat="34.675738" lon="127.242673">
			<ele>0.00</ele>
			<time>2020-01-20T00:46:07.27Z</time>
		</trkpt>
		<trkpt lat="34.675777" lon="127.242777">
			<ele>0.00</ele>
			<time>2020-01-20T00:46:07.90Z</time>
		</trkpt>
		<trkpt lat="34.675820" lon="127.242876">
			<ele>0.00</ele>
			<time>2020-01-20T00:46:08.51Z</time>
		</trkpt>
		<trkpt lat="34.675849" lon="127.242968">
			<ele>0.00</ele>
			<time>2020-01-20T00:46:09.05Z</time>
		</trkpt>
		<trkpt lat="34.675884" lon="127.243051">
			<ele>0.00</ele>
			<time>2020-01-20T00:46:09.56Z</time>
		</trkpt>
		<trkpt lat="34.675917" lon="127.243114">
			<ele>0.00</ele>
			<time>2020-01-20T00:46:09.97Z</time>
		</trkpt>
		<trkpt lat="34.675939" lon="127.243183">
			<ele>0.00</ele>
			<time>2020-01-20T00:46:10.38Z</time>
		</trkpt>
		<trkpt lat="34.675959" lon="127.243233">
			<ele>0.00</ele>
			<time>2020-01-20T00:46:10.68Z</time>
		</trkpt>
		<trkpt lat="34.675986" lon="127.243308">
			<ele>0.00</ele>
			<time>2020-01-20T00:46:11.13Z</time>
		</trkpt>
		<trkpt lat="34.676004" lon="127.243370">
			<ele>0.00</ele>
			<time>2020-01-20T00:46:11.49Z</time>
		</trkpt>
		<trkpt lat="34.676011" lon="127.243410">
			<ele>0.00</ele>
			<time>2020-01-20T00:46:11.72Z</time>
		</trkpt>
		<trkpt lat="34.676023" lon="127.243462">
			<ele>0.00</ele>
			<time>2020-01-20T00:46:12.01Z</time>
		</trkpt>
		<trkpt lat="34.676035" lon="127.243526">
			<ele>0.00</ele>
			<time>2020-01-20T00:46:12.37Z</time>
		</trkpt>
		<trkpt lat="34.676029" lon="127.243594">
			<ele>0.00</ele>
			<time>2020-01-20T00:46:12.75Z</time>
		</trkpt>
		<trkpt lat="34.676035" lon="127.243663">
			<ele>0.00</ele>
			<time>2020-01-20T00:46:13.12Z</time>
		</trkpt>
		<trkpt lat="34.676029" lon="127.243757">
			<ele>0.00</ele>
			<time>2020-01-20T00:46:13.64Z</time>
		</trkpt>
		<trkpt lat="34.676023" lon="127.243840">
			<ele>0.00</ele>
			<time>2020-01-20T00:46:14.10Z</time>
		</trkpt>
		<trkpt lat="34.676017" lon="127.243953">
			<ele>0.00</ele>
			<time>2020-01-20T00:46:14.72Z</time>
		</trkpt>
		<trkpt lat="34.676011" lon="127.244057">
			<ele>0.00</ele>
			<time>2020-01-20T00:46:15.29Z</time>
		</trkpt>
		<trkpt lat="34.676015" lon="127.244147">
			<ele>0.00</ele>
			<time>2020-01-20T00:46:15.79Z</time>
		</trkpt>
		<trkpt lat="34.676029" lon="127.244208">
			<ele>0.00</ele>
			<time>2020-01-20T00:46:16.13Z</time>
		</trkpt>
		<trkpt lat="34.676072" lon="127.244236">
			<ele>0.00</ele>
			<time>2020-01-20T00:46:16.46Z</time>
		</trkpt>
		<trkpt lat="34.676118" lon="127.244260">
			<ele>0.00</ele>
			<time>2020-01-20T00:46:16.80Z</time>
		</trkpt>
		<trkpt lat="34.676198" lon="127.244258">
			<ele>0.00</ele>
			<time>2020-01-20T00:46:17.33Z</time>
		</trkpt>
		<trkpt lat="34.676279" lon="127.244248">
			<ele>0.00</ele>
			<time>2020-01-20T00:46:17.87Z</time>
		</trkpt>
		<trkpt lat="34.676367" lon="127.244246">
			<ele>0.00</ele>
			<time>2020-01-20T00:46:18.46Z</time>
		</trkpt>
		<trkpt lat="34.676457" lon="127.244227">
			<ele>0.00</ele>
			<time>2020-01-20T00:46:19.07Z</time>
		</trkpt>
		<trkpt lat="34.676562" lon="127.244227">
			<ele>0.00</ele>
			<time>2020-01-20T00:46:19.77Z</time>
		</trkpt>
		<trkpt lat="34.676663" lon="127.244227">
			<ele>0.00</ele>
			<time>2020-01-20T00:46:20.44Z</time>
		</trkpt>
		<trkpt lat="34.676770" lon="127.244232">
			<ele>0.00</ele>
			<time>2020-01-20T00:46:21.15Z</time>
		</trkpt>
		<trkpt lat="34.676890" lon="127.244222">
			<ele>0.00</ele>
			<time>2020-01-20T00:46:21.96Z</time>
		</trkpt>
		<trkpt lat="34.676996" lon="127.244213">
			<ele>0.00</ele>
			<time>2020-01-20T00:46:22.67Z</time>
		</trkpt>
		<trkpt lat="34.677105" lon="127.244213">
			<ele>0.00</ele>
			<time>2020-01-20T00:46:23.39Z</time>
		</trkpt>
		<trkpt lat="34.677208" lon="127.244201">
			<ele>0.00</ele>
			<time>2020-01-20T00:46:24.08Z</time>
		</trkpt>
		<trkpt lat="34.677332" lon="127.244208">
			<ele>0.00</ele>
			<time>2020-01-20T00:46:24.91Z</time>
		</trkpt>
		<trkpt lat="34.677457" lon="127.244208">
			<ele>0.00</ele>
			<time>2020-01-20T00:46:25.74Z</time>
		</trkpt>
		<trkpt lat="34.677587" lon="127.244189">
			<ele>0.00</ele>
			<time>2020-01-20T00:46:26.61Z</time>
		</trkpt>
		<trkpt lat="34.677686" lon="127.244184">
			<ele>0.00</ele>
			<time>2020-01-20T00:46:27.27Z</time>
		</trkpt>
		<trkpt lat="34.677842" lon="127.244175">
			<ele>0.00</ele>
			<time>2020-01-20T00:46:28.31Z</time>
		</trkpt>
		<trkpt lat="34.677989" lon="127.244151">
			<ele>0.00</ele>
			<time>2020-01-20T00:46:29.30Z</time>
		</trkpt>
		<trkpt lat="34.678139" lon="127.244142">
			<ele>0.00</ele>
			<time>2020-01-20T00:46:30.30Z</time>
		</trkpt>
		<trkpt lat="34.678220" lon="127.244135">
			<ele>0.00</ele>
			<time>2020-01-20T00:46:30.85Z</time>
		</trkpt>
		<trkpt lat="34.678311" lon="127.244133">
			<ele>0.00</ele>
			<time>2020-01-20T00:46:31.45Z</time>
		</trkpt>
		<trkpt lat="34.678412" lon="127.244133">
			<ele>0.00</ele>
			<time>2020-01-20T00:46:32.13Z</time>
		</trkpt>
		<trkpt lat="34.678539" lon="127.244121">
			<ele>0.00</ele>
			<time>2020-01-20T00:46:32.97Z</time>
		</trkpt>
		<trkpt lat="34.678661" lon="127.244116">
			<ele>0.00</ele>
			<time>2020-01-20T00:46:33.79Z</time>
		</trkpt>
		<trkpt lat="34.678818" lon="127.244104">
			<ele>0.00</ele>
			<time>2020-01-20T00:46:34.84Z</time>
		</trkpt>
		<trkpt lat="34.678950" lon="127.244104">
			<ele>0.00</ele>
			<time>2020-01-20T00:46:35.72Z</time>
		</trkpt>
		<trkpt lat="34.679063" lon="127.244104">
			<ele>0.00</ele>
			<time>2020-01-20T00:46:36.47Z</time>
		</trkpt>
		<trkpt lat="34.679205" lon="127.244090">
			<ele>0.00</ele>
			<time>2020-01-20T00:46:37.42Z</time>
		</trkpt>
		<trkpt lat="34.679339" lon="127.244088">
			<ele>0.00</ele>
			<time>2020-01-20T00:46:38.31Z</time>
		</trkpt>
		<trkpt lat="34.679479" lon="127.244095">
			<ele>0.00</ele>
			<time>2020-01-20T00:46:39.25Z</time>
		</trkpt>
		<trkpt lat="34.679593" lon="127.244076">
			<ele>0.00</ele>
			<time>2020-01-20T00:46:40.02Z</time>
		</trkpt>
		<trkpt lat="34.679717" lon="127.244076">
			<ele>0.00</ele>
			<time>2020-01-20T00:46:40.84Z</time>
		</trkpt>
		<trkpt lat="34.679838" lon="127.244076">
			<ele>0.00</ele>
			<time>2020-01-20T00:46:41.65Z</time>
		</trkpt>
		<trkpt lat="34.679935" lon="127.244071">
			<ele>0.00</ele>
			<time>2020-01-20T00:46:42.30Z</time>
		</trkpt>
		<trkpt lat="34.680081" lon="127.244064">
			<ele>0.00</ele>
			<time>2020-01-20T00:46:43.27Z</time>
		</trkpt>
		<trkpt lat="34.680195" lon="127.244055">
			<ele>0.00</ele>
			<time>2020-01-20T00:46:44.03Z</time>
		</trkpt>
		<trkpt lat="34.680332" lon="127.244036">
			<ele>0.00</ele>
			<time>2020-01-20T00:46:44.95Z</time>
		</trkpt>
		<trkpt lat="34.680473" lon="127.244022">
			<ele>0.00</ele>
			<time>2020-01-20T00:46:45.90Z</time>
		</trkpt>
		<trkpt lat="34.680604" lon="127.244017">
			<ele>0.00</ele>
			<time>2020-01-20T00:46:46.77Z</time>
		</trkpt>
		<trkpt lat="34.680759" lon="127.244007">
			<ele>0.00</ele>
			<time>2020-01-20T00:46:47.80Z</time>
		</trkpt>
		<trkpt lat="34.680891" lon="127.244000">
			<ele>0.00</ele>
			<time>2020-01-20T00:46:48.68Z</time>
		</trkpt>
		<trkpt lat="34.681054" lon="127.244000">
			<ele>0.00</ele>
			<time>2020-01-20T00:46:49.77Z</time>
		</trkpt>
		<trkpt lat="34.681172" lon="127.243991">
			<ele>0.00</ele>
			<time>2020-01-20T00:46:50.56Z</time>
		</trkpt>
		<trkpt lat="34.681319" lon="127.243984">
			<ele>0.00</ele>
			<time>2020-01-20T00:46:51.54Z</time>
		</trkpt>
		<trkpt lat="34.681483" lon="127.243970">
			<ele>0.00</ele>
			<time>2020-01-20T00:46:52.63Z</time>
		</trkpt>
		<trkpt lat="34.681626" lon="127.243963">
			<ele>0.00</ele>
			<time>2020-01-20T00:46:53.59Z</time>
		</trkpt>
		<trkpt lat="34.681756" lon="127.243960">
			<ele>0.00</ele>
			<time>2020-01-20T00:46:54.46Z</time>
		</trkpt>
		<trkpt lat="34.681864" lon="127.243946">
			<ele>0.00</ele>
			<time>2020-01-20T00:46:55.18Z</time>
		</trkpt>
		<trkpt lat="34.681985" lon="127.243939">
			<ele>0.00</ele>
			<time>2020-01-20T00:46:55.99Z</time>
		</trkpt>
		<trkpt lat="34.682109" lon="127.243939">
			<ele>0.00</ele>
			<time>2020-01-20T00:46:56.81Z</time>
		</trkpt>
		<trkpt lat="34.682206" lon="127.243944">
			<ele>0.00</ele>
			<time>2020-01-20T00:46:57.46Z</time>
		</trkpt>
		<trkpt lat="34.682311" lon="127.243934">
			<ele>0.00</ele>
			<time>2020-01-20T00:46:58.16Z</time>
		</trkpt>
		<trkpt lat="34.682396" lon="127.243929">
			<ele>0.00</ele>
			<time>2020-01-20T00:46:58.73Z</time>
		</trkpt>
		<trkpt lat="34.682513" lon="127.243927">
			<ele>0.00</ele>
			<time>2020-01-20T00:46:59.51Z</time>
		</trkpt>
		<trkpt lat="34.682639" lon="127.243911">
			<ele>0.00</ele>
			<time>2020-01-20T00:47:00.36Z</time>
		</trkpt>
		<trkpt lat="34.682789" lon="127.243899">
			<ele>0.00</ele>
			<time>2020-01-20T00:47:01.35Z</time>
		</trkpt>
		<trkpt lat="34.682965" lon="127.243894">
			<ele>0.00</ele>
			<time>2020-01-20T00:47:02.53Z</time>
		</trkpt>
		<trkpt lat="34.683191" lon="127.243885">
			<ele>0.00</ele>
			<time>2020-01-20T00:47:04.04Z</time>
		</trkpt>
		<trkpt lat="34.683404" lon="127.243878">
			<ele>0.00</ele>
			<time>2020-01-20T00:47:05.46Z</time>
		</trkpt>
		<trkpt lat="34.683523" lon="127.243878">
			<ele>0.00</ele>
			<time>2020-01-20T00:47:06.25Z</time>
		</trkpt>
		<trkpt lat="34.683594" lon="127.243878">
			<ele>0.00</ele>
			<time>2020-01-20T00:47:06.73Z</time>
		</trkpt>
		<trkpt lat="34.683649" lon="127.243859">
			<ele>0.00</ele>
			<time>2020-01-20T00:47:07.11Z</time>
		</trkpt>
		<trkpt lat="34.683711" lon="127.243842">
			<ele>0.00</ele>
			<time>2020-01-20T00:47:07.53Z</time>
		</trkpt>
		<trkpt lat="34.683793" lon="127.243821">
			<ele>0.00</ele>
			<time>2020-01-20T00:47:08.09Z</time>
		</trkpt>
		<trkpt lat="34.683851" lon="127.243790">
			<ele>0.00</ele>
			<time>2020-01-20T00:47:08.51Z</time>
		</trkpt>
		<trkpt lat="34.683907" lon="127.243764">
			<ele>0.00</ele>
			<time>2020-01-20T00:47:08.91Z</time>
		</trkpt>
		<trkpt lat="34.683983" lon="127.243755">
			<ele>0.00</ele>
			<time>2020-01-20T00:47:09.42Z</time>
		</trkpt>
		<trkpt lat="34.684070" lon="127.243767">
			<ele>0.00</ele>
			<time>2020-01-20T00:47:10.01Z</time>
		</trkpt>
		<trkpt lat="34.684109" lon="127.243797">
			<ele>0.00</ele>
			<time>2020-01-20T00:47:10.31Z</time>
		</trkpt>
		<trkpt lat="34.684177" lon="127.243864">
			<ele>0.00</ele>
			<time>2020-01-20T00:47:10.89Z</time>
		</trkpt>
		<trkpt lat="34.684243" lon="127.243932">
			<ele>0.00</ele>
			<time>2020-01-20T00:47:11.47Z</time>
		</trkpt>
		<trkpt lat="34.684290" lon="127.243991">
			<ele>0.00</ele>
			<time>2020-01-20T00:47:11.92Z</time>
		</trkpt>
		<trkpt lat="34.684325" lon="127.244048">
			<ele>0.00</ele>
			<time>2020-01-20T00:47:12.31Z</time>
		</trkpt>
		<trkpt lat="34.684356" lon="127.244119">
			<ele>0.00</ele>
			<time>2020-01-20T00:47:12.75Z</time>
		</trkpt>
		<trkpt lat="34.684404" lon="127.244223">
			<ele>0.00</ele>
			<time>2020-01-20T00:47:13.41Z</time>
		</trkpt>
		<trkpt lat="34.684435" lon="127.244320">
			<ele>0.00</ele>
			<time>2020-01-20T00:47:13.98Z</time>
		</trkpt>
		<trkpt lat="34.684451" lon="127.244395">
			<ele>0.00</ele>
			<time>2020-01-20T00:47:14.40Z</time>
		</trkpt>
		<trkpt lat="34.684459" lon="127.244501">
			<ele>0.00</ele>
			<time>2020-01-20T00:47:14.99Z</time>
		</trkpt>
		<trkpt lat="34.684482" lon="127.244622">
			<ele>0.00</ele>
			<time>2020-01-20T00:47:15.67Z</time>
		</trkpt>
		<trkpt lat="34.684494" lon="127.244702">
			<ele>0.00</ele>
			<time>2020-01-20T00:47:16.11Z</time>
		</trkpt>
		<trkpt lat="34.684509" lon="127.244749">
			<ele>0.00</ele>
			<time>2020-01-20T00:47:16.39Z</time>
		</trkpt>
		<trkpt lat="34.684536" lon="127.244797">
			<ele>0.00</ele>
			<time>2020-01-20T00:47:16.71Z</time>
		</trkpt>
		<trkpt lat="34.684566" lon="127.244844">
			<ele>0.00</ele>
			<time>2020-01-20T00:47:17.03Z</time>
		</trkpt>
		<trkpt lat="34.684604" lon="127.244886">
			<ele>0.00</ele>
			<time>2020-01-20T00:47:17.38Z</time>
		</trkpt>
		<trkpt lat="34.684653" lon="127.244943">
			<ele>0.00</ele>
			<time>2020-01-20T00:47:17.83Z</time>
		</trkpt>
		<trkpt lat="34.684717" lon="127.245007">
			<ele>0.00</ele>
			<time>2020-01-20T00:47:18.38Z</time>
		</trkpt>
		<trkpt lat="34.684779" lon="127.245061">
			<ele>0.00</ele>
			<time>2020-01-20T00:47:18.89Z</time>
		</trkpt>
		<trkpt lat="34.684855" lon="127.245130">
			<ele>0.00</ele>
			<time>2020-01-20T00:47:19.52Z</time>
		</trkpt>
		<trkpt lat="34.684938" lon="127.245227">
			<ele>0.00</ele>
			<time>2020-01-20T00:47:20.29Z</time>
		</trkpt>
		<trkpt lat="34.685018" lon="127.245302">
			<ele>0.00</ele>
			<time>2020-01-20T00:47:20.96Z</time>
		</trkpt>
		<trkpt lat="34.685098" lon="127.245397">
			<ele>0.00</ele>
			<time>2020-01-20T00:47:21.71Z</time>
		</trkpt>
		<trkpt lat="34.685186" lon="127.245496">
			<ele>0.00</ele>
			<time>2020-01-20T00:47:22.51Z</time>
		</trkpt>
		<trkpt lat="34.685271" lon="127.245590">
			<ele>0.00</ele>
			<time>2020-01-20T00:47:23.28Z</time>
		</trkpt>
		<trkpt lat="34.685339" lon="127.245671">
			<ele>0.00</ele>
			<time>2020-01-20T00:47:23.91Z</time>
		</trkpt>
		<trkpt lat="34.685407" lon="127.245734">
			<ele>0.00</ele>
			<time>2020-01-20T00:47:24.48Z</time>
		</trkpt>
		<trkpt lat="34.685473" lon="127.245789">
			<ele>0.00</ele>
			<time>2020-01-20T00:47:25.01Z</time>
		</trkpt>
		<trkpt lat="34.685539" lon="127.245829">
			<ele>0.00</ele>
			<time>2020-01-20T00:47:25.50Z</time>
		</trkpt>
		<trkpt lat="34.685598" lon="127.245848">
			<ele>0.00</ele>
			<time>2020-01-20T00:47:25.91Z</time>
		</trkpt>
		<trkpt lat="34.685642" lon="127.245859">
			<ele>0.00</ele>
			<time>2020-01-20T00:47:26.21Z</time>
		</trkpt>
		<trkpt lat="34.685698" lon="127.245864">
			<ele>0.00</ele>
			<time>2020-01-20T00:47:26.58Z</time>
		</trkpt>
		<trkpt lat="34.685741" lon="127.245866">
			<ele>0.00</ele>
			<time>2020-01-20T00:47:26.87Z</time>
		</trkpt>
		<trkpt lat="34.685816" lon="127.245871">
			<ele>0.00</ele>
			<time>2020-01-20T00:47:27.37Z</time>
		</trkpt>
		<trkpt lat="34.685894" lon="127.245868">
			<ele>0.00</ele>
			<time>2020-01-20T00:47:27.89Z</time>
		</trkpt>
		<trkpt lat="34.685993" lon="127.245880">
			<ele>0.00</ele>
			<time>2020-01-20T00:47:28.56Z</time>
		</trkpt>
		<trkpt lat="34.686104" lon="127.245887">
			<ele>0.00</ele>
			<time>2020-01-20T00:47:29.29Z</time>
		</trkpt>
		<trkpt lat="34.686215" lon="127.245894">
			<ele>0.00</ele>
			<time>2020-01-20T00:47:30.03Z</time>
		</trkpt>
		<trkpt lat="34.686304" lon="127.245901">
			<ele>0.00</ele>
			<time>2020-01-20T00:47:30.63Z</time>
		</trkpt>
		<trkpt lat="34.686378" lon="127.245920">
			<ele>0.00</ele>
			<time>2020-01-20T00:47:31.13Z</time>
		</trkpt>
		<trkpt lat="34.686435" lon="127.245944">
			<ele>0.00</ele>
			<time>2020-01-20T00:47:31.53Z</time>
		</trkpt>
		<trkpt lat="34.686499" lon="127.245984">
			<ele>0.00</ele>
			<time>2020-01-20T00:47:32.01Z</time>
		</trkpt>
		<trkpt lat="34.686528" lon="127.246057">
			<ele>0.00</ele>
			<time>2020-01-20T00:47:32.46Z</time>
		</trkpt>
		<trkpt lat="34.686545" lon="127.246144">
			<ele>0.00</ele>
			<time>2020-01-20T00:47:32.95Z</time>
		</trkpt>
		<trkpt lat="34.686547" lon="127.246208">
			<ele>0.00</ele>
			<time>2020-01-20T00:47:33.30Z</time>
		</trkpt>
		<trkpt lat="34.686528" lon="127.246295">
			<ele>0.00</ele>
			<time>2020-01-20T00:47:33.80Z</time>
		</trkpt>
		<trkpt lat="34.686512" lon="127.246343">
			<ele>0.00</ele>
			<time>2020-01-20T00:47:34.08Z</time>
		</trkpt>
		<trkpt lat="34.686491" lon="127.246385">
			<ele>0.00</ele>
			<time>2020-01-20T00:47:34.35Z</time>
		</trkpt>
		<trkpt lat="34.686470" lon="127.246418">
			<ele>0.00</ele>
			<time>2020-01-20T00:47:34.58Z</time>
		</trkpt>
		<trkpt lat="34.686433" lon="127.246470">
			<ele>0.00</ele>
			<time>2020-01-20T00:47:34.96Z</time>
		</trkpt>
		<trkpt lat="34.686404" lon="127.246508">
			<ele>0.00</ele>
			<time>2020-01-20T00:47:35.24Z</time>
		</trkpt>
		<trkpt lat="34.686367" lon="127.246569">
			<ele>0.00</ele>
			<time>2020-01-20T00:47:35.66Z</time>
		</trkpt>
		<trkpt lat="34.686341" lon="127.246631">
			<ele>0.00</ele>
			<time>2020-01-20T00:47:36.03Z</time>
		</trkpt>
		<trkpt lat="34.686332" lon="127.246697">
			<ele>0.00</ele>
			<time>2020-01-20T00:47:36.40Z</time>
		</trkpt>
		<trkpt lat="34.686332" lon="127.246744">
			<ele>0.00</ele>
			<time>2020-01-20T00:47:36.66Z</time>
		</trkpt>
		<trkpt lat="34.686349" lon="127.246782">
			<ele>0.00</ele>
			<time>2020-01-20T00:47:36.90Z</time>
		</trkpt>
		<trkpt lat="34.686367" lon="127.246801">
			<ele>0.00</ele>
			<time>2020-01-20T00:47:37.06Z</time>
		</trkpt>
		<trkpt lat="34.686390" lon="127.246815">
			<ele>0.00</ele>
			<time>2020-01-20T00:47:37.23Z</time>
		</trkpt>
		<trkpt lat="34.686431" lon="127.246820">
			<ele>0.00</ele>
			<time>2020-01-20T00:47:37.50Z</time>
		</trkpt>
		<trkpt lat="34.686501" lon="127.246803">
			<ele>0.00</ele>
			<time>2020-01-20T00:47:37.98Z</time>
		</trkpt>
		<trkpt lat="34.686567" lon="127.246794">
			<ele>0.00</ele>
			<time>2020-01-20T00:47:38.42Z</time>
		</trkpt>
		<trkpt lat="34.686619" lon="127.246782">
			<ele>0.00</ele>
			<time>2020-01-20T00:47:38.78Z</time>
		</trkpt>
		<trkpt lat="34.686695" lon="127.246772">
			<ele>0.00</ele>
			<time>2020-01-20T00:47:39.28Z</time>
		</trkpt>
		<trkpt lat="34.686765" lon="127.246754">
			<ele>0.00</ele>
			<time>2020-01-20T00:47:39.76Z</time>
		</trkpt>
		<trkpt lat="34.686835" lon="127.246744">
			<ele>0.00</ele>
			<time>2020-01-20T00:47:40.23Z</time>
		</trkpt>
		<trkpt lat="34.686964" lon="127.246737">
			<ele>0.00</ele>
			<time>2020-01-20T00:47:41.09Z</time>
		</trkpt>
		<trkpt lat="34.687045" lon="127.246726">
			<ele>0.00</ele>
			<time>2020-01-20T00:47:41.64Z</time>
		</trkpt>
		<trkpt lat="34.687119" lon="127.246719">
			<ele>0.00</ele>
			<time>2020-01-20T00:47:42.13Z</time>
		</trkpt>
		<trkpt lat="34.687192" lon="127.246713">
			<ele>0.00</ele>
			<time>2020-01-20T00:47:42.62Z</time>
		</trkpt>
		<trkpt lat="34.687271" lon="127.246707">
			<ele>0.00</ele>
			<time>2020-01-20T00:47:43.15Z</time>
		</trkpt>
		<trkpt lat="34.687339" lon="127.246695">
			<ele>0.00</ele>
			<time>2020-01-20T00:47:43.60Z</time>
		</trkpt>
		<trkpt lat="34.687400" lon="127.246689">
			<ele>0.00</ele>
			<time>2020-01-20T00:47:44.01Z</time>
		</trkpt>
		<trkpt lat="34.687395" lon="127.246689">
			<ele>0.00</ele>
			<time>2020-01-20T00:47:44.07Z</time>
		</trkpt>
		<trkpt lat="34.687458" lon="127.246689">
			<ele>0.00</ele>
			<time>2020-01-20T00:47:44.49Z</time>
		</trkpt>
		<trkpt lat="34.687525" lon="127.246677">
			<ele>0.00</ele>
			<time>2020-01-20T00:47:44.94Z</time>
		</trkpt>
		<trkpt lat="34.687550" lon="127.246670">
			<ele>0.00</ele>
			<time>2020-01-20T00:47:45.11Z</time>
		</trkpt>
		<trkpt lat="34.687580" lon="127.246654">
			<ele>0.00</ele>
			<time>2020-01-20T00:47:45.33Z</time>
		</trkpt>
		<trkpt lat="34.687621" lon="127.246625">
			<ele>0.00</ele>
			<time>2020-01-20T00:47:45.65Z</time>
		</trkpt>
		<trkpt lat="34.687683" lon="127.246605">
			<ele>0.00</ele>
			<time>2020-01-20T00:47:46.08Z</time>
		</trkpt>
		<trkpt lat="34.687737" lon="127.246584">
			<ele>0.00</ele>
			<time>2020-01-20T00:47:46.45Z</time>
		</trkpt>
		<trkpt lat="34.687786" lon="127.246567">
			<ele>0.00</ele>
			<time>2020-01-20T00:47:46.79Z</time>
		</trkpt>
		<trkpt lat="34.687877" lon="127.246554">
			<ele>0.00</ele>
			<time>2020-01-20T00:47:47.40Z</time>
		</trkpt>
		<trkpt lat="34.687968" lon="127.246544">
			<ele>0.00</ele>
			<time>2020-01-20T00:47:48.01Z</time>
		</trkpt>
		<trkpt lat="34.688036" lon="127.246542">
			<ele>0.00</ele>
			<time>2020-01-20T00:47:48.47Z</time>
		</trkpt>
		<trkpt lat="34.688100" lon="127.246547">
			<ele>0.00</ele>
			<time>2020-01-20T00:47:48.89Z</time>
		</trkpt>
		<trkpt lat="34.688189" lon="127.246574">
			<ele>0.00</ele>
			<time>2020-01-20T00:47:49.51Z</time>
		</trkpt>
		<trkpt lat="34.688243" lon="127.246606">
			<ele>0.00</ele>
			<time>2020-01-20T00:47:49.90Z</time>
		</trkpt>
		<trkpt lat="34.688311" lon="127.246646">
			<ele>0.00</ele>
			<time>2020-01-20T00:47:50.41Z</time>
		</trkpt>
		<trkpt lat="34.688398" lon="127.246694">
			<ele>0.00</ele>
			<time>2020-01-20T00:47:51.04Z</time>
		</trkpt>
		<trkpt lat="34.688474" lon="127.246726">
			<ele>0.00</ele>
			<time>2020-01-20T00:47:51.58Z</time>
		</trkpt>
		<trkpt lat="34.688548" lon="127.246747">
			<ele>0.00</ele>
			<time>2020-01-20T00:47:52.09Z</time>
		</trkpt>
		<trkpt lat="34.688623" lon="127.246784">
			<ele>0.00</ele>
			<time>2020-01-20T00:47:52.63Z</time>
		</trkpt>
		<trkpt lat="34.688689" lon="127.246777">
			<ele>0.00</ele>
			<time>2020-01-20T00:47:53.07Z</time>
		</trkpt>
		<trkpt lat="34.688747" lon="127.246747">
			<ele>0.00</ele>
			<time>2020-01-20T00:47:53.49Z</time>
		</trkpt>
		<trkpt lat="34.688785" lon="127.246726">
			<ele>0.00</ele>
			<time>2020-01-20T00:47:53.77Z</time>
		</trkpt>
		<trkpt lat="34.688828" lon="127.246678">
			<ele>0.00</ele>
			<time>2020-01-20T00:47:54.16Z</time>
		</trkpt>
		<trkpt lat="34.688874" lon="127.246626">
			<ele>0.00</ele>
			<time>2020-01-20T00:47:54.58Z</time>
		</trkpt>
		<trkpt lat="34.688916" lon="127.246562">
			<ele>0.00</ele>
			<time>2020-01-20T00:47:55.03Z</time>
		</trkpt>
		<trkpt lat="34.689007" lon="127.246449">
			<ele>0.00</ele>
			<time>2020-01-20T00:47:55.89Z</time>
		</trkpt>
		<trkpt lat="34.689073" lon="127.246341">
			<ele>0.00</ele>
			<time>2020-01-20T00:47:56.63Z</time>
		</trkpt>
		<trkpt lat="34.689127" lon="127.246243">
			<ele>0.00</ele>
			<time>2020-01-20T00:47:57.28Z</time>
		</trkpt>
		<trkpt lat="34.689170" lon="127.246150">
			<ele>0.00</ele>
			<time>2020-01-20T00:47:57.86Z</time>
		</trkpt>
		<trkpt lat="34.689197" lon="127.246055">
			<ele>0.00</ele>
			<time>2020-01-20T00:47:58.42Z</time>
		</trkpt>
		<trkpt lat="34.689218" lon="127.245987">
			<ele>0.00</ele>
			<time>2020-01-20T00:47:58.81Z</time>
		</trkpt>
		<trkpt lat="34.689245" lon="127.245879">
			<ele>0.00</ele>
			<time>2020-01-20T00:47:59.43Z</time>
		</trkpt>
		<trkpt lat="34.689265" lon="127.245819">
			<ele>0.00</ele>
			<time>2020-01-20T00:47:59.79Z</time>
		</trkpt>
		<trkpt lat="34.689296" lon="127.245756">
			<ele>0.00</ele>
			<time>2020-01-20T00:48:00.19Z</time>
		</trkpt>
		<trkpt lat="34.689344" lon="127.245708">
			<ele>0.00</ele>
			<time>2020-01-20T00:48:00.60Z</time>
		</trkpt>
		<trkpt lat="34.689393" lon="127.245683">
			<ele>0.00</ele>
			<time>2020-01-20T00:48:00.96Z</time>
		</trkpt>
		<trkpt lat="34.689441" lon="127.245658">
			<ele>0.00</ele>
			<time>2020-01-20T00:48:01.30Z</time>
		</trkpt>
		<trkpt lat="34.689492" lon="127.245643">
			<ele>0.00</ele>
			<time>2020-01-20T00:48:01.66Z</time>
		</trkpt>
		<trkpt lat="34.689552" lon="127.245605">
			<ele>0.00</ele>
			<time>2020-01-20T00:48:02.11Z</time>
		</trkpt>
		<trkpt lat="34.689553" lon="127.245605">
			<ele>0.00</ele>
			<time>2020-01-20T00:48:02.17Z</time>
		</trkpt>
		<trkpt lat="34.689597" lon="127.245572">
			<ele>0.00</ele>
			<time>2020-01-20T00:48:02.51Z</time>
		</trkpt>
		<trkpt lat="34.689640" lon="127.245534">
			<ele>0.00</ele>
			<time>2020-01-20T00:48:02.86Z</time>
		</trkpt>
		<trkpt lat="34.689681" lon="127.245499">
			<ele>0.00</ele>
			<time>2020-01-20T00:48:03.20Z</time>
		</trkpt>
		<trkpt lat="34.689720" lon="127.245463">
			<ele>0.00</ele>
			<time>2020-01-20T00:48:03.52Z</time>
		</trkpt>
		<trkpt lat="34.689755" lon="127.245404">
			<ele>0.00</ele>
			<time>2020-01-20T00:48:03.92Z</time>
		</trkpt>
		<trkpt lat="34.689781" lon="127.245353">
			<ele>0.00</ele>
			<time>2020-01-20T00:48:04.25Z</time>
		</trkpt>
		<trkpt lat="34.689809" lon="127.245287">
			<ele>0.00</ele>
			<time>2020-01-20T00:48:04.66Z</time>
		</trkpt>
		<trkpt lat="34.689828" lon="127.245206">
			<ele>0.00</ele>
			<time>2020-01-20T00:48:05.12Z</time>
		</trkpt>
		<trkpt lat="34.689845" lon="127.245141">
			<ele>0.00</ele>
			<time>2020-01-20T00:48:05.50Z</time>
		</trkpt>
		<trkpt lat="34.689855" lon="127.245061">
			<ele>0.00</ele>
			<time>2020-01-20T00:48:05.94Z</time>
		</trkpt>
		<trkpt lat="34.689868" lon="127.245009">
			<ele>0.00</ele>
			<time>2020-01-20T00:48:06.24Z</time>
		</trkpt>
		<trkpt lat="34.689901" lon="127.244966">
			<ele>0.00</ele>
			<time>2020-01-20T00:48:06.56Z</time>
		</trkpt>
		<trkpt lat="34.689941" lon="127.244943">
			<ele>0.00</ele>
			<time>2020-01-20T00:48:06.85Z</time>
		</trkpt>
		<trkpt lat="34.689989" lon="127.244929">
			<ele>0.00</ele>
			<time>2020-01-20T00:48:07.18Z</time>
		</trkpt>
		<trkpt lat="34.690051" lon="127.244917">
			<ele>0.00</ele>
			<time>2020-01-20T00:48:07.60Z</time>
		</trkpt>
		<trkpt lat="34.690112" lon="127.244917">
			<ele>0.00</ele>
			<time>2020-01-20T00:48:08.01Z</time>
		</trkpt>
		<trkpt lat="34.690151" lon="127.244922">
			<ele>0.00</ele>
			<time>2020-01-20T00:48:08.27Z</time>
		</trkpt>
		<trkpt lat="34.690185" lon="127.244938">
			<ele>0.00</ele>
			<time>2020-01-20T00:48:08.51Z</time>
		</trkpt>
		<trkpt lat="34.690237" lon="127.244957">
			<ele>0.00</ele>
			<time>2020-01-20T00:48:08.87Z</time>
		</trkpt>
		<trkpt lat="34.690284" lon="127.244978">
			<ele>0.00</ele>
			<time>2020-01-20T00:48:09.21Z</time>
		</trkpt>
		<trkpt lat="34.690328" lon="127.244985">
			<ele>0.00</ele>
			<time>2020-01-20T00:48:09.50Z</time>
		</trkpt>
		<trkpt lat="34.690385" lon="127.244962">
			<ele>0.00</ele>
			<time>2020-01-20T00:48:09.90Z</time>
		</trkpt>
		<trkpt lat="34.690436" lon="127.244931">
			<ele>0.00</ele>
			<time>2020-01-20T00:48:10.29Z</time>
		</trkpt>
		<trkpt lat="34.690471" lon="127.244899">
			<ele>0.00</ele>
			<time>2020-01-20T00:48:10.58Z</time>
		</trkpt>
		<trkpt lat="34.690519" lon="127.244874">
			<ele>0.00</ele>
			<time>2020-01-20T00:48:10.92Z</time>
		</trkpt>
		<trkpt lat="34.690562" lon="127.244863">
			<ele>0.00</ele>
			<time>2020-01-20T00:48:11.22Z</time>
		</trkpt>
		<trkpt lat="34.690599" lon="127.244867">
			<ele>0.00</ele>
			<time>2020-01-20T00:48:11.46Z</time>
		</trkpt>
		<trkpt lat="34.690627" lon="127.244881">
			<ele>0.00</ele>
			<time>2020-01-20T00:48:11.67Z</time>
		</trkpt>
		<trkpt lat="34.690659" lon="127.244912">
			<ele>0.00</ele>
			<time>2020-01-20T00:48:11.94Z</time>
		</trkpt>
		<trkpt lat="34.690690" lon="127.244952">
			<ele>0.00</ele>
			<time>2020-01-20T00:48:12.24Z</time>
		</trkpt>
		<trkpt lat="34.690726" lon="127.244985">
			<ele>0.00</ele>
			<time>2020-01-20T00:48:12.54Z</time>
		</trkpt>
		<trkpt lat="34.690777" lon="127.244995">
			<ele>0.00</ele>
			<time>2020-01-20T00:48:12.89Z</time>
		</trkpt>
		<trkpt lat="34.690823" lon="127.244992">
			<ele>0.00</ele>
			<time>2020-01-20T00:48:13.19Z</time>
		</trkpt>
		<trkpt lat="34.690875" lon="127.244973">
			<ele>0.00</ele>
			<time>2020-01-20T00:48:13.56Z</time>
		</trkpt>
		<trkpt lat="34.690913" lon="127.244952">
			<ele>0.00</ele>
			<time>2020-01-20T00:48:13.83Z</time>
		</trkpt>
		<trkpt lat="34.690951" lon="127.244922">
			<ele>0.00</ele>
			<time>2020-01-20T00:48:14.13Z</time>
		</trkpt>
		<trkpt lat="34.690988" lon="127.244874">
			<ele>0.00</ele>
			<time>2020-01-20T00:48:14.50Z</time>
		</trkpt>
		<trkpt lat="34.691027" lon="127.244810">
			<ele>0.00</ele>
			<time>2020-01-20T00:48:14.93Z</time>
		</trkpt>
		<trkpt lat="34.691064" lon="127.244772">
			<ele>0.00</ele>
			<time>2020-01-20T00:48:15.26Z</time>
		</trkpt>
		<trkpt lat="34.691088" lon="127.244735">
			<ele>0.00</ele>
			<time>2020-01-20T00:48:15.51Z</time>
		</trkpt>
		<trkpt lat="34.691111" lon="127.244700">
			<ele>0.00</ele>
			<time>2020-01-20T00:48:15.76Z</time>
		</trkpt>
		<trkpt lat="34.691168" lon="127.244658">
			<ele>0.00</ele>
			<time>2020-01-20T00:48:16.21Z</time>
		</trkpt>
		<trkpt lat="34.691211" lon="127.244652">
			<ele>0.00</ele>
			<time>2020-01-20T00:48:16.49Z</time>
		</trkpt>
		<trkpt lat="34.691275" lon="127.244650">
			<ele>0.00</ele>
			<time>2020-01-20T00:48:16.92Z</time>
		</trkpt>
		<trkpt lat="34.691339" lon="127.244671">
			<ele>0.00</ele>
			<time>2020-01-20T00:48:17.36Z</time>
		</trkpt>
		<trkpt lat="34.691411" lon="127.244713">
			<ele>0.00</ele>
			<time>2020-01-20T00:48:17.89Z</time>
		</trkpt>
		<trkpt lat="34.691441" lon="127.244742">
			<ele>0.00</ele>
			<time>2020-01-20T00:48:18.15Z</time>
		</trkpt>
		<trkpt lat="34.691469" lon="127.244761">
			<ele>0.00</ele>
			<time>2020-01-20T00:48:18.37Z</time>
		</trkpt>
		<trkpt lat="34.691512" lon="127.244798">
			<ele>0.00</ele>
			<time>2020-01-20T00:48:18.71Z</time>
		</trkpt>
		<trkpt lat="34.691556" lon="127.244817">
			<ele>0.00</ele>
			<time>2020-01-20T00:48:19.03Z</time>
		</trkpt>
		<trkpt lat="34.691594" lon="127.244837">
			<ele>0.00</ele>
			<time>2020-01-20T00:48:19.30Z</time>
		</trkpt>
		<trkpt lat="34.691648" lon="127.244853">
			<ele>0.00</ele>
			<time>2020-01-20T00:48:19.67Z</time>
		</trkpt>
		<trkpt lat="34.691709" lon="127.244867">
			<ele>0.00</ele>
			<time>2020-01-20T00:48:20.09Z</time>
		</trkpt>
		<trkpt lat="34.691763" lon="127.244870">
			<ele>0.00</ele>
			<time>2020-01-20T00:48:20.45Z</time>
		</trkpt>
		<trkpt lat="34.691832" lon="127.244867">
			<ele>0.00</ele>
			<time>2020-01-20T00:48:20.91Z</time>
		</trkpt>
		<trkpt lat="34.691899" lon="127.244867">
			<ele>0.00</ele>
			<time>2020-01-20T00:48:21.36Z</time>
		</trkpt>
		<trkpt lat="34.691955" lon="127.244867">
			<ele>0.00</ele>
			<time>2020-01-20T00:48:21.73Z</time>
		</trkpt>
		<trkpt lat="34.692001" lon="127.244872">
			<ele>0.00</ele>
			<time>2020-01-20T00:48:22.03Z</time>
		</trkpt>
		<trkpt lat="34.692058" lon="127.244881">
			<ele>0.00</ele>
			<time>2020-01-20T00:48:22.42Z</time>
		</trkpt>
		<trkpt lat="34.692096" lon="127.244898">
			<ele>0.00</ele>
			<time>2020-01-20T00:48:22.69Z</time>
		</trkpt>
		<trkpt lat="34.692145" lon="127.244916">
			<ele>0.00</ele>
			<time>2020-01-20T00:48:23.03Z</time>
		</trkpt>
		<trkpt lat="34.692193" lon="127.244919">
			<ele>0.00</ele>
			<time>2020-01-20T00:48:23.35Z</time>
		</trkpt>
		<trkpt lat="34.692257" lon="127.244929">
			<ele>0.00</ele>
			<time>2020-01-20T00:48:23.78Z</time>
		</trkpt>
		<trkpt lat="34.692334" lon="127.244935">
			<ele>0.00</ele>
			<time>2020-01-20T00:48:24.30Z</time>
		</trkpt>
		<trkpt lat="34.692412" lon="127.244942">
			<ele>0.00</ele>
			<time>2020-01-20T00:48:24.81Z</time>
		</trkpt>
		<trkpt lat="34.692472" lon="127.244944">
			<ele>0.00</ele>
			<time>2020-01-20T00:48:25.21Z</time>
		</trkpt>
		<trkpt lat="34.692516" lon="127.244938">
			<ele>0.00</ele>
			<time>2020-01-20T00:48:25.51Z</time>
		</trkpt>
		<trkpt lat="34.692553" lon="127.244914">
			<ele>0.00</ele>
			<time>2020-01-20T00:48:25.79Z</time>
		</trkpt>
		<trkpt lat="34.692590" lon="127.244895">
			<ele>0.00</ele>
			<time>2020-01-20T00:48:26.06Z</time>
		</trkpt>
		<trkpt lat="34.692628" lon="127.244867">
			<ele>0.00</ele>
			<time>2020-01-20T00:48:26.35Z</time>
		</trkpt>
		<trkpt lat="34.692673" lon="127.244839">
			<ele>0.00</ele>
			<time>2020-01-20T00:48:26.69Z</time>
		</trkpt>
		<trkpt lat="34.692708" lon="127.244817">
			<ele>0.00</ele>
			<time>2020-01-20T00:48:26.95Z</time>
		</trkpt>
		<trkpt lat="34.692751" lon="127.244796">
			<ele>0.00</ele>
			<time>2020-01-20T00:48:27.26Z</time>
		</trkpt>
		<trkpt lat="34.692791" lon="127.244782">
			<ele>0.00</ele>
			<time>2020-01-20T00:48:27.54Z</time>
		</trkpt>
		<trkpt lat="34.692844" lon="127.244751">
			<ele>0.00</ele>
			<time>2020-01-20T00:48:27.93Z</time>
		</trkpt>
		<trkpt lat="34.692888" lon="127.244721">
			<ele>0.00</ele>
			<time>2020-01-20T00:48:28.26Z</time>
		</trkpt>
		<trkpt lat="34.692918" lon="127.244690">
			<ele>0.00</ele>
			<time>2020-01-20T00:48:28.53Z</time>
		</trkpt>
		<trkpt lat="34.692958" lon="127.244645">
			<ele>0.00</ele>
			<time>2020-01-20T00:48:28.89Z</time>
		</trkpt>
		<trkpt lat="34.692989" lon="127.244610">
			<ele>0.00</ele>
			<time>2020-01-20T00:48:29.17Z</time>
		</trkpt>
		<trkpt lat="34.693026" lon="127.244581">
			<ele>0.00</ele>
			<time>2020-01-20T00:48:29.47Z</time>
		</trkpt>
		<trkpt lat="34.693060" lon="127.244565">
			<ele>0.00</ele>
			<time>2020-01-20T00:48:29.71Z</time>
		</trkpt>
		<trkpt lat="34.693101" lon="127.244543">
			<ele>0.00</ele>
			<time>2020-01-20T00:48:30.01Z</time>
		</trkpt>
		<trkpt lat="34.693131" lon="127.244513">
			<ele>0.00</ele>
			<time>2020-01-20T00:48:30.27Z</time>
		</trkpt>
		<trkpt lat="34.693168" lon="127.244494">
			<ele>0.00</ele>
			<time>2020-01-20T00:48:30.53Z</time>
		</trkpt>
		<trkpt lat="34.693213" lon="127.244472">
			<ele>0.00</ele>
			<time>2020-01-20T00:48:30.86Z</time>
		</trkpt>
		<trkpt lat="34.693260" lon="127.244449">
			<ele>0.00</ele>
			<time>2020-01-20T00:48:31.20Z</time>
		</trkpt>
		<trkpt lat="34.693300" lon="127.244442">
			<ele>0.00</ele>
			<time>2020-01-20T00:48:31.47Z</time>
		</trkpt>
		<trkpt lat="34.693340" lon="127.244454">
			<ele>0.00</ele>
			<time>2020-01-20T00:48:31.74Z</time>
		</trkpt>
		<trkpt lat="34.693393" lon="127.244456">
			<ele>0.00</ele>
			<time>2020-01-20T00:48:32.09Z</time>
		</trkpt>
		<trkpt lat="34.693444" lon="127.244451">
			<ele>0.00</ele>
			<time>2020-01-20T00:48:32.44Z</time>
		</trkpt>
		<trkpt lat="34.693501" lon="127.244437">
			<ele>0.00</ele>
			<time>2020-01-20T00:48:32.83Z</time>
		</trkpt>
		<trkpt lat="34.693556" lon="127.244421">
			<ele>0.00</ele>
			<time>2020-01-20T00:48:33.20Z</time>
		</trkpt>
		<trkpt lat="34.693597" lon="127.244402">
			<ele>0.00</ele>
			<time>2020-01-20T00:48:33.49Z</time>
		</trkpt>
		<trkpt lat="34.693636" lon="127.244376">
			<ele>0.00</ele>
			<time>2020-01-20T00:48:33.79Z</time>
		</trkpt>
		<trkpt lat="34.693665" lon="127.244355">
			<ele>0.00</ele>
			<time>2020-01-20T00:48:34.01Z</time>
		</trkpt>
		<trkpt lat="34.693693" lon="127.244345">
			<ele>0.00</ele>
			<time>2020-01-20T00:48:34.21Z</time>
		</trkpt>
		<trkpt lat="34.693716" lon="127.244345">
			<ele>0.00</ele>
			<time>2020-01-20T00:48:34.36Z</time>
		</trkpt>
		<trkpt lat="34.693739" lon="127.244352">
			<ele>0.00</ele>
			<time>2020-01-20T00:48:34.52Z</time>
		</trkpt>
		<trkpt lat="34.693764" lon="127.244374">
			<ele>0.00</ele>
			<time>2020-01-20T00:48:34.72Z</time>
		</trkpt>
		<trkpt lat="34.693779" lon="127.244397">
			<ele>0.00</ele>
			<time>2020-01-20T00:48:34.89Z</time>
		</trkpt>
		<trkpt lat="34.693811" lon="127.244432">
			<ele>0.00</ele>
			<time>2020-01-20T00:48:35.17Z</time>
		</trkpt>
		<trkpt lat="34.693834" lon="127.244454">
			<ele>0.00</ele>
			<time>2020-01-20T00:48:35.37Z</time>
		</trkpt>
		<trkpt lat="34.693874" lon="127.244492">
			<ele>0.00</ele>
			<time>2020-01-20T00:48:35.71Z</time>
		</trkpt>
		<trkpt lat="34.693920" lon="127.244518">
			<ele>0.00</ele>
			<time>2020-01-20T00:48:36.05Z</time>
		</trkpt>
		<trkpt lat="34.693970" lon="127.244534">
			<ele>0.00</ele>
			<time>2020-01-20T00:48:36.39Z</time>
		</trkpt>
		<trkpt lat="34.694026" lon="127.244550">
			<ele>0.00</ele>
			<time>2020-01-20T00:48:36.77Z</time>
		</trkpt>
		<trkpt lat="34.694067" lon="127.244555">
			<ele>0.00</ele>
			<time>2020-01-20T00:48:37.05Z</time>
		</trkpt>
		<trkpt lat="34.694110" lon="127.244548">
			<ele>0.00</ele>
			<time>2020-01-20T00:48:37.34Z</time>
		</trkpt>
		<trkpt lat="34.694147" lon="127.244533">
			<ele>0.00</ele>
			<time>2020-01-20T00:48:37.60Z</time>
		</trkpt>
		<trkpt lat="34.694177" lon="127.244522">
			<ele>0.00</ele>
			<time>2020-01-20T00:48:37.80Z</time>
		</trkpt>
		<trkpt lat="34.694211" lon="127.244522">
			<ele>0.00</ele>
			<time>2020-01-20T00:48:38.03Z</time>
		</trkpt>
		<trkpt lat="34.694234" lon="127.244532">
			<ele>0.00</ele>
			<time>2020-01-20T00:48:38.19Z</time>
		</trkpt>
		<trkpt lat="34.694264" lon="127.244557">
			<ele>0.00</ele>
			<time>2020-01-20T00:48:38.43Z</time>
		</trkpt>
		<trkpt lat="34.694299" lon="127.244584">
			<ele>0.00</ele>
			<time>2020-01-20T00:48:38.71Z</time>
		</trkpt>
		<trkpt lat="34.694343" lon="127.244625">
			<ele>0.00</ele>
			<time>2020-01-20T00:48:39.08Z</time>
		</trkpt>
		<trkpt lat="34.694393" lon="127.244675">
			<ele>0.00</ele>
			<time>2020-01-20T00:48:39.51Z</time>
		</trkpt>
		<trkpt lat="34.694436" lon="127.244709">
			<ele>0.00</ele>
			<time>2020-01-20T00:48:39.86Z</time>
		</trkpt>
		<trkpt lat="34.694465" lon="127.244717">
			<ele>0.00</ele>
			<time>2020-01-20T00:48:40.06Z</time>
		</trkpt>
		<trkpt lat="34.694499" lon="127.244707">
			<ele>0.00</ele>
			<time>2020-01-20T00:48:40.29Z</time>
		</trkpt>
		<trkpt lat="34.694536" lon="127.244685">
			<ele>0.00</ele>
			<time>2020-01-20T00:48:40.56Z</time>
		</trkpt>
		<trkpt lat="34.694590" lon="127.244643">
			<ele>0.00</ele>
			<time>2020-01-20T00:48:40.99Z</time>
		</trkpt>
		<trkpt lat="34.694638" lon="127.244603">
			<ele>0.00</ele>
			<time>2020-01-20T00:48:41.38Z</time>
		</trkpt>
		<trkpt lat="34.694695" lon="127.244552">
			<ele>0.00</ele>
			<time>2020-01-20T00:48:41.85Z</time>
		</trkpt>
		<trkpt lat="34.694755" lon="127.244518">
			<ele>0.00</ele>
			<time>2020-01-20T00:48:42.29Z</time>
		</trkpt>
		<trkpt lat="34.694794" lon="127.244500">
			<ele>0.00</ele>
			<time>2020-01-20T00:48:42.57Z</time>
		</trkpt>
		<trkpt lat="34.694819" lon="127.244489">
			<ele>0.00</ele>
			<time>2020-01-20T00:48:42.75Z</time>
		</trkpt>
		<trkpt lat="34.694840" lon="127.244459">
			<ele>0.00</ele>
			<time>2020-01-20T00:48:42.96Z</time>
		</trkpt>
		<trkpt lat="34.694855" lon="127.244404">
			<ele>0.00</ele>
			<time>2020-01-20T00:48:43.28Z</time>
		</trkpt>
		<trkpt lat="34.694866" lon="127.244348">
			<ele>0.00</ele>
			<time>2020-01-20T00:48:43.59Z</time>
		</trkpt>
		<trkpt lat="34.694878" lon="127.244274">
			<ele>0.00</ele>
			<time>2020-01-20T00:48:44.01Z</time>
		</trkpt>
		<trkpt lat="34.694890" lon="127.244179">
			<ele>0.00</ele>
			<time>2020-01-20T00:48:44.54Z</time>
		</trkpt>
		<trkpt lat="34.694899" lon="127.244096">
			<ele>0.00</ele>
			<time>2020-01-20T00:48:45Z</time>
		</trkpt>
		<trkpt lat="34.694900" lon="127.244051">
			<ele>0.00</ele>
			<time>2020-01-20T00:48:45.24Z</time>
		</trkpt>
		<trkpt lat="34.694894" lon="127.244009">
			<ele>0.00</ele>
			<time>2020-01-20T00:48:45.48Z</time>
		</trkpt>
		<trkpt lat="34.694880" lon="127.243953">
			<ele>0.00</ele>
			<time>2020-01-20T00:48:45.79Z</time>
		</trkpt>
		<trkpt lat="34.694853" lon="127.243863">
			<ele>0.00</ele>
			<time>2020-01-20T00:48:46.32Z</time>
		</trkpt>
		<trkpt lat="34.694840" lon="127.243788">
			<ele>0.00</ele>
			<time>2020-01-20T00:48:46.74Z</time>
		</trkpt>
		<trkpt lat="34.694833" lon="127.243683">
			<ele>0.00</ele>
			<time>2020-01-20T00:48:47.32Z</time>
		</trkpt>
		<trkpt lat="34.694831" lon="127.243607">
			<ele>0.00</ele>
			<time>2020-01-20T00:48:47.73Z</time>
		</trkpt>
		<trkpt lat="34.694842" lon="127.243541">
			<ele>0.00</ele>
			<time>2020-01-20T00:48:48.10Z</time>
		</trkpt>
		<trkpt lat="34.694866" lon="127.243482">
			<ele>0.00</ele>
			<time>2020-01-20T00:48:48.47Z</time>
		</trkpt>
		<trkpt lat="34.694888" lon="127.243444">
			<ele>0.00</ele>
			<time>2020-01-20T00:48:48.72Z</time>
		</trkpt>
		<trkpt lat="34.694913" lon="127.243406">
			<ele>0.00</ele>
			<time>2020-01-20T00:48:48.99Z</time>
		</trkpt>
		<trkpt lat="34.694950" lon="127.243359">
			<ele>0.00</ele>
			<time>2020-01-20T00:48:49.35Z</time>
		</trkpt>
		<trkpt lat="34.694985" lon="127.243293">
			<ele>0.00</ele>
			<time>2020-01-20T00:48:49.77Z</time>
		</trkpt>
		<trkpt lat="34.695028" lon="127.243204">
			<ele>0.00</ele>
			<time>2020-01-20T00:48:50.34Z</time>
		</trkpt>
		<trkpt lat="34.695050" lon="127.243121">
			<ele>0.00</ele>
			<time>2020-01-20T00:48:50.82Z</time>
		</trkpt>
		<trkpt lat="34.695062" lon="127.243032">
			<ele>0.00</ele>
			<time>2020-01-20T00:48:51.31Z</time>
		</trkpt>
		<trkpt lat="34.695044" lon="127.243000">
			<ele>0.00</ele>
			<time>2020-01-20T00:48:51.52Z</time>
		</trkpt>
		<trkpt lat="34.695065" lon="127.242920">
			<ele>0.00</ele>
			<time>2020-01-20T00:48:51.99Z</time>
		</trkpt>
		<trkpt lat="34.695152" lon="127.242973">
			<ele>0.00</ele>
			<time>2020-01-20T00:48:52.63Z</time>
		</trkpt>
		<trkpt lat="34.695243" lon="127.243024">
			<ele>0.00</ele>
			<time>2020-01-20T00:48:53.30Z</time>
		</trkpt>
		<trkpt lat="34.695330" lon="127.243077">
			<ele>0.00</ele>
			<time>2020-01-20T00:48:53.95Z</time>
		</trkpt>
		<trkpt lat="34.695420" lon="127.243127">
			<ele>0.00</ele>
			<time>2020-01-20T00:48:54.61Z</time>
		</trkpt>
		<trkpt lat="34.695505" lon="127.243172">
			<ele>0.00</ele>
			<time>2020-01-20T00:48:55.23Z</time>
		</trkpt>
		<trkpt lat="34.695596" lon="127.243221">
			<ele>0.00</ele>
			<time>2020-01-20T00:48:55.89Z</time>
		</trkpt>
		<trkpt lat="34.695681" lon="127.243270">
			<ele>0.00</ele>
			<time>2020-01-20T00:48:56.52Z</time>
		</trkpt>
		<trkpt lat="34.695748" lon="127.243313">
			<ele>0.00</ele>
			<time>2020-01-20T00:48:57.02Z</time>
		</trkpt>
		<trkpt lat="34.695819" lon="127.243363">
			<ele>0.00</ele>
			<time>2020-01-20T00:48:57.57Z</time>
		</trkpt>
		<trkpt lat="34.695888" lon="127.243407">
			<ele>0.00</ele>
			<time>2020-01-20T00:48:58.09Z</time>
		</trkpt>
		<trkpt lat="34.695956" lon="127.243453">
			<ele>0.00</ele>
			<time>2020-01-20T00:48:58.61Z</time>
		</trkpt>
		<trkpt lat="34.696022" lon="127.243495">
			<ele>0.00</ele>
			<time>2020-01-20T00:48:59.10Z</time>
		</trkpt>
		<trkpt lat="34.696088" lon="127.243534">
			<ele>0.00</ele>
			<time>2020-01-20T00:48:59.59Z</time>
		</trkpt>
		<trkpt lat="34.696149" lon="127.243574">
			<ele>0.00</ele>
			<time>2020-01-20T00:49:00.05Z</time>
		</trkpt>
		<trkpt lat="34.696210" lon="127.243605">
			<ele>0.00</ele>
			<time>2020-01-20T00:49:00.50Z</time>
		</trkpt>
		<trkpt lat="34.696278" lon="127.243646">
			<ele>0.00</ele>
			<time>2020-01-20T00:49:01Z</time>
		</trkpt>
		<trkpt lat="34.696339" lon="127.243685">
			<ele>0.00</ele>
			<time>2020-01-20T00:49:01.46Z</time>
		</trkpt>
		<trkpt lat="34.696408" lon="127.243722">
			<ele>0.00</ele>
			<time>2020-01-20T00:49:01.97Z</time>
		</trkpt>
		<trkpt lat="34.696473" lon="127.243760">
			<ele>0.00</ele>
			<time>2020-01-20T00:49:02.45Z</time>
		</trkpt>
		<trkpt lat="34.696537" lon="127.243797">
			<ele>0.00</ele>
			<time>2020-01-20T00:49:02.92Z</time>
		</trkpt>
		<trkpt lat="34.696598" lon="127.243824">
			<ele>0.00</ele>
			<time>2020-01-20T00:49:03.35Z</time>
		</trkpt>
		<trkpt lat="34.696665" lon="127.243850">
			<ele>0.00</ele>
			<time>2020-01-20T00:49:03.82Z</time>
		</trkpt>
		<trkpt lat="34.696729" lon="127.243870">
			<ele>0.00</ele>
			<time>2020-01-20T00:49:04.26Z</time>
		</trkpt>
		<trkpt lat="34.696804" lon="127.243883">
			<ele>0.00</ele>
			<time>2020-01-20T00:49:04.76Z</time>
		</trkpt>
		<trkpt lat="34.696875" lon="127.243879">
			<ele>0.00</ele>
			<time>2020-01-20T00:49:05.24Z</time>
		</trkpt>
		<trkpt lat="34.696948" lon="127.243866">
			<ele>0.00</ele>
			<time>2020-01-20T00:49:05.73Z</time>
		</trkpt>
		<trkpt lat="34.697009" lon="127.243846">
			<ele>0.00</ele>
			<time>2020-01-20T00:49:06.15Z</time>
		</trkpt>
		<trkpt lat="34.697073" lon="127.243823">
			<ele>0.00</ele>
			<time>2020-01-20T00:49:06.60Z</time>
		</trkpt>
		<trkpt lat="34.697141" lon="127.243799">
			<ele>0.00</ele>
			<time>2020-01-20T00:49:07.07Z</time>
		</trkpt>
		<trkpt lat="34.697209" lon="127.243778">
			<ele>0.00</ele>
			<time>2020-01-20T00:49:07.53Z</time>
		</trkpt>
		<trkpt lat="34.697269" lon="127.243754">
			<ele>0.00</ele>
			<time>2020-01-20T00:49:07.96Z</time>
		</trkpt>
		<trkpt lat="34.697326" lon="127.243725">
			<ele>0.00</ele>
			<time>2020-01-20T00:49:08.37Z</time>
		</trkpt>
		<trkpt lat="34.697383" lon="127.243704">
			<ele>0.00</ele>
			<time>2020-01-20T00:49:08.76Z</time>
		</trkpt>
		<trkpt lat="34.697443" lon="127.243671">
			<ele>0.00</ele>
			<time>2020-01-20T00:49:09.21Z</time>
		</trkpt>
		<trkpt lat="34.697505" lon="127.243644">
			<ele>0.00</ele>
			<time>2020-01-20T00:49:09.64Z</time>
		</trkpt>
		<trkpt lat="34.697557" lon="127.243612">
			<ele>0.00</ele>
			<time>2020-01-20T00:49:10.03Z</time>
		</trkpt>
		<trkpt lat="34.697617" lon="127.243576">
			<ele>0.00</ele>
			<time>2020-01-20T00:49:10.48Z</time>
		</trkpt>
		<trkpt lat="34.697666" lon="127.243548">
			<ele>0.00</ele>
			<time>2020-01-20T00:49:10.84Z</time>
		</trkpt>
		<trkpt lat="34.697723" lon="127.243523">
			<ele>0.00</ele>
			<time>2020-01-20T00:49:11.25Z</time>
		</trkpt>
		<trkpt lat="34.697790" lon="127.243502">
			<ele>0.00</ele>
			<time>2020-01-20T00:49:11.70Z</time>
		</trkpt>
		<trkpt lat="34.697861" lon="127.243477">
			<ele>0.00</ele>
			<time>2020-01-20T00:49:12.19Z</time>
		</trkpt>
		<trkpt lat="34.697926" lon="127.243459">
			<ele>0.00</ele>
			<time>2020-01-20T00:49:12.64Z</time>
		</trkpt>
		<trkpt lat="34.697993" lon="127.243440">
			<ele>0.00</ele>
			<time>2020-01-20T00:49:13.10Z</time>
		</trkpt>
		<trkpt lat="34.698065" lon="127.243421">
			<ele>0.00</ele>
			<time>2020-01-20T00:49:13.59Z</time>
		</trkpt>
		<trkpt lat="34.698132" lon="127.243403">
			<ele>0.00</ele>
			<time>2020-01-20T00:49:14.05Z</time>
		</trkpt>
		<trkpt lat="34.698200" lon="127.243389">
			<ele>0.00</ele>
			<time>2020-01-20T00:49:14.51Z</time>
		</trkpt>
		<trkpt lat="34.698277" lon="127.243380">
			<ele>0.00</ele>
			<time>2020-01-20T00:49:15.02Z</time>
		</trkpt>
		<trkpt lat="34.698367" lon="127.243365">
			<ele>0.00</ele>
			<time>2020-01-20T00:49:15.63Z</time>
		</trkpt>
		<trkpt lat="34.698447" lon="127.243370">
			<ele>0.00</ele>
			<time>2020-01-20T00:49:16.16Z</time>
		</trkpt>
		<trkpt lat="34.698529" lon="127.243386">
			<ele>0.00</ele>
			<time>2020-01-20T00:49:16.72Z</time>
		</trkpt>
		<trkpt lat="34.698613" lon="127.243422">
			<ele>0.00</ele>
			<time>2020-01-20T00:49:17.31Z</time>
		</trkpt>
		<trkpt lat="34.698697" lon="127.243454">
			<ele>0.00</ele>
			<time>2020-01-20T00:49:17.90Z</time>
		</trkpt>
		<trkpt lat="34.698779" lon="127.243476">
			<ele>0.00</ele>
			<time>2020-01-20T00:49:18.46Z</time>
		</trkpt>
		<trkpt lat="34.698868" lon="127.243510">
			<ele>0.00</ele>
			<time>2020-01-20T00:49:19.08Z</time>
		</trkpt>
		<trkpt lat="34.698958" lon="127.243547">
			<ele>0.00</ele>
			<time>2020-01-20T00:49:19.71Z</time>
		</trkpt>
		<trkpt lat="34.699046" lon="127.243580">
			<ele>0.00</ele>
			<time>2020-01-20T00:49:20.33Z</time>
		</trkpt>
		<trkpt lat="34.699143" lon="127.243621">
			<ele>0.00</ele>
			<time>2020-01-20T00:49:21.01Z</time>
		</trkpt>
		<trkpt lat="34.699225" lon="127.243653">
			<ele>0.00</ele>
			<time>2020-01-20T00:49:21.59Z</time>
		</trkpt>
		<trkpt lat="34.699315" lon="127.243704">
			<ele>0.00</ele>
			<time>2020-01-20T00:49:22.25Z</time>
		</trkpt>
		<trkpt lat="34.699418" lon="127.243739">
			<ele>0.00</ele>
			<time>2020-01-20T00:49:22.96Z</time>
		</trkpt>
		<trkpt lat="34.699512" lon="127.243782">
			<ele>0.00</ele>
			<time>2020-01-20T00:49:23.63Z</time>
		</trkpt>
		<trkpt lat="34.699602" lon="127.243831">
			<ele>0.00</ele>
			<time>2020-01-20T00:49:24.28Z</time>
		</trkpt>
		<trkpt lat="34.699686" lon="127.243872">
			<ele>0.00</ele>
			<time>2020-01-20T00:49:24.89Z</time>
		</trkpt>
		<trkpt lat="34.699777" lon="127.243932">
			<ele>0.00</ele>
			<time>2020-01-20T00:49:25.58Z</time>
		</trkpt>
		<trkpt lat="34.699866" lon="127.243999">
			<ele>0.00</ele>
			<time>2020-01-20T00:49:26.28Z</time>
		</trkpt>
		<trkpt lat="34.699947" lon="127.244090">
			<ele>0.00</ele>
			<time>2020-01-20T00:49:27.01Z</time>
		</trkpt>
		<trkpt lat="34.700020" lon="127.244202">
			<ele>0.00</ele>
			<time>2020-01-20T00:49:27.80Z</time>
		</trkpt>
		<trkpt lat="34.700072" lon="127.244328">
			<ele>0.00</ele>
			<time>2020-01-20T00:49:28.57Z</time>
		</trkpt>
		<trkpt lat="34.700124" lon="127.244471">
			<ele>0.00</ele>
			<time>2020-01-20T00:49:29.42Z</time>
		</trkpt>
		<trkpt lat="34.700158" lon="127.244609">
			<ele>0.00</ele>
			<time>2020-01-20T00:49:30.22Z</time>
		</trkpt>
		<trkpt lat="34.700180" lon="127.244749">
			<ele>0.00</ele>
			<time>2020-01-20T00:49:31Z</time>
		</trkpt>
		<trkpt lat="34.700203" lon="127.244901">
			<ele>0.00</ele>
			<time>2020-01-20T00:49:31.85Z</time>
		</trkpt>
		<trkpt lat="34.700222" lon="127.245065">
			<ele>0.00</ele>
			<time>2020-01-20T00:49:32.75Z</time>
		</trkpt>
		<trkpt lat="34.700255" lon="127.245223">
			<ele>0.00</ele>
			<time>2020-01-20T00:49:33.65Z</time>
		</trkpt>
		<trkpt lat="34.700300" lon="127.245385">
			<ele>0.00</ele>
			<time>2020-01-20T00:49:34.58Z</time>
		</trkpt>
		<trkpt lat="34.700345" lon="127.245514">
			<ele>0.00</ele>
			<time>2020-01-20T00:49:35.35Z</time>
		</trkpt>
		<trkpt lat="34.700410" lon="127.245637">
			<ele>0.00</ele>
			<time>2020-01-20T00:49:36.15Z</time>
		</trkpt>
		<trkpt lat="34.700466" lon="127.245755">
			<ele>0.00</ele>
			<time>2020-01-20T00:49:36.90Z</time>
		</trkpt>
		<trkpt lat="34.700526" lon="127.245861">
			<ele>0.00</ele>
			<time>2020-01-20T00:49:37.60Z</time>
		</trkpt>
		<trkpt lat="34.700591" lon="127.245934">
			<ele>0.00</ele>
			<time>2020-01-20T00:49:38.19Z</time>
		</trkpt>
		<trkpt lat="34.700592" lon="127.245938">
			<ele>0.00</ele>
			<time>2020-01-20T00:49:38.25Z</time>
		</trkpt>
		<trkpt lat="34.700688" lon="127.245935">
			<ele>0.00</ele>
			<time>2020-01-20T00:49:38.90Z</time>
		</trkpt>
		<trkpt lat="34.700763" lon="127.245889">
			<ele>0.00</ele>
			<time>2020-01-20T00:49:39.46Z</time>
		</trkpt>
		<trkpt lat="34.700821" lon="127.245813">
			<ele>0.00</ele>
			<time>2020-01-20T00:49:40.03Z</time>
		</trkpt>
		<trkpt lat="34.700877" lon="127.245734">
			<ele>0.00</ele>
			<time>2020-01-20T00:49:40.60Z</time>
		</trkpt>
		<trkpt lat="34.700936" lon="127.245632">
			<ele>0.00</ele>
			<time>2020-01-20T00:49:41.28Z</time>
		</trkpt>
		<trkpt lat="34.700987" lon="127.245525">
			<ele>0.00</ele>
			<time>2020-01-20T00:49:41.96Z</time>
		</trkpt>
		<trkpt lat="34.701027" lon="127.245404">
			<ele>0.00</ele>
			<time>2020-01-20T00:49:42.67Z</time>
		</trkpt>
		<trkpt lat="34.701076" lon="127.245335">
			<ele>0.00</ele>
			<time>2020-01-20T00:49:43.17Z</time>
		</trkpt>
		<trkpt lat="34.701137" lon="127.245345">
			<ele>0.00</ele>
			<time>2020-01-20T00:49:43.58Z</time>
		</trkpt>
		<trkpt lat="34.701196" lon="127.245451">
			<ele>0.00</ele>
			<time>2020-01-20T00:49:44.28Z</time>
		</trkpt>
		<trkpt lat="34.701246" lon="127.245567">
			<ele>0.00</ele>
			<time>2020-01-20T00:49:45Z</time>
		</trkpt>
		<trkpt lat="34.701309" lon="127.245706">
			<ele>0.00</ele>
			<time>2020-01-20T00:49:45.87Z</time>
		</trkpt>
		<trkpt lat="34.701366" lon="127.245819">
			<ele>0.00</ele>
			<time>2020-01-20T00:49:46.59Z</time>
		</trkpt>
		<trkpt lat="34.701431" lon="127.245954">
			<ele>0.00</ele>
			<time>2020-01-20T00:49:47.45Z</time>
		</trkpt>
		<trkpt lat="34.701481" lon="127.246079">
			<ele>0.00</ele>
			<time>2020-01-20T00:49:48.22Z</time>
		</trkpt>
		<trkpt lat="34.701538" lon="127.246202">
			<ele>0.00</ele>
			<time>2020-01-20T00:49:48.99Z</time>
		</trkpt>
		<trkpt lat="34.701599" lon="127.246314">
			<ele>0.00</ele>
			<time>2020-01-20T00:49:49.73Z</time>
		</trkpt>
		<trkpt lat="34.701657" lon="127.246427">
			<ele>0.00</ele>
			<time>2020-01-20T00:49:50.46Z</time>
		</trkpt>
		<trkpt lat="34.701707" lon="127.246555">
			<ele>0.00</ele>
			<time>2020-01-20T00:49:51.23Z</time>
		</trkpt>
		<trkpt lat="34.701766" lon="127.246680">
			<ele>0.00</ele>
			<time>2020-01-20T00:49:52.02Z</time>
		</trkpt>
		<trkpt lat="34.701831" lon="127.246811">
			<ele>0.00</ele>
			<time>2020-01-20T00:49:52.86Z</time>
		</trkpt>
		<trkpt lat="34.701901" lon="127.246949">
			<ele>0.00</ele>
			<time>2020-01-20T00:49:53.75Z</time>
		</trkpt>
		<trkpt lat="34.701974" lon="127.247100">
			<ele>0.00</ele>
			<time>2020-01-20T00:49:54.71Z</time>
		</trkpt>
		<trkpt lat="34.702033" lon="127.247243">
			<ele>0.00</ele>
			<time>2020-01-20T00:49:55.59Z</time>
		</trkpt>
		<trkpt lat="34.702095" lon="127.247381">
			<ele>0.00</ele>
			<time>2020-01-20T00:49:56.45Z</time>
		</trkpt>
		<trkpt lat="34.702148" lon="127.247510">
			<ele>0.00</ele>
			<time>2020-01-20T00:49:57.24Z</time>
		</trkpt>
		<trkpt lat="34.702205" lon="127.247647">
			<ele>0.00</ele>
			<time>2020-01-20T00:49:58.08Z</time>
		</trkpt>
		<trkpt lat="34.702261" lon="127.247793">
			<ele>0.00</ele>
			<time>2020-01-20T00:49:58.97Z</time>
		</trkpt>
		<trkpt lat="34.702310" lon="127.247922">
			<ele>0.00</ele>
			<time>2020-01-20T00:49:59.74Z</time>
		</trkpt>
		<trkpt lat="34.702359" lon="127.248040">
			<ele>0.00</ele>
			<time>2020-01-20T00:50:00.47Z</time>
		</trkpt>
		<trkpt lat="34.702361" lon="127.248104">
			<ele>0.00</ele>
			<time>2020-01-20T00:50:00.82Z</time>
		</trkpt>
		<trkpt lat="34.702280" lon="127.248116">
			<ele>0.00</ele>
			<time>2020-01-20T00:50:01.37Z</time>
		</trkpt>
		<trkpt lat="34.702192" lon="127.248110">
			<ele>0.00</ele>
			<time>2020-01-20T00:50:01.95Z</time>
		</trkpt>
		<trkpt lat="34.702087" lon="127.248092">
			<ele>0.00</ele>
			<time>2020-01-20T00:50:02.66Z</time>
		</trkpt>
		<trkpt lat="34.702039" lon="127.248192">
			<ele>0.00</ele>
			<time>2020-01-20T00:50:03.30Z</time>
		</trkpt>
		<trkpt lat="34.701967" lon="127.248264">
			<ele>0.00</ele>
			<time>2020-01-20T00:50:03.92Z</time>
		</trkpt>
		<trkpt lat="34.702012" lon="127.248408">
			<ele>0.00</ele>
			<time>2020-01-20T00:50:04.76Z</time>
		</trkpt>
		<trkpt lat="34.701996" lon="127.248558">
			<ele>0.00</ele>
			<time>2020-01-20T00:50:05.59Z</time>
		</trkpt>
		<trkpt lat="34.701981" lon="127.248710">
			<ele>0.00</ele>
			<time>2020-01-20T00:50:06.43Z</time>
		</trkpt>
		<trkpt lat="34.701957" lon="127.248859">
			<ele>0.00</ele>
			<time>2020-01-20T00:50:07.26Z</time>
		</trkpt>
		<trkpt lat="34.701895" lon="127.248994">
			<ele>0.00</ele>
			<time>2020-01-20T00:50:08.11Z</time>
		</trkpt>
		<trkpt lat="34.701839" lon="127.249136">
			<ele>0.00</ele>
			<time>2020-01-20T00:50:08.97Z</time>
		</trkpt>
		<trkpt lat="34.701783" lon="127.249268">
			<ele>0.00</ele>
			<time>2020-01-20T00:50:09.78Z</time>
		</trkpt>
		<trkpt lat="34.701704" lon="127.249370">
			<ele>0.00</ele>
			<time>2020-01-20T00:50:10.55Z</time>
		</trkpt>
		<trkpt lat="34.701609" lon="127.249455">
			<ele>0.00</ele>
			<time>2020-01-20T00:50:11.33Z</time>
		</trkpt>
		<trkpt lat="34.701525" lon="127.249529">
			<ele>0.00</ele>
			<time>2020-01-20T00:50:12.03Z</time>
		</trkpt>
		<trkpt lat="34.701421" lon="127.249609">
			<ele>0.00</ele>
			<time>2020-01-20T00:50:12.85Z</time>
		</trkpt>
		<trkpt lat="34.701318" lon="127.249703">
			<ele>0.00</ele>
			<time>2020-01-20T00:50:13.71Z</time>
		</trkpt>
		<trkpt lat="34.701248" lon="127.249819">
			<ele>0.00</ele>
			<time>2020-01-20T00:50:14.50Z</time>
		</trkpt>
		<trkpt lat="34.701217" lon="127.249954">
			<ele>0.00</ele>
			<time>2020-01-20T00:50:15.26Z</time>
		</trkpt>
		<trkpt lat="34.701197" lon="127.250101">
			<ele>0.00</ele>
			<time>2020-01-20T00:50:16.08Z</time>
		</trkpt>
		<trkpt lat="34.701203" lon="127.250218">
			<ele>0.00</ele>
			<time>2020-01-20T00:50:16.72Z</time>
		</trkpt>
		<trkpt lat="34.701234" lon="127.250345">
			<ele>0.00</ele>
			<time>2020-01-20T00:50:17.45Z</time>
		</trkpt>
		<trkpt lat="34.701232" lon="127.250437">
			<ele>0.00</ele>
			<time>2020-01-20T00:50:17.96Z</time>
		</trkpt>
		<trkpt lat="34.701171" lon="127.250568">
			<ele>0.00</ele>
			<time>2020-01-20T00:50:18.79Z</time>
		</trkpt>
		<trkpt lat="34.701109" lon="127.250692">
			<ele>0.00</ele>
			<time>2020-01-20T00:50:19.58Z</time>
		</trkpt>
		<trkpt lat="34.701044" lon="127.250824">
			<ele>0.00</ele>
			<time>2020-01-20T00:50:20.42Z</time>
		</trkpt>
		<trkpt lat="34.700974" lon="127.250957">
			<ele>0.00</ele>
			<time>2020-01-20T00:50:21.29Z</time>
		</trkpt>
		<trkpt lat="34.700895" lon="127.251076">
			<ele>0.00</ele>
			<time>2020-01-20T00:50:22.12Z</time>
		</trkpt>
		<trkpt lat="34.700809" lon="127.251197">
			<ele>0.00</ele>
			<time>2020-01-20T00:50:23Z</time>
		</trkpt>
		<trkpt lat="34.700730" lon="127.251298">
			<ele>0.00</ele>
			<time>2020-01-20T00:50:23.76Z</time>
		</trkpt>
		<trkpt lat="34.700635" lon="127.251383">
			<ele>0.00</ele>
			<time>2020-01-20T00:50:24.55Z</time>
		</trkpt>
		<trkpt lat="34.700523" lon="127.251422">
			<ele>0.00</ele>
			<time>2020-01-20T00:50:25.33Z</time>
		</trkpt>
		<trkpt lat="34.700408" lon="127.251460">
			<ele>0.00</ele>
			<time>2020-01-20T00:50:26.12Z</time>
		</trkpt>
		<trkpt lat="34.700296" lon="127.251478">
			<ele>0.00</ele>
			<time>2020-01-20T00:50:26.88Z</time>
		</trkpt>
		<trkpt lat="34.700186" lon="127.251479">
			<ele>0.00</ele>
			<time>2020-01-20T00:50:27.61Z</time>
		</trkpt>
		<trkpt lat="34.700097" lon="127.251494">
			<ele>0.00</ele>
			<time>2020-01-20T00:50:28.21Z</time>
		</trkpt>
		<trkpt lat="34.700010" lon="127.251530">
			<ele>0.00</ele>
			<time>2020-01-20T00:50:28.82Z</time>
		</trkpt>
		<trkpt lat="34.699930" lon="127.251533">
			<ele>0.00</ele>
			<time>2020-01-20T00:50:29.35Z</time>
		</trkpt>
		<trkpt lat="34.699835" lon="127.251519">
			<ele>0.00</ele>
			<time>2020-01-20T00:50:29.99Z</time>
		</trkpt>
		<trkpt lat="34.699747" lon="127.251594">
			<ele>0.00</ele>
			<time>2020-01-20T00:50:30.71Z</time>
		</trkpt>
		<trkpt lat="34.699647" lon="127.251677">
			<ele>0.00</ele>
			<time>2020-01-20T00:50:31.52Z</time>
		</trkpt>
		<trkpt lat="34.699555" lon="127.251751">
			<ele>0.00</ele>
			<time>2020-01-20T00:50:32.25Z</time>
		</trkpt>
		<trkpt lat="34.699465" lon="127.251827">
			<ele>0.00</ele>
			<time>2020-01-20T00:50:32.98Z</time>
		</trkpt>
		<trkpt lat="34.699376" lon="127.251887">
			<ele>0.00</ele>
			<time>2020-01-20T00:50:33.66Z</time>
		</trkpt>
		<trkpt lat="34.699293" lon="127.251953">
			<ele>0.00</ele>
			<time>2020-01-20T00:50:34.33Z</time>
		</trkpt>
		<trkpt lat="34.699208" lon="127.252020">
			<ele>0.00</ele>
			<time>2020-01-20T00:50:35Z</time>
		</trkpt>
		<trkpt lat="34.699157" lon="127.252037">
			<ele>0.00</ele>
			<time>2020-01-20T00:50:35.35Z</time>
		</trkpt>
		<trkpt lat="34.699084" lon="127.251980">
			<ele>0.00</ele>
			<time>2020-01-20T00:50:35.93Z</time>
		</trkpt>
		<trkpt lat="34.699000" lon="127.251910">
			<ele>0.00</ele>
			<time>2020-01-20T00:50:36.60Z</time>
		</trkpt>
		<trkpt lat="34.698926" lon="127.251840">
			<ele>0.00</ele>
			<time>2020-01-20T00:50:37.23Z</time>
		</trkpt>
		<trkpt lat="34.698851" lon="127.251781">
			<ele>0.00</ele>
			<time>2020-01-20T00:50:37.82Z</time>
		</trkpt>
		<trkpt lat="34.698771" lon="127.251714">
			<ele>0.00</ele>
			<time>2020-01-20T00:50:38.47Z</time>
		</trkpt>
		<trkpt lat="34.698694" lon="127.251655">
			<ele>0.00</ele>
			<time>2020-01-20T00:50:39.08Z</time>
		</trkpt>
		<trkpt lat="34.698694" lon="127.251653">
			<ele>0.00</ele>
			<time>2020-01-20T00:50:39.14Z</time>
		</trkpt>
		<trkpt lat="34.698620" lon="127.251801">
			<ele>0.00</ele>
			<time>2020-01-20T00:50:40.09Z</time>
		</trkpt>
		<trkpt lat="34.698566" lon="127.251919">
			<ele>0.00</ele>
			<time>2020-01-20T00:50:40.83Z</time>
		</trkpt>
		<trkpt lat="34.698506" lon="127.252040">
			<ele>0.00</ele>
			<time>2020-01-20T00:50:41.60Z</time>
		</trkpt>
		<trkpt lat="34.698456" lon="127.252139">
			<ele>0.00</ele>
			<time>2020-01-20T00:50:42.24Z</time>
		</trkpt>
		<trkpt lat="34.698401" lon="127.252257">
			<ele>0.00</ele>
			<time>2020-01-20T00:50:42.98Z</time>
		</trkpt>
		<trkpt lat="34.698354" lon="127.252365">
			<ele>0.00</ele>
			<time>2020-01-20T00:50:43.65Z</time>
		</trkpt>
		<trkpt lat="34.698294" lon="127.252489">
			<ele>0.00</ele>
			<time>2020-01-20T00:50:44.44Z</time>
		</trkpt>
		<trkpt lat="34.698239" lon="127.252592">
			<ele>0.00</ele>
			<time>2020-01-20T00:50:45.11Z</time>
		</trkpt>
		<trkpt lat="34.698194" lon="127.252678">
			<ele>0.00</ele>
			<time>2020-01-20T00:50:45.67Z</time>
		</trkpt>
		<trkpt lat="34.698141" lon="127.252789">
			<ele>0.00</ele>
			<time>2020-01-20T00:50:46.38Z</time>
		</trkpt>
		<trkpt lat="34.698086" lon="127.252899">
			<ele>0.00</ele>
			<time>2020-01-20T00:50:47.08Z</time>
		</trkpt>
		<trkpt lat="34.698029" lon="127.253012">
			<ele>0.00</ele>
			<time>2020-01-20T00:50:47.81Z</time>
		</trkpt>
		<trkpt lat="34.697973" lon="127.253140">
			<ele>0.00</ele>
			<time>2020-01-20T00:50:48.60Z</time>
		</trkpt>
		<trkpt lat="34.697903" lon="127.253281">
			<ele>0.00</ele>
			<time>2020-01-20T00:50:49.50Z</time>
		</trkpt>
		<trkpt lat="34.697829" lon="127.253409">
			<ele>0.00</ele>
			<time>2020-01-20T00:50:50.36Z</time>
		</trkpt>
		<trkpt lat="34.697769" lon="127.253533">
			<ele>0.00</ele>
			<time>2020-01-20T00:50:51.15Z</time>
		</trkpt>
		<trkpt lat="34.697702" lon="127.253675">
			<ele>0.00</ele>
			<time>2020-01-20T00:50:52.05Z</time>
		</trkpt>
		<trkpt lat="34.697635" lon="127.253821">
			<ele>0.00</ele>
			<time>2020-01-20T00:50:52.96Z</time>
		</trkpt>
		<trkpt lat="34.697572" lon="127.253955">
			<ele>0.00</ele>
			<time>2020-01-20T00:50:53.81Z</time>
		</trkpt>
		<trkpt lat="34.697501" lon="127.254088">
			<ele>0.00</ele>
			<time>2020-01-20T00:50:54.68Z</time>
		</trkpt>
		<trkpt lat="34.697440" lon="127.254218">
			<ele>0.00</ele>
			<time>2020-01-20T00:50:55.50Z</time>
		</trkpt>
		<trkpt lat="34.697380" lon="127.254340">
			<ele>0.00</ele>
			<time>2020-01-20T00:50:56.28Z</time>
		</trkpt>
		<trkpt lat="34.697316" lon="127.254468">
			<ele>0.00</ele>
			<time>2020-01-20T00:50:57.10Z</time>
		</trkpt>
		<trkpt lat="34.697252" lon="127.254601">
			<ele>0.00</ele>
			<time>2020-01-20T00:50:57.95Z</time>
		</trkpt>
		<trkpt lat="34.697198" lon="127.254705">
			<ele>0.00</ele>
			<time>2020-01-20T00:50:58.62Z</time>
		</trkpt>
		<trkpt lat="34.697130" lon="127.254841">
			<ele>0.00</ele>
			<time>2020-01-20T00:50:59.50Z</time>
		</trkpt>
		<trkpt lat="34.697054" lon="127.254982">
			<ele>0.00</ele>
			<time>2020-01-20T00:51:00.42Z</time>
		</trkpt>
		<trkpt lat="34.696986" lon="127.255137">
			<ele>0.00</ele>
			<time>2020-01-20T00:51:01.38Z</time>
		</trkpt>
		<trkpt lat="34.696916" lon="127.255273">
			<ele>0.00</ele>
			<time>2020-01-20T00:51:02.26Z</time>
		</trkpt>
		<trkpt lat="34.696842" lon="127.255423">
			<ele>0.00</ele>
			<time>2020-01-20T00:51:03.22Z</time>
		</trkpt>
		<trkpt lat="34.696784" lon="127.255546">
			<ele>0.00</ele>
			<time>2020-01-20T00:51:03.99Z</time>
		</trkpt>
		<trkpt lat="34.696733" lon="127.255637">
			<ele>0.00</ele>
			<time>2020-01-20T00:51:04.60Z</time>
		</trkpt>
		<trkpt lat="34.696704" lon="127.255712">
			<ele>0.00</ele>
			<time>2020-01-20T00:51:05.06Z</time>
		</trkpt>
		<trkpt lat="34.696707" lon="127.255712">
			<ele>0.00</ele>
			<time>2020-01-20T00:51:05.12Z</time>
		</trkpt>
		<trkpt lat="34.696791" lon="127.255768">
			<ele>0.00</ele>
			<time>2020-01-20T00:51:05.75Z</time>
		</trkpt>
		<trkpt lat="34.696884" lon="127.255838">
			<ele>0.00</ele>
			<time>2020-01-20T00:51:06.48Z</time>
		</trkpt>
		<trkpt lat="34.696979" lon="127.255897">
			<ele>0.00</ele>
			<time>2020-01-20T00:51:07.19Z</time>
		</trkpt>
		<trkpt lat="34.697054" lon="127.255962">
			<ele>0.00</ele>
			<time>2020-01-20T00:51:07.81Z</time>
		</trkpt>
		<trkpt lat="34.697118" lon="127.256036">
			<ele>0.00</ele>
			<time>2020-01-20T00:51:08.40Z</time>
		</trkpt>
		<trkpt lat="34.697103" lon="127.256157">
			<ele>0.00</ele>
			<time>2020-01-20T00:51:09.07Z</time>
		</trkpt>
		<trkpt lat="34.697101" lon="127.256315">
			<ele>0.00</ele>
			<time>2020-01-20T00:51:09.93Z</time>
		</trkpt>
		<trkpt lat="34.697092" lon="127.256463">
			<ele>0.00</ele>
			<time>2020-01-20T00:51:10.75Z</time>
		</trkpt>
		<trkpt lat="34.697068" lon="127.256626">
			<ele>0.00</ele>
			<time>2020-01-20T00:51:11.66Z</time>
		</trkpt>
		<trkpt lat="34.697037" lon="127.256774">
			<ele>0.00</ele>
			<time>2020-01-20T00:51:12.49Z</time>
		</trkpt>
		<trkpt lat="34.697021" lon="127.256927">
			<ele>0.00</ele>
			<time>2020-01-20T00:51:13.34Z</time>
		</trkpt>
		<trkpt lat="34.696981" lon="127.257086">
			<ele>0.00</ele>
			<time>2020-01-20T00:51:14.25Z</time>
		</trkpt>
		<trkpt lat="34.696932" lon="127.257234">
			<ele>0.00</ele>
			<time>2020-01-20T00:51:15.12Z</time>
		</trkpt>
		<trkpt lat="34.696898" lon="127.257337">
			<ele>0.00</ele>
			<time>2020-01-20T00:51:15.73Z</time>
		</trkpt>
		<trkpt lat="34.696902" lon="127.257477">
			<ele>0.00</ele>
			<time>2020-01-20T00:51:16.50Z</time>
		</trkpt>
		<trkpt lat="34.696933" lon="127.257613">
			<ele>0.00</ele>
			<time>2020-01-20T00:51:17.28Z</time>
		</trkpt>
		<trkpt lat="34.696996" lon="127.257731">
			<ele>0.00</ele>
			<time>2020-01-20T00:51:18.04Z</time>
		</trkpt>
		<trkpt lat="34.697086" lon="127.257833">
			<ele>0.00</ele>
			<time>2020-01-20T00:51:18.87Z</time>
		</trkpt>
		<trkpt lat="34.697179" lon="127.257895">
			<ele>0.00</ele>
			<time>2020-01-20T00:51:19.57Z</time>
		</trkpt>
		<trkpt lat="34.697280" lon="127.257962">
			<ele>0.00</ele>
			<time>2020-01-20T00:51:20.34Z</time>
		</trkpt>
		<trkpt lat="34.697376" lon="127.258038">
			<ele>0.00</ele>
			<time>2020-01-20T00:51:21.10Z</time>
		</trkpt>
		<trkpt lat="34.697443" lon="127.258123">
			<ele>0.00</ele>
			<time>2020-01-20T00:51:21.75Z</time>
		</trkpt>
		<trkpt lat="34.697506" lon="127.258242">
			<ele>0.00</ele>
			<time>2020-01-20T00:51:22.52Z</time>
		</trkpt>
		<trkpt lat="34.697590" lon="127.258329">
			<ele>0.00</ele>
			<time>2020-01-20T00:51:23.26Z</time>
		</trkpt>
		<trkpt lat="34.697694" lon="127.258413">
			<ele>0.00</ele>
			<time>2020-01-20T00:51:24.09Z</time>
		</trkpt>
		<trkpt lat="34.697804" lon="127.258487">
			<ele>0.00</ele>
			<time>2020-01-20T00:51:24.93Z</time>
		</trkpt>
		<trkpt lat="34.697885" lon="127.258554">
			<ele>0.00</ele>
			<time>2020-01-20T00:51:25.59Z</time>
		</trkpt>
		<trkpt lat="34.697979" lon="127.258614">
			<ele>0.00</ele>
			<time>2020-01-20T00:51:26.29Z</time>
		</trkpt>
		<trkpt lat="34.698079" lon="127.258661">
			<ele>0.00</ele>
			<time>2020-01-20T00:51:27Z</time>
		</trkpt>
		<trkpt lat="34.698158" lon="127.258653">
			<ele>0.00</ele>
			<time>2020-01-20T00:51:27.53Z</time>
		</trkpt>
		<trkpt lat="34.698196" lon="127.258587">
			<ele>0.00</ele>
			<time>2020-01-20T00:51:27.97Z</time>
		</trkpt>
		<trkpt lat="34.698297" lon="127.258596">
			<ele>0.00</ele>
			<time>2020-01-20T00:51:28.65Z</time>
		</trkpt>
		<trkpt lat="34.698387" lon="127.258593">
			<ele>0.00</ele>
			<time>2020-01-20T00:51:29.25Z</time>
		</trkpt>
		<trkpt lat="34.698504" lon="127.258569">
			<ele>0.00</ele>
			<time>2020-01-20T00:51:30.04Z</time>
		</trkpt>
		<trkpt lat="34.698601" lon="127.258551">
			<ele>0.00</ele>
			<time>2020-01-20T00:51:30.69Z</time>
		</trkpt>
		<trkpt lat="34.698707" lon="127.258538">
			<ele>0.00</ele>
			<time>2020-01-20T00:51:31.40Z</time>
		</trkpt>
		<trkpt lat="34.698816" lon="127.258537">
			<ele>0.00</ele>
			<time>2020-01-20T00:51:32.13Z</time>
		</trkpt>
		<trkpt lat="34.698935" lon="127.258535">
			<ele>0.00</ele>
			<time>2020-01-20T00:51:32.92Z</time>
		</trkpt>
		<trkpt lat="34.699042" lon="127.258522">
			<ele>0.00</ele>
			<time>2020-01-20T00:51:33.64Z</time>
		</trkpt>
		<trkpt lat="34.699100" lon="127.258525">
			<ele>0.00</ele>
			<time>2020-01-20T00:51:34.03Z</time>
		</trkpt>
		<trkpt lat="34.699110" lon="127.258472">
			<ele>0.00</ele>
			<time>2020-01-20T00:51:34.32Z</time>
		</trkpt>
		<trkpt lat="34.699204" lon="127.258472">
			<ele>0.00</ele>
			<time>2020-01-20T00:51:34.95Z</time>
		</trkpt>
		<trkpt lat="34.699308" lon="127.258462">
			<ele>0.00</ele>
			<time>2020-01-20T00:51:35.65Z</time>
		</trkpt>
		<trkpt lat="34.699436" lon="127.258441">
			<ele>0.00</ele>
			<time>2020-01-20T00:51:36.51Z</time>
		</trkpt>
		<trkpt lat="34.699543" lon="127.258411">
			<ele>0.00</ele>
			<time>2020-01-20T00:51:37.24Z</time>
		</trkpt>
		<trkpt lat="34.699642" lon="127.258400">
			<ele>0.00</ele>
			<time>2020-01-20T00:51:37.90Z</time>
		</trkpt>
		<trkpt lat="34.699755" lon="127.258390">
			<ele>0.00</ele>
			<time>2020-01-20T00:51:38.66Z</time>
		</trkpt>
		<trkpt lat="34.699825" lon="127.258367">
			<ele>0.00</ele>
			<time>2020-01-20T00:51:39.14Z</time>
		</trkpt>
		<trkpt lat="34.699896" lon="127.258279">
			<ele>0.00</ele>
			<time>2020-01-20T00:51:39.82Z</time>
		</trkpt>
		<trkpt lat="34.699984" lon="127.258205">
			<ele>0.00</ele>
			<time>2020-01-20T00:51:40.53Z</time>
		</trkpt>
		<trkpt lat="34.700088" lon="127.258171">
			<ele>0.00</ele>
			<time>2020-01-20T00:51:41.24Z</time>
		</trkpt>
		<trkpt lat="34.700193" lon="127.258147">
			<ele>0.00</ele>
			<time>2020-01-20T00:51:41.96Z</time>
		</trkpt>
		<trkpt lat="34.700276" lon="127.258123">
			<ele>0.00</ele>
			<time>2020-01-20T00:51:42.53Z</time>
		</trkpt>
		<trkpt lat="34.700351" lon="127.258108">
			<ele>0.00</ele>
			<time>2020-01-20T00:51:43.04Z</time>
		</trkpt>
		<trkpt lat="34.700442" lon="127.258122">
			<ele>0.00</ele>
			<time>2020-01-20T00:51:43.65Z</time>
		</trkpt>
		<trkpt lat="34.700518" lon="127.258168">
			<ele>0.00</ele>
			<time>2020-01-20T00:51:44.21Z</time>
		</trkpt>
		<trkpt lat="34.700565" lon="127.258223">
			<ele>0.00</ele>
			<time>2020-01-20T00:51:44.65Z</time>
		</trkpt>
		<trkpt lat="34.700615" lon="127.258337">
			<ele>0.00</ele>
			<time>2020-01-20T00:51:45.35Z</time>
		</trkpt>
		<trkpt lat="34.700561" lon="127.258422">
			<ele>0.00</ele>
			<time>2020-01-20T00:51:45.94Z</time>
		</trkpt>
		<trkpt lat="34.700512" lon="127.258501">
			<ele>0.00</ele>
			<time>2020-01-20T00:51:46.48Z</time>
		</trkpt>
		<trkpt lat="34.700480" lon="127.258563">
			<ele>0.00</ele>
			<time>2020-01-20T00:51:46.88Z</time>
		</trkpt>
		<trkpt lat="34.700546" lon="127.258616">
			<ele>0.00</ele>
			<time>2020-01-20T00:51:47.41Z</time>
		</trkpt>
		<trkpt lat="34.700590" lon="127.258647">
			<ele>0.00</ele>
			<time>2020-01-20T00:51:47.74Z</time>
		</trkpt>
		<trkpt lat="34.700651" lon="127.258644">
			<ele>0.00</ele>
			<time>2020-01-20T00:51:48.15Z</time>
		</trkpt>
		<trkpt lat="34.700735" lon="127.258731">
			<ele>0.00</ele>
			<time>2020-01-20T00:51:48.89Z</time>
		</trkpt>
		<trkpt lat="34.700784" lon="127.258818">
			<ele>0.00</ele>
			<time>2020-01-20T00:51:49.47Z</time>
		</trkpt>
		<trkpt lat="34.700824" lon="127.258906">
			<ele>0.00</ele>
			<time>2020-01-20T00:51:50.02Z</time>
		</trkpt>
		<trkpt lat="34.700822" lon="127.258974">
			<ele>0.00</ele>
			<time>2020-01-20T00:51:50.39Z</time>
		</trkpt>
		<trkpt lat="34.700788" lon="127.259064">
			<ele>0.00</ele>
			<time>2020-01-20T00:51:50.93Z</time>
		</trkpt>
		<trkpt lat="34.700735" lon="127.259155">
			<ele>0.00</ele>
			<time>2020-01-20T00:51:51.54Z</time>
		</trkpt>
		<trkpt lat="34.700670" lon="127.259210">
			<ele>0.00</ele>
			<time>2020-01-20T00:51:52.07Z</time>
		</trkpt>
		<trkpt lat="34.700604" lon="127.259238">
			<ele>0.00</ele>
			<time>2020-01-20T00:51:52.54Z</time>
		</trkpt>
		<trkpt lat="34.700521" lon="127.259250">
			<ele>0.00</ele>
			<time>2020-01-20T00:51:53.10Z</time>
		</trkpt>
		<trkpt lat="34.700435" lon="127.259299">
			<ele>0.00</ele>
			<time>2020-01-20T00:51:53.73Z</time>
		</trkpt>
		<trkpt lat="34.700345" lon="127.259406">
			<ele>0.00</ele>
			<time>2020-01-20T00:51:54.57Z</time>
		</trkpt>
		<trkpt lat="34.700431" lon="127.259486">
			<ele>0.00</ele>
			<time>2020-01-20T00:51:55.29Z</time>
		</trkpt>
		<trkpt lat="34.700502" lon="127.259561">
			<ele>0.00</ele>
			<time>2020-01-20T00:51:55.92Z</time>
		</trkpt>
		<trkpt lat="34.700596" lon="127.259599">
			<ele>0.00</ele>
			<time>2020-01-20T00:51:56.58Z</time>
		</trkpt>
		<trkpt lat="34.700691" lon="127.259617">
			<ele>0.00</ele>
			<time>2020-01-20T00:51:57.22Z</time>
		</trkpt>
		<trkpt lat="34.700783" lon="127.259646">
			<ele>0.00</ele>
			<time>2020-01-20T00:51:57.85Z</time>
		</trkpt>
		<trkpt lat="34.700869" lon="127.259671">
			<ele>0.00</ele>
			<time>2020-01-20T00:51:58.44Z</time>
		</trkpt>
		<trkpt lat="34.700960" lon="127.259691">
			<ele>0.00</ele>
			<time>2020-01-20T00:51:59.06Z</time>
		</trkpt>
		<trkpt lat="34.701053" lon="127.259727">
			<ele>0.00</ele>
			<time>2020-01-20T00:51:59.71Z</time>
		</trkpt>
		<trkpt lat="34.701126" lon="127.259795">
			<ele>0.00</ele>
			<time>2020-01-20T00:52:00.32Z</time>
		</trkpt>
		<trkpt lat="34.701191" lon="127.259850">
			<ele>0.00</ele>
			<time>2020-01-20T00:52:00.85Z</time>
		</trkpt>
		<trkpt lat="34.701285" lon="127.259876">
			<ele>0.00</ele>
			<time>2020-01-20T00:52:01.49Z</time>
		</trkpt>
		<trkpt lat="34.701377" lon="127.259939">
			<ele>0.00</ele>
			<time>2020-01-20T00:52:02.19Z</time>
		</trkpt>
		<trkpt lat="34.701460" lon="127.260015">
			<ele>0.00</ele>
			<time>2020-01-20T00:52:02.89Z</time>
		</trkpt>
		<trkpt lat="34.701536" lon="127.260098">
			<ele>0.00</ele>
			<time>2020-01-20T00:52:03.57Z</time>
		</trkpt>
		<trkpt lat="34.701625" lon="127.260156">
			<ele>0.00</ele>
			<time>2020-01-20T00:52:04.24Z</time>
		</trkpt>
		<trkpt lat="34.701701" lon="127.260220">
			<ele>0.00</ele>
			<time>2020-01-20T00:52:04.86Z</time>
		</trkpt>
		<trkpt lat="34.701747" lon="127.260267">
			<ele>0.00</ele>
			<time>2020-01-20T00:52:05.26Z</time>
		</trkpt>
		<trkpt lat="34.701762" lon="127.260368">
			<ele>0.00</ele>
			<time>2020-01-20T00:52:05.82Z</time>
		</trkpt>
		<trkpt lat="34.701718" lon="127.260518">
			<ele>0.00</ele>
			<time>2020-01-20T00:52:06.69Z</time>
		</trkpt>
		<trkpt lat="34.701760" lon="127.260632">
			<ele>0.00</ele>
			<time>2020-01-20T00:52:07.38Z</time>
		</trkpt>
		<trkpt lat="34.701821" lon="127.260727">
			<ele>0.00</ele>
			<time>2020-01-20T00:52:08.04Z</time>
		</trkpt>
		<trkpt lat="34.701893" lon="127.260818">
			<ele>0.00</ele>
			<time>2020-01-20T00:52:08.73Z</time>
		</trkpt>
		<trkpt lat="34.701975" lon="127.260928">
			<ele>0.00</ele>
			<time>2020-01-20T00:52:09.55Z</time>
		</trkpt>
		<trkpt lat="34.701995" lon="127.261069">
			<ele>0.00</ele>
			<time>2020-01-20T00:52:10.33Z</time>
		</trkpt>
		<trkpt lat="34.702028" lon="127.261220">
			<ele>0.00</ele>
			<time>2020-01-20T00:52:11.18Z</time>
		</trkpt>
		<trkpt lat="34.702030" lon="127.261368">
			<ele>0.00</ele>
			<time>2020-01-20T00:52:12Z</time>
		</trkpt>
		<trkpt lat="34.702042" lon="127.261510">
			<ele>0.00</ele>
			<time>2020-01-20T00:52:12.78Z</time>
		</trkpt>
		<trkpt lat="34.702063" lon="127.261625">
			<ele>0.00</ele>
			<time>2020-01-20T00:52:13.43Z</time>
		</trkpt>
		<trkpt lat="34.702078" lon="127.261754">
			<ele>0.00</ele>
			<time>2020-01-20T00:52:14.14Z</time>
		</trkpt>
		<trkpt lat="34.702093" lon="127.261874">
			<ele>0.00</ele>
			<time>2020-01-20T00:52:14.80Z</time>
		</trkpt>
		<trkpt lat="34.702093" lon="127.262021">
			<ele>0.00</ele>
			<time>2020-01-20T00:52:15.61Z</time>
		</trkpt>
		<trkpt lat="34.702086" lon="127.262165">
			<ele>0.00</ele>
			<time>2020-01-20T00:52:16.40Z</time>
		</trkpt>
		<trkpt lat="34.702069" lon="127.262307">
			<ele>0.00</ele>
			<time>2020-01-20T00:52:17.19Z</time>
		</trkpt>
		<trkpt lat="34.702030" lon="127.262435">
			<ele>0.00</ele>
			<time>2020-01-20T00:52:17.93Z</time>
		</trkpt>
		<trkpt lat="34.701964" lon="127.262533">
			<ele>0.00</ele>
			<time>2020-01-20T00:52:18.63Z</time>
		</trkpt>
		<trkpt lat="34.701895" lon="127.262658">
			<ele>0.00</ele>
			<time>2020-01-20T00:52:19.46Z</time>
		</trkpt>
		<trkpt lat="34.701833" lon="127.262740">
			<ele>0.00</ele>
			<time>2020-01-20T00:52:20.07Z</time>
		</trkpt>
		<trkpt lat="34.701760" lon="127.262841">
			<ele>0.00</ele>
			<time>2020-01-20T00:52:20.81Z</time>
		</trkpt>
		<trkpt lat="34.701723" lon="127.262980">
			<ele>0.00</ele>
			<time>2020-01-20T00:52:21.60Z</time>
		</trkpt>
		<trkpt lat="34.701700" lon="127.263123">
			<ele>0.00</ele>
			<time>2020-01-20T00:52:22.40Z</time>
		</trkpt>
		<trkpt lat="34.701679" lon="127.263281">
			<ele>0.00</ele>
			<time>2020-01-20T00:52:23.28Z</time>
		</trkpt>
		<trkpt lat="34.701664" lon="127.263417">
			<ele>0.00</ele>
			<time>2020-01-20T00:52:24.03Z</time>
		</trkpt>
		<trkpt lat="34.701620" lon="127.263548">
			<ele>0.00</ele>
			<time>2020-01-20T00:52:24.81Z</time>
		</trkpt>
		<trkpt lat="34.701575" lon="127.263686">
			<ele>0.00</ele>
			<time>2020-01-20T00:52:25.62Z</time>
		</trkpt>
		<trkpt lat="34.701527" lon="127.263822">
			<ele>0.00</ele>
			<time>2020-01-20T00:52:26.43Z</time>
		</trkpt>
		<trkpt lat="34.701485" lon="127.263962">
			<ele>0.00</ele>
			<time>2020-01-20T00:52:27.25Z</time>
		</trkpt>
		<trkpt lat="34.701426" lon="127.264104">
			<ele>0.00</ele>
			<time>2020-01-20T00:52:28.12Z</time>
		</trkpt>
		<trkpt lat="34.701368" lon="127.264207">
			<ele>0.00</ele>
			<time>2020-01-20T00:52:28.81Z</time>
		</trkpt>
		<trkpt lat="34.701360" lon="127.264340">
			<ele>0.00</ele>
			<time>2020-01-20T00:52:29.54Z</time>
		</trkpt>
		<trkpt lat="34.701348" lon="127.264506">
			<ele>0.00</ele>
			<time>2020-01-20T00:52:30.45Z</time>
		</trkpt>
		<trkpt lat="34.701330" lon="127.264664">
			<ele>0.00</ele>
			<time>2020-01-20T00:52:31.32Z</time>
		</trkpt>
		<trkpt lat="34.701315" lon="127.264820">
			<ele>0.00</ele>
			<time>2020-01-20T00:52:32.19Z</time>
		</trkpt>
		<trkpt lat="34.701304" lon="127.264953">
			<ele>0.00</ele>
			<time>2020-01-20T00:52:32.92Z</time>
		</trkpt>
		<trkpt lat="34.701303" lon="127.265087">
			<ele>0.00</ele>
			<time>2020-01-20T00:52:33.65Z</time>
		</trkpt>
		<trkpt lat="34.701310" lon="127.265236">
			<ele>0.00</ele>
			<time>2020-01-20T00:52:34.47Z</time>
		</trkpt>
		<trkpt lat="34.701302" lon="127.265358">
			<ele>0.00</ele>
			<time>2020-01-20T00:52:35.14Z</time>
		</trkpt>
		<trkpt lat="34.701299" lon="127.265496">
			<ele>0.00</ele>
			<time>2020-01-20T00:52:35.90Z</time>
		</trkpt>
		<trkpt lat="34.701281" lon="127.265557">
			<ele>0.00</ele>
			<time>2020-01-20T00:52:36.25Z</time>
		</trkpt>
		<trkpt lat="34.701206" lon="127.265613">
			<ele>0.00</ele>
			<time>2020-01-20T00:52:36.84Z</time>
		</trkpt>
		<trkpt lat="34.701136" lon="127.265661">
			<ele>0.00</ele>
			<time>2020-01-20T00:52:37.37Z</time>
		</trkpt>
		<trkpt lat="34.701060" lon="127.265728">
			<ele>0.00</ele>
			<time>2020-01-20T00:52:38Z</time>
		</trkpt>
		<trkpt lat="34.700997" lon="127.265821">
			<ele>0.00</ele>
			<time>2020-01-20T00:52:38.67Z</time>
		</trkpt>
		<trkpt lat="34.700935" lon="127.265913">
			<ele>0.00</ele>
			<time>2020-01-20T00:52:39.32Z</time>
		</trkpt>
		<trkpt lat="34.700902" lon="127.266007">
			<ele>0.00</ele>
			<time>2020-01-20T00:52:39.87Z</time>
		</trkpt>
		<trkpt lat="34.700827" lon="127.266096">
			<ele>0.00</ele>
			<time>2020-01-20T00:52:40.57Z</time>
		</trkpt>
		<trkpt lat="34.700777" lon="127.266184">
			<ele>0.00</ele>
			<time>2020-01-20T00:52:41.16Z</time>
		</trkpt>
		<trkpt lat="34.700761" lon="127.266297">
			<ele>0.00</ele>
			<time>2020-01-20T00:52:41.79Z</time>
		</trkpt>
		<trkpt lat="34.700782" lon="127.266416">
			<ele>0.00</ele>
			<time>2020-01-20T00:52:42.45Z</time>
		</trkpt>
		<trkpt lat="34.700843" lon="127.266510">
			<ele>0.00</ele>
			<time>2020-01-20T00:52:43.11Z</time>
		</trkpt>
		<trkpt lat="34.700921" lon="127.266587">
			<ele>0.00</ele>
			<time>2020-01-20T00:52:43.78Z</time>
		</trkpt>
		<trkpt lat="34.701006" lon="127.266637">
			<ele>0.00</ele>
			<time>2020-01-20T00:52:44.41Z</time>
		</trkpt>
		<trkpt lat="34.701087" lon="127.266696">
			<ele>0.00</ele>
			<time>2020-01-20T00:52:45.04Z</time>
		</trkpt>
		<trkpt lat="34.701144" lon="127.266761">
			<ele>0.00</ele>
			<time>2020-01-20T00:52:45.56Z</time>
		</trkpt>
		<trkpt lat="34.701199" lon="127.266881">
			<ele>0.00</ele>
			<time>2020-01-20T00:52:46.32Z</time>
		</trkpt>
		<trkpt lat="34.701226" lon="127.266996">
			<ele>0.00</ele>
			<time>2020-01-20T00:52:46.97Z</time>
		</trkpt>
		<trkpt lat="34.701247" lon="127.267114">
			<ele>0.00</ele>
			<time>2020-01-20T00:52:47.63Z</time>
		</trkpt>
		<trkpt lat="34.701247" lon="127.267262">
			<ele>0.00</ele>
			<time>2020-01-20T00:52:48.44Z</time>
		</trkpt>
		<trkpt lat="34.701220" lon="127.267374">
			<ele>0.00</ele>
			<time>2020-01-20T00:52:49.08Z</time>
		</trkpt>
		<trkpt lat="34.701184" lon="127.267489">
			<ele>0.00</ele>
			<time>2020-01-20T00:52:49.75Z</time>
		</trkpt>
		<trkpt lat="34.701126" lon="127.267599">
			<ele>0.00</ele>
			<time>2020-01-20T00:52:50.47Z</time>
		</trkpt>
		<trkpt lat="34.701061" lon="127.267723">
			<ele>0.00</ele>
			<time>2020-01-20T00:52:51.28Z</time>
		</trkpt>
		<trkpt lat="34.701003" lon="127.267851">
			<ele>0.00</ele>
			<time>2020-01-20T00:52:52.08Z</time>
		</trkpt>
		<trkpt lat="34.700973" lon="127.267959">
			<ele>0.00</ele>
			<time>2020-01-20T00:52:52.71Z</time>
		</trkpt>
		<trkpt lat="34.700941" lon="127.268099">
			<ele>0.00</ele>
			<time>2020-01-20T00:52:53.50Z</time>
		</trkpt>
		<trkpt lat="34.700929" lon="127.268245">
			<ele>0.00</ele>
			<time>2020-01-20T00:52:54.30Z</time>
		</trkpt>
		<trkpt lat="34.700920" lon="127.268388">
			<ele>0.00</ele>
			<time>2020-01-20T00:52:55.09Z</time>
		</trkpt>
		<trkpt lat="34.700910" lon="127.268507">
			<ele>0.00</ele>
			<time>2020-01-20T00:52:55.74Z</time>
		</trkpt>
		<trkpt lat="34.700877" lon="127.268558">
			<ele>0.00</ele>
			<time>2020-01-20T00:52:56.10Z</time>
		</trkpt>
		<trkpt lat="34.700826" lon="127.268589">
			<ele>0.00</ele>
			<time>2020-01-20T00:52:56.49Z</time>
		</trkpt>
		<trkpt lat="34.700823" lon="127.268653">
			<ele>0.00</ele>
			<time>2020-01-20T00:52:56.83Z</time>
		</trkpt>
		<trkpt lat="34.700886" lon="127.268646">
			<ele>0.00</ele>
			<time>2020-01-20T00:52:57.25Z</time>
		</trkpt>
		<trkpt lat="34.700943" lon="127.268643">
			<ele>0.00</ele>
			<time>2020-01-20T00:52:57.63Z</time>
		</trkpt>
		<trkpt lat="34.700992" lon="127.268684">
			<ele>0.00</ele>
			<time>2020-01-20T00:52:58.03Z</time>
		</trkpt>
		<trkpt lat="34.701025" lon="127.268793">
			<ele>0.00</ele>
			<time>2020-01-20T00:52:58.67Z</time>
		</trkpt>
		<trkpt lat="34.701052" lon="127.268885">
			<ele>0.00</ele>
			<time>2020-01-20T00:52:59.20Z</time>
		</trkpt>
		<trkpt lat="34.701102" lon="127.268986">
			<ele>0.00</ele>
			<time>2020-01-20T00:52:59.85Z</time>
		</trkpt>
		<trkpt lat="34.701185" lon="127.269070">
			<ele>0.00</ele>
			<time>2020-01-20T00:53:00.57Z</time>
		</trkpt>
		<trkpt lat="34.701251" lon="127.269154">
			<ele>0.00</ele>
			<time>2020-01-20T00:53:01.20Z</time>
		</trkpt>
		<trkpt lat="34.701299" lon="127.269228">
			<ele>0.00</ele>
			<time>2020-01-20T00:53:01.72Z</time>
		</trkpt>
		<trkpt lat="34.701369" lon="127.269320">
			<ele>0.00</ele>
			<time>2020-01-20T00:53:02.41Z</time>
		</trkpt>
		<trkpt lat="34.701440" lon="127.269416">
			<ele>0.00</ele>
			<time>2020-01-20T00:53:03.12Z</time>
		</trkpt>
		<trkpt lat="34.701525" lon="127.269513">
			<ele>0.00</ele>
			<time>2020-01-20T00:53:03.89Z</time>
		</trkpt>
		<trkpt lat="34.701601" lon="127.269601">
			<ele>0.00</ele>
			<time>2020-01-20T00:53:04.59Z</time>
		</trkpt>
		<trkpt lat="34.701689" lon="127.269689">
			<ele>0.00</ele>
			<time>2020-01-20T00:53:05.35Z</time>
		</trkpt>
		<trkpt lat="34.701764" lon="127.269784">
			<ele>0.00</ele>
			<time>2020-01-20T00:53:06.07Z</time>
		</trkpt>
		<trkpt lat="34.701835" lon="127.269873">
			<ele>0.00</ele>
			<time>2020-01-20T00:53:06.75Z</time>
		</trkpt>
		<trkpt lat="34.701885" lon="127.269956">
			<ele>0.00</ele>
			<time>2020-01-20T00:53:07.31Z</time>
		</trkpt>
		<trkpt lat="34.701927" lon="127.270045">
			<ele>0.00</ele>
			<time>2020-01-20T00:53:07.88Z</time>
		</trkpt>
		<trkpt lat="34.701997" lon="127.270067">
			<ele>0.00</ele>
			<time>2020-01-20T00:53:08.36Z</time>
		</trkpt>
		<trkpt lat="34.702076" lon="127.270090">
			<ele>0.00</ele>
			<time>2020-01-20T00:53:08.90Z</time>
		</trkpt>
		<trkpt lat="34.702100" lon="127.269976">
			<ele>0.00</ele>
			<time>2020-01-20T00:53:09.54Z</time>
		</trkpt>
		<trkpt lat="34.702126" lon="127.269857">
			<ele>0.00</ele>
			<time>2020-01-20T00:53:10.22Z</time>
		</trkpt>
		<trkpt lat="34.702156" lon="127.269773">
			<ele>0.00</ele>
			<time>2020-01-20T00:53:10.72Z</time>
		</trkpt>
		<trkpt lat="34.702203" lon="127.269715">
			<ele>0.00</ele>
			<time>2020-01-20T00:53:11.17Z</time>
		</trkpt>
		<trkpt lat="34.702263" lon="127.269686">
			<ele>0.00</ele>
			<time>2020-01-20T00:53:11.60Z</time>
		</trkpt>
		<trkpt lat="34.702310" lon="127.269613">
			<ele>0.00</ele>
			<time>2020-01-20T00:53:12.11Z</time>
		</trkpt>
		<trkpt lat="34.702357" lon="127.269519">
			<ele>0.00</ele>
			<time>2020-01-20T00:53:12.71Z</time>
		</trkpt>
		<trkpt lat="34.702396" lon="127.269435">
			<ele>0.00</ele>
			<time>2020-01-20T00:53:13.24Z</time>
		</trkpt>
		<trkpt lat="34.702439" lon="127.269398">
			<ele>0.00</ele>
			<time>2020-01-20T00:53:13.59Z</time>
		</trkpt>
		<trkpt lat="34.702533" lon="127.269383">
			<ele>0.00</ele>
			<time>2020-01-20T00:53:14.22Z</time>
		</trkpt>
		<trkpt lat="34.702628" lon="127.269373">
			<ele>0.00</ele>
			<time>2020-01-20T00:53:14.86Z</time>
		</trkpt>
		<trkpt lat="34.702722" lon="127.269359">
			<ele>0.00</ele>
			<time>2020-01-20T00:53:15.48Z</time>
		</trkpt>
		<trkpt lat="34.702829" lon="127.269354">
			<ele>0.00</ele>
			<time>2020-01-20T00:53:16.20Z</time>
		</trkpt>
		<trkpt lat="34.702868" lon="127.269254">
			<ele>0.00</ele>
			<time>2020-01-20T00:53:16.80Z</time>
		</trkpt>
		<trkpt lat="34.702966" lon="127.269160">
			<ele>0.00</ele>
			<time>2020-01-20T00:53:17.64Z</time>
		</trkpt>
		<trkpt lat="34.703027" lon="127.269094">
			<ele>0.00</ele>
			<time>2020-01-20T00:53:18.18Z</time>
		</trkpt>
		<trkpt lat="34.703099" lon="127.268982">
			<ele>0.00</ele>
			<time>2020-01-20T00:53:18.96Z</time>
		</trkpt>
		<trkpt lat="34.703147" lon="127.268864">
			<ele>0.00</ele>
			<time>2020-01-20T00:53:19.69Z</time>
		</trkpt>
		<trkpt lat="34.703196" lon="127.268753">
			<ele>0.00</ele>
			<time>2020-01-20T00:53:20.37Z</time>
		</trkpt>
		<trkpt lat="34.703231" lon="127.268649">
			<ele>0.00</ele>
			<time>2020-01-20T00:53:20.99Z</time>
		</trkpt>
		<trkpt lat="34.703263" lon="127.268591">
			<ele>0.00</ele>
			<time>2020-01-20T00:53:21.37Z</time>
		</trkpt>
		<trkpt lat="34.703359" lon="127.268521">
			<ele>0.00</ele>
			<time>2020-01-20T00:53:22.12Z</time>
		</trkpt>
		<trkpt lat="34.703439" lon="127.268449">
			<ele>0.00</ele>
			<time>2020-01-20T00:53:22.78Z</time>
		</trkpt>
		<trkpt lat="34.703511" lon="127.268383">
			<ele>0.00</ele>
			<time>2020-01-20T00:53:23.38Z</time>
		</trkpt>
		<trkpt lat="34.703564" lon="127.268323">
			<ele>0.00</ele>
			<time>2020-01-20T00:53:23.87Z</time>
		</trkpt>
		<trkpt lat="34.703597" lon="127.268278">
			<ele>0.00</ele>
			<time>2020-01-20T00:53:24.20Z</time>
		</trkpt>
		<trkpt lat="34.703651" lon="127.268264">
			<ele>0.00</ele>
			<time>2020-01-20T00:53:24.56Z</time>
		</trkpt>
		<trkpt lat="34.703710" lon="127.268199">
			<ele>0.00</ele>
			<time>2020-01-20T00:53:25.09Z</time>
		</trkpt>
		<trkpt lat="34.703781" lon="127.268130">
			<ele>0.00</ele>
			<time>2020-01-20T00:53:25.70Z</time>
		</trkpt>
		<trkpt lat="34.703859" lon="127.268120">
			<ele>0.00</ele>
			<time>2020-01-20T00:53:26.22Z</time>
		</trkpt>
		<trkpt lat="34.703957" lon="127.268098">
			<ele>0.00</ele>
			<time>2020-01-20T00:53:26.89Z</time>
		</trkpt>
		<trkpt lat="34.704046" lon="127.268065">
			<ele>0.00</ele>
			<time>2020-01-20T00:53:27.50Z</time>
		</trkpt>
		<trkpt lat="34.704134" lon="127.268037">
			<ele>0.00</ele>
			<time>2020-01-20T00:53:28.12Z</time>
		</trkpt>
		<trkpt lat="34.704228" lon="127.268022">
			<ele>0.00</ele>
			<time>2020-01-20T00:53:28.75Z</time>
		</trkpt>
		<trkpt lat="34.704333" lon="127.268017">
			<ele>0.00</ele>
			<time>2020-01-20T00:53:29.45Z</time>
		</trkpt>
		<trkpt lat="34.704430" lon="127.268048">
			<ele>0.00</ele>
			<time>2020-01-20T00:53:30.11Z</time>
		</trkpt>
		<trkpt lat="34.704539" lon="127.268107">
			<ele>0.00</ele>
			<time>2020-01-20T00:53:30.91Z</time>
		</trkpt>
		<trkpt lat="34.704637" lon="127.268134">
			<ele>0.00</ele>
			<time>2020-01-20T00:53:31.58Z</time>
		</trkpt>
		<trkpt lat="34.704734" lon="127.268122">
			<ele>0.00</ele>
			<time>2020-01-20T00:53:32.23Z</time>
		</trkpt>
		<trkpt lat="34.704825" lon="127.268103">
			<ele>0.00</ele>
			<time>2020-01-20T00:53:32.85Z</time>
		</trkpt>
		<trkpt lat="34.704891" lon="127.268100">
			<ele>0.00</ele>
			<time>2020-01-20T00:53:33.29Z</time>
		</trkpt>
		<trkpt lat="34.704966" lon="127.268024">
			<ele>0.00</ele>
			<time>2020-01-20T00:53:33.94Z</time>
		</trkpt>
		<trkpt lat="34.705036" lon="127.267971">
			<ele>0.00</ele>
			<time>2020-01-20T00:53:34.49Z</time>
		</trkpt>
		<trkpt lat="34.705105" lon="127.267960">
			<ele>0.00</ele>
			<time>2020-01-20T00:53:34.95Z</time>
		</trkpt>
		<trkpt lat="34.705194" lon="127.267988">
			<ele>0.00</ele>
			<time>2020-01-20T00:53:35.57Z</time>
		</trkpt>
		<trkpt lat="34.705268" lon="127.268046">
			<ele>0.00</ele>
			<time>2020-01-20T00:53:36.15Z</time>
		</trkpt>
		<trkpt lat="34.705314" lon="127.268145">
			<ele>0.00</ele>
			<time>2020-01-20T00:53:36.78Z</time>
		</trkpt>
		<trkpt lat="34.705345" lon="127.268250">
			<ele>0.00</ele>
			<time>2020-01-20T00:53:37.39Z</time>
		</trkpt>
		<trkpt lat="34.705378" lon="127.268332">
			<ele>0.00</ele>
			<time>2020-01-20T00:53:37.89Z</time>
		</trkpt>
		<trkpt lat="34.705445" lon="127.268426">
			<ele>0.00</ele>
			<time>2020-01-20T00:53:38.57Z</time>
		</trkpt>
		<trkpt lat="34.705519" lon="127.268500">
			<ele>0.00</ele>
			<time>2020-01-20T00:53:39.21Z</time>
		</trkpt>
		<trkpt lat="34.705621" lon="127.268545">
			<ele>0.00</ele>
			<time>2020-01-20T00:53:39.94Z</time>
		</trkpt>
		<trkpt lat="34.705729" lon="127.268579">
			<ele>0.00</ele>
			<time>2020-01-20T00:53:40.68Z</time>
		</trkpt>
		<trkpt lat="34.705843" lon="127.268624">
			<ele>0.00</ele>
			<time>2020-01-20T00:53:41.47Z</time>
		</trkpt>
		<trkpt lat="34.705956" lon="127.268650">
			<ele>0.00</ele>
			<time>2020-01-20T00:53:42.24Z</time>
		</trkpt>
		<trkpt lat="34.706063" lon="127.268657">
			<ele>0.00</ele>
			<time>2020-01-20T00:53:42.95Z</time>
		</trkpt>
		<trkpt lat="34.706146" lon="127.268695">
			<ele>0.00</ele>
			<time>2020-01-20T00:53:43.55Z</time>
		</trkpt>
		<trkpt lat="34.706188" lon="127.268743">
			<ele>0.00</ele>
			<time>2020-01-20T00:53:43.93Z</time>
		</trkpt>
		<trkpt lat="34.706200" lon="127.268845">
			<ele>0.00</ele>
			<time>2020-01-20T00:53:44.49Z</time>
		</trkpt>
		<trkpt lat="34.706209" lon="127.268966">
			<ele>0.00</ele>
			<time>2020-01-20T00:53:45.16Z</time>
		</trkpt>
		<trkpt lat="34.706213" lon="127.269088">
			<ele>0.00</ele>
			<time>2020-01-20T00:53:45.83Z</time>
		</trkpt>
		<trkpt lat="34.706143" lon="127.269149">
			<ele>0.00</ele>
			<time>2020-01-20T00:53:46.40Z</time>
		</trkpt>
		<trkpt lat="34.706101" lon="127.269206">
			<ele>0.00</ele>
			<time>2020-01-20T00:53:46.82Z</time>
		</trkpt>
		<trkpt lat="34.706196" lon="127.269321">
			<ele>0.00</ele>
			<time>2020-01-20T00:53:47.71Z</time>
		</trkpt>
		<trkpt lat="34.706286" lon="127.269414">
			<ele>0.00</ele>
			<time>2020-01-20T00:53:48.51Z</time>
		</trkpt>
		<trkpt lat="34.706371" lon="127.269502">
			<ele>0.00</ele>
			<time>2020-01-20T00:53:49.25Z</time>
		</trkpt>
		<trkpt lat="34.706453" lon="127.269597">
			<ele>0.00</ele>
			<time>2020-01-20T00:53:50Z</time>
		</trkpt>
		<trkpt lat="34.706548" lon="127.269688">
			<ele>0.00</ele>
			<time>2020-01-20T00:53:50.81Z</time>
		</trkpt>
		<trkpt lat="34.706623" lon="127.269786">
			<ele>0.00</ele>
			<time>2020-01-20T00:53:51.54Z</time>
		</trkpt>
		<trkpt lat="34.706723" lon="127.269894">
			<ele>0.00</ele>
			<time>2020-01-20T00:53:52.44Z</time>
		</trkpt>
		<trkpt lat="34.706822" lon="127.269960">
			<ele>0.00</ele>
			<time>2020-01-20T00:53:53.19Z</time>
		</trkpt>
		<trkpt lat="34.706924" lon="127.270038">
			<ele>0.00</ele>
			<time>2020-01-20T00:53:53.99Z</time>
		</trkpt>
		<trkpt lat="34.707030" lon="127.270102">
			<ele>0.00</ele>
			<time>2020-01-20T00:53:54.78Z</time>
		</trkpt>
		<trkpt lat="34.707122" lon="127.270157">
			<ele>0.00</ele>
			<time>2020-01-20T00:53:55.46Z</time>
		</trkpt>
		<trkpt lat="34.707082" lon="127.270060">
			<ele>0.00</ele>
			<time>2020-01-20T00:53:56.06Z</time>
		</trkpt>
		<trkpt lat="34.707036" lon="127.269999">
			<ele>0.00</ele>
			<time>2020-01-20T00:53:56.51Z</time>
		</trkpt>
		<trkpt lat="34.707023" lon="127.269921">
			<ele>0.00</ele>
			<time>2020-01-20T00:53:56.95Z</time>
		</trkpt>
		<trkpt lat="34.707125" lon="127.269978">
			<ele>0.00</ele>
			<time>2020-01-20T00:53:57.70Z</time>
		</trkpt>
		<trkpt lat="34.707231" lon="127.270074">
			<ele>0.00</ele>
			<time>2020-01-20T00:53:58.58Z</time>
		</trkpt>
		<trkpt lat="34.707312" lon="127.270170">
			<ele>0.00</ele>
			<time>2020-01-20T00:53:59.33Z</time>
		</trkpt>
		<trkpt lat="34.707393" lon="127.270262">
			<ele>0.00</ele>
			<time>2020-01-20T00:54:00.07Z</time>
		</trkpt>
		<trkpt lat="34.707474" lon="127.270370">
			<ele>0.00</ele>
			<time>2020-01-20T00:54:00.87Z</time>
		</trkpt>
		<trkpt lat="34.707546" lon="127.270489">
			<ele>0.00</ele>
			<time>2020-01-20T00:54:01.68Z</time>
		</trkpt>
		<trkpt lat="34.707623" lon="127.270590">
			<ele>0.00</ele>
			<time>2020-01-20T00:54:02.43Z</time>
		</trkpt>
		<trkpt lat="34.707705" lon="127.270697">
			<ele>0.00</ele>
			<time>2020-01-20T00:54:03.24Z</time>
		</trkpt>
		<trkpt lat="34.707784" lon="127.270812">
			<ele>0.00</ele>
			<time>2020-01-20T00:54:04.06Z</time>
		</trkpt>
		<trkpt lat="34.707855" lon="127.270903">
			<ele>0.00</ele>
			<time>2020-01-20T00:54:04.75Z</time>
		</trkpt>
		<trkpt lat="34.707936" lon="127.271019">
			<ele>0.00</ele>
			<time>2020-01-20T00:54:05.58Z</time>
		</trkpt>
		<trkpt lat="34.708015" lon="127.271131">
			<ele>0.00</ele>
			<time>2020-01-20T00:54:06.39Z</time>
		</trkpt>
		<trkpt lat="34.708085" lon="127.271260">
			<ele>0.00</ele>
			<time>2020-01-20T00:54:07.24Z</time>
		</trkpt>
		<trkpt lat="34.708136" lon="127.271352">
			<ele>0.00</ele>
			<time>2020-01-20T00:54:07.85Z</time>
		</trkpt>
		<trkpt lat="34.708175" lon="127.271425">
			<ele>0.00</ele>
			<time>2020-01-20T00:54:08.32Z</time>
		</trkpt>
		<trkpt lat="34.708259" lon="127.271338">
			<ele>0.00</ele>
			<time>2020-01-20T00:54:09.06Z</time>
		</trkpt>
		<trkpt lat="34.708338" lon="127.271264">
			<ele>0.00</ele>
			<time>2020-01-20T00:54:09.72Z</time>
		</trkpt>
		<trkpt lat="34.708408" lon="127.271194">
			<ele>0.00</ele>
			<time>2020-01-20T00:54:10.33Z</time>
		</trkpt>
		<trkpt lat="34.708485" lon="127.271116">
			<ele>0.00</ele>
			<time>2020-01-20T00:54:10.99Z</time>
		</trkpt>
		<trkpt lat="34.708552" lon="127.271041">
			<ele>0.00</ele>
			<time>2020-01-20T00:54:11.60Z</time>
		</trkpt>
		<trkpt lat="34.708627" lon="127.270971">
			<ele>0.00</ele>
			<time>2020-01-20T00:54:12.23Z</time>
		</trkpt>
		<trkpt lat="34.708695" lon="127.270908">
			<ele>0.00</ele>
			<time>2020-01-20T00:54:12.80Z</time>
		</trkpt>
		<trkpt lat="34.708774" lon="127.270846">
			<ele>0.00</ele>
			<time>2020-01-20T00:54:13.43Z</time>
		</trkpt>
		<trkpt lat="34.708864" lon="127.270891">
			<ele>0.00</ele>
			<time>2020-01-20T00:54:14.08Z</time>
		</trkpt>
		<trkpt lat="34.708980" lon="127.270886">
			<ele>0.00</ele>
			<time>2020-01-20T00:54:14.85Z</time>
		</trkpt>
		<trkpt lat="34.709094" lon="127.270867">
			<ele>0.00</ele>
			<time>2020-01-20T00:54:15.62Z</time>
		</trkpt>
		<trkpt lat="34.709221" lon="127.270821">
			<ele>0.00</ele>
			<time>2020-01-20T00:54:16.50Z</time>
		</trkpt>
		<trkpt lat="34.709347" lon="127.270799">
			<ele>0.00</ele>
			<time>2020-01-20T00:54:17.35Z</time>
		</trkpt>
		<trkpt lat="34.709480" lon="127.270777">
			<ele>0.00</ele>
			<time>2020-01-20T00:54:18.24Z</time>
		</trkpt>
		<trkpt lat="34.709598" lon="127.270769">
			<ele>0.00</ele>
			<time>2020-01-20T00:54:19.03Z</time>
		</trkpt>
		<trkpt lat="34.709716" lon="127.270754">
			<ele>0.00</ele>
			<time>2020-01-20T00:54:19.82Z</time>
		</trkpt>
		<trkpt lat="34.709839" lon="127.270766">
			<ele>0.00</ele>
			<time>2020-01-20T00:54:20.64Z</time>
		</trkpt>
		<trkpt lat="34.709959" lon="127.270778">
			<ele>0.00</ele>
			<time>2020-01-20T00:54:21.45Z</time>
		</trkpt>
		<trkpt lat="34.710051" lon="127.270825">
			<ele>0.00</ele>
			<time>2020-01-20T00:54:22.11Z</time>
		</trkpt>
		<trkpt lat="34.710185" lon="127.270834">
			<ele>0.00</ele>
			<time>2020-01-20T00:54:23.01Z</time>
		</trkpt>
		<trkpt lat="34.710285" lon="127.270852">
			<ele>0.00</ele>
			<time>2020-01-20T00:54:23.68Z</time>
		</trkpt>
		<trkpt lat="34.710376" lon="127.270873">
			<ele>0.00</ele>
			<time>2020-01-20T00:54:24.30Z</time>
		</trkpt>
		<trkpt lat="34.710479" lon="127.270883">
			<ele>0.00</ele>
			<time>2020-01-20T00:54:24.99Z</time>
		</trkpt>
		<trkpt lat="34.710576" lon="127.270885">
			<ele>0.00</ele>
			<time>2020-01-20T00:54:25.64Z</time>
		</trkpt>
		<trkpt lat="34.710663" lon="127.270825">
			<ele>0.00</ele>
			<time>2020-01-20T00:54:26.30Z</time>
		</trkpt>
		<trkpt lat="34.710744" lon="127.270755">
			<ele>0.00</ele>
			<time>2020-01-20T00:54:26.96Z</time>
		</trkpt>
		<trkpt lat="34.710826" lon="127.270662">
			<ele>0.00</ele>
			<time>2020-01-20T00:54:27.71Z</time>
		</trkpt>
		<trkpt lat="34.710908" lon="127.270562">
			<ele>0.00</ele>
			<time>2020-01-20T00:54:28.49Z</time>
		</trkpt>
		<trkpt lat="34.710980" lon="127.270469">
			<ele>0.00</ele>
			<time>2020-01-20T00:54:29.19Z</time>
		</trkpt>
		<trkpt lat="34.711044" lon="127.270391">
			<ele>0.00</ele>
			<time>2020-01-20T00:54:29.79Z</time>
		</trkpt>
		<trkpt lat="34.711120" lon="127.270296">
			<ele>0.00</ele>
			<time>2020-01-20T00:54:30.51Z</time>
		</trkpt>
		<trkpt lat="34.711186" lon="127.270213">
			<ele>0.00</ele>
			<time>2020-01-20T00:54:31.15Z</time>
		</trkpt>
		<trkpt lat="34.711252" lon="127.270128">
			<ele>0.00</ele>
			<time>2020-01-20T00:54:31.79Z</time>
		</trkpt>
		<trkpt lat="34.711320" lon="127.270050">
			<ele>0.00</ele>
			<time>2020-01-20T00:54:32.41Z</time>
		</trkpt>
		<trkpt lat="34.711386" lon="127.269975">
			<ele>0.00</ele>
			<time>2020-01-20T00:54:33.01Z</time>
		</trkpt>
		<trkpt lat="34.711450" lon="127.269905">
			<ele>0.00</ele>
			<time>2020-01-20T00:54:33.59Z</time>
		</trkpt>
		<trkpt lat="34.711520" lon="127.269834">
			<ele>0.00</ele>
			<time>2020-01-20T00:54:34.20Z</time>
		</trkpt>
		<trkpt lat="34.711577" lon="127.269776">
			<ele>0.00</ele>
			<time>2020-01-20T00:54:34.69Z</time>
		</trkpt>
		<trkpt lat="34.711672" lon="127.269769">
			<ele>0.00</ele>
			<time>2020-01-20T00:54:35.33Z</time>
		</trkpt>
		<trkpt lat="34.711772" lon="127.269774">
			<ele>0.00</ele>
			<time>2020-01-20T00:54:35.99Z</time>
		</trkpt>
		<trkpt lat="34.711863" lon="127.269774">
			<ele>0.00</ele>
			<time>2020-01-20T00:54:36.60Z</time>
		</trkpt>
		<trkpt lat="34.711942" lon="127.269766">
			<ele>0.00</ele>
			<time>2020-01-20T00:54:37.13Z</time>
		</trkpt>
		<trkpt lat="34.712027" lon="127.269720">
			<ele>0.00</ele>
			<time>2020-01-20T00:54:37.75Z</time>
		</trkpt>
		<trkpt lat="34.712101" lon="127.269692">
			<ele>0.00</ele>
			<time>2020-01-20T00:54:38.26Z</time>
		</trkpt>
		<trkpt lat="34.712143" lon="127.269807">
			<ele>0.00</ele>
			<time>2020-01-20T00:54:38.95Z</time>
		</trkpt>
		<extensions>
			<gte:name>#445</gte:name>
			<gte:color>#42c2a8</gte:color>
		</extensions>
	</trkseg>
</trk>
</gpx>