<?xml version="1.0" encoding="UTF-8"?>
<gpx version="1.1" creator="GPS Track Editor" xmlns="http://www.topografix.com/GPX/1/1" xmlns:xsi="http://www.w3.org/2001/XMLSchema-instance" xmlns:gte="http://www.gpstrackeditor.com/xmlschemas/General/1" xmlns:gpxtpx="http://www.garmin.com/xmlschemas/TrackPointExtension/v1" xmlns:gpxx="http://www.garmin.com/xmlschemas/GpxExtensions/v3" targetNamespace="http://www.topografix.com/GPX/1/1" elementFormDefault="qualified" xsi:schemaLocation="http://www.topografix.com/GPX/1/1 http://www.topografix.com/GPX/1/1/gpx.xsd">
<metadata>
	<name>GPS_2020-01-19_230056</name>
</metadata>
<trk>
	<name>066-고흥군 영남면 우천리 간천버스정류장~고흥군 영남면 남열리 남열마을 입구</name>
	<trkseg>
		<trkpt lat="34.611586" lon="127.485660">
			<ele>0.00</ele>
			<time>2020-01-19T23:00:56.78Z</time>
		</trkpt>
		<trkpt lat="34.611461" lon="127.485696">
			<ele>0.00</ele>
			<time>2020-01-19T23:00:57.64Z</time>
		</trkpt>
		<trkpt lat="34.611404" lon="127.485724">
			<ele>0.00</ele>
			<time>2020-01-19T23:00:58.05Z</time>
		</trkpt>
		<trkpt lat="34.611337" lon="127.485726">
			<ele>0.00</ele>
			<time>2020-01-19T23:00:58.50Z</time>
		</trkpt>
		<trkpt lat="34.611276" lon="127.485660">
			<ele>0.00</ele>
			<time>2020-01-19T23:00:59.04Z</time>
		</trkpt>
		<trkpt lat="34.611203" lon="127.485572">
			<ele>0.00</ele>
			<time>2020-01-19T23:00:59.73Z</time>
		</trkpt>
		<trkpt lat="34.611142" lon="127.485506">
			<ele>0.00</ele>
			<time>2020-01-19T23:01:00.27Z</time>
		</trkpt>
		<trkpt lat="34.611067" lon="127.485435">
			<ele>0.00</ele>
			<time>2020-01-19T23:01:00.90Z</time>
		</trkpt>
		<trkpt lat="34.611010" lon="127.485366">
			<ele>0.00</ele>
			<time>2020-01-19T23:01:01.44Z</time>
		</trkpt>
		<trkpt lat="34.610940" lon="127.485314">
			<ele>0.00</ele>
			<time>2020-01-19T23:01:01.99Z</time>
		</trkpt>
		<trkpt lat="34.610878" lon="127.485294">
			<ele>0.00</ele>
			<time>2020-01-19T23:01:02.42Z</time>
		</trkpt>
		<trkpt lat="34.610833" lon="127.485368">
			<ele>0.00</ele>
			<time>2020-01-19T23:01:02.92Z</time>
		</trkpt>
		<trkpt lat="34.610763" lon="127.485389">
			<ele>0.00</ele>
			<time>2020-01-19T23:01:03.40Z</time>
		</trkpt>
		<trkpt lat="34.610694" lon="127.485404">
			<ele>0.00</ele>
			<time>2020-01-19T23:01:03.86Z</time>
		</trkpt>
		<trkpt lat="34.610612" lon="127.485433">
			<ele>0.00</ele>
			<time>2020-01-19T23:01:04.44Z</time>
		</trkpt>
		<trkpt lat="34.610522" lon="127.485458">
			<ele>0.00</ele>
			<time>2020-01-19T23:01:05.05Z</time>
		</trkpt>
		<trkpt lat="34.610474" lon="127.485471">
			<ele>0.00</ele>
			<time>2020-01-19T23:01:05.38Z</time>
		</trkpt>
		<trkpt lat="34.610391" lon="127.485515">
			<ele>0.00</ele>
			<time>2020-01-19T23:01:05.98Z</time>
		</trkpt>
		<trkpt lat="34.610316" lon="127.485562">
			<ele>0.00</ele>
			<time>2020-01-19T23:01:06.54Z</time>
		</trkpt>
		<trkpt lat="34.610260" lon="127.485588">
			<ele>0.00</ele>
			<time>2020-01-19T23:01:06.95Z</time>
		</trkpt>
		<trkpt lat="34.610211" lon="127.485587">
			<ele>0.00</ele>
			<time>2020-01-19T23:01:07.28Z</time>
		</trkpt>
		<trkpt lat="34.610150" lon="127.485537">
			<ele>0.00</ele>
			<time>2020-01-19T23:01:07.76Z</time>
		</trkpt>
		<trkpt lat="34.610085" lon="127.485516">
			<ele>0.00</ele>
			<time>2020-01-19T23:01:08.21Z</time>
		</trkpt>
		<trkpt lat="34.610015" lon="127.485497">
			<ele>0.00</ele>
			<time>2020-01-19T23:01:08.69Z</time>
		</trkpt>
		<trkpt lat="34.609940" lon="127.485455">
			<ele>0.00</ele>
			<time>2020-01-19T23:01:09.24Z</time>
		</trkpt>
		<trkpt lat="34.609885" lon="127.485414">
			<ele>0.00</ele>
			<time>2020-01-19T23:01:09.67Z</time>
		</trkpt>
		<trkpt lat="34.609826" lon="127.485382">
			<ele>0.00</ele>
			<time>2020-01-19T23:01:10.10Z</time>
		</trkpt>
		<trkpt lat="34.609828" lon="127.485472">
			<ele>0.00</ele>
			<time>2020-01-19T23:01:10.59Z</time>
		</trkpt>
		<trkpt lat="34.609830" lon="127.485560">
			<ele>0.00</ele>
			<time>2020-01-19T23:01:11.08Z</time>
		</trkpt>
		<trkpt lat="34.609797" lon="127.485632">
			<ele>0.00</ele>
			<time>2020-01-19T23:01:11.53Z</time>
		</trkpt>
		<trkpt lat="34.609746" lon="127.485723">
			<ele>0.00</ele>
			<time>2020-01-19T23:01:12.13Z</time>
		</trkpt>
		<trkpt lat="34.609690" lon="127.485781">
			<ele>0.00</ele>
			<time>2020-01-19T23:01:12.62Z</time>
		</trkpt>
		<trkpt lat="34.609614" lon="127.485820">
			<ele>0.00</ele>
			<time>2020-01-19T23:01:13.18Z</time>
		</trkpt>
		<trkpt lat="34.609561" lon="127.485875">
			<ele>0.00</ele>
			<time>2020-01-19T23:01:13.64Z</time>
		</trkpt>
		<trkpt lat="34.609497" lon="127.485923">
			<ele>0.00</ele>
			<time>2020-01-19T23:01:14.14Z</time>
		</trkpt>
		<trkpt lat="34.609469" lon="127.485949">
			<ele>0.00</ele>
			<time>2020-01-19T23:01:14.38Z</time>
		</trkpt>
		<trkpt lat="34.609422" lon="127.485892">
			<ele>0.00</ele>
			<time>2020-01-19T23:01:14.82Z</time>
		</trkpt>
		<trkpt lat="34.609369" lon="127.485841">
			<ele>0.00</ele>
			<time>2020-01-19T23:01:15.27Z</time>
		</trkpt>
		<trkpt lat="34.609304" lon="127.485833">
			<ele>0.00</ele>
			<time>2020-01-19T23:01:15.70Z</time>
		</trkpt>
		<trkpt lat="34.609235" lon="127.485840">
			<ele>0.00</ele>
			<time>2020-01-19T23:01:16.17Z</time>
		</trkpt>
		<trkpt lat="34.609181" lon="127.485834">
			<ele>0.00</ele>
			<time>2020-01-19T23:01:16.53Z</time>
		</trkpt>
		<trkpt lat="34.609122" lon="127.485791">
			<ele>0.00</ele>
			<time>2020-01-19T23:01:16.99Z</time>
		</trkpt>
		<trkpt lat="34.609051" lon="127.485747">
			<ele>0.00</ele>
			<time>2020-01-19T23:01:17.52Z</time>
		</trkpt>
		<trkpt lat="34.608998" lon="127.485711">
			<ele>0.00</ele>
			<time>2020-01-19T23:01:17.92Z</time>
		</trkpt>
		<trkpt lat="34.608924" lon="127.485772">
			<ele>0.00</ele>
			<time>2020-01-19T23:01:18.52Z</time>
		</trkpt>
		<trkpt lat="34.608851" lon="127.485828">
			<ele>0.00</ele>
			<time>2020-01-19T23:01:19.09Z</time>
		</trkpt>
		<trkpt lat="34.608795" lon="127.485867">
			<ele>0.00</ele>
			<time>2020-01-19T23:01:19.52Z</time>
		</trkpt>
		<trkpt lat="34.608709" lon="127.485918">
			<ele>0.00</ele>
			<time>2020-01-19T23:01:20.16Z</time>
		</trkpt>
		<trkpt lat="34.608645" lon="127.485961">
			<ele>0.00</ele>
			<time>2020-01-19T23:01:20.65Z</time>
		</trkpt>
		<trkpt lat="34.608566" lon="127.485972">
			<ele>0.00</ele>
			<time>2020-01-19T23:01:21.18Z</time>
		</trkpt>
		<trkpt lat="34.608487" lon="127.486004">
			<ele>0.00</ele>
			<time>2020-01-19T23:01:21.73Z</time>
		</trkpt>
		<trkpt lat="34.608411" lon="127.486032">
			<ele>0.00</ele>
			<time>2020-01-19T23:01:22.26Z</time>
		</trkpt>
		<trkpt lat="34.608331" lon="127.486056">
			<ele>0.00</ele>
			<time>2020-01-19T23:01:22.81Z</time>
		</trkpt>
		<trkpt lat="34.608262" lon="127.486093">
			<ele>0.00</ele>
			<time>2020-01-19T23:01:23.31Z</time>
		</trkpt>
		<trkpt lat="34.608203" lon="127.486169">
			<ele>0.00</ele>
			<time>2020-01-19T23:01:23.89Z</time>
		</trkpt>
		<trkpt lat="34.608149" lon="127.486221">
			<ele>0.00</ele>
			<time>2020-01-19T23:01:24.35Z</time>
		</trkpt>
		<trkpt lat="34.608101" lon="127.486266">
			<ele>0.00</ele>
			<time>2020-01-19T23:01:24.75Z</time>
		</trkpt>
		<trkpt lat="34.608014" lon="127.486333">
			<ele>0.00</ele>
			<time>2020-01-19T23:01:25.43Z</time>
		</trkpt>
		<trkpt lat="34.607931" lon="127.486369">
			<ele>0.00</ele>
			<time>2020-01-19T23:01:26.02Z</time>
		</trkpt>
		<trkpt lat="34.607859" lon="127.486385">
			<ele>0.00</ele>
			<time>2020-01-19T23:01:26.51Z</time>
		</trkpt>
		<trkpt lat="34.607788" lon="127.486425">
			<ele>0.00</ele>
			<time>2020-01-19T23:01:27.04Z</time>
		</trkpt>
		<trkpt lat="34.607722" lon="127.486450">
			<ele>0.00</ele>
			<time>2020-01-19T23:01:27.49Z</time>
		</trkpt>
		<trkpt lat="34.607671" lon="127.486498">
			<ele>0.00</ele>
			<time>2020-01-19T23:01:27.93Z</time>
		</trkpt>
		<trkpt lat="34.607622" lon="127.486563">
			<ele>0.00</ele>
			<time>2020-01-19T23:01:28.41Z</time>
		</trkpt>
		<trkpt lat="34.607560" lon="127.486618">
			<ele>0.00</ele>
			<time>2020-01-19T23:01:28.92Z</time>
		</trkpt>
		<trkpt lat="34.607502" lon="127.486660">
			<ele>0.00</ele>
			<time>2020-01-19T23:01:29.37Z</time>
		</trkpt>
		<trkpt lat="34.607438" lon="127.486668">
			<ele>0.00</ele>
			<time>2020-01-19T23:01:29.80Z</time>
		</trkpt>
		<trkpt lat="34.607362" lon="127.486691">
			<ele>0.00</ele>
			<time>2020-01-19T23:01:30.32Z</time>
		</trkpt>
		<trkpt lat="34.607297" lon="127.486712">
			<ele>0.00</ele>
			<time>2020-01-19T23:01:30.77Z</time>
		</trkpt>
		<trkpt lat="34.607236" lon="127.486743">
			<ele>0.00</ele>
			<time>2020-01-19T23:01:31.21Z</time>
		</trkpt>
		<trkpt lat="34.607174" lon="127.486778">
			<ele>0.00</ele>
			<time>2020-01-19T23:01:31.66Z</time>
		</trkpt>
		<trkpt lat="34.607117" lon="127.486820">
			<ele>0.00</ele>
			<time>2020-01-19T23:01:32.11Z</time>
		</trkpt>
		<trkpt lat="34.607051" lon="127.486863">
			<ele>0.00</ele>
			<time>2020-01-19T23:01:32.61Z</time>
		</trkpt>
		<trkpt lat="34.607010" lon="127.486890">
			<ele>0.00</ele>
			<time>2020-01-19T23:01:32.92Z</time>
		</trkpt>
		<trkpt lat="34.606969" lon="127.486830">
			<ele>0.00</ele>
			<time>2020-01-19T23:01:33.35Z</time>
		</trkpt>
		<trkpt lat="34.606909" lon="127.486795">
			<ele>0.00</ele>
			<time>2020-01-19T23:01:33.79Z</time>
		</trkpt>
		<trkpt lat="34.606852" lon="127.486774">
			<ele>0.00</ele>
			<time>2020-01-19T23:01:34.19Z</time>
		</trkpt>
		<trkpt lat="34.606796" lon="127.486718">
			<ele>0.00</ele>
			<time>2020-01-19T23:01:34.67Z</time>
		</trkpt>
		<trkpt lat="34.606752" lon="127.486652">
			<ele>0.00</ele>
			<time>2020-01-19T23:01:35.14Z</time>
		</trkpt>
		<trkpt lat="34.606692" lon="127.486585">
			<ele>0.00</ele>
			<time>2020-01-19T23:01:35.68Z</time>
		</trkpt>
		<trkpt lat="34.606641" lon="127.486520">
			<ele>0.00</ele>
			<time>2020-01-19T23:01:36.18Z</time>
		</trkpt>
		<trkpt lat="34.606599" lon="127.486460">
			<ele>0.00</ele>
			<time>2020-01-19T23:01:36.61Z</time>
		</trkpt>
		<trkpt lat="34.606547" lon="127.486394">
			<ele>0.00</ele>
			<time>2020-01-19T23:01:37.11Z</time>
		</trkpt>
		<trkpt lat="34.606488" lon="127.486345">
			<ele>0.00</ele>
			<time>2020-01-19T23:01:37.58Z</time>
		</trkpt>
		<trkpt lat="34.606429" lon="127.486305">
			<ele>0.00</ele>
			<time>2020-01-19T23:01:38.03Z</time>
		</trkpt>
		<trkpt lat="34.606379" lon="127.486270">
			<ele>0.00</ele>
			<time>2020-01-19T23:01:38.42Z</time>
		</trkpt>
		<trkpt lat="34.606313" lon="127.486245">
			<ele>0.00</ele>
			<time>2020-01-19T23:01:38.88Z</time>
		</trkpt>
		<trkpt lat="34.606242" lon="127.486200">
			<ele>0.00</ele>
			<time>2020-01-19T23:01:39.42Z</time>
		</trkpt>
		<trkpt lat="34.606168" lon="127.486187">
			<ele>0.00</ele>
			<time>2020-01-19T23:01:39.92Z</time>
		</trkpt>
		<trkpt lat="34.606098" lon="127.486186">
			<ele>0.00</ele>
			<time>2020-01-19T23:01:40.38Z</time>
		</trkpt>
		<trkpt lat="34.606028" lon="127.486182">
			<ele>0.00</ele>
			<time>2020-01-19T23:01:40.85Z</time>
		</trkpt>
		<trkpt lat="34.605961" lon="127.486120">
			<ele>0.00</ele>
			<time>2020-01-19T23:01:41.41Z</time>
		</trkpt>
		<trkpt lat="34.605904" lon="127.486047">
			<ele>0.00</ele>
			<time>2020-01-19T23:01:41.96Z</time>
		</trkpt>
		<trkpt lat="34.605847" lon="127.485982">
			<ele>0.00</ele>
			<time>2020-01-19T23:01:42.48Z</time>
		</trkpt>
		<trkpt lat="34.605801" lon="127.485897">
			<ele>0.00</ele>
			<time>2020-01-19T23:01:43.04Z</time>
		</trkpt>
		<trkpt lat="34.605754" lon="127.485829">
			<ele>0.00</ele>
			<time>2020-01-19T23:01:43.53Z</time>
		</trkpt>
		<trkpt lat="34.605709" lon="127.485781">
			<ele>0.00</ele>
			<time>2020-01-19T23:01:43.93Z</time>
		</trkpt>
		<trkpt lat="34.605653" lon="127.485745">
			<ele>0.00</ele>
			<time>2020-01-19T23:01:44.35Z</time>
		</trkpt>
		<trkpt lat="34.605605" lon="127.485735">
			<ele>0.00</ele>
			<time>2020-01-19T23:01:44.67Z</time>
		</trkpt>
		<trkpt lat="34.605537" lon="127.485736">
			<ele>0.00</ele>
			<time>2020-01-19T23:01:45.13Z</time>
		</trkpt>
		<trkpt lat="34.605473" lon="127.485763">
			<ele>0.00</ele>
			<time>2020-01-19T23:01:45.58Z</time>
		</trkpt>
		<trkpt lat="34.605415" lon="127.485815">
			<ele>0.00</ele>
			<time>2020-01-19T23:01:46.06Z</time>
		</trkpt>
		<trkpt lat="34.605372" lon="127.485874">
			<ele>0.00</ele>
			<time>2020-01-19T23:01:46.49Z</time>
		</trkpt>
		<trkpt lat="34.605340" lon="127.485947">
			<ele>0.00</ele>
			<time>2020-01-19T23:01:46.94Z</time>
		</trkpt>
		<trkpt lat="34.605320" lon="127.486013">
			<ele>0.00</ele>
			<time>2020-01-19T23:01:47.33Z</time>
		</trkpt>
		<trkpt lat="34.605305" lon="127.486087">
			<ele>0.00</ele>
			<time>2020-01-19T23:01:47.75Z</time>
		</trkpt>
		<trkpt lat="34.605297" lon="127.486139">
			<ele>0.00</ele>
			<time>2020-01-19T23:01:48.04Z</time>
		</trkpt>
		<trkpt lat="34.605299" lon="127.486194">
			<ele>0.00</ele>
			<time>2020-01-19T23:01:48.34Z</time>
		</trkpt>
		<trkpt lat="34.605330" lon="127.486255">
			<ele>0.00</ele>
			<time>2020-01-19T23:01:48.74Z</time>
		</trkpt>
		<trkpt lat="34.605366" lon="127.486319">
			<ele>0.00</ele>
			<time>2020-01-19T23:01:49.16Z</time>
		</trkpt>
		<trkpt lat="34.605415" lon="127.486371">
			<ele>0.00</ele>
			<time>2020-01-19T23:01:49.60Z</time>
		</trkpt>
		<trkpt lat="34.605467" lon="127.486424">
			<ele>0.00</ele>
			<time>2020-01-19T23:01:50.05Z</time>
		</trkpt>
		<trkpt lat="34.605530" lon="127.486489">
			<ele>0.00</ele>
			<time>2020-01-19T23:01:50.60Z</time>
		</trkpt>
		<trkpt lat="34.605571" lon="127.486578">
			<ele>0.00</ele>
			<time>2020-01-19T23:01:51.16Z</time>
		</trkpt>
		<trkpt lat="34.605605" lon="127.486659">
			<ele>0.00</ele>
			<time>2020-01-19T23:01:51.66Z</time>
		</trkpt>
		<trkpt lat="34.605638" lon="127.486728">
			<ele>0.00</ele>
			<time>2020-01-19T23:01:52.10Z</time>
		</trkpt>
		<trkpt lat="34.605676" lon="127.486804">
			<ele>0.00</ele>
			<time>2020-01-19T23:01:52.58Z</time>
		</trkpt>
		<trkpt lat="34.605717" lon="127.486867">
			<ele>0.00</ele>
			<time>2020-01-19T23:01:53.03Z</time>
		</trkpt>
		<trkpt lat="34.605759" lon="127.486922">
			<ele>0.00</ele>
			<time>2020-01-19T23:01:53.43Z</time>
		</trkpt>
		<trkpt lat="34.605796" lon="127.486975">
			<ele>0.00</ele>
			<time>2020-01-19T23:01:53.81Z</time>
		</trkpt>
		<trkpt lat="34.605824" lon="127.487041">
			<ele>0.00</ele>
			<time>2020-01-19T23:01:54.22Z</time>
		</trkpt>
		<trkpt lat="34.605819" lon="127.487092">
			<ele>0.00</ele>
			<time>2020-01-19T23:01:54.50Z</time>
		</trkpt>
		<trkpt lat="34.605780" lon="127.487126">
			<ele>0.00</ele>
			<time>2020-01-19T23:01:54.82Z</time>
		</trkpt>
		<trkpt lat="34.605739" lon="127.487127">
			<ele>0.00</ele>
			<time>2020-01-19T23:01:55.09Z</time>
		</trkpt>
		<trkpt lat="34.605701" lon="127.487112">
			<ele>0.00</ele>
			<time>2020-01-19T23:01:55.37Z</time>
		</trkpt>
		<trkpt lat="34.605646" lon="127.487072">
			<ele>0.00</ele>
			<time>2020-01-19T23:01:55.79Z</time>
		</trkpt>
		<trkpt lat="34.605593" lon="127.487042">
			<ele>0.00</ele>
			<time>2020-01-19T23:01:56.18Z</time>
		</trkpt>
		<trkpt lat="34.605554" lon="127.486998">
			<ele>0.00</ele>
			<time>2020-01-19T23:01:56.54Z</time>
		</trkpt>
		<trkpt lat="34.605512" lon="127.486988">
			<ele>0.00</ele>
			<time>2020-01-19T23:01:56.82Z</time>
		</trkpt>
		<trkpt lat="34.605463" lon="127.486978">
			<ele>0.00</ele>
			<time>2020-01-19T23:01:57.15Z</time>
		</trkpt>
		<trkpt lat="34.605418" lon="127.486950">
			<ele>0.00</ele>
			<time>2020-01-19T23:01:57.49Z</time>
		</trkpt>
		<trkpt lat="34.605372" lon="127.486920">
			<ele>0.00</ele>
			<time>2020-01-19T23:01:57.84Z</time>
		</trkpt>
		<trkpt lat="34.605308" lon="127.486870">
			<ele>0.00</ele>
			<time>2020-01-19T23:01:58.35Z</time>
		</trkpt>
		<trkpt lat="34.605270" lon="127.486832">
			<ele>0.00</ele>
			<time>2020-01-19T23:01:58.68Z</time>
		</trkpt>
		<trkpt lat="34.605222" lon="127.486787">
			<ele>0.00</ele>
			<time>2020-01-19T23:01:59.08Z</time>
		</trkpt>
		<trkpt lat="34.605177" lon="127.486751">
			<ele>0.00</ele>
			<time>2020-01-19T23:01:59.44Z</time>
		</trkpt>
		<trkpt lat="34.605143" lon="127.486713">
			<ele>0.00</ele>
			<time>2020-01-19T23:01:59.75Z</time>
		</trkpt>
		<trkpt lat="34.605081" lon="127.486681">
			<ele>0.00</ele>
			<time>2020-01-19T23:02:00.19Z</time>
		</trkpt>
		<trkpt lat="34.605029" lon="127.486654">
			<ele>0.00</ele>
			<time>2020-01-19T23:02:00.57Z</time>
		</trkpt>
		<trkpt lat="34.604980" lon="127.486647">
			<ele>0.00</ele>
			<time>2020-01-19T23:02:00.90Z</time>
		</trkpt>
		<trkpt lat="34.604904" lon="127.486651">
			<ele>0.00</ele>
			<time>2020-01-19T23:02:01.41Z</time>
		</trkpt>
		<trkpt lat="34.604843" lon="127.486661">
			<ele>0.00</ele>
			<time>2020-01-19T23:02:01.82Z</time>
		</trkpt>
		<trkpt lat="34.604778" lon="127.486671">
			<ele>0.00</ele>
			<time>2020-01-19T23:02:02.25Z</time>
		</trkpt>
		<trkpt lat="34.604717" lon="127.486659">
			<ele>0.00</ele>
			<time>2020-01-19T23:02:02.67Z</time>
		</trkpt>
		<trkpt lat="34.604668" lon="127.486649">
			<ele>0.00</ele>
			<time>2020-01-19T23:02:03Z</time>
		</trkpt>
		<trkpt lat="34.604620" lon="127.486622">
			<ele>0.00</ele>
			<time>2020-01-19T23:02:03.35Z</time>
		</trkpt>
		<trkpt lat="34.604578" lon="127.486580">
			<ele>0.00</ele>
			<time>2020-01-19T23:02:03.71Z</time>
		</trkpt>
		<trkpt lat="34.604531" lon="127.486528">
			<ele>0.00</ele>
			<time>2020-01-19T23:02:04.13Z</time>
		</trkpt>
		<trkpt lat="34.604490" lon="127.486480">
			<ele>0.00</ele>
			<time>2020-01-19T23:02:04.52Z</time>
		</trkpt>
		<trkpt lat="34.604450" lon="127.486433">
			<ele>0.00</ele>
			<time>2020-01-19T23:02:04.89Z</time>
		</trkpt>
		<trkpt lat="34.604408" lon="127.486393">
			<ele>0.00</ele>
			<time>2020-01-19T23:02:05.24Z</time>
		</trkpt>
		<trkpt lat="34.604357" lon="127.486339">
			<ele>0.00</ele>
			<time>2020-01-19T23:02:05.69Z</time>
		</trkpt>
		<trkpt lat="34.604302" lon="127.486309">
			<ele>0.00</ele>
			<time>2020-01-19T23:02:06.10Z</time>
		</trkpt>
		<trkpt lat="34.604256" lon="127.486303">
			<ele>0.00</ele>
			<time>2020-01-19T23:02:06.40Z</time>
		</trkpt>
		<trkpt lat="34.604213" lon="127.486333">
			<ele>0.00</ele>
			<time>2020-01-19T23:02:06.74Z</time>
		</trkpt>
		<trkpt lat="34.604199" lon="127.486403">
			<ele>0.00</ele>
			<time>2020-01-19T23:02:07.13Z</time>
		</trkpt>
		<trkpt lat="34.604201" lon="127.486475">
			<ele>0.00</ele>
			<time>2020-01-19T23:02:07.52Z</time>
		</trkpt>
		<trkpt lat="34.604217" lon="127.486562">
			<ele>0.00</ele>
			<time>2020-01-19T23:02:08.01Z</time>
		</trkpt>
		<trkpt lat="34.604242" lon="127.486659">
			<ele>0.00</ele>
			<time>2020-01-19T23:02:08.57Z</time>
		</trkpt>
		<trkpt lat="34.604261" lon="127.486742">
			<ele>0.00</ele>
			<time>2020-01-19T23:02:09.04Z</time>
		</trkpt>
		<trkpt lat="34.604271" lon="127.486825">
			<ele>0.00</ele>
			<time>2020-01-19T23:02:09.50Z</time>
		</trkpt>
		<trkpt lat="34.604278" lon="127.486872">
			<ele>0.00</ele>
			<time>2020-01-19T23:02:09.77Z</time>
		</trkpt>
		<trkpt lat="34.604291" lon="127.486933">
			<ele>0.00</ele>
			<time>2020-01-19T23:02:10.11Z</time>
		</trkpt>
		<trkpt lat="34.604308" lon="127.487004">
			<ele>0.00</ele>
			<time>2020-01-19T23:02:10.52Z</time>
		</trkpt>
		<trkpt lat="34.604329" lon="127.487064">
			<ele>0.00</ele>
			<time>2020-01-19T23:02:10.88Z</time>
		</trkpt>
		<trkpt lat="34.604353" lon="127.487118">
			<ele>0.00</ele>
			<time>2020-01-19T23:02:11.21Z</time>
		</trkpt>
		<trkpt lat="34.604375" lon="127.487160">
			<ele>0.00</ele>
			<time>2020-01-19T23:02:11.48Z</time>
		</trkpt>
		<trkpt lat="34.604409" lon="127.487187">
			<ele>0.00</ele>
			<time>2020-01-19T23:02:11.76Z</time>
		</trkpt>
		<trkpt lat="34.604459" lon="127.487205">
			<ele>0.00</ele>
			<time>2020-01-19T23:02:12.10Z</time>
		</trkpt>
		<trkpt lat="34.604521" lon="127.487230">
			<ele>0.00</ele>
			<time>2020-01-19T23:02:12.54Z</time>
		</trkpt>
		<trkpt lat="34.604574" lon="127.487249">
			<ele>0.00</ele>
			<time>2020-01-19T23:02:12.91Z</time>
		</trkpt>
		<trkpt lat="34.604618" lon="127.487297">
			<ele>0.00</ele>
			<time>2020-01-19T23:02:13.30Z</time>
		</trkpt>
		<trkpt lat="34.604648" lon="127.487360">
			<ele>0.00</ele>
			<time>2020-01-19T23:02:13.70Z</time>
		</trkpt>
		<trkpt lat="34.604658" lon="127.487444">
			<ele>0.00</ele>
			<time>2020-01-19T23:02:14.17Z</time>
		</trkpt>
		<trkpt lat="34.604659" lon="127.487515">
			<ele>0.00</ele>
			<time>2020-01-19T23:02:14.56Z</time>
		</trkpt>
		<trkpt lat="34.604666" lon="127.487585">
			<ele>0.00</ele>
			<time>2020-01-19T23:02:14.94Z</time>
		</trkpt>
		<trkpt lat="34.604677" lon="127.487657">
			<ele>0.00</ele>
			<time>2020-01-19T23:02:15.35Z</time>
		</trkpt>
		<trkpt lat="34.604693" lon="127.487727">
			<ele>0.00</ele>
			<time>2020-01-19T23:02:15.74Z</time>
		</trkpt>
		<trkpt lat="34.604712" lon="127.487787">
			<ele>0.00</ele>
			<time>2020-01-19T23:02:16.10Z</time>
		</trkpt>
		<trkpt lat="34.604732" lon="127.487850">
			<ele>0.00</ele>
			<time>2020-01-19T23:02:16.46Z</time>
		</trkpt>
		<trkpt lat="34.604759" lon="127.487920">
			<ele>0.00</ele>
			<time>2020-01-19T23:02:16.89Z</time>
		</trkpt>
		<trkpt lat="34.604782" lon="127.487979">
			<ele>0.00</ele>
			<time>2020-01-19T23:02:17.25Z</time>
		</trkpt>
		<trkpt lat="34.604808" lon="127.488048">
			<ele>0.00</ele>
			<time>2020-01-19T23:02:17.67Z</time>
		</trkpt>
		<trkpt lat="34.604838" lon="127.488112">
			<ele>0.00</ele>
			<time>2020-01-19T23:02:18.07Z</time>
		</trkpt>
		<trkpt lat="34.604866" lon="127.488170">
			<ele>0.00</ele>
			<time>2020-01-19T23:02:18.44Z</time>
		</trkpt>
		<trkpt lat="34.604904" lon="127.488224">
			<ele>0.00</ele>
			<time>2020-01-19T23:02:18.83Z</time>
		</trkpt>
		<trkpt lat="34.604937" lon="127.488271">
			<ele>0.00</ele>
			<time>2020-01-19T23:02:19.17Z</time>
		</trkpt>
		<trkpt lat="34.604968" lon="127.488311">
			<ele>0.00</ele>
			<time>2020-01-19T23:02:19.47Z</time>
		</trkpt>
		<trkpt lat="34.604995" lon="127.488374">
			<ele>0.00</ele>
			<time>2020-01-19T23:02:19.86Z</time>
		</trkpt>
		<trkpt lat="34.605026" lon="127.488421">
			<ele>0.00</ele>
			<time>2020-01-19T23:02:20.19Z</time>
		</trkpt>
		<trkpt lat="34.605055" lon="127.488461">
			<ele>0.00</ele>
			<time>2020-01-19T23:02:20.48Z</time>
		</trkpt>
		<trkpt lat="34.605091" lon="127.488499">
			<ele>0.00</ele>
			<time>2020-01-19T23:02:20.80Z</time>
		</trkpt>
		<trkpt lat="34.605138" lon="127.488543">
			<ele>0.00</ele>
			<time>2020-01-19T23:02:21.19Z</time>
		</trkpt>
		<trkpt lat="34.605171" lon="127.488583">
			<ele>0.00</ele>
			<time>2020-01-19T23:02:21.50Z</time>
		</trkpt>
		<trkpt lat="34.605216" lon="127.488623">
			<ele>0.00</ele>
			<time>2020-01-19T23:02:21.88Z</time>
		</trkpt>
		<trkpt lat="34.605261" lon="127.488665">
			<ele>0.00</ele>
			<time>2020-01-19T23:02:22.25Z</time>
		</trkpt>
		<trkpt lat="34.605296" lon="127.488710">
			<ele>0.00</ele>
			<time>2020-01-19T23:02:22.60Z</time>
		</trkpt>
		<trkpt lat="34.605334" lon="127.488748">
			<ele>0.00</ele>
			<time>2020-01-19T23:02:22.93Z</time>
		</trkpt>
		<trkpt lat="34.605368" lon="127.488784">
			<ele>0.00</ele>
			<time>2020-01-19T23:02:23.23Z</time>
		</trkpt>
		<trkpt lat="34.605411" lon="127.488819">
			<ele>0.00</ele>
			<time>2020-01-19T23:02:23.57Z</time>
		</trkpt>
		<trkpt lat="34.605450" lon="127.488858">
			<ele>0.00</ele>
			<time>2020-01-19T23:02:23.90Z</time>
		</trkpt>
		<trkpt lat="34.605477" lon="127.488889">
			<ele>0.00</ele>
			<time>2020-01-19T23:02:24.15Z</time>
		</trkpt>
		<trkpt lat="34.605516" lon="127.488924">
			<ele>0.00</ele>
			<time>2020-01-19T23:02:24.48Z</time>
		</trkpt>
		<trkpt lat="34.605553" lon="127.488950">
			<ele>0.00</ele>
			<time>2020-01-19T23:02:24.76Z</time>
		</trkpt>
		<trkpt lat="34.605595" lon="127.488969">
			<ele>0.00</ele>
			<time>2020-01-19T23:02:25.06Z</time>
		</trkpt>
		<trkpt lat="34.605632" lon="127.488992">
			<ele>0.00</ele>
			<time>2020-01-19T23:02:25.33Z</time>
		</trkpt>
		<trkpt lat="34.605666" lon="127.489013">
			<ele>0.00</ele>
			<time>2020-01-19T23:02:25.59Z</time>
		</trkpt>
		<trkpt lat="34.605689" lon="127.489041">
			<ele>0.00</ele>
			<time>2020-01-19T23:02:25.81Z</time>
		</trkpt>
		<trkpt lat="34.605667" lon="127.489088">
			<ele>0.00</ele>
			<time>2020-01-19T23:02:26.10Z</time>
		</trkpt>
		<trkpt lat="34.605637" lon="127.489115">
			<ele>0.00</ele>
			<time>2020-01-19T23:02:26.35Z</time>
		</trkpt>
		<trkpt lat="34.605598" lon="127.489138">
			<ele>0.00</ele>
			<time>2020-01-19T23:02:26.64Z</time>
		</trkpt>
		<trkpt lat="34.605555" lon="127.489160">
			<ele>0.00</ele>
			<time>2020-01-19T23:02:26.95Z</time>
		</trkpt>
		<trkpt lat="34.605514" lon="127.489178">
			<ele>0.00</ele>
			<time>2020-01-19T23:02:27.25Z</time>
		</trkpt>
		<trkpt lat="34.605472" lon="127.489200">
			<ele>0.00</ele>
			<time>2020-01-19T23:02:27.55Z</time>
		</trkpt>
		<trkpt lat="34.605432" lon="127.489217">
			<ele>0.00</ele>
			<time>2020-01-19T23:02:27.83Z</time>
		</trkpt>
		<trkpt lat="34.605390" lon="127.489232">
			<ele>0.00</ele>
			<time>2020-01-19T23:02:28.12Z</time>
		</trkpt>
		<trkpt lat="34.605350" lon="127.489240">
			<ele>0.00</ele>
			<time>2020-01-19T23:02:28.39Z</time>
		</trkpt>
		<trkpt lat="34.605299" lon="127.489235">
			<ele>0.00</ele>
			<time>2020-01-19T23:02:28.73Z</time>
		</trkpt>
		<trkpt lat="34.605252" lon="127.489224">
			<ele>0.00</ele>
			<time>2020-01-19T23:02:29.05Z</time>
		</trkpt>
		<trkpt lat="34.605211" lon="127.489215">
			<ele>0.00</ele>
			<time>2020-01-19T23:02:29.33Z</time>
		</trkpt>
		<trkpt lat="34.605172" lon="127.489196">
			<ele>0.00</ele>
			<time>2020-01-19T23:02:29.61Z</time>
		</trkpt>
		<trkpt lat="34.605128" lon="127.489184">
			<ele>0.00</ele>
			<time>2020-01-19T23:02:29.91Z</time>
		</trkpt>
		<trkpt lat="34.605088" lon="127.489173">
			<ele>0.00</ele>
			<time>2020-01-19T23:02:30.19Z</time>
		</trkpt>
		<trkpt lat="34.605055" lon="127.489160">
			<ele>0.00</ele>
			<time>2020-01-19T23:02:30.41Z</time>
		</trkpt>
		<trkpt lat="34.605013" lon="127.489163">
			<ele>0.00</ele>
			<time>2020-01-19T23:02:30.70Z</time>
		</trkpt>
		<trkpt lat="34.604973" lon="127.489163">
			<ele>0.00</ele>
			<time>2020-01-19T23:02:30.96Z</time>
		</trkpt>
		<trkpt lat="34.604946" lon="127.489166">
			<ele>0.00</ele>
			<time>2020-01-19T23:02:31.14Z</time>
		</trkpt>
		<trkpt lat="34.604906" lon="127.489161">
			<ele>0.00</ele>
			<time>2020-01-19T23:02:31.41Z</time>
		</trkpt>
		<trkpt lat="34.604864" lon="127.489152">
			<ele>0.00</ele>
			<time>2020-01-19T23:02:31.69Z</time>
		</trkpt>
		<trkpt lat="34.604821" lon="127.489149">
			<ele>0.00</ele>
			<time>2020-01-19T23:02:31.98Z</time>
		</trkpt>
		<trkpt lat="34.604787" lon="127.489148">
			<ele>0.00</ele>
			<time>2020-01-19T23:02:32.21Z</time>
		</trkpt>
		<trkpt lat="34.604739" lon="127.489138">
			<ele>0.00</ele>
			<time>2020-01-19T23:02:32.53Z</time>
		</trkpt>
		<trkpt lat="34.604696" lon="127.489142">
			<ele>0.00</ele>
			<time>2020-01-19T23:02:32.82Z</time>
		</trkpt>
		<trkpt lat="34.604655" lon="127.489135">
			<ele>0.00</ele>
			<time>2020-01-19T23:02:33.10Z</time>
		</trkpt>
		<trkpt lat="34.604611" lon="127.489118">
			<ele>0.00</ele>
			<time>2020-01-19T23:02:33.41Z</time>
		</trkpt>
		<trkpt lat="34.604568" lon="127.489100">
			<ele>0.00</ele>
			<time>2020-01-19T23:02:33.70Z</time>
		</trkpt>
		<trkpt lat="34.604532" lon="127.489069">
			<ele>0.00</ele>
			<time>2020-01-19T23:02:34Z</time>
		</trkpt>
		<trkpt lat="34.604492" lon="127.489042">
			<ele>0.00</ele>
			<time>2020-01-19T23:02:34.30Z</time>
		</trkpt>
		<trkpt lat="34.604458" lon="127.489011">
			<ele>0.00</ele>
			<time>2020-01-19T23:02:34.59Z</time>
		</trkpt>
		<trkpt lat="34.604439" lon="127.488975">
			<ele>0.00</ele>
			<time>2020-01-19T23:02:34.82Z</time>
		</trkpt>
		<trkpt lat="34.604420" lon="127.488934">
			<ele>0.00</ele>
			<time>2020-01-19T23:02:35.08Z</time>
		</trkpt>
		<trkpt lat="34.604396" lon="127.488879">
			<ele>0.00</ele>
			<time>2020-01-19T23:02:35.43Z</time>
		</trkpt>
		<trkpt lat="34.604377" lon="127.488833">
			<ele>0.00</ele>
			<time>2020-01-19T23:02:35.71Z</time>
		</trkpt>
		<trkpt lat="34.604346" lon="127.488787">
			<ele>0.00</ele>
			<time>2020-01-19T23:02:36.03Z</time>
		</trkpt>
		<trkpt lat="34.604307" lon="127.488750">
			<ele>0.00</ele>
			<time>2020-01-19T23:02:36.36Z</time>
		</trkpt>
		<trkpt lat="34.604280" lon="127.488730">
			<ele>0.00</ele>
			<time>2020-01-19T23:02:36.57Z</time>
		</trkpt>
		<trkpt lat="34.604234" lon="127.488696">
			<ele>0.00</ele>
			<time>2020-01-19T23:02:36.94Z</time>
		</trkpt>
		<trkpt lat="34.604197" lon="127.488650">
			<ele>0.00</ele>
			<time>2020-01-19T23:02:37.29Z</time>
		</trkpt>
		<trkpt lat="34.604169" lon="127.488615">
			<ele>0.00</ele>
			<time>2020-01-19T23:02:37.55Z</time>
		</trkpt>
		<trkpt lat="34.604129" lon="127.488573">
			<ele>0.00</ele>
			<time>2020-01-19T23:02:37.90Z</time>
		</trkpt>
		<trkpt lat="34.604088" lon="127.488532">
			<ele>0.00</ele>
			<time>2020-01-19T23:02:38.26Z</time>
		</trkpt>
		<trkpt lat="34.604044" lon="127.488479">
			<ele>0.00</ele>
			<time>2020-01-19T23:02:38.67Z</time>
		</trkpt>
		<trkpt lat="34.604008" lon="127.488420">
			<ele>0.00</ele>
			<time>2020-01-19T23:02:39.07Z</time>
		</trkpt>
		<trkpt lat="34.603978" lon="127.488347">
			<ele>0.00</ele>
			<time>2020-01-19T23:02:39.52Z</time>
		</trkpt>
		<trkpt lat="34.603950" lon="127.488279">
			<ele>0.00</ele>
			<time>2020-01-19T23:02:39.94Z</time>
		</trkpt>
		<trkpt lat="34.603909" lon="127.488231">
			<ele>0.00</ele>
			<time>2020-01-19T23:02:40.32Z</time>
		</trkpt>
		<trkpt lat="34.603880" lon="127.488192">
			<ele>0.00</ele>
			<time>2020-01-19T23:02:40.61Z</time>
		</trkpt>
		<trkpt lat="34.603845" lon="127.488163">
			<ele>0.00</ele>
			<time>2020-01-19T23:02:40.89Z</time>
		</trkpt>
		<trkpt lat="34.603796" lon="127.488143">
			<ele>0.00</ele>
			<time>2020-01-19T23:02:41.24Z</time>
		</trkpt>
		<trkpt lat="34.603746" lon="127.488121">
			<ele>0.00</ele>
			<time>2020-01-19T23:02:41.59Z</time>
		</trkpt>
		<trkpt lat="34.603699" lon="127.488107">
			<ele>0.00</ele>
			<time>2020-01-19T23:02:41.91Z</time>
		</trkpt>
		<trkpt lat="34.603656" lon="127.488095">
			<ele>0.00</ele>
			<time>2020-01-19T23:02:42.21Z</time>
		</trkpt>
		<trkpt lat="34.603603" lon="127.488072">
			<ele>0.00</ele>
			<time>2020-01-19T23:02:42.58Z</time>
		</trkpt>
		<trkpt lat="34.603546" lon="127.488058">
			<ele>0.00</ele>
			<time>2020-01-19T23:02:42.97Z</time>
		</trkpt>
		<trkpt lat="34.603495" lon="127.488045">
			<ele>0.00</ele>
			<time>2020-01-19T23:02:43.32Z</time>
		</trkpt>
		<trkpt lat="34.603443" lon="127.488033">
			<ele>0.00</ele>
			<time>2020-01-19T23:02:43.67Z</time>
		</trkpt>
		<trkpt lat="34.603392" lon="127.488017">
			<ele>0.00</ele>
			<time>2020-01-19T23:02:44.03Z</time>
		</trkpt>
		<trkpt lat="34.603345" lon="127.488005">
			<ele>0.00</ele>
			<time>2020-01-19T23:02:44.34Z</time>
		</trkpt>
		<trkpt lat="34.603307" lon="127.487997">
			<ele>0.00</ele>
			<time>2020-01-19T23:02:44.60Z</time>
		</trkpt>
		<trkpt lat="34.603265" lon="127.487971">
			<ele>0.00</ele>
			<time>2020-01-19T23:02:44.91Z</time>
		</trkpt>
		<trkpt lat="34.603227" lon="127.487945">
			<ele>0.00</ele>
			<time>2020-01-19T23:02:45.21Z</time>
		</trkpt>
		<trkpt lat="34.603201" lon="127.487909">
			<ele>0.00</ele>
			<time>2020-01-19T23:02:45.47Z</time>
		</trkpt>
		<trkpt lat="34.603180" lon="127.487874">
			<ele>0.00</ele>
			<time>2020-01-19T23:02:45.70Z</time>
		</trkpt>
		<trkpt lat="34.603141" lon="127.487829">
			<ele>0.00</ele>
			<time>2020-01-19T23:02:46.07Z</time>
		</trkpt>
		<trkpt lat="34.603108" lon="127.487790">
			<ele>0.00</ele>
			<time>2020-01-19T23:02:46.37Z</time>
		</trkpt>
		<trkpt lat="34.603079" lon="127.487735">
			<ele>0.00</ele>
			<time>2020-01-19T23:02:46.73Z</time>
		</trkpt>
		<trkpt lat="34.603052" lon="127.487694">
			<ele>0.00</ele>
			<time>2020-01-19T23:02:47.02Z</time>
		</trkpt>
		<trkpt lat="34.603024" lon="127.487631">
			<ele>0.00</ele>
			<time>2020-01-19T23:02:47.41Z</time>
		</trkpt>
		<trkpt lat="34.603005" lon="127.487584">
			<ele>0.00</ele>
			<time>2020-01-19T23:02:47.69Z</time>
		</trkpt>
		<trkpt lat="34.602976" lon="127.487527">
			<ele>0.00</ele>
			<time>2020-01-19T23:02:48.06Z</time>
		</trkpt>
		<trkpt lat="34.602947" lon="127.487479">
			<ele>0.00</ele>
			<time>2020-01-19T23:02:48.39Z</time>
		</trkpt>
		<trkpt lat="34.602922" lon="127.487431">
			<ele>0.00</ele>
			<time>2020-01-19T23:02:48.70Z</time>
		</trkpt>
		<trkpt lat="34.602894" lon="127.487389">
			<ele>0.00</ele>
			<time>2020-01-19T23:02:49Z</time>
		</trkpt>
		<trkpt lat="34.602858" lon="127.487347">
			<ele>0.00</ele>
			<time>2020-01-19T23:02:49.33Z</time>
		</trkpt>
		<trkpt lat="34.602818" lon="127.487303">
			<ele>0.00</ele>
			<time>2020-01-19T23:02:49.69Z</time>
		</trkpt>
		<trkpt lat="34.602779" lon="127.487264">
			<ele>0.00</ele>
			<time>2020-01-19T23:02:50.03Z</time>
		</trkpt>
		<trkpt lat="34.602748" lon="127.487229">
			<ele>0.00</ele>
			<time>2020-01-19T23:02:50.31Z</time>
		</trkpt>
		<trkpt lat="34.602712" lon="127.487202">
			<ele>0.00</ele>
			<time>2020-01-19T23:02:50.59Z</time>
		</trkpt>
		<trkpt lat="34.602670" lon="127.487184">
			<ele>0.00</ele>
			<time>2020-01-19T23:02:50.89Z</time>
		</trkpt>
		<trkpt lat="34.602595" lon="127.487159">
			<ele>0.00</ele>
			<time>2020-01-19T23:02:51.41Z</time>
		</trkpt>
		<trkpt lat="34.602528" lon="127.487146">
			<ele>0.00</ele>
			<time>2020-01-19T23:02:51.86Z</time>
		</trkpt>
		<trkpt lat="34.602439" lon="127.487132">
			<ele>0.00</ele>
			<time>2020-01-19T23:02:52.46Z</time>
		</trkpt>
		<trkpt lat="34.602348" lon="127.487120">
			<ele>0.00</ele>
			<time>2020-01-19T23:02:53.07Z</time>
		</trkpt>
		<trkpt lat="34.602269" lon="127.487129">
			<ele>0.00</ele>
			<time>2020-01-19T23:02:53.59Z</time>
		</trkpt>
		<trkpt lat="34.602187" lon="127.487155">
			<ele>0.00</ele>
			<time>2020-01-19T23:02:54.16Z</time>
		</trkpt>
		<trkpt lat="34.602111" lon="127.487147">
			<ele>0.00</ele>
			<time>2020-01-19T23:02:54.67Z</time>
		</trkpt>
		<trkpt lat="34.602042" lon="127.487145">
			<ele>0.00</ele>
			<time>2020-01-19T23:02:55.13Z</time>
		</trkpt>
		<trkpt lat="34.601971" lon="127.487135">
			<ele>0.00</ele>
			<time>2020-01-19T23:02:55.61Z</time>
		</trkpt>
		<trkpt lat="34.601911" lon="127.487114">
			<ele>0.00</ele>
			<time>2020-01-19T23:02:56.02Z</time>
		</trkpt>
		<trkpt lat="34.601846" lon="127.487079">
			<ele>0.00</ele>
			<time>2020-01-19T23:02:56.50Z</time>
		</trkpt>
		<trkpt lat="34.601796" lon="127.487031">
			<ele>0.00</ele>
			<time>2020-01-19T23:02:56.92Z</time>
		</trkpt>
		<trkpt lat="34.601760" lon="127.486985">
			<ele>0.00</ele>
			<time>2020-01-19T23:02:57.27Z</time>
		</trkpt>
		<trkpt lat="34.601716" lon="127.486938">
			<ele>0.00</ele>
			<time>2020-01-19T23:02:57.66Z</time>
		</trkpt>
		<trkpt lat="34.601656" lon="127.486868">
			<ele>0.00</ele>
			<time>2020-01-19T23:02:58.21Z</time>
		</trkpt>
		<trkpt lat="34.601608" lon="127.486807">
			<ele>0.00</ele>
			<time>2020-01-19T23:02:58.68Z</time>
		</trkpt>
		<trkpt lat="34.601560" lon="127.486758">
			<ele>0.00</ele>
			<time>2020-01-19T23:02:59.09Z</time>
		</trkpt>
		<trkpt lat="34.601505" lon="127.486712">
			<ele>0.00</ele>
			<time>2020-01-19T23:02:59.54Z</time>
		</trkpt>
		<trkpt lat="34.601453" lon="127.486662">
			<ele>0.00</ele>
			<time>2020-01-19T23:02:59.99Z</time>
		</trkpt>
		<trkpt lat="34.601388" lon="127.486608">
			<ele>0.00</ele>
			<time>2020-01-19T23:03:00.51Z</time>
		</trkpt>
		<trkpt lat="34.601332" lon="127.486558">
			<ele>0.00</ele>
			<time>2020-01-19T23:03:00.98Z</time>
		</trkpt>
		<trkpt lat="34.601272" lon="127.486495">
			<ele>0.00</ele>
			<time>2020-01-19T23:03:01.50Z</time>
		</trkpt>
		<trkpt lat="34.601208" lon="127.486440">
			<ele>0.00</ele>
			<time>2020-01-19T23:03:02.02Z</time>
		</trkpt>
		<trkpt lat="34.601146" lon="127.486411">
			<ele>0.00</ele>
			<time>2020-01-19T23:03:02.47Z</time>
		</trkpt>
		<trkpt lat="34.601101" lon="127.486452">
			<ele>0.00</ele>
			<time>2020-01-19T23:03:02.84Z</time>
		</trkpt>
		<trkpt lat="34.601094" lon="127.486526">
			<ele>0.00</ele>
			<time>2020-01-19T23:03:03.25Z</time>
		</trkpt>
		<trkpt lat="34.601124" lon="127.486602">
			<ele>0.00</ele>
			<time>2020-01-19T23:03:03.71Z</time>
		</trkpt>
		<trkpt lat="34.601165" lon="127.486683">
			<ele>0.00</ele>
			<time>2020-01-19T23:03:04.23Z</time>
		</trkpt>
		<trkpt lat="34.601208" lon="127.486761">
			<ele>0.00</ele>
			<time>2020-01-19T23:03:04.75Z</time>
		</trkpt>
		<trkpt lat="34.601249" lon="127.486844">
			<ele>0.00</ele>
			<time>2020-01-19T23:03:05.28Z</time>
		</trkpt>
		<trkpt lat="34.601288" lon="127.486920">
			<ele>0.00</ele>
			<time>2020-01-19T23:03:05.77Z</time>
		</trkpt>
		<trkpt lat="34.601330" lon="127.487018">
			<ele>0.00</ele>
			<time>2020-01-19T23:03:06.38Z</time>
		</trkpt>
		<trkpt lat="34.601372" lon="127.487109">
			<ele>0.00</ele>
			<time>2020-01-19T23:03:06.95Z</time>
		</trkpt>
		<trkpt lat="34.601405" lon="127.487186">
			<ele>0.00</ele>
			<time>2020-01-19T23:03:07.43Z</time>
		</trkpt>
		<trkpt lat="34.601449" lon="127.487257">
			<ele>0.00</ele>
			<time>2020-01-19T23:03:07.91Z</time>
		</trkpt>
		<trkpt lat="34.601498" lon="127.487336">
			<ele>0.00</ele>
			<time>2020-01-19T23:03:08.46Z</time>
		</trkpt>
		<trkpt lat="34.601564" lon="127.487430">
			<ele>0.00</ele>
			<time>2020-01-19T23:03:09.13Z</time>
		</trkpt>
		<trkpt lat="34.601626" lon="127.487511">
			<ele>0.00</ele>
			<time>2020-01-19T23:03:09.74Z</time>
		</trkpt>
		<trkpt lat="34.601672" lon="127.487589">
			<ele>0.00</ele>
			<time>2020-01-19T23:03:10.27Z</time>
		</trkpt>
		<trkpt lat="34.601754" lon="127.487649">
			<ele>0.00</ele>
			<time>2020-01-19T23:03:10.91Z</time>
		</trkpt>
		<trkpt lat="34.601819" lon="127.487692">
			<ele>0.00</ele>
			<time>2020-01-19T23:03:11.40Z</time>
		</trkpt>
		<trkpt lat="34.601884" lon="127.487731">
			<ele>0.00</ele>
			<time>2020-01-19T23:03:11.88Z</time>
		</trkpt>
		<trkpt lat="34.601965" lon="127.487752">
			<ele>0.00</ele>
			<time>2020-01-19T23:03:12.43Z</time>
		</trkpt>
		<trkpt lat="34.602034" lon="127.487782">
			<ele>0.00</ele>
			<time>2020-01-19T23:03:12.92Z</time>
		</trkpt>
		<trkpt lat="34.602105" lon="127.487817">
			<ele>0.00</ele>
			<time>2020-01-19T23:03:13.44Z</time>
		</trkpt>
		<trkpt lat="34.602185" lon="127.487852">
			<ele>0.00</ele>
			<time>2020-01-19T23:03:14Z</time>
		</trkpt>
		<trkpt lat="34.602272" lon="127.487902">
			<ele>0.00</ele>
			<time>2020-01-19T23:03:14.65Z</time>
		</trkpt>
		<trkpt lat="34.602351" lon="127.487954">
			<ele>0.00</ele>
			<time>2020-01-19T23:03:15.25Z</time>
		</trkpt>
		<trkpt lat="34.602419" lon="127.488002">
			<ele>0.00</ele>
			<time>2020-01-19T23:03:15.77Z</time>
		</trkpt>
		<trkpt lat="34.602483" lon="127.488058">
			<ele>0.00</ele>
			<time>2020-01-19T23:03:16.29Z</time>
		</trkpt>
		<trkpt lat="34.602532" lon="127.488109">
			<ele>0.00</ele>
			<time>2020-01-19T23:03:16.72Z</time>
		</trkpt>
		<trkpt lat="34.602584" lon="127.488163">
			<ele>0.00</ele>
			<time>2020-01-19T23:03:17.18Z</time>
		</trkpt>
		<trkpt lat="34.602653" lon="127.488253">
			<ele>0.00</ele>
			<time>2020-01-19T23:03:17.86Z</time>
		</trkpt>
		<trkpt lat="34.602702" lon="127.488325">
			<ele>0.00</ele>
			<time>2020-01-19T23:03:18.37Z</time>
		</trkpt>
		<trkpt lat="34.602750" lon="127.488401">
			<ele>0.00</ele>
			<time>2020-01-19T23:03:18.89Z</time>
		</trkpt>
		<trkpt lat="34.602798" lon="127.488484">
			<ele>0.00</ele>
			<time>2020-01-19T23:03:19.45Z</time>
		</trkpt>
		<trkpt lat="34.602845" lon="127.488566">
			<ele>0.00</ele>
			<time>2020-01-19T23:03:20Z</time>
		</trkpt>
		<trkpt lat="34.602887" lon="127.488639">
			<ele>0.00</ele>
			<time>2020-01-19T23:03:20.49Z</time>
		</trkpt>
		<trkpt lat="34.602935" lon="127.488720">
			<ele>0.00</ele>
			<time>2020-01-19T23:03:21.03Z</time>
		</trkpt>
		<trkpt lat="34.602981" lon="127.488788">
			<ele>0.00</ele>
			<time>2020-01-19T23:03:21.52Z</time>
		</trkpt>
		<trkpt lat="34.603021" lon="127.488864">
			<ele>0.00</ele>
			<time>2020-01-19T23:03:22.01Z</time>
		</trkpt>
		<trkpt lat="34.603060" lon="127.488952">
			<ele>0.00</ele>
			<time>2020-01-19T23:03:22.56Z</time>
		</trkpt>
		<trkpt lat="34.603111" lon="127.489050">
			<ele>0.00</ele>
			<time>2020-01-19T23:03:23.20Z</time>
		</trkpt>
		<trkpt lat="34.603163" lon="127.489136">
			<ele>0.00</ele>
			<time>2020-01-19T23:03:23.78Z</time>
		</trkpt>
		<trkpt lat="34.603205" lon="127.489205">
			<ele>0.00</ele>
			<time>2020-01-19T23:03:24.25Z</time>
		</trkpt>
		<trkpt lat="34.603236" lon="127.489263">
			<ele>0.00</ele>
			<time>2020-01-19T23:03:24.64Z</time>
		</trkpt>
		<trkpt lat="34.603270" lon="127.489316">
			<ele>0.00</ele>
			<time>2020-01-19T23:03:25Z</time>
		</trkpt>
		<trkpt lat="34.603308" lon="127.489389">
			<ele>0.00</ele>
			<time>2020-01-19T23:03:25.48Z</time>
		</trkpt>
		<trkpt lat="34.603339" lon="127.489447">
			<ele>0.00</ele>
			<time>2020-01-19T23:03:25.86Z</time>
		</trkpt>
		<trkpt lat="34.603382" lon="127.489510">
			<ele>0.00</ele>
			<time>2020-01-19T23:03:26.30Z</time>
		</trkpt>
		<trkpt lat="34.603416" lon="127.489567">
			<ele>0.00</ele>
			<time>2020-01-19T23:03:26.69Z</time>
		</trkpt>
		<trkpt lat="34.603431" lon="127.489625">
			<ele>0.00</ele>
			<time>2020-01-19T23:03:27.03Z</time>
		</trkpt>
		<trkpt lat="34.603403" lon="127.489643">
			<ele>0.00</ele>
			<time>2020-01-19T23:03:27.24Z</time>
		</trkpt>
		<trkpt lat="34.603352" lon="127.489616">
			<ele>0.00</ele>
			<time>2020-01-19T23:03:27.61Z</time>
		</trkpt>
		<trkpt lat="34.603304" lon="127.489580">
			<ele>0.00</ele>
			<time>2020-01-19T23:03:27.99Z</time>
		</trkpt>
		<trkpt lat="34.603261" lon="127.489541">
			<ele>0.00</ele>
			<time>2020-01-19T23:03:28.34Z</time>
		</trkpt>
		<trkpt lat="34.603217" lon="127.489502">
			<ele>0.00</ele>
			<time>2020-01-19T23:03:28.70Z</time>
		</trkpt>
		<trkpt lat="34.603165" lon="127.489457">
			<ele>0.00</ele>
			<time>2020-01-19T23:03:29.13Z</time>
		</trkpt>
		<trkpt lat="34.603126" lon="127.489418">
			<ele>0.00</ele>
			<time>2020-01-19T23:03:29.47Z</time>
		</trkpt>
		<trkpt lat="34.603074" lon="127.489372">
			<ele>0.00</ele>
			<time>2020-01-19T23:03:29.90Z</time>
		</trkpt>
		<trkpt lat="34.603032" lon="127.489327">
			<ele>0.00</ele>
			<time>2020-01-19T23:03:30.27Z</time>
		</trkpt>
		<trkpt lat="34.602984" lon="127.489278">
			<ele>0.00</ele>
			<time>2020-01-19T23:03:30.69Z</time>
		</trkpt>
		<trkpt lat="34.602939" lon="127.489223">
			<ele>0.00</ele>
			<time>2020-01-19T23:03:31.12Z</time>
		</trkpt>
		<trkpt lat="34.602886" lon="127.489161">
			<ele>0.00</ele>
			<time>2020-01-19T23:03:31.61Z</time>
		</trkpt>
		<trkpt lat="34.602840" lon="127.489091">
			<ele>0.00</ele>
			<time>2020-01-19T23:03:32.10Z</time>
		</trkpt>
		<trkpt lat="34.602792" lon="127.489037">
			<ele>0.00</ele>
			<time>2020-01-19T23:03:32.53Z</time>
		</trkpt>
		<trkpt lat="34.602758" lon="127.488993">
			<ele>0.00</ele>
			<time>2020-01-19T23:03:32.87Z</time>
		</trkpt>
		<trkpt lat="34.602721" lon="127.488930">
			<ele>0.00</ele>
			<time>2020-01-19T23:03:33.29Z</time>
		</trkpt>
		<trkpt lat="34.602684" lon="127.488863">
			<ele>0.00</ele>
			<time>2020-01-19T23:03:33.73Z</time>
		</trkpt>
		<trkpt lat="34.602649" lon="127.488803">
			<ele>0.00</ele>
			<time>2020-01-19T23:03:34.14Z</time>
		</trkpt>
		<trkpt lat="34.602612" lon="127.488756">
			<ele>0.00</ele>
			<time>2020-01-19T23:03:34.49Z</time>
		</trkpt>
		<trkpt lat="34.602573" lon="127.488707">
			<ele>0.00</ele>
			<time>2020-01-19T23:03:34.86Z</time>
		</trkpt>
		<trkpt lat="34.602535" lon="127.488653">
			<ele>0.00</ele>
			<time>2020-01-19T23:03:35.25Z</time>
		</trkpt>
		<trkpt lat="34.602491" lon="127.488595">
			<ele>0.00</ele>
			<time>2020-01-19T23:03:35.69Z</time>
		</trkpt>
		<trkpt lat="34.602448" lon="127.488544">
			<ele>0.00</ele>
			<time>2020-01-19T23:03:36.09Z</time>
		</trkpt>
		<trkpt lat="34.602401" lon="127.488496">
			<ele>0.00</ele>
			<time>2020-01-19T23:03:36.50Z</time>
		</trkpt>
		<trkpt lat="34.602348" lon="127.488444">
			<ele>0.00</ele>
			<time>2020-01-19T23:03:36.95Z</time>
		</trkpt>
		<trkpt lat="34.602297" lon="127.488407">
			<ele>0.00</ele>
			<time>2020-01-19T23:03:37.35Z</time>
		</trkpt>
		<trkpt lat="34.602238" lon="127.488367">
			<ele>0.00</ele>
			<time>2020-01-19T23:03:37.80Z</time>
		</trkpt>
		<trkpt lat="34.602173" lon="127.488343">
			<ele>0.00</ele>
			<time>2020-01-19T23:03:38.25Z</time>
		</trkpt>
		<trkpt lat="34.602107" lon="127.488340">
			<ele>0.00</ele>
			<time>2020-01-19T23:03:38.69Z</time>
		</trkpt>
		<trkpt lat="34.602044" lon="127.488343">
			<ele>0.00</ele>
			<time>2020-01-19T23:03:39.12Z</time>
		</trkpt>
		<trkpt lat="34.601976" lon="127.488346">
			<ele>0.00</ele>
			<time>2020-01-19T23:03:39.57Z</time>
		</trkpt>
		<trkpt lat="34.601911" lon="127.488359">
			<ele>0.00</ele>
			<time>2020-01-19T23:03:40Z</time>
		</trkpt>
		<trkpt lat="34.601858" lon="127.488351">
			<ele>0.00</ele>
			<time>2020-01-19T23:03:40.36Z</time>
		</trkpt>
		<trkpt lat="34.601799" lon="127.488343">
			<ele>0.00</ele>
			<time>2020-01-19T23:03:40.76Z</time>
		</trkpt>
		<trkpt lat="34.601756" lon="127.488335">
			<ele>0.00</ele>
			<time>2020-01-19T23:03:41.05Z</time>
		</trkpt>
		<trkpt lat="34.601711" lon="127.488313">
			<ele>0.00</ele>
			<time>2020-01-19T23:03:41.37Z</time>
		</trkpt>
		<trkpt lat="34.601658" lon="127.488279">
			<ele>0.00</ele>
			<time>2020-01-19T23:03:41.77Z</time>
		</trkpt>
		<trkpt lat="34.601611" lon="127.488242">
			<ele>0.00</ele>
			<time>2020-01-19T23:03:42.15Z</time>
		</trkpt>
		<trkpt lat="34.601562" lon="127.488200">
			<ele>0.00</ele>
			<time>2020-01-19T23:03:42.54Z</time>
		</trkpt>
		<trkpt lat="34.601520" lon="127.488154">
			<ele>0.00</ele>
			<time>2020-01-19T23:03:42.92Z</time>
		</trkpt>
		<trkpt lat="34.601475" lon="127.488108">
			<ele>0.00</ele>
			<time>2020-01-19T23:03:43.31Z</time>
		</trkpt>
		<trkpt lat="34.601428" lon="127.488078">
			<ele>0.00</ele>
			<time>2020-01-19T23:03:43.67Z</time>
		</trkpt>
		<trkpt lat="34.601375" lon="127.488058">
			<ele>0.00</ele>
			<time>2020-01-19T23:03:44.04Z</time>
		</trkpt>
		<trkpt lat="34.601318" lon="127.488054">
			<ele>0.00</ele>
			<time>2020-01-19T23:03:44.42Z</time>
		</trkpt>
		<trkpt lat="34.601243" lon="127.488068">
			<ele>0.00</ele>
			<time>2020-01-19T23:03:44.92Z</time>
		</trkpt>
		<trkpt lat="34.601166" lon="127.488083">
			<ele>0.00</ele>
			<time>2020-01-19T23:03:45.45Z</time>
		</trkpt>
		<trkpt lat="34.601087" lon="127.488081">
			<ele>0.00</ele>
			<time>2020-01-19T23:03:45.97Z</time>
		</trkpt>
		<trkpt lat="34.601025" lon="127.488066">
			<ele>0.00</ele>
			<time>2020-01-19T23:03:46.39Z</time>
		</trkpt>
		<trkpt lat="34.600962" lon="127.488043">
			<ele>0.00</ele>
			<time>2020-01-19T23:03:46.83Z</time>
		</trkpt>
		<trkpt lat="34.600905" lon="127.487999">
			<ele>0.00</ele>
			<time>2020-01-19T23:03:47.28Z</time>
		</trkpt>
		<trkpt lat="34.600849" lon="127.487940">
			<ele>0.00</ele>
			<time>2020-01-19T23:03:47.78Z</time>
		</trkpt>
		<trkpt lat="34.600806" lon="127.487881">
			<ele>0.00</ele>
			<time>2020-01-19T23:03:48.21Z</time>
		</trkpt>
		<trkpt lat="34.600764" lon="127.487815">
			<ele>0.00</ele>
			<time>2020-01-19T23:03:48.66Z</time>
		</trkpt>
		<trkpt lat="34.600730" lon="127.487756">
			<ele>0.00</ele>
			<time>2020-01-19T23:03:49.06Z</time>
		</trkpt>
		<trkpt lat="34.600692" lon="127.487686">
			<ele>0.00</ele>
			<time>2020-01-19T23:03:49.52Z</time>
		</trkpt>
		<trkpt lat="34.600657" lon="127.487629">
			<ele>0.00</ele>
			<time>2020-01-19T23:03:49.91Z</time>
		</trkpt>
		<trkpt lat="34.600609" lon="127.487578">
			<ele>0.00</ele>
			<time>2020-01-19T23:03:50.34Z</time>
		</trkpt>
		<trkpt lat="34.600553" lon="127.487537">
			<ele>0.00</ele>
			<time>2020-01-19T23:03:50.77Z</time>
		</trkpt>
		<trkpt lat="34.600488" lon="127.487510">
			<ele>0.00</ele>
			<time>2020-01-19T23:03:51.23Z</time>
		</trkpt>
		<trkpt lat="34.600417" lon="127.487483">
			<ele>0.00</ele>
			<time>2020-01-19T23:03:51.73Z</time>
		</trkpt>
		<trkpt lat="34.600355" lon="127.487464">
			<ele>0.00</ele>
			<time>2020-01-19T23:03:52.15Z</time>
		</trkpt>
		<trkpt lat="34.600297" lon="127.487453">
			<ele>0.00</ele>
			<time>2020-01-19T23:03:52.54Z</time>
		</trkpt>
		<trkpt lat="34.600242" lon="127.487452">
			<ele>0.00</ele>
			<time>2020-01-19T23:03:52.91Z</time>
		</trkpt>
		<trkpt lat="34.600187" lon="127.487453">
			<ele>0.00</ele>
			<time>2020-01-19T23:03:53.28Z</time>
		</trkpt>
		<trkpt lat="34.600133" lon="127.487436">
			<ele>0.00</ele>
			<time>2020-01-19T23:03:53.65Z</time>
		</trkpt>
		<trkpt lat="34.600073" lon="127.487417">
			<ele>0.00</ele>
			<time>2020-01-19T23:03:54.06Z</time>
		</trkpt>
		<trkpt lat="34.600023" lon="127.487394">
			<ele>0.00</ele>
			<time>2020-01-19T23:03:54.42Z</time>
		</trkpt>
		<trkpt lat="34.599968" lon="127.487360">
			<ele>0.00</ele>
			<time>2020-01-19T23:03:54.83Z</time>
		</trkpt>
		<trkpt lat="34.599907" lon="127.487319">
			<ele>0.00</ele>
			<time>2020-01-19T23:03:55.29Z</time>
		</trkpt>
		<trkpt lat="34.599856" lon="127.487289">
			<ele>0.00</ele>
			<time>2020-01-19T23:03:55.67Z</time>
		</trkpt>
		<trkpt lat="34.599804" lon="127.487254">
			<ele>0.00</ele>
			<time>2020-01-19T23:03:56.07Z</time>
		</trkpt>
		<trkpt lat="34.599739" lon="127.487226">
			<ele>0.00</ele>
			<time>2020-01-19T23:03:56.53Z</time>
		</trkpt>
		<trkpt lat="34.599681" lon="127.487199">
			<ele>0.00</ele>
			<time>2020-01-19T23:03:56.94Z</time>
		</trkpt>
		<trkpt lat="34.599612" lon="127.487164">
			<ele>0.00</ele>
			<time>2020-01-19T23:03:57.44Z</time>
		</trkpt>
		<trkpt lat="34.599554" lon="127.487123">
			<ele>0.00</ele>
			<time>2020-01-19T23:03:57.89Z</time>
		</trkpt>
		<trkpt lat="34.599492" lon="127.487083">
			<ele>0.00</ele>
			<time>2020-01-19T23:03:58.35Z</time>
		</trkpt>
		<trkpt lat="34.599437" lon="127.487043">
			<ele>0.00</ele>
			<time>2020-01-19T23:03:58.78Z</time>
		</trkpt>
		<trkpt lat="34.599366" lon="127.486999">
			<ele>0.00</ele>
			<time>2020-01-19T23:03:59.32Z</time>
		</trkpt>
		<trkpt lat="34.599308" lon="127.486972">
			<ele>0.00</ele>
			<time>2020-01-19T23:03:59.73Z</time>
		</trkpt>
		<trkpt lat="34.599270" lon="127.486968">
			<ele>0.00</ele>
			<time>2020-01-19T23:03:59.98Z</time>
		</trkpt>
		<trkpt lat="34.599231" lon="127.486985">
			<ele>0.00</ele>
			<time>2020-01-19T23:04:00.26Z</time>
		</trkpt>
		<trkpt lat="34.599193" lon="127.487004">
			<ele>0.00</ele>
			<time>2020-01-19T23:04:00.53Z</time>
		</trkpt>
		<trkpt lat="34.599160" lon="127.487004">
			<ele>0.00</ele>
			<time>2020-01-19T23:04:00.75Z</time>
		</trkpt>
		<trkpt lat="34.599113" lon="127.487009">
			<ele>0.00</ele>
			<time>2020-01-19T23:04:01.07Z</time>
		</trkpt>
		<trkpt lat="34.599083" lon="127.487037">
			<ele>0.00</ele>
			<time>2020-01-19T23:04:01.32Z</time>
		</trkpt>
		<trkpt lat="34.599080" lon="127.487081">
			<ele>0.00</ele>
			<time>2020-01-19T23:04:01.56Z</time>
		</trkpt>
		<trkpt lat="34.599093" lon="127.487109">
			<ele>0.00</ele>
			<time>2020-01-19T23:04:01.74Z</time>
		</trkpt>
		<trkpt lat="34.599146" lon="127.487156">
			<ele>0.00</ele>
			<time>2020-01-19T23:04:02.18Z</time>
		</trkpt>
		<trkpt lat="34.599193" lon="127.487192">
			<ele>0.00</ele>
			<time>2020-01-19T23:04:02.55Z</time>
		</trkpt>
		<trkpt lat="34.599237" lon="127.487230">
			<ele>0.00</ele>
			<time>2020-01-19T23:04:02.91Z</time>
		</trkpt>
		<trkpt lat="34.599270" lon="127.487263">
			<ele>0.00</ele>
			<time>2020-01-19T23:04:03.19Z</time>
		</trkpt>
		<trkpt lat="34.599311" lon="127.487300">
			<ele>0.00</ele>
			<time>2020-01-19T23:04:03.53Z</time>
		</trkpt>
		<trkpt lat="34.599355" lon="127.487327">
			<ele>0.00</ele>
			<time>2020-01-19T23:04:03.86Z</time>
		</trkpt>
		<trkpt lat="34.599390" lon="127.487345">
			<ele>0.00</ele>
			<time>2020-01-19T23:04:04.11Z</time>
		</trkpt>
		<trkpt lat="34.599427" lon="127.487357">
			<ele>0.00</ele>
			<time>2020-01-19T23:04:04.37Z</time>
		</trkpt>
		<trkpt lat="34.599462" lon="127.487372">
			<ele>0.00</ele>
			<time>2020-01-19T23:04:04.62Z</time>
		</trkpt>
		<trkpt lat="34.599498" lon="127.487396">
			<ele>0.00</ele>
			<time>2020-01-19T23:04:04.89Z</time>
		</trkpt>
		<trkpt lat="34.599536" lon="127.487460">
			<ele>0.00</ele>
			<time>2020-01-19T23:04:05.32Z</time>
		</trkpt>
		<trkpt lat="34.599559" lon="127.487524">
			<ele>0.00</ele>
			<time>2020-01-19T23:04:05.70Z</time>
		</trkpt>
		<trkpt lat="34.599579" lon="127.487586">
			<ele>0.00</ele>
			<time>2020-01-19T23:04:06.07Z</time>
		</trkpt>
		<trkpt lat="34.599611" lon="127.487653">
			<ele>0.00</ele>
			<time>2020-01-19T23:04:06.50Z</time>
		</trkpt>
		<trkpt lat="34.599636" lon="127.487733">
			<ele>0.00</ele>
			<time>2020-01-19T23:04:06.96Z</time>
		</trkpt>
		<trkpt lat="34.599663" lon="127.487808">
			<ele>0.00</ele>
			<time>2020-01-19T23:04:07.41Z</time>
		</trkpt>
		<trkpt lat="34.599692" lon="127.487884">
			<ele>0.00</ele>
			<time>2020-01-19T23:04:07.87Z</time>
		</trkpt>
		<trkpt lat="34.599713" lon="127.487966">
			<ele>0.00</ele>
			<time>2020-01-19T23:04:08.34Z</time>
		</trkpt>
		<trkpt lat="34.599751" lon="127.488017">
			<ele>0.00</ele>
			<time>2020-01-19T23:04:08.72Z</time>
		</trkpt>
		<trkpt lat="34.599785" lon="127.488069">
			<ele>0.00</ele>
			<time>2020-01-19T23:04:09.08Z</time>
		</trkpt>
		<trkpt lat="34.599814" lon="127.488102">
			<ele>0.00</ele>
			<time>2020-01-19T23:04:09.35Z</time>
		</trkpt>
		<trkpt lat="34.599844" lon="127.488159">
			<ele>0.00</ele>
			<time>2020-01-19T23:04:09.72Z</time>
		</trkpt>
		<trkpt lat="34.599866" lon="127.488211">
			<ele>0.00</ele>
			<time>2020-01-19T23:04:10.05Z</time>
		</trkpt>
		<trkpt lat="34.599889" lon="127.488268">
			<ele>0.00</ele>
			<time>2020-01-19T23:04:10.39Z</time>
		</trkpt>
		<trkpt lat="34.599898" lon="127.488322">
			<ele>0.00</ele>
			<time>2020-01-19T23:04:10.70Z</time>
		</trkpt>
		<trkpt lat="34.599910" lon="127.488381">
			<ele>0.00</ele>
			<time>2020-01-19T23:04:11.03Z</time>
		</trkpt>
		<trkpt lat="34.599927" lon="127.488432">
			<ele>0.00</ele>
			<time>2020-01-19T23:04:11.33Z</time>
		</trkpt>
		<trkpt lat="34.599938" lon="127.488478">
			<ele>0.00</ele>
			<time>2020-01-19T23:04:11.59Z</time>
		</trkpt>
		<trkpt lat="34.599953" lon="127.488516">
			<ele>0.00</ele>
			<time>2020-01-19T23:04:11.82Z</time>
		</trkpt>
		<trkpt lat="34.599962" lon="127.488568">
			<ele>0.00</ele>
			<time>2020-01-19T23:04:12.11Z</time>
		</trkpt>
		<trkpt lat="34.599952" lon="127.488614">
			<ele>0.00</ele>
			<time>2020-01-19T23:04:12.38Z</time>
		</trkpt>
		<trkpt lat="34.599933" lon="127.488670">
			<ele>0.00</ele>
			<time>2020-01-19T23:04:12.71Z</time>
		</trkpt>
		<trkpt lat="34.599933" lon="127.488746">
			<ele>0.00</ele>
			<time>2020-01-19T23:04:13.13Z</time>
		</trkpt>
		<trkpt lat="34.599956" lon="127.488823">
			<ele>0.00</ele>
			<time>2020-01-19T23:04:13.58Z</time>
		</trkpt>
		<trkpt lat="34.599989" lon="127.488907">
			<ele>0.00</ele>
			<time>2020-01-19T23:04:14.08Z</time>
		</trkpt>
		<trkpt lat="34.600024" lon="127.488981">
			<ele>0.00</ele>
			<time>2020-01-19T23:04:14.56Z</time>
		</trkpt>
		<trkpt lat="34.600040" lon="127.489056">
			<ele>0.00</ele>
			<time>2020-01-19T23:04:14.98Z</time>
		</trkpt>
		<trkpt lat="34.600050" lon="127.489115">
			<ele>0.00</ele>
			<time>2020-01-19T23:04:15.31Z</time>
		</trkpt>
		<trkpt lat="34.600049" lon="127.489183">
			<ele>0.00</ele>
			<time>2020-01-19T23:04:15.68Z</time>
		</trkpt>
		<trkpt lat="34.600055" lon="127.489251">
			<ele>0.00</ele>
			<time>2020-01-19T23:04:16.06Z</time>
		</trkpt>
		<trkpt lat="34.600068" lon="127.489323">
			<ele>0.00</ele>
			<time>2020-01-19T23:04:16.46Z</time>
		</trkpt>
		<trkpt lat="34.600097" lon="127.489391">
			<ele>0.00</ele>
			<time>2020-01-19T23:04:16.88Z</time>
		</trkpt>
		<trkpt lat="34.600137" lon="127.489450">
			<ele>0.00</ele>
			<time>2020-01-19T23:04:17.30Z</time>
		</trkpt>
		<trkpt lat="34.600184" lon="127.489499">
			<ele>0.00</ele>
			<time>2020-01-19T23:04:17.72Z</time>
		</trkpt>
		<trkpt lat="34.600221" lon="127.489538">
			<ele>0.00</ele>
			<time>2020-01-19T23:04:18.05Z</time>
		</trkpt>
		<trkpt lat="34.600254" lon="127.489604">
			<ele>0.00</ele>
			<time>2020-01-19T23:04:18.46Z</time>
		</trkpt>
		<trkpt lat="34.600303" lon="127.489634">
			<ele>0.00</ele>
			<time>2020-01-19T23:04:18.83Z</time>
		</trkpt>
		<trkpt lat="34.600346" lon="127.489645">
			<ele>0.00</ele>
			<time>2020-01-19T23:04:19.13Z</time>
		</trkpt>
		<trkpt lat="34.600398" lon="127.489652">
			<ele>0.00</ele>
			<time>2020-01-19T23:04:19.47Z</time>
		</trkpt>
		<trkpt lat="34.600447" lon="127.489649">
			<ele>0.00</ele>
			<time>2020-01-19T23:04:19.80Z</time>
		</trkpt>
		<trkpt lat="34.600502" lon="127.489645">
			<ele>0.00</ele>
			<time>2020-01-19T23:04:20.17Z</time>
		</trkpt>
		<trkpt lat="34.600544" lon="127.489628">
			<ele>0.00</ele>
			<time>2020-01-19T23:04:20.46Z</time>
		</trkpt>
		<trkpt lat="34.600589" lon="127.489630">
			<ele>0.00</ele>
			<time>2020-01-19T23:04:20.76Z</time>
		</trkpt>
		<trkpt lat="34.600625" lon="127.489667">
			<ele>0.00</ele>
			<time>2020-01-19T23:04:21.08Z</time>
		</trkpt>
		<trkpt lat="34.600657" lon="127.489715">
			<ele>0.00</ele>
			<time>2020-01-19T23:04:21.42Z</time>
		</trkpt>
		<trkpt lat="34.600680" lon="127.489771">
			<ele>0.00</ele>
			<time>2020-01-19T23:04:21.76Z</time>
		</trkpt>
		<trkpt lat="34.600728" lon="127.489809">
			<ele>0.00</ele>
			<time>2020-01-19T23:04:22.14Z</time>
		</trkpt>
		<trkpt lat="34.600782" lon="127.489846">
			<ele>0.00</ele>
			<time>2020-01-19T23:04:22.56Z</time>
		</trkpt>
		<trkpt lat="34.600821" lon="127.489890">
			<ele>0.00</ele>
			<time>2020-01-19T23:04:22.91Z</time>
		</trkpt>
		<trkpt lat="34.600866" lon="127.489952">
			<ele>0.00</ele>
			<time>2020-01-19T23:04:23.36Z</time>
		</trkpt>
		<trkpt lat="34.600902" lon="127.490010">
			<ele>0.00</ele>
			<time>2020-01-19T23:04:23.76Z</time>
		</trkpt>
		<trkpt lat="34.600952" lon="127.490067">
			<ele>0.00</ele>
			<time>2020-01-19T23:04:24.22Z</time>
		</trkpt>
		<trkpt lat="34.600989" lon="127.490124">
			<ele>0.00</ele>
			<time>2020-01-19T23:04:24.61Z</time>
		</trkpt>
		<trkpt lat="34.601032" lon="127.490183">
			<ele>0.00</ele>
			<time>2020-01-19T23:04:25.05Z</time>
		</trkpt>
		<trkpt lat="34.601067" lon="127.490222">
			<ele>0.00</ele>
			<time>2020-01-19T23:04:25.37Z</time>
		</trkpt>
		<trkpt lat="34.601096" lon="127.490254">
			<ele>0.00</ele>
			<time>2020-01-19T23:04:25.63Z</time>
		</trkpt>
		<trkpt lat="34.601144" lon="127.490286">
			<ele>0.00</ele>
			<time>2020-01-19T23:04:25.99Z</time>
		</trkpt>
		<trkpt lat="34.601190" lon="127.490311">
			<ele>0.00</ele>
			<time>2020-01-19T23:04:26.33Z</time>
		</trkpt>
		<trkpt lat="34.601239" lon="127.490349">
			<ele>0.00</ele>
			<time>2020-01-19T23:04:26.72Z</time>
		</trkpt>
		<trkpt lat="34.601281" lon="127.490418">
			<ele>0.00</ele>
			<time>2020-01-19T23:04:27.19Z</time>
		</trkpt>
		<trkpt lat="34.601296" lon="127.490485">
			<ele>0.00</ele>
			<time>2020-01-19T23:04:27.57Z</time>
		</trkpt>
		<trkpt lat="34.601311" lon="127.490547">
			<ele>0.00</ele>
			<time>2020-01-19T23:04:27.92Z</time>
		</trkpt>
		<trkpt lat="34.601327" lon="127.490605">
			<ele>0.00</ele>
			<time>2020-01-19T23:04:28.26Z</time>
		</trkpt>
		<trkpt lat="34.601349" lon="127.490677">
			<ele>0.00</ele>
			<time>2020-01-19T23:04:28.68Z</time>
		</trkpt>
		<trkpt lat="34.601365" lon="127.490736">
			<ele>0.00</ele>
			<time>2020-01-19T23:04:29.02Z</time>
		</trkpt>
		<trkpt lat="34.601399" lon="127.490799">
			<ele>0.00</ele>
			<time>2020-01-19T23:04:29.44Z</time>
		</trkpt>
		<trkpt lat="34.601422" lon="127.490853">
			<ele>0.00</ele>
			<time>2020-01-19T23:04:29.77Z</time>
		</trkpt>
		<trkpt lat="34.601433" lon="127.490924">
			<ele>0.00</ele>
			<time>2020-01-19T23:04:30.16Z</time>
		</trkpt>
		<trkpt lat="34.601451" lon="127.490988">
			<ele>0.00</ele>
			<time>2020-01-19T23:04:30.54Z</time>
		</trkpt>
		<trkpt lat="34.601480" lon="127.491036">
			<ele>0.00</ele>
			<time>2020-01-19T23:04:30.86Z</time>
		</trkpt>
		<trkpt lat="34.601518" lon="127.491071">
			<ele>0.00</ele>
			<time>2020-01-19T23:04:31.18Z</time>
		</trkpt>
		<trkpt lat="34.601554" lon="127.491104">
			<ele>0.00</ele>
			<time>2020-01-19T23:04:31.48Z</time>
		</trkpt>
		<trkpt lat="34.601591" lon="127.491165">
			<ele>0.00</ele>
			<time>2020-01-19T23:04:31.89Z</time>
		</trkpt>
		<trkpt lat="34.601606" lon="127.491231">
			<ele>0.00</ele>
			<time>2020-01-19T23:04:32.27Z</time>
		</trkpt>
		<trkpt lat="34.601608" lon="127.491299">
			<ele>0.00</ele>
			<time>2020-01-19T23:04:32.64Z</time>
		</trkpt>
		<trkpt lat="34.601619" lon="127.491369">
			<ele>0.00</ele>
			<time>2020-01-19T23:04:33.03Z</time>
		</trkpt>
		<trkpt lat="34.601633" lon="127.491429">
			<ele>0.00</ele>
			<time>2020-01-19T23:04:33.38Z</time>
		</trkpt>
		<trkpt lat="34.601679" lon="127.491482">
			<ele>0.00</ele>
			<time>2020-01-19T23:04:33.80Z</time>
		</trkpt>
		<trkpt lat="34.601720" lon="127.491517">
			<ele>0.00</ele>
			<time>2020-01-19T23:04:34.13Z</time>
		</trkpt>
		<trkpt lat="34.601757" lon="127.491542">
			<ele>0.00</ele>
			<time>2020-01-19T23:04:34.42Z</time>
		</trkpt>
		<trkpt lat="34.601793" lon="127.491579">
			<ele>0.00</ele>
			<time>2020-01-19T23:04:34.73Z</time>
		</trkpt>
		<trkpt lat="34.601825" lon="127.491634">
			<ele>0.00</ele>
			<time>2020-01-19T23:04:35.10Z</time>
		</trkpt>
		<trkpt lat="34.601857" lon="127.491662">
			<ele>0.00</ele>
			<time>2020-01-19T23:04:35.36Z</time>
		</trkpt>
		<trkpt lat="34.601911" lon="127.491646">
			<ele>0.00</ele>
			<time>2020-01-19T23:04:35.73Z</time>
		</trkpt>
		<trkpt lat="34.601985" lon="127.491658">
			<ele>0.00</ele>
			<time>2020-01-19T23:04:36.23Z</time>
		</trkpt>
		<trkpt lat="34.602049" lon="127.491680">
			<ele>0.00</ele>
			<time>2020-01-19T23:04:36.68Z</time>
		</trkpt>
		<trkpt lat="34.602118" lon="127.491710">
			<ele>0.00</ele>
			<time>2020-01-19T23:04:37.16Z</time>
		</trkpt>
		<trkpt lat="34.602172" lon="127.491764">
			<ele>0.00</ele>
			<time>2020-01-19T23:04:37.63Z</time>
		</trkpt>
		<trkpt lat="34.602223" lon="127.491813">
			<ele>0.00</ele>
			<time>2020-01-19T23:04:38.06Z</time>
		</trkpt>
		<trkpt lat="34.602277" lon="127.491866">
			<ele>0.00</ele>
			<time>2020-01-19T23:04:38.53Z</time>
		</trkpt>
		<trkpt lat="34.602321" lon="127.491923">
			<ele>0.00</ele>
			<time>2020-01-19T23:04:38.96Z</time>
		</trkpt>
		<trkpt lat="34.602345" lon="127.491992">
			<ele>0.00</ele>
			<time>2020-01-19T23:04:39.37Z</time>
		</trkpt>
		<trkpt lat="34.602396" lon="127.492064">
			<ele>0.00</ele>
			<time>2020-01-19T23:04:39.88Z</time>
		</trkpt>
		<trkpt lat="34.602432" lon="127.492089">
			<ele>0.00</ele>
			<time>2020-01-19T23:04:40.16Z</time>
		</trkpt>
		<trkpt lat="34.602481" lon="127.492107">
			<ele>0.00</ele>
			<time>2020-01-19T23:04:40.50Z</time>
		</trkpt>
		<trkpt lat="34.602522" lon="127.492130">
			<ele>0.00</ele>
			<time>2020-01-19T23:04:40.80Z</time>
		</trkpt>
		<trkpt lat="34.602554" lon="127.492180">
			<ele>0.00</ele>
			<time>2020-01-19T23:04:41.15Z</time>
		</trkpt>
		<trkpt lat="34.602579" lon="127.492235">
			<ele>0.00</ele>
			<time>2020-01-19T23:04:41.49Z</time>
		</trkpt>
		<trkpt lat="34.602597" lon="127.492268">
			<ele>0.00</ele>
			<time>2020-01-19T23:04:41.71Z</time>
		</trkpt>
		<trkpt lat="34.602616" lon="127.492328">
			<ele>0.00</ele>
			<time>2020-01-19T23:04:42.07Z</time>
		</trkpt>
		<trkpt lat="34.602615" lon="127.492396">
			<ele>0.00</ele>
			<time>2020-01-19T23:04:42.44Z</time>
		</trkpt>
		<trkpt lat="34.602615" lon="127.492453">
			<ele>0.00</ele>
			<time>2020-01-19T23:04:42.75Z</time>
		</trkpt>
		<trkpt lat="34.602618" lon="127.492509">
			<ele>0.00</ele>
			<time>2020-01-19T23:04:43.06Z</time>
		</trkpt>
		<trkpt lat="34.602608" lon="127.492551">
			<ele>0.00</ele>
			<time>2020-01-19T23:04:43.30Z</time>
		</trkpt>
		<trkpt lat="34.602587" lon="127.492617">
			<ele>0.00</ele>
			<time>2020-01-19T23:04:43.69Z</time>
		</trkpt>
		<trkpt lat="34.602556" lon="127.492669">
			<ele>0.00</ele>
			<time>2020-01-19T23:04:44.04Z</time>
		</trkpt>
		<trkpt lat="34.602531" lon="127.492727">
			<ele>0.00</ele>
			<time>2020-01-19T23:04:44.40Z</time>
		</trkpt>
		<trkpt lat="34.602487" lon="127.492775">
			<ele>0.00</ele>
			<time>2020-01-19T23:04:44.79Z</time>
		</trkpt>
		<trkpt lat="34.602436" lon="127.492800">
			<ele>0.00</ele>
			<time>2020-01-19T23:04:45.16Z</time>
		</trkpt>
		<trkpt lat="34.602413" lon="127.492854">
			<ele>0.00</ele>
			<time>2020-01-19T23:04:45.49Z</time>
		</trkpt>
		<trkpt lat="34.602391" lon="127.492919">
			<ele>0.00</ele>
			<time>2020-01-19T23:04:45.88Z</time>
		</trkpt>
		<trkpt lat="34.602362" lon="127.492948">
			<ele>0.00</ele>
			<time>2020-01-19T23:04:46.13Z</time>
		</trkpt>
		<trkpt lat="34.602322" lon="127.492992">
			<ele>0.00</ele>
			<time>2020-01-19T23:04:46.49Z</time>
		</trkpt>
		<trkpt lat="34.602284" lon="127.493055">
			<ele>0.00</ele>
			<time>2020-01-19T23:04:46.91Z</time>
		</trkpt>
		<trkpt lat="34.602264" lon="127.493126">
			<ele>0.00</ele>
			<time>2020-01-19T23:04:47.33Z</time>
		</trkpt>
		<trkpt lat="34.602257" lon="127.493207">
			<ele>0.00</ele>
			<time>2020-01-19T23:04:47.78Z</time>
		</trkpt>
		<trkpt lat="34.602248" lon="127.493283">
			<ele>0.00</ele>
			<time>2020-01-19T23:04:48.19Z</time>
		</trkpt>
		<trkpt lat="34.602243" lon="127.493360">
			<ele>0.00</ele>
			<time>2020-01-19T23:04:48.62Z</time>
		</trkpt>
		<trkpt lat="34.602220" lon="127.493436">
			<ele>0.00</ele>
			<time>2020-01-19T23:04:49.06Z</time>
		</trkpt>
		<trkpt lat="34.602193" lon="127.493494">
			<ele>0.00</ele>
			<time>2020-01-19T23:04:49.43Z</time>
		</trkpt>
		<trkpt lat="34.602176" lon="127.493570">
			<ele>0.00</ele>
			<time>2020-01-19T23:04:49.86Z</time>
		</trkpt>
		<trkpt lat="34.602152" lon="127.493620">
			<ele>0.00</ele>
			<time>2020-01-19T23:04:50.18Z</time>
		</trkpt>
		<trkpt lat="34.602130" lon="127.493655">
			<ele>0.00</ele>
			<time>2020-01-19T23:04:50.42Z</time>
		</trkpt>
		<trkpt lat="34.602110" lon="127.493737">
			<ele>0.00</ele>
			<time>2020-01-19T23:04:50.89Z</time>
		</trkpt>
		<trkpt lat="34.602112" lon="127.493825">
			<ele>0.00</ele>
			<time>2020-01-19T23:04:51.37Z</time>
		</trkpt>
		<trkpt lat="34.602121" lon="127.493919">
			<ele>0.00</ele>
			<time>2020-01-19T23:04:51.89Z</time>
		</trkpt>
		<trkpt lat="34.602147" lon="127.493999">
			<ele>0.00</ele>
			<time>2020-01-19T23:04:52.36Z</time>
		</trkpt>
		<trkpt lat="34.602188" lon="127.494084">
			<ele>0.00</ele>
			<time>2020-01-19T23:04:52.90Z</time>
		</trkpt>
		<trkpt lat="34.602213" lon="127.494154">
			<ele>0.00</ele>
			<time>2020-01-19T23:04:53.32Z</time>
		</trkpt>
		<trkpt lat="34.602211" lon="127.494219">
			<ele>0.00</ele>
			<time>2020-01-19T23:04:53.68Z</time>
		</trkpt>
		<trkpt lat="34.602188" lon="127.494276">
			<ele>0.00</ele>
			<time>2020-01-19T23:04:54.03Z</time>
		</trkpt>
		<trkpt lat="34.602161" lon="127.494341">
			<ele>0.00</ele>
			<time>2020-01-19T23:04:54.43Z</time>
		</trkpt>
		<trkpt lat="34.602123" lon="127.494385">
			<ele>0.00</ele>
			<time>2020-01-19T23:04:54.78Z</time>
		</trkpt>
		<trkpt lat="34.602089" lon="127.494426">
			<ele>0.00</ele>
			<time>2020-01-19T23:04:55.10Z</time>
		</trkpt>
		<trkpt lat="34.602050" lon="127.494469">
			<ele>0.00</ele>
			<time>2020-01-19T23:04:55.45Z</time>
		</trkpt>
		<trkpt lat="34.602016" lon="127.494501">
			<ele>0.00</ele>
			<time>2020-01-19T23:04:55.74Z</time>
		</trkpt>
		<trkpt lat="34.601968" lon="127.494549">
			<ele>0.00</ele>
			<time>2020-01-19T23:04:56.15Z</time>
		</trkpt>
		<trkpt lat="34.601910" lon="127.494578">
			<ele>0.00</ele>
			<time>2020-01-19T23:04:56.57Z</time>
		</trkpt>
		<trkpt lat="34.601870" lon="127.494596">
			<ele>0.00</ele>
			<time>2020-01-19T23:04:56.85Z</time>
		</trkpt>
		<trkpt lat="34.601827" lon="127.494599">
			<ele>0.00</ele>
			<time>2020-01-19T23:04:57.14Z</time>
		</trkpt>
		<trkpt lat="34.601763" lon="127.494594">
			<ele>0.00</ele>
			<time>2020-01-19T23:04:57.57Z</time>
		</trkpt>
		<trkpt lat="34.601716" lon="127.494632">
			<ele>0.00</ele>
			<time>2020-01-19T23:04:57.94Z</time>
		</trkpt>
		<trkpt lat="34.601692" lon="127.494677">
			<ele>0.00</ele>
			<time>2020-01-19T23:04:58.24Z</time>
		</trkpt>
		<trkpt lat="34.601651" lon="127.494749">
			<ele>0.00</ele>
			<time>2020-01-19T23:04:58.72Z</time>
		</trkpt>
		<trkpt lat="34.601602" lon="127.494801">
			<ele>0.00</ele>
			<time>2020-01-19T23:04:59.15Z</time>
		</trkpt>
		<trkpt lat="34.601555" lon="127.494828">
			<ele>0.00</ele>
			<time>2020-01-19T23:04:59.50Z</time>
		</trkpt>
		<trkpt lat="34.601501" lon="127.494829">
			<ele>0.00</ele>
			<time>2020-01-19T23:04:59.86Z</time>
		</trkpt>
		<trkpt lat="34.601448" lon="127.494829">
			<ele>0.00</ele>
			<time>2020-01-19T23:05:00.21Z</time>
		</trkpt>
		<trkpt lat="34.601404" lon="127.494892">
			<ele>0.00</ele>
			<time>2020-01-19T23:05:00.67Z</time>
		</trkpt>
		<trkpt lat="34.601374" lon="127.494941">
			<ele>0.00</ele>
			<time>2020-01-19T23:05:01Z</time>
		</trkpt>
		<trkpt lat="34.601335" lon="127.494998">
			<ele>0.00</ele>
			<time>2020-01-19T23:05:01.41Z</time>
		</trkpt>
		<trkpt lat="34.601312" lon="127.495067">
			<ele>0.00</ele>
			<time>2020-01-19T23:05:01.82Z</time>
		</trkpt>
		<trkpt lat="34.601275" lon="127.495145">
			<ele>0.00</ele>
			<time>2020-01-19T23:05:02.31Z</time>
		</trkpt>
		<trkpt lat="34.601263" lon="127.495244">
			<ele>0.00</ele>
			<time>2020-01-19T23:05:02.86Z</time>
		</trkpt>
		<trkpt lat="34.601240" lon="127.495361">
			<ele>0.00</ele>
			<time>2020-01-19T23:05:03.52Z</time>
		</trkpt>
		<trkpt lat="34.601230" lon="127.495455">
			<ele>0.00</ele>
			<time>2020-01-19T23:05:04.04Z</time>
		</trkpt>
		<trkpt lat="34.601212" lon="127.495526">
			<ele>0.00</ele>
			<time>2020-01-19T23:05:04.45Z</time>
		</trkpt>
		<trkpt lat="34.601182" lon="127.495605">
			<ele>0.00</ele>
			<time>2020-01-19T23:05:04.93Z</time>
		</trkpt>
		<trkpt lat="34.601158" lon="127.495671">
			<ele>0.00</ele>
			<time>2020-01-19T23:05:05.32Z</time>
		</trkpt>
		<trkpt lat="34.601134" lon="127.495765">
			<ele>0.00</ele>
			<time>2020-01-19T23:05:05.86Z</time>
		</trkpt>
		<trkpt lat="34.601116" lon="127.495850">
			<ele>0.00</ele>
			<time>2020-01-19T23:05:06.34Z</time>
		</trkpt>
		<trkpt lat="34.601099" lon="127.495937">
			<ele>0.00</ele>
			<time>2020-01-19T23:05:06.84Z</time>
		</trkpt>
		<trkpt lat="34.601083" lon="127.496013">
			<ele>0.00</ele>
			<time>2020-01-19T23:05:07.26Z</time>
		</trkpt>
		<trkpt lat="34.601078" lon="127.496081">
			<ele>0.00</ele>
			<time>2020-01-19T23:05:07.64Z</time>
		</trkpt>
		<trkpt lat="34.601064" lon="127.496147">
			<ele>0.00</ele>
			<time>2020-01-19T23:05:08.01Z</time>
		</trkpt>
		<trkpt lat="34.601005" lon="127.496218">
			<ele>0.00</ele>
			<time>2020-01-19T23:05:08.57Z</time>
		</trkpt>
		<trkpt lat="34.600970" lon="127.496265">
			<ele>0.00</ele>
			<time>2020-01-19T23:05:08.91Z</time>
		</trkpt>
		<trkpt lat="34.600941" lon="127.496308">
			<ele>0.00</ele>
			<time>2020-01-19T23:05:09.22Z</time>
		</trkpt>
		<trkpt lat="34.600960" lon="127.496399">
			<ele>0.00</ele>
			<time>2020-01-19T23:05:09.74Z</time>
		</trkpt>
		<trkpt lat="34.601050" lon="127.496482">
			<ele>0.00</ele>
			<time>2020-01-19T23:05:10.48Z</time>
		</trkpt>
		<trkpt lat="34.601090" lon="127.496562">
			<ele>0.00</ele>
			<time>2020-01-19T23:05:11Z</time>
		</trkpt>
		<trkpt lat="34.601150" lon="127.496681">
			<ele>0.00</ele>
			<time>2020-01-19T23:05:11.77Z</time>
		</trkpt>
		<trkpt lat="34.601217" lon="127.496785">
			<ele>0.00</ele>
			<time>2020-01-19T23:05:12.49Z</time>
		</trkpt>
		<trkpt lat="34.601263" lon="127.496863">
			<ele>0.00</ele>
			<time>2020-01-19T23:05:13.02Z</time>
		</trkpt>
		<trkpt lat="34.601303" lon="127.496936">
			<ele>0.00</ele>
			<time>2020-01-19T23:05:13.50Z</time>
		</trkpt>
		<trkpt lat="34.601349" lon="127.497000">
			<ele>0.00</ele>
			<time>2020-01-19T23:05:13.96Z</time>
		</trkpt>
		<trkpt lat="34.601425" lon="127.497067">
			<ele>0.00</ele>
			<time>2020-01-19T23:05:14.59Z</time>
		</trkpt>
		<trkpt lat="34.601529" lon="127.497099">
			<ele>0.00</ele>
			<time>2020-01-19T23:05:15.31Z</time>
		</trkpt>
		<trkpt lat="34.601678" lon="127.497152">
			<ele>0.00</ele>
			<time>2020-01-19T23:05:16.34Z</time>
		</trkpt>
		<trkpt lat="34.601791" lon="127.497175">
			<ele>0.00</ele>
			<time>2020-01-19T23:05:17.10Z</time>
		</trkpt>
		<trkpt lat="34.601897" lon="127.497258">
			<ele>0.00</ele>
			<time>2020-01-19T23:05:17.95Z</time>
		</trkpt>
		<trkpt lat="34.601995" lon="127.497313">
			<ele>0.00</ele>
			<time>2020-01-19T23:05:18.66Z</time>
		</trkpt>
		<trkpt lat="34.602091" lon="127.497290">
			<ele>0.00</ele>
			<time>2020-01-19T23:05:19.31Z</time>
		</trkpt>
		<trkpt lat="34.602186" lon="127.497323">
			<ele>0.00</ele>
			<time>2020-01-19T23:05:19.97Z</time>
		</trkpt>
		<trkpt lat="34.602223" lon="127.497397">
			<ele>0.00</ele>
			<time>2020-01-19T23:05:20.45Z</time>
		</trkpt>
		<trkpt lat="34.602211" lon="127.497486">
			<ele>0.00</ele>
			<time>2020-01-19T23:05:20.94Z</time>
		</trkpt>
		<trkpt lat="34.602152" lon="127.497536">
			<ele>0.00</ele>
			<time>2020-01-19T23:05:21.42Z</time>
		</trkpt>
		<trkpt lat="34.602054" lon="127.497608">
			<ele>0.00</ele>
			<time>2020-01-19T23:05:22.19Z</time>
		</trkpt>
		<trkpt lat="34.601978" lon="127.497664">
			<ele>0.00</ele>
			<time>2020-01-19T23:05:22.78Z</time>
		</trkpt>
		<trkpt lat="34.602039" lon="127.497574">
			<ele>0.00</ele>
			<time>2020-01-19T23:05:23.42Z</time>
		</trkpt>
		<trkpt lat="34.602105" lon="127.497527">
			<ele>0.00</ele>
			<time>2020-01-19T23:05:23.93Z</time>
		</trkpt>
		<trkpt lat="34.602172" lon="127.497480">
			<ele>0.00</ele>
			<time>2020-01-19T23:05:24.44Z</time>
		</trkpt>
		<trkpt lat="34.602212" lon="127.497435">
			<ele>0.00</ele>
			<time>2020-01-19T23:05:24.81Z</time>
		</trkpt>
		<trkpt lat="34.602226" lon="127.497353">
			<ele>0.00</ele>
			<time>2020-01-19T23:05:25.27Z</time>
		</trkpt>
		<trkpt lat="34.602187" lon="127.497276">
			<ele>0.00</ele>
			<time>2020-01-19T23:05:25.77Z</time>
		</trkpt>
		<trkpt lat="34.602118" lon="127.497273">
			<ele>0.00</ele>
			<time>2020-01-19T23:05:26.23Z</time>
		</trkpt>
		<trkpt lat="34.601992" lon="127.497277">
			<ele>0.00</ele>
			<time>2020-01-19T23:05:27.06Z</time>
		</trkpt>
		<trkpt lat="34.601907" lon="127.497233">
			<ele>0.00</ele>
			<time>2020-01-19T23:05:27.68Z</time>
		</trkpt>
		<trkpt lat="34.601813" lon="127.497161">
			<ele>0.00</ele>
			<time>2020-01-19T23:05:28.42Z</time>
		</trkpt>
		<trkpt lat="34.601698" lon="127.497131">
			<ele>0.00</ele>
			<time>2020-01-19T23:05:29.21Z</time>
		</trkpt>
		<trkpt lat="34.601594" lon="127.497091">
			<ele>0.00</ele>
			<time>2020-01-19T23:05:29.94Z</time>
		</trkpt>
		<trkpt lat="34.601473" lon="127.497042">
			<ele>0.00</ele>
			<time>2020-01-19T23:05:30.78Z</time>
		</trkpt>
		<trkpt lat="34.601384" lon="127.497005">
			<ele>0.00</ele>
			<time>2020-01-19T23:05:31.41Z</time>
		</trkpt>
		<trkpt lat="34.601341" lon="127.496928">
			<ele>0.00</ele>
			<time>2020-01-19T23:05:31.93Z</time>
		</trkpt>
		<trkpt lat="34.601293" lon="127.496839">
			<ele>0.00</ele>
			<time>2020-01-19T23:05:32.51Z</time>
		</trkpt>
		<trkpt lat="34.601212" lon="127.496741">
			<ele>0.00</ele>
			<time>2020-01-19T23:05:33.27Z</time>
		</trkpt>
		<trkpt lat="34.601162" lon="127.496662">
			<ele>0.00</ele>
			<time>2020-01-19T23:05:33.81Z</time>
		</trkpt>
		<trkpt lat="34.601116" lon="127.496552">
			<ele>0.00</ele>
			<time>2020-01-19T23:05:34.50Z</time>
		</trkpt>
		<trkpt lat="34.601050" lon="127.496443">
			<ele>0.00</ele>
			<time>2020-01-19T23:05:35.24Z</time>
		</trkpt>
		<trkpt lat="34.600996" lon="127.496404">
			<ele>0.00</ele>
			<time>2020-01-19T23:05:35.65Z</time>
		</trkpt>
		<trkpt lat="34.600930" lon="127.496327">
			<ele>0.00</ele>
			<time>2020-01-19T23:05:36.26Z</time>
		</trkpt>
		<trkpt lat="34.600870" lon="127.496305">
			<ele>0.00</ele>
			<time>2020-01-19T23:05:36.68Z</time>
		</trkpt>
		<trkpt lat="34.600803" lon="127.496293">
			<ele>0.00</ele>
			<time>2020-01-19T23:05:37.13Z</time>
		</trkpt>
		<trkpt lat="34.600718" lon="127.496292">
			<ele>0.00</ele>
			<time>2020-01-19T23:05:37.70Z</time>
		</trkpt>
		<trkpt lat="34.600636" lon="127.496332">
			<ele>0.00</ele>
			<time>2020-01-19T23:05:38.29Z</time>
		</trkpt>
		<trkpt lat="34.600580" lon="127.496368">
			<ele>0.00</ele>
			<time>2020-01-19T23:05:38.71Z</time>
		</trkpt>
		<trkpt lat="34.600522" lon="127.496400">
			<ele>0.00</ele>
			<time>2020-01-19T23:05:39.14Z</time>
		</trkpt>
		<trkpt lat="34.600448" lon="127.496384">
			<ele>0.00</ele>
			<time>2020-01-19T23:05:39.64Z</time>
		</trkpt>
		<trkpt lat="34.600391" lon="127.496379">
			<ele>0.00</ele>
			<time>2020-01-19T23:05:40.02Z</time>
		</trkpt>
		<trkpt lat="34.600304" lon="127.496371">
			<ele>0.00</ele>
			<time>2020-01-19T23:05:40.60Z</time>
		</trkpt>
		<trkpt lat="34.600248" lon="127.496373">
			<ele>0.00</ele>
			<time>2020-01-19T23:05:40.97Z</time>
		</trkpt>
		<trkpt lat="34.600172" lon="127.496376">
			<ele>0.00</ele>
			<time>2020-01-19T23:05:41.48Z</time>
		</trkpt>
		<trkpt lat="34.600099" lon="127.496386">
			<ele>0.00</ele>
			<time>2020-01-19T23:05:41.97Z</time>
		</trkpt>
		<trkpt lat="34.600033" lon="127.496405">
			<ele>0.00</ele>
			<time>2020-01-19T23:05:42.42Z</time>
		</trkpt>
		<trkpt lat="34.599959" lon="127.496444">
			<ele>0.00</ele>
			<time>2020-01-19T23:05:42.96Z</time>
		</trkpt>
		<trkpt lat="34.599899" lon="127.496493">
			<ele>0.00</ele>
			<time>2020-01-19T23:05:43.45Z</time>
		</trkpt>
		<trkpt lat="34.599852" lon="127.496542">
			<ele>0.00</ele>
			<time>2020-01-19T23:05:43.86Z</time>
		</trkpt>
		<trkpt lat="34.599784" lon="127.496652">
			<ele>0.00</ele>
			<time>2020-01-19T23:05:44.61Z</time>
		</trkpt>
		<trkpt lat="34.599712" lon="127.496777">
			<ele>0.00</ele>
			<time>2020-01-19T23:05:45.45Z</time>
		</trkpt>
		<trkpt lat="34.599672" lon="127.496893">
			<ele>0.00</ele>
			<time>2020-01-19T23:05:46.14Z</time>
		</trkpt>
		<trkpt lat="34.599655" lon="127.497056">
			<ele>0.00</ele>
			<time>2020-01-19T23:05:47.04Z</time>
		</trkpt>
		<trkpt lat="34.599602" lon="127.497189">
			<ele>0.00</ele>
			<time>2020-01-19T23:05:47.85Z</time>
		</trkpt>
		<trkpt lat="34.599560" lon="127.497285">
			<ele>0.00</ele>
			<time>2020-01-19T23:05:48.45Z</time>
		</trkpt>
		<trkpt lat="34.599499" lon="127.497428">
			<ele>0.00</ele>
			<time>2020-01-19T23:05:49.33Z</time>
		</trkpt>
		<trkpt lat="34.599421" lon="127.497514">
			<ele>0.00</ele>
			<time>2020-01-19T23:05:50.03Z</time>
		</trkpt>
		<trkpt lat="34.599337" lon="127.497559">
			<ele>0.00</ele>
			<time>2020-01-19T23:05:50.65Z</time>
		</trkpt>
		<trkpt lat="34.599224" lon="127.497605">
			<ele>0.00</ele>
			<time>2020-01-19T23:05:51.44Z</time>
		</trkpt>
		<trkpt lat="34.599141" lon="127.497683">
			<ele>0.00</ele>
			<time>2020-01-19T23:05:52.14Z</time>
		</trkpt>
		<trkpt lat="34.599068" lon="127.497797">
			<ele>0.00</ele>
			<time>2020-01-19T23:05:52.93Z</time>
		</trkpt>
		<trkpt lat="34.599056" lon="127.497852">
			<ele>0.00</ele>
			<time>2020-01-19T23:05:53.24Z</time>
		</trkpt>
		<trkpt lat="34.598996" lon="127.497877">
			<ele>0.00</ele>
			<time>2020-01-19T23:05:53.67Z</time>
		</trkpt>
		<trkpt lat="34.598921" lon="127.497862">
			<ele>0.00</ele>
			<time>2020-01-19T23:05:54.17Z</time>
		</trkpt>
		<trkpt lat="34.598837" lon="127.497851">
			<ele>0.00</ele>
			<time>2020-01-19T23:05:54.74Z</time>
		</trkpt>
		<trkpt lat="34.598765" lon="127.497829">
			<ele>0.00</ele>
			<time>2020-01-19T23:05:55.23Z</time>
		</trkpt>
		<trkpt lat="34.598686" lon="127.497803">
			<ele>0.00</ele>
			<time>2020-01-19T23:05:55.78Z</time>
		</trkpt>
		<trkpt lat="34.598599" lon="127.497749">
			<ele>0.00</ele>
			<time>2020-01-19T23:05:56.43Z</time>
		</trkpt>
		<trkpt lat="34.598517" lon="127.497690">
			<ele>0.00</ele>
			<time>2020-01-19T23:05:57.06Z</time>
		</trkpt>
		<trkpt lat="34.598450" lon="127.497644">
			<ele>0.00</ele>
			<time>2020-01-19T23:05:57.57Z</time>
		</trkpt>
		<trkpt lat="34.598387" lon="127.497609">
			<ele>0.00</ele>
			<time>2020-01-19T23:05:58.04Z</time>
		</trkpt>
		<trkpt lat="34.598300" lon="127.497560">
			<ele>0.00</ele>
			<time>2020-01-19T23:05:58.68Z</time>
		</trkpt>
		<trkpt lat="34.598234" lon="127.497519">
			<ele>0.00</ele>
			<time>2020-01-19T23:05:59.17Z</time>
		</trkpt>
		<trkpt lat="34.598150" lon="127.497474">
			<ele>0.00</ele>
			<time>2020-01-19T23:05:59.78Z</time>
		</trkpt>
		<trkpt lat="34.598085" lon="127.497441">
			<ele>0.00</ele>
			<time>2020-01-19T23:06:00.25Z</time>
		</trkpt>
		<trkpt lat="34.598058" lon="127.497339">
			<ele>0.00</ele>
			<time>2020-01-19T23:06:00.84Z</time>
		</trkpt>
		<trkpt lat="34.598038" lon="127.497259">
			<ele>0.00</ele>
			<time>2020-01-19T23:06:01.30Z</time>
		</trkpt>
		<trkpt lat="34.598016" lon="127.497205">
			<ele>0.00</ele>
			<time>2020-01-19T23:06:01.63Z</time>
		</trkpt>
		<trkpt lat="34.597990" lon="127.497139">
			<ele>0.00</ele>
			<time>2020-01-19T23:06:02.03Z</time>
		</trkpt>
		<trkpt lat="34.597945" lon="127.497088">
			<ele>0.00</ele>
			<time>2020-01-19T23:06:02.44Z</time>
		</trkpt>
		<trkpt lat="34.597911" lon="127.497009">
			<ele>0.00</ele>
			<time>2020-01-19T23:06:02.93Z</time>
		</trkpt>
		<trkpt lat="34.597861" lon="127.496947">
			<ele>0.00</ele>
			<time>2020-01-19T23:06:03.41Z</time>
		</trkpt>
		<trkpt lat="34.597804" lon="127.496900">
			<ele>0.00</ele>
			<time>2020-01-19T23:06:03.86Z</time>
		</trkpt>
		<trkpt lat="34.597738" lon="127.496859">
			<ele>0.00</ele>
			<time>2020-01-19T23:06:04.36Z</time>
		</trkpt>
		<trkpt lat="34.597640" lon="127.496869">
			<ele>0.00</ele>
			<time>2020-01-19T23:06:05.01Z</time>
		</trkpt>
		<trkpt lat="34.597586" lon="127.496910">
			<ele>0.00</ele>
			<time>2020-01-19T23:06:05.44Z</time>
		</trkpt>
		<trkpt lat="34.597504" lon="127.496939">
			<ele>0.00</ele>
			<time>2020-01-19T23:06:06.01Z</time>
		</trkpt>
		<trkpt lat="34.597425" lon="127.496980">
			<ele>0.00</ele>
			<time>2020-01-19T23:06:06.58Z</time>
		</trkpt>
		<trkpt lat="34.597356" lon="127.497012">
			<ele>0.00</ele>
			<time>2020-01-19T23:06:07.08Z</time>
		</trkpt>
		<trkpt lat="34.597284" lon="127.496996">
			<ele>0.00</ele>
			<time>2020-01-19T23:06:07.56Z</time>
		</trkpt>
		<trkpt lat="34.597229" lon="127.496958">
			<ele>0.00</ele>
			<time>2020-01-19T23:06:07.98Z</time>
		</trkpt>
		<trkpt lat="34.597162" lon="127.496891">
			<ele>0.00</ele>
			<time>2020-01-19T23:06:08.56Z</time>
		</trkpt>
		<trkpt lat="34.597101" lon="127.496904">
			<ele>0.00</ele>
			<time>2020-01-19T23:06:08.97Z</time>
		</trkpt>
		<trkpt lat="34.597049" lon="127.496929">
			<ele>0.00</ele>
			<time>2020-01-19T23:06:09.34Z</time>
		</trkpt>
		<trkpt lat="34.596994" lon="127.496955">
			<ele>0.00</ele>
			<time>2020-01-19T23:06:09.74Z</time>
		</trkpt>
		<trkpt lat="34.596911" lon="127.496940">
			<ele>0.00</ele>
			<time>2020-01-19T23:06:10.30Z</time>
		</trkpt>
		<trkpt lat="34.596820" lon="127.496907">
			<ele>0.00</ele>
			<time>2020-01-19T23:06:10.93Z</time>
		</trkpt>
		<trkpt lat="34.596804" lon="127.496885">
			<ele>0.00</ele>
			<time>2020-01-19T23:06:11.09Z</time>
		</trkpt>
		<trkpt lat="34.596849" lon="127.496795">
			<ele>0.00</ele>
			<time>2020-01-19T23:06:11.67Z</time>
		</trkpt>
		<trkpt lat="34.596891" lon="127.496712">
			<ele>0.00</ele>
			<time>2020-01-19T23:06:12.20Z</time>
		</trkpt>
		<trkpt lat="34.596927" lon="127.496643">
			<ele>0.00</ele>
			<time>2020-01-19T23:06:12.65Z</time>
		</trkpt>
		<trkpt lat="34.596958" lon="127.496573">
			<ele>0.00</ele>
			<time>2020-01-19T23:06:13.09Z</time>
		</trkpt>
		<trkpt lat="34.596991" lon="127.496478">
			<ele>0.00</ele>
			<time>2020-01-19T23:06:13.65Z</time>
		</trkpt>
		<trkpt lat="34.597022" lon="127.496379">
			<ele>0.00</ele>
			<time>2020-01-19T23:06:14.23Z</time>
		</trkpt>
		<trkpt lat="34.597059" lon="127.496281">
			<ele>0.00</ele>
			<time>2020-01-19T23:06:14.82Z</time>
		</trkpt>
		<trkpt lat="34.597082" lon="127.496172">
			<ele>0.00</ele>
			<time>2020-01-19T23:06:15.44Z</time>
		</trkpt>
		<trkpt lat="34.597127" lon="127.496092">
			<ele>0.00</ele>
			<time>2020-01-19T23:06:15.98Z</time>
		</trkpt>
		<trkpt lat="34.597186" lon="127.496032">
			<ele>0.00</ele>
			<time>2020-01-19T23:06:16.48Z</time>
		</trkpt>
		<trkpt lat="34.597267" lon="127.496034">
			<ele>0.00</ele>
			<time>2020-01-19T23:06:17.03Z</time>
		</trkpt>
		<trkpt lat="34.597339" lon="127.496012">
			<ele>0.00</ele>
			<time>2020-01-19T23:06:17.52Z</time>
		</trkpt>
		<trkpt lat="34.597413" lon="127.495973">
			<ele>0.00</ele>
			<time>2020-01-19T23:06:18.06Z</time>
		</trkpt>
		<trkpt lat="34.597493" lon="127.495930">
			<ele>0.00</ele>
			<time>2020-01-19T23:06:18.65Z</time>
		</trkpt>
		<trkpt lat="34.597553" lon="127.495882">
			<ele>0.00</ele>
			<time>2020-01-19T23:06:19.12Z</time>
		</trkpt>
		<trkpt lat="34.597599" lon="127.495812">
			<ele>0.00</ele>
			<time>2020-01-19T23:06:19.62Z</time>
		</trkpt>
		<trkpt lat="34.597623" lon="127.495699">
			<ele>0.00</ele>
			<time>2020-01-19T23:06:20.26Z</time>
		</trkpt>
		<trkpt lat="34.597629" lon="127.495605">
			<ele>0.00</ele>
			<time>2020-01-19T23:06:20.77Z</time>
		</trkpt>
		<trkpt lat="34.597657" lon="127.495558">
			<ele>0.00</ele>
			<time>2020-01-19T23:06:21.09Z</time>
		</trkpt>
		<trkpt lat="34.597727" lon="127.495497">
			<ele>0.00</ele>
			<time>2020-01-19T23:06:21.66Z</time>
		</trkpt>
		<trkpt lat="34.597792" lon="127.495448">
			<ele>0.00</ele>
			<time>2020-01-19T23:06:22.17Z</time>
		</trkpt>
		<trkpt lat="34.597851" lon="127.495379">
			<ele>0.00</ele>
			<time>2020-01-19T23:06:22.72Z</time>
		</trkpt>
		<trkpt lat="34.597904" lon="127.495311">
			<ele>0.00</ele>
			<time>2020-01-19T23:06:23.23Z</time>
		</trkpt>
		<trkpt lat="34.597954" lon="127.495239">
			<ele>0.00</ele>
			<time>2020-01-19T23:06:23.75Z</time>
		</trkpt>
		<trkpt lat="34.597970" lon="127.495167">
			<ele>0.00</ele>
			<time>2020-01-19T23:06:24.16Z</time>
		</trkpt>
		<trkpt lat="34.597972" lon="127.495063">
			<ele>0.00</ele>
			<time>2020-01-19T23:06:24.73Z</time>
		</trkpt>
		<trkpt lat="34.597971" lon="127.494979">
			<ele>0.00</ele>
			<time>2020-01-19T23:06:25.19Z</time>
		</trkpt>
		<trkpt lat="34.598018" lon="127.494921">
			<ele>0.00</ele>
			<time>2020-01-19T23:06:25.64Z</time>
		</trkpt>
		<trkpt lat="34.598057" lon="127.494850">
			<ele>0.00</ele>
			<time>2020-01-19T23:06:26.11Z</time>
		</trkpt>
		<trkpt lat="34.598054" lon="127.494742">
			<ele>0.00</ele>
			<time>2020-01-19T23:06:26.70Z</time>
		</trkpt>
		<trkpt lat="34.598085" lon="127.494636">
			<ele>0.00</ele>
			<time>2020-01-19T23:06:27.32Z</time>
		</trkpt>
		<trkpt lat="34.598064" lon="127.494525">
			<ele>0.00</ele>
			<time>2020-01-19T23:06:27.94Z</time>
		</trkpt>
		<trkpt lat="34.598127" lon="127.494449">
			<ele>0.00</ele>
			<time>2020-01-19T23:06:28.53Z</time>
		</trkpt>
		<trkpt lat="34.598210" lon="127.494385">
			<ele>0.00</ele>
			<time>2020-01-19T23:06:29.19Z</time>
		</trkpt>
		<trkpt lat="34.598277" lon="127.494323">
			<ele>0.00</ele>
			<time>2020-01-19T23:06:29.75Z</time>
		</trkpt>
		<trkpt lat="34.598330" lon="127.494233">
			<ele>0.00</ele>
			<time>2020-01-19T23:06:30.36Z</time>
		</trkpt>
		<trkpt lat="34.598389" lon="127.494140">
			<ele>0.00</ele>
			<time>2020-01-19T23:06:31Z</time>
		</trkpt>
		<trkpt lat="34.598420" lon="127.494008">
			<ele>0.00</ele>
			<time>2020-01-19T23:06:31.75Z</time>
		</trkpt>
		<trkpt lat="34.598430" lon="127.493894">
			<ele>0.00</ele>
			<time>2020-01-19T23:06:32.38Z</time>
		</trkpt>
		<trkpt lat="34.598408" lon="127.493780">
			<ele>0.00</ele>
			<time>2020-01-19T23:06:33.03Z</time>
		</trkpt>
		<trkpt lat="34.598411" lon="127.493675">
			<ele>0.00</ele>
			<time>2020-01-19T23:06:33.60Z</time>
		</trkpt>
		<trkpt lat="34.598377" lon="127.493597">
			<ele>0.00</ele>
			<time>2020-01-19T23:06:34.08Z</time>
		</trkpt>
		<trkpt lat="34.598393" lon="127.493542">
			<ele>0.00</ele>
			<time>2020-01-19T23:06:34.41Z</time>
		</trkpt>
		<trkpt lat="34.598428" lon="127.493454">
			<ele>0.00</ele>
			<time>2020-01-19T23:06:34.94Z</time>
		</trkpt>
		<trkpt lat="34.598440" lon="127.493363">
			<ele>0.00</ele>
			<time>2020-01-19T23:06:35.45Z</time>
		</trkpt>
		<trkpt lat="34.598430" lon="127.493295">
			<ele>0.00</ele>
			<time>2020-01-19T23:06:35.83Z</time>
		</trkpt>
		<trkpt lat="34.598422" lon="127.493192">
			<ele>0.00</ele>
			<time>2020-01-19T23:06:36.40Z</time>
		</trkpt>
		<trkpt lat="34.598445" lon="127.493099">
			<ele>0.00</ele>
			<time>2020-01-19T23:06:36.93Z</time>
		</trkpt>
		<trkpt lat="34.598450" lon="127.492995">
			<ele>0.00</ele>
			<time>2020-01-19T23:06:37.50Z</time>
		</trkpt>
		<trkpt lat="34.598495" lon="127.492920">
			<ele>0.00</ele>
			<time>2020-01-19T23:06:38.01Z</time>
		</trkpt>
		<trkpt lat="34.598485" lon="127.492829">
			<ele>0.00</ele>
			<time>2020-01-19T23:06:38.51Z</time>
		</trkpt>
		<trkpt lat="34.598456" lon="127.492752">
			<ele>0.00</ele>
			<time>2020-01-19T23:06:38.97Z</time>
		</trkpt>
		<trkpt lat="34.598432" lon="127.492702">
			<ele>0.00</ele>
			<time>2020-01-19T23:06:39.29Z</time>
		</trkpt>
		<trkpt lat="34.598388" lon="127.492635">
			<ele>0.00</ele>
			<time>2020-01-19T23:06:39.76Z</time>
		</trkpt>
		<trkpt lat="34.598410" lon="127.492552">
			<ele>0.00</ele>
			<time>2020-01-19T23:06:40.24Z</time>
		</trkpt>
		<trkpt lat="34.598423" lon="127.492452">
			<ele>0.00</ele>
			<time>2020-01-19T23:06:40.79Z</time>
		</trkpt>
		<trkpt lat="34.598467" lon="127.492356">
			<ele>0.00</ele>
			<time>2020-01-19T23:06:41.40Z</time>
		</trkpt>
		<trkpt lat="34.598479" lon="127.492216">
			<ele>0.00</ele>
			<time>2020-01-19T23:06:42.17Z</time>
		</trkpt>
		<trkpt lat="34.598475" lon="127.492131">
			<ele>0.00</ele>
			<time>2020-01-19T23:06:42.64Z</time>
		</trkpt>
		<trkpt lat="34.598510" lon="127.492031">
			<ele>0.00</ele>
			<time>2020-01-19T23:06:43.23Z</time>
		</trkpt>
		<trkpt lat="34.598469" lon="127.491945">
			<ele>0.00</ele>
			<time>2020-01-19T23:06:43.78Z</time>
		</trkpt>
		<trkpt lat="34.598435" lon="127.491857">
			<ele>0.00</ele>
			<time>2020-01-19T23:06:44.31Z</time>
		</trkpt>
		<trkpt lat="34.598403" lon="127.491725">
			<ele>0.00</ele>
			<time>2020-01-19T23:06:45.07Z</time>
		</trkpt>
		<trkpt lat="34.598386" lon="127.491612">
			<ele>0.00</ele>
			<time>2020-01-19T23:06:45.70Z</time>
		</trkpt>
		<trkpt lat="34.598329" lon="127.491483">
			<ele>0.00</ele>
			<time>2020-01-19T23:06:46.50Z</time>
		</trkpt>
		<trkpt lat="34.598278" lon="127.491416">
			<ele>0.00</ele>
			<time>2020-01-19T23:06:47Z</time>
		</trkpt>
		<trkpt lat="34.598195" lon="127.491334">
			<ele>0.00</ele>
			<time>2020-01-19T23:06:47.72Z</time>
		</trkpt>
		<trkpt lat="34.598191" lon="127.491233">
			<ele>0.00</ele>
			<time>2020-01-19T23:06:48.27Z</time>
		</trkpt>
		<trkpt lat="34.598215" lon="127.491148">
			<ele>0.00</ele>
			<time>2020-01-19T23:06:48.76Z</time>
		</trkpt>
		<trkpt lat="34.598241" lon="127.491057">
			<ele>0.00</ele>
			<time>2020-01-19T23:06:49.29Z</time>
		</trkpt>
		<trkpt lat="34.598245" lon="127.490935">
			<ele>0.00</ele>
			<time>2020-01-19T23:06:49.96Z</time>
		</trkpt>
		<trkpt lat="34.598227" lon="127.490847">
			<ele>0.00</ele>
			<time>2020-01-19T23:06:50.46Z</time>
		</trkpt>
		<trkpt lat="34.598146" lon="127.490777">
			<ele>0.00</ele>
			<time>2020-01-19T23:06:51.12Z</time>
		</trkpt>
		<trkpt lat="34.598085" lon="127.490708">
			<ele>0.00</ele>
			<time>2020-01-19T23:06:51.67Z</time>
		</trkpt>
		<trkpt lat="34.598039" lon="127.490634">
			<ele>0.00</ele>
			<time>2020-01-19T23:06:52.19Z</time>
		</trkpt>
		<trkpt lat="34.597994" lon="127.490525">
			<ele>0.00</ele>
			<time>2020-01-19T23:06:52.86Z</time>
		</trkpt>
		<trkpt lat="34.597916" lon="127.490453">
			<ele>0.00</ele>
			<time>2020-01-19T23:06:53.51Z</time>
		</trkpt>
		<trkpt lat="34.597856" lon="127.490397">
			<ele>0.00</ele>
			<time>2020-01-19T23:06:54.02Z</time>
		</trkpt>
		<trkpt lat="34.597785" lon="127.490330">
			<ele>0.00</ele>
			<time>2020-01-19T23:06:54.61Z</time>
		</trkpt>
		<trkpt lat="34.597744" lon="127.490240">
			<ele>0.00</ele>
			<time>2020-01-19T23:06:55.18Z</time>
		</trkpt>
		<trkpt lat="34.597731" lon="127.490094">
			<ele>0.00</ele>
			<time>2020-01-19T23:06:55.98Z</time>
		</trkpt>
		<trkpt lat="34.597703" lon="127.489980">
			<ele>0.00</ele>
			<time>2020-01-19T23:06:56.64Z</time>
		</trkpt>
		<trkpt lat="34.597671" lon="127.489893">
			<ele>0.00</ele>
			<time>2020-01-19T23:06:57.16Z</time>
		</trkpt>
		<trkpt lat="34.597642" lon="127.489813">
			<ele>0.00</ele>
			<time>2020-01-19T23:06:57.64Z</time>
		</trkpt>
		<trkpt lat="34.597569" lon="127.489713">
			<ele>0.00</ele>
			<time>2020-01-19T23:06:58.37Z</time>
		</trkpt>
		<trkpt lat="34.597490" lon="127.489617">
			<ele>0.00</ele>
			<time>2020-01-19T23:06:59.12Z</time>
		</trkpt>
		<trkpt lat="34.597401" lon="127.489521">
			<ele>0.00</ele>
			<time>2020-01-19T23:06:59.91Z</time>
		</trkpt>
		<trkpt lat="34.597335" lon="127.489425">
			<ele>0.00</ele>
			<time>2020-01-19T23:07:00.59Z</time>
		</trkpt>
		<trkpt lat="34.597258" lon="127.489344">
			<ele>0.00</ele>
			<time>2020-01-19T23:07:01.27Z</time>
		</trkpt>
		<trkpt lat="34.597166" lon="127.489282">
			<ele>0.00</ele>
			<time>2020-01-19T23:07:01.98Z</time>
		</trkpt>
		<trkpt lat="34.597056" lon="127.489256">
			<ele>0.00</ele>
			<time>2020-01-19T23:07:02.73Z</time>
		</trkpt>
		<trkpt lat="34.596977" lon="127.489238">
			<ele>0.00</ele>
			<time>2020-01-19T23:07:03.26Z</time>
		</trkpt>
		<trkpt lat="34.596896" lon="127.489215">
			<ele>0.00</ele>
			<time>2020-01-19T23:07:03.81Z</time>
		</trkpt>
		<trkpt lat="34.596806" lon="127.489193">
			<ele>0.00</ele>
			<time>2020-01-19T23:07:04.42Z</time>
		</trkpt>
		<trkpt lat="34.596724" lon="127.489116">
			<ele>0.00</ele>
			<time>2020-01-19T23:07:05.11Z</time>
		</trkpt>
		<trkpt lat="34.596636" lon="127.489119">
			<ele>0.00</ele>
			<time>2020-01-19T23:07:05.70Z</time>
		</trkpt>
		<trkpt lat="34.596529" lon="127.489077">
			<ele>0.00</ele>
			<time>2020-01-19T23:07:06.46Z</time>
		</trkpt>
		<trkpt lat="34.596471" lon="127.489029">
			<ele>0.00</ele>
			<time>2020-01-19T23:07:06.93Z</time>
		</trkpt>
		<trkpt lat="34.596403" lon="127.489011">
			<ele>0.00</ele>
			<time>2020-01-19T23:07:07.39Z</time>
		</trkpt>
		<trkpt lat="34.596337" lon="127.488998">
			<ele>0.00</ele>
			<time>2020-01-19T23:07:07.83Z</time>
		</trkpt>
		<trkpt lat="34.596241" lon="127.488969">
			<ele>0.00</ele>
			<time>2020-01-19T23:07:08.49Z</time>
		</trkpt>
		<trkpt lat="34.596168" lon="127.488983">
			<ele>0.00</ele>
			<time>2020-01-19T23:07:08.99Z</time>
		</trkpt>
		<trkpt lat="34.596029" lon="127.489006">
			<ele>0.00</ele>
			<time>2020-01-19T23:07:09.92Z</time>
		</trkpt>
		<trkpt lat="34.595946" lon="127.488951">
			<ele>0.00</ele>
			<time>2020-01-19T23:07:10.55Z</time>
		</trkpt>
		<trkpt lat="34.595839" lon="127.488909">
			<ele>0.00</ele>
			<time>2020-01-19T23:07:11.30Z</time>
		</trkpt>
		<trkpt lat="34.595722" lon="127.488858">
			<ele>0.00</ele>
			<time>2020-01-19T23:07:12.13Z</time>
		</trkpt>
		<trkpt lat="34.595619" lon="127.488804">
			<ele>0.00</ele>
			<time>2020-01-19T23:07:12.88Z</time>
		</trkpt>
		<trkpt lat="34.595567" lon="127.488702">
			<ele>0.00</ele>
			<time>2020-01-19T23:07:13.54Z</time>
		</trkpt>
		<trkpt lat="34.595545" lon="127.488575">
			<ele>0.00</ele>
			<time>2020-01-19T23:07:14.25Z</time>
		</trkpt>
		<trkpt lat="34.595552" lon="127.488475">
			<ele>0.00</ele>
			<time>2020-01-19T23:07:14.80Z</time>
		</trkpt>
		<trkpt lat="34.595561" lon="127.488348">
			<ele>0.00</ele>
			<time>2020-01-19T23:07:15.50Z</time>
		</trkpt>
		<trkpt lat="34.595496" lon="127.488218">
			<ele>0.00</ele>
			<time>2020-01-19T23:07:16.33Z</time>
		</trkpt>
		<trkpt lat="34.595416" lon="127.488130">
			<ele>0.00</ele>
			<time>2020-01-19T23:07:17.05Z</time>
		</trkpt>
		<trkpt lat="34.595305" lon="127.488079">
			<ele>0.00</ele>
			<time>2020-01-19T23:07:17.84Z</time>
		</trkpt>
		<trkpt lat="34.595232" lon="127.488047">
			<ele>0.00</ele>
			<time>2020-01-19T23:07:18.36Z</time>
		</trkpt>
		<trkpt lat="34.595155" lon="127.488034">
			<ele>0.00</ele>
			<time>2020-01-19T23:07:18.88Z</time>
		</trkpt>
		<trkpt lat="34.595065" lon="127.487996">
			<ele>0.00</ele>
			<time>2020-01-19T23:07:19.51Z</time>
		</trkpt>
		<trkpt lat="34.594978" lon="127.488014">
			<ele>0.00</ele>
			<time>2020-01-19T23:07:20.10Z</time>
		</trkpt>
		<trkpt lat="34.594848" lon="127.488021">
			<ele>0.00</ele>
			<time>2020-01-19T23:07:20.97Z</time>
		</trkpt>
		<trkpt lat="34.594712" lon="127.488045">
			<ele>0.00</ele>
			<time>2020-01-19T23:07:21.89Z</time>
		</trkpt>
		<trkpt lat="34.594606" lon="127.488073">
			<ele>0.00</ele>
			<time>2020-01-19T23:07:22.61Z</time>
		</trkpt>
		<trkpt lat="34.594498" lon="127.488073">
			<ele>0.00</ele>
			<time>2020-01-19T23:07:23.33Z</time>
		</trkpt>
		<trkpt lat="34.594390" lon="127.488044">
			<ele>0.00</ele>
			<time>2020-01-19T23:07:24.06Z</time>
		</trkpt>
		<trkpt lat="34.594297" lon="127.487996">
			<ele>0.00</ele>
			<time>2020-01-19T23:07:24.74Z</time>
		</trkpt>
		<trkpt lat="34.594223" lon="127.487995">
			<ele>0.00</ele>
			<time>2020-01-19T23:07:25.23Z</time>
		</trkpt>
		<trkpt lat="34.594120" lon="127.487942">
			<ele>0.00</ele>
			<time>2020-01-19T23:07:25.98Z</time>
		</trkpt>
		<trkpt lat="34.594048" lon="127.487906">
			<ele>0.00</ele>
			<time>2020-01-19T23:07:26.50Z</time>
		</trkpt>
		<trkpt lat="34.593998" lon="127.487964">
			<ele>0.00</ele>
			<time>2020-01-19T23:07:26.95Z</time>
		</trkpt>
		<trkpt lat="34.593934" lon="127.488002">
			<ele>0.00</ele>
			<time>2020-01-19T23:07:27.43Z</time>
		</trkpt>
		<trkpt lat="34.593844" lon="127.488013">
			<ele>0.00</ele>
			<time>2020-01-19T23:07:28.03Z</time>
		</trkpt>
		<trkpt lat="34.593776" lon="127.487993">
			<ele>0.00</ele>
			<time>2020-01-19T23:07:28.50Z</time>
		</trkpt>
		<trkpt lat="34.593721" lon="127.487961">
			<ele>0.00</ele>
			<time>2020-01-19T23:07:28.90Z</time>
		</trkpt>
		<trkpt lat="34.593645" lon="127.487961">
			<ele>0.00</ele>
			<time>2020-01-19T23:07:29.41Z</time>
		</trkpt>
		<trkpt lat="34.593572" lon="127.487987">
			<ele>0.00</ele>
			<time>2020-01-19T23:07:29.92Z</time>
		</trkpt>
		<trkpt lat="34.593516" lon="127.488006">
			<ele>0.00</ele>
			<time>2020-01-19T23:07:30.30Z</time>
		</trkpt>
		<trkpt lat="34.593469" lon="127.488061">
			<ele>0.00</ele>
			<time>2020-01-19T23:07:30.74Z</time>
		</trkpt>
		<trkpt lat="34.593403" lon="127.488085">
			<ele>0.00</ele>
			<time>2020-01-19T23:07:31.20Z</time>
		</trkpt>
		<trkpt lat="34.593343" lon="127.488114">
			<ele>0.00</ele>
			<time>2020-01-19T23:07:31.63Z</time>
		</trkpt>
		<trkpt lat="34.593266" lon="127.488146">
			<ele>0.00</ele>
			<time>2020-01-19T23:07:32.18Z</time>
		</trkpt>
		<trkpt lat="34.593193" lon="127.488222">
			<ele>0.00</ele>
			<time>2020-01-19T23:07:32.82Z</time>
		</trkpt>
		<trkpt lat="34.593128" lon="127.488269">
			<ele>0.00</ele>
			<time>2020-01-19T23:07:33.32Z</time>
		</trkpt>
		<trkpt lat="34.593044" lon="127.488328">
			<ele>0.00</ele>
			<time>2020-01-19T23:07:33.97Z</time>
		</trkpt>
		<trkpt lat="34.592932" lon="127.488371">
			<ele>0.00</ele>
			<time>2020-01-19T23:07:34.75Z</time>
		</trkpt>
		<trkpt lat="34.592845" lon="127.488384">
			<ele>0.00</ele>
			<time>2020-01-19T23:07:35.34Z</time>
		</trkpt>
		<trkpt lat="34.592739" lon="127.488362">
			<ele>0.00</ele>
			<time>2020-01-19T23:07:36.05Z</time>
		</trkpt>
		<trkpt lat="34.592649" lon="127.488333">
			<ele>0.00</ele>
			<time>2020-01-19T23:07:36.67Z</time>
		</trkpt>
		<trkpt lat="34.592577" lon="127.488264">
			<ele>0.00</ele>
			<time>2020-01-19T23:07:37.29Z</time>
		</trkpt>
		<trkpt lat="34.592490" lon="127.488206">
			<ele>0.00</ele>
			<time>2020-01-19T23:07:37.95Z</time>
		</trkpt>
		<trkpt lat="34.592425" lon="127.488179">
			<ele>0.00</ele>
			<time>2020-01-19T23:07:38.40Z</time>
		</trkpt>
		<trkpt lat="34.592339" lon="127.488174">
			<ele>0.00</ele>
			<time>2020-01-19T23:07:38.97Z</time>
		</trkpt>
		<trkpt lat="34.592235" lon="127.488211">
			<ele>0.00</ele>
			<time>2020-01-19T23:07:39.70Z</time>
		</trkpt>
		<trkpt lat="34.592129" lon="127.488262">
			<ele>0.00</ele>
			<time>2020-01-19T23:07:40.46Z</time>
		</trkpt>
		<trkpt lat="34.591990" lon="127.488302">
			<ele>0.00</ele>
			<time>2020-01-19T23:07:41.41Z</time>
		</trkpt>
		<trkpt lat="34.591876" lon="127.488265">
			<ele>0.00</ele>
			<time>2020-01-19T23:07:42.20Z</time>
		</trkpt>
		<trkpt lat="34.591769" lon="127.488238">
			<ele>0.00</ele>
			<time>2020-01-19T23:07:42.92Z</time>
		</trkpt>
		<trkpt lat="34.591642" lon="127.488308">
			<ele>0.00</ele>
			<time>2020-01-19T23:07:43.86Z</time>
		</trkpt>
		<trkpt lat="34.591552" lon="127.488397">
			<ele>0.00</ele>
			<time>2020-01-19T23:07:44.63Z</time>
		</trkpt>
		<trkpt lat="34.591438" lon="127.488442">
			<ele>0.00</ele>
			<time>2020-01-19T23:07:45.43Z</time>
		</trkpt>
		<trkpt lat="34.591331" lon="127.488527">
			<ele>0.00</ele>
			<time>2020-01-19T23:07:46.28Z</time>
		</trkpt>
		<trkpt lat="34.591223" lon="127.488610">
			<ele>0.00</ele>
			<time>2020-01-19T23:07:47.13Z</time>
		</trkpt>
		<trkpt lat="34.591120" lon="127.488654">
			<ele>0.00</ele>
			<time>2020-01-19T23:07:47.86Z</time>
		</trkpt>
		<trkpt lat="34.591073" lon="127.488765">
			<ele>0.00</ele>
			<time>2020-01-19T23:07:48.55Z</time>
		</trkpt>
		<trkpt lat="34.591020" lon="127.488878">
			<ele>0.00</ele>
			<time>2020-01-19T23:07:49.26Z</time>
		</trkpt>
		<trkpt lat="34.590953" lon="127.488889">
			<ele>0.00</ele>
			<time>2020-01-19T23:07:49.71Z</time>
		</trkpt>
		<trkpt lat="34.590832" lon="127.488912">
			<ele>0.00</ele>
			<time>2020-01-19T23:07:50.53Z</time>
		</trkpt>
		<trkpt lat="34.590766" lon="127.488886">
			<ele>0.00</ele>
			<time>2020-01-19T23:07:50.99Z</time>
		</trkpt>
		<trkpt lat="34.590691" lon="127.488851">
			<ele>0.00</ele>
			<time>2020-01-19T23:07:51.53Z</time>
		</trkpt>
		<trkpt lat="34.590624" lon="127.488783">
			<ele>0.00</ele>
			<time>2020-01-19T23:07:52.11Z</time>
		</trkpt>
		<trkpt lat="34.590540" lon="127.488732">
			<ele>0.00</ele>
			<time>2020-01-19T23:07:52.73Z</time>
		</trkpt>
		<trkpt lat="34.590453" lon="127.488677">
			<ele>0.00</ele>
			<time>2020-01-19T23:07:53.39Z</time>
		</trkpt>
		<trkpt lat="34.590369" lon="127.488655">
			<ele>0.00</ele>
			<time>2020-01-19T23:07:53.96Z</time>
		</trkpt>
		<trkpt lat="34.590278" lon="127.488602">
			<ele>0.00</ele>
			<time>2020-01-19T23:07:54.64Z</time>
		</trkpt>
		<trkpt lat="34.590190" lon="127.488518">
			<ele>0.00</ele>
			<time>2020-01-19T23:07:55.38Z</time>
		</trkpt>
		<trkpt lat="34.590133" lon="127.488477">
			<ele>0.00</ele>
			<time>2020-01-19T23:07:55.82Z</time>
		</trkpt>
		<trkpt lat="34.590036" lon="127.488426">
			<ele>0.00</ele>
			<time>2020-01-19T23:07:56.53Z</time>
		</trkpt>
		<trkpt lat="34.589933" lon="127.488376">
			<ele>0.00</ele>
			<time>2020-01-19T23:07:57.27Z</time>
		</trkpt>
		<trkpt lat="34.589826" lon="127.488330">
			<ele>0.00</ele>
			<time>2020-01-19T23:07:58.02Z</time>
		</trkpt>
		<trkpt lat="34.589765" lon="127.488263">
			<ele>0.00</ele>
			<time>2020-01-19T23:07:58.57Z</time>
		</trkpt>
		<trkpt lat="34.589698" lon="127.488203">
			<ele>0.00</ele>
			<time>2020-01-19T23:07:59.12Z</time>
		</trkpt>
		<trkpt lat="34.589633" lon="127.488145">
			<ele>0.00</ele>
			<time>2020-01-19T23:07:59.67Z</time>
		</trkpt>
		<trkpt lat="34.589563" lon="127.488080">
			<ele>0.00</ele>
			<time>2020-01-19T23:08:00.25Z</time>
		</trkpt>
		<trkpt lat="34.589497" lon="127.488033">
			<ele>0.00</ele>
			<time>2020-01-19T23:08:00.76Z</time>
		</trkpt>
		<trkpt lat="34.589439" lon="127.487999">
			<ele>0.00</ele>
			<time>2020-01-19T23:08:01.19Z</time>
		</trkpt>
		<trkpt lat="34.589371" lon="127.487963">
			<ele>0.00</ele>
			<time>2020-01-19T23:08:01.69Z</time>
		</trkpt>
		<trkpt lat="34.589329" lon="127.487913">
			<ele>0.00</ele>
			<time>2020-01-19T23:08:02.08Z</time>
		</trkpt>
		<trkpt lat="34.589275" lon="127.487866">
			<ele>0.00</ele>
			<time>2020-01-19T23:08:02.52Z</time>
		</trkpt>
		<trkpt lat="34.589227" lon="127.487821">
			<ele>0.00</ele>
			<time>2020-01-19T23:08:02.92Z</time>
		</trkpt>
		<trkpt lat="34.589182" lon="127.487774">
			<ele>0.00</ele>
			<time>2020-01-19T23:08:03.32Z</time>
		</trkpt>
		<trkpt lat="34.589141" lon="127.487743">
			<ele>0.00</ele>
			<time>2020-01-19T23:08:03.64Z</time>
		</trkpt>
		<trkpt lat="34.589051" lon="127.487722">
			<ele>0.00</ele>
			<time>2020-01-19T23:08:04.25Z</time>
		</trkpt>
		<trkpt lat="34.588984" lon="127.487724">
			<ele>0.00</ele>
			<time>2020-01-19T23:08:04.70Z</time>
		</trkpt>
		<trkpt lat="34.588920" lon="127.487724">
			<ele>0.00</ele>
			<time>2020-01-19T23:08:05.13Z</time>
		</trkpt>
		<trkpt lat="34.588862" lon="127.487725">
			<ele>0.00</ele>
			<time>2020-01-19T23:08:05.51Z</time>
		</trkpt>
		<trkpt lat="34.588793" lon="127.487719">
			<ele>0.00</ele>
			<time>2020-01-19T23:08:05.97Z</time>
		</trkpt>
		<trkpt lat="34.588727" lon="127.487728">
			<ele>0.00</ele>
			<time>2020-01-19T23:08:06.42Z</time>
		</trkpt>
		<trkpt lat="34.588674" lon="127.487746">
			<ele>0.00</ele>
			<time>2020-01-19T23:08:06.78Z</time>
		</trkpt>
		<trkpt lat="34.588627" lon="127.487756">
			<ele>0.00</ele>
			<time>2020-01-19T23:08:07.10Z</time>
		</trkpt>
		<trkpt lat="34.588581" lon="127.487781">
			<ele>0.00</ele>
			<time>2020-01-19T23:08:07.44Z</time>
		</trkpt>
		<trkpt lat="34.588529" lon="127.487810">
			<ele>0.00</ele>
			<time>2020-01-19T23:08:07.82Z</time>
		</trkpt>
		<trkpt lat="34.588489" lon="127.487867">
			<ele>0.00</ele>
			<time>2020-01-19T23:08:08.23Z</time>
		</trkpt>
		<trkpt lat="34.588460" lon="127.487936">
			<ele>0.00</ele>
			<time>2020-01-19T23:08:08.65Z</time>
		</trkpt>
		<trkpt lat="34.588493" lon="127.488005">
			<ele>0.00</ele>
			<time>2020-01-19T23:08:09.09Z</time>
		</trkpt>
		<trkpt lat="34.588495" lon="127.488063">
			<ele>0.00</ele>
			<time>2020-01-19T23:08:09.41Z</time>
		</trkpt>
		<trkpt lat="34.588523" lon="127.488128">
			<ele>0.00</ele>
			<time>2020-01-19T23:08:09.81Z</time>
		</trkpt>
		<trkpt lat="34.588537" lon="127.488215">
			<ele>0.00</ele>
			<time>2020-01-19T23:08:10.30Z</time>
		</trkpt>
		<trkpt lat="34.588511" lon="127.488312">
			<ele>0.00</ele>
			<time>2020-01-19T23:08:10.86Z</time>
		</trkpt>
		<trkpt lat="34.588452" lon="127.488355">
			<ele>0.00</ele>
			<time>2020-01-19T23:08:11.32Z</time>
		</trkpt>
		<trkpt lat="34.588404" lon="127.488390">
			<ele>0.00</ele>
			<time>2020-01-19T23:08:11.69Z</time>
		</trkpt>
		<trkpt lat="34.588346" lon="127.488418">
			<ele>0.00</ele>
			<time>2020-01-19T23:08:12.11Z</time>
		</trkpt>
		<trkpt lat="34.588281" lon="127.488456">
			<ele>0.00</ele>
			<time>2020-01-19T23:08:12.59Z</time>
		</trkpt>
		<trkpt lat="34.588219" lon="127.488501">
			<ele>0.00</ele>
			<time>2020-01-19T23:08:13.07Z</time>
		</trkpt>
		<trkpt lat="34.588136" lon="127.488575">
			<ele>0.00</ele>
			<time>2020-01-19T23:08:13.76Z</time>
		</trkpt>
		<trkpt lat="34.588093" lon="127.488606">
			<ele>0.00</ele>
			<time>2020-01-19T23:08:14.09Z</time>
		</trkpt>
		<trkpt lat="34.588032" lon="127.488651">
			<ele>0.00</ele>
			<time>2020-01-19T23:08:14.57Z</time>
		</trkpt>
		<trkpt lat="34.587968" lon="127.488709">
			<ele>0.00</ele>
			<time>2020-01-19T23:08:15.10Z</time>
		</trkpt>
		<trkpt lat="34.588060" lon="127.488759">
			<ele>0.00</ele>
			<time>2020-01-19T23:08:15.78Z</time>
		</trkpt>
		<trkpt lat="34.588133" lon="127.488803">
			<ele>0.00</ele>
			<time>2020-01-19T23:08:16.31Z</time>
		</trkpt>
		<trkpt lat="34.588195" lon="127.488838">
			<ele>0.00</ele>
			<time>2020-01-19T23:08:16.77Z</time>
		</trkpt>
		<trkpt lat="34.588243" lon="127.488883">
			<ele>0.00</ele>
			<time>2020-01-19T23:08:17.18Z</time>
		</trkpt>
		<trkpt lat="34.588312" lon="127.488935">
			<ele>0.00</ele>
			<time>2020-01-19T23:08:17.72Z</time>
		</trkpt>
		<trkpt lat="34.588383" lon="127.488975">
			<ele>0.00</ele>
			<time>2020-01-19T23:08:18.24Z</time>
		</trkpt>
		<trkpt lat="34.588437" lon="127.489027">
			<ele>0.00</ele>
			<time>2020-01-19T23:08:18.70Z</time>
		</trkpt>
		<trkpt lat="34.588468" lon="127.489067">
			<ele>0.00</ele>
			<time>2020-01-19T23:08:19Z</time>
		</trkpt>
		<trkpt lat="34.588441" lon="127.489127">
			<ele>0.00</ele>
			<time>2020-01-19T23:08:19.38Z</time>
		</trkpt>
		<trkpt lat="34.588397" lon="127.489199">
			<ele>0.00</ele>
			<time>2020-01-19T23:08:19.87Z</time>
		</trkpt>
		<trkpt lat="34.588418" lon="127.489269">
			<ele>0.00</ele>
			<time>2020-01-19T23:08:20.28Z</time>
		</trkpt>
		<trkpt lat="34.588454" lon="127.489333">
			<ele>0.00</ele>
			<time>2020-01-19T23:08:20.71Z</time>
		</trkpt>
		<trkpt lat="34.588506" lon="127.489399">
			<ele>0.00</ele>
			<time>2020-01-19T23:08:21.21Z</time>
		</trkpt>
		<trkpt lat="34.588541" lon="127.489449">
			<ele>0.00</ele>
			<time>2020-01-19T23:08:21.57Z</time>
		</trkpt>
		<trkpt lat="34.588573" lon="127.489526">
			<ele>0.00</ele>
			<time>2020-01-19T23:08:22.04Z</time>
		</trkpt>
		<trkpt lat="34.588621" lon="127.489602">
			<ele>0.00</ele>
			<time>2020-01-19T23:08:22.57Z</time>
		</trkpt>
		<trkpt lat="34.588654" lon="127.489689">
			<ele>0.00</ele>
			<time>2020-01-19T23:08:23.09Z</time>
		</trkpt>
		<trkpt lat="34.588693" lon="127.489786">
			<ele>0.00</ele>
			<time>2020-01-19T23:08:23.68Z</time>
		</trkpt>
		<trkpt lat="34.588722" lon="127.489871">
			<ele>0.00</ele>
			<time>2020-01-19T23:08:24.19Z</time>
		</trkpt>
		<trkpt lat="34.588754" lon="127.489969">
			<ele>0.00</ele>
			<time>2020-01-19T23:08:24.77Z</time>
		</trkpt>
		<trkpt lat="34.588804" lon="127.490068">
			<ele>0.00</ele>
			<time>2020-01-19T23:08:25.41Z</time>
		</trkpt>
		<trkpt lat="34.588869" lon="127.490164">
			<ele>0.00</ele>
			<time>2020-01-19T23:08:26.09Z</time>
		</trkpt>
		<trkpt lat="34.588932" lon="127.490223">
			<ele>0.00</ele>
			<time>2020-01-19T23:08:26.61Z</time>
		</trkpt>
		<trkpt lat="34.588997" lon="127.490315">
			<ele>0.00</ele>
			<time>2020-01-19T23:08:27.28Z</time>
		</trkpt>
		<trkpt lat="34.588996" lon="127.490387">
			<ele>0.00</ele>
			<time>2020-01-19T23:08:27.68Z</time>
		</trkpt>
		<trkpt lat="34.588979" lon="127.490433">
			<ele>0.00</ele>
			<time>2020-01-19T23:08:27.96Z</time>
		</trkpt>
		<trkpt lat="34.588923" lon="127.490432">
			<ele>0.00</ele>
			<time>2020-01-19T23:08:28.33Z</time>
		</trkpt>
		<trkpt lat="34.588855" lon="127.490390">
			<ele>0.00</ele>
			<time>2020-01-19T23:08:28.83Z</time>
		</trkpt>
		<trkpt lat="34.588801" lon="127.490346">
			<ele>0.00</ele>
			<time>2020-01-19T23:08:29.27Z</time>
		</trkpt>
		<trkpt lat="34.588756" lon="127.490321">
			<ele>0.00</ele>
			<time>2020-01-19T23:08:29.60Z</time>
		</trkpt>
		<trkpt lat="34.588696" lon="127.490322">
			<ele>0.00</ele>
			<time>2020-01-19T23:08:30Z</time>
		</trkpt>
		<trkpt lat="34.588643" lon="127.490351">
			<ele>0.00</ele>
			<time>2020-01-19T23:08:30.39Z</time>
		</trkpt>
		<trkpt lat="34.588584" lon="127.490420">
			<ele>0.00</ele>
			<time>2020-01-19T23:08:30.93Z</time>
		</trkpt>
		<trkpt lat="34.588546" lon="127.490505">
			<ele>0.00</ele>
			<time>2020-01-19T23:08:31.46Z</time>
		</trkpt>
		<trkpt lat="34.588582" lon="127.490569">
			<ele>0.00</ele>
			<time>2020-01-19T23:08:31.89Z</time>
		</trkpt>
		<trkpt lat="34.588644" lon="127.490629">
			<ele>0.00</ele>
			<time>2020-01-19T23:08:32.42Z</time>
		</trkpt>
		<trkpt lat="34.588722" lon="127.490684">
			<ele>0.00</ele>
			<time>2020-01-19T23:08:33.02Z</time>
		</trkpt>
		<trkpt lat="34.588775" lon="127.490730">
			<ele>0.00</ele>
			<time>2020-01-19T23:08:33.45Z</time>
		</trkpt>
		<trkpt lat="34.588814" lon="127.490794">
			<ele>0.00</ele>
			<time>2020-01-19T23:08:33.89Z</time>
		</trkpt>
		<trkpt lat="34.588813" lon="127.490791">
			<ele>0.00</ele>
			<time>2020-01-19T23:08:33.95Z</time>
		</trkpt>
		<trkpt lat="34.588896" lon="127.490857">
			<ele>0.00</ele>
			<time>2020-01-19T23:08:34.61Z</time>
		</trkpt>
		<trkpt lat="34.588966" lon="127.490909">
			<ele>0.00</ele>
			<time>2020-01-19T23:08:35.16Z</time>
		</trkpt>
		<trkpt lat="34.589098" lon="127.490957">
			<ele>0.00</ele>
			<time>2020-01-19T23:08:36.08Z</time>
		</trkpt>
		<trkpt lat="34.589182" lon="127.490997">
			<ele>0.00</ele>
			<time>2020-01-19T23:08:36.68Z</time>
		</trkpt>
		<trkpt lat="34.589271" lon="127.491078">
			<ele>0.00</ele>
			<time>2020-01-19T23:08:37.42Z</time>
		</trkpt>
		<trkpt lat="34.589354" lon="127.491176">
			<ele>0.00</ele>
			<time>2020-01-19T23:08:38.19Z</time>
		</trkpt>
		<trkpt lat="34.589449" lon="127.491260">
			<ele>0.00</ele>
			<time>2020-01-19T23:08:38.98Z</time>
		</trkpt>
		<trkpt lat="34.589535" lon="127.491331">
			<ele>0.00</ele>
			<time>2020-01-19T23:08:39.67Z</time>
		</trkpt>
		<trkpt lat="34.589637" lon="127.491399">
			<ele>0.00</ele>
			<time>2020-01-19T23:08:40.45Z</time>
		</trkpt>
		<trkpt lat="34.589713" lon="127.491459">
			<ele>0.00</ele>
			<time>2020-01-19T23:08:41.05Z</time>
		</trkpt>
		<trkpt lat="34.589812" lon="127.491486">
			<ele>0.00</ele>
			<time>2020-01-19T23:08:41.73Z</time>
		</trkpt>
		<trkpt lat="34.589902" lon="127.491542">
			<ele>0.00</ele>
			<time>2020-01-19T23:08:42.40Z</time>
		</trkpt>
		<trkpt lat="34.590005" lon="127.491625">
			<ele>0.00</ele>
			<time>2020-01-19T23:08:43.22Z</time>
		</trkpt>
		<trkpt lat="34.590095" lon="127.491699">
			<ele>0.00</ele>
			<time>2020-01-19T23:08:43.95Z</time>
		</trkpt>
		<trkpt lat="34.590185" lon="127.491756">
			<ele>0.00</ele>
			<time>2020-01-19T23:08:44.63Z</time>
		</trkpt>
		<trkpt lat="34.590278" lon="127.491778">
			<ele>0.00</ele>
			<time>2020-01-19T23:08:45.26Z</time>
		</trkpt>
		<trkpt lat="34.590365" lon="127.491778">
			<ele>0.00</ele>
			<time>2020-01-19T23:08:45.84Z</time>
		</trkpt>
		<trkpt lat="34.590486" lon="127.491755">
			<ele>0.00</ele>
			<time>2020-01-19T23:08:46.66Z</time>
		</trkpt>
		<trkpt lat="34.590589" lon="127.491744">
			<ele>0.00</ele>
			<time>2020-01-19T23:08:47.35Z</time>
		</trkpt>
		<trkpt lat="34.590681" lon="127.491743">
			<ele>0.00</ele>
			<time>2020-01-19T23:08:47.96Z</time>
		</trkpt>
		<trkpt lat="34.590761" lon="127.491734">
			<ele>0.00</ele>
			<time>2020-01-19T23:08:48.50Z</time>
		</trkpt>
		<trkpt lat="34.590853" lon="127.491735">
			<ele>0.00</ele>
			<time>2020-01-19T23:08:49.11Z</time>
		</trkpt>
		<trkpt lat="34.590947" lon="127.491754">
			<ele>0.00</ele>
			<time>2020-01-19T23:08:49.74Z</time>
		</trkpt>
		<trkpt lat="34.591039" lon="127.491796">
			<ele>0.00</ele>
			<time>2020-01-19T23:08:50.40Z</time>
		</trkpt>
		<trkpt lat="34.591119" lon="127.491891">
			<ele>0.00</ele>
			<time>2020-01-19T23:08:51.14Z</time>
		</trkpt>
		<trkpt lat="34.591145" lon="127.491995">
			<ele>0.00</ele>
			<time>2020-01-19T23:08:51.74Z</time>
		</trkpt>
		<trkpt lat="34.591177" lon="127.492119">
			<ele>0.00</ele>
			<time>2020-01-19T23:08:52.46Z</time>
		</trkpt>
		<trkpt lat="34.591206" lon="127.492223">
			<ele>0.00</ele>
			<time>2020-01-19T23:08:53.06Z</time>
		</trkpt>
		<trkpt lat="34.591218" lon="127.492342">
			<ele>0.00</ele>
			<time>2020-01-19T23:08:53.72Z</time>
		</trkpt>
		<trkpt lat="34.591214" lon="127.492445">
			<ele>0.00</ele>
			<time>2020-01-19T23:08:54.28Z</time>
		</trkpt>
		<trkpt lat="34.591226" lon="127.492542">
			<ele>0.00</ele>
			<time>2020-01-19T23:08:54.82Z</time>
		</trkpt>
		<trkpt lat="34.591210" lon="127.492668">
			<ele>0.00</ele>
			<time>2020-01-19T23:08:55.52Z</time>
		</trkpt>
		<trkpt lat="34.591155" lon="127.492711">
			<ele>0.00</ele>
			<time>2020-01-19T23:08:55.95Z</time>
		</trkpt>
		<trkpt lat="34.591069" lon="127.492756">
			<ele>0.00</ele>
			<time>2020-01-19T23:08:56.58Z</time>
		</trkpt>
		<trkpt lat="34.591011" lon="127.492859">
			<ele>0.00</ele>
			<time>2020-01-19T23:08:57.26Z</time>
		</trkpt>
		<trkpt lat="34.590952" lon="127.492975">
			<ele>0.00</ele>
			<time>2020-01-19T23:08:58.01Z</time>
		</trkpt>
		<trkpt lat="34.590923" lon="127.493085">
			<ele>0.00</ele>
			<time>2020-01-19T23:08:58.64Z</time>
		</trkpt>
		<trkpt lat="34.590814" lon="127.493183">
			<ele>0.00</ele>
			<time>2020-01-19T23:08:59.55Z</time>
		</trkpt>
		<trkpt lat="34.590726" lon="127.493245">
			<ele>0.00</ele>
			<time>2020-01-19T23:09:00.22Z</time>
		</trkpt>
		<trkpt lat="34.590641" lon="127.493285">
			<ele>0.00</ele>
			<time>2020-01-19T23:09:00.83Z</time>
		</trkpt>
		<trkpt lat="34.590525" lon="127.493324">
			<ele>0.00</ele>
			<time>2020-01-19T23:09:01.63Z</time>
		</trkpt>
		<trkpt lat="34.590429" lon="127.493363">
			<ele>0.00</ele>
			<time>2020-01-19T23:09:02.31Z</time>
		</trkpt>
		<trkpt lat="34.590334" lon="127.493407">
			<ele>0.00</ele>
			<time>2020-01-19T23:09:02.98Z</time>
		</trkpt>
		<trkpt lat="34.590243" lon="127.493416">
			<ele>0.00</ele>
			<time>2020-01-19T23:09:03.60Z</time>
		</trkpt>
		<trkpt lat="34.590128" lon="127.493409">
			<ele>0.00</ele>
			<time>2020-01-19T23:09:04.36Z</time>
		</trkpt>
		<trkpt lat="34.590052" lon="127.493443">
			<ele>0.00</ele>
			<time>2020-01-19T23:09:04.90Z</time>
		</trkpt>
		<trkpt lat="34.589996" lon="127.493575">
			<ele>0.00</ele>
			<time>2020-01-19T23:09:05.72Z</time>
		</trkpt>
		<trkpt lat="34.589940" lon="127.493709">
			<ele>0.00</ele>
			<time>2020-01-19T23:09:06.54Z</time>
		</trkpt>
		<trkpt lat="34.589894" lon="127.493826">
			<ele>0.00</ele>
			<time>2020-01-19T23:09:07.25Z</time>
		</trkpt>
		<trkpt lat="34.589837" lon="127.493968">
			<ele>0.00</ele>
			<time>2020-01-19T23:09:08.12Z</time>
		</trkpt>
		<trkpt lat="34.589779" lon="127.494133">
			<ele>0.00</ele>
			<time>2020-01-19T23:09:09.10Z</time>
		</trkpt>
		<trkpt lat="34.589726" lon="127.494284">
			<ele>0.00</ele>
			<time>2020-01-19T23:09:10.01Z</time>
		</trkpt>
		<trkpt lat="34.589720" lon="127.494412">
			<ele>0.00</ele>
			<time>2020-01-19T23:09:10.71Z</time>
		</trkpt>
		<trkpt lat="34.589670" lon="127.494558">
			<ele>0.00</ele>
			<time>2020-01-19T23:09:11.58Z</time>
		</trkpt>
		<trkpt lat="34.589605" lon="127.494691">
			<ele>0.00</ele>
			<time>2020-01-19T23:09:12.42Z</time>
		</trkpt>
		<trkpt lat="34.589499" lon="127.494804">
			<ele>0.00</ele>
			<time>2020-01-19T23:09:13.36Z</time>
		</trkpt>
		<trkpt lat="34.589419" lon="127.494917">
			<ele>0.00</ele>
			<time>2020-01-19T23:09:14.18Z</time>
		</trkpt>
		<trkpt lat="34.589374" lon="127.495026">
			<ele>0.00</ele>
			<time>2020-01-19T23:09:14.86Z</time>
		</trkpt>
		<trkpt lat="34.589325" lon="127.495140">
			<ele>0.00</ele>
			<time>2020-01-19T23:09:15.56Z</time>
		</trkpt>
		<trkpt lat="34.589277" lon="127.495208">
			<ele>0.00</ele>
			<time>2020-01-19T23:09:16.05Z</time>
		</trkpt>
		<trkpt lat="34.589219" lon="127.495212">
			<ele>0.00</ele>
			<time>2020-01-19T23:09:16.44Z</time>
		</trkpt>
		<trkpt lat="34.589148" lon="127.495166">
			<ele>0.00</ele>
			<time>2020-01-19T23:09:16.97Z</time>
		</trkpt>
		<trkpt lat="34.589082" lon="127.495134">
			<ele>0.00</ele>
			<time>2020-01-19T23:09:17.45Z</time>
		</trkpt>
		<trkpt lat="34.589025" lon="127.495142">
			<ele>0.00</ele>
			<time>2020-01-19T23:09:17.83Z</time>
		</trkpt>
		<trkpt lat="34.588954" lon="127.495165">
			<ele>0.00</ele>
			<time>2020-01-19T23:09:18.32Z</time>
		</trkpt>
		<trkpt lat="34.588942" lon="127.495193">
			<ele>0.00</ele>
			<time>2020-01-19T23:09:18.49Z</time>
		</trkpt>
		<trkpt lat="34.588847" lon="127.495127">
			<ele>0.00</ele>
			<time>2020-01-19T23:09:19.22Z</time>
		</trkpt>
		<trkpt lat="34.588737" lon="127.495068">
			<ele>0.00</ele>
			<time>2020-01-19T23:09:20.02Z</time>
		</trkpt>
		<trkpt lat="34.588642" lon="127.495008">
			<ele>0.00</ele>
			<time>2020-01-19T23:09:20.73Z</time>
		</trkpt>
		<trkpt lat="34.588558" lon="127.494941">
			<ele>0.00</ele>
			<time>2020-01-19T23:09:21.41Z</time>
		</trkpt>
		<trkpt lat="34.588466" lon="127.494894">
			<ele>0.00</ele>
			<time>2020-01-19T23:09:22.07Z</time>
		</trkpt>
		<trkpt lat="34.588346" lon="127.494859">
			<ele>0.00</ele>
			<time>2020-01-19T23:09:22.89Z</time>
		</trkpt>
		<trkpt lat="34.588218" lon="127.494799">
			<ele>0.00</ele>
			<time>2020-01-19T23:09:23.81Z</time>
		</trkpt>
		<trkpt lat="34.588108" lon="127.494747">
			<ele>0.00</ele>
			<time>2020-01-19T23:09:24.59Z</time>
		</trkpt>
		<trkpt lat="34.588017" lon="127.494700">
			<ele>0.00</ele>
			<time>2020-01-19T23:09:25.25Z</time>
		</trkpt>
		<trkpt lat="34.587894" lon="127.494738">
			<ele>0.00</ele>
			<time>2020-01-19T23:09:26.10Z</time>
		</trkpt>
		<trkpt lat="34.587856" lon="127.494644">
			<ele>0.00</ele>
			<time>2020-01-19T23:09:26.67Z</time>
		</trkpt>
		<trkpt lat="34.587847" lon="127.494546">
			<ele>0.00</ele>
			<time>2020-01-19T23:09:27.21Z</time>
		</trkpt>
		<trkpt lat="34.587846" lon="127.494430">
			<ele>0.00</ele>
			<time>2020-01-19T23:09:27.85Z</time>
		</trkpt>
		<trkpt lat="34.587826" lon="127.494325">
			<ele>0.00</ele>
			<time>2020-01-19T23:09:28.44Z</time>
		</trkpt>
		<trkpt lat="34.587768" lon="127.494212">
			<ele>0.00</ele>
			<time>2020-01-19T23:09:29.17Z</time>
		</trkpt>
		<trkpt lat="34.587747" lon="127.494084">
			<ele>0.00</ele>
			<time>2020-01-19T23:09:29.89Z</time>
		</trkpt>
		<trkpt lat="34.587684" lon="127.494018">
			<ele>0.00</ele>
			<time>2020-01-19T23:09:30.44Z</time>
		</trkpt>
		<trkpt lat="34.587608" lon="127.493982">
			<ele>0.00</ele>
			<time>2020-01-19T23:09:30.99Z</time>
		</trkpt>
		<trkpt lat="34.587542" lon="127.493925">
			<ele>0.00</ele>
			<time>2020-01-19T23:09:31.53Z</time>
		</trkpt>
		<trkpt lat="34.587463" lon="127.493884">
			<ele>0.00</ele>
			<time>2020-01-19T23:09:32.09Z</time>
		</trkpt>
		<trkpt lat="34.587390" lon="127.493829">
			<ele>0.00</ele>
			<time>2020-01-19T23:09:32.67Z</time>
		</trkpt>
		<trkpt lat="34.587328" lon="127.493724">
			<ele>0.00</ele>
			<time>2020-01-19T23:09:33.38Z</time>
		</trkpt>
		<trkpt lat="34.587304" lon="127.493616">
			<ele>0.00</ele>
			<time>2020-01-19T23:09:33.99Z</time>
		</trkpt>
		<trkpt lat="34.587325" lon="127.493532">
			<ele>0.00</ele>
			<time>2020-01-19T23:09:34.48Z</time>
		</trkpt>
		<trkpt lat="34.587320" lon="127.493408">
			<ele>0.00</ele>
			<time>2020-01-19T23:09:35.15Z</time>
		</trkpt>
		<trkpt lat="34.587269" lon="127.493306">
			<ele>0.00</ele>
			<time>2020-01-19T23:09:35.81Z</time>
		</trkpt>
		<trkpt lat="34.587191" lon="127.493247">
			<ele>0.00</ele>
			<time>2020-01-19T23:09:36.43Z</time>
		</trkpt>
		<trkpt lat="34.587085" lon="127.493261">
			<ele>0.00</ele>
			<time>2020-01-19T23:09:37.14Z</time>
		</trkpt>
		<trkpt lat="34.586988" lon="127.493282">
			<ele>0.00</ele>
			<time>2020-01-19T23:09:37.79Z</time>
		</trkpt>
		<trkpt lat="34.586885" lon="127.493303">
			<ele>0.00</ele>
			<time>2020-01-19T23:09:38.49Z</time>
		</trkpt>
		<trkpt lat="34.586796" lon="127.493307">
			<ele>0.00</ele>
			<time>2020-01-19T23:09:39.08Z</time>
		</trkpt>
		<trkpt lat="34.586716" lon="127.493284">
			<ele>0.00</ele>
			<time>2020-01-19T23:09:39.63Z</time>
		</trkpt>
		<trkpt lat="34.586628" lon="127.493276">
			<ele>0.00</ele>
			<time>2020-01-19T23:09:40.22Z</time>
		</trkpt>
		<trkpt lat="34.586523" lon="127.493302">
			<ele>0.00</ele>
			<time>2020-01-19T23:09:40.93Z</time>
		</trkpt>
		<trkpt lat="34.586452" lon="127.493353">
			<ele>0.00</ele>
			<time>2020-01-19T23:09:41.48Z</time>
		</trkpt>
		<trkpt lat="34.586363" lon="127.493389">
			<ele>0.00</ele>
			<time>2020-01-19T23:09:42.11Z</time>
		</trkpt>
		<trkpt lat="34.586273" lon="127.493423">
			<ele>0.00</ele>
			<time>2020-01-19T23:09:42.73Z</time>
		</trkpt>
		<trkpt lat="34.586215" lon="127.493477">
			<ele>0.00</ele>
			<time>2020-01-19T23:09:43.22Z</time>
		</trkpt>
		<trkpt lat="34.586138" lon="127.493518">
			<ele>0.00</ele>
			<time>2020-01-19T23:09:43.79Z</time>
		</trkpt>
		<trkpt lat="34.586058" lon="127.493527">
			<ele>0.00</ele>
			<time>2020-01-19T23:09:44.32Z</time>
		</trkpt>
		<trkpt lat="34.585970" lon="127.493558">
			<ele>0.00</ele>
			<time>2020-01-19T23:09:44.93Z</time>
		</trkpt>
		<trkpt lat="34.585887" lon="127.493554">
			<ele>0.00</ele>
			<time>2020-01-19T23:09:45.49Z</time>
		</trkpt>
		<trkpt lat="34.585813" lon="127.493588">
			<ele>0.00</ele>
			<time>2020-01-19T23:09:46.01Z</time>
		</trkpt>
		<trkpt lat="34.585819" lon="127.493719">
			<ele>0.00</ele>
			<time>2020-01-19T23:09:46.74Z</time>
		</trkpt>
		<trkpt lat="34.585860" lon="127.493820">
			<ele>0.00</ele>
			<time>2020-01-19T23:09:47.35Z</time>
		</trkpt>
		<trkpt lat="34.585833" lon="127.493927">
			<ele>0.00</ele>
			<time>2020-01-19T23:09:47.96Z</time>
		</trkpt>
		<trkpt lat="34.585862" lon="127.494042">
			<ele>0.00</ele>
			<time>2020-01-19T23:09:48.63Z</time>
		</trkpt>
		<trkpt lat="34.585856" lon="127.494172">
			<ele>0.00</ele>
			<time>2020-01-19T23:09:49.34Z</time>
		</trkpt>
		<trkpt lat="34.585782" lon="127.494044">
			<ele>0.00</ele>
			<time>2020-01-19T23:09:50.20Z</time>
		</trkpt>
		<trkpt lat="34.585737" lon="127.493944">
			<ele>0.00</ele>
			<time>2020-01-19T23:09:50.82Z</time>
		</trkpt>
		<trkpt lat="34.585676" lon="127.493861">
			<ele>0.00</ele>
			<time>2020-01-19T23:09:51.43Z</time>
		</trkpt>
		<trkpt lat="34.585622" lon="127.493777">
			<ele>0.00</ele>
			<time>2020-01-19T23:09:52.02Z</time>
		</trkpt>
		<trkpt lat="34.585573" lon="127.493697">
			<ele>0.00</ele>
			<time>2020-01-19T23:09:52.57Z</time>
		</trkpt>
		<trkpt lat="34.585506" lon="127.493607">
			<ele>0.00</ele>
			<time>2020-01-19T23:09:53.23Z</time>
		</trkpt>
		<trkpt lat="34.585408" lon="127.493537">
			<ele>0.00</ele>
			<time>2020-01-19T23:09:53.99Z</time>
		</trkpt>
		<trkpt lat="34.585350" lon="127.493436">
			<ele>0.00</ele>
			<time>2020-01-19T23:09:54.67Z</time>
		</trkpt>
		<trkpt lat="34.585298" lon="127.493351">
			<ele>0.00</ele>
			<time>2020-01-19T23:09:55.25Z</time>
		</trkpt>
		<trkpt lat="34.585268" lon="127.493262">
			<ele>0.00</ele>
			<time>2020-01-19T23:09:55.78Z</time>
		</trkpt>
		<trkpt lat="34.585226" lon="127.493184">
			<ele>0.00</ele>
			<time>2020-01-19T23:09:56.29Z</time>
		</trkpt>
		<trkpt lat="34.585297" lon="127.493103">
			<ele>0.00</ele>
			<time>2020-01-19T23:09:56.93Z</time>
		</trkpt>
		<trkpt lat="34.585376" lon="127.493050">
			<ele>0.00</ele>
			<time>2020-01-19T23:09:57.53Z</time>
		</trkpt>
		<trkpt lat="34.585444" lon="127.493005">
			<ele>0.00</ele>
			<time>2020-01-19T23:09:58.05Z</time>
		</trkpt>
		<trkpt lat="34.585485" lon="127.492981">
			<ele>0.00</ele>
			<time>2020-01-19T23:09:58.36Z</time>
		</trkpt>
		<trkpt lat="34.585504" lon="127.492929">
			<ele>0.00</ele>
			<time>2020-01-19T23:09:58.67Z</time>
		</trkpt>
		<trkpt lat="34.585540" lon="127.492886">
			<ele>0.00</ele>
			<time>2020-01-19T23:09:59Z</time>
		</trkpt>
		<trkpt lat="34.585608" lon="127.492877">
			<ele>0.00</ele>
			<time>2020-01-19T23:09:59.46Z</time>
		</trkpt>
		<trkpt lat="34.585626" lon="127.492810">
			<ele>0.00</ele>
			<time>2020-01-19T23:09:59.85Z</time>
		</trkpt>
		<trkpt lat="34.585609" lon="127.492748">
			<ele>0.00</ele>
			<time>2020-01-19T23:10:00.21Z</time>
		</trkpt>
		<trkpt lat="34.585518" lon="127.492739">
			<ele>0.00</ele>
			<time>2020-01-19T23:10:00.82Z</time>
		</trkpt>
		<trkpt lat="34.585473" lon="127.492679">
			<ele>0.00</ele>
			<time>2020-01-19T23:10:01.26Z</time>
		</trkpt>
		<trkpt lat="34.585430" lon="127.492594">
			<ele>0.00</ele>
			<time>2020-01-19T23:10:01.81Z</time>
		</trkpt>
		<trkpt lat="34.585381" lon="127.492493">
			<ele>0.00</ele>
			<time>2020-01-19T23:10:02.45Z</time>
		</trkpt>
		<trkpt lat="34.585351" lon="127.492397">
			<ele>0.00</ele>
			<time>2020-01-19T23:10:03.02Z</time>
		</trkpt>
		<trkpt lat="34.585300" lon="127.492304">
			<ele>0.00</ele>
			<time>2020-01-19T23:10:03.63Z</time>
		</trkpt>
		<trkpt lat="34.585255" lon="127.492256">
			<ele>0.00</ele>
			<time>2020-01-19T23:10:04.04Z</time>
		</trkpt>
		<trkpt lat="34.585198" lon="127.492211">
			<ele>0.00</ele>
			<time>2020-01-19T23:10:04.48Z</time>
		</trkpt>
		<trkpt lat="34.585117" lon="127.492191">
			<ele>0.00</ele>
			<time>2020-01-19T23:10:05.04Z</time>
		</trkpt>
		<trkpt lat="34.585043" lon="127.492169">
			<ele>0.00</ele>
			<time>2020-01-19T23:10:05.54Z</time>
		</trkpt>
		<trkpt lat="34.584977" lon="127.492156">
			<ele>0.00</ele>
			<time>2020-01-19T23:10:05.99Z</time>
		</trkpt>
		<trkpt lat="34.584912" lon="127.492194">
			<ele>0.00</ele>
			<time>2020-01-19T23:10:06.47Z</time>
		</trkpt>
		<trkpt lat="34.584836" lon="127.492241">
			<ele>0.00</ele>
			<time>2020-01-19T23:10:07.04Z</time>
		</trkpt>
		<trkpt lat="34.584761" lon="127.492203">
			<ele>0.00</ele>
			<time>2020-01-19T23:10:07.58Z</time>
		</trkpt>
		<trkpt lat="34.584686" lon="127.492165">
			<ele>0.00</ele>
			<time>2020-01-19T23:10:08.12Z</time>
		</trkpt>
		<trkpt lat="34.584613" lon="127.492130">
			<ele>0.00</ele>
			<time>2020-01-19T23:10:08.64Z</time>
		</trkpt>
		<trkpt lat="34.584544" lon="127.492098">
			<ele>0.00</ele>
			<time>2020-01-19T23:10:09.14Z</time>
		</trkpt>
		<trkpt lat="34.584470" lon="127.492063">
			<ele>0.00</ele>
			<time>2020-01-19T23:10:09.67Z</time>
		</trkpt>
		<trkpt lat="34.584398" lon="127.492030">
			<ele>0.00</ele>
			<time>2020-01-19T23:10:10.18Z</time>
		</trkpt>
		<trkpt lat="34.584311" lon="127.491994">
			<ele>0.00</ele>
			<time>2020-01-19T23:10:10.79Z</time>
		</trkpt>
		<trkpt lat="34.584238" lon="127.491955">
			<ele>0.00</ele>
			<time>2020-01-19T23:10:11.32Z</time>
		</trkpt>
		<trkpt lat="34.584167" lon="127.491923">
			<ele>0.00</ele>
			<time>2020-01-19T23:10:11.83Z</time>
		</trkpt>
		<trkpt lat="34.584096" lon="127.491881">
			<ele>0.00</ele>
			<time>2020-01-19T23:10:12.36Z</time>
		</trkpt>
		<trkpt lat="34.584010" lon="127.491829">
			<ele>0.00</ele>
			<time>2020-01-19T23:10:13Z</time>
		</trkpt>
		<trkpt lat="34.583933" lon="127.491762">
			<ele>0.00</ele>
			<time>2020-01-19T23:10:13.63Z</time>
		</trkpt>
		<trkpt lat="34.583843" lon="127.491669">
			<ele>0.00</ele>
			<time>2020-01-19T23:10:14.42Z</time>
		</trkpt>
		<trkpt lat="34.583762" lon="127.491589">
			<ele>0.00</ele>
			<time>2020-01-19T23:10:15.11Z</time>
		</trkpt>
		<trkpt lat="34.583691" lon="127.491499">
			<ele>0.00</ele>
			<time>2020-01-19T23:10:15.80Z</time>
		</trkpt>
		<trkpt lat="34.583627" lon="127.491422">
			<ele>0.00</ele>
			<time>2020-01-19T23:10:16.40Z</time>
		</trkpt>
		<trkpt lat="34.583578" lon="127.491334">
			<ele>0.00</ele>
			<time>2020-01-19T23:10:16.98Z</time>
		</trkpt>
		<trkpt lat="34.583512" lon="127.491249">
			<ele>0.00</ele>
			<time>2020-01-19T23:10:17.62Z</time>
		</trkpt>
		<trkpt lat="34.583454" lon="127.491171">
			<ele>0.00</ele>
			<time>2020-01-19T23:10:18.20Z</time>
		</trkpt>
		<trkpt lat="34.583397" lon="127.491103">
			<ele>0.00</ele>
			<time>2020-01-19T23:10:18.73Z</time>
		</trkpt>
		<trkpt lat="34.583348" lon="127.491002">
			<ele>0.00</ele>
			<time>2020-01-19T23:10:19.37Z</time>
		</trkpt>
		<trkpt lat="34.583298" lon="127.490941">
			<ele>0.00</ele>
			<time>2020-01-19T23:10:19.85Z</time>
		</trkpt>
		<trkpt lat="34.583250" lon="127.490872">
			<ele>0.00</ele>
			<time>2020-01-19T23:10:20.34Z</time>
		</trkpt>
		<trkpt lat="34.583202" lon="127.490798">
			<ele>0.00</ele>
			<time>2020-01-19T23:10:20.86Z</time>
		</trkpt>
		<trkpt lat="34.583143" lon="127.490707">
			<ele>0.00</ele>
			<time>2020-01-19T23:10:21.50Z</time>
		</trkpt>
		<trkpt lat="34.583133" lon="127.490594">
			<ele>0.00</ele>
			<time>2020-01-19T23:10:22.12Z</time>
		</trkpt>
		<trkpt lat="34.583107" lon="127.490501">
			<ele>0.00</ele>
			<time>2020-01-19T23:10:22.66Z</time>
		</trkpt>
		<trkpt lat="34.583021" lon="127.490458">
			<ele>0.00</ele>
			<time>2020-01-19T23:10:23.28Z</time>
		</trkpt>
		<trkpt lat="34.583001" lon="127.490343">
			<ele>0.00</ele>
			<time>2020-01-19T23:10:23.92Z</time>
		</trkpt>
		<trkpt lat="34.583035" lon="127.490269">
			<ele>0.00</ele>
			<time>2020-01-19T23:10:24.39Z</time>
		</trkpt>
		<trkpt lat="34.583096" lon="127.490194">
			<ele>0.00</ele>
			<time>2020-01-19T23:10:24.97Z</time>
		</trkpt>
		<trkpt lat="34.583135" lon="127.490137">
			<ele>0.00</ele>
			<time>2020-01-19T23:10:25.37Z</time>
		</trkpt>
		<trkpt lat="34.583108" lon="127.490042">
			<ele>0.00</ele>
			<time>2020-01-19T23:10:25.92Z</time>
		</trkpt>
		<trkpt lat="34.583052" lon="127.489946">
			<ele>0.00</ele>
			<time>2020-01-19T23:10:26.57Z</time>
		</trkpt>
		<trkpt lat="34.582993" lon="127.489841">
			<ele>0.00</ele>
			<time>2020-01-19T23:10:27.27Z</time>
		</trkpt>
		<trkpt lat="34.582935" lon="127.489755">
			<ele>0.00</ele>
			<time>2020-01-19T23:10:27.88Z</time>
		</trkpt>
		<trkpt lat="34.582883" lon="127.489677">
			<ele>0.00</ele>
			<time>2020-01-19T23:10:28.43Z</time>
		</trkpt>
		<trkpt lat="34.582817" lon="127.489629">
			<ele>0.00</ele>
			<time>2020-01-19T23:10:28.94Z</time>
		</trkpt>
		<trkpt lat="34.582729" lon="127.489732">
			<ele>0.00</ele>
			<time>2020-01-19T23:10:29.76Z</time>
		</trkpt>
		<trkpt lat="34.582701" lon="127.489636">
			<ele>0.00</ele>
			<time>2020-01-19T23:10:30.32Z</time>
		</trkpt>
		<trkpt lat="34.582715" lon="127.489481">
			<ele>0.00</ele>
			<time>2020-01-19T23:10:31.18Z</time>
		</trkpt>
		<trkpt lat="34.582724" lon="127.489347">
			<ele>0.00</ele>
			<time>2020-01-19T23:10:31.91Z</time>
		</trkpt>
		<trkpt lat="34.582716" lon="127.489189">
			<ele>0.00</ele>
			<time>2020-01-19T23:10:32.78Z</time>
		</trkpt>
		<trkpt lat="34.582707" lon="127.489054">
			<ele>0.00</ele>
			<time>2020-01-19T23:10:33.52Z</time>
		</trkpt>
		<trkpt lat="34.582677" lon="127.488914">
			<ele>0.00</ele>
			<time>2020-01-19T23:10:34.32Z</time>
		</trkpt>
		<trkpt lat="34.582647" lon="127.488775">
			<ele>0.00</ele>
			<time>2020-01-19T23:10:35.11Z</time>
		</trkpt>
		<trkpt lat="34.582605" lon="127.488650">
			<ele>0.00</ele>
			<time>2020-01-19T23:10:35.85Z</time>
		</trkpt>
		<trkpt lat="34.582557" lon="127.488523">
			<ele>0.00</ele>
			<time>2020-01-19T23:10:36.61Z</time>
		</trkpt>
		<trkpt lat="34.582508" lon="127.488398">
			<ele>0.00</ele>
			<time>2020-01-19T23:10:37.38Z</time>
		</trkpt>
		<trkpt lat="34.582452" lon="127.488285">
			<ele>0.00</ele>
			<time>2020-01-19T23:10:38.10Z</time>
		</trkpt>
		<trkpt lat="34.582402" lon="127.488189">
			<ele>0.00</ele>
			<time>2020-01-19T23:10:38.72Z</time>
		</trkpt>
		<trkpt lat="34.582369" lon="127.488117">
			<ele>0.00</ele>
			<time>2020-01-19T23:10:39.18Z</time>
		</trkpt>
		<trkpt lat="34.582338" lon="127.487987">
			<ele>0.00</ele>
			<time>2020-01-19T23:10:39.92Z</time>
		</trkpt>
		<trkpt lat="34.582293" lon="127.487853">
			<ele>0.00</ele>
			<time>2020-01-19T23:10:40.72Z</time>
		</trkpt>
		<trkpt lat="34.582235" lon="127.487736">
			<ele>0.00</ele>
			<time>2020-01-19T23:10:41.46Z</time>
		</trkpt>
		<trkpt lat="34.582186" lon="127.487628">
			<ele>0.00</ele>
			<time>2020-01-19T23:10:42.14Z</time>
		</trkpt>
		<trkpt lat="34.582136" lon="127.487530">
			<ele>0.00</ele>
			<time>2020-01-19T23:10:42.77Z</time>
		</trkpt>
		<trkpt lat="34.582064" lon="127.487449">
			<ele>0.00</ele>
			<time>2020-01-19T23:10:43.43Z</time>
		</trkpt>
		<trkpt lat="34.581979" lon="127.487388">
			<ele>0.00</ele>
			<time>2020-01-19T23:10:44.08Z</time>
		</trkpt>
		<trkpt lat="34.581912" lon="127.487497">
			<ele>0.00</ele>
			<time>2020-01-19T23:10:44.83Z</time>
		</trkpt>
		<trkpt lat="34.581827" lon="127.487423">
			<ele>0.00</ele>
			<time>2020-01-19T23:10:45.53Z</time>
		</trkpt>
		<trkpt lat="34.581721" lon="127.487351">
			<ele>0.00</ele>
			<time>2020-01-19T23:10:46.34Z</time>
		</trkpt>
		<trkpt lat="34.581640" lon="127.487283">
			<ele>0.00</ele>
			<time>2020-01-19T23:10:47Z</time>
		</trkpt>
		<trkpt lat="34.581361" lon="127.487113">
			<ele>0.00</ele>
			<time>2020-01-19T23:10:49.07Z</time>
		</trkpt>
		<trkpt lat="34.581271" lon="127.487027">
			<ele>0.00</ele>
			<time>2020-01-19T23:10:49.84Z</time>
		</trkpt>
		<trkpt lat="34.581172" lon="127.486959">
			<ele>0.00</ele>
			<time>2020-01-19T23:10:50.60Z</time>
		</trkpt>
		<trkpt lat="34.581062" lon="127.486911">
			<ele>0.00</ele>
			<time>2020-01-19T23:10:51.38Z</time>
		</trkpt>
		<trkpt lat="34.580967" lon="127.486851">
			<ele>0.00</ele>
			<time>2020-01-19T23:10:52.09Z</time>
		</trkpt>
		<trkpt lat="34.580859" lon="127.486779">
			<ele>0.00</ele>
			<time>2020-01-19T23:10:52.91Z</time>
		</trkpt>
		<trkpt lat="34.580753" lon="127.486709">
			<ele>0.00</ele>
			<time>2020-01-19T23:10:53.72Z</time>
		</trkpt>
		<trkpt lat="34.580671" lon="127.486637">
			<ele>0.00</ele>
			<time>2020-01-19T23:10:54.39Z</time>
		</trkpt>
		<trkpt lat="34.580620" lon="127.486532">
			<ele>0.00</ele>
			<time>2020-01-19T23:10:55.06Z</time>
		</trkpt>
		<trkpt lat="34.580533" lon="127.486451">
			<ele>0.00</ele>
			<time>2020-01-19T23:10:55.79Z</time>
		</trkpt>
		<trkpt lat="34.580579" lon="127.486295">
			<ele>0.00</ele>
			<time>2020-01-19T23:10:56.70Z</time>
		</trkpt>
		<trkpt lat="34.580607" lon="127.486177">
			<ele>0.00</ele>
			<time>2020-01-19T23:10:57.38Z</time>
		</trkpt>
		<trkpt lat="34.580626" lon="127.486071">
			<ele>0.00</ele>
			<time>2020-01-19T23:10:57.97Z</time>
		</trkpt>
		<trkpt lat="34.580659" lon="127.485963">
			<ele>0.00</ele>
			<time>2020-01-19T23:10:58.60Z</time>
		</trkpt>
		<trkpt lat="34.580717" lon="127.485864">
			<ele>0.00</ele>
			<time>2020-01-19T23:10:59.27Z</time>
		</trkpt>
		<trkpt lat="34.580825" lon="127.485883">
			<ele>0.00</ele>
			<time>2020-01-19T23:10:59.99Z</time>
		</trkpt>
		<trkpt lat="34.580921" lon="127.485918">
			<ele>0.00</ele>
			<time>2020-01-19T23:11:00.66Z</time>
		</trkpt>
		<trkpt lat="34.581015" lon="127.485960">
			<ele>0.00</ele>
			<time>2020-01-19T23:11:01.33Z</time>
		</trkpt>
		<trkpt lat="34.581117" lon="127.485975">
			<ele>0.00</ele>
			<time>2020-01-19T23:11:02.01Z</time>
		</trkpt>
		<trkpt lat="34.581209" lon="127.485972">
			<ele>0.00</ele>
			<time>2020-01-19T23:11:02.63Z</time>
		</trkpt>
		<trkpt lat="34.581257" lon="127.485863">
			<ele>0.00</ele>
			<time>2020-01-19T23:11:03.30Z</time>
		</trkpt>
		<trkpt lat="34.581262" lon="127.485719">
			<ele>0.00</ele>
			<time>2020-01-19T23:11:04.10Z</time>
		</trkpt>
		<trkpt lat="34.581242" lon="127.485591">
			<ele>0.00</ele>
			<time>2020-01-19T23:11:04.81Z</time>
		</trkpt>
		<trkpt lat="34.581198" lon="127.485463">
			<ele>0.00</ele>
			<time>2020-01-19T23:11:05.58Z</time>
		</trkpt>
		<trkpt lat="34.581140" lon="127.485341">
			<ele>0.00</ele>
			<time>2020-01-19T23:11:06.35Z</time>
		</trkpt>
		<trkpt lat="34.581082" lon="127.485253">
			<ele>0.00</ele>
			<time>2020-01-19T23:11:06.97Z</time>
		</trkpt>
		<trkpt lat="34.580987" lon="127.485201">
			<ele>0.00</ele>
			<time>2020-01-19T23:11:07.66Z</time>
		</trkpt>
		<trkpt lat="34.580892" lon="127.485176">
			<ele>0.00</ele>
			<time>2020-01-19T23:11:08.31Z</time>
		</trkpt>
		<trkpt lat="34.580793" lon="127.485140">
			<ele>0.00</ele>
			<time>2020-01-19T23:11:09Z</time>
		</trkpt>
		<trkpt lat="34.580704" lon="127.485092">
			<ele>0.00</ele>
			<time>2020-01-19T23:11:09.65Z</time>
		</trkpt>
		<trkpt lat="34.580647" lon="127.485014">
			<ele>0.00</ele>
			<time>2020-01-19T23:11:10.22Z</time>
		</trkpt>
		<trkpt lat="34.580590" lon="127.484925">
			<ele>0.00</ele>
			<time>2020-01-19T23:11:10.84Z</time>
		</trkpt>
		<trkpt lat="34.580551" lon="127.484845">
			<ele>0.00</ele>
			<time>2020-01-19T23:11:11.35Z</time>
		</trkpt>
		<trkpt lat="34.580553" lon="127.484702">
			<ele>0.00</ele>
			<time>2020-01-19T23:11:12.13Z</time>
		</trkpt>
		<trkpt lat="34.580567" lon="127.484583">
			<ele>0.00</ele>
			<time>2020-01-19T23:11:12.80Z</time>
		</trkpt>
		<trkpt lat="34.580577" lon="127.484467">
			<ele>0.00</ele>
			<time>2020-01-19T23:11:13.44Z</time>
		</trkpt>
		<trkpt lat="34.580570" lon="127.484336">
			<ele>0.00</ele>
			<time>2020-01-19T23:11:14.15Z</time>
		</trkpt>
		<trkpt lat="34.580559" lon="127.484207">
			<ele>0.00</ele>
			<time>2020-01-19T23:11:14.87Z</time>
		</trkpt>
		<trkpt lat="34.580573" lon="127.484081">
			<ele>0.00</ele>
			<time>2020-01-19T23:11:15.56Z</time>
		</trkpt>
		<trkpt lat="34.580584" lon="127.483964">
			<ele>0.00</ele>
			<time>2020-01-19T23:11:16.21Z</time>
		</trkpt>
		<trkpt lat="34.580553" lon="127.483839">
			<ele>0.00</ele>
			<time>2020-01-19T23:11:16.93Z</time>
		</trkpt>
		<trkpt lat="34.580555" lon="127.483726">
			<ele>0.00</ele>
			<time>2020-01-19T23:11:17.55Z</time>
		</trkpt>
		<trkpt lat="34.580553" lon="127.483618">
			<ele>0.00</ele>
			<time>2020-01-19T23:11:18.14Z</time>
		</trkpt>
		<trkpt lat="34.580546" lon="127.483514">
			<ele>0.00</ele>
			<time>2020-01-19T23:11:18.71Z</time>
		</trkpt>
		<trkpt lat="34.580541" lon="127.483384">
			<ele>0.00</ele>
			<time>2020-01-19T23:11:19.43Z</time>
		</trkpt>
		<trkpt lat="34.580539" lon="127.483261">
			<ele>0.00</ele>
			<time>2020-01-19T23:11:20.10Z</time>
		</trkpt>
		<trkpt lat="34.580532" lon="127.483130">
			<ele>0.00</ele>
			<time>2020-01-19T23:11:20.82Z</time>
		</trkpt>
		<trkpt lat="34.580528" lon="127.483028">
			<ele>0.00</ele>
			<time>2020-01-19T23:11:21.38Z</time>
		</trkpt>
		<trkpt lat="34.580535" lon="127.482894">
			<ele>0.00</ele>
			<time>2020-01-19T23:11:22.12Z</time>
		</trkpt>
		<trkpt lat="34.580561" lon="127.482754">
			<ele>0.00</ele>
			<time>2020-01-19T23:11:22.91Z</time>
		</trkpt>
		<trkpt lat="34.580594" lon="127.482648">
			<ele>0.00</ele>
			<time>2020-01-19T23:11:23.53Z</time>
		</trkpt>
		<trkpt lat="34.580631" lon="127.482556">
			<ele>0.00</ele>
			<time>2020-01-19T23:11:24.09Z</time>
		</trkpt>
		<trkpt lat="34.580680" lon="127.482467">
			<ele>0.00</ele>
			<time>2020-01-19T23:11:24.68Z</time>
		</trkpt>
		<trkpt lat="34.580738" lon="127.482392">
			<ele>0.00</ele>
			<time>2020-01-19T23:11:25.25Z</time>
		</trkpt>
		<trkpt lat="34.580820" lon="127.482348">
			<ele>0.00</ele>
			<time>2020-01-19T23:11:25.84Z</time>
		</trkpt>
		<trkpt lat="34.580934" lon="127.482348">
			<ele>0.00</ele>
			<time>2020-01-19T23:11:26.60Z</time>
		</trkpt>
		<trkpt lat="34.581040" lon="127.482358">
			<ele>0.00</ele>
			<time>2020-01-19T23:11:27.31Z</time>
		</trkpt>
		<trkpt lat="34.581141" lon="127.482370">
			<ele>0.00</ele>
			<time>2020-01-19T23:11:27.99Z</time>
		</trkpt>
		<trkpt lat="34.581240" lon="127.482378">
			<ele>0.00</ele>
			<time>2020-01-19T23:11:28.65Z</time>
		</trkpt>
		<trkpt lat="34.581339" lon="127.482384">
			<ele>0.00</ele>
			<time>2020-01-19T23:11:29.31Z</time>
		</trkpt>
		<trkpt lat="34.581431" lon="127.482386">
			<ele>0.00</ele>
			<time>2020-01-19T23:11:29.92Z</time>
		</trkpt>
		<trkpt lat="34.581516" lon="127.482403">
			<ele>0.00</ele>
			<time>2020-01-19T23:11:30.50Z</time>
		</trkpt>
		<trkpt lat="34.581604" lon="127.482439">
			<ele>0.00</ele>
			<time>2020-01-19T23:11:31.12Z</time>
		</trkpt>
		<trkpt lat="34.581671" lon="127.482440">
			<ele>0.00</ele>
			<time>2020-01-19T23:11:31.56Z</time>
		</trkpt>
		<trkpt lat="34.581619" lon="127.482359">
			<ele>0.00</ele>
			<time>2020-01-19T23:11:32.12Z</time>
		</trkpt>
		<trkpt lat="34.581554" lon="127.482302">
			<ele>0.00</ele>
			<time>2020-01-19T23:11:32.66Z</time>
		</trkpt>
		<trkpt lat="34.581494" lon="127.482240">
			<ele>0.00</ele>
			<time>2020-01-19T23:11:33.18Z</time>
		</trkpt>
		<trkpt lat="34.581429" lon="127.482188">
			<ele>0.00</ele>
			<time>2020-01-19T23:11:33.70Z</time>
		</trkpt>
		<trkpt lat="34.581351" lon="127.482114">
			<ele>0.00</ele>
			<time>2020-01-19T23:11:34.36Z</time>
		</trkpt>
		<trkpt lat="34.581292" lon="127.482032">
			<ele>0.00</ele>
			<time>2020-01-19T23:11:34.96Z</time>
		</trkpt>
		<trkpt lat="34.581233" lon="127.481980">
			<ele>0.00</ele>
			<time>2020-01-19T23:11:35.45Z</time>
		</trkpt>
		<trkpt lat="34.581153" lon="127.481917">
			<ele>0.00</ele>
			<time>2020-01-19T23:11:36.08Z</time>
		</trkpt>
		<trkpt lat="34.581156" lon="127.481917">
			<ele>0.00</ele>
			<time>2020-01-19T23:11:36.14Z</time>
		</trkpt>
		<trkpt lat="34.581109" lon="127.481792">
			<ele>0.00</ele>
			<time>2020-01-19T23:11:36.90Z</time>
		</trkpt>
		<trkpt lat="34.581032" lon="127.481783">
			<ele>0.00</ele>
			<time>2020-01-19T23:11:37.42Z</time>
		</trkpt>
		<trkpt lat="34.580994" lon="127.481711">
			<ele>0.00</ele>
			<time>2020-01-19T23:11:37.89Z</time>
		</trkpt>
		<trkpt lat="34.580976" lon="127.481594">
			<ele>0.00</ele>
			<time>2020-01-19T23:11:38.54Z</time>
		</trkpt>
		<trkpt lat="34.580968" lon="127.481468">
			<ele>0.00</ele>
			<time>2020-01-19T23:11:39.23Z</time>
		</trkpt>
		<trkpt lat="34.580964" lon="127.481340">
			<ele>0.00</ele>
			<time>2020-01-19T23:11:39.94Z</time>
		</trkpt>
		<trkpt lat="34.580952" lon="127.481211">
			<ele>0.00</ele>
			<time>2020-01-19T23:11:40.65Z</time>
		</trkpt>
		<trkpt lat="34.580932" lon="127.481110">
			<ele>0.00</ele>
			<time>2020-01-19T23:11:41.22Z</time>
		</trkpt>
		<trkpt lat="34.580902" lon="127.481024">
			<ele>0.00</ele>
			<time>2020-01-19T23:11:41.73Z</time>
		</trkpt>
		<trkpt lat="34.580881" lon="127.480928">
			<ele>0.00</ele>
			<time>2020-01-19T23:11:42.28Z</time>
		</trkpt>
		<trkpt lat="34.580849" lon="127.480827">
			<ele>0.00</ele>
			<time>2020-01-19T23:11:42.87Z</time>
		</trkpt>
		<trkpt lat="34.580813" lon="127.480723">
			<ele>0.00</ele>
			<time>2020-01-19T23:11:43.49Z</time>
		</trkpt>
		<trkpt lat="34.580786" lon="127.480611">
			<ele>0.00</ele>
			<time>2020-01-19T23:11:44.14Z</time>
		</trkpt>
		<trkpt lat="34.580786" lon="127.480615">
			<ele>0.00</ele>
			<time>2020-01-19T23:11:44.20Z</time>
		</trkpt>
		<trkpt lat="34.580812" lon="127.480497">
			<ele>0.00</ele>
			<time>2020-01-19T23:11:44.87Z</time>
		</trkpt>
		<trkpt lat="34.580801" lon="127.480365">
			<ele>0.00</ele>
			<time>2020-01-19T23:11:45.59Z</time>
		</trkpt>
		<trkpt lat="34.580841" lon="127.480267">
			<ele>0.00</ele>
			<time>2020-01-19T23:11:46.19Z</time>
		</trkpt>
		<trkpt lat="34.580881" lon="127.480139">
			<ele>0.00</ele>
			<time>2020-01-19T23:11:46.95Z</time>
		</trkpt>
		<trkpt lat="34.580909" lon="127.480017">
			<ele>0.00</ele>
			<time>2020-01-19T23:11:47.64Z</time>
		</trkpt>
		<trkpt lat="34.580939" lon="127.479892">
			<ele>0.00</ele>
			<time>2020-01-19T23:11:48.35Z</time>
		</trkpt>
		<trkpt lat="34.580974" lon="127.479748">
			<ele>0.00</ele>
			<time>2020-01-19T23:11:49.18Z</time>
		</trkpt>
		<trkpt lat="34.580919" lon="127.479670">
			<ele>0.00</ele>
			<time>2020-01-19T23:11:49.75Z</time>
		</trkpt>
		<trkpt lat="34.580837" lon="127.479611">
			<ele>0.00</ele>
			<time>2020-01-19T23:11:50.38Z</time>
		</trkpt>
		<trkpt lat="34.580794" lon="127.479583">
			<ele>0.00</ele>
			<time>2020-01-19T23:11:50.71Z</time>
		</trkpt>
		<trkpt lat="34.580828" lon="127.479512">
			<ele>0.00</ele>
			<time>2020-01-19T23:11:51.16Z</time>
		</trkpt>
		<trkpt lat="34.580846" lon="127.479414">
			<ele>0.00</ele>
			<time>2020-01-19T23:11:51.71Z</time>
		</trkpt>
		<trkpt lat="34.580864" lon="127.479301">
			<ele>0.00</ele>
			<time>2020-01-19T23:11:52.34Z</time>
		</trkpt>
		<trkpt lat="34.580887" lon="127.479182">
			<ele>0.00</ele>
			<time>2020-01-19T23:11:53.01Z</time>
		</trkpt>
		<trkpt lat="34.580890" lon="127.479076">
			<ele>0.00</ele>
			<time>2020-01-19T23:11:53.59Z</time>
		</trkpt>
		<trkpt lat="34.580881" lon="127.478959">
			<ele>0.00</ele>
			<time>2020-01-19T23:11:54.24Z</time>
		</trkpt>
		<trkpt lat="34.580915" lon="127.478858">
			<ele>0.00</ele>
			<time>2020-01-19T23:11:54.84Z</time>
		</trkpt>
		<trkpt lat="34.580946" lon="127.478737">
			<ele>0.00</ele>
			<time>2020-01-19T23:11:55.53Z</time>
		</trkpt>
		<trkpt lat="34.580979" lon="127.478635">
			<ele>0.00</ele>
			<time>2020-01-19T23:11:56.13Z</time>
		</trkpt>
		<trkpt lat="34.581017" lon="127.478558">
			<ele>0.00</ele>
			<time>2020-01-19T23:11:56.62Z</time>
		</trkpt>
		<trkpt lat="34.581052" lon="127.478477">
			<ele>0.00</ele>
			<time>2020-01-19T23:11:57.13Z</time>
		</trkpt>
		<trkpt lat="34.580949" lon="127.478414">
			<ele>0.00</ele>
			<time>2020-01-19T23:11:57.89Z</time>
		</trkpt>
		<trkpt lat="34.580883" lon="127.478359">
			<ele>0.00</ele>
			<time>2020-01-19T23:11:58.43Z</time>
		</trkpt>
		<trkpt lat="34.580826" lon="127.478275">
			<ele>0.00</ele>
			<time>2020-01-19T23:11:59.03Z</time>
		</trkpt>
		<trkpt lat="34.580810" lon="127.478169">
			<ele>0.00</ele>
			<time>2020-01-19T23:11:59.62Z</time>
		</trkpt>
		<trkpt lat="34.580813" lon="127.478045">
			<ele>0.00</ele>
			<time>2020-01-19T23:12:00.30Z</time>
		</trkpt>
		<trkpt lat="34.580797" lon="127.477976">
			<ele>0.00</ele>
			<time>2020-01-19T23:12:00.69Z</time>
		</trkpt>
		<trkpt lat="34.580694" lon="127.477972">
			<ele>0.00</ele>
			<time>2020-01-19T23:12:01.38Z</time>
		</trkpt>
		<trkpt lat="34.580589" lon="127.477953">
			<ele>0.00</ele>
			<time>2020-01-19T23:12:02.08Z</time>
		</trkpt>
		<trkpt lat="34.580497" lon="127.477901">
			<ele>0.00</ele>
			<time>2020-01-19T23:12:02.76Z</time>
		</trkpt>
		<trkpt lat="34.580402" lon="127.477859">
			<ele>0.00</ele>
			<time>2020-01-19T23:12:03.43Z</time>
		</trkpt>
		<trkpt lat="34.580320" lon="127.477822">
			<ele>0.00</ele>
			<time>2020-01-19T23:12:04.02Z</time>
		</trkpt>
		<trkpt lat="34.580234" lon="127.477787">
			<ele>0.00</ele>
			<time>2020-01-19T23:12:04.62Z</time>
		</trkpt>
		<trkpt lat="34.580202" lon="127.477698">
			<ele>0.00</ele>
			<time>2020-01-19T23:12:05.16Z</time>
		</trkpt>
		<trkpt lat="34.580113" lon="127.477707">
			<ele>0.00</ele>
			<time>2020-01-19T23:12:05.75Z</time>
		</trkpt>
		<trkpt lat="34.580015" lon="127.477737">
			<ele>0.00</ele>
			<time>2020-01-19T23:12:06.43Z</time>
		</trkpt>
		<trkpt lat="34.579923" lon="127.477784">
			<ele>0.00</ele>
			<time>2020-01-19T23:12:07.09Z</time>
		</trkpt>
		<trkpt lat="34.579839" lon="127.477845">
			<ele>0.00</ele>
			<time>2020-01-19T23:12:07.75Z</time>
		</trkpt>
		<trkpt lat="34.579738" lon="127.477850">
			<ele>0.00</ele>
			<time>2020-01-19T23:12:08.42Z</time>
		</trkpt>
		<trkpt lat="34.579672" lon="127.477884">
			<ele>0.00</ele>
			<time>2020-01-19T23:12:08.90Z</time>
		</trkpt>
		<trkpt lat="34.579668" lon="127.477881">
			<ele>0.00</ele>
			<time>2020-01-19T23:12:08.96Z</time>
		</trkpt>
		<extensions>
			<gte:name>#439</gte:name>
			<gte:color>#0ba40b</gte:color>
		</extensions>
	</trkseg>
</trk>
</gpx>