<?xml version="1.0" encoding="UTF-8"?>
<gpx version="1.1" creator="GPS Track Editor" xmlns="http://www.topografix.com/GPX/1/1" xmlns:xsi="http://www.w3.org/2001/XMLSchema-instance" xmlns:gte="http://www.gpstrackeditor.com/xmlschemas/General/1" xmlns:gpxtpx="http://www.garmin.com/xmlschemas/TrackPointExtension/v1" xmlns:gpxx="http://www.garmin.com/xmlschemas/GpxExtensions/v3" targetNamespace="http://www.topografix.com/GPX/1/1" elementFormDefault="qualified" xsi:schemaLocation="http://www.topografix.com/GPX/1/1 http://www.topografix.com/GPX/1/1/gpx.xsd">
<metadata>
	<name>GPS_2020-01-19_163850</name>
</metadata>
<trk>
	<name>052-여수시 율촌면 조화리 율촌파출소~여수시 소하면 덕양리 소라초등학교</name>
	<trkseg>
		<trkpt lat="34.883504" lon="127.578042">
			<ele>0.00</ele>
			<time>2020-01-19T16:38:50.80Z</time>
		</trkpt>
		<trkpt lat="34.883460" lon="127.578049">
			<ele>0.00</ele>
			<time>2020-01-19T16:38:51.10Z</time>
		</trkpt>
		<trkpt lat="34.883412" lon="127.578059">
			<ele>0.00</ele>
			<time>2020-01-19T16:38:51.42Z</time>
		</trkpt>
		<trkpt lat="34.883355" lon="127.578074">
			<ele>0.00</ele>
			<time>2020-01-19T16:38:51.81Z</time>
		</trkpt>
		<trkpt lat="34.883294" lon="127.578096">
			<ele>0.00</ele>
			<time>2020-01-19T16:38:52.23Z</time>
		</trkpt>
		<trkpt lat="34.883216" lon="127.578128">
			<ele>0.00</ele>
			<time>2020-01-19T16:38:52.78Z</time>
		</trkpt>
		<trkpt lat="34.883134" lon="127.578164">
			<ele>0.00</ele>
			<time>2020-01-19T16:38:53.36Z</time>
		</trkpt>
		<trkpt lat="34.883069" lon="127.578214">
			<ele>0.00</ele>
			<time>2020-01-19T16:38:53.87Z</time>
		</trkpt>
		<trkpt lat="34.882980" lon="127.578308">
			<ele>0.00</ele>
			<time>2020-01-19T16:38:54.66Z</time>
		</trkpt>
		<trkpt lat="34.882910" lon="127.578375">
			<ele>0.00</ele>
			<time>2020-01-19T16:38:55.25Z</time>
		</trkpt>
		<trkpt lat="34.882846" lon="127.578452">
			<ele>0.00</ele>
			<time>2020-01-19T16:38:55.85Z</time>
		</trkpt>
		<trkpt lat="34.882776" lon="127.578535">
			<ele>0.00</ele>
			<time>2020-01-19T16:38:56.51Z</time>
		</trkpt>
		<trkpt lat="34.882697" lon="127.578631">
			<ele>0.00</ele>
			<time>2020-01-19T16:38:57.25Z</time>
		</trkpt>
		<trkpt lat="34.882636" lon="127.578703">
			<ele>0.00</ele>
			<time>2020-01-19T16:38:57.81Z</time>
		</trkpt>
		<trkpt lat="34.882569" lon="127.578776">
			<ele>0.00</ele>
			<time>2020-01-19T16:38:58.41Z</time>
		</trkpt>
		<trkpt lat="34.882505" lon="127.578865">
			<ele>0.00</ele>
			<time>2020-01-19T16:38:59.06Z</time>
		</trkpt>
		<trkpt lat="34.882436" lon="127.578961">
			<ele>0.00</ele>
			<time>2020-01-19T16:38:59.76Z</time>
		</trkpt>
		<trkpt lat="34.882354" lon="127.579071">
			<ele>0.00</ele>
			<time>2020-01-19T16:39:00.57Z</time>
		</trkpt>
		<trkpt lat="34.882298" lon="127.579140">
			<ele>0.00</ele>
			<time>2020-01-19T16:39:01.10Z</time>
		</trkpt>
		<trkpt lat="34.882232" lon="127.579208">
			<ele>0.00</ele>
			<time>2020-01-19T16:39:01.68Z</time>
		</trkpt>
		<trkpt lat="34.882182" lon="127.579238">
			<ele>0.00</ele>
			<time>2020-01-19T16:39:02.05Z</time>
		</trkpt>
		<trkpt lat="34.882155" lon="127.579259">
			<ele>0.00</ele>
			<time>2020-01-19T16:39:02.26Z</time>
		</trkpt>
		<trkpt lat="34.882102" lon="127.579330">
			<ele>0.00</ele>
			<time>2020-01-19T16:39:02.79Z</time>
		</trkpt>
		<trkpt lat="34.882009" lon="127.579375">
			<ele>0.00</ele>
			<time>2020-01-19T16:39:03.46Z</time>
		</trkpt>
		<trkpt lat="34.881916" lon="127.579413">
			<ele>0.00</ele>
			<time>2020-01-19T16:39:04.11Z</time>
		</trkpt>
		<trkpt lat="34.881811" lon="127.579436">
			<ele>0.00</ele>
			<time>2020-01-19T16:39:04.82Z</time>
		</trkpt>
		<trkpt lat="34.881700" lon="127.579464">
			<ele>0.00</ele>
			<time>2020-01-19T16:39:05.58Z</time>
		</trkpt>
		<trkpt lat="34.881574" lon="127.579489">
			<ele>0.00</ele>
			<time>2020-01-19T16:39:06.43Z</time>
		</trkpt>
		<trkpt lat="34.881483" lon="127.579517">
			<ele>0.00</ele>
			<time>2020-01-19T16:39:07.05Z</time>
		</trkpt>
		<trkpt lat="34.881396" lon="127.579538">
			<ele>0.00</ele>
			<time>2020-01-19T16:39:07.65Z</time>
		</trkpt>
		<trkpt lat="34.881295" lon="127.579570">
			<ele>0.00</ele>
			<time>2020-01-19T16:39:08.34Z</time>
		</trkpt>
		<trkpt lat="34.881166" lon="127.579600">
			<ele>0.00</ele>
			<time>2020-01-19T16:39:09.21Z</time>
		</trkpt>
		<trkpt lat="34.881056" lon="127.579637">
			<ele>0.00</ele>
			<time>2020-01-19T16:39:09.98Z</time>
		</trkpt>
		<trkpt lat="34.880964" lon="127.579662">
			<ele>0.00</ele>
			<time>2020-01-19T16:39:10.60Z</time>
		</trkpt>
		<trkpt lat="34.880879" lon="127.579679">
			<ele>0.00</ele>
			<time>2020-01-19T16:39:11.18Z</time>
		</trkpt>
		<trkpt lat="34.880746" lon="127.579712">
			<ele>0.00</ele>
			<time>2020-01-19T16:39:12.09Z</time>
		</trkpt>
		<trkpt lat="34.880658" lon="127.579742">
			<ele>0.00</ele>
			<time>2020-01-19T16:39:12.69Z</time>
		</trkpt>
		<trkpt lat="34.880552" lon="127.579769">
			<ele>0.00</ele>
			<time>2020-01-19T16:39:13.42Z</time>
		</trkpt>
		<trkpt lat="34.880453" lon="127.579795">
			<ele>0.00</ele>
			<time>2020-01-19T16:39:14.09Z</time>
		</trkpt>
		<trkpt lat="34.880336" lon="127.579827">
			<ele>0.00</ele>
			<time>2020-01-19T16:39:14.89Z</time>
		</trkpt>
		<trkpt lat="34.880222" lon="127.579868">
			<ele>0.00</ele>
			<time>2020-01-19T16:39:15.68Z</time>
		</trkpt>
		<trkpt lat="34.880109" lon="127.579895">
			<ele>0.00</ele>
			<time>2020-01-19T16:39:16.45Z</time>
		</trkpt>
		<trkpt lat="34.879987" lon="127.579910">
			<ele>0.00</ele>
			<time>2020-01-19T16:39:17.27Z</time>
		</trkpt>
		<trkpt lat="34.879839" lon="127.579891">
			<ele>0.00</ele>
			<time>2020-01-19T16:39:18.26Z</time>
		</trkpt>
		<trkpt lat="34.879712" lon="127.579868">
			<ele>0.00</ele>
			<time>2020-01-19T16:39:19.12Z</time>
		</trkpt>
		<trkpt lat="34.879555" lon="127.579848">
			<ele>0.00</ele>
			<time>2020-01-19T16:39:20.17Z</time>
		</trkpt>
		<trkpt lat="34.879422" lon="127.579831">
			<ele>0.00</ele>
			<time>2020-01-19T16:39:21.06Z</time>
		</trkpt>
		<trkpt lat="34.879273" lon="127.579814">
			<ele>0.00</ele>
			<time>2020-01-19T16:39:22.06Z</time>
		</trkpt>
		<trkpt lat="34.879109" lon="127.579786">
			<ele>0.00</ele>
			<time>2020-01-19T16:39:23.16Z</time>
		</trkpt>
		<trkpt lat="34.878971" lon="127.579767">
			<ele>0.00</ele>
			<time>2020-01-19T16:39:24.09Z</time>
		</trkpt>
		<trkpt lat="34.878796" lon="127.579780">
			<ele>0.00</ele>
			<time>2020-01-19T16:39:25.26Z</time>
		</trkpt>
		<trkpt lat="34.878614" lon="127.579824">
			<ele>0.00</ele>
			<time>2020-01-19T16:39:26.49Z</time>
		</trkpt>
		<trkpt lat="34.878432" lon="127.579880">
			<ele>0.00</ele>
			<time>2020-01-19T16:39:27.74Z</time>
		</trkpt>
		<trkpt lat="34.878236" lon="127.579934">
			<ele>0.00</ele>
			<time>2020-01-19T16:39:29.09Z</time>
		</trkpt>
		<trkpt lat="34.878110" lon="127.579976">
			<ele>0.00</ele>
			<time>2020-01-19T16:39:29.96Z</time>
		</trkpt>
		<trkpt lat="34.878003" lon="127.580010">
			<ele>0.00</ele>
			<time>2020-01-19T16:39:30.69Z</time>
		</trkpt>
		<trkpt lat="34.877951" lon="127.580022">
			<ele>0.00</ele>
			<time>2020-01-19T16:39:31.05Z</time>
		</trkpt>
		<trkpt lat="34.877965" lon="127.580113">
			<ele>0.00</ele>
			<time>2020-01-19T16:39:31.55Z</time>
		</trkpt>
		<trkpt lat="34.877966" lon="127.580202">
			<ele>0.00</ele>
			<time>2020-01-19T16:39:32.04Z</time>
		</trkpt>
		<trkpt lat="34.877962" lon="127.580266">
			<ele>0.00</ele>
			<time>2020-01-19T16:39:32.39Z</time>
		</trkpt>
		<trkpt lat="34.877991" lon="127.580362">
			<ele>0.00</ele>
			<time>2020-01-19T16:39:32.95Z</time>
		</trkpt>
		<trkpt lat="34.878037" lon="127.580461">
			<ele>0.00</ele>
			<time>2020-01-19T16:39:33.57Z</time>
		</trkpt>
		<trkpt lat="34.878081" lon="127.580610">
			<ele>0.00</ele>
			<time>2020-01-19T16:39:34.44Z</time>
		</trkpt>
		<trkpt lat="34.878103" lon="127.580711">
			<ele>0.00</ele>
			<time>2020-01-19T16:39:35.01Z</time>
		</trkpt>
		<trkpt lat="34.878116" lon="127.580857">
			<ele>0.00</ele>
			<time>2020-01-19T16:39:35.82Z</time>
		</trkpt>
		<trkpt lat="34.878131" lon="127.581032">
			<ele>0.00</ele>
			<time>2020-01-19T16:39:36.78Z</time>
		</trkpt>
		<trkpt lat="34.878140" lon="127.581191">
			<ele>0.00</ele>
			<time>2020-01-19T16:39:37.64Z</time>
		</trkpt>
		<trkpt lat="34.878145" lon="127.581391">
			<ele>0.00</ele>
			<time>2020-01-19T16:39:38.74Z</time>
		</trkpt>
		<trkpt lat="34.878135" lon="127.581574">
			<ele>0.00</ele>
			<time>2020-01-19T16:39:39.75Z</time>
		</trkpt>
		<trkpt lat="34.878123" lon="127.581807">
			<ele>0.00</ele>
			<time>2020-01-19T16:39:41.02Z</time>
		</trkpt>
		<trkpt lat="34.878119" lon="127.581987">
			<ele>0.00</ele>
			<time>2020-01-19T16:39:42Z</time>
		</trkpt>
		<trkpt lat="34.878107" lon="127.582196">
			<ele>0.00</ele>
			<time>2020-01-19T16:39:43.15Z</time>
		</trkpt>
		<trkpt lat="34.878098" lon="127.582359">
			<ele>0.00</ele>
			<time>2020-01-19T16:39:44.05Z</time>
		</trkpt>
		<trkpt lat="34.878096" lon="127.582514">
			<ele>0.00</ele>
			<time>2020-01-19T16:39:44.89Z</time>
		</trkpt>
		<trkpt lat="34.878083" lon="127.582661">
			<ele>0.00</ele>
			<time>2020-01-19T16:39:45.70Z</time>
		</trkpt>
		<trkpt lat="34.878079" lon="127.582819">
			<ele>0.00</ele>
			<time>2020-01-19T16:39:46.56Z</time>
		</trkpt>
		<trkpt lat="34.878075" lon="127.582989">
			<ele>0.00</ele>
			<time>2020-01-19T16:39:47.49Z</time>
		</trkpt>
		<trkpt lat="34.878067" lon="127.583166">
			<ele>0.00</ele>
			<time>2020-01-19T16:39:48.46Z</time>
		</trkpt>
		<trkpt lat="34.878061" lon="127.583344">
			<ele>0.00</ele>
			<time>2020-01-19T16:39:49.44Z</time>
		</trkpt>
		<trkpt lat="34.878048" lon="127.583577">
			<ele>0.00</ele>
			<time>2020-01-19T16:39:50.71Z</time>
		</trkpt>
		<trkpt lat="34.878035" lon="127.583745">
			<ele>0.00</ele>
			<time>2020-01-19T16:39:51.64Z</time>
		</trkpt>
		<trkpt lat="34.878035" lon="127.583900">
			<ele>0.00</ele>
			<time>2020-01-19T16:39:52.49Z</time>
		</trkpt>
		<trkpt lat="34.878031" lon="127.584142">
			<ele>0.00</ele>
			<time>2020-01-19T16:39:53.81Z</time>
		</trkpt>
		<trkpt lat="34.878016" lon="127.584405">
			<ele>0.00</ele>
			<time>2020-01-19T16:39:55.25Z</time>
		</trkpt>
		<trkpt lat="34.878013" lon="127.584578">
			<ele>0.00</ele>
			<time>2020-01-19T16:39:56.20Z</time>
		</trkpt>
		<trkpt lat="34.877989" lon="127.584808">
			<ele>0.00</ele>
			<time>2020-01-19T16:39:57.46Z</time>
		</trkpt>
		<trkpt lat="34.877982" lon="127.585030">
			<ele>0.00</ele>
			<time>2020-01-19T16:39:58.68Z</time>
		</trkpt>
		<trkpt lat="34.877984" lon="127.585217">
			<ele>0.00</ele>
			<time>2020-01-19T16:39:59.70Z</time>
		</trkpt>
		<trkpt lat="34.877980" lon="127.585509">
			<ele>0.00</ele>
			<time>2020-01-19T16:40:01.30Z</time>
		</trkpt>
		<trkpt lat="34.877967" lon="127.585738">
			<ele>0.00</ele>
			<time>2020-01-19T16:40:02.56Z</time>
		</trkpt>
		<trkpt lat="34.877962" lon="127.585962">
			<ele>0.00</ele>
			<time>2020-01-19T16:40:03.78Z</time>
		</trkpt>
		<trkpt lat="34.877959" lon="127.586162">
			<ele>0.00</ele>
			<time>2020-01-19T16:40:04.88Z</time>
		</trkpt>
		<trkpt lat="34.877953" lon="127.586382">
			<ele>0.00</ele>
			<time>2020-01-19T16:40:06.08Z</time>
		</trkpt>
		<trkpt lat="34.877939" lon="127.586641">
			<ele>0.00</ele>
			<time>2020-01-19T16:40:07.50Z</time>
		</trkpt>
		<trkpt lat="34.877930" lon="127.586858">
			<ele>0.00</ele>
			<time>2020-01-19T16:40:08.69Z</time>
		</trkpt>
		<trkpt lat="34.877920" lon="127.587062">
			<ele>0.00</ele>
			<time>2020-01-19T16:40:09.81Z</time>
		</trkpt>
		<trkpt lat="34.877909" lon="127.587286">
			<ele>0.00</ele>
			<time>2020-01-19T16:40:11.03Z</time>
		</trkpt>
		<trkpt lat="34.877903" lon="127.587463">
			<ele>0.00</ele>
			<time>2020-01-19T16:40:12Z</time>
		</trkpt>
		<trkpt lat="34.877889" lon="127.587756">
			<ele>0.00</ele>
			<time>2020-01-19T16:40:13.61Z</time>
		</trkpt>
		<trkpt lat="34.877870" lon="127.587948">
			<ele>0.00</ele>
			<time>2020-01-19T16:40:14.67Z</time>
		</trkpt>
		<trkpt lat="34.877860" lon="127.588140">
			<ele>0.00</ele>
			<time>2020-01-19T16:40:15.72Z</time>
		</trkpt>
		<trkpt lat="34.877850" lon="127.588359">
			<ele>0.00</ele>
			<time>2020-01-19T16:40:16.92Z</time>
		</trkpt>
		<trkpt lat="34.877836" lon="127.588605">
			<ele>0.00</ele>
			<time>2020-01-19T16:40:18.26Z</time>
		</trkpt>
		<trkpt lat="34.877828" lon="127.588815">
			<ele>0.00</ele>
			<time>2020-01-19T16:40:19.42Z</time>
		</trkpt>
		<trkpt lat="34.877827" lon="127.589013">
			<ele>0.00</ele>
			<time>2020-01-19T16:40:20.50Z</time>
		</trkpt>
		<trkpt lat="34.877819" lon="127.589255">
			<ele>0.00</ele>
			<time>2020-01-19T16:40:21.83Z</time>
		</trkpt>
		<trkpt lat="34.877816" lon="127.589447">
			<ele>0.00</ele>
			<time>2020-01-19T16:40:22.87Z</time>
		</trkpt>
		<trkpt lat="34.877811" lon="127.589582">
			<ele>0.00</ele>
			<time>2020-01-19T16:40:23.61Z</time>
		</trkpt>
		<trkpt lat="34.877784" lon="127.589627">
			<ele>0.00</ele>
			<time>2020-01-19T16:40:23.92Z</time>
		</trkpt>
		<trkpt lat="34.877753" lon="127.589635">
			<ele>0.00</ele>
			<time>2020-01-19T16:40:24.13Z</time>
		</trkpt>
		<trkpt lat="34.877677" lon="127.589512">
			<ele>0.00</ele>
			<time>2020-01-19T16:40:24.97Z</time>
		</trkpt>
		<trkpt lat="34.877582" lon="127.589354">
			<ele>0.00</ele>
			<time>2020-01-19T16:40:26.04Z</time>
		</trkpt>
		<trkpt lat="34.877524" lon="127.589267">
			<ele>0.00</ele>
			<time>2020-01-19T16:40:26.66Z</time>
		</trkpt>
		<trkpt lat="34.877457" lon="127.589161">
			<ele>0.00</ele>
			<time>2020-01-19T16:40:27.39Z</time>
		</trkpt>
		<trkpt lat="34.877408" lon="127.589070">
			<ele>0.00</ele>
			<time>2020-01-19T16:40:27.98Z</time>
		</trkpt>
		<trkpt lat="34.877330" lon="127.589128">
			<ele>0.00</ele>
			<time>2020-01-19T16:40:28.59Z</time>
		</trkpt>
		<trkpt lat="34.877245" lon="127.589221">
			<ele>0.00</ele>
			<time>2020-01-19T16:40:29.35Z</time>
		</trkpt>
		<trkpt lat="34.877166" lon="127.589290">
			<ele>0.00</ele>
			<time>2020-01-19T16:40:30Z</time>
		</trkpt>
		<trkpt lat="34.877115" lon="127.589330">
			<ele>0.00</ele>
			<time>2020-01-19T16:40:30.40Z</time>
		</trkpt>
		<trkpt lat="34.877078" lon="127.589308">
			<ele>0.00</ele>
			<time>2020-01-19T16:40:30.68Z</time>
		</trkpt>
		<trkpt lat="34.877023" lon="127.589261">
			<ele>0.00</ele>
			<time>2020-01-19T16:40:31.13Z</time>
		</trkpt>
		<trkpt lat="34.876940" lon="127.589134">
			<ele>0.00</ele>
			<time>2020-01-19T16:40:32.02Z</time>
		</trkpt>
		<trkpt lat="34.876858" lon="127.589011">
			<ele>0.00</ele>
			<time>2020-01-19T16:40:32.88Z</time>
		</trkpt>
		<trkpt lat="34.876764" lon="127.588875">
			<ele>0.00</ele>
			<time>2020-01-19T16:40:33.85Z</time>
		</trkpt>
		<trkpt lat="34.876681" lon="127.588747">
			<ele>0.00</ele>
			<time>2020-01-19T16:40:34.75Z</time>
		</trkpt>
		<trkpt lat="34.876612" lon="127.588622">
			<ele>0.00</ele>
			<time>2020-01-19T16:40:35.57Z</time>
		</trkpt>
		<trkpt lat="34.876529" lon="127.588505">
			<ele>0.00</ele>
			<time>2020-01-19T16:40:36.42Z</time>
		</trkpt>
		<trkpt lat="34.876449" lon="127.588375">
			<ele>0.00</ele>
			<time>2020-01-19T16:40:37.31Z</time>
		</trkpt>
		<trkpt lat="34.876360" lon="127.588250">
			<ele>0.00</ele>
			<time>2020-01-19T16:40:38.21Z</time>
		</trkpt>
		<trkpt lat="34.876289" lon="127.588154">
			<ele>0.00</ele>
			<time>2020-01-19T16:40:38.92Z</time>
		</trkpt>
		<trkpt lat="34.876205" lon="127.588024">
			<ele>0.00</ele>
			<time>2020-01-19T16:40:39.82Z</time>
		</trkpt>
		<trkpt lat="34.876108" lon="127.587884">
			<ele>0.00</ele>
			<time>2020-01-19T16:40:40.83Z</time>
		</trkpt>
		<trkpt lat="34.876018" lon="127.587752">
			<ele>0.00</ele>
			<time>2020-01-19T16:40:41.76Z</time>
		</trkpt>
		<trkpt lat="34.875927" lon="127.587648">
			<ele>0.00</ele>
			<time>2020-01-19T16:40:42.59Z</time>
		</trkpt>
		<trkpt lat="34.875849" lon="127.587546">
			<ele>0.00</ele>
			<time>2020-01-19T16:40:43.36Z</time>
		</trkpt>
		<trkpt lat="34.875763" lon="127.587442">
			<ele>0.00</ele>
			<time>2020-01-19T16:40:44.16Z</time>
		</trkpt>
		<trkpt lat="34.875691" lon="127.587352">
			<ele>0.00</ele>
			<time>2020-01-19T16:40:44.85Z</time>
		</trkpt>
		<trkpt lat="34.875625" lon="127.587271">
			<ele>0.00</ele>
			<time>2020-01-19T16:40:45.48Z</time>
		</trkpt>
		<trkpt lat="34.875578" lon="127.587218">
			<ele>0.00</ele>
			<time>2020-01-19T16:40:45.90Z</time>
		</trkpt>
		<trkpt lat="34.875541" lon="127.587195">
			<ele>0.00</ele>
			<time>2020-01-19T16:40:46.18Z</time>
		</trkpt>
		<trkpt lat="34.875511" lon="127.587220">
			<ele>0.00</ele>
			<time>2020-01-19T16:40:46.42Z</time>
		</trkpt>
		<trkpt lat="34.875495" lon="127.587300">
			<ele>0.00</ele>
			<time>2020-01-19T16:40:46.87Z</time>
		</trkpt>
		<trkpt lat="34.875495" lon="127.587406">
			<ele>0.00</ele>
			<time>2020-01-19T16:40:47.45Z</time>
		</trkpt>
		<trkpt lat="34.875524" lon="127.587520">
			<ele>0.00</ele>
			<time>2020-01-19T16:40:48.10Z</time>
		</trkpt>
		<trkpt lat="34.875557" lon="127.587618">
			<ele>0.00</ele>
			<time>2020-01-19T16:40:48.68Z</time>
		</trkpt>
		<trkpt lat="34.875563" lon="127.587686">
			<ele>0.00</ele>
			<time>2020-01-19T16:40:49.06Z</time>
		</trkpt>
		<trkpt lat="34.875540" lon="127.587751">
			<ele>0.00</ele>
			<time>2020-01-19T16:40:49.44Z</time>
		</trkpt>
		<trkpt lat="34.875486" lon="127.587814">
			<ele>0.00</ele>
			<time>2020-01-19T16:40:49.94Z</time>
		</trkpt>
		<trkpt lat="34.875410" lon="127.587860">
			<ele>0.00</ele>
			<time>2020-01-19T16:40:50.51Z</time>
		</trkpt>
		<trkpt lat="34.875363" lon="127.587874">
			<ele>0.00</ele>
			<time>2020-01-19T16:40:50.83Z</time>
		</trkpt>
		<trkpt lat="34.875305" lon="127.587849">
			<ele>0.00</ele>
			<time>2020-01-19T16:40:51.24Z</time>
		</trkpt>
		<trkpt lat="34.875250" lon="127.587778">
			<ele>0.00</ele>
			<time>2020-01-19T16:40:51.78Z</time>
		</trkpt>
		<trkpt lat="34.875195" lon="127.587700">
			<ele>0.00</ele>
			<time>2020-01-19T16:40:52.34Z</time>
		</trkpt>
		<trkpt lat="34.875133" lon="127.587638">
			<ele>0.00</ele>
			<time>2020-01-19T16:40:52.88Z</time>
		</trkpt>
		<trkpt lat="34.875053" lon="127.587618">
			<ele>0.00</ele>
			<time>2020-01-19T16:40:53.42Z</time>
		</trkpt>
		<trkpt lat="34.874958" lon="127.587618">
			<ele>0.00</ele>
			<time>2020-01-19T16:40:54.05Z</time>
		</trkpt>
		<trkpt lat="34.874848" lon="127.587642">
			<ele>0.00</ele>
			<time>2020-01-19T16:40:54.80Z</time>
		</trkpt>
		<trkpt lat="34.874744" lon="127.587680">
			<ele>0.00</ele>
			<time>2020-01-19T16:40:55.52Z</time>
		</trkpt>
		<trkpt lat="34.874647" lon="127.587700">
			<ele>0.00</ele>
			<time>2020-01-19T16:40:56.17Z</time>
		</trkpt>
		<trkpt lat="34.874557" lon="127.587712">
			<ele>0.00</ele>
			<time>2020-01-19T16:40:56.78Z</time>
		</trkpt>
		<trkpt lat="34.874476" lon="127.587722">
			<ele>0.00</ele>
			<time>2020-01-19T16:40:57.32Z</time>
		</trkpt>
		<trkpt lat="34.874368" lon="127.587736">
			<ele>0.00</ele>
			<time>2020-01-19T16:40:58.05Z</time>
		</trkpt>
		<trkpt lat="34.874243" lon="127.587756">
			<ele>0.00</ele>
			<time>2020-01-19T16:40:58.89Z</time>
		</trkpt>
		<trkpt lat="34.874148" lon="127.587789">
			<ele>0.00</ele>
			<time>2020-01-19T16:40:59.55Z</time>
		</trkpt>
		<trkpt lat="34.874056" lon="127.587839">
			<ele>0.00</ele>
			<time>2020-01-19T16:41:00.21Z</time>
		</trkpt>
		<trkpt lat="34.873946" lon="127.587917">
			<ele>0.00</ele>
			<time>2020-01-19T16:41:01.06Z</time>
		</trkpt>
		<trkpt lat="34.873851" lon="127.587980">
			<ele>0.00</ele>
			<time>2020-01-19T16:41:01.78Z</time>
		</trkpt>
		<trkpt lat="34.873757" lon="127.588028">
			<ele>0.00</ele>
			<time>2020-01-19T16:41:02.47Z</time>
		</trkpt>
		<trkpt lat="34.873674" lon="127.588065">
			<ele>0.00</ele>
			<time>2020-01-19T16:41:03.05Z</time>
		</trkpt>
		<trkpt lat="34.873591" lon="127.588103">
			<ele>0.00</ele>
			<time>2020-01-19T16:41:03.65Z</time>
		</trkpt>
		<trkpt lat="34.873502" lon="127.588142">
			<ele>0.00</ele>
			<time>2020-01-19T16:41:04.28Z</time>
		</trkpt>
		<trkpt lat="34.873414" lon="127.588192">
			<ele>0.00</ele>
			<time>2020-01-19T16:41:04.93Z</time>
		</trkpt>
		<trkpt lat="34.873333" lon="127.588245">
			<ele>0.00</ele>
			<time>2020-01-19T16:41:05.54Z</time>
		</trkpt>
		<trkpt lat="34.873251" lon="127.588316">
			<ele>0.00</ele>
			<time>2020-01-19T16:41:06.21Z</time>
		</trkpt>
		<trkpt lat="34.873166" lon="127.588401">
			<ele>0.00</ele>
			<time>2020-01-19T16:41:06.94Z</time>
		</trkpt>
		<trkpt lat="34.873096" lon="127.588480">
			<ele>0.00</ele>
			<time>2020-01-19T16:41:07.58Z</time>
		</trkpt>
		<trkpt lat="34.873006" lon="127.588586">
			<ele>0.00</ele>
			<time>2020-01-19T16:41:08.41Z</time>
		</trkpt>
		<trkpt lat="34.872909" lon="127.588701">
			<ele>0.00</ele>
			<time>2020-01-19T16:41:09.31Z</time>
		</trkpt>
		<trkpt lat="34.872799" lon="127.588836">
			<ele>0.00</ele>
			<time>2020-01-19T16:41:10.36Z</time>
		</trkpt>
		<trkpt lat="34.872685" lon="127.588934">
			<ele>0.00</ele>
			<time>2020-01-19T16:41:11.28Z</time>
		</trkpt>
		<trkpt lat="34.872589" lon="127.588986">
			<ele>0.00</ele>
			<time>2020-01-19T16:41:11.98Z</time>
		</trkpt>
		<trkpt lat="34.872495" lon="127.589047">
			<ele>0.00</ele>
			<time>2020-01-19T16:41:12.70Z</time>
		</trkpt>
		<trkpt lat="34.872395" lon="127.589102">
			<ele>0.00</ele>
			<time>2020-01-19T16:41:13.43Z</time>
		</trkpt>
		<trkpt lat="34.872307" lon="127.589137">
			<ele>0.00</ele>
			<time>2020-01-19T16:41:14.05Z</time>
		</trkpt>
		<trkpt lat="34.872245" lon="127.589147">
			<ele>0.00</ele>
			<time>2020-01-19T16:41:14.46Z</time>
		</trkpt>
		<trkpt lat="34.872209" lon="127.589119">
			<ele>0.00</ele>
			<time>2020-01-19T16:41:14.75Z</time>
		</trkpt>
		<trkpt lat="34.872187" lon="127.589053">
			<ele>0.00</ele>
			<time>2020-01-19T16:41:15.14Z</time>
		</trkpt>
		<trkpt lat="34.872152" lon="127.588979">
			<ele>0.00</ele>
			<time>2020-01-19T16:41:15.60Z</time>
		</trkpt>
		<trkpt lat="34.872121" lon="127.588966">
			<ele>0.00</ele>
			<time>2020-01-19T16:41:15.82Z</time>
		</trkpt>
		<trkpt lat="34.872047" lon="127.588987">
			<ele>0.00</ele>
			<time>2020-01-19T16:41:16.33Z</time>
		</trkpt>
		<trkpt lat="34.871913" lon="127.589060">
			<ele>0.00</ele>
			<time>2020-01-19T16:41:17.31Z</time>
		</trkpt>
		<trkpt lat="34.871804" lon="127.589114">
			<ele>0.00</ele>
			<time>2020-01-19T16:41:18.09Z</time>
		</trkpt>
		<trkpt lat="34.871672" lon="127.589183">
			<ele>0.00</ele>
			<time>2020-01-19T16:41:19.05Z</time>
		</trkpt>
		<trkpt lat="34.871558" lon="127.589226">
			<ele>0.00</ele>
			<time>2020-01-19T16:41:19.84Z</time>
		</trkpt>
		<trkpt lat="34.871447" lon="127.589272">
			<ele>0.00</ele>
			<time>2020-01-19T16:41:20.63Z</time>
		</trkpt>
		<trkpt lat="34.871313" lon="127.589316">
			<ele>0.00</ele>
			<time>2020-01-19T16:41:21.55Z</time>
		</trkpt>
		<trkpt lat="34.871224" lon="127.589359">
			<ele>0.00</ele>
			<time>2020-01-19T16:41:22.19Z</time>
		</trkpt>
		<trkpt lat="34.871122" lon="127.589401">
			<ele>0.00</ele>
			<time>2020-01-19T16:41:22.91Z</time>
		</trkpt>
		<trkpt lat="34.871022" lon="127.589432">
			<ele>0.00</ele>
			<time>2020-01-19T16:41:23.59Z</time>
		</trkpt>
		<trkpt lat="34.870928" lon="127.589469">
			<ele>0.00</ele>
			<time>2020-01-19T16:41:24.26Z</time>
		</trkpt>
		<trkpt lat="34.870807" lon="127.589529">
			<ele>0.00</ele>
			<time>2020-01-19T16:41:25.13Z</time>
		</trkpt>
		<trkpt lat="34.870708" lon="127.589604">
			<ele>0.00</ele>
			<time>2020-01-19T16:41:25.90Z</time>
		</trkpt>
		<trkpt lat="34.870594" lon="127.589713">
			<ele>0.00</ele>
			<time>2020-01-19T16:41:26.87Z</time>
		</trkpt>
		<trkpt lat="34.870512" lon="127.589801">
			<ele>0.00</ele>
			<time>2020-01-19T16:41:27.59Z</time>
		</trkpt>
		<trkpt lat="34.870412" lon="127.589911">
			<ele>0.00</ele>
			<time>2020-01-19T16:41:28.50Z</time>
		</trkpt>
		<trkpt lat="34.870311" lon="127.590005">
			<ele>0.00</ele>
			<time>2020-01-19T16:41:29.34Z</time>
		</trkpt>
		<trkpt lat="34.870187" lon="127.590108">
			<ele>0.00</ele>
			<time>2020-01-19T16:41:30.34Z</time>
		</trkpt>
		<trkpt lat="34.870103" lon="127.590196">
			<ele>0.00</ele>
			<time>2020-01-19T16:41:31.08Z</time>
		</trkpt>
		<trkpt lat="34.870006" lon="127.590314">
			<ele>0.00</ele>
			<time>2020-01-19T16:41:31.99Z</time>
		</trkpt>
		<trkpt lat="34.869907" lon="127.590427">
			<ele>0.00</ele>
			<time>2020-01-19T16:41:32.90Z</time>
		</trkpt>
		<trkpt lat="34.869824" lon="127.590537">
			<ele>0.00</ele>
			<time>2020-01-19T16:41:33.71Z</time>
		</trkpt>
		<trkpt lat="34.869735" lon="127.590636">
			<ele>0.00</ele>
			<time>2020-01-19T16:41:34.52Z</time>
		</trkpt>
		<trkpt lat="34.869650" lon="127.590754">
			<ele>0.00</ele>
			<time>2020-01-19T16:41:35.38Z</time>
		</trkpt>
		<trkpt lat="34.869574" lon="127.590869">
			<ele>0.00</ele>
			<time>2020-01-19T16:41:36.19Z</time>
		</trkpt>
		<trkpt lat="34.869490" lon="127.590960">
			<ele>0.00</ele>
			<time>2020-01-19T16:41:36.93Z</time>
		</trkpt>
		<trkpt lat="34.869419" lon="127.591016">
			<ele>0.00</ele>
			<time>2020-01-19T16:41:37.50Z</time>
		</trkpt>
		<trkpt lat="34.869327" lon="127.591058">
			<ele>0.00</ele>
			<time>2020-01-19T16:41:38.15Z</time>
		</trkpt>
		<trkpt lat="34.869200" lon="127.591091">
			<ele>0.00</ele>
			<time>2020-01-19T16:41:39.02Z</time>
		</trkpt>
		<trkpt lat="34.869083" lon="127.591109">
			<ele>0.00</ele>
			<time>2020-01-19T16:41:39.80Z</time>
		</trkpt>
		<trkpt lat="34.868937" lon="127.591108">
			<ele>0.00</ele>
			<time>2020-01-19T16:41:40.78Z</time>
		</trkpt>
		<trkpt lat="34.868850" lon="127.591101">
			<ele>0.00</ele>
			<time>2020-01-19T16:41:41.36Z</time>
		</trkpt>
		<trkpt lat="34.868783" lon="127.591058">
			<ele>0.00</ele>
			<time>2020-01-19T16:41:41.86Z</time>
		</trkpt>
		<trkpt lat="34.868694" lon="127.590988">
			<ele>0.00</ele>
			<time>2020-01-19T16:41:42.57Z</time>
		</trkpt>
		<trkpt lat="34.868618" lon="127.590915">
			<ele>0.00</ele>
			<time>2020-01-19T16:41:43.22Z</time>
		</trkpt>
		<trkpt lat="34.868533" lon="127.590855">
			<ele>0.00</ele>
			<time>2020-01-19T16:41:43.87Z</time>
		</trkpt>
		<trkpt lat="34.868438" lon="127.590812">
			<ele>0.00</ele>
			<time>2020-01-19T16:41:44.55Z</time>
		</trkpt>
		<trkpt lat="34.868301" lon="127.590767">
			<ele>0.00</ele>
			<time>2020-01-19T16:41:45.49Z</time>
		</trkpt>
		<trkpt lat="34.868141" lon="127.590751">
			<ele>0.00</ele>
			<time>2020-01-19T16:41:46.57Z</time>
		</trkpt>
		<trkpt lat="34.867984" lon="127.590744">
			<ele>0.00</ele>
			<time>2020-01-19T16:41:47.61Z</time>
		</trkpt>
		<trkpt lat="34.867833" lon="127.590742">
			<ele>0.00</ele>
			<time>2020-01-19T16:41:48.62Z</time>
		</trkpt>
		<trkpt lat="34.867688" lon="127.590754">
			<ele>0.00</ele>
			<time>2020-01-19T16:41:49.59Z</time>
		</trkpt>
		<trkpt lat="34.867540" lon="127.590764">
			<ele>0.00</ele>
			<time>2020-01-19T16:41:50.57Z</time>
		</trkpt>
		<trkpt lat="34.867368" lon="127.590792">
			<ele>0.00</ele>
			<time>2020-01-19T16:41:51.73Z</time>
		</trkpt>
		<trkpt lat="34.867209" lon="127.590820">
			<ele>0.00</ele>
			<time>2020-01-19T16:41:52.80Z</time>
		</trkpt>
		<trkpt lat="34.867079" lon="127.590836">
			<ele>0.00</ele>
			<time>2020-01-19T16:41:53.68Z</time>
		</trkpt>
		<trkpt lat="34.866919" lon="127.590846">
			<ele>0.00</ele>
			<time>2020-01-19T16:41:54.74Z</time>
		</trkpt>
		<trkpt lat="34.866764" lon="127.590832">
			<ele>0.00</ele>
			<time>2020-01-19T16:41:55.78Z</time>
		</trkpt>
		<trkpt lat="34.866647" lon="127.590814">
			<ele>0.00</ele>
			<time>2020-01-19T16:41:56.56Z</time>
		</trkpt>
		<trkpt lat="34.866504" lon="127.590773">
			<ele>0.00</ele>
			<time>2020-01-19T16:41:57.55Z</time>
		</trkpt>
		<trkpt lat="34.866349" lon="127.590738">
			<ele>0.00</ele>
			<time>2020-01-19T16:41:58.59Z</time>
		</trkpt>
		<trkpt lat="34.866214" lon="127.590701">
			<ele>0.00</ele>
			<time>2020-01-19T16:41:59.52Z</time>
		</trkpt>
		<trkpt lat="34.866094" lon="127.590681">
			<ele>0.00</ele>
			<time>2020-01-19T16:42:00.32Z</time>
		</trkpt>
		<trkpt lat="34.865941" lon="127.590674">
			<ele>0.00</ele>
			<time>2020-01-19T16:42:01.35Z</time>
		</trkpt>
		<trkpt lat="34.865810" lon="127.590673">
			<ele>0.00</ele>
			<time>2020-01-19T16:42:02.22Z</time>
		</trkpt>
		<trkpt lat="34.865636" lon="127.590688">
			<ele>0.00</ele>
			<time>2020-01-19T16:42:03.38Z</time>
		</trkpt>
		<trkpt lat="34.865452" lon="127.590710">
			<ele>0.00</ele>
			<time>2020-01-19T16:42:04.61Z</time>
		</trkpt>
		<trkpt lat="34.865255" lon="127.590745">
			<ele>0.00</ele>
			<time>2020-01-19T16:42:05.94Z</time>
		</trkpt>
		<trkpt lat="34.865112" lon="127.590764">
			<ele>0.00</ele>
			<time>2020-01-19T16:42:06.90Z</time>
		</trkpt>
		<trkpt lat="34.864961" lon="127.590789">
			<ele>0.00</ele>
			<time>2020-01-19T16:42:07.92Z</time>
		</trkpt>
		<trkpt lat="34.864802" lon="127.590813">
			<ele>0.00</ele>
			<time>2020-01-19T16:42:08.98Z</time>
		</trkpt>
		<trkpt lat="34.864661" lon="127.590816">
			<ele>0.00</ele>
			<time>2020-01-19T16:42:09.93Z</time>
		</trkpt>
		<trkpt lat="34.864507" lon="127.590807">
			<ele>0.00</ele>
			<time>2020-01-19T16:42:10.95Z</time>
		</trkpt>
		<trkpt lat="34.864379" lon="127.590772">
			<ele>0.00</ele>
			<time>2020-01-19T16:42:11.83Z</time>
		</trkpt>
		<trkpt lat="34.864264" lon="127.590736">
			<ele>0.00</ele>
			<time>2020-01-19T16:42:12.62Z</time>
		</trkpt>
		<trkpt lat="34.864182" lon="127.590716">
			<ele>0.00</ele>
			<time>2020-01-19T16:42:13.17Z</time>
		</trkpt>
		<trkpt lat="34.864155" lon="127.590757">
			<ele>0.00</ele>
			<time>2020-01-19T16:42:13.46Z</time>
		</trkpt>
		<trkpt lat="34.864139" lon="127.590855">
			<ele>0.00</ele>
			<time>2020-01-19T16:42:14.01Z</time>
		</trkpt>
		<trkpt lat="34.864096" lon="127.590936">
			<ele>0.00</ele>
			<time>2020-01-19T16:42:14.54Z</time>
		</trkpt>
		<trkpt lat="34.864052" lon="127.590995">
			<ele>0.00</ele>
			<time>2020-01-19T16:42:14.97Z</time>
		</trkpt>
		<trkpt lat="34.863986" lon="127.591045">
			<ele>0.00</ele>
			<time>2020-01-19T16:42:15.49Z</time>
		</trkpt>
		<trkpt lat="34.863901" lon="127.591094">
			<ele>0.00</ele>
			<time>2020-01-19T16:42:16.12Z</time>
		</trkpt>
		<trkpt lat="34.863828" lon="127.591152">
			<ele>0.00</ele>
			<time>2020-01-19T16:42:16.70Z</time>
		</trkpt>
		<trkpt lat="34.863768" lon="127.591221">
			<ele>0.00</ele>
			<time>2020-01-19T16:42:17.25Z</time>
		</trkpt>
		<trkpt lat="34.863697" lon="127.591282">
			<ele>0.00</ele>
			<time>2020-01-19T16:42:17.83Z</time>
		</trkpt>
		<trkpt lat="34.863646" lon="127.591343">
			<ele>0.00</ele>
			<time>2020-01-19T16:42:18.31Z</time>
		</trkpt>
		<trkpt lat="34.863645" lon="127.591424">
			<ele>0.00</ele>
			<time>2020-01-19T16:42:18.75Z</time>
		</trkpt>
		<trkpt lat="34.863682" lon="127.591498">
			<ele>0.00</ele>
			<time>2020-01-19T16:42:19.23Z</time>
		</trkpt>
		<trkpt lat="34.863739" lon="127.591517">
			<ele>0.00</ele>
			<time>2020-01-19T16:42:19.62Z</time>
		</trkpt>
		<trkpt lat="34.863860" lon="127.591510">
			<ele>0.00</ele>
			<time>2020-01-19T16:42:20.43Z</time>
		</trkpt>
		<trkpt lat="34.863995" lon="127.591494">
			<ele>0.00</ele>
			<time>2020-01-19T16:42:21.33Z</time>
		</trkpt>
		<trkpt lat="34.864157" lon="127.591495">
			<ele>0.00</ele>
			<time>2020-01-19T16:42:22.41Z</time>
		</trkpt>
		<trkpt lat="34.864324" lon="127.591513">
			<ele>0.00</ele>
			<time>2020-01-19T16:42:23.53Z</time>
		</trkpt>
		<trkpt lat="34.864462" lon="127.591527">
			<ele>0.00</ele>
			<time>2020-01-19T16:42:24.46Z</time>
		</trkpt>
		<trkpt lat="34.864638" lon="127.591569">
			<ele>0.00</ele>
			<time>2020-01-19T16:42:25.65Z</time>
		</trkpt>
		<trkpt lat="34.864784" lon="127.591610">
			<ele>0.00</ele>
			<time>2020-01-19T16:42:26.64Z</time>
		</trkpt>
		<trkpt lat="34.864838" lon="127.591647">
			<ele>0.00</ele>
			<time>2020-01-19T16:42:27.06Z</time>
		</trkpt>
		<trkpt lat="34.864850" lon="127.591688">
			<ele>0.00</ele>
			<time>2020-01-19T16:42:27.30Z</time>
		</trkpt>
		<trkpt lat="34.864829" lon="127.591757">
			<ele>0.00</ele>
			<time>2020-01-19T16:42:27.71Z</time>
		</trkpt>
		<trkpt lat="34.864779" lon="127.591851">
			<ele>0.00</ele>
			<time>2020-01-19T16:42:28.31Z</time>
		</trkpt>
		<trkpt lat="34.864695" lon="127.591939">
			<ele>0.00</ele>
			<time>2020-01-19T16:42:29.06Z</time>
		</trkpt>
		<trkpt lat="34.864584" lon="127.592058">
			<ele>0.00</ele>
			<time>2020-01-19T16:42:30.04Z</time>
		</trkpt>
		<trkpt lat="34.864472" lon="127.592188">
			<ele>0.00</ele>
			<time>2020-01-19T16:42:31.07Z</time>
		</trkpt>
		<trkpt lat="34.864326" lon="127.592338">
			<ele>0.00</ele>
			<time>2020-01-19T16:42:32.35Z</time>
		</trkpt>
		<trkpt lat="34.864202" lon="127.592476">
			<ele>0.00</ele>
			<time>2020-01-19T16:42:33.46Z</time>
		</trkpt>
		<trkpt lat="34.864083" lon="127.592612">
			<ele>0.00</ele>
			<time>2020-01-19T16:42:34.55Z</time>
		</trkpt>
		<trkpt lat="34.863973" lon="127.592720">
			<ele>0.00</ele>
			<time>2020-01-19T16:42:35.50Z</time>
		</trkpt>
		<trkpt lat="34.863915" lon="127.592806">
			<ele>0.00</ele>
			<time>2020-01-19T16:42:36.10Z</time>
		</trkpt>
		<trkpt lat="34.863890" lon="127.592850">
			<ele>0.00</ele>
			<time>2020-01-19T16:42:36.40Z</time>
		</trkpt>
		<trkpt lat="34.863897" lon="127.592887">
			<ele>0.00</ele>
			<time>2020-01-19T16:42:36.61Z</time>
		</trkpt>
		<trkpt lat="34.863964" lon="127.592991">
			<ele>0.00</ele>
			<time>2020-01-19T16:42:37.33Z</time>
		</trkpt>
		<trkpt lat="34.864056" lon="127.593132">
			<ele>0.00</ele>
			<time>2020-01-19T16:42:38.31Z</time>
		</trkpt>
		<trkpt lat="34.864178" lon="127.593308">
			<ele>0.00</ele>
			<time>2020-01-19T16:42:39.57Z</time>
		</trkpt>
		<trkpt lat="34.864283" lon="127.593457">
			<ele>0.00</ele>
			<time>2020-01-19T16:42:40.65Z</time>
		</trkpt>
		<trkpt lat="34.864405" lon="127.593620">
			<ele>0.00</ele>
			<time>2020-01-19T16:42:41.86Z</time>
		</trkpt>
		<trkpt lat="34.864515" lon="127.593772">
			<ele>0.00</ele>
			<time>2020-01-19T16:42:42.96Z</time>
		</trkpt>
		<trkpt lat="34.864633" lon="127.593943">
			<ele>0.00</ele>
			<time>2020-01-19T16:42:44.19Z</time>
		</trkpt>
		<trkpt lat="34.864757" lon="127.594111">
			<ele>0.00</ele>
			<time>2020-01-19T16:42:45.42Z</time>
		</trkpt>
		<trkpt lat="34.864860" lon="127.594250">
			<ele>0.00</ele>
			<time>2020-01-19T16:42:46.45Z</time>
		</trkpt>
		<trkpt lat="34.864975" lon="127.594415">
			<ele>0.00</ele>
			<time>2020-01-19T16:42:47.63Z</time>
		</trkpt>
		<trkpt lat="34.865040" lon="127.594502">
			<ele>0.00</ele>
			<time>2020-01-19T16:42:48.28Z</time>
		</trkpt>
		<trkpt lat="34.865078" lon="127.594543">
			<ele>0.00</ele>
			<time>2020-01-19T16:42:48.62Z</time>
		</trkpt>
		<trkpt lat="34.865087" lon="127.594583">
			<ele>0.00</ele>
			<time>2020-01-19T16:42:48.84Z</time>
		</trkpt>
		<trkpt lat="34.865034" lon="127.594644">
			<ele>0.00</ele>
			<time>2020-01-19T16:42:49.32Z</time>
		</trkpt>
		<trkpt lat="34.864947" lon="127.594696">
			<ele>0.00</ele>
			<time>2020-01-19T16:42:49.97Z</time>
		</trkpt>
		<trkpt lat="34.864867" lon="127.594757">
			<ele>0.00</ele>
			<time>2020-01-19T16:42:50.60Z</time>
		</trkpt>
		<trkpt lat="34.864798" lon="127.594795">
			<ele>0.00</ele>
			<time>2020-01-19T16:42:51.11Z</time>
		</trkpt>
		<trkpt lat="34.864721" lon="127.594797">
			<ele>0.00</ele>
			<time>2020-01-19T16:42:51.62Z</time>
		</trkpt>
		<trkpt lat="34.864620" lon="127.594779">
			<ele>0.00</ele>
			<time>2020-01-19T16:42:52.30Z</time>
		</trkpt>
		<trkpt lat="34.864540" lon="127.594767">
			<ele>0.00</ele>
			<time>2020-01-19T16:42:52.84Z</time>
		</trkpt>
		<trkpt lat="34.864484" lon="127.594791">
			<ele>0.00</ele>
			<time>2020-01-19T16:42:53.23Z</time>
		</trkpt>
		<trkpt lat="34.864438" lon="127.594851">
			<ele>0.00</ele>
			<time>2020-01-19T16:42:53.68Z</time>
		</trkpt>
		<trkpt lat="34.864358" lon="127.594937">
			<ele>0.00</ele>
			<time>2020-01-19T16:42:54.39Z</time>
		</trkpt>
		<trkpt lat="34.864271" lon="127.595012">
			<ele>0.00</ele>
			<time>2020-01-19T16:42:55.10Z</time>
		</trkpt>
		<trkpt lat="34.864152" lon="127.595113">
			<ele>0.00</ele>
			<time>2020-01-19T16:42:56.07Z</time>
		</trkpt>
		<trkpt lat="34.864049" lon="127.595210">
			<ele>0.00</ele>
			<time>2020-01-19T16:42:56.94Z</time>
		</trkpt>
		<trkpt lat="34.863976" lon="127.595277">
			<ele>0.00</ele>
			<time>2020-01-19T16:42:57.55Z</time>
		</trkpt>
		<trkpt lat="34.863875" lon="127.595317">
			<ele>0.00</ele>
			<time>2020-01-19T16:42:58.25Z</time>
		</trkpt>
		<trkpt lat="34.863739" lon="127.595322">
			<ele>0.00</ele>
			<time>2020-01-19T16:42:59.16Z</time>
		</trkpt>
		<trkpt lat="34.863602" lon="127.595327">
			<ele>0.00</ele>
			<time>2020-01-19T16:43:00.07Z</time>
		</trkpt>
		<trkpt lat="34.863440" lon="127.595338">
			<ele>0.00</ele>
			<time>2020-01-19T16:43:01.15Z</time>
		</trkpt>
		<trkpt lat="34.863290" lon="127.595354">
			<ele>0.00</ele>
			<time>2020-01-19T16:43:02.16Z</time>
		</trkpt>
		<trkpt lat="34.863143" lon="127.595376">
			<ele>0.00</ele>
			<time>2020-01-19T16:43:03.14Z</time>
		</trkpt>
		<trkpt lat="34.863022" lon="127.595397">
			<ele>0.00</ele>
			<time>2020-01-19T16:43:03.96Z</time>
		</trkpt>
		<trkpt lat="34.862895" lon="127.595433">
			<ele>0.00</ele>
			<time>2020-01-19T16:43:04.83Z</time>
		</trkpt>
		<trkpt lat="34.862770" lon="127.595503">
			<ele>0.00</ele>
			<time>2020-01-19T16:43:05.74Z</time>
		</trkpt>
		<trkpt lat="34.862653" lon="127.595578">
			<ele>0.00</ele>
			<time>2020-01-19T16:43:06.63Z</time>
		</trkpt>
		<trkpt lat="34.862583" lon="127.595652">
			<ele>0.00</ele>
			<time>2020-01-19T16:43:07.24Z</time>
		</trkpt>
		<trkpt lat="34.862500" lon="127.595762">
			<ele>0.00</ele>
			<time>2020-01-19T16:43:08.06Z</time>
		</trkpt>
		<trkpt lat="34.862499" lon="127.595765">
			<ele>0.00</ele>
			<time>2020-01-19T16:43:08.12Z</time>
		</trkpt>
		<trkpt lat="34.862412" lon="127.595825">
			<ele>0.00</ele>
			<time>2020-01-19T16:43:08.79Z</time>
		</trkpt>
		<trkpt lat="34.862344" lon="127.595874">
			<ele>0.00</ele>
			<time>2020-01-19T16:43:09.32Z</time>
		</trkpt>
		<trkpt lat="34.862288" lon="127.595897">
			<ele>0.00</ele>
			<time>2020-01-19T16:43:09.71Z</time>
		</trkpt>
		<trkpt lat="34.862223" lon="127.595883">
			<ele>0.00</ele>
			<time>2020-01-19T16:43:10.15Z</time>
		</trkpt>
		<trkpt lat="34.862130" lon="127.595740">
			<ele>0.00</ele>
			<time>2020-01-19T16:43:11.15Z</time>
		</trkpt>
		<trkpt lat="34.862015" lon="127.595556">
			<ele>0.00</ele>
			<time>2020-01-19T16:43:12.41Z</time>
		</trkpt>
		<trkpt lat="34.861859" lon="127.595359">
			<ele>0.00</ele>
			<time>2020-01-19T16:43:13.91Z</time>
		</trkpt>
		<trkpt lat="34.861723" lon="127.595154">
			<ele>0.00</ele>
			<time>2020-01-19T16:43:15.35Z</time>
		</trkpt>
		<trkpt lat="34.861613" lon="127.595015">
			<ele>0.00</ele>
			<time>2020-01-19T16:43:16.40Z</time>
		</trkpt>
		<trkpt lat="34.861495" lon="127.594835">
			<ele>0.00</ele>
			<time>2020-01-19T16:43:17.67Z</time>
		</trkpt>
		<trkpt lat="34.861381" lon="127.594664">
			<ele>0.00</ele>
			<time>2020-01-19T16:43:18.87Z</time>
		</trkpt>
		<trkpt lat="34.861270" lon="127.594523">
			<ele>0.00</ele>
			<time>2020-01-19T16:43:19.94Z</time>
		</trkpt>
		<trkpt lat="34.861184" lon="127.594390">
			<ele>0.00</ele>
			<time>2020-01-19T16:43:20.87Z</time>
		</trkpt>
		<trkpt lat="34.861110" lon="127.594279">
			<ele>0.00</ele>
			<time>2020-01-19T16:43:21.65Z</time>
		</trkpt>
		<trkpt lat="34.861091" lon="127.594133">
			<ele>0.00</ele>
			<time>2020-01-19T16:43:22.46Z</time>
		</trkpt>
		<trkpt lat="34.861053" lon="127.593988">
			<ele>0.00</ele>
			<time>2020-01-19T16:43:23.29Z</time>
		</trkpt>
		<trkpt lat="34.861001" lon="127.593830">
			<ele>0.00</ele>
			<time>2020-01-19T16:43:24.22Z</time>
		</trkpt>
		<trkpt lat="34.860969" lon="127.593666">
			<ele>0.00</ele>
			<time>2020-01-19T16:43:25.14Z</time>
		</trkpt>
		<trkpt lat="34.860940" lon="127.593535">
			<ele>0.00</ele>
			<time>2020-01-19T16:43:25.89Z</time>
		</trkpt>
		<trkpt lat="34.860895" lon="127.593452">
			<ele>0.00</ele>
			<time>2020-01-19T16:43:26.43Z</time>
		</trkpt>
		<trkpt lat="34.860784" lon="127.593335">
			<ele>0.00</ele>
			<time>2020-01-19T16:43:27.41Z</time>
		</trkpt>
		<trkpt lat="34.860662" lon="127.593214">
			<ele>0.00</ele>
			<time>2020-01-19T16:43:28.46Z</time>
		</trkpt>
		<trkpt lat="34.860546" lon="127.593086">
			<ele>0.00</ele>
			<time>2020-01-19T16:43:29.50Z</time>
		</trkpt>
		<trkpt lat="34.860419" lon="127.592995">
			<ele>0.00</ele>
			<time>2020-01-19T16:43:30.48Z</time>
		</trkpt>
		<trkpt lat="34.860294" lon="127.592890">
			<ele>0.00</ele>
			<time>2020-01-19T16:43:31.49Z</time>
		</trkpt>
		<trkpt lat="34.860177" lon="127.592795">
			<ele>0.00</ele>
			<time>2020-01-19T16:43:32.43Z</time>
		</trkpt>
		<trkpt lat="34.860087" lon="127.592733">
			<ele>0.00</ele>
			<time>2020-01-19T16:43:33.12Z</time>
		</trkpt>
		<trkpt lat="34.859967" lon="127.592711">
			<ele>0.00</ele>
			<time>2020-01-19T16:43:33.93Z</time>
		</trkpt>
		<trkpt lat="34.859843" lon="127.592689">
			<ele>0.00</ele>
			<time>2020-01-19T16:43:34.77Z</time>
		</trkpt>
		<trkpt lat="34.859715" lon="127.592675">
			<ele>0.00</ele>
			<time>2020-01-19T16:43:35.62Z</time>
		</trkpt>
		<trkpt lat="34.859636" lon="127.592663">
			<ele>0.00</ele>
			<time>2020-01-19T16:43:36.15Z</time>
		</trkpt>
		<trkpt lat="34.859597" lon="127.592603">
			<ele>0.00</ele>
			<time>2020-01-19T16:43:36.57Z</time>
		</trkpt>
		<trkpt lat="34.859613" lon="127.592537">
			<ele>0.00</ele>
			<time>2020-01-19T16:43:36.95Z</time>
		</trkpt>
		<trkpt lat="34.859671" lon="127.592424">
			<ele>0.00</ele>
			<time>2020-01-19T16:43:37.68Z</time>
		</trkpt>
		<trkpt lat="34.859783" lon="127.592288">
			<ele>0.00</ele>
			<time>2020-01-19T16:43:38.73Z</time>
		</trkpt>
		<trkpt lat="34.859876" lon="127.592194">
			<ele>0.00</ele>
			<time>2020-01-19T16:43:39.54Z</time>
		</trkpt>
		<trkpt lat="34.859956" lon="127.592102">
			<ele>0.00</ele>
			<time>2020-01-19T16:43:40.27Z</time>
		</trkpt>
		<trkpt lat="34.859901" lon="127.592021">
			<ele>0.00</ele>
			<time>2020-01-19T16:43:40.85Z</time>
		</trkpt>
		<trkpt lat="34.859831" lon="127.591937">
			<ele>0.00</ele>
			<time>2020-01-19T16:43:41.51Z</time>
		</trkpt>
		<trkpt lat="34.859758" lon="127.592014">
			<ele>0.00</ele>
			<time>2020-01-19T16:43:42.15Z</time>
		</trkpt>
		<trkpt lat="34.859673" lon="127.592135">
			<ele>0.00</ele>
			<time>2020-01-19T16:43:43.02Z</time>
		</trkpt>
		<trkpt lat="34.859566" lon="127.592304">
			<ele>0.00</ele>
			<time>2020-01-19T16:43:44.19Z</time>
		</trkpt>
		<trkpt lat="34.859463" lon="127.592486">
			<ele>0.00</ele>
			<time>2020-01-19T16:43:45.40Z</time>
		</trkpt>
		<trkpt lat="34.859385" lon="127.592603">
			<ele>0.00</ele>
			<time>2020-01-19T16:43:46.23Z</time>
		</trkpt>
		<trkpt lat="34.859308" lon="127.592706">
			<ele>0.00</ele>
			<time>2020-01-19T16:43:46.98Z</time>
		</trkpt>
		<trkpt lat="34.859261" lon="127.592764">
			<ele>0.00</ele>
			<time>2020-01-19T16:43:47.43Z</time>
		</trkpt>
		<trkpt lat="34.859193" lon="127.592783">
			<ele>0.00</ele>
			<time>2020-01-19T16:43:47.90Z</time>
		</trkpt>
		<trkpt lat="34.859116" lon="127.592786">
			<ele>0.00</ele>
			<time>2020-01-19T16:43:48.41Z</time>
		</trkpt>
		<trkpt lat="34.859015" lon="127.592760">
			<ele>0.00</ele>
			<time>2020-01-19T16:43:49.10Z</time>
		</trkpt>
		<trkpt lat="34.858936" lon="127.592729">
			<ele>0.00</ele>
			<time>2020-01-19T16:43:49.65Z</time>
		</trkpt>
		<trkpt lat="34.858844" lon="127.592721">
			<ele>0.00</ele>
			<time>2020-01-19T16:43:50.27Z</time>
		</trkpt>
		<trkpt lat="34.858751" lon="127.592747">
			<ele>0.00</ele>
			<time>2020-01-19T16:43:50.91Z</time>
		</trkpt>
		<trkpt lat="34.858638" lon="127.592808">
			<ele>0.00</ele>
			<time>2020-01-19T16:43:51.73Z</time>
		</trkpt>
		<trkpt lat="34.858539" lon="127.592865">
			<ele>0.00</ele>
			<time>2020-01-19T16:43:52.45Z</time>
		</trkpt>
		<trkpt lat="34.858446" lon="127.592882">
			<ele>0.00</ele>
			<time>2020-01-19T16:43:53.09Z</time>
		</trkpt>
		<trkpt lat="34.858350" lon="127.592891">
			<ele>0.00</ele>
			<time>2020-01-19T16:43:53.73Z</time>
		</trkpt>
		<trkpt lat="34.858230" lon="127.592891">
			<ele>0.00</ele>
			<time>2020-01-19T16:43:54.52Z</time>
		</trkpt>
		<trkpt lat="34.858109" lon="127.592880">
			<ele>0.00</ele>
			<time>2020-01-19T16:43:55.33Z</time>
		</trkpt>
		<trkpt lat="34.857980" lon="127.592856">
			<ele>0.00</ele>
			<time>2020-01-19T16:43:56.21Z</time>
		</trkpt>
		<trkpt lat="34.857852" lon="127.592842">
			<ele>0.00</ele>
			<time>2020-01-19T16:43:57.06Z</time>
		</trkpt>
		<trkpt lat="34.857713" lon="127.592830">
			<ele>0.00</ele>
			<time>2020-01-19T16:43:57.99Z</time>
		</trkpt>
		<trkpt lat="34.857623" lon="127.592845">
			<ele>0.00</ele>
			<time>2020-01-19T16:43:58.60Z</time>
		</trkpt>
		<trkpt lat="34.857498" lon="127.592869">
			<ele>0.00</ele>
			<time>2020-01-19T16:43:59.44Z</time>
		</trkpt>
		<trkpt lat="34.857379" lon="127.592905">
			<ele>0.00</ele>
			<time>2020-01-19T16:44:00.26Z</time>
		</trkpt>
		<trkpt lat="34.857264" lon="127.592954">
			<ele>0.00</ele>
			<time>2020-01-19T16:44:01.07Z</time>
		</trkpt>
		<trkpt lat="34.857141" lon="127.593013">
			<ele>0.00</ele>
			<time>2020-01-19T16:44:01.95Z</time>
		</trkpt>
		<trkpt lat="34.857017" lon="127.593074">
			<ele>0.00</ele>
			<time>2020-01-19T16:44:02.84Z</time>
		</trkpt>
		<trkpt lat="34.856884" lon="127.593077">
			<ele>0.00</ele>
			<time>2020-01-19T16:44:03.73Z</time>
		</trkpt>
		<trkpt lat="34.856752" lon="127.593078">
			<ele>0.00</ele>
			<time>2020-01-19T16:44:04.61Z</time>
		</trkpt>
		<trkpt lat="34.856618" lon="127.593085">
			<ele>0.00</ele>
			<time>2020-01-19T16:44:05.50Z</time>
		</trkpt>
		<trkpt lat="34.856517" lon="127.593083">
			<ele>0.00</ele>
			<time>2020-01-19T16:44:06.18Z</time>
		</trkpt>
		<trkpt lat="34.856396" lon="127.593090">
			<ele>0.00</ele>
			<time>2020-01-19T16:44:06.98Z</time>
		</trkpt>
		<trkpt lat="34.856230" lon="127.593092">
			<ele>0.00</ele>
			<time>2020-01-19T16:44:08.09Z</time>
		</trkpt>
		<trkpt lat="34.856096" lon="127.593136">
			<ele>0.00</ele>
			<time>2020-01-19T16:44:09.02Z</time>
		</trkpt>
		<trkpt lat="34.855983" lon="127.593189">
			<ele>0.00</ele>
			<time>2020-01-19T16:44:09.82Z</time>
		</trkpt>
		<trkpt lat="34.855876" lon="127.593243">
			<ele>0.00</ele>
			<time>2020-01-19T16:44:10.59Z</time>
		</trkpt>
		<trkpt lat="34.855778" lon="127.593344">
			<ele>0.00</ele>
			<time>2020-01-19T16:44:11.45Z</time>
		</trkpt>
		<trkpt lat="34.855694" lon="127.593440">
			<ele>0.00</ele>
			<time>2020-01-19T16:44:12.22Z</time>
		</trkpt>
		<trkpt lat="34.855623" lon="127.593542">
			<ele>0.00</ele>
			<time>2020-01-19T16:44:12.95Z</time>
		</trkpt>
		<trkpt lat="34.855550" lon="127.593640">
			<ele>0.00</ele>
			<time>2020-01-19T16:44:13.67Z</time>
		</trkpt>
		<trkpt lat="34.855472" lon="127.593741">
			<ele>0.00</ele>
			<time>2020-01-19T16:44:14.43Z</time>
		</trkpt>
		<trkpt lat="34.855368" lon="127.593808">
			<ele>0.00</ele>
			<time>2020-01-19T16:44:15.21Z</time>
		</trkpt>
		<trkpt lat="34.855254" lon="127.593856">
			<ele>0.00</ele>
			<time>2020-01-19T16:44:16.02Z</time>
		</trkpt>
		<trkpt lat="34.855157" lon="127.593892">
			<ele>0.00</ele>
			<time>2020-01-19T16:44:16.70Z</time>
		</trkpt>
		<trkpt lat="34.855103" lon="127.593928">
			<ele>0.00</ele>
			<time>2020-01-19T16:44:17.11Z</time>
		</trkpt>
		<trkpt lat="34.855083" lon="127.594047">
			<ele>0.00</ele>
			<time>2020-01-19T16:44:17.77Z</time>
		</trkpt>
		<trkpt lat="34.855046" lon="127.594257">
			<ele>0.00</ele>
			<time>2020-01-19T16:44:18.95Z</time>
		</trkpt>
		<trkpt lat="34.855017" lon="127.594415">
			<ele>0.00</ele>
			<time>2020-01-19T16:44:19.83Z</time>
		</trkpt>
		<trkpt lat="34.854992" lon="127.594577">
			<ele>0.00</ele>
			<time>2020-01-19T16:44:20.73Z</time>
		</trkpt>
		<trkpt lat="34.855003" lon="127.594679">
			<ele>0.00</ele>
			<time>2020-01-19T16:44:21.30Z</time>
		</trkpt>
		<trkpt lat="34.855039" lon="127.594845">
			<ele>0.00</ele>
			<time>2020-01-19T16:44:22.24Z</time>
		</trkpt>
		<trkpt lat="34.855105" lon="127.595034">
			<ele>0.00</ele>
			<time>2020-01-19T16:44:23.36Z</time>
		</trkpt>
		<trkpt lat="34.855160" lon="127.595195">
			<ele>0.00</ele>
			<time>2020-01-19T16:44:24.32Z</time>
		</trkpt>
		<trkpt lat="34.855227" lon="127.595316">
			<ele>0.00</ele>
			<time>2020-01-19T16:44:25.11Z</time>
		</trkpt>
		<trkpt lat="34.855333" lon="127.595408">
			<ele>0.00</ele>
			<time>2020-01-19T16:44:25.98Z</time>
		</trkpt>
		<trkpt lat="34.855428" lon="127.595472">
			<ele>0.00</ele>
			<time>2020-01-19T16:44:26.71Z</time>
		</trkpt>
		<trkpt lat="34.855553" lon="127.595555">
			<ele>0.00</ele>
			<time>2020-01-19T16:44:27.65Z</time>
		</trkpt>
		<trkpt lat="34.855656" lon="127.595633">
			<ele>0.00</ele>
			<time>2020-01-19T16:44:28.46Z</time>
		</trkpt>
		<trkpt lat="34.855769" lon="127.595809">
			<ele>0.00</ele>
			<time>2020-01-19T16:44:29.69Z</time>
		</trkpt>
		<trkpt lat="34.855862" lon="127.595970">
			<ele>0.00</ele>
			<time>2020-01-19T16:44:30.76Z</time>
		</trkpt>
		<trkpt lat="34.855935" lon="127.596116">
			<ele>0.00</ele>
			<time>2020-01-19T16:44:31.69Z</time>
		</trkpt>
		<trkpt lat="34.855988" lon="127.596248">
			<ele>0.00</ele>
			<time>2020-01-19T16:44:32.50Z</time>
		</trkpt>
		<trkpt lat="34.856000" lon="127.596356">
			<ele>0.00</ele>
			<time>2020-01-19T16:44:33.10Z</time>
		</trkpt>
		<trkpt lat="34.855968" lon="127.596460">
			<ele>0.00</ele>
			<time>2020-01-19T16:44:33.71Z</time>
		</trkpt>
		<trkpt lat="34.855889" lon="127.596615">
			<ele>0.00</ele>
			<time>2020-01-19T16:44:34.70Z</time>
		</trkpt>
		<trkpt lat="34.855813" lon="127.596775">
			<ele>0.00</ele>
			<time>2020-01-19T16:44:35.72Z</time>
		</trkpt>
		<trkpt lat="34.855735" lon="127.596944">
			<ele>0.00</ele>
			<time>2020-01-19T16:44:36.78Z</time>
		</trkpt>
		<trkpt lat="34.855678" lon="127.597090">
			<ele>0.00</ele>
			<time>2020-01-19T16:44:37.66Z</time>
		</trkpt>
		<trkpt lat="34.855612" lon="127.597244">
			<ele>0.00</ele>
			<time>2020-01-19T16:44:38.61Z</time>
		</trkpt>
		<trkpt lat="34.855524" lon="127.597447">
			<ele>0.00</ele>
			<time>2020-01-19T16:44:39.87Z</time>
		</trkpt>
		<trkpt lat="34.855404" lon="127.597689">
			<ele>0.00</ele>
			<time>2020-01-19T16:44:41.42Z</time>
		</trkpt>
		<trkpt lat="34.855284" lon="127.597915">
			<ele>0.00</ele>
			<time>2020-01-19T16:44:42.89Z</time>
		</trkpt>
		<trkpt lat="34.855165" lon="127.598103">
			<ele>0.00</ele>
			<time>2020-01-19T16:44:44.18Z</time>
		</trkpt>
		<trkpt lat="34.855036" lon="127.598288">
			<ele>0.00</ele>
			<time>2020-01-19T16:44:45.51Z</time>
		</trkpt>
		<trkpt lat="34.854875" lon="127.598497">
			<ele>0.00</ele>
			<time>2020-01-19T16:44:47.08Z</time>
		</trkpt>
		<trkpt lat="34.854768" lon="127.598610">
			<ele>0.00</ele>
			<time>2020-01-19T16:44:48.03Z</time>
		</trkpt>
		<trkpt lat="34.854605" lon="127.598755">
			<ele>0.00</ele>
			<time>2020-01-19T16:44:49.37Z</time>
		</trkpt>
		<trkpt lat="34.854485" lon="127.598851">
			<ele>0.00</ele>
			<time>2020-01-19T16:44:50.33Z</time>
		</trkpt>
		<trkpt lat="34.854359" lon="127.598939">
			<ele>0.00</ele>
			<time>2020-01-19T16:44:51.30Z</time>
		</trkpt>
		<trkpt lat="34.854228" lon="127.599034">
			<ele>0.00</ele>
			<time>2020-01-19T16:44:52.31Z</time>
		</trkpt>
		<trkpt lat="34.854148" lon="127.599084">
			<ele>0.00</ele>
			<time>2020-01-19T16:44:52.91Z</time>
		</trkpt>
		<trkpt lat="34.854178" lon="127.599198">
			<ele>0.00</ele>
			<time>2020-01-19T16:44:53.57Z</time>
		</trkpt>
		<trkpt lat="34.854243" lon="127.599391">
			<ele>0.00</ele>
			<time>2020-01-19T16:44:54.71Z</time>
		</trkpt>
		<trkpt lat="34.854318" lon="127.599619">
			<ele>0.00</ele>
			<time>2020-01-19T16:44:56.05Z</time>
		</trkpt>
		<trkpt lat="34.854375" lon="127.599765">
			<ele>0.00</ele>
			<time>2020-01-19T16:44:56.93Z</time>
		</trkpt>
		<trkpt lat="34.854462" lon="127.599909">
			<ele>0.00</ele>
			<time>2020-01-19T16:44:57.91Z</time>
		</trkpt>
		<trkpt lat="34.854557" lon="127.600054">
			<ele>0.00</ele>
			<time>2020-01-19T16:44:58.93Z</time>
		</trkpt>
		<trkpt lat="34.854646" lon="127.600184">
			<ele>0.00</ele>
			<time>2020-01-19T16:44:59.86Z</time>
		</trkpt>
		<trkpt lat="34.854723" lon="127.600294">
			<ele>0.00</ele>
			<time>2020-01-19T16:45:00.65Z</time>
		</trkpt>
		<trkpt lat="34.854797" lon="127.600395">
			<ele>0.00</ele>
			<time>2020-01-19T16:45:01.39Z</time>
		</trkpt>
		<trkpt lat="34.854905" lon="127.600541">
			<ele>0.00</ele>
			<time>2020-01-19T16:45:02.46Z</time>
		</trkpt>
		<trkpt lat="34.854989" lon="127.600684">
			<ele>0.00</ele>
			<time>2020-01-19T16:45:03.42Z</time>
		</trkpt>
		<trkpt lat="34.854989" lon="127.600805">
			<ele>0.00</ele>
			<time>2020-01-19T16:45:04.08Z</time>
		</trkpt>
		<trkpt lat="34.854969" lon="127.600921">
			<ele>0.00</ele>
			<time>2020-01-19T16:45:04.74Z</time>
		</trkpt>
		<trkpt lat="34.854927" lon="127.601065">
			<ele>0.00</ele>
			<time>2020-01-19T16:45:05.57Z</time>
		</trkpt>
		<trkpt lat="34.854902" lon="127.601198">
			<ele>0.00</ele>
			<time>2020-01-19T16:45:06.32Z</time>
		</trkpt>
		<trkpt lat="34.854859" lon="127.601340">
			<ele>0.00</ele>
			<time>2020-01-19T16:45:07.15Z</time>
		</trkpt>
		<trkpt lat="34.854852" lon="127.601463">
			<ele>0.00</ele>
			<time>2020-01-19T16:45:07.82Z</time>
		</trkpt>
		<trkpt lat="34.854850" lon="127.601567">
			<ele>0.00</ele>
			<time>2020-01-19T16:45:08.39Z</time>
		</trkpt>
		<trkpt lat="34.854820" lon="127.601731">
			<ele>0.00</ele>
			<time>2020-01-19T16:45:09.31Z</time>
		</trkpt>
		<trkpt lat="34.854759" lon="127.601810">
			<ele>0.00</ele>
			<time>2020-01-19T16:45:09.90Z</time>
		</trkpt>
		<trkpt lat="34.854701" lon="127.601919">
			<ele>0.00</ele>
			<time>2020-01-19T16:45:10.61Z</time>
		</trkpt>
		<trkpt lat="34.854700" lon="127.601992">
			<ele>0.00</ele>
			<time>2020-01-19T16:45:11.01Z</time>
		</trkpt>
		<trkpt lat="34.854695" lon="127.602108">
			<ele>0.00</ele>
			<time>2020-01-19T16:45:11.65Z</time>
		</trkpt>
		<trkpt lat="34.854658" lon="127.602196">
			<ele>0.00</ele>
			<time>2020-01-19T16:45:12.19Z</time>
		</trkpt>
		<trkpt lat="34.854614" lon="127.602267">
			<ele>0.00</ele>
			<time>2020-01-19T16:45:12.67Z</time>
		</trkpt>
		<trkpt lat="34.854555" lon="127.602375">
			<ele>0.00</ele>
			<time>2020-01-19T16:45:13.39Z</time>
		</trkpt>
		<trkpt lat="34.854514" lon="127.602479">
			<ele>0.00</ele>
			<time>2020-01-19T16:45:14.02Z</time>
		</trkpt>
		<trkpt lat="34.854500" lon="127.602596">
			<ele>0.00</ele>
			<time>2020-01-19T16:45:14.66Z</time>
		</trkpt>
		<trkpt lat="34.854497" lon="127.602671">
			<ele>0.00</ele>
			<time>2020-01-19T16:45:15.07Z</time>
		</trkpt>
		<trkpt lat="34.854464" lon="127.602719">
			<ele>0.00</ele>
			<time>2020-01-19T16:45:15.41Z</time>
		</trkpt>
		<trkpt lat="34.854382" lon="127.602736">
			<ele>0.00</ele>
			<time>2020-01-19T16:45:15.97Z</time>
		</trkpt>
		<trkpt lat="34.854282" lon="127.602749">
			<ele>0.00</ele>
			<time>2020-01-19T16:45:16.64Z</time>
		</trkpt>
		<trkpt lat="34.854184" lon="127.602727">
			<ele>0.00</ele>
			<time>2020-01-19T16:45:17.30Z</time>
		</trkpt>
		<trkpt lat="34.854089" lon="127.602719">
			<ele>0.00</ele>
			<time>2020-01-19T16:45:17.94Z</time>
		</trkpt>
		<trkpt lat="34.854024" lon="127.602744">
			<ele>0.00</ele>
			<time>2020-01-19T16:45:18.40Z</time>
		</trkpt>
		<trkpt lat="34.853996" lon="127.602736">
			<ele>0.00</ele>
			<time>2020-01-19T16:45:18.58Z</time>
		</trkpt>
		<trkpt lat="34.853970" lon="127.602599">
			<ele>0.00</ele>
			<time>2020-01-19T16:45:19.35Z</time>
		</trkpt>
		<trkpt lat="34.853954" lon="127.602493">
			<ele>0.00</ele>
			<time>2020-01-19T16:45:19.94Z</time>
		</trkpt>
		<trkpt lat="34.853937" lon="127.602394">
			<ele>0.00</ele>
			<time>2020-01-19T16:45:20.50Z</time>
		</trkpt>
		<trkpt lat="34.853896" lon="127.602327">
			<ele>0.00</ele>
			<time>2020-01-19T16:45:20.95Z</time>
		</trkpt>
		<trkpt lat="34.853805" lon="127.602326">
			<ele>0.00</ele>
			<time>2020-01-19T16:45:21.56Z</time>
		</trkpt>
		<trkpt lat="34.853717" lon="127.602347">
			<ele>0.00</ele>
			<time>2020-01-19T16:45:22.16Z</time>
		</trkpt>
		<trkpt lat="34.853611" lon="127.602364">
			<ele>0.00</ele>
			<time>2020-01-19T16:45:22.87Z</time>
		</trkpt>
		<trkpt lat="34.853502" lon="127.602413">
			<ele>0.00</ele>
			<time>2020-01-19T16:45:23.64Z</time>
		</trkpt>
		<trkpt lat="34.853384" lon="127.602487">
			<ele>0.00</ele>
			<time>2020-01-19T16:45:24.52Z</time>
		</trkpt>
		<trkpt lat="34.853303" lon="127.602570">
			<ele>0.00</ele>
			<time>2020-01-19T16:45:25.23Z</time>
		</trkpt>
		<trkpt lat="34.853239" lon="127.602662">
			<ele>0.00</ele>
			<time>2020-01-19T16:45:25.90Z</time>
		</trkpt>
		<trkpt lat="34.853219" lon="127.602789">
			<ele>0.00</ele>
			<time>2020-01-19T16:45:26.60Z</time>
		</trkpt>
		<trkpt lat="34.853238" lon="127.602947">
			<ele>0.00</ele>
			<time>2020-01-19T16:45:27.48Z</time>
		</trkpt>
		<trkpt lat="34.853271" lon="127.603093">
			<ele>0.00</ele>
			<time>2020-01-19T16:45:28.30Z</time>
		</trkpt>
		<trkpt lat="34.853316" lon="127.603261">
			<ele>0.00</ele>
			<time>2020-01-19T16:45:29.27Z</time>
		</trkpt>
		<trkpt lat="34.853375" lon="127.603487">
			<ele>0.00</ele>
			<time>2020-01-19T16:45:30.57Z</time>
		</trkpt>
		<trkpt lat="34.853425" lon="127.603674">
			<ele>0.00</ele>
			<time>2020-01-19T16:45:31.65Z</time>
		</trkpt>
		<trkpt lat="34.853489" lon="127.603888">
			<ele>0.00</ele>
			<time>2020-01-19T16:45:32.89Z</time>
		</trkpt>
		<trkpt lat="34.853529" lon="127.604039">
			<ele>0.00</ele>
			<time>2020-01-19T16:45:33.76Z</time>
		</trkpt>
		<trkpt lat="34.853565" lon="127.604180">
			<ele>0.00</ele>
			<time>2020-01-19T16:45:34.57Z</time>
		</trkpt>
		<trkpt lat="34.853595" lon="127.604289">
			<ele>0.00</ele>
			<time>2020-01-19T16:45:35.20Z</time>
		</trkpt>
		<trkpt lat="34.853596" lon="127.604378">
			<ele>0.00</ele>
			<time>2020-01-19T16:45:35.68Z</time>
		</trkpt>
		<trkpt lat="34.853555" lon="127.604437">
			<ele>0.00</ele>
			<time>2020-01-19T16:45:36.11Z</time>
		</trkpt>
		<trkpt lat="34.853510" lon="127.604480">
			<ele>0.00</ele>
			<time>2020-01-19T16:45:36.48Z</time>
		</trkpt>
		<trkpt lat="34.853460" lon="127.604517">
			<ele>0.00</ele>
			<time>2020-01-19T16:45:36.87Z</time>
		</trkpt>
		<trkpt lat="34.853390" lon="127.604568">
			<ele>0.00</ele>
			<time>2020-01-19T16:45:37.42Z</time>
		</trkpt>
		<trkpt lat="34.853344" lon="127.604621">
			<ele>0.00</ele>
			<time>2020-01-19T16:45:37.84Z</time>
		</trkpt>
		<trkpt lat="34.853283" lon="127.604695">
			<ele>0.00</ele>
			<time>2020-01-19T16:45:38.41Z</time>
		</trkpt>
		<trkpt lat="34.853220" lon="127.604764">
			<ele>0.00</ele>
			<time>2020-01-19T16:45:38.98Z</time>
		</trkpt>
		<trkpt lat="34.853120" lon="127.604874">
			<ele>0.00</ele>
			<time>2020-01-19T16:45:39.88Z</time>
		</trkpt>
		<trkpt lat="34.853024" lon="127.604970">
			<ele>0.00</ele>
			<time>2020-01-19T16:45:40.70Z</time>
		</trkpt>
		<trkpt lat="34.852918" lon="127.605056">
			<ele>0.00</ele>
			<time>2020-01-19T16:45:41.55Z</time>
		</trkpt>
		<trkpt lat="34.852818" lon="127.605155">
			<ele>0.00</ele>
			<time>2020-01-19T16:45:42.42Z</time>
		</trkpt>
		<trkpt lat="34.852729" lon="127.605243">
			<ele>0.00</ele>
			<time>2020-01-19T16:45:43.18Z</time>
		</trkpt>
		<trkpt lat="34.852664" lon="127.605297">
			<ele>0.00</ele>
			<time>2020-01-19T16:45:43.70Z</time>
		</trkpt>
		<trkpt lat="34.852578" lon="127.605355">
			<ele>0.00</ele>
			<time>2020-01-19T16:45:44.36Z</time>
		</trkpt>
		<trkpt lat="34.852496" lon="127.605416">
			<ele>0.00</ele>
			<time>2020-01-19T16:45:45Z</time>
		</trkpt>
		<trkpt lat="34.852419" lon="127.605478">
			<ele>0.00</ele>
			<time>2020-01-19T16:45:45.62Z</time>
		</trkpt>
		<trkpt lat="34.852341" lon="127.605557">
			<ele>0.00</ele>
			<time>2020-01-19T16:45:46.29Z</time>
		</trkpt>
		<trkpt lat="34.852268" lon="127.605637">
			<ele>0.00</ele>
			<time>2020-01-19T16:45:46.94Z</time>
		</trkpt>
		<trkpt lat="34.852201" lon="127.605707">
			<ele>0.00</ele>
			<time>2020-01-19T16:45:47.53Z</time>
		</trkpt>
		<trkpt lat="34.852126" lon="127.605784">
			<ele>0.00</ele>
			<time>2020-01-19T16:45:48.19Z</time>
		</trkpt>
		<trkpt lat="34.852042" lon="127.605867">
			<ele>0.00</ele>
			<time>2020-01-19T16:45:48.91Z</time>
		</trkpt>
		<trkpt lat="34.851940" lon="127.605977">
			<ele>0.00</ele>
			<time>2020-01-19T16:45:49.82Z</time>
		</trkpt>
		<trkpt lat="34.851862" lon="127.606068">
			<ele>0.00</ele>
			<time>2020-01-19T16:45:50.53Z</time>
		</trkpt>
		<trkpt lat="34.851754" lon="127.606193">
			<ele>0.00</ele>
			<time>2020-01-19T16:45:51.53Z</time>
		</trkpt>
		<trkpt lat="34.851705" lon="127.606245">
			<ele>0.00</ele>
			<time>2020-01-19T16:45:51.96Z</time>
		</trkpt>
		<trkpt lat="34.851640" lon="127.606308">
			<ele>0.00</ele>
			<time>2020-01-19T16:45:52.51Z</time>
		</trkpt>
		<trkpt lat="34.851622" lon="127.606358">
			<ele>0.00</ele>
			<time>2020-01-19T16:45:52.81Z</time>
		</trkpt>
		<trkpt lat="34.851630" lon="127.606418">
			<ele>0.00</ele>
			<time>2020-01-19T16:45:53.15Z</time>
		</trkpt>
		<trkpt lat="34.851669" lon="127.606456">
			<ele>0.00</ele>
			<time>2020-01-19T16:45:53.48Z</time>
		</trkpt>
		<trkpt lat="34.851730" lon="127.606510">
			<ele>0.00</ele>
			<time>2020-01-19T16:45:53.98Z</time>
		</trkpt>
		<trkpt lat="34.851773" lon="127.606552">
			<ele>0.00</ele>
			<time>2020-01-19T16:45:54.35Z</time>
		</trkpt>
		<trkpt lat="34.851822" lon="127.606620">
			<ele>0.00</ele>
			<time>2020-01-19T16:45:54.84Z</time>
		</trkpt>
		<trkpt lat="34.851841" lon="127.606701">
			<ele>0.00</ele>
			<time>2020-01-19T16:45:55.30Z</time>
		</trkpt>
		<trkpt lat="34.851821" lon="127.606776">
			<ele>0.00</ele>
			<time>2020-01-19T16:45:55.74Z</time>
		</trkpt>
		<trkpt lat="34.851759" lon="127.606843">
			<ele>0.00</ele>
			<time>2020-01-19T16:45:56.29Z</time>
		</trkpt>
		<trkpt lat="34.851673" lon="127.606931">
			<ele>0.00</ele>
			<time>2020-01-19T16:45:57.04Z</time>
		</trkpt>
		<trkpt lat="34.851564" lon="127.607018">
			<ele>0.00</ele>
			<time>2020-01-19T16:45:57.91Z</time>
		</trkpt>
		<trkpt lat="34.851473" lon="127.607105">
			<ele>0.00</ele>
			<time>2020-01-19T16:45:58.68Z</time>
		</trkpt>
		<trkpt lat="34.851371" lon="127.607204">
			<ele>0.00</ele>
			<time>2020-01-19T16:45:59.55Z</time>
		</trkpt>
		<trkpt lat="34.851259" lon="127.607307">
			<ele>0.00</ele>
			<time>2020-01-19T16:46:00.48Z</time>
		</trkpt>
		<trkpt lat="34.851150" lon="127.607406">
			<ele>0.00</ele>
			<time>2020-01-19T16:46:01.39Z</time>
		</trkpt>
		<trkpt lat="34.851078" lon="127.607460">
			<ele>0.00</ele>
			<time>2020-01-19T16:46:01.95Z</time>
		</trkpt>
		<trkpt lat="34.851036" lon="127.607470">
			<ele>0.00</ele>
			<time>2020-01-19T16:46:02.24Z</time>
		</trkpt>
		<trkpt lat="34.850962" lon="127.607460">
			<ele>0.00</ele>
			<time>2020-01-19T16:46:02.73Z</time>
		</trkpt>
		<trkpt lat="34.850882" lon="127.607447">
			<ele>0.00</ele>
			<time>2020-01-19T16:46:03.27Z</time>
		</trkpt>
		<trkpt lat="34.850810" lon="127.607461">
			<ele>0.00</ele>
			<time>2020-01-19T16:46:03.76Z</time>
		</trkpt>
		<trkpt lat="34.850782" lon="127.607494">
			<ele>0.00</ele>
			<time>2020-01-19T16:46:04.02Z</time>
		</trkpt>
		<trkpt lat="34.850678" lon="127.607634">
			<ele>0.00</ele>
			<time>2020-01-19T16:46:05.05Z</time>
		</trkpt>
		<trkpt lat="34.850583" lon="127.607784">
			<ele>0.00</ele>
			<time>2020-01-19T16:46:06.09Z</time>
		</trkpt>
		<trkpt lat="34.850485" lon="127.607944">
			<ele>0.00</ele>
			<time>2020-01-19T16:46:07.18Z</time>
		</trkpt>
		<trkpt lat="34.850403" lon="127.608067">
			<ele>0.00</ele>
			<time>2020-01-19T16:46:08.05Z</time>
		</trkpt>
		<trkpt lat="34.850335" lon="127.608221">
			<ele>0.00</ele>
			<time>2020-01-19T16:46:09Z</time>
		</trkpt>
		<trkpt lat="34.850267" lon="127.608332">
			<ele>0.00</ele>
			<time>2020-01-19T16:46:09.76Z</time>
		</trkpt>
		<trkpt lat="34.850214" lon="127.608471">
			<ele>0.00</ele>
			<time>2020-01-19T16:46:10.60Z</time>
		</trkpt>
		<trkpt lat="34.850151" lon="127.608599">
			<ele>0.00</ele>
			<time>2020-01-19T16:46:11.42Z</time>
		</trkpt>
		<trkpt lat="34.850071" lon="127.608763">
			<ele>0.00</ele>
			<time>2020-01-19T16:46:12.46Z</time>
		</trkpt>
		<trkpt lat="34.849977" lon="127.608940">
			<ele>0.00</ele>
			<time>2020-01-19T16:46:13.61Z</time>
		</trkpt>
		<trkpt lat="34.849919" lon="127.609073">
			<ele>0.00</ele>
			<time>2020-01-19T16:46:14.44Z</time>
		</trkpt>
		<trkpt lat="34.849859" lon="127.609219">
			<ele>0.00</ele>
			<time>2020-01-19T16:46:15.33Z</time>
		</trkpt>
		<trkpt lat="34.849829" lon="127.609250">
			<ele>0.00</ele>
			<time>2020-01-19T16:46:15.59Z</time>
		</trkpt>
		<trkpt lat="34.849708" lon="127.609265">
			<ele>0.00</ele>
			<time>2020-01-19T16:46:16.40Z</time>
		</trkpt>
		<trkpt lat="34.849570" lon="127.609261">
			<ele>0.00</ele>
			<time>2020-01-19T16:46:17.32Z</time>
		</trkpt>
		<trkpt lat="34.849419" lon="127.609268">
			<ele>0.00</ele>
			<time>2020-01-19T16:46:18.33Z</time>
		</trkpt>
		<trkpt lat="34.849319" lon="127.609271">
			<ele>0.00</ele>
			<time>2020-01-19T16:46:19Z</time>
		</trkpt>
		<trkpt lat="34.849253" lon="127.609261">
			<ele>0.00</ele>
			<time>2020-01-19T16:46:19.44Z</time>
		</trkpt>
		<trkpt lat="34.849144" lon="127.609229">
			<ele>0.00</ele>
			<time>2020-01-19T16:46:20.19Z</time>
		</trkpt>
		<trkpt lat="34.849025" lon="127.609212">
			<ele>0.00</ele>
			<time>2020-01-19T16:46:20.98Z</time>
		</trkpt>
		<trkpt lat="34.848923" lon="127.609186">
			<ele>0.00</ele>
			<time>2020-01-19T16:46:21.68Z</time>
		</trkpt>
		<trkpt lat="34.848850" lon="127.609189">
			<ele>0.00</ele>
			<time>2020-01-19T16:46:22.16Z</time>
		</trkpt>
		<trkpt lat="34.848762" lon="127.609232">
			<ele>0.00</ele>
			<time>2020-01-19T16:46:22.80Z</time>
		</trkpt>
		<trkpt lat="34.848651" lon="127.609303">
			<ele>0.00</ele>
			<time>2020-01-19T16:46:23.63Z</time>
		</trkpt>
		<trkpt lat="34.848541" lon="127.609377">
			<ele>0.00</ele>
			<time>2020-01-19T16:46:24.47Z</time>
		</trkpt>
		<trkpt lat="34.848457" lon="127.609424">
			<ele>0.00</ele>
			<time>2020-01-19T16:46:25.09Z</time>
		</trkpt>
		<trkpt lat="34.848363" lon="127.609437">
			<ele>0.00</ele>
			<time>2020-01-19T16:46:25.72Z</time>
		</trkpt>
		<trkpt lat="34.848210" lon="127.609444">
			<ele>0.00</ele>
			<time>2020-01-19T16:46:26.74Z</time>
		</trkpt>
		<trkpt lat="34.848081" lon="127.609453">
			<ele>0.00</ele>
			<time>2020-01-19T16:46:27.60Z</time>
		</trkpt>
		<trkpt lat="34.847970" lon="127.609448">
			<ele>0.00</ele>
			<time>2020-01-19T16:46:28.34Z</time>
		</trkpt>
		<trkpt lat="34.847892" lon="127.609455">
			<ele>0.00</ele>
			<time>2020-01-19T16:46:28.87Z</time>
		</trkpt>
		<trkpt lat="34.847817" lon="127.609404">
			<ele>0.00</ele>
			<time>2020-01-19T16:46:29.43Z</time>
		</trkpt>
		<trkpt lat="34.847732" lon="127.609347">
			<ele>0.00</ele>
			<time>2020-01-19T16:46:30.08Z</time>
		</trkpt>
		<trkpt lat="34.847641" lon="127.609270">
			<ele>0.00</ele>
			<time>2020-01-19T16:46:30.82Z</time>
		</trkpt>
		<trkpt lat="34.847558" lon="127.609246">
			<ele>0.00</ele>
			<time>2020-01-19T16:46:31.39Z</time>
		</trkpt>
		<trkpt lat="34.847454" lon="127.609265">
			<ele>0.00</ele>
			<time>2020-01-19T16:46:32.09Z</time>
		</trkpt>
		<trkpt lat="34.847354" lon="127.609333">
			<ele>0.00</ele>
			<time>2020-01-19T16:46:32.85Z</time>
		</trkpt>
		<trkpt lat="34.847219" lon="127.609442">
			<ele>0.00</ele>
			<time>2020-01-19T16:46:33.94Z</time>
		</trkpt>
		<trkpt lat="34.847118" lon="127.609525">
			<ele>0.00</ele>
			<time>2020-01-19T16:46:34.74Z</time>
		</trkpt>
		<trkpt lat="34.847008" lon="127.609599">
			<ele>0.00</ele>
			<time>2020-01-19T16:46:35.59Z</time>
		</trkpt>
		<trkpt lat="34.846922" lon="127.609669">
			<ele>0.00</ele>
			<time>2020-01-19T16:46:36.27Z</time>
		</trkpt>
		<trkpt lat="34.846820" lon="127.609733">
			<ele>0.00</ele>
			<time>2020-01-19T16:46:37.04Z</time>
		</trkpt>
		<trkpt lat="34.846733" lon="127.609791">
			<ele>0.00</ele>
			<time>2020-01-19T16:46:37.70Z</time>
		</trkpt>
		<trkpt lat="34.846649" lon="127.609849">
			<ele>0.00</ele>
			<time>2020-01-19T16:46:38.34Z</time>
		</trkpt>
		<trkpt lat="34.846581" lon="127.609945">
			<ele>0.00</ele>
			<time>2020-01-19T16:46:39.04Z</time>
		</trkpt>
		<trkpt lat="34.846568" lon="127.610039">
			<ele>0.00</ele>
			<time>2020-01-19T16:46:39.56Z</time>
		</trkpt>
		<trkpt lat="34.846612" lon="127.610172">
			<ele>0.00</ele>
			<time>2020-01-19T16:46:40.34Z</time>
		</trkpt>
		<trkpt lat="34.846621" lon="127.610223">
			<ele>0.00</ele>
			<time>2020-01-19T16:46:40.63Z</time>
		</trkpt>
		<trkpt lat="34.846579" lon="127.610252">
			<ele>0.00</ele>
			<time>2020-01-19T16:46:40.95Z</time>
		</trkpt>
		<trkpt lat="34.846495" lon="127.610304">
			<ele>0.00</ele>
			<time>2020-01-19T16:46:41.57Z</time>
		</trkpt>
		<trkpt lat="34.846385" lon="127.610362">
			<ele>0.00</ele>
			<time>2020-01-19T16:46:42.38Z</time>
		</trkpt>
		<trkpt lat="34.846274" lon="127.610370">
			<ele>0.00</ele>
			<time>2020-01-19T16:46:43.12Z</time>
		</trkpt>
		<trkpt lat="34.846170" lon="127.610357">
			<ele>0.00</ele>
			<time>2020-01-19T16:46:43.82Z</time>
		</trkpt>
		<trkpt lat="34.846062" lon="127.610374">
			<ele>0.00</ele>
			<time>2020-01-19T16:46:44.54Z</time>
		</trkpt>
		<trkpt lat="34.845994" lon="127.610393">
			<ele>0.00</ele>
			<time>2020-01-19T16:46:45.01Z</time>
		</trkpt>
		<trkpt lat="34.845896" lon="127.610385">
			<ele>0.00</ele>
			<time>2020-01-19T16:46:45.66Z</time>
		</trkpt>
		<trkpt lat="34.845886" lon="127.610385">
			<ele>0.00</ele>
			<time>2020-01-19T16:46:45.72Z</time>
		</trkpt>
		<trkpt lat="34.845804" lon="127.610390">
			<ele>0.00</ele>
			<time>2020-01-19T16:46:46.27Z</time>
		</trkpt>
		<trkpt lat="34.845727" lon="127.610427">
			<ele>0.00</ele>
			<time>2020-01-19T16:46:46.83Z</time>
		</trkpt>
		<trkpt lat="34.845625" lon="127.610487">
			<ele>0.00</ele>
			<time>2020-01-19T16:46:47.58Z</time>
		</trkpt>
		<trkpt lat="34.845518" lon="127.610559">
			<ele>0.00</ele>
			<time>2020-01-19T16:46:48.40Z</time>
		</trkpt>
		<trkpt lat="34.845408" lon="127.610625">
			<ele>0.00</ele>
			<time>2020-01-19T16:46:49.22Z</time>
		</trkpt>
		<trkpt lat="34.845300" lon="127.610679">
			<ele>0.00</ele>
			<time>2020-01-19T16:46:49.99Z</time>
		</trkpt>
		<trkpt lat="34.845172" lon="127.610754">
			<ele>0.00</ele>
			<time>2020-01-19T16:46:50.94Z</time>
		</trkpt>
		<trkpt lat="34.845066" lon="127.610793">
			<ele>0.00</ele>
			<time>2020-01-19T16:46:51.68Z</time>
		</trkpt>
		<trkpt lat="34.844980" lon="127.610848">
			<ele>0.00</ele>
			<time>2020-01-19T16:46:52.32Z</time>
		</trkpt>
		<trkpt lat="34.844977" lon="127.610848">
			<ele>0.00</ele>
			<time>2020-01-19T16:46:52.38Z</time>
		</trkpt>
		<trkpt lat="34.844880" lon="127.610937">
			<ele>0.00</ele>
			<time>2020-01-19T16:46:53.19Z</time>
		</trkpt>
		<trkpt lat="34.844771" lon="127.610997">
			<ele>0.00</ele>
			<time>2020-01-19T16:46:53.99Z</time>
		</trkpt>
		<trkpt lat="34.844706" lon="127.611028">
			<ele>0.00</ele>
			<time>2020-01-19T16:46:54.45Z</time>
		</trkpt>
		<trkpt lat="34.844691" lon="127.611010">
			<ele>0.00</ele>
			<time>2020-01-19T16:46:54.60Z</time>
		</trkpt>
		<trkpt lat="34.844690" lon="127.610895">
			<ele>0.00</ele>
			<time>2020-01-19T16:46:55.22Z</time>
		</trkpt>
		<trkpt lat="34.844665" lon="127.610795">
			<ele>0.00</ele>
			<time>2020-01-19T16:46:55.80Z</time>
		</trkpt>
		<trkpt lat="34.844634" lon="127.610670">
			<ele>0.00</ele>
			<time>2020-01-19T16:46:56.51Z</time>
		</trkpt>
		<trkpt lat="34.844592" lon="127.610614">
			<ele>0.00</ele>
			<time>2020-01-19T16:46:56.93Z</time>
		</trkpt>
		<trkpt lat="34.844541" lon="127.610626">
			<ele>0.00</ele>
			<time>2020-01-19T16:46:57.27Z</time>
		</trkpt>
		<trkpt lat="34.844407" lon="127.610694">
			<ele>0.00</ele>
			<time>2020-01-19T16:46:58.24Z</time>
		</trkpt>
		<trkpt lat="34.844307" lon="127.610751">
			<ele>0.00</ele>
			<time>2020-01-19T16:46:58.98Z</time>
		</trkpt>
		<trkpt lat="34.844252" lon="127.610768">
			<ele>0.00</ele>
			<time>2020-01-19T16:46:59.35Z</time>
		</trkpt>
		<trkpt lat="34.844226" lon="127.610747">
			<ele>0.00</ele>
			<time>2020-01-19T16:46:59.56Z</time>
		</trkpt>
		<trkpt lat="34.844189" lon="127.610646">
			<ele>0.00</ele>
			<time>2020-01-19T16:47:00.16Z</time>
		</trkpt>
		<trkpt lat="34.844165" lon="127.610548">
			<ele>0.00</ele>
			<time>2020-01-19T16:47:00.73Z</time>
		</trkpt>
		<trkpt lat="34.844130" lon="127.610452">
			<ele>0.00</ele>
			<time>2020-01-19T16:47:01.30Z</time>
		</trkpt>
		<trkpt lat="34.844112" lon="127.610399">
			<ele>0.00</ele>
			<time>2020-01-19T16:47:01.62Z</time>
		</trkpt>
		<trkpt lat="34.844078" lon="127.610401">
			<ele>0.00</ele>
			<time>2020-01-19T16:47:01.85Z</time>
		</trkpt>
		<trkpt lat="34.843927" lon="127.610495">
			<ele>0.00</ele>
			<time>2020-01-19T16:47:02.97Z</time>
		</trkpt>
		<trkpt lat="34.843849" lon="127.610537">
			<ele>0.00</ele>
			<time>2020-01-19T16:47:03.54Z</time>
		</trkpt>
		<trkpt lat="34.843751" lon="127.610588">
			<ele>0.00</ele>
			<time>2020-01-19T16:47:04.25Z</time>
		</trkpt>
		<trkpt lat="34.843604" lon="127.610647">
			<ele>0.00</ele>
			<time>2020-01-19T16:47:05.28Z</time>
		</trkpt>
		<trkpt lat="34.843446" lon="127.610703">
			<ele>0.00</ele>
			<time>2020-01-19T16:47:06.38Z</time>
		</trkpt>
		<trkpt lat="34.843322" lon="127.610741">
			<ele>0.00</ele>
			<time>2020-01-19T16:47:07.23Z</time>
		</trkpt>
		<trkpt lat="34.843172" lon="127.610779">
			<ele>0.00</ele>
			<time>2020-01-19T16:47:08.25Z</time>
		</trkpt>
		<trkpt lat="34.843020" lon="127.610813">
			<ele>0.00</ele>
			<time>2020-01-19T16:47:09.28Z</time>
		</trkpt>
		<trkpt lat="34.842863" lon="127.610851">
			<ele>0.00</ele>
			<time>2020-01-19T16:47:10.35Z</time>
		</trkpt>
		<trkpt lat="34.842734" lon="127.610881">
			<ele>0.00</ele>
			<time>2020-01-19T16:47:11.23Z</time>
		</trkpt>
		<trkpt lat="34.842574" lon="127.610919">
			<ele>0.00</ele>
			<time>2020-01-19T16:47:12.31Z</time>
		</trkpt>
		<trkpt lat="34.842458" lon="127.610950">
			<ele>0.00</ele>
			<time>2020-01-19T16:47:13.11Z</time>
		</trkpt>
		<trkpt lat="34.842339" lon="127.610974">
			<ele>0.00</ele>
			<time>2020-01-19T16:47:13.91Z</time>
		</trkpt>
		<trkpt lat="34.842246" lon="127.611011">
			<ele>0.00</ele>
			<time>2020-01-19T16:47:14.57Z</time>
		</trkpt>
		<trkpt lat="34.842145" lon="127.611053">
			<ele>0.00</ele>
			<time>2020-01-19T16:47:15.27Z</time>
		</trkpt>
		<trkpt lat="34.842054" lon="127.611107">
			<ele>0.00</ele>
			<time>2020-01-19T16:47:15.95Z</time>
		</trkpt>
		<trkpt lat="34.841950" lon="127.611164">
			<ele>0.00</ele>
			<time>2020-01-19T16:47:16.71Z</time>
		</trkpt>
		<trkpt lat="34.841831" lon="127.611247">
			<ele>0.00</ele>
			<time>2020-01-19T16:47:17.62Z</time>
		</trkpt>
		<trkpt lat="34.841712" lon="127.611324">
			<ele>0.00</ele>
			<time>2020-01-19T16:47:18.52Z</time>
		</trkpt>
		<trkpt lat="34.841572" lon="127.611432">
			<ele>0.00</ele>
			<time>2020-01-19T16:47:19.63Z</time>
		</trkpt>
		<trkpt lat="34.841453" lon="127.611513">
			<ele>0.00</ele>
			<time>2020-01-19T16:47:20.53Z</time>
		</trkpt>
		<trkpt lat="34.841353" lon="127.611579">
			<ele>0.00</ele>
			<time>2020-01-19T16:47:21.29Z</time>
		</trkpt>
		<trkpt lat="34.841265" lon="127.611646">
			<ele>0.00</ele>
			<time>2020-01-19T16:47:21.99Z</time>
		</trkpt>
		<trkpt lat="34.841226" lon="127.611706">
			<ele>0.00</ele>
			<time>2020-01-19T16:47:22.40Z</time>
		</trkpt>
		<trkpt lat="34.841224" lon="127.611790">
			<ele>0.00</ele>
			<time>2020-01-19T16:47:22.86Z</time>
		</trkpt>
		<trkpt lat="34.841235" lon="127.611887">
			<ele>0.00</ele>
			<time>2020-01-19T16:47:23.39Z</time>
		</trkpt>
		<trkpt lat="34.841242" lon="127.611935">
			<ele>0.00</ele>
			<time>2020-01-19T16:47:23.66Z</time>
		</trkpt>
		<trkpt lat="34.841140" lon="127.611974">
			<ele>0.00</ele>
			<time>2020-01-19T16:47:24.38Z</time>
		</trkpt>
		<trkpt lat="34.841164" lon="127.612052">
			<ele>0.00</ele>
			<time>2020-01-19T16:47:24.84Z</time>
		</trkpt>
		<trkpt lat="34.841201" lon="127.612161">
			<ele>0.00</ele>
			<time>2020-01-19T16:47:25.48Z</time>
		</trkpt>
		<trkpt lat="34.841236" lon="127.612264">
			<ele>0.00</ele>
			<time>2020-01-19T16:47:26.09Z</time>
		</trkpt>
		<trkpt lat="34.841234" lon="127.612307">
			<ele>0.00</ele>
			<time>2020-01-19T16:47:26.33Z</time>
		</trkpt>
		<trkpt lat="34.841202" lon="127.612323">
			<ele>0.00</ele>
			<time>2020-01-19T16:47:26.56Z</time>
		</trkpt>
		<trkpt lat="34.841096" lon="127.612313">
			<ele>0.00</ele>
			<time>2020-01-19T16:47:27.27Z</time>
		</trkpt>
		<trkpt lat="34.841015" lon="127.612317">
			<ele>0.00</ele>
			<time>2020-01-19T16:47:27.81Z</time>
		</trkpt>
		<trkpt lat="34.840884" lon="127.612338">
			<ele>0.00</ele>
			<time>2020-01-19T16:47:28.69Z</time>
		</trkpt>
		<trkpt lat="34.840794" lon="127.612367">
			<ele>0.00</ele>
			<time>2020-01-19T16:47:29.31Z</time>
		</trkpt>
		<trkpt lat="34.840687" lon="127.612398">
			<ele>0.00</ele>
			<time>2020-01-19T16:47:30.04Z</time>
		</trkpt>
		<trkpt lat="34.840571" lon="127.612443">
			<ele>0.00</ele>
			<time>2020-01-19T16:47:30.86Z</time>
		</trkpt>
		<trkpt lat="34.840449" lon="127.612488">
			<ele>0.00</ele>
			<time>2020-01-19T16:47:31.70Z</time>
		</trkpt>
		<trkpt lat="34.840274" lon="127.612567">
			<ele>0.00</ele>
			<time>2020-01-19T16:47:32.95Z</time>
		</trkpt>
		<trkpt lat="34.840147" lon="127.612623">
			<ele>0.00</ele>
			<time>2020-01-19T16:47:33.85Z</time>
		</trkpt>
		<trkpt lat="34.840024" lon="127.612667">
			<ele>0.00</ele>
			<time>2020-01-19T16:47:34.70Z</time>
		</trkpt>
		<trkpt lat="34.839872" lon="127.612716">
			<ele>0.00</ele>
			<time>2020-01-19T16:47:35.75Z</time>
		</trkpt>
		<trkpt lat="34.839736" lon="127.612769">
			<ele>0.00</ele>
			<time>2020-01-19T16:47:36.71Z</time>
		</trkpt>
		<trkpt lat="34.839596" lon="127.612827">
			<ele>0.00</ele>
			<time>2020-01-19T16:47:37.69Z</time>
		</trkpt>
		<trkpt lat="34.839459" lon="127.612881">
			<ele>0.00</ele>
			<time>2020-01-19T16:47:38.65Z</time>
		</trkpt>
		<trkpt lat="34.839328" lon="127.612927">
			<ele>0.00</ele>
			<time>2020-01-19T16:47:39.56Z</time>
		</trkpt>
		<trkpt lat="34.839215" lon="127.612971">
			<ele>0.00</ele>
			<time>2020-01-19T16:47:40.35Z</time>
		</trkpt>
		<trkpt lat="34.839107" lon="127.613013">
			<ele>0.00</ele>
			<time>2020-01-19T16:47:41.10Z</time>
		</trkpt>
		<trkpt lat="34.838994" lon="127.613046">
			<ele>0.00</ele>
			<time>2020-01-19T16:47:41.88Z</time>
		</trkpt>
		<trkpt lat="34.838860" lon="127.613102">
			<ele>0.00</ele>
			<time>2020-01-19T16:47:42.83Z</time>
		</trkpt>
		<trkpt lat="34.838742" lon="127.613149">
			<ele>0.00</ele>
			<time>2020-01-19T16:47:43.65Z</time>
		</trkpt>
		<trkpt lat="34.838633" lon="127.613208">
			<ele>0.00</ele>
			<time>2020-01-19T16:47:44.45Z</time>
		</trkpt>
		<trkpt lat="34.838451" lon="127.613304">
			<ele>0.00</ele>
			<time>2020-01-19T16:47:45.77Z</time>
		</trkpt>
		<trkpt lat="34.838309" lon="127.613365">
			<ele>0.00</ele>
			<time>2020-01-19T16:47:46.78Z</time>
		</trkpt>
		<trkpt lat="34.838205" lon="127.613411">
			<ele>0.00</ele>
			<time>2020-01-19T16:47:47.51Z</time>
		</trkpt>
		<trkpt lat="34.838060" lon="127.613485">
			<ele>0.00</ele>
			<time>2020-01-19T16:47:48.56Z</time>
		</trkpt>
		<trkpt lat="34.837945" lon="127.613563">
			<ele>0.00</ele>
			<time>2020-01-19T16:47:49.43Z</time>
		</trkpt>
		<trkpt lat="34.837876" lon="127.613630">
			<ele>0.00</ele>
			<time>2020-01-19T16:47:50.03Z</time>
		</trkpt>
		<trkpt lat="34.837850" lon="127.613717">
			<ele>0.00</ele>
			<time>2020-01-19T16:47:50.53Z</time>
		</trkpt>
		<trkpt lat="34.837830" lon="127.613827">
			<ele>0.00</ele>
			<time>2020-01-19T16:47:51.15Z</time>
		</trkpt>
		<trkpt lat="34.837826" lon="127.613968">
			<ele>0.00</ele>
			<time>2020-01-19T16:47:51.92Z</time>
		</trkpt>
		<trkpt lat="34.837856" lon="127.614089">
			<ele>0.00</ele>
			<time>2020-01-19T16:47:52.61Z</time>
		</trkpt>
		<trkpt lat="34.837899" lon="127.614221">
			<ele>0.00</ele>
			<time>2020-01-19T16:47:53.39Z</time>
		</trkpt>
		<trkpt lat="34.837922" lon="127.614325">
			<ele>0.00</ele>
			<time>2020-01-19T16:47:53.98Z</time>
		</trkpt>
		<trkpt lat="34.837898" lon="127.614376">
			<ele>0.00</ele>
			<time>2020-01-19T16:47:54.30Z</time>
		</trkpt>
		<trkpt lat="34.837861" lon="127.614420">
			<ele>0.00</ele>
			<time>2020-01-19T16:47:54.65Z</time>
		</trkpt>
		<trkpt lat="34.837764" lon="127.614519">
			<ele>0.00</ele>
			<time>2020-01-19T16:47:55.49Z</time>
		</trkpt>
		<trkpt lat="34.837704" lon="127.614583">
			<ele>0.00</ele>
			<time>2020-01-19T16:47:56.02Z</time>
		</trkpt>
		<trkpt lat="34.837654" lon="127.614661">
			<ele>0.00</ele>
			<time>2020-01-19T16:47:56.56Z</time>
		</trkpt>
		<trkpt lat="34.837611" lon="127.614681">
			<ele>0.00</ele>
			<time>2020-01-19T16:47:56.87Z</time>
		</trkpt>
		<trkpt lat="34.837548" lon="127.614686">
			<ele>0.00</ele>
			<time>2020-01-19T16:47:57.29Z</time>
		</trkpt>
		<trkpt lat="34.837465" lon="127.614715">
			<ele>0.00</ele>
			<time>2020-01-19T16:47:57.87Z</time>
		</trkpt>
		<trkpt lat="34.837327" lon="127.614770">
			<ele>0.00</ele>
			<time>2020-01-19T16:47:58.83Z</time>
		</trkpt>
		<trkpt lat="34.837169" lon="127.614839">
			<ele>0.00</ele>
			<time>2020-01-19T16:47:59.95Z</time>
		</trkpt>
		<trkpt lat="34.836997" lon="127.614898">
			<ele>0.00</ele>
			<time>2020-01-19T16:48:01.14Z</time>
		</trkpt>
		<trkpt lat="34.836863" lon="127.614946">
			<ele>0.00</ele>
			<time>2020-01-19T16:48:02.07Z</time>
		</trkpt>
		<trkpt lat="34.836689" lon="127.615014">
			<ele>0.00</ele>
			<time>2020-01-19T16:48:03.29Z</time>
		</trkpt>
		<trkpt lat="34.836538" lon="127.615075">
			<ele>0.00</ele>
			<time>2020-01-19T16:48:04.35Z</time>
		</trkpt>
		<trkpt lat="34.836343" lon="127.615151">
			<ele>0.00</ele>
			<time>2020-01-19T16:48:05.72Z</time>
		</trkpt>
		<trkpt lat="34.836204" lon="127.615195">
			<ele>0.00</ele>
			<time>2020-01-19T16:48:06.68Z</time>
		</trkpt>
		<trkpt lat="34.836047" lon="127.615253">
			<ele>0.00</ele>
			<time>2020-01-19T16:48:07.77Z</time>
		</trkpt>
		<trkpt lat="34.835907" lon="127.615311">
			<ele>0.00</ele>
			<time>2020-01-19T16:48:08.75Z</time>
		</trkpt>
		<trkpt lat="34.835742" lon="127.615373">
			<ele>0.00</ele>
			<time>2020-01-19T16:48:09.90Z</time>
		</trkpt>
		<trkpt lat="34.835552" lon="127.615446">
			<ele>0.00</ele>
			<time>2020-01-19T16:48:11.23Z</time>
		</trkpt>
		<trkpt lat="34.835380" lon="127.615521">
			<ele>0.00</ele>
			<time>2020-01-19T16:48:12.45Z</time>
		</trkpt>
		<trkpt lat="34.835220" lon="127.615575">
			<ele>0.00</ele>
			<time>2020-01-19T16:48:13.56Z</time>
		</trkpt>
		<trkpt lat="34.835075" lon="127.615626">
			<ele>0.00</ele>
			<time>2020-01-19T16:48:14.57Z</time>
		</trkpt>
		<trkpt lat="34.834906" lon="127.615689">
			<ele>0.00</ele>
			<time>2020-01-19T16:48:15.74Z</time>
		</trkpt>
		<trkpt lat="34.834731" lon="127.615759">
			<ele>0.00</ele>
			<time>2020-01-19T16:48:16.97Z</time>
		</trkpt>
		<trkpt lat="34.834575" lon="127.615818">
			<ele>0.00</ele>
			<time>2020-01-19T16:48:18.06Z</time>
		</trkpt>
		<trkpt lat="34.834427" lon="127.615875">
			<ele>0.00</ele>
			<time>2020-01-19T16:48:19.09Z</time>
		</trkpt>
		<trkpt lat="34.834265" lon="127.615942">
			<ele>0.00</ele>
			<time>2020-01-19T16:48:20.24Z</time>
		</trkpt>
		<trkpt lat="34.834121" lon="127.615996">
			<ele>0.00</ele>
			<time>2020-01-19T16:48:21.24Z</time>
		</trkpt>
		<trkpt lat="34.833972" lon="127.616045">
			<ele>0.00</ele>
			<time>2020-01-19T16:48:22.27Z</time>
		</trkpt>
		<trkpt lat="34.833836" lon="127.616091">
			<ele>0.00</ele>
			<time>2020-01-19T16:48:23.21Z</time>
		</trkpt>
		<trkpt lat="34.833767" lon="127.616143">
			<ele>0.00</ele>
			<time>2020-01-19T16:48:23.75Z</time>
		</trkpt>
		<trkpt lat="34.833677" lon="127.616217">
			<ele>0.00</ele>
			<time>2020-01-19T16:48:24.48Z</time>
		</trkpt>
		<trkpt lat="34.833580" lon="127.616315">
			<ele>0.00</ele>
			<time>2020-01-19T16:48:25.31Z</time>
		</trkpt>
		<trkpt lat="34.833480" lon="127.616407">
			<ele>0.00</ele>
			<time>2020-01-19T16:48:26.15Z</time>
		</trkpt>
		<trkpt lat="34.833346" lon="127.616530">
			<ele>0.00</ele>
			<time>2020-01-19T16:48:27.27Z</time>
		</trkpt>
		<trkpt lat="34.833249" lon="127.616617">
			<ele>0.00</ele>
			<time>2020-01-19T16:48:28.07Z</time>
		</trkpt>
		<trkpt lat="34.833106" lon="127.616755">
			<ele>0.00</ele>
			<time>2020-01-19T16:48:29.29Z</time>
		</trkpt>
		<trkpt lat="34.832979" lon="127.616881">
			<ele>0.00</ele>
			<time>2020-01-19T16:48:30.38Z</time>
		</trkpt>
		<trkpt lat="34.832886" lon="127.616963">
			<ele>0.00</ele>
			<time>2020-01-19T16:48:31.14Z</time>
		</trkpt>
		<trkpt lat="34.832789" lon="127.617036">
			<ele>0.00</ele>
			<time>2020-01-19T16:48:31.90Z</time>
		</trkpt>
		<trkpt lat="34.832660" lon="127.617155">
			<ele>0.00</ele>
			<time>2020-01-19T16:48:32.98Z</time>
		</trkpt>
		<trkpt lat="34.832532" lon="127.617279">
			<ele>0.00</ele>
			<time>2020-01-19T16:48:34.08Z</time>
		</trkpt>
		<trkpt lat="34.832391" lon="127.617409">
			<ele>0.00</ele>
			<time>2020-01-19T16:48:35.25Z</time>
		</trkpt>
		<trkpt lat="34.832274" lon="127.617525">
			<ele>0.00</ele>
			<time>2020-01-19T16:48:36.26Z</time>
		</trkpt>
		<trkpt lat="34.832157" lon="127.617622">
			<ele>0.00</ele>
			<time>2020-01-19T16:48:37.20Z</time>
		</trkpt>
		<trkpt lat="34.832039" lon="127.617731">
			<ele>0.00</ele>
			<time>2020-01-19T16:48:38.19Z</time>
		</trkpt>
		<trkpt lat="34.831938" lon="127.617819">
			<ele>0.00</ele>
			<time>2020-01-19T16:48:39.01Z</time>
		</trkpt>
		<trkpt lat="34.831802" lon="127.617946">
			<ele>0.00</ele>
			<time>2020-01-19T16:48:40.16Z</time>
		</trkpt>
		<trkpt lat="34.831704" lon="127.618022">
			<ele>0.00</ele>
			<time>2020-01-19T16:48:40.93Z</time>
		</trkpt>
		<trkpt lat="34.831609" lon="127.618105">
			<ele>0.00</ele>
			<time>2020-01-19T16:48:41.71Z</time>
		</trkpt>
		<trkpt lat="34.831484" lon="127.618215">
			<ele>0.00</ele>
			<time>2020-01-19T16:48:42.74Z</time>
		</trkpt>
		<trkpt lat="34.831386" lon="127.618309">
			<ele>0.00</ele>
			<time>2020-01-19T16:48:43.57Z</time>
		</trkpt>
		<trkpt lat="34.831307" lon="127.618373">
			<ele>0.00</ele>
			<time>2020-01-19T16:48:44.20Z</time>
		</trkpt>
		<trkpt lat="34.831255" lon="127.618378">
			<ele>0.00</ele>
			<time>2020-01-19T16:48:44.55Z</time>
		</trkpt>
		<trkpt lat="34.831210" lon="127.618382">
			<ele>0.00</ele>
			<time>2020-01-19T16:48:44.85Z</time>
		</trkpt>
		<trkpt lat="34.831180" lon="127.618410">
			<ele>0.00</ele>
			<time>2020-01-19T16:48:45.11Z</time>
		</trkpt>
		<trkpt lat="34.831131" lon="127.618464">
			<ele>0.00</ele>
			<time>2020-01-19T16:48:45.55Z</time>
		</trkpt>
		<trkpt lat="34.831110" lon="127.618532">
			<ele>0.00</ele>
			<time>2020-01-19T16:48:45.95Z</time>
		</trkpt>
		<trkpt lat="34.831091" lon="127.618581">
			<ele>0.00</ele>
			<time>2020-01-19T16:48:46.24Z</time>
		</trkpt>
		<trkpt lat="34.831030" lon="127.618641">
			<ele>0.00</ele>
			<time>2020-01-19T16:48:46.77Z</time>
		</trkpt>
		<trkpt lat="34.830971" lon="127.618702">
			<ele>0.00</ele>
			<time>2020-01-19T16:48:47.28Z</time>
		</trkpt>
		<trkpt lat="34.830907" lon="127.618759">
			<ele>0.00</ele>
			<time>2020-01-19T16:48:47.81Z</time>
		</trkpt>
		<trkpt lat="34.830851" lon="127.618801">
			<ele>0.00</ele>
			<time>2020-01-19T16:48:48.25Z</time>
		</trkpt>
		<trkpt lat="34.830797" lon="127.618843">
			<ele>0.00</ele>
			<time>2020-01-19T16:48:48.68Z</time>
		</trkpt>
		<trkpt lat="34.830753" lon="127.618893">
			<ele>0.00</ele>
			<time>2020-01-19T16:48:49.08Z</time>
		</trkpt>
		<trkpt lat="34.830701" lon="127.618920">
			<ele>0.00</ele>
			<time>2020-01-19T16:48:49.45Z</time>
		</trkpt>
		<trkpt lat="34.830652" lon="127.618909">
			<ele>0.00</ele>
			<time>2020-01-19T16:48:49.79Z</time>
		</trkpt>
		<trkpt lat="34.830579" lon="127.618873">
			<ele>0.00</ele>
			<time>2020-01-19T16:48:50.31Z</time>
		</trkpt>
		<trkpt lat="34.830475" lon="127.618822">
			<ele>0.00</ele>
			<time>2020-01-19T16:48:51.06Z</time>
		</trkpt>
		<trkpt lat="34.830385" lon="127.618772">
			<ele>0.00</ele>
			<time>2020-01-19T16:48:51.72Z</time>
		</trkpt>
		<trkpt lat="34.830259" lon="127.618713">
			<ele>0.00</ele>
			<time>2020-01-19T16:48:52.62Z</time>
		</trkpt>
		<trkpt lat="34.830106" lon="127.618629">
			<ele>0.00</ele>
			<time>2020-01-19T16:48:53.74Z</time>
		</trkpt>
		<trkpt lat="34.829952" lon="127.618541">
			<ele>0.00</ele>
			<time>2020-01-19T16:48:54.87Z</time>
		</trkpt>
		<trkpt lat="34.829807" lon="127.618465">
			<ele>0.00</ele>
			<time>2020-01-19T16:48:55.92Z</time>
		</trkpt>
		<trkpt lat="34.829649" lon="127.618381">
			<ele>0.00</ele>
			<time>2020-01-19T16:48:57.07Z</time>
		</trkpt>
		<trkpt lat="34.829513" lon="127.618310">
			<ele>0.00</ele>
			<time>2020-01-19T16:48:58.06Z</time>
		</trkpt>
		<trkpt lat="34.829391" lon="127.618241">
			<ele>0.00</ele>
			<time>2020-01-19T16:48:58.96Z</time>
		</trkpt>
		<trkpt lat="34.829281" lon="127.618180">
			<ele>0.00</ele>
			<time>2020-01-19T16:48:59.76Z</time>
		</trkpt>
		<trkpt lat="34.829167" lon="127.618117">
			<ele>0.00</ele>
			<time>2020-01-19T16:49:00.59Z</time>
		</trkpt>
		<trkpt lat="34.829032" lon="127.618053">
			<ele>0.00</ele>
			<time>2020-01-19T16:49:01.57Z</time>
		</trkpt>
		<trkpt lat="34.828898" lon="127.617987">
			<ele>0.00</ele>
			<time>2020-01-19T16:49:02.52Z</time>
		</trkpt>
		<trkpt lat="34.828784" lon="127.617928">
			<ele>0.00</ele>
			<time>2020-01-19T16:49:03.35Z</time>
		</trkpt>
		<trkpt lat="34.828683" lon="127.617862">
			<ele>0.00</ele>
			<time>2020-01-19T16:49:04.12Z</time>
		</trkpt>
		<trkpt lat="34.828584" lon="127.617799">
			<ele>0.00</ele>
			<time>2020-01-19T16:49:04.86Z</time>
		</trkpt>
		<trkpt lat="34.828511" lon="127.617786">
			<ele>0.00</ele>
			<time>2020-01-19T16:49:05.35Z</time>
		</trkpt>
		<trkpt lat="34.828367" lon="127.617765">
			<ele>0.00</ele>
			<time>2020-01-19T16:49:06.32Z</time>
		</trkpt>
		<trkpt lat="34.828262" lon="127.617766">
			<ele>0.00</ele>
			<time>2020-01-19T16:49:07.02Z</time>
		</trkpt>
		<trkpt lat="34.828161" lon="127.617797">
			<ele>0.00</ele>
			<time>2020-01-19T16:49:07.72Z</time>
		</trkpt>
		<trkpt lat="34.828053" lon="127.617841">
			<ele>0.00</ele>
			<time>2020-01-19T16:49:08.48Z</time>
		</trkpt>
		<trkpt lat="34.827939" lon="127.617897">
			<ele>0.00</ele>
			<time>2020-01-19T16:49:09.29Z</time>
		</trkpt>
		<trkpt lat="34.827837" lon="127.617941">
			<ele>0.00</ele>
			<time>2020-01-19T16:49:10.02Z</time>
		</trkpt>
		<trkpt lat="34.827727" lon="127.617990">
			<ele>0.00</ele>
			<time>2020-01-19T16:49:10.79Z</time>
		</trkpt>
		<trkpt lat="34.827596" lon="127.618052">
			<ele>0.00</ele>
			<time>2020-01-19T16:49:11.73Z</time>
		</trkpt>
		<trkpt lat="34.827483" lon="127.618111">
			<ele>0.00</ele>
			<time>2020-01-19T16:49:12.55Z</time>
		</trkpt>
		<trkpt lat="34.827347" lon="127.618171">
			<ele>0.00</ele>
			<time>2020-01-19T16:49:13.51Z</time>
		</trkpt>
		<trkpt lat="34.827212" lon="127.618226">
			<ele>0.00</ele>
			<time>2020-01-19T16:49:14.46Z</time>
		</trkpt>
		<trkpt lat="34.827066" lon="127.618296">
			<ele>0.00</ele>
			<time>2020-01-19T16:49:15.51Z</time>
		</trkpt>
		<trkpt lat="34.826851" lon="127.618391">
			<ele>0.00</ele>
			<time>2020-01-19T16:49:17.03Z</time>
		</trkpt>
		<trkpt lat="34.826655" lon="127.618480">
			<ele>0.00</ele>
			<time>2020-01-19T16:49:18.43Z</time>
		</trkpt>
		<trkpt lat="34.826523" lon="127.618553">
			<ele>0.00</ele>
			<time>2020-01-19T16:49:19.39Z</time>
		</trkpt>
		<trkpt lat="34.826397" lon="127.618628">
			<ele>0.00</ele>
			<time>2020-01-19T16:49:20.33Z</time>
		</trkpt>
		<trkpt lat="34.826262" lon="127.618778">
			<ele>0.00</ele>
			<time>2020-01-19T16:49:21.55Z</time>
		</trkpt>
		<trkpt lat="34.826102" lon="127.618964">
			<ele>0.00</ele>
			<time>2020-01-19T16:49:23.03Z</time>
		</trkpt>
		<trkpt lat="34.825928" lon="127.619161">
			<ele>0.00</ele>
			<time>2020-01-19T16:49:24.61Z</time>
		</trkpt>
		<trkpt lat="34.825757" lon="127.619350">
			<ele>0.00</ele>
			<time>2020-01-19T16:49:26.15Z</time>
		</trkpt>
		<trkpt lat="34.825614" lon="127.619436">
			<ele>0.00</ele>
			<time>2020-01-19T16:49:27.21Z</time>
		</trkpt>
		<trkpt lat="34.825499" lon="127.619464">
			<ele>0.00</ele>
			<time>2020-01-19T16:49:27.99Z</time>
		</trkpt>
		<trkpt lat="34.825358" lon="127.619462">
			<ele>0.00</ele>
			<time>2020-01-19T16:49:28.93Z</time>
		</trkpt>
		<trkpt lat="34.825207" lon="127.619483">
			<ele>0.00</ele>
			<time>2020-01-19T16:49:29.95Z</time>
		</trkpt>
		<trkpt lat="34.825055" lon="127.619500">
			<ele>0.00</ele>
			<time>2020-01-19T16:49:30.96Z</time>
		</trkpt>
		<trkpt lat="34.824937" lon="127.619539">
			<ele>0.00</ele>
			<time>2020-01-19T16:49:31.77Z</time>
		</trkpt>
		<trkpt lat="34.824795" lon="127.619615">
			<ele>0.00</ele>
			<time>2020-01-19T16:49:32.81Z</time>
		</trkpt>
		<trkpt lat="34.824626" lon="127.619707">
			<ele>0.00</ele>
			<time>2020-01-19T16:49:34.05Z</time>
		</trkpt>
		<trkpt lat="34.824438" lon="127.619810">
			<ele>0.00</ele>
			<time>2020-01-19T16:49:35.42Z</time>
		</trkpt>
		<trkpt lat="34.824195" lon="127.619949">
			<ele>0.00</ele>
			<time>2020-01-19T16:49:37.21Z</time>
		</trkpt>
		<trkpt lat="34.823923" lon="127.620095">
			<ele>0.00</ele>
			<time>2020-01-19T16:49:39.19Z</time>
		</trkpt>
		<trkpt lat="34.823687" lon="127.620227">
			<ele>0.00</ele>
			<time>2020-01-19T16:49:40.92Z</time>
		</trkpt>
		<trkpt lat="34.823454" lon="127.620352">
			<ele>0.00</ele>
			<time>2020-01-19T16:49:42.62Z</time>
		</trkpt>
		<trkpt lat="34.823294" lon="127.620444">
			<ele>0.00</ele>
			<time>2020-01-19T16:49:43.79Z</time>
		</trkpt>
		<trkpt lat="34.823172" lon="127.620513">
			<ele>0.00</ele>
			<time>2020-01-19T16:49:44.70Z</time>
		</trkpt>
		<trkpt lat="34.823105" lon="127.620567">
			<ele>0.00</ele>
			<time>2020-01-19T16:49:45.23Z</time>
		</trkpt>
		<trkpt lat="34.823002" lon="127.620699">
			<ele>0.00</ele>
			<time>2020-01-19T16:49:46.22Z</time>
		</trkpt>
		<trkpt lat="34.822865" lon="127.620885">
			<ele>0.00</ele>
			<time>2020-01-19T16:49:47.59Z</time>
		</trkpt>
		<trkpt lat="34.822747" lon="127.621059">
			<ele>0.00</ele>
			<time>2020-01-19T16:49:48.83Z</time>
		</trkpt>
		<trkpt lat="34.822632" lon="127.621214">
			<ele>0.00</ele>
			<time>2020-01-19T16:49:49.97Z</time>
		</trkpt>
		<trkpt lat="34.822535" lon="127.621324">
			<ele>0.00</ele>
			<time>2020-01-19T16:49:50.85Z</time>
		</trkpt>
		<trkpt lat="34.822426" lon="127.621398">
			<ele>0.00</ele>
			<time>2020-01-19T16:49:51.69Z</time>
		</trkpt>
		<trkpt lat="34.822319" lon="127.621446">
			<ele>0.00</ele>
			<time>2020-01-19T16:49:52.45Z</time>
		</trkpt>
		<trkpt lat="34.822212" lon="127.621506">
			<ele>0.00</ele>
			<time>2020-01-19T16:49:53.23Z</time>
		</trkpt>
		<trkpt lat="34.822119" lon="127.621614">
			<ele>0.00</ele>
			<time>2020-01-19T16:49:54.09Z</time>
		</trkpt>
		<trkpt lat="34.822013" lon="127.621749">
			<ele>0.00</ele>
			<time>2020-01-19T16:49:55.11Z</time>
		</trkpt>
		<trkpt lat="34.821920" lon="127.621892">
			<ele>0.00</ele>
			<time>2020-01-19T16:49:56.11Z</time>
		</trkpt>
		<trkpt lat="34.821840" lon="127.622020">
			<ele>0.00</ele>
			<time>2020-01-19T16:49:56.99Z</time>
		</trkpt>
		<trkpt lat="34.821749" lon="127.622190">
			<ele>0.00</ele>
			<time>2020-01-19T16:49:58.10Z</time>
		</trkpt>
		<trkpt lat="34.821643" lon="127.622357">
			<ele>0.00</ele>
			<time>2020-01-19T16:49:59.26Z</time>
		</trkpt>
		<trkpt lat="34.821602" lon="127.622478">
			<ele>0.00</ele>
			<time>2020-01-19T16:49:59.97Z</time>
		</trkpt>
		<trkpt lat="34.821572" lon="127.622678">
			<ele>0.00</ele>
			<time>2020-01-19T16:50:01.08Z</time>
		</trkpt>
		<trkpt lat="34.821559" lon="127.622925">
			<ele>0.00</ele>
			<time>2020-01-19T16:50:02.44Z</time>
		</trkpt>
		<trkpt lat="34.821529" lon="127.623178">
			<ele>0.00</ele>
			<time>2020-01-19T16:50:03.84Z</time>
		</trkpt>
		<trkpt lat="34.821510" lon="127.623318">
			<ele>0.00</ele>
			<time>2020-01-19T16:50:04.62Z</time>
		</trkpt>
		<trkpt lat="34.821477" lon="127.623404">
			<ele>0.00</ele>
			<time>2020-01-19T16:50:05.13Z</time>
		</trkpt>
		<trkpt lat="34.821415" lon="127.623461">
			<ele>0.00</ele>
			<time>2020-01-19T16:50:05.65Z</time>
		</trkpt>
		<trkpt lat="34.821332" lon="127.623516">
			<ele>0.00</ele>
			<time>2020-01-19T16:50:06.29Z</time>
		</trkpt>
		<trkpt lat="34.821209" lon="127.623555">
			<ele>0.00</ele>
			<time>2020-01-19T16:50:07.13Z</time>
		</trkpt>
		<trkpt lat="34.821100" lon="127.623565">
			<ele>0.00</ele>
			<time>2020-01-19T16:50:07.86Z</time>
		</trkpt>
		<trkpt lat="34.820933" lon="127.623549">
			<ele>0.00</ele>
			<time>2020-01-19T16:50:08.98Z</time>
		</trkpt>
		<trkpt lat="34.820777" lon="127.623527">
			<ele>0.00</ele>
			<time>2020-01-19T16:50:10.02Z</time>
		</trkpt>
		<trkpt lat="34.820660" lon="127.623508">
			<ele>0.00</ele>
			<time>2020-01-19T16:50:10.81Z</time>
		</trkpt>
		<trkpt lat="34.820523" lon="127.623488">
			<ele>0.00</ele>
			<time>2020-01-19T16:50:11.73Z</time>
		</trkpt>
		<trkpt lat="34.820381" lon="127.623503">
			<ele>0.00</ele>
			<time>2020-01-19T16:50:12.68Z</time>
		</trkpt>
		<trkpt lat="34.820270" lon="127.623542">
			<ele>0.00</ele>
			<time>2020-01-19T16:50:13.45Z</time>
		</trkpt>
		<trkpt lat="34.820145" lon="127.623602">
			<ele>0.00</ele>
			<time>2020-01-19T16:50:14.34Z</time>
		</trkpt>
		<trkpt lat="34.819972" lon="127.623676">
			<ele>0.00</ele>
			<time>2020-01-19T16:50:15.57Z</time>
		</trkpt>
		<trkpt lat="34.819805" lon="127.623749">
			<ele>0.00</ele>
			<time>2020-01-19T16:50:16.75Z</time>
		</trkpt>
		<trkpt lat="34.819626" lon="127.623840">
			<ele>0.00</ele>
			<time>2020-01-19T16:50:18.05Z</time>
		</trkpt>
		<trkpt lat="34.819433" lon="127.623931">
			<ele>0.00</ele>
			<time>2020-01-19T16:50:19.42Z</time>
		</trkpt>
		<trkpt lat="34.819264" lon="127.624013">
			<ele>0.00</ele>
			<time>2020-01-19T16:50:20.64Z</time>
		</trkpt>
		<trkpt lat="34.819069" lon="127.624105">
			<ele>0.00</ele>
			<time>2020-01-19T16:50:22.03Z</time>
		</trkpt>
		<trkpt lat="34.818888" lon="127.624198">
			<ele>0.00</ele>
			<time>2020-01-19T16:50:23.34Z</time>
		</trkpt>
		<trkpt lat="34.818709" lon="127.624278">
			<ele>0.00</ele>
			<time>2020-01-19T16:50:24.61Z</time>
		</trkpt>
		<trkpt lat="34.818628" lon="127.624333">
			<ele>0.00</ele>
			<time>2020-01-19T16:50:25.23Z</time>
		</trkpt>
		<trkpt lat="34.818579" lon="127.624414">
			<ele>0.00</ele>
			<time>2020-01-19T16:50:25.78Z</time>
		</trkpt>
		<trkpt lat="34.818535" lon="127.624552">
			<ele>0.00</ele>
			<time>2020-01-19T16:50:26.59Z</time>
		</trkpt>
		<trkpt lat="34.818436" lon="127.624795">
			<ele>0.00</ele>
			<time>2020-01-19T16:50:28.07Z</time>
		</trkpt>
		<trkpt lat="34.818346" lon="127.625016">
			<ele>0.00</ele>
			<time>2020-01-19T16:50:29.43Z</time>
		</trkpt>
		<trkpt lat="34.818249" lon="127.625261">
			<ele>0.00</ele>
			<time>2020-01-19T16:50:30.92Z</time>
		</trkpt>
		<trkpt lat="34.818170" lon="127.625461">
			<ele>0.00</ele>
			<time>2020-01-19T16:50:32.13Z</time>
		</trkpt>
		<trkpt lat="34.818112" lon="127.625659">
			<ele>0.00</ele>
			<time>2020-01-19T16:50:33.28Z</time>
		</trkpt>
		<trkpt lat="34.818042" lon="127.625905">
			<ele>0.00</ele>
			<time>2020-01-19T16:50:34.71Z</time>
		</trkpt>
		<trkpt lat="34.817977" lon="127.626117">
			<ele>0.00</ele>
			<time>2020-01-19T16:50:35.94Z</time>
		</trkpt>
		<trkpt lat="34.817942" lon="127.626228">
			<ele>0.00</ele>
			<time>2020-01-19T16:50:36.60Z</time>
		</trkpt>
		<trkpt lat="34.817884" lon="127.626338">
			<ele>0.00</ele>
			<time>2020-01-19T16:50:37.31Z</time>
		</trkpt>
		<trkpt lat="34.817833" lon="127.626410">
			<ele>0.00</ele>
			<time>2020-01-19T16:50:37.83Z</time>
		</trkpt>
		<trkpt lat="34.817783" lon="127.626431">
			<ele>0.00</ele>
			<time>2020-01-19T16:50:38.19Z</time>
		</trkpt>
		<trkpt lat="34.817662" lon="127.626446">
			<ele>0.00</ele>
			<time>2020-01-19T16:50:39Z</time>
		</trkpt>
		<trkpt lat="34.817481" lon="127.626457">
			<ele>0.00</ele>
			<time>2020-01-19T16:50:40.21Z</time>
		</trkpt>
		<trkpt lat="34.817288" lon="127.626479">
			<ele>0.00</ele>
			<time>2020-01-19T16:50:41.50Z</time>
		</trkpt>
		<trkpt lat="34.817097" lon="127.626485">
			<ele>0.00</ele>
			<time>2020-01-19T16:50:42.77Z</time>
		</trkpt>
		<trkpt lat="34.816909" lon="127.626501">
			<ele>0.00</ele>
			<time>2020-01-19T16:50:44.02Z</time>
		</trkpt>
		<trkpt lat="34.816708" lon="127.626509">
			<ele>0.00</ele>
			<time>2020-01-19T16:50:45.36Z</time>
		</trkpt>
		<trkpt lat="34.816478" lon="127.626532">
			<ele>0.00</ele>
			<time>2020-01-19T16:50:46.90Z</time>
		</trkpt>
		<trkpt lat="34.816246" lon="127.626543">
			<ele>0.00</ele>
			<time>2020-01-19T16:50:48.45Z</time>
		</trkpt>
		<trkpt lat="34.815987" lon="127.626559">
			<ele>0.00</ele>
			<time>2020-01-19T16:50:50.18Z</time>
		</trkpt>
		<trkpt lat="34.815745" lon="127.626574">
			<ele>0.00</ele>
			<time>2020-01-19T16:50:51.79Z</time>
		</trkpt>
		<trkpt lat="34.815535" lon="127.626583">
			<ele>0.00</ele>
			<time>2020-01-19T16:50:53.20Z</time>
		</trkpt>
		<trkpt lat="34.815372" lon="127.626591">
			<ele>0.00</ele>
			<time>2020-01-19T16:50:54.29Z</time>
		</trkpt>
		<trkpt lat="34.815210" lon="127.626601">
			<ele>0.00</ele>
			<time>2020-01-19T16:50:55.37Z</time>
		</trkpt>
		<trkpt lat="34.815097" lon="127.626609">
			<ele>0.00</ele>
			<time>2020-01-19T16:50:56.12Z</time>
		</trkpt>
		<trkpt lat="34.815052" lon="127.626631">
			<ele>0.00</ele>
			<time>2020-01-19T16:50:56.44Z</time>
		</trkpt>
		<trkpt lat="34.815033" lon="127.626674">
			<ele>0.00</ele>
			<time>2020-01-19T16:50:56.71Z</time>
		</trkpt>
		<trkpt lat="34.815043" lon="127.626914">
			<ele>0.00</ele>
			<time>2020-01-19T16:50:58.03Z</time>
		</trkpt>
		<trkpt lat="34.815056" lon="127.627196">
			<ele>0.00</ele>
			<time>2020-01-19T16:50:59.58Z</time>
		</trkpt>
		<trkpt lat="34.815071" lon="127.627515">
			<ele>0.00</ele>
			<time>2020-01-19T16:51:01.32Z</time>
		</trkpt>
		<trkpt lat="34.815088" lon="127.627878">
			<ele>0.00</ele>
			<time>2020-01-19T16:51:03.31Z</time>
		</trkpt>
		<trkpt lat="34.815099" lon="127.628237">
			<ele>0.00</ele>
			<time>2020-01-19T16:51:05.28Z</time>
		</trkpt>
		<trkpt lat="34.815116" lon="127.628557">
			<ele>0.00</ele>
			<time>2020-01-19T16:51:07.04Z</time>
		</trkpt>
		<trkpt lat="34.815129" lon="127.628865">
			<ele>0.00</ele>
			<time>2020-01-19T16:51:08.73Z</time>
		</trkpt>
		<trkpt lat="34.815118" lon="127.628941">
			<ele>0.00</ele>
			<time>2020-01-19T16:51:09.15Z</time>
		</trkpt>
		<trkpt lat="34.815077" lon="127.628963">
			<ele>0.00</ele>
			<time>2020-01-19T16:51:09.45Z</time>
		</trkpt>
		<trkpt lat="34.814960" lon="127.628964">
			<ele>0.00</ele>
			<time>2020-01-19T16:51:10.23Z</time>
		</trkpt>
		<trkpt lat="34.814726" lon="127.628979">
			<ele>0.00</ele>
			<time>2020-01-19T16:51:11.79Z</time>
		</trkpt>
		<trkpt lat="34.814490" lon="127.628993">
			<ele>0.00</ele>
			<time>2020-01-19T16:51:13.36Z</time>
		</trkpt>
		<trkpt lat="34.814192" lon="127.629013">
			<ele>0.00</ele>
			<time>2020-01-19T16:51:15.35Z</time>
		</trkpt>
		<trkpt lat="34.813833" lon="127.629037">
			<ele>0.00</ele>
			<time>2020-01-19T16:51:17.75Z</time>
		</trkpt>
		<trkpt lat="34.813508" lon="127.629053">
			<ele>0.00</ele>
			<time>2020-01-19T16:51:19.92Z</time>
		</trkpt>
		<trkpt lat="34.813196" lon="127.629069">
			<ele>0.00</ele>
			<time>2020-01-19T16:51:22Z</time>
		</trkpt>
		<trkpt lat="34.812886" lon="127.629099">
			<ele>0.00</ele>
			<time>2020-01-19T16:51:24.08Z</time>
		</trkpt>
		<trkpt lat="34.812646" lon="127.629113">
			<ele>0.00</ele>
			<time>2020-01-19T16:51:25.68Z</time>
		</trkpt>
		<trkpt lat="34.812345" lon="127.629129">
			<ele>0.00</ele>
			<time>2020-01-19T16:51:27.68Z</time>
		</trkpt>
		<trkpt lat="34.812102" lon="127.629152">
			<ele>0.00</ele>
			<time>2020-01-19T16:51:29.31Z</time>
		</trkpt>
		<trkpt lat="34.811897" lon="127.629155">
			<ele>0.00</ele>
			<time>2020-01-19T16:51:30.68Z</time>
		</trkpt>
		<trkpt lat="34.811831" lon="127.629184">
			<ele>0.00</ele>
			<time>2020-01-19T16:51:31.15Z</time>
		</trkpt>
		<trkpt lat="34.811654" lon="127.629323">
			<ele>0.00</ele>
			<time>2020-01-19T16:51:32.55Z</time>
		</trkpt>
		<trkpt lat="34.811457" lon="127.629478">
			<ele>0.00</ele>
			<time>2020-01-19T16:51:34.11Z</time>
		</trkpt>
		<trkpt lat="34.811220" lon="127.629658">
			<ele>0.00</ele>
			<time>2020-01-19T16:51:35.98Z</time>
		</trkpt>
		<trkpt lat="34.811033" lon="127.629806">
			<ele>0.00</ele>
			<time>2020-01-19T16:51:37.46Z</time>
		</trkpt>
		<trkpt lat="34.810924" lon="127.629893">
			<ele>0.00</ele>
			<time>2020-01-19T16:51:38.33Z</time>
		</trkpt>
		<trkpt lat="34.810835" lon="127.629945">
			<ele>0.00</ele>
			<time>2020-01-19T16:51:38.99Z</time>
		</trkpt>
		<trkpt lat="34.810681" lon="127.629991">
			<ele>0.00</ele>
			<time>2020-01-19T16:51:40.05Z</time>
		</trkpt>
		<trkpt lat="34.810510" lon="127.630047">
			<ele>0.00</ele>
			<time>2020-01-19T16:51:41.23Z</time>
		</trkpt>
		<trkpt lat="34.810323" lon="127.630108">
			<ele>0.00</ele>
			<time>2020-01-19T16:51:42.52Z</time>
		</trkpt>
		<trkpt lat="34.810124" lon="127.630166">
			<ele>0.00</ele>
			<time>2020-01-19T16:51:43.88Z</time>
		</trkpt>
		<trkpt lat="34.809944" lon="127.630219">
			<ele>0.00</ele>
			<time>2020-01-19T16:51:45.11Z</time>
		</trkpt>
		<trkpt lat="34.809780" lon="127.630296">
			<ele>0.00</ele>
			<time>2020-01-19T16:51:46.28Z</time>
		</trkpt>
		<trkpt lat="34.809631" lon="127.630375">
			<ele>0.00</ele>
			<time>2020-01-19T16:51:47.37Z</time>
		</trkpt>
		<trkpt lat="34.809454" lon="127.630483">
			<ele>0.00</ele>
			<time>2020-01-19T16:51:48.69Z</time>
		</trkpt>
		<trkpt lat="34.809280" lon="127.630574">
			<ele>0.00</ele>
			<time>2020-01-19T16:51:49.95Z</time>
		</trkpt>
		<trkpt lat="34.809103" lon="127.630673">
			<ele>0.00</ele>
			<time>2020-01-19T16:51:51.25Z</time>
		</trkpt>
		<trkpt lat="34.808917" lon="127.630788">
			<ele>0.00</ele>
			<time>2020-01-19T16:51:52.64Z</time>
		</trkpt>
		<trkpt lat="34.808745" lon="127.630924">
			<ele>0.00</ele>
			<time>2020-01-19T16:51:54.01Z</time>
		</trkpt>
		<trkpt lat="34.808621" lon="127.631020">
			<ele>0.00</ele>
			<time>2020-01-19T16:51:54.99Z</time>
		</trkpt>
		<trkpt lat="34.808527" lon="127.631080">
			<ele>0.00</ele>
			<time>2020-01-19T16:51:55.69Z</time>
		</trkpt>
		<trkpt lat="34.808450" lon="127.631137">
			<ele>0.00</ele>
			<time>2020-01-19T16:51:56.30Z</time>
		</trkpt>
		<trkpt lat="34.808387" lon="127.631140">
			<ele>0.00</ele>
			<time>2020-01-19T16:51:56.72Z</time>
		</trkpt>
		<trkpt lat="34.808319" lon="127.631048">
			<ele>0.00</ele>
			<time>2020-01-19T16:51:57.40Z</time>
		</trkpt>
		<trkpt lat="34.808211" lon="127.630837">
			<ele>0.00</ele>
			<time>2020-01-19T16:51:58.76Z</time>
		</trkpt>
		<trkpt lat="34.808100" lon="127.630629">
			<ele>0.00</ele>
			<time>2020-01-19T16:52:00.11Z</time>
		</trkpt>
		<trkpt lat="34.808010" lon="127.630482">
			<ele>0.00</ele>
			<time>2020-01-19T16:52:01.12Z</time>
		</trkpt>
		<trkpt lat="34.807971" lon="127.630387">
			<ele>0.00</ele>
			<time>2020-01-19T16:52:01.70Z</time>
		</trkpt>
		<trkpt lat="34.807947" lon="127.630271">
			<ele>0.00</ele>
			<time>2020-01-19T16:52:02.35Z</time>
		</trkpt>
		<trkpt lat="34.807942" lon="127.630012">
			<ele>0.00</ele>
			<time>2020-01-19T16:52:03.77Z</time>
		</trkpt>
		<trkpt lat="34.807937" lon="127.629789">
			<ele>0.00</ele>
			<time>2020-01-19T16:52:04.99Z</time>
		</trkpt>
		<trkpt lat="34.807928" lon="127.629559">
			<ele>0.00</ele>
			<time>2020-01-19T16:52:06.26Z</time>
		</trkpt>
		<trkpt lat="34.807918" lon="127.629338">
			<ele>0.00</ele>
			<time>2020-01-19T16:52:07.47Z</time>
		</trkpt>
		<trkpt lat="34.807898" lon="127.629207">
			<ele>0.00</ele>
			<time>2020-01-19T16:52:08.19Z</time>
		</trkpt>
		<trkpt lat="34.807849" lon="127.629151">
			<ele>0.00</ele>
			<time>2020-01-19T16:52:08.64Z</time>
		</trkpt>
		<trkpt lat="34.807806" lon="127.629172">
			<ele>0.00</ele>
			<time>2020-01-19T16:52:08.95Z</time>
		</trkpt>
		<trkpt lat="34.807695" lon="127.629256">
			<ele>0.00</ele>
			<time>2020-01-19T16:52:09.82Z</time>
		</trkpt>
		<trkpt lat="34.807555" lon="127.629364">
			<ele>0.00</ele>
			<time>2020-01-19T16:52:10.93Z</time>
		</trkpt>
		<trkpt lat="34.807423" lon="127.629457">
			<ele>0.00</ele>
			<time>2020-01-19T16:52:11.94Z</time>
		</trkpt>
		<trkpt lat="34.807359" lon="127.629515">
			<ele>0.00</ele>
			<time>2020-01-19T16:52:12.47Z</time>
		</trkpt>
		<trkpt lat="34.807299" lon="127.629596">
			<ele>0.00</ele>
			<time>2020-01-19T16:52:13.07Z</time>
		</trkpt>
		<trkpt lat="34.807233" lon="127.629731">
			<ele>0.00</ele>
			<time>2020-01-19T16:52:13.93Z</time>
		</trkpt>
		<trkpt lat="34.807144" lon="127.629858">
			<ele>0.00</ele>
			<time>2020-01-19T16:52:14.84Z</time>
		</trkpt>
		<trkpt lat="34.807050" lon="127.630022">
			<ele>0.00</ele>
			<time>2020-01-19T16:52:15.94Z</time>
		</trkpt>
		<trkpt lat="34.806953" lon="127.630198">
			<ele>0.00</ele>
			<time>2020-01-19T16:52:17.10Z</time>
		</trkpt>
		<trkpt lat="34.806848" lon="127.630396">
			<ele>0.00</ele>
			<time>2020-01-19T16:52:18.39Z</time>
		</trkpt>
		<trkpt lat="34.806732" lon="127.630610">
			<ele>0.00</ele>
			<time>2020-01-19T16:52:19.79Z</time>
		</trkpt>
		<trkpt lat="34.806635" lon="127.630770">
			<ele>0.00</ele>
			<time>2020-01-19T16:52:20.88Z</time>
		</trkpt>
		<trkpt lat="34.806587" lon="127.630838">
			<ele>0.00</ele>
			<time>2020-01-19T16:52:21.38Z</time>
		</trkpt>
		<trkpt lat="34.806525" lon="127.630905">
			<ele>0.00</ele>
			<time>2020-01-19T16:52:21.93Z</time>
		</trkpt>
		<trkpt lat="34.806466" lon="127.630925">
			<ele>0.00</ele>
			<time>2020-01-19T16:52:22.33Z</time>
		</trkpt>
		<trkpt lat="34.806403" lon="127.630911">
			<ele>0.00</ele>
			<time>2020-01-19T16:52:22.76Z</time>
		</trkpt>
		<trkpt lat="34.806280" lon="127.630865">
			<ele>0.00</ele>
			<time>2020-01-19T16:52:23.62Z</time>
		</trkpt>
		<trkpt lat="34.806170" lon="127.630823">
			<ele>0.00</ele>
			<time>2020-01-19T16:52:24.39Z</time>
		</trkpt>
		<trkpt lat="34.806040" lon="127.630803">
			<ele>0.00</ele>
			<time>2020-01-19T16:52:25.26Z</time>
		</trkpt>
		<trkpt lat="34.805920" lon="127.630806">
			<ele>0.00</ele>
			<time>2020-01-19T16:52:26.06Z</time>
		</trkpt>
		<trkpt lat="34.805813" lon="127.630780">
			<ele>0.00</ele>
			<time>2020-01-19T16:52:26.79Z</time>
		</trkpt>
		<trkpt lat="34.805663" lon="127.630739">
			<ele>0.00</ele>
			<time>2020-01-19T16:52:27.81Z</time>
		</trkpt>
		<trkpt lat="34.805512" lon="127.630686">
			<ele>0.00</ele>
			<time>2020-01-19T16:52:28.86Z</time>
		</trkpt>
		<trkpt lat="34.805344" lon="127.630624">
			<ele>0.00</ele>
			<time>2020-01-19T16:52:30.03Z</time>
		</trkpt>
		<trkpt lat="34.805203" lon="127.630577">
			<ele>0.00</ele>
			<time>2020-01-19T16:52:31Z</time>
		</trkpt>
		<trkpt lat="34.805048" lon="127.630515">
			<ele>0.00</ele>
			<time>2020-01-19T16:52:32.09Z</time>
		</trkpt>
		<trkpt lat="34.804871" lon="127.630446">
			<ele>0.00</ele>
			<time>2020-01-19T16:52:33.33Z</time>
		</trkpt>
		<trkpt lat="34.804647" lon="127.630383">
			<ele>0.00</ele>
			<time>2020-01-19T16:52:34.87Z</time>
		</trkpt>
		<trkpt lat="34.804469" lon="127.630327">
			<ele>0.00</ele>
			<time>2020-01-19T16:52:36.09Z</time>
		</trkpt>
		<trkpt lat="34.804287" lon="127.630258">
			<ele>0.00</ele>
			<time>2020-01-19T16:52:37.36Z</time>
		</trkpt>
		<trkpt lat="34.804084" lon="127.630189">
			<ele>0.00</ele>
			<time>2020-01-19T16:52:38.77Z</time>
		</trkpt>
		<trkpt lat="34.803897" lon="127.630124">
			<ele>0.00</ele>
			<time>2020-01-19T16:52:40.06Z</time>
		</trkpt>
		<trkpt lat="34.803720" lon="127.630069">
			<ele>0.00</ele>
			<time>2020-01-19T16:52:41.28Z</time>
		</trkpt>
		<trkpt lat="34.803530" lon="127.630000">
			<ele>0.00</ele>
			<time>2020-01-19T16:52:42.60Z</time>
		</trkpt>
		<trkpt lat="34.803365" lon="127.629936">
			<ele>0.00</ele>
			<time>2020-01-19T16:52:43.75Z</time>
		</trkpt>
		<trkpt lat="34.803302" lon="127.629896">
			<ele>0.00</ele>
			<time>2020-01-19T16:52:44.23Z</time>
		</trkpt>
		<trkpt lat="34.803230" lon="127.629871">
			<ele>0.00</ele>
			<time>2020-01-19T16:52:44.73Z</time>
		</trkpt>
		<trkpt lat="34.803163" lon="127.629855">
			<ele>0.00</ele>
			<time>2020-01-19T16:52:45.19Z</time>
		</trkpt>
		<trkpt lat="34.803066" lon="127.629865">
			<ele>0.00</ele>
			<time>2020-01-19T16:52:45.83Z</time>
		</trkpt>
		<trkpt lat="34.803021" lon="127.629849">
			<ele>0.00</ele>
			<time>2020-01-19T16:52:46.14Z</time>
		</trkpt>
		<trkpt lat="34.802991" lon="127.629788">
			<ele>0.00</ele>
			<time>2020-01-19T16:52:46.53Z</time>
		</trkpt>
		<trkpt lat="34.803017" lon="127.629716">
			<ele>0.00</ele>
			<time>2020-01-19T16:52:46.96Z</time>
		</trkpt>
		<trkpt lat="34.803081" lon="127.629658">
			<ele>0.00</ele>
			<time>2020-01-19T16:52:47.50Z</time>
		</trkpt>
		<trkpt lat="34.803079" lon="127.629595">
			<ele>0.00</ele>
			<time>2020-01-19T16:52:47.84Z</time>
		</trkpt>
		<trkpt lat="34.802986" lon="127.629579">
			<ele>0.00</ele>
			<time>2020-01-19T16:52:48.47Z</time>
		</trkpt>
		<trkpt lat="34.802855" lon="127.629616">
			<ele>0.00</ele>
			<time>2020-01-19T16:52:49.36Z</time>
		</trkpt>
		<trkpt lat="34.802685" lon="127.629653">
			<ele>0.00</ele>
			<time>2020-01-19T16:52:50.51Z</time>
		</trkpt>
		<trkpt lat="34.802499" lon="127.629708">
			<ele>0.00</ele>
			<time>2020-01-19T16:52:51.79Z</time>
		</trkpt>
		<trkpt lat="34.802334" lon="127.629747">
			<ele>0.00</ele>
			<time>2020-01-19T16:52:52.91Z</time>
		</trkpt>
		<trkpt lat="34.802188" lon="127.629788">
			<ele>0.00</ele>
			<time>2020-01-19T16:52:53.90Z</time>
		</trkpt>
		<trkpt lat="34.802029" lon="127.629842">
			<ele>0.00</ele>
			<time>2020-01-19T16:52:55.01Z</time>
		</trkpt>
		<trkpt lat="34.801873" lon="127.629902">
			<ele>0.00</ele>
			<time>2020-01-19T16:52:56.10Z</time>
		</trkpt>
		<trkpt lat="34.801722" lon="127.629985">
			<ele>0.00</ele>
			<time>2020-01-19T16:52:57.20Z</time>
		</trkpt>
		<trkpt lat="34.801566" lon="127.630066">
			<ele>0.00</ele>
			<time>2020-01-19T16:52:58.33Z</time>
		</trkpt>
		<trkpt lat="34.801437" lon="127.630125">
			<ele>0.00</ele>
			<time>2020-01-19T16:52:59.25Z</time>
		</trkpt>
		<trkpt lat="34.801307" lon="127.630188">
			<ele>0.00</ele>
			<time>2020-01-19T16:53:00.19Z</time>
		</trkpt>
		<trkpt lat="34.801170" lon="127.630268">
			<ele>0.00</ele>
			<time>2020-01-19T16:53:01.20Z</time>
		</trkpt>
		<trkpt lat="34.801048" lon="127.630332">
			<ele>0.00</ele>
			<time>2020-01-19T16:53:02.09Z</time>
		</trkpt>
		<trkpt lat="34.800925" lon="127.630377">
			<ele>0.00</ele>
			<time>2020-01-19T16:53:02.94Z</time>
		</trkpt>
		<trkpt lat="34.800808" lon="127.630424">
			<ele>0.00</ele>
			<time>2020-01-19T16:53:03.76Z</time>
		</trkpt>
		<trkpt lat="34.800670" lon="127.630459">
			<ele>0.00</ele>
			<time>2020-01-19T16:53:04.70Z</time>
		</trkpt>
		<trkpt lat="34.800537" lon="127.630491">
			<ele>0.00</ele>
			<time>2020-01-19T16:53:05.60Z</time>
		</trkpt>
		<trkpt lat="34.800394" lon="127.630513">
			<ele>0.00</ele>
			<time>2020-01-19T16:53:06.57Z</time>
		</trkpt>
		<trkpt lat="34.800235" lon="127.630520">
			<ele>0.00</ele>
			<time>2020-01-19T16:53:07.63Z</time>
		</trkpt>
		<trkpt lat="34.800102" lon="127.630534">
			<ele>0.00</ele>
			<time>2020-01-19T16:53:08.52Z</time>
		</trkpt>
		<trkpt lat="34.799946" lon="127.630549">
			<ele>0.00</ele>
			<time>2020-01-19T16:53:09.56Z</time>
		</trkpt>
		<trkpt lat="34.799796" lon="127.630555">
			<ele>0.00</ele>
			<time>2020-01-19T16:53:10.56Z</time>
		</trkpt>
		<trkpt lat="34.799616" lon="127.630566">
			<ele>0.00</ele>
			<time>2020-01-19T16:53:11.76Z</time>
		</trkpt>
		<trkpt lat="34.799449" lon="127.630569">
			<ele>0.00</ele>
			<time>2020-01-19T16:53:12.88Z</time>
		</trkpt>
		<trkpt lat="34.799324" lon="127.630595">
			<ele>0.00</ele>
			<time>2020-01-19T16:53:13.72Z</time>
		</trkpt>
		<trkpt lat="34.799141" lon="127.630641">
			<ele>0.00</ele>
			<time>2020-01-19T16:53:14.96Z</time>
		</trkpt>
		<trkpt lat="34.798983" lon="127.630667">
			<ele>0.00</ele>
			<time>2020-01-19T16:53:16.03Z</time>
		</trkpt>
		<trkpt lat="34.798820" lon="127.630697">
			<ele>0.00</ele>
			<time>2020-01-19T16:53:17.13Z</time>
		</trkpt>
		<trkpt lat="34.798620" lon="127.630738">
			<ele>0.00</ele>
			<time>2020-01-19T16:53:18.48Z</time>
		</trkpt>
		<trkpt lat="34.798470" lon="127.630781">
			<ele>0.00</ele>
			<time>2020-01-19T16:53:19.51Z</time>
		</trkpt>
		<trkpt lat="34.798338" lon="127.630822">
			<ele>0.00</ele>
			<time>2020-01-19T16:53:20.42Z</time>
		</trkpt>
		<trkpt lat="34.798145" lon="127.630865">
			<ele>0.00</ele>
			<time>2020-01-19T16:53:21.73Z</time>
		</trkpt>
		<trkpt lat="34.798001" lon="127.630915">
			<ele>0.00</ele>
			<time>2020-01-19T16:53:22.72Z</time>
		</trkpt>
		<trkpt lat="34.797830" lon="127.630960">
			<ele>0.00</ele>
			<time>2020-01-19T16:53:23.88Z</time>
		</trkpt>
		<trkpt lat="34.797682" lon="127.631007">
			<ele>0.00</ele>
			<time>2020-01-19T16:53:24.91Z</time>
		</trkpt>
		<trkpt lat="34.797546" lon="127.631058">
			<ele>0.00</ele>
			<time>2020-01-19T16:53:25.86Z</time>
		</trkpt>
		<trkpt lat="34.797418" lon="127.631129">
			<ele>0.00</ele>
			<time>2020-01-19T16:53:26.79Z</time>
		</trkpt>
		<trkpt lat="34.797279" lon="127.631201">
			<ele>0.00</ele>
			<time>2020-01-19T16:53:27.80Z</time>
		</trkpt>
		<trkpt lat="34.797160" lon="127.631292">
			<ele>0.00</ele>
			<time>2020-01-19T16:53:28.74Z</time>
		</trkpt>
		<trkpt lat="34.797013" lon="127.631415">
			<ele>0.00</ele>
			<time>2020-01-19T16:53:29.92Z</time>
		</trkpt>
		<trkpt lat="34.796838" lon="127.631553">
			<ele>0.00</ele>
			<time>2020-01-19T16:53:31.32Z</time>
		</trkpt>
		<trkpt lat="34.796747" lon="127.631619">
			<ele>0.00</ele>
			<time>2020-01-19T16:53:32.02Z</time>
		</trkpt>
		<trkpt lat="34.796646" lon="127.631696">
			<ele>0.00</ele>
			<time>2020-01-19T16:53:32.82Z</time>
		</trkpt>
		<trkpt lat="34.796569" lon="127.631762">
			<ele>0.00</ele>
			<time>2020-01-19T16:53:33.44Z</time>
		</trkpt>
		<trkpt lat="34.796501" lon="127.631817">
			<ele>0.00</ele>
			<time>2020-01-19T16:53:33.99Z</time>
		</trkpt>
		<trkpt lat="34.796454" lon="127.631855">
			<ele>0.00</ele>
			<time>2020-01-19T16:53:34.37Z</time>
		</trkpt>
		<extensions>
			<gte:name>#419</gte:name>
			<gte:color>#08ffba</gte:color>
		</extensions>
	</trkseg>
</trk>
</gpx>