<?xml version="1.0" encoding="UTF-8"?>
<gpx version="1.1" creator="GPS Track Editor" xmlns="http://www.topografix.com/GPX/1/1" xmlns:xsi="http://www.w3.org/2001/XMLSchema-instance" xmlns:gte="http://www.gpstrackeditor.com/xmlschemas/General/1" xmlns:gpxtpx="http://www.garmin.com/xmlschemas/TrackPointExtension/v1" xmlns:gpxx="http://www.garmin.com/xmlschemas/GpxExtensions/v3" targetNamespace="http://www.topografix.com/GPX/1/1" elementFormDefault="qualified" xsi:schemaLocation="http://www.topografix.com/GPX/1/1 http://www.topografix.com/GPX/1/1/gpx.xsd">
<metadata>
	<name>GPS_2020-01-17_001447</name>
</metadata>
<trk>
	<name>011-창원시 마산합포구 구서초등학교 구서분교 앞 삼거리~마산합포구 진전면 암아교차로</name>
	<trkseg>
		<trkpt lat="35.121361" lon="128.536553">
			<ele>0.00</ele>
			<time>2020-01-17T00:14:47.24Z</time>
		</trkpt>
		<trkpt lat="35.121352" lon="128.536512">
			<ele>0.00</ele>
			<time>2020-01-17T00:14:47.47Z</time>
		</trkpt>
		<trkpt lat="35.121330" lon="128.536457">
			<ele>0.00</ele>
			<time>2020-01-17T00:14:47.81Z</time>
		</trkpt>
		<trkpt lat="35.121330" lon="128.536398">
			<ele>0.00</ele>
			<time>2020-01-17T00:14:48.12Z</time>
		</trkpt>
		<trkpt lat="35.121335" lon="128.536361">
			<ele>0.00</ele>
			<time>2020-01-17T00:14:48.33Z</time>
		</trkpt>
		<trkpt lat="35.121331" lon="128.536291">
			<ele>0.00</ele>
			<time>2020-01-17T00:14:48.71Z</time>
		</trkpt>
		<trkpt lat="35.121306" lon="128.536232">
			<ele>0.00</ele>
			<time>2020-01-17T00:14:49.08Z</time>
		</trkpt>
		<trkpt lat="35.121286" lon="128.536167">
			<ele>0.00</ele>
			<time>2020-01-17T00:14:49.46Z</time>
		</trkpt>
		<trkpt lat="35.121264" lon="128.536095">
			<ele>0.00</ele>
			<time>2020-01-17T00:14:49.87Z</time>
		</trkpt>
		<trkpt lat="35.121224" lon="128.535996">
			<ele>0.00</ele>
			<time>2020-01-17T00:14:50.48Z</time>
		</trkpt>
		<trkpt lat="35.121194" lon="128.535914">
			<ele>0.00</ele>
			<time>2020-01-17T00:14:50.97Z</time>
		</trkpt>
		<trkpt lat="35.121167" lon="128.535850">
			<ele>0.00</ele>
			<time>2020-01-17T00:14:51.36Z</time>
		</trkpt>
		<trkpt lat="35.121142" lon="128.535793">
			<ele>0.00</ele>
			<time>2020-01-17T00:14:51.71Z</time>
		</trkpt>
		<trkpt lat="35.121121" lon="128.535742">
			<ele>0.00</ele>
			<time>2020-01-17T00:14:52.03Z</time>
		</trkpt>
		<trkpt lat="35.121098" lon="128.535683">
			<ele>0.00</ele>
			<time>2020-01-17T00:14:52.38Z</time>
		</trkpt>
		<trkpt lat="35.121066" lon="128.535610">
			<ele>0.00</ele>
			<time>2020-01-17T00:14:52.83Z</time>
		</trkpt>
		<trkpt lat="35.121030" lon="128.535552">
			<ele>0.00</ele>
			<time>2020-01-17T00:14:53.23Z</time>
		</trkpt>
		<trkpt lat="35.120994" lon="128.535490">
			<ele>0.00</ele>
			<time>2020-01-17T00:14:53.65Z</time>
		</trkpt>
		<trkpt lat="35.120956" lon="128.535438">
			<ele>0.00</ele>
			<time>2020-01-17T00:14:54.02Z</time>
		</trkpt>
		<trkpt lat="35.120920" lon="128.535395">
			<ele>0.00</ele>
			<time>2020-01-17T00:14:54.36Z</time>
		</trkpt>
		<trkpt lat="35.120879" lon="128.535350">
			<ele>0.00</ele>
			<time>2020-01-17T00:14:54.73Z</time>
		</trkpt>
		<trkpt lat="35.120837" lon="128.535319">
			<ele>0.00</ele>
			<time>2020-01-17T00:14:55.05Z</time>
		</trkpt>
		<trkpt lat="35.120791" lon="128.535291">
			<ele>0.00</ele>
			<time>2020-01-17T00:14:55.39Z</time>
		</trkpt>
		<trkpt lat="35.120738" lon="128.535274">
			<ele>0.00</ele>
			<time>2020-01-17T00:14:55.76Z</time>
		</trkpt>
		<trkpt lat="35.120694" lon="128.535266">
			<ele>0.00</ele>
			<time>2020-01-17T00:14:56.06Z</time>
		</trkpt>
		<trkpt lat="35.120645" lon="128.535266">
			<ele>0.00</ele>
			<time>2020-01-17T00:14:56.38Z</time>
		</trkpt>
		<trkpt lat="35.120595" lon="128.535266">
			<ele>0.00</ele>
			<time>2020-01-17T00:14:56.72Z</time>
		</trkpt>
		<trkpt lat="35.120546" lon="128.535270">
			<ele>0.00</ele>
			<time>2020-01-17T00:14:57.05Z</time>
		</trkpt>
		<trkpt lat="35.120484" lon="128.535268">
			<ele>0.00</ele>
			<time>2020-01-17T00:14:57.46Z</time>
		</trkpt>
		<trkpt lat="35.120414" lon="128.535271">
			<ele>0.00</ele>
			<time>2020-01-17T00:14:57.93Z</time>
		</trkpt>
		<trkpt lat="35.120414" lon="128.535272">
			<ele>0.00</ele>
			<time>2020-01-17T00:14:57.99Z</time>
		</trkpt>
		<trkpt lat="35.120351" lon="128.535279">
			<ele>0.00</ele>
			<time>2020-01-17T00:14:58.40Z</time>
		</trkpt>
		<trkpt lat="35.120288" lon="128.535288">
			<ele>0.00</ele>
			<time>2020-01-17T00:14:58.83Z</time>
		</trkpt>
		<trkpt lat="35.120224" lon="128.535293">
			<ele>0.00</ele>
			<time>2020-01-17T00:14:59.26Z</time>
		</trkpt>
		<trkpt lat="35.120153" lon="128.535294">
			<ele>0.00</ele>
			<time>2020-01-17T00:14:59.73Z</time>
		</trkpt>
		<trkpt lat="35.120078" lon="128.535301">
			<ele>0.00</ele>
			<time>2020-01-17T00:15:00.23Z</time>
		</trkpt>
		<trkpt lat="35.120005" lon="128.535308">
			<ele>0.00</ele>
			<time>2020-01-17T00:15:00.72Z</time>
		</trkpt>
		<trkpt lat="35.119951" lon="128.535316">
			<ele>0.00</ele>
			<time>2020-01-17T00:15:01.08Z</time>
		</trkpt>
		<trkpt lat="35.119887" lon="128.535319">
			<ele>0.00</ele>
			<time>2020-01-17T00:15:01.51Z</time>
		</trkpt>
		<trkpt lat="35.119828" lon="128.535324">
			<ele>0.00</ele>
			<time>2020-01-17T00:15:01.91Z</time>
		</trkpt>
		<trkpt lat="35.119767" lon="128.535330">
			<ele>0.00</ele>
			<time>2020-01-17T00:15:02.31Z</time>
		</trkpt>
		<trkpt lat="35.119698" lon="128.535332">
			<ele>0.00</ele>
			<time>2020-01-17T00:15:02.77Z</time>
		</trkpt>
		<trkpt lat="35.119641" lon="128.535339">
			<ele>0.00</ele>
			<time>2020-01-17T00:15:03.16Z</time>
		</trkpt>
		<trkpt lat="35.119587" lon="128.535345">
			<ele>0.00</ele>
			<time>2020-01-17T00:15:03.51Z</time>
		</trkpt>
		<trkpt lat="35.119534" lon="128.535357">
			<ele>0.00</ele>
			<time>2020-01-17T00:15:03.88Z</time>
		</trkpt>
		<trkpt lat="35.119476" lon="128.535366">
			<ele>0.00</ele>
			<time>2020-01-17T00:15:04.27Z</time>
		</trkpt>
		<trkpt lat="35.119404" lon="128.535390">
			<ele>0.00</ele>
			<time>2020-01-17T00:15:04.76Z</time>
		</trkpt>
		<trkpt lat="35.119357" lon="128.535401">
			<ele>0.00</ele>
			<time>2020-01-17T00:15:05.08Z</time>
		</trkpt>
		<trkpt lat="35.119298" lon="128.535406">
			<ele>0.00</ele>
			<time>2020-01-17T00:15:05.48Z</time>
		</trkpt>
		<trkpt lat="35.119242" lon="128.535412">
			<ele>0.00</ele>
			<time>2020-01-17T00:15:05.85Z</time>
		</trkpt>
		<trkpt lat="35.119190" lon="128.535416">
			<ele>0.00</ele>
			<time>2020-01-17T00:15:06.20Z</time>
		</trkpt>
		<trkpt lat="35.119134" lon="128.535422">
			<ele>0.00</ele>
			<time>2020-01-17T00:15:06.58Z</time>
		</trkpt>
		<trkpt lat="35.119075" lon="128.535414">
			<ele>0.00</ele>
			<time>2020-01-17T00:15:06.97Z</time>
		</trkpt>
		<trkpt lat="35.119021" lon="128.535386">
			<ele>0.00</ele>
			<time>2020-01-17T00:15:07.36Z</time>
		</trkpt>
		<trkpt lat="35.118974" lon="128.535361">
			<ele>0.00</ele>
			<time>2020-01-17T00:15:07.70Z</time>
		</trkpt>
		<trkpt lat="35.118933" lon="128.535331">
			<ele>0.00</ele>
			<time>2020-01-17T00:15:08.02Z</time>
		</trkpt>
		<trkpt lat="35.118897" lon="128.535295">
			<ele>0.00</ele>
			<time>2020-01-17T00:15:08.33Z</time>
		</trkpt>
		<trkpt lat="35.118869" lon="128.535267">
			<ele>0.00</ele>
			<time>2020-01-17T00:15:08.57Z</time>
		</trkpt>
		<trkpt lat="35.118828" lon="128.535233">
			<ele>0.00</ele>
			<time>2020-01-17T00:15:08.90Z</time>
		</trkpt>
		<trkpt lat="35.118790" lon="128.535180">
			<ele>0.00</ele>
			<time>2020-01-17T00:15:09.28Z</time>
		</trkpt>
		<trkpt lat="35.118769" lon="128.535135">
			<ele>0.00</ele>
			<time>2020-01-17T00:15:09.57Z</time>
		</trkpt>
		<trkpt lat="35.118733" lon="128.535084">
			<ele>0.00</ele>
			<time>2020-01-17T00:15:09.94Z</time>
		</trkpt>
		<trkpt lat="35.118695" lon="128.535042">
			<ele>0.00</ele>
			<time>2020-01-17T00:15:10.28Z</time>
		</trkpt>
		<trkpt lat="35.118638" lon="128.535017">
			<ele>0.00</ele>
			<time>2020-01-17T00:15:10.68Z</time>
		</trkpt>
		<trkpt lat="35.118591" lon="128.535017">
			<ele>0.00</ele>
			<time>2020-01-17T00:15:10.99Z</time>
		</trkpt>
		<trkpt lat="35.118543" lon="128.535005">
			<ele>0.00</ele>
			<time>2020-01-17T00:15:11.32Z</time>
		</trkpt>
		<trkpt lat="35.118471" lon="128.535010">
			<ele>0.00</ele>
			<time>2020-01-17T00:15:11.80Z</time>
		</trkpt>
		<trkpt lat="35.118423" lon="128.535015">
			<ele>0.00</ele>
			<time>2020-01-17T00:15:12.12Z</time>
		</trkpt>
		<trkpt lat="35.118357" lon="128.535045">
			<ele>0.00</ele>
			<time>2020-01-17T00:15:12.59Z</time>
		</trkpt>
		<trkpt lat="35.118313" lon="128.535083">
			<ele>0.00</ele>
			<time>2020-01-17T00:15:12.95Z</time>
		</trkpt>
		<trkpt lat="35.118271" lon="128.535118">
			<ele>0.00</ele>
			<time>2020-01-17T00:15:13.29Z</time>
		</trkpt>
		<trkpt lat="35.118216" lon="128.535155">
			<ele>0.00</ele>
			<time>2020-01-17T00:15:13.71Z</time>
		</trkpt>
		<trkpt lat="35.118154" lon="128.535176">
			<ele>0.00</ele>
			<time>2020-01-17T00:15:14.14Z</time>
		</trkpt>
		<trkpt lat="35.118082" lon="128.535179">
			<ele>0.00</ele>
			<time>2020-01-17T00:15:14.62Z</time>
		</trkpt>
		<trkpt lat="35.118002" lon="128.535186">
			<ele>0.00</ele>
			<time>2020-01-17T00:15:15.15Z</time>
		</trkpt>
		<trkpt lat="35.117919" lon="128.535164">
			<ele>0.00</ele>
			<time>2020-01-17T00:15:15.72Z</time>
		</trkpt>
		<trkpt lat="35.117862" lon="128.535128">
			<ele>0.00</ele>
			<time>2020-01-17T00:15:16.14Z</time>
		</trkpt>
		<trkpt lat="35.117811" lon="128.535074">
			<ele>0.00</ele>
			<time>2020-01-17T00:15:16.59Z</time>
		</trkpt>
		<trkpt lat="35.117776" lon="128.534992">
			<ele>0.00</ele>
			<time>2020-01-17T00:15:17.10Z</time>
		</trkpt>
		<trkpt lat="35.117770" lon="128.534899">
			<ele>0.00</ele>
			<time>2020-01-17T00:15:17.60Z</time>
		</trkpt>
		<trkpt lat="35.117771" lon="128.534818">
			<ele>0.00</ele>
			<time>2020-01-17T00:15:18.05Z</time>
		</trkpt>
		<trkpt lat="35.117775" lon="128.534723">
			<ele>0.00</ele>
			<time>2020-01-17T00:15:18.57Z</time>
		</trkpt>
		<trkpt lat="35.117778" lon="128.534625">
			<ele>0.00</ele>
			<time>2020-01-17T00:15:19.10Z</time>
		</trkpt>
		<trkpt lat="35.117791" lon="128.534545">
			<ele>0.00</ele>
			<time>2020-01-17T00:15:19.55Z</time>
		</trkpt>
		<trkpt lat="35.117811" lon="128.534470">
			<ele>0.00</ele>
			<time>2020-01-17T00:15:19.98Z</time>
		</trkpt>
		<trkpt lat="35.117814" lon="128.534466">
			<ele>0.00</ele>
			<time>2020-01-17T00:15:20.04Z</time>
		</trkpt>
		<trkpt lat="35.117856" lon="128.534379">
			<ele>0.00</ele>
			<time>2020-01-17T00:15:20.58Z</time>
		</trkpt>
		<trkpt lat="35.117882" lon="128.534311">
			<ele>0.00</ele>
			<time>2020-01-17T00:15:20.99Z</time>
		</trkpt>
		<trkpt lat="35.117929" lon="128.534255">
			<ele>0.00</ele>
			<time>2020-01-17T00:15:21.43Z</time>
		</trkpt>
		<trkpt lat="35.117979" lon="128.534204">
			<ele>0.00</ele>
			<time>2020-01-17T00:15:21.86Z</time>
		</trkpt>
		<trkpt lat="35.118032" lon="128.534155">
			<ele>0.00</ele>
			<time>2020-01-17T00:15:22.31Z</time>
		</trkpt>
		<trkpt lat="35.118089" lon="128.534112">
			<ele>0.00</ele>
			<time>2020-01-17T00:15:22.75Z</time>
		</trkpt>
		<trkpt lat="35.118151" lon="128.534061">
			<ele>0.00</ele>
			<time>2020-01-17T00:15:23.25Z</time>
		</trkpt>
		<trkpt lat="35.118199" lon="128.534028">
			<ele>0.00</ele>
			<time>2020-01-17T00:15:23.62Z</time>
		</trkpt>
		<trkpt lat="35.118248" lon="128.533988">
			<ele>0.00</ele>
			<time>2020-01-17T00:15:24.01Z</time>
		</trkpt>
		<trkpt lat="35.118294" lon="128.533951">
			<ele>0.00</ele>
			<time>2020-01-17T00:15:24.38Z</time>
		</trkpt>
		<trkpt lat="35.118323" lon="128.533913">
			<ele>0.00</ele>
			<time>2020-01-17T00:15:24.66Z</time>
		</trkpt>
		<trkpt lat="35.118357" lon="128.533852">
			<ele>0.00</ele>
			<time>2020-01-17T00:15:25.07Z</time>
		</trkpt>
		<trkpt lat="35.118378" lon="128.533779">
			<ele>0.00</ele>
			<time>2020-01-17T00:15:25.49Z</time>
		</trkpt>
		<trkpt lat="35.118397" lon="128.533657">
			<ele>0.00</ele>
			<time>2020-01-17T00:15:26.16Z</time>
		</trkpt>
		<trkpt lat="35.118397" lon="128.533586">
			<ele>0.00</ele>
			<time>2020-01-17T00:15:26.55Z</time>
		</trkpt>
		<trkpt lat="35.118391" lon="128.533500">
			<ele>0.00</ele>
			<time>2020-01-17T00:15:27.02Z</time>
		</trkpt>
		<trkpt lat="35.118375" lon="128.533437">
			<ele>0.00</ele>
			<time>2020-01-17T00:15:27.38Z</time>
		</trkpt>
		<trkpt lat="35.118346" lon="128.533372">
			<ele>0.00</ele>
			<time>2020-01-17T00:15:27.78Z</time>
		</trkpt>
		<trkpt lat="35.118311" lon="128.533307">
			<ele>0.00</ele>
			<time>2020-01-17T00:15:28.21Z</time>
		</trkpt>
		<trkpt lat="35.118282" lon="128.533247">
			<ele>0.00</ele>
			<time>2020-01-17T00:15:28.59Z</time>
		</trkpt>
		<trkpt lat="35.118238" lon="128.533187">
			<ele>0.00</ele>
			<time>2020-01-17T00:15:29.03Z</time>
		</trkpt>
		<trkpt lat="35.118189" lon="128.533107">
			<ele>0.00</ele>
			<time>2020-01-17T00:15:29.57Z</time>
		</trkpt>
		<trkpt lat="35.118151" lon="128.533055">
			<ele>0.00</ele>
			<time>2020-01-17T00:15:29.95Z</time>
		</trkpt>
		<trkpt lat="35.118111" lon="128.533001">
			<ele>0.00</ele>
			<time>2020-01-17T00:15:30.35Z</time>
		</trkpt>
		<trkpt lat="35.118069" lon="128.532946">
			<ele>0.00</ele>
			<time>2020-01-17T00:15:30.76Z</time>
		</trkpt>
		<trkpt lat="35.118024" lon="128.532891">
			<ele>0.00</ele>
			<time>2020-01-17T00:15:31.18Z</time>
		</trkpt>
		<trkpt lat="35.117970" lon="128.532825">
			<ele>0.00</ele>
			<time>2020-01-17T00:15:31.69Z</time>
		</trkpt>
		<trkpt lat="35.117930" lon="128.532770">
			<ele>0.00</ele>
			<time>2020-01-17T00:15:32.10Z</time>
		</trkpt>
		<trkpt lat="35.117895" lon="128.532726">
			<ele>0.00</ele>
			<time>2020-01-17T00:15:32.43Z</time>
		</trkpt>
		<trkpt lat="35.117858" lon="128.532672">
			<ele>0.00</ele>
			<time>2020-01-17T00:15:32.81Z</time>
		</trkpt>
		<trkpt lat="35.117820" lon="128.532623">
			<ele>0.00</ele>
			<time>2020-01-17T00:15:33.18Z</time>
		</trkpt>
		<trkpt lat="35.117779" lon="128.532575">
			<ele>0.00</ele>
			<time>2020-01-17T00:15:33.56Z</time>
		</trkpt>
		<trkpt lat="35.117736" lon="128.532527">
			<ele>0.00</ele>
			<time>2020-01-17T00:15:33.95Z</time>
		</trkpt>
		<trkpt lat="35.117699" lon="128.532473">
			<ele>0.00</ele>
			<time>2020-01-17T00:15:34.33Z</time>
		</trkpt>
		<trkpt lat="35.117648" lon="128.532411">
			<ele>0.00</ele>
			<time>2020-01-17T00:15:34.81Z</time>
		</trkpt>
		<trkpt lat="35.117606" lon="128.532362">
			<ele>0.00</ele>
			<time>2020-01-17T00:15:35.20Z</time>
		</trkpt>
		<trkpt lat="35.117567" lon="128.532315">
			<ele>0.00</ele>
			<time>2020-01-17T00:15:35.57Z</time>
		</trkpt>
		<trkpt lat="35.117506" lon="128.532269">
			<ele>0.00</ele>
			<time>2020-01-17T00:15:36.04Z</time>
		</trkpt>
		<trkpt lat="35.117448" lon="128.532239">
			<ele>0.00</ele>
			<time>2020-01-17T00:15:36.46Z</time>
		</trkpt>
		<trkpt lat="35.117384" lon="128.532216">
			<ele>0.00</ele>
			<time>2020-01-17T00:15:36.90Z</time>
		</trkpt>
		<trkpt lat="35.117322" lon="128.532205">
			<ele>0.00</ele>
			<time>2020-01-17T00:15:37.32Z</time>
		</trkpt>
		<trkpt lat="35.117256" lon="128.532187">
			<ele>0.00</ele>
			<time>2020-01-17T00:15:37.78Z</time>
		</trkpt>
		<trkpt lat="35.117195" lon="128.532181">
			<ele>0.00</ele>
			<time>2020-01-17T00:15:38.18Z</time>
		</trkpt>
		<trkpt lat="35.117132" lon="128.532159">
			<ele>0.00</ele>
			<time>2020-01-17T00:15:38.62Z</time>
		</trkpt>
		<trkpt lat="35.117047" lon="128.532160">
			<ele>0.00</ele>
			<time>2020-01-17T00:15:39.19Z</time>
		</trkpt>
		<trkpt lat="35.116990" lon="128.532156">
			<ele>0.00</ele>
			<time>2020-01-17T00:15:39.57Z</time>
		</trkpt>
		<trkpt lat="35.116943" lon="128.532171">
			<ele>0.00</ele>
			<time>2020-01-17T00:15:39.89Z</time>
		</trkpt>
		<trkpt lat="35.116871" lon="128.532203">
			<ele>0.00</ele>
			<time>2020-01-17T00:15:40.40Z</time>
		</trkpt>
		<trkpt lat="35.116802" lon="128.532239">
			<ele>0.00</ele>
			<time>2020-01-17T00:15:40.90Z</time>
		</trkpt>
		<trkpt lat="35.116735" lon="128.532264">
			<ele>0.00</ele>
			<time>2020-01-17T00:15:41.37Z</time>
		</trkpt>
		<trkpt lat="35.116667" lon="128.532301">
			<ele>0.00</ele>
			<time>2020-01-17T00:15:41.86Z</time>
		</trkpt>
		<trkpt lat="35.116603" lon="128.532339">
			<ele>0.00</ele>
			<time>2020-01-17T00:15:42.34Z</time>
		</trkpt>
		<trkpt lat="35.116555" lon="128.532368">
			<ele>0.00</ele>
			<time>2020-01-17T00:15:42.70Z</time>
		</trkpt>
		<trkpt lat="35.116489" lon="128.532407">
			<ele>0.00</ele>
			<time>2020-01-17T00:15:43.19Z</time>
		</trkpt>
		<trkpt lat="35.116425" lon="128.532442">
			<ele>0.00</ele>
			<time>2020-01-17T00:15:43.65Z</time>
		</trkpt>
		<trkpt lat="35.116362" lon="128.532463">
			<ele>0.00</ele>
			<time>2020-01-17T00:15:44.09Z</time>
		</trkpt>
		<trkpt lat="35.116314" lon="128.532473">
			<ele>0.00</ele>
			<time>2020-01-17T00:15:44.41Z</time>
		</trkpt>
		<trkpt lat="35.116256" lon="128.532469">
			<ele>0.00</ele>
			<time>2020-01-17T00:15:44.80Z</time>
		</trkpt>
		<trkpt lat="35.116210" lon="128.532455">
			<ele>0.00</ele>
			<time>2020-01-17T00:15:45.12Z</time>
		</trkpt>
		<trkpt lat="35.116173" lon="128.532420">
			<ele>0.00</ele>
			<time>2020-01-17T00:15:45.43Z</time>
		</trkpt>
		<trkpt lat="35.116143" lon="128.532370">
			<ele>0.00</ele>
			<time>2020-01-17T00:15:45.77Z</time>
		</trkpt>
		<trkpt lat="35.116131" lon="128.532333">
			<ele>0.00</ele>
			<time>2020-01-17T00:15:45.99Z</time>
		</trkpt>
		<trkpt lat="35.116130" lon="128.532276">
			<ele>0.00</ele>
			<time>2020-01-17T00:15:46.30Z</time>
		</trkpt>
		<trkpt lat="35.116143" lon="128.532203">
			<ele>0.00</ele>
			<time>2020-01-17T00:15:46.71Z</time>
		</trkpt>
		<trkpt lat="35.116185" lon="128.532153">
			<ele>0.00</ele>
			<time>2020-01-17T00:15:47.09Z</time>
		</trkpt>
		<trkpt lat="35.116232" lon="128.532116">
			<ele>0.00</ele>
			<time>2020-01-17T00:15:47.47Z</time>
		</trkpt>
		<trkpt lat="35.116234" lon="128.532113">
			<ele>0.00</ele>
			<time>2020-01-17T00:15:47.53Z</time>
		</trkpt>
		<trkpt lat="35.116286" lon="128.532068">
			<ele>0.00</ele>
			<time>2020-01-17T00:15:47.95Z</time>
		</trkpt>
		<trkpt lat="35.116336" lon="128.532026">
			<ele>0.00</ele>
			<time>2020-01-17T00:15:48.35Z</time>
		</trkpt>
		<trkpt lat="35.116385" lon="128.531987">
			<ele>0.00</ele>
			<time>2020-01-17T00:15:48.74Z</time>
		</trkpt>
		<trkpt lat="35.116436" lon="128.531939">
			<ele>0.00</ele>
			<time>2020-01-17T00:15:49.17Z</time>
		</trkpt>
		<trkpt lat="35.116478" lon="128.531891">
			<ele>0.00</ele>
			<time>2020-01-17T00:15:49.55Z</time>
		</trkpt>
		<trkpt lat="35.116515" lon="128.531839">
			<ele>0.00</ele>
			<time>2020-01-17T00:15:49.93Z</time>
		</trkpt>
		<trkpt lat="35.116549" lon="128.531783">
			<ele>0.00</ele>
			<time>2020-01-17T00:15:50.31Z</time>
		</trkpt>
		<trkpt lat="35.116585" lon="128.531717">
			<ele>0.00</ele>
			<time>2020-01-17T00:15:50.75Z</time>
		</trkpt>
		<trkpt lat="35.116609" lon="128.531673">
			<ele>0.00</ele>
			<time>2020-01-17T00:15:51.03Z</time>
		</trkpt>
		<trkpt lat="35.116632" lon="128.531600">
			<ele>0.00</ele>
			<time>2020-01-17T00:15:51.46Z</time>
		</trkpt>
		<trkpt lat="35.116638" lon="128.531527">
			<ele>0.00</ele>
			<time>2020-01-17T00:15:51.86Z</time>
		</trkpt>
		<trkpt lat="35.116636" lon="128.531444">
			<ele>0.00</ele>
			<time>2020-01-17T00:15:52.31Z</time>
		</trkpt>
		<trkpt lat="35.116637" lon="128.531373">
			<ele>0.00</ele>
			<time>2020-01-17T00:15:52.70Z</time>
		</trkpt>
		<trkpt lat="35.116637" lon="128.531324">
			<ele>0.00</ele>
			<time>2020-01-17T00:15:52.96Z</time>
		</trkpt>
		<trkpt lat="35.116633" lon="128.531240">
			<ele>0.00</ele>
			<time>2020-01-17T00:15:53.43Z</time>
		</trkpt>
		<trkpt lat="35.116626" lon="128.531164">
			<ele>0.00</ele>
			<time>2020-01-17T00:15:53.84Z</time>
		</trkpt>
		<trkpt lat="35.116628" lon="128.531076">
			<ele>0.00</ele>
			<time>2020-01-17T00:15:54.32Z</time>
		</trkpt>
		<trkpt lat="35.116625" lon="128.530996">
			<ele>0.00</ele>
			<time>2020-01-17T00:15:54.76Z</time>
		</trkpt>
		<trkpt lat="35.116623" lon="128.530933">
			<ele>0.00</ele>
			<time>2020-01-17T00:15:55.10Z</time>
		</trkpt>
		<trkpt lat="35.116629" lon="128.530848">
			<ele>0.00</ele>
			<time>2020-01-17T00:15:55.57Z</time>
		</trkpt>
		<trkpt lat="35.116632" lon="128.530780">
			<ele>0.00</ele>
			<time>2020-01-17T00:15:55.94Z</time>
		</trkpt>
		<trkpt lat="35.116636" lon="128.530707">
			<ele>0.00</ele>
			<time>2020-01-17T00:15:56.34Z</time>
		</trkpt>
		<trkpt lat="35.116631" lon="128.530587">
			<ele>0.00</ele>
			<time>2020-01-17T00:15:56.99Z</time>
		</trkpt>
		<trkpt lat="35.116631" lon="128.530504">
			<ele>0.00</ele>
			<time>2020-01-17T00:15:57.45Z</time>
		</trkpt>
		<trkpt lat="35.116619" lon="128.530434">
			<ele>0.00</ele>
			<time>2020-01-17T00:15:57.83Z</time>
		</trkpt>
		<trkpt lat="35.116602" lon="128.530356">
			<ele>0.00</ele>
			<time>2020-01-17T00:15:58.28Z</time>
		</trkpt>
		<trkpt lat="35.116575" lon="128.530281">
			<ele>0.00</ele>
			<time>2020-01-17T00:15:58.72Z</time>
		</trkpt>
		<trkpt lat="35.116541" lon="128.530202">
			<ele>0.00</ele>
			<time>2020-01-17T00:15:59.21Z</time>
		</trkpt>
		<trkpt lat="35.116511" lon="128.530148">
			<ele>0.00</ele>
			<time>2020-01-17T00:15:59.57Z</time>
		</trkpt>
		<trkpt lat="35.116471" lon="128.530096">
			<ele>0.00</ele>
			<time>2020-01-17T00:15:59.95Z</time>
		</trkpt>
		<trkpt lat="35.116433" lon="128.530041">
			<ele>0.00</ele>
			<time>2020-01-17T00:16:00.35Z</time>
		</trkpt>
		<trkpt lat="35.116386" lon="128.529987">
			<ele>0.00</ele>
			<time>2020-01-17T00:16:00.77Z</time>
		</trkpt>
		<trkpt lat="35.116336" lon="128.529929">
			<ele>0.00</ele>
			<time>2020-01-17T00:16:01.23Z</time>
		</trkpt>
		<trkpt lat="35.116285" lon="128.529864">
			<ele>0.00</ele>
			<time>2020-01-17T00:16:01.72Z</time>
		</trkpt>
		<trkpt lat="35.116244" lon="128.529817">
			<ele>0.00</ele>
			<time>2020-01-17T00:16:02.10Z</time>
		</trkpt>
		<trkpt lat="35.116188" lon="128.529769">
			<ele>0.00</ele>
			<time>2020-01-17T00:16:02.56Z</time>
		</trkpt>
		<trkpt lat="35.116130" lon="128.529727">
			<ele>0.00</ele>
			<time>2020-01-17T00:16:03Z</time>
		</trkpt>
		<trkpt lat="35.116099" lon="128.529699">
			<ele>0.00</ele>
			<time>2020-01-17T00:16:03.27Z</time>
		</trkpt>
		<trkpt lat="35.116047" lon="128.529664">
			<ele>0.00</ele>
			<time>2020-01-17T00:16:03.66Z</time>
		</trkpt>
		<trkpt lat="35.116006" lon="128.529656">
			<ele>0.00</ele>
			<time>2020-01-17T00:16:03.93Z</time>
		</trkpt>
		<trkpt lat="35.116002" lon="128.529655">
			<ele>0.00</ele>
			<time>2020-01-17T00:16:03.99Z</time>
		</trkpt>
		<trkpt lat="35.115940" lon="128.529624">
			<ele>0.00</ele>
			<time>2020-01-17T00:16:04.44Z</time>
		</trkpt>
		<trkpt lat="35.115873" lon="128.529604">
			<ele>0.00</ele>
			<time>2020-01-17T00:16:04.90Z</time>
		</trkpt>
		<trkpt lat="35.115802" lon="128.529583">
			<ele>0.00</ele>
			<time>2020-01-17T00:16:05.39Z</time>
		</trkpt>
		<trkpt lat="35.115741" lon="128.529574">
			<ele>0.00</ele>
			<time>2020-01-17T00:16:05.80Z</time>
		</trkpt>
		<trkpt lat="35.115697" lon="128.529567">
			<ele>0.00</ele>
			<time>2020-01-17T00:16:06.09Z</time>
		</trkpt>
		<trkpt lat="35.115654" lon="128.529560">
			<ele>0.00</ele>
			<time>2020-01-17T00:16:06.38Z</time>
		</trkpt>
		<trkpt lat="35.115606" lon="128.529542">
			<ele>0.00</ele>
			<time>2020-01-17T00:16:06.71Z</time>
		</trkpt>
		<trkpt lat="35.115572" lon="128.529515">
			<ele>0.00</ele>
			<time>2020-01-17T00:16:06.99Z</time>
		</trkpt>
		<trkpt lat="35.115534" lon="128.529467">
			<ele>0.00</ele>
			<time>2020-01-17T00:16:07.35Z</time>
		</trkpt>
		<trkpt lat="35.115506" lon="128.529424">
			<ele>0.00</ele>
			<time>2020-01-17T00:16:07.65Z</time>
		</trkpt>
		<trkpt lat="35.115485" lon="128.529380">
			<ele>0.00</ele>
			<time>2020-01-17T00:16:07.93Z</time>
		</trkpt>
		<trkpt lat="35.115462" lon="128.529333">
			<ele>0.00</ele>
			<time>2020-01-17T00:16:08.23Z</time>
		</trkpt>
		<trkpt lat="35.115443" lon="128.529300">
			<ele>0.00</ele>
			<time>2020-01-17T00:16:08.45Z</time>
		</trkpt>
		<trkpt lat="35.115408" lon="128.529250">
			<ele>0.00</ele>
			<time>2020-01-17T00:16:08.80Z</time>
		</trkpt>
		<trkpt lat="35.115387" lon="128.529216">
			<ele>0.00</ele>
			<time>2020-01-17T00:16:09.04Z</time>
		</trkpt>
		<trkpt lat="35.115356" lon="128.529168">
			<ele>0.00</ele>
			<time>2020-01-17T00:16:09.37Z</time>
		</trkpt>
		<trkpt lat="35.115341" lon="128.529128">
			<ele>0.00</ele>
			<time>2020-01-17T00:16:09.61Z</time>
		</trkpt>
		<trkpt lat="35.115315" lon="128.529079">
			<ele>0.00</ele>
			<time>2020-01-17T00:16:09.93Z</time>
		</trkpt>
		<trkpt lat="35.115281" lon="128.529026">
			<ele>0.00</ele>
			<time>2020-01-17T00:16:10.30Z</time>
		</trkpt>
		<trkpt lat="35.115236" lon="128.528972">
			<ele>0.00</ele>
			<time>2020-01-17T00:16:10.72Z</time>
		</trkpt>
		<trkpt lat="35.115203" lon="128.528933">
			<ele>0.00</ele>
			<time>2020-01-17T00:16:11.02Z</time>
		</trkpt>
		<trkpt lat="35.115177" lon="128.528901">
			<ele>0.00</ele>
			<time>2020-01-17T00:16:11.27Z</time>
		</trkpt>
		<trkpt lat="35.115150" lon="128.528863">
			<ele>0.00</ele>
			<time>2020-01-17T00:16:11.54Z</time>
		</trkpt>
		<trkpt lat="35.115122" lon="128.528820">
			<ele>0.00</ele>
			<time>2020-01-17T00:16:11.84Z</time>
		</trkpt>
		<trkpt lat="35.115092" lon="128.528790">
			<ele>0.00</ele>
			<time>2020-01-17T00:16:12.10Z</time>
		</trkpt>
		<trkpt lat="35.115048" lon="128.528753">
			<ele>0.00</ele>
			<time>2020-01-17T00:16:12.46Z</time>
		</trkpt>
		<trkpt lat="35.114999" lon="128.528718">
			<ele>0.00</ele>
			<time>2020-01-17T00:16:12.84Z</time>
		</trkpt>
		<trkpt lat="35.114967" lon="128.528691">
			<ele>0.00</ele>
			<time>2020-01-17T00:16:13.10Z</time>
		</trkpt>
		<trkpt lat="35.114920" lon="128.528651">
			<ele>0.00</ele>
			<time>2020-01-17T00:16:13.48Z</time>
		</trkpt>
		<trkpt lat="35.114879" lon="128.528617">
			<ele>0.00</ele>
			<time>2020-01-17T00:16:13.81Z</time>
		</trkpt>
		<trkpt lat="35.114826" lon="128.528590">
			<ele>0.00</ele>
			<time>2020-01-17T00:16:14.19Z</time>
		</trkpt>
		<trkpt lat="35.114787" lon="128.528557">
			<ele>0.00</ele>
			<time>2020-01-17T00:16:14.51Z</time>
		</trkpt>
		<trkpt lat="35.114735" lon="128.528525">
			<ele>0.00</ele>
			<time>2020-01-17T00:16:14.89Z</time>
		</trkpt>
		<trkpt lat="35.114680" lon="128.528501">
			<ele>0.00</ele>
			<time>2020-01-17T00:16:15.28Z</time>
		</trkpt>
		<trkpt lat="35.114638" lon="128.528472">
			<ele>0.00</ele>
			<time>2020-01-17T00:16:15.60Z</time>
		</trkpt>
		<trkpt lat="35.114606" lon="128.528448">
			<ele>0.00</ele>
			<time>2020-01-17T00:16:15.86Z</time>
		</trkpt>
		<trkpt lat="35.114573" lon="128.528432">
			<ele>0.00</ele>
			<time>2020-01-17T00:16:16.09Z</time>
		</trkpt>
		<trkpt lat="35.114541" lon="128.528417">
			<ele>0.00</ele>
			<time>2020-01-17T00:16:16.32Z</time>
		</trkpt>
		<trkpt lat="35.114502" lon="128.528395">
			<ele>0.00</ele>
			<time>2020-01-17T00:16:16.61Z</time>
		</trkpt>
		<trkpt lat="35.114459" lon="128.528374">
			<ele>0.00</ele>
			<time>2020-01-17T00:16:16.92Z</time>
		</trkpt>
		<trkpt lat="35.114418" lon="128.528354">
			<ele>0.00</ele>
			<time>2020-01-17T00:16:17.21Z</time>
		</trkpt>
		<trkpt lat="35.114373" lon="128.528325">
			<ele>0.00</ele>
			<time>2020-01-17T00:16:17.55Z</time>
		</trkpt>
		<trkpt lat="35.114319" lon="128.528298">
			<ele>0.00</ele>
			<time>2020-01-17T00:16:17.94Z</time>
		</trkpt>
		<trkpt lat="35.114263" lon="128.528272">
			<ele>0.00</ele>
			<time>2020-01-17T00:16:18.34Z</time>
		</trkpt>
		<trkpt lat="35.114223" lon="128.528251">
			<ele>0.00</ele>
			<time>2020-01-17T00:16:18.63Z</time>
		</trkpt>
		<trkpt lat="35.114188" lon="128.528223">
			<ele>0.00</ele>
			<time>2020-01-17T00:16:18.91Z</time>
		</trkpt>
		<trkpt lat="35.114155" lon="128.528192">
			<ele>0.00</ele>
			<time>2020-01-17T00:16:19.19Z</time>
		</trkpt>
		<trkpt lat="35.114153" lon="128.528190">
			<ele>0.00</ele>
			<time>2020-01-17T00:16:19.25Z</time>
		</trkpt>
		<trkpt lat="35.114118" lon="128.528168">
			<ele>0.00</ele>
			<time>2020-01-17T00:16:19.51Z</time>
		</trkpt>
		<trkpt lat="35.114076" lon="128.528144">
			<ele>0.00</ele>
			<time>2020-01-17T00:16:19.82Z</time>
		</trkpt>
		<trkpt lat="35.114032" lon="128.528121">
			<ele>0.00</ele>
			<time>2020-01-17T00:16:20.13Z</time>
		</trkpt>
		<trkpt lat="35.113992" lon="128.528096">
			<ele>0.00</ele>
			<time>2020-01-17T00:16:20.43Z</time>
		</trkpt>
		<trkpt lat="35.113958" lon="128.528072">
			<ele>0.00</ele>
			<time>2020-01-17T00:16:20.69Z</time>
		</trkpt>
		<trkpt lat="35.113924" lon="128.528052">
			<ele>0.00</ele>
			<time>2020-01-17T00:16:20.95Z</time>
		</trkpt>
		<trkpt lat="35.113892" lon="128.528029">
			<ele>0.00</ele>
			<time>2020-01-17T00:16:21.19Z</time>
		</trkpt>
		<trkpt lat="35.113851" lon="128.528000">
			<ele>0.00</ele>
			<time>2020-01-17T00:16:21.51Z</time>
		</trkpt>
		<trkpt lat="35.113810" lon="128.527979">
			<ele>0.00</ele>
			<time>2020-01-17T00:16:21.81Z</time>
		</trkpt>
		<trkpt lat="35.113775" lon="128.527966">
			<ele>0.00</ele>
			<time>2020-01-17T00:16:22.05Z</time>
		</trkpt>
		<trkpt lat="35.113739" lon="128.527955">
			<ele>0.00</ele>
			<time>2020-01-17T00:16:22.30Z</time>
		</trkpt>
		<trkpt lat="35.113702" lon="128.527949">
			<ele>0.00</ele>
			<time>2020-01-17T00:16:22.55Z</time>
		</trkpt>
		<trkpt lat="35.113700" lon="128.527949">
			<ele>0.00</ele>
			<time>2020-01-17T00:16:22.61Z</time>
		</trkpt>
		<trkpt lat="35.113656" lon="128.527940">
			<ele>0.00</ele>
			<time>2020-01-17T00:16:22.90Z</time>
		</trkpt>
		<trkpt lat="35.113596" lon="128.527945">
			<ele>0.00</ele>
			<time>2020-01-17T00:16:23.30Z</time>
		</trkpt>
		<trkpt lat="35.113594" lon="128.527944">
			<ele>0.00</ele>
			<time>2020-01-17T00:16:23.36Z</time>
		</trkpt>
		<trkpt lat="35.113533" lon="128.527946">
			<ele>0.00</ele>
			<time>2020-01-17T00:16:23.77Z</time>
		</trkpt>
		<trkpt lat="35.113483" lon="128.527956">
			<ele>0.00</ele>
			<time>2020-01-17T00:16:24.11Z</time>
		</trkpt>
		<trkpt lat="35.113445" lon="128.527961">
			<ele>0.00</ele>
			<time>2020-01-17T00:16:24.36Z</time>
		</trkpt>
		<trkpt lat="35.113400" lon="128.527974">
			<ele>0.00</ele>
			<time>2020-01-17T00:16:24.67Z</time>
		</trkpt>
		<trkpt lat="35.113359" lon="128.527979">
			<ele>0.00</ele>
			<time>2020-01-17T00:16:24.94Z</time>
		</trkpt>
		<trkpt lat="35.113306" lon="128.527988">
			<ele>0.00</ele>
			<time>2020-01-17T00:16:25.31Z</time>
		</trkpt>
		<trkpt lat="35.113268" lon="128.527999">
			<ele>0.00</ele>
			<time>2020-01-17T00:16:25.56Z</time>
		</trkpt>
		<trkpt lat="35.113232" lon="128.528002">
			<ele>0.00</ele>
			<time>2020-01-17T00:16:25.80Z</time>
		</trkpt>
		<trkpt lat="35.113198" lon="128.528003">
			<ele>0.00</ele>
			<time>2020-01-17T00:16:26.03Z</time>
		</trkpt>
		<trkpt lat="35.113155" lon="128.528001">
			<ele>0.00</ele>
			<time>2020-01-17T00:16:26.32Z</time>
		</trkpt>
		<trkpt lat="35.113111" lon="128.528001">
			<ele>0.00</ele>
			<time>2020-01-17T00:16:26.61Z</time>
		</trkpt>
		<trkpt lat="35.113065" lon="128.527999">
			<ele>0.00</ele>
			<time>2020-01-17T00:16:26.92Z</time>
		</trkpt>
		<trkpt lat="35.113026" lon="128.527997">
			<ele>0.00</ele>
			<time>2020-01-17T00:16:27.18Z</time>
		</trkpt>
		<trkpt lat="35.112986" lon="128.527993">
			<ele>0.00</ele>
			<time>2020-01-17T00:16:27.45Z</time>
		</trkpt>
		<trkpt lat="35.112942" lon="128.527986">
			<ele>0.00</ele>
			<time>2020-01-17T00:16:27.74Z</time>
		</trkpt>
		<trkpt lat="35.112908" lon="128.527978">
			<ele>0.00</ele>
			<time>2020-01-17T00:16:27.97Z</time>
		</trkpt>
		<trkpt lat="35.112875" lon="128.527968">
			<ele>0.00</ele>
			<time>2020-01-17T00:16:28.20Z</time>
		</trkpt>
		<trkpt lat="35.112839" lon="128.527953">
			<ele>0.00</ele>
			<time>2020-01-17T00:16:28.45Z</time>
		</trkpt>
		<trkpt lat="35.112804" lon="128.527932">
			<ele>0.00</ele>
			<time>2020-01-17T00:16:28.71Z</time>
		</trkpt>
		<trkpt lat="35.112770" lon="128.527905">
			<ele>0.00</ele>
			<time>2020-01-17T00:16:28.98Z</time>
		</trkpt>
		<trkpt lat="35.112743" lon="128.527874">
			<ele>0.00</ele>
			<time>2020-01-17T00:16:29.23Z</time>
		</trkpt>
		<trkpt lat="35.112707" lon="128.527841">
			<ele>0.00</ele>
			<time>2020-01-17T00:16:29.53Z</time>
		</trkpt>
		<trkpt lat="35.112669" lon="128.527808">
			<ele>0.00</ele>
			<time>2020-01-17T00:16:29.84Z</time>
		</trkpt>
		<trkpt lat="35.112624" lon="128.527775">
			<ele>0.00</ele>
			<time>2020-01-17T00:16:30.19Z</time>
		</trkpt>
		<trkpt lat="35.112582" lon="128.527742">
			<ele>0.00</ele>
			<time>2020-01-17T00:16:30.52Z</time>
		</trkpt>
		<trkpt lat="35.112545" lon="128.527703">
			<ele>0.00</ele>
			<time>2020-01-17T00:16:30.85Z</time>
		</trkpt>
		<trkpt lat="35.112515" lon="128.527677">
			<ele>0.00</ele>
			<time>2020-01-17T00:16:31.09Z</time>
		</trkpt>
		<trkpt lat="35.112488" lon="128.527650">
			<ele>0.00</ele>
			<time>2020-01-17T00:16:31.32Z</time>
		</trkpt>
		<trkpt lat="35.112463" lon="128.527619">
			<ele>0.00</ele>
			<time>2020-01-17T00:16:31.56Z</time>
		</trkpt>
		<trkpt lat="35.112432" lon="128.527583">
			<ele>0.00</ele>
			<time>2020-01-17T00:16:31.85Z</time>
		</trkpt>
		<trkpt lat="35.112400" lon="128.527551">
			<ele>0.00</ele>
			<time>2020-01-17T00:16:32.13Z</time>
		</trkpt>
		<trkpt lat="35.112371" lon="128.527517">
			<ele>0.00</ele>
			<time>2020-01-17T00:16:32.39Z</time>
		</trkpt>
		<trkpt lat="35.112345" lon="128.527482">
			<ele>0.00</ele>
			<time>2020-01-17T00:16:32.65Z</time>
		</trkpt>
		<trkpt lat="35.112312" lon="128.527446">
			<ele>0.00</ele>
			<time>2020-01-17T00:16:32.94Z</time>
		</trkpt>
		<trkpt lat="35.112278" lon="128.527416">
			<ele>0.00</ele>
			<time>2020-01-17T00:16:33.23Z</time>
		</trkpt>
		<trkpt lat="35.112257" lon="128.527397">
			<ele>0.00</ele>
			<time>2020-01-17T00:16:33.40Z</time>
		</trkpt>
		<trkpt lat="35.112237" lon="128.527376">
			<ele>0.00</ele>
			<time>2020-01-17T00:16:33.57Z</time>
		</trkpt>
		<trkpt lat="35.112182" lon="128.527318">
			<ele>0.00</ele>
			<time>2020-01-17T00:16:34.06Z</time>
		</trkpt>
		<trkpt lat="35.112137" lon="128.527279">
			<ele>0.00</ele>
			<time>2020-01-17T00:16:34.43Z</time>
		</trkpt>
		<trkpt lat="35.112093" lon="128.527241">
			<ele>0.00</ele>
			<time>2020-01-17T00:16:34.78Z</time>
		</trkpt>
		<trkpt lat="35.112053" lon="128.527215">
			<ele>0.00</ele>
			<time>2020-01-17T00:16:35.09Z</time>
		</trkpt>
		<trkpt lat="35.112009" lon="128.527184">
			<ele>0.00</ele>
			<time>2020-01-17T00:16:35.43Z</time>
		</trkpt>
		<trkpt lat="35.111968" lon="128.527140">
			<ele>0.00</ele>
			<time>2020-01-17T00:16:35.79Z</time>
		</trkpt>
		<trkpt lat="35.111925" lon="128.527088">
			<ele>0.00</ele>
			<time>2020-01-17T00:16:36.20Z</time>
		</trkpt>
		<trkpt lat="35.111884" lon="128.527036">
			<ele>0.00</ele>
			<time>2020-01-17T00:16:36.59Z</time>
		</trkpt>
		<trkpt lat="35.111851" lon="128.527009">
			<ele>0.00</ele>
			<time>2020-01-17T00:16:36.85Z</time>
		</trkpt>
		<trkpt lat="35.111830" lon="128.526986">
			<ele>0.00</ele>
			<time>2020-01-17T00:16:37.04Z</time>
		</trkpt>
		<trkpt lat="35.111806" lon="128.526950">
			<ele>0.00</ele>
			<time>2020-01-17T00:16:37.29Z</time>
		</trkpt>
		<trkpt lat="35.111777" lon="128.526909">
			<ele>0.00</ele>
			<time>2020-01-17T00:16:37.59Z</time>
		</trkpt>
		<trkpt lat="35.111755" lon="128.526864">
			<ele>0.00</ele>
			<time>2020-01-17T00:16:37.87Z</time>
		</trkpt>
		<trkpt lat="35.111727" lon="128.526823">
			<ele>0.00</ele>
			<time>2020-01-17T00:16:38.16Z</time>
		</trkpt>
		<trkpt lat="35.111708" lon="128.526772">
			<ele>0.00</ele>
			<time>2020-01-17T00:16:38.47Z</time>
		</trkpt>
		<trkpt lat="35.111689" lon="128.526723">
			<ele>0.00</ele>
			<time>2020-01-17T00:16:38.77Z</time>
		</trkpt>
		<trkpt lat="35.111671" lon="128.526692">
			<ele>0.00</ele>
			<time>2020-01-17T00:16:38.97Z</time>
		</trkpt>
		<trkpt lat="35.111662" lon="128.526652">
			<ele>0.00</ele>
			<time>2020-01-17T00:16:39.20Z</time>
		</trkpt>
		<trkpt lat="35.111654" lon="128.526608">
			<ele>0.00</ele>
			<time>2020-01-17T00:16:39.45Z</time>
		</trkpt>
		<trkpt lat="35.111640" lon="128.526542">
			<ele>0.00</ele>
			<time>2020-01-17T00:16:39.82Z</time>
		</trkpt>
		<trkpt lat="35.111628" lon="128.526497">
			<ele>0.00</ele>
			<time>2020-01-17T00:16:40.08Z</time>
		</trkpt>
		<trkpt lat="35.111615" lon="128.526449">
			<ele>0.00</ele>
			<time>2020-01-17T00:16:40.35Z</time>
		</trkpt>
		<trkpt lat="35.111597" lon="128.526395">
			<ele>0.00</ele>
			<time>2020-01-17T00:16:40.67Z</time>
		</trkpt>
		<trkpt lat="35.111579" lon="128.526344">
			<ele>0.00</ele>
			<time>2020-01-17T00:16:40.98Z</time>
		</trkpt>
		<trkpt lat="35.111554" lon="128.526296">
			<ele>0.00</ele>
			<time>2020-01-17T00:16:41.28Z</time>
		</trkpt>
		<trkpt lat="35.111529" lon="128.526259">
			<ele>0.00</ele>
			<time>2020-01-17T00:16:41.55Z</time>
		</trkpt>
		<trkpt lat="35.111493" lon="128.526213">
			<ele>0.00</ele>
			<time>2020-01-17T00:16:41.90Z</time>
		</trkpt>
		<trkpt lat="35.111461" lon="128.526181">
			<ele>0.00</ele>
			<time>2020-01-17T00:16:42.17Z</time>
		</trkpt>
		<trkpt lat="35.111418" lon="128.526141">
			<ele>0.00</ele>
			<time>2020-01-17T00:16:42.53Z</time>
		</trkpt>
		<trkpt lat="35.111390" lon="128.526124">
			<ele>0.00</ele>
			<time>2020-01-17T00:16:42.74Z</time>
		</trkpt>
		<trkpt lat="35.111349" lon="128.526088">
			<ele>0.00</ele>
			<time>2020-01-17T00:16:43.07Z</time>
		</trkpt>
		<trkpt lat="35.111316" lon="128.526068">
			<ele>0.00</ele>
			<time>2020-01-17T00:16:43.32Z</time>
		</trkpt>
		<trkpt lat="35.111277" lon="128.526050">
			<ele>0.00</ele>
			<time>2020-01-17T00:16:43.60Z</time>
		</trkpt>
		<trkpt lat="35.111244" lon="128.526027">
			<ele>0.00</ele>
			<time>2020-01-17T00:16:43.85Z</time>
		</trkpt>
		<trkpt lat="35.111206" lon="128.526002">
			<ele>0.00</ele>
			<time>2020-01-17T00:16:44.14Z</time>
		</trkpt>
		<trkpt lat="35.111176" lon="128.525979">
			<ele>0.00</ele>
			<time>2020-01-17T00:16:44.37Z</time>
		</trkpt>
		<trkpt lat="35.111144" lon="128.525957">
			<ele>0.00</ele>
			<time>2020-01-17T00:16:44.62Z</time>
		</trkpt>
		<trkpt lat="35.111105" lon="128.525931">
			<ele>0.00</ele>
			<time>2020-01-17T00:16:44.91Z</time>
		</trkpt>
		<trkpt lat="35.111050" lon="128.525890">
			<ele>0.00</ele>
			<time>2020-01-17T00:16:45.34Z</time>
		</trkpt>
		<trkpt lat="35.110995" lon="128.525854">
			<ele>0.00</ele>
			<time>2020-01-17T00:16:45.76Z</time>
		</trkpt>
		<trkpt lat="35.110954" lon="128.525813">
			<ele>0.00</ele>
			<time>2020-01-17T00:16:46.12Z</time>
		</trkpt>
		<trkpt lat="35.110929" lon="128.525794">
			<ele>0.00</ele>
			<time>2020-01-17T00:16:46.31Z</time>
		</trkpt>
		<trkpt lat="35.110901" lon="128.525768">
			<ele>0.00</ele>
			<time>2020-01-17T00:16:46.54Z</time>
		</trkpt>
		<trkpt lat="35.110875" lon="128.525743">
			<ele>0.00</ele>
			<time>2020-01-17T00:16:46.77Z</time>
		</trkpt>
		<trkpt lat="35.110856" lon="128.525715">
			<ele>0.00</ele>
			<time>2020-01-17T00:16:46.96Z</time>
		</trkpt>
		<trkpt lat="35.110834" lon="128.525679">
			<ele>0.00</ele>
			<time>2020-01-17T00:16:47.21Z</time>
		</trkpt>
		<trkpt lat="35.110813" lon="128.525644">
			<ele>0.00</ele>
			<time>2020-01-17T00:16:47.44Z</time>
		</trkpt>
		<trkpt lat="35.110795" lon="128.525592">
			<ele>0.00</ele>
			<time>2020-01-17T00:16:47.75Z</time>
		</trkpt>
		<trkpt lat="35.110788" lon="128.525540">
			<ele>0.00</ele>
			<time>2020-01-17T00:16:48.04Z</time>
		</trkpt>
		<trkpt lat="35.110791" lon="128.525494">
			<ele>0.00</ele>
			<time>2020-01-17T00:16:48.29Z</time>
		</trkpt>
		<trkpt lat="35.110801" lon="128.525447">
			<ele>0.00</ele>
			<time>2020-01-17T00:16:48.56Z</time>
		</trkpt>
		<trkpt lat="35.110802" lon="128.525446">
			<ele>0.00</ele>
			<time>2020-01-17T00:16:48.62Z</time>
		</trkpt>
		<trkpt lat="35.110819" lon="128.525393">
			<ele>0.00</ele>
			<time>2020-01-17T00:16:48.93Z</time>
		</trkpt>
		<trkpt lat="35.110832" lon="128.525342">
			<ele>0.00</ele>
			<time>2020-01-17T00:16:49.22Z</time>
		</trkpt>
		<trkpt lat="35.110864" lon="128.525300">
			<ele>0.00</ele>
			<time>2020-01-17T00:16:49.53Z</time>
		</trkpt>
		<trkpt lat="35.110884" lon="128.525268">
			<ele>0.00</ele>
			<time>2020-01-17T00:16:49.75Z</time>
		</trkpt>
		<trkpt lat="35.110927" lon="128.525238">
			<ele>0.00</ele>
			<time>2020-01-17T00:16:50.08Z</time>
		</trkpt>
		<trkpt lat="35.110965" lon="128.525224">
			<ele>0.00</ele>
			<time>2020-01-17T00:16:50.35Z</time>
		</trkpt>
		<trkpt lat="35.111014" lon="128.525208">
			<ele>0.00</ele>
			<time>2020-01-17T00:16:50.69Z</time>
		</trkpt>
		<trkpt lat="35.111062" lon="128.525204">
			<ele>0.00</ele>
			<time>2020-01-17T00:16:51Z</time>
		</trkpt>
		<trkpt lat="35.111107" lon="128.525194">
			<ele>0.00</ele>
			<time>2020-01-17T00:16:51.31Z</time>
		</trkpt>
		<trkpt lat="35.111170" lon="128.525186">
			<ele>0.00</ele>
			<time>2020-01-17T00:16:51.73Z</time>
		</trkpt>
		<trkpt lat="35.111230" lon="128.525169">
			<ele>0.00</ele>
			<time>2020-01-17T00:16:52.14Z</time>
		</trkpt>
		<trkpt lat="35.111280" lon="128.525163">
			<ele>0.00</ele>
			<time>2020-01-17T00:16:52.47Z</time>
		</trkpt>
		<trkpt lat="35.111325" lon="128.525155">
			<ele>0.00</ele>
			<time>2020-01-17T00:16:52.78Z</time>
		</trkpt>
		<trkpt lat="35.111376" lon="128.525144">
			<ele>0.00</ele>
			<time>2020-01-17T00:16:53.12Z</time>
		</trkpt>
		<trkpt lat="35.111429" lon="128.525130">
			<ele>0.00</ele>
			<time>2020-01-17T00:16:53.49Z</time>
		</trkpt>
		<trkpt lat="35.111492" lon="128.525111">
			<ele>0.00</ele>
			<time>2020-01-17T00:16:53.92Z</time>
		</trkpt>
		<trkpt lat="35.111560" lon="128.525096">
			<ele>0.00</ele>
			<time>2020-01-17T00:16:54.38Z</time>
		</trkpt>
		<trkpt lat="35.111611" lon="128.525080">
			<ele>0.00</ele>
			<time>2020-01-17T00:16:54.73Z</time>
		</trkpt>
		<trkpt lat="35.111678" lon="128.525057">
			<ele>0.00</ele>
			<time>2020-01-17T00:16:55.20Z</time>
		</trkpt>
		<trkpt lat="35.111738" lon="128.525044">
			<ele>0.00</ele>
			<time>2020-01-17T00:16:55.60Z</time>
		</trkpt>
		<trkpt lat="35.111785" lon="128.525027">
			<ele>0.00</ele>
			<time>2020-01-17T00:16:55.92Z</time>
		</trkpt>
		<trkpt lat="35.111836" lon="128.525004">
			<ele>0.00</ele>
			<time>2020-01-17T00:16:56.29Z</time>
		</trkpt>
		<trkpt lat="35.111888" lon="128.524981">
			<ele>0.00</ele>
			<time>2020-01-17T00:16:56.66Z</time>
		</trkpt>
		<trkpt lat="35.111940" lon="128.524957">
			<ele>0.00</ele>
			<time>2020-01-17T00:16:57.03Z</time>
		</trkpt>
		<trkpt lat="35.111982" lon="128.524927">
			<ele>0.00</ele>
			<time>2020-01-17T00:16:57.36Z</time>
		</trkpt>
		<trkpt lat="35.112018" lon="128.524897">
			<ele>0.00</ele>
			<time>2020-01-17T00:16:57.64Z</time>
		</trkpt>
		<trkpt lat="35.112049" lon="128.524856">
			<ele>0.00</ele>
			<time>2020-01-17T00:16:57.95Z</time>
		</trkpt>
		<trkpt lat="35.112078" lon="128.524811">
			<ele>0.00</ele>
			<time>2020-01-17T00:16:58.26Z</time>
		</trkpt>
		<trkpt lat="35.112094" lon="128.524787">
			<ele>0.00</ele>
			<time>2020-01-17T00:16:58.43Z</time>
		</trkpt>
		<trkpt lat="35.112103" lon="128.524747">
			<ele>0.00</ele>
			<time>2020-01-17T00:16:58.66Z</time>
		</trkpt>
		<trkpt lat="35.112109" lon="128.524693">
			<ele>0.00</ele>
			<time>2020-01-17T00:16:58.95Z</time>
		</trkpt>
		<trkpt lat="35.112108" lon="128.524648">
			<ele>0.00</ele>
			<time>2020-01-17T00:16:59.20Z</time>
		</trkpt>
		<trkpt lat="35.112104" lon="128.524596">
			<ele>0.00</ele>
			<time>2020-01-17T00:16:59.48Z</time>
		</trkpt>
		<trkpt lat="35.112100" lon="128.524559">
			<ele>0.00</ele>
			<time>2020-01-17T00:16:59.68Z</time>
		</trkpt>
		<trkpt lat="35.112086" lon="128.524494">
			<ele>0.00</ele>
			<time>2020-01-17T00:17:00.05Z</time>
		</trkpt>
		<trkpt lat="35.112071" lon="128.524434">
			<ele>0.00</ele>
			<time>2020-01-17T00:17:00.40Z</time>
		</trkpt>
		<trkpt lat="35.112060" lon="128.524402">
			<ele>0.00</ele>
			<time>2020-01-17T00:17:00.58Z</time>
		</trkpt>
		<trkpt lat="35.112041" lon="128.524363">
			<ele>0.00</ele>
			<time>2020-01-17T00:17:00.83Z</time>
		</trkpt>
		<trkpt lat="35.112015" lon="128.524314">
			<ele>0.00</ele>
			<time>2020-01-17T00:17:01.15Z</time>
		</trkpt>
		<trkpt lat="35.111984" lon="128.524262">
			<ele>0.00</ele>
			<time>2020-01-17T00:17:01.50Z</time>
		</trkpt>
		<trkpt lat="35.111951" lon="128.524203">
			<ele>0.00</ele>
			<time>2020-01-17T00:17:01.89Z</time>
		</trkpt>
		<trkpt lat="35.111916" lon="128.524145">
			<ele>0.00</ele>
			<time>2020-01-17T00:17:02.28Z</time>
		</trkpt>
		<trkpt lat="35.111882" lon="128.524078">
			<ele>0.00</ele>
			<time>2020-01-17T00:17:02.72Z</time>
		</trkpt>
		<trkpt lat="35.111849" lon="128.524015">
			<ele>0.00</ele>
			<time>2020-01-17T00:17:03.12Z</time>
		</trkpt>
		<trkpt lat="35.111814" lon="128.523961">
			<ele>0.00</ele>
			<time>2020-01-17T00:17:03.49Z</time>
		</trkpt>
		<trkpt lat="35.111781" lon="128.523909">
			<ele>0.00</ele>
			<time>2020-01-17T00:17:03.86Z</time>
		</trkpt>
		<trkpt lat="35.111759" lon="128.523856">
			<ele>0.00</ele>
			<time>2020-01-17T00:17:04.18Z</time>
		</trkpt>
		<trkpt lat="35.111728" lon="128.523796">
			<ele>0.00</ele>
			<time>2020-01-17T00:17:04.57Z</time>
		</trkpt>
		<trkpt lat="35.111688" lon="128.523722">
			<ele>0.00</ele>
			<time>2020-01-17T00:17:05.05Z</time>
		</trkpt>
		<trkpt lat="35.111659" lon="128.523660">
			<ele>0.00</ele>
			<time>2020-01-17T00:17:05.44Z</time>
		</trkpt>
		<trkpt lat="35.111622" lon="128.523591">
			<ele>0.00</ele>
			<time>2020-01-17T00:17:05.89Z</time>
		</trkpt>
		<trkpt lat="35.111587" lon="128.523513">
			<ele>0.00</ele>
			<time>2020-01-17T00:17:06.38Z</time>
		</trkpt>
		<trkpt lat="35.111557" lon="128.523437">
			<ele>0.00</ele>
			<time>2020-01-17T00:17:06.83Z</time>
		</trkpt>
		<trkpt lat="35.111525" lon="128.523360">
			<ele>0.00</ele>
			<time>2020-01-17T00:17:07.31Z</time>
		</trkpt>
		<trkpt lat="35.111494" lon="128.523297">
			<ele>0.00</ele>
			<time>2020-01-17T00:17:07.71Z</time>
		</trkpt>
		<trkpt lat="35.111460" lon="128.523223">
			<ele>0.00</ele>
			<time>2020-01-17T00:17:08.17Z</time>
		</trkpt>
		<trkpt lat="35.111429" lon="128.523162">
			<ele>0.00</ele>
			<time>2020-01-17T00:17:08.56Z</time>
		</trkpt>
		<trkpt lat="35.111393" lon="128.523106">
			<ele>0.00</ele>
			<time>2020-01-17T00:17:08.95Z</time>
		</trkpt>
		<trkpt lat="35.111359" lon="128.523048">
			<ele>0.00</ele>
			<time>2020-01-17T00:17:09.34Z</time>
		</trkpt>
		<trkpt lat="35.111327" lon="128.523001">
			<ele>0.00</ele>
			<time>2020-01-17T00:17:09.67Z</time>
		</trkpt>
		<trkpt lat="35.111292" lon="128.522934">
			<ele>0.00</ele>
			<time>2020-01-17T00:17:10.11Z</time>
		</trkpt>
		<trkpt lat="35.111263" lon="128.522865">
			<ele>0.00</ele>
			<time>2020-01-17T00:17:10.53Z</time>
		</trkpt>
		<trkpt lat="35.111241" lon="128.522808">
			<ele>0.00</ele>
			<time>2020-01-17T00:17:10.87Z</time>
		</trkpt>
		<trkpt lat="35.111212" lon="128.522744">
			<ele>0.00</ele>
			<time>2020-01-17T00:17:11.27Z</time>
		</trkpt>
		<trkpt lat="35.111186" lon="128.522695">
			<ele>0.00</ele>
			<time>2020-01-17T00:17:11.59Z</time>
		</trkpt>
		<trkpt lat="35.111158" lon="128.522635">
			<ele>0.00</ele>
			<time>2020-01-17T00:17:11.97Z</time>
		</trkpt>
		<trkpt lat="35.111134" lon="128.522582">
			<ele>0.00</ele>
			<time>2020-01-17T00:17:12.30Z</time>
		</trkpt>
		<trkpt lat="35.111115" lon="128.522524">
			<ele>0.00</ele>
			<time>2020-01-17T00:17:12.64Z</time>
		</trkpt>
		<trkpt lat="35.111092" lon="128.522453">
			<ele>0.00</ele>
			<time>2020-01-17T00:17:13.05Z</time>
		</trkpt>
		<trkpt lat="35.111073" lon="128.522372">
			<ele>0.00</ele>
			<time>2020-01-17T00:17:13.52Z</time>
		</trkpt>
		<trkpt lat="35.111062" lon="128.522299">
			<ele>0.00</ele>
			<time>2020-01-17T00:17:13.92Z</time>
		</trkpt>
		<trkpt lat="35.111042" lon="128.522214">
			<ele>0.00</ele>
			<time>2020-01-17T00:17:14.40Z</time>
		</trkpt>
		<trkpt lat="35.111029" lon="128.522121">
			<ele>0.00</ele>
			<time>2020-01-17T00:17:14.92Z</time>
		</trkpt>
		<trkpt lat="35.111025" lon="128.522078">
			<ele>0.00</ele>
			<time>2020-01-17T00:17:15.15Z</time>
		</trkpt>
		<trkpt lat="35.111023" lon="128.522038">
			<ele>0.00</ele>
			<time>2020-01-17T00:17:15.37Z</time>
		</trkpt>
		<trkpt lat="35.110942" lon="128.522067">
			<ele>0.00</ele>
			<time>2020-01-17T00:17:15.93Z</time>
		</trkpt>
		<trkpt lat="35.110917" lon="128.522102">
			<ele>0.00</ele>
			<time>2020-01-17T00:17:16.18Z</time>
		</trkpt>
		<trkpt lat="35.110885" lon="128.522147">
			<ele>0.00</ele>
			<time>2020-01-17T00:17:16.51Z</time>
		</trkpt>
		<trkpt lat="35.110851" lon="128.522189">
			<ele>0.00</ele>
			<time>2020-01-17T00:17:16.83Z</time>
		</trkpt>
		<trkpt lat="35.110818" lon="128.522233">
			<ele>0.00</ele>
			<time>2020-01-17T00:17:17.16Z</time>
		</trkpt>
		<trkpt lat="35.110781" lon="128.522270">
			<ele>0.00</ele>
			<time>2020-01-17T00:17:17.48Z</time>
		</trkpt>
		<trkpt lat="35.110749" lon="128.522299">
			<ele>0.00</ele>
			<time>2020-01-17T00:17:17.74Z</time>
		</trkpt>
		<trkpt lat="35.110701" lon="128.522318">
			<ele>0.00</ele>
			<time>2020-01-17T00:17:18.08Z</time>
		</trkpt>
		<trkpt lat="35.110640" lon="128.522334">
			<ele>0.00</ele>
			<time>2020-01-17T00:17:18.49Z</time>
		</trkpt>
		<trkpt lat="35.110585" lon="128.522351">
			<ele>0.00</ele>
			<time>2020-01-17T00:17:18.87Z</time>
		</trkpt>
		<trkpt lat="35.110536" lon="128.522369">
			<ele>0.00</ele>
			<time>2020-01-17T00:17:19.21Z</time>
		</trkpt>
		<trkpt lat="35.110486" lon="128.522396">
			<ele>0.00</ele>
			<time>2020-01-17T00:17:19.58Z</time>
		</trkpt>
		<trkpt lat="35.110433" lon="128.522426">
			<ele>0.00</ele>
			<time>2020-01-17T00:17:19.97Z</time>
		</trkpt>
		<trkpt lat="35.110387" lon="128.522451">
			<ele>0.00</ele>
			<time>2020-01-17T00:17:20.30Z</time>
		</trkpt>
		<trkpt lat="35.110357" lon="128.522484">
			<ele>0.00</ele>
			<time>2020-01-17T00:17:20.57Z</time>
		</trkpt>
		<trkpt lat="35.110329" lon="128.522492">
			<ele>0.00</ele>
			<time>2020-01-17T00:17:20.76Z</time>
		</trkpt>
		<trkpt lat="35.110309" lon="128.522465">
			<ele>0.00</ele>
			<time>2020-01-17T00:17:20.96Z</time>
		</trkpt>
		<trkpt lat="35.110285" lon="128.522446">
			<ele>0.00</ele>
			<time>2020-01-17T00:17:21.15Z</time>
		</trkpt>
		<trkpt lat="35.110254" lon="128.522430">
			<ele>0.00</ele>
			<time>2020-01-17T00:17:21.37Z</time>
		</trkpt>
		<trkpt lat="35.110225" lon="128.522392">
			<ele>0.00</ele>
			<time>2020-01-17T00:17:21.66Z</time>
		</trkpt>
		<trkpt lat="35.110202" lon="128.522343">
			<ele>0.00</ele>
			<time>2020-01-17T00:17:21.97Z</time>
		</trkpt>
		<trkpt lat="35.110185" lon="128.522289">
			<ele>0.00</ele>
			<time>2020-01-17T00:17:22.28Z</time>
		</trkpt>
		<trkpt lat="35.110166" lon="128.522226">
			<ele>0.00</ele>
			<time>2020-01-17T00:17:22.65Z</time>
		</trkpt>
		<trkpt lat="35.110143" lon="128.522172">
			<ele>0.00</ele>
			<time>2020-01-17T00:17:22.98Z</time>
		</trkpt>
		<trkpt lat="35.110125" lon="128.522106">
			<ele>0.00</ele>
			<time>2020-01-17T00:17:23.36Z</time>
		</trkpt>
		<trkpt lat="35.110103" lon="128.522062">
			<ele>0.00</ele>
			<time>2020-01-17T00:17:23.64Z</time>
		</trkpt>
		<trkpt lat="35.110086" lon="128.522021">
			<ele>0.00</ele>
			<time>2020-01-17T00:17:23.89Z</time>
		</trkpt>
		<trkpt lat="35.110071" lon="128.521981">
			<ele>0.00</ele>
			<time>2020-01-17T00:17:24.13Z</time>
		</trkpt>
		<trkpt lat="35.110053" lon="128.521946">
			<ele>0.00</ele>
			<time>2020-01-17T00:17:24.36Z</time>
		</trkpt>
		<trkpt lat="35.110002" lon="128.521978">
			<ele>0.00</ele>
			<time>2020-01-17T00:17:24.74Z</time>
		</trkpt>
		<trkpt lat="35.109952" lon="128.522012">
			<ele>0.00</ele>
			<time>2020-01-17T00:17:25.12Z</time>
		</trkpt>
		<trkpt lat="35.109889" lon="128.522028">
			<ele>0.00</ele>
			<time>2020-01-17T00:17:25.55Z</time>
		</trkpt>
		<trkpt lat="35.109851" lon="128.522021">
			<ele>0.00</ele>
			<time>2020-01-17T00:17:25.80Z</time>
		</trkpt>
		<trkpt lat="35.109823" lon="128.522010">
			<ele>0.00</ele>
			<time>2020-01-17T00:17:26Z</time>
		</trkpt>
		<trkpt lat="35.109800" lon="128.521967">
			<ele>0.00</ele>
			<time>2020-01-17T00:17:26.28Z</time>
		</trkpt>
		<trkpt lat="35.109778" lon="128.521904">
			<ele>0.00</ele>
			<time>2020-01-17T00:17:26.66Z</time>
		</trkpt>
		<trkpt lat="35.109761" lon="128.521849">
			<ele>0.00</ele>
			<time>2020-01-17T00:17:26.97Z</time>
		</trkpt>
		<trkpt lat="35.109747" lon="128.521802">
			<ele>0.00</ele>
			<time>2020-01-17T00:17:27.25Z</time>
		</trkpt>
		<trkpt lat="35.109733" lon="128.521754">
			<ele>0.00</ele>
			<time>2020-01-17T00:17:27.52Z</time>
		</trkpt>
		<trkpt lat="35.109708" lon="128.521714">
			<ele>0.00</ele>
			<time>2020-01-17T00:17:27.79Z</time>
		</trkpt>
		<trkpt lat="35.109682" lon="128.521673">
			<ele>0.00</ele>
			<time>2020-01-17T00:17:28.08Z</time>
		</trkpt>
		<trkpt lat="35.109647" lon="128.521626">
			<ele>0.00</ele>
			<time>2020-01-17T00:17:28.43Z</time>
		</trkpt>
		<trkpt lat="35.109611" lon="128.521577">
			<ele>0.00</ele>
			<time>2020-01-17T00:17:28.79Z</time>
		</trkpt>
		<trkpt lat="35.109574" lon="128.521538">
			<ele>0.00</ele>
			<time>2020-01-17T00:17:29.11Z</time>
		</trkpt>
		<trkpt lat="35.109533" lon="128.521547">
			<ele>0.00</ele>
			<time>2020-01-17T00:17:29.39Z</time>
		</trkpt>
		<trkpt lat="35.109494" lon="128.521576">
			<ele>0.00</ele>
			<time>2020-01-17T00:17:29.69Z</time>
		</trkpt>
		<trkpt lat="35.109456" lon="128.521602">
			<ele>0.00</ele>
			<time>2020-01-17T00:17:29.99Z</time>
		</trkpt>
		<trkpt lat="35.109417" lon="128.521622">
			<ele>0.00</ele>
			<time>2020-01-17T00:17:30.27Z</time>
		</trkpt>
		<trkpt lat="35.109355" lon="128.521621">
			<ele>0.00</ele>
			<time>2020-01-17T00:17:30.68Z</time>
		</trkpt>
		<trkpt lat="35.109302" lon="128.521625">
			<ele>0.00</ele>
			<time>2020-01-17T00:17:31.03Z</time>
		</trkpt>
		<trkpt lat="35.109241" lon="128.521640">
			<ele>0.00</ele>
			<time>2020-01-17T00:17:31.45Z</time>
		</trkpt>
		<trkpt lat="35.109180" lon="128.521653">
			<ele>0.00</ele>
			<time>2020-01-17T00:17:31.86Z</time>
		</trkpt>
		<trkpt lat="35.109123" lon="128.521674">
			<ele>0.00</ele>
			<time>2020-01-17T00:17:32.26Z</time>
		</trkpt>
		<trkpt lat="35.109061" lon="128.521695">
			<ele>0.00</ele>
			<time>2020-01-17T00:17:32.68Z</time>
		</trkpt>
		<trkpt lat="35.109018" lon="128.521704">
			<ele>0.00</ele>
			<time>2020-01-17T00:17:32.97Z</time>
		</trkpt>
		<trkpt lat="35.108972" lon="128.521705">
			<ele>0.00</ele>
			<time>2020-01-17T00:17:33.28Z</time>
		</trkpt>
		<trkpt lat="35.108927" lon="128.521691">
			<ele>0.00</ele>
			<time>2020-01-17T00:17:33.60Z</time>
		</trkpt>
		<trkpt lat="35.108888" lon="128.521670">
			<ele>0.00</ele>
			<time>2020-01-17T00:17:33.88Z</time>
		</trkpt>
		<trkpt lat="35.108828" lon="128.521667">
			<ele>0.00</ele>
			<time>2020-01-17T00:17:34.28Z</time>
		</trkpt>
		<trkpt lat="35.108773" lon="128.521674">
			<ele>0.00</ele>
			<time>2020-01-17T00:17:34.64Z</time>
		</trkpt>
		<trkpt lat="35.108730" lon="128.521671">
			<ele>0.00</ele>
			<time>2020-01-17T00:17:34.94Z</time>
		</trkpt>
		<trkpt lat="35.108690" lon="128.521643">
			<ele>0.00</ele>
			<time>2020-01-17T00:17:35.24Z</time>
		</trkpt>
		<trkpt lat="35.108655" lon="128.521621">
			<ele>0.00</ele>
			<time>2020-01-17T00:17:35.51Z</time>
		</trkpt>
		<trkpt lat="35.108601" lon="128.521616">
			<ele>0.00</ele>
			<time>2020-01-17T00:17:35.87Z</time>
		</trkpt>
		<trkpt lat="35.108548" lon="128.521628">
			<ele>0.00</ele>
			<time>2020-01-17T00:17:36.22Z</time>
		</trkpt>
		<trkpt lat="35.108506" lon="128.521637">
			<ele>0.00</ele>
			<time>2020-01-17T00:17:36.51Z</time>
		</trkpt>
		<trkpt lat="35.108465" lon="128.521639">
			<ele>0.00</ele>
			<time>2020-01-17T00:17:36.79Z</time>
		</trkpt>
		<trkpt lat="35.108430" lon="128.521639">
			<ele>0.00</ele>
			<time>2020-01-17T00:17:37.02Z</time>
		</trkpt>
		<trkpt lat="35.108420" lon="128.521612">
			<ele>0.00</ele>
			<time>2020-01-17T00:17:37.18Z</time>
		</trkpt>
		<trkpt lat="35.108414" lon="128.521549">
			<ele>0.00</ele>
			<time>2020-01-17T00:17:37.53Z</time>
		</trkpt>
		<trkpt lat="35.108416" lon="128.521485">
			<ele>0.00</ele>
			<time>2020-01-17T00:17:37.88Z</time>
		</trkpt>
		<trkpt lat="35.108408" lon="128.521419">
			<ele>0.00</ele>
			<time>2020-01-17T00:17:38.24Z</time>
		</trkpt>
		<trkpt lat="35.108394" lon="128.521357">
			<ele>0.00</ele>
			<time>2020-01-17T00:17:38.59Z</time>
		</trkpt>
		<trkpt lat="35.108379" lon="128.521302">
			<ele>0.00</ele>
			<time>2020-01-17T00:17:38.91Z</time>
		</trkpt>
		<trkpt lat="35.108368" lon="128.521240">
			<ele>0.00</ele>
			<time>2020-01-17T00:17:39.25Z</time>
		</trkpt>
		<trkpt lat="35.108348" lon="128.521171">
			<ele>0.00</ele>
			<time>2020-01-17T00:17:39.65Z</time>
		</trkpt>
		<trkpt lat="35.108329" lon="128.521109">
			<ele>0.00</ele>
			<time>2020-01-17T00:17:40.02Z</time>
		</trkpt>
		<trkpt lat="35.108313" lon="128.521054">
			<ele>0.00</ele>
			<time>2020-01-17T00:17:40.34Z</time>
		</trkpt>
		<trkpt lat="35.108303" lon="128.520993">
			<ele>0.00</ele>
			<time>2020-01-17T00:17:40.67Z</time>
		</trkpt>
		<trkpt lat="35.108292" lon="128.520947">
			<ele>0.00</ele>
			<time>2020-01-17T00:17:40.94Z</time>
		</trkpt>
		<trkpt lat="35.108275" lon="128.520892">
			<ele>0.00</ele>
			<time>2020-01-17T00:17:41.26Z</time>
		</trkpt>
		<trkpt lat="35.108255" lon="128.520849">
			<ele>0.00</ele>
			<time>2020-01-17T00:17:41.52Z</time>
		</trkpt>
		<trkpt lat="35.108239" lon="128.520798">
			<ele>0.00</ele>
			<time>2020-01-17T00:17:41.82Z</time>
		</trkpt>
		<trkpt lat="35.108211" lon="128.520746">
			<ele>0.00</ele>
			<time>2020-01-17T00:17:42.16Z</time>
		</trkpt>
		<trkpt lat="35.108174" lon="128.520746">
			<ele>0.00</ele>
			<time>2020-01-17T00:17:42.40Z</time>
		</trkpt>
		<trkpt lat="35.108157" lon="128.520764">
			<ele>0.00</ele>
			<time>2020-01-17T00:17:42.56Z</time>
		</trkpt>
		<trkpt lat="35.108114" lon="128.520795">
			<ele>0.00</ele>
			<time>2020-01-17T00:17:42.89Z</time>
		</trkpt>
		<trkpt lat="35.108068" lon="128.520812">
			<ele>0.00</ele>
			<time>2020-01-17T00:17:43.21Z</time>
		</trkpt>
		<trkpt lat="35.108014" lon="128.520809">
			<ele>0.00</ele>
			<time>2020-01-17T00:17:43.57Z</time>
		</trkpt>
		<trkpt lat="35.107959" lon="128.520800">
			<ele>0.00</ele>
			<time>2020-01-17T00:17:43.94Z</time>
		</trkpt>
		<trkpt lat="35.107909" lon="128.520781">
			<ele>0.00</ele>
			<time>2020-01-17T00:17:44.29Z</time>
		</trkpt>
		<trkpt lat="35.107857" lon="128.520769">
			<ele>0.00</ele>
			<time>2020-01-17T00:17:44.64Z</time>
		</trkpt>
		<trkpt lat="35.107815" lon="128.520775">
			<ele>0.00</ele>
			<time>2020-01-17T00:17:44.92Z</time>
		</trkpt>
		<trkpt lat="35.107763" lon="128.520798">
			<ele>0.00</ele>
			<time>2020-01-17T00:17:45.30Z</time>
		</trkpt>
		<trkpt lat="35.107702" lon="128.520823">
			<ele>0.00</ele>
			<time>2020-01-17T00:17:45.72Z</time>
		</trkpt>
		<trkpt lat="35.107646" lon="128.520852">
			<ele>0.00</ele>
			<time>2020-01-17T00:17:46.13Z</time>
		</trkpt>
		<trkpt lat="35.107592" lon="128.520882">
			<ele>0.00</ele>
			<time>2020-01-17T00:17:46.52Z</time>
		</trkpt>
		<trkpt lat="35.107530" lon="128.520918">
			<ele>0.00</ele>
			<time>2020-01-17T00:17:46.98Z</time>
		</trkpt>
		<trkpt lat="35.107470" lon="128.520946">
			<ele>0.00</ele>
			<time>2020-01-17T00:17:47.41Z</time>
		</trkpt>
		<trkpt lat="35.107420" lon="128.520972">
			<ele>0.00</ele>
			<time>2020-01-17T00:17:47.77Z</time>
		</trkpt>
		<trkpt lat="35.107363" lon="128.521005">
			<ele>0.00</ele>
			<time>2020-01-17T00:17:48.19Z</time>
		</trkpt>
		<trkpt lat="35.107321" lon="128.521046">
			<ele>0.00</ele>
			<time>2020-01-17T00:17:48.55Z</time>
		</trkpt>
		<trkpt lat="35.107287" lon="128.521107">
			<ele>0.00</ele>
			<time>2020-01-17T00:17:48.95Z</time>
		</trkpt>
		<trkpt lat="35.107272" lon="128.521164">
			<ele>0.00</ele>
			<time>2020-01-17T00:17:49.28Z</time>
		</trkpt>
		<trkpt lat="35.107264" lon="128.521231">
			<ele>0.00</ele>
			<time>2020-01-17T00:17:49.65Z</time>
		</trkpt>
		<trkpt lat="35.107262" lon="128.521285">
			<ele>0.00</ele>
			<time>2020-01-17T00:17:49.94Z</time>
		</trkpt>
		<trkpt lat="35.107261" lon="128.521345">
			<ele>0.00</ele>
			<time>2020-01-17T00:17:50.27Z</time>
		</trkpt>
		<trkpt lat="35.107249" lon="128.521429">
			<ele>0.00</ele>
			<time>2020-01-17T00:17:50.73Z</time>
		</trkpt>
		<trkpt lat="35.107238" lon="128.521490">
			<ele>0.00</ele>
			<time>2020-01-17T00:17:51.07Z</time>
		</trkpt>
		<trkpt lat="35.107220" lon="128.521525">
			<ele>0.00</ele>
			<time>2020-01-17T00:17:51.30Z</time>
		</trkpt>
		<trkpt lat="35.107197" lon="128.521568">
			<ele>0.00</ele>
			<time>2020-01-17T00:17:51.58Z</time>
		</trkpt>
		<trkpt lat="35.107160" lon="128.521614">
			<ele>0.00</ele>
			<time>2020-01-17T00:17:51.94Z</time>
		</trkpt>
		<trkpt lat="35.107118" lon="128.521662">
			<ele>0.00</ele>
			<time>2020-01-17T00:17:52.32Z</time>
		</trkpt>
		<trkpt lat="35.107073" lon="128.521713">
			<ele>0.00</ele>
			<time>2020-01-17T00:17:52.73Z</time>
		</trkpt>
		<trkpt lat="35.107023" lon="128.521756">
			<ele>0.00</ele>
			<time>2020-01-17T00:17:53.13Z</time>
		</trkpt>
		<trkpt lat="35.106968" lon="128.521793">
			<ele>0.00</ele>
			<time>2020-01-17T00:17:53.55Z</time>
		</trkpt>
		<trkpt lat="35.106907" lon="128.521820">
			<ele>0.00</ele>
			<time>2020-01-17T00:17:53.99Z</time>
		</trkpt>
		<trkpt lat="35.106852" lon="128.521846">
			<ele>0.00</ele>
			<time>2020-01-17T00:17:54.38Z</time>
		</trkpt>
		<trkpt lat="35.106793" lon="128.521880">
			<ele>0.00</ele>
			<time>2020-01-17T00:17:54.81Z</time>
		</trkpt>
		<trkpt lat="35.106733" lon="128.521915">
			<ele>0.00</ele>
			<time>2020-01-17T00:17:55.26Z</time>
		</trkpt>
		<trkpt lat="35.106676" lon="128.521950">
			<ele>0.00</ele>
			<time>2020-01-17T00:17:55.68Z</time>
		</trkpt>
		<trkpt lat="35.106624" lon="128.521985">
			<ele>0.00</ele>
			<time>2020-01-17T00:17:56.07Z</time>
		</trkpt>
		<trkpt lat="35.106566" lon="128.522019">
			<ele>0.00</ele>
			<time>2020-01-17T00:17:56.50Z</time>
		</trkpt>
		<trkpt lat="35.106508" lon="128.522049">
			<ele>0.00</ele>
			<time>2020-01-17T00:17:56.93Z</time>
		</trkpt>
		<trkpt lat="35.106459" lon="128.522073">
			<ele>0.00</ele>
			<time>2020-01-17T00:17:57.28Z</time>
		</trkpt>
		<trkpt lat="35.106391" lon="128.522107">
			<ele>0.00</ele>
			<time>2020-01-17T00:17:57.77Z</time>
		</trkpt>
		<trkpt lat="35.106329" lon="128.522129">
			<ele>0.00</ele>
			<time>2020-01-17T00:17:58.20Z</time>
		</trkpt>
		<trkpt lat="35.106273" lon="128.522147">
			<ele>0.00</ele>
			<time>2020-01-17T00:17:58.58Z</time>
		</trkpt>
		<trkpt lat="35.106204" lon="128.522163">
			<ele>0.00</ele>
			<time>2020-01-17T00:17:59.05Z</time>
		</trkpt>
		<trkpt lat="35.106147" lon="128.522179">
			<ele>0.00</ele>
			<time>2020-01-17T00:17:59.44Z</time>
		</trkpt>
		<trkpt lat="35.106090" lon="128.522205">
			<ele>0.00</ele>
			<time>2020-01-17T00:17:59.85Z</time>
		</trkpt>
		<trkpt lat="35.106031" lon="128.522223">
			<ele>0.00</ele>
			<time>2020-01-17T00:18:00.25Z</time>
		</trkpt>
		<trkpt lat="35.105977" lon="128.522242">
			<ele>0.00</ele>
			<time>2020-01-17T00:18:00.63Z</time>
		</trkpt>
		<trkpt lat="35.105917" lon="128.522247">
			<ele>0.00</ele>
			<time>2020-01-17T00:18:01.03Z</time>
		</trkpt>
		<trkpt lat="35.105884" lon="128.522186">
			<ele>0.00</ele>
			<time>2020-01-17T00:18:01.42Z</time>
		</trkpt>
		<trkpt lat="35.105869" lon="128.522115">
			<ele>0.00</ele>
			<time>2020-01-17T00:18:01.82Z</time>
		</trkpt>
		<trkpt lat="35.105847" lon="128.522052">
			<ele>0.00</ele>
			<time>2020-01-17T00:18:02.20Z</time>
		</trkpt>
		<trkpt lat="35.105824" lon="128.521980">
			<ele>0.00</ele>
			<time>2020-01-17T00:18:02.62Z</time>
		</trkpt>
		<trkpt lat="35.105802" lon="128.521892">
			<ele>0.00</ele>
			<time>2020-01-17T00:18:03.12Z</time>
		</trkpt>
		<trkpt lat="35.105786" lon="128.521834">
			<ele>0.00</ele>
			<time>2020-01-17T00:18:03.46Z</time>
		</trkpt>
		<trkpt lat="35.105768" lon="128.521768">
			<ele>0.00</ele>
			<time>2020-01-17T00:18:03.83Z</time>
		</trkpt>
		<trkpt lat="35.105750" lon="128.521713">
			<ele>0.00</ele>
			<time>2020-01-17T00:18:04.16Z</time>
		</trkpt>
		<trkpt lat="35.105736" lon="128.521656">
			<ele>0.00</ele>
			<time>2020-01-17T00:18:04.48Z</time>
		</trkpt>
		<trkpt lat="35.105720" lon="128.521572">
			<ele>0.00</ele>
			<time>2020-01-17T00:18:04.95Z</time>
		</trkpt>
		<trkpt lat="35.105697" lon="128.521494">
			<ele>0.00</ele>
			<time>2020-01-17T00:18:05.41Z</time>
		</trkpt>
		<trkpt lat="35.105676" lon="128.521425">
			<ele>0.00</ele>
			<time>2020-01-17T00:18:05.81Z</time>
		</trkpt>
		<trkpt lat="35.105660" lon="128.521348">
			<ele>0.00</ele>
			<time>2020-01-17T00:18:06.24Z</time>
		</trkpt>
		<trkpt lat="35.105643" lon="128.521283">
			<ele>0.00</ele>
			<time>2020-01-17T00:18:06.61Z</time>
		</trkpt>
		<trkpt lat="35.105624" lon="128.521226">
			<ele>0.00</ele>
			<time>2020-01-17T00:18:06.95Z</time>
		</trkpt>
		<trkpt lat="35.105606" lon="128.521177">
			<ele>0.00</ele>
			<time>2020-01-17T00:18:07.24Z</time>
		</trkpt>
		<trkpt lat="35.105582" lon="128.521123">
			<ele>0.00</ele>
			<time>2020-01-17T00:18:07.58Z</time>
		</trkpt>
		<trkpt lat="35.105563" lon="128.521061">
			<ele>0.00</ele>
			<time>2020-01-17T00:18:07.94Z</time>
		</trkpt>
		<trkpt lat="35.105542" lon="128.520991">
			<ele>0.00</ele>
			<time>2020-01-17T00:18:08.34Z</time>
		</trkpt>
		<trkpt lat="35.105531" lon="128.520904">
			<ele>0.00</ele>
			<time>2020-01-17T00:18:08.82Z</time>
		</trkpt>
		<trkpt lat="35.105530" lon="128.520828">
			<ele>0.00</ele>
			<time>2020-01-17T00:18:09.24Z</time>
		</trkpt>
		<trkpt lat="35.105522" lon="128.520754">
			<ele>0.00</ele>
			<time>2020-01-17T00:18:09.65Z</time>
		</trkpt>
		<trkpt lat="35.105521" lon="128.520676">
			<ele>0.00</ele>
			<time>2020-01-17T00:18:10.07Z</time>
		</trkpt>
		<trkpt lat="35.105519" lon="128.520602">
			<ele>0.00</ele>
			<time>2020-01-17T00:18:10.48Z</time>
		</trkpt>
		<trkpt lat="35.105513" lon="128.520525">
			<ele>0.00</ele>
			<time>2020-01-17T00:18:10.90Z</time>
		</trkpt>
		<trkpt lat="35.105503" lon="128.520463">
			<ele>0.00</ele>
			<time>2020-01-17T00:18:11.24Z</time>
		</trkpt>
		<trkpt lat="35.105500" lon="128.520384">
			<ele>0.00</ele>
			<time>2020-01-17T00:18:11.67Z</time>
		</trkpt>
		<trkpt lat="35.105489" lon="128.520333">
			<ele>0.00</ele>
			<time>2020-01-17T00:18:11.96Z</time>
		</trkpt>
		<trkpt lat="35.105475" lon="128.520279">
			<ele>0.00</ele>
			<time>2020-01-17T00:18:12.27Z</time>
		</trkpt>
		<trkpt lat="35.105434" lon="128.520224">
			<ele>0.00</ele>
			<time>2020-01-17T00:18:12.68Z</time>
		</trkpt>
		<trkpt lat="35.105393" lon="128.520169">
			<ele>0.00</ele>
			<time>2020-01-17T00:18:13.08Z</time>
		</trkpt>
		<trkpt lat="35.105348" lon="128.520115">
			<ele>0.00</ele>
			<time>2020-01-17T00:18:13.50Z</time>
		</trkpt>
		<trkpt lat="35.105304" lon="128.520060">
			<ele>0.00</ele>
			<time>2020-01-17T00:18:13.92Z</time>
		</trkpt>
		<trkpt lat="35.105259" lon="128.520004">
			<ele>0.00</ele>
			<time>2020-01-17T00:18:14.35Z</time>
		</trkpt>
		<trkpt lat="35.105216" lon="128.519946">
			<ele>0.00</ele>
			<time>2020-01-17T00:18:14.78Z</time>
		</trkpt>
		<trkpt lat="35.105141" lon="128.519886">
			<ele>0.00</ele>
			<time>2020-01-17T00:18:15.37Z</time>
		</trkpt>
		<trkpt lat="35.105086" lon="128.519834">
			<ele>0.00</ele>
			<time>2020-01-17T00:18:15.84Z</time>
		</trkpt>
		<trkpt lat="35.105041" lon="128.519798">
			<ele>0.00</ele>
			<time>2020-01-17T00:18:16.19Z</time>
		</trkpt>
		<trkpt lat="35.104984" lon="128.519758">
			<ele>0.00</ele>
			<time>2020-01-17T00:18:16.63Z</time>
		</trkpt>
		<trkpt lat="35.104938" lon="128.519737">
			<ele>0.00</ele>
			<time>2020-01-17T00:18:16.96Z</time>
		</trkpt>
		<trkpt lat="35.104879" lon="128.519717">
			<ele>0.00</ele>
			<time>2020-01-17T00:18:17.37Z</time>
		</trkpt>
		<trkpt lat="35.104819" lon="128.519712">
			<ele>0.00</ele>
			<time>2020-01-17T00:18:17.77Z</time>
		</trkpt>
		<trkpt lat="35.104751" lon="128.519704">
			<ele>0.00</ele>
			<time>2020-01-17T00:18:18.22Z</time>
		</trkpt>
		<trkpt lat="35.104685" lon="128.519711">
			<ele>0.00</ele>
			<time>2020-01-17T00:18:18.67Z</time>
		</trkpt>
		<trkpt lat="35.104629" lon="128.519722">
			<ele>0.00</ele>
			<time>2020-01-17T00:18:19.04Z</time>
		</trkpt>
		<trkpt lat="35.104574" lon="128.519731">
			<ele>0.00</ele>
			<time>2020-01-17T00:18:19.41Z</time>
		</trkpt>
		<trkpt lat="35.104509" lon="128.519757">
			<ele>0.00</ele>
			<time>2020-01-17T00:18:19.87Z</time>
		</trkpt>
		<trkpt lat="35.104472" lon="128.519775">
			<ele>0.00</ele>
			<time>2020-01-17T00:18:20.13Z</time>
		</trkpt>
		<trkpt lat="35.104426" lon="128.519806">
			<ele>0.00</ele>
			<time>2020-01-17T00:18:20.49Z</time>
		</trkpt>
		<trkpt lat="35.104384" lon="128.519853">
			<ele>0.00</ele>
			<time>2020-01-17T00:18:20.86Z</time>
		</trkpt>
		<trkpt lat="35.104348" lon="128.519897">
			<ele>0.00</ele>
			<time>2020-01-17T00:18:21.20Z</time>
		</trkpt>
		<trkpt lat="35.104309" lon="128.519936">
			<ele>0.00</ele>
			<time>2020-01-17T00:18:21.54Z</time>
		</trkpt>
		<trkpt lat="35.104260" lon="128.519968">
			<ele>0.00</ele>
			<time>2020-01-17T00:18:21.91Z</time>
		</trkpt>
		<trkpt lat="35.104223" lon="128.519988">
			<ele>0.00</ele>
			<time>2020-01-17T00:18:22.18Z</time>
		</trkpt>
		<trkpt lat="35.104177" lon="128.520007">
			<ele>0.00</ele>
			<time>2020-01-17T00:18:22.51Z</time>
		</trkpt>
		<trkpt lat="35.104113" lon="128.520015">
			<ele>0.00</ele>
			<time>2020-01-17T00:18:22.93Z</time>
		</trkpt>
		<trkpt lat="35.104050" lon="128.520003">
			<ele>0.00</ele>
			<time>2020-01-17T00:18:23.36Z</time>
		</trkpt>
		<trkpt lat="35.103997" lon="128.519995">
			<ele>0.00</ele>
			<time>2020-01-17T00:18:23.72Z</time>
		</trkpt>
		<trkpt lat="35.103941" lon="128.519989">
			<ele>0.00</ele>
			<time>2020-01-17T00:18:24.09Z</time>
		</trkpt>
		<trkpt lat="35.103879" lon="128.519999">
			<ele>0.00</ele>
			<time>2020-01-17T00:18:24.51Z</time>
		</trkpt>
		<trkpt lat="35.103821" lon="128.520022">
			<ele>0.00</ele>
			<time>2020-01-17T00:18:24.91Z</time>
		</trkpt>
		<trkpt lat="35.103760" lon="128.520048">
			<ele>0.00</ele>
			<time>2020-01-17T00:18:25.34Z</time>
		</trkpt>
		<trkpt lat="35.103696" lon="128.520070">
			<ele>0.00</ele>
			<time>2020-01-17T00:18:25.79Z</time>
		</trkpt>
		<trkpt lat="35.103633" lon="128.520088">
			<ele>0.00</ele>
			<time>2020-01-17T00:18:26.22Z</time>
		</trkpt>
		<trkpt lat="35.103583" lon="128.520105">
			<ele>0.00</ele>
			<time>2020-01-17T00:18:26.57Z</time>
		</trkpt>
		<trkpt lat="35.103552" lon="128.520121">
			<ele>0.00</ele>
			<time>2020-01-17T00:18:26.79Z</time>
		</trkpt>
		<trkpt lat="35.103513" lon="128.520102">
			<ele>0.00</ele>
			<time>2020-01-17T00:18:27.07Z</time>
		</trkpt>
		<trkpt lat="35.103467" lon="128.520054">
			<ele>0.00</ele>
			<time>2020-01-17T00:18:27.47Z</time>
		</trkpt>
		<trkpt lat="35.103439" lon="128.519993">
			<ele>0.00</ele>
			<time>2020-01-17T00:18:27.85Z</time>
		</trkpt>
		<trkpt lat="35.103410" lon="128.519940">
			<ele>0.00</ele>
			<time>2020-01-17T00:18:28.20Z</time>
		</trkpt>
		<trkpt lat="35.103367" lon="128.519865">
			<ele>0.00</ele>
			<time>2020-01-17T00:18:28.70Z</time>
		</trkpt>
		<trkpt lat="35.103324" lon="128.519809">
			<ele>0.00</ele>
			<time>2020-01-17T00:18:29.12Z</time>
		</trkpt>
		<trkpt lat="35.103288" lon="128.519755">
			<ele>0.00</ele>
			<time>2020-01-17T00:18:29.51Z</time>
		</trkpt>
		<trkpt lat="35.103243" lon="128.519692">
			<ele>0.00</ele>
			<time>2020-01-17T00:18:29.96Z</time>
		</trkpt>
		<trkpt lat="35.103192" lon="128.519610">
			<ele>0.00</ele>
			<time>2020-01-17T00:18:30.52Z</time>
		</trkpt>
		<trkpt lat="35.103150" lon="128.519550">
			<ele>0.00</ele>
			<time>2020-01-17T00:18:30.95Z</time>
		</trkpt>
		<trkpt lat="35.103111" lon="128.519488">
			<ele>0.00</ele>
			<time>2020-01-17T00:18:31.38Z</time>
		</trkpt>
		<trkpt lat="35.103063" lon="128.519413">
			<ele>0.00</ele>
			<time>2020-01-17T00:18:31.90Z</time>
		</trkpt>
		<trkpt lat="35.103061" lon="128.519411">
			<ele>0.00</ele>
			<time>2020-01-17T00:18:31.96Z</time>
		</trkpt>
		<trkpt lat="35.103030" lon="128.519360">
			<ele>0.00</ele>
			<time>2020-01-17T00:18:32.31Z</time>
		</trkpt>
		<trkpt lat="35.103001" lon="128.519308">
			<ele>0.00</ele>
			<time>2020-01-17T00:18:32.65Z</time>
		</trkpt>
		<trkpt lat="35.102973" lon="128.519255">
			<ele>0.00</ele>
			<time>2020-01-17T00:18:32.99Z</time>
		</trkpt>
		<trkpt lat="35.102961" lon="128.519220">
			<ele>0.00</ele>
			<time>2020-01-17T00:18:33.20Z</time>
		</trkpt>
		<trkpt lat="35.102928" lon="128.519173">
			<ele>0.00</ele>
			<time>2020-01-17T00:18:33.54Z</time>
		</trkpt>
		<trkpt lat="35.102900" lon="128.519141">
			<ele>0.00</ele>
			<time>2020-01-17T00:18:33.79Z</time>
		</trkpt>
		<trkpt lat="35.102874" lon="128.519106">
			<ele>0.00</ele>
			<time>2020-01-17T00:18:34.05Z</time>
		</trkpt>
		<trkpt lat="35.102837" lon="128.519070">
			<ele>0.00</ele>
			<time>2020-01-17T00:18:34.36Z</time>
		</trkpt>
		<trkpt lat="35.102797" lon="128.519045">
			<ele>0.00</ele>
			<time>2020-01-17T00:18:34.66Z</time>
		</trkpt>
		<trkpt lat="35.102744" lon="128.519024">
			<ele>0.00</ele>
			<time>2020-01-17T00:18:35.04Z</time>
		</trkpt>
		<trkpt lat="35.102690" lon="128.518996">
			<ele>0.00</ele>
			<time>2020-01-17T00:18:35.42Z</time>
		</trkpt>
		<trkpt lat="35.102644" lon="128.518974">
			<ele>0.00</ele>
			<time>2020-01-17T00:18:35.75Z</time>
		</trkpt>
		<trkpt lat="35.102596" lon="128.518948">
			<ele>0.00</ele>
			<time>2020-01-17T00:18:36.10Z</time>
		</trkpt>
		<trkpt lat="35.102550" lon="128.518923">
			<ele>0.00</ele>
			<time>2020-01-17T00:18:36.44Z</time>
		</trkpt>
		<trkpt lat="35.102515" lon="128.518903">
			<ele>0.00</ele>
			<time>2020-01-17T00:18:36.70Z</time>
		</trkpt>
		<trkpt lat="35.102477" lon="128.518888">
			<ele>0.00</ele>
			<time>2020-01-17T00:18:36.96Z</time>
		</trkpt>
		<trkpt lat="35.102445" lon="128.518867">
			<ele>0.00</ele>
			<time>2020-01-17T00:18:37.21Z</time>
		</trkpt>
		<trkpt lat="35.102426" lon="128.518838">
			<ele>0.00</ele>
			<time>2020-01-17T00:18:37.41Z</time>
		</trkpt>
		<trkpt lat="35.102420" lon="128.518793">
			<ele>0.00</ele>
			<time>2020-01-17T00:18:37.66Z</time>
		</trkpt>
		<trkpt lat="35.102438" lon="128.518747">
			<ele>0.00</ele>
			<time>2020-01-17T00:18:37.93Z</time>
		</trkpt>
		<trkpt lat="35.102486" lon="128.518717">
			<ele>0.00</ele>
			<time>2020-01-17T00:18:38.29Z</time>
		</trkpt>
		<trkpt lat="35.102529" lon="128.518698">
			<ele>0.00</ele>
			<time>2020-01-17T00:18:38.60Z</time>
		</trkpt>
		<trkpt lat="35.102574" lon="128.518686">
			<ele>0.00</ele>
			<time>2020-01-17T00:18:38.90Z</time>
		</trkpt>
		<trkpt lat="35.102625" lon="128.518664">
			<ele>0.00</ele>
			<time>2020-01-17T00:18:39.27Z</time>
		</trkpt>
		<trkpt lat="35.102680" lon="128.518644">
			<ele>0.00</ele>
			<time>2020-01-17T00:18:39.64Z</time>
		</trkpt>
		<trkpt lat="35.102734" lon="128.518622">
			<ele>0.00</ele>
			<time>2020-01-17T00:18:40.03Z</time>
		</trkpt>
		<trkpt lat="35.102778" lon="128.518605">
			<ele>0.00</ele>
			<time>2020-01-17T00:18:40.34Z</time>
		</trkpt>
		<trkpt lat="35.102815" lon="128.518581">
			<ele>0.00</ele>
			<time>2020-01-17T00:18:40.62Z</time>
		</trkpt>
		<trkpt lat="35.102864" lon="128.518553">
			<ele>0.00</ele>
			<time>2020-01-17T00:18:40.98Z</time>
		</trkpt>
		<trkpt lat="35.102897" lon="128.518527">
			<ele>0.00</ele>
			<time>2020-01-17T00:18:41.24Z</time>
		</trkpt>
		<trkpt lat="35.102862" lon="128.518523">
			<ele>0.00</ele>
			<time>2020-01-17T00:18:41.47Z</time>
		</trkpt>
		<trkpt lat="35.102817" lon="128.518509">
			<ele>0.00</ele>
			<time>2020-01-17T00:18:41.79Z</time>
		</trkpt>
		<trkpt lat="35.102774" lon="128.518501">
			<ele>0.00</ele>
			<time>2020-01-17T00:18:42.08Z</time>
		</trkpt>
		<trkpt lat="35.102718" lon="128.518491">
			<ele>0.00</ele>
			<time>2020-01-17T00:18:42.45Z</time>
		</trkpt>
		<trkpt lat="35.102674" lon="128.518490">
			<ele>0.00</ele>
			<time>2020-01-17T00:18:42.74Z</time>
		</trkpt>
		<trkpt lat="35.102628" lon="128.518488">
			<ele>0.00</ele>
			<time>2020-01-17T00:18:43.05Z</time>
		</trkpt>
		<trkpt lat="35.102585" lon="128.518489">
			<ele>0.00</ele>
			<time>2020-01-17T00:18:43.34Z</time>
		</trkpt>
		<trkpt lat="35.102556" lon="128.518489">
			<ele>0.00</ele>
			<time>2020-01-17T00:18:43.53Z</time>
		</trkpt>
		<trkpt lat="35.102521" lon="128.518484">
			<ele>0.00</ele>
			<time>2020-01-17T00:18:43.76Z</time>
		</trkpt>
		<trkpt lat="35.102489" lon="128.518475">
			<ele>0.00</ele>
			<time>2020-01-17T00:18:43.99Z</time>
		</trkpt>
		<trkpt lat="35.102440" lon="128.518452">
			<ele>0.00</ele>
			<time>2020-01-17T00:18:44.33Z</time>
		</trkpt>
		<trkpt lat="35.102406" lon="128.518428">
			<ele>0.00</ele>
			<time>2020-01-17T00:18:44.60Z</time>
		</trkpt>
		<trkpt lat="35.102361" lon="128.518419">
			<ele>0.00</ele>
			<time>2020-01-17T00:18:44.91Z</time>
		</trkpt>
		<trkpt lat="35.102356" lon="128.518412">
			<ele>0.00</ele>
			<time>2020-01-17T00:18:44.97Z</time>
		</trkpt>
		<trkpt lat="35.102299" lon="128.518409">
			<ele>0.00</ele>
			<time>2020-01-17T00:18:45.35Z</time>
		</trkpt>
		<trkpt lat="35.102253" lon="128.518412">
			<ele>0.00</ele>
			<time>2020-01-17T00:18:45.65Z</time>
		</trkpt>
		<trkpt lat="35.102198" lon="128.518424">
			<ele>0.00</ele>
			<time>2020-01-17T00:18:46.03Z</time>
		</trkpt>
		<trkpt lat="35.102162" lon="128.518452">
			<ele>0.00</ele>
			<time>2020-01-17T00:18:46.31Z</time>
		</trkpt>
		<trkpt lat="35.102100" lon="128.518489">
			<ele>0.00</ele>
			<time>2020-01-17T00:18:46.77Z</time>
		</trkpt>
		<trkpt lat="35.102045" lon="128.518513">
			<ele>0.00</ele>
			<time>2020-01-17T00:18:47.16Z</time>
		</trkpt>
		<trkpt lat="35.101983" lon="128.518529">
			<ele>0.00</ele>
			<time>2020-01-17T00:18:47.59Z</time>
		</trkpt>
		<trkpt lat="35.101933" lon="128.518555">
			<ele>0.00</ele>
			<time>2020-01-17T00:18:47.95Z</time>
		</trkpt>
		<trkpt lat="35.101874" lon="128.518571">
			<ele>0.00</ele>
			<time>2020-01-17T00:18:48.35Z</time>
		</trkpt>
		<trkpt lat="35.101808" lon="128.518556">
			<ele>0.00</ele>
			<time>2020-01-17T00:18:48.80Z</time>
		</trkpt>
		<trkpt lat="35.101769" lon="128.518547">
			<ele>0.00</ele>
			<time>2020-01-17T00:18:49.06Z</time>
		</trkpt>
		<trkpt lat="35.101714" lon="128.518520">
			<ele>0.00</ele>
			<time>2020-01-17T00:18:49.46Z</time>
		</trkpt>
		<trkpt lat="35.101662" lon="128.518493">
			<ele>0.00</ele>
			<time>2020-01-17T00:18:49.83Z</time>
		</trkpt>
		<trkpt lat="35.101624" lon="128.518477">
			<ele>0.00</ele>
			<time>2020-01-17T00:18:50.10Z</time>
		</trkpt>
		<trkpt lat="35.101580" lon="128.518457">
			<ele>0.00</ele>
			<time>2020-01-17T00:18:50.41Z</time>
		</trkpt>
		<trkpt lat="35.101537" lon="128.518441">
			<ele>0.00</ele>
			<time>2020-01-17T00:18:50.72Z</time>
		</trkpt>
		<trkpt lat="35.101535" lon="128.518439">
			<ele>0.00</ele>
			<time>2020-01-17T00:18:50.78Z</time>
		</trkpt>
		<trkpt lat="35.101471" lon="128.518439">
			<ele>0.00</ele>
			<time>2020-01-17T00:18:51.20Z</time>
		</trkpt>
		<trkpt lat="35.101412" lon="128.518437">
			<ele>0.00</ele>
			<time>2020-01-17T00:18:51.59Z</time>
		</trkpt>
		<trkpt lat="35.101348" lon="128.518427">
			<ele>0.00</ele>
			<time>2020-01-17T00:18:52.02Z</time>
		</trkpt>
		<trkpt lat="35.101299" lon="128.518416">
			<ele>0.00</ele>
			<time>2020-01-17T00:18:52.35Z</time>
		</trkpt>
		<trkpt lat="35.101253" lon="128.518410">
			<ele>0.00</ele>
			<time>2020-01-17T00:18:52.66Z</time>
		</trkpt>
		<trkpt lat="35.101217" lon="128.518387">
			<ele>0.00</ele>
			<time>2020-01-17T00:18:52.93Z</time>
		</trkpt>
		<trkpt lat="35.101178" lon="128.518367">
			<ele>0.00</ele>
			<time>2020-01-17T00:18:53.21Z</time>
		</trkpt>
		<trkpt lat="35.101128" lon="128.518349">
			<ele>0.00</ele>
			<time>2020-01-17T00:18:53.56Z</time>
		</trkpt>
		<trkpt lat="35.101075" lon="128.518337">
			<ele>0.00</ele>
			<time>2020-01-17T00:18:53.93Z</time>
		</trkpt>
		<trkpt lat="35.101021" lon="128.518337">
			<ele>0.00</ele>
			<time>2020-01-17T00:18:54.28Z</time>
		</trkpt>
		<trkpt lat="35.100958" lon="128.518340">
			<ele>0.00</ele>
			<time>2020-01-17T00:18:54.70Z</time>
		</trkpt>
		<trkpt lat="35.100908" lon="128.518333">
			<ele>0.00</ele>
			<time>2020-01-17T00:18:55.03Z</time>
		</trkpt>
		<trkpt lat="35.100839" lon="128.518341">
			<ele>0.00</ele>
			<time>2020-01-17T00:18:55.50Z</time>
		</trkpt>
		<trkpt lat="35.100785" lon="128.518343">
			<ele>0.00</ele>
			<time>2020-01-17T00:18:55.86Z</time>
		</trkpt>
		<trkpt lat="35.100727" lon="128.518352">
			<ele>0.00</ele>
			<time>2020-01-17T00:18:56.25Z</time>
		</trkpt>
		<trkpt lat="35.100671" lon="128.518355">
			<ele>0.00</ele>
			<time>2020-01-17T00:18:56.62Z</time>
		</trkpt>
		<trkpt lat="35.100611" lon="128.518372">
			<ele>0.00</ele>
			<time>2020-01-17T00:18:57.03Z</time>
		</trkpt>
		<trkpt lat="35.100568" lon="128.518385">
			<ele>0.00</ele>
			<time>2020-01-17T00:18:57.33Z</time>
		</trkpt>
		<trkpt lat="35.100524" lon="128.518407">
			<ele>0.00</ele>
			<time>2020-01-17T00:18:57.65Z</time>
		</trkpt>
		<trkpt lat="35.100512" lon="128.518376">
			<ele>0.00</ele>
			<time>2020-01-17T00:18:57.83Z</time>
		</trkpt>
		<trkpt lat="35.100487" lon="128.518325">
			<ele>0.00</ele>
			<time>2020-01-17T00:18:58.16Z</time>
		</trkpt>
		<trkpt lat="35.100459" lon="128.518283">
			<ele>0.00</ele>
			<time>2020-01-17T00:18:58.45Z</time>
		</trkpt>
		<trkpt lat="35.100419" lon="128.518239">
			<ele>0.00</ele>
			<time>2020-01-17T00:18:58.81Z</time>
		</trkpt>
		<trkpt lat="35.100418" lon="128.518239">
			<ele>0.00</ele>
			<time>2020-01-17T00:18:58.87Z</time>
		</trkpt>
		<trkpt lat="35.100388" lon="128.518209">
			<ele>0.00</ele>
			<time>2020-01-17T00:18:59.13Z</time>
		</trkpt>
		<trkpt lat="35.100369" lon="128.518173">
			<ele>0.00</ele>
			<time>2020-01-17T00:18:59.36Z</time>
		</trkpt>
		<trkpt lat="35.100348" lon="128.518117">
			<ele>0.00</ele>
			<time>2020-01-17T00:18:59.69Z</time>
		</trkpt>
		<trkpt lat="35.100311" lon="128.518050">
			<ele>0.00</ele>
			<time>2020-01-17T00:19:00.14Z</time>
		</trkpt>
		<trkpt lat="35.100265" lon="128.518016">
			<ele>0.00</ele>
			<time>2020-01-17T00:19:00.50Z</time>
		</trkpt>
		<trkpt lat="35.100200" lon="128.518014">
			<ele>0.00</ele>
			<time>2020-01-17T00:19:00.93Z</time>
		</trkpt>
		<trkpt lat="35.100159" lon="128.518007">
			<ele>0.00</ele>
			<time>2020-01-17T00:19:01.20Z</time>
		</trkpt>
		<trkpt lat="35.100116" lon="128.517992">
			<ele>0.00</ele>
			<time>2020-01-17T00:19:01.50Z</time>
		</trkpt>
		<trkpt lat="35.100067" lon="128.517966">
			<ele>0.00</ele>
			<time>2020-01-17T00:19:01.86Z</time>
		</trkpt>
		<trkpt lat="35.100029" lon="128.517943">
			<ele>0.00</ele>
			<time>2020-01-17T00:19:02.14Z</time>
		</trkpt>
		<trkpt lat="35.099977" lon="128.517918">
			<ele>0.00</ele>
			<time>2020-01-17T00:19:02.52Z</time>
		</trkpt>
		<trkpt lat="35.099935" lon="128.517889">
			<ele>0.00</ele>
			<time>2020-01-17T00:19:02.84Z</time>
		</trkpt>
		<trkpt lat="35.099907" lon="128.517867">
			<ele>0.00</ele>
			<time>2020-01-17T00:19:03.06Z</time>
		</trkpt>
		<trkpt lat="35.099874" lon="128.517829">
			<ele>0.00</ele>
			<time>2020-01-17T00:19:03.36Z</time>
		</trkpt>
		<trkpt lat="35.099838" lon="128.517789">
			<ele>0.00</ele>
			<time>2020-01-17T00:19:03.68Z</time>
		</trkpt>
		<trkpt lat="35.099823" lon="128.517754">
			<ele>0.00</ele>
			<time>2020-01-17T00:19:03.90Z</time>
		</trkpt>
		<trkpt lat="35.099834" lon="128.517715">
			<ele>0.00</ele>
			<time>2020-01-17T00:19:04.13Z</time>
		</trkpt>
		<trkpt lat="35.099873" lon="128.517673">
			<ele>0.00</ele>
			<time>2020-01-17T00:19:04.47Z</time>
		</trkpt>
		<trkpt lat="35.099929" lon="128.517625">
			<ele>0.00</ele>
			<time>2020-01-17T00:19:04.93Z</time>
		</trkpt>
		<trkpt lat="35.099989" lon="128.517589">
			<ele>0.00</ele>
			<time>2020-01-17T00:19:05.37Z</time>
		</trkpt>
		<trkpt lat="35.100067" lon="128.517538">
			<ele>0.00</ele>
			<time>2020-01-17T00:19:05.97Z</time>
		</trkpt>
		<trkpt lat="35.100145" lon="128.517516">
			<ele>0.00</ele>
			<time>2020-01-17T00:19:06.50Z</time>
		</trkpt>
		<trkpt lat="35.100220" lon="128.517495">
			<ele>0.00</ele>
			<time>2020-01-17T00:19:07.01Z</time>
		</trkpt>
		<trkpt lat="35.100301" lon="128.517469">
			<ele>0.00</ele>
			<time>2020-01-17T00:19:07.57Z</time>
		</trkpt>
		<trkpt lat="35.100379" lon="128.517444">
			<ele>0.00</ele>
			<time>2020-01-17T00:19:08.11Z</time>
		</trkpt>
		<trkpt lat="35.100437" lon="128.517426">
			<ele>0.00</ele>
			<time>2020-01-17T00:19:08.51Z</time>
		</trkpt>
		<trkpt lat="35.100489" lon="128.517411">
			<ele>0.00</ele>
			<time>2020-01-17T00:19:08.86Z</time>
		</trkpt>
		<trkpt lat="35.100543" lon="128.517389">
			<ele>0.00</ele>
			<time>2020-01-17T00:19:09.25Z</time>
		</trkpt>
		<trkpt lat="35.100615" lon="128.517345">
			<ele>0.00</ele>
			<time>2020-01-17T00:19:09.78Z</time>
		</trkpt>
		<trkpt lat="35.100690" lon="128.517316">
			<ele>0.00</ele>
			<time>2020-01-17T00:19:10.30Z</time>
		</trkpt>
		<trkpt lat="35.100749" lon="128.517293">
			<ele>0.00</ele>
			<time>2020-01-17T00:19:10.72Z</time>
		</trkpt>
		<trkpt lat="35.100825" lon="128.517268">
			<ele>0.00</ele>
			<time>2020-01-17T00:19:11.24Z</time>
		</trkpt>
		<trkpt lat="35.100880" lon="128.517243">
			<ele>0.00</ele>
			<time>2020-01-17T00:19:11.63Z</time>
		</trkpt>
		<trkpt lat="35.100945" lon="128.517208">
			<ele>0.00</ele>
			<time>2020-01-17T00:19:12.11Z</time>
		</trkpt>
		<trkpt lat="35.100998" lon="128.517142">
			<ele>0.00</ele>
			<time>2020-01-17T00:19:12.61Z</time>
		</trkpt>
		<trkpt lat="35.101030" lon="128.517090">
			<ele>0.00</ele>
			<time>2020-01-17T00:19:12.96Z</time>
		</trkpt>
		<trkpt lat="35.101090" lon="128.517008">
			<ele>0.00</ele>
			<time>2020-01-17T00:19:13.57Z</time>
		</trkpt>
		<trkpt lat="35.101144" lon="128.516998">
			<ele>0.00</ele>
			<time>2020-01-17T00:19:13.93Z</time>
		</trkpt>
		<trkpt lat="35.101202" lon="128.516998">
			<ele>0.00</ele>
			<time>2020-01-17T00:19:14.32Z</time>
		</trkpt>
		<trkpt lat="35.101270" lon="128.516994">
			<ele>0.00</ele>
			<time>2020-01-17T00:19:14.77Z</time>
		</trkpt>
		<trkpt lat="35.101361" lon="128.516990">
			<ele>0.00</ele>
			<time>2020-01-17T00:19:15.38Z</time>
		</trkpt>
		<trkpt lat="35.101434" lon="128.516982">
			<ele>0.00</ele>
			<time>2020-01-17T00:19:15.86Z</time>
		</trkpt>
		<trkpt lat="35.101500" lon="128.516977">
			<ele>0.00</ele>
			<time>2020-01-17T00:19:16.31Z</time>
		</trkpt>
		<trkpt lat="35.101560" lon="128.516960">
			<ele>0.00</ele>
			<time>2020-01-17T00:19:16.72Z</time>
		</trkpt>
		<trkpt lat="35.101613" lon="128.516927">
			<ele>0.00</ele>
			<time>2020-01-17T00:19:17.11Z</time>
		</trkpt>
		<trkpt lat="35.101650" lon="128.516889">
			<ele>0.00</ele>
			<time>2020-01-17T00:19:17.44Z</time>
		</trkpt>
		<trkpt lat="35.101677" lon="128.516845">
			<ele>0.00</ele>
			<time>2020-01-17T00:19:17.73Z</time>
		</trkpt>
		<trkpt lat="35.101689" lon="128.516775">
			<ele>0.00</ele>
			<time>2020-01-17T00:19:18.12Z</time>
		</trkpt>
		<trkpt lat="35.101697" lon="128.516685">
			<ele>0.00</ele>
			<time>2020-01-17T00:19:18.62Z</time>
		</trkpt>
		<trkpt lat="35.101684" lon="128.516638">
			<ele>0.00</ele>
			<time>2020-01-17T00:19:18.89Z</time>
		</trkpt>
		<trkpt lat="35.101662" lon="128.516595">
			<ele>0.00</ele>
			<time>2020-01-17T00:19:19.17Z</time>
		</trkpt>
		<trkpt lat="35.101641" lon="128.516548">
			<ele>0.00</ele>
			<time>2020-01-17T00:19:19.46Z</time>
		</trkpt>
		<trkpt lat="35.101621" lon="128.516499">
			<ele>0.00</ele>
			<time>2020-01-17T00:19:19.76Z</time>
		</trkpt>
		<trkpt lat="35.101618" lon="128.516437">
			<ele>0.00</ele>
			<time>2020-01-17T00:19:20.09Z</time>
		</trkpt>
		<trkpt lat="35.101641" lon="128.516369">
			<ele>0.00</ele>
			<time>2020-01-17T00:19:20.49Z</time>
		</trkpt>
		<trkpt lat="35.101675" lon="128.516317">
			<ele>0.00</ele>
			<time>2020-01-17T00:19:20.86Z</time>
		</trkpt>
		<trkpt lat="35.101753" lon="128.516254">
			<ele>0.00</ele>
			<time>2020-01-17T00:19:21.48Z</time>
		</trkpt>
		<trkpt lat="35.101828" lon="128.516225">
			<ele>0.00</ele>
			<time>2020-01-17T00:19:22.01Z</time>
		</trkpt>
		<trkpt lat="35.101885" lon="128.516161">
			<ele>0.00</ele>
			<time>2020-01-17T00:19:22.52Z</time>
		</trkpt>
		<trkpt lat="35.101947" lon="128.516093">
			<ele>0.00</ele>
			<time>2020-01-17T00:19:23.08Z</time>
		</trkpt>
		<trkpt lat="35.101998" lon="128.516021">
			<ele>0.00</ele>
			<time>2020-01-17T00:19:23.60Z</time>
		</trkpt>
		<trkpt lat="35.102040" lon="128.515959">
			<ele>0.00</ele>
			<time>2020-01-17T00:19:24.04Z</time>
		</trkpt>
		<trkpt lat="35.102080" lon="128.515901">
			<ele>0.00</ele>
			<time>2020-01-17T00:19:24.45Z</time>
		</trkpt>
		<trkpt lat="35.102116" lon="128.515843">
			<ele>0.00</ele>
			<time>2020-01-17T00:19:24.85Z</time>
		</trkpt>
		<trkpt lat="35.102155" lon="128.515778">
			<ele>0.00</ele>
			<time>2020-01-17T00:19:25.28Z</time>
		</trkpt>
		<trkpt lat="35.102192" lon="128.515720">
			<ele>0.00</ele>
			<time>2020-01-17T00:19:25.69Z</time>
		</trkpt>
		<trkpt lat="35.102228" lon="128.515661">
			<ele>0.00</ele>
			<time>2020-01-17T00:19:26.09Z</time>
		</trkpt>
		<trkpt lat="35.102263" lon="128.515590">
			<ele>0.00</ele>
			<time>2020-01-17T00:19:26.54Z</time>
		</trkpt>
		<trkpt lat="35.102303" lon="128.515516">
			<ele>0.00</ele>
			<time>2020-01-17T00:19:27.03Z</time>
		</trkpt>
		<trkpt lat="35.102342" lon="128.515447">
			<ele>0.00</ele>
			<time>2020-01-17T00:19:27.48Z</time>
		</trkpt>
		<trkpt lat="35.102366" lon="128.515393">
			<ele>0.00</ele>
			<time>2020-01-17T00:19:27.82Z</time>
		</trkpt>
		<trkpt lat="35.102377" lon="128.515352">
			<ele>0.00</ele>
			<time>2020-01-17T00:19:28.06Z</time>
		</trkpt>
		<trkpt lat="35.102363" lon="128.515304">
			<ele>0.00</ele>
			<time>2020-01-17T00:19:28.33Z</time>
		</trkpt>
		<trkpt lat="35.102330" lon="128.515260">
			<ele>0.00</ele>
			<time>2020-01-17T00:19:28.66Z</time>
		</trkpt>
		<trkpt lat="35.102298" lon="128.515211">
			<ele>0.00</ele>
			<time>2020-01-17T00:19:29Z</time>
		</trkpt>
		<trkpt lat="35.102255" lon="128.515179">
			<ele>0.00</ele>
			<time>2020-01-17T00:19:29.34Z</time>
		</trkpt>
		<trkpt lat="35.102213" lon="128.515166">
			<ele>0.00</ele>
			<time>2020-01-17T00:19:29.63Z</time>
		</trkpt>
		<trkpt lat="35.102182" lon="128.515143">
			<ele>0.00</ele>
			<time>2020-01-17T00:19:29.87Z</time>
		</trkpt>
		<trkpt lat="35.102147" lon="128.515103">
			<ele>0.00</ele>
			<time>2020-01-17T00:19:30.19Z</time>
		</trkpt>
		<trkpt lat="35.102124" lon="128.515049">
			<ele>0.00</ele>
			<time>2020-01-17T00:19:30.52Z</time>
		</trkpt>
		<trkpt lat="35.102106" lon="128.514987">
			<ele>0.00</ele>
			<time>2020-01-17T00:19:30.88Z</time>
		</trkpt>
		<trkpt lat="35.102086" lon="128.514909">
			<ele>0.00</ele>
			<time>2020-01-17T00:19:31.32Z</time>
		</trkpt>
		<trkpt lat="35.102054" lon="128.514857">
			<ele>0.00</ele>
			<time>2020-01-17T00:19:31.68Z</time>
		</trkpt>
		<trkpt lat="35.102010" lon="128.514795">
			<ele>0.00</ele>
			<time>2020-01-17T00:19:32.13Z</time>
		</trkpt>
		<trkpt lat="35.101983" lon="128.514733">
			<ele>0.00</ele>
			<time>2020-01-17T00:19:32.51Z</time>
		</trkpt>
		<trkpt lat="35.101973" lon="128.514677">
			<ele>0.00</ele>
			<time>2020-01-17T00:19:32.82Z</time>
		</trkpt>
		<trkpt lat="35.101951" lon="128.514607">
			<ele>0.00</ele>
			<time>2020-01-17T00:19:33.23Z</time>
		</trkpt>
		<trkpt lat="35.101936" lon="128.514537">
			<ele>0.00</ele>
			<time>2020-01-17T00:19:33.62Z</time>
		</trkpt>
		<trkpt lat="35.101918" lon="128.514469">
			<ele>0.00</ele>
			<time>2020-01-17T00:19:34.01Z</time>
		</trkpt>
		<trkpt lat="35.101909" lon="128.514403">
			<ele>0.00</ele>
			<time>2020-01-17T00:19:34.38Z</time>
		</trkpt>
		<trkpt lat="35.101896" lon="128.514331">
			<ele>0.00</ele>
			<time>2020-01-17T00:19:34.78Z</time>
		</trkpt>
		<trkpt lat="35.101860" lon="128.514277">
			<ele>0.00</ele>
			<time>2020-01-17T00:19:35.16Z</time>
		</trkpt>
		<trkpt lat="35.101807" lon="128.514240">
			<ele>0.00</ele>
			<time>2020-01-17T00:19:35.57Z</time>
		</trkpt>
		<trkpt lat="35.101738" lon="128.514213">
			<ele>0.00</ele>
			<time>2020-01-17T00:19:36.05Z</time>
		</trkpt>
		<trkpt lat="35.101676" lon="128.514197">
			<ele>0.00</ele>
			<time>2020-01-17T00:19:36.47Z</time>
		</trkpt>
		<trkpt lat="35.101642" lon="128.514180">
			<ele>0.00</ele>
			<time>2020-01-17T00:19:36.72Z</time>
		</trkpt>
		<trkpt lat="35.101619" lon="128.514123">
			<ele>0.00</ele>
			<time>2020-01-17T00:19:37.07Z</time>
		</trkpt>
		<trkpt lat="35.101611" lon="128.514058">
			<ele>0.00</ele>
			<time>2020-01-17T00:19:37.42Z</time>
		</trkpt>
		<trkpt lat="35.101604" lon="128.514010">
			<ele>0.00</ele>
			<time>2020-01-17T00:19:37.69Z</time>
		</trkpt>
		<trkpt lat="35.101564" lon="128.513954">
			<ele>0.00</ele>
			<time>2020-01-17T00:19:38.10Z</time>
		</trkpt>
		<trkpt lat="35.101522" lon="128.513916">
			<ele>0.00</ele>
			<time>2020-01-17T00:19:38.44Z</time>
		</trkpt>
		<trkpt lat="35.101457" lon="128.513866">
			<ele>0.00</ele>
			<time>2020-01-17T00:19:38.96Z</time>
		</trkpt>
		<trkpt lat="35.101417" lon="128.513846">
			<ele>0.00</ele>
			<time>2020-01-17T00:19:39.25Z</time>
		</trkpt>
		<trkpt lat="35.101367" lon="128.513832">
			<ele>0.00</ele>
			<time>2020-01-17T00:19:39.58Z</time>
		</trkpt>
		<trkpt lat="35.101365" lon="128.513830">
			<ele>0.00</ele>
			<time>2020-01-17T00:19:39.64Z</time>
		</trkpt>
		<trkpt lat="35.101312" lon="128.513820">
			<ele>0.00</ele>
			<time>2020-01-17T00:19:40Z</time>
		</trkpt>
		<trkpt lat="35.101249" lon="128.513802">
			<ele>0.00</ele>
			<time>2020-01-17T00:19:40.43Z</time>
		</trkpt>
		<trkpt lat="35.101187" lon="128.513785">
			<ele>0.00</ele>
			<time>2020-01-17T00:19:40.85Z</time>
		</trkpt>
		<trkpt lat="35.101130" lon="128.513766">
			<ele>0.00</ele>
			<time>2020-01-17T00:19:41.25Z</time>
		</trkpt>
		<trkpt lat="35.101073" lon="128.513733">
			<ele>0.00</ele>
			<time>2020-01-17T00:19:41.67Z</time>
		</trkpt>
		<trkpt lat="35.101021" lon="128.513704">
			<ele>0.00</ele>
			<time>2020-01-17T00:19:42.05Z</time>
		</trkpt>
		<trkpt lat="35.100959" lon="128.513671">
			<ele>0.00</ele>
			<time>2020-01-17T00:19:42.50Z</time>
		</trkpt>
		<trkpt lat="35.100910" lon="128.513633">
			<ele>0.00</ele>
			<time>2020-01-17T00:19:42.89Z</time>
		</trkpt>
		<trkpt lat="35.100867" lon="128.513596">
			<ele>0.00</ele>
			<time>2020-01-17T00:19:43.23Z</time>
		</trkpt>
		<trkpt lat="35.100821" lon="128.513548">
			<ele>0.00</ele>
			<time>2020-01-17T00:19:43.64Z</time>
		</trkpt>
		<trkpt lat="35.100791" lon="128.513519">
			<ele>0.00</ele>
			<time>2020-01-17T00:19:43.89Z</time>
		</trkpt>
		<trkpt lat="35.100764" lon="128.513484">
			<ele>0.00</ele>
			<time>2020-01-17T00:19:44.16Z</time>
		</trkpt>
		<trkpt lat="35.100726" lon="128.513443">
			<ele>0.00</ele>
			<time>2020-01-17T00:19:44.50Z</time>
		</trkpt>
		<trkpt lat="35.100696" lon="128.513406">
			<ele>0.00</ele>
			<time>2020-01-17T00:19:44.78Z</time>
		</trkpt>
		<trkpt lat="35.100683" lon="128.513347">
			<ele>0.00</ele>
			<time>2020-01-17T00:19:45.11Z</time>
		</trkpt>
		<trkpt lat="35.100692" lon="128.513286">
			<ele>0.00</ele>
			<time>2020-01-17T00:19:45.45Z</time>
		</trkpt>
		<trkpt lat="35.100705" lon="128.513210">
			<ele>0.00</ele>
			<time>2020-01-17T00:19:45.87Z</time>
		</trkpt>
		<trkpt lat="35.100725" lon="128.513148">
			<ele>0.00</ele>
			<time>2020-01-17T00:19:46.24Z</time>
		</trkpt>
		<trkpt lat="35.100741" lon="128.513076">
			<ele>0.00</ele>
			<time>2020-01-17T00:19:46.65Z</time>
		</trkpt>
		<trkpt lat="35.100754" lon="128.513011">
			<ele>0.00</ele>
			<time>2020-01-17T00:19:47.01Z</time>
		</trkpt>
		<trkpt lat="35.100772" lon="128.512925">
			<ele>0.00</ele>
			<time>2020-01-17T00:19:47.49Z</time>
		</trkpt>
		<trkpt lat="35.100793" lon="128.512864">
			<ele>0.00</ele>
			<time>2020-01-17T00:19:47.85Z</time>
		</trkpt>
		<trkpt lat="35.100809" lon="128.512785">
			<ele>0.00</ele>
			<time>2020-01-17T00:19:48.29Z</time>
		</trkpt>
		<trkpt lat="35.100841" lon="128.512699">
			<ele>0.00</ele>
			<time>2020-01-17T00:19:48.81Z</time>
		</trkpt>
		<trkpt lat="35.100869" lon="128.512622">
			<ele>0.00</ele>
			<time>2020-01-17T00:19:49.27Z</time>
		</trkpt>
		<trkpt lat="35.100891" lon="128.512565">
			<ele>0.00</ele>
			<time>2020-01-17T00:19:49.61Z</time>
		</trkpt>
		<trkpt lat="35.100932" lon="128.512493">
			<ele>0.00</ele>
			<time>2020-01-17T00:19:50.09Z</time>
		</trkpt>
		<trkpt lat="35.100966" lon="128.512426">
			<ele>0.00</ele>
			<time>2020-01-17T00:19:50.52Z</time>
		</trkpt>
		<trkpt lat="35.100967" lon="128.512425">
			<ele>0.00</ele>
			<time>2020-01-17T00:19:50.58Z</time>
		</trkpt>
		<trkpt lat="35.101028" lon="128.512374">
			<ele>0.00</ele>
			<time>2020-01-17T00:19:51.07Z</time>
		</trkpt>
		<trkpt lat="35.101061" lon="128.512316">
			<ele>0.00</ele>
			<time>2020-01-17T00:19:51.45Z</time>
		</trkpt>
		<trkpt lat="35.101080" lon="128.512258">
			<ele>0.00</ele>
			<time>2020-01-17T00:19:51.80Z</time>
		</trkpt>
		<trkpt lat="35.101089" lon="128.512183">
			<ele>0.00</ele>
			<time>2020-01-17T00:19:52.21Z</time>
		</trkpt>
		<trkpt lat="35.101084" lon="128.512107">
			<ele>0.00</ele>
			<time>2020-01-17T00:19:52.63Z</time>
		</trkpt>
		<trkpt lat="35.101055" lon="128.512045">
			<ele>0.00</ele>
			<time>2020-01-17T00:19:53.02Z</time>
		</trkpt>
		<trkpt lat="35.101017" lon="128.511985">
			<ele>0.00</ele>
			<time>2020-01-17T00:19:53.43Z</time>
		</trkpt>
		<trkpt lat="35.100968" lon="128.511945">
			<ele>0.00</ele>
			<time>2020-01-17T00:19:53.82Z</time>
		</trkpt>
		<trkpt lat="35.100910" lon="128.511913">
			<ele>0.00</ele>
			<time>2020-01-17T00:19:54.25Z</time>
		</trkpt>
		<trkpt lat="35.100856" lon="128.511866">
			<ele>0.00</ele>
			<time>2020-01-17T00:19:54.69Z</time>
		</trkpt>
		<trkpt lat="35.100796" lon="128.511822">
			<ele>0.00</ele>
			<time>2020-01-17T00:19:55.16Z</time>
		</trkpt>
		<trkpt lat="35.100735" lon="128.511790">
			<ele>0.00</ele>
			<time>2020-01-17T00:19:55.60Z</time>
		</trkpt>
		<trkpt lat="35.100667" lon="128.511765">
			<ele>0.00</ele>
			<time>2020-01-17T00:19:56.07Z</time>
		</trkpt>
		<trkpt lat="35.100607" lon="128.511743">
			<ele>0.00</ele>
			<time>2020-01-17T00:19:56.49Z</time>
		</trkpt>
		<trkpt lat="35.100533" lon="128.511709">
			<ele>0.00</ele>
			<time>2020-01-17T00:19:57.02Z</time>
		</trkpt>
		<trkpt lat="35.100453" lon="128.511691">
			<ele>0.00</ele>
			<time>2020-01-17T00:19:57.56Z</time>
		</trkpt>
		<trkpt lat="35.100392" lon="128.511665">
			<ele>0.00</ele>
			<time>2020-01-17T00:19:57.99Z</time>
		</trkpt>
		<trkpt lat="35.100318" lon="128.511615">
			<ele>0.00</ele>
			<time>2020-01-17T00:19:58.55Z</time>
		</trkpt>
		<trkpt lat="35.100245" lon="128.511568">
			<ele>0.00</ele>
			<time>2020-01-17T00:19:59.10Z</time>
		</trkpt>
		<trkpt lat="35.100182" lon="128.511510">
			<ele>0.00</ele>
			<time>2020-01-17T00:19:59.63Z</time>
		</trkpt>
		<trkpt lat="35.100130" lon="128.511439">
			<ele>0.00</ele>
			<time>2020-01-17T00:20:00.15Z</time>
		</trkpt>
		<trkpt lat="35.100097" lon="128.511385">
			<ele>0.00</ele>
			<time>2020-01-17T00:20:00.52Z</time>
		</trkpt>
		<trkpt lat="35.100056" lon="128.511329">
			<ele>0.00</ele>
			<time>2020-01-17T00:20:00.93Z</time>
		</trkpt>
		<trkpt lat="35.100016" lon="128.511268">
			<ele>0.00</ele>
			<time>2020-01-17T00:20:01.35Z</time>
		</trkpt>
		<trkpt lat="35.099987" lon="128.511224">
			<ele>0.00</ele>
			<time>2020-01-17T00:20:01.66Z</time>
		</trkpt>
		<trkpt lat="35.099950" lon="128.511167">
			<ele>0.00</ele>
			<time>2020-01-17T00:20:02.06Z</time>
		</trkpt>
		<trkpt lat="35.099921" lon="128.511111">
			<ele>0.00</ele>
			<time>2020-01-17T00:20:02.42Z</time>
		</trkpt>
		<trkpt lat="35.099866" lon="128.511055">
			<ele>0.00</ele>
			<time>2020-01-17T00:20:02.90Z</time>
		</trkpt>
		<trkpt lat="35.099806" lon="128.511026">
			<ele>0.00</ele>
			<time>2020-01-17T00:20:03.33Z</time>
		</trkpt>
		<trkpt lat="35.099767" lon="128.510991">
			<ele>0.00</ele>
			<time>2020-01-17T00:20:03.65Z</time>
		</trkpt>
		<trkpt lat="35.099721" lon="128.510960">
			<ele>0.00</ele>
			<time>2020-01-17T00:20:04Z</time>
		</trkpt>
		<trkpt lat="35.099658" lon="128.510941">
			<ele>0.00</ele>
			<time>2020-01-17T00:20:04.43Z</time>
		</trkpt>
		<trkpt lat="35.099603" lon="128.510915">
			<ele>0.00</ele>
			<time>2020-01-17T00:20:04.83Z</time>
		</trkpt>
		<trkpt lat="35.099545" lon="128.510890">
			<ele>0.00</ele>
			<time>2020-01-17T00:20:05.24Z</time>
		</trkpt>
		<trkpt lat="35.099486" lon="128.510847">
			<ele>0.00</ele>
			<time>2020-01-17T00:20:05.69Z</time>
		</trkpt>
		<trkpt lat="35.099443" lon="128.510814">
			<ele>0.00</ele>
			<time>2020-01-17T00:20:06.04Z</time>
		</trkpt>
		<trkpt lat="35.099394" lon="128.510766">
			<ele>0.00</ele>
			<time>2020-01-17T00:20:06.45Z</time>
		</trkpt>
		<trkpt lat="35.099387" lon="128.510723">
			<ele>0.00</ele>
			<time>2020-01-17T00:20:06.69Z</time>
		</trkpt>
		<trkpt lat="35.099400" lon="128.510662">
			<ele>0.00</ele>
			<time>2020-01-17T00:20:07.03Z</time>
		</trkpt>
		<trkpt lat="35.099423" lon="128.510610">
			<ele>0.00</ele>
			<time>2020-01-17T00:20:07.36Z</time>
		</trkpt>
		<trkpt lat="35.099458" lon="128.510539">
			<ele>0.00</ele>
			<time>2020-01-17T00:20:07.81Z</time>
		</trkpt>
		<trkpt lat="35.099515" lon="128.510447">
			<ele>0.00</ele>
			<time>2020-01-17T00:20:08.44Z</time>
		</trkpt>
		<trkpt lat="35.099563" lon="128.510394">
			<ele>0.00</ele>
			<time>2020-01-17T00:20:08.87Z</time>
		</trkpt>
		<trkpt lat="35.099623" lon="128.510347">
			<ele>0.00</ele>
			<time>2020-01-17T00:20:09.34Z</time>
		</trkpt>
		<trkpt lat="35.099624" lon="128.510347">
			<ele>0.00</ele>
			<time>2020-01-17T00:20:09.40Z</time>
		</trkpt>
		<trkpt lat="35.099680" lon="128.510323">
			<ele>0.00</ele>
			<time>2020-01-17T00:20:09.80Z</time>
		</trkpt>
		<trkpt lat="35.099746" lon="128.510287">
			<ele>0.00</ele>
			<time>2020-01-17T00:20:10.28Z</time>
		</trkpt>
		<trkpt lat="35.099816" lon="128.510247">
			<ele>0.00</ele>
			<time>2020-01-17T00:20:10.79Z</time>
		</trkpt>
		<trkpt lat="35.099847" lon="128.510218">
			<ele>0.00</ele>
			<time>2020-01-17T00:20:11.05Z</time>
		</trkpt>
		<trkpt lat="35.099888" lon="128.510181">
			<ele>0.00</ele>
			<time>2020-01-17T00:20:11.39Z</time>
		</trkpt>
		<trkpt lat="35.099893" lon="128.510117">
			<ele>0.00</ele>
			<time>2020-01-17T00:20:11.74Z</time>
		</trkpt>
		<trkpt lat="35.099891" lon="128.510047">
			<ele>0.00</ele>
			<time>2020-01-17T00:20:12.12Z</time>
		</trkpt>
		<trkpt lat="35.099875" lon="128.509978">
			<ele>0.00</ele>
			<time>2020-01-17T00:20:12.51Z</time>
		</trkpt>
		<trkpt lat="35.099859" lon="128.509904">
			<ele>0.00</ele>
			<time>2020-01-17T00:20:12.93Z</time>
		</trkpt>
		<trkpt lat="35.099831" lon="128.509838">
			<ele>0.00</ele>
			<time>2020-01-17T00:20:13.34Z</time>
		</trkpt>
		<trkpt lat="35.099815" lon="128.509780">
			<ele>0.00</ele>
			<time>2020-01-17T00:20:13.67Z</time>
		</trkpt>
		<trkpt lat="35.099797" lon="128.509720">
			<ele>0.00</ele>
			<time>2020-01-17T00:20:14.02Z</time>
		</trkpt>
		<trkpt lat="35.099764" lon="128.509660">
			<ele>0.00</ele>
			<time>2020-01-17T00:20:14.41Z</time>
		</trkpt>
		<trkpt lat="35.099737" lon="128.509591">
			<ele>0.00</ele>
			<time>2020-01-17T00:20:14.83Z</time>
		</trkpt>
		<trkpt lat="35.099706" lon="128.509544">
			<ele>0.00</ele>
			<time>2020-01-17T00:20:15.16Z</time>
		</trkpt>
		<trkpt lat="35.099664" lon="128.509522">
			<ele>0.00</ele>
			<time>2020-01-17T00:20:15.47Z</time>
		</trkpt>
		<trkpt lat="35.099624" lon="128.509505">
			<ele>0.00</ele>
			<time>2020-01-17T00:20:15.74Z</time>
		</trkpt>
		<trkpt lat="35.099592" lon="128.509471">
			<ele>0.00</ele>
			<time>2020-01-17T00:20:16.03Z</time>
		</trkpt>
		<trkpt lat="35.099583" lon="128.509424">
			<ele>0.00</ele>
			<time>2020-01-17T00:20:16.29Z</time>
		</trkpt>
		<trkpt lat="35.099585" lon="128.509347">
			<ele>0.00</ele>
			<time>2020-01-17T00:20:16.71Z</time>
		</trkpt>
		<trkpt lat="35.099589" lon="128.509304">
			<ele>0.00</ele>
			<time>2020-01-17T00:20:16.95Z</time>
		</trkpt>
		<trkpt lat="35.099601" lon="128.509235">
			<ele>0.00</ele>
			<time>2020-01-17T00:20:17.33Z</time>
		</trkpt>
		<trkpt lat="35.099603" lon="128.509179">
			<ele>0.00</ele>
			<time>2020-01-17T00:20:17.64Z</time>
		</trkpt>
		<trkpt lat="35.099585" lon="128.509114">
			<ele>0.00</ele>
			<time>2020-01-17T00:20:18.02Z</time>
		</trkpt>
		<trkpt lat="35.099570" lon="128.509041">
			<ele>0.00</ele>
			<time>2020-01-17T00:20:18.42Z</time>
		</trkpt>
		<trkpt lat="35.099552" lon="128.508978">
			<ele>0.00</ele>
			<time>2020-01-17T00:20:18.79Z</time>
		</trkpt>
		<trkpt lat="35.099535" lon="128.508911">
			<ele>0.00</ele>
			<time>2020-01-17T00:20:19.17Z</time>
		</trkpt>
		<trkpt lat="35.099517" lon="128.508844">
			<ele>0.00</ele>
			<time>2020-01-17T00:20:19.56Z</time>
		</trkpt>
		<trkpt lat="35.099492" lon="128.508785">
			<ele>0.00</ele>
			<time>2020-01-17T00:20:19.92Z</time>
		</trkpt>
		<trkpt lat="35.099538" lon="128.508722">
			<ele>0.00</ele>
			<time>2020-01-17T00:20:20.38Z</time>
		</trkpt>
		<trkpt lat="35.099582" lon="128.508671">
			<ele>0.00</ele>
			<time>2020-01-17T00:20:20.78Z</time>
		</trkpt>
		<trkpt lat="35.099627" lon="128.508604">
			<ele>0.00</ele>
			<time>2020-01-17T00:20:21.26Z</time>
		</trkpt>
		<trkpt lat="35.099686" lon="128.508536">
			<ele>0.00</ele>
			<time>2020-01-17T00:20:21.80Z</time>
		</trkpt>
		<trkpt lat="35.099744" lon="128.508471">
			<ele>0.00</ele>
			<time>2020-01-17T00:20:22.32Z</time>
		</trkpt>
		<trkpt lat="35.099797" lon="128.508417">
			<ele>0.00</ele>
			<time>2020-01-17T00:20:22.78Z</time>
		</trkpt>
		<trkpt lat="35.099849" lon="128.508347">
			<ele>0.00</ele>
			<time>2020-01-17T00:20:23.30Z</time>
		</trkpt>
		<trkpt lat="35.099902" lon="128.508288">
			<ele>0.00</ele>
			<time>2020-01-17T00:20:23.77Z</time>
		</trkpt>
		<trkpt lat="35.099962" lon="128.508221">
			<ele>0.00</ele>
			<time>2020-01-17T00:20:24.32Z</time>
		</trkpt>
		<trkpt lat="35.100009" lon="128.508166">
			<ele>0.00</ele>
			<time>2020-01-17T00:20:24.75Z</time>
		</trkpt>
		<trkpt lat="35.100026" lon="128.508106">
			<ele>0.00</ele>
			<time>2020-01-17T00:20:25.10Z</time>
		</trkpt>
		<trkpt lat="35.100032" lon="128.508032">
			<ele>0.00</ele>
			<time>2020-01-17T00:20:25.51Z</time>
		</trkpt>
		<trkpt lat="35.100031" lon="128.507962">
			<ele>0.00</ele>
			<time>2020-01-17T00:20:25.89Z</time>
		</trkpt>
		<trkpt lat="35.100031" lon="128.507960">
			<ele>0.00</ele>
			<time>2020-01-17T00:20:25.95Z</time>
		</trkpt>
		<trkpt lat="35.100028" lon="128.507889">
			<ele>0.00</ele>
			<time>2020-01-17T00:20:26.33Z</time>
		</trkpt>
		<trkpt lat="35.100013" lon="128.507781">
			<ele>0.00</ele>
			<time>2020-01-17T00:20:26.93Z</time>
		</trkpt>
		<trkpt lat="35.100022" lon="128.507702">
			<ele>0.00</ele>
			<time>2020-01-17T00:20:27.37Z</time>
		</trkpt>
		<trkpt lat="35.100038" lon="128.507626">
			<ele>0.00</ele>
			<time>2020-01-17T00:20:27.79Z</time>
		</trkpt>
		<trkpt lat="35.100030" lon="128.507566">
			<ele>0.00</ele>
			<time>2020-01-17T00:20:28.13Z</time>
		</trkpt>
		<trkpt lat="35.099996" lon="128.507491">
			<ele>0.00</ele>
			<time>2020-01-17T00:20:28.60Z</time>
		</trkpt>
		<trkpt lat="35.099955" lon="128.507429">
			<ele>0.00</ele>
			<time>2020-01-17T00:20:29.03Z</time>
		</trkpt>
		<trkpt lat="35.099914" lon="128.507369">
			<ele>0.00</ele>
			<time>2020-01-17T00:20:29.46Z</time>
		</trkpt>
		<trkpt lat="35.099868" lon="128.507307">
			<ele>0.00</ele>
			<time>2020-01-17T00:20:29.92Z</time>
		</trkpt>
		<trkpt lat="35.099818" lon="128.507254">
			<ele>0.00</ele>
			<time>2020-01-17T00:20:30.35Z</time>
		</trkpt>
		<trkpt lat="35.099772" lon="128.507196">
			<ele>0.00</ele>
			<time>2020-01-17T00:20:30.79Z</time>
		</trkpt>
		<trkpt lat="35.099737" lon="128.507143">
			<ele>0.00</ele>
			<time>2020-01-17T00:20:31.16Z</time>
		</trkpt>
		<trkpt lat="35.099702" lon="128.507087">
			<ele>0.00</ele>
			<time>2020-01-17T00:20:31.55Z</time>
		</trkpt>
		<trkpt lat="35.099650" lon="128.506987">
			<ele>0.00</ele>
			<time>2020-01-17T00:20:32.20Z</time>
		</trkpt>
		<trkpt lat="35.099642" lon="128.506917">
			<ele>0.00</ele>
			<time>2020-01-17T00:20:32.58Z</time>
		</trkpt>
		<trkpt lat="35.099656" lon="128.506853">
			<ele>0.00</ele>
			<time>2020-01-17T00:20:32.94Z</time>
		</trkpt>
		<trkpt lat="35.099688" lon="128.506824">
			<ele>0.00</ele>
			<time>2020-01-17T00:20:33.20Z</time>
		</trkpt>
		<trkpt lat="35.099734" lon="128.506796">
			<ele>0.00</ele>
			<time>2020-01-17T00:20:33.55Z</time>
		</trkpt>
		<trkpt lat="35.099787" lon="128.506779">
			<ele>0.00</ele>
			<time>2020-01-17T00:20:33.91Z</time>
		</trkpt>
		<trkpt lat="35.099845" lon="128.506765">
			<ele>0.00</ele>
			<time>2020-01-17T00:20:34.31Z</time>
		</trkpt>
		<trkpt lat="35.099910" lon="128.506758">
			<ele>0.00</ele>
			<time>2020-01-17T00:20:34.74Z</time>
		</trkpt>
		<trkpt lat="35.099987" lon="128.506729">
			<ele>0.00</ele>
			<time>2020-01-17T00:20:35.28Z</time>
		</trkpt>
		<trkpt lat="35.100066" lon="128.506691">
			<ele>0.00</ele>
			<time>2020-01-17T00:20:35.85Z</time>
		</trkpt>
		<trkpt lat="35.100134" lon="128.506652">
			<ele>0.00</ele>
			<time>2020-01-17T00:20:36.35Z</time>
		</trkpt>
		<trkpt lat="35.100202" lon="128.506608">
			<ele>0.00</ele>
			<time>2020-01-17T00:20:36.86Z</time>
		</trkpt>
		<trkpt lat="35.100256" lon="128.506555">
			<ele>0.00</ele>
			<time>2020-01-17T00:20:37.32Z</time>
		</trkpt>
		<trkpt lat="35.100292" lon="128.506506">
			<ele>0.00</ele>
			<time>2020-01-17T00:20:37.68Z</time>
		</trkpt>
		<trkpt lat="35.100339" lon="128.506416">
			<ele>0.00</ele>
			<time>2020-01-17T00:20:38.26Z</time>
		</trkpt>
		<trkpt lat="35.100371" lon="128.506333">
			<ele>0.00</ele>
			<time>2020-01-17T00:20:38.76Z</time>
		</trkpt>
		<trkpt lat="35.100401" lon="128.506242">
			<ele>0.00</ele>
			<time>2020-01-17T00:20:39.30Z</time>
		</trkpt>
		<trkpt lat="35.100433" lon="128.506142">
			<ele>0.00</ele>
			<time>2020-01-17T00:20:39.88Z</time>
		</trkpt>
		<trkpt lat="35.100468" lon="128.506072">
			<ele>0.00</ele>
			<time>2020-01-17T00:20:40.33Z</time>
		</trkpt>
		<trkpt lat="35.100497" lon="128.505993">
			<ele>0.00</ele>
			<time>2020-01-17T00:20:40.80Z</time>
		</trkpt>
		<trkpt lat="35.100538" lon="128.505929">
			<ele>0.00</ele>
			<time>2020-01-17T00:20:41.24Z</time>
		</trkpt>
		<trkpt lat="35.100580" lon="128.505867">
			<ele>0.00</ele>
			<time>2020-01-17T00:20:41.69Z</time>
		</trkpt>
		<trkpt lat="35.100621" lon="128.505811">
			<ele>0.00</ele>
			<time>2020-01-17T00:20:42.10Z</time>
		</trkpt>
		<trkpt lat="35.100658" lon="128.505746">
			<ele>0.00</ele>
			<time>2020-01-17T00:20:42.53Z</time>
		</trkpt>
		<trkpt lat="35.100705" lon="128.505661">
			<ele>0.00</ele>
			<time>2020-01-17T00:20:43.09Z</time>
		</trkpt>
		<trkpt lat="35.100750" lon="128.505569">
			<ele>0.00</ele>
			<time>2020-01-17T00:20:43.67Z</time>
		</trkpt>
		<trkpt lat="35.100813" lon="128.505488">
			<ele>0.00</ele>
			<time>2020-01-17T00:20:44.28Z</time>
		</trkpt>
		<trkpt lat="35.100888" lon="128.505399">
			<ele>0.00</ele>
			<time>2020-01-17T00:20:44.98Z</time>
		</trkpt>
		<trkpt lat="35.100892" lon="128.505397">
			<ele>0.00</ele>
			<time>2020-01-17T00:20:45.04Z</time>
		</trkpt>
		<trkpt lat="35.100950" lon="128.505376">
			<ele>0.00</ele>
			<time>2020-01-17T00:20:45.44Z</time>
		</trkpt>
		<trkpt lat="35.101009" lon="128.505396">
			<ele>0.00</ele>
			<time>2020-01-17T00:20:45.85Z</time>
		</trkpt>
		<trkpt lat="35.101064" lon="128.505435">
			<ele>0.00</ele>
			<time>2020-01-17T00:20:46.28Z</time>
		</trkpt>
		<trkpt lat="35.101111" lon="128.505496">
			<ele>0.00</ele>
			<time>2020-01-17T00:20:46.73Z</time>
		</trkpt>
		<trkpt lat="35.101152" lon="128.505566">
			<ele>0.00</ele>
			<time>2020-01-17T00:20:47.20Z</time>
		</trkpt>
		<trkpt lat="35.101187" lon="128.505626">
			<ele>0.00</ele>
			<time>2020-01-17T00:20:47.60Z</time>
		</trkpt>
		<trkpt lat="35.101239" lon="128.505703">
			<ele>0.00</ele>
			<time>2020-01-17T00:20:48.15Z</time>
		</trkpt>
		<trkpt lat="35.101292" lon="128.505789">
			<ele>0.00</ele>
			<time>2020-01-17T00:20:48.74Z</time>
		</trkpt>
		<trkpt lat="35.101334" lon="128.505851">
			<ele>0.00</ele>
			<time>2020-01-17T00:20:49.17Z</time>
		</trkpt>
		<trkpt lat="35.101374" lon="128.505901">
			<ele>0.00</ele>
			<time>2020-01-17T00:20:49.55Z</time>
		</trkpt>
		<trkpt lat="35.101416" lon="128.505941">
			<ele>0.00</ele>
			<time>2020-01-17T00:20:49.91Z</time>
		</trkpt>
		<trkpt lat="35.101461" lon="128.505961">
			<ele>0.00</ele>
			<time>2020-01-17T00:20:50.23Z</time>
		</trkpt>
		<trkpt lat="35.101510" lon="128.505972">
			<ele>0.00</ele>
			<time>2020-01-17T00:20:50.56Z</time>
		</trkpt>
		<trkpt lat="35.101558" lon="128.505964">
			<ele>0.00</ele>
			<time>2020-01-17T00:20:50.88Z</time>
		</trkpt>
		<trkpt lat="35.101566" lon="128.505924">
			<ele>0.00</ele>
			<time>2020-01-17T00:20:51.11Z</time>
		</trkpt>
		<trkpt lat="35.101557" lon="128.505852">
			<ele>0.00</ele>
			<time>2020-01-17T00:20:51.50Z</time>
		</trkpt>
		<trkpt lat="35.101519" lon="128.505755">
			<ele>0.00</ele>
			<time>2020-01-17T00:20:52.09Z</time>
		</trkpt>
		<trkpt lat="35.101476" lon="128.505690">
			<ele>0.00</ele>
			<time>2020-01-17T00:20:52.54Z</time>
		</trkpt>
		<trkpt lat="35.101436" lon="128.505633">
			<ele>0.00</ele>
			<time>2020-01-17T00:20:52.96Z</time>
		</trkpt>
		<trkpt lat="35.101408" lon="128.505572">
			<ele>0.00</ele>
			<time>2020-01-17T00:20:53.34Z</time>
		</trkpt>
		<trkpt lat="35.101376" lon="128.505501">
			<ele>0.00</ele>
			<time>2020-01-17T00:20:53.78Z</time>
		</trkpt>
		<trkpt lat="35.101357" lon="128.505409">
			<ele>0.00</ele>
			<time>2020-01-17T00:20:54.30Z</time>
		</trkpt>
		<trkpt lat="35.101341" lon="128.505333">
			<ele>0.00</ele>
			<time>2020-01-17T00:20:54.72Z</time>
		</trkpt>
		<trkpt lat="35.101333" lon="128.505268">
			<ele>0.00</ele>
			<time>2020-01-17T00:20:55.08Z</time>
		</trkpt>
		<trkpt lat="35.101313" lon="128.505188">
			<ele>0.00</ele>
			<time>2020-01-17T00:20:55.54Z</time>
		</trkpt>
		<trkpt lat="35.101300" lon="128.505112">
			<ele>0.00</ele>
			<time>2020-01-17T00:20:55.96Z</time>
		</trkpt>
		<trkpt lat="35.101294" lon="128.505042">
			<ele>0.00</ele>
			<time>2020-01-17T00:20:56.34Z</time>
		</trkpt>
		<trkpt lat="35.101314" lon="128.504979">
			<ele>0.00</ele>
			<time>2020-01-17T00:20:56.71Z</time>
		</trkpt>
		<trkpt lat="35.101344" lon="128.504881">
			<ele>0.00</ele>
			<time>2020-01-17T00:20:57.29Z</time>
		</trkpt>
		<trkpt lat="35.101361" lon="128.504783">
			<ele>0.00</ele>
			<time>2020-01-17T00:20:57.83Z</time>
		</trkpt>
		<trkpt lat="35.101385" lon="128.504685">
			<ele>0.00</ele>
			<time>2020-01-17T00:20:58.39Z</time>
		</trkpt>
		<trkpt lat="35.101406" lon="128.504612">
			<ele>0.00</ele>
			<time>2020-01-17T00:20:58.82Z</time>
		</trkpt>
		<trkpt lat="35.101433" lon="128.504528">
			<ele>0.00</ele>
			<time>2020-01-17T00:20:59.31Z</time>
		</trkpt>
		<trkpt lat="35.101449" lon="128.504452">
			<ele>0.00</ele>
			<time>2020-01-17T00:20:59.73Z</time>
		</trkpt>
		<trkpt lat="35.101464" lon="128.504373">
			<ele>0.00</ele>
			<time>2020-01-17T00:21:00.18Z</time>
		</trkpt>
		<trkpt lat="35.101471" lon="128.504295">
			<ele>0.00</ele>
			<time>2020-01-17T00:21:00.60Z</time>
		</trkpt>
		<trkpt lat="35.101463" lon="128.504230">
			<ele>0.00</ele>
			<time>2020-01-17T00:21:00.96Z</time>
		</trkpt>
		<trkpt lat="35.101442" lon="128.504139">
			<ele>0.00</ele>
			<time>2020-01-17T00:21:01.48Z</time>
		</trkpt>
		<trkpt lat="35.101443" lon="128.504040">
			<ele>0.00</ele>
			<time>2020-01-17T00:21:02.02Z</time>
		</trkpt>
		<trkpt lat="35.101458" lon="128.503938">
			<ele>0.00</ele>
			<time>2020-01-17T00:21:02.58Z</time>
		</trkpt>
		<trkpt lat="35.101470" lon="128.503873">
			<ele>0.00</ele>
			<time>2020-01-17T00:21:02.95Z</time>
		</trkpt>
		<trkpt lat="35.101488" lon="128.503806">
			<ele>0.00</ele>
			<time>2020-01-17T00:21:03.33Z</time>
		</trkpt>
		<trkpt lat="35.101499" lon="128.503743">
			<ele>0.00</ele>
			<time>2020-01-17T00:21:03.68Z</time>
		</trkpt>
		<trkpt lat="35.101537" lon="128.503656">
			<ele>0.00</ele>
			<time>2020-01-17T00:21:04.22Z</time>
		</trkpt>
		<trkpt lat="35.101558" lon="128.503560">
			<ele>0.00</ele>
			<time>2020-01-17T00:21:04.76Z</time>
		</trkpt>
		<trkpt lat="35.101570" lon="128.503478">
			<ele>0.00</ele>
			<time>2020-01-17T00:21:05.22Z</time>
		</trkpt>
		<trkpt lat="35.101572" lon="128.503379">
			<ele>0.00</ele>
			<time>2020-01-17T00:21:05.76Z</time>
		</trkpt>
		<trkpt lat="35.101562" lon="128.503271">
			<ele>0.00</ele>
			<time>2020-01-17T00:21:06.35Z</time>
		</trkpt>
		<trkpt lat="35.101555" lon="128.503181">
			<ele>0.00</ele>
			<time>2020-01-17T00:21:06.84Z</time>
		</trkpt>
		<trkpt lat="35.101537" lon="128.503092">
			<ele>0.00</ele>
			<time>2020-01-17T00:21:07.35Z</time>
		</trkpt>
		<trkpt lat="35.101501" lon="128.502982">
			<ele>0.00</ele>
			<time>2020-01-17T00:21:07.99Z</time>
		</trkpt>
		<trkpt lat="35.101476" lon="128.502898">
			<ele>0.00</ele>
			<time>2020-01-17T00:21:08.48Z</time>
		</trkpt>
		<trkpt lat="35.101447" lon="128.502814">
			<ele>0.00</ele>
			<time>2020-01-17T00:21:08.97Z</time>
		</trkpt>
		<trkpt lat="35.101428" lon="128.502720">
			<ele>0.00</ele>
			<time>2020-01-17T00:21:09.51Z</time>
		</trkpt>
		<trkpt lat="35.101404" lon="128.502563">
			<ele>0.00</ele>
			<time>2020-01-17T00:21:10.38Z</time>
		</trkpt>
		<trkpt lat="35.101402" lon="128.502473">
			<ele>0.00</ele>
			<time>2020-01-17T00:21:10.86Z</time>
		</trkpt>
		<trkpt lat="35.101424" lon="128.502377">
			<ele>0.00</ele>
			<time>2020-01-17T00:21:11.41Z</time>
		</trkpt>
		<trkpt lat="35.101475" lon="128.502299">
			<ele>0.00</ele>
			<time>2020-01-17T00:21:11.95Z</time>
		</trkpt>
		<trkpt lat="35.101537" lon="128.502234">
			<ele>0.00</ele>
			<time>2020-01-17T00:21:12.50Z</time>
		</trkpt>
		<trkpt lat="35.101616" lon="128.502145">
			<ele>0.00</ele>
			<time>2020-01-17T00:21:13.21Z</time>
		</trkpt>
		<trkpt lat="35.101669" lon="128.502085">
			<ele>0.00</ele>
			<time>2020-01-17T00:21:13.69Z</time>
		</trkpt>
		<trkpt lat="35.101722" lon="128.502029">
			<ele>0.00</ele>
			<time>2020-01-17T00:21:14.16Z</time>
		</trkpt>
		<trkpt lat="35.101774" lon="128.501956">
			<ele>0.00</ele>
			<time>2020-01-17T00:21:14.69Z</time>
		</trkpt>
		<trkpt lat="35.101826" lon="128.501883">
			<ele>0.00</ele>
			<time>2020-01-17T00:21:15.22Z</time>
		</trkpt>
		<trkpt lat="35.101867" lon="128.501826">
			<ele>0.00</ele>
			<time>2020-01-17T00:21:15.63Z</time>
		</trkpt>
		<trkpt lat="35.101923" lon="128.501738">
			<ele>0.00</ele>
			<time>2020-01-17T00:21:16.24Z</time>
		</trkpt>
		<trkpt lat="35.101978" lon="128.501656">
			<ele>0.00</ele>
			<time>2020-01-17T00:21:16.82Z</time>
		</trkpt>
		<trkpt lat="35.102041" lon="128.501550">
			<ele>0.00</ele>
			<time>2020-01-17T00:21:17.53Z</time>
		</trkpt>
		<trkpt lat="35.102087" lon="128.501480">
			<ele>0.00</ele>
			<time>2020-01-17T00:21:18.02Z</time>
		</trkpt>
		<trkpt lat="35.102124" lon="128.501417">
			<ele>0.00</ele>
			<time>2020-01-17T00:21:18.44Z</time>
		</trkpt>
		<trkpt lat="35.102168" lon="128.501344">
			<ele>0.00</ele>
			<time>2020-01-17T00:21:18.94Z</time>
		</trkpt>
		<trkpt lat="35.102210" lon="128.501273">
			<ele>0.00</ele>
			<time>2020-01-17T00:21:19.42Z</time>
		</trkpt>
		<trkpt lat="35.102251" lon="128.501187">
			<ele>0.00</ele>
			<time>2020-01-17T00:21:19.96Z</time>
		</trkpt>
		<trkpt lat="35.102310" lon="128.501114">
			<ele>0.00</ele>
			<time>2020-01-17T00:21:20.52Z</time>
		</trkpt>
		<trkpt lat="35.102377" lon="128.501015">
			<ele>0.00</ele>
			<time>2020-01-17T00:21:21.22Z</time>
		</trkpt>
		<trkpt lat="35.102428" lon="128.500954">
			<ele>0.00</ele>
			<time>2020-01-17T00:21:21.70Z</time>
		</trkpt>
		<trkpt lat="35.102480" lon="128.500874">
			<ele>0.00</ele>
			<time>2020-01-17T00:21:22.25Z</time>
		</trkpt>
		<trkpt lat="35.102531" lon="128.500796">
			<ele>0.00</ele>
			<time>2020-01-17T00:21:22.80Z</time>
		</trkpt>
		<trkpt lat="35.102580" lon="128.500717">
			<ele>0.00</ele>
			<time>2020-01-17T00:21:23.34Z</time>
		</trkpt>
		<trkpt lat="35.102643" lon="128.500624">
			<ele>0.00</ele>
			<time>2020-01-17T00:21:24Z</time>
		</trkpt>
		<trkpt lat="35.102708" lon="128.500528">
			<ele>0.00</ele>
			<time>2020-01-17T00:21:24.68Z</time>
		</trkpt>
		<trkpt lat="35.102758" lon="128.500453">
			<ele>0.00</ele>
			<time>2020-01-17T00:21:25.20Z</time>
		</trkpt>
		<trkpt lat="35.102800" lon="128.500386">
			<ele>0.00</ele>
			<time>2020-01-17T00:21:25.67Z</time>
		</trkpt>
		<trkpt lat="35.102843" lon="128.500324">
			<ele>0.00</ele>
			<time>2020-01-17T00:21:26.11Z</time>
		</trkpt>
		<trkpt lat="35.102882" lon="128.500269">
			<ele>0.00</ele>
			<time>2020-01-17T00:21:26.51Z</time>
		</trkpt>
		<trkpt lat="35.102924" lon="128.500196">
			<ele>0.00</ele>
			<time>2020-01-17T00:21:27Z</time>
		</trkpt>
		<trkpt lat="35.102958" lon="128.500116">
			<ele>0.00</ele>
			<time>2020-01-17T00:21:27.49Z</time>
		</trkpt>
		<trkpt lat="35.102943" lon="128.500065">
			<ele>0.00</ele>
			<time>2020-01-17T00:21:27.78Z</time>
		</trkpt>
		<trkpt lat="35.102891" lon="128.500001">
			<ele>0.00</ele>
			<time>2020-01-17T00:21:28.27Z</time>
		</trkpt>
		<trkpt lat="35.102841" lon="128.499945">
			<ele>0.00</ele>
			<time>2020-01-17T00:21:28.72Z</time>
		</trkpt>
		<trkpt lat="35.102781" lon="128.499865">
			<ele>0.00</ele>
			<time>2020-01-17T00:21:29.31Z</time>
		</trkpt>
		<trkpt lat="35.102735" lon="128.499806">
			<ele>0.00</ele>
			<time>2020-01-17T00:21:29.76Z</time>
		</trkpt>
		<trkpt lat="35.102679" lon="128.499740">
			<ele>0.00</ele>
			<time>2020-01-17T00:21:30.28Z</time>
		</trkpt>
		<trkpt lat="35.102643" lon="128.499696">
			<ele>0.00</ele>
			<time>2020-01-17T00:21:30.62Z</time>
		</trkpt>
		<trkpt lat="35.102641" lon="128.499645">
			<ele>0.00</ele>
			<time>2020-01-17T00:21:30.90Z</time>
		</trkpt>
		<trkpt lat="35.102640" lon="128.499573">
			<ele>0.00</ele>
			<time>2020-01-17T00:21:31.29Z</time>
		</trkpt>
		<trkpt lat="35.102629" lon="128.499520">
			<ele>0.00</ele>
			<time>2020-01-17T00:21:31.59Z</time>
		</trkpt>
		<trkpt lat="35.102602" lon="128.499469">
			<ele>0.00</ele>
			<time>2020-01-17T00:21:31.92Z</time>
		</trkpt>
		<trkpt lat="35.102567" lon="128.499426">
			<ele>0.00</ele>
			<time>2020-01-17T00:21:32.25Z</time>
		</trkpt>
		<trkpt lat="35.102515" lon="128.499372">
			<ele>0.00</ele>
			<time>2020-01-17T00:21:32.70Z</time>
		</trkpt>
		<trkpt lat="35.102463" lon="128.499304">
			<ele>0.00</ele>
			<time>2020-01-17T00:21:33.21Z</time>
		</trkpt>
		<trkpt lat="35.102411" lon="128.499254">
			<ele>0.00</ele>
			<time>2020-01-17T00:21:33.65Z</time>
		</trkpt>
		<trkpt lat="35.102382" lon="128.499195">
			<ele>0.00</ele>
			<time>2020-01-17T00:21:34.03Z</time>
		</trkpt>
		<trkpt lat="35.102331" lon="128.499127">
			<ele>0.00</ele>
			<time>2020-01-17T00:21:34.53Z</time>
		</trkpt>
		<trkpt lat="35.102381" lon="128.499053">
			<ele>0.00</ele>
			<time>2020-01-17T00:21:35.06Z</time>
		</trkpt>
		<trkpt lat="35.102439" lon="128.498985">
			<ele>0.00</ele>
			<time>2020-01-17T00:21:35.59Z</time>
		</trkpt>
		<trkpt lat="35.102513" lon="128.498889">
			<ele>0.00</ele>
			<time>2020-01-17T00:21:36.31Z</time>
		</trkpt>
		<trkpt lat="35.102573" lon="128.498813">
			<ele>0.00</ele>
			<time>2020-01-17T00:21:36.88Z</time>
		</trkpt>
		<trkpt lat="35.102646" lon="128.498721">
			<ele>0.00</ele>
			<time>2020-01-17T00:21:37.58Z</time>
		</trkpt>
		<trkpt lat="35.102709" lon="128.498648">
			<ele>0.00</ele>
			<time>2020-01-17T00:21:38.16Z</time>
		</trkpt>
		<trkpt lat="35.102769" lon="128.498569">
			<ele>0.00</ele>
			<time>2020-01-17T00:21:38.75Z</time>
		</trkpt>
		<trkpt lat="35.102830" lon="128.498492">
			<ele>0.00</ele>
			<time>2020-01-17T00:21:39.34Z</time>
		</trkpt>
		<trkpt lat="35.102904" lon="128.498413">
			<ele>0.00</ele>
			<time>2020-01-17T00:21:39.99Z</time>
		</trkpt>
		<trkpt lat="35.102974" lon="128.498332">
			<ele>0.00</ele>
			<time>2020-01-17T00:21:40.63Z</time>
		</trkpt>
		<trkpt lat="35.103033" lon="128.498262">
			<ele>0.00</ele>
			<time>2020-01-17T00:21:41.18Z</time>
		</trkpt>
		<trkpt lat="35.103091" lon="128.498189">
			<ele>0.00</ele>
			<time>2020-01-17T00:21:41.74Z</time>
		</trkpt>
		<trkpt lat="35.103157" lon="128.498119">
			<ele>0.00</ele>
			<time>2020-01-17T00:21:42.32Z</time>
		</trkpt>
		<trkpt lat="35.103223" lon="128.498040">
			<ele>0.00</ele>
			<time>2020-01-17T00:21:42.94Z</time>
		</trkpt>
		<trkpt lat="35.103280" lon="128.497974">
			<ele>0.00</ele>
			<time>2020-01-17T00:21:43.46Z</time>
		</trkpt>
		<trkpt lat="35.103344" lon="128.497896">
			<ele>0.00</ele>
			<time>2020-01-17T00:21:44.06Z</time>
		</trkpt>
		<trkpt lat="35.103388" lon="128.497838">
			<ele>0.00</ele>
			<time>2020-01-17T00:21:44.49Z</time>
		</trkpt>
		<trkpt lat="35.103426" lon="128.497783">
			<ele>0.00</ele>
			<time>2020-01-17T00:21:44.88Z</time>
		</trkpt>
		<trkpt lat="35.103480" lon="128.497716">
			<ele>0.00</ele>
			<time>2020-01-17T00:21:45.40Z</time>
		</trkpt>
		<trkpt lat="35.103538" lon="128.497646">
			<ele>0.00</ele>
			<time>2020-01-17T00:21:45.94Z</time>
		</trkpt>
		<trkpt lat="35.103591" lon="128.497579">
			<ele>0.00</ele>
			<time>2020-01-17T00:21:46.45Z</time>
		</trkpt>
		<trkpt lat="35.103661" lon="128.497484">
			<ele>0.00</ele>
			<time>2020-01-17T00:21:47.15Z</time>
		</trkpt>
		<trkpt lat="35.103720" lon="128.497405">
			<ele>0.00</ele>
			<time>2020-01-17T00:21:47.73Z</time>
		</trkpt>
		<trkpt lat="35.103781" lon="128.497332">
			<ele>0.00</ele>
			<time>2020-01-17T00:21:48.30Z</time>
		</trkpt>
		<trkpt lat="35.103857" lon="128.497237">
			<ele>0.00</ele>
			<time>2020-01-17T00:21:49.02Z</time>
		</trkpt>
		<trkpt lat="35.103933" lon="128.497175">
			<ele>0.00</ele>
			<time>2020-01-17T00:21:49.63Z</time>
		</trkpt>
		<trkpt lat="35.104000" lon="128.497089">
			<ele>0.00</ele>
			<time>2020-01-17T00:21:50.28Z</time>
		</trkpt>
		<trkpt lat="35.104065" lon="128.497007">
			<ele>0.00</ele>
			<time>2020-01-17T00:21:50.90Z</time>
		</trkpt>
		<trkpt lat="35.104112" lon="128.496949">
			<ele>0.00</ele>
			<time>2020-01-17T00:21:51.35Z</time>
		</trkpt>
		<trkpt lat="35.104185" lon="128.496858">
			<ele>0.00</ele>
			<time>2020-01-17T00:21:52.04Z</time>
		</trkpt>
		<trkpt lat="35.104247" lon="128.496819">
			<ele>0.00</ele>
			<time>2020-01-17T00:21:52.51Z</time>
		</trkpt>
		<trkpt lat="35.104333" lon="128.496819">
			<ele>0.00</ele>
			<time>2020-01-17T00:21:53.08Z</time>
		</trkpt>
		<trkpt lat="35.104408" lon="128.496806">
			<ele>0.00</ele>
			<time>2020-01-17T00:21:53.59Z</time>
		</trkpt>
		<trkpt lat="35.104482" lon="128.496792">
			<ele>0.00</ele>
			<time>2020-01-17T00:21:54.09Z</time>
		</trkpt>
		<trkpt lat="35.104556" lon="128.496770">
			<ele>0.00</ele>
			<time>2020-01-17T00:21:54.60Z</time>
		</trkpt>
		<trkpt lat="35.104629" lon="128.496738">
			<ele>0.00</ele>
			<time>2020-01-17T00:21:55.11Z</time>
		</trkpt>
		<trkpt lat="35.104711" lon="128.496711">
			<ele>0.00</ele>
			<time>2020-01-17T00:21:55.68Z</time>
		</trkpt>
		<trkpt lat="35.104791" lon="128.496676">
			<ele>0.00</ele>
			<time>2020-01-17T00:21:56.24Z</time>
		</trkpt>
		<trkpt lat="35.104866" lon="128.496655">
			<ele>0.00</ele>
			<time>2020-01-17T00:21:56.76Z</time>
		</trkpt>
		<trkpt lat="35.104965" lon="128.496616">
			<ele>0.00</ele>
			<time>2020-01-17T00:21:57.45Z</time>
		</trkpt>
		<trkpt lat="35.105058" lon="128.496584">
			<ele>0.00</ele>
			<time>2020-01-17T00:21:58.09Z</time>
		</trkpt>
		<trkpt lat="35.105151" lon="128.496546">
			<ele>0.00</ele>
			<time>2020-01-17T00:21:58.75Z</time>
		</trkpt>
		<trkpt lat="35.105227" lon="128.496512">
			<ele>0.00</ele>
			<time>2020-01-17T00:21:59.29Z</time>
		</trkpt>
		<trkpt lat="35.105316" lon="128.496486">
			<ele>0.00</ele>
			<time>2020-01-17T00:21:59.90Z</time>
		</trkpt>
		<trkpt lat="35.105402" lon="128.496460">
			<ele>0.00</ele>
			<time>2020-01-17T00:22:00.49Z</time>
		</trkpt>
		<trkpt lat="35.105483" lon="128.496428">
			<ele>0.00</ele>
			<time>2020-01-17T00:22:01.05Z</time>
		</trkpt>
		<trkpt lat="35.105561" lon="128.496410">
			<ele>0.00</ele>
			<time>2020-01-17T00:22:01.59Z</time>
		</trkpt>
		<trkpt lat="35.105642" lon="128.496373">
			<ele>0.00</ele>
			<time>2020-01-17T00:22:02.16Z</time>
		</trkpt>
		<trkpt lat="35.105724" lon="128.496345">
			<ele>0.00</ele>
			<time>2020-01-17T00:22:02.73Z</time>
		</trkpt>
		<trkpt lat="35.105815" lon="128.496329">
			<ele>0.00</ele>
			<time>2020-01-17T00:22:03.34Z</time>
		</trkpt>
		<trkpt lat="35.105897" lon="128.496320">
			<ele>0.00</ele>
			<time>2020-01-17T00:22:03.89Z</time>
		</trkpt>
		<trkpt lat="35.105989" lon="128.496296">
			<ele>0.00</ele>
			<time>2020-01-17T00:22:04.52Z</time>
		</trkpt>
		<trkpt lat="35.106073" lon="128.496270">
			<ele>0.00</ele>
			<time>2020-01-17T00:22:05.09Z</time>
		</trkpt>
		<trkpt lat="35.106139" lon="128.496255">
			<ele>0.00</ele>
			<time>2020-01-17T00:22:05.54Z</time>
		</trkpt>
		<trkpt lat="35.106223" lon="128.496248">
			<ele>0.00</ele>
			<time>2020-01-17T00:22:06.10Z</time>
		</trkpt>
		<trkpt lat="35.106284" lon="128.496246">
			<ele>0.00</ele>
			<time>2020-01-17T00:22:06.51Z</time>
		</trkpt>
		<trkpt lat="35.106334" lon="128.496216">
			<ele>0.00</ele>
			<time>2020-01-17T00:22:06.88Z</time>
		</trkpt>
		<trkpt lat="35.106376" lon="128.496178">
			<ele>0.00</ele>
			<time>2020-01-17T00:22:07.23Z</time>
		</trkpt>
		<trkpt lat="35.106427" lon="128.496123">
			<ele>0.00</ele>
			<time>2020-01-17T00:22:07.69Z</time>
		</trkpt>
		<trkpt lat="35.106501" lon="128.496065">
			<ele>0.00</ele>
			<time>2020-01-17T00:22:08.27Z</time>
		</trkpt>
		<trkpt lat="35.106577" lon="128.496012">
			<ele>0.00</ele>
			<time>2020-01-17T00:22:08.86Z</time>
		</trkpt>
		<trkpt lat="35.106638" lon="128.495989">
			<ele>0.00</ele>
			<time>2020-01-17T00:22:09.28Z</time>
		</trkpt>
		<trkpt lat="35.106706" lon="128.495959">
			<ele>0.00</ele>
			<time>2020-01-17T00:22:09.76Z</time>
		</trkpt>
		<trkpt lat="35.106777" lon="128.495947">
			<ele>0.00</ele>
			<time>2020-01-17T00:22:10.24Z</time>
		</trkpt>
		<trkpt lat="35.106814" lon="128.495888">
			<ele>0.00</ele>
			<time>2020-01-17T00:22:10.65Z</time>
		</trkpt>
		<trkpt lat="35.106833" lon="128.495805">
			<ele>0.00</ele>
			<time>2020-01-17T00:22:11.12Z</time>
		</trkpt>
		<trkpt lat="35.106850" lon="128.495711">
			<ele>0.00</ele>
			<time>2020-01-17T00:22:11.64Z</time>
		</trkpt>
		<trkpt lat="35.106870" lon="128.495619">
			<ele>0.00</ele>
			<time>2020-01-17T00:22:12.16Z</time>
		</trkpt>
		<trkpt lat="35.106891" lon="128.495505">
			<ele>0.00</ele>
			<time>2020-01-17T00:22:12.80Z</time>
		</trkpt>
		<trkpt lat="35.106915" lon="128.495380">
			<ele>0.00</ele>
			<time>2020-01-17T00:22:13.50Z</time>
		</trkpt>
		<trkpt lat="35.106930" lon="128.495268">
			<ele>0.00</ele>
			<time>2020-01-17T00:22:14.11Z</time>
		</trkpt>
		<trkpt lat="35.106949" lon="128.495152">
			<ele>0.00</ele>
			<time>2020-01-17T00:22:14.76Z</time>
		</trkpt>
		<trkpt lat="35.106963" lon="128.495058">
			<ele>0.00</ele>
			<time>2020-01-17T00:22:15.28Z</time>
		</trkpt>
		<trkpt lat="35.106984" lon="128.494965">
			<ele>0.00</ele>
			<time>2020-01-17T00:22:15.81Z</time>
		</trkpt>
		<trkpt lat="35.107000" lon="128.494876">
			<ele>0.00</ele>
			<time>2020-01-17T00:22:16.31Z</time>
		</trkpt>
		<trkpt lat="35.107018" lon="128.494803">
			<ele>0.00</ele>
			<time>2020-01-17T00:22:16.72Z</time>
		</trkpt>
		<trkpt lat="35.107041" lon="128.494690">
			<ele>0.00</ele>
			<time>2020-01-17T00:22:17.36Z</time>
		</trkpt>
		<trkpt lat="35.107051" lon="128.494590">
			<ele>0.00</ele>
			<time>2020-01-17T00:22:17.90Z</time>
		</trkpt>
		<trkpt lat="35.107064" lon="128.494494">
			<ele>0.00</ele>
			<time>2020-01-17T00:22:18.43Z</time>
		</trkpt>
		<trkpt lat="35.107084" lon="128.494405">
			<ele>0.00</ele>
			<time>2020-01-17T00:22:18.94Z</time>
		</trkpt>
		<trkpt lat="35.107100" lon="128.494300">
			<ele>0.00</ele>
			<time>2020-01-17T00:22:19.52Z</time>
		</trkpt>
		<trkpt lat="35.107124" lon="128.494195">
			<ele>0.00</ele>
			<time>2020-01-17T00:22:20.12Z</time>
		</trkpt>
		<trkpt lat="35.107138" lon="128.494099">
			<ele>0.00</ele>
			<time>2020-01-17T00:22:20.65Z</time>
		</trkpt>
		<trkpt lat="35.107161" lon="128.493992">
			<ele>0.00</ele>
			<time>2020-01-17T00:22:21.25Z</time>
		</trkpt>
		<trkpt lat="35.107184" lon="128.493866">
			<ele>0.00</ele>
			<time>2020-01-17T00:22:21.95Z</time>
		</trkpt>
		<trkpt lat="35.107196" lon="128.493777">
			<ele>0.00</ele>
			<time>2020-01-17T00:22:22.45Z</time>
		</trkpt>
		<trkpt lat="35.107200" lon="128.493676">
			<ele>0.00</ele>
			<time>2020-01-17T00:22:23Z</time>
		</trkpt>
		<trkpt lat="35.107195" lon="128.493589">
			<ele>0.00</ele>
			<time>2020-01-17T00:22:23.48Z</time>
		</trkpt>
		<trkpt lat="35.107199" lon="128.493505">
			<ele>0.00</ele>
			<time>2020-01-17T00:22:23.93Z</time>
		</trkpt>
		<trkpt lat="35.107201" lon="128.493418">
			<ele>0.00</ele>
			<time>2020-01-17T00:22:24.41Z</time>
		</trkpt>
		<trkpt lat="35.107203" lon="128.493339">
			<ele>0.00</ele>
			<time>2020-01-17T00:22:24.84Z</time>
		</trkpt>
		<trkpt lat="35.107208" lon="128.493236">
			<ele>0.00</ele>
			<time>2020-01-17T00:22:25.40Z</time>
		</trkpt>
		<trkpt lat="35.107210" lon="128.493131">
			<ele>0.00</ele>
			<time>2020-01-17T00:22:25.97Z</time>
		</trkpt>
		<trkpt lat="35.107210" lon="128.493040">
			<ele>0.00</ele>
			<time>2020-01-17T00:22:26.47Z</time>
		</trkpt>
		<trkpt lat="35.107218" lon="128.492925">
			<ele>0.00</ele>
			<time>2020-01-17T00:22:27.10Z</time>
		</trkpt>
		<trkpt lat="35.107219" lon="128.492829">
			<ele>0.00</ele>
			<time>2020-01-17T00:22:27.63Z</time>
		</trkpt>
		<trkpt lat="35.107218" lon="128.492733">
			<ele>0.00</ele>
			<time>2020-01-17T00:22:28.15Z</time>
		</trkpt>
		<trkpt lat="35.107222" lon="128.492645">
			<ele>0.00</ele>
			<time>2020-01-17T00:22:28.63Z</time>
		</trkpt>
		<trkpt lat="35.107227" lon="128.492549">
			<ele>0.00</ele>
			<time>2020-01-17T00:22:29.15Z</time>
		</trkpt>
		<trkpt lat="35.107232" lon="128.492462">
			<ele>0.00</ele>
			<time>2020-01-17T00:22:29.63Z</time>
		</trkpt>
		<trkpt lat="35.107241" lon="128.492364">
			<ele>0.00</ele>
			<time>2020-01-17T00:22:30.17Z</time>
		</trkpt>
		<trkpt lat="35.107236" lon="128.492250">
			<ele>0.00</ele>
			<time>2020-01-17T00:22:30.79Z</time>
		</trkpt>
		<trkpt lat="35.107233" lon="128.492154">
			<ele>0.00</ele>
			<time>2020-01-17T00:22:31.31Z</time>
		</trkpt>
		<trkpt lat="35.107237" lon="128.492066">
			<ele>0.00</ele>
			<time>2020-01-17T00:22:31.79Z</time>
		</trkpt>
		<trkpt lat="35.107237" lon="128.491977">
			<ele>0.00</ele>
			<time>2020-01-17T00:22:32.28Z</time>
		</trkpt>
		<trkpt lat="35.107268" lon="128.491826">
			<ele>0.00</ele>
			<time>2020-01-17T00:22:33.13Z</time>
		</trkpt>
		<trkpt lat="35.107293" lon="128.491698">
			<ele>0.00</ele>
			<time>2020-01-17T00:22:33.85Z</time>
		</trkpt>
		<trkpt lat="35.107318" lon="128.491567">
			<ele>0.00</ele>
			<time>2020-01-17T00:22:34.58Z</time>
		</trkpt>
		<trkpt lat="35.107344" lon="128.491448">
			<ele>0.00</ele>
			<time>2020-01-17T00:22:35.25Z</time>
		</trkpt>
		<trkpt lat="35.107368" lon="128.491339">
			<ele>0.00</ele>
			<time>2020-01-17T00:22:35.87Z</time>
		</trkpt>
		<trkpt lat="35.107394" lon="128.491223">
			<ele>0.00</ele>
			<time>2020-01-17T00:22:36.52Z</time>
		</trkpt>
		<trkpt lat="35.107417" lon="128.491121">
			<ele>0.00</ele>
			<time>2020-01-17T00:22:37.10Z</time>
		</trkpt>
		<trkpt lat="35.107451" lon="128.491023">
			<ele>0.00</ele>
			<time>2020-01-17T00:22:37.68Z</time>
		</trkpt>
		<trkpt lat="35.107482" lon="128.490942">
			<ele>0.00</ele>
			<time>2020-01-17T00:22:38.17Z</time>
		</trkpt>
		<trkpt lat="35.107494" lon="128.490851">
			<ele>0.00</ele>
			<time>2020-01-17T00:22:38.67Z</time>
		</trkpt>
		<trkpt lat="35.107502" lon="128.490754">
			<ele>0.00</ele>
			<time>2020-01-17T00:22:39.21Z</time>
		</trkpt>
		<trkpt lat="35.107502" lon="128.490671">
			<ele>0.00</ele>
			<time>2020-01-17T00:22:39.65Z</time>
		</trkpt>
		<trkpt lat="35.107508" lon="128.490590">
			<ele>0.00</ele>
			<time>2020-01-17T00:22:40.10Z</time>
		</trkpt>
		<trkpt lat="35.107548" lon="128.490463">
			<ele>0.00</ele>
			<time>2020-01-17T00:22:40.84Z</time>
		</trkpt>
		<trkpt lat="35.107574" lon="128.490352">
			<ele>0.00</ele>
			<time>2020-01-17T00:22:41.47Z</time>
		</trkpt>
		<trkpt lat="35.107598" lon="128.490243">
			<ele>0.00</ele>
			<time>2020-01-17T00:22:42.09Z</time>
		</trkpt>
		<trkpt lat="35.107628" lon="128.490138">
			<ele>0.00</ele>
			<time>2020-01-17T00:22:42.69Z</time>
		</trkpt>
		<trkpt lat="35.107659" lon="128.490037">
			<ele>0.00</ele>
			<time>2020-01-17T00:22:43.28Z</time>
		</trkpt>
		<trkpt lat="35.107689" lon="128.489932">
			<ele>0.00</ele>
			<time>2020-01-17T00:22:43.89Z</time>
		</trkpt>
		<trkpt lat="35.107720" lon="128.489821">
			<ele>0.00</ele>
			<time>2020-01-17T00:22:44.53Z</time>
		</trkpt>
		<trkpt lat="35.107739" lon="128.489724">
			<ele>0.00</ele>
			<time>2020-01-17T00:22:45.07Z</time>
		</trkpt>
		<trkpt lat="35.107764" lon="128.489623">
			<ele>0.00</ele>
			<time>2020-01-17T00:22:45.65Z</time>
		</trkpt>
		<trkpt lat="35.107791" lon="128.489555">
			<ele>0.00</ele>
			<time>2020-01-17T00:22:46.06Z</time>
		</trkpt>
		<trkpt lat="35.107834" lon="128.489484">
			<ele>0.00</ele>
			<time>2020-01-17T00:22:46.54Z</time>
		</trkpt>
		<trkpt lat="35.107878" lon="128.489409">
			<ele>0.00</ele>
			<time>2020-01-17T00:22:47.05Z</time>
		</trkpt>
		<trkpt lat="35.107924" lon="128.489312">
			<ele>0.00</ele>
			<time>2020-01-17T00:22:47.66Z</time>
		</trkpt>
		<trkpt lat="35.107959" lon="128.489245">
			<ele>0.00</ele>
			<time>2020-01-17T00:22:48.09Z</time>
		</trkpt>
		<trkpt lat="35.107995" lon="128.489153">
			<ele>0.00</ele>
			<time>2020-01-17T00:22:48.65Z</time>
		</trkpt>
		<trkpt lat="35.108035" lon="128.489063">
			<ele>0.00</ele>
			<time>2020-01-17T00:22:49.21Z</time>
		</trkpt>
		<trkpt lat="35.108065" lon="128.488982">
			<ele>0.00</ele>
			<time>2020-01-17T00:22:49.69Z</time>
		</trkpt>
		<trkpt lat="35.108099" lon="128.488907">
			<ele>0.00</ele>
			<time>2020-01-17T00:22:50.16Z</time>
		</trkpt>
		<trkpt lat="35.108132" lon="128.488812">
			<ele>0.00</ele>
			<time>2020-01-17T00:22:50.72Z</time>
		</trkpt>
		<trkpt lat="35.108159" lon="128.488732">
			<ele>0.00</ele>
			<time>2020-01-17T00:22:51.19Z</time>
		</trkpt>
		<trkpt lat="35.108187" lon="128.488660">
			<ele>0.00</ele>
			<time>2020-01-17T00:22:51.63Z</time>
		</trkpt>
		<trkpt lat="35.108213" lon="128.488587">
			<ele>0.00</ele>
			<time>2020-01-17T00:22:52.06Z</time>
		</trkpt>
		<trkpt lat="35.108233" lon="128.488527">
			<ele>0.00</ele>
			<time>2020-01-17T00:22:52.42Z</time>
		</trkpt>
		<trkpt lat="35.108249" lon="128.488476">
			<ele>0.00</ele>
			<time>2020-01-17T00:22:52.72Z</time>
		</trkpt>
		<trkpt lat="35.108261" lon="128.488428">
			<ele>0.00</ele>
			<time>2020-01-17T00:22:52.99Z</time>
		</trkpt>
		<trkpt lat="35.108261" lon="128.488386">
			<ele>0.00</ele>
			<time>2020-01-17T00:22:53.22Z</time>
		</trkpt>
		<trkpt lat="35.108242" lon="128.488300">
			<ele>0.00</ele>
			<time>2020-01-17T00:22:53.70Z</time>
		</trkpt>
		<trkpt lat="35.108225" lon="128.488220">
			<ele>0.00</ele>
			<time>2020-01-17T00:22:54.15Z</time>
		</trkpt>
		<trkpt lat="35.108200" lon="128.488145">
			<ele>0.00</ele>
			<time>2020-01-17T00:22:54.59Z</time>
		</trkpt>
		<trkpt lat="35.108181" lon="128.488070">
			<ele>0.00</ele>
			<time>2020-01-17T00:22:55.02Z</time>
		</trkpt>
		<trkpt lat="35.108165" lon="128.488004">
			<ele>0.00</ele>
			<time>2020-01-17T00:22:55.40Z</time>
		</trkpt>
		<trkpt lat="35.108143" lon="128.487922">
			<ele>0.00</ele>
			<time>2020-01-17T00:22:55.87Z</time>
		</trkpt>
		<trkpt lat="35.108127" lon="128.487862">
			<ele>0.00</ele>
			<time>2020-01-17T00:22:56.21Z</time>
		</trkpt>
		<trkpt lat="35.108108" lon="128.487785">
			<ele>0.00</ele>
			<time>2020-01-17T00:22:56.65Z</time>
		</trkpt>
		<trkpt lat="35.108091" lon="128.487731">
			<ele>0.00</ele>
			<time>2020-01-17T00:22:56.97Z</time>
		</trkpt>
		<trkpt lat="35.108082" lon="128.487671">
			<ele>0.00</ele>
			<time>2020-01-17T00:22:57.30Z</time>
		</trkpt>
		<trkpt lat="35.108082" lon="128.487617">
			<ele>0.00</ele>
			<time>2020-01-17T00:22:57.59Z</time>
		</trkpt>
		<trkpt lat="35.108106" lon="128.487579">
			<ele>0.00</ele>
			<time>2020-01-17T00:22:57.86Z</time>
		</trkpt>
		<trkpt lat="35.108157" lon="128.487541">
			<ele>0.00</ele>
			<time>2020-01-17T00:22:58.26Z</time>
		</trkpt>
		<trkpt lat="35.108222" lon="128.487522">
			<ele>0.00</ele>
			<time>2020-01-17T00:22:58.70Z</time>
		</trkpt>
		<trkpt lat="35.108284" lon="128.487512">
			<ele>0.00</ele>
			<time>2020-01-17T00:22:59.12Z</time>
		</trkpt>
		<trkpt lat="35.108338" lon="128.487506">
			<ele>0.00</ele>
			<time>2020-01-17T00:22:59.48Z</time>
		</trkpt>
		<trkpt lat="35.108396" lon="128.487511">
			<ele>0.00</ele>
			<time>2020-01-17T00:22:59.86Z</time>
		</trkpt>
		<trkpt lat="35.108450" lon="128.487513">
			<ele>0.00</ele>
			<time>2020-01-17T00:23:00.22Z</time>
		</trkpt>
		<trkpt lat="35.108519" lon="128.487537">
			<ele>0.00</ele>
			<time>2020-01-17T00:23:00.70Z</time>
		</trkpt>
		<trkpt lat="35.108599" lon="128.487563">
			<ele>0.00</ele>
			<time>2020-01-17T00:23:01.25Z</time>
		</trkpt>
		<trkpt lat="35.108660" lon="128.487572">
			<ele>0.00</ele>
			<time>2020-01-17T00:23:01.66Z</time>
		</trkpt>
		<trkpt lat="35.108722" lon="128.487583">
			<ele>0.00</ele>
			<time>2020-01-17T00:23:02.09Z</time>
		</trkpt>
		<trkpt lat="35.108764" lon="128.487585">
			<ele>0.00</ele>
			<time>2020-01-17T00:23:02.37Z</time>
		</trkpt>
		<trkpt lat="35.108801" lon="128.487600">
			<ele>0.00</ele>
			<time>2020-01-17T00:23:02.62Z</time>
		</trkpt>
		<trkpt lat="35.108860" lon="128.487641">
			<ele>0.00</ele>
			<time>2020-01-17T00:23:03.08Z</time>
		</trkpt>
		<trkpt lat="35.108928" lon="128.487688">
			<ele>0.00</ele>
			<time>2020-01-17T00:23:03.60Z</time>
		</trkpt>
		<trkpt lat="35.108989" lon="128.487718">
			<ele>0.00</ele>
			<time>2020-01-17T00:23:04.04Z</time>
		</trkpt>
		<trkpt lat="35.109046" lon="128.487741">
			<ele>0.00</ele>
			<time>2020-01-17T00:23:04.44Z</time>
		</trkpt>
		<trkpt lat="35.109135" lon="128.487771">
			<ele>0.00</ele>
			<time>2020-01-17T00:23:05.05Z</time>
		</trkpt>
		<trkpt lat="35.109212" lon="128.487795">
			<ele>0.00</ele>
			<time>2020-01-17T00:23:05.58Z</time>
		</trkpt>
		<trkpt lat="35.109276" lon="128.487823">
			<ele>0.00</ele>
			<time>2020-01-17T00:23:06.04Z</time>
		</trkpt>
		<trkpt lat="35.109356" lon="128.487849">
			<ele>0.00</ele>
			<time>2020-01-17T00:23:06.59Z</time>
		</trkpt>
		<trkpt lat="35.109424" lon="128.487889">
			<ele>0.00</ele>
			<time>2020-01-17T00:23:07.09Z</time>
		</trkpt>
		<trkpt lat="35.109511" lon="128.487911">
			<ele>0.00</ele>
			<time>2020-01-17T00:23:07.68Z</time>
		</trkpt>
		<trkpt lat="35.109600" lon="128.487922">
			<ele>0.00</ele>
			<time>2020-01-17T00:23:08.28Z</time>
		</trkpt>
		<trkpt lat="35.109696" lon="128.487945">
			<ele>0.00</ele>
			<time>2020-01-17T00:23:08.93Z</time>
		</trkpt>
		<trkpt lat="35.109782" lon="128.487967">
			<ele>0.00</ele>
			<time>2020-01-17T00:23:09.52Z</time>
		</trkpt>
		<trkpt lat="35.109897" lon="128.488008">
			<ele>0.00</ele>
			<time>2020-01-17T00:23:10.31Z</time>
		</trkpt>
		<trkpt lat="35.110001" lon="128.488061">
			<ele>0.00</ele>
			<time>2020-01-17T00:23:11.07Z</time>
		</trkpt>
		<trkpt lat="35.110077" lon="128.488110">
			<ele>0.00</ele>
			<time>2020-01-17T00:23:11.64Z</time>
		</trkpt>
		<trkpt lat="35.110170" lon="128.488161">
			<ele>0.00</ele>
			<time>2020-01-17T00:23:12.32Z</time>
		</trkpt>
		<trkpt lat="35.110258" lon="128.488221">
			<ele>0.00</ele>
			<time>2020-01-17T00:23:12.99Z</time>
		</trkpt>
		<trkpt lat="35.110339" lon="128.488261">
			<ele>0.00</ele>
			<time>2020-01-17T00:23:13.58Z</time>
		</trkpt>
		<trkpt lat="35.110414" lon="128.488300">
			<ele>0.00</ele>
			<time>2020-01-17T00:23:14.12Z</time>
		</trkpt>
		<trkpt lat="35.110490" lon="128.488342">
			<ele>0.00</ele>
			<time>2020-01-17T00:23:14.68Z</time>
		</trkpt>
		<trkpt lat="35.110558" lon="128.488385">
			<ele>0.00</ele>
			<time>2020-01-17T00:23:15.18Z</time>
		</trkpt>
		<trkpt lat="35.110608" lon="128.488440">
			<ele>0.00</ele>
			<time>2020-01-17T00:23:15.63Z</time>
		</trkpt>
		<trkpt lat="35.110665" lon="128.488506">
			<ele>0.00</ele>
			<time>2020-01-17T00:23:16.16Z</time>
		</trkpt>
		<trkpt lat="35.110721" lon="128.488576">
			<ele>0.00</ele>
			<time>2020-01-17T00:23:16.69Z</time>
		</trkpt>
		<trkpt lat="35.110779" lon="128.488644">
			<ele>0.00</ele>
			<time>2020-01-17T00:23:17.23Z</time>
		</trkpt>
		<trkpt lat="35.110826" lon="128.488699">
			<ele>0.00</ele>
			<time>2020-01-17T00:23:17.66Z</time>
		</trkpt>
		<trkpt lat="35.110858" lon="128.488782">
			<ele>0.00</ele>
			<time>2020-01-17T00:23:18.16Z</time>
		</trkpt>
		<trkpt lat="35.110913" lon="128.488872">
			<ele>0.00</ele>
			<time>2020-01-17T00:23:18.77Z</time>
		</trkpt>
		<trkpt lat="35.110940" lon="128.488923">
			<ele>0.00</ele>
			<time>2020-01-17T00:23:19.10Z</time>
		</trkpt>
		<trkpt lat="35.110992" lon="128.488993">
			<ele>0.00</ele>
			<time>2020-01-17T00:23:19.61Z</time>
		</trkpt>
		<trkpt lat="35.111042" lon="128.489056">
			<ele>0.00</ele>
			<time>2020-01-17T00:23:20.09Z</time>
		</trkpt>
		<trkpt lat="35.111105" lon="128.489113">
			<ele>0.00</ele>
			<time>2020-01-17T00:23:20.62Z</time>
		</trkpt>
		<trkpt lat="35.111181" lon="128.489166">
			<ele>0.00</ele>
			<time>2020-01-17T00:23:21.20Z</time>
		</trkpt>
		<trkpt lat="35.111240" lon="128.489097">
			<ele>0.00</ele>
			<time>2020-01-17T00:23:21.74Z</time>
		</trkpt>
		<trkpt lat="35.111309" lon="128.489030">
			<ele>0.00</ele>
			<time>2020-01-17T00:23:22.33Z</time>
		</trkpt>
		<trkpt lat="35.111363" lon="128.488972">
			<ele>0.00</ele>
			<time>2020-01-17T00:23:22.81Z</time>
		</trkpt>
		<trkpt lat="35.111417" lon="128.488919">
			<ele>0.00</ele>
			<time>2020-01-17T00:23:23.27Z</time>
		</trkpt>
		<trkpt lat="35.111464" lon="128.488856">
			<ele>0.00</ele>
			<time>2020-01-17T00:23:23.74Z</time>
		</trkpt>
		<trkpt lat="35.111516" lon="128.488788">
			<ele>0.00</ele>
			<time>2020-01-17T00:23:24.25Z</time>
		</trkpt>
		<trkpt lat="35.111577" lon="128.488687">
			<ele>0.00</ele>
			<time>2020-01-17T00:23:24.93Z</time>
		</trkpt>
		<trkpt lat="35.111656" lon="128.488600">
			<ele>0.00</ele>
			<time>2020-01-17T00:23:25.64Z</time>
		</trkpt>
		<trkpt lat="35.111706" lon="128.488543">
			<ele>0.00</ele>
			<time>2020-01-17T00:23:26.10Z</time>
		</trkpt>
		<trkpt lat="35.111773" lon="128.488479">
			<ele>0.00</ele>
			<time>2020-01-17T00:23:26.66Z</time>
		</trkpt>
		<trkpt lat="35.111859" lon="128.488401">
			<ele>0.00</ele>
			<time>2020-01-17T00:23:27.38Z</time>
		</trkpt>
		<trkpt lat="35.111925" lon="128.488333">
			<ele>0.00</ele>
			<time>2020-01-17T00:23:27.95Z</time>
		</trkpt>
		<trkpt lat="35.112002" lon="128.488245">
			<ele>0.00</ele>
			<time>2020-01-17T00:23:28.65Z</time>
		</trkpt>
		<trkpt lat="35.112063" lon="128.488187">
			<ele>0.00</ele>
			<time>2020-01-17T00:23:29.17Z</time>
		</trkpt>
		<trkpt lat="35.112119" lon="128.488100">
			<ele>0.00</ele>
			<time>2020-01-17T00:23:29.77Z</time>
		</trkpt>
		<trkpt lat="35.112124" lon="128.488094">
			<ele>0.00</ele>
			<time>2020-01-17T00:23:29.83Z</time>
		</trkpt>
		<trkpt lat="35.112216" lon="128.487983">
			<ele>0.00</ele>
			<time>2020-01-17T00:23:30.69Z</time>
		</trkpt>
		<trkpt lat="35.112308" lon="128.487879">
			<ele>0.00</ele>
			<time>2020-01-17T00:23:31.53Z</time>
		</trkpt>
		<trkpt lat="35.112385" lon="128.487797">
			<ele>0.00</ele>
			<time>2020-01-17T00:23:32.21Z</time>
		</trkpt>
		<trkpt lat="35.112444" lon="128.487706">
			<ele>0.00</ele>
			<time>2020-01-17T00:23:32.84Z</time>
		</trkpt>
		<trkpt lat="35.112505" lon="128.487623">
			<ele>0.00</ele>
			<time>2020-01-17T00:23:33.45Z</time>
		</trkpt>
		<trkpt lat="35.112510" lon="128.487615">
			<ele>0.00</ele>
			<time>2020-01-17T00:23:33.51Z</time>
		</trkpt>
		<trkpt lat="35.112576" lon="128.487534">
			<ele>0.00</ele>
			<time>2020-01-17T00:23:34.13Z</time>
		</trkpt>
		<trkpt lat="35.112581" lon="128.487530">
			<ele>0.00</ele>
			<time>2020-01-17T00:23:34.19Z</time>
		</trkpt>
		<trkpt lat="35.112666" lon="128.487428">
			<ele>0.00</ele>
			<time>2020-01-17T00:23:34.98Z</time>
		</trkpt>
		<trkpt lat="35.112713" lon="128.487354">
			<ele>0.00</ele>
			<time>2020-01-17T00:23:35.49Z</time>
		</trkpt>
		<trkpt lat="35.112769" lon="128.487287">
			<ele>0.00</ele>
			<time>2020-01-17T00:23:36.01Z</time>
		</trkpt>
		<trkpt lat="35.112800" lon="128.487253">
			<ele>0.00</ele>
			<time>2020-01-17T00:23:36.29Z</time>
		</trkpt>
		<trkpt lat="35.112855" lon="128.487194">
			<ele>0.00</ele>
			<time>2020-01-17T00:23:36.78Z</time>
		</trkpt>
		<trkpt lat="35.112914" lon="128.487129">
			<ele>0.00</ele>
			<time>2020-01-17T00:23:37.31Z</time>
		</trkpt>
		<trkpt lat="35.112980" lon="128.487048">
			<ele>0.00</ele>
			<time>2020-01-17T00:23:37.93Z</time>
		</trkpt>
		<trkpt lat="35.113032" lon="128.486981">
			<ele>0.00</ele>
			<time>2020-01-17T00:23:38.44Z</time>
		</trkpt>
		<trkpt lat="35.113097" lon="128.486887">
			<ele>0.00</ele>
			<time>2020-01-17T00:23:39.11Z</time>
		</trkpt>
		<trkpt lat="35.113158" lon="128.486811">
			<ele>0.00</ele>
			<time>2020-01-17T00:23:39.69Z</time>
		</trkpt>
		<trkpt lat="35.113218" lon="128.486753">
			<ele>0.00</ele>
			<time>2020-01-17T00:23:40.20Z</time>
		</trkpt>
		<trkpt lat="35.113271" lon="128.486677">
			<ele>0.00</ele>
			<time>2020-01-17T00:23:40.74Z</time>
		</trkpt>
		<trkpt lat="35.113331" lon="128.486600">
			<ele>0.00</ele>
			<time>2020-01-17T00:23:41.33Z</time>
		</trkpt>
		<trkpt lat="35.113398" lon="128.486518">
			<ele>0.00</ele>
			<time>2020-01-17T00:23:41.96Z</time>
		</trkpt>
		<trkpt lat="35.113467" lon="128.486442">
			<ele>0.00</ele>
			<time>2020-01-17T00:23:42.58Z</time>
		</trkpt>
		<trkpt lat="35.113542" lon="128.486347">
			<ele>0.00</ele>
			<time>2020-01-17T00:23:43.30Z</time>
		</trkpt>
		<trkpt lat="35.113615" lon="128.486287">
			<ele>0.00</ele>
			<time>2020-01-17T00:23:43.88Z</time>
		</trkpt>
		<trkpt lat="35.113701" lon="128.486198">
			<ele>0.00</ele>
			<time>2020-01-17T00:23:44.63Z</time>
		</trkpt>
		<trkpt lat="35.113786" lon="128.486110">
			<ele>0.00</ele>
			<time>2020-01-17T00:23:45.38Z</time>
		</trkpt>
		<trkpt lat="35.113859" lon="128.486051">
			<ele>0.00</ele>
			<time>2020-01-17T00:23:45.96Z</time>
		</trkpt>
		<trkpt lat="35.113951" lon="128.485971">
			<ele>0.00</ele>
			<time>2020-01-17T00:23:46.72Z</time>
		</trkpt>
		<trkpt lat="35.114053" lon="128.485871">
			<ele>0.00</ele>
			<time>2020-01-17T00:23:47.58Z</time>
		</trkpt>
		<trkpt lat="35.114143" lon="128.485805">
			<ele>0.00</ele>
			<time>2020-01-17T00:23:48.29Z</time>
		</trkpt>
		<trkpt lat="35.114248" lon="128.485714">
			<ele>0.00</ele>
			<time>2020-01-17T00:23:49.14Z</time>
		</trkpt>
		<trkpt lat="35.114326" lon="128.485627">
			<ele>0.00</ele>
			<time>2020-01-17T00:23:49.85Z</time>
		</trkpt>
		<trkpt lat="35.114396" lon="128.485521">
			<ele>0.00</ele>
			<time>2020-01-17T00:23:50.59Z</time>
		</trkpt>
		<trkpt lat="35.114436" lon="128.485447">
			<ele>0.00</ele>
			<time>2020-01-17T00:23:51.07Z</time>
		</trkpt>
		<trkpt lat="35.114454" lon="128.485372">
			<ele>0.00</ele>
			<time>2020-01-17T00:23:51.50Z</time>
		</trkpt>
		<trkpt lat="35.114458" lon="128.485296">
			<ele>0.00</ele>
			<time>2020-01-17T00:23:51.92Z</time>
		</trkpt>
		<trkpt lat="35.114470" lon="128.485201">
			<ele>0.00</ele>
			<time>2020-01-17T00:23:52.44Z</time>
		</trkpt>
		<trkpt lat="35.114459" lon="128.485088">
			<ele>0.00</ele>
			<time>2020-01-17T00:23:53.06Z</time>
		</trkpt>
		<trkpt lat="35.114445" lon="128.485007">
			<ele>0.00</ele>
			<time>2020-01-17T00:23:53.51Z</time>
		</trkpt>
		<trkpt lat="35.114420" lon="128.484913">
			<ele>0.00</ele>
			<time>2020-01-17T00:23:54.05Z</time>
		</trkpt>
		<trkpt lat="35.114396" lon="128.484799">
			<ele>0.00</ele>
			<time>2020-01-17T00:23:54.69Z</time>
		</trkpt>
		<trkpt lat="35.114354" lon="128.484639">
			<ele>0.00</ele>
			<time>2020-01-17T00:23:55.61Z</time>
		</trkpt>
		<trkpt lat="35.114340" lon="128.484551">
			<ele>0.00</ele>
			<time>2020-01-17T00:23:56.10Z</time>
		</trkpt>
		<trkpt lat="35.114313" lon="128.484446">
			<ele>0.00</ele>
			<time>2020-01-17T00:23:56.70Z</time>
		</trkpt>
		<trkpt lat="35.114299" lon="128.484333">
			<ele>0.00</ele>
			<time>2020-01-17T00:23:57.32Z</time>
		</trkpt>
		<trkpt lat="35.114287" lon="128.484249">
			<ele>0.00</ele>
			<time>2020-01-17T00:23:57.79Z</time>
		</trkpt>
		<trkpt lat="35.114266" lon="128.484121">
			<ele>0.00</ele>
			<time>2020-01-17T00:23:58.50Z</time>
		</trkpt>
		<trkpt lat="35.114247" lon="128.484053">
			<ele>0.00</ele>
			<time>2020-01-17T00:23:58.89Z</time>
		</trkpt>
		<trkpt lat="35.114219" lon="128.483932">
			<ele>0.00</ele>
			<time>2020-01-17T00:23:59.58Z</time>
		</trkpt>
		<trkpt lat="35.114188" lon="128.483828">
			<ele>0.00</ele>
			<time>2020-01-17T00:24:00.18Z</time>
		</trkpt>
		<trkpt lat="35.114164" lon="128.483719">
			<ele>0.00</ele>
			<time>2020-01-17T00:24:00.80Z</time>
		</trkpt>
		<trkpt lat="35.114143" lon="128.483613">
			<ele>0.00</ele>
			<time>2020-01-17T00:24:01.39Z</time>
		</trkpt>
		<trkpt lat="35.114105" lon="128.483480">
			<ele>0.00</ele>
			<time>2020-01-17T00:24:02.16Z</time>
		</trkpt>
		<trkpt lat="35.114058" lon="128.483299">
			<ele>0.00</ele>
			<time>2020-01-17T00:24:03.20Z</time>
		</trkpt>
		<trkpt lat="35.114048" lon="128.483211">
			<ele>0.00</ele>
			<time>2020-01-17T00:24:03.68Z</time>
		</trkpt>
		<trkpt lat="35.114036" lon="128.483117">
			<ele>0.00</ele>
			<time>2020-01-17T00:24:04.20Z</time>
		</trkpt>
		<trkpt lat="35.114014" lon="128.482975">
			<ele>0.00</ele>
			<time>2020-01-17T00:24:04.99Z</time>
		</trkpt>
		<trkpt lat="35.114014" lon="128.482968">
			<ele>0.00</ele>
			<time>2020-01-17T00:24:05.05Z</time>
		</trkpt>
		<trkpt lat="35.113993" lon="128.482821">
			<ele>0.00</ele>
			<time>2020-01-17T00:24:05.86Z</time>
		</trkpt>
		<trkpt lat="35.113973" lon="128.482696">
			<ele>0.00</ele>
			<time>2020-01-17T00:24:06.56Z</time>
		</trkpt>
		<trkpt lat="35.113955" lon="128.482575">
			<ele>0.00</ele>
			<time>2020-01-17T00:24:07.23Z</time>
		</trkpt>
		<trkpt lat="35.113945" lon="128.482477">
			<ele>0.00</ele>
			<time>2020-01-17T00:24:07.77Z</time>
		</trkpt>
		<trkpt lat="35.113922" lon="128.482347">
			<ele>0.00</ele>
			<time>2020-01-17T00:24:08.49Z</time>
		</trkpt>
		<trkpt lat="35.113905" lon="128.482221">
			<ele>0.00</ele>
			<time>2020-01-17T00:24:09.19Z</time>
		</trkpt>
		<trkpt lat="35.113905" lon="128.482217">
			<ele>0.00</ele>
			<time>2020-01-17T00:24:09.25Z</time>
		</trkpt>
		<trkpt lat="35.113900" lon="128.482102">
			<ele>0.00</ele>
			<time>2020-01-17T00:24:09.87Z</time>
		</trkpt>
		<trkpt lat="35.113899" lon="128.482009">
			<ele>0.00</ele>
			<time>2020-01-17T00:24:10.38Z</time>
		</trkpt>
		<trkpt lat="35.113879" lon="128.481908">
			<ele>0.00</ele>
			<time>2020-01-17T00:24:10.95Z</time>
		</trkpt>
		<trkpt lat="35.113865" lon="128.481801">
			<ele>0.00</ele>
			<time>2020-01-17T00:24:11.54Z</time>
		</trkpt>
		<trkpt lat="35.113852" lon="128.481717">
			<ele>0.00</ele>
			<time>2020-01-17T00:24:12Z</time>
		</trkpt>
		<trkpt lat="35.113831" lon="128.481641">
			<ele>0.00</ele>
			<time>2020-01-17T00:24:12.45Z</time>
		</trkpt>
		<trkpt lat="35.113812" lon="128.481564">
			<ele>0.00</ele>
			<time>2020-01-17T00:24:12.88Z</time>
		</trkpt>
		<trkpt lat="35.113780" lon="128.481508">
			<ele>0.00</ele>
			<time>2020-01-17T00:24:13.26Z</time>
		</trkpt>
		<trkpt lat="35.113758" lon="128.481444">
			<ele>0.00</ele>
			<time>2020-01-17T00:24:13.63Z</time>
		</trkpt>
		<trkpt lat="35.113748" lon="128.481365">
			<ele>0.00</ele>
			<time>2020-01-17T00:24:14.07Z</time>
		</trkpt>
		<trkpt lat="35.113737" lon="128.481259">
			<ele>0.00</ele>
			<time>2020-01-17T00:24:14.65Z</time>
		</trkpt>
		<trkpt lat="35.113724" lon="128.481130">
			<ele>0.00</ele>
			<time>2020-01-17T00:24:15.36Z</time>
		</trkpt>
		<trkpt lat="35.113718" lon="128.481022">
			<ele>0.00</ele>
			<time>2020-01-17T00:24:15.95Z</time>
		</trkpt>
		<trkpt lat="35.113740" lon="128.480912">
			<ele>0.00</ele>
			<time>2020-01-17T00:24:16.57Z</time>
		</trkpt>
		<trkpt lat="35.113754" lon="128.480811">
			<ele>0.00</ele>
			<time>2020-01-17T00:24:17.13Z</time>
		</trkpt>
		<trkpt lat="35.113783" lon="128.480673">
			<ele>0.00</ele>
			<time>2020-01-17T00:24:17.91Z</time>
		</trkpt>
		<trkpt lat="35.113815" lon="128.480553">
			<ele>0.00</ele>
			<time>2020-01-17T00:24:18.59Z</time>
		</trkpt>
		<trkpt lat="35.113846" lon="128.480442">
			<ele>0.00</ele>
			<time>2020-01-17T00:24:19.23Z</time>
		</trkpt>
		<trkpt lat="35.113892" lon="128.480318">
			<ele>0.00</ele>
			<time>2020-01-17T00:24:19.98Z</time>
		</trkpt>
		<trkpt lat="35.113921" lon="128.480184">
			<ele>0.00</ele>
			<time>2020-01-17T00:24:20.73Z</time>
		</trkpt>
		<trkpt lat="35.113980" lon="128.480054">
			<ele>0.00</ele>
			<time>2020-01-17T00:24:21.54Z</time>
		</trkpt>
		<trkpt lat="35.114011" lon="128.479951">
			<ele>0.00</ele>
			<time>2020-01-17T00:24:22.14Z</time>
		</trkpt>
		<trkpt lat="35.114050" lon="128.479850">
			<ele>0.00</ele>
			<time>2020-01-17T00:24:22.75Z</time>
		</trkpt>
		<trkpt lat="35.114076" lon="128.479770">
			<ele>0.00</ele>
			<time>2020-01-17T00:24:23.22Z</time>
		</trkpt>
		<trkpt lat="35.114083" lon="128.479706">
			<ele>0.00</ele>
			<time>2020-01-17T00:24:23.57Z</time>
		</trkpt>
		<trkpt lat="35.114106" lon="128.479623">
			<ele>0.00</ele>
			<time>2020-01-17T00:24:24.05Z</time>
		</trkpt>
		<trkpt lat="35.114127" lon="128.479554">
			<ele>0.00</ele>
			<time>2020-01-17T00:24:24.45Z</time>
		</trkpt>
		<trkpt lat="35.114143" lon="128.479476">
			<ele>0.00</ele>
			<time>2020-01-17T00:24:24.89Z</time>
		</trkpt>
		<trkpt lat="35.114131" lon="128.479425">
			<ele>0.00</ele>
			<time>2020-01-17T00:24:25.18Z</time>
		</trkpt>
		<trkpt lat="35.114107" lon="128.479373">
			<ele>0.00</ele>
			<time>2020-01-17T00:24:25.50Z</time>
		</trkpt>
		<trkpt lat="35.114029" lon="128.479371">
			<ele>0.00</ele>
			<time>2020-01-17T00:24:26.02Z</time>
		</trkpt>
		<trkpt lat="35.114027" lon="128.479371">
			<ele>0.00</ele>
			<time>2020-01-17T00:24:26.08Z</time>
		</trkpt>
		<trkpt lat="35.113946" lon="128.479365">
			<ele>0.00</ele>
			<time>2020-01-17T00:24:26.63Z</time>
		</trkpt>
		<trkpt lat="35.113857" lon="128.479364">
			<ele>0.00</ele>
			<time>2020-01-17T00:24:27.22Z</time>
		</trkpt>
		<trkpt lat="35.113792" lon="128.479364">
			<ele>0.00</ele>
			<time>2020-01-17T00:24:27.65Z</time>
		</trkpt>
		<trkpt lat="35.113719" lon="128.479377">
			<ele>0.00</ele>
			<time>2020-01-17T00:24:28.15Z</time>
		</trkpt>
		<trkpt lat="35.113679" lon="128.479483">
			<ele>0.00</ele>
			<time>2020-01-17T00:24:28.78Z</time>
		</trkpt>
		<trkpt lat="35.113643" lon="128.479591">
			<ele>0.00</ele>
			<time>2020-01-17T00:24:29.42Z</time>
		</trkpt>
		<trkpt lat="35.113604" lon="128.479685">
			<ele>0.00</ele>
			<time>2020-01-17T00:24:29.99Z</time>
		</trkpt>
		<trkpt lat="35.113569" lon="128.479784">
			<ele>0.00</ele>
			<time>2020-01-17T00:24:30.58Z</time>
		</trkpt>
		<trkpt lat="35.113541" lon="128.479867">
			<ele>0.00</ele>
			<time>2020-01-17T00:24:31.07Z</time>
		</trkpt>
		<trkpt lat="35.113508" lon="128.479968">
			<ele>0.00</ele>
			<time>2020-01-17T00:24:31.67Z</time>
		</trkpt>
		<trkpt lat="35.113463" lon="128.480076">
			<ele>0.00</ele>
			<time>2020-01-17T00:24:32.33Z</time>
		</trkpt>
		<trkpt lat="35.113426" lon="128.480174">
			<ele>0.00</ele>
			<time>2020-01-17T00:24:32.91Z</time>
		</trkpt>
		<trkpt lat="35.113392" lon="128.480260">
			<ele>0.00</ele>
			<time>2020-01-17T00:24:33.43Z</time>
		</trkpt>
		<trkpt lat="35.113348" lon="128.480356">
			<ele>0.00</ele>
			<time>2020-01-17T00:24:34.03Z</time>
		</trkpt>
		<trkpt lat="35.113317" lon="128.480457">
			<ele>0.00</ele>
			<time>2020-01-17T00:24:34.63Z</time>
		</trkpt>
		<trkpt lat="35.113285" lon="128.480551">
			<ele>0.00</ele>
			<time>2020-01-17T00:24:35.18Z</time>
		</trkpt>
		<trkpt lat="35.113248" lon="128.480653">
			<ele>0.00</ele>
			<time>2020-01-17T00:24:35.79Z</time>
		</trkpt>
		<trkpt lat="35.113212" lon="128.480748">
			<ele>0.00</ele>
			<time>2020-01-17T00:24:36.36Z</time>
		</trkpt>
		<trkpt lat="35.113173" lon="128.480851">
			<ele>0.00</ele>
			<time>2020-01-17T00:24:36.97Z</time>
		</trkpt>
		<trkpt lat="35.113136" lon="128.480949">
			<ele>0.00</ele>
			<time>2020-01-17T00:24:37.57Z</time>
		</trkpt>
		<trkpt lat="35.113101" lon="128.481058">
			<ele>0.00</ele>
			<time>2020-01-17T00:24:38.20Z</time>
		</trkpt>
		<trkpt lat="35.113064" lon="128.481144">
			<ele>0.00</ele>
			<time>2020-01-17T00:24:38.73Z</time>
		</trkpt>
		<trkpt lat="35.113027" lon="128.481212">
			<ele>0.00</ele>
			<time>2020-01-17T00:24:39.18Z</time>
		</trkpt>
		<trkpt lat="35.113024" lon="128.481218">
			<ele>0.00</ele>
			<time>2020-01-17T00:24:39.24Z</time>
		</trkpt>
		<trkpt lat="35.112961" lon="128.481303">
			<ele>0.00</ele>
			<time>2020-01-17T00:24:39.86Z</time>
		</trkpt>
		<trkpt lat="35.112893" lon="128.481394">
			<ele>0.00</ele>
			<time>2020-01-17T00:24:40.53Z</time>
		</trkpt>
		<trkpt lat="35.112828" lon="128.481470">
			<ele>0.00</ele>
			<time>2020-01-17T00:24:41.13Z</time>
		</trkpt>
		<trkpt lat="35.112764" lon="128.481524">
			<ele>0.00</ele>
			<time>2020-01-17T00:24:41.65Z</time>
		</trkpt>
		<trkpt lat="35.112685" lon="128.481591">
			<ele>0.00</ele>
			<time>2020-01-17T00:24:42.29Z</time>
		</trkpt>
		<trkpt lat="35.112601" lon="128.481654">
			<ele>0.00</ele>
			<time>2020-01-17T00:24:42.95Z</time>
		</trkpt>
		<trkpt lat="35.112501" lon="128.481713">
			<ele>0.00</ele>
			<time>2020-01-17T00:24:43.69Z</time>
		</trkpt>
		<trkpt lat="35.112429" lon="128.481756">
			<ele>0.00</ele>
			<time>2020-01-17T00:24:44.22Z</time>
		</trkpt>
		<trkpt lat="35.112334" lon="128.481798">
			<ele>0.00</ele>
			<time>2020-01-17T00:24:44.89Z</time>
		</trkpt>
		<trkpt lat="35.112250" lon="128.481838">
			<ele>0.00</ele>
			<time>2020-01-17T00:24:45.50Z</time>
		</trkpt>
		<trkpt lat="35.112164" lon="128.481870">
			<ele>0.00</ele>
			<time>2020-01-17T00:24:46.10Z</time>
		</trkpt>
		<trkpt lat="35.112073" lon="128.481903">
			<ele>0.00</ele>
			<time>2020-01-17T00:24:46.73Z</time>
		</trkpt>
		<trkpt lat="35.111990" lon="128.481937">
			<ele>0.00</ele>
			<time>2020-01-17T00:24:47.31Z</time>
		</trkpt>
		<trkpt lat="35.111903" lon="128.481965">
			<ele>0.00</ele>
			<time>2020-01-17T00:24:47.92Z</time>
		</trkpt>
		<trkpt lat="35.111806" lon="128.482000">
			<ele>0.00</ele>
			<time>2020-01-17T00:24:48.59Z</time>
		</trkpt>
		<trkpt lat="35.111709" lon="128.482035">
			<ele>0.00</ele>
			<time>2020-01-17T00:24:49.26Z</time>
		</trkpt>
		<trkpt lat="35.111598" lon="128.482087">
			<ele>0.00</ele>
			<time>2020-01-17T00:24:50.06Z</time>
		</trkpt>
		<trkpt lat="35.111481" lon="128.482145">
			<ele>0.00</ele>
			<time>2020-01-17T00:24:50.90Z</time>
		</trkpt>
		<trkpt lat="35.111373" lon="128.482187">
			<ele>0.00</ele>
			<time>2020-01-17T00:24:51.65Z</time>
		</trkpt>
		<trkpt lat="35.111262" lon="128.482246">
			<ele>0.00</ele>
			<time>2020-01-17T00:24:52.46Z</time>
		</trkpt>
		<trkpt lat="35.111132" lon="128.482314">
			<ele>0.00</ele>
			<time>2020-01-17T00:24:53.40Z</time>
		</trkpt>
		<trkpt lat="35.111027" lon="128.482377">
			<ele>0.00</ele>
			<time>2020-01-17T00:24:54.18Z</time>
		</trkpt>
		<trkpt lat="35.110915" lon="128.482428">
			<ele>0.00</ele>
			<time>2020-01-17T00:24:54.98Z</time>
		</trkpt>
		<trkpt lat="35.110803" lon="128.482488">
			<ele>0.00</ele>
			<time>2020-01-17T00:24:55.79Z</time>
		</trkpt>
		<trkpt lat="35.110678" lon="128.482555">
			<ele>0.00</ele>
			<time>2020-01-17T00:24:56.70Z</time>
		</trkpt>
		<trkpt lat="35.110566" lon="128.482613">
			<ele>0.00</ele>
			<time>2020-01-17T00:24:57.51Z</time>
		</trkpt>
		<trkpt lat="35.110439" lon="128.482687">
			<ele>0.00</ele>
			<time>2020-01-17T00:24:58.45Z</time>
		</trkpt>
		<trkpt lat="35.110293" lon="128.482764">
			<ele>0.00</ele>
			<time>2020-01-17T00:24:59.51Z</time>
		</trkpt>
		<trkpt lat="35.110189" lon="128.482816">
			<ele>0.00</ele>
			<time>2020-01-17T00:25:00.26Z</time>
		</trkpt>
		<trkpt lat="35.110078" lon="128.482863">
			<ele>0.00</ele>
			<time>2020-01-17T00:25:01.04Z</time>
		</trkpt>
		<trkpt lat="35.109942" lon="128.482937">
			<ele>0.00</ele>
			<time>2020-01-17T00:25:02.04Z</time>
		</trkpt>
		<trkpt lat="35.109850" lon="128.482987">
			<ele>0.00</ele>
			<time>2020-01-17T00:25:02.71Z</time>
		</trkpt>
		<trkpt lat="35.109744" lon="128.483057">
			<ele>0.00</ele>
			<time>2020-01-17T00:25:03.51Z</time>
		</trkpt>
		<trkpt lat="35.109650" lon="128.483130">
			<ele>0.00</ele>
			<time>2020-01-17T00:25:04.25Z</time>
		</trkpt>
		<trkpt lat="35.109570" lon="128.483212">
			<ele>0.00</ele>
			<time>2020-01-17T00:25:04.95Z</time>
		</trkpt>
		<trkpt lat="35.109498" lon="128.483298">
			<ele>0.00</ele>
			<time>2020-01-17T00:25:05.62Z</time>
		</trkpt>
		<trkpt lat="35.109418" lon="128.483403">
			<ele>0.00</ele>
			<time>2020-01-17T00:25:06.40Z</time>
		</trkpt>
		<trkpt lat="35.109338" lon="128.483504">
			<ele>0.00</ele>
			<time>2020-01-17T00:25:07.17Z</time>
		</trkpt>
		<trkpt lat="35.109260" lon="128.483615">
			<ele>0.00</ele>
			<time>2020-01-17T00:25:07.97Z</time>
		</trkpt>
		<trkpt lat="35.109193" lon="128.483708">
			<ele>0.00</ele>
			<time>2020-01-17T00:25:08.64Z</time>
		</trkpt>
		<trkpt lat="35.109129" lon="128.483799">
			<ele>0.00</ele>
			<time>2020-01-17T00:25:09.29Z</time>
		</trkpt>
		<trkpt lat="35.109041" lon="128.483915">
			<ele>0.00</ele>
			<time>2020-01-17T00:25:10.16Z</time>
		</trkpt>
		<trkpt lat="35.108950" lon="128.484043">
			<ele>0.00</ele>
			<time>2020-01-17T00:25:11.09Z</time>
		</trkpt>
		<trkpt lat="35.108865" lon="128.484158">
			<ele>0.00</ele>
			<time>2020-01-17T00:25:11.93Z</time>
		</trkpt>
		<trkpt lat="35.108785" lon="128.484241">
			<ele>0.00</ele>
			<time>2020-01-17T00:25:12.63Z</time>
		</trkpt>
		<trkpt lat="35.108721" lon="128.484279">
			<ele>0.00</ele>
			<time>2020-01-17T00:25:13.11Z</time>
		</trkpt>
		<trkpt lat="35.108659" lon="128.484249">
			<ele>0.00</ele>
			<time>2020-01-17T00:25:13.55Z</time>
		</trkpt>
		<trkpt lat="35.108588" lon="128.484209">
			<ele>0.00</ele>
			<time>2020-01-17T00:25:14.07Z</time>
		</trkpt>
		<trkpt lat="35.108526" lon="128.484167">
			<ele>0.00</ele>
			<time>2020-01-17T00:25:14.54Z</time>
		</trkpt>
		<trkpt lat="35.108448" lon="128.484117">
			<ele>0.00</ele>
			<time>2020-01-17T00:25:15.13Z</time>
		</trkpt>
		<trkpt lat="35.108384" lon="128.484054">
			<ele>0.00</ele>
			<time>2020-01-17T00:25:15.67Z</time>
		</trkpt>
		<trkpt lat="35.108321" lon="128.484012">
			<ele>0.00</ele>
			<time>2020-01-17T00:25:16.16Z</time>
		</trkpt>
		<trkpt lat="35.108265" lon="128.483969">
			<ele>0.00</ele>
			<time>2020-01-17T00:25:16.60Z</time>
		</trkpt>
		<trkpt lat="35.108220" lon="128.483934">
			<ele>0.00</ele>
			<time>2020-01-17T00:25:16.95Z</time>
		</trkpt>
		<trkpt lat="35.108166" lon="128.483921">
			<ele>0.00</ele>
			<time>2020-01-17T00:25:17.32Z</time>
		</trkpt>
		<trkpt lat="35.108087" lon="128.483979">
			<ele>0.00</ele>
			<time>2020-01-17T00:25:17.93Z</time>
		</trkpt>
		<trkpt lat="35.108013" lon="128.484072">
			<ele>0.00</ele>
			<time>2020-01-17T00:25:18.64Z</time>
		</trkpt>
		<trkpt lat="35.107940" lon="128.484165">
			<ele>0.00</ele>
			<time>2020-01-17T00:25:19.34Z</time>
		</trkpt>
		<trkpt lat="35.107864" lon="128.484258">
			<ele>0.00</ele>
			<time>2020-01-17T00:25:20.06Z</time>
		</trkpt>
		<trkpt lat="35.107791" lon="128.484345">
			<ele>0.00</ele>
			<time>2020-01-17T00:25:20.74Z</time>
		</trkpt>
		<trkpt lat="35.107714" lon="128.484441">
			<ele>0.00</ele>
			<time>2020-01-17T00:25:21.47Z</time>
		</trkpt>
		<trkpt lat="35.107635" lon="128.484533">
			<ele>0.00</ele>
			<time>2020-01-17T00:25:22.20Z</time>
		</trkpt>
		<trkpt lat="35.107575" lon="128.484606">
			<ele>0.00</ele>
			<time>2020-01-17T00:25:22.76Z</time>
		</trkpt>
		<trkpt lat="35.107496" lon="128.484695">
			<ele>0.00</ele>
			<time>2020-01-17T00:25:23.48Z</time>
		</trkpt>
		<trkpt lat="35.107403" lon="128.484801">
			<ele>0.00</ele>
			<time>2020-01-17T00:25:24.33Z</time>
		</trkpt>
		<trkpt lat="35.107308" lon="128.484919">
			<ele>0.00</ele>
			<time>2020-01-17T00:25:25.23Z</time>
		</trkpt>
		<trkpt lat="35.107230" lon="128.485014">
			<ele>0.00</ele>
			<time>2020-01-17T00:25:25.96Z</time>
		</trkpt>
		<trkpt lat="35.107149" lon="128.485108">
			<ele>0.00</ele>
			<time>2020-01-17T00:25:26.71Z</time>
		</trkpt>
		<trkpt lat="35.107066" lon="128.485206">
			<ele>0.00</ele>
			<time>2020-01-17T00:25:27.48Z</time>
		</trkpt>
		<trkpt lat="35.106994" lon="128.485287">
			<ele>0.00</ele>
			<time>2020-01-17T00:25:28.13Z</time>
		</trkpt>
		<trkpt lat="35.106923" lon="128.485378">
			<ele>0.00</ele>
			<time>2020-01-17T00:25:28.81Z</time>
		</trkpt>
		<trkpt lat="35.106838" lon="128.485486">
			<ele>0.00</ele>
			<time>2020-01-17T00:25:29.63Z</time>
		</trkpt>
		<trkpt lat="35.106747" lon="128.485587">
			<ele>0.00</ele>
			<time>2020-01-17T00:25:30.45Z</time>
		</trkpt>
		<trkpt lat="35.106660" lon="128.485688">
			<ele>0.00</ele>
			<time>2020-01-17T00:25:31.25Z</time>
		</trkpt>
		<trkpt lat="35.106558" lon="128.485804">
			<ele>0.00</ele>
			<time>2020-01-17T00:25:32.18Z</time>
		</trkpt>
		<trkpt lat="35.106465" lon="128.485915">
			<ele>0.00</ele>
			<time>2020-01-17T00:25:33.05Z</time>
		</trkpt>
		<trkpt lat="35.106396" lon="128.485999">
			<ele>0.00</ele>
			<time>2020-01-17T00:25:33.70Z</time>
		</trkpt>
		<trkpt lat="35.106316" lon="128.486092">
			<ele>0.00</ele>
			<time>2020-01-17T00:25:34.43Z</time>
		</trkpt>
		<trkpt lat="35.106246" lon="128.486182">
			<ele>0.00</ele>
			<time>2020-01-17T00:25:35.11Z</time>
		</trkpt>
		<trkpt lat="35.106186" lon="128.486262">
			<ele>0.00</ele>
			<time>2020-01-17T00:25:35.70Z</time>
		</trkpt>
		<trkpt lat="35.106110" lon="128.486345">
			<ele>0.00</ele>
			<time>2020-01-17T00:25:36.38Z</time>
		</trkpt>
		<trkpt lat="35.106041" lon="128.486405">
			<ele>0.00</ele>
			<time>2020-01-17T00:25:36.95Z</time>
		</trkpt>
		<trkpt lat="35.105983" lon="128.486420">
			<ele>0.00</ele>
			<time>2020-01-17T00:25:37.34Z</time>
		</trkpt>
		<trkpt lat="35.105904" lon="128.486422">
			<ele>0.00</ele>
			<time>2020-01-17T00:25:37.87Z</time>
		</trkpt>
		<trkpt lat="35.105850" lon="128.486398">
			<ele>0.00</ele>
			<time>2020-01-17T00:25:38.25Z</time>
		</trkpt>
		<trkpt lat="35.105770" lon="128.486336">
			<ele>0.00</ele>
			<time>2020-01-17T00:25:38.88Z</time>
		</trkpt>
		<trkpt lat="35.105678" lon="128.486274">
			<ele>0.00</ele>
			<time>2020-01-17T00:25:39.58Z</time>
		</trkpt>
		<trkpt lat="35.105604" lon="128.486218">
			<ele>0.00</ele>
			<time>2020-01-17T00:25:40.16Z</time>
		</trkpt>
		<trkpt lat="35.105507" lon="128.486143">
			<ele>0.00</ele>
			<time>2020-01-17T00:25:40.93Z</time>
		</trkpt>
		<trkpt lat="35.105426" lon="128.486092">
			<ele>0.00</ele>
			<time>2020-01-17T00:25:41.54Z</time>
		</trkpt>
		<trkpt lat="35.105363" lon="128.486056">
			<ele>0.00</ele>
			<time>2020-01-17T00:25:42Z</time>
		</trkpt>
		<trkpt lat="35.105284" lon="128.486012">
			<ele>0.00</ele>
			<time>2020-01-17T00:25:42.58Z</time>
		</trkpt>
		<trkpt lat="35.105210" lon="128.485961">
			<ele>0.00</ele>
			<time>2020-01-17T00:25:43.15Z</time>
		</trkpt>
		<trkpt lat="35.105118" lon="128.485909">
			<ele>0.00</ele>
			<time>2020-01-17T00:25:43.82Z</time>
		</trkpt>
		<trkpt lat="35.105026" lon="128.485850">
			<ele>0.00</ele>
			<time>2020-01-17T00:25:44.51Z</time>
		</trkpt>
		<trkpt lat="35.104956" lon="128.485810">
			<ele>0.00</ele>
			<time>2020-01-17T00:25:45.03Z</time>
		</trkpt>
		<trkpt lat="35.104880" lon="128.485761">
			<ele>0.00</ele>
			<time>2020-01-17T00:25:45.60Z</time>
		</trkpt>
		<trkpt lat="35.104798" lon="128.485704">
			<ele>0.00</ele>
			<time>2020-01-17T00:25:46.23Z</time>
		</trkpt>
		<trkpt lat="35.104717" lon="128.485651">
			<ele>0.00</ele>
			<time>2020-01-17T00:25:46.85Z</time>
		</trkpt>
		<trkpt lat="35.104640" lon="128.485595">
			<ele>0.00</ele>
			<time>2020-01-17T00:25:47.44Z</time>
		</trkpt>
		<trkpt lat="35.104557" lon="128.485547">
			<ele>0.00</ele>
			<time>2020-01-17T00:25:48.05Z</time>
		</trkpt>
		<trkpt lat="35.104476" lon="128.485492">
			<ele>0.00</ele>
			<time>2020-01-17T00:25:48.67Z</time>
		</trkpt>
		<trkpt lat="35.104402" lon="128.485450">
			<ele>0.00</ele>
			<time>2020-01-17T00:25:49.21Z</time>
		</trkpt>
		<trkpt lat="35.104336" lon="128.485404">
			<ele>0.00</ele>
			<time>2020-01-17T00:25:49.72Z</time>
		</trkpt>
		<trkpt lat="35.104250" lon="128.485347">
			<ele>0.00</ele>
			<time>2020-01-17T00:25:50.37Z</time>
		</trkpt>
		<trkpt lat="35.104162" lon="128.485292">
			<ele>0.00</ele>
			<time>2020-01-17T00:25:51.03Z</time>
		</trkpt>
		<trkpt lat="35.104093" lon="128.485244">
			<ele>0.00</ele>
			<time>2020-01-17T00:25:51.56Z</time>
		</trkpt>
		<trkpt lat="35.104012" lon="128.485192">
			<ele>0.00</ele>
			<time>2020-01-17T00:25:52.17Z</time>
		</trkpt>
		<trkpt lat="35.103927" lon="128.485145">
			<ele>0.00</ele>
			<time>2020-01-17T00:25:52.79Z</time>
		</trkpt>
		<trkpt lat="35.103843" lon="128.485097">
			<ele>0.00</ele>
			<time>2020-01-17T00:25:53.41Z</time>
		</trkpt>
		<trkpt lat="35.103776" lon="128.485067">
			<ele>0.00</ele>
			<time>2020-01-17T00:25:53.88Z</time>
		</trkpt>
		<trkpt lat="35.103741" lon="128.485042">
			<ele>0.00</ele>
			<time>2020-01-17T00:25:54.16Z</time>
		</trkpt>
		<trkpt lat="35.103683" lon="128.485025">
			<ele>0.00</ele>
			<time>2020-01-17T00:25:54.55Z</time>
		</trkpt>
		<trkpt lat="35.103697" lon="128.484899">
			<ele>0.00</ele>
			<time>2020-01-17T00:25:55.24Z</time>
		</trkpt>
		<trkpt lat="35.103693" lon="128.484820">
			<ele>0.00</ele>
			<time>2020-01-17T00:25:55.67Z</time>
		</trkpt>
		<trkpt lat="35.103675" lon="128.484752">
			<ele>0.00</ele>
			<time>2020-01-17T00:25:56.07Z</time>
		</trkpt>
		<trkpt lat="35.103633" lon="128.484708">
			<ele>0.00</ele>
			<time>2020-01-17T00:25:56.43Z</time>
		</trkpt>
		<trkpt lat="35.103623" lon="128.484639">
			<ele>0.00</ele>
			<time>2020-01-17T00:25:56.82Z</time>
		</trkpt>
		<trkpt lat="35.103654" lon="128.484491">
			<ele>0.00</ele>
			<time>2020-01-17T00:25:57.65Z</time>
		</trkpt>
		<trkpt lat="35.103695" lon="128.484355">
			<ele>0.00</ele>
			<time>2020-01-17T00:25:58.44Z</time>
		</trkpt>
		<trkpt lat="35.103741" lon="128.484224">
			<ele>0.00</ele>
			<time>2020-01-17T00:25:59.22Z</time>
		</trkpt>
		<trkpt lat="35.103777" lon="128.484077">
			<ele>0.00</ele>
			<time>2020-01-17T00:26:00.05Z</time>
		</trkpt>
		<trkpt lat="35.103809" lon="128.483961">
			<ele>0.00</ele>
			<time>2020-01-17T00:26:00.72Z</time>
		</trkpt>
		<trkpt lat="35.103839" lon="128.483836">
			<ele>0.00</ele>
			<time>2020-01-17T00:26:01.44Z</time>
		</trkpt>
		<trkpt lat="35.103878" lon="128.483721">
			<ele>0.00</ele>
			<time>2020-01-17T00:26:02.11Z</time>
		</trkpt>
		<trkpt lat="35.103910" lon="128.483613">
			<ele>0.00</ele>
			<time>2020-01-17T00:26:02.74Z</time>
		</trkpt>
		<trkpt lat="35.103948" lon="128.483461">
			<ele>0.00</ele>
			<time>2020-01-17T00:26:03.60Z</time>
		</trkpt>
		<trkpt lat="35.103979" lon="128.483348">
			<ele>0.00</ele>
			<time>2020-01-17T00:26:04.26Z</time>
		</trkpt>
		<trkpt lat="35.104002" lon="128.483232">
			<ele>0.00</ele>
			<time>2020-01-17T00:26:04.91Z</time>
		</trkpt>
		<trkpt lat="35.103922" lon="128.483287">
			<ele>0.00</ele>
			<time>2020-01-17T00:26:05.51Z</time>
		</trkpt>
		<trkpt lat="35.103851" lon="128.483342">
			<ele>0.00</ele>
			<time>2020-01-17T00:26:06.07Z</time>
		</trkpt>
		<trkpt lat="35.103765" lon="128.483392">
			<ele>0.00</ele>
			<time>2020-01-17T00:26:06.71Z</time>
		</trkpt>
		<trkpt lat="35.103683" lon="128.483438">
			<ele>0.00</ele>
			<time>2020-01-17T00:26:07.31Z</time>
		</trkpt>
		<trkpt lat="35.103580" lon="128.483517">
			<ele>0.00</ele>
			<time>2020-01-17T00:26:08.12Z</time>
		</trkpt>
		<trkpt lat="35.103503" lon="128.483575">
			<ele>0.00</ele>
			<time>2020-01-17T00:26:08.72Z</time>
		</trkpt>
		<trkpt lat="35.103417" lon="128.483652">
			<ele>0.00</ele>
			<time>2020-01-17T00:26:09.43Z</time>
		</trkpt>
		<trkpt lat="35.103347" lon="128.483718">
			<ele>0.00</ele>
			<time>2020-01-17T00:26:10.02Z</time>
		</trkpt>
		<trkpt lat="35.103259" lon="128.483797">
			<ele>0.00</ele>
			<time>2020-01-17T00:26:10.75Z</time>
		</trkpt>
		<trkpt lat="35.103192" lon="128.483863">
			<ele>0.00</ele>
			<time>2020-01-17T00:26:11.33Z</time>
		</trkpt>
		<trkpt lat="35.103116" lon="128.483929">
			<ele>0.00</ele>
			<time>2020-01-17T00:26:11.95Z</time>
		</trkpt>
		<trkpt lat="35.103059" lon="128.483984">
			<ele>0.00</ele>
			<time>2020-01-17T00:26:12.43Z</time>
		</trkpt>
		<trkpt lat="35.102980" lon="128.484046">
			<ele>0.00</ele>
			<time>2020-01-17T00:26:13.06Z</time>
		</trkpt>
		<trkpt lat="35.102908" lon="128.484095">
			<ele>0.00</ele>
			<time>2020-01-17T00:26:13.61Z</time>
		</trkpt>
		<trkpt lat="35.102832" lon="128.484132">
			<ele>0.00</ele>
			<time>2020-01-17T00:26:14.15Z</time>
		</trkpt>
		<trkpt lat="35.102756" lon="128.484159">
			<ele>0.00</ele>
			<time>2020-01-17T00:26:14.68Z</time>
		</trkpt>
		<trkpt lat="35.102664" lon="128.484176">
			<ele>0.00</ele>
			<time>2020-01-17T00:26:15.30Z</time>
		</trkpt>
		<trkpt lat="35.102577" lon="128.484185">
			<ele>0.00</ele>
			<time>2020-01-17T00:26:15.88Z</time>
		</trkpt>
		<trkpt lat="35.102500" lon="128.484190">
			<ele>0.00</ele>
			<time>2020-01-17T00:26:16.40Z</time>
		</trkpt>
		<trkpt lat="35.102411" lon="128.484171">
			<ele>0.00</ele>
			<time>2020-01-17T00:26:17Z</time>
		</trkpt>
		<trkpt lat="35.102304" lon="128.484153">
			<ele>0.00</ele>
			<time>2020-01-17T00:26:17.72Z</time>
		</trkpt>
		<trkpt lat="35.102218" lon="128.484134">
			<ele>0.00</ele>
			<time>2020-01-17T00:26:18.30Z</time>
		</trkpt>
		<trkpt lat="35.102136" lon="128.484113">
			<ele>0.00</ele>
			<time>2020-01-17T00:26:18.86Z</time>
		</trkpt>
		<trkpt lat="35.102052" lon="128.484102">
			<ele>0.00</ele>
			<time>2020-01-17T00:26:19.42Z</time>
		</trkpt>
		<trkpt lat="35.101943" lon="128.484075">
			<ele>0.00</ele>
			<time>2020-01-17T00:26:20.16Z</time>
		</trkpt>
		<trkpt lat="35.101876" lon="128.484071">
			<ele>0.00</ele>
			<time>2020-01-17T00:26:20.61Z</time>
		</trkpt>
		<trkpt lat="35.101809" lon="128.484047">
			<ele>0.00</ele>
			<time>2020-01-17T00:26:21.08Z</time>
		</trkpt>
		<trkpt lat="35.101759" lon="128.484026">
			<ele>0.00</ele>
			<time>2020-01-17T00:26:21.43Z</time>
		</trkpt>
		<trkpt lat="35.101707" lon="128.483993">
			<ele>0.00</ele>
			<time>2020-01-17T00:26:21.82Z</time>
		</trkpt>
		<trkpt lat="35.101646" lon="128.483924">
			<ele>0.00</ele>
			<time>2020-01-17T00:26:22.37Z</time>
		</trkpt>
		<trkpt lat="35.101604" lon="128.483860">
			<ele>0.00</ele>
			<time>2020-01-17T00:26:22.82Z</time>
		</trkpt>
		<trkpt lat="35.101565" lon="128.483793">
			<ele>0.00</ele>
			<time>2020-01-17T00:26:23.27Z</time>
		</trkpt>
		<trkpt lat="35.101513" lon="128.483753">
			<ele>0.00</ele>
			<time>2020-01-17T00:26:23.68Z</time>
		</trkpt>
		<trkpt lat="35.101436" lon="128.483712">
			<ele>0.00</ele>
			<time>2020-01-17T00:26:24.24Z</time>
		</trkpt>
		<trkpt lat="35.101357" lon="128.483698">
			<ele>0.00</ele>
			<time>2020-01-17T00:26:24.77Z</time>
		</trkpt>
		<trkpt lat="35.101250" lon="128.483668">
			<ele>0.00</ele>
			<time>2020-01-17T00:26:25.50Z</time>
		</trkpt>
		<trkpt lat="35.101148" lon="128.483652">
			<ele>0.00</ele>
			<time>2020-01-17T00:26:26.19Z</time>
		</trkpt>
		<trkpt lat="35.101059" lon="128.483648">
			<ele>0.00</ele>
			<time>2020-01-17T00:26:26.78Z</time>
		</trkpt>
		<trkpt lat="35.100964" lon="128.483630">
			<ele>0.00</ele>
			<time>2020-01-17T00:26:27.42Z</time>
		</trkpt>
		<trkpt lat="35.100878" lon="128.483622">
			<ele>0.00</ele>
			<time>2020-01-17T00:26:28Z</time>
		</trkpt>
		<trkpt lat="35.100800" lon="128.483587">
			<ele>0.00</ele>
			<time>2020-01-17T00:26:28.55Z</time>
		</trkpt>
		<trkpt lat="35.100728" lon="128.483544">
			<ele>0.00</ele>
			<time>2020-01-17T00:26:29.09Z</time>
		</trkpt>
		<trkpt lat="35.100698" lon="128.483494">
			<ele>0.00</ele>
			<time>2020-01-17T00:26:29.42Z</time>
		</trkpt>
		<trkpt lat="35.100670" lon="128.483425">
			<ele>0.00</ele>
			<time>2020-01-17T00:26:29.85Z</time>
		</trkpt>
		<trkpt lat="35.100648" lon="128.483327">
			<ele>0.00</ele>
			<time>2020-01-17T00:26:30.40Z</time>
		</trkpt>
		<trkpt lat="35.100660" lon="128.483199">
			<ele>0.00</ele>
			<time>2020-01-17T00:26:31.10Z</time>
		</trkpt>
		<trkpt lat="35.100682" lon="128.483057">
			<ele>0.00</ele>
			<time>2020-01-17T00:26:31.89Z</time>
		</trkpt>
		<trkpt lat="35.100737" lon="128.482961">
			<ele>0.00</ele>
			<time>2020-01-17T00:26:32.53Z</time>
		</trkpt>
		<trkpt lat="35.100798" lon="128.482889">
			<ele>0.00</ele>
			<time>2020-01-17T00:26:33.10Z</time>
		</trkpt>
		<trkpt lat="35.100863" lon="128.482812">
			<ele>0.00</ele>
			<time>2020-01-17T00:26:33.70Z</time>
		</trkpt>
		<trkpt lat="35.100940" lon="128.482766">
			<ele>0.00</ele>
			<time>2020-01-17T00:26:34.27Z</time>
		</trkpt>
		<trkpt lat="35.101044" lon="128.482730">
			<ele>0.00</ele>
			<time>2020-01-17T00:26:34.99Z</time>
		</trkpt>
		<trkpt lat="35.101139" lon="128.482684">
			<ele>0.00</ele>
			<time>2020-01-17T00:26:35.67Z</time>
		</trkpt>
		<trkpt lat="35.101169" lon="128.482633">
			<ele>0.00</ele>
			<time>2020-01-17T00:26:36.01Z</time>
		</trkpt>
		<trkpt lat="35.101173" lon="128.482527">
			<ele>0.00</ele>
			<time>2020-01-17T00:26:36.59Z</time>
		</trkpt>
		<trkpt lat="35.101164" lon="128.482421">
			<ele>0.00</ele>
			<time>2020-01-17T00:26:37.18Z</time>
		</trkpt>
		<trkpt lat="35.101154" lon="128.482348">
			<ele>0.00</ele>
			<time>2020-01-17T00:26:37.58Z</time>
		</trkpt>
		<trkpt lat="35.101139" lon="128.482257">
			<ele>0.00</ele>
			<time>2020-01-17T00:26:38.08Z</time>
		</trkpt>
		<trkpt lat="35.101132" lon="128.482172">
			<ele>0.00</ele>
			<time>2020-01-17T00:26:38.55Z</time>
		</trkpt>
		<trkpt lat="35.101127" lon="128.482090">
			<ele>0.00</ele>
			<time>2020-01-17T00:26:39Z</time>
		</trkpt>
		<trkpt lat="35.101142" lon="128.482009">
			<ele>0.00</ele>
			<time>2020-01-17T00:26:39.45Z</time>
		</trkpt>
		<trkpt lat="35.101156" lon="128.481937">
			<ele>0.00</ele>
			<time>2020-01-17T00:26:39.86Z</time>
		</trkpt>
		<trkpt lat="35.101165" lon="128.481867">
			<ele>0.00</ele>
			<time>2020-01-17T00:26:40.24Z</time>
		</trkpt>
		<trkpt lat="35.101150" lon="128.481795">
			<ele>0.00</ele>
			<time>2020-01-17T00:26:40.65Z</time>
		</trkpt>
		<trkpt lat="35.101108" lon="128.481725">
			<ele>0.00</ele>
			<time>2020-01-17T00:26:41.12Z</time>
		</trkpt>
		<trkpt lat="35.101067" lon="128.481653">
			<ele>0.00</ele>
			<time>2020-01-17T00:26:41.60Z</time>
		</trkpt>
		<trkpt lat="35.101067" lon="128.481603">
			<ele>0.00</ele>
			<time>2020-01-17T00:26:41.88Z</time>
		</trkpt>
		<trkpt lat="35.101097" lon="128.481535">
			<ele>0.00</ele>
			<time>2020-01-17T00:26:42.29Z</time>
		</trkpt>
		<trkpt lat="35.101150" lon="128.481482">
			<ele>0.00</ele>
			<time>2020-01-17T00:26:42.75Z</time>
		</trkpt>
		<trkpt lat="35.101192" lon="128.481421">
			<ele>0.00</ele>
			<time>2020-01-17T00:26:43.19Z</time>
		</trkpt>
		<trkpt lat="35.101250" lon="128.481350">
			<ele>0.00</ele>
			<time>2020-01-17T00:26:43.74Z</time>
		</trkpt>
		<trkpt lat="35.101321" lon="128.481316">
			<ele>0.00</ele>
			<time>2020-01-17T00:26:44.24Z</time>
		</trkpt>
		<trkpt lat="35.101399" lon="128.481301">
			<ele>0.00</ele>
			<time>2020-01-17T00:26:44.77Z</time>
		</trkpt>
		<trkpt lat="35.101469" lon="128.481297">
			<ele>0.00</ele>
			<time>2020-01-17T00:26:45.23Z</time>
		</trkpt>
		<trkpt lat="35.101539" lon="128.481291">
			<ele>0.00</ele>
			<time>2020-01-17T00:26:45.70Z</time>
		</trkpt>
		<trkpt lat="35.101618" lon="128.481285">
			<ele>0.00</ele>
			<time>2020-01-17T00:26:46.23Z</time>
		</trkpt>
		<trkpt lat="35.101694" lon="128.481275">
			<ele>0.00</ele>
			<time>2020-01-17T00:26:46.74Z</time>
		</trkpt>
		<trkpt lat="35.101779" lon="128.481262">
			<ele>0.00</ele>
			<time>2020-01-17T00:26:47.31Z</time>
		</trkpt>
		<trkpt lat="35.101855" lon="128.481252">
			<ele>0.00</ele>
			<time>2020-01-17T00:26:47.82Z</time>
		</trkpt>
		<trkpt lat="35.101936" lon="128.481248">
			<ele>0.00</ele>
			<time>2020-01-17T00:26:48.36Z</time>
		</trkpt>
		<trkpt lat="35.102012" lon="128.481233">
			<ele>0.00</ele>
			<time>2020-01-17T00:26:48.87Z</time>
		</trkpt>
		<trkpt lat="35.102096" lon="128.481219">
			<ele>0.00</ele>
			<time>2020-01-17T00:26:49.44Z</time>
		</trkpt>
		<trkpt lat="35.102186" lon="128.481209">
			<ele>0.00</ele>
			<time>2020-01-17T00:26:50.04Z</time>
		</trkpt>
		<trkpt lat="35.102262" lon="128.481183">
			<ele>0.00</ele>
			<time>2020-01-17T00:26:50.57Z</time>
		</trkpt>
		<trkpt lat="35.102332" lon="128.481162">
			<ele>0.00</ele>
			<time>2020-01-17T00:26:51.05Z</time>
		</trkpt>
		<trkpt lat="35.102424" lon="128.481128">
			<ele>0.00</ele>
			<time>2020-01-17T00:26:51.69Z</time>
		</trkpt>
		<trkpt lat="35.102465" lon="128.481083">
			<ele>0.00</ele>
			<time>2020-01-17T00:26:52.06Z</time>
		</trkpt>
		<trkpt lat="35.102493" lon="128.481035">
			<ele>0.00</ele>
			<time>2020-01-17T00:26:52.38Z</time>
		</trkpt>
		<trkpt lat="35.102507" lon="128.480929">
			<ele>0.00</ele>
			<time>2020-01-17T00:26:52.97Z</time>
		</trkpt>
		<trkpt lat="35.102505" lon="128.480796">
			<ele>0.00</ele>
			<time>2020-01-17T00:26:53.69Z</time>
		</trkpt>
		<trkpt lat="35.102501" lon="128.480680">
			<ele>0.00</ele>
			<time>2020-01-17T00:26:54.32Z</time>
		</trkpt>
		<trkpt lat="35.102486" lon="128.480584">
			<ele>0.00</ele>
			<time>2020-01-17T00:26:54.86Z</time>
		</trkpt>
		<trkpt lat="35.102481" lon="128.480478">
			<ele>0.00</ele>
			<time>2020-01-17T00:26:55.44Z</time>
		</trkpt>
		<trkpt lat="35.102471" lon="128.480378">
			<ele>0.00</ele>
			<time>2020-01-17T00:26:55.99Z</time>
		</trkpt>
		<trkpt lat="35.102460" lon="128.480286">
			<ele>0.00</ele>
			<time>2020-01-17T00:26:56.49Z</time>
		</trkpt>
		<trkpt lat="35.102449" lon="128.480183">
			<ele>0.00</ele>
			<time>2020-01-17T00:26:57.06Z</time>
		</trkpt>
		<trkpt lat="35.102440" lon="128.480050">
			<ele>0.00</ele>
			<time>2020-01-17T00:26:57.79Z</time>
		</trkpt>
		<trkpt lat="35.102433" lon="128.479948">
			<ele>0.00</ele>
			<time>2020-01-17T00:26:58.35Z</time>
		</trkpt>
		<trkpt lat="35.102428" lon="128.479830">
			<ele>0.00</ele>
			<time>2020-01-17T00:26:58.99Z</time>
		</trkpt>
		<trkpt lat="35.102426" lon="128.479725">
			<ele>0.00</ele>
			<time>2020-01-17T00:26:59.56Z</time>
		</trkpt>
		<trkpt lat="35.102412" lon="128.479610">
			<ele>0.00</ele>
			<time>2020-01-17T00:27:00.20Z</time>
		</trkpt>
		<trkpt lat="35.102408" lon="128.479514">
			<ele>0.00</ele>
			<time>2020-01-17T00:27:00.72Z</time>
		</trkpt>
		<trkpt lat="35.102325" lon="128.479481">
			<ele>0.00</ele>
			<time>2020-01-17T00:27:01.31Z</time>
		</trkpt>
		<trkpt lat="35.102238" lon="128.479476">
			<ele>0.00</ele>
			<time>2020-01-17T00:27:01.89Z</time>
		</trkpt>
		<trkpt lat="35.102144" lon="128.479463">
			<ele>0.00</ele>
			<time>2020-01-17T00:27:02.52Z</time>
		</trkpt>
		<trkpt lat="35.102033" lon="128.479449">
			<ele>0.00</ele>
			<time>2020-01-17T00:27:03.26Z</time>
		</trkpt>
		<trkpt lat="35.101926" lon="128.479438">
			<ele>0.00</ele>
			<time>2020-01-17T00:27:03.97Z</time>
		</trkpt>
		<trkpt lat="35.101821" lon="128.479423">
			<ele>0.00</ele>
			<time>2020-01-17T00:27:04.68Z</time>
		</trkpt>
		<trkpt lat="35.101709" lon="128.479403">
			<ele>0.00</ele>
			<time>2020-01-17T00:27:05.44Z</time>
		</trkpt>
		<trkpt lat="35.101602" lon="128.479390">
			<ele>0.00</ele>
			<time>2020-01-17T00:27:06.15Z</time>
		</trkpt>
		<trkpt lat="35.101517" lon="128.479368">
			<ele>0.00</ele>
			<time>2020-01-17T00:27:06.73Z</time>
		</trkpt>
		<trkpt lat="35.101415" lon="128.479357">
			<ele>0.00</ele>
			<time>2020-01-17T00:27:07.41Z</time>
		</trkpt>
		<trkpt lat="35.101328" lon="128.479342">
			<ele>0.00</ele>
			<time>2020-01-17T00:27:08Z</time>
		</trkpt>
		<trkpt lat="35.101236" lon="128.479322">
			<ele>0.00</ele>
			<time>2020-01-17T00:27:08.62Z</time>
		</trkpt>
		<trkpt lat="35.101152" lon="128.479320">
			<ele>0.00</ele>
			<time>2020-01-17T00:27:09.18Z</time>
		</trkpt>
		<trkpt lat="35.101057" lon="128.479316">
			<ele>0.00</ele>
			<time>2020-01-17T00:27:09.81Z</time>
		</trkpt>
		<trkpt lat="35.100951" lon="128.479313">
			<ele>0.00</ele>
			<time>2020-01-17T00:27:10.53Z</time>
		</trkpt>
		<trkpt lat="35.100860" lon="128.479307">
			<ele>0.00</ele>
			<time>2020-01-17T00:27:11.13Z</time>
		</trkpt>
		<trkpt lat="35.100764" lon="128.479302">
			<ele>0.00</ele>
			<time>2020-01-17T00:27:11.77Z</time>
		</trkpt>
		<trkpt lat="35.100698" lon="128.479291">
			<ele>0.00</ele>
			<time>2020-01-17T00:27:12.21Z</time>
		</trkpt>
		<trkpt lat="35.100622" lon="128.479292">
			<ele>0.00</ele>
			<time>2020-01-17T00:27:12.72Z</time>
		</trkpt>
		<trkpt lat="35.100582" lon="128.479257">
			<ele>0.00</ele>
			<time>2020-01-17T00:27:13.05Z</time>
		</trkpt>
		<trkpt lat="35.100548" lon="128.479183">
			<ele>0.00</ele>
			<time>2020-01-17T00:27:13.52Z</time>
		</trkpt>
		<trkpt lat="35.100529" lon="128.479095">
			<ele>0.00</ele>
			<time>2020-01-17T00:27:14.01Z</time>
		</trkpt>
		<trkpt lat="35.100508" lon="128.478986">
			<ele>0.00</ele>
			<time>2020-01-17T00:27:14.62Z</time>
		</trkpt>
		<trkpt lat="35.100469" lon="128.478897">
			<ele>0.00</ele>
			<time>2020-01-17T00:27:15.17Z</time>
		</trkpt>
		<trkpt lat="35.100419" lon="128.478819">
			<ele>0.00</ele>
			<time>2020-01-17T00:27:15.71Z</time>
		</trkpt>
		<trkpt lat="35.100382" lon="128.478739">
			<ele>0.00</ele>
			<time>2020-01-17T00:27:16.21Z</time>
		</trkpt>
		<trkpt lat="35.100340" lon="128.478655">
			<ele>0.00</ele>
			<time>2020-01-17T00:27:16.75Z</time>
		</trkpt>
		<trkpt lat="35.100280" lon="128.478547">
			<ele>0.00</ele>
			<time>2020-01-17T00:27:17.46Z</time>
		</trkpt>
		<trkpt lat="35.100230" lon="128.478474">
			<ele>0.00</ele>
			<time>2020-01-17T00:27:17.98Z</time>
		</trkpt>
		<trkpt lat="35.100168" lon="128.478402">
			<ele>0.00</ele>
			<time>2020-01-17T00:27:18.55Z</time>
		</trkpt>
		<trkpt lat="35.100111" lon="128.478314">
			<ele>0.00</ele>
			<time>2020-01-17T00:27:19.16Z</time>
		</trkpt>
		<trkpt lat="35.100050" lon="128.478231">
			<ele>0.00</ele>
			<time>2020-01-17T00:27:19.77Z</time>
		</trkpt>
		<trkpt lat="35.099990" lon="128.478145">
			<ele>0.00</ele>
			<time>2020-01-17T00:27:20.39Z</time>
		</trkpt>
		<trkpt lat="35.099925" lon="128.478071">
			<ele>0.00</ele>
			<time>2020-01-17T00:27:20.98Z</time>
		</trkpt>
		<trkpt lat="35.099858" lon="128.477986">
			<ele>0.00</ele>
			<time>2020-01-17T00:27:21.62Z</time>
		</trkpt>
		<trkpt lat="35.099802" lon="128.477916">
			<ele>0.00</ele>
			<time>2020-01-17T00:27:22.16Z</time>
		</trkpt>
		<trkpt lat="35.099757" lon="128.477858">
			<ele>0.00</ele>
			<time>2020-01-17T00:27:22.60Z</time>
		</trkpt>
		<trkpt lat="35.099695" lon="128.477785">
			<ele>0.00</ele>
			<time>2020-01-17T00:27:23.17Z</time>
		</trkpt>
		<trkpt lat="35.099640" lon="128.477729">
			<ele>0.00</ele>
			<time>2020-01-17T00:27:23.64Z</time>
		</trkpt>
		<trkpt lat="35.099605" lon="128.477662">
			<ele>0.00</ele>
			<time>2020-01-17T00:27:24.08Z</time>
		</trkpt>
		<trkpt lat="35.099605" lon="128.477597">
			<ele>0.00</ele>
			<time>2020-01-17T00:27:24.43Z</time>
		</trkpt>
		<trkpt lat="35.099598" lon="128.477500">
			<ele>0.00</ele>
			<time>2020-01-17T00:27:24.96Z</time>
		</trkpt>
		<trkpt lat="35.099602" lon="128.477396">
			<ele>0.00</ele>
			<time>2020-01-17T00:27:25.53Z</time>
		</trkpt>
		<trkpt lat="35.099602" lon="128.477299">
			<ele>0.00</ele>
			<time>2020-01-17T00:27:26.06Z</time>
		</trkpt>
		<trkpt lat="35.099597" lon="128.477221">
			<ele>0.00</ele>
			<time>2020-01-17T00:27:26.48Z</time>
		</trkpt>
		<trkpt lat="35.099597" lon="128.477122">
			<ele>0.00</ele>
			<time>2020-01-17T00:27:27.03Z</time>
		</trkpt>
		<trkpt lat="35.099578" lon="128.477009">
			<ele>0.00</ele>
			<time>2020-01-17T00:27:27.66Z</time>
		</trkpt>
		<trkpt lat="35.099564" lon="128.476919">
			<ele>0.00</ele>
			<time>2020-01-17T00:27:28.16Z</time>
		</trkpt>
		<trkpt lat="35.099538" lon="128.476832">
			<ele>0.00</ele>
			<time>2020-01-17T00:27:28.66Z</time>
		</trkpt>
		<trkpt lat="35.099514" lon="128.476732">
			<ele>0.00</ele>
			<time>2020-01-17T00:27:29.23Z</time>
		</trkpt>
		<trkpt lat="35.099479" lon="128.476640">
			<ele>0.00</ele>
			<time>2020-01-17T00:27:29.78Z</time>
		</trkpt>
		<trkpt lat="35.099458" lon="128.476566">
			<ele>0.00</ele>
			<time>2020-01-17T00:27:30.21Z</time>
		</trkpt>
		<trkpt lat="35.099421" lon="128.476471">
			<ele>0.00</ele>
			<time>2020-01-17T00:27:30.78Z</time>
		</trkpt>
		<trkpt lat="35.099391" lon="128.476400">
			<ele>0.00</ele>
			<time>2020-01-17T00:27:31.22Z</time>
		</trkpt>
		<trkpt lat="35.099358" lon="128.476279">
			<ele>0.00</ele>
			<time>2020-01-17T00:27:31.92Z</time>
		</trkpt>
		<trkpt lat="35.099318" lon="128.476151">
			<ele>0.00</ele>
			<time>2020-01-17T00:27:32.66Z</time>
		</trkpt>
		<trkpt lat="35.099282" lon="128.476041">
			<ele>0.00</ele>
			<time>2020-01-17T00:27:33.31Z</time>
		</trkpt>
		<trkpt lat="35.099246" lon="128.475915">
			<ele>0.00</ele>
			<time>2020-01-17T00:27:34.04Z</time>
		</trkpt>
		<trkpt lat="35.099245" lon="128.475908">
			<ele>0.00</ele>
			<time>2020-01-17T00:27:34.10Z</time>
		</trkpt>
		<trkpt lat="35.099191" lon="128.475823">
			<ele>0.00</ele>
			<time>2020-01-17T00:27:34.68Z</time>
		</trkpt>
		<trkpt lat="35.099156" lon="128.475736">
			<ele>0.00</ele>
			<time>2020-01-17T00:27:35.21Z</time>
		</trkpt>
		<trkpt lat="35.099115" lon="128.475625">
			<ele>0.00</ele>
			<time>2020-01-17T00:27:35.88Z</time>
		</trkpt>
		<trkpt lat="35.099081" lon="128.475534">
			<ele>0.00</ele>
			<time>2020-01-17T00:27:36.42Z</time>
		</trkpt>
		<trkpt lat="35.099039" lon="128.475445">
			<ele>0.00</ele>
			<time>2020-01-17T00:27:36.98Z</time>
		</trkpt>
		<trkpt lat="35.098993" lon="128.475332">
			<ele>0.00</ele>
			<time>2020-01-17T00:27:37.67Z</time>
		</trkpt>
		<trkpt lat="35.098954" lon="128.475261">
			<ele>0.00</ele>
			<time>2020-01-17T00:27:38.14Z</time>
		</trkpt>
		<trkpt lat="35.098938" lon="128.475187">
			<ele>0.00</ele>
			<time>2020-01-17T00:27:38.55Z</time>
		</trkpt>
		<trkpt lat="35.098919" lon="128.475104">
			<ele>0.00</ele>
			<time>2020-01-17T00:27:39.02Z</time>
		</trkpt>
		<trkpt lat="35.098896" lon="128.475020">
			<ele>0.00</ele>
			<time>2020-01-17T00:27:39.51Z</time>
		</trkpt>
		<trkpt lat="35.098907" lon="128.474935">
			<ele>0.00</ele>
			<time>2020-01-17T00:27:39.98Z</time>
		</trkpt>
		<trkpt lat="35.098967" lon="128.474904">
			<ele>0.00</ele>
			<time>2020-01-17T00:27:40.41Z</time>
		</trkpt>
		<trkpt lat="35.099026" lon="128.474837">
			<ele>0.00</ele>
			<time>2020-01-17T00:27:40.95Z</time>
		</trkpt>
		<trkpt lat="35.099079" lon="128.474779">
			<ele>0.00</ele>
			<time>2020-01-17T00:27:41.42Z</time>
		</trkpt>
		<trkpt lat="35.099118" lon="128.474704">
			<ele>0.00</ele>
			<time>2020-01-17T00:27:41.91Z</time>
		</trkpt>
		<trkpt lat="35.099151" lon="128.474605">
			<ele>0.00</ele>
			<time>2020-01-17T00:27:42.49Z</time>
		</trkpt>
		<trkpt lat="35.099176" lon="128.474480">
			<ele>0.00</ele>
			<time>2020-01-17T00:27:43.20Z</time>
		</trkpt>
		<trkpt lat="35.099198" lon="128.474374">
			<ele>0.00</ele>
			<time>2020-01-17T00:27:43.79Z</time>
		</trkpt>
		<trkpt lat="35.099207" lon="128.474270">
			<ele>0.00</ele>
			<time>2020-01-17T00:27:44.36Z</time>
		</trkpt>
		<trkpt lat="35.099207" lon="128.474145">
			<ele>0.00</ele>
			<time>2020-01-17T00:27:45.04Z</time>
		</trkpt>
		<trkpt lat="35.099193" lon="128.474019">
			<ele>0.00</ele>
			<time>2020-01-17T00:27:45.73Z</time>
		</trkpt>
		<trkpt lat="35.099186" lon="128.473940">
			<ele>0.00</ele>
			<time>2020-01-17T00:27:46.17Z</time>
		</trkpt>
		<trkpt lat="35.099163" lon="128.473847">
			<ele>0.00</ele>
			<time>2020-01-17T00:27:46.70Z</time>
		</trkpt>
		<trkpt lat="35.099162" lon="128.473752">
			<ele>0.00</ele>
			<time>2020-01-17T00:27:47.21Z</time>
		</trkpt>
		<trkpt lat="35.099158" lon="128.473638">
			<ele>0.00</ele>
			<time>2020-01-17T00:27:47.84Z</time>
		</trkpt>
		<trkpt lat="35.099173" lon="128.473508">
			<ele>0.00</ele>
			<time>2020-01-17T00:27:48.55Z</time>
		</trkpt>
		<trkpt lat="35.099171" lon="128.473385">
			<ele>0.00</ele>
			<time>2020-01-17T00:27:49.23Z</time>
		</trkpt>
		<trkpt lat="35.099177" lon="128.473292">
			<ele>0.00</ele>
			<time>2020-01-17T00:27:49.74Z</time>
		</trkpt>
		<trkpt lat="35.099180" lon="128.473170">
			<ele>0.00</ele>
			<time>2020-01-17T00:27:50.40Z</time>
		</trkpt>
		<trkpt lat="35.099181" lon="128.473058">
			<ele>0.00</ele>
			<time>2020-01-17T00:27:51.01Z</time>
		</trkpt>
		<trkpt lat="35.099177" lon="128.472946">
			<ele>0.00</ele>
			<time>2020-01-17T00:27:51.62Z</time>
		</trkpt>
		<trkpt lat="35.099172" lon="128.472836">
			<ele>0.00</ele>
			<time>2020-01-17T00:27:52.22Z</time>
		</trkpt>
		<trkpt lat="35.099164" lon="128.472736">
			<ele>0.00</ele>
			<time>2020-01-17T00:27:52.77Z</time>
		</trkpt>
		<trkpt lat="35.099141" lon="128.472645">
			<ele>0.00</ele>
			<time>2020-01-17T00:27:53.29Z</time>
		</trkpt>
		<trkpt lat="35.099118" lon="128.472569">
			<ele>0.00</ele>
			<time>2020-01-17T00:27:53.73Z</time>
		</trkpt>
		<trkpt lat="35.099084" lon="128.472472">
			<ele>0.00</ele>
			<time>2020-01-17T00:27:54.31Z</time>
		</trkpt>
		<trkpt lat="35.099074" lon="128.472374">
			<ele>0.00</ele>
			<time>2020-01-17T00:27:54.85Z</time>
		</trkpt>
		<trkpt lat="35.099051" lon="128.472272">
			<ele>0.00</ele>
			<time>2020-01-17T00:27:55.42Z</time>
		</trkpt>
		<trkpt lat="35.099088" lon="128.472203">
			<ele>0.00</ele>
			<time>2020-01-17T00:27:55.87Z</time>
		</trkpt>
		<trkpt lat="35.099141" lon="128.472153">
			<ele>0.00</ele>
			<time>2020-01-17T00:27:56.32Z</time>
		</trkpt>
		<trkpt lat="35.099224" lon="128.472078">
			<ele>0.00</ele>
			<time>2020-01-17T00:27:57.01Z</time>
		</trkpt>
		<trkpt lat="35.099286" lon="128.472027">
			<ele>0.00</ele>
			<time>2020-01-17T00:27:57.50Z</time>
		</trkpt>
		<trkpt lat="35.099350" lon="128.471970">
			<ele>0.00</ele>
			<time>2020-01-17T00:27:58.03Z</time>
		</trkpt>
		<trkpt lat="35.099416" lon="128.471928">
			<ele>0.00</ele>
			<time>2020-01-17T00:27:58.53Z</time>
		</trkpt>
		<trkpt lat="35.099478" lon="128.471882">
			<ele>0.00</ele>
			<time>2020-01-17T00:27:59.01Z</time>
		</trkpt>
		<trkpt lat="35.099548" lon="128.471830">
			<ele>0.00</ele>
			<time>2020-01-17T00:27:59.56Z</time>
		</trkpt>
		<trkpt lat="35.099616" lon="128.471785">
			<ele>0.00</ele>
			<time>2020-01-17T00:28:00.08Z</time>
		</trkpt>
		<trkpt lat="35.099681" lon="128.471746">
			<ele>0.00</ele>
			<time>2020-01-17T00:28:00.55Z</time>
		</trkpt>
		<trkpt lat="35.099743" lon="128.471688">
			<ele>0.00</ele>
			<time>2020-01-17T00:28:01.08Z</time>
		</trkpt>
		<trkpt lat="35.099780" lon="128.471641">
			<ele>0.00</ele>
			<time>2020-01-17T00:28:01.44Z</time>
		</trkpt>
		<trkpt lat="35.099821" lon="128.471570">
			<ele>0.00</ele>
			<time>2020-01-17T00:28:01.91Z</time>
		</trkpt>
		<trkpt lat="35.099863" lon="128.471487">
			<ele>0.00</ele>
			<time>2020-01-17T00:28:02.44Z</time>
		</trkpt>
		<trkpt lat="35.099881" lon="128.471423">
			<ele>0.00</ele>
			<time>2020-01-17T00:28:02.81Z</time>
		</trkpt>
		<trkpt lat="35.099903" lon="128.471331">
			<ele>0.00</ele>
			<time>2020-01-17T00:28:03.33Z</time>
		</trkpt>
		<trkpt lat="35.099904" lon="128.471253">
			<ele>0.00</ele>
			<time>2020-01-17T00:28:03.76Z</time>
		</trkpt>
		<trkpt lat="35.099897" lon="128.471171">
			<ele>0.00</ele>
			<time>2020-01-17T00:28:04.20Z</time>
		</trkpt>
		<trkpt lat="35.099882" lon="128.471077">
			<ele>0.00</ele>
			<time>2020-01-17T00:28:04.73Z</time>
		</trkpt>
		<trkpt lat="35.099865" lon="128.471019">
			<ele>0.00</ele>
			<time>2020-01-17T00:28:05.07Z</time>
		</trkpt>
		<trkpt lat="35.099851" lon="128.470941">
			<ele>0.00</ele>
			<time>2020-01-17T00:28:05.50Z</time>
		</trkpt>
		<trkpt lat="35.099851" lon="128.470899">
			<ele>0.00</ele>
			<time>2020-01-17T00:28:05.73Z</time>
		</trkpt>
		<trkpt lat="35.099863" lon="128.470796">
			<ele>0.00</ele>
			<time>2020-01-17T00:28:06.30Z</time>
		</trkpt>
		<trkpt lat="35.099880" lon="128.470722">
			<ele>0.00</ele>
			<time>2020-01-17T00:28:06.71Z</time>
		</trkpt>
		<trkpt lat="35.099904" lon="128.470636">
			<ele>0.00</ele>
			<time>2020-01-17T00:28:07.21Z</time>
		</trkpt>
		<trkpt lat="35.099910" lon="128.470552">
			<ele>0.00</ele>
			<time>2020-01-17T00:28:07.67Z</time>
		</trkpt>
		<trkpt lat="35.099919" lon="128.470476">
			<ele>0.00</ele>
			<time>2020-01-17T00:28:08.09Z</time>
		</trkpt>
		<trkpt lat="35.099900" lon="128.470351">
			<ele>0.00</ele>
			<time>2020-01-17T00:28:08.78Z</time>
		</trkpt>
		<trkpt lat="35.099873" lon="128.470275">
			<ele>0.00</ele>
			<time>2020-01-17T00:28:09.23Z</time>
		</trkpt>
		<trkpt lat="35.099843" lon="128.470175">
			<ele>0.00</ele>
			<time>2020-01-17T00:28:09.81Z</time>
		</trkpt>
		<trkpt lat="35.099818" lon="128.470090">
			<ele>0.00</ele>
			<time>2020-01-17T00:28:10.31Z</time>
		</trkpt>
		<trkpt lat="35.099793" lon="128.470013">
			<ele>0.00</ele>
			<time>2020-01-17T00:28:10.76Z</time>
		</trkpt>
		<trkpt lat="35.099774" lon="128.469907">
			<ele>0.00</ele>
			<time>2020-01-17T00:28:11.35Z</time>
		</trkpt>
		<trkpt lat="35.099743" lon="128.469806">
			<ele>0.00</ele>
			<time>2020-01-17T00:28:11.94Z</time>
		</trkpt>
		<trkpt lat="35.099728" lon="128.469710">
			<ele>0.00</ele>
			<time>2020-01-17T00:28:12.47Z</time>
		</trkpt>
		<trkpt lat="35.099716" lon="128.469639">
			<ele>0.00</ele>
			<time>2020-01-17T00:28:12.87Z</time>
		</trkpt>
		<trkpt lat="35.099706" lon="128.469532">
			<ele>0.00</ele>
			<time>2020-01-17T00:28:13.45Z</time>
		</trkpt>
		<trkpt lat="35.099698" lon="128.469419">
			<ele>0.00</ele>
			<time>2020-01-17T00:28:14.07Z</time>
		</trkpt>
		<trkpt lat="35.099688" lon="128.469317">
			<ele>0.00</ele>
			<time>2020-01-17T00:28:14.63Z</time>
		</trkpt>
		<trkpt lat="35.099679" lon="128.469223">
			<ele>0.00</ele>
			<time>2020-01-17T00:28:15.15Z</time>
		</trkpt>
		<trkpt lat="35.099701" lon="128.469170">
			<ele>0.00</ele>
			<time>2020-01-17T00:28:15.47Z</time>
		</trkpt>
		<trkpt lat="35.099764" lon="128.469101">
			<ele>0.00</ele>
			<time>2020-01-17T00:28:16.04Z</time>
		</trkpt>
		<trkpt lat="35.099816" lon="128.469030">
			<ele>0.00</ele>
			<time>2020-01-17T00:28:16.55Z</time>
		</trkpt>
		<trkpt lat="35.099878" lon="128.468956">
			<ele>0.00</ele>
			<time>2020-01-17T00:28:17.14Z</time>
		</trkpt>
		<trkpt lat="35.099942" lon="128.468899">
			<ele>0.00</ele>
			<time>2020-01-17T00:28:17.66Z</time>
		</trkpt>
		<trkpt lat="35.099999" lon="128.468874">
			<ele>0.00</ele>
			<time>2020-01-17T00:28:18.07Z</time>
		</trkpt>
		<trkpt lat="35.100052" lon="128.468812">
			<ele>0.00</ele>
			<time>2020-01-17T00:28:18.55Z</time>
		</trkpt>
		<trkpt lat="35.100090" lon="128.468743">
			<ele>0.00</ele>
			<time>2020-01-17T00:28:19.01Z</time>
		</trkpt>
		<trkpt lat="35.100132" lon="128.468668">
			<ele>0.00</ele>
			<time>2020-01-17T00:28:19.51Z</time>
		</trkpt>
		<trkpt lat="35.100164" lon="128.468581">
			<ele>0.00</ele>
			<time>2020-01-17T00:28:20.02Z</time>
		</trkpt>
		<trkpt lat="35.100186" lon="128.468524">
			<ele>0.00</ele>
			<time>2020-01-17T00:28:20.37Z</time>
		</trkpt>
		<trkpt lat="35.100178" lon="128.468430">
			<ele>0.00</ele>
			<time>2020-01-17T00:28:20.88Z</time>
		</trkpt>
		<trkpt lat="35.100163" lon="128.468335">
			<ele>0.00</ele>
			<time>2020-01-17T00:28:21.41Z</time>
		</trkpt>
		<trkpt lat="35.100142" lon="128.468281">
			<ele>0.00</ele>
			<time>2020-01-17T00:28:21.74Z</time>
		</trkpt>
		<trkpt lat="35.100133" lon="128.468224">
			<ele>0.00</ele>
			<time>2020-01-17T00:28:22.05Z</time>
		</trkpt>
		<trkpt lat="35.100126" lon="128.468178">
			<ele>0.00</ele>
			<time>2020-01-17T00:28:22.31Z</time>
		</trkpt>
		<trkpt lat="35.100157" lon="128.468075">
			<ele>0.00</ele>
			<time>2020-01-17T00:28:22.91Z</time>
		</trkpt>
		<trkpt lat="35.100197" lon="128.468018">
			<ele>0.00</ele>
			<time>2020-01-17T00:28:23.31Z</time>
		</trkpt>
		<trkpt lat="35.100251" lon="128.467973">
			<ele>0.00</ele>
			<time>2020-01-17T00:28:23.75Z</time>
		</trkpt>
		<trkpt lat="35.100327" lon="128.467918">
			<ele>0.00</ele>
			<time>2020-01-17T00:28:24.34Z</time>
		</trkpt>
		<trkpt lat="35.100410" lon="128.467849">
			<ele>0.00</ele>
			<time>2020-01-17T00:28:25.01Z</time>
		</trkpt>
		<trkpt lat="35.100489" lon="128.467791">
			<ele>0.00</ele>
			<time>2020-01-17T00:28:25.63Z</time>
		</trkpt>
		<trkpt lat="35.100559" lon="128.467716">
			<ele>0.00</ele>
			<time>2020-01-17T00:28:26.24Z</time>
		</trkpt>
		<trkpt lat="35.100628" lon="128.467625">
			<ele>0.00</ele>
			<time>2020-01-17T00:28:26.92Z</time>
		</trkpt>
		<trkpt lat="35.100681" lon="128.467531">
			<ele>0.00</ele>
			<time>2020-01-17T00:28:27.54Z</time>
		</trkpt>
		<trkpt lat="35.100731" lon="128.467399">
			<ele>0.00</ele>
			<time>2020-01-17T00:28:28.34Z</time>
		</trkpt>
		<trkpt lat="35.100762" lon="128.467259">
			<ele>0.00</ele>
			<time>2020-01-17T00:28:29.13Z</time>
		</trkpt>
		<trkpt lat="35.100795" lon="128.467123">
			<ele>0.00</ele>
			<time>2020-01-17T00:28:29.90Z</time>
		</trkpt>
		<trkpt lat="35.100807" lon="128.467001">
			<ele>0.00</ele>
			<time>2020-01-17T00:28:30.57Z</time>
		</trkpt>
		<trkpt lat="35.100812" lon="128.466881">
			<ele>0.00</ele>
			<time>2020-01-17T00:28:31.22Z</time>
		</trkpt>
		<trkpt lat="35.100822" lon="128.466745">
			<ele>0.00</ele>
			<time>2020-01-17T00:28:31.97Z</time>
		</trkpt>
		<trkpt lat="35.100822" lon="128.466633">
			<ele>0.00</ele>
			<time>2020-01-17T00:28:32.58Z</time>
		</trkpt>
		<trkpt lat="35.100845" lon="128.466552">
			<ele>0.00</ele>
			<time>2020-01-17T00:28:33.05Z</time>
		</trkpt>
		<trkpt lat="35.100885" lon="128.466494">
			<ele>0.00</ele>
			<time>2020-01-17T00:28:33.46Z</time>
		</trkpt>
		<trkpt lat="35.100932" lon="128.466406">
			<ele>0.00</ele>
			<time>2020-01-17T00:28:34.04Z</time>
		</trkpt>
		<trkpt lat="35.100992" lon="128.466298">
			<ele>0.00</ele>
			<time>2020-01-17T00:28:34.75Z</time>
		</trkpt>
		<trkpt lat="35.101033" lon="128.466205">
			<ele>0.00</ele>
			<time>2020-01-17T00:28:35.32Z</time>
		</trkpt>
		<trkpt lat="35.101078" lon="128.466127">
			<ele>0.00</ele>
			<time>2020-01-17T00:28:35.85Z</time>
		</trkpt>
		<trkpt lat="35.101122" lon="128.466047">
			<ele>0.00</ele>
			<time>2020-01-17T00:28:36.37Z</time>
		</trkpt>
		<trkpt lat="35.101155" lon="128.465947">
			<ele>0.00</ele>
			<time>2020-01-17T00:28:36.96Z</time>
		</trkpt>
		<trkpt lat="35.101171" lon="128.465841">
			<ele>0.00</ele>
			<time>2020-01-17T00:28:37.55Z</time>
		</trkpt>
		<trkpt lat="35.101183" lon="128.465737">
			<ele>0.00</ele>
			<time>2020-01-17T00:28:38.12Z</time>
		</trkpt>
		<trkpt lat="35.101183" lon="128.465730">
			<ele>0.00</ele>
			<time>2020-01-17T00:28:38.18Z</time>
		</trkpt>
		<trkpt lat="35.101208" lon="128.465634">
			<ele>0.00</ele>
			<time>2020-01-17T00:28:38.73Z</time>
		</trkpt>
		<trkpt lat="35.101253" lon="128.465537">
			<ele>0.00</ele>
			<time>2020-01-17T00:28:39.34Z</time>
		</trkpt>
		<trkpt lat="35.101253" lon="128.465532">
			<ele>0.00</ele>
			<time>2020-01-17T00:28:39.40Z</time>
		</trkpt>
		<trkpt lat="35.101302" lon="128.465436">
			<ele>0.00</ele>
			<time>2020-01-17T00:28:40.02Z</time>
		</trkpt>
		<trkpt lat="35.101371" lon="128.465372">
			<ele>0.00</ele>
			<time>2020-01-17T00:28:40.60Z</time>
		</trkpt>
		<trkpt lat="35.101450" lon="128.465341">
			<ele>0.00</ele>
			<time>2020-01-17T00:28:41.15Z</time>
		</trkpt>
		<trkpt lat="35.101521" lon="128.465325">
			<ele>0.00</ele>
			<time>2020-01-17T00:28:41.63Z</time>
		</trkpt>
		<trkpt lat="35.101616" lon="128.465325">
			<ele>0.00</ele>
			<time>2020-01-17T00:28:42.26Z</time>
		</trkpt>
		<trkpt lat="35.101703" lon="128.465348">
			<ele>0.00</ele>
			<time>2020-01-17T00:28:42.86Z</time>
		</trkpt>
		<trkpt lat="35.101766" lon="128.465347">
			<ele>0.00</ele>
			<time>2020-01-17T00:28:43.28Z</time>
		</trkpt>
		<trkpt lat="35.101837" lon="128.465333">
			<ele>0.00</ele>
			<time>2020-01-17T00:28:43.76Z</time>
		</trkpt>
		<trkpt lat="35.101918" lon="128.465317">
			<ele>0.00</ele>
			<time>2020-01-17T00:28:44.31Z</time>
		</trkpt>
		<trkpt lat="35.101999" lon="128.465306">
			<ele>0.00</ele>
			<time>2020-01-17T00:28:44.85Z</time>
		</trkpt>
		<trkpt lat="35.102083" lon="128.465285">
			<ele>0.00</ele>
			<time>2020-01-17T00:28:45.42Z</time>
		</trkpt>
		<trkpt lat="35.102165" lon="128.465277">
			<ele>0.00</ele>
			<time>2020-01-17T00:28:45.97Z</time>
		</trkpt>
		<trkpt lat="35.102267" lon="128.465251">
			<ele>0.00</ele>
			<time>2020-01-17T00:28:46.67Z</time>
		</trkpt>
		<trkpt lat="35.102361" lon="128.465231">
			<ele>0.00</ele>
			<time>2020-01-17T00:28:47.30Z</time>
		</trkpt>
		<trkpt lat="35.102450" lon="128.465221">
			<ele>0.00</ele>
			<time>2020-01-17T00:28:47.90Z</time>
		</trkpt>
		<trkpt lat="35.102525" lon="128.465205">
			<ele>0.00</ele>
			<time>2020-01-17T00:28:48.40Z</time>
		</trkpt>
		<trkpt lat="35.102590" lon="128.465182">
			<ele>0.00</ele>
			<time>2020-01-17T00:28:48.85Z</time>
		</trkpt>
		<trkpt lat="35.102657" lon="128.465147">
			<ele>0.00</ele>
			<time>2020-01-17T00:28:49.34Z</time>
		</trkpt>
		<trkpt lat="35.102721" lon="128.465132">
			<ele>0.00</ele>
			<time>2020-01-17T00:28:49.77Z</time>
		</trkpt>
		<trkpt lat="35.102783" lon="128.465086">
			<ele>0.00</ele>
			<time>2020-01-17T00:28:50.26Z</time>
		</trkpt>
		<trkpt lat="35.102840" lon="128.465094">
			<ele>0.00</ele>
			<time>2020-01-17T00:28:50.64Z</time>
		</trkpt>
		<trkpt lat="35.102946" lon="128.465132">
			<ele>0.00</ele>
			<time>2020-01-17T00:28:51.38Z</time>
		</trkpt>
		<trkpt lat="35.103004" lon="128.465180">
			<ele>0.00</ele>
			<time>2020-01-17T00:28:51.85Z</time>
		</trkpt>
		<trkpt lat="35.103068" lon="128.465205">
			<ele>0.00</ele>
			<time>2020-01-17T00:28:52.29Z</time>
		</trkpt>
		<trkpt lat="35.103154" lon="128.465197">
			<ele>0.00</ele>
			<time>2020-01-17T00:28:52.87Z</time>
		</trkpt>
		<trkpt lat="35.103226" lon="128.465191">
			<ele>0.00</ele>
			<time>2020-01-17T00:28:53.35Z</time>
		</trkpt>
		<trkpt lat="35.103267" lon="128.465182">
			<ele>0.00</ele>
			<time>2020-01-17T00:28:53.63Z</time>
		</trkpt>
		<trkpt lat="35.103335" lon="128.465153">
			<ele>0.00</ele>
			<time>2020-01-17T00:28:54.11Z</time>
		</trkpt>
		<trkpt lat="35.103377" lon="128.465107">
			<ele>0.00</ele>
			<time>2020-01-17T00:28:54.48Z</time>
		</trkpt>
		<trkpt lat="35.103419" lon="128.465023">
			<ele>0.00</ele>
			<time>2020-01-17T00:28:55.02Z</time>
		</trkpt>
		<trkpt lat="35.103446" lon="128.464946">
			<ele>0.00</ele>
			<time>2020-01-17T00:28:55.48Z</time>
		</trkpt>
		<trkpt lat="35.103481" lon="128.464837">
			<ele>0.00</ele>
			<time>2020-01-17T00:28:56.11Z</time>
		</trkpt>
		<trkpt lat="35.103514" lon="128.464741">
			<ele>0.00</ele>
			<time>2020-01-17T00:28:56.68Z</time>
		</trkpt>
		<trkpt lat="35.103546" lon="128.464630">
			<ele>0.00</ele>
			<time>2020-01-17T00:28:57.33Z</time>
		</trkpt>
		<trkpt lat="35.103574" lon="128.464530">
			<ele>0.00</ele>
			<time>2020-01-17T00:28:57.90Z</time>
		</trkpt>
		<trkpt lat="35.103589" lon="128.464420">
			<ele>0.00</ele>
			<time>2020-01-17T00:28:58.51Z</time>
		</trkpt>
		<trkpt lat="35.103610" lon="128.464296">
			<ele>0.00</ele>
			<time>2020-01-17T00:28:59.20Z</time>
		</trkpt>
		<trkpt lat="35.103632" lon="128.464200">
			<ele>0.00</ele>
			<time>2020-01-17T00:28:59.74Z</time>
		</trkpt>
		<trkpt lat="35.103647" lon="128.464115">
			<ele>0.00</ele>
			<time>2020-01-17T00:29:00.22Z</time>
		</trkpt>
		<trkpt lat="35.103655" lon="128.464035">
			<ele>0.00</ele>
			<time>2020-01-17T00:29:00.66Z</time>
		</trkpt>
		<trkpt lat="35.103662" lon="128.463954">
			<ele>0.00</ele>
			<time>2020-01-17T00:29:01.10Z</time>
		</trkpt>
		<trkpt lat="35.103664" lon="128.463864">
			<ele>0.00</ele>
			<time>2020-01-17T00:29:01.59Z</time>
		</trkpt>
		<trkpt lat="35.103693" lon="128.463776">
			<ele>0.00</ele>
			<time>2020-01-17T00:29:02.11Z</time>
		</trkpt>
		<trkpt lat="35.103732" lon="128.463705">
			<ele>0.00</ele>
			<time>2020-01-17T00:29:02.58Z</time>
		</trkpt>
		<trkpt lat="35.103760" lon="128.463607">
			<ele>0.00</ele>
			<time>2020-01-17T00:29:03.14Z</time>
		</trkpt>
		<trkpt lat="35.103796" lon="128.463507">
			<ele>0.00</ele>
			<time>2020-01-17T00:29:03.74Z</time>
		</trkpt>
		<trkpt lat="35.103813" lon="128.463440">
			<ele>0.00</ele>
			<time>2020-01-17T00:29:04.12Z</time>
		</trkpt>
		<trkpt lat="35.103846" lon="128.463380">
			<ele>0.00</ele>
			<time>2020-01-17T00:29:04.52Z</time>
		</trkpt>
		<trkpt lat="35.103890" lon="128.463328">
			<ele>0.00</ele>
			<time>2020-01-17T00:29:04.93Z</time>
		</trkpt>
		<trkpt lat="35.103934" lon="128.463264">
			<ele>0.00</ele>
			<time>2020-01-17T00:29:05.38Z</time>
		</trkpt>
		<trkpt lat="35.103978" lon="128.463197">
			<ele>0.00</ele>
			<time>2020-01-17T00:29:05.85Z</time>
		</trkpt>
		<trkpt lat="35.104051" lon="128.463096">
			<ele>0.00</ele>
			<time>2020-01-17T00:29:06.58Z</time>
		</trkpt>
		<trkpt lat="35.104111" lon="128.463039">
			<ele>0.00</ele>
			<time>2020-01-17T00:29:07.09Z</time>
		</trkpt>
		<trkpt lat="35.104179" lon="128.462990">
			<ele>0.00</ele>
			<time>2020-01-17T00:29:07.62Z</time>
		</trkpt>
		<trkpt lat="35.104273" lon="128.462935">
			<ele>0.00</ele>
			<time>2020-01-17T00:29:08.31Z</time>
		</trkpt>
		<trkpt lat="35.104352" lon="128.462915">
			<ele>0.00</ele>
			<time>2020-01-17T00:29:08.85Z</time>
		</trkpt>
		<trkpt lat="35.104445" lon="128.462875">
			<ele>0.00</ele>
			<time>2020-01-17T00:29:09.51Z</time>
		</trkpt>
		<trkpt lat="35.104549" lon="128.462828">
			<ele>0.00</ele>
			<time>2020-01-17T00:29:10.24Z</time>
		</trkpt>
		<trkpt lat="35.104628" lon="128.462802">
			<ele>0.00</ele>
			<time>2020-01-17T00:29:10.79Z</time>
		</trkpt>
		<trkpt lat="35.104712" lon="128.462757">
			<ele>0.00</ele>
			<time>2020-01-17T00:29:11.40Z</time>
		</trkpt>
		<trkpt lat="35.104777" lon="128.462703">
			<ele>0.00</ele>
			<time>2020-01-17T00:29:11.93Z</time>
		</trkpt>
		<trkpt lat="35.104847" lon="128.462643">
			<ele>0.00</ele>
			<time>2020-01-17T00:29:12.50Z</time>
		</trkpt>
		<trkpt lat="35.104895" lon="128.462617">
			<ele>0.00</ele>
			<time>2020-01-17T00:29:12.84Z</time>
		</trkpt>
		<trkpt lat="35.104960" lon="128.462558">
			<ele>0.00</ele>
			<time>2020-01-17T00:29:13.39Z</time>
		</trkpt>
		<trkpt lat="35.105054" lon="128.462464">
			<ele>0.00</ele>
			<time>2020-01-17T00:29:14.19Z</time>
		</trkpt>
		<trkpt lat="35.105096" lon="128.462438">
			<ele>0.00</ele>
			<time>2020-01-17T00:29:14.51Z</time>
		</trkpt>
		<trkpt lat="35.105158" lon="128.462371">
			<ele>0.00</ele>
			<time>2020-01-17T00:29:15.06Z</time>
		</trkpt>
		<trkpt lat="35.105198" lon="128.462316">
			<ele>0.00</ele>
			<time>2020-01-17T00:29:15.46Z</time>
		</trkpt>
		<trkpt lat="35.105249" lon="128.462221">
			<ele>0.00</ele>
			<time>2020-01-17T00:29:16.08Z</time>
		</trkpt>
		<trkpt lat="35.105273" lon="128.462110">
			<ele>0.00</ele>
			<time>2020-01-17T00:29:16.71Z</time>
		</trkpt>
		<trkpt lat="35.105305" lon="128.462004">
			<ele>0.00</ele>
			<time>2020-01-17T00:29:17.33Z</time>
		</trkpt>
		<trkpt lat="35.105340" lon="128.461944">
			<ele>0.00</ele>
			<time>2020-01-17T00:29:17.73Z</time>
		</trkpt>
		<trkpt lat="35.105388" lon="128.461850">
			<ele>0.00</ele>
			<time>2020-01-17T00:29:18.33Z</time>
		</trkpt>
		<trkpt lat="35.105412" lon="128.461799">
			<ele>0.00</ele>
			<time>2020-01-17T00:29:18.65Z</time>
		</trkpt>
		<trkpt lat="35.105417" lon="128.461790">
			<ele>0.00</ele>
			<time>2020-01-17T00:29:18.71Z</time>
		</trkpt>
		<trkpt lat="35.105486" lon="128.461741">
			<ele>0.00</ele>
			<time>2020-01-17T00:29:19.25Z</time>
		</trkpt>
		<trkpt lat="35.105576" lon="128.461707">
			<ele>0.00</ele>
			<time>2020-01-17T00:29:19.88Z</time>
		</trkpt>
		<trkpt lat="35.105672" lon="128.461656">
			<ele>0.00</ele>
			<time>2020-01-17T00:29:20.57Z</time>
		</trkpt>
		<trkpt lat="35.105735" lon="128.461607">
			<ele>0.00</ele>
			<time>2020-01-17T00:29:21.07Z</time>
		</trkpt>
		<trkpt lat="35.105809" lon="128.461545">
			<ele>0.00</ele>
			<time>2020-01-17T00:29:21.67Z</time>
		</trkpt>
		<trkpt lat="35.105881" lon="128.461452">
			<ele>0.00</ele>
			<time>2020-01-17T00:29:22.36Z</time>
		</trkpt>
		<trkpt lat="35.105938" lon="128.461344">
			<ele>0.00</ele>
			<time>2020-01-17T00:29:23.07Z</time>
		</trkpt>
		<trkpt lat="35.105994" lon="128.461245">
			<ele>0.00</ele>
			<time>2020-01-17T00:29:23.73Z</time>
		</trkpt>
		<trkpt lat="35.106060" lon="128.461147">
			<ele>0.00</ele>
			<time>2020-01-17T00:29:24.42Z</time>
		</trkpt>
		<trkpt lat="35.106131" lon="128.461053">
			<ele>0.00</ele>
			<time>2020-01-17T00:29:25.12Z</time>
		</trkpt>
		<trkpt lat="35.106183" lon="128.460969">
			<ele>0.00</ele>
			<time>2020-01-17T00:29:25.69Z</time>
		</trkpt>
		<trkpt lat="35.106238" lon="128.460890">
			<ele>0.00</ele>
			<time>2020-01-17T00:29:26.26Z</time>
		</trkpt>
		<trkpt lat="35.106277" lon="128.460821">
			<ele>0.00</ele>
			<time>2020-01-17T00:29:26.71Z</time>
		</trkpt>
		<trkpt lat="35.106308" lon="128.460759">
			<ele>0.00</ele>
			<time>2020-01-17T00:29:27.11Z</time>
		</trkpt>
		<trkpt lat="35.106329" lon="128.460687">
			<ele>0.00</ele>
			<time>2020-01-17T00:29:27.53Z</time>
		</trkpt>
		<trkpt lat="35.106340" lon="128.460595">
			<ele>0.00</ele>
			<time>2020-01-17T00:29:28.03Z</time>
		</trkpt>
		<trkpt lat="35.106335" lon="128.460474">
			<ele>0.00</ele>
			<time>2020-01-17T00:29:28.69Z</time>
		</trkpt>
		<trkpt lat="35.106353" lon="128.460375">
			<ele>0.00</ele>
			<time>2020-01-17T00:29:29.24Z</time>
		</trkpt>
		<trkpt lat="35.106369" lon="128.460285">
			<ele>0.00</ele>
			<time>2020-01-17T00:29:29.75Z</time>
		</trkpt>
		<trkpt lat="35.106404" lon="128.460209">
			<ele>0.00</ele>
			<time>2020-01-17T00:29:30.23Z</time>
		</trkpt>
		<trkpt lat="35.106449" lon="128.460143">
			<ele>0.00</ele>
			<time>2020-01-17T00:29:30.70Z</time>
		</trkpt>
		<trkpt lat="35.106514" lon="128.460097">
			<ele>0.00</ele>
			<time>2020-01-17T00:29:31.19Z</time>
		</trkpt>
		<trkpt lat="35.106575" lon="128.460045">
			<ele>0.00</ele>
			<time>2020-01-17T00:29:31.69Z</time>
		</trkpt>
		<trkpt lat="35.106639" lon="128.459969">
			<ele>0.00</ele>
			<time>2020-01-17T00:29:32.29Z</time>
		</trkpt>
		<trkpt lat="35.106704" lon="128.459888">
			<ele>0.00</ele>
			<time>2020-01-17T00:29:32.90Z</time>
		</trkpt>
		<trkpt lat="35.106754" lon="128.459818">
			<ele>0.00</ele>
			<time>2020-01-17T00:29:33.41Z</time>
		</trkpt>
		<trkpt lat="35.106808" lon="128.459758">
			<ele>0.00</ele>
			<time>2020-01-17T00:29:33.90Z</time>
		</trkpt>
		<trkpt lat="35.106858" lon="128.459710">
			<ele>0.00</ele>
			<time>2020-01-17T00:29:34.32Z</time>
		</trkpt>
		<trkpt lat="35.106909" lon="128.459665">
			<ele>0.00</ele>
			<time>2020-01-17T00:29:34.74Z</time>
		</trkpt>
		<trkpt lat="35.106974" lon="128.459598">
			<ele>0.00</ele>
			<time>2020-01-17T00:29:35.31Z</time>
		</trkpt>
		<trkpt lat="35.107038" lon="128.459547">
			<ele>0.00</ele>
			<time>2020-01-17T00:29:35.81Z</time>
		</trkpt>
		<trkpt lat="35.107078" lon="128.459512">
			<ele>0.00</ele>
			<time>2020-01-17T00:29:36.14Z</time>
		</trkpt>
		<trkpt lat="35.107122" lon="128.459445">
			<ele>0.00</ele>
			<time>2020-01-17T00:29:36.61Z</time>
		</trkpt>
		<trkpt lat="35.107142" lon="128.459368">
			<ele>0.00</ele>
			<time>2020-01-17T00:29:37.05Z</time>
		</trkpt>
		<trkpt lat="35.107137" lon="128.459280">
			<ele>0.00</ele>
			<time>2020-01-17T00:29:37.53Z</time>
		</trkpt>
		<trkpt lat="35.107118" lon="128.459161">
			<ele>0.00</ele>
			<time>2020-01-17T00:29:38.19Z</time>
		</trkpt>
		<trkpt lat="35.107103" lon="128.459068">
			<ele>0.00</ele>
			<time>2020-01-17T00:29:38.71Z</time>
		</trkpt>
		<trkpt lat="35.107087" lon="128.458991">
			<ele>0.00</ele>
			<time>2020-01-17T00:29:39.14Z</time>
		</trkpt>
		<trkpt lat="35.107071" lon="128.458913">
			<ele>0.00</ele>
			<time>2020-01-17T00:29:39.59Z</time>
		</trkpt>
		<trkpt lat="35.107057" lon="128.458816">
			<ele>0.00</ele>
			<time>2020-01-17T00:29:40.12Z</time>
		</trkpt>
		<trkpt lat="35.107038" lon="128.458716">
			<ele>0.00</ele>
			<time>2020-01-17T00:29:40.68Z</time>
		</trkpt>
		<trkpt lat="35.107016" lon="128.458617">
			<ele>0.00</ele>
			<time>2020-01-17T00:29:41.24Z</time>
		</trkpt>
		<trkpt lat="35.106999" lon="128.458520">
			<ele>0.00</ele>
			<time>2020-01-17T00:29:41.78Z</time>
		</trkpt>
		<trkpt lat="35.106974" lon="128.458412">
			<ele>0.00</ele>
			<time>2020-01-17T00:29:42.39Z</time>
		</trkpt>
		<trkpt lat="35.106951" lon="128.458305">
			<ele>0.00</ele>
			<time>2020-01-17T00:29:43Z</time>
		</trkpt>
		<trkpt lat="35.106935" lon="128.458202">
			<ele>0.00</ele>
			<time>2020-01-17T00:29:43.57Z</time>
		</trkpt>
		<trkpt lat="35.106912" lon="128.458118">
			<ele>0.00</ele>
			<time>2020-01-17T00:29:44.05Z</time>
		</trkpt>
		<trkpt lat="35.106890" lon="128.458016">
			<ele>0.00</ele>
			<time>2020-01-17T00:29:44.63Z</time>
		</trkpt>
		<trkpt lat="35.106819" lon="128.457973">
			<ele>0.00</ele>
			<time>2020-01-17T00:29:45.15Z</time>
		</trkpt>
		<trkpt lat="35.106757" lon="128.457949">
			<ele>0.00</ele>
			<time>2020-01-17T00:29:45.59Z</time>
		</trkpt>
		<trkpt lat="35.106679" lon="128.457938">
			<ele>0.00</ele>
			<time>2020-01-17T00:29:46.11Z</time>
		</trkpt>
		<trkpt lat="35.106592" lon="128.457929">
			<ele>0.00</ele>
			<time>2020-01-17T00:29:46.70Z</time>
		</trkpt>
		<trkpt lat="35.106497" lon="128.457902">
			<ele>0.00</ele>
			<time>2020-01-17T00:29:47.34Z</time>
		</trkpt>
		<trkpt lat="35.106405" lon="128.457867">
			<ele>0.00</ele>
			<time>2020-01-17T00:29:47.99Z</time>
		</trkpt>
		<trkpt lat="35.106325" lon="128.457850">
			<ele>0.00</ele>
			<time>2020-01-17T00:29:48.53Z</time>
		</trkpt>
		<trkpt lat="35.106230" lon="128.457819">
			<ele>0.00</ele>
			<time>2020-01-17T00:29:49.18Z</time>
		</trkpt>
		<trkpt lat="35.106136" lon="128.457793">
			<ele>0.00</ele>
			<time>2020-01-17T00:29:49.82Z</time>
		</trkpt>
		<trkpt lat="35.106057" lon="128.457763">
			<ele>0.00</ele>
			<time>2020-01-17T00:29:50.38Z</time>
		</trkpt>
		<trkpt lat="35.105964" lon="128.457717">
			<ele>0.00</ele>
			<time>2020-01-17T00:29:51.04Z</time>
		</trkpt>
		<trkpt lat="35.105883" lon="128.457675">
			<ele>0.00</ele>
			<time>2020-01-17T00:29:51.63Z</time>
		</trkpt>
		<trkpt lat="35.105801" lon="128.457619">
			<ele>0.00</ele>
			<time>2020-01-17T00:29:52.26Z</time>
		</trkpt>
		<trkpt lat="35.105747" lon="128.457565">
			<ele>0.00</ele>
			<time>2020-01-17T00:29:52.72Z</time>
		</trkpt>
		<trkpt lat="35.105696" lon="128.457506">
			<ele>0.00</ele>
			<time>2020-01-17T00:29:53.19Z</time>
		</trkpt>
		<trkpt lat="35.105646" lon="128.457440">
			<ele>0.00</ele>
			<time>2020-01-17T00:29:53.68Z</time>
		</trkpt>
		<trkpt lat="35.105590" lon="128.457360">
			<ele>0.00</ele>
			<time>2020-01-17T00:29:54.26Z</time>
		</trkpt>
		<trkpt lat="35.105530" lon="128.457263">
			<ele>0.00</ele>
			<time>2020-01-17T00:29:54.92Z</time>
		</trkpt>
		<trkpt lat="35.105480" lon="128.457202">
			<ele>0.00</ele>
			<time>2020-01-17T00:29:55.39Z</time>
		</trkpt>
		<trkpt lat="35.105441" lon="128.457125">
			<ele>0.00</ele>
			<time>2020-01-17T00:29:55.88Z</time>
		</trkpt>
		<trkpt lat="35.105384" lon="128.457043">
			<ele>0.00</ele>
			<time>2020-01-17T00:29:56.47Z</time>
		</trkpt>
		<trkpt lat="35.105309" lon="128.456949">
			<ele>0.00</ele>
			<time>2020-01-17T00:29:57.19Z</time>
		</trkpt>
		<trkpt lat="35.105247" lon="128.456858">
			<ele>0.00</ele>
			<time>2020-01-17T00:29:57.83Z</time>
		</trkpt>
		<trkpt lat="35.105191" lon="128.456784">
			<ele>0.00</ele>
			<time>2020-01-17T00:29:58.38Z</time>
		</trkpt>
		<trkpt lat="35.105145" lon="128.456731">
			<ele>0.00</ele>
			<time>2020-01-17T00:29:58.81Z</time>
		</trkpt>
		<trkpt lat="35.105103" lon="128.456676">
			<ele>0.00</ele>
			<time>2020-01-17T00:29:59.22Z</time>
		</trkpt>
		<trkpt lat="35.105063" lon="128.456610">
			<ele>0.00</ele>
			<time>2020-01-17T00:29:59.66Z</time>
		</trkpt>
		<trkpt lat="35.105025" lon="128.456535">
			<ele>0.00</ele>
			<time>2020-01-17T00:30:00.14Z</time>
		</trkpt>
		<trkpt lat="35.105012" lon="128.456451">
			<ele>0.00</ele>
			<time>2020-01-17T00:30:00.61Z</time>
		</trkpt>
		<trkpt lat="35.105004" lon="128.456354">
			<ele>0.00</ele>
			<time>2020-01-17T00:30:01.14Z</time>
		</trkpt>
		<trkpt lat="35.105010" lon="128.456218">
			<ele>0.00</ele>
			<time>2020-01-17T00:30:01.88Z</time>
		</trkpt>
		<trkpt lat="35.105025" lon="128.456125">
			<ele>0.00</ele>
			<time>2020-01-17T00:30:02.40Z</time>
		</trkpt>
		<trkpt lat="35.105064" lon="128.456025">
			<ele>0.00</ele>
			<time>2020-01-17T00:30:03Z</time>
		</trkpt>
		<trkpt lat="35.105121" lon="128.455929">
			<ele>0.00</ele>
			<time>2020-01-17T00:30:03.65Z</time>
		</trkpt>
		<trkpt lat="35.105167" lon="128.455862">
			<ele>0.00</ele>
			<time>2020-01-17T00:30:04.13Z</time>
		</trkpt>
		<trkpt lat="35.105212" lon="128.455805">
			<ele>0.00</ele>
			<time>2020-01-17T00:30:04.56Z</time>
		</trkpt>
		<trkpt lat="35.105253" lon="128.455758">
			<ele>0.00</ele>
			<time>2020-01-17T00:30:04.94Z</time>
		</trkpt>
		<trkpt lat="35.105301" lon="128.455697">
			<ele>0.00</ele>
			<time>2020-01-17T00:30:05.40Z</time>
		</trkpt>
		<trkpt lat="35.105329" lon="128.455657">
			<ele>0.00</ele>
			<time>2020-01-17T00:30:05.68Z</time>
		</trkpt>
		<trkpt lat="35.105368" lon="128.455590">
			<ele>0.00</ele>
			<time>2020-01-17T00:30:06.13Z</time>
		</trkpt>
		<trkpt lat="35.105405" lon="128.455507">
			<ele>0.00</ele>
			<time>2020-01-17T00:30:06.65Z</time>
		</trkpt>
		<trkpt lat="35.105443" lon="128.455409">
			<ele>0.00</ele>
			<time>2020-01-17T00:30:07.24Z</time>
		</trkpt>
		<trkpt lat="35.105482" lon="128.455321">
			<ele>0.00</ele>
			<time>2020-01-17T00:30:07.78Z</time>
		</trkpt>
		<trkpt lat="35.105484" lon="128.455315">
			<ele>0.00</ele>
			<time>2020-01-17T00:30:07.84Z</time>
		</trkpt>
		<trkpt lat="35.105522" lon="128.455243">
			<ele>0.00</ele>
			<time>2020-01-17T00:30:08.31Z</time>
		</trkpt>
		<trkpt lat="35.105598" lon="128.455159">
			<ele>0.00</ele>
			<time>2020-01-17T00:30:08.99Z</time>
		</trkpt>
		<trkpt lat="35.105668" lon="128.455074">
			<ele>0.00</ele>
			<time>2020-01-17T00:30:09.66Z</time>
		</trkpt>
		<trkpt lat="35.105726" lon="128.455016">
			<ele>0.00</ele>
			<time>2020-01-17T00:30:10.15Z</time>
		</trkpt>
		<trkpt lat="35.105791" lon="128.454951">
			<ele>0.00</ele>
			<time>2020-01-17T00:30:10.71Z</time>
		</trkpt>
		<trkpt lat="35.105864" lon="128.454888">
			<ele>0.00</ele>
			<time>2020-01-17T00:30:11.31Z</time>
		</trkpt>
		<trkpt lat="35.105935" lon="128.454805">
			<ele>0.00</ele>
			<time>2020-01-17T00:30:11.96Z</time>
		</trkpt>
		<trkpt lat="35.105994" lon="128.454734">
			<ele>0.00</ele>
			<time>2020-01-17T00:30:12.51Z</time>
		</trkpt>
		<trkpt lat="35.106036" lon="128.454681">
			<ele>0.00</ele>
			<time>2020-01-17T00:30:12.92Z</time>
		</trkpt>
		<trkpt lat="35.106083" lon="128.454618">
			<ele>0.00</ele>
			<time>2020-01-17T00:30:13.38Z</time>
		</trkpt>
		<trkpt lat="35.106120" lon="128.454567">
			<ele>0.00</ele>
			<time>2020-01-17T00:30:13.76Z</time>
		</trkpt>
		<trkpt lat="35.106152" lon="128.454502">
			<ele>0.00</ele>
			<time>2020-01-17T00:30:14.17Z</time>
		</trkpt>
		<trkpt lat="35.106177" lon="128.454401">
			<ele>0.00</ele>
			<time>2020-01-17T00:30:14.74Z</time>
		</trkpt>
		<trkpt lat="35.106201" lon="128.454321">
			<ele>0.00</ele>
			<time>2020-01-17T00:30:15.21Z</time>
		</trkpt>
		<trkpt lat="35.106221" lon="128.454252">
			<ele>0.00</ele>
			<time>2020-01-17T00:30:15.61Z</time>
		</trkpt>
		<trkpt lat="35.106234" lon="128.454181">
			<ele>0.00</ele>
			<time>2020-01-17T00:30:16Z</time>
		</trkpt>
		<trkpt lat="35.106256" lon="128.454083">
			<ele>0.00</ele>
			<time>2020-01-17T00:30:16.56Z</time>
		</trkpt>
		<trkpt lat="35.106256" lon="128.453977">
			<ele>0.00</ele>
			<time>2020-01-17T00:30:17.13Z</time>
		</trkpt>
		<trkpt lat="35.106255" lon="128.453896">
			<ele>0.00</ele>
			<time>2020-01-17T00:30:17.58Z</time>
		</trkpt>
		<trkpt lat="35.106238" lon="128.453807">
			<ele>0.00</ele>
			<time>2020-01-17T00:30:18.08Z</time>
		</trkpt>
		<trkpt lat="35.106224" lon="128.453727">
			<ele>0.00</ele>
			<time>2020-01-17T00:30:18.52Z</time>
		</trkpt>
		<trkpt lat="35.106197" lon="128.453602">
			<ele>0.00</ele>
			<time>2020-01-17T00:30:19.23Z</time>
		</trkpt>
		<trkpt lat="35.106173" lon="128.453512">
			<ele>0.00</ele>
			<time>2020-01-17T00:30:19.74Z</time>
		</trkpt>
		<trkpt lat="35.106138" lon="128.453419">
			<ele>0.00</ele>
			<time>2020-01-17T00:30:20.30Z</time>
		</trkpt>
		<trkpt lat="35.106131" lon="128.453322">
			<ele>0.00</ele>
			<time>2020-01-17T00:30:20.83Z</time>
		</trkpt>
		<trkpt lat="35.106124" lon="128.453238">
			<ele>0.00</ele>
			<time>2020-01-17T00:30:21.30Z</time>
		</trkpt>
		<trkpt lat="35.106114" lon="128.453144">
			<ele>0.00</ele>
			<time>2020-01-17T00:30:21.81Z</time>
		</trkpt>
		<trkpt lat="35.106103" lon="128.453057">
			<ele>0.00</ele>
			<time>2020-01-17T00:30:22.29Z</time>
		</trkpt>
		<trkpt lat="35.106103" lon="128.453051">
			<ele>0.00</ele>
			<time>2020-01-17T00:30:22.35Z</time>
		</trkpt>
		<trkpt lat="35.106105" lon="128.452942">
			<ele>0.00</ele>
			<time>2020-01-17T00:30:22.94Z</time>
		</trkpt>
		<trkpt lat="35.106118" lon="128.452843">
			<ele>0.00</ele>
			<time>2020-01-17T00:30:23.49Z</time>
		</trkpt>
		<trkpt lat="35.106143" lon="128.452754">
			<ele>0.00</ele>
			<time>2020-01-17T00:30:24Z</time>
		</trkpt>
		<trkpt lat="35.106165" lon="128.452649">
			<ele>0.00</ele>
			<time>2020-01-17T00:30:24.59Z</time>
		</trkpt>
		<trkpt lat="35.106187" lon="128.452539">
			<ele>0.00</ele>
			<time>2020-01-17T00:30:25.21Z</time>
		</trkpt>
		<trkpt lat="35.106221" lon="128.452417">
			<ele>0.00</ele>
			<time>2020-01-17T00:30:25.91Z</time>
		</trkpt>
		<trkpt lat="35.106248" lon="128.452317">
			<ele>0.00</ele>
			<time>2020-01-17T00:30:26.49Z</time>
		</trkpt>
		<trkpt lat="35.106288" lon="128.452198">
			<ele>0.00</ele>
			<time>2020-01-17T00:30:27.19Z</time>
		</trkpt>
		<trkpt lat="35.106324" lon="128.452084">
			<ele>0.00</ele>
			<time>2020-01-17T00:30:27.85Z</time>
		</trkpt>
		<trkpt lat="35.106356" lon="128.451968">
			<ele>0.00</ele>
			<time>2020-01-17T00:30:28.52Z</time>
		</trkpt>
		<trkpt lat="35.106400" lon="128.451835">
			<ele>0.00</ele>
			<time>2020-01-17T00:30:29.31Z</time>
		</trkpt>
		<trkpt lat="35.106434" lon="128.451734">
			<ele>0.00</ele>
			<time>2020-01-17T00:30:29.90Z</time>
		</trkpt>
		<trkpt lat="35.106468" lon="128.451618">
			<ele>0.00</ele>
			<time>2020-01-17T00:30:30.58Z</time>
		</trkpt>
		<trkpt lat="35.106501" lon="128.451504">
			<ele>0.00</ele>
			<time>2020-01-17T00:30:31.23Z</time>
		</trkpt>
		<trkpt lat="35.106526" lon="128.451418">
			<ele>0.00</ele>
			<time>2020-01-17T00:30:31.73Z</time>
		</trkpt>
		<trkpt lat="35.106553" lon="128.451329">
			<ele>0.00</ele>
			<time>2020-01-17T00:30:32.25Z</time>
		</trkpt>
		<trkpt lat="35.106588" lon="128.451230">
			<ele>0.00</ele>
			<time>2020-01-17T00:30:32.84Z</time>
		</trkpt>
		<trkpt lat="35.106621" lon="128.451122">
			<ele>0.00</ele>
			<time>2020-01-17T00:30:33.47Z</time>
		</trkpt>
		<trkpt lat="35.106654" lon="128.451011">
			<ele>0.00</ele>
			<time>2020-01-17T00:30:34.11Z</time>
		</trkpt>
		<trkpt lat="35.106677" lon="128.450924">
			<ele>0.00</ele>
			<time>2020-01-17T00:30:34.61Z</time>
		</trkpt>
		<trkpt lat="35.106699" lon="128.450853">
			<ele>0.00</ele>
			<time>2020-01-17T00:30:35.02Z</time>
		</trkpt>
		<trkpt lat="35.106741" lon="128.450778">
			<ele>0.00</ele>
			<time>2020-01-17T00:30:35.52Z</time>
		</trkpt>
		<trkpt lat="35.106830" lon="128.450688">
			<ele>0.00</ele>
			<time>2020-01-17T00:30:36.29Z</time>
		</trkpt>
		<trkpt lat="35.106917" lon="128.450640">
			<ele>0.00</ele>
			<time>2020-01-17T00:30:36.93Z</time>
		</trkpt>
		<trkpt lat="35.106969" lon="128.450616">
			<ele>0.00</ele>
			<time>2020-01-17T00:30:37.30Z</time>
		</trkpt>
		<trkpt lat="35.106992" lon="128.450588">
			<ele>0.00</ele>
			<time>2020-01-17T00:30:37.51Z</time>
		</trkpt>
		<trkpt lat="35.107001" lon="128.450523">
			<ele>0.00</ele>
			<time>2020-01-17T00:30:37.87Z</time>
		</trkpt>
		<trkpt lat="35.106996" lon="128.450418">
			<ele>0.00</ele>
			<time>2020-01-17T00:30:38.45Z</time>
		</trkpt>
		<trkpt lat="35.106980" lon="128.450321">
			<ele>0.00</ele>
			<time>2020-01-17T00:30:38.98Z</time>
		</trkpt>
		<trkpt lat="35.106970" lon="128.450219">
			<ele>0.00</ele>
			<time>2020-01-17T00:30:39.54Z</time>
		</trkpt>
		<trkpt lat="35.106954" lon="128.450116">
			<ele>0.00</ele>
			<time>2020-01-17T00:30:40.12Z</time>
		</trkpt>
		<trkpt lat="35.106947" lon="128.450021">
			<ele>0.00</ele>
			<time>2020-01-17T00:30:40.64Z</time>
		</trkpt>
		<trkpt lat="35.106951" lon="128.449945">
			<ele>0.00</ele>
			<time>2020-01-17T00:30:41.05Z</time>
		</trkpt>
		<trkpt lat="35.106929" lon="128.449794">
			<ele>0.00</ele>
			<time>2020-01-17T00:30:41.88Z</time>
		</trkpt>
		<trkpt lat="35.106932" lon="128.449691">
			<ele>0.00</ele>
			<time>2020-01-17T00:30:42.45Z</time>
		</trkpt>
		<trkpt lat="35.106901" lon="128.449521">
			<ele>0.00</ele>
			<time>2020-01-17T00:30:43.40Z</time>
		</trkpt>
		<trkpt lat="35.106882" lon="128.449426">
			<ele>0.00</ele>
			<time>2020-01-17T00:30:43.93Z</time>
		</trkpt>
		<trkpt lat="35.106895" lon="128.449326">
			<ele>0.00</ele>
			<time>2020-01-17T00:30:44.48Z</time>
		</trkpt>
		<trkpt lat="35.106909" lon="128.449246">
			<ele>0.00</ele>
			<time>2020-01-17T00:30:44.93Z</time>
		</trkpt>
		<trkpt lat="35.106921" lon="128.449129">
			<ele>0.00</ele>
			<time>2020-01-17T00:30:45.57Z</time>
		</trkpt>
		<trkpt lat="35.106949" lon="128.449007">
			<ele>0.00</ele>
			<time>2020-01-17T00:30:46.27Z</time>
		</trkpt>
		<trkpt lat="35.107021" lon="128.448865">
			<ele>0.00</ele>
			<time>2020-01-17T00:30:47.17Z</time>
		</trkpt>
		<trkpt lat="35.107060" lon="128.448785">
			<ele>0.00</ele>
			<time>2020-01-17T00:30:47.68Z</time>
		</trkpt>
		<trkpt lat="35.107119" lon="128.448724">
			<ele>0.00</ele>
			<time>2020-01-17T00:30:48.20Z</time>
		</trkpt>
		<trkpt lat="35.107165" lon="128.448638">
			<ele>0.00</ele>
			<time>2020-01-17T00:30:48.76Z</time>
		</trkpt>
		<trkpt lat="35.107228" lon="128.448542">
			<ele>0.00</ele>
			<time>2020-01-17T00:30:49.43Z</time>
		</trkpt>
		<trkpt lat="35.107254" lon="128.448458">
			<ele>0.00</ele>
			<time>2020-01-17T00:30:49.92Z</time>
		</trkpt>
		<trkpt lat="35.107290" lon="128.448365">
			<ele>0.00</ele>
			<time>2020-01-17T00:30:50.48Z</time>
		</trkpt>
		<trkpt lat="35.107283" lon="128.448296">
			<ele>0.00</ele>
			<time>2020-01-17T00:30:50.86Z</time>
		</trkpt>
		<trkpt lat="35.107310" lon="128.448216">
			<ele>0.00</ele>
			<time>2020-01-17T00:30:51.33Z</time>
		</trkpt>
		<trkpt lat="35.107334" lon="128.448158">
			<ele>0.00</ele>
			<time>2020-01-17T00:30:51.69Z</time>
		</trkpt>
		<extensions>
			<gte:name>#126</gte:name>
			<gte:color>#00b2b2</gte:color>
		</extensions>
	</trkseg>
</trk>
</gpx>